method,seed,checkpoint_update,state_label,resolution,sigma_G,policy,direction,amplitude,sign,train_probe_ce,train_probe_acc,test_probe_ce,test_probe_acc
resolution_max_b1_gaussian_conv,3,1173,before,16,1.0,saved,,0.0,0,0.980883056640625,0.648,1.0572351684570314,0.626
resolution_max_b1_gaussian_conv,3,1173,before,16,1.0,recalibrated,,0.0,0,0.9783525390625,0.644,1.0530419921875,0.621
resolution_max_b1_gaussian_conv,3,1173,before,16,1.0,recalibrated,0,0.025,1,0.9905537109375,0.639,1.0616255187988282,0.605
resolution_max_b1_gaussian_conv,3,1173,before,16,1.0,recalibrated,0,0.025,-1,0.9895800476074219,0.633,1.0626558532714845,0.621
resolution_max_b1_gaussian_conv,3,1173,before,16,1.0,recalibrated,0,0.05,1,1.0293533935546875,0.626,1.0894797973632813,0.599
resolution_max_b1_gaussian_conv,3,1173,before,16,1.0,recalibrated,0,0.05,-1,1.019990264892578,0.627,1.088760986328125,0.612
resolution_max_b1_gaussian_conv,3,1173,before,16,1.0,recalibrated,0,0.1,1,1.1494678955078126,0.6,1.1829046630859374,0.586
resolution_max_b1_gaussian_conv,3,1173,before,16,1.0,recalibrated,0,0.1,-1,1.1322708129882812,0.572,1.2027159423828124,0.58
resolution_max_b1_gaussian_conv,3,1173,before,16,1.0,recalibrated,0,0.2,1,1.4664589233398437,0.492,1.5027579956054689,0.486
resolution_max_b1_gaussian_conv,3,1173,before,16,1.0,recalibrated,0,0.2,-1,1.4467127075195312,0.453,1.5018094482421875,0.473
resolution_max_b1_gaussian_conv,3,1173,before,16,1.0,recalibrated,0,0.25,1,1.6435145263671875,0.45,1.6851528930664061,0.427
resolution_max_b1_gaussian_conv,3,1173,before,16,1.0,recalibrated,0,0.25,-1,1.6048143920898437,0.397,1.638269287109375,0.425
resolution_max_b1_gaussian_conv,3,1173,after,16,0.85,saved,,0.0,0,1.3195908813476562,0.534,1.3624722290039062,0.534
resolution_max_b1_gaussian_conv,3,1173,after,16,0.85,recalibrated,,0.0,0,1.042334228515625,0.637,1.1045864868164061,0.6
resolution_max_b1_gaussian_conv,3,1173,after,16,0.85,recalibrated,0,0.025,1,1.0537078857421875,0.626,1.1113953857421874,0.593
resolution_max_b1_gaussian_conv,3,1173,after,16,0.85,recalibrated,0,0.025,-1,1.0487197875976562,0.627,1.1113724365234374,0.6
resolution_max_b1_gaussian_conv,3,1173,after,16,0.85,recalibrated,0,0.05,1,1.0838614501953125,0.614,1.1366483154296876,0.583
resolution_max_b1_gaussian_conv,3,1173,after,16,0.85,recalibrated,0,0.05,-1,1.0699122314453124,0.622,1.1277454223632812,0.593
resolution_max_b1_gaussian_conv,3,1173,after,16,0.85,recalibrated,0,0.1,1,1.1791512451171875,0.58,1.2145839233398437,0.564
resolution_max_b1_gaussian_conv,3,1173,after,16,0.85,recalibrated,0,0.1,-1,1.150792236328125,0.574,1.20478759765625,0.578
resolution_max_b1_gaussian_conv,3,1173,after,16,0.85,recalibrated,0,0.2,1,1.4210216064453125,0.492,1.4417669677734375,0.474
resolution_max_b1_gaussian_conv,3,1173,after,16,0.85,recalibrated,0,0.2,-1,1.3968020629882814,0.474,1.4459585571289062,0.477
resolution_max_b1_gaussian_conv,3,1173,after,16,0.85,recalibrated,0,0.25,1,1.5598025512695313,0.452,1.5765778198242189,0.442
resolution_max_b1_gaussian_conv,3,1173,after,16,0.85,recalibrated,0,0.25,-1,1.5288229370117188,0.416,1.5707972412109374,0.426
resolution_max_b1_gaussian_conv,3,1173,final,32,0.0,saved,,0.0,0,4.1914599609375,0.184,4.162722412109375,0.178
resolution_max_b1_gaussian_conv,3,1173,final,32,0.0,recalibrated,,0.0,0,1.7477396850585938,0.363,1.760478271484375,0.341
resolution_max_b1_gaussian_conv,3,1173,final,32,0.0,recalibrated,0,0.025,1,1.7486495971679688,0.362,1.7624697875976563,0.345
resolution_max_b1_gaussian_conv,3,1173,final,32,0.0,recalibrated,0,0.025,-1,1.753986083984375,0.358,1.7673577270507812,0.338
resolution_max_b1_gaussian_conv,3,1173,final,32,0.0,recalibrated,0,0.05,1,1.7594346313476563,0.355,1.7737567138671875,0.334
resolution_max_b1_gaussian_conv,3,1173,final,32,0.0,recalibrated,0,0.05,-1,1.7682202758789063,0.354,1.7785341796875,0.33
resolution_max_b1_gaussian_conv,3,1173,final,32,0.0,recalibrated,0,0.1,1,1.8013050537109374,0.353,1.8104481201171876,0.324
resolution_max_b1_gaussian_conv,3,1173,final,32,0.0,recalibrated,0,0.1,-1,1.813061279296875,0.342,1.8188442993164062,0.329
resolution_max_b1_gaussian_conv,3,1173,final,32,0.0,recalibrated,0,0.2,1,1.9197840576171874,0.283,1.915666748046875,0.28
resolution_max_b1_gaussian_conv,3,1173,final,32,0.0,recalibrated,0,0.2,-1,1.9404739990234374,0.251,1.9356683959960939,0.252
resolution_max_b1_gaussian_conv,3,1173,final,32,0.0,recalibrated,0,0.25,1,1.9865654907226562,0.267,1.97523193359375,0.267
resolution_max_b1_gaussian_conv,3,1173,final,32,0.0,recalibrated,0,0.25,-1,2.0056143188476563,0.227,1.9939366455078125,0.237
resolution_max_b1_gaussian_conv,3,1173,before,16,1.0,recalibrated,1,0.025,1,0.9922337951660156,0.635,1.0612045288085938,0.61
resolution_max_b1_gaussian_conv,3,1173,before,16,1.0,recalibrated,1,0.025,-1,0.9751388244628906,0.65,1.0559705810546876,0.617
resolution_max_b1_gaussian_conv,3,1173,before,16,1.0,recalibrated,1,0.05,1,1.0186536865234375,0.621,1.083201416015625,0.601
resolution_max_b1_gaussian_conv,3,1173,before,16,1.0,recalibrated,1,0.05,-1,0.9845359497070313,0.654,1.0668373107910156,0.604
resolution_max_b1_gaussian_conv,3,1173,before,16,1.0,recalibrated,1,0.1,1,1.11162548828125,0.593,1.1705179443359375,0.563
resolution_max_b1_gaussian_conv,3,1173,before,16,1.0,recalibrated,1,0.1,-1,1.0377550048828126,0.631,1.108315673828125,0.589
resolution_max_b1_gaussian_conv,3,1173,before,16,1.0,recalibrated,1,0.2,1,1.3970387573242187,0.501,1.4356719970703125,0.47
resolution_max_b1_gaussian_conv,3,1173,before,16,1.0,recalibrated,1,0.2,-1,1.2297963256835938,0.567,1.261069580078125,0.532
resolution_max_b1_gaussian_conv,3,1173,before,16,1.0,recalibrated,1,0.25,1,1.5535532836914063,0.441,1.576771484375,0.426
resolution_max_b1_gaussian_conv,3,1173,before,16,1.0,recalibrated,1,0.25,-1,1.3474965209960938,0.526,1.365295166015625,0.507
resolution_max_b1_gaussian_conv,3,1173,after,16,0.85,recalibrated,1,0.025,1,1.0490125122070313,0.626,1.11117822265625,0.592
resolution_max_b1_gaussian_conv,3,1173,after,16,0.85,recalibrated,1,0.025,-1,1.044965576171875,0.636,1.1065960693359376,0.597
resolution_max_b1_gaussian_conv,3,1173,after,16,0.85,recalibrated,1,0.05,1,1.0652479248046876,0.613,1.1292030029296876,0.588
resolution_max_b1_gaussian_conv,3,1173,after,16,0.85,recalibrated,1,0.05,-1,1.0566821899414063,0.625,1.1178414916992188,0.592
resolution_max_b1_gaussian_conv,3,1173,after,16,0.85,recalibrated,1,0.1,1,1.1344318237304687,0.593,1.1988599853515625,0.563
resolution_max_b1_gaussian_conv,3,1173,after,16,0.85,recalibrated,1,0.1,-1,1.103815185546875,0.598,1.1590639038085937,0.578
resolution_max_b1_gaussian_conv,3,1173,after,16,0.85,recalibrated,1,0.2,1,1.36809521484375,0.492,1.4289326782226563,0.48
resolution_max_b1_gaussian_conv,3,1173,after,16,0.85,recalibrated,1,0.2,-1,1.2717074584960937,0.556,1.2925452880859376,0.534
resolution_max_b1_gaussian_conv,3,1173,after,16,0.85,recalibrated,1,0.25,1,1.5038103637695313,0.449,1.558044677734375,0.414
resolution_max_b1_gaussian_conv,3,1173,after,16,0.85,recalibrated,1,0.25,-1,1.3751705932617186,0.521,1.3807799682617188,0.501
resolution_max_b1_gaussian_conv,3,1173,final,32,0.0,recalibrated,1,0.025,1,1.7541127319335938,0.363,1.7663101806640624,0.34
resolution_max_b1_gaussian_conv,3,1173,final,32,0.0,recalibrated,1,0.025,-1,1.747851318359375,0.36,1.7610971069335937,0.343
resolution_max_b1_gaussian_conv,3,1173,final,32,0.0,recalibrated,1,0.05,1,1.76782177734375,0.357,1.7799904174804688,0.321
resolution_max_b1_gaussian_conv,3,1173,final,32,0.0,recalibrated,1,0.05,-1,1.7541939086914062,0.358,1.7663116455078125,0.336
resolution_max_b1_gaussian_conv,3,1173,final,32,0.0,recalibrated,1,0.1,1,1.8182738647460936,0.329,1.831544921875,0.288
resolution_max_b1_gaussian_conv,3,1173,final,32,0.0,recalibrated,1,0.1,-1,1.7830662841796876,0.343,1.7902958374023437,0.328
resolution_max_b1_gaussian_conv,3,1173,final,32,0.0,recalibrated,1,0.2,1,1.9656401977539062,0.212,1.989515625,0.218
resolution_max_b1_gaussian_conv,3,1173,final,32,0.0,recalibrated,1,0.2,-1,1.8782490844726563,0.313,1.87283837890625,0.289
resolution_max_b1_gaussian_conv,3,1173,final,32,0.0,recalibrated,1,0.25,1,2.042556579589844,0.175,2.067820556640625,0.176
resolution_max_b1_gaussian_conv,3,1173,final,32,0.0,recalibrated,1,0.25,-1,1.9356648559570313,0.284,1.9250079956054686,0.273
resolution_max_b1_gaussian_conv,3,1173,before,16,1.0,recalibrated,2,0.025,1,0.9858243408203125,0.652,1.0675872192382811,0.601
resolution_max_b1_gaussian_conv,3,1173,before,16,1.0,recalibrated,2,0.025,-1,0.979286376953125,0.643,1.0486096496582031,0.621
resolution_max_b1_gaussian_conv,3,1173,before,16,1.0,recalibrated,2,0.05,1,1.0014244079589845,0.645,1.090586181640625,0.595
resolution_max_b1_gaussian_conv,3,1173,before,16,1.0,recalibrated,2,0.05,-1,0.9886627807617188,0.643,1.0531841125488282,0.616
resolution_max_b1_gaussian_conv,3,1173,before,16,1.0,recalibrated,2,0.1,1,1.0602449951171875,0.612,1.164353271484375,0.574
resolution_max_b1_gaussian_conv,3,1173,before,16,1.0,recalibrated,2,0.1,-1,1.03466357421875,0.619,1.0961202392578124,0.602
resolution_max_b1_gaussian_conv,3,1173,before,16,1.0,recalibrated,2,0.2,1,1.2870401611328126,0.55,1.4003516845703126,0.508
resolution_max_b1_gaussian_conv,3,1173,before,16,1.0,recalibrated,2,0.2,-1,1.218093505859375,0.556,1.2646409912109375,0.544
resolution_max_b1_gaussian_conv,3,1173,before,16,1.0,recalibrated,2,0.25,1,1.4520430908203126,0.485,1.5468685302734375,0.462
resolution_max_b1_gaussian_conv,3,1173,before,16,1.0,recalibrated,2,0.25,-1,1.3369285888671876,0.503,1.3791886596679688,0.511
resolution_max_b1_gaussian_conv,3,1173,after,16,0.85,recalibrated,2,0.025,1,1.050078125,0.63,1.1115505981445313,0.604
resolution_max_b1_gaussian_conv,3,1173,after,16,0.85,recalibrated,2,0.025,-1,1.04177392578125,0.633,1.1037637939453124,0.593
resolution_max_b1_gaussian_conv,3,1173,after,16,0.85,recalibrated,2,0.05,1,1.0655407104492187,0.626,1.1280421142578125,0.594
resolution_max_b1_gaussian_conv,3,1173,after,16,0.85,recalibrated,2,0.05,-1,1.0510444946289061,0.625,1.111895751953125,0.59
resolution_max_b1_gaussian_conv,3,1173,after,16,0.85,recalibrated,2,0.1,1,1.1170009155273437,0.594,1.1809473876953125,0.578
resolution_max_b1_gaussian_conv,3,1173,after,16,0.85,recalibrated,2,0.1,-1,1.0913754272460938,0.602,1.151020263671875,0.569
resolution_max_b1_gaussian_conv,3,1173,after,16,0.85,recalibrated,2,0.2,1,1.3015368041992188,0.531,1.368135009765625,0.52
resolution_max_b1_gaussian_conv,3,1173,after,16,0.85,recalibrated,2,0.2,-1,1.2340582885742188,0.555,1.28999658203125,0.538
resolution_max_b1_gaussian_conv,3,1173,after,16,0.85,recalibrated,2,0.25,1,1.4328871459960937,0.486,1.49229296875,0.47
resolution_max_b1_gaussian_conv,3,1173,after,16,0.85,recalibrated,2,0.25,-1,1.3263914794921876,0.504,1.37750732421875,0.496
resolution_max_b1_gaussian_conv,3,1173,final,32,0.0,recalibrated,2,0.025,1,1.7527232666015624,0.355,1.767416259765625,0.344
resolution_max_b1_gaussian_conv,3,1173,final,32,0.0,recalibrated,2,0.025,-1,1.7473895874023437,0.366,1.75800390625,0.333
resolution_max_b1_gaussian_conv,3,1173,final,32,0.0,recalibrated,2,0.05,1,1.7625205078125,0.356,1.7775499267578125,0.344
resolution_max_b1_gaussian_conv,3,1173,final,32,0.0,recalibrated,2,0.05,-1,1.7519549560546874,0.37,1.7607169189453125,0.336
resolution_max_b1_gaussian_conv,3,1173,final,32,0.0,recalibrated,2,0.1,1,1.7962468872070312,0.341,1.8121221923828126,0.333
resolution_max_b1_gaussian_conv,3,1173,final,32,0.0,recalibrated,2,0.1,-1,1.774634765625,0.361,1.781735595703125,0.341
resolution_max_b1_gaussian_conv,3,1173,final,32,0.0,recalibrated,2,0.2,1,1.9041144409179687,0.308,1.9238135986328124,0.294
resolution_max_b1_gaussian_conv,3,1173,final,32,0.0,recalibrated,2,0.2,-1,1.8581000366210938,0.289,1.8693280029296875,0.293
resolution_max_b1_gaussian_conv,3,1173,final,32,0.0,recalibrated,2,0.25,1,1.96997021484375,0.298,1.9872390747070312,0.28
resolution_max_b1_gaussian_conv,3,1173,final,32,0.0,recalibrated,2,0.25,-1,1.9120473022460938,0.265,1.9212968139648436,0.269
resolution_max_b1_gaussian_conv,3,1173,before,16,1.0,recalibrated,3,0.025,1,0.9939942016601563,0.642,1.0600218811035156,0.604
resolution_max_b1_gaussian_conv,3,1173,before,16,1.0,recalibrated,3,0.025,-1,0.9804161987304687,0.646,1.062688720703125,0.611
resolution_max_b1_gaussian_conv,3,1173,before,16,1.0,recalibrated,3,0.05,1,1.0331944580078125,0.629,1.0831774291992187,0.597
resolution_max_b1_gaussian_conv,3,1173,before,16,1.0,recalibrated,3,0.05,-1,1.00199658203125,0.64,1.0894481811523438,0.61
resolution_max_b1_gaussian_conv,3,1173,before,16,1.0,recalibrated,3,0.1,1,1.138281005859375,0.599,1.1573526000976562,0.579
resolution_max_b1_gaussian_conv,3,1173,before,16,1.0,recalibrated,3,0.1,-1,1.0933930053710939,0.591,1.1992826538085937,0.562
resolution_max_b1_gaussian_conv,3,1173,before,16,1.0,recalibrated,3,0.2,1,1.3673340454101564,0.509,1.3470198364257813,0.516
resolution_max_b1_gaussian_conv,3,1173,before,16,1.0,recalibrated,3,0.2,-1,1.3646553955078125,0.496,1.512104248046875,0.459
resolution_max_b1_gaussian_conv,3,1173,before,16,1.0,recalibrated,3,0.25,1,1.4758961181640624,0.481,1.45280908203125,0.483
resolution_max_b1_gaussian_conv,3,1173,before,16,1.0,recalibrated,3,0.25,-1,1.5145748901367186,0.45,1.67472265625,0.4
resolution_max_b1_gaussian_conv,3,1173,after,16,0.85,recalibrated,3,0.025,1,1.0586072998046876,0.631,1.1125479125976563,0.598
resolution_max_b1_gaussian_conv,3,1173,after,16,0.85,recalibrated,3,0.025,-1,1.0412088623046876,0.634,1.1100244750976562,0.6
resolution_max_b1_gaussian_conv,3,1173,after,16,0.85,recalibrated,3,0.05,1,1.0889986572265624,0.603,1.133838623046875,0.578
resolution_max_b1_gaussian_conv,3,1173,after,16,0.85,recalibrated,3,0.05,-1,1.0551820068359374,0.626,1.128591064453125,0.595
resolution_max_b1_gaussian_conv,3,1173,after,16,0.85,recalibrated,3,0.1,1,1.1712366943359376,0.584,1.194106689453125,0.557
resolution_max_b1_gaussian_conv,3,1173,after,16,0.85,recalibrated,3,0.1,-1,1.1187914428710937,0.601,1.2061500854492186,0.571
resolution_max_b1_gaussian_conv,3,1173,after,16,0.85,recalibrated,3,0.2,1,1.3595711669921875,0.502,1.3574456787109375,0.493
resolution_max_b1_gaussian_conv,3,1173,after,16,0.85,recalibrated,3,0.2,-1,1.3155997314453125,0.517,1.4366923217773437,0.475
resolution_max_b1_gaussian_conv,3,1173,after,16,0.85,recalibrated,3,0.25,1,1.4560814208984374,0.471,1.4512529296875,0.459
resolution_max_b1_gaussian_conv,3,1173,after,16,0.85,recalibrated,3,0.25,-1,1.4363489990234375,0.469,1.5626309204101563,0.429
resolution_max_b1_gaussian_conv,3,1173,final,32,0.0,recalibrated,3,0.025,1,1.7516965942382812,0.355,1.7632142333984375,0.342
resolution_max_b1_gaussian_conv,3,1173,final,32,0.0,recalibrated,3,0.025,-1,1.7515908203125,0.362,1.7648911743164062,0.34
resolution_max_b1_gaussian_conv,3,1173,final,32,0.0,recalibrated,3,0.05,1,1.7646424560546874,0.349,1.7726303100585938,0.337
resolution_max_b1_gaussian_conv,3,1173,final,32,0.0,recalibrated,3,0.05,-1,1.7634757080078125,0.354,1.7794552001953126,0.34
resolution_max_b1_gaussian_conv,3,1173,final,32,0.0,recalibrated,3,0.1,1,1.8023649291992188,0.324,1.8031121826171874,0.331
resolution_max_b1_gaussian_conv,3,1173,final,32,0.0,recalibrated,3,0.1,-1,1.8049863891601563,0.343,1.8270325927734374,0.315
resolution_max_b1_gaussian_conv,3,1173,final,32,0.0,recalibrated,3,0.2,1,1.8892410888671876,0.288,1.8839169311523438,0.288
resolution_max_b1_gaussian_conv,3,1173,final,32,0.0,recalibrated,3,0.2,-1,1.8977039794921875,0.297,1.932963623046875,0.254
resolution_max_b1_gaussian_conv,3,1173,final,32,0.0,recalibrated,3,0.25,1,1.9339710693359375,0.272,1.929329345703125,0.27
resolution_max_b1_gaussian_conv,3,1173,final,32,0.0,recalibrated,3,0.25,-1,1.9523330078125,0.257,1.9971065063476563,0.226
resolution_max_b1_gaussian_conv,3,1173,before,16,1.0,recalibrated,4,0.025,1,0.9814898681640625,0.643,1.0533468627929687,0.619
resolution_max_b1_gaussian_conv,3,1173,before,16,1.0,recalibrated,4,0.025,-1,0.9857418212890625,0.65,1.0596500549316406,0.619
resolution_max_b1_gaussian_conv,3,1173,before,16,1.0,recalibrated,4,0.05,1,0.9962794189453125,0.635,1.060748291015625,0.613
resolution_max_b1_gaussian_conv,3,1173,before,16,1.0,recalibrated,4,0.05,-1,1.0002905883789062,0.649,1.0728497924804687,0.606
resolution_max_b1_gaussian_conv,3,1173,before,16,1.0,recalibrated,4,0.1,1,1.0591145629882812,0.623,1.1027605590820313,0.612
resolution_max_b1_gaussian_conv,3,1173,before,16,1.0,recalibrated,4,0.1,-1,1.0510114135742188,0.635,1.115549072265625,0.579
resolution_max_b1_gaussian_conv,3,1173,before,16,1.0,recalibrated,4,0.2,1,1.3334151611328124,0.522,1.333174560546875,0.521
resolution_max_b1_gaussian_conv,3,1173,before,16,1.0,recalibrated,4,0.2,-1,1.2438292236328126,0.554,1.2839113159179687,0.539
resolution_max_b1_gaussian_conv,3,1173,before,16,1.0,recalibrated,4,0.25,1,1.50535107421875,0.465,1.4964891357421874,0.463
resolution_max_b1_gaussian_conv,3,1173,before,16,1.0,recalibrated,4,0.25,-1,1.3895030517578124,0.501,1.4154418334960936,0.495
resolution_max_b1_gaussian_conv,3,1173,after,16,0.85,recalibrated,4,0.025,1,1.0476953735351562,0.625,1.1044509887695313,0.608
resolution_max_b1_gaussian_conv,3,1173,after,16,0.85,recalibrated,4,0.025,-1,1.0467246704101563,0.626,1.111560302734375,0.595
resolution_max_b1_gaussian_conv,3,1173,after,16,0.85,recalibrated,4,0.05,1,1.0620828247070313,0.613,1.1125299682617187,0.602
resolution_max_b1_gaussian_conv,3,1173,after,16,0.85,recalibrated,4,0.05,-1,1.0577666625976563,0.617,1.12385302734375,0.591
resolution_max_b1_gaussian_conv,3,1173,after,16,0.85,recalibrated,4,0.1,1,1.1161724853515624,0.599,1.1563323974609374,0.593
resolution_max_b1_gaussian_conv,3,1173,after,16,0.85,recalibrated,4,0.1,-1,1.0978139038085937,0.619,1.1656717529296876,0.571
resolution_max_b1_gaussian_conv,3,1173,after,16,0.85,recalibrated,4,0.2,1,1.3417120971679688,0.514,1.3552141723632813,0.515
resolution_max_b1_gaussian_conv,3,1173,after,16,0.85,recalibrated,4,0.2,-1,1.2484887084960938,0.553,1.3116336669921875,0.509
resolution_max_b1_gaussian_conv,3,1173,after,16,0.85,recalibrated,4,0.25,1,1.49329931640625,0.452,1.5008902587890625,0.458
resolution_max_b1_gaussian_conv,3,1173,after,16,0.85,recalibrated,4,0.25,-1,1.3640880737304688,0.496,1.4178231201171876,0.466
resolution_max_b1_gaussian_conv,3,1173,final,32,0.0,recalibrated,4,0.025,1,1.7559503173828126,0.359,1.77097802734375,0.338
resolution_max_b1_gaussian_conv,3,1173,final,32,0.0,recalibrated,4,0.025,-1,1.7448765869140626,0.369,1.7552940063476563,0.346
resolution_max_b1_gaussian_conv,3,1173,final,32,0.0,recalibrated,4,0.05,1,1.7706288452148438,0.356,1.7861887817382813,0.332
resolution_max_b1_gaussian_conv,3,1173,final,32,0.0,recalibrated,4,0.05,-1,1.7471029052734375,0.365,1.7546580810546875,0.345
resolution_max_b1_gaussian_conv,3,1173,final,32,0.0,recalibrated,4,0.1,1,1.819612548828125,0.332,1.8336002807617187,0.329
resolution_max_b1_gaussian_conv,3,1173,final,32,0.0,recalibrated,4,0.1,-1,1.7631035766601562,0.348,1.7638954467773438,0.341
resolution_max_b1_gaussian_conv,3,1173,final,32,0.0,recalibrated,4,0.2,1,1.981970703125,0.255,1.9885951538085938,0.253
resolution_max_b1_gaussian_conv,3,1173,final,32,0.0,recalibrated,4,0.2,-1,1.826705322265625,0.327,1.8179925537109376,0.327
resolution_max_b1_gaussian_conv,3,1173,final,32,0.0,recalibrated,4,0.25,1,2.071577880859375,0.244,2.0745126953125,0.23
resolution_max_b1_gaussian_conv,3,1173,final,32,0.0,recalibrated,4,0.25,-1,1.8714907836914063,0.293,1.8628748779296875,0.309
resolution_max_b1_gaussian_conv,3,1173,before,16,1.0,recalibrated,5,0.025,1,0.9883648376464844,0.644,1.0607003784179687,0.615
resolution_max_b1_gaussian_conv,3,1173,before,16,1.0,recalibrated,5,0.025,-1,0.9779379272460937,0.649,1.0515288696289062,0.617
resolution_max_b1_gaussian_conv,3,1173,before,16,1.0,recalibrated,5,0.05,1,1.0075323486328125,0.636,1.0753515625,0.602
resolution_max_b1_gaussian_conv,3,1173,before,16,1.0,recalibrated,5,0.05,-1,0.9890408935546875,0.639,1.0570208435058595,0.615
resolution_max_b1_gaussian_conv,3,1173,before,16,1.0,recalibrated,5,0.1,1,1.074223388671875,0.617,1.1305260009765625,0.59
resolution_max_b1_gaussian_conv,3,1173,before,16,1.0,recalibrated,5,0.1,-1,1.0419075317382813,0.619,1.0949735107421874,0.601
resolution_max_b1_gaussian_conv,3,1173,before,16,1.0,recalibrated,5,0.2,1,1.2962977294921876,0.523,1.3256851806640626,0.517
resolution_max_b1_gaussian_conv,3,1173,before,16,1.0,recalibrated,5,0.2,-1,1.2253642578125,0.562,1.2539002075195314,0.539
resolution_max_b1_gaussian_conv,3,1173,before,16,1.0,recalibrated,5,0.25,1,1.4337730712890624,0.477,1.4586414794921876,0.478
resolution_max_b1_gaussian_conv,3,1173,before,16,1.0,recalibrated,5,0.25,-1,1.3527691650390625,0.528,1.3675757446289063,0.509
resolution_max_b1_gaussian_conv,3,1173,after,16,0.85,recalibrated,5,0.025,1,1.04736181640625,0.631,1.1081986083984374,0.602
resolution_max_b1_gaussian_conv,3,1173,after,16,0.85,recalibrated,5,0.025,-1,1.0448192138671875,0.63,1.1053563842773437,0.599
resolution_max_b1_gaussian_conv,3,1173,after,16,0.85,recalibrated,5,0.05,1,1.0597779541015624,0.623,1.1172946166992188,0.59
resolution_max_b1_gaussian_conv,3,1173,after,16,0.85,recalibrated,5,0.05,-1,1.0553809814453126,0.624,1.1129244384765624,0.592
resolution_max_b1_gaussian_conv,3,1173,after,16,0.85,recalibrated,5,0.1,1,1.1036390991210938,0.598,1.1529846801757813,0.586
resolution_max_b1_gaussian_conv,3,1173,after,16,0.85,recalibrated,5,0.1,-1,1.0977088012695313,0.623,1.1498574829101562,0.577
resolution_max_b1_gaussian_conv,3,1173,after,16,0.85,recalibrated,5,0.2,1,1.2653238525390624,0.542,1.2853447875976562,0.537
resolution_max_b1_gaussian_conv,3,1173,after,16,0.85,recalibrated,5,0.2,-1,1.2463077392578126,0.557,1.2807333374023437,0.528
resolution_max_b1_gaussian_conv,3,1173,after,16,0.85,recalibrated,5,0.25,1,1.370901611328125,0.511,1.3827091674804688,0.51
resolution_max_b1_gaussian_conv,3,1173,after,16,0.85,recalibrated,5,0.25,-1,1.3460318603515624,0.525,1.3711785278320312,0.492
resolution_max_b1_gaussian_conv,3,1173,final,32,0.0,recalibrated,5,0.025,1,1.7523815307617188,0.355,1.76141015625,0.346
resolution_max_b1_gaussian_conv,3,1173,final,32,0.0,recalibrated,5,0.025,-1,1.74672314453125,0.368,1.762707763671875,0.342
resolution_max_b1_gaussian_conv,3,1173,final,32,0.0,recalibrated,5,0.05,1,1.7601178588867188,0.355,1.7671583862304687,0.335
resolution_max_b1_gaussian_conv,3,1173,final,32,0.0,recalibrated,5,0.05,-1,1.7499749755859375,0.365,1.768176513671875,0.335
resolution_max_b1_gaussian_conv,3,1173,final,32,0.0,recalibrated,5,0.1,1,1.7839366455078125,0.354,1.786044677734375,0.339
resolution_max_b1_gaussian_conv,3,1173,final,32,0.0,recalibrated,5,0.1,-1,1.7702421875,0.364,1.7893717041015624,0.33
resolution_max_b1_gaussian_conv,3,1173,final,32,0.0,recalibrated,5,0.2,1,1.8548788452148437,0.318,1.8515615844726563,0.313
resolution_max_b1_gaussian_conv,3,1173,final,32,0.0,recalibrated,5,0.2,-1,1.8522427978515625,0.325,1.86742724609375,0.297
resolution_max_b1_gaussian_conv,3,1173,final,32,0.0,recalibrated,5,0.25,1,1.8997014770507812,0.293,1.8955039672851564,0.303
resolution_max_b1_gaussian_conv,3,1173,final,32,0.0,recalibrated,5,0.25,-1,1.9066580810546876,0.289,1.9153561401367187,0.265
resolution_max_b1_gaussian_conv,3,1173,before,16,1.0,recalibrated,6,0.025,1,0.9789957275390625,0.645,1.0551621704101561,0.611
resolution_max_b1_gaussian_conv,3,1173,before,16,1.0,recalibrated,6,0.025,-1,0.9842110900878906,0.647,1.0578404541015625,0.621
resolution_max_b1_gaussian_conv,3,1173,before,16,1.0,recalibrated,6,0.05,1,0.9868446655273437,0.649,1.0641439208984376,0.597
resolution_max_b1_gaussian_conv,3,1173,before,16,1.0,recalibrated,6,0.05,-1,0.9968516235351562,0.633,1.0672315368652343,0.611
resolution_max_b1_gaussian_conv,3,1173,before,16,1.0,recalibrated,6,0.1,1,1.0315924682617188,0.628,1.1039841918945312,0.599
resolution_max_b1_gaussian_conv,3,1173,before,16,1.0,recalibrated,6,0.1,-1,1.042650634765625,0.612,1.0996029663085938,0.601
resolution_max_b1_gaussian_conv,3,1173,before,16,1.0,recalibrated,6,0.2,1,1.255144775390625,0.543,1.3093214721679687,0.526
resolution_max_b1_gaussian_conv,3,1173,before,16,1.0,recalibrated,6,0.2,-1,1.19362451171875,0.576,1.2232474365234376,0.551
resolution_max_b1_gaussian_conv,3,1173,before,16,1.0,recalibrated,6,0.25,1,1.4174947509765625,0.497,1.4645341186523437,0.462
resolution_max_b1_gaussian_conv,3,1173,before,16,1.0,recalibrated,6,0.25,-1,1.2902844848632813,0.544,1.3130927124023437,0.523
resolution_max_b1_gaussian_conv,3,1173,after,16,0.85,recalibrated,6,0.025,1,1.0451416625976562,0.633,1.106055908203125,0.603
resolution_max_b1_gaussian_conv,3,1173,after,16,0.85,recalibrated,6,0.025,-1,1.046068359375,0.64,1.107109375,0.595
resolution_max_b1_gaussian_conv,3,1173,after,16,0.85,recalibrated,6,0.05,1,1.0546396484375,0.618,1.1127130737304687,0.599
resolution_max_b1_gaussian_conv,3,1173,after,16,0.85,recalibrated,6,0.05,-1,1.0560744018554689,0.625,1.114879150390625,0.587
resolution_max_b1_gaussian_conv,3,1173,after,16,0.85,recalibrated,6,0.1,1,1.0946417236328125,0.606,1.14280908203125,0.584
resolution_max_b1_gaussian_conv,3,1173,after,16,0.85,recalibrated,6,0.1,-1,1.0902640380859374,0.604,1.143896728515625,0.58
resolution_max_b1_gaussian_conv,3,1173,after,16,0.85,recalibrated,6,0.2,1,1.261399169921875,0.548,1.29273291015625,0.523
resolution_max_b1_gaussian_conv,3,1173,after,16,0.85,recalibrated,6,0.2,-1,1.2119238891601563,0.573,1.2447229614257813,0.543
resolution_max_b1_gaussian_conv,3,1173,after,16,0.85,recalibrated,6,0.25,1,1.37809326171875,0.51,1.4084798583984375,0.478
resolution_max_b1_gaussian_conv,3,1173,after,16,0.85,recalibrated,6,0.25,-1,1.2943734130859375,0.547,1.3181483154296876,0.512
resolution_max_b1_gaussian_conv,3,1173,final,32,0.0,recalibrated,6,0.025,1,1.7499051513671875,0.363,1.7629151000976562,0.343
resolution_max_b1_gaussian_conv,3,1173,final,32,0.0,recalibrated,6,0.025,-1,1.7499126586914062,0.365,1.7614915771484374,0.34
resolution_max_b1_gaussian_conv,3,1173,final,32,0.0,recalibrated,6,0.05,1,1.7571217041015625,0.36,1.769808349609375,0.344
resolution_max_b1_gaussian_conv,3,1173,final,32,0.0,recalibrated,6,0.05,-1,1.755126708984375,0.356,1.7660187377929688,0.33
resolution_max_b1_gaussian_conv,3,1173,final,32,0.0,recalibrated,6,0.1,1,1.784070556640625,0.36,1.801421875,0.346
resolution_max_b1_gaussian_conv,3,1173,final,32,0.0,recalibrated,6,0.1,-1,1.7756171264648437,0.347,1.7834254150390625,0.319
resolution_max_b1_gaussian_conv,3,1173,final,32,0.0,recalibrated,6,0.2,1,1.8850504760742188,0.313,1.9114589233398438,0.3
resolution_max_b1_gaussian_conv,3,1173,final,32,0.0,recalibrated,6,0.2,-1,1.8485220336914063,0.31,1.8467327880859374,0.309
resolution_max_b1_gaussian_conv,3,1173,final,32,0.0,recalibrated,6,0.25,1,1.9546758422851562,0.271,1.981603759765625,0.26
resolution_max_b1_gaussian_conv,3,1173,final,32,0.0,recalibrated,6,0.25,-1,1.8938632202148438,0.3,1.8872675170898439,0.289
resolution_max_b1_gaussian_conv,3,1173,before,16,1.0,recalibrated,7,0.025,1,0.9913128051757812,0.636,1.063734375,0.616
resolution_max_b1_gaussian_conv,3,1173,before,16,1.0,recalibrated,7,0.025,-1,0.9766062316894532,0.65,1.0529952087402343,0.619
resolution_max_b1_gaussian_conv,3,1173,before,16,1.0,recalibrated,7,0.05,1,1.0142000122070312,0.634,1.084567901611328,0.606
resolution_max_b1_gaussian_conv,3,1173,before,16,1.0,recalibrated,7,0.05,-1,0.9874593200683593,0.644,1.0624263305664063,0.609
resolution_max_b1_gaussian_conv,3,1173,before,16,1.0,recalibrated,7,0.1,1,1.097636474609375,0.605,1.1618717651367187,0.577
resolution_max_b1_gaussian_conv,3,1173,before,16,1.0,recalibrated,7,0.1,-1,1.044885498046875,0.623,1.1050087890625,0.597
resolution_max_b1_gaussian_conv,3,1173,before,16,1.0,recalibrated,7,0.2,1,1.397225341796875,0.49,1.4457523193359374,0.499
resolution_max_b1_gaussian_conv,3,1173,before,16,1.0,recalibrated,7,0.2,-1,1.258581787109375,0.555,1.2729912109375,0.542
resolution_max_b1_gaussian_conv,3,1173,before,16,1.0,recalibrated,7,0.25,1,1.5653805541992187,0.442,1.5984673461914063,0.431
resolution_max_b1_gaussian_conv,3,1173,before,16,1.0,recalibrated,7,0.25,-1,1.3794268798828124,0.513,1.374414794921875,0.52
resolution_max_b1_gaussian_conv,3,1173,after,16,0.85,recalibrated,7,0.025,1,1.0516162109375,0.628,1.112345947265625,0.596
resolution_max_b1_gaussian_conv,3,1173,after,16,0.85,recalibrated,7,0.025,-1,1.0437455444335937,0.631,1.1051263427734375,0.601
resolution_max_b1_gaussian_conv,3,1173,after,16,0.85,recalibrated,7,0.05,1,1.0687391967773439,0.615,1.1301898803710937,0.589
resolution_max_b1_gaussian_conv,3,1173,after,16,0.85,recalibrated,7,0.05,-1,1.0538134765625,0.616,1.1133651123046875,0.599
resolution_max_b1_gaussian_conv,3,1173,after,16,0.85,recalibrated,7,0.1,1,1.1347411499023436,0.583,1.19210009765625,0.569
resolution_max_b1_gaussian_conv,3,1173,after,16,0.85,recalibrated,7,0.1,-1,1.0984397583007812,0.606,1.1507268676757811,0.587
resolution_max_b1_gaussian_conv,3,1173,after,16,0.85,recalibrated,7,0.2,1,1.3693068237304689,0.496,1.4180462036132813,0.482
resolution_max_b1_gaussian_conv,3,1173,after,16,0.85,recalibrated,7,0.2,-1,1.260529296875,0.538,1.288055908203125,0.534
resolution_max_b1_gaussian_conv,3,1173,after,16,0.85,recalibrated,7,0.25,1,1.5110462646484375,0.444,1.5503882446289063,0.423
resolution_max_b1_gaussian_conv,3,1173,after,16,0.85,recalibrated,7,0.25,-1,1.358177490234375,0.499,1.37251416015625,0.504
resolution_max_b1_gaussian_conv,3,1173,final,32,0.0,recalibrated,7,0.025,1,1.7527138671875,0.37,1.7649093017578126,0.334
resolution_max_b1_gaussian_conv,3,1173,final,32,0.0,recalibrated,7,0.025,-1,1.7472382202148438,0.37,1.760259521484375,0.347
resolution_max_b1_gaussian_conv,3,1173,final,32,0.0,recalibrated,7,0.05,1,1.7622577514648436,0.359,1.77361669921875,0.34
resolution_max_b1_gaussian_conv,3,1173,final,32,0.0,recalibrated,7,0.05,-1,1.752717529296875,0.364,1.7643259887695313,0.353
resolution_max_b1_gaussian_conv,3,1173,final,32,0.0,recalibrated,7,0.1,1,1.79487255859375,0.33,1.810005126953125,0.319
resolution_max_b1_gaussian_conv,3,1173,final,32,0.0,recalibrated,7,0.1,-1,1.779524169921875,0.354,1.786038818359375,0.35
resolution_max_b1_gaussian_conv,3,1173,final,32,0.0,recalibrated,7,0.2,1,1.908090576171875,0.279,1.9225985107421875,0.27
resolution_max_b1_gaussian_conv,3,1173,final,32,0.0,recalibrated,7,0.2,-1,1.8693129272460938,0.318,1.8644522705078126,0.309
resolution_max_b1_gaussian_conv,3,1173,final,32,0.0,recalibrated,7,0.25,1,1.9757505493164063,0.236,1.9863507080078124,0.237
resolution_max_b1_gaussian_conv,3,1173,final,32,0.0,recalibrated,7,0.25,-1,1.9222957763671875,0.3,1.90928662109375,0.301
resolution_max_b1_gaussian_conv,3,1173,before,16,1.0,recalibrated,8,0.025,1,0.9770216979980468,0.646,1.0550064697265624,0.616
resolution_max_b1_gaussian_conv,3,1173,before,16,1.0,recalibrated,8,0.025,-1,0.9892088623046875,0.645,1.0612130737304688,0.61
resolution_max_b1_gaussian_conv,3,1173,before,16,1.0,recalibrated,8,0.05,1,0.98592041015625,0.635,1.0655714416503905,0.602
resolution_max_b1_gaussian_conv,3,1173,before,16,1.0,recalibrated,8,0.05,-1,1.008475799560547,0.641,1.0780457763671876,0.609
resolution_max_b1_gaussian_conv,3,1173,before,16,1.0,recalibrated,8,0.1,1,1.0336941528320311,0.62,1.1144686889648439,0.589
resolution_max_b1_gaussian_conv,3,1173,before,16,1.0,recalibrated,8,0.1,-1,1.0750455932617187,0.625,1.1358390502929687,0.591
resolution_max_b1_gaussian_conv,3,1173,before,16,1.0,recalibrated,8,0.2,1,1.28314697265625,0.542,1.368117431640625,0.512
resolution_max_b1_gaussian_conv,3,1173,before,16,1.0,recalibrated,8,0.2,-1,1.3214190673828126,0.534,1.32562939453125,0.531
resolution_max_b1_gaussian_conv,3,1173,before,16,1.0,recalibrated,8,0.25,1,1.4544503784179688,0.487,1.535519775390625,0.46
resolution_max_b1_gaussian_conv,3,1173,before,16,1.0,recalibrated,8,0.25,-1,1.4722286987304687,0.48,1.4463138427734374,0.498
resolution_max_b1_gaussian_conv,3,1173,after,16,0.85,recalibrated,8,0.025,1,1.0425384521484375,0.624,1.103831298828125,0.606
resolution_max_b1_gaussian_conv,3,1173,after,16,0.85,recalibrated,8,0.025,-1,1.051012939453125,0.632,1.1117742309570313,0.593
resolution_max_b1_gaussian_conv,3,1173,after,16,0.85,recalibrated,8,0.05,1,1.0514215087890626,0.614,1.1113277587890624,0.601
resolution_max_b1_gaussian_conv,3,1173,after,16,0.85,recalibrated,8,0.05,-1,1.0672070922851562,0.619,1.1272428588867187,0.592
resolution_max_b1_gaussian_conv,3,1173,after,16,0.85,recalibrated,8,0.1,1,1.0916998901367188,0.604,1.1464979248046876,0.596
resolution_max_b1_gaussian_conv,3,1173,after,16,0.85,recalibrated,8,0.1,-1,1.1203060913085938,0.602,1.1756473388671875,0.575
resolution_max_b1_gaussian_conv,3,1173,after,16,0.85,recalibrated,8,0.2,1,1.2747315673828126,0.547,1.325882568359375,0.526
resolution_max_b1_gaussian_conv,3,1173,after,16,0.85,recalibrated,8,0.2,-1,1.295119873046875,0.512,1.3304690551757812,0.504
resolution_max_b1_gaussian_conv,3,1173,after,16,0.85,recalibrated,8,0.25,1,1.4009503173828124,0.501,1.4596434326171874,0.469
resolution_max_b1_gaussian_conv,3,1173,after,16,0.85,recalibrated,8,0.25,-1,1.4071402587890625,0.479,1.429480712890625,0.475
resolution_max_b1_gaussian_conv,3,1173,final,32,0.0,recalibrated,8,0.025,1,1.7508229370117188,0.368,1.7628119506835938,0.342
resolution_max_b1_gaussian_conv,3,1173,final,32,0.0,recalibrated,8,0.025,-1,1.7493032836914062,0.355,1.7629228515625,0.336
resolution_max_b1_gaussian_conv,3,1173,final,32,0.0,recalibrated,8,0.05,1,1.7590809936523437,0.371,1.7704118041992187,0.346
resolution_max_b1_gaussian_conv,3,1173,final,32,0.0,recalibrated,8,0.05,-1,1.757450927734375,0.354,1.76899462890625,0.337
resolution_max_b1_gaussian_conv,3,1173,final,32,0.0,recalibrated,8,0.1,1,1.7849296875,0.364,1.79509423828125,0.337
resolution_max_b1_gaussian_conv,3,1173,final,32,0.0,recalibrated,8,0.1,-1,1.7856611938476563,0.339,1.7931278076171875,0.326
resolution_max_b1_gaussian_conv,3,1173,final,32,0.0,recalibrated,8,0.2,1,1.8674547119140625,0.331,1.886281494140625,0.28
resolution_max_b1_gaussian_conv,3,1173,final,32,0.0,recalibrated,8,0.2,-1,1.8774946899414062,0.286,1.8821851806640626,0.28
resolution_max_b1_gaussian_conv,3,1173,final,32,0.0,recalibrated,8,0.25,1,1.920594970703125,0.3,1.9387623291015625,0.271
resolution_max_b1_gaussian_conv,3,1173,final,32,0.0,recalibrated,8,0.25,-1,1.9393497314453125,0.267,1.9421046142578124,0.253
resolution_max_b1_gaussian_conv,3,1173,before,16,1.0,recalibrated,9,0.025,1,0.9798727722167969,0.646,1.058771728515625,0.614
resolution_max_b1_gaussian_conv,3,1173,before,16,1.0,recalibrated,9,0.025,-1,0.9860237121582032,0.65,1.0556239624023438,0.619
resolution_max_b1_gaussian_conv,3,1173,before,16,1.0,recalibrated,9,0.05,1,0.9908685607910156,0.646,1.071532257080078,0.607
resolution_max_b1_gaussian_conv,3,1173,before,16,1.0,recalibrated,9,0.05,-1,1.0007167053222656,0.639,1.0668775329589844,0.614
resolution_max_b1_gaussian_conv,3,1173,before,16,1.0,recalibrated,9,0.1,1,1.0399996948242187,0.619,1.127117431640625,0.6
resolution_max_b1_gaussian_conv,3,1173,before,16,1.0,recalibrated,9,0.1,-1,1.0608834838867187,0.618,1.11588671875,0.597
resolution_max_b1_gaussian_conv,3,1173,before,16,1.0,recalibrated,9,0.2,1,1.2650284423828124,0.543,1.3672113647460937,0.53
resolution_max_b1_gaussian_conv,3,1173,before,16,1.0,recalibrated,9,0.2,-1,1.2990482788085937,0.53,1.3100642700195313,0.539
resolution_max_b1_gaussian_conv,3,1173,before,16,1.0,recalibrated,9,0.25,1,1.4156798095703125,0.477,1.52042333984375,0.484
resolution_max_b1_gaussian_conv,3,1173,before,16,1.0,recalibrated,9,0.25,-1,1.4613530883789063,0.484,1.4376273803710937,0.496
resolution_max_b1_gaussian_conv,3,1173,after,16,0.85,recalibrated,9,0.025,1,1.0453019409179687,0.635,1.108546875,0.593
resolution_max_b1_gaussian_conv,3,1173,after,16,0.85,recalibrated,9,0.025,-1,1.0477474365234376,0.625,1.10723779296875,0.591
resolution_max_b1_gaussian_conv,3,1173,after,16,0.85,recalibrated,9,0.05,1,1.0550625,0.622,1.1180164794921874,0.592
resolution_max_b1_gaussian_conv,3,1173,after,16,0.85,recalibrated,9,0.05,-1,1.0596633911132813,0.621,1.117463623046875,0.59
resolution_max_b1_gaussian_conv,3,1173,after,16,0.85,recalibrated,9,0.1,1,1.0982037963867188,0.609,1.1575157470703126,0.576
resolution_max_b1_gaussian_conv,3,1173,after,16,0.85,recalibrated,9,0.1,-1,1.108084716796875,0.615,1.1588170776367188,0.574
resolution_max_b1_gaussian_conv,3,1173,after,16,0.85,recalibrated,9,0.2,1,1.2694237060546876,0.538,1.330380126953125,0.532
resolution_max_b1_gaussian_conv,3,1173,after,16,0.85,recalibrated,9,0.2,-1,1.2955781860351563,0.525,1.3178043823242187,0.53
resolution_max_b1_gaussian_conv,3,1173,after,16,0.85,recalibrated,9,0.25,1,1.3845533447265626,0.491,1.4476716918945312,0.499
resolution_max_b1_gaussian_conv,3,1173,after,16,0.85,recalibrated,9,0.25,-1,1.4183712768554688,0.479,1.418048095703125,0.479
resolution_max_b1_gaussian_conv,3,1173,final,32,0.0,recalibrated,9,0.025,1,1.7560375366210939,0.364,1.7689313354492187,0.34
resolution_max_b1_gaussian_conv,3,1173,final,32,0.0,recalibrated,9,0.025,-1,1.7442342529296875,0.368,1.7575125122070312,0.346
resolution_max_b1_gaussian_conv,3,1173,final,32,0.0,recalibrated,9,0.05,1,1.7702684936523438,0.367,1.782118896484375,0.331
resolution_max_b1_gaussian_conv,3,1173,final,32,0.0,recalibrated,9,0.05,-1,1.7475595703125,0.365,1.76022314453125,0.335
resolution_max_b1_gaussian_conv,3,1173,final,32,0.0,recalibrated,9,0.1,1,1.815036376953125,0.351,1.8272123413085937,0.327
resolution_max_b1_gaussian_conv,3,1173,final,32,0.0,recalibrated,9,0.1,-1,1.7685018310546874,0.346,1.7776724853515624,0.339
resolution_max_b1_gaussian_conv,3,1173,final,32,0.0,recalibrated,9,0.2,1,1.9427481689453125,0.305,1.9588916015625,0.281
resolution_max_b1_gaussian_conv,3,1173,final,32,0.0,recalibrated,9,0.2,-1,1.8526495361328126,0.293,1.8497920532226562,0.289
resolution_max_b1_gaussian_conv,3,1173,final,32,0.0,recalibrated,9,0.25,1,2.0074700927734375,0.259,2.024284851074219,0.247
resolution_max_b1_gaussian_conv,3,1173,final,32,0.0,recalibrated,9,0.25,-1,1.9076558227539062,0.255,1.8972817993164062,0.257
resolution_max_b1_gaussian_conv,3,8211,before,32,0.3,saved,,0.0,0,0.36398092651367187,0.883,0.5399368286132813,0.815
resolution_max_b1_gaussian_conv,3,8211,before,32,0.3,recalibrated,,0.0,0,0.36178375244140626,0.877,0.542118896484375,0.821
resolution_max_b1_gaussian_conv,3,8211,before,32,0.3,recalibrated,0,0.025,1,0.37507852172851563,0.886,0.5569997253417969,0.815
resolution_max_b1_gaussian_conv,3,8211,before,32,0.3,recalibrated,0,0.025,-1,0.3798553466796875,0.877,0.5409057922363282,0.823
resolution_max_b1_gaussian_conv,3,8211,before,32,0.3,recalibrated,0,0.05,1,0.40969593811035154,0.877,0.5895775451660156,0.801
resolution_max_b1_gaussian_conv,3,8211,before,32,0.3,recalibrated,0,0.05,-1,0.4400260314941406,0.851,0.59088671875,0.811
resolution_max_b1_gaussian_conv,3,8211,before,32,0.3,recalibrated,0,0.1,1,0.5163822631835937,0.832,0.7019695434570312,0.764
resolution_max_b1_gaussian_conv,3,8211,before,32,0.3,recalibrated,0,0.1,-1,0.6579683837890625,0.773,0.7965518493652344,0.745
resolution_max_b1_gaussian_conv,3,8211,before,32,0.3,recalibrated,0,0.2,1,0.8793974304199219,0.715,1.0685433349609375,0.654
resolution_max_b1_gaussian_conv,3,8211,before,32,0.3,recalibrated,0,0.2,-1,1.2237149658203126,0.606,1.2932523803710938,0.602
resolution_max_b1_gaussian_conv,3,8211,before,32,0.3,recalibrated,0,0.25,1,1.1362088012695313,0.636,1.3051370239257813,0.587
resolution_max_b1_gaussian_conv,3,8211,before,32,0.3,recalibrated,0,0.25,-1,1.5415010986328126,0.528,1.5634892578125,0.529
resolution_max_b1_gaussian_conv,3,8211,after,32,0.0,saved,,0.0,0,0.3659637298583984,0.881,0.5437384338378907,0.822
resolution_max_b1_gaussian_conv,3,8211,after,32,0.0,recalibrated,,0.0,0,0.3664467468261719,0.879,0.5446912536621094,0.822
resolution_max_b1_gaussian_conv,3,8211,after,32,0.0,recalibrated,0,0.025,1,0.37934146118164064,0.884,0.5589729614257812,0.814
resolution_max_b1_gaussian_conv,3,8211,after,32,0.0,recalibrated,0,0.025,-1,0.3843404388427734,0.877,0.5433082885742188,0.821
resolution_max_b1_gaussian_conv,3,8211,after,32,0.0,recalibrated,0,0.05,1,0.4131466369628906,0.876,0.5910587768554687,0.798
resolution_max_b1_gaussian_conv,3,8211,after,32,0.0,recalibrated,0,0.05,-1,0.44322772216796874,0.851,0.5920239868164062,0.806
resolution_max_b1_gaussian_conv,3,8211,after,32,0.0,recalibrated,0,0.1,1,0.5173114624023437,0.834,0.7012040405273438,0.766
resolution_max_b1_gaussian_conv,3,8211,after,32,0.0,recalibrated,0,0.1,-1,0.6587630920410156,0.774,0.7933219909667969,0.745
resolution_max_b1_gaussian_conv,3,8211,after,32,0.0,recalibrated,0,0.2,1,0.8725357666015625,0.713,1.0562318115234375,0.651
resolution_max_b1_gaussian_conv,3,8211,after,32,0.0,recalibrated,0,0.2,-1,1.21254052734375,0.605,1.2787881469726563,0.598
resolution_max_b1_gaussian_conv,3,8211,after,32,0.0,recalibrated,0,0.25,1,1.1247005615234376,0.632,1.2877166748046875,0.582
resolution_max_b1_gaussian_conv,3,8211,after,32,0.0,recalibrated,0,0.25,-1,1.5226642456054686,0.531,1.541956298828125,0.529
resolution_max_b1_gaussian_conv,3,8211,before,32,0.3,recalibrated,1,0.025,1,0.37160861206054685,0.873,0.5399447174072266,0.816
resolution_max_b1_gaussian_conv,3,8211,before,32,0.3,recalibrated,1,0.025,-1,0.36641015625,0.88,0.5526133422851562,0.819
resolution_max_b1_gaussian_conv,3,8211,before,32,0.3,recalibrated,1,0.05,1,0.3971954040527344,0.863,0.54896337890625,0.816
resolution_max_b1_gaussian_conv,3,8211,before,32,0.3,recalibrated,1,0.05,-1,0.38412326049804685,0.872,0.5705495300292969,0.809
resolution_max_b1_gaussian_conv,3,8211,before,32,0.3,recalibrated,1,0.1,1,0.5028624267578125,0.82,0.6150789794921875,0.792
resolution_max_b1_gaussian_conv,3,8211,before,32,0.3,recalibrated,1,0.1,-1,0.4470888671875,0.854,0.6277005004882813,0.782
resolution_max_b1_gaussian_conv,3,8211,before,32,0.3,recalibrated,1,0.2,1,0.898732177734375,0.706,0.9744264831542969,0.677
resolution_max_b1_gaussian_conv,3,8211,before,32,0.3,recalibrated,1,0.2,-1,0.6966173095703125,0.756,0.8497874145507812,0.709
resolution_max_b1_gaussian_conv,3,8211,before,32,0.3,recalibrated,1,0.25,1,1.152992919921875,0.628,1.20601220703125,0.588
resolution_max_b1_gaussian_conv,3,8211,before,32,0.3,recalibrated,1,0.25,-1,0.9128685607910156,0.692,1.0456141357421875,0.642
resolution_max_b1_gaussian_conv,3,8211,after,32,0.0,recalibrated,1,0.025,1,0.3760248565673828,0.876,0.5425079345703125,0.812
resolution_max_b1_gaussian_conv,3,8211,after,32,0.0,recalibrated,1,0.025,-1,0.37088702392578127,0.878,0.5554893188476563,0.816
resolution_max_b1_gaussian_conv,3,8211,after,32,0.0,recalibrated,1,0.05,1,0.40112937927246095,0.865,0.5514735260009765,0.816
resolution_max_b1_gaussian_conv,3,8211,after,32,0.0,recalibrated,1,0.05,-1,0.3883048400878906,0.868,0.573541015625,0.811
resolution_max_b1_gaussian_conv,3,8211,after,32,0.0,recalibrated,1,0.1,1,0.5059017486572266,0.821,0.6165966796875,0.796
resolution_max_b1_gaussian_conv,3,8211,after,32,0.0,recalibrated,1,0.1,-1,0.4516686553955078,0.851,0.6296382141113281,0.78
resolution_max_b1_gaussian_conv,3,8211,after,32,0.0,recalibrated,1,0.2,1,0.8971182556152344,0.708,0.9710088195800781,0.676
resolution_max_b1_gaussian_conv,3,8211,after,32,0.0,recalibrated,1,0.2,-1,0.7000056457519531,0.759,0.8484952392578125,0.71
resolution_max_b1_gaussian_conv,3,8211,after,32,0.0,recalibrated,1,0.25,1,1.1496868896484376,0.632,1.1993271484375,0.584
resolution_max_b1_gaussian_conv,3,8211,after,32,0.0,recalibrated,1,0.25,-1,0.9130200805664063,0.698,1.0403013916015624,0.64
resolution_max_b1_gaussian_conv,3,8211,before,32,0.3,recalibrated,2,0.025,1,0.36720301818847656,0.876,0.5484101867675781,0.821
resolution_max_b1_gaussian_conv,3,8211,before,32,0.3,recalibrated,2,0.025,-1,0.3693970031738281,0.878,0.5440414123535157,0.817
resolution_max_b1_gaussian_conv,3,8211,before,32,0.3,recalibrated,2,0.05,1,0.3867637939453125,0.87,0.5622239074707032,0.817
resolution_max_b1_gaussian_conv,3,8211,before,32,0.3,recalibrated,2,0.05,-1,0.38972079467773435,0.871,0.5545362243652344,0.808
resolution_max_b1_gaussian_conv,3,8211,before,32,0.3,recalibrated,2,0.1,1,0.46136700439453127,0.835,0.6256118469238281,0.789
resolution_max_b1_gaussian_conv,3,8211,before,32,0.3,recalibrated,2,0.1,-1,0.46306094360351563,0.841,0.6117291259765625,0.787
resolution_max_b1_gaussian_conv,3,8211,before,32,0.3,recalibrated,2,0.2,1,0.8087112426757812,0.727,0.9427537841796875,0.682
resolution_max_b1_gaussian_conv,3,8211,before,32,0.3,recalibrated,2,0.2,-1,0.729770263671875,0.752,0.8611856994628906,0.7
resolution_max_b1_gaussian_conv,3,8211,before,32,0.3,recalibrated,2,0.25,1,1.0715108642578124,0.65,1.1903074340820312,0.626
resolution_max_b1_gaussian_conv,3,8211,before,32,0.3,recalibrated,2,0.25,-1,0.9158154296875,0.708,1.0457579345703125,0.643
resolution_max_b1_gaussian_conv,3,8211,after,32,0.0,recalibrated,2,0.025,1,0.3718773193359375,0.876,0.5509904327392579,0.819
resolution_max_b1_gaussian_conv,3,8211,after,32,0.0,recalibrated,2,0.025,-1,0.37423635864257815,0.878,0.5471543121337891,0.814
resolution_max_b1_gaussian_conv,3,8211,after,32,0.0,recalibrated,2,0.05,1,0.3916627502441406,0.875,0.5644411315917969,0.819
resolution_max_b1_gaussian_conv,3,8211,after,32,0.0,recalibrated,2,0.05,-1,0.3941761016845703,0.866,0.5572236938476562,0.807
resolution_max_b1_gaussian_conv,3,8211,after,32,0.0,recalibrated,2,0.1,1,0.4670348968505859,0.836,0.6277523193359374,0.793
resolution_max_b1_gaussian_conv,3,8211,after,32,0.0,recalibrated,2,0.1,-1,0.4668255310058594,0.844,0.6132140197753906,0.785
resolution_max_b1_gaussian_conv,3,8211,after,32,0.0,recalibrated,2,0.2,1,0.8103486633300782,0.72,0.9385126953125,0.681
resolution_max_b1_gaussian_conv,3,8211,after,32,0.0,recalibrated,2,0.2,-1,0.7305795593261719,0.751,0.8593554077148438,0.705
resolution_max_b1_gaussian_conv,3,8211,after,32,0.0,recalibrated,2,0.25,1,1.0691668090820312,0.65,1.1830550537109374,0.632
resolution_max_b1_gaussian_conv,3,8211,after,32,0.0,recalibrated,2,0.25,-1,0.9151608276367188,0.704,1.04311669921875,0.638
resolution_max_b1_gaussian_conv,3,8211,before,32,0.3,recalibrated,3,0.025,1,0.3736948699951172,0.874,0.5533386535644531,0.811
resolution_max_b1_gaussian_conv,3,8211,before,32,0.3,recalibrated,3,0.025,-1,0.3749120635986328,0.873,0.5468854370117188,0.809
resolution_max_b1_gaussian_conv,3,8211,before,32,0.3,recalibrated,3,0.05,1,0.4054809875488281,0.864,0.5788150939941407,0.806
resolution_max_b1_gaussian_conv,3,8211,before,32,0.3,recalibrated,3,0.05,-1,0.4185500030517578,0.859,0.5895176391601562,0.802
resolution_max_b1_gaussian_conv,3,8211,before,32,0.3,recalibrated,3,0.1,1,0.50916796875,0.828,0.6641279907226563,0.775
resolution_max_b1_gaussian_conv,3,8211,before,32,0.3,recalibrated,3,0.1,-1,0.5846417846679688,0.786,0.7404228515625,0.761
resolution_max_b1_gaussian_conv,3,8211,before,32,0.3,recalibrated,3,0.2,1,0.8533875122070312,0.704,0.9407422485351562,0.683
resolution_max_b1_gaussian_conv,3,8211,before,32,0.3,recalibrated,3,0.2,-1,1.069851806640625,0.646,1.1564188232421875,0.63
resolution_max_b1_gaussian_conv,3,8211,before,32,0.3,recalibrated,3,0.25,1,1.0768712768554687,0.631,1.1307254638671875,0.615
resolution_max_b1_gaussian_conv,3,8211,before,32,0.3,recalibrated,3,0.25,-1,1.364521484375,0.561,1.4642562866210938,0.54
resolution_max_b1_gaussian_conv,3,8211,after,32,0.0,recalibrated,3,0.025,1,0.37811032104492187,0.873,0.555312484741211,0.815
resolution_max_b1_gaussian_conv,3,8211,after,32,0.0,recalibrated,3,0.025,-1,0.37957101440429686,0.873,0.5501150207519532,0.804
resolution_max_b1_gaussian_conv,3,8211,after,32,0.0,recalibrated,3,0.05,1,0.4090693359375,0.868,0.5791225891113281,0.806
resolution_max_b1_gaussian_conv,3,8211,after,32,0.0,recalibrated,3,0.05,-1,0.42251934814453124,0.857,0.5915171508789062,0.801
resolution_max_b1_gaussian_conv,3,8211,after,32,0.0,recalibrated,3,0.1,1,0.5115678100585938,0.831,0.6630317687988281,0.774
resolution_max_b1_gaussian_conv,3,8211,after,32,0.0,recalibrated,3,0.1,-1,0.5860301208496094,0.789,0.7390821838378906,0.76
resolution_max_b1_gaussian_conv,3,8211,after,32,0.0,recalibrated,3,0.2,1,0.851296875,0.699,0.9349361572265625,0.682
resolution_max_b1_gaussian_conv,3,8211,after,32,0.0,recalibrated,3,0.2,-1,1.0615451049804687,0.649,1.1470552978515625,0.634
resolution_max_b1_gaussian_conv,3,8211,after,32,0.0,recalibrated,3,0.25,1,1.0727272338867186,0.625,1.1232666015625,0.615
resolution_max_b1_gaussian_conv,3,8211,after,32,0.0,recalibrated,3,0.25,-1,1.3512342529296875,0.564,1.4481036987304687,0.54
resolution_max_b1_gaussian_conv,3,8211,before,32,0.3,recalibrated,4,0.025,1,0.37084561157226564,0.875,0.546476058959961,0.818
resolution_max_b1_gaussian_conv,3,8211,before,32,0.3,recalibrated,4,0.025,-1,0.3686436462402344,0.877,0.5443439178466797,0.815
resolution_max_b1_gaussian_conv,3,8211,before,32,0.3,recalibrated,4,0.05,1,0.3954503631591797,0.868,0.5608450622558594,0.816
resolution_max_b1_gaussian_conv,3,8211,before,32,0.3,recalibrated,4,0.05,-1,0.3858385009765625,0.868,0.554463851928711,0.815
resolution_max_b1_gaussian_conv,3,8211,before,32,0.3,recalibrated,4,0.1,1,0.4919648284912109,0.838,0.6373220520019531,0.776
resolution_max_b1_gaussian_conv,3,8211,before,32,0.3,recalibrated,4,0.1,-1,0.44948431396484373,0.838,0.5975827026367188,0.797
resolution_max_b1_gaussian_conv,3,8211,before,32,0.3,recalibrated,4,0.2,1,0.9801255187988281,0.672,1.1311160888671874,0.642
resolution_max_b1_gaussian_conv,3,8211,before,32,0.3,recalibrated,4,0.2,-1,0.6648578491210938,0.759,0.797183349609375,0.729
resolution_max_b1_gaussian_conv,3,8211,before,32,0.3,recalibrated,4,0.25,1,1.3387184448242186,0.57,1.46233837890625,0.559
resolution_max_b1_gaussian_conv,3,8211,before,32,0.3,recalibrated,4,0.25,-1,0.8185150146484375,0.714,0.9598526000976563,0.659
resolution_max_b1_gaussian_conv,3,8211,after,32,0.0,recalibrated,4,0.025,1,0.3756775207519531,0.874,0.5497581481933593,0.814
resolution_max_b1_gaussian_conv,3,8211,after,32,0.0,recalibrated,4,0.025,-1,0.3728033905029297,0.876,0.5469556732177734,0.816
resolution_max_b1_gaussian_conv,3,8211,after,32,0.0,recalibrated,4,0.05,1,0.4001679229736328,0.871,0.5645419311523437,0.814
resolution_max_b1_gaussian_conv,3,8211,after,32,0.0,recalibrated,4,0.05,-1,0.39000537109375,0.868,0.5566219329833985,0.809
resolution_max_b1_gaussian_conv,3,8211,after,32,0.0,recalibrated,4,0.1,1,0.49631748962402344,0.839,0.641008544921875,0.774
resolution_max_b1_gaussian_conv,3,8211,after,32,0.0,recalibrated,4,0.1,-1,0.45260400390625,0.838,0.59976611328125,0.803
resolution_max_b1_gaussian_conv,3,8211,after,32,0.0,recalibrated,4,0.2,1,0.9788528137207031,0.666,1.125858642578125,0.646
resolution_max_b1_gaussian_conv,3,8211,after,32,0.0,recalibrated,4,0.2,-1,0.6657830810546875,0.759,0.7976713256835938,0.728
resolution_max_b1_gaussian_conv,3,8211,after,32,0.0,recalibrated,4,0.25,1,1.3336085815429688,0.569,1.4524561767578126,0.559
resolution_max_b1_gaussian_conv,3,8211,after,32,0.0,recalibrated,4,0.25,-1,0.8178860473632813,0.713,0.9581629943847656,0.663
resolution_max_b1_gaussian_conv,3,8211,before,32,0.3,recalibrated,5,0.025,1,0.37108238220214845,0.878,0.546094741821289,0.812
resolution_max_b1_gaussian_conv,3,8211,before,32,0.3,recalibrated,5,0.025,-1,0.3676116943359375,0.883,0.5476966094970703,0.819
resolution_max_b1_gaussian_conv,3,8211,before,32,0.3,recalibrated,5,0.05,1,0.39332086181640624,0.87,0.5576151580810547,0.806
resolution_max_b1_gaussian_conv,3,8211,before,32,0.3,recalibrated,5,0.05,-1,0.3892850036621094,0.865,0.5624480285644531,0.81
resolution_max_b1_gaussian_conv,3,8211,before,32,0.3,recalibrated,5,0.1,1,0.4806907958984375,0.836,0.6070493774414063,0.792
resolution_max_b1_gaussian_conv,3,8211,before,32,0.3,recalibrated,5,0.1,-1,0.4767446441650391,0.834,0.6233116149902344,0.789
resolution_max_b1_gaussian_conv,3,8211,before,32,0.3,recalibrated,5,0.2,1,0.800943115234375,0.731,0.865018798828125,0.703
resolution_max_b1_gaussian_conv,3,8211,before,32,0.3,recalibrated,5,0.2,-1,0.8032294921875,0.724,0.8911846008300781,0.691
resolution_max_b1_gaussian_conv,3,8211,before,32,0.3,recalibrated,5,0.25,1,1.0247752380371093,0.669,1.05871923828125,0.636
resolution_max_b1_gaussian_conv,3,8211,before,32,0.3,recalibrated,5,0.25,-1,1.0388330688476564,0.644,1.1108411865234376,0.629
resolution_max_b1_gaussian_conv,3,8211,after,32,0.0,recalibrated,5,0.025,1,0.37519953918457033,0.881,0.5487347106933593,0.81
resolution_max_b1_gaussian_conv,3,8211,after,32,0.0,recalibrated,5,0.025,-1,0.3728179931640625,0.876,0.5500895690917968,0.816
resolution_max_b1_gaussian_conv,3,8211,after,32,0.0,recalibrated,5,0.05,1,0.39666734313964847,0.869,0.5601098937988281,0.803
resolution_max_b1_gaussian_conv,3,8211,after,32,0.0,recalibrated,5,0.05,-1,0.3942236328125,0.863,0.5647673950195312,0.81
resolution_max_b1_gaussian_conv,3,8211,after,32,0.0,recalibrated,5,0.1,1,0.4829844970703125,0.831,0.6089585571289062,0.788
resolution_max_b1_gaussian_conv,3,8211,after,32,0.0,recalibrated,5,0.1,-1,0.48242587280273436,0.837,0.6246805114746093,0.785
resolution_max_b1_gaussian_conv,3,8211,after,32,0.0,recalibrated,5,0.2,1,0.801130859375,0.734,0.8651788635253906,0.697
resolution_max_b1_gaussian_conv,3,8211,after,32,0.0,recalibrated,5,0.2,-1,0.8039551086425781,0.723,0.8870475769042969,0.686
resolution_max_b1_gaussian_conv,3,8211,after,32,0.0,recalibrated,5,0.25,1,1.0237789306640626,0.668,1.0557738647460937,0.634
resolution_max_b1_gaussian_conv,3,8211,after,32,0.0,recalibrated,5,0.25,-1,1.0342702026367188,0.64,1.1007989501953126,0.626
resolution_max_b1_gaussian_conv,3,8211,before,32,0.3,recalibrated,6,0.025,1,0.3669277191162109,0.875,0.5472093811035156,0.818
resolution_max_b1_gaussian_conv,3,8211,before,32,0.3,recalibrated,6,0.025,-1,0.3723359680175781,0.879,0.5481418914794922,0.813
resolution_max_b1_gaussian_conv,3,8211,before,32,0.3,recalibrated,6,0.05,1,0.3903157043457031,0.862,0.5663982543945313,0.813
resolution_max_b1_gaussian_conv,3,8211,before,32,0.3,recalibrated,6,0.05,-1,0.39578594970703124,0.874,0.56354248046875,0.803
resolution_max_b1_gaussian_conv,3,8211,before,32,0.3,recalibrated,6,0.1,1,0.4837340087890625,0.828,0.6389443054199219,0.779
resolution_max_b1_gaussian_conv,3,8211,before,32,0.3,recalibrated,6,0.1,-1,0.4760854187011719,0.842,0.6147239074707032,0.779
resolution_max_b1_gaussian_conv,3,8211,before,32,0.3,recalibrated,6,0.2,1,0.801487060546875,0.72,0.9118309936523438,0.707
resolution_max_b1_gaussian_conv,3,8211,before,32,0.3,recalibrated,6,0.2,-1,0.7302840881347656,0.743,0.8285444641113281,0.708
resolution_max_b1_gaussian_conv,3,8211,before,32,0.3,recalibrated,6,0.25,1,1.0043038330078125,0.668,1.1085177307128906,0.628
resolution_max_b1_gaussian_conv,3,8211,before,32,0.3,recalibrated,6,0.25,-1,0.897408447265625,0.695,0.97519482421875,0.673
resolution_max_b1_gaussian_conv,3,8211,after,32,0.0,recalibrated,6,0.025,1,0.37165414428710936,0.878,0.5497168579101562,0.815
resolution_max_b1_gaussian_conv,3,8211,after,32,0.0,recalibrated,6,0.025,-1,0.3767995758056641,0.877,0.5506202392578124,0.808
resolution_max_b1_gaussian_conv,3,8211,after,32,0.0,recalibrated,6,0.05,1,0.3943878021240234,0.865,0.5679806823730469,0.814
resolution_max_b1_gaussian_conv,3,8211,after,32,0.0,recalibrated,6,0.05,-1,0.40017335510253904,0.872,0.5659931640625,0.799
resolution_max_b1_gaussian_conv,3,8211,after,32,0.0,recalibrated,6,0.1,1,0.4865472869873047,0.826,0.6383805847167969,0.783
resolution_max_b1_gaussian_conv,3,8211,after,32,0.0,recalibrated,6,0.1,-1,0.4790522003173828,0.84,0.6158014526367187,0.774
resolution_max_b1_gaussian_conv,3,8211,after,32,0.0,recalibrated,6,0.2,1,0.7979509582519532,0.722,0.9052730407714844,0.708
resolution_max_b1_gaussian_conv,3,8211,after,32,0.0,recalibrated,6,0.2,-1,0.7305076904296876,0.741,0.8281215209960937,0.704
resolution_max_b1_gaussian_conv,3,8211,after,32,0.0,recalibrated,6,0.25,1,0.9983245849609375,0.672,1.0985098876953125,0.631
resolution_max_b1_gaussian_conv,3,8211,after,32,0.0,recalibrated,6,0.25,-1,0.8973871459960937,0.699,0.9721134643554687,0.675
resolution_max_b1_gaussian_conv,3,8211,before,32,0.3,recalibrated,7,0.025,1,0.37504205322265627,0.873,0.548822006225586,0.815
resolution_max_b1_gaussian_conv,3,8211,before,32,0.3,recalibrated,7,0.025,-1,0.36412284851074217,0.884,0.5439451751708985,0.821
resolution_max_b1_gaussian_conv,3,8211,before,32,0.3,recalibrated,7,0.05,1,0.4056017761230469,0.865,0.5678195953369141,0.808
resolution_max_b1_gaussian_conv,3,8211,before,32,0.3,recalibrated,7,0.05,-1,0.3797235260009766,0.877,0.5561668853759766,0.811
resolution_max_b1_gaussian_conv,3,8211,before,32,0.3,recalibrated,7,0.1,1,0.5269455871582032,0.823,0.680248779296875,0.765
resolution_max_b1_gaussian_conv,3,8211,before,32,0.3,recalibrated,7,0.1,-1,0.4476700134277344,0.847,0.6086742553710938,0.797
resolution_max_b1_gaussian_conv,3,8211,before,32,0.3,recalibrated,7,0.2,1,0.9883238525390625,0.667,1.128340087890625,0.64
resolution_max_b1_gaussian_conv,3,8211,before,32,0.3,recalibrated,7,0.2,-1,0.7162289123535156,0.754,0.8321450805664062,0.723
resolution_max_b1_gaussian_conv,3,8211,before,32,0.3,recalibrated,7,0.25,1,1.2522841186523437,0.59,1.3856113891601562,0.584
resolution_max_b1_gaussian_conv,3,8211,before,32,0.3,recalibrated,7,0.25,-1,0.9159524841308594,0.681,1.0022600402832031,0.659
resolution_max_b1_gaussian_conv,3,8211,after,32,0.0,recalibrated,7,0.025,1,0.38010928344726563,0.871,0.5517245788574219,0.814
resolution_max_b1_gaussian_conv,3,8211,after,32,0.0,recalibrated,7,0.025,-1,0.3682205352783203,0.882,0.5463213348388671,0.817
resolution_max_b1_gaussian_conv,3,8211,after,32,0.0,recalibrated,7,0.05,1,0.41089085388183594,0.866,0.5713095092773437,0.802
resolution_max_b1_gaussian_conv,3,8211,after,32,0.0,recalibrated,7,0.05,-1,0.3832782897949219,0.877,0.5578862609863281,0.81
resolution_max_b1_gaussian_conv,3,8211,after,32,0.0,recalibrated,7,0.1,1,0.5297034301757813,0.821,0.6813089599609375,0.764
resolution_max_b1_gaussian_conv,3,8211,after,32,0.0,recalibrated,7,0.1,-1,0.4516212158203125,0.843,0.6098985900878906,0.794
resolution_max_b1_gaussian_conv,3,8211,after,32,0.0,recalibrated,7,0.2,1,0.9860121459960938,0.668,1.1241309204101562,0.637
resolution_max_b1_gaussian_conv,3,8211,after,32,0.0,recalibrated,7,0.2,-1,0.7194972839355469,0.752,0.8323828735351563,0.717
resolution_max_b1_gaussian_conv,3,8211,after,32,0.0,recalibrated,7,0.25,1,1.2487175903320313,0.588,1.3783234252929688,0.578
resolution_max_b1_gaussian_conv,3,8211,after,32,0.0,recalibrated,7,0.25,-1,0.91911962890625,0.678,1.0023274536132813,0.659
resolution_max_b1_gaussian_conv,3,8211,before,32,0.3,recalibrated,8,0.025,1,0.36505821228027346,0.875,0.5424378967285156,0.812
resolution_max_b1_gaussian_conv,3,8211,before,32,0.3,recalibrated,8,0.025,-1,0.37307176208496096,0.871,0.550434814453125,0.817
resolution_max_b1_gaussian_conv,3,8211,before,32,0.3,recalibrated,8,0.05,1,0.3845840606689453,0.871,0.5516195373535157,0.808
resolution_max_b1_gaussian_conv,3,8211,before,32,0.3,recalibrated,8,0.05,-1,0.39710140991210935,0.87,0.5661893615722656,0.814
resolution_max_b1_gaussian_conv,3,8211,before,32,0.3,recalibrated,8,0.1,1,0.4608768463134766,0.832,0.6101017761230468,0.792
resolution_max_b1_gaussian_conv,3,8211,before,32,0.3,recalibrated,8,0.1,-1,0.4664332580566406,0.844,0.6208885498046876,0.794
resolution_max_b1_gaussian_conv,3,8211,before,32,0.3,recalibrated,8,0.2,1,0.7672739868164062,0.736,0.8859607543945313,0.703
resolution_max_b1_gaussian_conv,3,8211,before,32,0.3,recalibrated,8,0.2,-1,0.7115286560058594,0.773,0.8482340087890625,0.715
resolution_max_b1_gaussian_conv,3,8211,before,32,0.3,recalibrated,8,0.25,1,0.9957959594726562,0.658,1.0973264770507813,0.637
resolution_max_b1_gaussian_conv,3,8211,before,32,0.3,recalibrated,8,0.25,-1,0.9143128967285157,0.709,1.0459541625976563,0.653
resolution_max_b1_gaussian_conv,3,8211,after,32,0.0,recalibrated,8,0.025,1,0.3700520324707031,0.878,0.5454528350830078,0.805
resolution_max_b1_gaussian_conv,3,8211,after,32,0.0,recalibrated,8,0.025,-1,0.3775318603515625,0.876,0.5530041809082031,0.815
resolution_max_b1_gaussian_conv,3,8211,after,32,0.0,recalibrated,8,0.05,1,0.38970652770996095,0.87,0.5551066284179688,0.804
resolution_max_b1_gaussian_conv,3,8211,after,32,0.0,recalibrated,8,0.05,-1,0.4010523376464844,0.871,0.5683830718994141,0.811
resolution_max_b1_gaussian_conv,3,8211,after,32,0.0,recalibrated,8,0.1,1,0.4653870086669922,0.838,0.612403564453125,0.786
resolution_max_b1_gaussian_conv,3,8211,after,32,0.0,recalibrated,8,0.1,-1,0.46984716796875,0.843,0.6220911560058594,0.788
resolution_max_b1_gaussian_conv,3,8211,after,32,0.0,recalibrated,8,0.2,1,0.7692954711914063,0.737,0.8820101928710937,0.7
resolution_max_b1_gaussian_conv,3,8211,after,32,0.0,recalibrated,8,0.2,-1,0.7129072875976562,0.773,0.8485806579589844,0.712
resolution_max_b1_gaussian_conv,3,8211,after,32,0.0,recalibrated,8,0.25,1,0.9950896911621093,0.663,1.08895458984375,0.634
resolution_max_b1_gaussian_conv,3,8211,after,32,0.0,recalibrated,8,0.25,-1,0.912847900390625,0.702,1.0421272583007812,0.653
resolution_max_b1_gaussian_conv,3,8211,before,32,0.3,recalibrated,9,0.025,1,0.37188699340820314,0.876,0.5439400634765625,0.817
resolution_max_b1_gaussian_conv,3,8211,before,32,0.3,recalibrated,9,0.025,-1,0.36659576416015627,0.875,0.5493322448730469,0.814
resolution_max_b1_gaussian_conv,3,8211,before,32,0.3,recalibrated,9,0.05,1,0.39748611450195315,0.861,0.5562136383056641,0.81
resolution_max_b1_gaussian_conv,3,8211,before,32,0.3,recalibrated,9,0.05,-1,0.38329852294921873,0.865,0.5613924560546875,0.809
resolution_max_b1_gaussian_conv,3,8211,before,32,0.3,recalibrated,9,0.1,1,0.49248519897460935,0.832,0.6303055114746093,0.786
resolution_max_b1_gaussian_conv,3,8211,before,32,0.3,recalibrated,9,0.1,-1,0.44874078369140624,0.844,0.6095012512207031,0.797
resolution_max_b1_gaussian_conv,3,8211,before,32,0.3,recalibrated,9,0.2,1,0.9447932434082031,0.703,1.1190615844726564,0.659
resolution_max_b1_gaussian_conv,3,8211,before,32,0.3,recalibrated,9,0.2,-1,0.7163894958496094,0.749,0.8470279846191406,0.714
resolution_max_b1_gaussian_conv,3,8211,before,32,0.3,recalibrated,9,0.25,1,1.260632568359375,0.613,1.4447487182617187,0.592
resolution_max_b1_gaussian_conv,3,8211,before,32,0.3,recalibrated,9,0.25,-1,0.9309163818359375,0.691,1.03678515625,0.646
resolution_max_b1_gaussian_conv,3,8211,after,32,0.0,recalibrated,9,0.025,1,0.37640628051757813,0.874,0.5469644012451171,0.813
resolution_max_b1_gaussian_conv,3,8211,after,32,0.0,recalibrated,9,0.025,-1,0.3709542236328125,0.877,0.5512698974609375,0.813
resolution_max_b1_gaussian_conv,3,8211,after,32,0.0,recalibrated,9,0.05,1,0.4019791259765625,0.868,0.5596204223632812,0.807
resolution_max_b1_gaussian_conv,3,8211,after,32,0.0,recalibrated,9,0.05,-1,0.3871499786376953,0.86,0.5638294525146484,0.805
resolution_max_b1_gaussian_conv,3,8211,after,32,0.0,recalibrated,9,0.1,1,0.4972015380859375,0.832,0.6329873657226562,0.785
resolution_max_b1_gaussian_conv,3,8211,after,32,0.0,recalibrated,9,0.1,-1,0.4522754211425781,0.844,0.6111275329589844,0.793
resolution_max_b1_gaussian_conv,3,8211,after,32,0.0,recalibrated,9,0.2,1,0.9439559020996093,0.705,1.1148880615234376,0.659
resolution_max_b1_gaussian_conv,3,8211,after,32,0.0,recalibrated,9,0.2,-1,0.7187205810546875,0.749,0.8465935668945312,0.712
resolution_max_b1_gaussian_conv,3,8211,after,32,0.0,recalibrated,9,0.25,1,1.2578875732421875,0.608,1.437078125,0.588
resolution_max_b1_gaussian_conv,3,8211,after,32,0.0,recalibrated,9,0.25,-1,0.9286429443359375,0.691,1.0334383544921875,0.649
gaussian_postrelu,3,1173,before,,1.0,saved,,0.0,0,1.0921451416015624,0.605,1.1621241455078124,0.6
gaussian_postrelu,3,1173,before,,1.0,recalibrated,,0.0,0,1.063499755859375,0.605,1.1186270751953125,0.615
gaussian_postrelu,3,1173,before,,1.0,recalibrated,0,0.025,1,1.0585802001953124,0.609,1.1259871826171874,0.606
gaussian_postrelu,3,1173,before,,1.0,recalibrated,0,0.025,-1,1.0913673095703125,0.611,1.1428280029296876,0.593
gaussian_postrelu,3,1173,before,,1.0,recalibrated,0,0.05,1,1.0919756469726563,0.602,1.1637771606445313,0.583
gaussian_postrelu,3,1173,before,,1.0,recalibrated,0,0.05,-1,1.1479065551757812,0.591,1.1931278076171874,0.573
gaussian_postrelu,3,1173,before,,1.0,recalibrated,0,0.1,1,1.232674560546875,0.548,1.3039763793945311,0.539
gaussian_postrelu,3,1173,before,,1.0,recalibrated,0,0.1,-1,1.340932373046875,0.521,1.3588388061523438,0.506
gaussian_postrelu,3,1173,before,,1.0,recalibrated,0,0.2,1,1.5963447265625,0.44,1.6862730712890626,0.42
gaussian_postrelu,3,1173,before,,1.0,recalibrated,0,0.2,-1,1.7552645263671875,0.383,1.7770477905273439,0.395
gaussian_postrelu,3,1173,before,,1.0,recalibrated,0,0.25,1,1.774918701171875,0.38,1.873084228515625,0.364
gaussian_postrelu,3,1173,before,,1.0,recalibrated,0,0.25,-1,1.93578125,0.332,1.963726318359375,0.346
gaussian_postrelu,3,1173,after,,0.85,saved,,0.0,0,1.1819275512695313,0.569,1.223607421875,0.562
gaussian_postrelu,3,1173,after,,0.85,recalibrated,,0.0,0,1.0639041137695313,0.612,1.1126860961914062,0.613
gaussian_postrelu,3,1173,after,,0.85,recalibrated,0,0.025,1,1.0573349609375,0.616,1.1188546142578124,0.608
gaussian_postrelu,3,1173,after,,0.85,recalibrated,0,0.025,-1,1.089052734375,0.608,1.1344569091796874,0.601
gaussian_postrelu,3,1173,after,,0.85,recalibrated,0,0.05,1,1.087115966796875,0.609,1.1545225830078125,0.599
gaussian_postrelu,3,1173,after,,0.85,recalibrated,0,0.05,-1,1.138031494140625,0.586,1.1787109375,0.573
gaussian_postrelu,3,1173,after,,0.85,recalibrated,0,0.1,1,1.2175066528320313,0.561,1.2840267333984374,0.536
gaussian_postrelu,3,1173,after,,0.85,recalibrated,0,0.1,-1,1.3139638061523438,0.523,1.33018603515625,0.52
gaussian_postrelu,3,1173,after,,0.85,recalibrated,0,0.2,1,1.5588253173828126,0.449,1.6344567260742187,0.426
gaussian_postrelu,3,1173,after,,0.85,recalibrated,0,0.2,-1,1.7027977294921874,0.392,1.7101378173828126,0.413
gaussian_postrelu,3,1173,after,,0.85,recalibrated,0,0.25,1,1.7272925415039062,0.384,1.80647509765625,0.362
gaussian_postrelu,3,1173,after,,0.85,recalibrated,0,0.25,-1,1.8708480224609374,0.337,1.8830916748046875,0.362
gaussian_postrelu,3,1173,final,,0.0,saved,,0.0,0,7.82861083984375,0.148,7.82342919921875,0.146
gaussian_postrelu,3,1173,final,,0.0,recalibrated,,0.0,0,1.8140513305664063,0.352,1.8212168579101562,0.337
gaussian_postrelu,3,1173,final,,0.0,recalibrated,0,0.025,1,1.8146002807617188,0.343,1.8246744995117188,0.339
gaussian_postrelu,3,1173,final,,0.0,recalibrated,0,0.025,-1,1.8201700439453126,0.339,1.82443701171875,0.34
gaussian_postrelu,3,1173,final,,0.0,recalibrated,0,0.05,1,1.8236685180664063,0.335,1.83859130859375,0.33
gaussian_postrelu,3,1173,final,,0.0,recalibrated,0,0.05,-1,1.8394950561523438,0.335,1.8431930541992188,0.327
gaussian_postrelu,3,1173,final,,0.0,recalibrated,0,0.1,1,1.87737841796875,0.339,1.8931258544921874,0.312
gaussian_postrelu,3,1173,final,,0.0,recalibrated,0,0.1,-1,1.9088863525390625,0.311,1.9121161499023438,0.313
gaussian_postrelu,3,1173,final,,0.0,recalibrated,0,0.2,1,2.0218306274414064,0.26,2.039866943359375,0.256
gaussian_postrelu,3,1173,final,,0.0,recalibrated,0,0.2,-1,2.0577858276367187,0.213,2.059982666015625,0.238
gaussian_postrelu,3,1173,final,,0.0,recalibrated,0,0.25,1,2.09296142578125,0.238,2.1077314453125,0.24
gaussian_postrelu,3,1173,final,,0.0,recalibrated,0,0.25,-1,2.1210206298828127,0.19,2.120664306640625,0.207
gaussian_postrelu,3,1173,before,,1.0,recalibrated,1,0.025,1,1.0846832275390625,0.605,1.1318435668945312,0.604
gaussian_postrelu,3,1173,before,,1.0,recalibrated,1,0.025,-1,1.0526824951171876,0.613,1.119158447265625,0.609
gaussian_postrelu,3,1173,before,,1.0,recalibrated,1,0.05,1,1.1163350830078125,0.603,1.1565855712890625,0.597
gaussian_postrelu,3,1173,before,,1.0,recalibrated,1,0.05,-1,1.0567304077148438,0.613,1.1347756958007813,0.601
gaussian_postrelu,3,1173,before,,1.0,recalibrated,1,0.1,1,1.2186382446289064,0.569,1.246711669921875,0.55
gaussian_postrelu,3,1173,before,,1.0,recalibrated,1,0.1,-1,1.1125313110351562,0.593,1.2096149291992186,0.575
gaussian_postrelu,3,1173,before,,1.0,recalibrated,1,0.2,1,1.58026904296875,0.45,1.5822977905273437,0.441
gaussian_postrelu,3,1173,before,,1.0,recalibrated,1,0.2,-1,1.3764263305664062,0.521,1.4704385375976563,0.492
gaussian_postrelu,3,1173,before,,1.0,recalibrated,1,0.25,1,1.797862060546875,0.375,1.7627435302734376,0.379
gaussian_postrelu,3,1173,before,,1.0,recalibrated,1,0.25,-1,1.5407496337890625,0.458,1.6235523071289062,0.442
gaussian_postrelu,3,1173,after,,0.85,recalibrated,1,0.025,1,1.0844541015625,0.612,1.1253010864257813,0.608
gaussian_postrelu,3,1173,after,,0.85,recalibrated,1,0.025,-1,1.0530692749023438,0.615,1.1117227172851563,0.612
gaussian_postrelu,3,1173,after,,0.85,recalibrated,1,0.05,1,1.1155625,0.601,1.1485310668945312,0.61
gaussian_postrelu,3,1173,after,,0.85,recalibrated,1,0.05,-1,1.0554693603515626,0.608,1.1239888916015626,0.605
gaussian_postrelu,3,1173,after,,0.85,recalibrated,1,0.1,1,1.2165213012695313,0.573,1.2351365966796874,0.564
gaussian_postrelu,3,1173,after,,0.85,recalibrated,1,0.1,-1,1.1052498779296875,0.595,1.1864682006835938,0.586
gaussian_postrelu,3,1173,after,,0.85,recalibrated,1,0.2,1,1.556859130859375,0.45,1.5424437255859376,0.439
gaussian_postrelu,3,1173,after,,0.85,recalibrated,1,0.2,-1,1.337289794921875,0.527,1.4165853881835937,0.497
gaussian_postrelu,3,1173,after,,0.85,recalibrated,1,0.25,1,1.7584549560546876,0.385,1.7074027709960937,0.385
gaussian_postrelu,3,1173,after,,0.85,recalibrated,1,0.25,-1,1.4858102416992187,0.468,1.5610265502929688,0.44
gaussian_postrelu,3,1173,final,,0.0,recalibrated,1,0.025,1,1.8306687622070312,0.34,1.83430859375,0.321
gaussian_postrelu,3,1173,final,,0.0,recalibrated,1,0.025,-1,1.8042869873046874,0.356,1.8124441528320312,0.341
gaussian_postrelu,3,1173,final,,0.0,recalibrated,1,0.05,1,1.8544346923828126,0.329,1.8537268676757812,0.311
gaussian_postrelu,3,1173,final,,0.0,recalibrated,1,0.05,-1,1.7997164306640625,0.356,1.8108336181640625,0.346
gaussian_postrelu,3,1173,final,,0.0,recalibrated,1,0.1,1,1.9220717163085939,0.307,1.9239168701171876,0.285
gaussian_postrelu,3,1173,final,,0.0,recalibrated,1,0.1,-1,1.8039414672851561,0.35,1.8239808349609374,0.339
gaussian_postrelu,3,1173,final,,0.0,recalibrated,1,0.2,1,2.11928125,0.196,2.1089124755859374,0.195
gaussian_postrelu,3,1173,final,,0.0,recalibrated,1,0.2,-1,1.8653160400390625,0.336,1.9005809936523437,0.31
gaussian_postrelu,3,1173,final,,0.0,recalibrated,1,0.25,1,2.21688623046875,0.163,2.2112957763671877,0.148
gaussian_postrelu,3,1173,final,,0.0,recalibrated,1,0.25,-1,1.9178558349609376,0.307,1.96251611328125,0.285
gaussian_postrelu,3,1173,before,,1.0,recalibrated,2,0.025,1,1.087677001953125,0.603,1.1422955322265624,0.595
gaussian_postrelu,3,1173,before,,1.0,recalibrated,2,0.025,-1,1.0573746337890626,0.618,1.1154006958007812,0.615
gaussian_postrelu,3,1173,before,,1.0,recalibrated,2,0.05,1,1.1289240112304688,0.592,1.1848770141601563,0.583
gaussian_postrelu,3,1173,before,,1.0,recalibrated,2,0.05,-1,1.0714548950195313,0.607,1.129184814453125,0.594
gaussian_postrelu,3,1173,before,,1.0,recalibrated,2,0.1,1,1.2614522094726563,0.549,1.3110126953125,0.536
gaussian_postrelu,3,1173,before,,1.0,recalibrated,2,0.1,-1,1.195236328125,0.575,1.2672630615234375,0.547
gaussian_postrelu,3,1173,before,,1.0,recalibrated,2,0.2,1,1.6111653442382812,0.46,1.6043469848632812,0.442
gaussian_postrelu,3,1173,before,,1.0,recalibrated,2,0.2,-1,1.5860457763671876,0.443,1.645859619140625,0.428
gaussian_postrelu,3,1173,before,,1.0,recalibrated,2,0.25,1,1.80132470703125,0.409,1.7692263793945313,0.392
gaussian_postrelu,3,1173,before,,1.0,recalibrated,2,0.25,-1,1.7882633056640624,0.36,1.8131200561523437,0.362
gaussian_postrelu,3,1173,after,,0.85,recalibrated,2,0.025,1,1.0854603271484375,0.605,1.13417919921875,0.607
gaussian_postrelu,3,1173,after,,0.85,recalibrated,2,0.025,-1,1.0596053466796875,0.615,1.1090007934570312,0.601
gaussian_postrelu,3,1173,after,,0.85,recalibrated,2,0.05,1,1.12420361328125,0.586,1.172888916015625,0.592
gaussian_postrelu,3,1173,after,,0.85,recalibrated,2,0.05,-1,1.0741705322265624,0.601,1.1218370361328125,0.597
gaussian_postrelu,3,1173,after,,0.85,recalibrated,2,0.1,1,1.2492383422851563,0.552,1.2907774047851563,0.544
gaussian_postrelu,3,1173,after,,0.85,recalibrated,2,0.1,-1,1.1854425659179688,0.571,1.2468291015625,0.555
gaussian_postrelu,3,1173,after,,0.85,recalibrated,2,0.2,1,1.5723695678710938,0.461,1.5724197387695313,0.453
gaussian_postrelu,3,1173,after,,0.85,recalibrated,2,0.2,-1,1.5507474975585938,0.446,1.609837890625,0.429
gaussian_postrelu,3,1173,after,,0.85,recalibrated,2,0.25,1,1.7526187744140624,0.397,1.7311556396484375,0.394
gaussian_postrelu,3,1173,after,,0.85,recalibrated,2,0.25,-1,1.7413272094726562,0.373,1.77712255859375,0.364
gaussian_postrelu,3,1173,final,,0.0,recalibrated,2,0.025,1,1.8197610473632813,0.344,1.822333251953125,0.331
gaussian_postrelu,3,1173,final,,0.0,recalibrated,2,0.025,-1,1.8166449584960938,0.348,1.8277451782226561,0.336
gaussian_postrelu,3,1173,final,,0.0,recalibrated,2,0.05,1,1.8291719970703124,0.334,1.83050537109375,0.332
gaussian_postrelu,3,1173,final,,0.0,recalibrated,2,0.05,-1,1.830183349609375,0.338,1.8448650512695313,0.342
gaussian_postrelu,3,1173,final,,0.0,recalibrated,2,0.1,1,1.8618281860351562,0.333,1.8677452392578124,0.321
gaussian_postrelu,3,1173,final,,0.0,recalibrated,2,0.1,-1,1.8848883056640624,0.313,1.9104500122070311,0.305
gaussian_postrelu,3,1173,final,,0.0,recalibrated,2,0.2,1,1.9966063842773438,0.283,1.9936459350585938,0.27
gaussian_postrelu,3,1173,final,,0.0,recalibrated,2,0.2,-1,2.038844177246094,0.255,2.0740267333984375,0.233
gaussian_postrelu,3,1173,final,,0.0,recalibrated,2,0.25,1,2.083614990234375,0.248,2.0779879150390625,0.229
gaussian_postrelu,3,1173,final,,0.0,recalibrated,2,0.25,-1,2.1197099609375,0.237,2.1543544921875,0.205
gaussian_postrelu,3,1173,before,,1.0,recalibrated,3,0.025,1,1.067977294921875,0.612,1.1243018798828126,0.603
gaussian_postrelu,3,1173,before,,1.0,recalibrated,3,0.025,-1,1.0745186157226563,0.609,1.131457763671875,0.598
gaussian_postrelu,3,1173,before,,1.0,recalibrated,3,0.05,1,1.0901527099609376,0.596,1.1458013916015626,0.591
gaussian_postrelu,3,1173,before,,1.0,recalibrated,3,0.05,-1,1.1091550903320313,0.6,1.1687998046875,0.581
gaussian_postrelu,3,1173,before,,1.0,recalibrated,3,0.1,1,1.1940281372070312,0.554,1.23376171875,0.549
gaussian_postrelu,3,1173,before,,1.0,recalibrated,3,0.1,-1,1.2717259521484374,0.541,1.3519424438476562,0.508
gaussian_postrelu,3,1173,before,,1.0,recalibrated,3,0.2,1,1.4644617309570314,0.469,1.4885482177734375,0.478
gaussian_postrelu,3,1173,before,,1.0,recalibrated,3,0.2,-1,1.7658253784179687,0.377,1.8189534912109375,0.375
gaussian_postrelu,3,1173,before,,1.0,recalibrated,3,0.25,1,1.611973876953125,0.44,1.6426973876953126,0.434
gaussian_postrelu,3,1173,before,,1.0,recalibrated,3,0.25,-1,1.9791201782226562,0.319,2.033566833496094,0.314
gaussian_postrelu,3,1173,after,,0.85,recalibrated,3,0.025,1,1.0671129760742188,0.613,1.11785107421875,0.602
gaussian_postrelu,3,1173,after,,0.85,recalibrated,3,0.025,-1,1.074146240234375,0.615,1.1224160766601563,0.608
gaussian_postrelu,3,1173,after,,0.85,recalibrated,3,0.05,1,1.08530029296875,0.596,1.137525634765625,0.595
gaussian_postrelu,3,1173,after,,0.85,recalibrated,3,0.05,-1,1.1064511108398438,0.596,1.1550099487304688,0.596
gaussian_postrelu,3,1173,after,,0.85,recalibrated,3,0.1,1,1.1799693603515624,0.558,1.2198305053710938,0.563
gaussian_postrelu,3,1173,after,,0.85,recalibrated,3,0.1,-1,1.260617919921875,0.541,1.332221435546875,0.521
gaussian_postrelu,3,1173,after,,0.85,recalibrated,3,0.2,1,1.4378328857421876,0.471,1.4615676879882813,0.486
gaussian_postrelu,3,1173,after,,0.85,recalibrated,3,0.2,-1,1.7143138427734375,0.38,1.759500732421875,0.373
gaussian_postrelu,3,1173,after,,0.85,recalibrated,3,0.25,1,1.5800338745117188,0.431,1.60576318359375,0.451
gaussian_postrelu,3,1173,after,,0.85,recalibrated,3,0.25,-1,1.9110345458984375,0.321,1.9560086059570312,0.317
gaussian_postrelu,3,1173,final,,0.0,recalibrated,3,0.025,1,1.8148192749023437,0.349,1.8203067626953124,0.332
gaussian_postrelu,3,1173,final,,0.0,recalibrated,3,0.025,-1,1.8221495361328126,0.347,1.8295426025390624,0.341
gaussian_postrelu,3,1173,final,,0.0,recalibrated,3,0.05,1,1.8174215698242187,0.342,1.8271640625,0.336
gaussian_postrelu,3,1173,final,,0.0,recalibrated,3,0.05,-1,1.841176513671875,0.339,1.8582537841796876,0.334
gaussian_postrelu,3,1173,final,,0.0,recalibrated,3,0.1,1,1.843277099609375,0.321,1.8573419189453124,0.319
gaussian_postrelu,3,1173,final,,0.0,recalibrated,3,0.1,-1,1.9225233764648437,0.309,1.936965087890625,0.308
gaussian_postrelu,3,1173,final,,0.0,recalibrated,3,0.2,1,1.937399169921875,0.268,1.9630864868164062,0.278
gaussian_postrelu,3,1173,final,,0.0,recalibrated,3,0.2,-1,2.0996046142578124,0.222,2.0980032958984376,0.225
gaussian_postrelu,3,1173,final,,0.0,recalibrated,3,0.25,1,1.9932527465820313,0.249,2.021447326660156,0.252
gaussian_postrelu,3,1173,final,,0.0,recalibrated,3,0.25,-1,2.165120361328125,0.198,2.16705615234375,0.204
gaussian_postrelu,3,1173,before,,1.0,recalibrated,4,0.025,1,1.073989013671875,0.608,1.1243196411132812,0.598
gaussian_postrelu,3,1173,before,,1.0,recalibrated,4,0.025,-1,1.0612919921875,0.613,1.1209783325195313,0.613
gaussian_postrelu,3,1173,before,,1.0,recalibrated,4,0.05,1,1.0951714477539063,0.599,1.140939208984375,0.594
gaussian_postrelu,3,1173,before,,1.0,recalibrated,4,0.05,-1,1.0650874633789063,0.606,1.13172412109375,0.602
gaussian_postrelu,3,1173,before,,1.0,recalibrated,4,0.1,1,1.1707364501953126,0.58,1.207267333984375,0.567
gaussian_postrelu,3,1173,before,,1.0,recalibrated,4,0.1,-1,1.10458740234375,0.593,1.1811342163085938,0.565
gaussian_postrelu,3,1173,before,,1.0,recalibrated,4,0.2,1,1.4757758178710938,0.466,1.4937947387695312,0.456
gaussian_postrelu,3,1173,before,,1.0,recalibrated,4,0.2,-1,1.35807373046875,0.517,1.4136618041992188,0.493
gaussian_postrelu,3,1173,before,,1.0,recalibrated,4,0.25,1,1.7188524169921875,0.402,1.7182098388671876,0.391
gaussian_postrelu,3,1173,before,,1.0,recalibrated,4,0.25,-1,1.5300098876953125,0.472,1.5751519775390626,0.426
gaussian_postrelu,3,1173,after,,0.85,recalibrated,4,0.025,1,1.0752904663085938,0.606,1.1191723022460938,0.609
gaussian_postrelu,3,1173,after,,0.85,recalibrated,4,0.025,-1,1.059896240234375,0.615,1.113818115234375,0.61
gaussian_postrelu,3,1173,after,,0.85,recalibrated,4,0.05,1,1.0953914794921875,0.601,1.13445263671875,0.601
gaussian_postrelu,3,1173,after,,0.85,recalibrated,4,0.05,-1,1.0620427856445311,0.609,1.12276611328125,0.604
gaussian_postrelu,3,1173,after,,0.85,recalibrated,4,0.1,1,1.1649771728515625,0.571,1.1943137817382812,0.573
gaussian_postrelu,3,1173,after,,0.85,recalibrated,4,0.1,-1,1.0956770629882813,0.597,1.166892822265625,0.581
gaussian_postrelu,3,1173,after,,0.85,recalibrated,4,0.2,1,1.44421240234375,0.466,1.4641972045898437,0.459
gaussian_postrelu,3,1173,after,,0.85,recalibrated,4,0.2,-1,1.322557861328125,0.521,1.3782906494140625,0.499
gaussian_postrelu,3,1173,after,,0.85,recalibrated,4,0.25,1,1.67101123046875,0.406,1.6782761840820313,0.394
gaussian_postrelu,3,1173,after,,0.85,recalibrated,4,0.25,-1,1.4858460693359374,0.476,1.5325027465820313,0.437
gaussian_postrelu,3,1173,final,,0.0,recalibrated,4,0.025,1,1.82288818359375,0.342,1.82874853515625,0.342
gaussian_postrelu,3,1173,final,,0.0,recalibrated,4,0.025,-1,1.8102062377929689,0.351,1.8181111450195313,0.325
gaussian_postrelu,3,1173,final,,0.0,recalibrated,4,0.05,1,1.8365560302734374,0.33,1.84251953125,0.342
gaussian_postrelu,3,1173,final,,0.0,recalibrated,4,0.05,-1,1.8099517822265625,0.353,1.8206615600585938,0.317
gaussian_postrelu,3,1173,final,,0.0,recalibrated,4,0.1,1,1.883271484375,0.326,1.8922271728515625,0.323
gaussian_postrelu,3,1173,final,,0.0,recalibrated,4,0.1,-1,1.819408203125,0.329,1.834119140625,0.316
gaussian_postrelu,3,1173,final,,0.0,recalibrated,4,0.2,1,2.061018310546875,0.267,2.07274267578125,0.266
gaussian_postrelu,3,1173,final,,0.0,recalibrated,4,0.2,-1,1.8946263427734376,0.297,1.9149712524414062,0.283
gaussian_postrelu,3,1173,final,,0.0,recalibrated,4,0.25,1,2.1618316650390623,0.233,2.168583740234375,0.238
gaussian_postrelu,3,1173,final,,0.0,recalibrated,4,0.25,-1,1.9560174560546875,0.281,1.9747965698242187,0.263
gaussian_postrelu,3,1173,before,,1.0,recalibrated,5,0.025,1,1.0758863525390625,0.615,1.1331441040039063,0.603
gaussian_postrelu,3,1173,before,,1.0,recalibrated,5,0.025,-1,1.062519287109375,0.61,1.1173314819335938,0.611
gaussian_postrelu,3,1173,before,,1.0,recalibrated,5,0.05,1,1.0975423583984374,0.616,1.1582021484375,0.599
gaussian_postrelu,3,1173,before,,1.0,recalibrated,5,0.05,-1,1.0763089599609375,0.601,1.1312440795898437,0.602
gaussian_postrelu,3,1173,before,,1.0,recalibrated,5,0.1,1,1.1746716918945312,0.597,1.244250732421875,0.567
gaussian_postrelu,3,1173,before,,1.0,recalibrated,5,0.1,-1,1.1531242065429688,0.585,1.2091861572265625,0.579
gaussian_postrelu,3,1173,before,,1.0,recalibrated,5,0.2,1,1.474573974609375,0.486,1.541003173828125,0.465
gaussian_postrelu,3,1173,before,,1.0,recalibrated,5,0.2,-1,1.461061279296875,0.485,1.491353271484375,0.475
gaussian_postrelu,3,1173,before,,1.0,recalibrated,5,0.25,1,1.6729132080078124,0.416,1.7317752685546874,0.398
gaussian_postrelu,3,1173,before,,1.0,recalibrated,5,0.25,-1,1.658598876953125,0.426,1.6613078002929687,0.423
gaussian_postrelu,3,1173,after,,0.85,recalibrated,5,0.025,1,1.0755675659179686,0.607,1.1253423461914063,0.606
gaussian_postrelu,3,1173,after,,0.85,recalibrated,5,0.025,-1,1.0617277221679688,0.611,1.1114992065429687,0.613
gaussian_postrelu,3,1173,after,,0.85,recalibrated,5,0.05,1,1.0958270874023437,0.604,1.1480524291992187,0.597
gaussian_postrelu,3,1173,after,,0.85,recalibrated,5,0.05,-1,1.0730584716796876,0.604,1.12476025390625,0.607
gaussian_postrelu,3,1173,after,,0.85,recalibrated,5,0.1,1,1.1657020874023438,0.588,1.2233324584960938,0.575
gaussian_postrelu,3,1173,after,,0.85,recalibrated,5,0.1,-1,1.1412562866210938,0.585,1.1939119262695312,0.573
gaussian_postrelu,3,1173,after,,0.85,recalibrated,5,0.2,1,1.4399412841796875,0.488,1.4921394653320312,0.471
gaussian_postrelu,3,1173,after,,0.85,recalibrated,5,0.2,-1,1.414829833984375,0.496,1.44603271484375,0.493
gaussian_postrelu,3,1173,after,,0.85,recalibrated,5,0.25,1,1.622707275390625,0.421,1.6723837890625,0.411
gaussian_postrelu,3,1173,after,,0.85,recalibrated,5,0.25,-1,1.5940482177734374,0.433,1.5986746215820313,0.433
gaussian_postrelu,3,1173,final,,0.0,recalibrated,5,0.025,1,1.81179736328125,0.349,1.8208790893554687,0.339
gaussian_postrelu,3,1173,final,,0.0,recalibrated,5,0.025,-1,1.820277099609375,0.349,1.8257150268554687,0.331
gaussian_postrelu,3,1173,final,,0.0,recalibrated,5,0.05,1,1.813379638671875,0.344,1.8251392822265624,0.335
gaussian_postrelu,3,1173,final,,0.0,recalibrated,5,0.05,-1,1.8324564208984375,0.338,1.8348858642578125,0.324
gaussian_postrelu,3,1173,final,,0.0,recalibrated,5,0.1,1,1.8307694091796876,0.351,1.8463458862304687,0.329
gaussian_postrelu,3,1173,final,,0.0,recalibrated,5,0.1,-1,1.8671444091796876,0.317,1.8673814697265625,0.313
gaussian_postrelu,3,1173,final,,0.0,recalibrated,5,0.2,1,1.9194708251953125,0.302,1.938317138671875,0.287
gaussian_postrelu,3,1173,final,,0.0,recalibrated,5,0.2,-1,1.9718706665039063,0.28,1.9703577270507813,0.267
gaussian_postrelu,3,1173,final,,0.0,recalibrated,5,0.25,1,1.9772206420898437,0.267,1.9975115356445312,0.264
gaussian_postrelu,3,1173,final,,0.0,recalibrated,5,0.25,-1,2.0371693115234377,0.259,2.0329214477539064,0.245
gaussian_postrelu,3,1173,before,,1.0,recalibrated,6,0.025,1,1.0730578002929687,0.61,1.1352671508789063,0.603
gaussian_postrelu,3,1173,before,,1.0,recalibrated,6,0.025,-1,1.0653599853515625,0.614,1.1144742431640624,0.623
gaussian_postrelu,3,1173,before,,1.0,recalibrated,6,0.05,1,1.0966611938476563,0.618,1.1635006713867186,0.586
gaussian_postrelu,3,1173,before,,1.0,recalibrated,6,0.05,-1,1.0769140625,0.606,1.1223333129882813,0.621
gaussian_postrelu,3,1173,before,,1.0,recalibrated,6,0.1,1,1.1801095581054688,0.596,1.245059326171875,0.545
gaussian_postrelu,3,1173,before,,1.0,recalibrated,6,0.1,-1,1.1350652465820312,0.587,1.1723718872070312,0.579
gaussian_postrelu,3,1173,before,,1.0,recalibrated,6,0.2,1,1.4288333129882813,0.507,1.4479296875,0.47
gaussian_postrelu,3,1173,before,,1.0,recalibrated,6,0.2,-1,1.4059466552734374,0.49,1.4103225708007812,0.505
gaussian_postrelu,3,1173,before,,1.0,recalibrated,6,0.25,1,1.5708311157226562,0.443,1.5673237915039062,0.441
gaussian_postrelu,3,1173,before,,1.0,recalibrated,6,0.25,-1,1.6075752563476562,0.43,1.597723388671875,0.433
gaussian_postrelu,3,1173,after,,0.85,recalibrated,6,0.025,1,1.0709100952148438,0.616,1.1264981689453124,0.603
gaussian_postrelu,3,1173,after,,0.85,recalibrated,6,0.025,-1,1.0674404907226562,0.612,1.1092095947265626,0.62
gaussian_postrelu,3,1173,after,,0.85,recalibrated,6,0.05,1,1.0912192993164063,0.612,1.1516818237304687,0.592
gaussian_postrelu,3,1173,after,,0.85,recalibrated,6,0.05,-1,1.0802802734375,0.614,1.115824462890625,0.616
gaussian_postrelu,3,1173,after,,0.85,recalibrated,6,0.1,1,1.1659893798828125,0.594,1.225386474609375,0.566
gaussian_postrelu,3,1173,after,,0.85,recalibrated,6,0.1,-1,1.1357660522460937,0.594,1.158047119140625,0.584
gaussian_postrelu,3,1173,after,,0.85,recalibrated,6,0.2,1,1.3995542602539062,0.503,1.4150101318359376,0.487
gaussian_postrelu,3,1173,after,,0.85,recalibrated,6,0.2,-1,1.3816713256835937,0.504,1.3735795288085937,0.511
gaussian_postrelu,3,1173,after,,0.85,recalibrated,6,0.25,1,1.5350008544921876,0.452,1.5271802978515625,0.439
gaussian_postrelu,3,1173,after,,0.85,recalibrated,6,0.25,-1,1.564532958984375,0.437,1.5456632690429688,0.444
gaussian_postrelu,3,1173,final,,0.0,recalibrated,6,0.025,1,1.8197042236328125,0.338,1.8282815551757812,0.343
gaussian_postrelu,3,1173,final,,0.0,recalibrated,6,0.025,-1,1.8133237915039062,0.342,1.8207477416992188,0.332
gaussian_postrelu,3,1173,final,,0.0,recalibrated,6,0.05,1,1.8305057373046876,0.332,1.8415455322265626,0.335
gaussian_postrelu,3,1173,final,,0.0,recalibrated,6,0.05,-1,1.81735595703125,0.345,1.8256085205078125,0.329
gaussian_postrelu,3,1173,final,,0.0,recalibrated,6,0.1,1,1.86737646484375,0.322,1.8773057861328124,0.32
gaussian_postrelu,3,1173,final,,0.0,recalibrated,6,0.1,-1,1.8388549194335937,0.333,1.847898193359375,0.319
gaussian_postrelu,3,1173,final,,0.0,recalibrated,6,0.2,1,1.9912516479492188,0.276,1.9960429077148438,0.27
gaussian_postrelu,3,1173,final,,0.0,recalibrated,6,0.2,-1,1.9272203369140626,0.293,1.9301248779296876,0.278
gaussian_postrelu,3,1173,final,,0.0,recalibrated,6,0.25,1,2.0691314697265626,0.249,2.077363525390625,0.233
gaussian_postrelu,3,1173,final,,0.0,recalibrated,6,0.25,-1,1.9877149658203126,0.287,1.9870281982421876,0.246
gaussian_postrelu,3,1173,before,,1.0,recalibrated,7,0.025,1,1.0728135986328124,0.612,1.1345132446289063,0.6
gaussian_postrelu,3,1173,before,,1.0,recalibrated,7,0.025,-1,1.0639849853515626,0.617,1.1161909790039062,0.604
gaussian_postrelu,3,1173,before,,1.0,recalibrated,7,0.05,1,1.0954534301757812,0.616,1.1626307373046876,0.594
gaussian_postrelu,3,1173,before,,1.0,recalibrated,7,0.05,-1,1.0745247802734375,0.604,1.1287450561523438,0.6
gaussian_postrelu,3,1173,before,,1.0,recalibrated,7,0.1,1,1.1919847412109374,0.581,1.2580877685546874,0.565
gaussian_postrelu,3,1173,before,,1.0,recalibrated,7,0.1,-1,1.143035888671875,0.577,1.1919146118164063,0.571
gaussian_postrelu,3,1173,before,,1.0,recalibrated,7,0.2,1,1.5827894897460937,0.443,1.6804442749023438,0.411
gaussian_postrelu,3,1173,before,,1.0,recalibrated,7,0.2,-1,1.398569091796875,0.498,1.4106107788085938,0.498
gaussian_postrelu,3,1173,before,,1.0,recalibrated,7,0.25,1,1.8639349975585937,0.353,1.9657860107421874,0.355
gaussian_postrelu,3,1173,before,,1.0,recalibrated,7,0.25,-1,1.5470393676757812,0.447,1.5394899291992188,0.447
gaussian_postrelu,3,1173,after,,0.85,recalibrated,7,0.025,1,1.0731698608398437,0.615,1.125454345703125,0.6
gaussian_postrelu,3,1173,after,,0.85,recalibrated,7,0.025,-1,1.0637503051757813,0.614,1.111540771484375,0.61
gaussian_postrelu,3,1173,after,,0.85,recalibrated,7,0.05,1,1.0944043579101563,0.607,1.15040087890625,0.596
gaussian_postrelu,3,1173,after,,0.85,recalibrated,7,0.05,-1,1.0736884765625,0.598,1.1243189697265625,0.597
gaussian_postrelu,3,1173,after,,0.85,recalibrated,7,0.1,1,1.1869461059570312,0.57,1.2449248657226561,0.564
gaussian_postrelu,3,1173,after,,0.85,recalibrated,7,0.1,-1,1.1389183349609375,0.584,1.186011474609375,0.573
gaussian_postrelu,3,1173,after,,0.85,recalibrated,7,0.2,1,1.56172021484375,0.438,1.638346435546875,0.421
gaussian_postrelu,3,1173,after,,0.85,recalibrated,7,0.2,-1,1.38088232421875,0.5,1.4018482055664063,0.493
gaussian_postrelu,3,1173,after,,0.85,recalibrated,7,0.25,1,1.824673095703125,0.358,1.9038206787109375,0.349
gaussian_postrelu,3,1173,after,,0.85,recalibrated,7,0.25,-1,1.5243884887695311,0.45,1.52763720703125,0.456
gaussian_postrelu,3,1173,final,,0.0,recalibrated,7,0.025,1,1.8228773803710938,0.344,1.8306464233398438,0.341
gaussian_postrelu,3,1173,final,,0.0,recalibrated,7,0.025,-1,1.8116290283203125,0.352,1.8185663452148437,0.336
gaussian_postrelu,3,1173,final,,0.0,recalibrated,7,0.05,1,1.8404679565429687,0.329,1.8517586669921875,0.32
gaussian_postrelu,3,1173,final,,0.0,recalibrated,7,0.05,-1,1.8133018798828124,0.349,1.8226629028320311,0.336
gaussian_postrelu,3,1173,final,,0.0,recalibrated,7,0.1,1,1.9038256225585937,0.301,1.9198291625976562,0.288
gaussian_postrelu,3,1173,final,,0.0,recalibrated,7,0.1,-1,1.8302310180664063,0.349,1.8463696899414062,0.332
gaussian_postrelu,3,1173,final,,0.0,recalibrated,7,0.2,1,2.081928466796875,0.236,2.115427001953125,0.213
gaussian_postrelu,3,1173,final,,0.0,recalibrated,7,0.2,-1,1.919974609375,0.309,1.9250287475585937,0.286
gaussian_postrelu,3,1173,final,,0.0,recalibrated,7,0.25,1,2.17786474609375,0.198,2.2109735107421873,0.189
gaussian_postrelu,3,1173,final,,0.0,recalibrated,7,0.25,-1,1.9801668090820312,0.27,1.9784021606445312,0.262
gaussian_postrelu,3,1173,before,,1.0,recalibrated,8,0.025,1,1.078961181640625,0.612,1.1383092651367188,0.598
gaussian_postrelu,3,1173,before,,1.0,recalibrated,8,0.025,-1,1.0588700561523436,0.613,1.1154219970703125,0.615
gaussian_postrelu,3,1173,before,,1.0,recalibrated,8,0.05,1,1.1114129638671875,0.596,1.1785070190429687,0.573
gaussian_postrelu,3,1173,before,,1.0,recalibrated,8,0.05,-1,1.06642236328125,0.607,1.1249884033203126,0.596
gaussian_postrelu,3,1173,before,,1.0,recalibrated,8,0.1,1,1.2269561157226563,0.564,1.298544677734375,0.542
gaussian_postrelu,3,1173,before,,1.0,recalibrated,8,0.1,-1,1.12059033203125,0.594,1.181059814453125,0.587
gaussian_postrelu,3,1173,before,,1.0,recalibrated,8,0.2,1,1.5443988647460938,0.458,1.603488037109375,0.432
gaussian_postrelu,3,1173,before,,1.0,recalibrated,8,0.2,-1,1.3766514892578126,0.501,1.42374365234375,0.51
gaussian_postrelu,3,1173,before,,1.0,recalibrated,8,0.25,1,1.7073841552734375,0.414,1.7398446044921876,0.378
gaussian_postrelu,3,1173,before,,1.0,recalibrated,8,0.25,-1,1.5667611083984374,0.435,1.5929772338867187,0.448
gaussian_postrelu,3,1173,after,,0.85,recalibrated,8,0.025,1,1.0781884155273438,0.613,1.130452880859375,0.603
gaussian_postrelu,3,1173,after,,0.85,recalibrated,8,0.025,-1,1.059548095703125,0.623,1.1090105590820312,0.615
gaussian_postrelu,3,1173,after,,0.85,recalibrated,8,0.05,1,1.1069817504882813,0.607,1.1645400390625,0.577
gaussian_postrelu,3,1173,after,,0.85,recalibrated,8,0.05,-1,1.0659812622070313,0.61,1.117735107421875,0.607
gaussian_postrelu,3,1173,after,,0.85,recalibrated,8,0.1,1,1.2141148681640626,0.561,1.2720447998046875,0.545
gaussian_postrelu,3,1173,after,,0.85,recalibrated,8,0.1,-1,1.1156162719726563,0.601,1.1695114135742188,0.586
gaussian_postrelu,3,1173,after,,0.85,recalibrated,8,0.2,1,1.5120471801757813,0.464,1.558087646484375,0.446
gaussian_postrelu,3,1173,after,,0.85,recalibrated,8,0.2,-1,1.352308349609375,0.499,1.397897705078125,0.513
gaussian_postrelu,3,1173,after,,0.85,recalibrated,8,0.25,1,1.6612267456054688,0.408,1.6872288208007813,0.388
gaussian_postrelu,3,1173,after,,0.85,recalibrated,8,0.25,-1,1.5296679077148438,0.451,1.5591731567382812,0.452
gaussian_postrelu,3,1173,final,,0.0,recalibrated,8,0.025,1,1.8166148071289063,0.348,1.8225548706054688,0.336
gaussian_postrelu,3,1173,final,,0.0,recalibrated,8,0.025,-1,1.8174524536132812,0.347,1.8225183715820312,0.331
gaussian_postrelu,3,1173,final,,0.0,recalibrated,8,0.05,1,1.8232408447265624,0.345,1.8306072387695314,0.336
gaussian_postrelu,3,1173,final,,0.0,recalibrated,8,0.05,-1,1.8255526733398437,0.344,1.8276800537109374,0.33
gaussian_postrelu,3,1173,final,,0.0,recalibrated,8,0.1,1,1.8513402709960938,0.331,1.86441552734375,0.333
gaussian_postrelu,3,1173,final,,0.0,recalibrated,8,0.1,-1,1.848578125,0.326,1.8506607055664062,0.31
gaussian_postrelu,3,1173,final,,0.0,recalibrated,8,0.2,1,1.973525146484375,0.244,1.9735386352539062,0.259
gaussian_postrelu,3,1173,final,,0.0,recalibrated,8,0.2,-1,1.9320751953125,0.289,1.9494552612304688,0.274
gaussian_postrelu,3,1173,final,,0.0,recalibrated,8,0.25,1,2.04884765625,0.217,2.0414610595703127,0.231
gaussian_postrelu,3,1173,final,,0.0,recalibrated,8,0.25,-1,1.996950439453125,0.271,2.01993408203125,0.252
gaussian_postrelu,3,1173,before,,1.0,recalibrated,9,0.025,1,1.0770628662109376,0.612,1.1301414794921876,0.605
gaussian_postrelu,3,1173,before,,1.0,recalibrated,9,0.025,-1,1.057468994140625,0.617,1.11791162109375,0.609
gaussian_postrelu,3,1173,before,,1.0,recalibrated,9,0.05,1,1.097320556640625,0.607,1.1533905029296876,0.599
gaussian_postrelu,3,1173,before,,1.0,recalibrated,9,0.05,-1,1.060968994140625,0.609,1.127135986328125,0.603
gaussian_postrelu,3,1173,before,,1.0,recalibrated,9,0.1,1,1.169835693359375,0.579,1.2442344360351563,0.553
gaussian_postrelu,3,1173,before,,1.0,recalibrated,9,0.1,-1,1.1099232177734375,0.596,1.1796612548828125,0.585
gaussian_postrelu,3,1173,before,,1.0,recalibrated,9,0.2,1,1.5482783203125,0.455,1.63624951171875,0.427
gaussian_postrelu,3,1173,before,,1.0,recalibrated,9,0.2,-1,1.367626708984375,0.524,1.4293623657226562,0.482
gaussian_postrelu,3,1173,before,,1.0,recalibrated,9,0.25,1,1.7961651611328124,0.389,1.8747669677734375,0.362
gaussian_postrelu,3,1173,before,,1.0,recalibrated,9,0.25,-1,1.5458399658203126,0.466,1.5981022338867188,0.437
gaussian_postrelu,3,1173,after,,0.85,recalibrated,9,0.025,1,1.0768134765625,0.614,1.12304150390625,0.611
gaussian_postrelu,3,1173,after,,0.85,recalibrated,9,0.025,-1,1.0576918334960939,0.614,1.1119067993164062,0.606
gaussian_postrelu,3,1173,after,,0.85,recalibrated,9,0.05,1,1.0982169189453126,0.607,1.1437133178710936,0.606
gaussian_postrelu,3,1173,after,,0.85,recalibrated,9,0.05,-1,1.0604185791015626,0.614,1.1209151611328125,0.599
gaussian_postrelu,3,1173,after,,0.85,recalibrated,9,0.1,1,1.1727781372070312,0.581,1.2288656005859375,0.557
gaussian_postrelu,3,1173,after,,0.85,recalibrated,9,0.1,-1,1.1059066772460937,0.604,1.1693880615234375,0.581
gaussian_postrelu,3,1173,after,,0.85,recalibrated,9,0.2,1,1.5414445190429686,0.448,1.6078623046875,0.435
gaussian_postrelu,3,1173,after,,0.85,recalibrated,9,0.2,-1,1.34563427734375,0.515,1.3995784912109375,0.487
gaussian_postrelu,3,1173,after,,0.85,recalibrated,9,0.25,1,1.7750753173828124,0.388,1.8305455932617187,0.376
gaussian_postrelu,3,1173,after,,0.85,recalibrated,9,0.25,-1,1.5133265991210938,0.461,1.557601806640625,0.441
gaussian_postrelu,3,1173,final,,0.0,recalibrated,9,0.025,1,1.83203662109375,0.348,1.836688232421875,0.334
gaussian_postrelu,3,1173,final,,0.0,recalibrated,9,0.025,-1,1.8021320190429688,0.352,1.810328125,0.34
gaussian_postrelu,3,1173,final,,0.0,recalibrated,9,0.05,1,1.8575145874023438,0.335,1.8596787109375,0.33
gaussian_postrelu,3,1173,final,,0.0,recalibrated,9,0.05,-1,1.7953053588867187,0.346,1.8048532104492188,0.333
gaussian_postrelu,3,1173,final,,0.0,recalibrated,9,0.1,1,1.9304302368164064,0.313,1.9327992553710938,0.313
gaussian_postrelu,3,1173,final,,0.0,recalibrated,9,0.1,-1,1.79450830078125,0.335,1.8089619140625,0.315
gaussian_postrelu,3,1173,final,,0.0,recalibrated,9,0.2,1,2.1370321044921874,0.237,2.1431396484375,0.242
gaussian_postrelu,3,1173,final,,0.0,recalibrated,9,0.2,-1,1.843781494140625,0.315,1.8658251953125,0.284
gaussian_postrelu,3,1173,final,,0.0,recalibrated,9,0.25,1,2.2173275146484377,0.209,2.229361572265625,0.204
gaussian_postrelu,3,1173,final,,0.0,recalibrated,9,0.25,-1,1.8893358154296875,0.292,1.9096045532226562,0.266
gaussian_postrelu,3,8211,before,,0.3,saved,,0.0,0,0.32289164733886716,0.886,0.5605692291259765,0.807
gaussian_postrelu,3,8211,before,,0.3,recalibrated,,0.0,0,0.3156425018310547,0.895,0.5618086242675782,0.804
gaussian_postrelu,3,8211,before,,0.3,recalibrated,0,0.025,1,0.371822265625,0.875,0.6109782409667969,0.775
gaussian_postrelu,3,8211,before,,0.3,recalibrated,0,0.025,-1,0.3363795623779297,0.887,0.5752700805664063,0.806
gaussian_postrelu,3,8211,before,,0.3,recalibrated,0,0.05,1,0.5081467590332032,0.828,0.7161796264648438,0.748
gaussian_postrelu,3,8211,before,,0.3,recalibrated,0,0.05,-1,0.4407236633300781,0.84,0.6721954956054688,0.775
gaussian_postrelu,3,8211,before,,0.3,recalibrated,0,0.1,1,0.8179343872070313,0.722,1.0072232971191406,0.668
gaussian_postrelu,3,8211,before,,0.3,recalibrated,0,0.1,-1,0.7643859558105469,0.751,0.9499045104980469,0.687
gaussian_postrelu,3,8211,before,,0.3,recalibrated,0,0.2,1,1.6333576049804688,0.518,1.765240234375,0.497
gaussian_postrelu,3,8211,before,,0.3,recalibrated,0,0.2,-1,1.4891934204101562,0.542,1.5515252075195312,0.499
gaussian_postrelu,3,8211,before,,0.3,recalibrated,0,0.25,1,2.0443603515625,0.433,2.1820028076171876,0.431
gaussian_postrelu,3,8211,before,,0.3,recalibrated,0,0.25,-1,1.8158446044921874,0.434,1.8607969360351562,0.428
gaussian_postrelu,3,8211,after,,0.0,saved,,0.0,0,0.32970635986328123,0.884,0.5650292358398438,0.804
gaussian_postrelu,3,8211,after,,0.0,recalibrated,,0.0,0,0.32277069091796873,0.895,0.5653292236328125,0.807
gaussian_postrelu,3,8211,after,,0.0,recalibrated,0,0.025,1,0.3796311492919922,0.873,0.6147824401855468,0.775
gaussian_postrelu,3,8211,after,,0.0,recalibrated,0,0.025,-1,0.34337693786621093,0.888,0.579225341796875,0.802
gaussian_postrelu,3,8211,after,,0.0,recalibrated,0,0.05,1,0.5152254333496094,0.82,0.7181766357421875,0.747
gaussian_postrelu,3,8211,after,,0.0,recalibrated,0,0.05,-1,0.4483701934814453,0.844,0.6755419921875,0.775
gaussian_postrelu,3,8211,after,,0.0,recalibrated,0,0.1,1,0.8237022094726563,0.719,1.0072978515625,0.663
gaussian_postrelu,3,8211,after,,0.0,recalibrated,0,0.1,-1,0.7700673828125,0.751,0.9524816284179688,0.682
gaussian_postrelu,3,8211,after,,0.0,recalibrated,0,0.2,1,1.6255322265625,0.514,1.7548770141601562,0.494
gaussian_postrelu,3,8211,after,,0.0,recalibrated,0,0.2,-1,1.4912314453125,0.534,1.5469385986328126,0.496
gaussian_postrelu,3,8211,after,,0.0,recalibrated,0,0.25,1,2.0284422607421875,0.433,2.16571240234375,0.428
gaussian_postrelu,3,8211,after,,0.0,recalibrated,0,0.25,-1,1.8126160278320314,0.433,1.8522183227539062,0.427
gaussian_postrelu,3,8211,before,,0.3,recalibrated,1,0.025,1,0.3256855010986328,0.887,0.5672266845703124,0.806
gaussian_postrelu,3,8211,before,,0.3,recalibrated,1,0.025,-1,0.33965013122558596,0.887,0.5839422607421875,0.791
gaussian_postrelu,3,8211,before,,0.3,recalibrated,1,0.05,1,0.3652800598144531,0.872,0.5988152770996094,0.796
gaussian_postrelu,3,8211,before,,0.3,recalibrated,1,0.05,-1,0.4045234680175781,0.86,0.6420778198242187,0.769
gaussian_postrelu,3,8211,before,,0.3,recalibrated,1,0.1,1,0.5644033203125,0.809,0.772555908203125,0.742
gaussian_postrelu,3,8211,before,,0.3,recalibrated,1,0.1,-1,0.6397243347167969,0.778,0.829654296875,0.729
gaussian_postrelu,3,8211,before,,0.3,recalibrated,1,0.2,1,1.2418486938476563,0.587,1.3637106323242187,0.557
gaussian_postrelu,3,8211,before,,0.3,recalibrated,1,0.2,-1,1.2149964599609375,0.613,1.3288095092773438,0.608
gaussian_postrelu,3,8211,before,,0.3,recalibrated,1,0.25,1,1.633652099609375,0.492,1.7163677978515626,0.478
gaussian_postrelu,3,8211,before,,0.3,recalibrated,1,0.25,-1,1.5087587890625,0.534,1.5902276000976563,0.537
gaussian_postrelu,3,8211,after,,0.0,recalibrated,1,0.025,1,0.33272027587890624,0.884,0.5703261413574219,0.808
gaussian_postrelu,3,8211,after,,0.0,recalibrated,1,0.025,-1,0.34662449645996096,0.883,0.5887322692871094,0.789
gaussian_postrelu,3,8211,after,,0.0,recalibrated,1,0.05,1,0.37245428466796876,0.871,0.6022637939453125,0.792
gaussian_postrelu,3,8211,after,,0.0,recalibrated,1,0.05,-1,0.4115007019042969,0.86,0.6460668334960937,0.765
gaussian_postrelu,3,8211,after,,0.0,recalibrated,1,0.1,1,0.5707880554199218,0.804,0.7761022644042969,0.737
gaussian_postrelu,3,8211,after,,0.0,recalibrated,1,0.1,-1,0.6463875427246094,0.776,0.8318384094238281,0.727
gaussian_postrelu,3,8211,after,,0.0,recalibrated,1,0.2,1,1.2429397583007813,0.583,1.3606234741210939,0.548
gaussian_postrelu,3,8211,after,,0.0,recalibrated,1,0.2,-1,1.2173701782226563,0.607,1.3260707397460938,0.604
gaussian_postrelu,3,8211,after,,0.0,recalibrated,1,0.25,1,1.6323343505859376,0.498,1.71201220703125,0.471
gaussian_postrelu,3,8211,after,,0.0,recalibrated,1,0.25,-1,1.5066303100585938,0.537,1.5848576049804688,0.533
gaussian_postrelu,3,8211,before,,0.3,recalibrated,2,0.025,1,0.3203662567138672,0.888,0.569656494140625,0.805
gaussian_postrelu,3,8211,before,,0.3,recalibrated,2,0.025,-1,0.33445953369140624,0.888,0.5734580688476563,0.796
gaussian_postrelu,3,8211,before,,0.3,recalibrated,2,0.05,1,0.3550562286376953,0.878,0.6018613891601563,0.799
gaussian_postrelu,3,8211,before,,0.3,recalibrated,2,0.05,-1,0.3843831329345703,0.874,0.6206067199707032,0.778
gaussian_postrelu,3,8211,before,,0.3,recalibrated,2,0.1,1,0.5349380187988281,0.806,0.7634624938964844,0.741
gaussian_postrelu,3,8211,before,,0.3,recalibrated,2,0.1,-1,0.6134136047363281,0.783,0.8179769897460938,0.718
gaussian_postrelu,3,8211,before,,0.3,recalibrated,2,0.2,1,1.2188553466796874,0.612,1.3838077392578125,0.58
gaussian_postrelu,3,8211,before,,0.3,recalibrated,2,0.2,-1,1.3661722412109376,0.584,1.5954384155273438,0.544
gaussian_postrelu,3,8211,before,,0.3,recalibrated,2,0.25,1,1.638836669921875,0.5,1.7605205688476562,0.486
gaussian_postrelu,3,8211,before,,0.3,recalibrated,2,0.25,-1,1.7591991577148438,0.5,2.0233953857421874,0.448
gaussian_postrelu,3,8211,after,,0.0,recalibrated,2,0.025,1,0.32802400207519533,0.886,0.57337158203125,0.805
gaussian_postrelu,3,8211,after,,0.0,recalibrated,2,0.025,-1,0.34127407836914064,0.887,0.5775487976074218,0.797
gaussian_postrelu,3,8211,after,,0.0,recalibrated,2,0.05,1,0.36356837463378905,0.872,0.6063190002441406,0.794
gaussian_postrelu,3,8211,after,,0.0,recalibrated,2,0.05,-1,0.3912975769042969,0.871,0.6239019165039063,0.772
gaussian_postrelu,3,8211,after,,0.0,recalibrated,2,0.1,1,0.5444817810058594,0.799,0.7697015380859376,0.738
gaussian_postrelu,3,8211,after,,0.0,recalibrated,2,0.1,-1,0.6206487731933594,0.779,0.8207769775390625,0.72
gaussian_postrelu,3,8211,after,,0.0,recalibrated,2,0.2,1,1.222155029296875,0.605,1.386037109375,0.578
gaussian_postrelu,3,8211,after,,0.0,recalibrated,2,0.2,-1,1.3709810791015624,0.578,1.5962455444335937,0.537
gaussian_postrelu,3,8211,after,,0.0,recalibrated,2,0.25,1,1.638702880859375,0.492,1.757724365234375,0.48
gaussian_postrelu,3,8211,after,,0.0,recalibrated,2,0.25,-1,1.76039453125,0.501,2.020754150390625,0.44
gaussian_postrelu,3,8211,before,,0.3,recalibrated,3,0.025,1,0.3454433898925781,0.879,0.5868825378417969,0.799
gaussian_postrelu,3,8211,before,,0.3,recalibrated,3,0.025,-1,0.3262462005615234,0.889,0.5662805633544922,0.802
gaussian_postrelu,3,8211,before,,0.3,recalibrated,3,0.05,1,0.4273651123046875,0.841,0.6477302856445313,0.781
gaussian_postrelu,3,8211,before,,0.3,recalibrated,3,0.05,-1,0.3836832122802734,0.863,0.6192752075195312,0.785
gaussian_postrelu,3,8211,before,,0.3,recalibrated,3,0.1,1,0.6204717102050781,0.789,0.8103334655761719,0.736
gaussian_postrelu,3,8211,before,,0.3,recalibrated,3,0.1,-1,0.6044074096679688,0.79,0.8144663696289063,0.721
gaussian_postrelu,3,8211,before,,0.3,recalibrated,3,0.2,1,1.0968218383789063,0.637,1.2197171020507813,0.622
gaussian_postrelu,3,8211,before,,0.3,recalibrated,3,0.2,-1,1.295864990234375,0.575,1.4001898803710937,0.559
gaussian_postrelu,3,8211,before,,0.3,recalibrated,3,0.25,1,1.3798052978515625,0.553,1.4614583740234375,0.537
gaussian_postrelu,3,8211,before,,0.3,recalibrated,3,0.25,-1,1.646271484375,0.469,1.6999473266601564,0.465
gaussian_postrelu,3,8211,after,,0.0,recalibrated,3,0.025,1,0.3528948974609375,0.877,0.5900149230957031,0.797
gaussian_postrelu,3,8211,after,,0.0,recalibrated,3,0.025,-1,0.33342129516601565,0.89,0.5707926940917969,0.805
gaussian_postrelu,3,8211,after,,0.0,recalibrated,3,0.05,1,0.43445195007324217,0.838,0.6496509094238281,0.778
gaussian_postrelu,3,8211,after,,0.0,recalibrated,3,0.05,-1,0.3912196044921875,0.864,0.624454833984375,0.783
gaussian_postrelu,3,8211,after,,0.0,recalibrated,3,0.1,1,0.6270870361328125,0.79,0.8109913024902343,0.733
gaussian_postrelu,3,8211,after,,0.0,recalibrated,3,0.1,-1,0.6122093200683594,0.792,0.8174847717285156,0.724
gaussian_postrelu,3,8211,after,,0.0,recalibrated,3,0.2,1,1.1002084350585937,0.63,1.2174163208007813,0.614
gaussian_postrelu,3,8211,after,,0.0,recalibrated,3,0.2,-1,1.2962916870117187,0.571,1.3917548217773437,0.554
gaussian_postrelu,3,8211,after,,0.0,recalibrated,3,0.25,1,1.379107421875,0.549,1.4585387573242188,0.528
gaussian_postrelu,3,8211,after,,0.0,recalibrated,3,0.25,-1,1.640902099609375,0.464,1.6838953857421874,0.464
gaussian_postrelu,3,8211,before,,0.3,recalibrated,4,0.025,1,0.3247016754150391,0.888,0.5622471618652344,0.801
gaussian_postrelu,3,8211,before,,0.3,recalibrated,4,0.025,-1,0.3222024230957031,0.897,0.5756176452636719,0.797
gaussian_postrelu,3,8211,before,,0.3,recalibrated,4,0.05,1,0.3499706726074219,0.877,0.5727607727050781,0.804
gaussian_postrelu,3,8211,before,,0.3,recalibrated,4,0.05,-1,0.3455908050537109,0.881,0.6065160827636719,0.786
gaussian_postrelu,3,8211,before,,0.3,recalibrated,4,0.1,1,0.465201171875,0.839,0.653494140625,0.785
gaussian_postrelu,3,8211,before,,0.3,recalibrated,4,0.1,-1,0.4368235015869141,0.847,0.7158506469726562,0.761
gaussian_postrelu,3,8211,before,,0.3,recalibrated,4,0.2,1,0.9411349182128906,0.671,1.0686381225585937,0.646
gaussian_postrelu,3,8211,before,,0.3,recalibrated,4,0.2,-1,0.7822400817871094,0.742,1.0161332397460938,0.664
gaussian_postrelu,3,8211,before,,0.3,recalibrated,4,0.25,1,1.31133544921875,0.562,1.4128233032226563,0.534
gaussian_postrelu,3,8211,before,,0.3,recalibrated,4,0.25,-1,1.0065516052246093,0.659,1.2166788940429687,0.611
gaussian_postrelu,3,8211,after,,0.0,recalibrated,4,0.025,1,0.33189498901367187,0.887,0.5654225158691406,0.802
gaussian_postrelu,3,8211,after,,0.0,recalibrated,4,0.025,-1,0.32930995178222655,0.893,0.5793183898925781,0.793
gaussian_postrelu,3,8211,after,,0.0,recalibrated,4,0.05,1,0.35744544982910154,0.877,0.5767249145507812,0.81
gaussian_postrelu,3,8211,after,,0.0,recalibrated,4,0.05,-1,0.352892822265625,0.878,0.6101982421875,0.782
gaussian_postrelu,3,8211,after,,0.0,recalibrated,4,0.1,1,0.4730595245361328,0.832,0.6601290893554688,0.782
gaussian_postrelu,3,8211,after,,0.0,recalibrated,4,0.1,-1,0.44505459594726565,0.843,0.7186613464355469,0.762
gaussian_postrelu,3,8211,after,,0.0,recalibrated,4,0.2,1,0.9535790405273438,0.667,1.0821162719726563,0.639
gaussian_postrelu,3,8211,after,,0.0,recalibrated,4,0.2,-1,0.7896853637695312,0.742,1.0168958740234375,0.664
gaussian_postrelu,3,8211,after,,0.0,recalibrated,4,0.25,1,1.3243524780273437,0.562,1.427356689453125,0.524
gaussian_postrelu,3,8211,after,,0.0,recalibrated,4,0.25,-1,1.0122938842773437,0.658,1.2155215454101562,0.609
gaussian_postrelu,3,8211,before,,0.3,recalibrated,5,0.025,1,0.32610336303710935,0.894,0.5623675231933594,0.8
gaussian_postrelu,3,8211,before,,0.3,recalibrated,5,0.025,-1,0.32697038269042966,0.891,0.5756528015136719,0.797
gaussian_postrelu,3,8211,before,,0.3,recalibrated,5,0.05,1,0.3580533447265625,0.888,0.5740102233886719,0.794
gaussian_postrelu,3,8211,before,,0.3,recalibrated,5,0.05,-1,0.36651133728027346,0.877,0.61258154296875,0.783
gaussian_postrelu,3,8211,before,,0.3,recalibrated,5,0.1,1,0.49536526489257815,0.836,0.681301513671875,0.754
gaussian_postrelu,3,8211,before,,0.3,recalibrated,5,0.1,-1,0.5385875549316407,0.815,0.753607666015625,0.734
gaussian_postrelu,3,8211,before,,0.3,recalibrated,5,0.2,1,1.040622802734375,0.649,1.1919684448242187,0.615
gaussian_postrelu,3,8211,before,,0.3,recalibrated,5,0.2,-1,1.0953350219726563,0.626,1.233422119140625,0.612
gaussian_postrelu,3,8211,before,,0.3,recalibrated,5,0.25,1,1.4040269165039063,0.558,1.54590673828125,0.519
gaussian_postrelu,3,8211,before,,0.3,recalibrated,5,0.25,-1,1.4329111328125,0.543,1.5356232299804689,0.538
gaussian_postrelu,3,8211,after,,0.0,recalibrated,5,0.025,1,0.3334036407470703,0.892,0.5668932800292968,0.8
gaussian_postrelu,3,8211,after,,0.0,recalibrated,5,0.025,-1,0.33413832092285156,0.89,0.5788139038085938,0.797
gaussian_postrelu,3,8211,after,,0.0,recalibrated,5,0.05,1,0.36582632446289065,0.882,0.5792722778320313,0.79
gaussian_postrelu,3,8211,after,,0.0,recalibrated,5,0.05,-1,0.3746190948486328,0.874,0.6150346069335938,0.782
gaussian_postrelu,3,8211,after,,0.0,recalibrated,5,0.1,1,0.5017359313964844,0.834,0.6878128051757812,0.753
gaussian_postrelu,3,8211,after,,0.0,recalibrated,5,0.1,-1,0.5481985168457031,0.814,0.7554003295898437,0.729
gaussian_postrelu,3,8211,after,,0.0,recalibrated,5,0.2,1,1.0449710693359375,0.649,1.1940594482421876,0.612
gaussian_postrelu,3,8211,after,,0.0,recalibrated,5,0.2,-1,1.1019083862304688,0.626,1.2359017944335937,0.607
gaussian_postrelu,3,8211,after,,0.0,recalibrated,5,0.25,1,1.4034861450195313,0.558,1.54243017578125,0.517
gaussian_postrelu,3,8211,after,,0.0,recalibrated,5,0.25,-1,1.436118408203125,0.528,1.536715576171875,0.536
gaussian_postrelu,3,8211,before,,0.3,recalibrated,6,0.025,1,0.3210763092041016,0.895,0.5705031433105469,0.802
gaussian_postrelu,3,8211,before,,0.3,recalibrated,6,0.025,-1,0.32974354553222657,0.888,0.5724835510253906,0.802
gaussian_postrelu,3,8211,before,,0.3,recalibrated,6,0.05,1,0.35056231689453127,0.88,0.6031219177246093,0.789
gaussian_postrelu,3,8211,before,,0.3,recalibrated,6,0.05,-1,0.37069087219238284,0.869,0.6088530883789063,0.787
gaussian_postrelu,3,8211,before,,0.3,recalibrated,6,0.1,1,0.47778561401367187,0.837,0.7346338195800781,0.754
gaussian_postrelu,3,8211,before,,0.3,recalibrated,6,0.1,-1,0.5198541259765626,0.825,0.7221046142578125,0.746
gaussian_postrelu,3,8211,before,,0.3,recalibrated,6,0.2,1,0.9467305603027344,0.677,1.19746728515625,0.612
gaussian_postrelu,3,8211,before,,0.3,recalibrated,6,0.2,-1,0.9084447326660157,0.699,1.0202691040039062,0.655
gaussian_postrelu,3,8211,before,,0.3,recalibrated,6,0.25,1,1.2573014526367188,0.591,1.52815576171875,0.513
gaussian_postrelu,3,8211,before,,0.3,recalibrated,6,0.25,-1,1.150181396484375,0.621,1.2250928344726562,0.597
gaussian_postrelu,3,8211,after,,0.0,recalibrated,6,0.025,1,0.32858560180664065,0.895,0.5744158325195312,0.8
gaussian_postrelu,3,8211,after,,0.0,recalibrated,6,0.025,-1,0.33692332458496094,0.886,0.5762362976074219,0.797
gaussian_postrelu,3,8211,after,,0.0,recalibrated,6,0.05,1,0.35885955810546877,0.88,0.6067123718261719,0.791
gaussian_postrelu,3,8211,after,,0.0,recalibrated,6,0.05,-1,0.3780827941894531,0.865,0.6130989379882813,0.79
gaussian_postrelu,3,8211,after,,0.0,recalibrated,6,0.1,1,0.4872576141357422,0.838,0.7376077880859375,0.746
gaussian_postrelu,3,8211,after,,0.0,recalibrated,6,0.1,-1,0.5277516021728516,0.817,0.7283093872070312,0.747
gaussian_postrelu,3,8211,after,,0.0,recalibrated,6,0.2,1,0.9572225952148438,0.666,1.1985894775390624,0.608
gaussian_postrelu,3,8211,after,,0.0,recalibrated,6,0.2,-1,0.9178453369140624,0.698,1.02671044921875,0.655
gaussian_postrelu,3,8211,after,,0.0,recalibrated,6,0.25,1,1.2658733520507812,0.586,1.5277882080078125,0.508
gaussian_postrelu,3,8211,after,,0.0,recalibrated,6,0.25,-1,1.1599241943359375,0.611,1.231285888671875,0.593
gaussian_postrelu,3,8211,before,,0.3,recalibrated,7,0.025,1,0.32594937133789065,0.882,0.5663055114746094,0.808
gaussian_postrelu,3,8211,before,,0.3,recalibrated,7,0.025,-1,0.3345110778808594,0.891,0.5848135375976562,0.802
gaussian_postrelu,3,8211,before,,0.3,recalibrated,7,0.05,1,0.3674077758789063,0.867,0.6009612121582031,0.796
gaussian_postrelu,3,8211,before,,0.3,recalibrated,7,0.05,-1,0.39106399536132813,0.858,0.6381642761230468,0.787
gaussian_postrelu,3,8211,before,,0.3,recalibrated,7,0.1,1,0.58117333984375,0.799,0.78920849609375,0.74
gaussian_postrelu,3,8211,before,,0.3,recalibrated,7,0.1,-1,0.5766994018554688,0.799,0.7981995849609375,0.731
gaussian_postrelu,3,8211,before,,0.3,recalibrated,7,0.2,1,1.3041573486328124,0.582,1.4559658813476561,0.552
gaussian_postrelu,3,8211,before,,0.3,recalibrated,7,0.2,-1,1.0501875610351563,0.659,1.2446055908203124,0.604
gaussian_postrelu,3,8211,before,,0.3,recalibrated,7,0.25,1,1.7243070678710937,0.489,1.8557220458984376,0.453
gaussian_postrelu,3,8211,before,,0.3,recalibrated,7,0.25,-1,1.3363143310546874,0.58,1.5200416259765626,0.529
gaussian_postrelu,3,8211,after,,0.0,recalibrated,7,0.025,1,0.332951171875,0.882,0.5706802368164062,0.808
gaussian_postrelu,3,8211,after,,0.0,recalibrated,7,0.025,-1,0.3422819519042969,0.888,0.5877775573730468,0.803
gaussian_postrelu,3,8211,after,,0.0,recalibrated,7,0.05,1,0.3742142333984375,0.866,0.60684326171875,0.794
gaussian_postrelu,3,8211,after,,0.0,recalibrated,7,0.05,-1,0.39947225952148435,0.854,0.6400370483398438,0.786
gaussian_postrelu,3,8211,after,,0.0,recalibrated,7,0.1,1,0.589627685546875,0.791,0.7934652099609375,0.74
gaussian_postrelu,3,8211,after,,0.0,recalibrated,7,0.1,-1,0.5848655090332031,0.797,0.7996795654296875,0.73
gaussian_postrelu,3,8211,after,,0.0,recalibrated,7,0.2,1,1.3070245361328126,0.578,1.4550303955078125,0.546
gaussian_postrelu,3,8211,after,,0.0,recalibrated,7,0.2,-1,1.0573065795898438,0.651,1.2410555419921876,0.6
gaussian_postrelu,3,8211,after,,0.0,recalibrated,7,0.25,1,1.7229987182617188,0.485,1.8498728637695312,0.445
gaussian_postrelu,3,8211,after,,0.0,recalibrated,7,0.25,-1,1.3413463134765624,0.575,1.5133310546875,0.524
gaussian_postrelu,3,8211,before,,0.3,recalibrated,8,0.025,1,0.3260600433349609,0.897,0.5695051879882812,0.799
gaussian_postrelu,3,8211,before,,0.3,recalibrated,8,0.025,-1,0.33504815673828126,0.888,0.5825408020019531,0.801
gaussian_postrelu,3,8211,before,,0.3,recalibrated,8,0.05,1,0.3691936187744141,0.88,0.6044149780273438,0.784
gaussian_postrelu,3,8211,before,,0.3,recalibrated,8,0.05,-1,0.39089088439941405,0.857,0.635890869140625,0.778
gaussian_postrelu,3,8211,before,,0.3,recalibrated,8,0.1,1,0.5493472442626953,0.83,0.7922406005859375,0.732
gaussian_postrelu,3,8211,before,,0.3,recalibrated,8,0.1,-1,0.5986766357421875,0.785,0.8039205932617187,0.742
gaussian_postrelu,3,8211,before,,0.3,recalibrated,8,0.2,1,1.1853785400390624,0.633,1.3728184204101563,0.561
gaussian_postrelu,3,8211,before,,0.3,recalibrated,8,0.2,-1,1.126237060546875,0.633,1.265822021484375,0.603
gaussian_postrelu,3,8211,before,,0.3,recalibrated,8,0.25,1,1.5234657592773437,0.539,1.661259765625,0.491
gaussian_postrelu,3,8211,before,,0.3,recalibrated,8,0.25,-1,1.4483884887695313,0.561,1.5515885009765624,0.526
gaussian_postrelu,3,8211,after,,0.0,recalibrated,8,0.025,1,0.3333345489501953,0.898,0.5726644592285156,0.799
gaussian_postrelu,3,8211,after,,0.0,recalibrated,8,0.025,-1,0.34250540161132814,0.883,0.5863558959960937,0.798
gaussian_postrelu,3,8211,after,,0.0,recalibrated,8,0.05,1,0.3763023986816406,0.884,0.6070316467285156,0.783
gaussian_postrelu,3,8211,after,,0.0,recalibrated,8,0.05,-1,0.39797354125976564,0.855,0.639453369140625,0.776
gaussian_postrelu,3,8211,after,,0.0,recalibrated,8,0.1,1,0.5560440063476563,0.832,0.7928845520019532,0.725
gaussian_postrelu,3,8211,after,,0.0,recalibrated,8,0.1,-1,0.6050248718261719,0.783,0.8076478271484375,0.743
gaussian_postrelu,3,8211,after,,0.0,recalibrated,8,0.2,1,1.187918212890625,0.628,1.3667439575195313,0.559
gaussian_postrelu,3,8211,after,,0.0,recalibrated,8,0.2,-1,1.128231689453125,0.63,1.265740234375,0.595
gaussian_postrelu,3,8211,after,,0.0,recalibrated,8,0.25,1,1.5221524658203125,0.541,1.6518768310546874,0.491
gaussian_postrelu,3,8211,after,,0.0,recalibrated,8,0.25,-1,1.4466768188476562,0.552,1.551270751953125,0.525
gaussian_postrelu,3,8211,before,,0.3,recalibrated,9,0.025,1,0.33271873474121094,0.885,0.5779654235839844,0.799
gaussian_postrelu,3,8211,before,,0.3,recalibrated,9,0.025,-1,0.32268438720703124,0.897,0.5684879455566406,0.808
gaussian_postrelu,3,8211,before,,0.3,recalibrated,9,0.05,1,0.39283660888671873,0.858,0.6173150634765625,0.797
gaussian_postrelu,3,8211,before,,0.3,recalibrated,9,0.05,-1,0.35689291381835936,0.876,0.6030879516601563,0.795
gaussian_postrelu,3,8211,before,,0.3,recalibrated,9,0.1,1,0.6809830017089844,0.759,0.8496836242675782,0.708
gaussian_postrelu,3,8211,before,,0.3,recalibrated,9,0.1,-1,0.5126412811279297,0.831,0.7458757934570313,0.743
gaussian_postrelu,3,8211,before,,0.3,recalibrated,9,0.2,1,1.4456458129882812,0.557,1.6513084106445313,0.505
gaussian_postrelu,3,8211,before,,0.3,recalibrated,9,0.2,-1,1.072965087890625,0.651,1.2258060913085937,0.618
gaussian_postrelu,3,8211,before,,0.3,recalibrated,9,0.25,1,1.8181749267578124,0.467,2.0361879272460937,0.427
gaussian_postrelu,3,8211,before,,0.3,recalibrated,9,0.25,-1,1.4037111206054687,0.557,1.5068981323242188,0.542
gaussian_postrelu,3,8211,after,,0.0,recalibrated,9,0.025,1,0.3411281585693359,0.882,0.5817468872070313,0.794
gaussian_postrelu,3,8211,after,,0.0,recalibrated,9,0.025,-1,0.32981990051269533,0.896,0.5720591125488281,0.805
gaussian_postrelu,3,8211,after,,0.0,recalibrated,9,0.05,1,0.4017841796875,0.86,0.6235524291992187,0.794
gaussian_postrelu,3,8211,after,,0.0,recalibrated,9,0.05,-1,0.36451124572753907,0.87,0.6056494750976562,0.794
gaussian_postrelu,3,8211,after,,0.0,recalibrated,9,0.1,1,0.6901766357421875,0.757,0.8568927001953125,0.707
gaussian_postrelu,3,8211,after,,0.0,recalibrated,9,0.1,-1,0.5192950439453125,0.826,0.7478766174316406,0.742
gaussian_postrelu,3,8211,after,,0.0,recalibrated,9,0.2,1,1.4538931274414062,0.556,1.6545829467773439,0.501
gaussian_postrelu,3,8211,after,,0.0,recalibrated,9,0.2,-1,1.070727294921875,0.654,1.2205256958007813,0.62
gaussian_postrelu,3,8211,after,,0.0,recalibrated,9,0.25,1,1.8242840576171875,0.462,2.0370274658203127,0.421
gaussian_postrelu,3,8211,after,,0.0,recalibrated,9,0.25,-1,1.3947701416015625,0.558,1.4961011352539062,0.541
resolution_max_b1,3,2346,before,16,,saved,,0.0,0,0.7944664611816407,0.711,0.9377419738769531,0.665
resolution_max_b1,3,2346,before,16,,recalibrated,,0.0,0,0.7852612609863281,0.71,0.9351083374023438,0.666
resolution_max_b1,3,2346,before,16,,recalibrated,0,0.025,1,0.7851178588867187,0.709,0.9323598022460937,0.664
resolution_max_b1,3,2346,before,16,,recalibrated,0,0.025,-1,0.7967200927734375,0.702,0.9452352905273438,0.663
resolution_max_b1,3,2346,before,16,,recalibrated,0,0.05,1,0.7922583312988282,0.701,0.9408379516601563,0.656
resolution_max_b1,3,2346,before,16,,recalibrated,0,0.05,-1,0.8155272827148438,0.69,0.9622510375976563,0.654
resolution_max_b1,3,2346,before,16,,recalibrated,0,0.1,1,0.8402898864746093,0.679,0.9824476318359375,0.651
resolution_max_b1,3,2346,before,16,,recalibrated,0,0.1,-1,0.8720227661132812,0.682,1.012409423828125,0.635
resolution_max_b1,3,2346,before,16,,recalibrated,0,0.2,1,1.0335433654785156,0.624,1.155767578125,0.582
resolution_max_b1,3,2346,before,16,,recalibrated,0,0.2,-1,1.0545746459960939,0.614,1.1722235107421874,0.577
resolution_max_b1,3,2346,before,16,,recalibrated,0,0.25,1,1.1761878051757813,0.579,1.2784813232421874,0.552
resolution_max_b1,3,2346,before,16,,recalibrated,0,0.25,-1,1.1768875732421875,0.567,1.2749973754882813,0.545
resolution_max_b1,3,2346,after,24,,saved,,0.0,0,1.1603134765625,0.579,1.1635038452148438,0.57
resolution_max_b1,3,2346,after,24,,recalibrated,,0.0,0,1.0025051879882811,0.649,1.0346102294921875,0.624
resolution_max_b1,3,2346,after,24,,recalibrated,0,0.025,1,0.9922679748535156,0.65,1.0245350952148438,0.636
resolution_max_b1,3,2346,after,24,,recalibrated,0,0.025,-1,1.0212645568847656,0.644,1.0537619018554687,0.616
resolution_max_b1,3,2346,after,24,,recalibrated,0,0.05,1,0.9933518981933593,0.645,1.027482666015625,0.626
resolution_max_b1,3,2346,after,24,,recalibrated,0,0.05,-1,1.045680908203125,0.64,1.079924560546875,0.609
resolution_max_b1,3,2346,after,24,,recalibrated,0,0.1,1,1.0266083374023438,0.635,1.0667733154296875,0.61
resolution_max_b1,3,2346,after,24,,recalibrated,0,0.1,-1,1.1091820068359375,0.617,1.143083251953125,0.573
resolution_max_b1,3,2346,after,24,,recalibrated,0,0.2,1,1.193716796875,0.571,1.2443187866210939,0.555
resolution_max_b1,3,2346,after,24,,recalibrated,0,0.2,-1,1.2828107299804687,0.529,1.3134471435546875,0.504
resolution_max_b1,3,2346,after,24,,recalibrated,0,0.25,1,1.3147754516601562,0.518,1.3721829223632813,0.498
resolution_max_b1,3,2346,after,24,,recalibrated,0,0.25,-1,1.3978472900390626,0.498,1.4172482299804687,0.471
resolution_max_b1,3,2346,r=32,32,,saved,,0.0,0,4.449870849609375,0.186,4.466350830078125,0.165
resolution_max_b1,3,2346,r=32,32,,recalibrated,,0.0,0,1.4672276000976563,0.475,1.5562683715820314,0.431
resolution_max_b1,3,2346,r=32,32,,recalibrated,0,0.025,1,1.4514471435546874,0.475,1.5400721435546876,0.435
resolution_max_b1,3,2346,r=32,32,,recalibrated,0,0.025,-1,1.4947703857421875,0.461,1.583923828125,0.417
resolution_max_b1,3,2346,r=32,32,,recalibrated,0,0.05,1,1.4459170532226562,0.475,1.538101318359375,0.435
resolution_max_b1,3,2346,r=32,32,,recalibrated,0,0.05,-1,1.5295912475585938,0.448,1.6151238403320312,0.396
resolution_max_b1,3,2346,r=32,32,,recalibrated,0,0.1,1,1.467427734375,0.46,1.5757802734375,0.424
resolution_max_b1,3,2346,r=32,32,,recalibrated,0,0.1,-1,1.6003364868164063,0.422,1.6820385131835938,0.371
resolution_max_b1,3,2346,r=32,32,,recalibrated,0,0.2,1,1.6530276489257814,0.394,1.7603729858398438,0.367
resolution_max_b1,3,2346,r=32,32,,recalibrated,0,0.2,-1,1.7739799194335937,0.348,1.837392578125,0.315
resolution_max_b1,3,2346,r=32,32,,recalibrated,0,0.25,1,1.7755040893554688,0.354,1.882866455078125,0.334
resolution_max_b1,3,2346,r=32,32,,recalibrated,0,0.25,-1,1.8709862060546876,0.316,1.9210576171875,0.296
resolution_max_b1,3,2346,before,16,,recalibrated,1,0.025,1,0.7859391479492187,0.708,0.9409064331054687,0.663
resolution_max_b1,3,2346,before,16,,recalibrated,1,0.025,-1,0.7951884765625,0.706,0.93459619140625,0.662
resolution_max_b1,3,2346,before,16,,recalibrated,1,0.05,1,0.7957239990234375,0.708,0.9533587951660156,0.66
resolution_max_b1,3,2346,before,16,,recalibrated,1,0.05,-1,0.81219189453125,0.696,0.9389071044921875,0.657
resolution_max_b1,3,2346,before,16,,recalibrated,1,0.1,1,0.8455995178222656,0.695,0.9982964477539062,0.642
resolution_max_b1,3,2346,before,16,,recalibrated,1,0.1,-1,0.8656400146484375,0.684,0.9639771728515625,0.65
resolution_max_b1,3,2346,before,16,,recalibrated,1,0.2,1,1.0484996337890624,0.625,1.167629638671875,0.587
resolution_max_b1,3,2346,before,16,,recalibrated,1,0.2,-1,1.0213882446289062,0.644,1.08421533203125,0.621
resolution_max_b1,3,2346,before,16,,recalibrated,1,0.25,1,1.1923790893554687,0.572,1.280652099609375,0.542
resolution_max_b1,3,2346,before,16,,recalibrated,1,0.25,-1,1.1270633544921875,0.608,1.1743787841796876,0.596
resolution_max_b1,3,2346,after,24,,recalibrated,1,0.025,1,1.0135106811523438,0.64,1.0455958557128906,0.614
resolution_max_b1,3,2346,after,24,,recalibrated,1,0.025,-1,0.9999539489746094,0.649,1.0289635009765625,0.634
resolution_max_b1,3,2346,after,24,,recalibrated,1,0.05,1,1.0317658081054688,0.636,1.0646239013671874,0.604
resolution_max_b1,3,2346,after,24,,recalibrated,1,0.05,-1,1.0051585998535155,0.651,1.0306932983398438,0.638
resolution_max_b1,3,2346,after,24,,recalibrated,1,0.1,1,1.0903726196289063,0.609,1.1201121215820313,0.595
resolution_max_b1,3,2346,after,24,,recalibrated,1,0.1,-1,1.0341202392578126,0.64,1.0572444763183593,0.617
resolution_max_b1,3,2346,after,24,,recalibrated,1,0.2,1,1.2971890869140625,0.513,1.3086080932617188,0.511
resolution_max_b1,3,2346,after,24,,recalibrated,1,0.2,-1,1.1615994873046875,0.599,1.1870172729492188,0.571
resolution_max_b1,3,2346,after,24,,recalibrated,1,0.25,1,1.42333935546875,0.477,1.42434228515625,0.477
resolution_max_b1,3,2346,after,24,,recalibrated,1,0.25,-1,1.2575303344726563,0.563,1.2882286376953125,0.535
resolution_max_b1,3,2346,r=32,32,,recalibrated,1,0.025,1,1.4736990356445312,0.469,1.5670253295898438,0.427
resolution_max_b1,3,2346,r=32,32,,recalibrated,1,0.025,-1,1.4700992431640625,0.463,1.5554013061523437,0.431
resolution_max_b1,3,2346,r=32,32,,recalibrated,1,0.05,1,1.48903857421875,0.466,1.5860247192382813,0.414
resolution_max_b1,3,2346,r=32,32,,recalibrated,1,0.05,-1,1.4821220703125,0.457,1.567006591796875,0.427
resolution_max_b1,3,2346,r=32,32,,recalibrated,1,0.1,1,1.5385347290039062,0.445,1.6345421142578125,0.391
resolution_max_b1,3,2346,r=32,32,,recalibrated,1,0.1,-1,1.5273859252929687,0.451,1.6170111083984375,0.415
resolution_max_b1,3,2346,r=32,32,,recalibrated,1,0.2,1,1.6929115600585938,0.367,1.770386962890625,0.335
resolution_max_b1,3,2346,r=32,32,,recalibrated,1,0.2,-1,1.7010994873046874,0.39,1.8021461181640626,0.354
resolution_max_b1,3,2346,r=32,32,,recalibrated,1,0.25,1,1.7924521484375,0.322,1.8594607543945312,0.295
resolution_max_b1,3,2346,r=32,32,,recalibrated,1,0.25,-1,1.8147855224609375,0.349,1.9168701171875,0.328
resolution_max_b1,3,2346,before,16,,recalibrated,2,0.025,1,0.7921964111328125,0.703,0.9450655517578125,0.66
resolution_max_b1,3,2346,before,16,,recalibrated,2,0.025,-1,0.7897112731933593,0.707,0.9328965148925781,0.663
resolution_max_b1,3,2346,before,16,,recalibrated,2,0.05,1,0.8063636169433593,0.694,0.9596895751953125,0.654
resolution_max_b1,3,2346,before,16,,recalibrated,2,0.05,-1,0.8019109497070313,0.703,0.9413296203613282,0.66
resolution_max_b1,3,2346,before,16,,recalibrated,2,0.1,1,0.8579692077636719,0.686,1.0034909057617187,0.642
resolution_max_b1,3,2346,before,16,,recalibrated,2,0.1,-1,0.8490565490722656,0.689,0.9933646850585938,0.646
resolution_max_b1,3,2346,before,16,,recalibrated,2,0.2,1,1.0434691162109375,0.622,1.1486751098632813,0.603
resolution_max_b1,3,2346,before,16,,recalibrated,2,0.2,-1,1.0500029296875,0.631,1.17458544921875,0.596
resolution_max_b1,3,2346,before,16,,recalibrated,2,0.25,1,1.1696224365234376,0.59,1.25588037109375,0.57
resolution_max_b1,3,2346,before,16,,recalibrated,2,0.25,-1,1.1829938354492187,0.58,1.286899658203125,0.56
resolution_max_b1,3,2346,after,24,,recalibrated,2,0.025,1,1.0135198974609374,0.65,1.0379021911621094,0.625
resolution_max_b1,3,2346,after,24,,recalibrated,2,0.025,-1,0.9997156372070313,0.65,1.0393768920898439,0.622
resolution_max_b1,3,2346,after,24,,recalibrated,2,0.05,1,1.030993408203125,0.645,1.0487185363769531,0.615
resolution_max_b1,3,2346,after,24,,recalibrated,2,0.05,-1,1.007349090576172,0.642,1.0529461975097656,0.616
resolution_max_b1,3,2346,after,24,,recalibrated,2,0.1,1,1.0872329711914062,0.62,1.0893914794921875,0.601
resolution_max_b1,3,2346,after,24,,recalibrated,2,0.1,-1,1.0551677856445312,0.625,1.1096954956054688,0.6
resolution_max_b1,3,2346,after,24,,recalibrated,2,0.2,1,1.26752880859375,0.549,1.2452958374023437,0.559
resolution_max_b1,3,2346,after,24,,recalibrated,2,0.2,-1,1.250645263671875,0.551,1.3065333251953124,0.544
resolution_max_b1,3,2346,after,24,,recalibrated,2,0.25,1,1.3823677368164062,0.519,1.359099853515625,0.531
resolution_max_b1,3,2346,after,24,,recalibrated,2,0.25,-1,1.3758051147460937,0.504,1.4224893188476562,0.5
resolution_max_b1,3,2346,r=32,32,,recalibrated,2,0.025,1,1.4697075805664062,0.473,1.5575986938476563,0.431
resolution_max_b1,3,2346,r=32,32,,recalibrated,2,0.025,-1,1.4723167724609374,0.462,1.5622734985351563,0.424
resolution_max_b1,3,2346,r=32,32,,recalibrated,2,0.05,1,1.4808810424804688,0.465,1.5672903442382813,0.419
resolution_max_b1,3,2346,r=32,32,,recalibrated,2,0.05,-1,1.484341064453125,0.462,1.57602197265625,0.422
resolution_max_b1,3,2346,r=32,32,,recalibrated,2,0.1,1,1.5289967041015624,0.45,1.6060287475585937,0.411
resolution_max_b1,3,2346,r=32,32,,recalibrated,2,0.1,-1,1.5575630493164063,0.443,1.6589869384765625,0.395
resolution_max_b1,3,2346,r=32,32,,recalibrated,2,0.2,1,1.7129097290039061,0.398,1.751912841796875,0.363
resolution_max_b1,3,2346,r=32,32,,recalibrated,2,0.2,-1,1.7927722778320312,0.373,1.8951209716796875,0.319
resolution_max_b1,3,2346,r=32,32,,recalibrated,2,0.25,1,1.8314343872070313,0.356,1.8422440185546876,0.351
resolution_max_b1,3,2346,r=32,32,,recalibrated,2,0.25,-1,1.9205372314453124,0.319,2.0089723510742186,0.276
resolution_max_b1,3,2346,before,16,,recalibrated,3,0.025,1,0.7907965393066406,0.709,0.9394761047363281,0.661
resolution_max_b1,3,2346,before,16,,recalibrated,3,0.025,-1,0.7918807067871094,0.708,0.9350753173828125,0.663
resolution_max_b1,3,2346,before,16,,recalibrated,3,0.05,1,0.8029284057617188,0.712,0.9491130065917969,0.656
resolution_max_b1,3,2346,before,16,,recalibrated,3,0.05,-1,0.8083580017089844,0.7,0.9436318359375,0.655
resolution_max_b1,3,2346,before,16,,recalibrated,3,0.1,1,0.8459148254394532,0.705,0.9932743835449219,0.633
resolution_max_b1,3,2346,before,16,,recalibrated,3,0.1,-1,0.8644708862304687,0.685,0.9916581726074218,0.639
resolution_max_b1,3,2346,before,16,,recalibrated,3,0.2,1,1.0085453186035156,0.625,1.1263636474609375,0.603
resolution_max_b1,3,2346,before,16,,recalibrated,3,0.2,-1,1.0380998840332032,0.625,1.1675399780273437,0.593
resolution_max_b1,3,2346,before,16,,recalibrated,3,0.25,1,1.1128572387695312,0.588,1.2077785034179687,0.581
resolution_max_b1,3,2346,before,16,,recalibrated,3,0.25,-1,1.1639557495117188,0.568,1.2925401000976562,0.56
resolution_max_b1,3,2346,after,24,,recalibrated,3,0.025,1,1.0062117309570313,0.65,1.0320867004394532,0.621
resolution_max_b1,3,2346,after,24,,recalibrated,3,0.025,-1,1.0063622131347656,0.645,1.0428333740234375,0.621
resolution_max_b1,3,2346,after,24,,recalibrated,3,0.05,1,1.0151102294921874,0.635,1.0369221801757813,0.625
resolution_max_b1,3,2346,after,24,,recalibrated,3,0.05,-1,1.0190430297851563,0.645,1.0591724243164062,0.618
resolution_max_b1,3,2346,after,24,,recalibrated,3,0.1,1,1.0505843505859376,0.631,1.0709248046875,0.619
resolution_max_b1,3,2346,after,24,,recalibrated,3,0.1,-1,1.0689546508789063,0.62,1.1164724731445312,0.599
resolution_max_b1,3,2346,after,24,,recalibrated,3,0.2,1,1.1894114990234375,0.571,1.2112151489257812,0.551
resolution_max_b1,3,2346,after,24,,recalibrated,3,0.2,-1,1.2318841552734374,0.564,1.301205078125,0.544
resolution_max_b1,3,2346,after,24,,recalibrated,3,0.25,1,1.279986083984375,0.531,1.3054694213867188,0.519
resolution_max_b1,3,2346,after,24,,recalibrated,3,0.25,-1,1.3520639038085938,0.525,1.425227294921875,0.498
resolution_max_b1,3,2346,r=32,32,,recalibrated,3,0.025,1,1.4608184814453125,0.479,1.551332275390625,0.433
resolution_max_b1,3,2346,r=32,32,,recalibrated,3,0.025,-1,1.4843665771484376,0.459,1.5722647094726563,0.42
resolution_max_b1,3,2346,r=32,32,,recalibrated,3,0.05,1,1.4648419189453126,0.475,1.554340087890625,0.437
resolution_max_b1,3,2346,r=32,32,,recalibrated,3,0.05,-1,1.510768798828125,0.456,1.5991621704101562,0.407
resolution_max_b1,3,2346,r=32,32,,recalibrated,3,0.1,1,1.49628759765625,0.455,1.5839567260742187,0.43
resolution_max_b1,3,2346,r=32,32,,recalibrated,3,0.1,-1,1.590158203125,0.419,1.6797451171875,0.382
resolution_max_b1,3,2346,r=32,32,,recalibrated,3,0.2,1,1.648208251953125,0.405,1.7387521362304688,0.373
resolution_max_b1,3,2346,r=32,32,,recalibrated,3,0.2,-1,1.7937578125,0.337,1.90087646484375,0.307
resolution_max_b1,3,2346,r=32,32,,recalibrated,3,0.25,1,1.7489473876953125,0.359,1.83624755859375,0.349
resolution_max_b1,3,2346,r=32,32,,recalibrated,3,0.25,-1,1.9110746459960937,0.31,2.0067367553710938,0.271
resolution_max_b1,3,2346,before,16,,recalibrated,4,0.025,1,0.7955962829589843,0.711,0.9435215759277343,0.664
resolution_max_b1,3,2346,before,16,,recalibrated,4,0.025,-1,0.7826419372558594,0.711,0.93102392578125,0.663
resolution_max_b1,3,2346,before,16,,recalibrated,4,0.05,1,0.811619384765625,0.701,0.95829443359375,0.663
resolution_max_b1,3,2346,before,16,,recalibrated,4,0.05,-1,0.7865601501464844,0.706,0.9308572387695313,0.659
resolution_max_b1,3,2346,before,16,,recalibrated,4,0.1,1,0.8629417724609375,0.688,1.0017891235351561,0.651
resolution_max_b1,3,2346,before,16,,recalibrated,4,0.1,-1,0.8104823303222656,0.702,0.9453582153320312,0.658
resolution_max_b1,3,2346,before,16,,recalibrated,4,0.2,1,1.0470853881835938,0.62,1.1501968994140626,0.589
resolution_max_b1,3,2346,before,16,,recalibrated,4,0.2,-1,0.9293556213378906,0.664,1.061177001953125,0.619
resolution_max_b1,3,2346,before,16,,recalibrated,4,0.25,1,1.1780216064453124,0.583,1.2530596313476563,0.536
resolution_max_b1,3,2346,before,16,,recalibrated,4,0.25,-1,1.0331316528320313,0.622,1.157811279296875,0.583
resolution_max_b1,3,2346,after,24,,recalibrated,4,0.025,1,1.0139567260742188,0.639,1.043026641845703,0.626
resolution_max_b1,3,2346,after,24,,recalibrated,4,0.025,-1,0.9974797973632813,0.65,1.0309767456054688,0.622
resolution_max_b1,3,2346,after,24,,recalibrated,4,0.05,1,1.0291358337402343,0.63,1.05852490234375,0.623
resolution_max_b1,3,2346,after,24,,recalibrated,4,0.05,-1,0.9978031005859375,0.652,1.0332986450195312,0.614
resolution_max_b1,3,2346,after,24,,recalibrated,4,0.1,1,1.075944580078125,0.624,1.1080738525390625,0.594
resolution_max_b1,3,2346,after,24,,recalibrated,4,0.1,-1,1.02378955078125,0.634,1.0578161315917969,0.61
resolution_max_b1,3,2346,after,24,,recalibrated,4,0.2,1,1.2382755126953124,0.558,1.274863525390625,0.54
resolution_max_b1,3,2346,after,24,,recalibrated,4,0.2,-1,1.14912646484375,0.581,1.1843040771484374,0.57
resolution_max_b1,3,2346,after,24,,recalibrated,4,0.25,1,1.3483541259765626,0.526,1.382380615234375,0.498
resolution_max_b1,3,2346,after,24,,recalibrated,4,0.25,-1,1.250965576171875,0.557,1.2830819702148437,0.54
resolution_max_b1,3,2346,r=32,32,,recalibrated,4,0.025,1,1.4844083862304687,0.46,1.5698839111328124,0.418
resolution_max_b1,3,2346,r=32,32,,recalibrated,4,0.025,-1,1.457619384765625,0.474,1.5477338256835937,0.436
resolution_max_b1,3,2346,r=32,32,,recalibrated,4,0.05,1,1.5083899536132812,0.457,1.5900773315429688,0.407
resolution_max_b1,3,2346,r=32,32,,recalibrated,4,0.05,-1,1.4553609619140624,0.474,1.5443615112304687,0.433
resolution_max_b1,3,2346,r=32,32,,recalibrated,4,0.1,1,1.5680114135742187,0.432,1.64359765625,0.397
resolution_max_b1,3,2346,r=32,32,,recalibrated,4,0.1,-1,1.4806732177734374,0.471,1.562642333984375,0.421
resolution_max_b1,3,2346,r=32,32,,recalibrated,4,0.2,1,1.74845947265625,0.368,1.8069058227539063,0.349
resolution_max_b1,3,2346,r=32,32,,recalibrated,4,0.2,-1,1.6184392700195311,0.418,1.6836762084960937,0.371
resolution_max_b1,3,2346,r=32,32,,recalibrated,4,0.25,1,1.8648788452148437,0.332,1.9133378295898438,0.317
resolution_max_b1,3,2346,r=32,32,,recalibrated,4,0.25,-1,1.722664306640625,0.386,1.7733442993164064,0.336
resolution_max_b1,3,2346,before,16,,recalibrated,5,0.025,1,0.7916864929199219,0.705,0.9392056579589844,0.666
resolution_max_b1,3,2346,before,16,,recalibrated,5,0.025,-1,0.7872747802734374,0.706,0.9357670593261719,0.666
resolution_max_b1,3,2346,before,16,,recalibrated,5,0.05,1,0.8033828430175781,0.7,0.9481657104492187,0.659
resolution_max_b1,3,2346,before,16,,recalibrated,5,0.05,-1,0.7964865112304688,0.705,0.9410723876953125,0.661
resolution_max_b1,3,2346,before,16,,recalibrated,5,0.1,1,0.84255712890625,0.695,0.9829910888671874,0.633
resolution_max_b1,3,2346,before,16,,recalibrated,5,0.1,-1,0.8354888610839843,0.685,0.9621859436035156,0.66
resolution_max_b1,3,2346,before,16,,recalibrated,5,0.2,1,0.9991652221679688,0.64,1.1179644165039062,0.577
resolution_max_b1,3,2346,before,16,,recalibrated,5,0.2,-1,0.9906159973144532,0.631,1.0536184692382813,0.633
resolution_max_b1,3,2346,before,16,,recalibrated,5,0.25,1,1.1056981201171876,0.595,1.2078580932617187,0.547
resolution_max_b1,3,2346,before,16,,recalibrated,5,0.25,-1,1.100673583984375,0.594,1.1311005249023438,0.601
resolution_max_b1,3,2346,after,24,,recalibrated,5,0.025,1,1.0102960205078124,0.648,1.0405702514648438,0.617
resolution_max_b1,3,2346,after,24,,recalibrated,5,0.025,-1,1.0010335388183593,0.645,1.0341744384765625,0.621
resolution_max_b1,3,2346,after,24,,recalibrated,5,0.05,1,1.0246495666503905,0.646,1.0536412963867188,0.607
resolution_max_b1,3,2346,after,24,,recalibrated,5,0.05,-1,1.0058919677734375,0.634,1.0390968627929686,0.625
resolution_max_b1,3,2346,after,24,,recalibrated,5,0.1,1,1.0678927001953125,0.633,1.0962498168945312,0.595
resolution_max_b1,3,2346,after,24,,recalibrated,5,0.1,-1,1.0360335998535157,0.627,1.0653865356445313,0.622
resolution_max_b1,3,2346,after,24,,recalibrated,5,0.2,1,1.2271979370117188,0.562,1.2469899291992188,0.549
resolution_max_b1,3,2346,after,24,,recalibrated,5,0.2,-1,1.1678922729492187,0.574,1.1730977172851562,0.573
resolution_max_b1,3,2346,after,24,,recalibrated,5,0.25,1,1.3382462158203126,0.506,1.344401123046875,0.509
resolution_max_b1,3,2346,after,24,,recalibrated,5,0.25,-1,1.2611185302734376,0.541,1.2560342407226563,0.541
resolution_max_b1,3,2346,r=32,32,,recalibrated,5,0.025,1,1.47502783203125,0.466,1.560820556640625,0.425
resolution_max_b1,3,2346,r=32,32,,recalibrated,5,0.025,-1,1.469871337890625,0.477,1.5591092529296875,0.434
resolution_max_b1,3,2346,r=32,32,,recalibrated,5,0.05,1,1.4929468994140624,0.468,1.5707418823242187,0.422
resolution_max_b1,3,2346,r=32,32,,recalibrated,5,0.05,-1,1.4797528686523438,0.476,1.5702274169921875,0.422
resolution_max_b1,3,2346,r=32,32,,recalibrated,5,0.1,1,1.550488037109375,0.446,1.6090859985351562,0.413
resolution_max_b1,3,2346,r=32,32,,recalibrated,5,0.1,-1,1.5156834716796874,0.449,1.6074786987304688,0.41
resolution_max_b1,3,2346,r=32,32,,recalibrated,5,0.2,1,1.7161515502929687,0.386,1.7405945434570314,0.368
resolution_max_b1,3,2346,r=32,32,,recalibrated,5,0.2,-1,1.6678997192382812,0.386,1.746648681640625,0.368
resolution_max_b1,3,2346,r=32,32,,recalibrated,5,0.25,1,1.8122099609375,0.348,1.8248858032226563,0.331
resolution_max_b1,3,2346,r=32,32,,recalibrated,5,0.25,-1,1.7770200805664063,0.363,1.8495001831054687,0.334
resolution_max_b1,3,2346,before,16,,recalibrated,6,0.025,1,0.7918579711914062,0.702,0.9375569152832032,0.656
resolution_max_b1,3,2346,before,16,,recalibrated,6,0.025,-1,0.7906641235351562,0.704,0.9377309265136718,0.671
resolution_max_b1,3,2346,before,16,,recalibrated,6,0.05,1,0.8065982666015625,0.697,0.9472239379882812,0.657
resolution_max_b1,3,2346,before,16,,recalibrated,6,0.05,-1,0.8043204345703125,0.701,0.9471935729980469,0.664
resolution_max_b1,3,2346,before,16,,recalibrated,6,0.1,1,0.8575859375,0.694,0.9906692199707031,0.625
resolution_max_b1,3,2346,before,16,,recalibrated,6,0.1,-1,0.8528724975585937,0.68,0.9813083190917968,0.654
resolution_max_b1,3,2346,before,16,,recalibrated,6,0.2,1,1.0440946655273438,0.622,1.1683548583984376,0.576
resolution_max_b1,3,2346,before,16,,recalibrated,6,0.2,-1,1.0119801330566407,0.634,1.1003663330078124,0.613
resolution_max_b1,3,2346,before,16,,recalibrated,6,0.25,1,1.1841187133789062,0.573,1.2957864990234376,0.533
resolution_max_b1,3,2346,before,16,,recalibrated,6,0.25,-1,1.1156370849609376,0.612,1.1769843139648437,0.591
resolution_max_b1,3,2346,after,24,,recalibrated,6,0.025,1,1.0069860229492187,0.652,1.0397259216308594,0.629
resolution_max_b1,3,2346,after,24,,recalibrated,6,0.025,-1,1.0063689575195311,0.643,1.036629150390625,0.623
resolution_max_b1,3,2346,after,24,,recalibrated,6,0.05,1,1.0193991088867187,0.644,1.0527936096191406,0.615
resolution_max_b1,3,2346,after,24,,recalibrated,6,0.05,-1,1.0168041381835937,0.629,1.0498161010742189,0.625
resolution_max_b1,3,2346,after,24,,recalibrated,6,0.1,1,1.067222412109375,0.622,1.09916845703125,0.596
resolution_max_b1,3,2346,after,24,,recalibrated,6,0.1,-1,1.0555148620605468,0.611,1.0907153930664062,0.606
resolution_max_b1,3,2346,after,24,,recalibrated,6,0.2,1,1.2558207397460937,0.552,1.2878490600585937,0.533
resolution_max_b1,3,2346,after,24,,recalibrated,6,0.2,-1,1.1890523681640626,0.578,1.2203172607421875,0.574
resolution_max_b1,3,2346,after,24,,recalibrated,6,0.25,1,1.3971914672851562,0.513,1.4312960205078125,0.487
resolution_max_b1,3,2346,after,24,,recalibrated,6,0.25,-1,1.2795237426757813,0.56,1.3053058471679688,0.542
resolution_max_b1,3,2346,r=32,32,,recalibrated,6,0.025,1,1.4812484130859376,0.47,1.5749478149414062,0.423
resolution_max_b1,3,2346,r=32,32,,recalibrated,6,0.025,-1,1.4657213745117188,0.473,1.5499561767578125,0.43
resolution_max_b1,3,2346,r=32,32,,recalibrated,6,0.05,1,1.5043792114257812,0.459,1.6022879028320312,0.417
resolution_max_b1,3,2346,r=32,32,,recalibrated,6,0.05,-1,1.47400732421875,0.475,1.552652099609375,0.425
resolution_max_b1,3,2346,r=32,32,,recalibrated,6,0.1,1,1.5728330078125,0.435,1.679501708984375,0.388
resolution_max_b1,3,2346,r=32,32,,recalibrated,6,0.1,-1,1.5184879760742187,0.468,1.5883128051757813,0.431
resolution_max_b1,3,2346,r=32,32,,recalibrated,6,0.2,1,1.7747813720703125,0.346,1.908840087890625,0.313
resolution_max_b1,3,2346,r=32,32,,recalibrated,6,0.2,-1,1.6368843994140625,0.437,1.7153531494140626,0.407
resolution_max_b1,3,2346,r=32,32,,recalibrated,6,0.25,1,1.914734375,0.301,2.055093017578125,0.267
resolution_max_b1,3,2346,r=32,32,,recalibrated,6,0.25,-1,1.709727294921875,0.408,1.7949152221679687,0.387
resolution_max_b1,3,2346,before,16,,recalibrated,7,0.025,1,0.797807861328125,0.697,0.9444345703125,0.665
resolution_max_b1,3,2346,before,16,,recalibrated,7,0.025,-1,0.7831415405273437,0.714,0.9320590209960937,0.67
resolution_max_b1,3,2346,before,16,,recalibrated,7,0.05,1,0.819267333984375,0.687,0.963025634765625,0.653
resolution_max_b1,3,2346,before,16,,recalibrated,7,0.05,-1,0.7868175354003907,0.708,0.9355088500976563,0.668
resolution_max_b1,3,2346,before,16,,recalibrated,7,0.1,1,0.885727783203125,0.672,1.0253652648925782,0.638
resolution_max_b1,3,2346,before,16,,recalibrated,7,0.1,-1,0.8156168823242187,0.706,0.96210498046875,0.654
resolution_max_b1,3,2346,before,16,,recalibrated,7,0.2,1,1.09537353515625,0.611,1.2264130859375,0.566
resolution_max_b1,3,2346,before,16,,recalibrated,7,0.2,-1,0.9599176025390626,0.659,1.0886437072753907,0.602
resolution_max_b1,3,2346,before,16,,recalibrated,7,0.25,1,1.242634033203125,0.555,1.3661331787109374,0.527
resolution_max_b1,3,2346,before,16,,recalibrated,7,0.25,-1,1.0757325439453125,0.607,1.1912919921875,0.576
resolution_max_b1,3,2346,after,24,,recalibrated,7,0.025,1,1.0107958374023438,0.644,1.045234375,0.62
resolution_max_b1,3,2346,after,24,,recalibrated,7,0.025,-1,1.0026270446777343,0.65,1.0317705993652344,0.618
resolution_max_b1,3,2346,after,24,,recalibrated,7,0.05,1,1.0258233032226562,0.635,1.0636275634765624,0.61
resolution_max_b1,3,2346,after,24,,recalibrated,7,0.05,-1,1.010086181640625,0.646,1.0368090515136719,0.625
resolution_max_b1,3,2346,after,24,,recalibrated,7,0.1,1,1.0788464965820312,0.609,1.122950439453125,0.6
resolution_max_b1,3,2346,after,24,,recalibrated,7,0.1,-1,1.0449411010742187,0.627,1.0664918823242187,0.605
resolution_max_b1,3,2346,after,24,,recalibrated,7,0.2,1,1.2702577514648437,0.536,1.3135912475585938,0.532
resolution_max_b1,3,2346,after,24,,recalibrated,7,0.2,-1,1.1917876586914062,0.573,1.2216446533203125,0.553
resolution_max_b1,3,2346,after,24,,recalibrated,7,0.25,1,1.395902587890625,0.503,1.4495999755859375,0.481
resolution_max_b1,3,2346,after,24,,recalibrated,7,0.25,-1,1.3040516357421874,0.537,1.3389659423828124,0.5
resolution_max_b1,3,2346,r=32,32,,recalibrated,7,0.025,1,1.4792810668945313,0.461,1.5674774169921875,0.423
resolution_max_b1,3,2346,r=32,32,,recalibrated,7,0.025,-1,1.464968994140625,0.473,1.5549261474609375,0.424
resolution_max_b1,3,2346,r=32,32,,recalibrated,7,0.05,1,1.5004581909179688,0.455,1.584982177734375,0.417
resolution_max_b1,3,2346,r=32,32,,recalibrated,7,0.05,-1,1.4736814575195312,0.472,1.56347314453125,0.424
resolution_max_b1,3,2346,r=32,32,,recalibrated,7,0.1,1,1.5645510864257812,0.435,1.6452137451171875,0.395
resolution_max_b1,3,2346,r=32,32,,recalibrated,7,0.1,-1,1.5188472900390626,0.442,1.6021884765625,0.411
resolution_max_b1,3,2346,r=32,32,,recalibrated,7,0.2,1,1.7563291625976563,0.369,1.8399910888671875,0.344
resolution_max_b1,3,2346,r=32,32,,recalibrated,7,0.2,-1,1.6795547485351563,0.389,1.7507791748046875,0.358
resolution_max_b1,3,2346,r=32,32,,recalibrated,7,0.25,1,1.87815966796875,0.333,1.9695214233398437,0.31
resolution_max_b1,3,2346,r=32,32,,recalibrated,7,0.25,-1,1.797359130859375,0.354,1.8568121337890624,0.336
resolution_max_b1,3,2346,before,16,,recalibrated,8,0.025,1,0.7856138305664062,0.71,0.9349608459472656,0.665
resolution_max_b1,3,2346,before,16,,recalibrated,8,0.025,-1,0.7955071105957031,0.706,0.9387467041015625,0.664
resolution_max_b1,3,2346,before,16,,recalibrated,8,0.05,1,0.7941551818847656,0.7,0.9418079528808594,0.663
resolution_max_b1,3,2346,before,16,,recalibrated,8,0.05,-1,0.8124705200195312,0.695,0.9498366088867187,0.654
resolution_max_b1,3,2346,before,16,,recalibrated,8,0.1,1,0.830444580078125,0.685,0.9747259521484375,0.656
resolution_max_b1,3,2346,before,16,,recalibrated,8,0.1,-1,0.8694071655273438,0.682,0.9923717041015625,0.64
resolution_max_b1,3,2346,before,16,,recalibrated,8,0.2,1,0.978666015625,0.647,1.0952987670898438,0.617
resolution_max_b1,3,2346,before,16,,recalibrated,8,0.2,-1,1.0645895385742188,0.619,1.1696201782226563,0.576
resolution_max_b1,3,2346,before,16,,recalibrated,8,0.25,1,1.0933059692382812,0.609,1.1889228515625,0.581
resolution_max_b1,3,2346,before,16,,recalibrated,8,0.25,-1,1.1931292724609375,0.56,1.290073974609375,0.533
resolution_max_b1,3,2346,after,24,,recalibrated,8,0.025,1,1.0075474243164062,0.65,1.0408873596191406,0.621
resolution_max_b1,3,2346,after,24,,recalibrated,8,0.025,-1,1.0065873413085937,0.642,1.0359017944335938,0.623
resolution_max_b1,3,2346,after,24,,recalibrated,8,0.05,1,1.0192894287109375,0.642,1.0537744750976563,0.621
resolution_max_b1,3,2346,after,24,,recalibrated,8,0.05,-1,1.019211944580078,0.642,1.0451410522460938,0.623
resolution_max_b1,3,2346,after,24,,recalibrated,8,0.1,1,1.0649984130859376,0.629,1.0981348876953125,0.607
resolution_max_b1,3,2346,after,24,,recalibrated,8,0.1,-1,1.0673233032226563,0.614,1.0914912719726562,0.603
resolution_max_b1,3,2346,after,24,,recalibrated,8,0.2,1,1.215806640625,0.571,1.2363713989257812,0.553
resolution_max_b1,3,2346,after,24,,recalibrated,8,0.2,-1,1.252263916015625,0.536,1.2836632080078125,0.519
resolution_max_b1,3,2346,after,24,,recalibrated,8,0.25,1,1.3144904174804688,0.522,1.3332573852539062,0.519
resolution_max_b1,3,2346,after,24,,recalibrated,8,0.25,-1,1.3816666870117187,0.502,1.4168654174804687,0.478
resolution_max_b1,3,2346,r=32,32,,recalibrated,8,0.025,1,1.4658273315429688,0.472,1.55503515625,0.427
resolution_max_b1,3,2346,r=32,32,,recalibrated,8,0.025,-1,1.477811767578125,0.473,1.5692874145507814,0.422
resolution_max_b1,3,2346,r=32,32,,recalibrated,8,0.05,1,1.476166259765625,0.461,1.564283935546875,0.427
resolution_max_b1,3,2346,r=32,32,,recalibrated,8,0.05,-1,1.4974755859375,0.459,1.5931547241210937,0.422
resolution_max_b1,3,2346,r=32,32,,recalibrated,8,0.1,1,1.5271371459960938,0.442,1.6101126098632812,0.404
resolution_max_b1,3,2346,r=32,32,,recalibrated,8,0.1,-1,1.5572415161132813,0.437,1.6651092529296876,0.403
resolution_max_b1,3,2346,r=32,32,,recalibrated,8,0.2,1,1.6852811279296875,0.381,1.748109130859375,0.363
resolution_max_b1,3,2346,r=32,32,,recalibrated,8,0.2,-1,1.7478751831054689,0.376,1.8849757080078124,0.328
resolution_max_b1,3,2346,r=32,32,,recalibrated,8,0.25,1,1.7854821166992187,0.35,1.8374464721679689,0.329
resolution_max_b1,3,2346,r=32,32,,recalibrated,8,0.25,-1,1.8678306884765625,0.332,2.0160232543945313,0.287
resolution_max_b1,3,2346,before,16,,recalibrated,9,0.025,1,0.7894145812988281,0.709,0.9361201782226563,0.668
resolution_max_b1,3,2346,before,16,,recalibrated,9,0.025,-1,0.7912408142089844,0.704,0.9404761657714844,0.661
resolution_max_b1,3,2346,before,16,,recalibrated,9,0.05,1,0.802821533203125,0.708,0.9429346313476562,0.661
resolution_max_b1,3,2346,before,16,,recalibrated,9,0.05,-1,0.8049666748046875,0.696,0.951339599609375,0.661
resolution_max_b1,3,2346,before,16,,recalibrated,9,0.1,1,0.8499264831542969,0.706,0.9736680908203125,0.646
resolution_max_b1,3,2346,before,16,,recalibrated,9,0.1,-1,0.8536297607421875,0.685,0.9963771362304688,0.637
resolution_max_b1,3,2346,before,16,,recalibrated,9,0.2,1,1.0373134765625,0.629,1.1173655395507813,0.608
resolution_max_b1,3,2346,before,16,,recalibrated,9,0.2,-1,1.02061669921875,0.627,1.1540604248046875,0.598
resolution_max_b1,3,2346,before,16,,recalibrated,9,0.25,1,1.1743275146484375,0.589,1.22225244140625,0.57
resolution_max_b1,3,2346,before,16,,recalibrated,9,0.25,-1,1.131497314453125,0.597,1.2628978881835937,0.554
resolution_max_b1,3,2346,after,24,,recalibrated,9,0.025,1,1.0134158325195313,0.649,1.0416905517578126,0.618
resolution_max_b1,3,2346,after,24,,recalibrated,9,0.025,-1,1.0001495666503906,0.656,1.0344539184570312,0.631
resolution_max_b1,3,2346,after,24,,recalibrated,9,0.05,1,1.0312452392578124,0.639,1.0570410766601563,0.614
resolution_max_b1,3,2346,after,24,,recalibrated,9,0.05,-1,1.0056535034179688,0.653,1.043102294921875,0.634
resolution_max_b1,3,2346,after,24,,recalibrated,9,0.1,1,1.0872127075195313,0.615,1.1168140869140626,0.594
resolution_max_b1,3,2346,after,24,,recalibrated,9,0.1,-1,1.039783447265625,0.63,1.0818767700195313,0.626
resolution_max_b1,3,2346,after,24,,recalibrated,9,0.2,1,1.279290283203125,0.542,1.3061964721679689,0.54
resolution_max_b1,3,2346,after,24,,recalibrated,9,0.2,-1,1.1807172241210937,0.573,1.23357080078125,0.551
resolution_max_b1,3,2346,after,24,,recalibrated,9,0.25,1,1.40864794921875,0.505,1.4314569702148439,0.504
resolution_max_b1,3,2346,after,24,,recalibrated,9,0.25,-1,1.2752521362304687,0.544,1.337112548828125,0.519
resolution_max_b1,3,2346,r=32,32,,recalibrated,9,0.025,1,1.4929676513671875,0.46,1.5796400756835938,0.418
resolution_max_b1,3,2346,r=32,32,,recalibrated,9,0.025,-1,1.4515,0.475,1.543294677734375,0.433
resolution_max_b1,3,2346,r=32,32,,recalibrated,9,0.05,1,1.5305741577148437,0.45,1.6124328002929686,0.406
resolution_max_b1,3,2346,r=32,32,,recalibrated,9,0.05,-1,1.4451958618164062,0.478,1.538532470703125,0.431
resolution_max_b1,3,2346,r=32,32,,recalibrated,9,0.1,1,1.6251788330078125,0.412,1.6988787841796875,0.411
resolution_max_b1,3,2346,r=32,32,,recalibrated,9,0.1,-1,1.4628896484375,0.481,1.551303955078125,0.436
resolution_max_b1,3,2346,r=32,32,,recalibrated,9,0.2,1,1.8331436157226562,0.358,1.8893826293945313,0.34
resolution_max_b1,3,2346,r=32,32,,recalibrated,9,0.2,-1,1.5874265747070313,0.423,1.6653477783203126,0.384
resolution_max_b1,3,2346,r=32,32,,recalibrated,9,0.25,1,1.9468552856445311,0.333,2.0030611572265626,0.296
resolution_max_b1,3,2346,r=32,32,,recalibrated,9,0.25,-1,1.6766595458984375,0.385,1.7497861938476562,0.363
resolution_max_b1,3,4692,before,24,,saved,,0.0,0,0.5234846038818359,0.819,0.7369509582519531,0.745
resolution_max_b1,3,4692,before,24,,recalibrated,,0.0,0,0.513119384765625,0.83,0.7193437805175781,0.745
resolution_max_b1,3,4692,before,24,,recalibrated,0,0.025,1,0.5224158020019531,0.824,0.73007470703125,0.738
resolution_max_b1,3,4692,before,24,,recalibrated,0,0.025,-1,0.5160680541992188,0.825,0.7161426086425782,0.747
resolution_max_b1,3,4692,before,24,,recalibrated,0,0.05,1,0.546875732421875,0.811,0.7480700073242188,0.741
resolution_max_b1,3,4692,before,24,,recalibrated,0,0.05,-1,0.5312813720703125,0.82,0.7218538513183593,0.745
resolution_max_b1,3,4692,before,24,,recalibrated,0,0.1,1,0.6276413269042969,0.779,0.8142170715332031,0.719
resolution_max_b1,3,4692,before,24,,recalibrated,0,0.1,-1,0.5858673706054688,0.787,0.7596445922851562,0.732
resolution_max_b1,3,4692,before,24,,recalibrated,0,0.2,1,0.9024202270507813,0.68,1.0601889038085937,0.633
resolution_max_b1,3,4692,before,24,,recalibrated,0,0.2,-1,0.7745128479003907,0.719,0.9290068969726563,0.665
resolution_max_b1,3,4692,before,24,,recalibrated,0,0.25,1,1.0844666137695314,0.627,1.2372291870117187,0.577
resolution_max_b1,3,4692,before,24,,recalibrated,0,0.25,-1,0.9168943176269532,0.672,1.0620995483398437,0.616
resolution_max_b1,3,4692,after,32,,saved,,0.0,0,3.7391563720703127,0.205,3.7522493896484375,0.185
resolution_max_b1,3,4692,after,32,,recalibrated,,0.0,0,0.9738525390625,0.669,1.10557275390625,0.61
resolution_max_b1,3,4692,after,32,,recalibrated,0,0.025,1,0.9765185852050782,0.676,1.1025159606933594,0.612
resolution_max_b1,3,4692,after,32,,recalibrated,0,0.025,-1,0.9863125610351563,0.662,1.1271048583984375,0.607
resolution_max_b1,3,4692,after,32,,recalibrated,0,0.05,1,1.0017747497558593,0.66,1.1250551147460937,0.61
resolution_max_b1,3,4692,after,32,,recalibrated,0,0.05,-1,1.0117166748046875,0.655,1.1576234741210938,0.6
resolution_max_b1,3,4692,after,32,,recalibrated,0,0.1,1,1.0915735473632813,0.623,1.2100587158203124,0.586
resolution_max_b1,3,4692,after,32,,recalibrated,0,0.1,-1,1.0959037170410155,0.626,1.2456517944335936,0.573
resolution_max_b1,3,4692,after,32,,recalibrated,0,0.2,1,1.414130859375,0.522,1.5182828369140624,0.486
resolution_max_b1,3,4692,after,32,,recalibrated,0,0.2,-1,1.3515794677734374,0.53,1.51521533203125,0.488
resolution_max_b1,3,4692,after,32,,recalibrated,0,0.25,1,1.6164041748046876,0.459,1.701722900390625,0.429
resolution_max_b1,3,4692,after,32,,recalibrated,0,0.25,-1,1.5199281005859375,0.476,1.6801050415039063,0.422
resolution_max_b1,3,4692,r=16,16,,saved,,0.0,0,0.8540349731445313,0.697,0.9986639404296875,0.668
resolution_max_b1,3,4692,r=16,16,,recalibrated,,0.0,0,0.7659295043945312,0.731,0.9335975646972656,0.688
resolution_max_b1,3,4692,r=16,16,,recalibrated,0,0.025,1,0.7727041625976563,0.735,0.9437661743164063,0.689
resolution_max_b1,3,4692,r=16,16,,recalibrated,0,0.025,-1,0.7717516174316407,0.736,0.93287646484375,0.689
resolution_max_b1,3,4692,r=16,16,,recalibrated,0,0.05,1,0.7944511108398438,0.739,0.9683124389648438,0.685
resolution_max_b1,3,4692,r=16,16,,recalibrated,0,0.05,-1,0.7884687194824219,0.731,0.9376618957519531,0.678
resolution_max_b1,3,4692,r=16,16,,recalibrated,0,0.1,1,0.8750510864257812,0.702,1.0626676635742187,0.663
resolution_max_b1,3,4692,r=16,16,,recalibrated,0,0.1,-1,0.8287505187988281,0.731,0.9670110473632813,0.674
resolution_max_b1,3,4692,r=16,16,,recalibrated,0,0.2,1,1.153585693359375,0.62,1.3409801635742187,0.586
resolution_max_b1,3,4692,r=16,16,,recalibrated,0,0.2,-1,0.9964961547851563,0.669,1.1334515991210938,0.614
resolution_max_b1,3,4692,r=16,16,,recalibrated,0,0.25,1,1.3515067138671875,0.582,1.513370849609375,0.53
resolution_max_b1,3,4692,r=16,16,,recalibrated,0,0.25,-1,1.1302488403320312,0.626,1.26716796875,0.566
resolution_max_b1,3,4692,before,24,,recalibrated,1,0.025,1,0.5221510314941407,0.823,0.7273495788574219,0.745
resolution_max_b1,3,4692,before,24,,recalibrated,1,0.025,-1,0.5147377624511719,0.823,0.7185936889648438,0.742
resolution_max_b1,3,4692,before,24,,recalibrated,1,0.05,1,0.5422195892333984,0.809,0.7433777465820313,0.734
resolution_max_b1,3,4692,before,24,,recalibrated,1,0.05,-1,0.5263061828613281,0.816,0.7245551147460938,0.739
resolution_max_b1,3,4692,before,24,,recalibrated,1,0.1,1,0.6156653442382812,0.785,0.7946233215332031,0.714
resolution_max_b1,3,4692,before,24,,recalibrated,1,0.1,-1,0.5823672485351562,0.787,0.7597109375,0.737
resolution_max_b1,3,4692,before,24,,recalibrated,1,0.2,1,0.8715396423339844,0.704,1.002143768310547,0.652
resolution_max_b1,3,4692,before,24,,recalibrated,1,0.2,-1,0.7912073364257812,0.715,0.9297420043945313,0.682
resolution_max_b1,3,4692,before,24,,recalibrated,1,0.25,1,1.0551497192382813,0.647,1.155569091796875,0.601
resolution_max_b1,3,4692,before,24,,recalibrated,1,0.25,-1,0.9319427185058594,0.682,1.0728784790039063,0.635
resolution_max_b1,3,4692,after,32,,recalibrated,1,0.025,1,0.9864882507324219,0.672,1.10823388671875,0.615
resolution_max_b1,3,4692,after,32,,recalibrated,1,0.025,-1,0.9735205383300781,0.663,1.1178878784179687,0.602
resolution_max_b1,3,4692,after,32,,recalibrated,1,0.05,1,1.010863525390625,0.663,1.1281997680664062,0.603
resolution_max_b1,3,4692,after,32,,recalibrated,1,0.05,-1,0.9889248657226563,0.667,1.1449286499023437,0.597
resolution_max_b1,3,4692,after,32,,recalibrated,1,0.1,1,1.094269287109375,0.635,1.1998917236328126,0.571
resolution_max_b1,3,4692,after,32,,recalibrated,1,0.1,-1,1.0540388793945312,0.632,1.2312728881835937,0.578
resolution_max_b1,3,4692,after,32,,recalibrated,1,0.2,1,1.376589111328125,0.541,1.476607666015625,0.47
resolution_max_b1,3,4692,after,32,,recalibrated,1,0.2,-1,1.3151283569335936,0.54,1.5048090209960938,0.496
resolution_max_b1,3,4692,after,32,,recalibrated,1,0.25,1,1.5714617919921876,0.463,1.657350830078125,0.414
resolution_max_b1,3,4692,after,32,,recalibrated,1,0.25,-1,1.50129296875,0.487,1.69455517578125,0.441
resolution_max_b1,3,4692,r=16,16,,recalibrated,1,0.025,1,0.770068359375,0.736,0.9482013244628906,0.684
resolution_max_b1,3,4692,r=16,16,,recalibrated,1,0.025,-1,0.7736777954101562,0.732,0.9283598022460937,0.69
resolution_max_b1,3,4692,r=16,16,,recalibrated,1,0.05,1,0.78726220703125,0.731,0.9698832397460937,0.684
resolution_max_b1,3,4692,r=16,16,,recalibrated,1,0.05,-1,0.7912566833496094,0.724,0.9349576416015625,0.688
resolution_max_b1,3,4692,r=16,16,,recalibrated,1,0.1,1,0.8467951965332031,0.711,1.0316455078125,0.67
resolution_max_b1,3,4692,r=16,16,,recalibrated,1,0.1,-1,0.8507027893066407,0.704,0.9712413330078125,0.679
resolution_max_b1,3,4692,r=16,16,,recalibrated,1,0.2,1,1.0935545043945312,0.638,1.25298974609375,0.589
resolution_max_b1,3,4692,r=16,16,,recalibrated,1,0.2,-1,1.0574051513671876,0.647,1.12363232421875,0.626
resolution_max_b1,3,4692,r=16,16,,recalibrated,1,0.25,1,1.2806654052734374,0.595,1.402574951171875,0.538
resolution_max_b1,3,4692,r=16,16,,recalibrated,1,0.25,-1,1.1976819458007812,0.614,1.2421026000976563,0.592
resolution_max_b1,3,4692,before,24,,recalibrated,2,0.025,1,0.5226233825683594,0.821,0.7257734985351563,0.746
resolution_max_b1,3,4692,before,24,,recalibrated,2,0.025,-1,0.5160909423828125,0.828,0.7220256958007812,0.736
resolution_max_b1,3,4692,before,24,,recalibrated,2,0.05,1,0.5434976501464843,0.815,0.74099755859375,0.736
resolution_max_b1,3,4692,before,24,,recalibrated,2,0.05,-1,0.533982666015625,0.807,0.7351033935546875,0.74
resolution_max_b1,3,4692,before,24,,recalibrated,2,0.1,1,0.609545654296875,0.798,0.7947665710449219,0.722
resolution_max_b1,3,4692,before,24,,recalibrated,2,0.1,-1,0.6073713073730469,0.775,0.7946640014648437,0.722
resolution_max_b1,3,4692,before,24,,recalibrated,2,0.2,1,0.8478394165039063,0.701,0.996396484375,0.669
resolution_max_b1,3,4692,before,24,,recalibrated,2,0.2,-1,0.8801441345214843,0.694,1.0190318603515625,0.647
resolution_max_b1,3,4692,before,24,,recalibrated,2,0.25,1,1.0164600219726563,0.66,1.1469791259765625,0.617
resolution_max_b1,3,4692,before,24,,recalibrated,2,0.25,-1,1.0634119262695312,0.637,1.1841826171875,0.595
resolution_max_b1,3,4692,after,32,,recalibrated,2,0.025,1,0.9832573852539063,0.675,1.1201272583007813,0.617
resolution_max_b1,3,4692,after,32,,recalibrated,2,0.025,-1,0.9806444091796875,0.667,1.1058792114257812,0.619
resolution_max_b1,3,4692,after,32,,recalibrated,2,0.05,1,1.0040114135742189,0.67,1.1430462646484374,0.601
resolution_max_b1,3,4692,after,32,,recalibrated,2,0.05,-1,1.0056141052246095,0.654,1.1224921264648438,0.608
resolution_max_b1,3,4692,after,32,,recalibrated,2,0.1,1,1.0787451477050782,0.642,1.2199027709960937,0.591
resolution_max_b1,3,4692,after,32,,recalibrated,2,0.1,-1,1.1095210571289063,0.614,1.2263409423828124,0.579
resolution_max_b1,3,4692,after,32,,recalibrated,2,0.2,1,1.3528921508789062,0.544,1.4737666625976562,0.503
resolution_max_b1,3,4692,after,32,,recalibrated,2,0.2,-1,1.4464573974609376,0.51,1.5613441772460936,0.463
resolution_max_b1,3,4692,after,32,,recalibrated,2,0.25,1,1.519138427734375,0.495,1.627638427734375,0.457
resolution_max_b1,3,4692,after,32,,recalibrated,2,0.25,-1,1.6486979370117187,0.465,1.7659641723632813,0.411
resolution_max_b1,3,4692,r=16,16,,recalibrated,2,0.025,1,0.7684989624023437,0.739,0.9413186645507813,0.689
resolution_max_b1,3,4692,r=16,16,,recalibrated,2,0.025,-1,0.7770274658203125,0.735,0.9353895263671875,0.683
resolution_max_b1,3,4692,r=16,16,,recalibrated,2,0.05,1,0.7803638916015625,0.738,0.95509765625,0.682
resolution_max_b1,3,4692,r=16,16,,recalibrated,2,0.05,-1,0.8026339721679687,0.723,0.9503590698242188,0.682
resolution_max_b1,3,4692,r=16,16,,recalibrated,2,0.1,1,0.8341022338867188,0.718,1.0061737670898439,0.67
resolution_max_b1,3,4692,r=16,16,,recalibrated,2,0.1,-1,0.8795321655273437,0.71,1.014247802734375,0.669
resolution_max_b1,3,4692,r=16,16,,recalibrated,2,0.2,1,1.0447746887207032,0.663,1.2010301513671875,0.621
resolution_max_b1,3,4692,r=16,16,,recalibrated,2,0.2,-1,1.1256290283203125,0.63,1.2411956787109375,0.591
resolution_max_b1,3,4692,r=16,16,,recalibrated,2,0.25,1,1.2000101928710938,0.617,1.3367942504882813,0.572
resolution_max_b1,3,4692,r=16,16,,recalibrated,2,0.25,-1,1.3035421142578125,0.583,1.3999086303710937,0.562
resolution_max_b1,3,4692,before,24,,recalibrated,3,0.025,1,0.5146362457275391,0.827,0.7209639892578125,0.739
resolution_max_b1,3,4692,before,24,,recalibrated,3,0.025,-1,0.524518310546875,0.816,0.7259139404296875,0.747
resolution_max_b1,3,4692,before,24,,recalibrated,3,0.05,1,0.527415771484375,0.82,0.7304432373046875,0.727
resolution_max_b1,3,4692,before,24,,recalibrated,3,0.05,-1,0.5467340545654297,0.804,0.7414168090820312,0.738
resolution_max_b1,3,4692,before,24,,recalibrated,3,0.1,1,0.5802368774414063,0.801,0.7695704040527344,0.724
resolution_max_b1,3,4692,before,24,,recalibrated,3,0.1,-1,0.6157364501953125,0.77,0.79412451171875,0.734
resolution_max_b1,3,4692,before,24,,recalibrated,3,0.2,1,0.7744696350097656,0.726,0.92016357421875,0.673
resolution_max_b1,3,4692,before,24,,recalibrated,3,0.2,-1,0.8380106201171875,0.718,0.9773641662597656,0.664
resolution_max_b1,3,4692,before,24,,recalibrated,3,0.25,1,0.9021975708007812,0.681,1.030114501953125,0.644
resolution_max_b1,3,4692,before,24,,recalibrated,3,0.25,-1,0.9962389526367188,0.659,1.1013526611328126,0.626
resolution_max_b1,3,4692,after,32,,recalibrated,3,0.025,1,0.9739094848632812,0.67,1.102192626953125,0.613
resolution_max_b1,3,4692,after,32,,recalibrated,3,0.025,-1,0.9871968078613281,0.678,1.12386328125,0.607
resolution_max_b1,3,4692,after,32,,recalibrated,3,0.05,1,0.9891732177734375,0.659,1.1156530456542968,0.611
resolution_max_b1,3,4692,after,32,,recalibrated,3,0.05,-1,1.0174169006347655,0.663,1.15820849609375,0.598
resolution_max_b1,3,4692,after,32,,recalibrated,3,0.1,1,1.0611636962890625,0.63,1.1866019897460938,0.591
resolution_max_b1,3,4692,after,32,,recalibrated,3,0.1,-1,1.134462890625,0.618,1.2786547241210937,0.558
resolution_max_b1,3,4692,after,32,,recalibrated,3,0.2,1,1.2883746337890625,0.559,1.4220420532226563,0.509
resolution_max_b1,3,4692,after,32,,recalibrated,3,0.2,-1,1.4942144775390624,0.497,1.618682861328125,0.446
resolution_max_b1,3,4692,after,32,,recalibrated,3,0.25,1,1.422181640625,0.53,1.5728643798828126,0.484
resolution_max_b1,3,4692,after,32,,recalibrated,3,0.25,-1,1.6931286010742188,0.44,1.8059456787109376,0.379
resolution_max_b1,3,4692,r=16,16,,recalibrated,3,0.025,1,0.7725099487304687,0.732,0.939888427734375,0.688
resolution_max_b1,3,4692,r=16,16,,recalibrated,3,0.025,-1,0.7736742248535157,0.73,0.9357039794921875,0.686
resolution_max_b1,3,4692,r=16,16,,recalibrated,3,0.05,1,0.7863654479980469,0.728,0.9567715148925782,0.673
resolution_max_b1,3,4692,r=16,16,,recalibrated,3,0.05,-1,0.7940911865234375,0.714,0.9467724609375,0.68
resolution_max_b1,3,4692,r=16,16,,recalibrated,3,0.1,1,0.8414922485351563,0.716,1.0108393249511718,0.661
resolution_max_b1,3,4692,r=16,16,,recalibrated,3,0.1,-1,0.8674700012207032,0.7,1.0067980651855468,0.673
resolution_max_b1,3,4692,r=16,16,,recalibrated,3,0.2,1,1.0346399536132813,0.661,1.1864546508789062,0.617
resolution_max_b1,3,4692,r=16,16,,recalibrated,3,0.2,-1,1.1154506225585938,0.631,1.2009686889648437,0.6
resolution_max_b1,3,4692,r=16,16,,recalibrated,3,0.25,1,1.159580810546875,0.611,1.3016661376953125,0.581
resolution_max_b1,3,4692,r=16,16,,recalibrated,3,0.25,-1,1.270338623046875,0.587,1.3261531982421875,0.576
resolution_max_b1,3,4692,before,24,,recalibrated,4,0.025,1,0.5190714111328125,0.827,0.7190374145507813,0.745
resolution_max_b1,3,4692,before,24,,recalibrated,4,0.025,-1,0.5149371795654297,0.83,0.724634765625,0.742
resolution_max_b1,3,4692,before,24,,recalibrated,4,0.05,1,0.5322061157226563,0.822,0.7231697387695313,0.743
resolution_max_b1,3,4692,before,24,,recalibrated,4,0.05,-1,0.5258711700439453,0.814,0.7348778991699219,0.73
resolution_max_b1,3,4692,before,24,,recalibrated,4,0.1,1,0.5818692626953125,0.798,0.7504854125976562,0.737
resolution_max_b1,3,4692,before,24,,recalibrated,4,0.1,-1,0.5690723266601563,0.8,0.7698519287109375,0.714
resolution_max_b1,3,4692,before,24,,recalibrated,4,0.2,1,0.7919175415039063,0.728,0.8963871154785156,0.685
resolution_max_b1,3,4692,before,24,,recalibrated,4,0.2,-1,0.7330908203125,0.75,0.9126353759765625,0.663
resolution_max_b1,3,4692,before,24,,recalibrated,4,0.25,1,0.954140869140625,0.677,1.0249955444335936,0.636
resolution_max_b1,3,4692,before,24,,recalibrated,4,0.25,-1,0.8575515441894531,0.707,1.0261807861328125,0.631
resolution_max_b1,3,4692,after,32,,recalibrated,4,0.025,1,0.9855663757324219,0.667,1.1113755798339844,0.613
resolution_max_b1,3,4692,after,32,,recalibrated,4,0.025,-1,0.9706727905273438,0.669,1.1066900024414061,0.619
resolution_max_b1,3,4692,after,32,,recalibrated,4,0.05,1,1.0093912963867187,0.658,1.1244969482421876,0.61
resolution_max_b1,3,4692,after,32,,recalibrated,4,0.05,-1,0.976392822265625,0.666,1.1180462951660157,0.616
resolution_max_b1,3,4692,after,32,,recalibrated,4,0.1,1,1.0871580810546875,0.621,1.1822750244140625,0.601
resolution_max_b1,3,4692,after,32,,recalibrated,4,0.1,-1,1.0215307312011719,0.643,1.17701806640625,0.584
resolution_max_b1,3,4692,after,32,,recalibrated,4,0.2,1,1.3641810913085937,0.523,1.435849853515625,0.501
resolution_max_b1,3,4692,after,32,,recalibrated,4,0.2,-1,1.2231392211914063,0.568,1.3820900268554688,0.512
resolution_max_b1,3,4692,after,32,,recalibrated,4,0.25,1,1.5653411865234375,0.468,1.6231214599609376,0.438
resolution_max_b1,3,4692,after,32,,recalibrated,4,0.25,-1,1.3628941650390625,0.514,1.5241311645507813,0.464
resolution_max_b1,3,4692,r=16,16,,recalibrated,4,0.025,1,0.7717816162109375,0.739,0.93566357421875,0.691
resolution_max_b1,3,4692,r=16,16,,recalibrated,4,0.025,-1,0.7673505859375,0.731,0.9367966003417969,0.683
resolution_max_b1,3,4692,r=16,16,,recalibrated,4,0.05,1,0.786356689453125,0.729,0.9449676208496094,0.688
resolution_max_b1,3,4692,r=16,16,,recalibrated,4,0.05,-1,0.7745087890625,0.73,0.9447122497558593,0.68
resolution_max_b1,3,4692,r=16,16,,recalibrated,4,0.1,1,0.8357740478515625,0.713,0.9783357543945312,0.677
resolution_max_b1,3,4692,r=16,16,,recalibrated,4,0.1,-1,0.8060105895996094,0.719,0.9758484497070312,0.676
resolution_max_b1,3,4692,r=16,16,,recalibrated,4,0.2,1,1.0450096740722656,0.642,1.1349534912109376,0.644
resolution_max_b1,3,4692,r=16,16,,recalibrated,4,0.2,-1,0.9378568725585937,0.673,1.1181370849609376,0.622
resolution_max_b1,3,4692,r=16,16,,recalibrated,4,0.25,1,1.2074070434570312,0.595,1.266923583984375,0.59
resolution_max_b1,3,4692,r=16,16,,recalibrated,4,0.25,-1,1.0577348022460937,0.64,1.2315311279296874,0.59
resolution_max_b1,3,4692,before,24,,recalibrated,5,0.025,1,0.5167367248535156,0.833,0.7188869018554688,0.744
resolution_max_b1,3,4692,before,24,,recalibrated,5,0.025,-1,0.5183186645507812,0.821,0.7254434204101563,0.745
resolution_max_b1,3,4692,before,24,,recalibrated,5,0.05,1,0.5278745880126953,0.831,0.7249523315429688,0.736
resolution_max_b1,3,4692,before,24,,recalibrated,5,0.05,-1,0.5315314331054688,0.816,0.7365227355957031,0.743
resolution_max_b1,3,4692,before,24,,recalibrated,5,0.1,1,0.5735048522949219,0.809,0.7519681091308594,0.728
resolution_max_b1,3,4692,before,24,,recalibrated,5,0.1,-1,0.5788442993164062,0.786,0.7713692016601562,0.732
resolution_max_b1,3,4692,before,24,,recalibrated,5,0.2,1,0.7589881591796875,0.73,0.8876353454589844,0.675
resolution_max_b1,3,4692,before,24,,recalibrated,5,0.2,-1,0.7496105041503907,0.74,0.8983010864257812,0.692
resolution_max_b1,3,4692,before,24,,recalibrated,5,0.25,1,0.8976104736328125,0.685,1.0094664611816406,0.632
resolution_max_b1,3,4692,before,24,,recalibrated,5,0.25,-1,0.872412353515625,0.708,0.98700634765625,0.667
resolution_max_b1,3,4692,after,32,,recalibrated,5,0.025,1,0.9808081359863281,0.672,1.1064310607910157,0.614
resolution_max_b1,3,4692,after,32,,recalibrated,5,0.025,-1,0.9776152954101562,0.669,1.11076025390625,0.618
resolution_max_b1,3,4692,after,32,,recalibrated,5,0.05,1,1.0000124206542969,0.657,1.1152408752441407,0.612
resolution_max_b1,3,4692,after,32,,recalibrated,5,0.05,-1,0.991839599609375,0.658,1.1256323852539063,0.609
resolution_max_b1,3,4692,after,32,,recalibrated,5,0.1,1,1.0684149475097657,0.63,1.1643006591796874,0.59
resolution_max_b1,3,4692,after,32,,recalibrated,5,0.1,-1,1.047824493408203,0.636,1.1804261474609374,0.591
resolution_max_b1,3,4692,after,32,,recalibrated,5,0.2,1,1.3297359619140625,0.527,1.3758524780273438,0.516
resolution_max_b1,3,4692,after,32,,recalibrated,5,0.2,-1,1.2477618408203126,0.568,1.392967529296875,0.515
resolution_max_b1,3,4692,after,32,,recalibrated,5,0.25,1,1.489715087890625,0.471,1.5134264526367187,0.464
resolution_max_b1,3,4692,after,32,,recalibrated,5,0.25,-1,1.40569921875,0.511,1.5336394653320313,0.465
resolution_max_b1,3,4692,r=16,16,,recalibrated,5,0.025,1,0.76508740234375,0.735,0.9333796997070313,0.687
resolution_max_b1,3,4692,r=16,16,,recalibrated,5,0.025,-1,0.7736030883789062,0.733,0.93955322265625,0.692
resolution_max_b1,3,4692,r=16,16,,recalibrated,5,0.05,1,0.7693840637207031,0.729,0.9343141479492187,0.693
resolution_max_b1,3,4692,r=16,16,,recalibrated,5,0.05,-1,0.7879378662109375,0.723,0.9521992797851563,0.687
resolution_max_b1,3,4692,r=16,16,,recalibrated,5,0.1,1,0.7977675170898437,0.727,0.9493428955078125,0.685
resolution_max_b1,3,4692,r=16,16,,recalibrated,5,0.1,-1,0.8445704956054687,0.713,0.9928264770507812,0.672
resolution_max_b1,3,4692,r=16,16,,recalibrated,5,0.2,1,0.9426063842773438,0.686,1.0907805786132811,0.629
resolution_max_b1,3,4692,r=16,16,,recalibrated,5,0.2,-1,1.0238489990234374,0.65,1.1313057861328124,0.638
resolution_max_b1,3,4692,r=16,16,,recalibrated,5,0.25,1,1.0663472900390625,0.631,1.2108536376953125,0.593
resolution_max_b1,3,4692,r=16,16,,recalibrated,5,0.25,-1,1.1533681030273437,0.608,1.2363406982421874,0.618
resolution_max_b1,3,4692,before,24,,recalibrated,6,0.025,1,0.5222398681640625,0.823,0.7299120483398438,0.739
resolution_max_b1,3,4692,before,24,,recalibrated,6,0.025,-1,0.5139700012207031,0.832,0.7189781799316406,0.747
resolution_max_b1,3,4692,before,24,,recalibrated,6,0.05,1,0.5408747863769531,0.812,0.7478720397949219,0.731
resolution_max_b1,3,4692,before,24,,recalibrated,6,0.05,-1,0.5253103637695312,0.824,0.7278598937988281,0.746
resolution_max_b1,3,4692,before,24,,recalibrated,6,0.1,1,0.603529541015625,0.778,0.807185302734375,0.724
resolution_max_b1,3,4692,before,24,,recalibrated,6,0.1,-1,0.5741068725585937,0.8,0.7612644958496094,0.73
resolution_max_b1,3,4692,before,24,,recalibrated,6,0.2,1,0.8364649047851562,0.701,1.0388294067382813,0.649
resolution_max_b1,3,4692,before,24,,recalibrated,6,0.2,-1,0.7677574768066406,0.728,0.9061156311035157,0.686
resolution_max_b1,3,4692,before,24,,recalibrated,6,0.25,1,1.0140882263183593,0.637,1.2185362548828125,0.594
resolution_max_b1,3,4692,before,24,,recalibrated,6,0.25,-1,0.9210025634765625,0.674,1.015266357421875,0.66
resolution_max_b1,3,4692,after,32,,recalibrated,6,0.025,1,0.9882373046875,0.666,1.129881591796875,0.597
resolution_max_b1,3,4692,after,32,,recalibrated,6,0.025,-1,0.9698775634765625,0.68,1.09899560546875,0.609
resolution_max_b1,3,4692,after,32,,recalibrated,6,0.05,1,1.0159520874023438,0.657,1.1725478515625,0.59
resolution_max_b1,3,4692,after,32,,recalibrated,6,0.05,-1,0.9807398681640624,0.682,1.1075943603515626,0.613
resolution_max_b1,3,4692,after,32,,recalibrated,6,0.1,1,1.116353271484375,0.616,1.300031982421875,0.537
resolution_max_b1,3,4692,after,32,,recalibrated,6,0.1,-1,1.0442962341308595,0.648,1.1646009521484375,0.602
resolution_max_b1,3,4692,after,32,,recalibrated,6,0.2,1,1.4494066162109376,0.494,1.67065478515625,0.431
resolution_max_b1,3,4692,after,32,,recalibrated,6,0.2,-1,1.2868887329101562,0.549,1.383930908203125,0.532
resolution_max_b1,3,4692,after,32,,recalibrated,6,0.25,1,1.670590576171875,0.405,1.9025148315429687,0.368
resolution_max_b1,3,4692,after,32,,recalibrated,6,0.25,-1,1.424988037109375,0.517,1.5208554077148437,0.488
resolution_max_b1,3,4692,r=16,16,,recalibrated,6,0.025,1,0.7697081909179687,0.732,0.9411046447753906,0.683
resolution_max_b1,3,4692,r=16,16,,recalibrated,6,0.025,-1,0.76933251953125,0.733,0.9329882507324219,0.689
resolution_max_b1,3,4692,r=16,16,,recalibrated,6,0.05,1,0.782701171875,0.734,0.9563135986328125,0.682
resolution_max_b1,3,4692,r=16,16,,recalibrated,6,0.05,-1,0.7826805419921875,0.732,0.9406174011230469,0.699
resolution_max_b1,3,4692,r=16,16,,recalibrated,6,0.1,1,0.8306433410644531,0.724,1.0135936279296875,0.661
resolution_max_b1,3,4692,r=16,16,,recalibrated,6,0.1,-1,0.8273761901855469,0.722,0.9770660705566406,0.684
resolution_max_b1,3,4692,r=16,16,,recalibrated,6,0.2,1,1.0665435791015625,0.628,1.2640990600585937,0.596
resolution_max_b1,3,4692,r=16,16,,recalibrated,6,0.2,-1,1.01901318359375,0.659,1.1239432373046876,0.626
resolution_max_b1,3,4692,r=16,16,,recalibrated,6,0.25,1,1.2566968994140626,0.565,1.4552449951171875,0.549
resolution_max_b1,3,4692,r=16,16,,recalibrated,6,0.25,-1,1.157455322265625,0.625,1.232210693359375,0.597
resolution_max_b1,3,4692,before,24,,recalibrated,7,0.025,1,0.5299521026611328,0.816,0.7257111206054687,0.748
resolution_max_b1,3,4692,before,24,,recalibrated,7,0.025,-1,0.5080428161621093,0.826,0.7196147155761718,0.735
resolution_max_b1,3,4692,before,24,,recalibrated,7,0.05,1,0.5603960571289063,0.804,0.7400347900390625,0.745
resolution_max_b1,3,4692,before,24,,recalibrated,7,0.05,-1,0.5152580261230468,0.827,0.7264718933105468,0.732
resolution_max_b1,3,4692,before,24,,recalibrated,7,0.1,1,0.654632080078125,0.766,0.7960558471679687,0.726
resolution_max_b1,3,4692,before,24,,recalibrated,7,0.1,-1,0.5563691711425781,0.814,0.7639692077636718,0.724
resolution_max_b1,3,4692,before,24,,recalibrated,7,0.2,1,0.9533206787109375,0.656,1.0405879516601562,0.657
resolution_max_b1,3,4692,before,24,,recalibrated,7,0.2,-1,0.7423325500488281,0.737,0.93432568359375,0.672
resolution_max_b1,3,4692,before,24,,recalibrated,7,0.25,1,1.1680209350585937,0.59,1.2413826293945311,0.582
resolution_max_b1,3,4692,before,24,,recalibrated,7,0.25,-1,0.88659765625,0.683,1.0655707092285156,0.627
resolution_max_b1,3,4692,after,32,,recalibrated,7,0.025,1,0.9913226318359375,0.661,1.1184849853515626,0.606
resolution_max_b1,3,4692,after,32,,recalibrated,7,0.025,-1,0.9726012878417969,0.67,1.1098128662109374,0.611
resolution_max_b1,3,4692,after,32,,recalibrated,7,0.05,1,1.02594482421875,0.659,1.1469161376953125,0.596
resolution_max_b1,3,4692,after,32,,recalibrated,7,0.05,-1,0.9858688659667969,0.665,1.1315780029296876,0.604
resolution_max_b1,3,4692,after,32,,recalibrated,7,0.1,1,1.1385432739257813,0.599,1.2500010375976562,0.563
resolution_max_b1,3,4692,after,32,,recalibrated,7,0.1,-1,1.0615697326660156,0.642,1.2249124145507813,0.569
resolution_max_b1,3,4692,after,32,,recalibrated,7,0.2,1,1.46786669921875,0.487,1.588048583984375,0.458
resolution_max_b1,3,4692,after,32,,recalibrated,7,0.2,-1,1.3345068359375,0.539,1.480851806640625,0.493
resolution_max_b1,3,4692,after,32,,recalibrated,7,0.25,1,1.6719627075195314,0.441,1.8108531494140625,0.407
resolution_max_b1,3,4692,after,32,,recalibrated,7,0.25,-1,1.5125244140625,0.477,1.64247509765625,0.457
resolution_max_b1,3,4692,r=16,16,,recalibrated,7,0.025,1,0.7874872436523438,0.729,0.9446106872558594,0.687
resolution_max_b1,3,4692,r=16,16,,recalibrated,7,0.025,-1,0.7560560913085937,0.74,0.9313252563476563,0.696
resolution_max_b1,3,4692,r=16,16,,recalibrated,7,0.05,1,0.8209718017578125,0.716,0.9638263244628906,0.676
resolution_max_b1,3,4692,r=16,16,,recalibrated,7,0.05,-1,0.7578901977539062,0.739,0.9379815063476562,0.688
resolution_max_b1,3,4692,r=16,16,,recalibrated,7,0.1,1,0.9213757019042969,0.683,1.045527801513672,0.664
resolution_max_b1,3,4692,r=16,16,,recalibrated,7,0.1,-1,0.7875723571777343,0.731,0.9722820739746094,0.677
resolution_max_b1,3,4692,r=16,16,,recalibrated,7,0.2,1,1.2333638916015626,0.596,1.3421074829101562,0.59
resolution_max_b1,3,4692,r=16,16,,recalibrated,7,0.2,-1,0.952723388671875,0.67,1.1303038330078126,0.639
resolution_max_b1,3,4692,r=16,16,,recalibrated,7,0.25,1,1.4517183227539063,0.549,1.5493629150390624,0.524
resolution_max_b1,3,4692,r=16,16,,recalibrated,7,0.25,-1,1.1090777587890626,0.623,1.2544588012695312,0.602
resolution_max_b1,3,4692,before,24,,recalibrated,8,0.025,1,0.5189783630371094,0.824,0.7233306274414063,0.738
resolution_max_b1,3,4692,before,24,,recalibrated,8,0.025,-1,0.5174234466552734,0.831,0.7199700927734375,0.746
resolution_max_b1,3,4692,before,24,,recalibrated,8,0.05,1,0.5332398986816407,0.813,0.7323373107910156,0.731
resolution_max_b1,3,4692,before,24,,recalibrated,8,0.05,-1,0.5298587341308594,0.827,0.7266646423339844,0.741
resolution_max_b1,3,4692,before,24,,recalibrated,8,0.1,1,0.5788095397949219,0.797,0.767333251953125,0.722
resolution_max_b1,3,4692,before,24,,recalibrated,8,0.1,-1,0.5785960693359375,0.804,0.7616768798828125,0.727
resolution_max_b1,3,4692,before,24,,recalibrated,8,0.2,1,0.7460450134277343,0.722,0.9084065246582032,0.685
resolution_max_b1,3,4692,before,24,,recalibrated,8,0.2,-1,0.7861882934570312,0.716,0.9264356079101562,0.678
resolution_max_b1,3,4692,before,24,,recalibrated,8,0.25,1,0.8742266235351562,0.689,1.02297021484375,0.644
resolution_max_b1,3,4692,before,24,,recalibrated,8,0.25,-1,0.9446878662109375,0.662,1.0553837280273437,0.635
resolution_max_b1,3,4692,after,32,,recalibrated,8,0.025,1,0.97652197265625,0.665,1.105042449951172,0.609
resolution_max_b1,3,4692,after,32,,recalibrated,8,0.025,-1,0.9808991088867187,0.669,1.1141652526855468,0.611
resolution_max_b1,3,4692,after,32,,recalibrated,8,0.05,1,0.9861142272949219,0.663,1.1147501220703124,0.613
resolution_max_b1,3,4692,after,32,,recalibrated,8,0.05,-1,0.9990833435058594,0.663,1.1357579345703126,0.603
resolution_max_b1,3,4692,after,32,,recalibrated,8,0.1,1,1.0337130432128907,0.646,1.1564287109375,0.599
resolution_max_b1,3,4692,after,32,,recalibrated,8,0.1,-1,1.0747618408203126,0.639,1.2181784057617187,0.574
resolution_max_b1,3,4692,after,32,,recalibrated,8,0.2,1,1.24329345703125,0.571,1.3407026977539063,0.526
resolution_max_b1,3,4692,after,32,,recalibrated,8,0.2,-1,1.3792503662109374,0.526,1.5330228271484374,0.471
resolution_max_b1,3,4692,after,32,,recalibrated,8,0.25,1,1.3845411987304688,0.513,1.4815993041992188,0.488
resolution_max_b1,3,4692,after,32,,recalibrated,8,0.25,-1,1.576376220703125,0.473,1.7112357788085937,0.414
resolution_max_b1,3,4692,r=16,16,,recalibrated,8,0.025,1,0.7711400451660156,0.727,0.9373082885742188,0.691
resolution_max_b1,3,4692,r=16,16,,recalibrated,8,0.025,-1,0.7709140625,0.742,0.9365849914550781,0.691
resolution_max_b1,3,4692,r=16,16,,recalibrated,8,0.05,1,0.78292431640625,0.724,0.9462842712402344,0.686
resolution_max_b1,3,4692,r=16,16,,recalibrated,8,0.05,-1,0.78246923828125,0.735,0.9458905334472656,0.687
resolution_max_b1,3,4692,r=16,16,,recalibrated,8,0.1,1,0.8227069396972656,0.713,0.9822816772460937,0.677
resolution_max_b1,3,4692,r=16,16,,recalibrated,8,0.1,-1,0.8327731323242188,0.717,0.983891845703125,0.677
resolution_max_b1,3,4692,r=16,16,,recalibrated,8,0.2,1,0.9832426452636719,0.659,1.125877197265625,0.617
resolution_max_b1,3,4692,r=16,16,,recalibrated,8,0.2,-1,1.03345751953125,0.652,1.1750821533203124,0.606
resolution_max_b1,3,4692,r=16,16,,recalibrated,8,0.25,1,1.1057744140625,0.617,1.2297730712890624,0.595
resolution_max_b1,3,4692,r=16,16,,recalibrated,8,0.25,-1,1.1735936889648437,0.615,1.3146434936523437,0.58
resolution_max_b1,3,4692,before,24,,recalibrated,9,0.025,1,0.5193028869628906,0.826,0.7241351318359375,0.745
resolution_max_b1,3,4692,before,24,,recalibrated,9,0.025,-1,0.5165433807373047,0.83,0.7228456726074218,0.736
resolution_max_b1,3,4692,before,24,,recalibrated,9,0.05,1,0.5340449829101562,0.813,0.7343284301757812,0.74
resolution_max_b1,3,4692,before,24,,recalibrated,9,0.05,-1,0.5300022277832032,0.823,0.736258056640625,0.732
resolution_max_b1,3,4692,before,24,,recalibrated,9,0.1,1,0.5840536499023438,0.796,0.7694833374023438,0.733
resolution_max_b1,3,4692,before,24,,recalibrated,9,0.1,-1,0.5846781921386719,0.803,0.7910116577148437,0.722
resolution_max_b1,3,4692,before,24,,recalibrated,9,0.2,1,0.793959716796875,0.727,0.963363525390625,0.679
resolution_max_b1,3,4692,before,24,,recalibrated,9,0.2,-1,0.78608056640625,0.72,0.9844436645507812,0.66
resolution_max_b1,3,4692,before,24,,recalibrated,9,0.25,1,0.9696740112304687,0.661,1.1416695556640626,0.627
resolution_max_b1,3,4692,before,24,,recalibrated,9,0.25,-1,0.9212344970703125,0.672,1.1095972900390625,0.619
resolution_max_b1,3,4692,after,32,,recalibrated,9,0.025,1,0.9947066650390625,0.667,1.1233604736328124,0.6
resolution_max_b1,3,4692,after,32,,recalibrated,9,0.025,-1,0.9643148193359375,0.672,1.0996810302734374,0.613
resolution_max_b1,3,4692,after,32,,recalibrated,9,0.05,1,1.0260132446289063,0.653,1.14918798828125,0.601
resolution_max_b1,3,4692,after,32,,recalibrated,9,0.05,-1,0.9670713500976562,0.666,1.1080258178710938,0.617
resolution_max_b1,3,4692,after,32,,recalibrated,9,0.1,1,1.1225048828125,0.607,1.2314050903320313,0.59
resolution_max_b1,3,4692,after,32,,recalibrated,9,0.1,-1,1.0105386962890626,0.654,1.1601614379882812,0.605
resolution_max_b1,3,4692,after,32,,recalibrated,9,0.2,1,1.4595133056640626,0.505,1.5675702514648437,0.482
resolution_max_b1,3,4692,after,32,,recalibrated,9,0.2,-1,1.2020755615234375,0.578,1.3609470825195313,0.528
resolution_max_b1,3,4692,after,32,,recalibrated,9,0.25,1,1.6760491333007812,0.452,1.7876158447265624,0.426
resolution_max_b1,3,4692,after,32,,recalibrated,9,0.25,-1,1.325505859375,0.536,1.4819268798828125,0.493
resolution_max_b1,3,4692,r=16,16,,recalibrated,9,0.025,1,0.769897216796875,0.734,0.9302542419433594,0.689
resolution_max_b1,3,4692,r=16,16,,recalibrated,9,0.025,-1,0.7715177612304688,0.732,0.9454685668945313,0.685
resolution_max_b1,3,4692,r=16,16,,recalibrated,9,0.05,1,0.7798304138183594,0.728,0.93449609375,0.691
resolution_max_b1,3,4692,r=16,16,,recalibrated,9,0.05,-1,0.788721435546875,0.724,0.9658026123046874,0.677
resolution_max_b1,3,4692,r=16,16,,recalibrated,9,0.1,1,0.8129287414550781,0.713,0.9586446838378906,0.679
resolution_max_b1,3,4692,r=16,16,,recalibrated,9,0.1,-1,0.8489582824707032,0.711,1.0401087036132812,0.652
resolution_max_b1,3,4692,r=16,16,,recalibrated,9,0.2,1,1.0017183227539062,0.662,1.1605177612304687,0.624
resolution_max_b1,3,4692,r=16,16,,recalibrated,9,0.2,-1,1.0454587097167969,0.645,1.26701171875,0.591
resolution_max_b1,3,4692,r=16,16,,recalibrated,9,0.25,1,1.1775264892578126,0.607,1.323880126953125,0.58
resolution_max_b1,3,4692,r=16,16,,recalibrated,9,0.25,-1,1.178831787109375,0.604,1.3977538452148437,0.554
resolution_max_b1_gaussian_conv,1,1173,before,16,1.0,saved,,0.0,0,1.0667848510742188,0.601,1.1166162719726562,0.599
resolution_max_b1_gaussian_conv,1,1173,before,16,1.0,recalibrated,,0.0,0,1.0358528442382813,0.619,1.0937632446289063,0.593
resolution_max_b1_gaussian_conv,1,1173,before,16,1.0,recalibrated,0,0.025,1,1.0395736999511718,0.604,1.0930524291992187,0.597
resolution_max_b1_gaussian_conv,1,1173,before,16,1.0,recalibrated,0,0.025,-1,1.03963623046875,0.613,1.1012831420898437,0.588
resolution_max_b1_gaussian_conv,1,1173,before,16,1.0,recalibrated,0,0.05,1,1.0514385986328125,0.601,1.0996981201171876,0.591
resolution_max_b1_gaussian_conv,1,1173,before,16,1.0,recalibrated,0,0.05,-1,1.04980712890625,0.603,1.1165057373046876,0.586
resolution_max_b1_gaussian_conv,1,1173,before,16,1.0,recalibrated,0,0.1,1,1.0927528686523438,0.591,1.1323848266601562,0.588
resolution_max_b1_gaussian_conv,1,1173,before,16,1.0,recalibrated,0,0.1,-1,1.0917685546875,0.579,1.1672188110351562,0.578
resolution_max_b1_gaussian_conv,1,1173,before,16,1.0,recalibrated,0,0.2,1,1.2740054931640625,0.529,1.2752122802734376,0.542
resolution_max_b1_gaussian_conv,1,1173,before,16,1.0,recalibrated,0,0.2,-1,1.2748909301757811,0.541,1.355514404296875,0.514
resolution_max_b1_gaussian_conv,1,1173,before,16,1.0,recalibrated,0,0.25,1,1.4191466064453124,0.485,1.4063599853515625,0.488
resolution_max_b1_gaussian_conv,1,1173,before,16,1.0,recalibrated,0,0.25,-1,1.4061734008789062,0.503,1.490681640625,0.468
resolution_max_b1_gaussian_conv,1,1173,after,16,0.85,saved,,0.0,0,1.3076714477539062,0.537,1.32598046875,0.531
resolution_max_b1_gaussian_conv,1,1173,after,16,0.85,recalibrated,,0.0,0,1.111763916015625,0.594,1.1508668212890625,0.576
resolution_max_b1_gaussian_conv,1,1173,after,16,0.85,recalibrated,0,0.025,1,1.1170480346679688,0.593,1.153365966796875,0.573
resolution_max_b1_gaussian_conv,1,1173,after,16,0.85,recalibrated,0,0.025,-1,1.112537353515625,0.6,1.15396240234375,0.572
resolution_max_b1_gaussian_conv,1,1173,after,16,0.85,recalibrated,0,0.05,1,1.1276270141601563,0.586,1.1620088500976562,0.576
resolution_max_b1_gaussian_conv,1,1173,after,16,0.85,recalibrated,0,0.05,-1,1.1182664794921875,0.603,1.1626474609375,0.564
resolution_max_b1_gaussian_conv,1,1173,after,16,0.85,recalibrated,0,0.1,1,1.16639208984375,0.574,1.1967471923828126,0.571
resolution_max_b1_gaussian_conv,1,1173,after,16,0.85,recalibrated,0,0.1,-1,1.1484263305664062,0.594,1.1975902709960937,0.559
resolution_max_b1_gaussian_conv,1,1173,after,16,0.85,recalibrated,0,0.2,1,1.3164788208007812,0.527,1.3244440307617187,0.532
resolution_max_b1_gaussian_conv,1,1173,after,16,0.85,recalibrated,0,0.2,-1,1.28630517578125,0.526,1.3380172119140625,0.483
resolution_max_b1_gaussian_conv,1,1173,after,16,0.85,recalibrated,0,0.25,1,1.4262688598632813,0.482,1.4345330810546875,0.477
resolution_max_b1_gaussian_conv,1,1173,after,16,0.85,recalibrated,0,0.25,-1,1.3897332763671875,0.483,1.4404097290039062,0.447
resolution_max_b1_gaussian_conv,1,1173,final,32,0.0,saved,,0.0,0,4.3462978515625,0.196,4.339418212890625,0.204
resolution_max_b1_gaussian_conv,1,1173,final,32,0.0,recalibrated,,0.0,0,1.87827392578125,0.291,1.88350830078125,0.273
resolution_max_b1_gaussian_conv,1,1173,final,32,0.0,recalibrated,0,0.025,1,1.8868892822265626,0.285,1.8919100952148438,0.262
resolution_max_b1_gaussian_conv,1,1173,final,32,0.0,recalibrated,0,0.025,-1,1.8732684326171876,0.285,1.878635498046875,0.272
resolution_max_b1_gaussian_conv,1,1173,final,32,0.0,recalibrated,0,0.05,1,1.8985304565429688,0.274,1.90467236328125,0.248
resolution_max_b1_gaussian_conv,1,1173,final,32,0.0,recalibrated,0,0.05,-1,1.8710255737304688,0.286,1.8774676513671875,0.271
resolution_max_b1_gaussian_conv,1,1173,final,32,0.0,recalibrated,0,0.1,1,1.9286110229492188,0.248,1.9388599243164062,0.234
resolution_max_b1_gaussian_conv,1,1173,final,32,0.0,recalibrated,0,0.1,-1,1.8790133666992188,0.282,1.8867738037109374,0.271
resolution_max_b1_gaussian_conv,1,1173,final,32,0.0,recalibrated,0,0.2,1,2.0333699951171873,0.207,2.0477034912109375,0.19
resolution_max_b1_gaussian_conv,1,1173,final,32,0.0,recalibrated,0,0.2,-1,1.932672119140625,0.262,1.9456380004882812,0.242
resolution_max_b1_gaussian_conv,1,1173,final,32,0.0,recalibrated,0,0.25,1,2.1017518310546874,0.182,2.12084521484375,0.173
resolution_max_b1_gaussian_conv,1,1173,final,32,0.0,recalibrated,0,0.25,-1,1.9726749267578125,0.243,1.9856574096679687,0.228
resolution_max_b1_gaussian_conv,1,1173,before,16,1.0,recalibrated,1,0.025,1,1.0416663818359375,0.608,1.101890380859375,0.594
resolution_max_b1_gaussian_conv,1,1173,before,16,1.0,recalibrated,1,0.025,-1,1.0370484008789063,0.618,1.0964163818359376,0.598
resolution_max_b1_gaussian_conv,1,1173,before,16,1.0,recalibrated,1,0.05,1,1.0585894470214843,0.609,1.1217761840820313,0.589
resolution_max_b1_gaussian_conv,1,1173,before,16,1.0,recalibrated,1,0.05,-1,1.0465380859375,0.618,1.109461669921875,0.6
resolution_max_b1_gaussian_conv,1,1173,before,16,1.0,recalibrated,1,0.1,1,1.1319320678710938,0.571,1.199458984375,0.559
resolution_max_b1_gaussian_conv,1,1173,before,16,1.0,recalibrated,1,0.1,-1,1.0974336547851562,0.585,1.1697290649414063,0.567
resolution_max_b1_gaussian_conv,1,1173,before,16,1.0,recalibrated,1,0.2,1,1.430447998046875,0.472,1.490712890625,0.487
resolution_max_b1_gaussian_conv,1,1173,before,16,1.0,recalibrated,1,0.2,-1,1.3397789916992187,0.52,1.4219026489257813,0.492
resolution_max_b1_gaussian_conv,1,1173,before,16,1.0,recalibrated,1,0.25,1,1.6187035522460937,0.421,1.6794832153320312,0.434
resolution_max_b1_gaussian_conv,1,1173,before,16,1.0,recalibrated,1,0.25,-1,1.4873718872070312,0.465,1.5759313354492188,0.44
resolution_max_b1_gaussian_conv,1,1173,after,16,0.85,recalibrated,1,0.025,1,1.1189822998046874,0.598,1.1563660278320314,0.571
resolution_max_b1_gaussian_conv,1,1173,after,16,0.85,recalibrated,1,0.025,-1,1.1122263793945313,0.585,1.154054443359375,0.579
resolution_max_b1_gaussian_conv,1,1173,after,16,0.85,recalibrated,1,0.05,1,1.1334114379882811,0.592,1.1718670654296874,0.574
resolution_max_b1_gaussian_conv,1,1173,after,16,0.85,recalibrated,1,0.05,-1,1.119764404296875,0.587,1.165475341796875,0.583
resolution_max_b1_gaussian_conv,1,1173,after,16,0.85,recalibrated,1,0.1,1,1.1923865966796876,0.575,1.2302479858398438,0.56
resolution_max_b1_gaussian_conv,1,1173,after,16,0.85,recalibrated,1,0.1,-1,1.1578644409179688,0.578,1.2162319946289062,0.565
resolution_max_b1_gaussian_conv,1,1173,after,16,0.85,recalibrated,1,0.2,1,1.3989837646484375,0.48,1.4425458984375,0.484
resolution_max_b1_gaussian_conv,1,1173,after,16,0.85,recalibrated,1,0.2,-1,1.3510469970703125,0.493,1.4209261474609376,0.48
resolution_max_b1_gaussian_conv,1,1173,after,16,0.85,recalibrated,1,0.25,1,1.5432501831054688,0.428,1.583377197265625,0.43
resolution_max_b1_gaussian_conv,1,1173,after,16,0.85,recalibrated,1,0.25,-1,1.472913330078125,0.44,1.5495804443359376,0.421
resolution_max_b1_gaussian_conv,1,1173,final,32,0.0,recalibrated,1,0.025,1,1.874442138671875,0.289,1.879139892578125,0.283
resolution_max_b1_gaussian_conv,1,1173,final,32,0.0,recalibrated,1,0.025,-1,1.8855055541992187,0.281,1.8914363403320313,0.255
resolution_max_b1_gaussian_conv,1,1173,final,32,0.0,recalibrated,1,0.05,1,1.875193115234375,0.288,1.8802044067382813,0.281
resolution_max_b1_gaussian_conv,1,1173,final,32,0.0,recalibrated,1,0.05,-1,1.8973497314453125,0.265,1.9035784912109375,0.241
resolution_max_b1_gaussian_conv,1,1173,final,32,0.0,recalibrated,1,0.1,1,1.8945342407226562,0.288,1.9016505126953125,0.276
resolution_max_b1_gaussian_conv,1,1173,final,32,0.0,recalibrated,1,0.1,-1,1.935099365234375,0.244,1.9384795532226562,0.231
resolution_max_b1_gaussian_conv,1,1173,final,32,0.0,recalibrated,1,0.2,1,1.9928634643554688,0.249,2.0117552490234374,0.24
resolution_max_b1_gaussian_conv,1,1173,final,32,0.0,recalibrated,1,0.2,-1,2.0390228271484374,0.209,2.046089599609375,0.195
resolution_max_b1_gaussian_conv,1,1173,final,32,0.0,recalibrated,1,0.25,1,2.05933154296875,0.236,2.0729862060546873,0.225
resolution_max_b1_gaussian_conv,1,1173,final,32,0.0,recalibrated,1,0.25,-1,2.1028609619140624,0.185,2.1142667236328125,0.179
resolution_max_b1_gaussian_conv,1,1173,before,16,1.0,recalibrated,2,0.025,1,1.045881103515625,0.612,1.102921875,0.599
resolution_max_b1_gaussian_conv,1,1173,before,16,1.0,recalibrated,2,0.025,-1,1.0427710876464844,0.612,1.09922998046875,0.596
resolution_max_b1_gaussian_conv,1,1173,before,16,1.0,recalibrated,2,0.05,1,1.0752730102539063,0.604,1.1260638427734375,0.598
resolution_max_b1_gaussian_conv,1,1173,before,16,1.0,recalibrated,2,0.05,-1,1.0624646606445312,0.606,1.1181083984375,0.595
resolution_max_b1_gaussian_conv,1,1173,before,16,1.0,recalibrated,2,0.1,1,1.1855237426757812,0.555,1.21748876953125,0.564
resolution_max_b1_gaussian_conv,1,1173,before,16,1.0,recalibrated,2,0.1,-1,1.132229248046875,0.582,1.1813848266601563,0.582
resolution_max_b1_gaussian_conv,1,1173,before,16,1.0,recalibrated,2,0.2,1,1.47295166015625,0.462,1.48128125,0.47
resolution_max_b1_gaussian_conv,1,1173,before,16,1.0,recalibrated,2,0.2,-1,1.3852903442382813,0.506,1.4127048950195313,0.512
resolution_max_b1_gaussian_conv,1,1173,before,16,1.0,recalibrated,2,0.25,1,1.6148419189453125,0.429,1.6110723876953126,0.429
resolution_max_b1_gaussian_conv,1,1173,before,16,1.0,recalibrated,2,0.25,-1,1.5566796875,0.45,1.5624890747070312,0.458
resolution_max_b1_gaussian_conv,1,1173,after,16,0.85,recalibrated,2,0.025,1,1.1244007568359375,0.596,1.160849853515625,0.578
resolution_max_b1_gaussian_conv,1,1173,after,16,0.85,recalibrated,2,0.025,-1,1.113265380859375,0.599,1.151489013671875,0.573
resolution_max_b1_gaussian_conv,1,1173,after,16,0.85,recalibrated,2,0.05,1,1.1500949096679687,0.581,1.1825689086914062,0.57
resolution_max_b1_gaussian_conv,1,1173,after,16,0.85,recalibrated,2,0.05,-1,1.1248518676757813,0.594,1.1605252075195311,0.577
resolution_max_b1_gaussian_conv,1,1173,after,16,0.85,recalibrated,2,0.1,1,1.2414710083007812,0.542,1.257041015625,0.54
resolution_max_b1_gaussian_conv,1,1173,after,16,0.85,recalibrated,2,0.1,-1,1.1708035888671875,0.581,1.199149658203125,0.572
resolution_max_b1_gaussian_conv,1,1173,after,16,0.85,recalibrated,2,0.2,1,1.4648355712890626,0.464,1.4701002197265625,0.46
resolution_max_b1_gaussian_conv,1,1173,after,16,0.85,recalibrated,2,0.2,-1,1.360116943359375,0.506,1.3696498413085938,0.514
resolution_max_b1_gaussian_conv,1,1173,after,16,0.85,recalibrated,2,0.25,1,1.5807491455078124,0.429,1.5756514282226564,0.421
resolution_max_b1_gaussian_conv,1,1173,after,16,0.85,recalibrated,2,0.25,-1,1.49544384765625,0.463,1.4926506958007812,0.47
resolution_max_b1_gaussian_conv,1,1173,final,32,0.0,recalibrated,2,0.025,1,1.8820774536132812,0.274,1.8887667846679688,0.264
resolution_max_b1_gaussian_conv,1,1173,final,32,0.0,recalibrated,2,0.025,-1,1.8793165283203126,0.292,1.8832095336914063,0.264
resolution_max_b1_gaussian_conv,1,1173,final,32,0.0,recalibrated,2,0.05,1,1.89248046875,0.267,1.89927587890625,0.253
resolution_max_b1_gaussian_conv,1,1173,final,32,0.0,recalibrated,2,0.05,-1,1.8847540283203126,0.283,1.890617431640625,0.259
resolution_max_b1_gaussian_conv,1,1173,final,32,0.0,recalibrated,2,0.1,1,1.932321533203125,0.248,1.9341624145507812,0.237
resolution_max_b1_gaussian_conv,1,1173,final,32,0.0,recalibrated,2,0.1,-1,1.9079506225585938,0.28,1.91706591796875,0.265
resolution_max_b1_gaussian_conv,1,1173,final,32,0.0,recalibrated,2,0.2,1,2.042373291015625,0.193,2.0258045043945314,0.187
resolution_max_b1_gaussian_conv,1,1173,final,32,0.0,recalibrated,2,0.2,-1,1.9913197021484375,0.258,1.9990547485351562,0.262
resolution_max_b1_gaussian_conv,1,1173,final,32,0.0,recalibrated,2,0.25,1,2.097767822265625,0.168,2.07739404296875,0.161
resolution_max_b1_gaussian_conv,1,1173,final,32,0.0,recalibrated,2,0.25,-1,2.043873046875,0.245,2.0443502197265624,0.248
resolution_max_b1_gaussian_conv,1,1173,before,16,1.0,recalibrated,3,0.025,1,1.044363494873047,0.611,1.1023577880859374,0.589
resolution_max_b1_gaussian_conv,1,1173,before,16,1.0,recalibrated,3,0.025,-1,1.0368433837890625,0.613,1.0964935302734375,0.596
resolution_max_b1_gaussian_conv,1,1173,before,16,1.0,recalibrated,3,0.05,1,1.0630931396484375,0.604,1.1211266479492188,0.59
resolution_max_b1_gaussian_conv,1,1173,before,16,1.0,recalibrated,3,0.05,-1,1.0480607299804687,0.614,1.1104337768554688,0.594
resolution_max_b1_gaussian_conv,1,1173,before,16,1.0,recalibrated,3,0.1,1,1.1316895751953124,0.578,1.189283935546875,0.568
resolution_max_b1_gaussian_conv,1,1173,before,16,1.0,recalibrated,3,0.1,-1,1.0998743286132813,0.598,1.1715939331054688,0.572
resolution_max_b1_gaussian_conv,1,1173,before,16,1.0,recalibrated,3,0.2,1,1.417281982421875,0.488,1.4440020141601562,0.477
resolution_max_b1_gaussian_conv,1,1173,before,16,1.0,recalibrated,3,0.2,-1,1.3318110961914063,0.518,1.4281739501953126,0.493
resolution_max_b1_gaussian_conv,1,1173,before,16,1.0,recalibrated,3,0.25,1,1.6093281860351563,0.434,1.6284047241210937,0.416
resolution_max_b1_gaussian_conv,1,1173,before,16,1.0,recalibrated,3,0.25,-1,1.4978516845703125,0.466,1.584141845703125,0.437
resolution_max_b1_gaussian_conv,1,1173,after,16,0.85,recalibrated,3,0.025,1,1.1184378662109375,0.592,1.1547176513671875,0.57
resolution_max_b1_gaussian_conv,1,1173,after,16,0.85,recalibrated,3,0.025,-1,1.1137874755859376,0.602,1.1542488403320312,0.585
resolution_max_b1_gaussian_conv,1,1173,after,16,0.85,recalibrated,3,0.05,1,1.1327733154296875,0.585,1.16602197265625,0.565
resolution_max_b1_gaussian_conv,1,1173,after,16,0.85,recalibrated,3,0.05,-1,1.1227372436523437,0.6,1.1669208984375,0.585
resolution_max_b1_gaussian_conv,1,1173,after,16,0.85,recalibrated,3,0.1,1,1.1816679077148438,0.573,1.2124940185546875,0.547
resolution_max_b1_gaussian_conv,1,1173,after,16,0.85,recalibrated,3,0.1,-1,1.1631111450195313,0.58,1.214870361328125,0.562
resolution_max_b1_gaussian_conv,1,1173,after,16,0.85,recalibrated,3,0.2,1,1.3966340942382813,0.497,1.3961390991210938,0.469
resolution_max_b1_gaussian_conv,1,1173,after,16,0.85,recalibrated,3,0.2,-1,1.33593896484375,0.518,1.3937051391601563,0.471
resolution_max_b1_gaussian_conv,1,1173,after,16,0.85,recalibrated,3,0.25,1,1.5474805297851562,0.44,1.5353697509765625,0.419
resolution_max_b1_gaussian_conv,1,1173,after,16,0.85,recalibrated,3,0.25,-1,1.459731689453125,0.456,1.505037353515625,0.444
resolution_max_b1_gaussian_conv,1,1173,final,32,0.0,recalibrated,3,0.025,1,1.88471728515625,0.28,1.8918967895507812,0.261
resolution_max_b1_gaussian_conv,1,1173,final,32,0.0,recalibrated,3,0.025,-1,1.8762215576171875,0.288,1.8789597778320313,0.272
resolution_max_b1_gaussian_conv,1,1173,final,32,0.0,recalibrated,3,0.05,1,1.8949685668945313,0.271,1.9053101806640624,0.247
resolution_max_b1_gaussian_conv,1,1173,final,32,0.0,recalibrated,3,0.05,-1,1.8774935302734375,0.284,1.8800028076171875,0.267
resolution_max_b1_gaussian_conv,1,1173,final,32,0.0,recalibrated,3,0.1,1,1.9282657470703124,0.239,1.94235107421875,0.222
resolution_max_b1_gaussian_conv,1,1173,final,32,0.0,recalibrated,3,0.1,-1,1.8923344116210938,0.277,1.8979271240234374,0.258
resolution_max_b1_gaussian_conv,1,1173,final,32,0.0,recalibrated,3,0.2,1,2.049466552734375,0.186,2.0477115478515624,0.181
resolution_max_b1_gaussian_conv,1,1173,final,32,0.0,recalibrated,3,0.2,-1,1.967055419921875,0.25,1.9832665405273437,0.229
resolution_max_b1_gaussian_conv,1,1173,final,32,0.0,recalibrated,3,0.25,1,2.1328094482421873,0.157,2.1201668701171874,0.158
resolution_max_b1_gaussian_conv,1,1173,final,32,0.0,recalibrated,3,0.25,-1,2.0034981079101564,0.232,2.03193603515625,0.217
resolution_max_b1_gaussian_conv,1,1173,before,16,1.0,recalibrated,4,0.025,1,1.0416360473632813,0.61,1.09733203125,0.593
resolution_max_b1_gaussian_conv,1,1173,before,16,1.0,recalibrated,4,0.025,-1,1.0389413452148437,0.614,1.09973095703125,0.59
resolution_max_b1_gaussian_conv,1,1173,before,16,1.0,recalibrated,4,0.05,1,1.0546900939941406,0.611,1.112063232421875,0.59
resolution_max_b1_gaussian_conv,1,1173,before,16,1.0,recalibrated,4,0.05,-1,1.0496626892089844,0.611,1.1154990844726562,0.593
resolution_max_b1_gaussian_conv,1,1173,before,16,1.0,recalibrated,4,0.1,1,1.1033888549804687,0.594,1.1629977416992188,0.573
resolution_max_b1_gaussian_conv,1,1173,before,16,1.0,recalibrated,4,0.1,-1,1.0921297607421876,0.594,1.1675613403320313,0.582
resolution_max_b1_gaussian_conv,1,1173,before,16,1.0,recalibrated,4,0.2,1,1.307434814453125,0.519,1.366910888671875,0.493
resolution_max_b1_gaussian_conv,1,1173,before,16,1.0,recalibrated,4,0.2,-1,1.270419189453125,0.532,1.3457994384765626,0.522
resolution_max_b1_gaussian_conv,1,1173,before,16,1.0,recalibrated,4,0.25,1,1.4694088134765626,0.47,1.5266068725585937,0.454
resolution_max_b1_gaussian_conv,1,1173,before,16,1.0,recalibrated,4,0.25,-1,1.3996953735351563,0.495,1.4662921142578125,0.485
resolution_max_b1_gaussian_conv,1,1173,after,16,0.85,recalibrated,4,0.025,1,1.1151531982421874,0.598,1.1561851806640624,0.572
resolution_max_b1_gaussian_conv,1,1173,after,16,0.85,recalibrated,4,0.025,-1,1.1149571533203124,0.597,1.1536651611328126,0.581
resolution_max_b1_gaussian_conv,1,1173,after,16,0.85,recalibrated,4,0.05,1,1.12557421875,0.59,1.1696131591796874,0.566
resolution_max_b1_gaussian_conv,1,1173,after,16,0.85,recalibrated,4,0.05,-1,1.1249283447265626,0.595,1.1633297729492187,0.576
resolution_max_b1_gaussian_conv,1,1173,after,16,0.85,recalibrated,4,0.1,1,1.1683447875976563,0.577,1.2170518798828125,0.558
resolution_max_b1_gaussian_conv,1,1173,after,16,0.85,recalibrated,4,0.1,-1,1.1653715209960938,0.591,1.200504150390625,0.547
resolution_max_b1_gaussian_conv,1,1173,after,16,0.85,recalibrated,4,0.2,1,1.3563851928710937,0.503,1.3931973266601563,0.488
resolution_max_b1_gaussian_conv,1,1173,after,16,0.85,recalibrated,4,0.2,-1,1.3133051147460937,0.526,1.3311768798828125,0.506
resolution_max_b1_gaussian_conv,1,1173,after,16,0.85,recalibrated,4,0.25,1,1.503193603515625,0.452,1.530080078125,0.445
resolution_max_b1_gaussian_conv,1,1173,after,16,0.85,recalibrated,4,0.25,-1,1.4156040649414063,0.483,1.4284532470703124,0.478
resolution_max_b1_gaussian_conv,1,1173,final,32,0.0,recalibrated,4,0.025,1,1.8852786865234374,0.287,1.8909659423828125,0.262
resolution_max_b1_gaussian_conv,1,1173,final,32,0.0,recalibrated,4,0.025,-1,1.8756092529296875,0.289,1.8801820068359374,0.274
resolution_max_b1_gaussian_conv,1,1173,final,32,0.0,recalibrated,4,0.05,1,1.8983457641601562,0.277,1.90362841796875,0.253
resolution_max_b1_gaussian_conv,1,1173,final,32,0.0,recalibrated,4,0.05,-1,1.8763580322265625,0.287,1.880966796875,0.277
resolution_max_b1_gaussian_conv,1,1173,final,32,0.0,recalibrated,4,0.1,1,1.9396438598632812,0.262,1.9422796020507813,0.232
resolution_max_b1_gaussian_conv,1,1173,final,32,0.0,recalibrated,4,0.1,-1,1.8876619262695313,0.287,1.8958116455078124,0.275
resolution_max_b1_gaussian_conv,1,1173,final,32,0.0,recalibrated,4,0.2,1,2.07962451171875,0.197,2.0691734619140627,0.194
resolution_max_b1_gaussian_conv,1,1173,final,32,0.0,recalibrated,4,0.2,-1,1.943662841796875,0.266,1.9643914794921875,0.254
resolution_max_b1_gaussian_conv,1,1173,final,32,0.0,recalibrated,4,0.25,1,2.168947509765625,0.169,2.1554302978515625,0.172
resolution_max_b1_gaussian_conv,1,1173,final,32,0.0,recalibrated,4,0.25,-1,1.98847412109375,0.266,2.0189046630859373,0.239
resolution_max_b1_gaussian_conv,1,1173,before,16,1.0,recalibrated,5,0.025,1,1.038339111328125,0.611,1.0975659790039063,0.593
resolution_max_b1_gaussian_conv,1,1173,before,16,1.0,recalibrated,5,0.025,-1,1.0426559143066407,0.61,1.0975655517578125,0.598
resolution_max_b1_gaussian_conv,1,1173,before,16,1.0,recalibrated,5,0.05,1,1.0496517028808594,0.612,1.1095020751953124,0.591
resolution_max_b1_gaussian_conv,1,1173,before,16,1.0,recalibrated,5,0.05,-1,1.0592066040039063,0.607,1.1092655639648437,0.6
resolution_max_b1_gaussian_conv,1,1173,before,16,1.0,recalibrated,5,0.1,1,1.0952401733398438,0.609,1.1538936157226563,0.582
resolution_max_b1_gaussian_conv,1,1173,before,16,1.0,recalibrated,5,0.1,-1,1.1207403564453124,0.602,1.1579452514648438,0.581
resolution_max_b1_gaussian_conv,1,1173,before,16,1.0,recalibrated,5,0.2,1,1.26585546875,0.528,1.3258035278320313,0.53
resolution_max_b1_gaussian_conv,1,1173,before,16,1.0,recalibrated,5,0.2,-1,1.35199658203125,0.504,1.37862548828125,0.502
resolution_max_b1_gaussian_conv,1,1173,before,16,1.0,recalibrated,5,0.25,1,1.3899534301757812,0.482,1.4527484130859376,0.484
resolution_max_b1_gaussian_conv,1,1173,before,16,1.0,recalibrated,5,0.25,-1,1.5090499877929688,0.47,1.5326632080078124,0.46
resolution_max_b1_gaussian_conv,1,1173,after,16,0.85,recalibrated,5,0.025,1,1.11820556640625,0.597,1.1593634643554687,0.562
resolution_max_b1_gaussian_conv,1,1173,after,16,0.85,recalibrated,5,0.025,-1,1.1126546020507813,0.591,1.149842529296875,0.58
resolution_max_b1_gaussian_conv,1,1173,after,16,0.85,recalibrated,5,0.05,1,1.13134814453125,0.596,1.174745361328125,0.559
resolution_max_b1_gaussian_conv,1,1173,after,16,0.85,recalibrated,5,0.05,-1,1.1221575927734375,0.596,1.1561815185546875,0.595
resolution_max_b1_gaussian_conv,1,1173,after,16,0.85,recalibrated,5,0.1,1,1.1770218505859376,0.579,1.2219808349609376,0.552
resolution_max_b1_gaussian_conv,1,1173,after,16,0.85,recalibrated,5,0.1,-1,1.1658098754882813,0.576,1.1912427368164062,0.582
resolution_max_b1_gaussian_conv,1,1173,after,16,0.85,recalibrated,5,0.2,1,1.3389629516601562,0.487,1.3774171142578124,0.501
resolution_max_b1_gaussian_conv,1,1173,after,16,0.85,recalibrated,5,0.2,-1,1.3440614013671874,0.508,1.3502772216796874,0.517
resolution_max_b1_gaussian_conv,1,1173,after,16,0.85,recalibrated,5,0.25,1,1.4482102661132812,0.45,1.4848916015625,0.461
resolution_max_b1_gaussian_conv,1,1173,after,16,0.85,recalibrated,5,0.25,-1,1.467153564453125,0.471,1.465068359375,0.469
resolution_max_b1_gaussian_conv,1,1173,final,32,0.0,recalibrated,5,0.025,1,1.881702880859375,0.289,1.8869727172851563,0.263
resolution_max_b1_gaussian_conv,1,1173,final,32,0.0,recalibrated,5,0.025,-1,1.8775785522460937,0.284,1.882237548828125,0.27
resolution_max_b1_gaussian_conv,1,1173,final,32,0.0,recalibrated,5,0.05,1,1.8878362426757813,0.281,1.8945633544921876,0.26
resolution_max_b1_gaussian_conv,1,1173,final,32,0.0,recalibrated,5,0.05,-1,1.8798440551757813,0.287,1.8847273559570312,0.269
resolution_max_b1_gaussian_conv,1,1173,final,32,0.0,recalibrated,5,0.1,1,1.910774169921875,0.279,1.9192155151367187,0.258
resolution_max_b1_gaussian_conv,1,1173,final,32,0.0,recalibrated,5,0.1,-1,1.8964194946289064,0.279,1.9021893310546876,0.275
resolution_max_b1_gaussian_conv,1,1173,final,32,0.0,recalibrated,5,0.2,1,1.9963980102539063,0.242,2.0054625244140625,0.231
resolution_max_b1_gaussian_conv,1,1173,final,32,0.0,recalibrated,5,0.2,-1,1.9718197021484376,0.258,1.978215087890625,0.258
resolution_max_b1_gaussian_conv,1,1173,final,32,0.0,recalibrated,5,0.25,1,2.0563447265625,0.231,2.064966796875,0.223
resolution_max_b1_gaussian_conv,1,1173,final,32,0.0,recalibrated,5,0.25,-1,2.021857116699219,0.256,2.0320531616210937,0.244
resolution_max_b1_gaussian_conv,1,1173,before,16,1.0,recalibrated,6,0.025,1,1.0472718200683593,0.609,1.0977836303710937,0.602
resolution_max_b1_gaussian_conv,1,1173,before,16,1.0,recalibrated,6,0.025,-1,1.0379957580566406,0.611,1.0994425048828125,0.596
resolution_max_b1_gaussian_conv,1,1173,before,16,1.0,recalibrated,6,0.05,1,1.0701098022460938,0.6,1.1136112060546874,0.601
resolution_max_b1_gaussian_conv,1,1173,before,16,1.0,recalibrated,6,0.05,-1,1.0508359985351563,0.603,1.112614990234375,0.594
resolution_max_b1_gaussian_conv,1,1173,before,16,1.0,recalibrated,6,0.1,1,1.1571174926757812,0.568,1.1818531494140625,0.562
resolution_max_b1_gaussian_conv,1,1173,before,16,1.0,recalibrated,6,0.1,-1,1.1031759033203126,0.592,1.160111083984375,0.582
resolution_max_b1_gaussian_conv,1,1173,before,16,1.0,recalibrated,6,0.2,1,1.4314871215820313,0.485,1.4372124633789063,0.469
resolution_max_b1_gaussian_conv,1,1173,before,16,1.0,recalibrated,6,0.2,-1,1.3138385620117188,0.523,1.34725830078125,0.515
resolution_max_b1_gaussian_conv,1,1173,before,16,1.0,recalibrated,6,0.25,1,1.612917236328125,0.426,1.5985642700195313,0.425
resolution_max_b1_gaussian_conv,1,1173,before,16,1.0,recalibrated,6,0.25,-1,1.4491126098632812,0.478,1.4824688110351563,0.471
resolution_max_b1_gaussian_conv,1,1173,after,16,0.85,recalibrated,6,0.025,1,1.12654736328125,0.588,1.15919970703125,0.569
resolution_max_b1_gaussian_conv,1,1173,after,16,0.85,recalibrated,6,0.025,-1,1.10841015625,0.599,1.1520224609375,0.571
resolution_max_b1_gaussian_conv,1,1173,after,16,0.85,recalibrated,6,0.05,1,1.1510114135742187,0.575,1.176600341796875,0.566
resolution_max_b1_gaussian_conv,1,1173,after,16,0.85,recalibrated,6,0.05,-1,1.1144766845703125,0.597,1.1610426025390626,0.573
resolution_max_b1_gaussian_conv,1,1173,after,16,0.85,recalibrated,6,0.1,1,1.2298048095703125,0.536,1.2408516845703126,0.535
resolution_max_b1_gaussian_conv,1,1173,after,16,0.85,recalibrated,6,0.1,-1,1.1467952880859376,0.579,1.19760546875,0.559
resolution_max_b1_gaussian_conv,1,1173,after,16,0.85,recalibrated,6,0.2,1,1.4623338623046875,0.463,1.4459609375,0.468
resolution_max_b1_gaussian_conv,1,1173,after,16,0.85,recalibrated,6,0.2,-1,1.292802734375,0.516,1.3389683227539062,0.509
resolution_max_b1_gaussian_conv,1,1173,after,16,0.85,recalibrated,6,0.25,1,1.605802490234375,0.407,1.5781229858398438,0.418
resolution_max_b1_gaussian_conv,1,1173,after,16,0.85,recalibrated,6,0.25,-1,1.401364990234375,0.481,1.4438521118164063,0.472
resolution_max_b1_gaussian_conv,1,1173,final,32,0.0,recalibrated,6,0.025,1,1.88832763671875,0.273,1.8897871704101563,0.26
resolution_max_b1_gaussian_conv,1,1173,final,32,0.0,recalibrated,6,0.025,-1,1.8738746337890626,0.296,1.8813056640625,0.272
resolution_max_b1_gaussian_conv,1,1173,final,32,0.0,recalibrated,6,0.05,1,1.903920166015625,0.265,1.9015059204101563,0.25
resolution_max_b1_gaussian_conv,1,1173,final,32,0.0,recalibrated,6,0.05,-1,1.8714822387695313,0.29,1.88489794921875,0.274
resolution_max_b1_gaussian_conv,1,1173,final,32,0.0,recalibrated,6,0.1,1,1.9509324951171876,0.239,1.9439009399414062,0.222
resolution_max_b1_gaussian_conv,1,1173,final,32,0.0,recalibrated,6,0.1,-1,1.8832898559570312,0.282,1.9064909057617188,0.268
resolution_max_b1_gaussian_conv,1,1173,final,32,0.0,recalibrated,6,0.2,1,2.06600341796875,0.192,2.050410949707031,0.203
resolution_max_b1_gaussian_conv,1,1173,final,32,0.0,recalibrated,6,0.2,-1,1.955790283203125,0.261,1.9819757080078124,0.237
resolution_max_b1_gaussian_conv,1,1173,final,32,0.0,recalibrated,6,0.25,1,2.1249815673828123,0.182,2.1067479248046874,0.191
resolution_max_b1_gaussian_conv,1,1173,final,32,0.0,recalibrated,6,0.25,-1,2.0042159423828125,0.245,2.0332606811523437,0.22
resolution_max_b1_gaussian_conv,1,1173,before,16,1.0,recalibrated,7,0.025,1,1.040498046875,0.611,1.0899637451171875,0.599
resolution_max_b1_gaussian_conv,1,1173,before,16,1.0,recalibrated,7,0.025,-1,1.0422015686035155,0.609,1.1056158447265625,0.593
resolution_max_b1_gaussian_conv,1,1173,before,16,1.0,recalibrated,7,0.05,1,1.0529222412109376,0.604,1.0921532592773437,0.602
resolution_max_b1_gaussian_conv,1,1173,before,16,1.0,recalibrated,7,0.05,-1,1.0616705322265625,0.591,1.126632568359375,0.587
resolution_max_b1_gaussian_conv,1,1173,before,16,1.0,recalibrated,7,0.1,1,1.1011912231445313,0.591,1.1212838134765626,0.6
resolution_max_b1_gaussian_conv,1,1173,before,16,1.0,recalibrated,7,0.1,-1,1.145913330078125,0.563,1.1976851806640625,0.566
resolution_max_b1_gaussian_conv,1,1173,before,16,1.0,recalibrated,7,0.2,1,1.3115338134765624,0.527,1.318670654296875,0.532
resolution_max_b1_gaussian_conv,1,1173,before,16,1.0,recalibrated,7,0.2,-1,1.4800892333984375,0.459,1.451149658203125,0.469
resolution_max_b1_gaussian_conv,1,1173,before,16,1.0,recalibrated,7,0.25,1,1.4625641479492189,0.483,1.4824132690429688,0.479
resolution_max_b1_gaussian_conv,1,1173,before,16,1.0,recalibrated,7,0.25,-1,1.7145625610351563,0.391,1.6425778198242187,0.419
resolution_max_b1_gaussian_conv,1,1173,after,16,0.85,recalibrated,7,0.025,1,1.11242138671875,0.597,1.1434033203125,0.582
resolution_max_b1_gaussian_conv,1,1173,after,16,0.85,recalibrated,7,0.025,-1,1.1177783813476563,0.592,1.1650228271484375,0.574
resolution_max_b1_gaussian_conv,1,1173,after,16,0.85,recalibrated,7,0.05,1,1.1174666748046875,0.597,1.1408453979492188,0.584
resolution_max_b1_gaussian_conv,1,1173,after,16,0.85,recalibrated,7,0.05,-1,1.1332137451171875,0.587,1.18729541015625,0.568
resolution_max_b1_gaussian_conv,1,1173,after,16,0.85,recalibrated,7,0.1,1,1.1451046752929688,0.587,1.15608935546875,0.585
resolution_max_b1_gaussian_conv,1,1173,after,16,0.85,recalibrated,7,0.1,-1,1.1973804321289063,0.574,1.248387939453125,0.547
resolution_max_b1_gaussian_conv,1,1173,after,16,0.85,recalibrated,7,0.2,1,1.2913928833007813,0.525,1.2864161987304688,0.543
resolution_max_b1_gaussian_conv,1,1173,after,16,0.85,recalibrated,7,0.2,-1,1.4609041748046876,0.462,1.460750732421875,0.461
resolution_max_b1_gaussian_conv,1,1173,after,16,0.85,recalibrated,7,0.25,1,1.4013821411132812,0.483,1.3995739135742187,0.508
resolution_max_b1_gaussian_conv,1,1173,after,16,0.85,recalibrated,7,0.25,-1,1.6497513427734376,0.392,1.6157437133789063,0.423
resolution_max_b1_gaussian_conv,1,1173,final,32,0.0,recalibrated,7,0.025,1,1.86632666015625,0.294,1.8705997924804687,0.282
resolution_max_b1_gaussian_conv,1,1173,final,32,0.0,recalibrated,7,0.025,-1,1.8945480346679688,0.274,1.8999429931640626,0.26
resolution_max_b1_gaussian_conv,1,1173,final,32,0.0,recalibrated,7,0.05,1,1.8585709228515626,0.303,1.8627469482421875,0.29
resolution_max_b1_gaussian_conv,1,1173,final,32,0.0,recalibrated,7,0.05,-1,1.9137474365234375,0.268,1.9195140991210937,0.246
resolution_max_b1_gaussian_conv,1,1173,final,32,0.0,recalibrated,7,0.1,1,1.8564254150390624,0.302,1.8615272827148437,0.304
resolution_max_b1_gaussian_conv,1,1173,final,32,0.0,recalibrated,7,0.1,-1,1.9656014404296875,0.247,1.972768798828125,0.222
resolution_max_b1_gaussian_conv,1,1173,final,32,0.0,recalibrated,7,0.2,1,1.9078328857421876,0.306,1.9153677368164062,0.299
resolution_max_b1_gaussian_conv,1,1173,final,32,0.0,recalibrated,7,0.2,-1,2.1065867919921875,0.184,2.1103680419921873,0.194
resolution_max_b1_gaussian_conv,1,1173,final,32,0.0,recalibrated,7,0.25,1,1.9560010375976562,0.294,1.967417236328125,0.292
resolution_max_b1_gaussian_conv,1,1173,final,32,0.0,recalibrated,7,0.25,-1,2.1904483642578123,0.168,2.1867318115234373,0.184
resolution_max_b1_gaussian_conv,1,1173,before,16,1.0,recalibrated,8,0.025,1,1.0513037719726563,0.608,1.10114794921875,0.594
resolution_max_b1_gaussian_conv,1,1173,before,16,1.0,recalibrated,8,0.025,-1,1.032564483642578,0.617,1.0966744384765625,0.589
resolution_max_b1_gaussian_conv,1,1173,before,16,1.0,recalibrated,8,0.05,1,1.07954833984375,0.602,1.1192799072265625,0.592
resolution_max_b1_gaussian_conv,1,1173,before,16,1.0,recalibrated,8,0.05,-1,1.0389594116210938,0.618,1.1086432495117187,0.585
resolution_max_b1_gaussian_conv,1,1173,before,16,1.0,recalibrated,8,0.1,1,1.1740089111328125,0.587,1.1980323486328126,0.57
resolution_max_b1_gaussian_conv,1,1173,before,16,1.0,recalibrated,8,0.1,-1,1.0762607116699219,0.601,1.1562868041992187,0.564
resolution_max_b1_gaussian_conv,1,1173,before,16,1.0,recalibrated,8,0.2,1,1.5134429321289062,0.491,1.5212108154296875,0.472
resolution_max_b1_gaussian_conv,1,1173,before,16,1.0,recalibrated,8,0.2,-1,1.2662395629882812,0.54,1.353039306640625,0.502
resolution_max_b1_gaussian_conv,1,1173,before,16,1.0,recalibrated,8,0.25,1,1.698301513671875,0.426,1.6989609375,0.42
resolution_max_b1_gaussian_conv,1,1173,before,16,1.0,recalibrated,8,0.25,-1,1.4159154052734375,0.49,1.4967125854492187,0.451
resolution_max_b1_gaussian_conv,1,1173,after,16,0.85,recalibrated,8,0.025,1,1.1247506713867188,0.598,1.1573125,0.574
resolution_max_b1_gaussian_conv,1,1173,after,16,0.85,recalibrated,8,0.025,-1,1.1072457275390626,0.589,1.1527054443359375,0.571
resolution_max_b1_gaussian_conv,1,1173,after,16,0.85,recalibrated,8,0.05,1,1.1463926391601562,0.599,1.171351318359375,0.575
resolution_max_b1_gaussian_conv,1,1173,after,16,0.85,recalibrated,8,0.05,-1,1.1103622436523437,0.598,1.16052001953125,0.573
resolution_max_b1_gaussian_conv,1,1173,after,16,0.85,recalibrated,8,0.1,1,1.2189769897460938,0.576,1.2281228637695312,0.57
resolution_max_b1_gaussian_conv,1,1173,after,16,0.85,recalibrated,8,0.1,-1,1.1370074462890625,0.589,1.1991237182617187,0.557
resolution_max_b1_gaussian_conv,1,1173,after,16,0.85,recalibrated,8,0.2,1,1.4653358154296876,0.494,1.4596193237304687,0.494
resolution_max_b1_gaussian_conv,1,1173,after,16,0.85,recalibrated,8,0.2,-1,1.2877507934570311,0.536,1.3568939208984374,0.492
resolution_max_b1_gaussian_conv,1,1173,after,16,0.85,recalibrated,8,0.25,1,1.609325439453125,0.441,1.5998859252929687,0.445
resolution_max_b1_gaussian_conv,1,1173,after,16,0.85,recalibrated,8,0.25,-1,1.3948192138671875,0.493,1.4661580810546875,0.449
resolution_max_b1_gaussian_conv,1,1173,final,32,0.0,recalibrated,8,0.025,1,1.8947186889648437,0.273,1.8974087524414063,0.26
resolution_max_b1_gaussian_conv,1,1173,final,32,0.0,recalibrated,8,0.025,-1,1.866956298828125,0.288,1.8736868896484375,0.271
resolution_max_b1_gaussian_conv,1,1173,final,32,0.0,recalibrated,8,0.05,1,1.91480029296875,0.263,1.9160526123046875,0.246
resolution_max_b1_gaussian_conv,1,1173,final,32,0.0,recalibrated,8,0.05,-1,1.859909912109375,0.285,1.868722900390625,0.273
resolution_max_b1_gaussian_conv,1,1173,final,32,0.0,recalibrated,8,0.1,1,1.9677674560546874,0.23,1.9673695068359376,0.221
resolution_max_b1_gaussian_conv,1,1173,final,32,0.0,recalibrated,8,0.1,-1,1.85815185546875,0.281,1.87463623046875,0.272
resolution_max_b1_gaussian_conv,1,1173,final,32,0.0,recalibrated,8,0.2,1,2.0998155517578123,0.182,2.10289990234375,0.167
resolution_max_b1_gaussian_conv,1,1173,final,32,0.0,recalibrated,8,0.2,-1,1.9126260986328125,0.287,1.9361680908203125,0.254
resolution_max_b1_gaussian_conv,1,1173,final,32,0.0,recalibrated,8,0.25,1,2.1569351806640626,0.162,2.1615899658203124,0.147
resolution_max_b1_gaussian_conv,1,1173,final,32,0.0,recalibrated,8,0.25,-1,1.9552047119140625,0.275,1.98819287109375,0.236
resolution_max_b1_gaussian_conv,1,1173,before,16,1.0,recalibrated,9,0.025,1,1.0374338989257812,0.61,1.09309033203125,0.599
resolution_max_b1_gaussian_conv,1,1173,before,16,1.0,recalibrated,9,0.025,-1,1.0453244018554688,0.606,1.1063401489257811,0.593
resolution_max_b1_gaussian_conv,1,1173,before,16,1.0,recalibrated,9,0.05,1,1.0489021606445312,0.609,1.1022962036132813,0.598
resolution_max_b1_gaussian_conv,1,1173,before,16,1.0,recalibrated,9,0.05,-1,1.0674273376464845,0.603,1.130787109375,0.583
resolution_max_b1_gaussian_conv,1,1173,before,16,1.0,recalibrated,9,0.1,1,1.0939122924804687,0.597,1.1409223022460937,0.592
resolution_max_b1_gaussian_conv,1,1173,before,16,1.0,recalibrated,9,0.1,-1,1.1457955932617188,0.567,1.2079903564453125,0.552
resolution_max_b1_gaussian_conv,1,1173,before,16,1.0,recalibrated,9,0.2,1,1.267454345703125,0.536,1.3105030517578125,0.535
resolution_max_b1_gaussian_conv,1,1173,before,16,1.0,recalibrated,9,0.2,-1,1.3768120727539062,0.483,1.4275171508789062,0.491
resolution_max_b1_gaussian_conv,1,1173,before,16,1.0,recalibrated,9,0.25,1,1.392027587890625,0.504,1.4403935546875,0.497
resolution_max_b1_gaussian_conv,1,1173,before,16,1.0,recalibrated,9,0.25,-1,1.5022803955078126,0.429,1.5457455444335937,0.44
resolution_max_b1_gaussian_conv,1,1173,after,16,0.85,recalibrated,9,0.025,1,1.1110681762695314,0.6,1.1499483642578125,0.577
resolution_max_b1_gaussian_conv,1,1173,after,16,0.85,recalibrated,9,0.025,-1,1.12037890625,0.586,1.1606697998046875,0.572
resolution_max_b1_gaussian_conv,1,1173,after,16,0.85,recalibrated,9,0.05,1,1.1164384765625,0.59,1.1551494750976563,0.579
resolution_max_b1_gaussian_conv,1,1173,after,16,0.85,recalibrated,9,0.05,-1,1.138218017578125,0.58,1.1808348388671874,0.572
resolution_max_b1_gaussian_conv,1,1173,after,16,0.85,recalibrated,9,0.1,1,1.144041259765625,0.587,1.18163623046875,0.581
resolution_max_b1_gaussian_conv,1,1173,after,16,0.85,recalibrated,9,0.1,-1,1.1995031127929687,0.558,1.2418917236328124,0.55
resolution_max_b1_gaussian_conv,1,1173,after,16,0.85,recalibrated,9,0.2,1,1.2634471435546875,0.549,1.296491943359375,0.522
resolution_max_b1_gaussian_conv,1,1173,after,16,0.85,recalibrated,9,0.2,-1,1.3812693481445313,0.477,1.4293785400390624,0.474
resolution_max_b1_gaussian_conv,1,1173,after,16,0.85,recalibrated,9,0.25,1,1.3568929443359374,0.517,1.3889837646484375,0.494
resolution_max_b1_gaussian_conv,1,1173,after,16,0.85,recalibrated,9,0.25,-1,1.4875545654296876,0.442,1.5385516357421876,0.424
resolution_max_b1_gaussian_conv,1,1173,final,32,0.0,recalibrated,9,0.025,1,1.8740061645507813,0.291,1.8766814575195312,0.274
resolution_max_b1_gaussian_conv,1,1173,final,32,0.0,recalibrated,9,0.025,-1,1.8862349243164063,0.281,1.8935606689453126,0.258
resolution_max_b1_gaussian_conv,1,1173,final,32,0.0,recalibrated,9,0.05,1,1.8731792602539064,0.289,1.8746290283203124,0.28
resolution_max_b1_gaussian_conv,1,1173,final,32,0.0,recalibrated,9,0.05,-1,1.898583251953125,0.274,1.9099253540039063,0.242
resolution_max_b1_gaussian_conv,1,1173,final,32,0.0,recalibrated,9,0.1,1,1.8820830688476562,0.284,1.8817600708007813,0.288
resolution_max_b1_gaussian_conv,1,1173,final,32,0.0,recalibrated,9,0.1,-1,1.9299584350585937,0.259,1.95087109375,0.217
resolution_max_b1_gaussian_conv,1,1173,final,32,0.0,recalibrated,9,0.2,1,1.939076171875,0.266,1.94782177734375,0.27
resolution_max_b1_gaussian_conv,1,1173,final,32,0.0,recalibrated,9,0.2,-1,2.0323474731445312,0.21,2.0595108642578124,0.184
resolution_max_b1_gaussian_conv,1,1173,final,32,0.0,recalibrated,9,0.25,1,1.9808050537109374,0.253,1.9941013793945312,0.259
resolution_max_b1_gaussian_conv,1,1173,final,32,0.0,recalibrated,9,0.25,-1,2.092870849609375,0.193,2.1168558349609374,0.168
resolution_max_b1_gaussian_conv,1,8211,before,32,0.3,saved,,0.0,0,0.3643123779296875,0.881,0.5700822143554688,0.802
resolution_max_b1_gaussian_conv,1,8211,before,32,0.3,recalibrated,,0.0,0,0.35992782592773437,0.881,0.55981689453125,0.805
resolution_max_b1_gaussian_conv,1,8211,before,32,0.3,recalibrated,0,0.025,1,0.3633673095703125,0.888,0.5645414428710938,0.809
resolution_max_b1_gaussian_conv,1,8211,before,32,0.3,recalibrated,0,0.025,-1,0.36886996459960936,0.876,0.5604137268066406,0.81
resolution_max_b1_gaussian_conv,1,8211,before,32,0.3,recalibrated,0,0.05,1,0.37791429138183597,0.886,0.576240478515625,0.8
resolution_max_b1_gaussian_conv,1,8211,before,32,0.3,recalibrated,0,0.05,-1,0.38840533447265624,0.869,0.5673646850585937,0.806
resolution_max_b1_gaussian_conv,1,8211,before,32,0.3,recalibrated,0,0.1,1,0.4348335266113281,0.861,0.6252747497558594,0.787
resolution_max_b1_gaussian_conv,1,8211,before,32,0.3,recalibrated,0,0.1,-1,0.45666314697265625,0.836,0.6076725769042969,0.796
resolution_max_b1_gaussian_conv,1,8211,before,32,0.3,recalibrated,0,0.2,1,0.6908142395019531,0.771,0.8458328857421875,0.703
resolution_max_b1_gaussian_conv,1,8211,before,32,0.3,recalibrated,0,0.2,-1,0.69383935546875,0.741,0.7758407287597656,0.748
resolution_max_b1_gaussian_conv,1,8211,before,32,0.3,recalibrated,0,0.25,1,0.8846254272460937,0.708,1.0182203369140626,0.648
resolution_max_b1_gaussian_conv,1,8211,before,32,0.3,recalibrated,0,0.25,-1,0.8677738037109375,0.695,0.9126184692382813,0.691
resolution_max_b1_gaussian_conv,1,8211,after,32,0.0,saved,,0.0,0,0.36605482482910157,0.881,0.5707705993652343,0.8
resolution_max_b1_gaussian_conv,1,8211,after,32,0.0,recalibrated,,0.0,0,0.3663572540283203,0.885,0.5622990112304688,0.812
resolution_max_b1_gaussian_conv,1,8211,after,32,0.0,recalibrated,0,0.025,1,0.37012232971191406,0.886,0.5672584228515625,0.808
resolution_max_b1_gaussian_conv,1,8211,after,32,0.0,recalibrated,0,0.025,-1,0.37475564575195314,0.875,0.5622774047851562,0.808
resolution_max_b1_gaussian_conv,1,8211,after,32,0.0,recalibrated,0,0.05,1,0.3846828765869141,0.882,0.5790819396972656,0.796
resolution_max_b1_gaussian_conv,1,8211,after,32,0.0,recalibrated,0,0.05,-1,0.39409559631347657,0.864,0.5689298706054687,0.807
resolution_max_b1_gaussian_conv,1,8211,after,32,0.0,recalibrated,0,0.1,1,0.4407698974609375,0.862,0.6271427917480469,0.789
resolution_max_b1_gaussian_conv,1,8211,after,32,0.0,recalibrated,0,0.1,-1,0.4603683624267578,0.836,0.6083707580566406,0.797
resolution_max_b1_gaussian_conv,1,8211,after,32,0.0,recalibrated,0,0.2,1,0.6915581359863281,0.771,0.8441319885253906,0.699
resolution_max_b1_gaussian_conv,1,8211,after,32,0.0,recalibrated,0,0.2,-1,0.6939993896484375,0.742,0.774638671875,0.743
resolution_max_b1_gaussian_conv,1,8211,after,32,0.0,recalibrated,0,0.25,1,0.8831439208984375,0.71,1.0149231567382813,0.644
resolution_max_b1_gaussian_conv,1,8211,after,32,0.0,recalibrated,0,0.25,-1,0.8637635192871094,0.693,0.9079014587402344,0.693
resolution_max_b1_gaussian_conv,1,8211,before,32,0.3,recalibrated,1,0.025,1,0.3681821441650391,0.872,0.5647571411132812,0.806
resolution_max_b1_gaussian_conv,1,8211,before,32,0.3,recalibrated,1,0.025,-1,0.36767671203613284,0.886,0.5643873901367188,0.799
resolution_max_b1_gaussian_conv,1,8211,before,32,0.3,recalibrated,1,0.05,1,0.3886297912597656,0.86,0.5798369140625,0.801
resolution_max_b1_gaussian_conv,1,8211,before,32,0.3,recalibrated,1,0.05,-1,0.3905015869140625,0.875,0.5803533325195313,0.792
resolution_max_b1_gaussian_conv,1,8211,before,32,0.3,recalibrated,1,0.1,1,0.46691326904296876,0.82,0.641670166015625,0.779
resolution_max_b1_gaussian_conv,1,8211,before,32,0.3,recalibrated,1,0.1,-1,0.48401480102539063,0.834,0.6584929504394531,0.777
resolution_max_b1_gaussian_conv,1,8211,before,32,0.3,recalibrated,1,0.2,1,0.8163087768554688,0.701,0.9387266845703125,0.682
resolution_max_b1_gaussian_conv,1,8211,before,32,0.3,recalibrated,1,0.2,-1,0.8981338500976562,0.688,1.0115861511230468,0.665
resolution_max_b1_gaussian_conv,1,8211,before,32,0.3,recalibrated,1,0.25,1,1.1149422607421875,0.606,1.2011629638671875,0.611
resolution_max_b1_gaussian_conv,1,8211,before,32,0.3,recalibrated,1,0.25,-1,1.195716064453125,0.603,1.2966408081054688,0.575
resolution_max_b1_gaussian_conv,1,8211,after,32,0.0,recalibrated,1,0.025,1,0.37462907409667967,0.87,0.5670676574707031,0.806
resolution_max_b1_gaussian_conv,1,8211,after,32,0.0,recalibrated,1,0.025,-1,0.37417715454101563,0.885,0.56657177734375,0.8
resolution_max_b1_gaussian_conv,1,8211,after,32,0.0,recalibrated,1,0.05,1,0.39486204528808594,0.858,0.5813650817871093,0.798
resolution_max_b1_gaussian_conv,1,8211,after,32,0.0,recalibrated,1,0.05,-1,0.39688812255859374,0.873,0.5835766296386719,0.793
resolution_max_b1_gaussian_conv,1,8211,after,32,0.0,recalibrated,1,0.1,1,0.47300196838378905,0.822,0.642106689453125,0.781
resolution_max_b1_gaussian_conv,1,8211,after,32,0.0,recalibrated,1,0.1,-1,0.4899006805419922,0.828,0.6623350524902344,0.781
resolution_max_b1_gaussian_conv,1,8211,after,32,0.0,recalibrated,1,0.2,1,0.8173303527832031,0.699,0.9373342895507812,0.677
resolution_max_b1_gaussian_conv,1,8211,after,32,0.0,recalibrated,1,0.2,-1,0.9025396728515624,0.682,1.0153228759765625,0.663
resolution_max_b1_gaussian_conv,1,8211,after,32,0.0,recalibrated,1,0.25,1,1.110296875,0.609,1.1946429443359374,0.613
resolution_max_b1_gaussian_conv,1,8211,after,32,0.0,recalibrated,1,0.25,-1,1.1959384155273438,0.604,1.2962015991210938,0.571
resolution_max_b1_gaussian_conv,1,8211,before,32,0.3,recalibrated,2,0.025,1,0.38053167724609377,0.868,0.5680320739746094,0.812
resolution_max_b1_gaussian_conv,1,8211,before,32,0.3,recalibrated,2,0.025,-1,0.36141319274902345,0.881,0.5644894409179687,0.797
resolution_max_b1_gaussian_conv,1,8211,before,32,0.3,recalibrated,2,0.05,1,0.42227944946289064,0.847,0.5938153381347656,0.805
resolution_max_b1_gaussian_conv,1,8211,before,32,0.3,recalibrated,2,0.05,-1,0.390712158203125,0.863,0.5850349426269531,0.793
resolution_max_b1_gaussian_conv,1,8211,before,32,0.3,recalibrated,2,0.1,1,0.5382138671875,0.806,0.683545654296875,0.776
resolution_max_b1_gaussian_conv,1,8211,before,32,0.3,recalibrated,2,0.1,-1,0.5191169586181641,0.825,0.6796826171875,0.775
resolution_max_b1_gaussian_conv,1,8211,before,32,0.3,recalibrated,2,0.2,1,0.8956000061035156,0.697,0.9908062744140625,0.657
resolution_max_b1_gaussian_conv,1,8211,before,32,0.3,recalibrated,2,0.2,-1,0.8821468811035156,0.69,1.0064356689453124,0.665
resolution_max_b1_gaussian_conv,1,8211,before,32,0.3,recalibrated,2,0.25,1,1.1331759033203126,0.609,1.2061398315429688,0.596
resolution_max_b1_gaussian_conv,1,8211,before,32,0.3,recalibrated,2,0.25,-1,1.124625244140625,0.632,1.23598193359375,0.6
resolution_max_b1_gaussian_conv,1,8211,after,32,0.0,recalibrated,2,0.025,1,0.38702198791503906,0.868,0.56982958984375,0.813
resolution_max_b1_gaussian_conv,1,8211,after,32,0.0,recalibrated,2,0.025,-1,0.367005615234375,0.883,0.5672776489257813,0.8
resolution_max_b1_gaussian_conv,1,8211,after,32,0.0,recalibrated,2,0.05,1,0.4285225067138672,0.847,0.5947149658203125,0.802
resolution_max_b1_gaussian_conv,1,8211,after,32,0.0,recalibrated,2,0.05,-1,0.3951140899658203,0.863,0.5866063232421875,0.788
resolution_max_b1_gaussian_conv,1,8211,after,32,0.0,recalibrated,2,0.1,1,0.541569091796875,0.813,0.6833837585449218,0.785
resolution_max_b1_gaussian_conv,1,8211,after,32,0.0,recalibrated,2,0.1,-1,0.5197200317382813,0.827,0.6777164611816406,0.768
resolution_max_b1_gaussian_conv,1,8211,after,32,0.0,recalibrated,2,0.2,1,0.8939493408203125,0.696,0.985376953125,0.661
resolution_max_b1_gaussian_conv,1,8211,after,32,0.0,recalibrated,2,0.2,-1,0.8755171813964844,0.69,0.9968539428710937,0.67
resolution_max_b1_gaussian_conv,1,8211,after,32,0.0,recalibrated,2,0.25,1,1.1273630981445313,0.615,1.1972515869140625,0.596
resolution_max_b1_gaussian_conv,1,8211,after,32,0.0,recalibrated,2,0.25,-1,1.113066650390625,0.629,1.22058935546875,0.596
resolution_max_b1_gaussian_conv,1,8211,before,32,0.3,recalibrated,3,0.025,1,0.37677592468261717,0.878,0.5635412902832031,0.807
resolution_max_b1_gaussian_conv,1,8211,before,32,0.3,recalibrated,3,0.025,-1,0.3584210662841797,0.882,0.5645637512207031,0.797
resolution_max_b1_gaussian_conv,1,8211,before,32,0.3,recalibrated,3,0.05,1,0.4049451599121094,0.865,0.5765324401855468,0.806
resolution_max_b1_gaussian_conv,1,8211,before,32,0.3,recalibrated,3,0.05,-1,0.3709297637939453,0.877,0.5795522766113281,0.785
resolution_max_b1_gaussian_conv,1,8211,before,32,0.3,recalibrated,3,0.1,1,0.485509521484375,0.831,0.6237339782714844,0.792
resolution_max_b1_gaussian_conv,1,8211,before,32,0.3,recalibrated,3,0.1,-1,0.4467930755615234,0.846,0.6490442810058594,0.766
resolution_max_b1_gaussian_conv,1,8211,before,32,0.3,recalibrated,3,0.2,1,0.7287685241699219,0.745,0.7963303527832031,0.733
resolution_max_b1_gaussian_conv,1,8211,before,32,0.3,recalibrated,3,0.2,-1,0.8008211364746094,0.724,0.9861833801269532,0.669
resolution_max_b1_gaussian_conv,1,8211,before,32,0.3,recalibrated,3,0.25,1,0.916587158203125,0.68,0.9510234985351562,0.66
resolution_max_b1_gaussian_conv,1,8211,before,32,0.3,recalibrated,3,0.25,-1,1.0243603515625,0.646,1.1920757446289063,0.612
resolution_max_b1_gaussian_conv,1,8211,after,32,0.0,recalibrated,3,0.025,1,0.3825451965332031,0.877,0.5658865356445313,0.806
resolution_max_b1_gaussian_conv,1,8211,after,32,0.0,recalibrated,3,0.025,-1,0.3654525451660156,0.883,0.5668886108398438,0.801
resolution_max_b1_gaussian_conv,1,8211,after,32,0.0,recalibrated,3,0.05,1,0.40968775939941404,0.865,0.5783966064453125,0.81
resolution_max_b1_gaussian_conv,1,8211,after,32,0.0,recalibrated,3,0.05,-1,0.3784927215576172,0.874,0.5822802429199219,0.788
resolution_max_b1_gaussian_conv,1,8211,after,32,0.0,recalibrated,3,0.1,1,0.48885269165039064,0.831,0.6241893310546875,0.789
resolution_max_b1_gaussian_conv,1,8211,after,32,0.0,recalibrated,3,0.1,-1,0.4552927703857422,0.843,0.651137451171875,0.765
resolution_max_b1_gaussian_conv,1,8211,after,32,0.0,recalibrated,3,0.2,1,0.7304837646484375,0.746,0.7964516296386719,0.738
resolution_max_b1_gaussian_conv,1,8211,after,32,0.0,recalibrated,3,0.2,-1,0.8051534118652344,0.724,0.9852084655761719,0.667
resolution_max_b1_gaussian_conv,1,8211,after,32,0.0,recalibrated,3,0.25,1,0.9165618286132813,0.68,0.9486221923828125,0.664
resolution_max_b1_gaussian_conv,1,8211,after,32,0.0,recalibrated,3,0.25,-1,1.02686669921875,0.646,1.1913423461914063,0.61
resolution_max_b1_gaussian_conv,1,8211,before,32,0.3,recalibrated,4,0.025,1,0.3679501647949219,0.882,0.56749853515625,0.81
resolution_max_b1_gaussian_conv,1,8211,before,32,0.3,recalibrated,4,0.025,-1,0.36405397033691406,0.88,0.5612045593261719,0.808
resolution_max_b1_gaussian_conv,1,8211,before,32,0.3,recalibrated,4,0.05,1,0.3868439788818359,0.87,0.5848439025878907,0.804
resolution_max_b1_gaussian_conv,1,8211,before,32,0.3,recalibrated,4,0.05,-1,0.3791798095703125,0.876,0.5719737854003907,0.8
resolution_max_b1_gaussian_conv,1,8211,before,32,0.3,recalibrated,4,0.1,1,0.4493740234375,0.845,0.6459794616699219,0.778
resolution_max_b1_gaussian_conv,1,8211,before,32,0.3,recalibrated,4,0.1,-1,0.44768955993652343,0.843,0.6208489685058594,0.787
resolution_max_b1_gaussian_conv,1,8211,before,32,0.3,recalibrated,4,0.2,1,0.6948348388671876,0.764,0.9049776611328125,0.698
resolution_max_b1_gaussian_conv,1,8211,before,32,0.3,recalibrated,4,0.2,-1,0.7341321411132813,0.74,0.8752904968261719,0.707
resolution_max_b1_gaussian_conv,1,8211,before,32,0.3,recalibrated,4,0.25,1,0.9128759765625,0.691,1.1193397827148437,0.632
resolution_max_b1_gaussian_conv,1,8211,before,32,0.3,recalibrated,4,0.25,-1,0.9622728881835938,0.657,1.08435791015625,0.656
resolution_max_b1_gaussian_conv,1,8211,after,32,0.0,recalibrated,4,0.025,1,0.3742398834228516,0.882,0.569356201171875,0.807
resolution_max_b1_gaussian_conv,1,8211,after,32,0.0,recalibrated,4,0.025,-1,0.3705577239990234,0.882,0.5638882141113282,0.809
resolution_max_b1_gaussian_conv,1,8211,after,32,0.0,recalibrated,4,0.05,1,0.3929648895263672,0.868,0.58653466796875,0.797
resolution_max_b1_gaussian_conv,1,8211,after,32,0.0,recalibrated,4,0.05,-1,0.3859868469238281,0.871,0.574183349609375,0.799
resolution_max_b1_gaussian_conv,1,8211,after,32,0.0,recalibrated,4,0.1,1,0.45604273986816407,0.845,0.6472962646484375,0.78
resolution_max_b1_gaussian_conv,1,8211,after,32,0.0,recalibrated,4,0.1,-1,0.454804931640625,0.84,0.6238490600585938,0.79
resolution_max_b1_gaussian_conv,1,8211,after,32,0.0,recalibrated,4,0.2,1,0.7035823059082031,0.76,0.9074454345703125,0.698
resolution_max_b1_gaussian_conv,1,8211,after,32,0.0,recalibrated,4,0.2,-1,0.7405625,0.735,0.8779503784179687,0.711
resolution_max_b1_gaussian_conv,1,8211,after,32,0.0,recalibrated,4,0.25,1,0.9241315002441406,0.683,1.121582763671875,0.625
resolution_max_b1_gaussian_conv,1,8211,after,32,0.0,recalibrated,4,0.25,-1,0.9678519897460938,0.658,1.086821044921875,0.653
resolution_max_b1_gaussian_conv,1,8211,before,32,0.3,recalibrated,5,0.025,1,0.36651597595214847,0.877,0.56736669921875,0.8
resolution_max_b1_gaussian_conv,1,8211,before,32,0.3,recalibrated,5,0.025,-1,0.36839776611328123,0.886,0.5615144958496093,0.809
resolution_max_b1_gaussian_conv,1,8211,before,32,0.3,recalibrated,5,0.05,1,0.38693807983398437,0.869,0.5860890502929688,0.794
resolution_max_b1_gaussian_conv,1,8211,before,32,0.3,recalibrated,5,0.05,-1,0.39175494384765625,0.865,0.5738681945800781,0.807
resolution_max_b1_gaussian_conv,1,8211,before,32,0.3,recalibrated,5,0.1,1,0.4628695068359375,0.839,0.6561520385742188,0.773
resolution_max_b1_gaussian_conv,1,8211,before,32,0.3,recalibrated,5,0.1,-1,0.48091363525390624,0.822,0.6300868225097657,0.79
resolution_max_b1_gaussian_conv,1,8211,before,32,0.3,recalibrated,5,0.2,1,0.7723026123046876,0.73,0.9350997009277344,0.682
resolution_max_b1_gaussian_conv,1,8211,before,32,0.3,recalibrated,5,0.2,-1,0.8271807250976563,0.709,0.8716712646484375,0.709
resolution_max_b1_gaussian_conv,1,8211,before,32,0.3,recalibrated,5,0.25,1,1.009324462890625,0.665,1.1481732177734374,0.626
resolution_max_b1_gaussian_conv,1,8211,before,32,0.3,recalibrated,5,0.25,-1,1.0891227416992189,0.635,1.0764376831054687,0.638
resolution_max_b1_gaussian_conv,1,8211,after,32,0.0,recalibrated,5,0.025,1,0.3728046875,0.875,0.5702618103027344,0.8
resolution_max_b1_gaussian_conv,1,8211,after,32,0.0,recalibrated,5,0.025,-1,0.3744129333496094,0.886,0.5634921264648437,0.811
resolution_max_b1_gaussian_conv,1,8211,after,32,0.0,recalibrated,5,0.05,1,0.3926410369873047,0.866,0.5895692443847657,0.792
resolution_max_b1_gaussian_conv,1,8211,after,32,0.0,recalibrated,5,0.05,-1,0.39740435791015627,0.866,0.5752181091308594,0.807
resolution_max_b1_gaussian_conv,1,8211,after,32,0.0,recalibrated,5,0.1,1,0.46783358764648436,0.837,0.6600022583007813,0.77
resolution_max_b1_gaussian_conv,1,8211,after,32,0.0,recalibrated,5,0.1,-1,0.4866826934814453,0.824,0.6309797973632812,0.787
resolution_max_b1_gaussian_conv,1,8211,after,32,0.0,recalibrated,5,0.2,1,0.7772407836914063,0.731,0.9385121154785157,0.68
resolution_max_b1_gaussian_conv,1,8211,after,32,0.0,recalibrated,5,0.2,-1,0.8307248840332031,0.713,0.8713526916503906,0.713
resolution_max_b1_gaussian_conv,1,8211,after,32,0.0,recalibrated,5,0.25,1,1.0127135620117187,0.657,1.150209228515625,0.626
resolution_max_b1_gaussian_conv,1,8211,after,32,0.0,recalibrated,5,0.25,-1,1.088446044921875,0.629,1.0761173095703125,0.632
resolution_max_b1_gaussian_conv,1,8211,before,32,0.3,recalibrated,6,0.025,1,0.3685216217041016,0.871,0.5694703674316406,0.809
resolution_max_b1_gaussian_conv,1,8211,before,32,0.3,recalibrated,6,0.025,-1,0.366103515625,0.885,0.5589696655273437,0.815
resolution_max_b1_gaussian_conv,1,8211,before,32,0.3,recalibrated,6,0.05,1,0.39279669189453126,0.862,0.5881224365234375,0.798
resolution_max_b1_gaussian_conv,1,8211,before,32,0.3,recalibrated,6,0.05,-1,0.38816925048828127,0.876,0.5687273254394531,0.802
resolution_max_b1_gaussian_conv,1,8211,before,32,0.3,recalibrated,6,0.1,1,0.4781524353027344,0.83,0.643413818359375,0.782
resolution_max_b1_gaussian_conv,1,8211,before,32,0.3,recalibrated,6,0.1,-1,0.48159036254882814,0.833,0.6328172607421875,0.776
resolution_max_b1_gaussian_conv,1,8211,before,32,0.3,recalibrated,6,0.2,1,0.8129022216796875,0.715,0.8930506896972656,0.702
resolution_max_b1_gaussian_conv,1,8211,before,32,0.3,recalibrated,6,0.2,-1,0.8285646362304687,0.712,0.9221974792480468,0.686
resolution_max_b1_gaussian_conv,1,8211,before,32,0.3,recalibrated,6,0.25,1,1.0552720947265626,0.654,1.1043187866210937,0.633
resolution_max_b1_gaussian_conv,1,8211,before,32,0.3,recalibrated,6,0.25,-1,1.0992374267578124,0.63,1.1530003051757813,0.615
resolution_max_b1_gaussian_conv,1,8211,after,32,0.0,recalibrated,6,0.025,1,0.3745172576904297,0.871,0.570396484375,0.808
resolution_max_b1_gaussian_conv,1,8211,after,32,0.0,recalibrated,6,0.025,-1,0.37285240173339845,0.887,0.5620188293457031,0.809
resolution_max_b1_gaussian_conv,1,8211,after,32,0.0,recalibrated,6,0.05,1,0.3980712432861328,0.86,0.5883695373535156,0.798
resolution_max_b1_gaussian_conv,1,8211,after,32,0.0,recalibrated,6,0.05,-1,0.3947959747314453,0.868,0.5710614929199219,0.802
resolution_max_b1_gaussian_conv,1,8211,after,32,0.0,recalibrated,6,0.1,1,0.4800389404296875,0.829,0.6431168518066406,0.784
resolution_max_b1_gaussian_conv,1,8211,after,32,0.0,recalibrated,6,0.1,-1,0.4864583740234375,0.828,0.6329252014160156,0.776
resolution_max_b1_gaussian_conv,1,8211,after,32,0.0,recalibrated,6,0.2,1,0.8086828918457031,0.716,0.8915827026367188,0.698
resolution_max_b1_gaussian_conv,1,8211,after,32,0.0,recalibrated,6,0.2,-1,0.825812744140625,0.709,0.9201115417480469,0.686
resolution_max_b1_gaussian_conv,1,8211,after,32,0.0,recalibrated,6,0.25,1,1.0473351440429688,0.656,1.1018380126953125,0.632
resolution_max_b1_gaussian_conv,1,8211,after,32,0.0,recalibrated,6,0.25,-1,1.0911865234375,0.634,1.1460294189453124,0.614
resolution_max_b1_gaussian_conv,1,8211,before,32,0.3,recalibrated,7,0.025,1,0.3783926239013672,0.877,0.5690892333984375,0.8
resolution_max_b1_gaussian_conv,1,8211,before,32,0.3,recalibrated,7,0.025,-1,0.3609767303466797,0.89,0.5635557556152344,0.806
resolution_max_b1_gaussian_conv,1,8211,before,32,0.3,recalibrated,7,0.05,1,0.41362442016601564,0.857,0.5876918334960938,0.798
resolution_max_b1_gaussian_conv,1,8211,before,32,0.3,recalibrated,7,0.05,-1,0.3799284973144531,0.887,0.5771119995117188,0.804
resolution_max_b1_gaussian_conv,1,8211,before,32,0.3,recalibrated,7,0.1,1,0.5265242309570313,0.81,0.6552306518554688,0.769
resolution_max_b1_gaussian_conv,1,8211,before,32,0.3,recalibrated,7,0.1,-1,0.46776959228515624,0.835,0.6437317504882812,0.777
resolution_max_b1_gaussian_conv,1,8211,before,32,0.3,recalibrated,7,0.2,1,0.9050434265136719,0.689,0.9337877807617188,0.686
resolution_max_b1_gaussian_conv,1,8211,before,32,0.3,recalibrated,7,0.2,-1,0.8284623718261719,0.713,0.9494642333984376,0.689
resolution_max_b1_gaussian_conv,1,8211,before,32,0.3,recalibrated,7,0.25,1,1.173478271484375,0.607,1.1895433349609374,0.609
resolution_max_b1_gaussian_conv,1,8211,before,32,0.3,recalibrated,7,0.25,-1,1.1615667724609375,0.612,1.25231689453125,0.602
resolution_max_b1_gaussian_conv,1,8211,after,32,0.0,recalibrated,7,0.025,1,0.38346975708007813,0.877,0.5709778747558594,0.804
resolution_max_b1_gaussian_conv,1,8211,after,32,0.0,recalibrated,7,0.025,-1,0.36818531799316406,0.893,0.5661308898925781,0.807
resolution_max_b1_gaussian_conv,1,8211,after,32,0.0,recalibrated,7,0.05,1,0.4177407379150391,0.858,0.5891463623046875,0.794
resolution_max_b1_gaussian_conv,1,8211,after,32,0.0,recalibrated,7,0.05,-1,0.38675933837890625,0.883,0.5790862731933594,0.799
resolution_max_b1_gaussian_conv,1,8211,after,32,0.0,recalibrated,7,0.1,1,0.5276025695800781,0.811,0.6551864929199219,0.767
resolution_max_b1_gaussian_conv,1,8211,after,32,0.0,recalibrated,7,0.1,-1,0.4744070281982422,0.834,0.6452774658203125,0.775
resolution_max_b1_gaussian_conv,1,8211,after,32,0.0,recalibrated,7,0.2,1,0.8980966796875,0.691,0.9241969604492187,0.686
resolution_max_b1_gaussian_conv,1,8211,after,32,0.0,recalibrated,7,0.2,-1,0.8308000793457031,0.703,0.9502916564941406,0.688
resolution_max_b1_gaussian_conv,1,8211,after,32,0.0,recalibrated,7,0.25,1,1.15875927734375,0.612,1.17351806640625,0.608
resolution_max_b1_gaussian_conv,1,8211,after,32,0.0,recalibrated,7,0.25,-1,1.156230224609375,0.615,1.248361083984375,0.603
resolution_max_b1_gaussian_conv,1,8211,before,32,0.3,recalibrated,8,0.025,1,0.36569972229003905,0.887,0.5558114624023438,0.811
resolution_max_b1_gaussian_conv,1,8211,before,32,0.3,recalibrated,8,0.025,-1,0.36554603576660155,0.879,0.5690535888671875,0.796
resolution_max_b1_gaussian_conv,1,8211,before,32,0.3,recalibrated,8,0.05,1,0.3806206970214844,0.88,0.5602573852539062,0.809
resolution_max_b1_gaussian_conv,1,8211,before,32,0.3,recalibrated,8,0.05,-1,0.3829521789550781,0.867,0.5836853942871094,0.785
resolution_max_b1_gaussian_conv,1,8211,before,32,0.3,recalibrated,8,0.1,1,0.4431941070556641,0.849,0.5983298034667969,0.793
resolution_max_b1_gaussian_conv,1,8211,before,32,0.3,recalibrated,8,0.1,-1,0.44954246520996094,0.837,0.6421593017578126,0.761
resolution_max_b1_gaussian_conv,1,8211,before,32,0.3,recalibrated,8,0.2,1,0.7304442749023438,0.74,0.8169952392578125,0.711
resolution_max_b1_gaussian_conv,1,8211,before,32,0.3,recalibrated,8,0.2,-1,0.7533246154785156,0.727,0.8959921569824219,0.689
resolution_max_b1_gaussian_conv,1,8211,before,32,0.3,recalibrated,8,0.25,1,0.953494873046875,0.666,1.0250979919433594,0.626
resolution_max_b1_gaussian_conv,1,8211,before,32,0.3,recalibrated,8,0.25,-1,1.0047250366210938,0.655,1.1014564208984374,0.618
resolution_max_b1_gaussian_conv,1,8211,after,32,0.0,recalibrated,8,0.025,1,0.37211399841308596,0.885,0.5585289306640625,0.811
resolution_max_b1_gaussian_conv,1,8211,after,32,0.0,recalibrated,8,0.025,-1,0.3718751220703125,0.882,0.5715888366699219,0.796
resolution_max_b1_gaussian_conv,1,8211,after,32,0.0,recalibrated,8,0.05,1,0.387433837890625,0.879,0.5631802673339844,0.806
resolution_max_b1_gaussian_conv,1,8211,after,32,0.0,recalibrated,8,0.05,-1,0.3889377746582031,0.868,0.5869024658203125,0.783
resolution_max_b1_gaussian_conv,1,8211,after,32,0.0,recalibrated,8,0.1,1,0.4506927795410156,0.851,0.60184228515625,0.787
resolution_max_b1_gaussian_conv,1,8211,after,32,0.0,recalibrated,8,0.1,-1,0.45577569580078126,0.836,0.6451324157714844,0.766
resolution_max_b1_gaussian_conv,1,8211,after,32,0.0,recalibrated,8,0.2,1,0.7347155151367187,0.741,0.8197792053222657,0.714
resolution_max_b1_gaussian_conv,1,8211,after,32,0.0,recalibrated,8,0.2,-1,0.7548941650390625,0.725,0.8954281616210937,0.684
resolution_max_b1_gaussian_conv,1,8211,after,32,0.0,recalibrated,8,0.25,1,0.9555054931640625,0.657,1.0262061767578126,0.633
resolution_max_b1_gaussian_conv,1,8211,after,32,0.0,recalibrated,8,0.25,-1,0.9999195556640625,0.657,1.096443359375,0.616
resolution_max_b1_gaussian_conv,1,8211,before,32,0.3,recalibrated,9,0.025,1,0.3592686157226562,0.886,0.5594407043457031,0.805
resolution_max_b1_gaussian_conv,1,8211,before,32,0.3,recalibrated,9,0.025,-1,0.37308914184570313,0.882,0.5661622009277344,0.809
resolution_max_b1_gaussian_conv,1,8211,before,32,0.3,recalibrated,9,0.05,1,0.3699764404296875,0.874,0.562593994140625,0.801
resolution_max_b1_gaussian_conv,1,8211,before,32,0.3,recalibrated,9,0.05,-1,0.39799386596679687,0.869,0.5821912231445312,0.808
resolution_max_b1_gaussian_conv,1,8211,before,32,0.3,recalibrated,9,0.1,1,0.4218125,0.853,0.5933882141113281,0.789
resolution_max_b1_gaussian_conv,1,8211,before,32,0.3,recalibrated,9,0.1,-1,0.47848092651367186,0.834,0.6381318359375,0.783
resolution_max_b1_gaussian_conv,1,8211,before,32,0.3,recalibrated,9,0.2,1,0.6296270751953125,0.79,0.7771488342285157,0.733
resolution_max_b1_gaussian_conv,1,8211,before,32,0.3,recalibrated,9,0.2,-1,0.7781245727539062,0.729,0.8789340209960937,0.705
resolution_max_b1_gaussian_conv,1,8211,before,32,0.3,recalibrated,9,0.25,1,0.7937929077148438,0.731,0.955525390625,0.666
resolution_max_b1_gaussian_conv,1,8211,before,32,0.3,recalibrated,9,0.25,-1,1.015419464111328,0.65,1.0917101440429688,0.631
resolution_max_b1_gaussian_conv,1,8211,after,32,0.0,recalibrated,9,0.025,1,0.36509764099121095,0.883,0.5612502136230468,0.805
resolution_max_b1_gaussian_conv,1,8211,after,32,0.0,recalibrated,9,0.025,-1,0.3795783233642578,0.88,0.5688687133789062,0.811
resolution_max_b1_gaussian_conv,1,8211,after,32,0.0,recalibrated,9,0.05,1,0.37550312805175784,0.874,0.5643772888183594,0.802
resolution_max_b1_gaussian_conv,1,8211,after,32,0.0,recalibrated,9,0.05,-1,0.404744873046875,0.867,0.5856216125488282,0.807
resolution_max_b1_gaussian_conv,1,8211,after,32,0.0,recalibrated,9,0.1,1,0.4263749542236328,0.852,0.593921875,0.791
resolution_max_b1_gaussian_conv,1,8211,after,32,0.0,recalibrated,9,0.1,-1,0.48628390502929686,0.836,0.6416227111816406,0.78
resolution_max_b1_gaussian_conv,1,8211,after,32,0.0,recalibrated,9,0.2,1,0.6310057067871093,0.787,0.7742437744140624,0.735
resolution_max_b1_gaussian_conv,1,8211,after,32,0.0,recalibrated,9,0.2,-1,0.78578271484375,0.735,0.8839131164550781,0.707
resolution_max_b1_gaussian_conv,1,8211,after,32,0.0,recalibrated,9,0.25,1,0.7928777160644531,0.727,0.9487109069824219,0.666
resolution_max_b1_gaussian_conv,1,8211,after,32,0.0,recalibrated,9,0.25,-1,1.0212575073242187,0.648,1.0953082275390624,0.634
resolution_max_b1_gaussian_conv,4,1173,before,16,1.0,saved,,0.0,0,1.0246988525390626,0.64,1.1209136962890625,0.613
resolution_max_b1_gaussian_conv,4,1173,before,16,1.0,recalibrated,,0.0,0,1.0046600646972657,0.65,1.1019572143554688,0.617
resolution_max_b1_gaussian_conv,4,1173,before,16,1.0,recalibrated,0,0.025,1,1.0145091857910156,0.641,1.1075353393554688,0.612
resolution_max_b1_gaussian_conv,4,1173,before,16,1.0,recalibrated,0,0.025,-1,1.0120110778808593,0.641,1.1033253479003906,0.622
resolution_max_b1_gaussian_conv,4,1173,before,16,1.0,recalibrated,0,0.05,1,1.0424317932128906,0.618,1.12748486328125,0.598
resolution_max_b1_gaussian_conv,4,1173,before,16,1.0,recalibrated,0,0.05,-1,1.0315345153808593,0.635,1.1176232299804687,0.607
resolution_max_b1_gaussian_conv,4,1173,before,16,1.0,recalibrated,0,0.1,1,1.1387981567382812,0.603,1.22048681640625,0.561
resolution_max_b1_gaussian_conv,4,1173,before,16,1.0,recalibrated,0,0.1,-1,1.0972685546875,0.612,1.1739051513671874,0.585
resolution_max_b1_gaussian_conv,4,1173,before,16,1.0,recalibrated,0,0.2,1,1.440848876953125,0.479,1.4909171752929689,0.487
resolution_max_b1_gaussian_conv,4,1173,before,16,1.0,recalibrated,0,0.2,-1,1.2923926391601563,0.529,1.3743702392578125,0.52
resolution_max_b1_gaussian_conv,4,1173,before,16,1.0,recalibrated,0,0.25,1,1.60589306640625,0.442,1.6375975952148438,0.447
resolution_max_b1_gaussian_conv,4,1173,before,16,1.0,recalibrated,0,0.25,-1,1.4165826416015626,0.499,1.5007661743164062,0.471
resolution_max_b1_gaussian_conv,4,1173,after,16,0.85,saved,,0.0,0,1.4731258544921875,0.501,1.527793701171875,0.475
resolution_max_b1_gaussian_conv,4,1173,after,16,0.85,recalibrated,,0.0,0,1.0910328369140625,0.622,1.1558195190429688,0.597
resolution_max_b1_gaussian_conv,4,1173,after,16,0.85,recalibrated,0,0.025,1,1.0967154541015625,0.624,1.1620092163085938,0.598
resolution_max_b1_gaussian_conv,4,1173,after,16,0.85,recalibrated,0,0.025,-1,1.0949344482421874,0.616,1.1575418090820313,0.605
resolution_max_b1_gaussian_conv,4,1173,after,16,0.85,recalibrated,0,0.05,1,1.1146942138671876,0.602,1.1769075317382813,0.587
resolution_max_b1_gaussian_conv,4,1173,after,16,0.85,recalibrated,0,0.05,-1,1.1089112548828124,0.608,1.1685283813476564,0.592
resolution_max_b1_gaussian_conv,4,1173,after,16,0.85,recalibrated,0,0.1,1,1.1822183227539063,0.579,1.2393997192382813,0.56
resolution_max_b1_gaussian_conv,4,1173,after,16,0.85,recalibrated,0,0.1,-1,1.1591031494140625,0.594,1.2129078979492187,0.578
resolution_max_b1_gaussian_conv,4,1173,after,16,0.85,recalibrated,0,0.2,1,1.3984328002929687,0.491,1.4452924194335937,0.476
resolution_max_b1_gaussian_conv,4,1173,after,16,0.85,recalibrated,0,0.2,-1,1.3163532104492188,0.532,1.3734225463867187,0.518
resolution_max_b1_gaussian_conv,4,1173,after,16,0.85,recalibrated,0,0.25,1,1.5257008666992187,0.452,1.553572509765625,0.433
resolution_max_b1_gaussian_conv,4,1173,after,16,0.85,recalibrated,0,0.25,-1,1.4149302978515625,0.489,1.4727618408203125,0.477
resolution_max_b1_gaussian_conv,4,1173,final,32,0.0,saved,,0.0,0,3.4851837158203125,0.125,3.457892578125,0.129
resolution_max_b1_gaussian_conv,4,1173,final,32,0.0,recalibrated,,0.0,0,1.8560252075195312,0.283,1.871741943359375,0.309
resolution_max_b1_gaussian_conv,4,1173,final,32,0.0,recalibrated,0,0.025,1,1.85140625,0.281,1.869719482421875,0.306
resolution_max_b1_gaussian_conv,4,1173,final,32,0.0,recalibrated,0,0.025,-1,1.8635704345703126,0.277,1.8772944946289063,0.307
resolution_max_b1_gaussian_conv,4,1173,final,32,0.0,recalibrated,0,0.05,1,1.8501685180664063,0.284,1.8721193237304687,0.304
resolution_max_b1_gaussian_conv,4,1173,final,32,0.0,recalibrated,0,0.05,-1,1.8768002319335937,0.278,1.8844959716796874,0.307
resolution_max_b1_gaussian_conv,4,1173,final,32,0.0,recalibrated,0,0.1,1,1.862802978515625,0.28,1.894755615234375,0.279
resolution_max_b1_gaussian_conv,4,1173,final,32,0.0,recalibrated,0,0.1,-1,1.908332763671875,0.273,1.9093829345703126,0.291
resolution_max_b1_gaussian_conv,4,1173,final,32,0.0,recalibrated,0,0.2,1,1.9323850708007813,0.245,1.967454833984375,0.235
resolution_max_b1_gaussian_conv,4,1173,final,32,0.0,recalibrated,0,0.2,-1,1.9967736206054687,0.262,1.995861572265625,0.25
resolution_max_b1_gaussian_conv,4,1173,final,32,0.0,recalibrated,0,0.25,1,1.9796179809570313,0.219,2.013109069824219,0.228
resolution_max_b1_gaussian_conv,4,1173,final,32,0.0,recalibrated,0,0.25,-1,2.0476754150390626,0.244,2.048091796875,0.227
resolution_max_b1_gaussian_conv,4,1173,before,16,1.0,recalibrated,1,0.025,1,1.0049112854003905,0.647,1.1077498779296875,0.614
resolution_max_b1_gaussian_conv,4,1173,before,16,1.0,recalibrated,1,0.025,-1,1.0168157348632811,0.654,1.1081004028320312,0.611
resolution_max_b1_gaussian_conv,4,1173,before,16,1.0,recalibrated,1,0.05,1,1.015975341796875,0.638,1.1234274291992188,0.596
resolution_max_b1_gaussian_conv,4,1173,before,16,1.0,recalibrated,1,0.05,-1,1.0431766357421874,0.642,1.1278036499023438,0.611
resolution_max_b1_gaussian_conv,4,1173,before,16,1.0,recalibrated,1,0.1,1,1.063364990234375,0.613,1.1825189208984375,0.577
resolution_max_b1_gaussian_conv,4,1173,before,16,1.0,recalibrated,1,0.1,-1,1.1393292236328125,0.586,1.2132913818359374,0.569
resolution_max_b1_gaussian_conv,4,1173,before,16,1.0,recalibrated,1,0.2,1,1.2809188232421875,0.535,1.408573486328125,0.51
resolution_max_b1_gaussian_conv,4,1173,before,16,1.0,recalibrated,1,0.2,-1,1.4100646362304687,0.492,1.4645590209960937,0.468
resolution_max_b1_gaussian_conv,4,1173,before,16,1.0,recalibrated,1,0.25,1,1.4471681518554687,0.479,1.5659708251953126,0.46
resolution_max_b1_gaussian_conv,4,1173,before,16,1.0,recalibrated,1,0.25,-1,1.5476859130859375,0.448,1.5895567626953124,0.431
resolution_max_b1_gaussian_conv,4,1173,after,16,0.85,recalibrated,1,0.025,1,1.095286865234375,0.622,1.1634130249023438,0.593
resolution_max_b1_gaussian_conv,4,1173,after,16,0.85,recalibrated,1,0.025,-1,1.0952139892578125,0.616,1.1580999755859376,0.603
resolution_max_b1_gaussian_conv,4,1173,after,16,0.85,recalibrated,1,0.05,1,1.1062564697265624,0.621,1.1803958740234375,0.588
resolution_max_b1_gaussian_conv,4,1173,after,16,0.85,recalibrated,1,0.05,-1,1.1097376708984374,0.617,1.1700283813476562,0.59
resolution_max_b1_gaussian_conv,4,1173,after,16,0.85,recalibrated,1,0.1,1,1.15019580078125,0.596,1.231909912109375,0.565
resolution_max_b1_gaussian_conv,4,1173,after,16,0.85,recalibrated,1,0.1,-1,1.1678152465820313,0.58,1.2206398315429687,0.57
resolution_max_b1_gaussian_conv,4,1173,after,16,0.85,recalibrated,1,0.2,1,1.3349542236328125,0.517,1.4117576904296876,0.497
resolution_max_b1_gaussian_conv,4,1173,after,16,0.85,recalibrated,1,0.2,-1,1.3536666870117187,0.507,1.3928152465820312,0.485
resolution_max_b1_gaussian_conv,4,1173,after,16,0.85,recalibrated,1,0.25,1,1.4715535888671876,0.464,1.5408097534179688,0.448
resolution_max_b1_gaussian_conv,4,1173,after,16,0.85,recalibrated,1,0.25,-1,1.4643326416015625,0.469,1.4948998413085937,0.455
resolution_max_b1_gaussian_conv,4,1173,final,32,0.0,recalibrated,1,0.025,1,1.8572764282226562,0.27,1.8746348876953125,0.302
resolution_max_b1_gaussian_conv,4,1173,final,32,0.0,recalibrated,1,0.025,-1,1.8588998413085938,0.289,1.8730465087890624,0.31
resolution_max_b1_gaussian_conv,4,1173,final,32,0.0,recalibrated,1,0.05,1,1.863458740234375,0.265,1.8816378784179688,0.288
resolution_max_b1_gaussian_conv,4,1173,final,32,0.0,recalibrated,1,0.05,-1,1.864534423828125,0.297,1.8773887939453124,0.319
resolution_max_b1_gaussian_conv,4,1173,final,32,0.0,recalibrated,1,0.1,1,1.8868814697265626,0.255,1.9041013793945312,0.259
resolution_max_b1_gaussian_conv,4,1173,final,32,0.0,recalibrated,1,0.1,-1,1.89101904296875,0.298,1.8983722534179688,0.307
resolution_max_b1_gaussian_conv,4,1173,final,32,0.0,recalibrated,1,0.2,1,1.9732583618164063,0.227,1.9911065673828126,0.22
resolution_max_b1_gaussian_conv,4,1173,final,32,0.0,recalibrated,1,0.2,-1,1.9831466064453125,0.28,1.9742822875976562,0.279
resolution_max_b1_gaussian_conv,4,1173,final,32,0.0,recalibrated,1,0.25,1,2.0295382080078124,0.222,2.0513428955078123,0.21
resolution_max_b1_gaussian_conv,4,1173,final,32,0.0,recalibrated,1,0.25,-1,2.032985595703125,0.26,2.0217880859375,0.25
resolution_max_b1_gaussian_conv,4,1173,before,16,1.0,recalibrated,2,0.025,1,1.0105947875976562,0.648,1.1046968994140625,0.611
resolution_max_b1_gaussian_conv,4,1173,before,16,1.0,recalibrated,2,0.025,-1,1.0066480102539062,0.653,1.1043324584960938,0.621
resolution_max_b1_gaussian_conv,4,1173,before,16,1.0,recalibrated,2,0.05,1,1.0240977478027344,0.637,1.1149697265625,0.605
resolution_max_b1_gaussian_conv,4,1173,before,16,1.0,recalibrated,2,0.05,-1,1.0157900390625,0.651,1.1147673950195311,0.614
resolution_max_b1_gaussian_conv,4,1173,before,16,1.0,recalibrated,2,0.1,1,1.0760611572265626,0.599,1.1643264770507813,0.593
resolution_max_b1_gaussian_conv,4,1173,before,16,1.0,recalibrated,2,0.1,-1,1.054893310546875,0.636,1.1555425415039062,0.597
resolution_max_b1_gaussian_conv,4,1173,before,16,1.0,recalibrated,2,0.2,1,1.2814713134765625,0.528,1.37410986328125,0.514
resolution_max_b1_gaussian_conv,4,1173,before,16,1.0,recalibrated,2,0.2,-1,1.2461258544921876,0.558,1.33039794921875,0.53
resolution_max_b1_gaussian_conv,4,1173,before,16,1.0,recalibrated,2,0.25,1,1.4318585205078125,0.483,1.51272802734375,0.457
resolution_max_b1_gaussian_conv,4,1173,before,16,1.0,recalibrated,2,0.25,-1,1.400484130859375,0.492,1.4569111328125,0.477
resolution_max_b1_gaussian_conv,4,1173,after,16,0.85,recalibrated,2,0.025,1,1.093535888671875,0.623,1.1583248901367187,0.599
resolution_max_b1_gaussian_conv,4,1173,after,16,0.85,recalibrated,2,0.025,-1,1.093978759765625,0.626,1.160022705078125,0.598
resolution_max_b1_gaussian_conv,4,1173,after,16,0.85,recalibrated,2,0.05,1,1.1031253662109375,0.616,1.1666619873046875,0.588
resolution_max_b1_gaussian_conv,4,1173,after,16,0.85,recalibrated,2,0.05,-1,1.1040734252929687,0.623,1.1701556396484376,0.594
resolution_max_b1_gaussian_conv,4,1173,after,16,0.85,recalibrated,2,0.1,1,1.1444700927734375,0.593,1.2030988159179687,0.581
resolution_max_b1_gaussian_conv,4,1173,after,16,0.85,recalibrated,2,0.1,-1,1.1406117553710937,0.607,1.2089365234375,0.585
resolution_max_b1_gaussian_conv,4,1173,after,16,0.85,recalibrated,2,0.2,1,1.3153720092773438,0.526,1.3625972900390626,0.507
resolution_max_b1_gaussian_conv,4,1173,after,16,0.85,recalibrated,2,0.2,-1,1.2869613647460938,0.541,1.3553077392578126,0.518
resolution_max_b1_gaussian_conv,4,1173,after,16,0.85,recalibrated,2,0.25,1,1.4355289306640624,0.47,1.4714295043945314,0.473
resolution_max_b1_gaussian_conv,4,1173,after,16,0.85,recalibrated,2,0.25,-1,1.3989525756835937,0.484,1.4576912841796874,0.475
resolution_max_b1_gaussian_conv,4,1173,final,32,0.0,recalibrated,2,0.025,1,1.8541312866210937,0.281,1.8715424194335937,0.304
resolution_max_b1_gaussian_conv,4,1173,final,32,0.0,recalibrated,2,0.025,-1,1.861530029296875,0.272,1.8748984375,0.303
resolution_max_b1_gaussian_conv,4,1173,final,32,0.0,recalibrated,2,0.05,1,1.8548798217773437,0.286,1.8737354125976562,0.304
resolution_max_b1_gaussian_conv,4,1173,final,32,0.0,recalibrated,2,0.05,-1,1.870492431640625,0.271,1.8828428955078125,0.298
resolution_max_b1_gaussian_conv,4,1173,final,32,0.0,recalibrated,2,0.1,1,1.8670684814453125,0.29,1.8854345703125,0.294
resolution_max_b1_gaussian_conv,4,1173,final,32,0.0,recalibrated,2,0.1,-1,1.8976105346679688,0.271,1.9080787353515625,0.287
resolution_max_b1_gaussian_conv,4,1173,final,32,0.0,recalibrated,2,0.2,1,1.9293179931640625,0.263,1.9467467041015625,0.251
resolution_max_b1_gaussian_conv,4,1173,final,32,0.0,recalibrated,2,0.2,-1,1.9754896850585937,0.246,1.9912337036132812,0.253
resolution_max_b1_gaussian_conv,4,1173,final,32,0.0,recalibrated,2,0.25,1,1.9755280151367187,0.239,1.9879215698242187,0.22
resolution_max_b1_gaussian_conv,4,1173,final,32,0.0,recalibrated,2,0.25,-1,2.0267379150390625,0.222,2.04223291015625,0.228
resolution_max_b1_gaussian_conv,4,1173,before,16,1.0,recalibrated,3,0.025,1,1.0178761596679688,0.645,1.1113794555664063,0.617
resolution_max_b1_gaussian_conv,4,1173,before,16,1.0,recalibrated,3,0.025,-1,1.0059123840332032,0.651,1.0987438049316407,0.6
resolution_max_b1_gaussian_conv,4,1173,before,16,1.0,recalibrated,3,0.05,1,1.0430371704101562,0.625,1.1310885620117188,0.607
resolution_max_b1_gaussian_conv,4,1173,before,16,1.0,recalibrated,3,0.05,-1,1.015323974609375,0.635,1.1049641723632813,0.602
resolution_max_b1_gaussian_conv,4,1173,before,16,1.0,recalibrated,3,0.1,1,1.1167646484375,0.602,1.1876592407226563,0.577
resolution_max_b1_gaussian_conv,4,1173,before,16,1.0,recalibrated,3,0.1,-1,1.0547259521484376,0.619,1.140257568359375,0.58
resolution_max_b1_gaussian_conv,4,1173,before,16,1.0,recalibrated,3,0.2,1,1.3202045288085937,0.516,1.3595853881835938,0.51
resolution_max_b1_gaussian_conv,4,1173,before,16,1.0,recalibrated,3,0.2,-1,1.2673128662109374,0.544,1.34299609375,0.501
resolution_max_b1_gaussian_conv,4,1173,before,16,1.0,recalibrated,3,0.25,1,1.4324268188476563,0.478,1.4600338134765625,0.48
resolution_max_b1_gaussian_conv,4,1173,before,16,1.0,recalibrated,3,0.25,-1,1.4292120971679687,0.494,1.5027706298828125,0.46
resolution_max_b1_gaussian_conv,4,1173,after,16,0.85,recalibrated,3,0.025,1,1.0992763671875,0.622,1.163947265625,0.598
resolution_max_b1_gaussian_conv,4,1173,after,16,0.85,recalibrated,3,0.025,-1,1.0915443115234376,0.63,1.1550437622070313,0.592
resolution_max_b1_gaussian_conv,4,1173,after,16,0.85,recalibrated,3,0.05,1,1.1165751342773438,0.613,1.179917236328125,0.594
resolution_max_b1_gaussian_conv,4,1173,after,16,0.85,recalibrated,3,0.05,-1,1.0988898315429687,0.621,1.1626075439453125,0.583
resolution_max_b1_gaussian_conv,4,1173,after,16,0.85,recalibrated,3,0.1,1,1.1726054077148438,0.584,1.2238558959960937,0.58
resolution_max_b1_gaussian_conv,4,1173,after,16,0.85,recalibrated,3,0.1,-1,1.1366356811523437,0.608,1.1955377197265624,0.566
resolution_max_b1_gaussian_conv,4,1173,after,16,0.85,recalibrated,3,0.2,1,1.3266195678710937,0.515,1.3644803466796875,0.508
resolution_max_b1_gaussian_conv,4,1173,after,16,0.85,recalibrated,3,0.2,-1,1.3110927734375,0.533,1.3582403564453125,0.5
resolution_max_b1_gaussian_conv,4,1173,after,16,0.85,recalibrated,3,0.25,1,1.41639892578125,0.471,1.447291748046875,0.478
resolution_max_b1_gaussian_conv,4,1173,after,16,0.85,recalibrated,3,0.25,-1,1.4403632202148438,0.479,1.47934814453125,0.46
resolution_max_b1_gaussian_conv,4,1173,final,32,0.0,recalibrated,3,0.025,1,1.8527913208007813,0.27,1.8670208129882813,0.306
resolution_max_b1_gaussian_conv,4,1173,final,32,0.0,recalibrated,3,0.025,-1,1.8620623779296874,0.287,1.8790352172851563,0.304
resolution_max_b1_gaussian_conv,4,1173,final,32,0.0,recalibrated,3,0.05,1,1.8531483764648438,0.274,1.8660151977539063,0.305
resolution_max_b1_gaussian_conv,4,1173,final,32,0.0,recalibrated,3,0.05,-1,1.8688392944335936,0.296,1.8866895141601563,0.299
resolution_max_b1_gaussian_conv,4,1173,final,32,0.0,recalibrated,3,0.1,1,1.8633232421875,0.267,1.8745779418945312,0.29
resolution_max_b1_gaussian_conv,4,1173,final,32,0.0,recalibrated,3,0.1,-1,1.8910142211914063,0.281,1.9101930541992187,0.286
resolution_max_b1_gaussian_conv,4,1173,final,32,0.0,recalibrated,3,0.2,1,1.9236924438476561,0.258,1.9278184204101563,0.27
resolution_max_b1_gaussian_conv,4,1173,final,32,0.0,recalibrated,3,0.2,-1,1.9651112670898438,0.259,1.9796456298828125,0.238
resolution_max_b1_gaussian_conv,4,1173,final,32,0.0,recalibrated,3,0.25,1,1.961830322265625,0.247,1.9654193115234375,0.25
resolution_max_b1_gaussian_conv,4,1173,final,32,0.0,recalibrated,3,0.25,-1,2.012033020019531,0.25,2.022697082519531,0.22
resolution_max_b1_gaussian_conv,4,1173,before,16,1.0,recalibrated,4,0.025,1,1.013338134765625,0.648,1.1039344177246093,0.615
resolution_max_b1_gaussian_conv,4,1173,before,16,1.0,recalibrated,4,0.025,-1,1.0076290893554687,0.646,1.1068229370117189,0.611
resolution_max_b1_gaussian_conv,4,1173,before,16,1.0,recalibrated,4,0.05,1,1.0322681884765625,0.637,1.1152889404296875,0.598
resolution_max_b1_gaussian_conv,4,1173,before,16,1.0,recalibrated,4,0.05,-1,1.0209924926757812,0.641,1.11960888671875,0.604
resolution_max_b1_gaussian_conv,4,1173,before,16,1.0,recalibrated,4,0.1,1,1.096780029296875,0.615,1.1665613403320312,0.578
resolution_max_b1_gaussian_conv,4,1173,before,16,1.0,recalibrated,4,0.1,-1,1.0775485229492188,0.607,1.1728856811523438,0.58
resolution_max_b1_gaussian_conv,4,1173,before,16,1.0,recalibrated,4,0.2,1,1.3074193725585936,0.533,1.3601114501953124,0.526
resolution_max_b1_gaussian_conv,4,1173,before,16,1.0,recalibrated,4,0.2,-1,1.2957625732421876,0.523,1.36021875,0.493
resolution_max_b1_gaussian_conv,4,1173,before,16,1.0,recalibrated,4,0.25,1,1.4453719482421874,0.49,1.490054443359375,0.474
resolution_max_b1_gaussian_conv,4,1173,before,16,1.0,recalibrated,4,0.25,-1,1.4353801879882813,0.483,1.4890635986328125,0.457
resolution_max_b1_gaussian_conv,4,1173,after,16,0.85,recalibrated,4,0.025,1,1.0956065063476563,0.619,1.159972412109375,0.594
resolution_max_b1_gaussian_conv,4,1173,after,16,0.85,recalibrated,4,0.025,-1,1.0949742431640626,0.62,1.159451904296875,0.599
resolution_max_b1_gaussian_conv,4,1173,after,16,0.85,recalibrated,4,0.05,1,1.1077789916992187,0.618,1.1702705688476562,0.581
resolution_max_b1_gaussian_conv,4,1173,after,16,0.85,recalibrated,4,0.05,-1,1.10697607421875,0.611,1.17191650390625,0.589
resolution_max_b1_gaussian_conv,4,1173,after,16,0.85,recalibrated,4,0.1,1,1.1532933349609376,0.595,1.2087498779296875,0.564
resolution_max_b1_gaussian_conv,4,1173,after,16,0.85,recalibrated,4,0.1,-1,1.1553743896484374,0.592,1.2126051025390625,0.563
resolution_max_b1_gaussian_conv,4,1173,after,16,0.85,recalibrated,4,0.2,1,1.31534228515625,0.531,1.3612605590820313,0.509
resolution_max_b1_gaussian_conv,4,1173,after,16,0.85,recalibrated,4,0.2,-1,1.331034912109375,0.514,1.363540283203125,0.51
resolution_max_b1_gaussian_conv,4,1173,after,16,0.85,recalibrated,4,0.25,1,1.42191552734375,0.483,1.465871826171875,0.457
resolution_max_b1_gaussian_conv,4,1173,after,16,0.85,recalibrated,4,0.25,-1,1.4405499267578126,0.477,1.4649063110351563,0.475
resolution_max_b1_gaussian_conv,4,1173,final,32,0.0,recalibrated,4,0.025,1,1.8503328857421875,0.282,1.8663896484375,0.305
resolution_max_b1_gaussian_conv,4,1173,final,32,0.0,recalibrated,4,0.025,-1,1.8641646728515624,0.281,1.8804273681640624,0.313
resolution_max_b1_gaussian_conv,4,1173,final,32,0.0,recalibrated,4,0.05,1,1.8480924682617188,0.284,1.8648678588867187,0.3
resolution_max_b1_gaussian_conv,4,1173,final,32,0.0,recalibrated,4,0.05,-1,1.8749107055664063,0.283,1.89131689453125,0.31
resolution_max_b1_gaussian_conv,4,1173,final,32,0.0,recalibrated,4,0.1,1,1.8538936767578125,0.286,1.8700927124023436,0.279
resolution_max_b1_gaussian_conv,4,1173,final,32,0.0,recalibrated,4,0.1,-1,1.9025165405273436,0.275,1.9209152221679688,0.3
resolution_max_b1_gaussian_conv,4,1173,final,32,0.0,recalibrated,4,0.2,1,1.9032474365234375,0.263,1.91129443359375,0.251
resolution_max_b1_gaussian_conv,4,1173,final,32,0.0,recalibrated,4,0.2,-1,1.984152587890625,0.264,2.002244140625,0.282
resolution_max_b1_gaussian_conv,4,1173,final,32,0.0,recalibrated,4,0.25,1,1.9403953857421874,0.259,1.9457880249023438,0.243
resolution_max_b1_gaussian_conv,4,1173,final,32,0.0,recalibrated,4,0.25,-1,2.032092346191406,0.258,2.0471629638671875,0.264
resolution_max_b1_gaussian_conv,4,1173,before,16,1.0,recalibrated,5,0.025,1,1.016451141357422,0.643,1.1112763671875,0.611
resolution_max_b1_gaussian_conv,4,1173,before,16,1.0,recalibrated,5,0.025,-1,1.002103485107422,0.653,1.1024574890136718,0.618
resolution_max_b1_gaussian_conv,4,1173,before,16,1.0,recalibrated,5,0.05,1,1.0375313720703125,0.629,1.1309622802734376,0.6
resolution_max_b1_gaussian_conv,4,1173,before,16,1.0,recalibrated,5,0.05,-1,1.0096880493164062,0.652,1.1125377807617187,0.61
resolution_max_b1_gaussian_conv,4,1173,before,16,1.0,recalibrated,5,0.1,1,1.1047030029296876,0.601,1.1955547485351563,0.573
resolution_max_b1_gaussian_conv,4,1173,before,16,1.0,recalibrated,5,0.1,-1,1.0560653686523438,0.623,1.159781982421875,0.591
resolution_max_b1_gaussian_conv,4,1173,before,16,1.0,recalibrated,5,0.2,1,1.327827880859375,0.506,1.4240305786132812,0.485
resolution_max_b1_gaussian_conv,4,1173,before,16,1.0,recalibrated,5,0.2,-1,1.255103515625,0.549,1.340664306640625,0.525
resolution_max_b1_gaussian_conv,4,1173,before,16,1.0,recalibrated,5,0.25,1,1.4736451416015626,0.457,1.5637991943359375,0.438
resolution_max_b1_gaussian_conv,4,1173,before,16,1.0,recalibrated,5,0.25,-1,1.38532373046875,0.51,1.453871337890625,0.483
resolution_max_b1_gaussian_conv,4,1173,after,16,0.85,recalibrated,5,0.025,1,1.0991181030273438,0.623,1.1635469970703125,0.599
resolution_max_b1_gaussian_conv,4,1173,after,16,0.85,recalibrated,5,0.025,-1,1.0909400024414062,0.624,1.1585430908203125,0.603
resolution_max_b1_gaussian_conv,4,1173,after,16,0.85,recalibrated,5,0.05,1,1.1157852783203126,0.616,1.1804287109375,0.587
resolution_max_b1_gaussian_conv,4,1173,after,16,0.85,recalibrated,5,0.05,-1,1.0995407104492188,0.618,1.1688222045898438,0.593
resolution_max_b1_gaussian_conv,4,1173,after,16,0.85,recalibrated,5,0.1,1,1.173202880859375,0.586,1.2370222778320312,0.56
resolution_max_b1_gaussian_conv,4,1173,after,16,0.85,recalibrated,5,0.1,-1,1.1438837890625,0.595,1.2080814819335937,0.589
resolution_max_b1_gaussian_conv,4,1173,after,16,0.85,recalibrated,5,0.2,1,1.361974609375,0.485,1.4300741577148437,0.483
resolution_max_b1_gaussian_conv,4,1173,after,16,0.85,recalibrated,5,0.2,-1,1.2963763427734376,0.524,1.3466755981445313,0.519
resolution_max_b1_gaussian_conv,4,1173,after,16,0.85,recalibrated,5,0.25,1,1.4833646240234375,0.443,1.55272705078125,0.428
resolution_max_b1_gaussian_conv,4,1173,after,16,0.85,recalibrated,5,0.25,-1,1.3934215698242187,0.483,1.4355126953125,0.479
resolution_max_b1_gaussian_conv,4,1173,final,32,0.0,recalibrated,5,0.025,1,1.8617616577148437,0.275,1.8790477294921875,0.308
resolution_max_b1_gaussian_conv,4,1173,final,32,0.0,recalibrated,5,0.025,-1,1.8547863159179687,0.28,1.8677562255859375,0.299
resolution_max_b1_gaussian_conv,4,1173,final,32,0.0,recalibrated,5,0.05,1,1.8720126953125,0.279,1.8897935791015625,0.299
resolution_max_b1_gaussian_conv,4,1173,final,32,0.0,recalibrated,5,0.05,-1,1.858269775390625,0.282,1.8687228393554687,0.294
resolution_max_b1_gaussian_conv,4,1173,final,32,0.0,recalibrated,5,0.1,1,1.90100830078125,0.269,1.9180125732421875,0.283
resolution_max_b1_gaussian_conv,4,1173,final,32,0.0,recalibrated,5,0.1,-1,1.8777830810546876,0.277,1.879476318359375,0.292
resolution_max_b1_gaussian_conv,4,1173,final,32,0.0,recalibrated,5,0.2,1,1.9842256469726562,0.256,2.0066194458007813,0.233
resolution_max_b1_gaussian_conv,4,1173,final,32,0.0,recalibrated,5,0.2,-1,1.9442758178710937,0.261,1.932957275390625,0.273
resolution_max_b1_gaussian_conv,4,1173,final,32,0.0,recalibrated,5,0.25,1,2.0356917724609374,0.225,2.0576923217773437,0.209
resolution_max_b1_gaussian_conv,4,1173,final,32,0.0,recalibrated,5,0.25,-1,1.9905068359375,0.249,1.9759151611328125,0.25
resolution_max_b1_gaussian_conv,4,1173,before,16,1.0,recalibrated,6,0.025,1,1.001000732421875,0.65,1.0935567932128907,0.619
resolution_max_b1_gaussian_conv,4,1173,before,16,1.0,recalibrated,6,0.025,-1,1.0162450561523437,0.645,1.116677001953125,0.604
resolution_max_b1_gaussian_conv,4,1173,before,16,1.0,recalibrated,6,0.05,1,1.0049639282226563,0.641,1.0919670104980468,0.628
resolution_max_b1_gaussian_conv,4,1173,before,16,1.0,recalibrated,6,0.05,-1,1.0390072937011718,0.642,1.1410903930664062,0.594
resolution_max_b1_gaussian_conv,4,1173,before,16,1.0,recalibrated,6,0.1,1,1.032081298828125,0.613,1.1087801513671875,0.618
resolution_max_b1_gaussian_conv,4,1173,before,16,1.0,recalibrated,6,0.1,-1,1.1228795166015626,0.599,1.222618896484375,0.562
resolution_max_b1_gaussian_conv,4,1173,before,16,1.0,recalibrated,6,0.2,1,1.1485074462890625,0.576,1.2167738037109375,0.566
resolution_max_b1_gaussian_conv,4,1173,before,16,1.0,recalibrated,6,0.2,-1,1.404608642578125,0.502,1.4932312622070312,0.476
resolution_max_b1_gaussian_conv,4,1173,before,16,1.0,recalibrated,6,0.25,1,1.2367931518554687,0.553,1.3036444702148438,0.528
resolution_max_b1_gaussian_conv,4,1173,before,16,1.0,recalibrated,6,0.25,-1,1.5747794189453126,0.432,1.649833251953125,0.426
resolution_max_b1_gaussian_conv,4,1173,after,16,0.85,recalibrated,6,0.025,1,1.086022216796875,0.618,1.1488028564453125,0.602
resolution_max_b1_gaussian_conv,4,1173,after,16,0.85,recalibrated,6,0.025,-1,1.1033546752929688,0.622,1.1702518920898437,0.594
resolution_max_b1_gaussian_conv,4,1173,after,16,0.85,recalibrated,6,0.05,1,1.0875833129882813,0.613,1.148615478515625,0.607
resolution_max_b1_gaussian_conv,4,1173,after,16,0.85,recalibrated,6,0.05,-1,1.1224932861328125,0.62,1.1929610595703124,0.588
resolution_max_b1_gaussian_conv,4,1173,after,16,0.85,recalibrated,6,0.1,1,1.109473876953125,0.601,1.1634027709960937,0.592
resolution_max_b1_gaussian_conv,4,1173,after,16,0.85,recalibrated,6,0.1,-1,1.1899036254882813,0.586,1.2593876953125,0.557
resolution_max_b1_gaussian_conv,4,1173,after,16,0.85,recalibrated,6,0.2,1,1.2086475219726562,0.559,1.2573472900390625,0.543
resolution_max_b1_gaussian_conv,4,1173,after,16,0.85,recalibrated,6,0.2,-1,1.4172950439453125,0.489,1.4686710815429687,0.463
resolution_max_b1_gaussian_conv,4,1173,after,16,0.85,recalibrated,6,0.25,1,1.2850111083984375,0.535,1.3301075439453125,0.52
resolution_max_b1_gaussian_conv,4,1173,after,16,0.85,recalibrated,6,0.25,-1,1.5541449584960938,0.426,1.5928504028320312,0.405
resolution_max_b1_gaussian_conv,4,1173,final,32,0.0,recalibrated,6,0.025,1,1.8434915161132812,0.284,1.856758544921875,0.31
resolution_max_b1_gaussian_conv,4,1173,final,32,0.0,recalibrated,6,0.025,-1,1.8720673217773438,0.272,1.8904118041992188,0.298
resolution_max_b1_gaussian_conv,4,1173,final,32,0.0,recalibrated,6,0.05,1,1.83441259765625,0.291,1.846118408203125,0.31
resolution_max_b1_gaussian_conv,4,1173,final,32,0.0,recalibrated,6,0.05,-1,1.8920618286132813,0.265,1.911090576171875,0.285
resolution_max_b1_gaussian_conv,4,1173,final,32,0.0,recalibrated,6,0.1,1,1.828787109375,0.304,1.8382949829101562,0.309
resolution_max_b1_gaussian_conv,4,1173,final,32,0.0,recalibrated,6,0.1,-1,1.9436113891601563,0.244,1.9580074462890624,0.249
resolution_max_b1_gaussian_conv,4,1173,final,32,0.0,recalibrated,6,0.2,1,1.86503955078125,0.303,1.8669194946289063,0.302
resolution_max_b1_gaussian_conv,4,1173,final,32,0.0,recalibrated,6,0.2,-1,2.064298583984375,0.193,2.0752254638671874,0.196
resolution_max_b1_gaussian_conv,4,1173,final,32,0.0,recalibrated,6,0.25,1,1.90494482421875,0.3,1.9051630859375,0.285
resolution_max_b1_gaussian_conv,4,1173,final,32,0.0,recalibrated,6,0.25,-1,2.1278690185546876,0.178,2.139610107421875,0.179
resolution_max_b1_gaussian_conv,4,1173,before,16,1.0,recalibrated,7,0.025,1,1.004114532470703,0.645,1.1005623474121093,0.615
resolution_max_b1_gaussian_conv,4,1173,before,16,1.0,recalibrated,7,0.025,-1,1.0173758544921876,0.649,1.1132236938476563,0.608
resolution_max_b1_gaussian_conv,4,1173,before,16,1.0,recalibrated,7,0.05,1,1.01468798828125,0.641,1.1091919555664063,0.615
resolution_max_b1_gaussian_conv,4,1173,before,16,1.0,recalibrated,7,0.05,-1,1.0455601196289062,0.634,1.1365848999023438,0.598
resolution_max_b1_gaussian_conv,4,1173,before,16,1.0,recalibrated,7,0.1,1,1.0722456665039062,0.619,1.1587723999023438,0.598
resolution_max_b1_gaussian_conv,4,1173,before,16,1.0,recalibrated,7,0.1,-1,1.1358582763671874,0.601,1.22233154296875,0.574
resolution_max_b1_gaussian_conv,4,1173,before,16,1.0,recalibrated,7,0.2,1,1.36396337890625,0.5,1.4229810180664062,0.478
resolution_max_b1_gaussian_conv,4,1173,before,16,1.0,recalibrated,7,0.2,-1,1.396012939453125,0.511,1.467510009765625,0.498
resolution_max_b1_gaussian_conv,4,1173,before,16,1.0,recalibrated,7,0.25,1,1.562516357421875,0.432,1.60783203125,0.426
resolution_max_b1_gaussian_conv,4,1173,before,16,1.0,recalibrated,7,0.25,-1,1.5409264526367188,0.467,1.6012672729492188,0.454
resolution_max_b1_gaussian_conv,4,1173,after,16,0.85,recalibrated,7,0.025,1,1.0940191650390625,0.625,1.1579671020507813,0.607
resolution_max_b1_gaussian_conv,4,1173,after,16,0.85,recalibrated,7,0.025,-1,1.097724609375,0.621,1.1630274658203126,0.593
resolution_max_b1_gaussian_conv,4,1173,after,16,0.85,recalibrated,7,0.05,1,1.1064776611328124,0.621,1.1691407470703126,0.597
resolution_max_b1_gaussian_conv,4,1173,after,16,0.85,recalibrated,7,0.05,-1,1.114821533203125,0.622,1.1777264404296874,0.593
resolution_max_b1_gaussian_conv,4,1173,after,16,0.85,recalibrated,7,0.1,1,1.1613731079101564,0.599,1.218136474609375,0.578
resolution_max_b1_gaussian_conv,4,1173,after,16,0.85,recalibrated,7,0.1,-1,1.1762119140625,0.591,1.230325927734375,0.567
resolution_max_b1_gaussian_conv,4,1173,after,16,0.85,recalibrated,7,0.2,1,1.4007462158203126,0.485,1.4510196533203126,0.481
resolution_max_b1_gaussian_conv,4,1173,after,16,0.85,recalibrated,7,0.2,-1,1.3601968994140625,0.511,1.4021317749023436,0.512
resolution_max_b1_gaussian_conv,4,1173,after,16,0.85,recalibrated,7,0.25,1,1.561040283203125,0.419,1.6077374877929687,0.424
resolution_max_b1_gaussian_conv,4,1173,after,16,0.85,recalibrated,7,0.25,-1,1.46634228515625,0.467,1.5034989013671876,0.469
resolution_max_b1_gaussian_conv,4,1173,final,32,0.0,recalibrated,7,0.025,1,1.8671799926757813,0.276,1.884408935546875,0.293
resolution_max_b1_gaussian_conv,4,1173,final,32,0.0,recalibrated,7,0.025,-1,1.8495662841796876,0.289,1.8632279663085938,0.308
resolution_max_b1_gaussian_conv,4,1173,final,32,0.0,recalibrated,7,0.05,1,1.8836707763671876,0.263,1.9019424438476562,0.274
resolution_max_b1_gaussian_conv,4,1173,final,32,0.0,recalibrated,7,0.05,-1,1.8486555786132812,0.292,1.8615870361328124,0.312
resolution_max_b1_gaussian_conv,4,1173,final,32,0.0,recalibrated,7,0.1,1,1.9287264404296875,0.243,1.9498231201171874,0.245
resolution_max_b1_gaussian_conv,4,1173,final,32,0.0,recalibrated,7,0.1,-1,1.8608687744140624,0.295,1.87377880859375,0.294
resolution_max_b1_gaussian_conv,4,1173,final,32,0.0,recalibrated,7,0.2,1,2.0447993774414064,0.205,2.071004821777344,0.2
resolution_max_b1_gaussian_conv,4,1173,final,32,0.0,recalibrated,7,0.2,-1,1.9220838012695312,0.277,1.9256436767578125,0.265
resolution_max_b1_gaussian_conv,4,1173,final,32,0.0,recalibrated,7,0.25,1,2.1147904052734376,0.191,2.142001708984375,0.175
resolution_max_b1_gaussian_conv,4,1173,final,32,0.0,recalibrated,7,0.25,-1,1.9562208862304689,0.261,1.9551112060546876,0.257
resolution_max_b1_gaussian_conv,4,1173,before,16,1.0,recalibrated,8,0.025,1,1.0085348510742187,0.646,1.106536865234375,0.603
resolution_max_b1_gaussian_conv,4,1173,before,16,1.0,recalibrated,8,0.025,-1,1.0058945007324218,0.647,1.100258056640625,0.621
resolution_max_b1_gaussian_conv,4,1173,before,16,1.0,recalibrated,8,0.05,1,1.0182847900390626,0.636,1.1156259460449218,0.603
resolution_max_b1_gaussian_conv,4,1173,before,16,1.0,recalibrated,8,0.05,-1,1.0123304443359376,0.637,1.1017460327148438,0.618
resolution_max_b1_gaussian_conv,4,1173,before,16,1.0,recalibrated,8,0.1,1,1.0562344360351563,0.623,1.14960302734375,0.591
resolution_max_b1_gaussian_conv,4,1173,before,16,1.0,recalibrated,8,0.1,-1,1.03788232421875,0.623,1.1204666137695312,0.611
resolution_max_b1_gaussian_conv,4,1173,before,16,1.0,recalibrated,8,0.2,1,1.1856941528320313,0.567,1.2562080688476562,0.558
resolution_max_b1_gaussian_conv,4,1173,before,16,1.0,recalibrated,8,0.2,-1,1.144123779296875,0.577,1.2082789306640624,0.566
resolution_max_b1_gaussian_conv,4,1173,before,16,1.0,recalibrated,8,0.25,1,1.2626102294921875,0.546,1.3251492309570312,0.528
resolution_max_b1_gaussian_conv,4,1173,before,16,1.0,recalibrated,8,0.25,-1,1.2245438842773437,0.547,1.2766618041992188,0.548
resolution_max_b1_gaussian_conv,4,1173,after,16,0.85,recalibrated,8,0.025,1,1.0938873901367188,0.63,1.1609755249023437,0.598
resolution_max_b1_gaussian_conv,4,1173,after,16,0.85,recalibrated,8,0.025,-1,1.0924405517578124,0.625,1.1546095581054687,0.597
resolution_max_b1_gaussian_conv,4,1173,after,16,0.85,recalibrated,8,0.05,1,1.101705078125,0.63,1.1690065307617188,0.593
resolution_max_b1_gaussian_conv,4,1173,after,16,0.85,recalibrated,8,0.05,-1,1.0988533325195313,0.622,1.158113037109375,0.592
resolution_max_b1_gaussian_conv,4,1173,after,16,0.85,recalibrated,8,0.1,1,1.1316546020507812,0.624,1.1956746215820313,0.582
resolution_max_b1_gaussian_conv,4,1173,after,16,0.85,recalibrated,8,0.1,-1,1.1256109008789061,0.608,1.1773302612304688,0.579
resolution_max_b1_gaussian_conv,4,1173,after,16,0.85,recalibrated,8,0.2,1,1.2319505004882811,0.562,1.2894996337890625,0.545
resolution_max_b1_gaussian_conv,4,1173,after,16,0.85,recalibrated,8,0.2,-1,1.229072998046875,0.554,1.2577921142578126,0.554
resolution_max_b1_gaussian_conv,4,1173,after,16,0.85,recalibrated,8,0.25,1,1.2981085205078124,0.531,1.3534161376953124,0.512
resolution_max_b1_gaussian_conv,4,1173,after,16,0.85,recalibrated,8,0.25,-1,1.3008424072265625,0.533,1.3184700927734374,0.532
resolution_max_b1_gaussian_conv,4,1173,final,32,0.0,recalibrated,8,0.025,1,1.85549169921875,0.28,1.87316650390625,0.302
resolution_max_b1_gaussian_conv,4,1173,final,32,0.0,recalibrated,8,0.025,-1,1.8591427612304687,0.274,1.8726871337890625,0.307
resolution_max_b1_gaussian_conv,4,1173,final,32,0.0,recalibrated,8,0.05,1,1.856543212890625,0.292,1.87600732421875,0.301
resolution_max_b1_gaussian_conv,4,1173,final,32,0.0,recalibrated,8,0.05,-1,1.8636558837890624,0.271,1.8750989990234375,0.301
resolution_max_b1_gaussian_conv,4,1173,final,32,0.0,recalibrated,8,0.1,1,1.8667473754882813,0.299,1.8866375732421874,0.297
resolution_max_b1_gaussian_conv,4,1173,final,32,0.0,recalibrated,8,0.1,-1,1.87986474609375,0.272,1.8875406494140625,0.271
resolution_max_b1_gaussian_conv,4,1173,final,32,0.0,recalibrated,8,0.2,1,1.9159541625976562,0.279,1.9329338989257812,0.294
resolution_max_b1_gaussian_conv,4,1173,final,32,0.0,recalibrated,8,0.2,-1,1.94100537109375,0.264,1.9418311767578125,0.256
resolution_max_b1_gaussian_conv,4,1173,final,32,0.0,recalibrated,8,0.25,1,1.9507544555664063,0.269,1.9646344604492187,0.287
resolution_max_b1_gaussian_conv,4,1173,final,32,0.0,recalibrated,8,0.25,-1,1.9792905883789063,0.24,1.9781860961914062,0.243
resolution_max_b1_gaussian_conv,4,1173,before,16,1.0,recalibrated,9,0.025,1,1.018754852294922,0.65,1.1182049560546874,0.601
resolution_max_b1_gaussian_conv,4,1173,before,16,1.0,recalibrated,9,0.025,-1,1.0002084655761718,0.646,1.0961016845703124,0.62
resolution_max_b1_gaussian_conv,4,1173,before,16,1.0,recalibrated,9,0.05,1,1.0475169677734375,0.641,1.1462567749023438,0.587
resolution_max_b1_gaussian_conv,4,1173,before,16,1.0,recalibrated,9,0.05,-1,1.0031282958984375,0.642,1.0977039184570312,0.615
resolution_max_b1_gaussian_conv,4,1173,before,16,1.0,recalibrated,9,0.1,1,1.142017578125,0.593,1.24297265625,0.558
resolution_max_b1_gaussian_conv,4,1173,before,16,1.0,recalibrated,9,0.1,-1,1.0321746826171876,0.622,1.1236815185546876,0.601
resolution_max_b1_gaussian_conv,4,1173,before,16,1.0,recalibrated,9,0.2,1,1.4239722900390626,0.516,1.5177069702148438,0.494
resolution_max_b1_gaussian_conv,4,1173,before,16,1.0,recalibrated,9,0.2,-1,1.17776708984375,0.569,1.2516790771484374,0.553
resolution_max_b1_gaussian_conv,4,1173,before,16,1.0,recalibrated,9,0.25,1,1.59759423828125,0.463,1.6743392333984375,0.447
resolution_max_b1_gaussian_conv,4,1173,before,16,1.0,recalibrated,9,0.25,-1,1.283570068359375,0.525,1.367653564453125,0.517
resolution_max_b1_gaussian_conv,4,1173,after,16,0.85,recalibrated,9,0.025,1,1.1003314208984376,0.621,1.1683673095703124,0.598
resolution_max_b1_gaussian_conv,4,1173,after,16,0.85,recalibrated,9,0.025,-1,1.089446044921875,0.626,1.1534097290039063,0.603
resolution_max_b1_gaussian_conv,4,1173,after,16,0.85,recalibrated,9,0.05,1,1.1185806884765626,0.619,1.1890320434570312,0.591
resolution_max_b1_gaussian_conv,4,1173,after,16,0.85,recalibrated,9,0.05,-1,1.0931575927734376,0.624,1.1590228271484375,0.595
resolution_max_b1_gaussian_conv,4,1173,after,16,0.85,recalibrated,9,0.1,1,1.18527587890625,0.579,1.251822998046875,0.573
resolution_max_b1_gaussian_conv,4,1173,after,16,0.85,recalibrated,9,0.1,-1,1.1167892456054687,0.634,1.1863613891601563,0.589
resolution_max_b1_gaussian_conv,4,1173,after,16,0.85,recalibrated,9,0.2,1,1.3942169189453124,0.51,1.4431903686523437,0.498
resolution_max_b1_gaussian_conv,4,1173,after,16,0.85,recalibrated,9,0.2,-1,1.2312662963867187,0.581,1.2943917846679687,0.544
resolution_max_b1_gaussian_conv,4,1173,after,16,0.85,recalibrated,9,0.25,1,1.52275732421875,0.457,1.5603672485351563,0.452
resolution_max_b1_gaussian_conv,4,1173,after,16,0.85,recalibrated,9,0.25,-1,1.31927001953125,0.542,1.3829834594726562,0.511
resolution_max_b1_gaussian_conv,4,1173,final,32,0.0,recalibrated,9,0.025,1,1.8623168334960938,0.274,1.8798781127929687,0.293
resolution_max_b1_gaussian_conv,4,1173,final,32,0.0,recalibrated,9,0.025,-1,1.8532388305664063,0.28,1.8673822021484374,0.309
resolution_max_b1_gaussian_conv,4,1173,final,32,0.0,recalibrated,9,0.05,1,1.8711786499023437,0.273,1.8907447509765625,0.286
resolution_max_b1_gaussian_conv,4,1173,final,32,0.0,recalibrated,9,0.05,-1,1.8545155029296876,0.286,1.86766064453125,0.31
resolution_max_b1_gaussian_conv,4,1173,final,32,0.0,recalibrated,9,0.1,1,1.8987337646484375,0.259,1.9172606201171876,0.273
resolution_max_b1_gaussian_conv,4,1173,final,32,0.0,recalibrated,9,0.1,-1,1.8723633422851562,0.286,1.8828514404296874,0.297
resolution_max_b1_gaussian_conv,4,1173,final,32,0.0,recalibrated,9,0.2,1,1.9778212280273437,0.224,1.9880345458984374,0.223
resolution_max_b1_gaussian_conv,4,1173,final,32,0.0,recalibrated,9,0.2,-1,1.951119384765625,0.273,1.9560592651367188,0.256
resolution_max_b1_gaussian_conv,4,1173,final,32,0.0,recalibrated,9,0.25,1,2.02338671875,0.197,2.0319853515625,0.201
resolution_max_b1_gaussian_conv,4,1173,final,32,0.0,recalibrated,9,0.25,-1,2.0048858642578127,0.236,2.0070265502929687,0.222
resolution_max_b1_gaussian_conv,4,8211,before,32,0.3,saved,,0.0,0,0.3695083160400391,0.885,0.5329207153320312,0.824
resolution_max_b1_gaussian_conv,4,8211,before,32,0.3,recalibrated,,0.0,0,0.3552353515625,0.892,0.5222025909423829,0.824
resolution_max_b1_gaussian_conv,4,8211,before,32,0.3,recalibrated,0,0.025,1,0.3676932373046875,0.891,0.5240226440429687,0.819
resolution_max_b1_gaussian_conv,4,8211,before,32,0.3,recalibrated,0,0.025,-1,0.367501708984375,0.889,0.5312425537109375,0.818
resolution_max_b1_gaussian_conv,4,8211,before,32,0.3,recalibrated,0,0.05,1,0.40039480590820314,0.873,0.54171875,0.818
resolution_max_b1_gaussian_conv,4,8211,before,32,0.3,recalibrated,0,0.05,-1,0.39991255187988284,0.864,0.55814697265625,0.815
resolution_max_b1_gaussian_conv,4,8211,before,32,0.3,recalibrated,0,0.1,1,0.5040810546875,0.836,0.6123895263671875,0.798
resolution_max_b1_gaussian_conv,4,8211,before,32,0.3,recalibrated,0,0.1,-1,0.49547552490234376,0.83,0.637745361328125,0.786
resolution_max_b1_gaussian_conv,4,8211,before,32,0.3,recalibrated,0,0.2,1,0.8947366333007812,0.696,0.9312634582519531,0.683
resolution_max_b1_gaussian_conv,4,8211,before,32,0.3,recalibrated,0,0.2,-1,0.7667084350585938,0.738,0.8841200561523438,0.696
resolution_max_b1_gaussian_conv,4,8211,before,32,0.3,recalibrated,0,0.25,1,1.1564097290039062,0.632,1.16414208984375,0.614
resolution_max_b1_gaussian_conv,4,8211,before,32,0.3,recalibrated,0,0.25,-1,0.9551968994140625,0.679,1.0471427001953124,0.65
resolution_max_b1_gaussian_conv,4,8211,after,32,0.0,saved,,0.0,0,0.3773746337890625,0.881,0.5351604919433594,0.824
resolution_max_b1_gaussian_conv,4,8211,after,32,0.0,recalibrated,,0.0,0,0.36073870849609374,0.89,0.5241776885986328,0.82
resolution_max_b1_gaussian_conv,4,8211,after,32,0.0,recalibrated,0,0.025,1,0.37301910400390625,0.889,0.5260499877929687,0.82
resolution_max_b1_gaussian_conv,4,8211,after,32,0.0,recalibrated,0,0.025,-1,0.37371652221679685,0.884,0.5333000030517578,0.819
resolution_max_b1_gaussian_conv,4,8211,after,32,0.0,recalibrated,0,0.05,1,0.4057985992431641,0.867,0.5438799438476563,0.818
resolution_max_b1_gaussian_conv,4,8211,after,32,0.0,recalibrated,0,0.05,-1,0.40593927001953123,0.864,0.5604129943847657,0.814
resolution_max_b1_gaussian_conv,4,8211,after,32,0.0,recalibrated,0,0.1,1,0.509791732788086,0.831,0.614837890625,0.797
resolution_max_b1_gaussian_conv,4,8211,after,32,0.0,recalibrated,0,0.1,-1,0.5009891052246094,0.825,0.6395205993652344,0.786
resolution_max_b1_gaussian_conv,4,8211,after,32,0.0,recalibrated,0,0.2,1,0.8945995788574219,0.693,0.9320637512207032,0.679
resolution_max_b1_gaussian_conv,4,8211,after,32,0.0,recalibrated,0,0.2,-1,0.7739571533203125,0.732,0.8857781982421875,0.693
resolution_max_b1_gaussian_conv,4,8211,after,32,0.0,recalibrated,0,0.25,1,1.1523279418945314,0.631,1.1600343017578125,0.613
resolution_max_b1_gaussian_conv,4,8211,after,32,0.0,recalibrated,0,0.25,-1,0.9614121398925781,0.669,1.048214599609375,0.646
resolution_max_b1_gaussian_conv,4,8211,before,32,0.3,recalibrated,1,0.025,1,0.3651829071044922,0.88,0.534729736328125,0.819
resolution_max_b1_gaussian_conv,4,8211,before,32,0.3,recalibrated,1,0.025,-1,0.366564453125,0.887,0.5240054321289063,0.826
resolution_max_b1_gaussian_conv,4,8211,before,32,0.3,recalibrated,1,0.05,1,0.3949189453125,0.87,0.5642431335449218,0.809
resolution_max_b1_gaussian_conv,4,8211,before,32,0.3,recalibrated,1,0.05,-1,0.39272283935546876,0.877,0.5387628173828125,0.816
resolution_max_b1_gaussian_conv,4,8211,before,32,0.3,recalibrated,1,0.1,1,0.49933059692382814,0.824,0.6742309265136719,0.782
resolution_max_b1_gaussian_conv,4,8211,before,32,0.3,recalibrated,1,0.1,-1,0.48329197692871095,0.84,0.5952622985839844,0.804
resolution_max_b1_gaussian_conv,4,8211,before,32,0.3,recalibrated,1,0.2,1,0.9003671264648437,0.688,1.0525744018554688,0.649
resolution_max_b1_gaussian_conv,4,8211,before,32,0.3,recalibrated,1,0.2,-1,0.7904967651367187,0.736,0.8506239624023437,0.705
resolution_max_b1_gaussian_conv,4,8211,before,32,0.3,recalibrated,1,0.25,1,1.166683837890625,0.597,1.2930545043945312,0.574
resolution_max_b1_gaussian_conv,4,8211,before,32,0.3,recalibrated,1,0.25,-1,1.0134999084472656,0.662,1.0630115966796876,0.625
resolution_max_b1_gaussian_conv,4,8211,after,32,0.0,recalibrated,1,0.025,1,0.3718564910888672,0.88,0.5368042602539063,0.813
resolution_max_b1_gaussian_conv,4,8211,after,32,0.0,recalibrated,1,0.025,-1,0.37138900756835935,0.885,0.5256495208740234,0.826
resolution_max_b1_gaussian_conv,4,8211,after,32,0.0,recalibrated,1,0.05,1,0.40188252258300783,0.864,0.5668096313476563,0.809
resolution_max_b1_gaussian_conv,4,8211,after,32,0.0,recalibrated,1,0.05,-1,0.3971083526611328,0.879,0.5393623809814453,0.816
resolution_max_b1_gaussian_conv,4,8211,after,32,0.0,recalibrated,1,0.1,1,0.5055747680664062,0.826,0.6757956848144532,0.783
resolution_max_b1_gaussian_conv,4,8211,after,32,0.0,recalibrated,1,0.1,-1,0.4869456481933594,0.843,0.59529833984375,0.806
resolution_max_b1_gaussian_conv,4,8211,after,32,0.0,recalibrated,1,0.2,1,0.902120361328125,0.685,1.0476719970703126,0.645
resolution_max_b1_gaussian_conv,4,8211,after,32,0.0,recalibrated,1,0.2,-1,0.7902261962890625,0.733,0.8471208190917969,0.705
resolution_max_b1_gaussian_conv,4,8211,after,32,0.0,recalibrated,1,0.25,1,1.1639442749023436,0.592,1.285532958984375,0.573
resolution_max_b1_gaussian_conv,4,8211,after,32,0.0,recalibrated,1,0.25,-1,1.0091842041015624,0.661,1.0568177490234374,0.623
resolution_max_b1_gaussian_conv,4,8211,before,32,0.3,recalibrated,2,0.025,1,0.3629796600341797,0.884,0.5262754516601562,0.824
resolution_max_b1_gaussian_conv,4,8211,before,32,0.3,recalibrated,2,0.025,-1,0.35891668701171875,0.885,0.527318862915039,0.818
resolution_max_b1_gaussian_conv,4,8211,before,32,0.3,recalibrated,2,0.05,1,0.3812193298339844,0.879,0.5395192565917969,0.829
resolution_max_b1_gaussian_conv,4,8211,before,32,0.3,recalibrated,2,0.05,-1,0.37308799743652343,0.872,0.5413444213867188,0.805
resolution_max_b1_gaussian_conv,4,8211,before,32,0.3,recalibrated,2,0.1,1,0.4404799652099609,0.855,0.5906293334960937,0.81
resolution_max_b1_gaussian_conv,4,8211,before,32,0.3,recalibrated,2,0.1,-1,0.42551124572753907,0.847,0.6037789611816406,0.783
resolution_max_b1_gaussian_conv,4,8211,before,32,0.3,recalibrated,2,0.2,1,0.6722464599609375,0.773,0.7919811401367187,0.73
resolution_max_b1_gaussian_conv,4,8211,before,32,0.3,recalibrated,2,0.2,-1,0.6698905944824218,0.753,0.8771680908203126,0.707
resolution_max_b1_gaussian_conv,4,8211,before,32,0.3,recalibrated,2,0.25,1,0.8607174987792969,0.694,0.94801953125,0.687
resolution_max_b1_gaussian_conv,4,8211,before,32,0.3,recalibrated,2,0.25,-1,0.8664640197753907,0.692,1.0819981384277344,0.634
resolution_max_b1_gaussian_conv,4,8211,after,32,0.0,recalibrated,2,0.025,1,0.3679945983886719,0.889,0.5278256530761719,0.822
resolution_max_b1_gaussian_conv,4,8211,after,32,0.0,recalibrated,2,0.025,-1,0.36503546142578125,0.885,0.5296882171630859,0.819
resolution_max_b1_gaussian_conv,4,8211,after,32,0.0,recalibrated,2,0.05,1,0.38614993286132815,0.878,0.5408596954345704,0.828
resolution_max_b1_gaussian_conv,4,8211,after,32,0.0,recalibrated,2,0.05,-1,0.37917518615722656,0.872,0.5438735809326172,0.807
resolution_max_b1_gaussian_conv,4,8211,after,32,0.0,recalibrated,2,0.1,1,0.44666682434082033,0.852,0.5908117065429688,0.807
resolution_max_b1_gaussian_conv,4,8211,after,32,0.0,recalibrated,2,0.1,-1,0.4324470977783203,0.84,0.6068154296875,0.784
resolution_max_b1_gaussian_conv,4,8211,after,32,0.0,recalibrated,2,0.2,1,0.6783746948242187,0.777,0.7903515319824219,0.733
resolution_max_b1_gaussian_conv,4,8211,after,32,0.0,recalibrated,2,0.2,-1,0.6750022888183593,0.758,0.8762030944824218,0.706
resolution_max_b1_gaussian_conv,4,8211,after,32,0.0,recalibrated,2,0.25,1,0.8644368286132813,0.691,0.94377978515625,0.685
resolution_max_b1_gaussian_conv,4,8211,after,32,0.0,recalibrated,2,0.25,-1,0.8700607604980469,0.694,1.0797678833007813,0.633
resolution_max_b1_gaussian_conv,4,8211,before,32,0.3,recalibrated,3,0.025,1,0.36407940673828126,0.888,0.5268707580566406,0.821
resolution_max_b1_gaussian_conv,4,8211,before,32,0.3,recalibrated,3,0.025,-1,0.36587933349609375,0.887,0.5269000701904297,0.822
resolution_max_b1_gaussian_conv,4,8211,before,32,0.3,recalibrated,3,0.05,1,0.3902077941894531,0.874,0.5464572448730469,0.817
resolution_max_b1_gaussian_conv,4,8211,before,32,0.3,recalibrated,3,0.05,-1,0.39168385314941406,0.879,0.5402547302246093,0.828
resolution_max_b1_gaussian_conv,4,8211,before,32,0.3,recalibrated,3,0.1,1,0.47920095825195314,0.831,0.624033935546875,0.787
resolution_max_b1_gaussian_conv,4,8211,before,32,0.3,recalibrated,3,0.1,-1,0.47176992797851564,0.838,0.5995429077148438,0.818
resolution_max_b1_gaussian_conv,4,8211,before,32,0.3,recalibrated,3,0.2,1,0.7535080871582032,0.736,0.9010085754394531,0.7
resolution_max_b1_gaussian_conv,4,8211,before,32,0.3,recalibrated,3,0.2,-1,0.7643309631347657,0.746,0.8413772583007812,0.714
resolution_max_b1_gaussian_conv,4,8211,before,32,0.3,recalibrated,3,0.25,1,0.9475182800292968,0.685,1.090751708984375,0.643
resolution_max_b1_gaussian_conv,4,8211,before,32,0.3,recalibrated,3,0.25,-1,0.965296142578125,0.678,1.0202022399902344,0.651
resolution_max_b1_gaussian_conv,4,8211,after,32,0.0,recalibrated,3,0.025,1,0.36971865844726565,0.886,0.5286763305664063,0.821
resolution_max_b1_gaussian_conv,4,8211,after,32,0.0,recalibrated,3,0.025,-1,0.3707789764404297,0.888,0.5287004699707031,0.824
resolution_max_b1_gaussian_conv,4,8211,after,32,0.0,recalibrated,3,0.05,1,0.3958314514160156,0.872,0.5478698120117188,0.811
resolution_max_b1_gaussian_conv,4,8211,after,32,0.0,recalibrated,3,0.05,-1,0.39628111267089844,0.876,0.5422818756103516,0.829
resolution_max_b1_gaussian_conv,4,8211,after,32,0.0,recalibrated,3,0.1,1,0.4840454864501953,0.827,0.6241245727539062,0.789
resolution_max_b1_gaussian_conv,4,8211,after,32,0.0,recalibrated,3,0.1,-1,0.4771178741455078,0.839,0.6013212280273438,0.819
resolution_max_b1_gaussian_conv,4,8211,after,32,0.0,recalibrated,3,0.2,1,0.7543466491699219,0.732,0.8965814208984375,0.701
resolution_max_b1_gaussian_conv,4,8211,after,32,0.0,recalibrated,3,0.2,-1,0.7660087585449219,0.748,0.8404736938476562,0.715
resolution_max_b1_gaussian_conv,4,8211,after,32,0.0,recalibrated,3,0.25,1,0.9456878967285156,0.682,1.0833353881835937,0.642
resolution_max_b1_gaussian_conv,4,8211,after,32,0.0,recalibrated,3,0.25,-1,0.9632887268066406,0.676,1.017063446044922,0.649
resolution_max_b1_gaussian_conv,4,8211,before,32,0.3,recalibrated,4,0.025,1,0.3591639709472656,0.88,0.52351953125,0.822
resolution_max_b1_gaussian_conv,4,8211,before,32,0.3,recalibrated,4,0.025,-1,0.3637092132568359,0.89,0.5283519897460938,0.82
resolution_max_b1_gaussian_conv,4,8211,before,32,0.3,recalibrated,4,0.05,1,0.3772978515625,0.875,0.53366064453125,0.82
resolution_max_b1_gaussian_conv,4,8211,before,32,0.3,recalibrated,4,0.05,-1,0.3824293060302734,0.876,0.5404367980957031,0.822
resolution_max_b1_gaussian_conv,4,8211,before,32,0.3,recalibrated,4,0.1,1,0.44406744384765623,0.849,0.5877439880371094,0.809
resolution_max_b1_gaussian_conv,4,8211,before,32,0.3,recalibrated,4,0.1,-1,0.44812449645996094,0.846,0.5874638061523437,0.803
resolution_max_b1_gaussian_conv,4,8211,before,32,0.3,recalibrated,4,0.2,1,0.6913275146484374,0.759,0.8222344970703125,0.721
resolution_max_b1_gaussian_conv,4,8211,before,32,0.3,recalibrated,4,0.2,-1,0.720277587890625,0.729,0.7893477478027344,0.731
resolution_max_b1_gaussian_conv,4,8211,before,32,0.3,recalibrated,4,0.25,1,0.8779986572265625,0.685,1.0027824096679687,0.658
resolution_max_b1_gaussian_conv,4,8211,before,32,0.3,recalibrated,4,0.25,-1,0.9690268859863281,0.652,1.0006092529296875,0.649
resolution_max_b1_gaussian_conv,4,8211,after,32,0.0,recalibrated,4,0.025,1,0.36428031921386717,0.881,0.5258816680908203,0.817
resolution_max_b1_gaussian_conv,4,8211,after,32,0.0,recalibrated,4,0.025,-1,0.3697793884277344,0.885,0.5300017395019532,0.821
resolution_max_b1_gaussian_conv,4,8211,after,32,0.0,recalibrated,4,0.05,1,0.3819479064941406,0.871,0.5360837097167969,0.819
resolution_max_b1_gaussian_conv,4,8211,after,32,0.0,recalibrated,4,0.05,-1,0.38903717041015623,0.877,0.5420074005126954,0.82
resolution_max_b1_gaussian_conv,4,8211,after,32,0.0,recalibrated,4,0.1,1,0.4474313507080078,0.85,0.5894967041015625,0.809
resolution_max_b1_gaussian_conv,4,8211,after,32,0.0,recalibrated,4,0.1,-1,0.4559178009033203,0.843,0.5901468811035157,0.802
resolution_max_b1_gaussian_conv,4,8211,after,32,0.0,recalibrated,4,0.2,1,0.693640869140625,0.76,0.8221160278320313,0.718
resolution_max_b1_gaussian_conv,4,8211,after,32,0.0,recalibrated,4,0.2,-1,0.7308711242675782,0.722,0.7934835815429687,0.728
resolution_max_b1_gaussian_conv,4,8211,after,32,0.0,recalibrated,4,0.25,1,0.8767196655273437,0.681,1.0001500244140624,0.658
resolution_max_b1_gaussian_conv,4,8211,after,32,0.0,recalibrated,4,0.25,-1,0.97563720703125,0.65,1.0036094055175782,0.643
resolution_max_b1_gaussian_conv,4,8211,before,32,0.3,recalibrated,5,0.025,1,0.3636468048095703,0.885,0.5291753997802734,0.822
resolution_max_b1_gaussian_conv,4,8211,before,32,0.3,recalibrated,5,0.025,-1,0.36398789978027346,0.886,0.5262149353027343,0.816
resolution_max_b1_gaussian_conv,4,8211,before,32,0.3,recalibrated,5,0.05,1,0.38546270751953127,0.879,0.5463210754394531,0.813
resolution_max_b1_gaussian_conv,4,8211,before,32,0.3,recalibrated,5,0.05,-1,0.3890691223144531,0.865,0.5424505310058594,0.823
resolution_max_b1_gaussian_conv,4,8211,before,32,0.3,recalibrated,5,0.1,1,0.46351507568359374,0.853,0.6116644897460938,0.799
resolution_max_b1_gaussian_conv,4,8211,before,32,0.3,recalibrated,5,0.1,-1,0.4762083435058594,0.822,0.6111212158203125,0.797
resolution_max_b1_gaussian_conv,4,8211,before,32,0.3,recalibrated,5,0.2,1,0.7539416809082031,0.739,0.8420738830566407,0.718
resolution_max_b1_gaussian_conv,4,8211,before,32,0.3,recalibrated,5,0.2,-1,0.7390406188964844,0.738,0.8452284545898437,0.702
resolution_max_b1_gaussian_conv,4,8211,before,32,0.3,recalibrated,5,0.25,1,0.9770801086425781,0.667,1.0383796997070311,0.651
resolution_max_b1_gaussian_conv,4,8211,before,32,0.3,recalibrated,5,0.25,-1,0.9218694152832031,0.688,1.0169197082519532,0.651
resolution_max_b1_gaussian_conv,4,8211,after,32,0.0,recalibrated,5,0.025,1,0.368262939453125,0.887,0.5312837219238281,0.819
resolution_max_b1_gaussian_conv,4,8211,after,32,0.0,recalibrated,5,0.025,-1,0.37023358154296876,0.881,0.5282510681152344,0.819
resolution_max_b1_gaussian_conv,4,8211,after,32,0.0,recalibrated,5,0.05,1,0.3890255432128906,0.882,0.5486997680664063,0.818
resolution_max_b1_gaussian_conv,4,8211,after,32,0.0,recalibrated,5,0.05,-1,0.3955479736328125,0.862,0.5445212707519531,0.82
resolution_max_b1_gaussian_conv,4,8211,after,32,0.0,recalibrated,5,0.1,1,0.46710719299316406,0.853,0.6148377685546875,0.794
resolution_max_b1_gaussian_conv,4,8211,after,32,0.0,recalibrated,5,0.1,-1,0.48314552307128905,0.822,0.6121757507324219,0.799
resolution_max_b1_gaussian_conv,4,8211,after,32,0.0,recalibrated,5,0.2,1,0.7572883911132813,0.733,0.8442659606933594,0.715
resolution_max_b1_gaussian_conv,4,8211,after,32,0.0,recalibrated,5,0.2,-1,0.7458035888671875,0.736,0.8448739929199218,0.696
resolution_max_b1_gaussian_conv,4,8211,after,32,0.0,recalibrated,5,0.25,1,0.9790591125488282,0.668,1.03806298828125,0.646
resolution_max_b1_gaussian_conv,4,8211,after,32,0.0,recalibrated,5,0.25,-1,0.9273038024902344,0.686,1.0157818603515625,0.652
resolution_max_b1_gaussian_conv,4,8211,before,32,0.3,recalibrated,6,0.025,1,0.35795440673828127,0.892,0.5229109191894531,0.824
resolution_max_b1_gaussian_conv,4,8211,before,32,0.3,recalibrated,6,0.025,-1,0.36396165466308594,0.888,0.5281771545410157,0.817
resolution_max_b1_gaussian_conv,4,8211,before,32,0.3,recalibrated,6,0.05,1,0.3684862670898438,0.89,0.5322682189941407,0.823
resolution_max_b1_gaussian_conv,4,8211,before,32,0.3,recalibrated,6,0.05,-1,0.382909912109375,0.874,0.5413401641845703,0.811
resolution_max_b1_gaussian_conv,4,8211,before,32,0.3,recalibrated,6,0.1,1,0.4148876190185547,0.862,0.574033203125,0.814
resolution_max_b1_gaussian_conv,4,8211,before,32,0.3,recalibrated,6,0.1,-1,0.4471557464599609,0.838,0.5885014038085937,0.802
resolution_max_b1_gaussian_conv,4,8211,before,32,0.3,recalibrated,6,0.2,1,0.6069945373535156,0.798,0.7329419555664063,0.753
resolution_max_b1_gaussian_conv,4,8211,before,32,0.3,recalibrated,6,0.2,-1,0.7145866394042969,0.724,0.7916470947265625,0.736
resolution_max_b1_gaussian_conv,4,8211,before,32,0.3,recalibrated,6,0.25,1,0.754028564453125,0.74,0.8559077453613281,0.706
resolution_max_b1_gaussian_conv,4,8211,before,32,0.3,recalibrated,6,0.25,-1,0.9215398254394531,0.673,0.9581154174804688,0.681
resolution_max_b1_gaussian_conv,4,8211,after,32,0.0,recalibrated,6,0.025,1,0.363574462890625,0.893,0.5247511444091797,0.82
resolution_max_b1_gaussian_conv,4,8211,after,32,0.0,recalibrated,6,0.025,-1,0.3692511749267578,0.885,0.5304890594482422,0.816
resolution_max_b1_gaussian_conv,4,8211,after,32,0.0,recalibrated,6,0.05,1,0.3741031799316406,0.891,0.5339454803466797,0.825
resolution_max_b1_gaussian_conv,4,8211,after,32,0.0,recalibrated,6,0.05,-1,0.38848883056640626,0.874,0.5437486877441406,0.81
resolution_max_b1_gaussian_conv,4,8211,after,32,0.0,recalibrated,6,0.1,1,0.4212537384033203,0.86,0.5758828125,0.812
resolution_max_b1_gaussian_conv,4,8211,after,32,0.0,recalibrated,6,0.1,-1,0.45441632080078126,0.839,0.591972900390625,0.797
resolution_max_b1_gaussian_conv,4,8211,after,32,0.0,recalibrated,6,0.2,1,0.6164125366210937,0.791,0.7359407348632813,0.748
resolution_max_b1_gaussian_conv,4,8211,after,32,0.0,recalibrated,6,0.2,-1,0.7232038879394531,0.723,0.7985914916992187,0.735
resolution_max_b1_gaussian_conv,4,8211,after,32,0.0,recalibrated,6,0.25,1,0.7642359619140625,0.732,0.8596796264648437,0.701
resolution_max_b1_gaussian_conv,4,8211,after,32,0.0,recalibrated,6,0.25,-1,0.9299667358398438,0.669,0.9674747924804687,0.673
resolution_max_b1_gaussian_conv,4,8211,before,32,0.3,recalibrated,7,0.025,1,0.37254574584960937,0.882,0.5282534027099609,0.824
resolution_max_b1_gaussian_conv,4,8211,before,32,0.3,recalibrated,7,0.025,-1,0.3595461883544922,0.887,0.5301197509765625,0.819
resolution_max_b1_gaussian_conv,4,8211,before,32,0.3,recalibrated,7,0.05,1,0.41155152893066405,0.861,0.5514688415527343,0.823
resolution_max_b1_gaussian_conv,4,8211,before,32,0.3,recalibrated,7,0.05,-1,0.3804157257080078,0.877,0.5516165771484375,0.813
resolution_max_b1_gaussian_conv,4,8211,before,32,0.3,recalibrated,7,0.1,1,0.5444408569335938,0.805,0.659359130859375,0.796
resolution_max_b1_gaussian_conv,4,8211,before,32,0.3,recalibrated,7,0.1,-1,0.46369908142089844,0.832,0.6284420166015625,0.794
resolution_max_b1_gaussian_conv,4,8211,before,32,0.3,recalibrated,7,0.2,1,1.06486962890625,0.654,1.1315464477539063,0.643
resolution_max_b1_gaussian_conv,4,8211,before,32,0.3,recalibrated,7,0.2,-1,0.8129759826660157,0.712,0.9169571228027343,0.688
resolution_max_b1_gaussian_conv,4,8211,before,32,0.3,recalibrated,7,0.25,1,1.4670078735351562,0.55,1.4892045288085938,0.542
resolution_max_b1_gaussian_conv,4,8211,before,32,0.3,recalibrated,7,0.25,-1,1.0522899169921875,0.643,1.1200281372070313,0.634
resolution_max_b1_gaussian_conv,4,8211,after,32,0.0,recalibrated,7,0.025,1,0.37853900146484376,0.879,0.5306227416992187,0.826
resolution_max_b1_gaussian_conv,4,8211,after,32,0.0,recalibrated,7,0.025,-1,0.3646409912109375,0.887,0.5315832824707031,0.818
resolution_max_b1_gaussian_conv,4,8211,after,32,0.0,recalibrated,7,0.05,1,0.41765139770507814,0.862,0.5546787109375,0.825
resolution_max_b1_gaussian_conv,4,8211,after,32,0.0,recalibrated,7,0.05,-1,0.3856827697753906,0.875,0.5524054718017578,0.811
resolution_max_b1_gaussian_conv,4,8211,after,32,0.0,recalibrated,7,0.1,1,0.5504629821777344,0.807,0.6628839721679688,0.793
resolution_max_b1_gaussian_conv,4,8211,after,32,0.0,recalibrated,7,0.1,-1,0.4679205780029297,0.835,0.6290567016601563,0.788
resolution_max_b1_gaussian_conv,4,8211,after,32,0.0,recalibrated,7,0.2,1,1.066400634765625,0.65,1.129135986328125,0.637
resolution_max_b1_gaussian_conv,4,8211,after,32,0.0,recalibrated,7,0.2,-1,0.8120019836425781,0.708,0.9149228515625,0.687
resolution_max_b1_gaussian_conv,4,8211,after,32,0.0,recalibrated,7,0.25,1,1.4610172119140625,0.542,1.4808388671875,0.544
resolution_max_b1_gaussian_conv,4,8211,after,32,0.0,recalibrated,7,0.25,-1,1.0462442016601563,0.646,1.1134057006835938,0.637
resolution_max_b1_gaussian_conv,4,8211,before,32,0.3,recalibrated,8,0.025,1,0.3565683441162109,0.89,0.5265966491699219,0.82
resolution_max_b1_gaussian_conv,4,8211,before,32,0.3,recalibrated,8,0.025,-1,0.3618645782470703,0.887,0.5251831970214844,0.823
resolution_max_b1_gaussian_conv,4,8211,before,32,0.3,recalibrated,8,0.05,1,0.3661634826660156,0.889,0.5371351928710938,0.822
resolution_max_b1_gaussian_conv,4,8211,before,32,0.3,recalibrated,8,0.05,-1,0.37597320556640623,0.878,0.5335082702636719,0.824
resolution_max_b1_gaussian_conv,4,8211,before,32,0.3,recalibrated,8,0.1,1,0.3995152740478516,0.869,0.5786969299316407,0.806
resolution_max_b1_gaussian_conv,4,8211,before,32,0.3,recalibrated,8,0.1,-1,0.42598135375976565,0.857,0.56437060546875,0.814
resolution_max_b1_gaussian_conv,4,8211,before,32,0.3,recalibrated,8,0.2,1,0.5495305786132813,0.807,0.7254977416992188,0.756
resolution_max_b1_gaussian_conv,4,8211,before,32,0.3,recalibrated,8,0.2,-1,0.6123060302734376,0.793,0.7011777038574218,0.761
resolution_max_b1_gaussian_conv,4,8211,before,32,0.3,recalibrated,8,0.25,1,0.6748526611328125,0.762,0.8389899291992188,0.722
resolution_max_b1_gaussian_conv,4,8211,before,32,0.3,recalibrated,8,0.25,-1,0.7563515625,0.746,0.8299039916992188,0.726
resolution_max_b1_gaussian_conv,4,8211,after,32,0.0,recalibrated,8,0.025,1,0.3621035003662109,0.89,0.5287801513671875,0.821
resolution_max_b1_gaussian_conv,4,8211,after,32,0.0,recalibrated,8,0.025,-1,0.3675749053955078,0.886,0.5275181427001953,0.825
resolution_max_b1_gaussian_conv,4,8211,after,32,0.0,recalibrated,8,0.05,1,0.3714603424072266,0.884,0.539446044921875,0.82
resolution_max_b1_gaussian_conv,4,8211,after,32,0.0,recalibrated,8,0.05,-1,0.38209100341796876,0.876,0.535757568359375,0.821
resolution_max_b1_gaussian_conv,4,8211,after,32,0.0,recalibrated,8,0.1,1,0.40489701843261716,0.865,0.5806657104492188,0.804
resolution_max_b1_gaussian_conv,4,8211,after,32,0.0,recalibrated,8,0.1,-1,0.4314975128173828,0.855,0.5664042053222657,0.811
resolution_max_b1_gaussian_conv,4,8211,after,32,0.0,recalibrated,8,0.2,1,0.5553498229980469,0.809,0.7259085693359375,0.755
resolution_max_b1_gaussian_conv,4,8211,after,32,0.0,recalibrated,8,0.2,-1,0.6186897888183593,0.788,0.703610595703125,0.76
resolution_max_b1_gaussian_conv,4,8211,after,32,0.0,recalibrated,8,0.25,1,0.6802184753417969,0.765,0.8382252807617188,0.726
resolution_max_b1_gaussian_conv,4,8211,after,32,0.0,recalibrated,8,0.25,-1,0.762869140625,0.743,0.8317952270507812,0.722
resolution_max_b1_gaussian_conv,4,8211,before,32,0.3,recalibrated,9,0.025,1,0.3555151977539063,0.892,0.522979263305664,0.825
resolution_max_b1_gaussian_conv,4,8211,before,32,0.3,recalibrated,9,0.025,-1,0.3715875244140625,0.885,0.5324027709960938,0.812
resolution_max_b1_gaussian_conv,4,8211,before,32,0.3,recalibrated,9,0.05,1,0.3704105224609375,0.88,0.5355125732421875,0.82
resolution_max_b1_gaussian_conv,4,8211,before,32,0.3,recalibrated,9,0.05,-1,0.40286544799804686,0.862,0.5530871887207032,0.808
resolution_max_b1_gaussian_conv,4,8211,before,32,0.3,recalibrated,9,0.1,1,0.441910888671875,0.849,0.5978916625976562,0.807
resolution_max_b1_gaussian_conv,4,8211,before,32,0.3,recalibrated,9,0.1,-1,0.5043154296875,0.827,0.6195382690429687,0.79
resolution_max_b1_gaussian_conv,4,8211,before,32,0.3,recalibrated,9,0.2,1,0.7285077514648437,0.754,0.8447882080078125,0.719
resolution_max_b1_gaussian_conv,4,8211,before,32,0.3,recalibrated,9,0.2,-1,0.8060556030273438,0.738,0.8507788696289063,0.712
resolution_max_b1_gaussian_conv,4,8211,before,32,0.3,recalibrated,9,0.25,1,0.9485274658203126,0.682,1.0289081420898438,0.649
resolution_max_b1_gaussian_conv,4,8211,before,32,0.3,recalibrated,9,0.25,-1,0.9968583679199219,0.695,1.0194673461914063,0.653
resolution_max_b1_gaussian_conv,4,8211,after,32,0.0,recalibrated,9,0.025,1,0.3606185302734375,0.888,0.5244135589599609,0.828
resolution_max_b1_gaussian_conv,4,8211,after,32,0.0,recalibrated,9,0.025,-1,0.37754119873046876,0.885,0.5348515930175781,0.814
resolution_max_b1_gaussian_conv,4,8211,after,32,0.0,recalibrated,9,0.05,1,0.37581399536132815,0.882,0.5361512756347656,0.823
resolution_max_b1_gaussian_conv,4,8211,after,32,0.0,recalibrated,9,0.05,-1,0.4090599365234375,0.864,0.5567249450683593,0.807
resolution_max_b1_gaussian_conv,4,8211,after,32,0.0,recalibrated,9,0.1,1,0.4454171600341797,0.849,0.5970015258789062,0.805
resolution_max_b1_gaussian_conv,4,8211,after,32,0.0,recalibrated,9,0.1,-1,0.5099368286132813,0.822,0.6245662231445313,0.787
resolution_max_b1_gaussian_conv,4,8211,after,32,0.0,recalibrated,9,0.2,1,0.7281802978515625,0.748,0.8421712036132812,0.721
resolution_max_b1_gaussian_conv,4,8211,after,32,0.0,recalibrated,9,0.2,-1,0.8102192077636718,0.736,0.8544080200195312,0.698
resolution_max_b1_gaussian_conv,4,8211,after,32,0.0,recalibrated,9,0.25,1,0.9429224853515625,0.682,1.0222122497558594,0.647
resolution_max_b1_gaussian_conv,4,8211,after,32,0.0,recalibrated,9,0.25,-1,1.0002194213867188,0.689,1.0217478942871094,0.649
gaussian_postrelu,1,1173,before,,1.0,saved,,0.0,0,1.163728271484375,0.577,1.197280517578125,0.556
gaussian_postrelu,1,1173,before,,1.0,recalibrated,,0.0,0,1.0975481567382812,0.601,1.1491889038085938,0.574
gaussian_postrelu,1,1173,before,,1.0,recalibrated,0,0.025,1,1.1028538208007812,0.599,1.1593773803710938,0.568
gaussian_postrelu,1,1173,before,,1.0,recalibrated,0,0.025,-1,1.1008802490234375,0.602,1.1477422485351563,0.567
gaussian_postrelu,1,1173,before,,1.0,recalibrated,0,0.05,1,1.119967041015625,0.59,1.180888427734375,0.559
gaussian_postrelu,1,1173,before,,1.0,recalibrated,0,0.05,-1,1.1128560791015625,0.599,1.153853515625,0.57
gaussian_postrelu,1,1173,before,,1.0,recalibrated,0,0.1,1,1.1955992431640625,0.568,1.26516162109375,0.546
gaussian_postrelu,1,1173,before,,1.0,recalibrated,0,0.1,-1,1.1685479125976563,0.573,1.1921143188476562,0.562
gaussian_postrelu,1,1173,before,,1.0,recalibrated,0,0.2,1,1.4638088989257811,0.479,1.5168179931640624,0.462
gaussian_postrelu,1,1173,before,,1.0,recalibrated,0,0.2,-1,1.389947509765625,0.485,1.4010166625976563,0.489
gaussian_postrelu,1,1173,before,,1.0,recalibrated,0,0.25,1,1.6266177978515626,0.411,1.6622066040039063,0.412
gaussian_postrelu,1,1173,before,,1.0,recalibrated,0,0.25,-1,1.5566232299804688,0.428,1.569257080078125,0.434
gaussian_postrelu,1,1173,after,,0.85,saved,,0.0,0,1.2389942626953125,0.564,1.2595172119140625,0.534
gaussian_postrelu,1,1173,after,,0.85,recalibrated,,0.0,0,1.0909322509765624,0.604,1.1359733276367188,0.588
gaussian_postrelu,1,1173,after,,0.85,recalibrated,0,0.025,1,1.0946093139648438,0.608,1.1431058349609375,0.581
gaussian_postrelu,1,1173,after,,0.85,recalibrated,0,0.025,-1,1.0958505249023438,0.595,1.1367586669921874,0.581
gaussian_postrelu,1,1173,after,,0.85,recalibrated,0,0.05,1,1.108902587890625,0.599,1.161155029296875,0.576
gaussian_postrelu,1,1173,after,,0.85,recalibrated,0,0.05,-1,1.1095106201171876,0.595,1.1445177001953124,0.575
gaussian_postrelu,1,1173,after,,0.85,recalibrated,0,0.1,1,1.175587646484375,0.584,1.2368656005859375,0.547
gaussian_postrelu,1,1173,after,,0.85,recalibrated,0,0.1,-1,1.1640958251953124,0.577,1.184079833984375,0.558
gaussian_postrelu,1,1173,after,,0.85,recalibrated,0,0.2,1,1.42541796875,0.489,1.4772328491210938,0.468
gaussian_postrelu,1,1173,after,,0.85,recalibrated,0,0.2,-1,1.3663856201171876,0.489,1.3754352416992188,0.486
gaussian_postrelu,1,1173,after,,0.85,recalibrated,0,0.25,1,1.5778062744140624,0.426,1.6148165283203124,0.445
gaussian_postrelu,1,1173,after,,0.85,recalibrated,0,0.25,-1,1.5136205444335937,0.444,1.5249039306640626,0.434
gaussian_postrelu,1,1173,final,,0.0,saved,,0.0,0,3.550977783203125,0.202,3.5573143310546875,0.172
gaussian_postrelu,1,1173,final,,0.0,recalibrated,,0.0,0,1.8868575439453126,0.292,1.8730616455078124,0.288
gaussian_postrelu,1,1173,final,,0.0,recalibrated,0,0.025,1,1.898177001953125,0.282,1.886599365234375,0.285
gaussian_postrelu,1,1173,final,,0.0,recalibrated,0,0.025,-1,1.8821199951171874,0.298,1.8684535522460937,0.289
gaussian_postrelu,1,1173,final,,0.0,recalibrated,0,0.05,1,1.9156782836914064,0.278,1.9071928100585938,0.27
gaussian_postrelu,1,1173,final,,0.0,recalibrated,0,0.05,-1,1.8832850952148437,0.293,1.8697033081054688,0.281
gaussian_postrelu,1,1173,final,,0.0,recalibrated,0,0.1,1,1.9632536010742188,0.261,1.965340087890625,0.249
gaussian_postrelu,1,1173,final,,0.0,recalibrated,0,0.1,-1,1.9012225952148438,0.278,1.8839977416992189,0.275
gaussian_postrelu,1,1173,final,,0.0,recalibrated,0,0.2,1,2.102305419921875,0.209,2.1146226806640627,0.186
gaussian_postrelu,1,1173,final,,0.0,recalibrated,0,0.2,-1,1.9786644287109374,0.235,1.9519892578125,0.248
gaussian_postrelu,1,1173,final,,0.0,recalibrated,0,0.25,1,2.179888916015625,0.171,2.194490478515625,0.163
gaussian_postrelu,1,1173,final,,0.0,recalibrated,0,0.25,-1,2.0290162353515626,0.204,1.99909619140625,0.221
gaussian_postrelu,1,1173,before,,1.0,recalibrated,1,0.025,1,1.12789599609375,0.597,1.188876708984375,0.551
gaussian_postrelu,1,1173,before,,1.0,recalibrated,1,0.025,-1,1.0868485107421875,0.601,1.1363723754882813,0.584
gaussian_postrelu,1,1173,before,,1.0,recalibrated,1,0.05,1,1.1825992431640624,0.573,1.2559779663085937,0.539
gaussian_postrelu,1,1173,before,,1.0,recalibrated,1,0.05,-1,1.0959376220703125,0.609,1.139667236328125,0.588
gaussian_postrelu,1,1173,before,,1.0,recalibrated,1,0.1,1,1.3609326782226563,0.508,1.4365609130859376,0.496
gaussian_postrelu,1,1173,before,,1.0,recalibrated,1,0.1,-1,1.1683865356445313,0.596,1.1955224609375,0.579
gaussian_postrelu,1,1173,before,,1.0,recalibrated,1,0.2,1,1.8432032470703126,0.375,1.9048287353515625,0.379
gaussian_postrelu,1,1173,before,,1.0,recalibrated,1,0.2,-1,1.4255512084960937,0.481,1.4674637451171875,0.468
gaussian_postrelu,1,1173,before,,1.0,recalibrated,1,0.25,1,2.0643419189453125,0.331,2.1114111328125,0.331
gaussian_postrelu,1,1173,before,,1.0,recalibrated,1,0.25,-1,1.6144656372070312,0.419,1.657592041015625,0.415
gaussian_postrelu,1,1173,after,,0.85,recalibrated,1,0.025,1,1.11755029296875,0.594,1.1725830078125,0.569
gaussian_postrelu,1,1173,after,,0.85,recalibrated,1,0.025,-1,1.084260986328125,0.612,1.1232545776367187,0.59
gaussian_postrelu,1,1173,after,,0.85,recalibrated,1,0.05,1,1.1675668334960938,0.583,1.2336784057617187,0.544
gaussian_postrelu,1,1173,after,,0.85,recalibrated,1,0.05,-1,1.0955803833007813,0.604,1.1265199584960937,0.595
gaussian_postrelu,1,1173,after,,0.85,recalibrated,1,0.1,1,1.3294534912109375,0.526,1.3983219604492187,0.504
gaussian_postrelu,1,1173,after,,0.85,recalibrated,1,0.1,-1,1.1663735961914063,0.59,1.1835245361328126,0.575
gaussian_postrelu,1,1173,after,,0.85,recalibrated,1,0.2,1,1.7744627685546874,0.389,1.8285541381835937,0.391
gaussian_postrelu,1,1173,after,,0.85,recalibrated,1,0.2,-1,1.41534130859375,0.482,1.4513982543945312,0.479
gaussian_postrelu,1,1173,after,,0.85,recalibrated,1,0.25,1,1.9824669189453126,0.343,2.02654052734375,0.34
gaussian_postrelu,1,1173,after,,0.85,recalibrated,1,0.25,-1,1.593204833984375,0.42,1.6346958618164062,0.411
gaussian_postrelu,1,1173,final,,0.0,recalibrated,1,0.025,1,1.91163037109375,0.276,1.9009407348632812,0.284
gaussian_postrelu,1,1173,final,,0.0,recalibrated,1,0.025,-1,1.8780447998046874,0.297,1.8632044677734374,0.29
gaussian_postrelu,1,1173,final,,0.0,recalibrated,1,0.05,1,1.9483916625976563,0.266,1.940074462890625,0.275
gaussian_postrelu,1,1173,final,,0.0,recalibrated,1,0.05,-1,1.8822603759765626,0.297,1.8670869140625,0.292
gaussian_postrelu,1,1173,final,,0.0,recalibrated,1,0.1,1,2.0347947998046876,0.236,2.038315185546875,0.239
gaussian_postrelu,1,1173,final,,0.0,recalibrated,1,0.1,-1,1.9163043212890625,0.285,1.8994283447265625,0.284
gaussian_postrelu,1,1173,final,,0.0,recalibrated,1,0.2,1,2.22283544921875,0.177,2.224412841796875,0.191
gaussian_postrelu,1,1173,final,,0.0,recalibrated,1,0.2,-1,2.046437744140625,0.243,2.0246026611328123,0.245
gaussian_postrelu,1,1173,final,,0.0,recalibrated,1,0.25,1,2.2984608154296877,0.171,2.306298583984375,0.183
gaussian_postrelu,1,1173,final,,0.0,recalibrated,1,0.25,-1,2.139390380859375,0.215,2.109725341796875,0.226
gaussian_postrelu,1,1173,before,,1.0,recalibrated,2,0.025,1,1.101630126953125,0.6,1.1654893798828125,0.561
gaussian_postrelu,1,1173,before,,1.0,recalibrated,2,0.025,-1,1.1103864135742187,0.595,1.15408251953125,0.569
gaussian_postrelu,1,1173,before,,1.0,recalibrated,2,0.05,1,1.12308837890625,0.594,1.1980853881835938,0.545
gaussian_postrelu,1,1173,before,,1.0,recalibrated,2,0.05,-1,1.1413448486328126,0.582,1.1771221923828126,0.558
gaussian_postrelu,1,1173,before,,1.0,recalibrated,2,0.1,1,1.2432743530273438,0.555,1.3289359130859375,0.521
gaussian_postrelu,1,1173,before,,1.0,recalibrated,2,0.1,-1,1.2491112060546874,0.545,1.2707166748046874,0.537
gaussian_postrelu,1,1173,before,,1.0,recalibrated,2,0.2,1,1.6108570556640625,0.421,1.6826715698242187,0.42
gaussian_postrelu,1,1173,before,,1.0,recalibrated,2,0.2,-1,1.5646289672851563,0.439,1.5690361938476562,0.442
gaussian_postrelu,1,1173,before,,1.0,recalibrated,2,0.25,1,1.8130693359375,0.349,1.8500023193359374,0.375
gaussian_postrelu,1,1173,before,,1.0,recalibrated,2,0.25,-1,1.7461411743164061,0.38,1.7277210693359375,0.393
gaussian_postrelu,1,1173,after,,0.85,recalibrated,2,0.025,1,1.0943704223632813,0.609,1.149722900390625,0.577
gaussian_postrelu,1,1173,after,,0.85,recalibrated,2,0.025,-1,1.1029705810546875,0.602,1.1399771728515624,0.577
gaussian_postrelu,1,1173,after,,0.85,recalibrated,2,0.05,1,1.114868896484375,0.606,1.179373291015625,0.556
gaussian_postrelu,1,1173,after,,0.85,recalibrated,2,0.05,-1,1.1324134521484375,0.592,1.1622373657226563,0.563
gaussian_postrelu,1,1173,after,,0.85,recalibrated,2,0.1,1,1.2235465087890625,0.569,1.297711181640625,0.517
gaussian_postrelu,1,1173,after,,0.85,recalibrated,2,0.1,-1,1.23225390625,0.551,1.2487169189453124,0.543
gaussian_postrelu,1,1173,after,,0.85,recalibrated,2,0.2,1,1.5654296264648437,0.428,1.6303385009765625,0.428
gaussian_postrelu,1,1173,after,,0.85,recalibrated,2,0.2,-1,1.5148529663085937,0.461,1.5140076293945313,0.446
gaussian_postrelu,1,1173,after,,0.85,recalibrated,2,0.25,1,1.748484375,0.358,1.7859735107421875,0.385
gaussian_postrelu,1,1173,after,,0.85,recalibrated,2,0.25,-1,1.6777789306640625,0.393,1.6580430908203125,0.4
gaussian_postrelu,1,1173,final,,0.0,recalibrated,2,0.025,1,1.8897200927734374,0.29,1.8828927001953124,0.277
gaussian_postrelu,1,1173,final,,0.0,recalibrated,2,0.025,-1,1.8940073852539063,0.288,1.87857763671875,0.291
gaussian_postrelu,1,1173,final,,0.0,recalibrated,2,0.05,1,1.9026806640625,0.272,1.9040413208007811,0.264
gaussian_postrelu,1,1173,final,,0.0,recalibrated,2,0.05,-1,1.9079022216796875,0.275,1.8941095581054688,0.276
gaussian_postrelu,1,1173,final,,0.0,recalibrated,2,0.1,1,1.95028369140625,0.257,1.96151513671875,0.239
gaussian_postrelu,1,1173,final,,0.0,recalibrated,2,0.1,-1,1.9454439697265624,0.259,1.946004638671875,0.257
gaussian_postrelu,1,1173,final,,0.0,recalibrated,2,0.2,1,2.082641845703125,0.211,2.0860347900390623,0.204
gaussian_postrelu,1,1173,final,,0.0,recalibrated,2,0.2,-1,2.056763916015625,0.2,2.0564456787109373,0.2
gaussian_postrelu,1,1173,final,,0.0,recalibrated,2,0.25,1,2.149802001953125,0.193,2.1429427490234376,0.187
gaussian_postrelu,1,1173,final,,0.0,recalibrated,2,0.25,-1,2.121951171875,0.171,2.1136070556640627,0.18
gaussian_postrelu,1,1173,before,,1.0,recalibrated,3,0.025,1,1.103746337890625,0.592,1.1522612915039063,0.569
gaussian_postrelu,1,1173,before,,1.0,recalibrated,3,0.025,-1,1.10317333984375,0.601,1.1582250366210938,0.573
gaussian_postrelu,1,1173,before,,1.0,recalibrated,3,0.05,1,1.1237467041015625,0.586,1.168642333984375,0.558
gaussian_postrelu,1,1173,before,,1.0,recalibrated,3,0.05,-1,1.1257667236328126,0.594,1.1792826538085937,0.558
gaussian_postrelu,1,1173,before,,1.0,recalibrated,3,0.1,1,1.207696533203125,0.544,1.2379064331054688,0.544
gaussian_postrelu,1,1173,before,,1.0,recalibrated,3,0.1,-1,1.2211478271484375,0.552,1.27380615234375,0.532
gaussian_postrelu,1,1173,before,,1.0,recalibrated,3,0.2,1,1.5177720947265625,0.445,1.5458760375976563,0.458
gaussian_postrelu,1,1173,before,,1.0,recalibrated,3,0.2,-1,1.49434423828125,0.462,1.5337232055664063,0.462
gaussian_postrelu,1,1173,before,,1.0,recalibrated,3,0.25,1,1.7026597900390625,0.382,1.7418876953125,0.397
gaussian_postrelu,1,1173,before,,1.0,recalibrated,3,0.25,-1,1.6555519409179686,0.411,1.684773681640625,0.387
gaussian_postrelu,1,1173,after,,0.85,recalibrated,3,0.025,1,1.095584716796875,0.602,1.139901611328125,0.58
gaussian_postrelu,1,1173,after,,0.85,recalibrated,3,0.025,-1,1.0970089721679688,0.608,1.1431563720703124,0.575
gaussian_postrelu,1,1173,after,,0.85,recalibrated,3,0.05,1,1.1138960571289063,0.596,1.1562857055664062,0.572
gaussian_postrelu,1,1173,after,,0.85,recalibrated,3,0.05,-1,1.1182685546875,0.595,1.1635550537109376,0.571
gaussian_postrelu,1,1173,after,,0.85,recalibrated,3,0.1,1,1.1877177734375,0.559,1.2186171875,0.553
gaussian_postrelu,1,1173,after,,0.85,recalibrated,3,0.1,-1,1.2036300048828126,0.56,1.2486185302734376,0.554
gaussian_postrelu,1,1173,after,,0.85,recalibrated,3,0.2,1,1.4664619750976562,0.471,1.4938135986328125,0.474
gaussian_postrelu,1,1173,after,,0.85,recalibrated,3,0.2,-1,1.4560743408203125,0.477,1.4808396606445313,0.467
gaussian_postrelu,1,1173,after,,0.85,recalibrated,3,0.25,1,1.6394025268554688,0.401,1.6741236572265625,0.412
gaussian_postrelu,1,1173,after,,0.85,recalibrated,3,0.25,-1,1.6074560546875,0.418,1.6228050537109375,0.415
gaussian_postrelu,1,1173,final,,0.0,recalibrated,3,0.025,1,1.8870635375976563,0.284,1.8748675537109376,0.288
gaussian_postrelu,1,1173,final,,0.0,recalibrated,3,0.025,-1,1.89623046875,0.285,1.8850498046875,0.296
gaussian_postrelu,1,1173,final,,0.0,recalibrated,3,0.05,1,1.894074951171875,0.277,1.8845034790039064,0.278
gaussian_postrelu,1,1173,final,,0.0,recalibrated,3,0.05,-1,1.9126585693359375,0.284,1.9051504516601563,0.278
gaussian_postrelu,1,1173,final,,0.0,recalibrated,3,0.1,1,1.927364990234375,0.257,1.9213223876953125,0.26
gaussian_postrelu,1,1173,final,,0.0,recalibrated,3,0.1,-1,1.9502784423828126,0.275,1.9577119750976562,0.263
gaussian_postrelu,1,1173,final,,0.0,recalibrated,3,0.2,1,2.027125793457031,0.228,2.022728942871094,0.208
gaussian_postrelu,1,1173,final,,0.0,recalibrated,3,0.2,-1,2.042732177734375,0.216,2.064888671875,0.182
gaussian_postrelu,1,1173,final,,0.0,recalibrated,3,0.25,1,2.0809681396484376,0.206,2.0794508056640626,0.197
gaussian_postrelu,1,1173,final,,0.0,recalibrated,3,0.25,-1,2.0959771728515624,0.194,2.1129669189453124,0.177
gaussian_postrelu,1,1173,before,,1.0,recalibrated,4,0.025,1,1.0993540649414062,0.598,1.1549091186523437,0.57
gaussian_postrelu,1,1173,before,,1.0,recalibrated,4,0.025,-1,1.1116876831054687,0.596,1.1634117431640625,0.565
gaussian_postrelu,1,1173,before,,1.0,recalibrated,4,0.05,1,1.1159317626953125,0.592,1.1775847778320312,0.563
gaussian_postrelu,1,1173,before,,1.0,recalibrated,4,0.05,-1,1.1454347534179687,0.578,1.1981847534179688,0.559
gaussian_postrelu,1,1173,before,,1.0,recalibrated,4,0.1,1,1.2018955688476562,0.568,1.275327392578125,0.549
gaussian_postrelu,1,1173,before,,1.0,recalibrated,4,0.1,-1,1.2717391357421874,0.538,1.3175759887695313,0.528
gaussian_postrelu,1,1173,before,,1.0,recalibrated,4,0.2,1,1.6175550537109376,0.437,1.6668895263671875,0.439
gaussian_postrelu,1,1173,before,,1.0,recalibrated,4,0.2,-1,1.6875889892578124,0.396,1.720720458984375,0.392
gaussian_postrelu,1,1173,before,,1.0,recalibrated,4,0.25,1,1.8646446533203125,0.37,1.8883331298828125,0.378
gaussian_postrelu,1,1173,before,,1.0,recalibrated,4,0.25,-1,1.9339751586914062,0.322,1.977425537109375,0.313
gaussian_postrelu,1,1173,after,,0.85,recalibrated,4,0.025,1,1.091499755859375,0.611,1.13891357421875,0.581
gaussian_postrelu,1,1173,after,,0.85,recalibrated,4,0.025,-1,1.10590771484375,0.594,1.150773193359375,0.573
gaussian_postrelu,1,1173,after,,0.85,recalibrated,4,0.05,1,1.1056876831054687,0.597,1.1589494018554687,0.575
gaussian_postrelu,1,1173,after,,0.85,recalibrated,4,0.05,-1,1.1386333618164062,0.582,1.1848195190429687,0.561
gaussian_postrelu,1,1173,after,,0.85,recalibrated,4,0.1,1,1.1858682861328125,0.565,1.25196484375,0.552
gaussian_postrelu,1,1173,after,,0.85,recalibrated,4,0.1,-1,1.2578253173828124,0.535,1.3001594848632811,0.53
gaussian_postrelu,1,1173,after,,0.85,recalibrated,4,0.2,1,1.5763907470703125,0.446,1.6253056030273438,0.45
gaussian_postrelu,1,1173,after,,0.85,recalibrated,4,0.2,-1,1.6328756103515625,0.41,1.66401806640625,0.397
gaussian_postrelu,1,1173,after,,0.85,recalibrated,4,0.25,1,1.8136138916015625,0.38,1.8369716796875,0.375
gaussian_postrelu,1,1173,after,,0.85,recalibrated,4,0.25,-1,1.8584364013671875,0.336,1.901545166015625,0.324
gaussian_postrelu,1,1173,final,,0.0,recalibrated,4,0.025,1,1.8922509765625,0.279,1.874906982421875,0.28
gaussian_postrelu,1,1173,final,,0.0,recalibrated,4,0.025,-1,1.89151904296875,0.292,1.8838001708984375,0.29
gaussian_postrelu,1,1173,final,,0.0,recalibrated,4,0.05,1,1.9077232666015624,0.272,1.88615185546875,0.273
gaussian_postrelu,1,1173,final,,0.0,recalibrated,4,0.05,-1,1.904998046875,0.294,1.9037658081054687,0.284
gaussian_postrelu,1,1173,final,,0.0,recalibrated,4,0.1,1,1.967637939453125,0.235,1.9425745849609375,0.257
gaussian_postrelu,1,1173,final,,0.0,recalibrated,4,0.1,-1,1.9519696044921875,0.264,1.96170703125,0.266
gaussian_postrelu,1,1173,final,,0.0,recalibrated,4,0.2,1,2.165622802734375,0.175,2.138437744140625,0.181
gaussian_postrelu,1,1173,final,,0.0,recalibrated,4,0.2,-1,2.086091552734375,0.214,2.108492919921875,0.224
gaussian_postrelu,1,1173,final,,0.0,recalibrated,4,0.25,1,2.287395263671875,0.155,2.2556014404296874,0.166
gaussian_postrelu,1,1173,final,,0.0,recalibrated,4,0.25,-1,2.1557958984375,0.189,2.178145751953125,0.201
gaussian_postrelu,1,1173,before,,1.0,recalibrated,5,0.025,1,1.0978670654296876,0.603,1.1467020263671874,0.569
gaussian_postrelu,1,1173,before,,1.0,recalibrated,5,0.025,-1,1.1165787353515626,0.6,1.1767300415039061,0.57
gaussian_postrelu,1,1173,before,,1.0,recalibrated,5,0.05,1,1.1211524658203125,0.587,1.1604764404296875,0.567
gaussian_postrelu,1,1173,before,,1.0,recalibrated,5,0.05,-1,1.1595419311523438,0.586,1.2362061157226563,0.568
gaussian_postrelu,1,1173,before,,1.0,recalibrated,5,0.1,1,1.221396484375,0.554,1.2449331665039063,0.543
gaussian_postrelu,1,1173,before,,1.0,recalibrated,5,0.1,-1,1.2884263916015626,0.545,1.3848939208984374,0.52
gaussian_postrelu,1,1173,before,,1.0,recalibrated,5,0.2,1,1.4994340209960937,0.449,1.520059814453125,0.45
gaussian_postrelu,1,1173,before,,1.0,recalibrated,5,0.2,-1,1.653494873046875,0.424,1.6848071899414063,0.421
gaussian_postrelu,1,1173,before,,1.0,recalibrated,5,0.25,1,1.66734033203125,0.393,1.6882861938476563,0.406
gaussian_postrelu,1,1173,before,,1.0,recalibrated,5,0.25,-1,1.8453423461914062,0.378,1.8554529418945314,0.363
gaussian_postrelu,1,1173,after,,0.85,recalibrated,5,0.025,1,1.09117919921875,0.607,1.1322493896484376,0.573
gaussian_postrelu,1,1173,after,,0.85,recalibrated,5,0.025,-1,1.1100582275390625,0.602,1.16287158203125,0.573
gaussian_postrelu,1,1173,after,,0.85,recalibrated,5,0.05,1,1.1123057861328125,0.6,1.1454825439453125,0.571
gaussian_postrelu,1,1173,after,,0.85,recalibrated,5,0.05,-1,1.152029052734375,0.589,1.218077880859375,0.566
gaussian_postrelu,1,1173,after,,0.85,recalibrated,5,0.1,1,1.2018731689453126,0.558,1.225302490234375,0.551
gaussian_postrelu,1,1173,after,,0.85,recalibrated,5,0.1,-1,1.27353515625,0.539,1.352923095703125,0.521
gaussian_postrelu,1,1173,after,,0.85,recalibrated,5,0.2,1,1.461806396484375,0.465,1.490629150390625,0.472
gaussian_postrelu,1,1173,after,,0.85,recalibrated,5,0.2,-1,1.6062025756835938,0.439,1.6301207275390626,0.432
gaussian_postrelu,1,1173,after,,0.85,recalibrated,5,0.25,1,1.62108447265625,0.414,1.6505751953125,0.396
gaussian_postrelu,1,1173,after,,0.85,recalibrated,5,0.25,-1,1.7837158203125,0.382,1.7913133544921875,0.377
gaussian_postrelu,1,1173,final,,0.0,recalibrated,5,0.025,1,1.8852597045898438,0.288,1.8700365600585938,0.295
gaussian_postrelu,1,1173,final,,0.0,recalibrated,5,0.025,-1,1.8991337280273437,0.289,1.8940028686523438,0.282
gaussian_postrelu,1,1173,final,,0.0,recalibrated,5,0.05,1,1.89536083984375,0.273,1.8800657958984375,0.293
gaussian_postrelu,1,1173,final,,0.0,recalibrated,5,0.05,-1,1.921392578125,0.279,1.9265421142578125,0.275
gaussian_postrelu,1,1173,final,,0.0,recalibrated,5,0.1,1,1.942127197265625,0.261,1.9265784912109376,0.271
gaussian_postrelu,1,1173,final,,0.0,recalibrated,5,0.1,-1,1.9757294921875,0.26,1.9883270263671875,0.258
gaussian_postrelu,1,1173,final,,0.0,recalibrated,5,0.2,1,2.0783446044921874,0.205,2.06581201171875,0.219
gaussian_postrelu,1,1173,final,,0.0,recalibrated,5,0.2,-1,2.091461181640625,0.235,2.0947314453125,0.222
gaussian_postrelu,1,1173,final,,0.0,recalibrated,5,0.25,1,2.154052490234375,0.191,2.1452337646484376,0.199
gaussian_postrelu,1,1173,final,,0.0,recalibrated,5,0.25,-1,2.1459830322265625,0.213,2.1444296875,0.209
gaussian_postrelu,1,1173,before,,1.0,recalibrated,6,0.025,1,1.0919364624023438,0.607,1.1427967529296874,0.577
gaussian_postrelu,1,1173,before,,1.0,recalibrated,6,0.025,-1,1.1190648803710936,0.593,1.1782528686523437,0.562
gaussian_postrelu,1,1173,before,,1.0,recalibrated,6,0.05,1,1.10715185546875,0.589,1.1626610107421875,0.571
gaussian_postrelu,1,1173,before,,1.0,recalibrated,6,0.05,-1,1.1578466796875,0.58,1.2224020385742187,0.54
gaussian_postrelu,1,1173,before,,1.0,recalibrated,6,0.1,1,1.22365966796875,0.56,1.2889873046875,0.53
gaussian_postrelu,1,1173,before,,1.0,recalibrated,6,0.1,-1,1.2756989135742187,0.533,1.3467176513671875,0.518
gaussian_postrelu,1,1173,before,,1.0,recalibrated,6,0.2,1,1.735272216796875,0.388,1.749291259765625,0.384
gaussian_postrelu,1,1173,before,,1.0,recalibrated,6,0.2,-1,1.6107875366210938,0.434,1.67860302734375,0.416
gaussian_postrelu,1,1173,before,,1.0,recalibrated,6,0.25,1,2.0049453125,0.318,1.9849447021484374,0.328
gaussian_postrelu,1,1173,before,,1.0,recalibrated,6,0.25,-1,1.8131014404296875,0.369,1.86278857421875,0.364
gaussian_postrelu,1,1173,after,,0.85,recalibrated,6,0.025,1,1.0858953247070313,0.605,1.1294459838867188,0.577
gaussian_postrelu,1,1173,after,,0.85,recalibrated,6,0.025,-1,1.11214794921875,0.596,1.1629336547851563,0.566
gaussian_postrelu,1,1173,after,,0.85,recalibrated,6,0.05,1,1.1011200561523438,0.601,1.1462910766601562,0.578
gaussian_postrelu,1,1173,after,,0.85,recalibrated,6,0.05,-1,1.1491743774414063,0.579,1.2054124755859374,0.548
gaussian_postrelu,1,1173,after,,0.85,recalibrated,6,0.1,1,1.2104381713867187,0.56,1.2641043090820312,0.538
gaussian_postrelu,1,1173,after,,0.85,recalibrated,6,0.1,-1,1.26042138671875,0.532,1.3250386962890626,0.526
gaussian_postrelu,1,1173,after,,0.85,recalibrated,6,0.2,1,1.6821954956054688,0.394,1.6838231201171876,0.401
gaussian_postrelu,1,1173,after,,0.85,recalibrated,6,0.2,-1,1.5641221313476563,0.447,1.6327518920898438,0.419
gaussian_postrelu,1,1173,after,,0.85,recalibrated,6,0.25,1,1.930262939453125,0.317,1.911492431640625,0.333
gaussian_postrelu,1,1173,after,,0.85,recalibrated,6,0.25,-1,1.7453734130859375,0.386,1.8007428588867187,0.363
gaussian_postrelu,1,1173,final,,0.0,recalibrated,6,0.025,1,1.888848388671875,0.296,1.8715150756835937,0.295
gaussian_postrelu,1,1173,final,,0.0,recalibrated,6,0.025,-1,1.894983642578125,0.283,1.889512451171875,0.279
gaussian_postrelu,1,1173,final,,0.0,recalibrated,6,0.05,1,1.9034108276367188,0.286,1.883274169921875,0.288
gaussian_postrelu,1,1173,final,,0.0,recalibrated,6,0.05,-1,1.9114926147460938,0.286,1.9148816528320312,0.265
gaussian_postrelu,1,1173,final,,0.0,recalibrated,6,0.1,1,1.96977880859375,0.261,1.9444906005859375,0.274
gaussian_postrelu,1,1173,final,,0.0,recalibrated,6,0.1,-1,1.9589842529296875,0.249,1.9754490356445313,0.243
gaussian_postrelu,1,1173,final,,0.0,recalibrated,6,0.2,1,2.1658631591796875,0.188,2.1345618896484373,0.213
gaussian_postrelu,1,1173,final,,0.0,recalibrated,6,0.2,-1,2.065099853515625,0.215,2.0914007568359376,0.215
gaussian_postrelu,1,1173,final,,0.0,recalibrated,6,0.25,1,2.2537314453125,0.16,2.222326171875,0.182
gaussian_postrelu,1,1173,final,,0.0,recalibrated,6,0.25,-1,2.11913671875,0.205,2.1437657470703124,0.202
gaussian_postrelu,1,1173,before,,1.0,recalibrated,7,0.025,1,1.0851143188476562,0.608,1.1448008422851563,0.575
gaussian_postrelu,1,1173,before,,1.0,recalibrated,7,0.025,-1,1.1393544311523438,0.59,1.1938053588867188,0.553
gaussian_postrelu,1,1173,before,,1.0,recalibrated,7,0.05,1,1.0971571655273438,0.605,1.1600040893554688,0.567
gaussian_postrelu,1,1173,before,,1.0,recalibrated,7,0.05,-1,1.2232415771484375,0.552,1.2753992309570312,0.53
gaussian_postrelu,1,1173,before,,1.0,recalibrated,7,0.1,1,1.1933508911132813,0.563,1.23740771484375,0.558
gaussian_postrelu,1,1173,before,,1.0,recalibrated,7,0.1,-1,1.4519653930664063,0.473,1.4780208740234375,0.463
gaussian_postrelu,1,1173,before,,1.0,recalibrated,7,0.2,1,1.5216790161132812,0.459,1.5628031005859375,0.44
gaussian_postrelu,1,1173,before,,1.0,recalibrated,7,0.2,-1,2.0224241943359376,0.339,1.99777685546875,0.327
gaussian_postrelu,1,1173,before,,1.0,recalibrated,7,0.25,1,1.6945808715820312,0.395,1.741680419921875,0.399
gaussian_postrelu,1,1173,before,,1.0,recalibrated,7,0.25,-1,2.318094970703125,0.267,2.2697314453125,0.264
gaussian_postrelu,1,1173,after,,0.85,recalibrated,7,0.025,1,1.0824722900390624,0.609,1.1306093139648437,0.574
gaussian_postrelu,1,1173,after,,0.85,recalibrated,7,0.025,-1,1.1286939697265626,0.592,1.1746751708984375,0.566
gaussian_postrelu,1,1173,after,,0.85,recalibrated,7,0.05,1,1.0955753784179687,0.607,1.1440078125,0.575
gaussian_postrelu,1,1173,after,,0.85,recalibrated,7,0.05,-1,1.2047643432617188,0.57,1.24681005859375,0.534
gaussian_postrelu,1,1173,after,,0.85,recalibrated,7,0.1,1,1.187491943359375,0.569,1.2194125366210937,0.557
gaussian_postrelu,1,1173,after,,0.85,recalibrated,7,0.1,-1,1.41602392578125,0.488,1.4362939453125,0.485
gaussian_postrelu,1,1173,after,,0.85,recalibrated,7,0.2,1,1.4993890380859376,0.449,1.531087158203125,0.439
gaussian_postrelu,1,1173,after,,0.85,recalibrated,7,0.2,-1,1.9625029296875,0.347,1.9281607666015625,0.333
gaussian_postrelu,1,1173,after,,0.85,recalibrated,7,0.25,1,1.6610592041015626,0.396,1.696706298828125,0.385
gaussian_postrelu,1,1173,after,,0.85,recalibrated,7,0.25,-1,2.2397479248046874,0.268,2.1855928955078125,0.267
gaussian_postrelu,1,1173,final,,0.0,recalibrated,7,0.025,1,1.8663314208984374,0.309,1.8529022216796875,0.297
gaussian_postrelu,1,1173,final,,0.0,recalibrated,7,0.025,-1,1.9245408935546875,0.275,1.9150587158203125,0.272
gaussian_postrelu,1,1173,final,,0.0,recalibrated,7,0.05,1,1.8599125366210938,0.3,1.8495718383789062,0.306
gaussian_postrelu,1,1173,final,,0.0,recalibrated,7,0.05,-1,1.9773636474609375,0.252,1.9697478637695311,0.25
gaussian_postrelu,1,1173,final,,0.0,recalibrated,7,0.1,1,1.8828010864257811,0.305,1.874042236328125,0.299
gaussian_postrelu,1,1173,final,,0.0,recalibrated,7,0.1,-1,2.0880498046875,0.209,2.0846519775390626,0.215
gaussian_postrelu,1,1173,final,,0.0,recalibrated,7,0.2,1,1.9788159790039062,0.281,1.9757188110351562,0.248
gaussian_postrelu,1,1173,final,,0.0,recalibrated,7,0.2,-1,2.282998291015625,0.147,2.2722984619140627,0.166
gaussian_postrelu,1,1173,final,,0.0,recalibrated,7,0.25,1,2.033832763671875,0.256,2.0324722900390624,0.226
gaussian_postrelu,1,1173,final,,0.0,recalibrated,7,0.25,-1,2.3746475830078126,0.145,2.35427783203125,0.149
gaussian_postrelu,1,1173,before,,1.0,recalibrated,8,0.025,1,1.1065838623046875,0.599,1.1521300659179687,0.57
gaussian_postrelu,1,1173,before,,1.0,recalibrated,8,0.025,-1,1.1044345703125,0.594,1.1663248291015624,0.573
gaussian_postrelu,1,1173,before,,1.0,recalibrated,8,0.05,1,1.1372862548828124,0.593,1.1719512329101562,0.559
gaussian_postrelu,1,1173,before,,1.0,recalibrated,8,0.05,-1,1.1358265991210938,0.583,1.2100564575195312,0.56
gaussian_postrelu,1,1173,before,,1.0,recalibrated,8,0.1,1,1.2635924072265625,0.567,1.27358984375,0.53
gaussian_postrelu,1,1173,before,,1.0,recalibrated,8,0.1,-1,1.286116455078125,0.518,1.3709125366210937,0.514
gaussian_postrelu,1,1173,before,,1.0,recalibrated,8,0.2,1,1.6225548095703124,0.437,1.615246337890625,0.439
gaussian_postrelu,1,1173,before,,1.0,recalibrated,8,0.2,-1,1.7608701782226563,0.415,1.8658888549804689,0.4
gaussian_postrelu,1,1173,before,,1.0,recalibrated,8,0.25,1,1.8088782348632813,0.366,1.7884800415039062,0.377
gaussian_postrelu,1,1173,before,,1.0,recalibrated,8,0.25,-1,1.9947660522460937,0.347,2.0869078369140626,0.346
gaussian_postrelu,1,1173,after,,0.85,recalibrated,8,0.025,1,1.0955301513671876,0.613,1.1359111938476563,0.576
gaussian_postrelu,1,1173,after,,0.85,recalibrated,8,0.025,-1,1.101433837890625,0.598,1.15295166015625,0.57
gaussian_postrelu,1,1173,after,,0.85,recalibrated,8,0.05,1,1.121337890625,0.601,1.1531270751953124,0.571
gaussian_postrelu,1,1173,after,,0.85,recalibrated,8,0.05,-1,1.134005126953125,0.589,1.1932630615234374,0.557
gaussian_postrelu,1,1173,after,,0.85,recalibrated,8,0.1,1,1.2390098266601564,0.575,1.2487738037109375,0.532
gaussian_postrelu,1,1173,after,,0.85,recalibrated,8,0.1,-1,1.27226708984375,0.535,1.3388892822265626,0.511
gaussian_postrelu,1,1173,after,,0.85,recalibrated,8,0.2,1,1.5774074096679687,0.447,1.5659467163085938,0.454
gaussian_postrelu,1,1173,after,,0.85,recalibrated,8,0.2,-1,1.7155718383789063,0.409,1.81362890625,0.386
gaussian_postrelu,1,1173,after,,0.85,recalibrated,8,0.25,1,1.7528341674804688,0.381,1.7268941040039063,0.394
gaussian_postrelu,1,1173,after,,0.85,recalibrated,8,0.25,-1,1.9435733642578126,0.344,2.030260559082031,0.352
gaussian_postrelu,1,1173,final,,0.0,recalibrated,8,0.025,1,1.8939344482421876,0.292,1.8785700073242189,0.285
gaussian_postrelu,1,1173,final,,0.0,recalibrated,8,0.025,-1,1.8910361328125,0.291,1.8850645751953126,0.289
gaussian_postrelu,1,1173,final,,0.0,recalibrated,8,0.05,1,1.9122962646484376,0.289,1.8980377807617188,0.268
gaussian_postrelu,1,1173,final,,0.0,recalibrated,8,0.05,-1,1.9073624267578124,0.289,1.9107030029296874,0.282
gaussian_postrelu,1,1173,final,,0.0,recalibrated,8,0.1,1,1.9705286865234375,0.276,1.9598734130859374,0.245
gaussian_postrelu,1,1173,final,,0.0,recalibrated,8,0.1,-1,1.9704114990234376,0.263,1.9989716796875,0.266
gaussian_postrelu,1,1173,final,,0.0,recalibrated,8,0.2,1,2.1066768798828126,0.21,2.0889774169921873,0.21
gaussian_postrelu,1,1173,final,,0.0,recalibrated,8,0.2,-1,2.16177685546875,0.192,2.2226175537109376,0.201
gaussian_postrelu,1,1173,final,,0.0,recalibrated,8,0.25,1,2.162104248046875,0.185,2.150799072265625,0.168
gaussian_postrelu,1,1173,final,,0.0,recalibrated,8,0.25,-1,2.264355712890625,0.169,2.325714599609375,0.174
gaussian_postrelu,1,1173,before,,1.0,recalibrated,9,0.025,1,1.1142718505859375,0.597,1.1520277709960938,0.563
gaussian_postrelu,1,1173,before,,1.0,recalibrated,9,0.025,-1,1.0968027954101562,0.595,1.1625226440429688,0.569
gaussian_postrelu,1,1173,before,,1.0,recalibrated,9,0.05,1,1.1465894165039063,0.583,1.1677405395507812,0.557
gaussian_postrelu,1,1173,before,,1.0,recalibrated,9,0.05,-1,1.1174747924804687,0.593,1.1943616333007812,0.565
gaussian_postrelu,1,1173,before,,1.0,recalibrated,9,0.1,1,1.2521594848632813,0.552,1.2305511474609374,0.542
gaussian_postrelu,1,1173,before,,1.0,recalibrated,9,0.1,-1,1.2070912475585938,0.563,1.2916106567382812,0.537
gaussian_postrelu,1,1173,before,,1.0,recalibrated,9,0.2,1,1.508699951171875,0.464,1.4524825439453124,0.462
gaussian_postrelu,1,1173,before,,1.0,recalibrated,9,0.2,-1,1.5502042846679687,0.444,1.630628173828125,0.423
gaussian_postrelu,1,1173,before,,1.0,recalibrated,9,0.25,1,1.6247335205078124,0.429,1.5747415771484374,0.434
gaussian_postrelu,1,1173,before,,1.0,recalibrated,9,0.25,-1,1.7590643310546874,0.37,1.8354412231445312,0.362
gaussian_postrelu,1,1173,after,,0.85,recalibrated,9,0.025,1,1.1031586303710939,0.606,1.1369859008789063,0.568
gaussian_postrelu,1,1173,after,,0.85,recalibrated,9,0.025,-1,1.0932939453125,0.601,1.1481255493164062,0.587
gaussian_postrelu,1,1173,after,,0.85,recalibrated,9,0.05,1,1.1292465209960938,0.588,1.1497481689453124,0.563
gaussian_postrelu,1,1173,after,,0.85,recalibrated,9,0.05,-1,1.1149783325195313,0.589,1.1755927734375,0.568
gaussian_postrelu,1,1173,after,,0.85,recalibrated,9,0.1,1,1.2210791015625,0.561,1.2059515991210938,0.555
gaussian_postrelu,1,1173,after,,0.85,recalibrated,9,0.1,-1,1.2017655639648437,0.567,1.2652771606445312,0.549
gaussian_postrelu,1,1173,after,,0.85,recalibrated,9,0.2,1,1.4600902099609374,0.476,1.4121002807617187,0.479
gaussian_postrelu,1,1173,after,,0.85,recalibrated,9,0.2,-1,1.5174337158203124,0.456,1.574776123046875,0.441
gaussian_postrelu,1,1173,after,,0.85,recalibrated,9,0.25,1,1.5729925537109375,0.439,1.5290712890625,0.444
gaussian_postrelu,1,1173,after,,0.85,recalibrated,9,0.25,-1,1.71770703125,0.383,1.7680144653320313,0.373
gaussian_postrelu,1,1173,final,,0.0,recalibrated,9,0.025,1,1.8763391723632812,0.301,1.86613134765625,0.295
gaussian_postrelu,1,1173,final,,0.0,recalibrated,9,0.025,-1,1.9035238037109374,0.287,1.8893954467773437,0.278
gaussian_postrelu,1,1173,final,,0.0,recalibrated,9,0.05,1,1.8729972534179689,0.296,1.8664564208984376,0.302
gaussian_postrelu,1,1173,final,,0.0,recalibrated,9,0.05,-1,1.9246740112304688,0.285,1.91493701171875,0.263
gaussian_postrelu,1,1173,final,,0.0,recalibrated,9,0.1,1,1.8828368530273438,0.288,1.8790414428710938,0.29
gaussian_postrelu,1,1173,final,,0.0,recalibrated,9,0.1,-1,1.9876504516601563,0.247,1.9882704467773438,0.237
gaussian_postrelu,1,1173,final,,0.0,recalibrated,9,0.2,1,1.9422152709960938,0.265,1.9490084838867188,0.265
gaussian_postrelu,1,1173,final,,0.0,recalibrated,9,0.2,-1,2.1433857421875,0.181,2.15833740234375,0.183
gaussian_postrelu,1,1173,final,,0.0,recalibrated,9,0.25,1,1.9788615112304688,0.257,1.9890419311523437,0.254
gaussian_postrelu,1,1173,final,,0.0,recalibrated,9,0.25,-1,2.228966552734375,0.169,2.241321044921875,0.162
gaussian_postrelu,1,8211,before,,0.3,saved,,0.0,0,0.36597352600097655,0.883,0.581534423828125,0.789
gaussian_postrelu,1,8211,before,,0.3,recalibrated,,0.0,0,0.35592762756347657,0.888,0.5702833099365234,0.792
gaussian_postrelu,1,8211,before,,0.3,recalibrated,0,0.025,1,0.361982421875,0.876,0.5871730346679688,0.79
gaussian_postrelu,1,8211,before,,0.3,recalibrated,0,0.025,-1,0.3662885284423828,0.881,0.5676172943115234,0.785
gaussian_postrelu,1,8211,before,,0.3,recalibrated,0,0.05,1,0.38347444152832033,0.867,0.6136356201171875,0.782
gaussian_postrelu,1,8211,before,,0.3,recalibrated,0,0.05,-1,0.39317449951171873,0.871,0.5772776336669921,0.787
gaussian_postrelu,1,8211,before,,0.3,recalibrated,0,0.1,1,0.49298973083496095,0.835,0.7147510375976562,0.756
gaussian_postrelu,1,8211,before,,0.3,recalibrated,0,0.1,-1,0.4930636596679687,0.838,0.654817138671875,0.771
gaussian_postrelu,1,8211,before,,0.3,recalibrated,0,0.2,1,0.9707539367675782,0.668,1.1441573791503907,0.628
gaussian_postrelu,1,8211,before,,0.3,recalibrated,0,0.2,-1,0.8372100830078125,0.719,0.9550732421875,0.683
gaussian_postrelu,1,8211,before,,0.3,recalibrated,0,0.25,1,1.2717341918945313,0.587,1.4316292724609374,0.554
gaussian_postrelu,1,8211,before,,0.3,recalibrated,0,0.25,-1,1.107802734375,0.64,1.2074509887695313,0.602
gaussian_postrelu,1,8211,after,,0.0,saved,,0.0,0,0.3779031829833984,0.877,0.5936226196289063,0.782
gaussian_postrelu,1,8211,after,,0.0,recalibrated,,0.0,0,0.3633826904296875,0.887,0.5770408020019532,0.79
gaussian_postrelu,1,8211,after,,0.0,recalibrated,0,0.025,1,0.3692724609375,0.877,0.594120849609375,0.785
gaussian_postrelu,1,8211,after,,0.0,recalibrated,0,0.025,-1,0.37311956787109374,0.879,0.5744859466552734,0.787
gaussian_postrelu,1,8211,after,,0.0,recalibrated,0,0.05,1,0.3917657165527344,0.868,0.6210224304199219,0.779
gaussian_postrelu,1,8211,after,,0.0,recalibrated,0,0.05,-1,0.39991091918945315,0.87,0.5844386291503906,0.783
gaussian_postrelu,1,8211,after,,0.0,recalibrated,0,0.1,1,0.5024621124267579,0.827,0.7233807983398437,0.753
gaussian_postrelu,1,8211,after,,0.0,recalibrated,0,0.1,-1,0.5010630798339843,0.835,0.662392578125,0.764
gaussian_postrelu,1,8211,after,,0.0,recalibrated,0,0.2,1,0.9801698608398437,0.664,1.1536539306640625,0.617
gaussian_postrelu,1,8211,after,,0.0,recalibrated,0,0.2,-1,0.84611083984375,0.712,0.9615184936523438,0.677
gaussian_postrelu,1,8211,after,,0.0,recalibrated,0,0.25,1,1.2805350341796875,0.581,1.4439990234375,0.547
gaussian_postrelu,1,8211,after,,0.0,recalibrated,0,0.25,-1,1.1146083984375,0.631,1.2123635864257813,0.597
gaussian_postrelu,1,8211,before,,0.3,recalibrated,1,0.025,1,0.37717578125,0.885,0.5921778259277344,0.788
gaussian_postrelu,1,8211,before,,0.3,recalibrated,1,0.025,-1,0.363877685546875,0.881,0.577069091796875,0.793
gaussian_postrelu,1,8211,before,,0.3,recalibrated,1,0.05,1,0.4440140380859375,0.861,0.6621129455566406,0.775
gaussian_postrelu,1,8211,before,,0.3,recalibrated,1,0.05,-1,0.39939939880371095,0.858,0.6098203430175781,0.78
gaussian_postrelu,1,8211,before,,0.3,recalibrated,1,0.1,1,0.76062451171875,0.779,0.997487548828125,0.694
gaussian_postrelu,1,8211,before,,0.3,recalibrated,1,0.1,-1,0.5680694885253906,0.809,0.7518891906738281,0.74
gaussian_postrelu,1,8211,before,,0.3,recalibrated,1,0.2,1,1.4575191650390624,0.559,1.6418483276367188,0.529
gaussian_postrelu,1,8211,before,,0.3,recalibrated,1,0.2,-1,1.22948779296875,0.604,1.3387349853515624,0.567
gaussian_postrelu,1,8211,before,,0.3,recalibrated,1,0.25,1,1.7918309936523438,0.49,1.9154332275390624,0.463
gaussian_postrelu,1,8211,before,,0.3,recalibrated,1,0.25,-1,1.6171160278320313,0.498,1.703415283203125,0.486
gaussian_postrelu,1,8211,after,,0.0,recalibrated,1,0.025,1,0.3847266387939453,0.884,0.59973779296875,0.786
gaussian_postrelu,1,8211,after,,0.0,recalibrated,1,0.025,-1,0.3713311004638672,0.879,0.5846148071289062,0.788
gaussian_postrelu,1,8211,after,,0.0,recalibrated,1,0.05,1,0.4518240356445313,0.854,0.6683828735351562,0.774
gaussian_postrelu,1,8211,after,,0.0,recalibrated,1,0.05,-1,0.4066555328369141,0.858,0.6179702453613282,0.776
gaussian_postrelu,1,8211,after,,0.0,recalibrated,1,0.1,1,0.766634033203125,0.772,1.0013825073242189,0.695
gaussian_postrelu,1,8211,after,,0.0,recalibrated,1,0.1,-1,0.5749556884765625,0.799,0.7591531982421875,0.74
gaussian_postrelu,1,8211,after,,0.0,recalibrated,1,0.2,1,1.4576278686523438,0.558,1.642361328125,0.525
gaussian_postrelu,1,8211,after,,0.0,recalibrated,1,0.2,-1,1.2365772705078124,0.599,1.3423512573242187,0.562
gaussian_postrelu,1,8211,after,,0.0,recalibrated,1,0.25,1,1.7888597412109375,0.493,1.9123754272460938,0.46
gaussian_postrelu,1,8211,after,,0.0,recalibrated,1,0.25,-1,1.6206290893554687,0.49,1.7047055053710938,0.483
gaussian_postrelu,1,8211,before,,0.3,recalibrated,2,0.025,1,0.37512506103515625,0.878,0.5912604370117187,0.785
gaussian_postrelu,1,8211,before,,0.3,recalibrated,2,0.025,-1,0.36658290100097657,0.886,0.5737284698486328,0.801
gaussian_postrelu,1,8211,before,,0.3,recalibrated,2,0.05,1,0.4224890899658203,0.86,0.6300041809082031,0.781
gaussian_postrelu,1,8211,before,,0.3,recalibrated,2,0.05,-1,0.4087752990722656,0.86,0.5999557800292968,0.798
gaussian_postrelu,1,8211,before,,0.3,recalibrated,2,0.1,1,0.61250537109375,0.79,0.7936399536132812,0.746
gaussian_postrelu,1,8211,before,,0.3,recalibrated,2,0.1,-1,0.561220458984375,0.802,0.7146024169921875,0.762
gaussian_postrelu,1,8211,before,,0.3,recalibrated,2,0.2,1,1.2164281616210937,0.607,1.375003662109375,0.56
gaussian_postrelu,1,8211,before,,0.3,recalibrated,2,0.2,-1,1.0802813720703126,0.652,1.1580051879882813,0.639
gaussian_postrelu,1,8211,before,,0.3,recalibrated,2,0.25,1,1.5515242919921874,0.51,1.6710740966796875,0.472
gaussian_postrelu,1,8211,before,,0.3,recalibrated,2,0.25,-1,1.3906973876953126,0.582,1.4393731689453124,0.559
gaussian_postrelu,1,8211,after,,0.0,recalibrated,2,0.025,1,0.38331932067871094,0.877,0.5991124267578125,0.781
gaussian_postrelu,1,8211,after,,0.0,recalibrated,2,0.025,-1,0.373392578125,0.879,0.579484619140625,0.797
gaussian_postrelu,1,8211,after,,0.0,recalibrated,2,0.05,1,0.43096337890625,0.859,0.6385465698242188,0.776
gaussian_postrelu,1,8211,after,,0.0,recalibrated,2,0.05,-1,0.4157436065673828,0.853,0.6059678955078125,0.795
gaussian_postrelu,1,8211,after,,0.0,recalibrated,2,0.1,1,0.6221964111328125,0.787,0.8026662902832031,0.741
gaussian_postrelu,1,8211,after,,0.0,recalibrated,2,0.1,-1,0.567907958984375,0.799,0.7196525268554688,0.76
gaussian_postrelu,1,8211,after,,0.0,recalibrated,2,0.2,1,1.2215669555664062,0.608,1.37861376953125,0.559
gaussian_postrelu,1,8211,after,,0.0,recalibrated,2,0.2,-1,1.08397216796875,0.648,1.1613406372070312,0.643
gaussian_postrelu,1,8211,after,,0.0,recalibrated,2,0.25,1,1.5557459106445313,0.509,1.6731094360351562,0.467
gaussian_postrelu,1,8211,after,,0.0,recalibrated,2,0.25,-1,1.3936840209960937,0.582,1.4429202880859375,0.552
gaussian_postrelu,1,8211,before,,0.3,recalibrated,3,0.025,1,0.3716808013916016,0.88,0.5796544494628906,0.787
gaussian_postrelu,1,8211,before,,0.3,recalibrated,3,0.025,-1,0.3607758483886719,0.882,0.5850156860351563,0.788
gaussian_postrelu,1,8211,before,,0.3,recalibrated,3,0.05,1,0.4087741546630859,0.862,0.6022172546386719,0.777
gaussian_postrelu,1,8211,before,,0.3,recalibrated,3,0.05,-1,0.39232545471191405,0.869,0.6188806762695312,0.787
gaussian_postrelu,1,8211,before,,0.3,recalibrated,3,0.1,1,0.5483733520507813,0.814,0.7038994445800781,0.743
gaussian_postrelu,1,8211,before,,0.3,recalibrated,3,0.1,-1,0.5378870239257812,0.813,0.7612716674804687,0.744
gaussian_postrelu,1,8211,before,,0.3,recalibrated,3,0.2,1,1.0283944396972655,0.644,1.1127166137695312,0.625
gaussian_postrelu,1,8211,before,,0.3,recalibrated,3,0.2,-1,1.1987005615234374,0.597,1.3461646728515626,0.562
gaussian_postrelu,1,8211,before,,0.3,recalibrated,3,0.25,1,1.3206590576171875,0.565,1.372884521484375,0.532
gaussian_postrelu,1,8211,before,,0.3,recalibrated,3,0.25,-1,1.6842200927734374,0.48,1.7962642822265624,0.462
gaussian_postrelu,1,8211,after,,0.0,recalibrated,3,0.025,1,0.3787850494384766,0.877,0.5874371948242187,0.779
gaussian_postrelu,1,8211,after,,0.0,recalibrated,3,0.025,-1,0.36841592407226564,0.88,0.5916383972167969,0.784
gaussian_postrelu,1,8211,after,,0.0,recalibrated,3,0.05,1,0.4158345184326172,0.862,0.61072412109375,0.777
gaussian_postrelu,1,8211,after,,0.0,recalibrated,3,0.05,-1,0.40040939331054687,0.864,0.625827392578125,0.78
gaussian_postrelu,1,8211,after,,0.0,recalibrated,3,0.1,1,0.5536031799316407,0.813,0.7122550354003906,0.74
gaussian_postrelu,1,8211,after,,0.0,recalibrated,3,0.1,-1,0.546849609375,0.808,0.7679462585449218,0.734
gaussian_postrelu,1,8211,after,,0.0,recalibrated,3,0.2,1,1.0326674194335939,0.639,1.1168489990234376,0.623
gaussian_postrelu,1,8211,after,,0.0,recalibrated,3,0.2,-1,1.2015302734375,0.593,1.349480712890625,0.556
gaussian_postrelu,1,8211,after,,0.0,recalibrated,3,0.25,1,1.32181298828125,0.565,1.374077392578125,0.526
gaussian_postrelu,1,8211,after,,0.0,recalibrated,3,0.25,-1,1.6801109008789064,0.473,1.7922208251953125,0.447
gaussian_postrelu,1,8211,before,,0.3,recalibrated,4,0.025,1,0.3676954803466797,0.877,0.5717194519042968,0.794
gaussian_postrelu,1,8211,before,,0.3,recalibrated,4,0.025,-1,0.3704873657226562,0.881,0.5841224975585938,0.792
gaussian_postrelu,1,8211,before,,0.3,recalibrated,4,0.05,1,0.4022991943359375,0.858,0.5873609924316406,0.789
gaussian_postrelu,1,8211,before,,0.3,recalibrated,4,0.05,-1,0.40967730712890627,0.861,0.6139293823242188,0.783
gaussian_postrelu,1,8211,before,,0.3,recalibrated,4,0.1,1,0.5207663421630859,0.82,0.6814927368164062,0.766
gaussian_postrelu,1,8211,before,,0.3,recalibrated,4,0.1,-1,0.5756658630371094,0.794,0.7577341918945313,0.741
gaussian_postrelu,1,8211,before,,0.3,recalibrated,4,0.2,1,1.027960693359375,0.658,1.2135084838867187,0.619
gaussian_postrelu,1,8211,before,,0.3,recalibrated,4,0.2,-1,1.1895606079101562,0.62,1.3386521606445312,0.58
gaussian_postrelu,1,8211,before,,0.3,recalibrated,4,0.25,1,1.3907520751953124,0.561,1.5923110961914062,0.549
gaussian_postrelu,1,8211,before,,0.3,recalibrated,4,0.25,-1,1.5801298828125,0.51,1.697554443359375,0.496
gaussian_postrelu,1,8211,after,,0.0,recalibrated,4,0.025,1,0.3751794891357422,0.875,0.5794529113769531,0.789
gaussian_postrelu,1,8211,after,,0.0,recalibrated,4,0.025,-1,0.3774394989013672,0.878,0.5909086303710938,0.789
gaussian_postrelu,1,8211,after,,0.0,recalibrated,4,0.05,1,0.40943313598632813,0.864,0.5952468566894531,0.785
gaussian_postrelu,1,8211,after,,0.0,recalibrated,4,0.05,-1,0.41670716857910156,0.858,0.620783935546875,0.782
gaussian_postrelu,1,8211,after,,0.0,recalibrated,4,0.1,1,0.5296563568115235,0.818,0.6902276611328125,0.767
gaussian_postrelu,1,8211,after,,0.0,recalibrated,4,0.1,-1,0.5833486938476562,0.794,0.7650509338378906,0.74
gaussian_postrelu,1,8211,after,,0.0,recalibrated,4,0.2,1,1.0427979736328126,0.652,1.2213040161132813,0.613
gaussian_postrelu,1,8211,after,,0.0,recalibrated,4,0.2,-1,1.1917130737304686,0.615,1.3401669921875,0.583
gaussian_postrelu,1,8211,after,,0.0,recalibrated,4,0.25,1,1.4070471801757813,0.554,1.599965576171875,0.543
gaussian_postrelu,1,8211,after,,0.0,recalibrated,4,0.25,-1,1.57716015625,0.507,1.6947889404296874,0.484
gaussian_postrelu,1,8211,before,,0.3,recalibrated,5,0.025,1,0.36517779541015627,0.886,0.5825223693847656,0.788
gaussian_postrelu,1,8211,before,,0.3,recalibrated,5,0.025,-1,0.38830126953125,0.881,0.5959534301757813,0.791
gaussian_postrelu,1,8211,before,,0.3,recalibrated,5,0.05,1,0.41957046508789064,0.845,0.6279497985839844,0.782
gaussian_postrelu,1,8211,before,,0.3,recalibrated,5,0.05,-1,0.4808221893310547,0.849,0.6976158447265625,0.758
gaussian_postrelu,1,8211,before,,0.3,recalibrated,5,0.1,1,0.6190927734375,0.789,0.8152144470214844,0.726
gaussian_postrelu,1,8211,before,,0.3,recalibrated,5,0.1,-1,0.7858608703613281,0.75,0.99388818359375,0.677
gaussian_postrelu,1,8211,before,,0.3,recalibrated,5,0.2,1,1.1144120483398436,0.632,1.3219334716796876,0.587
gaussian_postrelu,1,8211,before,,0.3,recalibrated,5,0.2,-1,1.5369330444335938,0.55,1.6546612548828126,0.509
gaussian_postrelu,1,8211,before,,0.3,recalibrated,5,0.25,1,1.3866455078125,0.577,1.620458984375,0.51
gaussian_postrelu,1,8211,before,,0.3,recalibrated,5,0.25,-1,1.9366831665039062,0.448,2.004927734375,0.433
gaussian_postrelu,1,8211,after,,0.0,recalibrated,5,0.025,1,0.37269551086425784,0.877,0.5894999694824219,0.787
gaussian_postrelu,1,8211,after,,0.0,recalibrated,5,0.025,-1,0.3960198669433594,0.878,0.6032391052246093,0.786
gaussian_postrelu,1,8211,after,,0.0,recalibrated,5,0.05,1,0.42742230224609373,0.843,0.6356878356933594,0.779
gaussian_postrelu,1,8211,after,,0.0,recalibrated,5,0.05,-1,0.48936578369140626,0.844,0.7035496215820313,0.754
gaussian_postrelu,1,8211,after,,0.0,recalibrated,5,0.1,1,0.6278484497070312,0.782,0.8239804077148437,0.724
gaussian_postrelu,1,8211,after,,0.0,recalibrated,5,0.1,-1,0.7936852416992187,0.742,0.9969554443359375,0.681
gaussian_postrelu,1,8211,after,,0.0,recalibrated,5,0.2,1,1.1210803833007812,0.631,1.326986328125,0.584
gaussian_postrelu,1,8211,after,,0.0,recalibrated,5,0.2,-1,1.5374595947265626,0.545,1.6510029296875,0.504
gaussian_postrelu,1,8211,after,,0.0,recalibrated,5,0.25,1,1.3930362548828126,0.571,1.6227752075195312,0.509
gaussian_postrelu,1,8211,after,,0.0,recalibrated,5,0.25,-1,1.931563232421875,0.441,1.9936539306640626,0.427
gaussian_postrelu,1,8211,before,,0.3,recalibrated,6,0.025,1,0.36311099243164063,0.882,0.5809790649414063,0.79
gaussian_postrelu,1,8211,before,,0.3,recalibrated,6,0.025,-1,0.37422140502929685,0.883,0.5872262878417969,0.792
gaussian_postrelu,1,8211,before,,0.3,recalibrated,6,0.05,1,0.3969792633056641,0.873,0.6192949829101563,0.777
gaussian_postrelu,1,8211,before,,0.3,recalibrated,6,0.05,-1,0.41586761474609374,0.862,0.6254602355957031,0.78
gaussian_postrelu,1,8211,before,,0.3,recalibrated,6,0.1,1,0.5633027038574219,0.808,0.761843994140625,0.742
gaussian_postrelu,1,8211,before,,0.3,recalibrated,6,0.1,-1,0.6023466186523437,0.782,0.7888499145507812,0.736
gaussian_postrelu,1,8211,before,,0.3,recalibrated,6,0.2,1,1.18583056640625,0.614,1.3429400634765625,0.571
gaussian_postrelu,1,8211,before,,0.3,recalibrated,6,0.2,-1,1.1579140014648437,0.632,1.2978905639648437,0.59
gaussian_postrelu,1,8211,before,,0.3,recalibrated,6,0.25,1,1.5461302490234374,0.52,1.700930419921875,0.472
gaussian_postrelu,1,8211,before,,0.3,recalibrated,6,0.25,-1,1.480807861328125,0.531,1.5910068969726563,0.512
gaussian_postrelu,1,8211,after,,0.0,recalibrated,6,0.025,1,0.3699808044433594,0.88,0.5887378234863281,0.788
gaussian_postrelu,1,8211,after,,0.0,recalibrated,6,0.025,-1,0.38130450439453123,0.88,0.5938620300292968,0.786
gaussian_postrelu,1,8211,after,,0.0,recalibrated,6,0.05,1,0.40373193359375,0.871,0.6270689086914063,0.772
gaussian_postrelu,1,8211,after,,0.0,recalibrated,6,0.05,-1,0.4229504241943359,0.856,0.6318204650878906,0.778
gaussian_postrelu,1,8211,after,,0.0,recalibrated,6,0.1,1,0.5703643798828125,0.806,0.7683272094726562,0.743
gaussian_postrelu,1,8211,after,,0.0,recalibrated,6,0.1,-1,0.6081138305664062,0.782,0.7933313293457032,0.738
gaussian_postrelu,1,8211,after,,0.0,recalibrated,6,0.2,1,1.191459716796875,0.61,1.3466644897460938,0.563
gaussian_postrelu,1,8211,after,,0.0,recalibrated,6,0.2,-1,1.1591771850585937,0.629,1.29734619140625,0.587
gaussian_postrelu,1,8211,after,,0.0,recalibrated,6,0.25,1,1.5470596313476563,0.516,1.7013209838867187,0.469
gaussian_postrelu,1,8211,after,,0.0,recalibrated,6,0.25,-1,1.4776597900390624,0.534,1.5885274658203126,0.509
gaussian_postrelu,1,8211,before,,0.3,recalibrated,7,0.025,1,0.3617220001220703,0.879,0.5772862548828125,0.79
gaussian_postrelu,1,8211,before,,0.3,recalibrated,7,0.025,-1,0.3869484558105469,0.876,0.6021217346191406,0.787
gaussian_postrelu,1,8211,before,,0.3,recalibrated,7,0.05,1,0.4116870422363281,0.855,0.6178787231445313,0.767
gaussian_postrelu,1,8211,before,,0.3,recalibrated,7,0.05,-1,0.48410133361816404,0.847,0.6968694763183594,0.765
gaussian_postrelu,1,8211,before,,0.3,recalibrated,7,0.1,1,0.6020279541015625,0.779,0.7637962341308594,0.732
gaussian_postrelu,1,8211,before,,0.3,recalibrated,7,0.1,-1,0.818071533203125,0.724,0.997548583984375,0.68
gaussian_postrelu,1,8211,before,,0.3,recalibrated,7,0.2,1,1.157201904296875,0.638,1.2507102661132812,0.603
gaussian_postrelu,1,8211,before,,0.3,recalibrated,7,0.2,-1,1.6969827880859376,0.508,1.7834144897460937,0.478
gaussian_postrelu,1,8211,before,,0.3,recalibrated,7,0.25,1,1.5139044799804688,0.546,1.5777281494140625,0.524
gaussian_postrelu,1,8211,before,,0.3,recalibrated,7,0.25,-1,2.1467198486328125,0.409,2.207848388671875,0.387
gaussian_postrelu,1,8211,after,,0.0,recalibrated,7,0.025,1,0.36863395690917966,0.876,0.5844899291992187,0.789
gaussian_postrelu,1,8211,after,,0.0,recalibrated,7,0.025,-1,0.39491754150390623,0.876,0.609322021484375,0.792
gaussian_postrelu,1,8211,after,,0.0,recalibrated,7,0.05,1,0.41837315368652345,0.854,0.6250053405761719,0.768
gaussian_postrelu,1,8211,after,,0.0,recalibrated,7,0.05,-1,0.49253271484375,0.846,0.7042195434570313,0.76
gaussian_postrelu,1,8211,after,,0.0,recalibrated,7,0.1,1,0.6094971923828125,0.778,0.7719658813476562,0.726
gaussian_postrelu,1,8211,after,,0.0,recalibrated,7,0.1,-1,0.82508203125,0.721,1.0005618591308594,0.675
gaussian_postrelu,1,8211,after,,0.0,recalibrated,7,0.2,1,1.1648969116210937,0.634,1.25897314453125,0.606
gaussian_postrelu,1,8211,after,,0.0,recalibrated,7,0.2,-1,1.6933821411132812,0.504,1.7748309936523436,0.475
gaussian_postrelu,1,8211,after,,0.0,recalibrated,7,0.25,1,1.5185414428710937,0.54,1.5827548217773437,0.512
gaussian_postrelu,1,8211,after,,0.0,recalibrated,7,0.25,-1,2.1382152099609373,0.409,2.19276513671875,0.382
gaussian_postrelu,1,8211,before,,0.3,recalibrated,8,0.025,1,0.36224482727050783,0.882,0.5883429260253906,0.786
gaussian_postrelu,1,8211,before,,0.3,recalibrated,8,0.025,-1,0.37767070007324216,0.88,0.5847208557128907,0.787
gaussian_postrelu,1,8211,before,,0.3,recalibrated,8,0.05,1,0.4055793914794922,0.861,0.632675048828125,0.779
gaussian_postrelu,1,8211,before,,0.3,recalibrated,8,0.05,-1,0.4420413818359375,0.849,0.6385233459472657,0.79
gaussian_postrelu,1,8211,before,,0.3,recalibrated,8,0.1,1,0.5902125854492187,0.787,0.8211975708007813,0.719
gaussian_postrelu,1,8211,before,,0.3,recalibrated,8,0.1,-1,0.7209768371582032,0.764,0.9604334106445312,0.704
gaussian_postrelu,1,8211,before,,0.3,recalibrated,8,0.2,1,1.1822010498046875,0.607,1.3479156494140625,0.569
gaussian_postrelu,1,8211,before,,0.3,recalibrated,8,0.2,-1,1.4495294189453125,0.558,1.6962879638671875,0.502
gaussian_postrelu,1,8211,before,,0.3,recalibrated,8,0.25,1,1.5145958862304687,0.527,1.634607666015625,0.486
gaussian_postrelu,1,8211,before,,0.3,recalibrated,8,0.25,-1,1.8425092163085937,0.46,2.0903736572265625,0.426
gaussian_postrelu,1,8211,after,,0.0,recalibrated,8,0.025,1,0.36999288940429687,0.879,0.5944104309082031,0.78
gaussian_postrelu,1,8211,after,,0.0,recalibrated,8,0.025,-1,0.38513739013671877,0.881,0.5923750915527344,0.783
gaussian_postrelu,1,8211,after,,0.0,recalibrated,8,0.05,1,0.4139195556640625,0.859,0.638571044921875,0.777
gaussian_postrelu,1,8211,after,,0.0,recalibrated,8,0.05,-1,0.4490462646484375,0.85,0.6460530395507813,0.782
gaussian_postrelu,1,8211,after,,0.0,recalibrated,8,0.1,1,0.5984164733886719,0.783,0.8259973449707031,0.715
gaussian_postrelu,1,8211,after,,0.0,recalibrated,8,0.1,-1,0.7264786376953125,0.759,0.9644755554199219,0.703
gaussian_postrelu,1,8211,after,,0.0,recalibrated,8,0.2,1,1.1862589111328126,0.603,1.3493006591796874,0.567
gaussian_postrelu,1,8211,after,,0.0,recalibrated,8,0.2,-1,1.4512353515625,0.55,1.6902252197265626,0.499
gaussian_postrelu,1,8211,after,,0.0,recalibrated,8,0.25,1,1.51640576171875,0.525,1.6331980590820312,0.481
gaussian_postrelu,1,8211,after,,0.0,recalibrated,8,0.25,-1,1.8373377685546874,0.46,2.079062561035156,0.42
gaussian_postrelu,1,8211,before,,0.3,recalibrated,9,0.025,1,0.36335365295410155,0.891,0.5755831298828125,0.791
gaussian_postrelu,1,8211,before,,0.3,recalibrated,9,0.025,-1,0.3727220458984375,0.874,0.5824928588867188,0.785
gaussian_postrelu,1,8211,before,,0.3,recalibrated,9,0.05,1,0.3883336029052734,0.88,0.5928363952636718,0.79
gaussian_postrelu,1,8211,before,,0.3,recalibrated,9,0.05,-1,0.41379701232910154,0.853,0.6121315002441406,0.784
gaussian_postrelu,1,8211,before,,0.3,recalibrated,9,0.1,1,0.4897833709716797,0.834,0.6666473693847657,0.769
gaussian_postrelu,1,8211,before,,0.3,recalibrated,9,0.1,-1,0.5699588012695312,0.785,0.7295232543945313,0.739
gaussian_postrelu,1,8211,before,,0.3,recalibrated,9,0.2,1,0.8598315734863281,0.708,0.9825288696289063,0.67
gaussian_postrelu,1,8211,before,,0.3,recalibrated,9,0.2,-1,1.052551513671875,0.64,1.1730223388671874,0.611
gaussian_postrelu,1,8211,before,,0.3,recalibrated,9,0.25,1,1.107865478515625,0.631,1.1957088012695312,0.606
gaussian_postrelu,1,8211,before,,0.3,recalibrated,9,0.25,-1,1.3722618408203124,0.544,1.452266845703125,0.535
gaussian_postrelu,1,8211,after,,0.0,recalibrated,9,0.025,1,0.37073974609375,0.884,0.581308837890625,0.788
gaussian_postrelu,1,8211,after,,0.0,recalibrated,9,0.025,-1,0.38001104736328123,0.874,0.5905819702148437,0.783
gaussian_postrelu,1,8211,after,,0.0,recalibrated,9,0.05,1,0.39518209838867185,0.879,0.5982071533203125,0.789
gaussian_postrelu,1,8211,after,,0.0,recalibrated,9,0.05,-1,0.4207171936035156,0.85,0.6215,0.778
gaussian_postrelu,1,8211,after,,0.0,recalibrated,9,0.1,1,0.4962249755859375,0.834,0.6711878967285156,0.766
gaussian_postrelu,1,8211,after,,0.0,recalibrated,9,0.1,-1,0.577123046875,0.777,0.7383296508789062,0.74
gaussian_postrelu,1,8211,after,,0.0,recalibrated,9,0.2,1,0.8666944885253907,0.708,0.986949462890625,0.663
gaussian_postrelu,1,8211,after,,0.0,recalibrated,9,0.2,-1,1.06435693359375,0.634,1.180705322265625,0.601
gaussian_postrelu,1,8211,after,,0.0,recalibrated,9,0.25,1,1.1126390380859374,0.624,1.2002777099609374,0.605
gaussian_postrelu,1,8211,after,,0.0,recalibrated,9,0.25,-1,1.3850101928710938,0.543,1.46145068359375,0.522
gaussian_postrelu,4,1173,before,,1.0,saved,,0.0,0,1.1261680908203124,0.593,1.1471448974609375,0.579
gaussian_postrelu,4,1173,before,,1.0,recalibrated,,0.0,0,1.0478839111328124,0.633,1.0870165405273438,0.611
gaussian_postrelu,4,1173,before,,1.0,recalibrated,0,0.025,1,1.0490758666992188,0.621,1.1000238037109376,0.599
gaussian_postrelu,4,1173,before,,1.0,recalibrated,0,0.025,-1,1.0682559814453125,0.625,1.0993374633789061,0.602
gaussian_postrelu,4,1173,before,,1.0,recalibrated,0,0.05,1,1.0720703125,0.604,1.1325035400390624,0.595
gaussian_postrelu,4,1173,before,,1.0,recalibrated,0,0.05,-1,1.113569091796875,0.602,1.13215478515625,0.597
gaussian_postrelu,4,1173,before,,1.0,recalibrated,0,0.1,1,1.22827197265625,0.548,1.2936712036132811,0.541
gaussian_postrelu,4,1173,before,,1.0,recalibrated,0,0.1,-1,1.2448373413085938,0.567,1.2558280029296875,0.556
gaussian_postrelu,4,1173,before,,1.0,recalibrated,0,0.2,1,1.729885498046875,0.403,1.7746512451171874,0.395
gaussian_postrelu,4,1173,before,,1.0,recalibrated,0,0.2,-1,1.6262996826171876,0.435,1.6600070190429688,0.405
gaussian_postrelu,4,1173,before,,1.0,recalibrated,0,0.25,1,1.9778643798828126,0.325,2.036774169921875,0.336
gaussian_postrelu,4,1173,before,,1.0,recalibrated,0,0.25,-1,1.8277384033203126,0.372,1.8800259399414063,0.355
gaussian_postrelu,4,1173,after,,0.85,saved,,0.0,0,1.2161080322265625,0.549,1.2320928344726563,0.537
gaussian_postrelu,4,1173,after,,0.85,recalibrated,,0.0,0,1.0677860107421875,0.618,1.1012086791992188,0.595
gaussian_postrelu,4,1173,after,,0.85,recalibrated,0,0.025,1,1.0640540771484375,0.625,1.11092236328125,0.597
gaussian_postrelu,4,1173,after,,0.85,recalibrated,0,0.025,-1,1.0896800537109375,0.618,1.1145887451171874,0.587
gaussian_postrelu,4,1173,after,,0.85,recalibrated,0,0.05,1,1.0801536254882813,0.602,1.1383408813476563,0.583
gaussian_postrelu,4,1173,after,,0.85,recalibrated,0,0.05,-1,1.1315498046875,0.598,1.1446380004882812,0.588
gaussian_postrelu,4,1173,after,,0.85,recalibrated,0,0.1,1,1.2064931640625,0.564,1.2717681274414063,0.542
gaussian_postrelu,4,1173,after,,0.85,recalibrated,0,0.1,-1,1.2532426147460938,0.558,1.2592679443359376,0.549
gaussian_postrelu,4,1173,after,,0.85,recalibrated,0,0.2,1,1.6586986694335937,0.426,1.711768310546875,0.417
gaussian_postrelu,4,1173,after,,0.85,recalibrated,0,0.2,-1,1.60534326171875,0.43,1.6322703247070312,0.429
gaussian_postrelu,4,1173,after,,0.85,recalibrated,0,0.25,1,1.8930513305664063,0.336,1.9540301513671876,0.347
gaussian_postrelu,4,1173,after,,0.85,recalibrated,0,0.25,-1,1.7960798950195314,0.38,1.8340810546875,0.366
gaussian_postrelu,4,1173,final,,0.0,saved,,0.0,0,4.190852294921875,0.174,4.17599462890625,0.174
gaussian_postrelu,4,1173,final,,0.0,recalibrated,,0.0,0,1.8597278442382812,0.285,1.861397216796875,0.276
gaussian_postrelu,4,1173,final,,0.0,recalibrated,0,0.025,1,1.8575609130859374,0.285,1.8586931762695313,0.271
gaussian_postrelu,4,1173,final,,0.0,recalibrated,0,0.025,-1,1.8703223266601563,0.282,1.8699898071289063,0.272
gaussian_postrelu,4,1173,final,,0.0,recalibrated,0,0.05,1,1.86304833984375,0.282,1.8648202514648438,0.258
gaussian_postrelu,4,1173,final,,0.0,recalibrated,0,0.05,-1,1.8877845458984375,0.275,1.887028564453125,0.261
gaussian_postrelu,4,1173,final,,0.0,recalibrated,0,0.1,1,1.9034007568359375,0.273,1.913955322265625,0.247
gaussian_postrelu,4,1173,final,,0.0,recalibrated,0,0.1,-1,1.9369217529296876,0.265,1.9423193359375,0.253
gaussian_postrelu,4,1173,final,,0.0,recalibrated,0,0.2,1,2.033130126953125,0.229,2.0681949462890623,0.197
gaussian_postrelu,4,1173,final,,0.0,recalibrated,0,0.2,-1,2.0842464599609376,0.227,2.1015445556640624,0.214
gaussian_postrelu,4,1173,final,,0.0,recalibrated,0,0.25,1,2.1159853515625,0.199,2.161730712890625,0.169
gaussian_postrelu,4,1173,final,,0.0,recalibrated,0,0.25,-1,2.1661185302734376,0.216,2.193323974609375,0.204
gaussian_postrelu,4,1173,before,,1.0,recalibrated,1,0.025,1,1.0531367797851563,0.618,1.0961434326171875,0.608
gaussian_postrelu,4,1173,before,,1.0,recalibrated,1,0.025,-1,1.0589527587890626,0.618,1.0962232055664063,0.605
gaussian_postrelu,4,1173,before,,1.0,recalibrated,1,0.05,1,1.0747412719726563,0.615,1.1224865112304687,0.599
gaussian_postrelu,4,1173,before,,1.0,recalibrated,1,0.05,-1,1.0910654907226562,0.604,1.1187581787109375,0.585
gaussian_postrelu,4,1173,before,,1.0,recalibrated,1,0.1,1,1.15622265625,0.588,1.2125145263671875,0.573
gaussian_postrelu,4,1173,before,,1.0,recalibrated,1,0.1,-1,1.2111461791992189,0.566,1.2247518310546874,0.558
gaussian_postrelu,4,1173,before,,1.0,recalibrated,1,0.2,1,1.4569641723632814,0.488,1.5348154907226563,0.466
gaussian_postrelu,4,1173,before,,1.0,recalibrated,1,0.2,-1,1.54697607421875,0.443,1.5739457397460936,0.45
gaussian_postrelu,4,1173,before,,1.0,recalibrated,1,0.25,1,1.6538955078125,0.425,1.75127099609375,0.389
gaussian_postrelu,4,1173,before,,1.0,recalibrated,1,0.25,-1,1.6865712280273437,0.404,1.7224310302734376,0.4
gaussian_postrelu,4,1173,after,,0.85,recalibrated,1,0.025,1,1.0739786987304687,0.615,1.1096463623046875,0.594
gaussian_postrelu,4,1173,after,,0.85,recalibrated,1,0.025,-1,1.0760692138671875,0.616,1.10960107421875,0.596
gaussian_postrelu,4,1173,after,,0.85,recalibrated,1,0.05,1,1.092258544921875,0.602,1.1330114135742186,0.587
gaussian_postrelu,4,1173,after,,0.85,recalibrated,1,0.05,-1,1.1051353759765625,0.597,1.130222900390625,0.586
gaussian_postrelu,4,1173,after,,0.85,recalibrated,1,0.1,1,1.1634603881835937,0.575,1.21450634765625,0.568
gaussian_postrelu,4,1173,after,,0.85,recalibrated,1,0.1,-1,1.2098328857421874,0.573,1.2237623291015625,0.558
gaussian_postrelu,4,1173,after,,0.85,recalibrated,1,0.2,1,1.429664794921875,0.482,1.507973388671875,0.475
gaussian_postrelu,4,1173,after,,0.85,recalibrated,1,0.2,-1,1.5114761352539063,0.448,1.5421898803710938,0.45
gaussian_postrelu,4,1173,after,,0.85,recalibrated,1,0.25,1,1.6128624267578124,0.425,1.7030125122070312,0.388
gaussian_postrelu,4,1173,after,,0.85,recalibrated,1,0.25,-1,1.639508544921875,0.415,1.679564697265625,0.411
gaussian_postrelu,4,1173,final,,0.0,recalibrated,1,0.025,1,1.8653292236328125,0.282,1.86787060546875,0.258
gaussian_postrelu,4,1173,final,,0.0,recalibrated,1,0.025,-1,1.8582034301757813,0.29,1.8600119018554688,0.272
gaussian_postrelu,4,1173,final,,0.0,recalibrated,1,0.05,1,1.8774566650390625,0.273,1.8798877563476561,0.256
gaussian_postrelu,4,1173,final,,0.0,recalibrated,1,0.05,-1,1.8607482299804687,0.295,1.863973388671875,0.279
gaussian_postrelu,4,1173,final,,0.0,recalibrated,1,0.1,1,1.9217518920898438,0.254,1.9254647216796874,0.257
gaussian_postrelu,4,1173,final,,0.0,recalibrated,1,0.1,-1,1.892231689453125,0.286,1.9032116088867188,0.277
gaussian_postrelu,4,1173,final,,0.0,recalibrated,1,0.2,1,2.0537095947265627,0.219,2.0688924560546873,0.211
gaussian_postrelu,4,1173,final,,0.0,recalibrated,1,0.2,-1,2.0020775146484375,0.25,2.023206298828125,0.235
gaussian_postrelu,4,1173,final,,0.0,recalibrated,1,0.25,1,2.1212646484375,0.21,2.1380635986328125,0.196
gaussian_postrelu,4,1173,final,,0.0,recalibrated,1,0.25,-1,2.05573876953125,0.23,2.084770751953125,0.213
gaussian_postrelu,4,1173,before,,1.0,recalibrated,2,0.025,1,1.0540830078125,0.617,1.0936936645507813,0.607
gaussian_postrelu,4,1173,before,,1.0,recalibrated,2,0.025,-1,1.0500811157226562,0.624,1.0907092895507813,0.612
gaussian_postrelu,4,1173,before,,1.0,recalibrated,2,0.05,1,1.0683721923828124,0.607,1.1106602172851563,0.597
gaussian_postrelu,4,1173,before,,1.0,recalibrated,2,0.05,-1,1.0614957275390624,0.614,1.1041915283203125,0.603
gaussian_postrelu,4,1173,before,,1.0,recalibrated,2,0.1,1,1.1160000610351561,0.605,1.1771970825195313,0.571
gaussian_postrelu,4,1173,before,,1.0,recalibrated,2,0.1,-1,1.115686279296875,0.593,1.1613843383789062,0.567
gaussian_postrelu,4,1173,before,,1.0,recalibrated,2,0.2,1,1.3089388427734374,0.537,1.40682470703125,0.498
gaussian_postrelu,4,1173,before,,1.0,recalibrated,2,0.2,-1,1.33876513671875,0.516,1.379974609375,0.491
gaussian_postrelu,4,1173,before,,1.0,recalibrated,2,0.25,1,1.4647119750976563,0.475,1.5644037475585937,0.44
gaussian_postrelu,4,1173,before,,1.0,recalibrated,2,0.25,-1,1.4918173828125,0.447,1.5242396240234375,0.438
gaussian_postrelu,4,1173,after,,0.85,recalibrated,2,0.025,1,1.0719100341796874,0.616,1.1066122436523438,0.598
gaussian_postrelu,4,1173,after,,0.85,recalibrated,2,0.025,-1,1.071113037109375,0.616,1.1056757202148437,0.597
gaussian_postrelu,4,1173,after,,0.85,recalibrated,2,0.05,1,1.083496337890625,0.617,1.1212880859375,0.6
gaussian_postrelu,4,1173,after,,0.85,recalibrated,2,0.05,-1,1.0831071166992188,0.61,1.1193169555664062,0.589
gaussian_postrelu,4,1173,after,,0.85,recalibrated,2,0.1,1,1.125297607421875,0.606,1.179988037109375,0.574
gaussian_postrelu,4,1173,after,,0.85,recalibrated,2,0.1,-1,1.1345531005859375,0.589,1.1733411865234376,0.575
gaussian_postrelu,4,1173,after,,0.85,recalibrated,2,0.2,1,1.303608642578125,0.535,1.392174560546875,0.499
gaussian_postrelu,4,1173,after,,0.85,recalibrated,2,0.2,-1,1.3391568603515625,0.496,1.3742796630859375,0.495
gaussian_postrelu,4,1173,after,,0.85,recalibrated,2,0.25,1,1.4486508178710937,0.477,1.534484619140625,0.459
gaussian_postrelu,4,1173,after,,0.85,recalibrated,2,0.25,-1,1.4810873413085937,0.449,1.5087896118164061,0.445
gaussian_postrelu,4,1173,final,,0.0,recalibrated,2,0.025,1,1.8573013916015626,0.287,1.8606920776367188,0.269
gaussian_postrelu,4,1173,final,,0.0,recalibrated,2,0.025,-1,1.867020263671875,0.278,1.8651187744140625,0.269
gaussian_postrelu,4,1173,final,,0.0,recalibrated,2,0.05,1,1.8578565063476562,0.296,1.864734130859375,0.265
gaussian_postrelu,4,1173,final,,0.0,recalibrated,2,0.05,-1,1.8773698120117188,0.269,1.8735537109375,0.265
gaussian_postrelu,4,1173,final,,0.0,recalibrated,2,0.1,1,1.8699317626953125,0.29,1.8832791137695313,0.263
gaussian_postrelu,4,1173,final,,0.0,recalibrated,2,0.1,-1,1.9070245971679687,0.258,1.9046196899414063,0.243
gaussian_postrelu,4,1173,final,,0.0,recalibrated,2,0.2,1,1.9503025512695313,0.257,1.9662556762695313,0.239
gaussian_postrelu,4,1173,final,,0.0,recalibrated,2,0.2,-1,1.9995054931640626,0.22,1.995952392578125,0.213
gaussian_postrelu,4,1173,final,,0.0,recalibrated,2,0.25,1,2.004733642578125,0.245,2.0240900268554687,0.228
gaussian_postrelu,4,1173,final,,0.0,recalibrated,2,0.25,-1,2.0542776489257815,0.198,2.050812255859375,0.201
gaussian_postrelu,4,1173,before,,1.0,recalibrated,3,0.025,1,1.0687689819335937,0.618,1.0919570922851562,0.612
gaussian_postrelu,4,1173,before,,1.0,recalibrated,3,0.025,-1,1.0418311157226563,0.624,1.096114990234375,0.613
gaussian_postrelu,4,1173,before,,1.0,recalibrated,3,0.05,1,1.10731103515625,0.59,1.1067994384765625,0.605
gaussian_postrelu,4,1173,before,,1.0,recalibrated,3,0.05,-1,1.0508257446289062,0.619,1.117602294921875,0.596
gaussian_postrelu,4,1173,before,,1.0,recalibrated,3,0.1,1,1.2091492919921876,0.553,1.1676116333007813,0.579
gaussian_postrelu,4,1173,before,,1.0,recalibrated,3,0.1,-1,1.1141488037109375,0.582,1.2031987915039062,0.573
gaussian_postrelu,4,1173,before,,1.0,recalibrated,3,0.2,1,1.46957421875,0.445,1.3839187622070312,0.487
gaussian_postrelu,4,1173,before,,1.0,recalibrated,3,0.2,-1,1.4430634765625,0.465,1.5602301635742188,0.456
gaussian_postrelu,4,1173,before,,1.0,recalibrated,3,0.25,1,1.6131385498046875,0.41,1.5243817749023438,0.45
gaussian_postrelu,4,1173,before,,1.0,recalibrated,3,0.25,-1,1.6741925659179688,0.394,1.76449951171875,0.394
gaussian_postrelu,4,1173,after,,0.85,recalibrated,3,0.025,1,1.0877020874023438,0.611,1.1049657592773436,0.593
gaussian_postrelu,4,1173,after,,0.85,recalibrated,3,0.025,-1,1.0622400512695314,0.621,1.1104105224609375,0.611
gaussian_postrelu,4,1173,after,,0.85,recalibrated,3,0.05,1,1.1221957397460938,0.587,1.116807861328125,0.593
gaussian_postrelu,4,1173,after,,0.85,recalibrated,3,0.05,-1,1.0704603881835937,0.617,1.13045849609375,0.598
gaussian_postrelu,4,1173,after,,0.85,recalibrated,3,0.1,1,1.2096881103515624,0.551,1.1705430297851562,0.578
gaussian_postrelu,4,1173,after,,0.85,recalibrated,3,0.1,-1,1.1303450927734375,0.574,1.2078800048828124,0.564
gaussian_postrelu,4,1173,after,,0.85,recalibrated,3,0.2,1,1.4417103881835938,0.456,1.370283447265625,0.488
gaussian_postrelu,4,1173,after,,0.85,recalibrated,3,0.2,-1,1.42974951171875,0.466,1.5300548095703126,0.455
gaussian_postrelu,4,1173,after,,0.85,recalibrated,3,0.25,1,1.57435107421875,0.412,1.5010357055664063,0.453
gaussian_postrelu,4,1173,after,,0.85,recalibrated,3,0.25,-1,1.6397470703125,0.398,1.7227709350585938,0.393
gaussian_postrelu,4,1173,final,,0.0,recalibrated,3,0.025,1,1.8559462890625,0.296,1.854386962890625,0.277
gaussian_postrelu,4,1173,final,,0.0,recalibrated,3,0.025,-1,1.8677232666015624,0.285,1.8720926513671876,0.267
gaussian_postrelu,4,1173,final,,0.0,recalibrated,3,0.05,1,1.853724365234375,0.292,1.8506173095703125,0.271
gaussian_postrelu,4,1173,final,,0.0,recalibrated,3,0.05,-1,1.8809767456054687,0.275,1.8892921752929688,0.259
gaussian_postrelu,4,1173,final,,0.0,recalibrated,3,0.1,1,1.8568846435546875,0.286,1.85213623046875,0.263
gaussian_postrelu,4,1173,final,,0.0,recalibrated,3,0.1,-1,1.9208932495117188,0.258,1.9301336059570313,0.252
gaussian_postrelu,4,1173,final,,0.0,recalibrated,3,0.2,1,1.9014962158203126,0.281,1.8902954711914062,0.253
gaussian_postrelu,4,1173,final,,0.0,recalibrated,3,0.2,-1,2.033848449707031,0.237,2.0472282104492185,0.217
gaussian_postrelu,4,1173,final,,0.0,recalibrated,3,0.25,1,1.937323974609375,0.27,1.9327899780273436,0.243
gaussian_postrelu,4,1173,final,,0.0,recalibrated,3,0.25,-1,2.0933814697265625,0.226,2.108565185546875,0.196
gaussian_postrelu,4,1173,before,,1.0,recalibrated,4,0.025,1,1.0617954711914062,0.613,1.0997189331054686,0.602
gaussian_postrelu,4,1173,before,,1.0,recalibrated,4,0.025,-1,1.0485985107421876,0.623,1.08709619140625,0.612
gaussian_postrelu,4,1173,before,,1.0,recalibrated,4,0.05,1,1.089826416015625,0.6,1.124781494140625,0.594
gaussian_postrelu,4,1173,before,,1.0,recalibrated,4,0.05,-1,1.0660534057617188,0.61,1.09798974609375,0.606
gaussian_postrelu,4,1173,before,,1.0,recalibrated,4,0.1,1,1.1834788208007812,0.57,1.202087890625,0.563
gaussian_postrelu,4,1173,before,,1.0,recalibrated,4,0.1,-1,1.14744091796875,0.584,1.1490064697265625,0.593
gaussian_postrelu,4,1173,before,,1.0,recalibrated,4,0.2,1,1.4631000366210938,0.479,1.4525820922851562,0.488
gaussian_postrelu,4,1173,before,,1.0,recalibrated,4,0.2,-1,1.5388469848632813,0.453,1.4676323852539062,0.47
gaussian_postrelu,4,1173,before,,1.0,recalibrated,4,0.25,1,1.6178604736328126,0.44,1.6028677368164062,0.446
gaussian_postrelu,4,1173,before,,1.0,recalibrated,4,0.25,-1,1.7353078002929687,0.403,1.6585282592773438,0.42
gaussian_postrelu,4,1173,after,,0.85,recalibrated,4,0.025,1,1.0771907958984375,0.614,1.111048583984375,0.591
gaussian_postrelu,4,1173,after,,0.85,recalibrated,4,0.025,-1,1.0704638061523437,0.623,1.102778076171875,0.597
gaussian_postrelu,4,1173,after,,0.85,recalibrated,4,0.05,1,1.1003286743164062,0.602,1.1315693359375,0.582
gaussian_postrelu,4,1173,after,,0.85,recalibrated,4,0.05,-1,1.0890106811523437,0.616,1.1145704956054687,0.605
gaussian_postrelu,4,1173,after,,0.85,recalibrated,4,0.1,1,1.1811732177734375,0.57,1.1981900634765625,0.566
gaussian_postrelu,4,1173,after,,0.85,recalibrated,4,0.1,-1,1.1647891235351562,0.572,1.1633286743164062,0.589
gaussian_postrelu,4,1173,after,,0.85,recalibrated,4,0.2,1,1.429995849609375,0.486,1.421985595703125,0.494
gaussian_postrelu,4,1173,after,,0.85,recalibrated,4,0.2,-1,1.51621435546875,0.467,1.4561991577148437,0.479
gaussian_postrelu,4,1173,after,,0.85,recalibrated,4,0.25,1,1.5726377563476563,0.434,1.5603495483398437,0.449
gaussian_postrelu,4,1173,after,,0.85,recalibrated,4,0.25,-1,1.7076212768554688,0.408,1.6326611938476563,0.418
gaussian_postrelu,4,1173,final,,0.0,recalibrated,4,0.025,1,1.8609403686523438,0.284,1.863011474609375,0.266
gaussian_postrelu,4,1173,final,,0.0,recalibrated,4,0.025,-1,1.8654028930664062,0.285,1.863807373046875,0.276
gaussian_postrelu,4,1173,final,,0.0,recalibrated,4,0.05,1,1.8645628051757812,0.278,1.8683397216796875,0.257
gaussian_postrelu,4,1173,final,,0.0,recalibrated,4,0.05,-1,1.8775001220703125,0.279,1.8712258911132813,0.269
gaussian_postrelu,4,1173,final,,0.0,recalibrated,4,0.1,1,1.879798583984375,0.274,1.8894012451171875,0.243
gaussian_postrelu,4,1173,final,,0.0,recalibrated,4,0.1,-1,1.9174698486328126,0.269,1.899149658203125,0.26
gaussian_postrelu,4,1173,final,,0.0,recalibrated,4,0.2,1,1.9564969482421875,0.249,1.972156494140625,0.218
gaussian_postrelu,4,1173,final,,0.0,recalibrated,4,0.2,-1,2.0589749755859375,0.233,2.0327279052734375,0.222
gaussian_postrelu,4,1173,final,,0.0,recalibrated,4,0.25,1,2.0051634521484374,0.228,2.0215868530273435,0.197
gaussian_postrelu,4,1173,final,,0.0,recalibrated,4,0.25,-1,2.1269429931640627,0.21,2.1038372802734373,0.205
gaussian_postrelu,4,1173,before,,1.0,recalibrated,5,0.025,1,1.0501522216796875,0.631,1.087937255859375,0.602
gaussian_postrelu,4,1173,before,,1.0,recalibrated,5,0.025,-1,1.058126708984375,0.618,1.1018275146484375,0.61
gaussian_postrelu,4,1173,before,,1.0,recalibrated,5,0.05,1,1.0642002563476562,0.617,1.1016204223632813,0.595
gaussian_postrelu,4,1173,before,,1.0,recalibrated,5,0.05,-1,1.0854176635742188,0.604,1.1341143188476563,0.59
gaussian_postrelu,4,1173,before,,1.0,recalibrated,5,0.1,1,1.1437769165039062,0.589,1.1690578002929688,0.566
gaussian_postrelu,4,1173,before,,1.0,recalibrated,5,0.1,-1,1.1874024658203124,0.566,1.2503180541992187,0.549
gaussian_postrelu,4,1173,before,,1.0,recalibrated,5,0.2,1,1.5070238647460938,0.457,1.4976390380859375,0.457
gaussian_postrelu,4,1173,before,,1.0,recalibrated,5,0.2,-1,1.5094828491210937,0.474,1.5793016357421874,0.436
gaussian_postrelu,4,1173,before,,1.0,recalibrated,5,0.25,1,1.7409127197265626,0.386,1.7069498901367188,0.393
gaussian_postrelu,4,1173,before,,1.0,recalibrated,5,0.25,-1,1.680982177734375,0.404,1.7359120483398438,0.399
gaussian_postrelu,4,1173,after,,0.85,recalibrated,5,0.025,1,1.0695833740234375,0.622,1.1015151977539062,0.594
gaussian_postrelu,4,1173,after,,0.85,recalibrated,5,0.025,-1,1.0773284912109375,0.62,1.1150040893554687,0.595
gaussian_postrelu,4,1173,after,,0.85,recalibrated,5,0.05,1,1.0820072631835937,0.621,1.1129431762695312,0.591
gaussian_postrelu,4,1173,after,,0.85,recalibrated,5,0.05,-1,1.1012377319335938,0.611,1.1436871337890624,0.584
gaussian_postrelu,4,1173,after,,0.85,recalibrated,5,0.1,1,1.1518547973632813,0.578,1.1714541015625,0.569
gaussian_postrelu,4,1173,after,,0.85,recalibrated,5,0.1,-1,1.1959553833007812,0.562,1.2477498168945313,0.544
gaussian_postrelu,4,1173,after,,0.85,recalibrated,5,0.2,1,1.476070068359375,0.462,1.4633737182617188,0.463
gaussian_postrelu,4,1173,after,,0.85,recalibrated,5,0.2,-1,1.4905422973632811,0.46,1.5469662475585937,0.441
gaussian_postrelu,4,1173,after,,0.85,recalibrated,5,0.25,1,1.68532421875,0.387,1.652896484375,0.4
gaussian_postrelu,4,1173,after,,0.85,recalibrated,5,0.25,-1,1.6496422119140626,0.416,1.693517578125,0.4
gaussian_postrelu,4,1173,final,,0.0,recalibrated,5,0.025,1,1.8567415771484375,0.28,1.8597971801757813,0.262
gaussian_postrelu,4,1173,final,,0.0,recalibrated,5,0.025,-1,1.869109130859375,0.284,1.8686694946289062,0.273
gaussian_postrelu,4,1173,final,,0.0,recalibrated,5,0.05,1,1.85983154296875,0.287,1.8652042846679688,0.256
gaussian_postrelu,4,1173,final,,0.0,recalibrated,5,0.05,-1,1.8803358154296874,0.276,1.8831994018554687,0.265
gaussian_postrelu,4,1173,final,,0.0,recalibrated,5,0.1,1,1.8862045288085938,0.27,1.8898491821289063,0.244
gaussian_postrelu,4,1173,final,,0.0,recalibrated,5,0.1,-1,1.9175690307617188,0.262,1.9238681640625,0.253
gaussian_postrelu,4,1173,final,,0.0,recalibrated,5,0.2,1,1.986697998046875,0.247,1.987434814453125,0.224
gaussian_postrelu,4,1173,final,,0.0,recalibrated,5,0.2,-1,2.0249254150390623,0.244,2.0380936889648438,0.244
gaussian_postrelu,4,1173,final,,0.0,recalibrated,5,0.25,1,2.0502633056640627,0.236,2.048423095703125,0.22
gaussian_postrelu,4,1173,final,,0.0,recalibrated,5,0.25,-1,2.0831075439453124,0.244,2.0927550048828123,0.238
gaussian_postrelu,4,1173,before,,1.0,recalibrated,6,0.025,1,1.0498661499023438,0.628,1.0919166870117187,0.609
gaussian_postrelu,4,1173,before,,1.0,recalibrated,6,0.025,-1,1.062845947265625,0.61,1.099219482421875,0.605
gaussian_postrelu,4,1173,before,,1.0,recalibrated,6,0.05,1,1.0657240600585938,0.611,1.1096324462890625,0.598
gaussian_postrelu,4,1173,before,,1.0,recalibrated,6,0.05,-1,1.1047542114257813,0.602,1.1304954833984375,0.592
gaussian_postrelu,4,1173,before,,1.0,recalibrated,6,0.1,1,1.1244472045898437,0.58,1.1763942260742188,0.581
gaussian_postrelu,4,1173,before,,1.0,recalibrated,6,0.1,-1,1.269969482421875,0.556,1.2586474609375,0.547
gaussian_postrelu,4,1173,before,,1.0,recalibrated,6,0.2,1,1.3413184204101563,0.511,1.396601318359375,0.502
gaussian_postrelu,4,1173,before,,1.0,recalibrated,6,0.2,-1,1.8393900146484374,0.379,1.8075403442382814,0.396
gaussian_postrelu,4,1173,before,,1.0,recalibrated,6,0.25,1,1.487541748046875,0.468,1.5419818115234376,0.456
gaussian_postrelu,4,1173,before,,1.0,recalibrated,6,0.25,-1,2.0851024169921875,0.321,2.064895751953125,0.321
gaussian_postrelu,4,1173,after,,0.85,recalibrated,6,0.025,1,1.0691243896484375,0.619,1.1054281005859374,0.594
gaussian_postrelu,4,1173,after,,0.85,recalibrated,6,0.025,-1,1.0813667602539063,0.615,1.1128348388671876,0.603
gaussian_postrelu,4,1173,after,,0.85,recalibrated,6,0.05,1,1.082203369140625,0.617,1.1213124389648437,0.585
gaussian_postrelu,4,1173,after,,0.85,recalibrated,6,0.05,-1,1.119642333984375,0.602,1.1425974731445312,0.586
gaussian_postrelu,4,1173,after,,0.85,recalibrated,6,0.1,1,1.1361994018554689,0.582,1.1822455444335938,0.582
gaussian_postrelu,4,1173,after,,0.85,recalibrated,6,0.1,-1,1.270717041015625,0.543,1.259671630859375,0.542
gaussian_postrelu,4,1173,after,,0.85,recalibrated,6,0.2,1,1.3330693359375,0.514,1.382982421875,0.51
gaussian_postrelu,4,1173,after,,0.85,recalibrated,6,0.2,-1,1.7883208618164061,0.375,1.7528184204101562,0.402
gaussian_postrelu,4,1173,after,,0.85,recalibrated,6,0.25,1,1.4668975830078126,0.469,1.5180208740234375,0.46
gaussian_postrelu,4,1173,after,,0.85,recalibrated,6,0.25,-1,2.01410107421875,0.316,1.991213134765625,0.335
gaussian_postrelu,4,1173,final,,0.0,recalibrated,6,0.025,1,1.8512298583984375,0.288,1.8535428466796875,0.268
gaussian_postrelu,4,1173,final,,0.0,recalibrated,6,0.025,-1,1.8739109497070312,0.28,1.8722720947265625,0.261
gaussian_postrelu,4,1173,final,,0.0,recalibrated,6,0.05,1,1.8477476196289062,0.283,1.8514255981445313,0.27
gaussian_postrelu,4,1173,final,,0.0,recalibrated,6,0.05,-1,1.8936885986328125,0.27,1.8877562255859375,0.255
gaussian_postrelu,4,1173,final,,0.0,recalibrated,6,0.1,1,1.855773681640625,0.284,1.8626795043945312,0.264
gaussian_postrelu,4,1173,final,,0.0,recalibrated,6,0.1,-1,1.9432698974609375,0.258,1.9311027221679689,0.245
gaussian_postrelu,4,1173,final,,0.0,recalibrated,6,0.2,1,1.916454833984375,0.259,1.9267265625,0.261
gaussian_postrelu,4,1173,final,,0.0,recalibrated,6,0.2,-1,2.09830615234375,0.204,2.091157958984375,0.19
gaussian_postrelu,4,1173,final,,0.0,recalibrated,6,0.25,1,1.9654161376953125,0.253,1.9758759765625,0.246
gaussian_postrelu,4,1173,final,,0.0,recalibrated,6,0.25,-1,2.1769830322265626,0.186,2.17543115234375,0.172
gaussian_postrelu,4,1173,before,,1.0,recalibrated,7,0.025,1,1.0636908569335937,0.619,1.0915308837890625,0.608
gaussian_postrelu,4,1173,before,,1.0,recalibrated,7,0.025,-1,1.0524382934570313,0.627,1.1017536010742188,0.61
gaussian_postrelu,4,1173,before,,1.0,recalibrated,7,0.05,1,1.0940881958007813,0.611,1.1116531982421876,0.603
gaussian_postrelu,4,1173,before,,1.0,recalibrated,7,0.05,-1,1.0794692993164063,0.615,1.1298724365234376,0.593
gaussian_postrelu,4,1173,before,,1.0,recalibrated,7,0.1,1,1.1856984252929688,0.574,1.1917003173828125,0.573
gaussian_postrelu,4,1173,before,,1.0,recalibrated,7,0.1,-1,1.1888792724609376,0.574,1.23151611328125,0.547
gaussian_postrelu,4,1173,before,,1.0,recalibrated,7,0.2,1,1.49946533203125,0.466,1.5233190307617188,0.46
gaussian_postrelu,4,1173,before,,1.0,recalibrated,7,0.2,-1,1.6067210693359375,0.424,1.64371875,0.419
gaussian_postrelu,4,1173,before,,1.0,recalibrated,7,0.25,1,1.7439878540039062,0.397,1.7951351928710937,0.37
gaussian_postrelu,4,1173,before,,1.0,recalibrated,7,0.25,-1,1.80356298828125,0.383,1.8386564331054687,0.362
gaussian_postrelu,4,1173,after,,0.85,recalibrated,7,0.025,1,1.0835270385742188,0.61,1.1077481689453126,0.594
gaussian_postrelu,4,1173,after,,0.85,recalibrated,7,0.025,-1,1.069979248046875,0.625,1.1125800170898437,0.599
gaussian_postrelu,4,1173,after,,0.85,recalibrated,7,0.05,1,1.1114393920898438,0.607,1.12621142578125,0.583
gaussian_postrelu,4,1173,after,,0.85,recalibrated,7,0.05,-1,1.093828857421875,0.614,1.1380618896484376,0.577
gaussian_postrelu,4,1173,after,,0.85,recalibrated,7,0.1,1,1.1959642333984375,0.58,1.1998757934570312,0.567
gaussian_postrelu,4,1173,after,,0.85,recalibrated,7,0.1,-1,1.192595703125,0.571,1.23082568359375,0.542
gaussian_postrelu,4,1173,after,,0.85,recalibrated,7,0.2,1,1.498266845703125,0.47,1.50556884765625,0.455
gaussian_postrelu,4,1173,after,,0.85,recalibrated,7,0.2,-1,1.5842847290039062,0.423,1.6045755615234376,0.43
gaussian_postrelu,4,1173,after,,0.85,recalibrated,7,0.25,1,1.7305550537109375,0.392,1.7649530639648439,0.378
gaussian_postrelu,4,1173,after,,0.85,recalibrated,7,0.25,-1,1.7720900268554687,0.382,1.7920579833984376,0.359
gaussian_postrelu,4,1173,final,,0.0,recalibrated,7,0.025,1,1.8660661010742188,0.283,1.8694492797851563,0.262
gaussian_postrelu,4,1173,final,,0.0,recalibrated,7,0.025,-1,1.8597013549804688,0.285,1.85840478515625,0.272
gaussian_postrelu,4,1173,final,,0.0,recalibrated,7,0.05,1,1.8786767578125,0.272,1.8828008422851563,0.256
gaussian_postrelu,4,1173,final,,0.0,recalibrated,7,0.05,-1,1.8638987426757812,0.28,1.86235107421875,0.271
gaussian_postrelu,4,1173,final,,0.0,recalibrated,7,0.1,1,1.9268316040039062,0.259,1.9301181030273438,0.249
gaussian_postrelu,4,1173,final,,0.0,recalibrated,7,0.1,-1,1.8876121826171874,0.249,1.8941676635742188,0.262
gaussian_postrelu,4,1173,final,,0.0,recalibrated,7,0.2,1,2.0801798095703123,0.222,2.101290771484375,0.204
gaussian_postrelu,4,1173,final,,0.0,recalibrated,7,0.2,-1,1.9817022705078124,0.224,1.9960339965820313,0.234
gaussian_postrelu,4,1173,final,,0.0,recalibrated,7,0.25,1,2.17234033203125,0.204,2.2044796142578127,0.185
gaussian_postrelu,4,1173,final,,0.0,recalibrated,7,0.25,-1,2.032722900390625,0.216,2.049188720703125,0.212
gaussian_postrelu,4,1173,before,,1.0,recalibrated,8,0.025,1,1.0556920166015624,0.611,1.0934451293945313,0.608
gaussian_postrelu,4,1173,before,,1.0,recalibrated,8,0.025,-1,1.049837158203125,0.634,1.0903939208984375,0.611
gaussian_postrelu,4,1173,before,,1.0,recalibrated,8,0.05,1,1.0738602905273438,0.603,1.1116608276367188,0.606
gaussian_postrelu,4,1173,before,,1.0,recalibrated,8,0.05,-1,1.0612107543945313,0.628,1.102222412109375,0.602
gaussian_postrelu,4,1173,before,,1.0,recalibrated,8,0.1,1,1.1412202758789063,0.571,1.1676727294921876,0.577
gaussian_postrelu,4,1173,before,,1.0,recalibrated,8,0.1,-1,1.1089939575195313,0.612,1.1495234985351563,0.587
gaussian_postrelu,4,1173,before,,1.0,recalibrated,8,0.2,1,1.3584649658203125,0.504,1.3682445678710937,0.505
gaussian_postrelu,4,1173,before,,1.0,recalibrated,8,0.2,-1,1.2857916259765625,0.526,1.3143336791992188,0.519
gaussian_postrelu,4,1173,before,,1.0,recalibrated,8,0.25,1,1.4979866943359375,0.46,1.5040256958007812,0.458
gaussian_postrelu,4,1173,before,,1.0,recalibrated,8,0.25,-1,1.40257373046875,0.483,1.4311780395507812,0.484
gaussian_postrelu,4,1173,after,,0.85,recalibrated,8,0.025,1,1.0754779052734376,0.613,1.1070642700195312,0.597
gaussian_postrelu,4,1173,after,,0.85,recalibrated,8,0.025,-1,1.068325927734375,0.624,1.1047158203125,0.597
gaussian_postrelu,4,1173,after,,0.85,recalibrated,8,0.05,1,1.0927282104492186,0.601,1.12358154296875,0.596
gaussian_postrelu,4,1173,after,,0.85,recalibrated,8,0.05,-1,1.078107666015625,0.623,1.1158259887695312,0.601
gaussian_postrelu,4,1173,after,,0.85,recalibrated,8,0.1,1,1.1540574340820313,0.581,1.178236083984375,0.574
gaussian_postrelu,4,1173,after,,0.85,recalibrated,8,0.1,-1,1.1214619140625,0.6,1.1590322265625,0.582
gaussian_postrelu,4,1173,after,,0.85,recalibrated,8,0.2,1,1.3489896850585938,0.508,1.3610905151367187,0.506
gaussian_postrelu,4,1173,after,,0.85,recalibrated,8,0.2,-1,1.2830673828125,0.538,1.30896044921875,0.525
gaussian_postrelu,4,1173,after,,0.85,recalibrated,8,0.25,1,1.473568115234375,0.464,1.4867095947265625,0.465
gaussian_postrelu,4,1173,after,,0.85,recalibrated,8,0.25,-1,1.3932711791992187,0.491,1.4150433349609375,0.481
gaussian_postrelu,4,1173,final,,0.0,recalibrated,8,0.025,1,1.8627411499023439,0.287,1.8654613037109375,0.274
gaussian_postrelu,4,1173,final,,0.0,recalibrated,8,0.025,-1,1.859983642578125,0.275,1.86059423828125,0.272
gaussian_postrelu,4,1173,final,,0.0,recalibrated,8,0.05,1,1.8692590942382812,0.28,1.872259765625,0.269
gaussian_postrelu,4,1173,final,,0.0,recalibrated,8,0.05,-1,1.8647290649414063,0.277,1.8635859375,0.272
gaussian_postrelu,4,1173,final,,0.0,recalibrated,8,0.1,1,1.8898938598632813,0.266,1.8923167114257813,0.27
gaussian_postrelu,4,1173,final,,0.0,recalibrated,8,0.1,-1,1.8892845458984375,0.264,1.88497705078125,0.266
gaussian_postrelu,4,1173,final,,0.0,recalibrated,8,0.2,1,1.9603164672851563,0.253,1.9658421630859375,0.254
gaussian_postrelu,4,1173,final,,0.0,recalibrated,8,0.2,-1,1.976489501953125,0.246,1.9660645751953125,0.238
gaussian_postrelu,4,1173,final,,0.0,recalibrated,8,0.25,1,2.007709716796875,0.25,2.0138582763671873,0.257
gaussian_postrelu,4,1173,final,,0.0,recalibrated,8,0.25,-1,2.0280664672851563,0.231,2.0184847412109375,0.226
gaussian_postrelu,4,1173,before,,1.0,recalibrated,9,0.025,1,1.0548707275390625,0.622,1.097616943359375,0.605
gaussian_postrelu,4,1173,before,,1.0,recalibrated,9,0.025,-1,1.05636767578125,0.625,1.0945032958984375,0.61
gaussian_postrelu,4,1173,before,,1.0,recalibrated,9,0.05,1,1.0816554565429688,0.609,1.1193425903320313,0.592
gaussian_postrelu,4,1173,before,,1.0,recalibrated,9,0.05,-1,1.0790025634765625,0.612,1.1181435546875,0.595
gaussian_postrelu,4,1173,before,,1.0,recalibrated,9,0.1,1,1.2002300415039062,0.569,1.216312744140625,0.553
gaussian_postrelu,4,1173,before,,1.0,recalibrated,9,0.1,-1,1.1582904663085938,0.592,1.198669189453125,0.575
gaussian_postrelu,4,1173,before,,1.0,recalibrated,9,0.2,1,1.6105367431640625,0.453,1.6097926025390625,0.433
gaussian_postrelu,4,1173,before,,1.0,recalibrated,9,0.2,-1,1.404997802734375,0.495,1.4653892822265624,0.501
gaussian_postrelu,4,1173,before,,1.0,recalibrated,9,0.25,1,1.8034957275390624,0.397,1.8139749755859376,0.351
gaussian_postrelu,4,1173,before,,1.0,recalibrated,9,0.25,-1,1.55151513671875,0.452,1.6262537231445313,0.453
gaussian_postrelu,4,1173,after,,0.85,recalibrated,9,0.025,1,1.0723955688476563,0.618,1.109670654296875,0.595
gaussian_postrelu,4,1173,after,,0.85,recalibrated,9,0.025,-1,1.0769790649414062,0.608,1.1096949462890624,0.589
gaussian_postrelu,4,1173,after,,0.85,recalibrated,9,0.05,1,1.0959398193359375,0.619,1.1293447875976563,0.582
gaussian_postrelu,4,1173,after,,0.85,recalibrated,9,0.05,-1,1.0976892700195313,0.61,1.13272607421875,0.591
gaussian_postrelu,4,1173,after,,0.85,recalibrated,9,0.1,1,1.2007001953125,0.57,1.2180318603515625,0.549
gaussian_postrelu,4,1173,after,,0.85,recalibrated,9,0.1,-1,1.1703333129882814,0.587,1.21160302734375,0.563
gaussian_postrelu,4,1173,after,,0.85,recalibrated,9,0.2,1,1.5754144897460938,0.463,1.5768373413085937,0.441
gaussian_postrelu,4,1173,after,,0.85,recalibrated,9,0.2,-1,1.396565673828125,0.501,1.45865283203125,0.492
gaussian_postrelu,4,1173,after,,0.85,recalibrated,9,0.25,1,1.74814794921875,0.412,1.7641116333007814,0.37
gaussian_postrelu,4,1173,after,,0.85,recalibrated,9,0.25,-1,1.5320565795898438,0.46,1.6080785522460936,0.451
gaussian_postrelu,4,1173,final,,0.0,recalibrated,9,0.025,1,1.862937744140625,0.285,1.860332275390625,0.262
gaussian_postrelu,4,1173,final,,0.0,recalibrated,9,0.025,-1,1.8623538818359375,0.289,1.8668255004882812,0.271
gaussian_postrelu,4,1173,final,,0.0,recalibrated,9,0.05,1,1.8698257446289062,0.282,1.8647666015625,0.259
gaussian_postrelu,4,1173,final,,0.0,recalibrated,9,0.05,-1,1.8692059326171875,0.289,1.8793203125,0.259
gaussian_postrelu,4,1173,final,,0.0,recalibrated,9,0.1,1,1.9019345703125,0.274,1.8939031372070312,0.257
gaussian_postrelu,4,1173,final,,0.0,recalibrated,9,0.1,-1,1.9012769775390626,0.27,1.9211585693359374,0.243
gaussian_postrelu,4,1173,final,,0.0,recalibrated,9,0.2,1,2.0033580322265623,0.214,2.0128291015625,0.209
gaussian_postrelu,4,1173,final,,0.0,recalibrated,9,0.2,-1,2.0018516845703127,0.236,2.0371915283203124,0.198
gaussian_postrelu,4,1173,final,,0.0,recalibrated,9,0.25,1,2.046027587890625,0.208,2.0669234619140626,0.199
gaussian_postrelu,4,1173,final,,0.0,recalibrated,9,0.25,-1,2.066794189453125,0.201,2.10603564453125,0.185
gaussian_postrelu,4,8211,before,,0.3,saved,,0.0,0,0.34035789489746093,0.883,0.607103515625,0.783
gaussian_postrelu,4,8211,before,,0.3,recalibrated,,0.0,0,0.33645965576171877,0.885,0.6001004028320313,0.789
gaussian_postrelu,4,8211,before,,0.3,recalibrated,0,0.025,1,0.36662657165527346,0.871,0.6255636901855469,0.778
gaussian_postrelu,4,8211,before,,0.3,recalibrated,0,0.025,-1,0.35757835388183595,0.873,0.6068583679199219,0.794
gaussian_postrelu,4,8211,before,,0.3,recalibrated,0,0.05,1,0.46247840881347657,0.833,0.6959276733398437,0.759
gaussian_postrelu,4,8211,before,,0.3,recalibrated,0,0.05,-1,0.43313185119628905,0.836,0.6562767028808594,0.784
gaussian_postrelu,4,8211,before,,0.3,recalibrated,0,0.1,1,0.7657572937011718,0.754,0.9464849243164063,0.709
gaussian_postrelu,4,8211,before,,0.3,recalibrated,0,0.1,-1,0.6774845275878906,0.76,0.8362438354492188,0.732
gaussian_postrelu,4,8211,before,,0.3,recalibrated,0,0.2,1,1.4218084716796875,0.578,1.52539990234375,0.546
gaussian_postrelu,4,8211,before,,0.3,recalibrated,0,0.2,-1,1.3763085327148437,0.575,1.4543035278320313,0.568
gaussian_postrelu,4,8211,before,,0.3,recalibrated,0,0.25,1,1.7085291137695313,0.512,1.8313826904296875,0.461
gaussian_postrelu,4,8211,before,,0.3,recalibrated,0,0.25,-1,1.8060166625976561,0.475,1.8566885986328125,0.478
gaussian_postrelu,4,8211,after,,0.0,saved,,0.0,0,0.3479236297607422,0.88,0.6166210327148437,0.781
gaussian_postrelu,4,8211,after,,0.0,recalibrated,,0.0,0,0.34297157287597657,0.885,0.6059405517578125,0.785
gaussian_postrelu,4,8211,after,,0.0,recalibrated,0,0.025,1,0.37238812255859377,0.873,0.6310359802246094,0.781
gaussian_postrelu,4,8211,after,,0.0,recalibrated,0,0.025,-1,0.3652443084716797,0.871,0.6126267700195313,0.794
gaussian_postrelu,4,8211,after,,0.0,recalibrated,0,0.05,1,0.4667917022705078,0.833,0.6998314514160157,0.757
gaussian_postrelu,4,8211,after,,0.0,recalibrated,0,0.05,-1,0.4412431640625,0.835,0.6629791870117188,0.779
gaussian_postrelu,4,8211,after,,0.0,recalibrated,0,0.1,1,0.7655918273925781,0.753,0.94588037109375,0.705
gaussian_postrelu,4,8211,after,,0.0,recalibrated,0,0.1,-1,0.6859864501953125,0.758,0.841331787109375,0.729
gaussian_postrelu,4,8211,after,,0.0,recalibrated,0,0.2,1,1.418857666015625,0.574,1.5158638305664063,0.542
gaussian_postrelu,4,8211,after,,0.0,recalibrated,0,0.2,-1,1.378631591796875,0.569,1.4539169921875,0.562
gaussian_postrelu,4,8211,after,,0.0,recalibrated,0,0.25,1,1.7039781494140624,0.509,1.8189453125,0.459
gaussian_postrelu,4,8211,after,,0.0,recalibrated,0,0.25,-1,1.8036864624023436,0.466,1.852583740234375,0.476
gaussian_postrelu,4,8211,before,,0.3,recalibrated,1,0.025,1,0.36186460876464843,0.875,0.6039886474609375,0.797
gaussian_postrelu,4,8211,before,,0.3,recalibrated,1,0.025,-1,0.35210246276855467,0.881,0.6255707397460938,0.778
gaussian_postrelu,4,8211,before,,0.3,recalibrated,1,0.05,1,0.4338420867919922,0.846,0.6536764831542968,0.774
gaussian_postrelu,4,8211,before,,0.3,recalibrated,1,0.05,-1,0.4329521636962891,0.845,0.6853978881835937,0.757
gaussian_postrelu,4,8211,before,,0.3,recalibrated,1,0.1,1,0.6731990661621093,0.768,0.8846014404296875,0.701
gaussian_postrelu,4,8211,before,,0.3,recalibrated,1,0.1,-1,0.7503552856445312,0.729,0.9493930358886719,0.69
gaussian_postrelu,4,8211,before,,0.3,recalibrated,1,0.2,1,1.3475279541015626,0.588,1.4528994140625,0.565
gaussian_postrelu,4,8211,before,,0.3,recalibrated,1,0.2,-1,1.4100136108398438,0.546,1.5620453491210937,0.513
gaussian_postrelu,4,8211,before,,0.3,recalibrated,1,0.25,1,1.675338134765625,0.518,1.7142868041992188,0.493
gaussian_postrelu,4,8211,before,,0.3,recalibrated,1,0.25,-1,1.7059994506835938,0.488,1.8180702514648437,0.441
gaussian_postrelu,4,8211,after,,0.0,recalibrated,1,0.025,1,0.36908348083496095,0.872,0.6101123352050781,0.793
gaussian_postrelu,4,8211,after,,0.0,recalibrated,1,0.025,-1,0.3592299194335937,0.88,0.631178955078125,0.777
gaussian_postrelu,4,8211,after,,0.0,recalibrated,1,0.05,1,0.44034805297851565,0.845,0.6596378479003906,0.776
gaussian_postrelu,4,8211,after,,0.0,recalibrated,1,0.05,-1,0.439895751953125,0.843,0.6896443786621094,0.758
gaussian_postrelu,4,8211,after,,0.0,recalibrated,1,0.1,1,0.6802084045410156,0.765,0.8879808349609375,0.703
gaussian_postrelu,4,8211,after,,0.0,recalibrated,1,0.1,-1,0.7535517272949219,0.732,0.9517728576660156,0.685
gaussian_postrelu,4,8211,after,,0.0,recalibrated,1,0.2,1,1.3497136840820312,0.583,1.4503919067382813,0.562
gaussian_postrelu,4,8211,after,,0.0,recalibrated,1,0.2,-1,1.4037984619140624,0.548,1.5515367431640625,0.51
gaussian_postrelu,4,8211,after,,0.0,recalibrated,1,0.25,1,1.6733760375976563,0.514,1.70917236328125,0.49
gaussian_postrelu,4,8211,after,,0.0,recalibrated,1,0.25,-1,1.6949263916015624,0.488,1.8027901000976563,0.437
gaussian_postrelu,4,8211,before,,0.3,recalibrated,2,0.025,1,0.3526005706787109,0.881,0.6084013671875,0.783
gaussian_postrelu,4,8211,before,,0.3,recalibrated,2,0.025,-1,0.3397545166015625,0.882,0.6092535095214844,0.792
gaussian_postrelu,4,8211,before,,0.3,recalibrated,2,0.05,1,0.38492947387695314,0.876,0.6322131652832031,0.78
gaussian_postrelu,4,8211,before,,0.3,recalibrated,2,0.05,-1,0.36516098022460936,0.869,0.6323101196289063,0.782
gaussian_postrelu,4,8211,before,,0.3,recalibrated,2,0.1,1,0.5178111267089843,0.824,0.7361204528808594,0.749
gaussian_postrelu,4,8211,before,,0.3,recalibrated,2,0.1,-1,0.47730484008789065,0.821,0.7138819580078125,0.766
gaussian_postrelu,4,8211,before,,0.3,recalibrated,2,0.2,1,1.070268798828125,0.659,1.270536865234375,0.59
gaussian_postrelu,4,8211,before,,0.3,recalibrated,2,0.2,-1,0.8763461608886719,0.708,1.0629169921875,0.658
gaussian_postrelu,4,8211,before,,0.3,recalibrated,2,0.25,1,1.498112548828125,0.535,1.6847835693359374,0.487
gaussian_postrelu,4,8211,before,,0.3,recalibrated,2,0.25,-1,1.138053955078125,0.629,1.3101911010742187,0.576
gaussian_postrelu,4,8211,after,,0.0,recalibrated,2,0.025,1,0.3596961975097656,0.88,0.6142573852539063,0.781
gaussian_postrelu,4,8211,after,,0.0,recalibrated,2,0.025,-1,0.34641281127929685,0.883,0.6153097534179688,0.788
gaussian_postrelu,4,8211,after,,0.0,recalibrated,2,0.05,1,0.3927826232910156,0.872,0.6377566223144531,0.777
gaussian_postrelu,4,8211,after,,0.0,recalibrated,2,0.05,-1,0.3714919586181641,0.87,0.6380366821289063,0.78
gaussian_postrelu,4,8211,after,,0.0,recalibrated,2,0.1,1,0.5266233062744141,0.816,0.7428132629394532,0.741
gaussian_postrelu,4,8211,after,,0.0,recalibrated,2,0.1,-1,0.4846197052001953,0.819,0.7201785583496094,0.757
gaussian_postrelu,4,8211,after,,0.0,recalibrated,2,0.2,1,1.0756990356445313,0.65,1.2726414794921874,0.589
gaussian_postrelu,4,8211,after,,0.0,recalibrated,2,0.2,-1,0.8868110046386719,0.702,1.0690989990234374,0.653
gaussian_postrelu,4,8211,after,,0.0,recalibrated,2,0.25,1,1.4991435546875,0.521,1.6811049194335939,0.481
gaussian_postrelu,4,8211,after,,0.0,recalibrated,2,0.25,-1,1.150914794921875,0.624,1.3175699462890624,0.571
gaussian_postrelu,4,8211,before,,0.3,recalibrated,3,0.025,1,0.34559738159179687,0.885,0.6014972839355469,0.795
gaussian_postrelu,4,8211,before,,0.3,recalibrated,3,0.025,-1,0.35384303283691404,0.88,0.620738037109375,0.788
gaussian_postrelu,4,8211,before,,0.3,recalibrated,3,0.05,1,0.3881241760253906,0.873,0.6276717529296875,0.787
gaussian_postrelu,4,8211,before,,0.3,recalibrated,3,0.05,-1,0.3982916107177734,0.863,0.661521728515625,0.776
gaussian_postrelu,4,8211,before,,0.3,recalibrated,3,0.1,1,0.5517404174804688,0.802,0.763560791015625,0.738
gaussian_postrelu,4,8211,before,,0.3,recalibrated,3,0.1,-1,0.5631897277832031,0.809,0.82725927734375,0.729
gaussian_postrelu,4,8211,before,,0.3,recalibrated,3,0.2,1,1.056422607421875,0.666,1.1937527465820312,0.625
gaussian_postrelu,4,8211,before,,0.3,recalibrated,3,0.2,-1,1.1462838134765625,0.615,1.3211089477539062,0.589
gaussian_postrelu,4,8211,before,,0.3,recalibrated,3,0.25,1,1.3337620849609375,0.582,1.453992919921875,0.568
gaussian_postrelu,4,8211,before,,0.3,recalibrated,3,0.25,-1,1.469683837890625,0.531,1.6000072631835938,0.503
gaussian_postrelu,4,8211,after,,0.0,recalibrated,3,0.025,1,0.35212911987304685,0.887,0.6071446228027344,0.788
gaussian_postrelu,4,8211,after,,0.0,recalibrated,3,0.025,-1,0.36103890991210935,0.878,0.6264535827636719,0.791
gaussian_postrelu,4,8211,after,,0.0,recalibrated,3,0.05,1,0.39504293823242187,0.871,0.6334934997558593,0.781
gaussian_postrelu,4,8211,after,,0.0,recalibrated,3,0.05,-1,0.4056046905517578,0.864,0.6656534423828125,0.776
gaussian_postrelu,4,8211,after,,0.0,recalibrated,3,0.1,1,0.5592838745117188,0.804,0.7680750732421875,0.739
gaussian_postrelu,4,8211,after,,0.0,recalibrated,3,0.1,-1,0.56972265625,0.804,0.8294594116210937,0.726
gaussian_postrelu,4,8211,after,,0.0,recalibrated,3,0.2,1,1.056989013671875,0.657,1.1935848388671875,0.618
gaussian_postrelu,4,8211,after,,0.0,recalibrated,3,0.2,-1,1.151968505859375,0.613,1.3208082885742187,0.583
gaussian_postrelu,4,8211,after,,0.0,recalibrated,3,0.25,1,1.33114794921875,0.575,1.450731201171875,0.57
gaussian_postrelu,4,8211,after,,0.0,recalibrated,3,0.25,-1,1.4714637451171875,0.529,1.5983818969726562,0.499
gaussian_postrelu,4,8211,before,,0.3,recalibrated,4,0.025,1,0.34478169250488283,0.887,0.6040757751464844,0.79
gaussian_postrelu,4,8211,before,,0.3,recalibrated,4,0.025,-1,0.353041748046875,0.878,0.6071470031738281,0.784
gaussian_postrelu,4,8211,before,,0.3,recalibrated,4,0.05,1,0.39130239868164063,0.87,0.6266972045898438,0.787
gaussian_postrelu,4,8211,before,,0.3,recalibrated,4,0.05,-1,0.39594178771972655,0.866,0.6384448547363282,0.78
gaussian_postrelu,4,8211,before,,0.3,recalibrated,4,0.1,1,0.5660786590576172,0.801,0.7423071899414062,0.746
gaussian_postrelu,4,8211,before,,0.3,recalibrated,4,0.1,-1,0.6036636047363281,0.778,0.8031519165039063,0.725
gaussian_postrelu,4,8211,before,,0.3,recalibrated,4,0.2,1,1.0241001281738282,0.656,1.15493994140625,0.627
gaussian_postrelu,4,8211,before,,0.3,recalibrated,4,0.2,-1,1.1782003173828124,0.613,1.2702427368164062,0.598
gaussian_postrelu,4,8211,before,,0.3,recalibrated,4,0.25,1,1.2668458862304688,0.593,1.4010852661132813,0.552
gaussian_postrelu,4,8211,before,,0.3,recalibrated,4,0.25,-1,1.4623818969726563,0.534,1.5317660522460939,0.542
gaussian_postrelu,4,8211,after,,0.0,recalibrated,4,0.025,1,0.3509152374267578,0.885,0.6093421325683593,0.785
gaussian_postrelu,4,8211,after,,0.0,recalibrated,4,0.025,-1,0.3607017059326172,0.876,0.6127721557617187,0.784
gaussian_postrelu,4,8211,after,,0.0,recalibrated,4,0.05,1,0.397709228515625,0.866,0.6317686157226563,0.783
gaussian_postrelu,4,8211,after,,0.0,recalibrated,4,0.05,-1,0.4049638977050781,0.861,0.6449390563964844,0.779
gaussian_postrelu,4,8211,after,,0.0,recalibrated,4,0.1,1,0.5745568237304688,0.794,0.747571044921875,0.746
gaussian_postrelu,4,8211,after,,0.0,recalibrated,4,0.1,-1,0.6135372314453125,0.773,0.8083920288085937,0.722
gaussian_postrelu,4,8211,after,,0.0,recalibrated,4,0.2,1,1.028462860107422,0.651,1.157443603515625,0.628
gaussian_postrelu,4,8211,after,,0.0,recalibrated,4,0.2,-1,1.182711669921875,0.611,1.270869384765625,0.593
gaussian_postrelu,4,8211,after,,0.0,recalibrated,4,0.25,1,1.2663065795898438,0.591,1.4003861694335937,0.55
gaussian_postrelu,4,8211,after,,0.0,recalibrated,4,0.25,-1,1.4672754516601563,0.535,1.5310093383789063,0.539
gaussian_postrelu,4,8211,before,,0.3,recalibrated,5,0.025,1,0.37037603759765625,0.869,0.612964599609375,0.783
gaussian_postrelu,4,8211,before,,0.3,recalibrated,5,0.025,-1,0.35831382751464846,0.873,0.6258048095703125,0.79
gaussian_postrelu,4,8211,before,,0.3,recalibrated,5,0.05,1,0.4436875610351563,0.849,0.6663119201660156,0.769
gaussian_postrelu,4,8211,before,,0.3,recalibrated,5,0.05,-1,0.4528964996337891,0.834,0.7045993041992188,0.761
gaussian_postrelu,4,8211,before,,0.3,recalibrated,5,0.1,1,0.6867775573730469,0.754,0.908763671875,0.718
gaussian_postrelu,4,8211,before,,0.3,recalibrated,5,0.1,-1,0.6913130798339844,0.76,0.9286546020507812,0.694
gaussian_postrelu,4,8211,before,,0.3,recalibrated,5,0.2,1,1.2847339477539061,0.579,1.4496244506835938,0.571
gaussian_postrelu,4,8211,before,,0.3,recalibrated,5,0.2,-1,1.2638370361328124,0.61,1.4140889282226563,0.567
gaussian_postrelu,4,8211,before,,0.3,recalibrated,5,0.25,1,1.5992003784179687,0.486,1.7203375854492187,0.48
gaussian_postrelu,4,8211,before,,0.3,recalibrated,5,0.25,-1,1.592284423828125,0.515,1.6718432006835937,0.481
gaussian_postrelu,4,8211,after,,0.0,recalibrated,5,0.025,1,0.377373046875,0.868,0.6187800598144532,0.777
gaussian_postrelu,4,8211,after,,0.0,recalibrated,5,0.025,-1,0.3656360168457031,0.876,0.6316968383789062,0.786
gaussian_postrelu,4,8211,after,,0.0,recalibrated,5,0.05,1,0.4509529571533203,0.846,0.6718558349609375,0.768
gaussian_postrelu,4,8211,after,,0.0,recalibrated,5,0.05,-1,0.4603616943359375,0.832,0.7107032470703125,0.756
gaussian_postrelu,4,8211,after,,0.0,recalibrated,5,0.1,1,0.69468310546875,0.755,0.9110911560058593,0.715
gaussian_postrelu,4,8211,after,,0.0,recalibrated,5,0.1,-1,0.6993338928222657,0.757,0.9337667236328125,0.688
gaussian_postrelu,4,8211,after,,0.0,recalibrated,5,0.2,1,1.285189208984375,0.576,1.448632080078125,0.566
gaussian_postrelu,4,8211,after,,0.0,recalibrated,5,0.2,-1,1.2685673217773437,0.603,1.416916259765625,0.561
gaussian_postrelu,4,8211,after,,0.0,recalibrated,5,0.25,1,1.5945511474609375,0.479,1.7172418212890626,0.48
gaussian_postrelu,4,8211,after,,0.0,recalibrated,5,0.25,-1,1.5955611572265624,0.517,1.672780517578125,0.481
gaussian_postrelu,4,8211,before,,0.3,recalibrated,6,0.025,1,0.3408130798339844,0.89,0.6049231567382812,0.794
gaussian_postrelu,4,8211,before,,0.3,recalibrated,6,0.025,-1,0.35973463439941405,0.876,0.6154229736328125,0.783
gaussian_postrelu,4,8211,before,,0.3,recalibrated,6,0.05,1,0.37518603515625,0.872,0.6300818176269531,0.787
gaussian_postrelu,4,8211,before,,0.3,recalibrated,6,0.05,-1,0.4179415283203125,0.856,0.6535162963867187,0.776
gaussian_postrelu,4,8211,before,,0.3,recalibrated,6,0.1,1,0.5252499389648437,0.819,0.7533858642578125,0.75
gaussian_postrelu,4,8211,before,,0.3,recalibrated,6,0.1,-1,0.649002685546875,0.777,0.8351705017089843,0.738
gaussian_postrelu,4,8211,before,,0.3,recalibrated,6,0.2,1,1.0182307739257812,0.659,1.1843713989257814,0.616
gaussian_postrelu,4,8211,before,,0.3,recalibrated,6,0.2,-1,1.3001734619140626,0.586,1.38839501953125,0.577
gaussian_postrelu,4,8211,before,,0.3,recalibrated,6,0.25,1,1.3480169067382812,0.57,1.4888158569335936,0.526
gaussian_postrelu,4,8211,before,,0.3,recalibrated,6,0.25,-1,1.6483489990234375,0.51,1.7243766479492189,0.496
gaussian_postrelu,4,8211,after,,0.0,recalibrated,6,0.025,1,0.34766746520996095,0.889,0.6112739868164062,0.792
gaussian_postrelu,4,8211,after,,0.0,recalibrated,6,0.025,-1,0.36668475341796875,0.874,0.6208484497070312,0.779
gaussian_postrelu,4,8211,after,,0.0,recalibrated,6,0.05,1,0.3827504425048828,0.87,0.6366346435546875,0.784
gaussian_postrelu,4,8211,after,,0.0,recalibrated,6,0.05,-1,0.4252106170654297,0.854,0.6586474914550782,0.773
gaussian_postrelu,4,8211,after,,0.0,recalibrated,6,0.1,1,0.5344833374023438,0.809,0.7592875671386718,0.752
gaussian_postrelu,4,8211,after,,0.0,recalibrated,6,0.1,-1,0.6538245544433594,0.776,0.8402887573242187,0.732
gaussian_postrelu,4,8211,after,,0.0,recalibrated,6,0.2,1,1.0268182678222657,0.654,1.1918199462890624,0.609
gaussian_postrelu,4,8211,after,,0.0,recalibrated,6,0.2,-1,1.2969540405273436,0.582,1.3857757568359375,0.576
gaussian_postrelu,4,8211,after,,0.0,recalibrated,6,0.25,1,1.35274853515625,0.562,1.494071533203125,0.52
gaussian_postrelu,4,8211,after,,0.0,recalibrated,6,0.25,-1,1.640672607421875,0.505,1.71644580078125,0.496
gaussian_postrelu,4,8211,before,,0.3,recalibrated,7,0.025,1,0.3588548583984375,0.877,0.6031658630371094,0.796
gaussian_postrelu,4,8211,before,,0.3,recalibrated,7,0.025,-1,0.3625914001464844,0.877,0.6313378295898437,0.777
gaussian_postrelu,4,8211,before,,0.3,recalibrated,7,0.05,1,0.43680030822753907,0.853,0.6595863037109375,0.773
gaussian_postrelu,4,8211,before,,0.3,recalibrated,7,0.05,-1,0.46814817810058595,0.827,0.7140772399902344,0.752
gaussian_postrelu,4,8211,before,,0.3,recalibrated,7,0.1,1,0.7876496887207032,0.738,0.9949194946289063,0.669
gaussian_postrelu,4,8211,before,,0.3,recalibrated,7,0.1,-1,0.8572779846191406,0.697,1.0486934814453126,0.646
gaussian_postrelu,4,8211,before,,0.3,recalibrated,7,0.2,1,1.7568558959960938,0.488,1.8135896606445312,0.472
gaussian_postrelu,4,8211,before,,0.3,recalibrated,7,0.2,-1,1.625997314453125,0.515,1.7796151123046875,0.485
gaussian_postrelu,4,8211,before,,0.3,recalibrated,7,0.25,1,2.199881103515625,0.378,2.2194039916992185,0.387
gaussian_postrelu,4,8211,before,,0.3,recalibrated,7,0.25,-1,1.8970162353515625,0.462,2.07939990234375,0.414
gaussian_postrelu,4,8211,after,,0.0,recalibrated,7,0.025,1,0.36610801696777345,0.88,0.6097501831054688,0.794
gaussian_postrelu,4,8211,after,,0.0,recalibrated,7,0.025,-1,0.36967449951171877,0.872,0.6370219421386719,0.774
gaussian_postrelu,4,8211,after,,0.0,recalibrated,7,0.05,1,0.44451284790039064,0.847,0.666806640625,0.769
gaussian_postrelu,4,8211,after,,0.0,recalibrated,7,0.05,-1,0.4750546569824219,0.83,0.7194718627929687,0.751
gaussian_postrelu,4,8211,after,,0.0,recalibrated,7,0.1,1,0.7963955078125,0.729,1.0006626586914062,0.67
gaussian_postrelu,4,8211,after,,0.0,recalibrated,7,0.1,-1,0.8597125549316407,0.691,1.0493056640625,0.646
gaussian_postrelu,4,8211,after,,0.0,recalibrated,7,0.2,1,1.75665673828125,0.482,1.81319384765625,0.468
gaussian_postrelu,4,8211,after,,0.0,recalibrated,7,0.2,-1,1.6170772705078125,0.507,1.7643091430664062,0.476
gaussian_postrelu,4,8211,after,,0.0,recalibrated,7,0.25,1,2.1921865234375,0.38,2.2114385986328124,0.38
gaussian_postrelu,4,8211,after,,0.0,recalibrated,7,0.25,-1,1.8822479248046875,0.457,2.0591015625,0.41
gaussian_postrelu,4,8211,before,,0.3,recalibrated,8,0.025,1,0.34530072021484376,0.884,0.6085119018554688,0.788
gaussian_postrelu,4,8211,before,,0.3,recalibrated,8,0.025,-1,0.33849159240722654,0.883,0.60266552734375,0.785
gaussian_postrelu,4,8211,before,,0.3,recalibrated,8,0.05,1,0.36627549743652343,0.88,0.6241544494628907,0.785
gaussian_postrelu,4,8211,before,,0.3,recalibrated,8,0.05,-1,0.35040853881835937,0.879,0.6149150085449219,0.778
gaussian_postrelu,4,8211,before,,0.3,recalibrated,8,0.1,1,0.44675311279296875,0.837,0.6796549682617188,0.773
gaussian_postrelu,4,8211,before,,0.3,recalibrated,8,0.1,-1,0.4084175567626953,0.853,0.6646287231445313,0.764
gaussian_postrelu,4,8211,before,,0.3,recalibrated,8,0.2,1,0.7055334777832031,0.751,0.8824909973144531,0.705
gaussian_postrelu,4,8211,before,,0.3,recalibrated,8,0.2,-1,0.6637265625,0.772,0.8599505615234375,0.698
gaussian_postrelu,4,8211,before,,0.3,recalibrated,8,0.25,1,0.8772004089355468,0.685,1.0349802551269531,0.649
gaussian_postrelu,4,8211,before,,0.3,recalibrated,8,0.25,-1,0.8596452941894531,0.708,1.0176679992675781,0.641
gaussian_postrelu,4,8211,after,,0.0,recalibrated,8,0.025,1,0.35166192626953124,0.885,0.6140906372070313,0.784
gaussian_postrelu,4,8211,after,,0.0,recalibrated,8,0.025,-1,0.34530775451660156,0.885,0.6087043151855469,0.783
gaussian_postrelu,4,8211,after,,0.0,recalibrated,8,0.05,1,0.373239501953125,0.879,0.6307064819335938,0.781
gaussian_postrelu,4,8211,after,,0.0,recalibrated,8,0.05,-1,0.35800445556640625,0.878,0.621128662109375,0.776
gaussian_postrelu,4,8211,after,,0.0,recalibrated,8,0.1,1,0.4543154754638672,0.84,0.6855901489257813,0.772
gaussian_postrelu,4,8211,after,,0.0,recalibrated,8,0.1,-1,0.4172413024902344,0.848,0.6708190002441407,0.761
gaussian_postrelu,4,8211,after,,0.0,recalibrated,8,0.2,1,0.714178466796875,0.749,0.8867699584960937,0.697
gaussian_postrelu,4,8211,after,,0.0,recalibrated,8,0.2,-1,0.6753794555664062,0.772,0.8678747253417969,0.696
gaussian_postrelu,4,8211,after,,0.0,recalibrated,8,0.25,1,0.8861134033203125,0.679,1.0395062866210938,0.647
gaussian_postrelu,4,8211,after,,0.0,recalibrated,8,0.25,-1,0.871235107421875,0.702,1.0263223266601562,0.637
gaussian_postrelu,4,8211,before,,0.3,recalibrated,9,0.025,1,0.35632484436035156,0.882,0.61989697265625,0.781
gaussian_postrelu,4,8211,before,,0.3,recalibrated,9,0.025,-1,0.3627104034423828,0.871,0.6110528259277344,0.795
gaussian_postrelu,4,8211,before,,0.3,recalibrated,9,0.05,1,0.4410830383300781,0.845,0.6800332946777343,0.763
gaussian_postrelu,4,8211,before,,0.3,recalibrated,9,0.05,-1,0.4433629608154297,0.84,0.6673372497558594,0.771
gaussian_postrelu,4,8211,before,,0.3,recalibrated,9,0.1,1,0.7454174194335937,0.738,0.9083527221679687,0.694
gaussian_postrelu,4,8211,before,,0.3,recalibrated,9,0.1,-1,0.6837713623046875,0.755,0.8671830444335937,0.71
gaussian_postrelu,4,8211,before,,0.3,recalibrated,9,0.2,1,1.4037968139648438,0.573,1.508478271484375,0.528
gaussian_postrelu,4,8211,before,,0.3,recalibrated,9,0.2,-1,1.262947265625,0.581,1.4263939208984375,0.551
gaussian_postrelu,4,8211,before,,0.3,recalibrated,9,0.25,1,1.7163322143554687,0.498,1.818552734375,0.463
gaussian_postrelu,4,8211,before,,0.3,recalibrated,9,0.25,-1,1.5846546630859375,0.511,1.7562598876953126,0.464
gaussian_postrelu,4,8211,after,,0.0,recalibrated,9,0.025,1,0.36319580078125,0.88,0.6259512939453125,0.773
gaussian_postrelu,4,8211,after,,0.0,recalibrated,9,0.025,-1,0.3695110626220703,0.872,0.6169968872070313,0.796
gaussian_postrelu,4,8211,after,,0.0,recalibrated,9,0.05,1,0.44854991149902346,0.847,0.6856929931640625,0.76
gaussian_postrelu,4,8211,after,,0.0,recalibrated,9,0.05,-1,0.45019064331054687,0.839,0.6727958679199219,0.768
gaussian_postrelu,4,8211,after,,0.0,recalibrated,9,0.1,1,0.7500281372070312,0.73,0.9127104797363281,0.688
gaussian_postrelu,4,8211,after,,0.0,recalibrated,9,0.1,-1,0.6889099731445313,0.757,0.8701881713867188,0.707
gaussian_postrelu,4,8211,after,,0.0,recalibrated,9,0.2,1,1.3980607299804688,0.57,1.5047899780273437,0.524
gaussian_postrelu,4,8211,after,,0.0,recalibrated,9,0.2,-1,1.2618683471679688,0.578,1.4231318969726563,0.554
gaussian_postrelu,4,8211,after,,0.0,recalibrated,9,0.25,1,1.7066951293945312,0.496,1.8111522216796876,0.462
gaussian_postrelu,4,8211,after,,0.0,recalibrated,9,0.25,-1,1.5803778686523438,0.504,1.75029931640625,0.456
resolution_max_b1,1,2346,before,16,,saved,,0.0,0,0.795326416015625,0.719,0.9194975280761719,0.686
resolution_max_b1,1,2346,before,16,,recalibrated,,0.0,0,0.7794854431152344,0.732,0.89855078125,0.692
resolution_max_b1,1,2346,before,16,,recalibrated,0,0.025,1,0.7837879638671875,0.728,0.9036690673828125,0.692
resolution_max_b1,1,2346,before,16,,recalibrated,0,0.025,-1,0.7818182373046875,0.736,0.897890380859375,0.682
resolution_max_b1,1,2346,before,16,,recalibrated,0,0.05,1,0.7936155700683594,0.726,0.9126051330566406,0.682
resolution_max_b1,1,2346,before,16,,recalibrated,0,0.05,-1,0.7904355163574219,0.732,0.9020493774414062,0.682
resolution_max_b1,1,2346,before,16,,recalibrated,0,0.1,1,0.8311171264648437,0.708,0.9413500671386719,0.675
resolution_max_b1,1,2346,before,16,,recalibrated,0,0.1,-1,0.825956787109375,0.703,0.9236569213867187,0.667
resolution_max_b1,1,2346,before,16,,recalibrated,0,0.2,1,0.9805478515625,0.648,1.0567017822265625,0.642
resolution_max_b1,1,2346,before,16,,recalibrated,0,0.2,-1,0.9527470397949219,0.648,1.0219767456054687,0.624
resolution_max_b1,1,2346,before,16,,recalibrated,0,0.25,1,1.0890776977539063,0.616,1.147707275390625,0.61
resolution_max_b1,1,2346,before,16,,recalibrated,0,0.25,-1,1.0412315673828125,0.616,1.0941708374023438,0.604
resolution_max_b1,1,2346,after,24,,saved,,0.0,0,1.1230718383789062,0.591,1.1266748657226562,0.585
resolution_max_b1,1,2346,after,24,,recalibrated,,0.0,0,1.046666015625,0.627,1.0577495727539064,0.63
resolution_max_b1,1,2346,after,24,,recalibrated,0,0.025,1,1.0532511596679688,0.623,1.0643861694335937,0.634
resolution_max_b1,1,2346,after,24,,recalibrated,0,0.025,-1,1.0449357299804687,0.615,1.0563943481445313,0.624
resolution_max_b1,1,2346,after,24,,recalibrated,0,0.05,1,1.0648392333984376,0.62,1.075563690185547,0.624
resolution_max_b1,1,2346,after,24,,recalibrated,0,0.05,-1,1.0489817199707032,0.615,1.06019970703125,0.619
resolution_max_b1,1,2346,after,24,,recalibrated,0,0.1,1,1.1037988891601562,0.608,1.1149471435546876,0.601
resolution_max_b1,1,2346,after,24,,recalibrated,0,0.1,-1,1.0740567016601563,0.602,1.0813563232421874,0.6
resolution_max_b1,1,2346,after,24,,recalibrated,0,0.2,1,1.2421171875,0.556,1.2531475830078125,0.545
resolution_max_b1,1,2346,after,24,,recalibrated,0,0.2,-1,1.1813944091796875,0.563,1.1778555908203125,0.572
resolution_max_b1,1,2346,after,24,,recalibrated,0,0.25,1,1.3431466064453126,0.522,1.3546614379882813,0.508
resolution_max_b1,1,2346,after,24,,recalibrated,0,0.25,-1,1.2653355712890626,0.529,1.2504381713867188,0.553
resolution_max_b1,1,2346,r=32,32,,saved,,0.0,0,4.25028515625,0.124,4.2547586669921875,0.121
resolution_max_b1,1,2346,r=32,32,,recalibrated,,0.0,0,1.5019767456054687,0.445,1.526615234375,0.426
resolution_max_b1,1,2346,r=32,32,,recalibrated,0,0.025,1,1.5132548217773438,0.438,1.5410488891601561,0.424
resolution_max_b1,1,2346,r=32,32,,recalibrated,0,0.025,-1,1.4963678588867189,0.45,1.5180166015625,0.434
resolution_max_b1,1,2346,r=32,32,,recalibrated,0,0.05,1,1.5295687255859376,0.429,1.5593005981445311,0.419
resolution_max_b1,1,2346,r=32,32,,recalibrated,0,0.05,-1,1.4979723510742187,0.438,1.5164351196289063,0.441
resolution_max_b1,1,2346,r=32,32,,recalibrated,0,0.1,1,1.5754408569335938,0.406,1.6049256591796874,0.41
resolution_max_b1,1,2346,r=32,32,,recalibrated,0,0.1,-1,1.5178616943359375,0.431,1.5323776245117187,0.421
resolution_max_b1,1,2346,r=32,32,,recalibrated,0,0.2,1,1.730179443359375,0.356,1.7529476318359376,0.328
resolution_max_b1,1,2346,r=32,32,,recalibrated,0,0.2,-1,1.6312494506835937,0.398,1.642988525390625,0.389
resolution_max_b1,1,2346,r=32,32,,recalibrated,0,0.25,1,1.8253206787109375,0.309,1.8508567504882814,0.299
resolution_max_b1,1,2346,r=32,32,,recalibrated,0,0.25,-1,1.7163644409179688,0.386,1.7189335327148438,0.361
resolution_max_b1,1,2346,before,16,,recalibrated,1,0.025,1,0.7838672790527343,0.729,0.9039844360351562,0.687
resolution_max_b1,1,2346,before,16,,recalibrated,1,0.025,-1,0.7836005859375,0.733,0.8987320556640624,0.692
resolution_max_b1,1,2346,before,16,,recalibrated,1,0.05,1,0.7942808837890625,0.713,0.9151166381835938,0.67
resolution_max_b1,1,2346,before,16,,recalibrated,1,0.05,-1,0.7958921508789063,0.72,0.9056516723632813,0.688
resolution_max_b1,1,2346,before,16,,recalibrated,1,0.1,1,0.8362154541015625,0.689,0.9522145385742188,0.662
resolution_max_b1,1,2346,before,16,,recalibrated,1,0.1,-1,0.8491258544921875,0.689,0.9430010070800782,0.672
resolution_max_b1,1,2346,before,16,,recalibrated,1,0.2,1,1.00626220703125,0.626,1.096996337890625,0.616
resolution_max_b1,1,2346,before,16,,recalibrated,1,0.2,-1,1.0664949951171876,0.61,1.1349947509765625,0.595
resolution_max_b1,1,2346,before,16,,recalibrated,1,0.25,1,1.1362467041015625,0.593,1.2189362182617187,0.581
resolution_max_b1,1,2346,before,16,,recalibrated,1,0.25,-1,1.24163427734375,0.559,1.3012291870117187,0.535
resolution_max_b1,1,2346,after,24,,recalibrated,1,0.025,1,1.0421742553710938,0.63,1.0546150207519531,0.624
resolution_max_b1,1,2346,after,24,,recalibrated,1,0.025,-1,1.0575064697265626,0.617,1.0658142700195312,0.621
resolution_max_b1,1,2346,after,24,,recalibrated,1,0.05,1,1.0434795532226562,0.625,1.0569101257324218,0.625
resolution_max_b1,1,2346,after,24,,recalibrated,1,0.05,-1,1.0745270385742187,0.609,1.0793888244628906,0.61
resolution_max_b1,1,2346,after,24,,recalibrated,1,0.1,1,1.0667823791503905,0.607,1.0825858764648437,0.612
resolution_max_b1,1,2346,after,24,,recalibrated,1,0.1,-1,1.132024658203125,0.594,1.1268776245117187,0.59
resolution_max_b1,1,2346,after,24,,recalibrated,1,0.2,1,1.2145247802734376,0.561,1.21517578125,0.562
resolution_max_b1,1,2346,after,24,,recalibrated,1,0.2,-1,1.36730419921875,0.506,1.3552447509765626,0.517
resolution_max_b1,1,2346,after,24,,recalibrated,1,0.25,1,1.3402123413085938,0.538,1.33632470703125,0.534
resolution_max_b1,1,2346,after,24,,recalibrated,1,0.25,-1,1.5589061889648437,0.43,1.5402469482421874,0.439
resolution_max_b1,1,2346,r=32,32,,recalibrated,1,0.025,1,1.4937847900390624,0.441,1.52099365234375,0.421
resolution_max_b1,1,2346,r=32,32,,recalibrated,1,0.025,-1,1.5163934936523438,0.427,1.5403825073242188,0.422
resolution_max_b1,1,2346,r=32,32,,recalibrated,1,0.05,1,1.494283447265625,0.445,1.5215286254882812,0.426
resolution_max_b1,1,2346,r=32,32,,recalibrated,1,0.05,-1,1.5350242919921875,0.421,1.55825927734375,0.414
resolution_max_b1,1,2346,r=32,32,,recalibrated,1,0.1,1,1.5213822021484376,0.441,1.5472744750976561,0.42
resolution_max_b1,1,2346,r=32,32,,recalibrated,1,0.1,-1,1.5926235961914061,0.411,1.6192290649414063,0.412
resolution_max_b1,1,2346,r=32,32,,recalibrated,1,0.2,1,1.6607802124023439,0.403,1.6796019287109376,0.399
resolution_max_b1,1,2346,r=32,32,,recalibrated,1,0.2,-1,1.832636962890625,0.327,1.8549171142578125,0.343
resolution_max_b1,1,2346,r=32,32,,recalibrated,1,0.25,1,1.776580078125,0.374,1.8104835205078125,0.357
resolution_max_b1,1,2346,r=32,32,,recalibrated,1,0.25,-1,2.015178283691406,0.283,2.0306043090820314,0.288
resolution_max_b1,1,2346,before,16,,recalibrated,2,0.025,1,0.777653076171875,0.734,0.8969218139648437,0.695
resolution_max_b1,1,2346,before,16,,recalibrated,2,0.025,-1,0.7926695861816406,0.719,0.9108712463378906,0.682
resolution_max_b1,1,2346,before,16,,recalibrated,2,0.05,1,0.7901819152832031,0.723,0.9118880310058594,0.676
resolution_max_b1,1,2346,before,16,,recalibrated,2,0.05,-1,0.8160621032714844,0.715,0.931773193359375,0.665
resolution_max_b1,1,2346,before,16,,recalibrated,2,0.1,1,0.8593995971679688,0.696,0.9798841552734375,0.634
resolution_max_b1,1,2346,before,16,,recalibrated,2,0.1,-1,0.8901719360351562,0.688,0.9950707702636719,0.641
resolution_max_b1,1,2346,before,16,,recalibrated,2,0.2,1,1.1500693359375,0.6,1.2234188842773437,0.572
resolution_max_b1,1,2346,before,16,,recalibrated,2,0.2,-1,1.1268290405273438,0.596,1.1984086303710937,0.579
resolution_max_b1,1,2346,before,16,,recalibrated,2,0.25,1,1.3432955932617188,0.54,1.401150146484375,0.521
resolution_max_b1,1,2346,before,16,,recalibrated,2,0.25,-1,1.2954571533203125,0.54,1.34944482421875,0.52
resolution_max_b1,1,2346,after,24,,recalibrated,2,0.025,1,1.04236279296875,0.625,1.0536812133789062,0.628
resolution_max_b1,1,2346,after,24,,recalibrated,2,0.025,-1,1.0610338745117187,0.618,1.0716539916992187,0.622
resolution_max_b1,1,2346,after,24,,recalibrated,2,0.05,1,1.0530726623535156,0.619,1.0647094421386718,0.608
resolution_max_b1,1,2346,after,24,,recalibrated,2,0.05,-1,1.0845870056152345,0.612,1.0928543090820313,0.609
resolution_max_b1,1,2346,after,24,,recalibrated,2,0.1,1,1.1192083740234375,0.592,1.1308179321289062,0.588
resolution_max_b1,1,2346,after,24,,recalibrated,2,0.1,-1,1.158473876953125,0.569,1.1592802734375,0.596
resolution_max_b1,1,2346,after,24,,recalibrated,2,0.2,1,1.3936954345703125,0.495,1.40015625,0.505
resolution_max_b1,1,2346,after,24,,recalibrated,2,0.2,-1,1.4026973876953126,0.495,1.3842041625976562,0.503
resolution_max_b1,1,2346,after,24,,recalibrated,2,0.25,1,1.57946875,0.438,1.5755695190429688,0.447
resolution_max_b1,1,2346,after,24,,recalibrated,2,0.25,-1,1.56608349609375,0.424,1.5385111694335938,0.433
resolution_max_b1,1,2346,r=32,32,,recalibrated,2,0.025,1,1.4951753540039063,0.425,1.5187212524414062,0.424
resolution_max_b1,1,2346,r=32,32,,recalibrated,2,0.025,-1,1.52213525390625,0.435,1.5543239135742188,0.417
resolution_max_b1,1,2346,r=32,32,,recalibrated,2,0.05,1,1.5031417846679687,0.425,1.52766748046875,0.416
resolution_max_b1,1,2346,r=32,32,,recalibrated,2,0.05,-1,1.554972412109375,0.41,1.5925418701171874,0.406
resolution_max_b1,1,2346,r=32,32,,recalibrated,2,0.1,1,1.5639667358398437,0.397,1.5832681884765625,0.397
resolution_max_b1,1,2346,r=32,32,,recalibrated,2,0.1,-1,1.6454030151367187,0.378,1.6830816650390625,0.37
resolution_max_b1,1,2346,r=32,32,,recalibrated,2,0.2,1,1.8206387939453126,0.344,1.825753662109375,0.33
resolution_max_b1,1,2346,r=32,32,,recalibrated,2,0.2,-1,1.8822333984375,0.307,1.9047551879882811,0.31
resolution_max_b1,1,2346,r=32,32,,recalibrated,2,0.25,1,1.9839779052734374,0.294,1.9742894287109376,0.3
resolution_max_b1,1,2346,r=32,32,,recalibrated,2,0.25,-1,2.0174451293945315,0.278,2.030280578613281,0.276
resolution_max_b1,1,2346,before,16,,recalibrated,3,0.025,1,0.782337158203125,0.727,0.8999186096191406,0.688
resolution_max_b1,1,2346,before,16,,recalibrated,3,0.025,-1,0.7841014099121094,0.732,0.9031605834960937,0.687
resolution_max_b1,1,2346,before,16,,recalibrated,3,0.05,1,0.7927381591796875,0.719,0.9067293395996093,0.682
resolution_max_b1,1,2346,before,16,,recalibrated,3,0.05,-1,0.7943884887695313,0.725,0.9131953735351562,0.68
resolution_max_b1,1,2346,before,16,,recalibrated,3,0.1,1,0.8310289001464843,0.706,0.93799072265625,0.664
resolution_max_b1,1,2346,before,16,,recalibrated,3,0.1,-1,0.8351986999511719,0.708,0.9484480895996094,0.658
resolution_max_b1,1,2346,before,16,,recalibrated,3,0.2,1,1.0063946533203125,0.634,1.0826590576171875,0.604
resolution_max_b1,1,2346,before,16,,recalibrated,3,0.2,-1,0.9866651611328126,0.653,1.0847933349609375,0.606
resolution_max_b1,1,2346,before,16,,recalibrated,3,0.25,1,1.1623875122070313,0.56,1.2194522094726563,0.568
resolution_max_b1,1,2346,before,16,,recalibrated,3,0.25,-1,1.086386962890625,0.616,1.1744496459960938,0.574
resolution_max_b1,1,2346,after,24,,recalibrated,3,0.025,1,1.043998077392578,0.625,1.0557042236328125,0.629
resolution_max_b1,1,2346,after,24,,recalibrated,3,0.025,-1,1.0548092041015624,0.62,1.0636474609375,0.619
resolution_max_b1,1,2346,after,24,,recalibrated,3,0.05,1,1.0488876953125,0.614,1.059776092529297,0.633
resolution_max_b1,1,2346,after,24,,recalibrated,3,0.05,-1,1.0685098571777343,0.615,1.0737823486328124,0.618
resolution_max_b1,1,2346,after,24,,recalibrated,3,0.1,1,1.0783824462890625,0.602,1.0873200378417969,0.616
resolution_max_b1,1,2346,after,24,,recalibrated,3,0.1,-1,1.1117955932617187,0.605,1.1135354614257813,0.606
resolution_max_b1,1,2346,after,24,,recalibrated,3,0.2,1,1.2308844604492188,0.534,1.2393131713867187,0.55
resolution_max_b1,1,2346,after,24,,recalibrated,3,0.2,-1,1.2746266479492188,0.553,1.273209228515625,0.541
resolution_max_b1,1,2346,after,24,,recalibrated,3,0.25,1,1.3608367919921875,0.484,1.3652103271484375,0.5
resolution_max_b1,1,2346,after,24,,recalibrated,3,0.25,-1,1.3733131713867188,0.512,1.372525634765625,0.505
resolution_max_b1,1,2346,r=32,32,,recalibrated,3,0.025,1,1.4949386596679688,0.439,1.5209064331054687,0.434
resolution_max_b1,1,2346,r=32,32,,recalibrated,3,0.025,-1,1.5148179931640624,0.438,1.5403646240234374,0.42
resolution_max_b1,1,2346,r=32,32,,recalibrated,3,0.05,1,1.4967005615234374,0.426,1.5260848388671875,0.433
resolution_max_b1,1,2346,r=32,32,,recalibrated,3,0.05,-1,1.5314127197265626,0.429,1.558513671875,0.42
resolution_max_b1,1,2346,r=32,32,,recalibrated,3,0.1,1,1.5296159057617187,0.419,1.5554149169921876,0.419
resolution_max_b1,1,2346,r=32,32,,recalibrated,3,0.1,-1,1.5786553955078124,0.418,1.604912109375,0.399
resolution_max_b1,1,2346,r=32,32,,recalibrated,3,0.2,1,1.7019812622070312,0.365,1.6930589599609376,0.371
resolution_max_b1,1,2346,r=32,32,,recalibrated,3,0.2,-1,1.7643522338867188,0.369,1.7815570068359374,0.335
resolution_max_b1,1,2346,r=32,32,,recalibrated,3,0.25,1,1.825796630859375,0.324,1.7966821899414063,0.326
resolution_max_b1,1,2346,r=32,32,,recalibrated,3,0.25,-1,1.8574461059570313,0.339,1.8717053833007813,0.305
resolution_max_b1,1,2346,before,16,,recalibrated,4,0.025,1,0.7793125610351562,0.738,0.9039601135253906,0.686
resolution_max_b1,1,2346,before,16,,recalibrated,4,0.025,-1,0.7875799865722656,0.727,0.9015765380859375,0.685
resolution_max_b1,1,2346,before,16,,recalibrated,4,0.05,1,0.7882752075195313,0.728,0.9174575500488281,0.666
resolution_max_b1,1,2346,before,16,,recalibrated,4,0.05,-1,0.8032967529296875,0.718,0.9113147583007812,0.683
resolution_max_b1,1,2346,before,16,,recalibrated,4,0.1,1,0.8324266662597656,0.711,0.9702702026367187,0.652
resolution_max_b1,1,2346,before,16,,recalibrated,4,0.1,-1,0.8567546691894531,0.695,0.953260498046875,0.662
resolution_max_b1,1,2346,before,16,,recalibrated,4,0.2,1,1.0299753112792969,0.634,1.1608889770507813,0.593
resolution_max_b1,1,2346,before,16,,recalibrated,4,0.2,-1,1.0651693115234375,0.62,1.1331964111328126,0.593
resolution_max_b1,1,2346,before,16,,recalibrated,4,0.25,1,1.1732791137695313,0.578,1.2966829833984375,0.554
resolution_max_b1,1,2346,before,16,,recalibrated,4,0.25,-1,1.207546142578125,0.573,1.2609039916992189,0.554
resolution_max_b1,1,2346,after,24,,recalibrated,4,0.025,1,1.0521570739746093,0.62,1.0697806091308595,0.625
resolution_max_b1,1,2346,after,24,,recalibrated,4,0.025,-1,1.0487929077148437,0.618,1.0538971557617187,0.627
resolution_max_b1,1,2346,after,24,,recalibrated,4,0.05,1,1.0658743896484375,0.619,1.0895706481933594,0.609
resolution_max_b1,1,2346,after,24,,recalibrated,4,0.05,-1,1.059233154296875,0.625,1.0574920349121093,0.616
resolution_max_b1,1,2346,after,24,,recalibrated,4,0.1,1,1.119794677734375,0.6,1.1543051147460937,0.577
resolution_max_b1,1,2346,after,24,,recalibrated,4,0.1,-1,1.1005992431640625,0.612,1.0881642761230468,0.613
resolution_max_b1,1,2346,after,24,,recalibrated,4,0.2,1,1.3274856567382813,0.544,1.3707315673828124,0.503
resolution_max_b1,1,2346,after,24,,recalibrated,4,0.2,-1,1.266892333984375,0.542,1.2452599487304687,0.554
resolution_max_b1,1,2346,after,24,,recalibrated,4,0.25,1,1.468322998046875,0.495,1.5133989868164062,0.462
resolution_max_b1,1,2346,after,24,,recalibrated,4,0.25,-1,1.3877373046875,0.489,1.3649171752929687,0.518
resolution_max_b1,1,2346,r=32,32,,recalibrated,4,0.025,1,1.5210473022460937,0.423,1.5500602416992189,0.423
resolution_max_b1,1,2346,r=32,32,,recalibrated,4,0.025,-1,1.4903487548828125,0.444,1.5133098754882812,0.438
resolution_max_b1,1,2346,r=32,32,,recalibrated,4,0.05,1,1.54801171875,0.417,1.5835311279296875,0.408
resolution_max_b1,1,2346,r=32,32,,recalibrated,4,0.05,-1,1.48740380859375,0.445,1.5101915893554687,0.442
resolution_max_b1,1,2346,r=32,32,,recalibrated,4,0.1,1,1.6341085205078125,0.4,1.6784884033203125,0.387
resolution_max_b1,1,2346,r=32,32,,recalibrated,4,0.1,-1,1.5063494873046874,0.451,1.5311146850585937,0.439
resolution_max_b1,1,2346,r=32,32,,recalibrated,4,0.2,1,1.900364013671875,0.33,1.942199951171875,0.304
resolution_max_b1,1,2346,r=32,32,,recalibrated,4,0.2,-1,1.6309594116210937,0.4,1.6567543334960937,0.394
resolution_max_b1,1,2346,r=32,32,,recalibrated,4,0.25,1,2.0543468017578124,0.293,2.0857116088867187,0.275
resolution_max_b1,1,2346,r=32,32,,recalibrated,4,0.25,-1,1.7262088623046874,0.368,1.7504190673828126,0.364
resolution_max_b1,1,2346,before,16,,recalibrated,5,0.025,1,0.7853438415527344,0.731,0.9010952758789063,0.691
resolution_max_b1,1,2346,before,16,,recalibrated,5,0.025,-1,0.7817169494628906,0.736,0.9013455810546875,0.684
resolution_max_b1,1,2346,before,16,,recalibrated,5,0.05,1,0.7997972717285157,0.722,0.9094276123046875,0.675
resolution_max_b1,1,2346,before,16,,recalibrated,5,0.05,-1,0.7923551330566406,0.722,0.9120478210449219,0.677
resolution_max_b1,1,2346,before,16,,recalibrated,5,0.1,1,0.8512759399414063,0.688,0.9513980102539062,0.654
resolution_max_b1,1,2346,before,16,,recalibrated,5,0.1,-1,0.839661376953125,0.699,0.9609857482910156,0.651
resolution_max_b1,1,2346,before,16,,recalibrated,5,0.2,1,1.057943603515625,0.59,1.1373292846679688,0.594
resolution_max_b1,1,2346,before,16,,recalibrated,5,0.2,-1,1.0237327880859375,0.621,1.1365894165039063,0.583
resolution_max_b1,1,2346,before,16,,recalibrated,5,0.25,1,1.2189139404296876,0.542,1.2790794677734374,0.56
resolution_max_b1,1,2346,before,16,,recalibrated,5,0.25,-1,1.1540463256835938,0.584,1.2652994384765626,0.544
resolution_max_b1,1,2346,after,24,,recalibrated,5,0.025,1,1.0549051208496094,0.613,1.0642196655273437,0.619
resolution_max_b1,1,2346,after,24,,recalibrated,5,0.025,-1,1.0465633544921875,0.631,1.0583223266601562,0.631
resolution_max_b1,1,2346,after,24,,recalibrated,5,0.05,1,1.069871826171875,0.608,1.0776351928710937,0.606
resolution_max_b1,1,2346,after,24,,recalibrated,5,0.05,-1,1.0540347900390625,0.632,1.067556396484375,0.631
resolution_max_b1,1,2346,after,24,,recalibrated,5,0.1,1,1.123734375,0.585,1.1223112182617188,0.595
resolution_max_b1,1,2346,after,24,,recalibrated,5,0.1,-1,1.0979312133789063,0.613,1.1132886962890625,0.623
resolution_max_b1,1,2346,after,24,,recalibrated,5,0.2,1,1.3191743774414062,0.517,1.3077777709960938,0.511
resolution_max_b1,1,2346,after,24,,recalibrated,5,0.2,-1,1.2687218627929688,0.546,1.2924902954101563,0.529
resolution_max_b1,1,2346,after,24,,recalibrated,5,0.25,1,1.466498779296875,0.464,1.4465269775390626,0.472
resolution_max_b1,1,2346,after,24,,recalibrated,5,0.25,-1,1.3878928833007813,0.489,1.4173645629882812,0.483
resolution_max_b1,1,2346,r=32,32,,recalibrated,5,0.025,1,1.5043138427734375,0.431,1.5270734252929687,0.425
resolution_max_b1,1,2346,r=32,32,,recalibrated,5,0.025,-1,1.5074853515625,0.44,1.5369144897460938,0.427
resolution_max_b1,1,2346,r=32,32,,recalibrated,5,0.05,1,1.5161961669921875,0.422,1.5376122436523438,0.421
resolution_max_b1,1,2346,r=32,32,,recalibrated,5,0.05,-1,1.5204197998046876,0.429,1.5547634887695312,0.427
resolution_max_b1,1,2346,r=32,32,,recalibrated,5,0.1,1,1.5707060546875,0.409,1.5861809692382813,0.396
resolution_max_b1,1,2346,r=32,32,,recalibrated,5,0.1,-1,1.567491455078125,0.423,1.6123436279296874,0.416
resolution_max_b1,1,2346,r=32,32,,recalibrated,5,0.2,1,1.7652320556640626,0.353,1.7830003662109375,0.34
resolution_max_b1,1,2346,r=32,32,,recalibrated,5,0.2,-1,1.7344657592773438,0.365,1.7721566162109375,0.361
resolution_max_b1,1,2346,r=32,32,,recalibrated,5,0.25,1,1.8932225341796876,0.313,1.9205980224609376,0.308
resolution_max_b1,1,2346,r=32,32,,recalibrated,5,0.25,-1,1.842608154296875,0.328,1.8745289306640625,0.321
resolution_max_b1,1,2346,before,16,,recalibrated,6,0.025,1,0.7823937377929687,0.727,0.8943758544921875,0.697
resolution_max_b1,1,2346,before,16,,recalibrated,6,0.025,-1,0.7850063171386719,0.73,0.9109373779296875,0.68
resolution_max_b1,1,2346,before,16,,recalibrated,6,0.05,1,0.7973927612304688,0.716,0.9017940979003907,0.692
resolution_max_b1,1,2346,before,16,,recalibrated,6,0.05,-1,0.7999309692382812,0.721,0.9297005310058594,0.667
resolution_max_b1,1,2346,before,16,,recalibrated,6,0.1,1,0.8563553771972656,0.694,0.9493968505859375,0.65
resolution_max_b1,1,2346,before,16,,recalibrated,6,0.1,-1,0.8605561828613282,0.698,0.9857470703125,0.645
resolution_max_b1,1,2346,before,16,,recalibrated,6,0.2,1,1.0598137817382813,0.62,1.1229126586914062,0.587
resolution_max_b1,1,2346,before,16,,recalibrated,6,0.2,-1,1.0855963134765625,0.621,1.1672113037109375,0.585
resolution_max_b1,1,2346,before,16,,recalibrated,6,0.25,1,1.2089285888671875,0.563,1.2574374389648437,0.539
resolution_max_b1,1,2346,before,16,,recalibrated,6,0.25,-1,1.2259005126953124,0.569,1.2862291259765626,0.542
resolution_max_b1,1,2346,after,24,,recalibrated,6,0.025,1,1.0484057922363281,0.62,1.0567796630859374,0.623
resolution_max_b1,1,2346,after,24,,recalibrated,6,0.025,-1,1.0544678955078124,0.625,1.065840301513672,0.623
resolution_max_b1,1,2346,after,24,,recalibrated,6,0.05,1,1.0610740966796874,0.62,1.0662753295898437,0.617
resolution_max_b1,1,2346,after,24,,recalibrated,6,0.05,-1,1.0711400451660156,0.613,1.07927099609375,0.623
resolution_max_b1,1,2346,after,24,,recalibrated,6,0.1,1,1.1169744873046874,0.587,1.1140048217773437,0.6
resolution_max_b1,1,2346,after,24,,recalibrated,6,0.1,-1,1.1272750244140626,0.611,1.1264227905273438,0.604
resolution_max_b1,1,2346,after,24,,recalibrated,6,0.2,1,1.3156082763671875,0.524,1.2892509765625,0.53
resolution_max_b1,1,2346,after,24,,recalibrated,6,0.2,-1,1.3165499877929687,0.544,1.30566943359375,0.535
resolution_max_b1,1,2346,after,24,,recalibrated,6,0.25,1,1.4524732666015625,0.469,1.4184088134765624,0.483
resolution_max_b1,1,2346,after,24,,recalibrated,6,0.25,-1,1.4354935302734375,0.521,1.4240969848632812,0.491
resolution_max_b1,1,2346,r=32,32,,recalibrated,6,0.025,1,1.5030203247070313,0.443,1.5268465576171875,0.427
resolution_max_b1,1,2346,r=32,32,,recalibrated,6,0.025,-1,1.508701416015625,0.435,1.5349987182617189,0.43
resolution_max_b1,1,2346,r=32,32,,recalibrated,6,0.05,1,1.5155299072265624,0.429,1.53430419921875,0.43
resolution_max_b1,1,2346,r=32,32,,recalibrated,6,0.05,-1,1.524025146484375,0.436,1.551352783203125,0.422
resolution_max_b1,1,2346,r=32,32,,recalibrated,6,0.1,1,1.5615176391601562,0.417,1.5720152587890626,0.408
resolution_max_b1,1,2346,r=32,32,,recalibrated,6,0.1,-1,1.5754143676757812,0.426,1.6051177978515625,0.413
resolution_max_b1,1,2346,r=32,32,,recalibrated,6,0.2,1,1.7439985961914062,0.361,1.73597607421875,0.364
resolution_max_b1,1,2346,r=32,32,,recalibrated,6,0.2,-1,1.7326163330078126,0.384,1.7555686645507813,0.359
resolution_max_b1,1,2346,r=32,32,,recalibrated,6,0.25,1,1.8839158935546876,0.318,1.8729421997070312,0.321
resolution_max_b1,1,2346,r=32,32,,recalibrated,6,0.25,-1,1.8335542602539063,0.362,1.8494224853515624,0.322
resolution_max_b1,1,2346,before,16,,recalibrated,7,0.025,1,0.7827556762695312,0.729,0.8956498413085937,0.693
resolution_max_b1,1,2346,before,16,,recalibrated,7,0.025,-1,0.7831595458984375,0.73,0.90755810546875,0.681
resolution_max_b1,1,2346,before,16,,recalibrated,7,0.05,1,0.7936094665527343,0.714,0.8995013732910156,0.689
resolution_max_b1,1,2346,before,16,,recalibrated,7,0.05,-1,0.7936007080078125,0.73,0.9246848754882813,0.667
resolution_max_b1,1,2346,before,16,,recalibrated,7,0.1,1,0.8360026245117187,0.7,0.9295050659179688,0.676
resolution_max_b1,1,2346,before,16,,recalibrated,7,0.1,-1,0.8436834716796875,0.705,0.9827805786132813,0.644
resolution_max_b1,1,2346,before,16,,recalibrated,7,0.2,1,1.0258374633789062,0.629,1.06348388671875,0.624
resolution_max_b1,1,2346,before,16,,recalibrated,7,0.2,-1,1.0729034118652343,0.61,1.19733837890625,0.583
resolution_max_b1,1,2346,before,16,,recalibrated,7,0.25,1,1.1643421020507811,0.58,1.16859716796875,0.586
resolution_max_b1,1,2346,before,16,,recalibrated,7,0.25,-1,1.2572113037109376,0.567,1.3744194946289063,0.522
resolution_max_b1,1,2346,after,24,,recalibrated,7,0.025,1,1.0443114013671875,0.627,1.051335235595703,0.63
resolution_max_b1,1,2346,after,24,,recalibrated,7,0.025,-1,1.0554695434570311,0.612,1.0691181640625,0.625
resolution_max_b1,1,2346,after,24,,recalibrated,7,0.05,1,1.0487442626953125,0.619,1.0517836303710937,0.63
resolution_max_b1,1,2346,after,24,,recalibrated,7,0.05,-1,1.0708043518066406,0.611,1.0865317993164063,0.62
resolution_max_b1,1,2346,after,24,,recalibrated,7,0.1,1,1.0799786376953124,0.616,1.0706578979492187,0.623
resolution_max_b1,1,2346,after,24,,recalibrated,7,0.1,-1,1.1238519287109374,0.59,1.14840283203125,0.601
resolution_max_b1,1,2346,after,24,,recalibrated,7,0.2,1,1.2287646484375,0.555,1.200975830078125,0.575
resolution_max_b1,1,2346,after,24,,recalibrated,7,0.2,-1,1.3414891357421874,0.494,1.3863900146484376,0.502
resolution_max_b1,1,2346,after,24,,recalibrated,7,0.25,1,1.3413421020507812,0.521,1.3040730590820313,0.537
resolution_max_b1,1,2346,after,24,,recalibrated,7,0.25,-1,1.5118974609375,0.439,1.5553137817382812,0.455
resolution_max_b1,1,2346,r=32,32,,recalibrated,7,0.025,1,1.502369384765625,0.442,1.5215012817382811,0.431
resolution_max_b1,1,2346,r=32,32,,recalibrated,7,0.025,-1,1.5070145874023437,0.435,1.5404486083984374,0.421
resolution_max_b1,1,2346,r=32,32,,recalibrated,7,0.05,1,1.50869091796875,0.437,1.5224321899414062,0.433
resolution_max_b1,1,2346,r=32,32,,recalibrated,7,0.05,-1,1.5198958129882814,0.425,1.5607191772460938,0.406
resolution_max_b1,1,2346,r=32,32,,recalibrated,7,0.1,1,1.5409268798828124,0.431,1.54445751953125,0.427
resolution_max_b1,1,2346,r=32,32,,recalibrated,7,0.1,-1,1.5749274291992188,0.422,1.6224411010742188,0.398
resolution_max_b1,1,2346,r=32,32,,recalibrated,7,0.2,1,1.6884686279296874,0.379,1.6690806884765625,0.385
resolution_max_b1,1,2346,r=32,32,,recalibrated,7,0.2,-1,1.760376953125,0.374,1.8313168334960936,0.339
resolution_max_b1,1,2346,r=32,32,,recalibrated,7,0.25,1,1.7945086669921875,0.354,1.7615856323242187,0.352
resolution_max_b1,1,2346,r=32,32,,recalibrated,7,0.25,-1,1.8946273803710938,0.331,1.958009033203125,0.308
resolution_max_b1,1,2346,before,16,,recalibrated,8,0.025,1,0.7888670349121094,0.729,0.8999374694824219,0.682
resolution_max_b1,1,2346,before,16,,recalibrated,8,0.025,-1,0.7781591186523438,0.729,0.9031094055175781,0.69
resolution_max_b1,1,2346,before,16,,recalibrated,8,0.05,1,0.805372314453125,0.722,0.9094660949707031,0.675
resolution_max_b1,1,2346,before,16,,recalibrated,8,0.05,-1,0.7854008483886719,0.73,0.9149301147460938,0.684
resolution_max_b1,1,2346,before,16,,recalibrated,8,0.1,1,0.8637715759277343,0.694,0.9568968200683594,0.658
resolution_max_b1,1,2346,before,16,,recalibrated,8,0.1,-1,0.8202106323242188,0.711,0.9547463073730469,0.66
resolution_max_b1,1,2346,before,16,,recalibrated,8,0.2,1,1.0849058227539063,0.617,1.157523193359375,0.599
resolution_max_b1,1,2346,before,16,,recalibrated,8,0.2,-1,0.9653330078125,0.657,1.0980872802734376,0.62
resolution_max_b1,1,2346,before,16,,recalibrated,8,0.25,1,1.2338819580078124,0.556,1.2970520629882814,0.544
resolution_max_b1,1,2346,before,16,,recalibrated,8,0.25,-1,1.0666302795410156,0.624,1.19651953125,0.588
resolution_max_b1,1,2346,after,24,,recalibrated,8,0.025,1,1.05235498046875,0.628,1.0596116943359375,0.621
resolution_max_b1,1,2346,after,24,,recalibrated,8,0.025,-1,1.0478511352539062,0.618,1.0601739196777344,0.624
resolution_max_b1,1,2346,after,24,,recalibrated,8,0.05,1,1.0645366821289062,0.625,1.0681827087402345,0.625
resolution_max_b1,1,2346,after,24,,recalibrated,8,0.05,-1,1.0551356506347656,0.617,1.0676976318359375,0.62
resolution_max_b1,1,2346,after,24,,recalibrated,8,0.1,1,1.1118065185546875,0.617,1.107190643310547,0.612
resolution_max_b1,1,2346,after,24,,recalibrated,8,0.1,-1,1.088417724609375,0.607,1.1056302490234375,0.599
resolution_max_b1,1,2346,after,24,,recalibrated,8,0.2,1,1.2956802978515625,0.559,1.2829129638671875,0.561
resolution_max_b1,1,2346,after,24,,recalibrated,8,0.2,-1,1.2288619384765624,0.558,1.2563262329101563,0.548
resolution_max_b1,1,2346,after,24,,recalibrated,8,0.25,1,1.4268915405273437,0.5,1.4173462524414062,0.518
resolution_max_b1,1,2346,after,24,,recalibrated,8,0.25,-1,1.3232738037109375,0.516,1.3584578247070314,0.524
resolution_max_b1,1,2346,r=32,32,,recalibrated,8,0.025,1,1.5091534423828126,0.446,1.53267578125,0.43
resolution_max_b1,1,2346,r=32,32,,recalibrated,8,0.025,-1,1.500552734375,0.44,1.528138671875,0.422
resolution_max_b1,1,2346,r=32,32,,recalibrated,8,0.05,1,1.5215518798828125,0.439,1.5465890502929687,0.436
resolution_max_b1,1,2346,r=32,32,,recalibrated,8,0.05,-1,1.5069395751953125,0.429,1.5373760375976562,0.42
resolution_max_b1,1,2346,r=32,32,,recalibrated,8,0.1,1,1.571358642578125,0.412,1.6013413696289063,0.419
resolution_max_b1,1,2346,r=32,32,,recalibrated,8,0.1,-1,1.5351287841796875,0.422,1.5706419067382813,0.409
resolution_max_b1,1,2346,r=32,32,,recalibrated,8,0.2,1,1.7618373413085937,0.353,1.8106408081054688,0.336
resolution_max_b1,1,2346,r=32,32,,recalibrated,8,0.2,-1,1.6575007934570312,0.397,1.7053026123046875,0.382
resolution_max_b1,1,2346,r=32,32,,recalibrated,8,0.25,1,1.8982236328125,0.314,1.96176806640625,0.291
resolution_max_b1,1,2346,r=32,32,,recalibrated,8,0.25,-1,1.743991943359375,0.35,1.7947531127929688,0.346
resolution_max_b1,1,2346,before,16,,recalibrated,9,0.025,1,0.7868478698730469,0.729,0.8993463134765625,0.683
resolution_max_b1,1,2346,before,16,,recalibrated,9,0.025,-1,0.779837890625,0.731,0.903399169921875,0.692
resolution_max_b1,1,2346,before,16,,recalibrated,9,0.05,1,0.8004305114746094,0.712,0.9044848022460937,0.681
resolution_max_b1,1,2346,before,16,,recalibrated,9,0.05,-1,0.7866820678710937,0.72,0.91343603515625,0.69
resolution_max_b1,1,2346,before,16,,recalibrated,9,0.1,1,0.8477798461914062,0.694,0.9349137573242188,0.662
resolution_max_b1,1,2346,before,16,,recalibrated,9,0.1,-1,0.82249169921875,0.705,0.9508453674316406,0.673
resolution_max_b1,1,2346,before,16,,recalibrated,9,0.2,1,1.0053657836914063,0.65,1.0592207641601563,0.624
resolution_max_b1,1,2346,before,16,,recalibrated,9,0.2,-1,0.98651123046875,0.641,1.109400146484375,0.603
resolution_max_b1,1,2346,before,16,,recalibrated,9,0.25,1,1.1066792602539062,0.614,1.1464014892578125,0.595
resolution_max_b1,1,2346,before,16,,recalibrated,9,0.25,-1,1.1158417358398438,0.575,1.2207621459960938,0.577
resolution_max_b1,1,2346,after,24,,recalibrated,9,0.025,1,1.04973974609375,0.619,1.0572102355957032,0.621
resolution_max_b1,1,2346,after,24,,recalibrated,9,0.025,-1,1.0484295349121093,0.629,1.0627880859375,0.628
resolution_max_b1,1,2346,after,24,,recalibrated,9,0.05,1,1.0578388061523438,0.608,1.0611366271972655,0.625
resolution_max_b1,1,2346,after,24,,recalibrated,9,0.05,-1,1.0565982971191406,0.615,1.0738543701171874,0.618
resolution_max_b1,1,2346,after,24,,recalibrated,9,0.1,1,1.09083544921875,0.592,1.0856806335449218,0.615
resolution_max_b1,1,2346,after,24,,recalibrated,9,0.1,-1,1.0934827270507812,0.598,1.1188441162109375,0.593
resolution_max_b1,1,2346,after,24,,recalibrated,9,0.2,1,1.2142733154296874,0.57,1.1975812377929687,0.573
resolution_max_b1,1,2346,after,24,,recalibrated,9,0.2,-1,1.2661845703125,0.519,1.2878807983398437,0.519
resolution_max_b1,1,2346,after,24,,recalibrated,9,0.25,1,1.294205810546875,0.546,1.2782100830078125,0.534
resolution_max_b1,1,2346,after,24,,recalibrated,9,0.25,-1,1.3985310668945312,0.468,1.41970361328125,0.47
resolution_max_b1,1,2346,r=32,32,,recalibrated,9,0.025,1,1.50997998046875,0.441,1.5258885498046875,0.424
resolution_max_b1,1,2346,r=32,32,,recalibrated,9,0.025,-1,1.49914697265625,0.43,1.5348545532226563,0.427
resolution_max_b1,1,2346,r=32,32,,recalibrated,9,0.05,1,1.5219121704101561,0.434,1.53408447265625,0.424
resolution_max_b1,1,2346,r=32,32,,recalibrated,9,0.05,-1,1.5028865356445313,0.432,1.5492957763671875,0.415
resolution_max_b1,1,2346,r=32,32,,recalibrated,9,0.1,1,1.5567302856445313,0.431,1.5721535034179688,0.408
resolution_max_b1,1,2346,r=32,32,,recalibrated,9,0.1,-1,1.5397784423828125,0.425,1.5903713989257813,0.394
resolution_max_b1,1,2346,r=32,32,,recalibrated,9,0.2,1,1.6758641357421875,0.392,1.6991893920898438,0.378
resolution_max_b1,1,2346,r=32,32,,recalibrated,9,0.2,-1,1.7174577026367188,0.357,1.7733556518554687,0.308
resolution_max_b1,1,2346,r=32,32,,recalibrated,9,0.25,1,1.7490985107421875,0.358,1.768763427734375,0.361
resolution_max_b1,1,2346,r=32,32,,recalibrated,9,0.25,-1,1.8478890991210937,0.292,1.9034291381835937,0.254
resolution_max_b1,1,4692,before,24,,saved,,0.0,0,0.5121796569824218,0.816,0.6943160095214844,0.752
resolution_max_b1,1,4692,before,24,,recalibrated,,0.0,0,0.5021781463623047,0.832,0.6875833129882812,0.752
resolution_max_b1,1,4692,before,24,,recalibrated,0,0.025,1,0.5064838409423829,0.822,0.6888192749023437,0.751
resolution_max_b1,1,4692,before,24,,recalibrated,0,0.025,-1,0.5059046020507812,0.83,0.6901864013671875,0.75
resolution_max_b1,1,4692,before,24,,recalibrated,0,0.05,1,0.5182260131835937,0.815,0.6954715576171875,0.748
resolution_max_b1,1,4692,before,24,,recalibrated,0,0.05,-1,0.5182720947265625,0.824,0.6961439819335937,0.748
resolution_max_b1,1,4692,before,24,,recalibrated,0,0.1,1,0.5636140441894532,0.801,0.7205987243652344,0.741
resolution_max_b1,1,4692,before,24,,recalibrated,0,0.1,-1,0.5654522399902344,0.812,0.723941650390625,0.739
resolution_max_b1,1,4692,before,24,,recalibrated,0,0.2,1,0.7461706237792969,0.744,0.8554495849609375,0.702
resolution_max_b1,1,4692,before,24,,recalibrated,0,0.2,-1,0.7497427368164062,0.747,0.8562020568847656,0.692
resolution_max_b1,1,4692,before,24,,recalibrated,0,0.25,1,0.8843362121582031,0.685,0.9713915405273438,0.664
resolution_max_b1,1,4692,before,24,,recalibrated,0,0.25,-1,0.8860805358886719,0.702,0.9651797790527343,0.662
resolution_max_b1,1,4692,after,32,,saved,,0.0,0,3.92296923828125,0.16,3.934190673828125,0.148
resolution_max_b1,1,4692,after,32,,recalibrated,,0.0,0,0.9290115051269531,0.683,1.0039336547851563,0.657
resolution_max_b1,1,4692,after,32,,recalibrated,0,0.025,1,0.9310745849609375,0.683,1.0090686340332031,0.648
resolution_max_b1,1,4692,after,32,,recalibrated,0,0.025,-1,0.9343860168457031,0.688,1.0053497619628906,0.652
resolution_max_b1,1,4692,after,32,,recalibrated,0,0.05,1,0.9408622741699219,0.671,1.021986541748047,0.637
resolution_max_b1,1,4692,after,32,,recalibrated,0,0.05,-1,0.9491456604003906,0.681,1.0119247436523438,0.642
resolution_max_b1,1,4692,after,32,,recalibrated,0,0.1,1,0.9897438659667969,0.65,1.0774165954589843,0.63
resolution_max_b1,1,4692,after,32,,recalibrated,0,0.1,-1,1.0058218078613281,0.664,1.0530350036621094,0.637
resolution_max_b1,1,4692,after,32,,recalibrated,0,0.2,1,1.217281494140625,0.577,1.2879076538085938,0.569
resolution_max_b1,1,4692,after,32,,recalibrated,0,0.2,-1,1.2381178588867188,0.58,1.2675682373046875,0.565
resolution_max_b1,1,4692,after,32,,recalibrated,0,0.25,1,1.3712501220703126,0.526,1.4288634033203125,0.519
resolution_max_b1,1,4692,after,32,,recalibrated,0,0.25,-1,1.4084633178710937,0.529,1.4225204467773438,0.516
resolution_max_b1,1,4692,r=16,16,,saved,,0.0,0,0.8914259033203125,0.693,1.0270143127441407,0.639
resolution_max_b1,1,4692,r=16,16,,recalibrated,,0.0,0,0.7575336303710938,0.745,0.90850244140625,0.698
resolution_max_b1,1,4692,r=16,16,,recalibrated,0,0.025,1,0.7616496276855469,0.742,0.9112688903808593,0.699
resolution_max_b1,1,4692,r=16,16,,recalibrated,0,0.025,-1,0.7618530883789062,0.735,0.90889306640625,0.695
resolution_max_b1,1,4692,r=16,16,,recalibrated,0,0.05,1,0.7736197814941407,0.732,0.920198974609375,0.696
resolution_max_b1,1,4692,r=16,16,,recalibrated,0,0.05,-1,0.7738985595703125,0.729,0.9146952514648438,0.695
resolution_max_b1,1,4692,r=16,16,,recalibrated,0,0.1,1,0.8173439025878906,0.711,0.9504671020507812,0.693
resolution_max_b1,1,4692,r=16,16,,recalibrated,0,0.1,-1,0.8188280029296875,0.718,0.9469209899902343,0.684
resolution_max_b1,1,4692,r=16,16,,recalibrated,0,0.2,1,0.9908057556152344,0.662,1.0803222045898437,0.641
resolution_max_b1,1,4692,r=16,16,,recalibrated,0,0.2,-1,0.9914775695800782,0.649,1.0740670471191407,0.647
resolution_max_b1,1,4692,r=16,16,,recalibrated,0,0.25,1,1.1162716064453124,0.63,1.1850032348632813,0.607
resolution_max_b1,1,4692,r=16,16,,recalibrated,0,0.25,-1,1.1235170288085938,0.622,1.168216552734375,0.623
resolution_max_b1,1,4692,before,24,,recalibrated,1,0.025,1,0.5101780090332031,0.823,0.6990787963867188,0.751
resolution_max_b1,1,4692,before,24,,recalibrated,1,0.025,-1,0.5038197631835938,0.826,0.6834762573242188,0.757
resolution_max_b1,1,4692,before,24,,recalibrated,1,0.05,1,0.5294497375488281,0.812,0.72000439453125,0.745
resolution_max_b1,1,4692,before,24,,recalibrated,1,0.05,-1,0.5143821563720703,0.824,0.6861142883300781,0.752
resolution_max_b1,1,4692,before,24,,recalibrated,1,0.1,1,0.607357666015625,0.779,0.7860615844726563,0.722
resolution_max_b1,1,4692,before,24,,recalibrated,1,0.1,-1,0.5646863708496094,0.806,0.7116003723144532,0.754
resolution_max_b1,1,4692,before,24,,recalibrated,1,0.2,1,0.9299174194335937,0.68,1.045581329345703,0.643
resolution_max_b1,1,4692,before,24,,recalibrated,1,0.2,-1,0.8135326232910156,0.731,0.8932262268066407,0.695
resolution_max_b1,1,4692,before,24,,recalibrated,1,0.25,1,1.1734861450195313,0.593,1.2548157958984374,0.581
resolution_max_b1,1,4692,before,24,,recalibrated,1,0.25,-1,1.016321044921875,0.661,1.0631314697265626,0.64
resolution_max_b1,1,4692,after,32,,recalibrated,1,0.025,1,0.932784423828125,0.679,1.0097318725585938,0.65
resolution_max_b1,1,4692,after,32,,recalibrated,1,0.025,-1,0.9361167907714844,0.677,1.0095421752929687,0.651
resolution_max_b1,1,4692,after,32,,recalibrated,1,0.05,1,0.9520820922851563,0.67,1.0298970642089844,0.643
resolution_max_b1,1,4692,after,32,,recalibrated,1,0.05,-1,0.955196533203125,0.677,1.0262643432617187,0.646
resolution_max_b1,1,4692,after,32,,recalibrated,1,0.1,1,1.0435623474121094,0.63,1.1110494384765626,0.627
resolution_max_b1,1,4692,after,32,,recalibrated,1,0.1,-1,1.0322504272460937,0.657,1.0933755493164063,0.61
resolution_max_b1,1,4692,after,32,,recalibrated,1,0.2,1,1.47878369140625,0.488,1.5166427612304687,0.509
resolution_max_b1,1,4692,after,32,,recalibrated,1,0.2,-1,1.3618916625976563,0.559,1.4237131958007812,0.521
resolution_max_b1,1,4692,after,32,,recalibrated,1,0.25,1,1.7264329833984375,0.431,1.7637738037109374,0.445
resolution_max_b1,1,4692,after,32,,recalibrated,1,0.25,-1,1.634739013671875,0.475,1.6849276123046875,0.446
resolution_max_b1,1,4692,r=16,16,,recalibrated,1,0.025,1,0.768507568359375,0.729,0.9241166381835938,0.696
resolution_max_b1,1,4692,r=16,16,,recalibrated,1,0.025,-1,0.7564682006835938,0.747,0.9023400268554688,0.693
resolution_max_b1,1,4692,r=16,16,,recalibrated,1,0.05,1,0.788186279296875,0.716,0.9494038696289062,0.683
resolution_max_b1,1,4692,r=16,16,,recalibrated,1,0.05,-1,0.7663424072265625,0.737,0.9040983276367187,0.694
resolution_max_b1,1,4692,r=16,16,,recalibrated,1,0.1,1,0.8687129821777344,0.687,1.0360983276367188,0.668
resolution_max_b1,1,4692,r=16,16,,recalibrated,1,0.1,-1,0.8126656799316406,0.71,0.9307776184082032,0.685
resolution_max_b1,1,4692,r=16,16,,recalibrated,1,0.2,1,1.19147607421875,0.618,1.32822119140625,0.586
resolution_max_b1,1,4692,r=16,16,,recalibrated,1,0.2,-1,1.0383580322265624,0.644,1.1139779663085938,0.63
resolution_max_b1,1,4692,r=16,16,,recalibrated,1,0.25,1,1.4451034545898438,0.555,1.528679443359375,0.538
resolution_max_b1,1,4692,r=16,16,,recalibrated,1,0.25,-1,1.2332962646484376,0.579,1.2692671508789062,0.594
resolution_max_b1,1,4692,before,24,,recalibrated,2,0.025,1,0.5085819396972656,0.831,0.6856409606933593,0.751
resolution_max_b1,1,4692,before,24,,recalibrated,2,0.025,-1,0.5080910034179688,0.825,0.7019396667480469,0.754
resolution_max_b1,1,4692,before,24,,recalibrated,2,0.05,1,0.5319580078125,0.81,0.6964400329589844,0.745
resolution_max_b1,1,4692,before,24,,recalibrated,2,0.05,-1,0.5246445465087891,0.819,0.7226709289550781,0.745
resolution_max_b1,1,4692,before,24,,recalibrated,2,0.1,1,0.6191959838867187,0.783,0.7493032531738282,0.733
resolution_max_b1,1,4692,before,24,,recalibrated,2,0.1,-1,0.5924277954101562,0.792,0.78817333984375,0.723
resolution_max_b1,1,4692,before,24,,recalibrated,2,0.2,1,0.9709099731445312,0.668,1.0272007446289062,0.657
resolution_max_b1,1,4692,before,24,,recalibrated,2,0.2,-1,0.8517597961425781,0.707,1.0033313293457031,0.668
resolution_max_b1,1,4692,before,24,,recalibrated,2,0.25,1,1.218133056640625,0.604,1.2339458618164063,0.598
resolution_max_b1,1,4692,before,24,,recalibrated,2,0.25,-1,1.0346742248535157,0.644,1.1618751220703125,0.611
resolution_max_b1,1,4692,after,32,,recalibrated,2,0.025,1,0.9246471557617187,0.687,1.0032872924804688,0.653
resolution_max_b1,1,4692,after,32,,recalibrated,2,0.025,-1,0.9472761535644532,0.668,1.0208814697265625,0.657
resolution_max_b1,1,4692,after,32,,recalibrated,2,0.05,1,0.9424723205566407,0.675,1.0198435668945312,0.639
resolution_max_b1,1,4692,after,32,,recalibrated,2,0.05,-1,0.9847393798828125,0.658,1.0570914306640624,0.643
resolution_max_b1,1,4692,after,32,,recalibrated,2,0.1,1,1.0415195922851563,0.629,1.1104268798828125,0.592
resolution_max_b1,1,4692,after,32,,recalibrated,2,0.1,-1,1.1039593505859375,0.62,1.1663759765625,0.606
resolution_max_b1,1,4692,after,32,,recalibrated,2,0.2,1,1.4528822021484376,0.506,1.4818180541992187,0.482
resolution_max_b1,1,4692,after,32,,recalibrated,2,0.2,-1,1.43502197265625,0.506,1.4997586669921874,0.49
resolution_max_b1,1,4692,after,32,,recalibrated,2,0.25,1,1.687526123046875,0.431,1.6954019165039063,0.414
resolution_max_b1,1,4692,after,32,,recalibrated,2,0.25,-1,1.6276710815429687,0.426,1.6981380615234376,0.436
resolution_max_b1,1,4692,r=16,16,,recalibrated,2,0.025,1,0.7633023986816406,0.744,0.9028238525390625,0.699
resolution_max_b1,1,4692,r=16,16,,recalibrated,2,0.025,-1,0.7634057312011718,0.74,0.9264876098632813,0.696
resolution_max_b1,1,4692,r=16,16,,recalibrated,2,0.05,1,0.7775647888183593,0.738,0.9127942810058594,0.693
resolution_max_b1,1,4692,r=16,16,,recalibrated,2,0.05,-1,0.7797504577636719,0.736,0.9509103088378906,0.686
resolution_max_b1,1,4692,r=16,16,,recalibrated,2,0.1,1,0.8490141296386718,0.72,0.9786522521972656,0.67
resolution_max_b1,1,4692,r=16,16,,recalibrated,2,0.1,-1,0.844129150390625,0.713,1.0173278198242188,0.676
resolution_max_b1,1,4692,r=16,16,,recalibrated,2,0.2,1,1.2062210693359374,0.616,1.2444585571289062,0.599
resolution_max_b1,1,4692,r=16,16,,recalibrated,2,0.2,-1,1.1047515869140625,0.627,1.2197268676757813,0.618
resolution_max_b1,1,4692,r=16,16,,recalibrated,2,0.25,1,1.4441569213867187,0.555,1.454026123046875,0.544
resolution_max_b1,1,4692,r=16,16,,recalibrated,2,0.25,-1,1.284301025390625,0.576,1.3542186279296875,0.593
resolution_max_b1,1,4692,before,24,,recalibrated,3,0.025,1,0.5106817932128906,0.825,0.6921291809082031,0.755
resolution_max_b1,1,4692,before,24,,recalibrated,3,0.025,-1,0.5017000122070312,0.827,0.688971435546875,0.748
resolution_max_b1,1,4692,before,24,,recalibrated,3,0.05,1,0.5279251708984375,0.821,0.7039758605957032,0.746
resolution_max_b1,1,4692,before,24,,recalibrated,3,0.05,-1,0.508968017578125,0.82,0.6958279724121094,0.754
resolution_max_b1,1,4692,before,24,,recalibrated,3,0.1,1,0.5894305419921875,0.789,0.7522484741210937,0.733
resolution_max_b1,1,4692,before,24,,recalibrated,3,0.1,-1,0.548560546875,0.809,0.7280123901367187,0.738
resolution_max_b1,1,4692,before,24,,recalibrated,3,0.2,1,0.8574873657226563,0.695,0.9620150146484375,0.666
resolution_max_b1,1,4692,before,24,,recalibrated,3,0.2,-1,0.7581008911132813,0.725,0.8830610656738281,0.678
resolution_max_b1,1,4692,before,24,,recalibrated,3,0.25,1,1.072925048828125,0.625,1.13826953125,0.616
resolution_max_b1,1,4692,before,24,,recalibrated,3,0.25,-1,0.9018348388671875,0.681,0.9923024291992187,0.645
resolution_max_b1,1,4692,after,32,,recalibrated,3,0.025,1,0.9372431945800781,0.681,1.0126264953613282,0.651
resolution_max_b1,1,4692,after,32,,recalibrated,3,0.025,-1,0.9287854614257812,0.683,1.0054555358886719,0.653
resolution_max_b1,1,4692,after,32,,recalibrated,3,0.05,1,0.956949951171875,0.676,1.0371446838378906,0.631
resolution_max_b1,1,4692,after,32,,recalibrated,3,0.05,-1,0.9401723937988281,0.686,1.015039306640625,0.642
resolution_max_b1,1,4692,after,32,,recalibrated,3,0.1,1,1.045125732421875,0.636,1.131866943359375,0.599
resolution_max_b1,1,4692,after,32,,recalibrated,3,0.1,-1,0.9925910339355469,0.663,1.0692466430664063,0.616
resolution_max_b1,1,4692,after,32,,recalibrated,3,0.2,1,1.4287254638671876,0.479,1.4983284301757813,0.488
resolution_max_b1,1,4692,after,32,,recalibrated,3,0.2,-1,1.249581787109375,0.593,1.3186246948242188,0.544
resolution_max_b1,1,4692,after,32,,recalibrated,3,0.25,1,1.690369384765625,0.406,1.7358819580078124,0.424
resolution_max_b1,1,4692,after,32,,recalibrated,3,0.25,-1,1.40425537109375,0.546,1.4549276123046875,0.494
resolution_max_b1,1,4692,r=16,16,,recalibrated,3,0.025,1,0.7638011169433594,0.743,0.912781494140625,0.692
resolution_max_b1,1,4692,r=16,16,,recalibrated,3,0.025,-1,0.7596841430664063,0.729,0.9075332946777344,0.7
resolution_max_b1,1,4692,r=16,16,,recalibrated,3,0.05,1,0.7772318725585937,0.731,0.9206356811523437,0.689
resolution_max_b1,1,4692,r=16,16,,recalibrated,3,0.05,-1,0.7684038696289063,0.729,0.9127647399902343,0.692
resolution_max_b1,1,4692,r=16,16,,recalibrated,3,0.1,1,0.8241997680664063,0.725,0.963611328125,0.68
resolution_max_b1,1,4692,r=16,16,,recalibrated,3,0.1,-1,0.8091837158203125,0.728,0.9401201782226563,0.68
resolution_max_b1,1,4692,r=16,16,,recalibrated,3,0.2,1,1.0780913696289063,0.658,1.1595327758789062,0.606
resolution_max_b1,1,4692,r=16,16,,recalibrated,3,0.2,-1,1.0039976806640625,0.662,1.0778607788085937,0.638
resolution_max_b1,1,4692,r=16,16,,recalibrated,3,0.25,1,1.2965565185546875,0.579,1.3334841918945313,0.569
resolution_max_b1,1,4692,r=16,16,,recalibrated,3,0.25,-1,1.1447310791015626,0.622,1.1807310791015626,0.623
resolution_max_b1,1,4692,before,24,,recalibrated,4,0.025,1,0.5010954895019532,0.821,0.6915440979003906,0.757
resolution_max_b1,1,4692,before,24,,recalibrated,4,0.025,-1,0.5138628845214843,0.832,0.6917991943359375,0.745
resolution_max_b1,1,4692,before,24,,recalibrated,4,0.05,1,0.5115444030761719,0.821,0.701709716796875,0.749
resolution_max_b1,1,4692,before,24,,recalibrated,4,0.05,-1,0.5347335510253907,0.817,0.7026251831054687,0.739
resolution_max_b1,1,4692,before,24,,recalibrated,4,0.1,1,0.5607756652832031,0.805,0.7407869262695312,0.724
resolution_max_b1,1,4692,before,24,,recalibrated,4,0.1,-1,0.6067949829101562,0.793,0.7449263610839844,0.723
resolution_max_b1,1,4692,before,24,,recalibrated,4,0.2,1,0.7694685974121094,0.727,0.9215449523925782,0.669
resolution_max_b1,1,4692,before,24,,recalibrated,4,0.2,-1,0.8540903930664062,0.699,0.930867919921875,0.669
resolution_max_b1,1,4692,before,24,,recalibrated,4,0.25,1,0.927106201171875,0.673,1.061907958984375,0.634
resolution_max_b1,1,4692,before,24,,recalibrated,4,0.25,-1,1.0274700622558595,0.645,1.083028076171875,0.63
resolution_max_b1,1,4692,after,32,,recalibrated,4,0.025,1,0.9346943664550781,0.685,1.01421728515625,0.644
resolution_max_b1,1,4692,after,32,,recalibrated,4,0.025,-1,0.9377913513183593,0.676,1.0072313842773437,0.65
resolution_max_b1,1,4692,after,32,,recalibrated,4,0.05,1,0.9525098876953125,0.678,1.0387192993164063,0.622
resolution_max_b1,1,4692,after,32,,recalibrated,4,0.05,-1,0.9603698425292969,0.656,1.023599365234375,0.646
resolution_max_b1,1,4692,after,32,,recalibrated,4,0.1,1,1.0315142822265626,0.66,1.1251519165039063,0.598
resolution_max_b1,1,4692,after,32,,recalibrated,4,0.1,-1,1.041021484375,0.64,1.0913607177734375,0.617
resolution_max_b1,1,4692,after,32,,recalibrated,4,0.2,1,1.3290516357421875,0.546,1.4106328735351563,0.51
resolution_max_b1,1,4692,after,32,,recalibrated,4,0.2,-1,1.31295166015625,0.538,1.332134033203125,0.541
resolution_max_b1,1,4692,after,32,,recalibrated,4,0.25,1,1.52655859375,0.483,1.6182191162109374,0.462
resolution_max_b1,1,4692,after,32,,recalibrated,4,0.25,-1,1.4803031005859375,0.5,1.48342626953125,0.482
resolution_max_b1,1,4692,r=16,16,,recalibrated,4,0.025,1,0.7602123413085937,0.738,0.9098872375488282,0.696
resolution_max_b1,1,4692,r=16,16,,recalibrated,4,0.025,-1,0.7636043395996094,0.739,0.9159861145019531,0.695
resolution_max_b1,1,4692,r=16,16,,recalibrated,4,0.05,1,0.7707511901855468,0.731,0.9189052734375,0.694
resolution_max_b1,1,4692,r=16,16,,recalibrated,4,0.05,-1,0.7777024841308594,0.733,0.9314225463867187,0.689
resolution_max_b1,1,4692,r=16,16,,recalibrated,4,0.1,1,0.8126399536132812,0.721,0.9672037963867187,0.675
resolution_max_b1,1,4692,r=16,16,,recalibrated,4,0.1,-1,0.8323772888183594,0.723,0.9863658447265625,0.676
resolution_max_b1,1,4692,r=16,16,,recalibrated,4,0.2,1,0.9874235534667969,0.67,1.1534966430664062,0.636
resolution_max_b1,1,4692,r=16,16,,recalibrated,4,0.2,-1,1.0671219482421874,0.653,1.18359423828125,0.618
resolution_max_b1,1,4692,r=16,16,,recalibrated,4,0.25,1,1.1219651489257811,0.635,1.28468212890625,0.59
resolution_max_b1,1,4692,r=16,16,,recalibrated,4,0.25,-1,1.24695703125,0.609,1.3272139892578125,0.578
resolution_max_b1,1,4692,before,24,,recalibrated,5,0.025,1,0.5060902099609375,0.822,0.6931296081542969,0.755
resolution_max_b1,1,4692,before,24,,recalibrated,5,0.025,-1,0.5087618713378906,0.83,0.6916514892578125,0.748
resolution_max_b1,1,4692,before,24,,recalibrated,5,0.05,1,0.5209722595214844,0.819,0.7086158447265625,0.752
resolution_max_b1,1,4692,before,24,,recalibrated,5,0.05,-1,0.5262051696777343,0.822,0.7054195251464844,0.741
resolution_max_b1,1,4692,before,24,,recalibrated,5,0.1,1,0.5794177856445313,0.792,0.7663561096191406,0.725
resolution_max_b1,1,4692,before,24,,recalibrated,5,0.1,-1,0.590551513671875,0.786,0.7576549987792969,0.724
resolution_max_b1,1,4692,before,24,,recalibrated,5,0.2,1,0.8140110778808594,0.697,0.9827078857421875,0.664
resolution_max_b1,1,4692,before,24,,recalibrated,5,0.2,-1,0.8317294006347656,0.698,0.9616401977539063,0.675
resolution_max_b1,1,4692,before,24,,recalibrated,5,0.25,1,1.0179779052734375,0.627,1.1427937622070312,0.619
resolution_max_b1,1,4692,before,24,,recalibrated,5,0.25,-1,1.0048084411621094,0.656,1.1203448486328125,0.619
resolution_max_b1,1,4692,after,32,,recalibrated,5,0.025,1,0.9404924926757813,0.677,1.0130564880371093,0.653
resolution_max_b1,1,4692,after,32,,recalibrated,5,0.025,-1,0.9302150268554688,0.68,1.0067176208496094,0.639
resolution_max_b1,1,4692,after,32,,recalibrated,5,0.05,1,0.9647395324707031,0.678,1.0342453308105468,0.644
resolution_max_b1,1,4692,after,32,,recalibrated,5,0.05,-1,0.9461153259277344,0.681,1.0240075073242187,0.636
resolution_max_b1,1,4692,after,32,,recalibrated,5,0.1,1,1.0477255249023438,0.638,1.1144938354492187,0.619
resolution_max_b1,1,4692,after,32,,recalibrated,5,0.1,-1,1.0270488891601564,0.653,1.0893896484375,0.614
resolution_max_b1,1,4692,after,32,,recalibrated,5,0.2,1,1.3713666381835938,0.516,1.4229738159179688,0.522
resolution_max_b1,1,4692,after,32,,recalibrated,5,0.2,-1,1.3064942626953124,0.549,1.3441099243164063,0.531
resolution_max_b1,1,4692,after,32,,recalibrated,5,0.25,1,1.596405029296875,0.449,1.624866943359375,0.454
resolution_max_b1,1,4692,after,32,,recalibrated,5,0.25,-1,1.4832763671875,0.486,1.52697802734375,0.467
resolution_max_b1,1,4692,r=16,16,,recalibrated,5,0.025,1,0.7598871154785156,0.739,0.9157266235351562,0.692
resolution_max_b1,1,4692,r=16,16,,recalibrated,5,0.025,-1,0.7644440307617187,0.736,0.9115101318359375,0.7
resolution_max_b1,1,4692,r=16,16,,recalibrated,5,0.05,1,0.77247021484375,0.727,0.9350482788085938,0.681
resolution_max_b1,1,4692,r=16,16,,recalibrated,5,0.05,-1,0.7811081237792968,0.735,0.9239074401855468,0.698
resolution_max_b1,1,4692,r=16,16,,recalibrated,5,0.1,1,0.8266716613769531,0.721,1.0039617004394532,0.667
resolution_max_b1,1,4692,r=16,16,,recalibrated,5,0.1,-1,0.8430413208007812,0.717,0.9863741149902344,0.69
resolution_max_b1,1,4692,r=16,16,,recalibrated,5,0.2,1,1.052278533935547,0.651,1.231330078125,0.602
resolution_max_b1,1,4692,r=16,16,,recalibrated,5,0.2,-1,1.0769169921875,0.653,1.217399169921875,0.636
resolution_max_b1,1,4692,r=16,16,,recalibrated,5,0.25,1,1.231473876953125,0.596,1.397406005859375,0.57
resolution_max_b1,1,4692,r=16,16,,recalibrated,5,0.25,-1,1.2413703002929688,0.607,1.3771004638671875,0.588
resolution_max_b1,1,4692,before,24,,recalibrated,6,0.025,1,0.5036056213378907,0.829,0.6854147338867187,0.754
resolution_max_b1,1,4692,before,24,,recalibrated,6,0.025,-1,0.5127173614501953,0.817,0.6981438293457031,0.75
resolution_max_b1,1,4692,before,24,,recalibrated,6,0.05,1,0.5174514465332031,0.826,0.6913721313476563,0.757
resolution_max_b1,1,4692,before,24,,recalibrated,6,0.05,-1,0.533387451171875,0.81,0.7165924377441406,0.743
resolution_max_b1,1,4692,before,24,,recalibrated,6,0.1,1,0.5826346435546875,0.788,0.7356593627929687,0.74
resolution_max_b1,1,4692,before,24,,recalibrated,6,0.1,-1,0.6100578308105469,0.786,0.7826151733398438,0.716
resolution_max_b1,1,4692,before,24,,recalibrated,6,0.2,1,0.8327521667480469,0.704,0.9307061767578125,0.677
resolution_max_b1,1,4692,before,24,,recalibrated,6,0.2,-1,0.8747454223632812,0.692,1.0148570251464843,0.664
resolution_max_b1,1,4692,before,24,,recalibrated,6,0.25,1,1.0184211730957031,0.646,1.083998260498047,0.617
resolution_max_b1,1,4692,before,24,,recalibrated,6,0.25,-1,1.0566797485351562,0.639,1.1720476684570313,0.611
resolution_max_b1,1,4692,after,32,,recalibrated,6,0.025,1,0.9368838806152344,0.68,1.0120231628417968,0.647
resolution_max_b1,1,4692,after,32,,recalibrated,6,0.025,-1,0.935238525390625,0.69,1.0108590087890625,0.644
resolution_max_b1,1,4692,after,32,,recalibrated,6,0.05,1,0.9607395935058594,0.667,1.0334695434570313,0.636
resolution_max_b1,1,4692,after,32,,recalibrated,6,0.05,-1,0.9568472290039063,0.689,1.0309888610839844,0.635
resolution_max_b1,1,4692,after,32,,recalibrated,6,0.1,1,1.0515421142578125,0.623,1.1125391845703125,0.599
resolution_max_b1,1,4692,after,32,,recalibrated,6,0.1,-1,1.0388352355957031,0.654,1.1150525512695313,0.609
resolution_max_b1,1,4692,after,32,,recalibrated,6,0.2,1,1.3899467163085937,0.51,1.4091722412109375,0.518
resolution_max_b1,1,4692,after,32,,recalibrated,6,0.2,-1,1.3552734375,0.542,1.4322615966796874,0.504
resolution_max_b1,1,4692,after,32,,recalibrated,6,0.25,1,1.6097708740234375,0.455,1.61750146484375,0.464
resolution_max_b1,1,4692,after,32,,recalibrated,6,0.25,-1,1.55835595703125,0.461,1.6285386962890624,0.45
resolution_max_b1,1,4692,r=16,16,,recalibrated,6,0.025,1,0.7601624450683594,0.741,0.9004781188964843,0.703
resolution_max_b1,1,4692,r=16,16,,recalibrated,6,0.025,-1,0.7660316162109375,0.73,0.9288446350097657,0.69
resolution_max_b1,1,4692,r=16,16,,recalibrated,6,0.05,1,0.7748919067382812,0.736,0.9062708129882813,0.698
resolution_max_b1,1,4692,r=16,16,,recalibrated,6,0.05,-1,0.7859545288085937,0.729,0.9603846130371094,0.682
resolution_max_b1,1,4692,r=16,16,,recalibrated,6,0.1,1,0.83460205078125,0.712,0.9568000183105468,0.686
resolution_max_b1,1,4692,r=16,16,,recalibrated,6,0.1,-1,0.8590838623046875,0.698,1.0469395446777343,0.669
resolution_max_b1,1,4692,r=16,16,,recalibrated,6,0.2,1,1.0701925659179687,0.652,1.158301513671875,0.626
resolution_max_b1,1,4692,r=16,16,,recalibrated,6,0.2,-1,1.1341112060546874,0.623,1.2846060180664063,0.6
resolution_max_b1,1,4692,r=16,16,,recalibrated,6,0.25,1,1.2413303833007812,0.61,1.312613525390625,0.584
resolution_max_b1,1,4692,r=16,16,,recalibrated,6,0.25,-1,1.3172814331054687,0.568,1.42927490234375,0.538
resolution_max_b1,1,4692,before,24,,recalibrated,7,0.025,1,0.5071813354492187,0.828,0.6851271362304687,0.757
resolution_max_b1,1,4692,before,24,,recalibrated,7,0.025,-1,0.5118684387207031,0.821,0.7019698791503907,0.747
resolution_max_b1,1,4692,before,24,,recalibrated,7,0.05,1,0.5254001159667969,0.814,0.6956420288085937,0.751
resolution_max_b1,1,4692,before,24,,recalibrated,7,0.05,-1,0.5324640502929687,0.817,0.7219291381835937,0.74
resolution_max_b1,1,4692,before,24,,recalibrated,7,0.1,1,0.6039065246582032,0.789,0.7488799743652343,0.75
resolution_max_b1,1,4692,before,24,,recalibrated,7,0.1,-1,0.6213223266601563,0.782,0.7949868774414063,0.728
resolution_max_b1,1,4692,before,24,,recalibrated,7,0.2,1,0.9292635498046875,0.676,0.9768655395507813,0.678
resolution_max_b1,1,4692,before,24,,recalibrated,7,0.2,-1,0.9399413146972656,0.655,1.0580430297851562,0.633
resolution_max_b1,1,4692,before,24,,recalibrated,7,0.25,1,1.1536181640625,0.604,1.1497113647460937,0.613
resolution_max_b1,1,4692,before,24,,recalibrated,7,0.25,-1,1.1791094970703124,0.588,1.2431589965820313,0.583
resolution_max_b1,1,4692,after,32,,recalibrated,7,0.025,1,0.9382737426757812,0.687,1.010191619873047,0.647
resolution_max_b1,1,4692,after,32,,recalibrated,7,0.025,-1,0.9375956420898437,0.679,1.0138566589355469,0.654
resolution_max_b1,1,4692,after,32,,recalibrated,7,0.05,1,0.9639510803222656,0.678,1.0335529174804687,0.638
resolution_max_b1,1,4692,after,32,,recalibrated,7,0.05,-1,0.9670582580566406,0.66,1.0445301513671874,0.641
resolution_max_b1,1,4692,after,32,,recalibrated,7,0.1,1,1.07045458984375,0.637,1.1409129638671875,0.598
resolution_max_b1,1,4692,after,32,,recalibrated,7,0.1,-1,1.072997802734375,0.618,1.1326946411132812,0.597
resolution_max_b1,1,4692,after,32,,recalibrated,7,0.2,1,1.4229927978515624,0.532,1.4986594848632813,0.498
resolution_max_b1,1,4692,after,32,,recalibrated,7,0.2,-1,1.4307440185546876,0.501,1.48366650390625,0.476
resolution_max_b1,1,4692,after,32,,recalibrated,7,0.25,1,1.6408349609375,0.466,1.702298583984375,0.43
resolution_max_b1,1,4692,after,32,,recalibrated,7,0.25,-1,1.6613369140625,0.438,1.6967731323242188,0.411
resolution_max_b1,1,4692,r=16,16,,recalibrated,7,0.025,1,0.7601705627441406,0.737,0.906575439453125,0.698
resolution_max_b1,1,4692,r=16,16,,recalibrated,7,0.025,-1,0.77073046875,0.736,0.9173517456054687,0.695
resolution_max_b1,1,4692,r=16,16,,recalibrated,7,0.05,1,0.7782444763183594,0.725,0.9172841186523437,0.69
resolution_max_b1,1,4692,r=16,16,,recalibrated,7,0.05,-1,0.7953342590332031,0.727,0.9348311767578125,0.687
resolution_max_b1,1,4692,r=16,16,,recalibrated,7,0.1,1,0.8548663330078125,0.702,0.9686542663574219,0.675
resolution_max_b1,1,4692,r=16,16,,recalibrated,7,0.1,-1,0.8757357788085938,0.71,0.9977715148925781,0.664
resolution_max_b1,1,4692,r=16,16,,recalibrated,7,0.2,1,1.1461735229492187,0.638,1.2086943359375,0.617
resolution_max_b1,1,4692,r=16,16,,recalibrated,7,0.2,-1,1.1953984375,0.611,1.2621201171875,0.597
resolution_max_b1,1,4692,r=16,16,,recalibrated,7,0.25,1,1.3586455078125,0.585,1.3762276000976563,0.569
resolution_max_b1,1,4692,r=16,16,,recalibrated,7,0.25,-1,1.4353373413085937,0.534,1.4782770385742188,0.526
resolution_max_b1,1,4692,before,24,,recalibrated,8,0.025,1,0.5040772705078125,0.83,0.6858277893066407,0.754
resolution_max_b1,1,4692,before,24,,recalibrated,8,0.025,-1,0.5097518463134766,0.823,0.6997835998535156,0.749
resolution_max_b1,1,4692,before,24,,recalibrated,8,0.05,1,0.5180876159667969,0.822,0.6951538696289062,0.754
resolution_max_b1,1,4692,before,24,,recalibrated,8,0.05,-1,0.5288365631103515,0.818,0.7178056640625,0.746
resolution_max_b1,1,4692,before,24,,recalibrated,8,0.1,1,0.5864073791503907,0.794,0.74472998046875,0.733
resolution_max_b1,1,4692,before,24,,recalibrated,8,0.1,-1,0.5953079528808594,0.784,0.7742513427734375,0.737
resolution_max_b1,1,4692,before,24,,recalibrated,8,0.2,1,0.8731819458007812,0.691,0.9516642456054687,0.671
resolution_max_b1,1,4692,before,24,,recalibrated,8,0.2,-1,0.8353421936035156,0.707,0.9942230834960938,0.651
resolution_max_b1,1,4692,before,24,,recalibrated,8,0.25,1,1.0707384033203124,0.631,1.1097203979492187,0.62
resolution_max_b1,1,4692,before,24,,recalibrated,8,0.25,-1,0.9899280395507812,0.654,1.135958984375,0.606
resolution_max_b1,1,4692,after,32,,recalibrated,8,0.025,1,0.93820751953125,0.681,1.0082225036621093,0.652
resolution_max_b1,1,4692,after,32,,recalibrated,8,0.025,-1,0.9311426391601563,0.677,1.012469757080078,0.647
resolution_max_b1,1,4692,after,32,,recalibrated,8,0.05,1,0.9594503479003906,0.675,1.02914794921875,0.64
resolution_max_b1,1,4692,after,32,,recalibrated,8,0.05,-1,0.9474930419921875,0.665,1.0372772216796875,0.628
resolution_max_b1,1,4692,after,32,,recalibrated,8,0.1,1,1.0400333251953124,0.653,1.1128704223632813,0.612
resolution_max_b1,1,4692,after,32,,recalibrated,8,0.1,-1,1.0323393249511719,0.621,1.117849609375,0.61
resolution_max_b1,1,4692,after,32,,recalibrated,8,0.2,1,1.40445556640625,0.504,1.4463994750976563,0.496
resolution_max_b1,1,4692,after,32,,recalibrated,8,0.2,-1,1.3405421142578124,0.517,1.4106190185546874,0.518
resolution_max_b1,1,4692,after,32,,recalibrated,8,0.25,1,1.6434843139648438,0.472,1.686466552734375,0.423
resolution_max_b1,1,4692,after,32,,recalibrated,8,0.25,-1,1.521661865234375,0.458,1.5692559204101562,0.456
resolution_max_b1,1,4692,r=16,16,,recalibrated,8,0.025,1,0.7531685485839844,0.745,0.9102791442871093,0.687
resolution_max_b1,1,4692,r=16,16,,recalibrated,8,0.025,-1,0.7694157104492187,0.734,0.9174825744628906,0.7
resolution_max_b1,1,4692,r=16,16,,recalibrated,8,0.05,1,0.75697412109375,0.749,0.9236448974609375,0.685
resolution_max_b1,1,4692,r=16,16,,recalibrated,8,0.05,-1,0.7873815307617188,0.729,0.9340645141601562,0.69
resolution_max_b1,1,4692,r=16,16,,recalibrated,8,0.1,1,0.8109494323730468,0.729,0.9819826354980469,0.666
resolution_max_b1,1,4692,r=16,16,,recalibrated,8,0.1,-1,0.849072021484375,0.709,0.9891715698242187,0.674
resolution_max_b1,1,4692,r=16,16,,recalibrated,8,0.2,1,1.07451611328125,0.63,1.2155160522460937,0.612
resolution_max_b1,1,4692,r=16,16,,recalibrated,8,0.2,-1,1.045685791015625,0.636,1.17446240234375,0.625
resolution_max_b1,1,4692,r=16,16,,recalibrated,8,0.25,1,1.2809540405273439,0.582,1.40186328125,0.563
resolution_max_b1,1,4692,r=16,16,,recalibrated,8,0.25,-1,1.1856575317382811,0.59,1.3049010009765625,0.583
resolution_max_b1,1,4692,before,24,,recalibrated,9,0.025,1,0.5095468902587891,0.827,0.688369140625,0.751
resolution_max_b1,1,4692,before,24,,recalibrated,9,0.025,-1,0.5034304504394531,0.825,0.6926079711914063,0.747
resolution_max_b1,1,4692,before,24,,recalibrated,9,0.05,1,0.5245307159423828,0.821,0.6957313537597656,0.745
resolution_max_b1,1,4692,before,24,,recalibrated,9,0.05,-1,0.5140715026855469,0.816,0.7035679016113281,0.746
resolution_max_b1,1,4692,before,24,,recalibrated,9,0.1,1,0.57912451171875,0.799,0.7272910766601562,0.74
resolution_max_b1,1,4692,before,24,,recalibrated,9,0.1,-1,0.5653584899902344,0.791,0.7411918029785156,0.73
resolution_max_b1,1,4692,before,24,,recalibrated,9,0.2,1,0.7914017944335937,0.727,0.8936011352539063,0.686
resolution_max_b1,1,4692,before,24,,recalibrated,9,0.2,-1,0.759437255859375,0.728,0.9039905395507812,0.69
resolution_max_b1,1,4692,before,24,,recalibrated,9,0.25,1,0.9439804077148437,0.672,1.029334930419922,0.643
resolution_max_b1,1,4692,before,24,,recalibrated,9,0.25,-1,0.9090054321289063,0.68,1.0394469604492187,0.656
resolution_max_b1,1,4692,after,32,,recalibrated,9,0.025,1,0.9446358032226563,0.677,1.0081188049316405,0.661
resolution_max_b1,1,4692,after,32,,recalibrated,9,0.025,-1,0.9255478210449218,0.689,1.0084197692871093,0.645
resolution_max_b1,1,4692,after,32,,recalibrated,9,0.05,1,0.9712973937988282,0.673,1.0227682495117187,0.655
resolution_max_b1,1,4692,after,32,,recalibrated,9,0.05,-1,0.9341725769042969,0.681,1.0251131591796876,0.642
resolution_max_b1,1,4692,after,32,,recalibrated,9,0.1,1,1.0613954467773437,0.636,1.0985350341796876,0.631
resolution_max_b1,1,4692,after,32,,recalibrated,9,0.1,-1,0.9988878479003906,0.642,1.0907315673828124,0.627
resolution_max_b1,1,4692,after,32,,recalibrated,9,0.2,1,1.33257861328125,0.535,1.3534376220703126,0.522
resolution_max_b1,1,4692,after,32,,recalibrated,9,0.2,-1,1.26629296875,0.544,1.3539683837890626,0.544
resolution_max_b1,1,4692,after,32,,recalibrated,9,0.25,1,1.5015611572265626,0.497,1.5194676513671874,0.487
resolution_max_b1,1,4692,after,32,,recalibrated,9,0.25,-1,1.4653038330078125,0.481,1.5567174072265626,0.485
resolution_max_b1,1,4692,r=16,16,,recalibrated,9,0.025,1,0.7566090698242187,0.743,0.9107344970703125,0.695
resolution_max_b1,1,4692,r=16,16,,recalibrated,9,0.025,-1,0.770825439453125,0.732,0.9099047546386718,0.695
resolution_max_b1,1,4692,r=16,16,,recalibrated,9,0.05,1,0.7632371215820313,0.736,0.9213101501464844,0.692
resolution_max_b1,1,4692,r=16,16,,recalibrated,9,0.05,-1,0.7907525634765625,0.728,0.917340576171875,0.694
resolution_max_b1,1,4692,r=16,16,,recalibrated,9,0.1,1,0.7996817626953125,0.727,0.9638661804199219,0.681
resolution_max_b1,1,4692,r=16,16,,recalibrated,9,0.1,-1,0.8392081604003906,0.716,0.9544963989257812,0.689
resolution_max_b1,1,4692,r=16,16,,recalibrated,9,0.2,1,0.9715782165527344,0.671,1.1220064697265626,0.633
resolution_max_b1,1,4692,r=16,16,,recalibrated,9,0.2,-1,1.0085797729492187,0.662,1.112709716796875,0.637
resolution_max_b1,1,4692,r=16,16,,recalibrated,9,0.25,1,1.1156951293945312,0.643,1.2585909423828125,0.601
resolution_max_b1,1,4692,r=16,16,,recalibrated,9,0.25,-1,1.1465799560546874,0.614,1.2390872192382814,0.593
resolution_max_b1,4,2346,before,16,,saved,,0.0,0,0.8358128356933594,0.697,0.9866314086914062,0.653
resolution_max_b1,4,2346,before,16,,recalibrated,,0.0,0,0.8219534606933594,0.701,0.9610070190429687,0.649
resolution_max_b1,4,2346,before,16,,recalibrated,0,0.025,1,0.8251828918457031,0.697,0.9620372619628906,0.66
resolution_max_b1,4,2346,before,16,,recalibrated,0,0.025,-1,0.8286200256347657,0.693,0.9674253845214844,0.647
resolution_max_b1,4,2346,before,16,,recalibrated,0,0.05,1,0.8390857543945313,0.696,0.970995361328125,0.664
resolution_max_b1,4,2346,before,16,,recalibrated,0,0.05,-1,0.8447041015625,0.685,0.9819735412597657,0.648
resolution_max_b1,4,2346,before,16,,recalibrated,0,0.1,1,0.8930423583984375,0.679,1.0167805786132813,0.645
resolution_max_b1,4,2346,before,16,,recalibrated,0,0.1,-1,0.8991282653808593,0.672,1.0347623291015624,0.643
resolution_max_b1,4,2346,before,16,,recalibrated,0,0.2,1,1.1232400512695313,0.607,1.2152559204101563,0.578
resolution_max_b1,4,2346,before,16,,recalibrated,0,0.2,-1,1.0850521240234374,0.618,1.2212796630859375,0.585
resolution_max_b1,4,2346,before,16,,recalibrated,0,0.25,1,1.2626195068359376,0.553,1.344167236328125,0.536
resolution_max_b1,4,2346,before,16,,recalibrated,0,0.25,-1,1.2182468872070313,0.563,1.3452467651367188,0.54
resolution_max_b1,4,2346,after,24,,saved,,0.0,0,1.1800250854492187,0.575,1.2327152099609375,0.571
resolution_max_b1,4,2346,after,24,,recalibrated,,0.0,0,1.0790322265625,0.603,1.1355589599609375,0.593
resolution_max_b1,4,2346,after,24,,recalibrated,0,0.025,1,1.080649169921875,0.603,1.1300859985351563,0.582
resolution_max_b1,4,2346,after,24,,recalibrated,0,0.025,-1,1.0851904296875,0.601,1.14708447265625,0.594
resolution_max_b1,4,2346,after,24,,recalibrated,0,0.05,1,1.0908365478515625,0.601,1.1320357666015626,0.589
resolution_max_b1,4,2346,after,24,,recalibrated,0,0.05,-1,1.1000360107421876,0.597,1.1655224609375,0.584
resolution_max_b1,4,2346,after,24,,recalibrated,0,0.1,1,1.1359251098632812,0.589,1.17151220703125,0.583
resolution_max_b1,4,2346,after,24,,recalibrated,0,0.1,-1,1.1495621948242187,0.593,1.221573486328125,0.572
resolution_max_b1,4,2346,after,24,,recalibrated,0,0.2,1,1.329963134765625,0.514,1.3756602783203125,0.51
resolution_max_b1,4,2346,after,24,,recalibrated,0,0.2,-1,1.343494873046875,0.518,1.40984765625,0.499
resolution_max_b1,4,2346,after,24,,recalibrated,0,0.25,1,1.4466011962890626,0.461,1.501165283203125,0.465
resolution_max_b1,4,2346,after,24,,recalibrated,0,0.25,-1,1.4817935180664064,0.486,1.5306532592773439,0.457
resolution_max_b1,4,2346,r=32,32,,saved,,0.0,0,3.23225048828125,0.176,3.3200411376953123,0.163
resolution_max_b1,4,2346,r=32,32,,recalibrated,,0.0,0,1.663835693359375,0.396,1.7710031127929688,0.364
resolution_max_b1,4,2346,r=32,32,,recalibrated,0,0.025,1,1.6442186889648438,0.406,1.7479521484375,0.382
resolution_max_b1,4,2346,r=32,32,,recalibrated,0,0.025,-1,1.6930015869140624,0.38,1.8016370849609376,0.354
resolution_max_b1,4,2346,r=32,32,,recalibrated,0,0.05,1,1.6318724975585936,0.413,1.7349669189453125,0.385
resolution_max_b1,4,2346,r=32,32,,recalibrated,0,0.05,-1,1.7292935791015625,0.37,1.8373911743164062,0.331
resolution_max_b1,4,2346,r=32,32,,recalibrated,0,0.1,1,1.636080322265625,0.399,1.736152099609375,0.37
resolution_max_b1,4,2346,r=32,32,,recalibrated,0,0.1,-1,1.8151340942382812,0.355,1.9263806762695312,0.322
resolution_max_b1,4,2346,r=32,32,,recalibrated,0,0.2,1,1.7914235229492188,0.344,1.88154296875,0.32
resolution_max_b1,4,2346,r=32,32,,recalibrated,0,0.2,-1,2.04423193359375,0.294,2.149037353515625,0.262
resolution_max_b1,4,2346,r=32,32,,recalibrated,0,0.25,1,1.8934379272460937,0.32,1.9835765380859376,0.307
resolution_max_b1,4,2346,r=32,32,,recalibrated,0,0.25,-1,2.1753609619140626,0.265,2.2545762939453127,0.238
resolution_max_b1,4,2346,before,16,,recalibrated,1,0.025,1,0.814938720703125,0.7,0.9575502624511719,0.647
resolution_max_b1,4,2346,before,16,,recalibrated,1,0.025,-1,0.8361585083007812,0.698,0.9713028259277344,0.654
resolution_max_b1,4,2346,before,16,,recalibrated,1,0.05,1,0.8171479797363281,0.695,0.9590790405273437,0.656
resolution_max_b1,4,2346,before,16,,recalibrated,1,0.05,-1,0.855771728515625,0.694,0.9880142211914062,0.652
resolution_max_b1,4,2346,before,16,,recalibrated,1,0.1,1,0.8442634582519531,0.677,0.9820647583007812,0.653
resolution_max_b1,4,2346,before,16,,recalibrated,1,0.1,-1,0.916636474609375,0.681,1.0391561279296875,0.631
resolution_max_b1,4,2346,before,16,,recalibrated,1,0.2,1,1.0186825256347656,0.611,1.1156539916992188,0.613
resolution_max_b1,4,2346,before,16,,recalibrated,1,0.2,-1,1.1147843017578125,0.6,1.2156929931640625,0.584
resolution_max_b1,4,2346,before,16,,recalibrated,1,0.25,1,1.1581094360351563,0.564,1.2219564208984375,0.575
resolution_max_b1,4,2346,before,16,,recalibrated,1,0.25,-1,1.2565615234375,0.556,1.341494384765625,0.549
resolution_max_b1,4,2346,after,24,,recalibrated,1,0.025,1,1.074479248046875,0.611,1.1288439331054687,0.598
resolution_max_b1,4,2346,after,24,,recalibrated,1,0.025,-1,1.0903558349609375,0.595,1.1471909790039063,0.577
resolution_max_b1,4,2346,after,24,,recalibrated,1,0.05,1,1.0769877319335937,0.618,1.1290668334960938,0.602
resolution_max_b1,4,2346,after,24,,recalibrated,1,0.05,-1,1.108975341796875,0.589,1.1645108642578126,0.573
resolution_max_b1,4,2346,after,24,,recalibrated,1,0.1,1,1.1066741943359375,0.606,1.1542501220703125,0.587
resolution_max_b1,4,2346,after,24,,recalibrated,1,0.1,-1,1.1664410400390626,0.567,1.22002734375,0.558
resolution_max_b1,4,2346,after,24,,recalibrated,1,0.2,1,1.27095166015625,0.551,1.2886727905273438,0.539
resolution_max_b1,4,2346,after,24,,recalibrated,1,0.2,-1,1.363224853515625,0.508,1.4032041015625,0.501
resolution_max_b1,4,2346,after,24,,recalibrated,1,0.25,1,1.3917158813476562,0.512,1.3842286376953126,0.501
resolution_max_b1,4,2346,after,24,,recalibrated,1,0.25,-1,1.4975892944335938,0.467,1.5270218505859374,0.458
resolution_max_b1,4,2346,r=32,32,,recalibrated,1,0.025,1,1.643232177734375,0.402,1.7500662841796875,0.36
resolution_max_b1,4,2346,r=32,32,,recalibrated,1,0.025,-1,1.6940060424804688,0.395,1.795791259765625,0.366
resolution_max_b1,4,2346,r=32,32,,recalibrated,1,0.05,1,1.6347086791992187,0.412,1.736868896484375,0.367
resolution_max_b1,4,2346,r=32,32,,recalibrated,1,0.05,-1,1.7320970458984375,0.383,1.8264930419921874,0.365
resolution_max_b1,4,2346,r=32,32,,recalibrated,1,0.1,1,1.64672900390625,0.408,1.73855322265625,0.368
resolution_max_b1,4,2346,r=32,32,,recalibrated,1,0.1,-1,1.8214378662109374,0.342,1.9071151733398437,0.342
resolution_max_b1,4,2346,r=32,32,,recalibrated,1,0.2,1,1.7480894775390625,0.376,1.8160714721679687,0.345
resolution_max_b1,4,2346,r=32,32,,recalibrated,1,0.2,-1,2.00262841796875,0.319,2.077466064453125,0.315
resolution_max_b1,4,2346,r=32,32,,recalibrated,1,0.25,1,1.8322759399414061,0.337,1.8885360717773438,0.32
resolution_max_b1,4,2346,r=32,32,,recalibrated,1,0.25,-1,2.1192989501953123,0.284,2.1917467041015626,0.274
resolution_max_b1,4,2346,before,16,,recalibrated,2,0.025,1,0.8205771484375,0.705,0.9582286071777344,0.65
resolution_max_b1,4,2346,before,16,,recalibrated,2,0.025,-1,0.8285172729492187,0.691,0.967272705078125,0.653
resolution_max_b1,4,2346,before,16,,recalibrated,2,0.05,1,0.8266321716308593,0.702,0.962081787109375,0.655
resolution_max_b1,4,2346,before,16,,recalibrated,2,0.05,-1,0.8404866027832031,0.693,0.9767441101074219,0.655
resolution_max_b1,4,2346,before,16,,recalibrated,2,0.1,1,0.8588464050292969,0.697,0.9769478759765625,0.652
resolution_max_b1,4,2346,before,16,,recalibrated,2,0.1,-1,0.8791536865234375,0.68,1.0149243774414063,0.634
resolution_max_b1,4,2346,before,16,,recalibrated,2,0.2,1,1.0196006469726562,0.629,1.089314697265625,0.618
resolution_max_b1,4,2346,before,16,,recalibrated,2,0.2,-1,1.0273550720214844,0.633,1.1620250244140624,0.579
resolution_max_b1,4,2346,before,16,,recalibrated,2,0.25,1,1.1551939697265625,0.581,1.2094407958984374,0.584
resolution_max_b1,4,2346,before,16,,recalibrated,2,0.25,-1,1.1314744873046876,0.592,1.2639229736328126,0.546
resolution_max_b1,4,2346,after,24,,recalibrated,2,0.025,1,1.0782254028320313,0.606,1.1319985961914063,0.589
resolution_max_b1,4,2346,after,24,,recalibrated,2,0.025,-1,1.0851417846679687,0.591,1.1427802734375,0.589
resolution_max_b1,4,2346,after,24,,recalibrated,2,0.05,1,1.08390234375,0.598,1.1336146240234375,0.592
resolution_max_b1,4,2346,after,24,,recalibrated,2,0.05,-1,1.0974423828125,0.6,1.1553335571289063,0.581
resolution_max_b1,4,2346,after,24,,recalibrated,2,0.1,1,1.1137598876953125,0.594,1.1532850341796874,0.592
resolution_max_b1,4,2346,after,24,,recalibrated,2,0.1,-1,1.136693359375,0.576,1.1957586059570313,0.567
resolution_max_b1,4,2346,after,24,,recalibrated,2,0.2,1,1.246498779296875,0.55,1.2803470458984374,0.547
resolution_max_b1,4,2346,after,24,,recalibrated,2,0.2,-1,1.2851138916015625,0.538,1.3399898681640625,0.528
resolution_max_b1,4,2346,after,24,,recalibrated,2,0.25,1,1.36330517578125,0.514,1.3867794799804687,0.502
resolution_max_b1,4,2346,after,24,,recalibrated,2,0.25,-1,1.38483935546875,0.497,1.4439725952148437,0.472
resolution_max_b1,4,2346,r=32,32,,recalibrated,2,0.025,1,1.668028564453125,0.394,1.7738992919921874,0.362
resolution_max_b1,4,2346,r=32,32,,recalibrated,2,0.025,-1,1.6647698974609375,0.397,1.7701962890625,0.359
resolution_max_b1,4,2346,r=32,32,,recalibrated,2,0.05,1,1.6779727783203124,0.387,1.7810416259765625,0.358
resolution_max_b1,4,2346,r=32,32,,recalibrated,2,0.05,-1,1.6716895751953125,0.393,1.7757611694335937,0.362
resolution_max_b1,4,2346,r=32,32,,recalibrated,2,0.1,1,1.7145421752929688,0.371,1.8134637451171876,0.352
resolution_max_b1,4,2346,r=32,32,,recalibrated,2,0.1,-1,1.700639404296875,0.38,1.8001303100585937,0.351
resolution_max_b1,4,2346,r=32,32,,recalibrated,2,0.2,1,1.8703894653320312,0.326,1.9748839721679687,0.299
resolution_max_b1,4,2346,r=32,32,,recalibrated,2,0.2,-1,1.8144287109375,0.365,1.9344180297851563,0.318
resolution_max_b1,4,2346,r=32,32,,recalibrated,2,0.25,1,1.9928766479492188,0.292,2.0884765625,0.262
resolution_max_b1,4,2346,r=32,32,,recalibrated,2,0.25,-1,1.907362060546875,0.328,2.0364688720703126,0.294
resolution_max_b1,4,2346,before,16,,recalibrated,3,0.025,1,0.8288369445800782,0.701,0.9683576965332031,0.651
resolution_max_b1,4,2346,before,16,,recalibrated,3,0.025,-1,0.8221316223144531,0.702,0.9589573974609376,0.651
resolution_max_b1,4,2346,before,16,,recalibrated,3,0.05,1,0.8434435424804687,0.699,0.9826090087890625,0.642
resolution_max_b1,4,2346,before,16,,recalibrated,3,0.05,-1,0.8275344543457032,0.697,0.9627357788085937,0.661
resolution_max_b1,4,2346,before,16,,recalibrated,3,0.1,1,0.891269775390625,0.68,1.0273204040527344,0.625
resolution_max_b1,4,2346,before,16,,recalibrated,3,0.1,-1,0.8552556762695313,0.688,0.9821683959960937,0.654
resolution_max_b1,4,2346,before,16,,recalibrated,3,0.2,1,1.05171142578125,0.621,1.1614371948242188,0.584
resolution_max_b1,4,2346,before,16,,recalibrated,3,0.2,-1,0.9818850708007812,0.657,1.0777422485351562,0.627
resolution_max_b1,4,2346,before,16,,recalibrated,3,0.25,1,1.154531494140625,0.586,1.2454534301757811,0.558
resolution_max_b1,4,2346,before,16,,recalibrated,3,0.25,-1,1.0780880126953125,0.618,1.1559373779296875,0.6
resolution_max_b1,4,2346,after,24,,recalibrated,3,0.025,1,1.0864496459960937,0.598,1.1443411865234374,0.587
resolution_max_b1,4,2346,after,24,,recalibrated,3,0.025,-1,1.076913330078125,0.608,1.1336541137695313,0.586
resolution_max_b1,4,2346,after,24,,recalibrated,3,0.05,1,1.1002235107421876,0.588,1.1589493408203124,0.578
resolution_max_b1,4,2346,after,24,,recalibrated,3,0.05,-1,1.080646728515625,0.613,1.139197998046875,0.579
resolution_max_b1,4,2346,after,24,,recalibrated,3,0.1,1,1.1424244384765625,0.573,1.2004788208007813,0.576
resolution_max_b1,4,2346,after,24,,recalibrated,3,0.1,-1,1.1039246215820313,0.594,1.16789892578125,0.583
resolution_max_b1,4,2346,after,24,,recalibrated,3,0.2,1,1.283916015625,0.532,1.3349463500976562,0.519
resolution_max_b1,4,2346,after,24,,recalibrated,3,0.2,-1,1.2128585205078124,0.547,1.2890266723632813,0.535
resolution_max_b1,4,2346,after,24,,recalibrated,3,0.25,1,1.3722760009765624,0.507,1.4267066040039063,0.485
resolution_max_b1,4,2346,after,24,,recalibrated,3,0.25,-1,1.29017333984375,0.53,1.3782410888671874,0.505
resolution_max_b1,4,2346,r=32,32,,recalibrated,3,0.025,1,1.6674547729492188,0.397,1.7707533569335938,0.359
resolution_max_b1,4,2346,r=32,32,,recalibrated,3,0.025,-1,1.6649541625976563,0.393,1.7715955810546875,0.365
resolution_max_b1,4,2346,r=32,32,,recalibrated,3,0.05,1,1.67360498046875,0.403,1.7740467529296875,0.363
resolution_max_b1,4,2346,r=32,32,,recalibrated,3,0.05,-1,1.670610595703125,0.392,1.77396240234375,0.362
resolution_max_b1,4,2346,r=32,32,,recalibrated,3,0.1,1,1.699907470703125,0.393,1.80197509765625,0.345
resolution_max_b1,4,2346,r=32,32,,recalibrated,3,0.1,-1,1.6915846557617187,0.389,1.7865406494140625,0.357
resolution_max_b1,4,2346,r=32,32,,recalibrated,3,0.2,1,1.8119486083984375,0.354,1.9231524658203125,0.317
resolution_max_b1,4,2346,r=32,32,,recalibrated,3,0.2,-1,1.7648959350585938,0.365,1.8573568725585938,0.32
resolution_max_b1,4,2346,r=32,32,,recalibrated,3,0.25,1,1.8896954345703125,0.333,2.0009789428710936,0.289
resolution_max_b1,4,2346,r=32,32,,recalibrated,3,0.25,-1,1.8191103515625,0.343,1.9125842895507812,0.301
resolution_max_b1,4,2346,before,16,,recalibrated,4,0.025,1,0.832164306640625,0.699,0.967081787109375,0.653
resolution_max_b1,4,2346,before,16,,recalibrated,4,0.025,-1,0.8197691650390625,0.699,0.9607216186523437,0.649
resolution_max_b1,4,2346,before,16,,recalibrated,4,0.05,1,0.8485036315917969,0.693,0.9804759521484375,0.654
resolution_max_b1,4,2346,before,16,,recalibrated,4,0.05,-1,0.8276846618652344,0.694,0.9680541381835938,0.643
resolution_max_b1,4,2346,before,16,,recalibrated,4,0.1,1,0.9006782836914062,0.67,1.0289888916015626,0.648
resolution_max_b1,4,2346,before,16,,recalibrated,4,0.1,-1,0.8764598083496093,0.678,1.0111533203125,0.636
resolution_max_b1,4,2346,before,16,,recalibrated,4,0.2,1,1.09418505859375,0.598,1.1962919921875,0.587
resolution_max_b1,4,2346,before,16,,recalibrated,4,0.2,-1,1.104603759765625,0.609,1.2032006225585938,0.571
resolution_max_b1,4,2346,before,16,,recalibrated,4,0.25,1,1.2221775512695312,0.552,1.3121422119140624,0.552
resolution_max_b1,4,2346,before,16,,recalibrated,4,0.25,-1,1.270827880859375,0.55,1.3461495971679687,0.513
resolution_max_b1,4,2346,after,24,,recalibrated,4,0.025,1,1.0860623168945311,0.598,1.1428762817382812,0.584
resolution_max_b1,4,2346,after,24,,recalibrated,4,0.025,-1,1.0793873901367188,0.6,1.1349095458984375,0.586
resolution_max_b1,4,2346,after,24,,recalibrated,4,0.05,1,1.0993778686523437,0.589,1.1564970092773437,0.586
resolution_max_b1,4,2346,after,24,,recalibrated,4,0.05,-1,1.0879961547851562,0.6,1.1413023681640626,0.576
resolution_max_b1,4,2346,after,24,,recalibrated,4,0.1,1,1.1437138671875,0.573,1.2038812255859375,0.565
resolution_max_b1,4,2346,after,24,,recalibrated,4,0.1,-1,1.1290259399414062,0.586,1.182305419921875,0.564
resolution_max_b1,4,2346,after,24,,recalibrated,4,0.2,1,1.3090579223632812,0.51,1.374898681640625,0.496
resolution_max_b1,4,2346,after,24,,recalibrated,4,0.2,-1,1.3446819458007813,0.502,1.3970467529296875,0.491
resolution_max_b1,4,2346,after,24,,recalibrated,4,0.25,1,1.425033203125,0.469,1.4907924194335938,0.453
resolution_max_b1,4,2346,after,24,,recalibrated,4,0.25,-1,1.4937611694335937,0.457,1.5439216918945313,0.448
resolution_max_b1,4,2346,r=32,32,,recalibrated,4,0.025,1,1.6568204956054688,0.398,1.7582383422851562,0.358
resolution_max_b1,4,2346,r=32,32,,recalibrated,4,0.025,-1,1.678810791015625,0.394,1.7870772705078124,0.37
resolution_max_b1,4,2346,r=32,32,,recalibrated,4,0.05,1,1.6559133911132813,0.397,1.7520760498046875,0.359
resolution_max_b1,4,2346,r=32,32,,recalibrated,4,0.05,-1,1.7013006591796875,0.388,1.80836962890625,0.358
resolution_max_b1,4,2346,r=32,32,,recalibrated,4,0.1,1,1.6683950805664063,0.385,1.7676249389648437,0.358
resolution_max_b1,4,2346,r=32,32,,recalibrated,4,0.1,-1,1.7702965087890625,0.368,1.8763535766601562,0.353
resolution_max_b1,4,2346,r=32,32,,recalibrated,4,0.2,1,1.757386962890625,0.343,1.8769998779296875,0.3
resolution_max_b1,4,2346,r=32,32,,recalibrated,4,0.2,-1,1.9346327514648438,0.327,2.04010302734375,0.304
resolution_max_b1,4,2346,r=32,32,,recalibrated,4,0.25,1,1.8190084838867187,0.327,1.947364501953125,0.27
resolution_max_b1,4,2346,r=32,32,,recalibrated,4,0.25,-1,2.033740966796875,0.309,2.1441453857421875,0.272
resolution_max_b1,4,2346,before,16,,recalibrated,5,0.025,1,0.8235380554199219,0.705,0.9634498291015625,0.653
resolution_max_b1,4,2346,before,16,,recalibrated,5,0.025,-1,0.8295618286132812,0.7,0.96726953125,0.649
resolution_max_b1,4,2346,before,16,,recalibrated,5,0.05,1,0.8344049377441406,0.697,0.9734569396972657,0.645
resolution_max_b1,4,2346,before,16,,recalibrated,5,0.05,-1,0.8465081481933594,0.686,0.9825267944335937,0.651
resolution_max_b1,4,2346,before,16,,recalibrated,5,0.1,1,0.8826186218261719,0.682,1.0157945556640624,0.626
resolution_max_b1,4,2346,before,16,,recalibrated,5,0.1,-1,0.9012914123535156,0.662,1.0362514038085937,0.636
resolution_max_b1,4,2346,before,16,,recalibrated,5,0.2,1,1.0724344482421875,0.596,1.1844475708007813,0.564
resolution_max_b1,4,2346,before,16,,recalibrated,5,0.2,-1,1.0866531982421874,0.607,1.215418212890625,0.561
resolution_max_b1,4,2346,before,16,,recalibrated,5,0.25,1,1.2123018188476562,0.543,1.3113394775390625,0.515
resolution_max_b1,4,2346,before,16,,recalibrated,5,0.25,-1,1.2037760620117188,0.57,1.3208726806640625,0.53
resolution_max_b1,4,2346,after,24,,recalibrated,5,0.025,1,1.081125732421875,0.603,1.1373311767578125,0.586
resolution_max_b1,4,2346,after,24,,recalibrated,5,0.025,-1,1.0863783569335939,0.594,1.1431052856445312,0.586
resolution_max_b1,4,2346,after,24,,recalibrated,5,0.05,1,1.0901419677734374,0.593,1.1464108276367186,0.584
resolution_max_b1,4,2346,after,24,,recalibrated,5,0.05,-1,1.1034305419921875,0.599,1.1609967651367188,0.581
resolution_max_b1,4,2346,after,24,,recalibrated,5,0.1,1,1.1289340209960939,0.58,1.1937861328125,0.565
resolution_max_b1,4,2346,after,24,,recalibrated,5,0.1,-1,1.1608341674804687,0.568,1.222416015625,0.56
resolution_max_b1,4,2346,after,24,,recalibrated,5,0.2,1,1.2857542724609374,0.513,1.3764060668945313,0.491
resolution_max_b1,4,2346,after,24,,recalibrated,5,0.2,-1,1.3377785034179688,0.508,1.3996828002929687,0.498
resolution_max_b1,4,2346,after,24,,recalibrated,5,0.25,1,1.3953273315429688,0.464,1.4968428955078126,0.457
resolution_max_b1,4,2346,after,24,,recalibrated,5,0.25,-1,1.4387902221679687,0.481,1.4956048583984376,0.47
resolution_max_b1,4,2346,r=32,32,,recalibrated,5,0.025,1,1.670086181640625,0.388,1.7806856079101563,0.36
resolution_max_b1,4,2346,r=32,32,,recalibrated,5,0.025,-1,1.6672003784179688,0.398,1.7679882202148438,0.362
resolution_max_b1,4,2346,r=32,32,,recalibrated,5,0.05,1,1.6822533569335938,0.388,1.7988833618164062,0.362
resolution_max_b1,4,2346,r=32,32,,recalibrated,5,0.05,-1,1.6813446044921876,0.392,1.774871337890625,0.371
resolution_max_b1,4,2346,r=32,32,,recalibrated,5,0.1,1,1.7220445556640624,0.369,1.8512237548828125,0.335
resolution_max_b1,4,2346,r=32,32,,recalibrated,5,0.1,-1,1.7247086791992188,0.38,1.8001672973632812,0.372
resolution_max_b1,4,2346,r=32,32,,recalibrated,5,0.2,1,1.8632724609375,0.3,2.020864013671875,0.283
resolution_max_b1,4,2346,r=32,32,,recalibrated,5,0.2,-1,1.8503915405273437,0.334,1.92053125,0.343
resolution_max_b1,4,2346,r=32,32,,recalibrated,5,0.25,1,1.9491360473632813,0.276,2.1132077026367186,0.246
resolution_max_b1,4,2346,r=32,32,,recalibrated,5,0.25,-1,1.9223226318359374,0.312,1.9888682861328124,0.318
resolution_max_b1,4,2346,before,16,,recalibrated,6,0.025,1,0.8263943786621094,0.699,0.9613102416992187,0.653
resolution_max_b1,4,2346,before,16,,recalibrated,6,0.025,-1,0.8240419006347657,0.7,0.9662145080566407,0.651
resolution_max_b1,4,2346,before,16,,recalibrated,6,0.05,1,0.8383634338378906,0.694,0.9655744018554687,0.652
resolution_max_b1,4,2346,before,16,,recalibrated,6,0.05,-1,0.8331026000976562,0.707,0.9748330688476563,0.652
resolution_max_b1,4,2346,before,16,,recalibrated,6,0.1,1,0.8828436889648438,0.673,0.9902343139648437,0.648
resolution_max_b1,4,2346,before,16,,recalibrated,6,0.1,-1,0.8667502746582031,0.694,1.007793701171875,0.638
resolution_max_b1,4,2346,before,16,,recalibrated,6,0.2,1,1.0407008666992188,0.62,1.1098827514648437,0.612
resolution_max_b1,4,2346,before,16,,recalibrated,6,0.2,-1,1.0314007568359376,0.63,1.141297119140625,0.589
resolution_max_b1,4,2346,before,16,,recalibrated,6,0.25,1,1.1496846923828126,0.575,1.2070986328125,0.556
resolution_max_b1,4,2346,before,16,,recalibrated,6,0.25,-1,1.1546312255859374,0.595,1.2493779296875,0.556
resolution_max_b1,4,2346,after,24,,recalibrated,6,0.025,1,1.084020751953125,0.596,1.1424310913085938,0.586
resolution_max_b1,4,2346,after,24,,recalibrated,6,0.025,-1,1.0794446411132812,0.603,1.1340922241210938,0.586
resolution_max_b1,4,2346,after,24,,recalibrated,6,0.05,1,1.0958681030273438,0.594,1.1536639404296876,0.576
resolution_max_b1,4,2346,after,24,,recalibrated,6,0.05,-1,1.0867513427734374,0.597,1.1384059448242188,0.59
resolution_max_b1,4,2346,after,24,,recalibrated,6,0.1,1,1.1379937133789062,0.568,1.188540771484375,0.567
resolution_max_b1,4,2346,after,24,,recalibrated,6,0.1,-1,1.1199482421875,0.577,1.1669561767578125,0.584
resolution_max_b1,4,2346,after,24,,recalibrated,6,0.2,1,1.2803930053710937,0.504,1.3104747314453125,0.516
resolution_max_b1,4,2346,after,24,,recalibrated,6,0.2,-1,1.2739832763671874,0.517,1.3080026245117187,0.528
resolution_max_b1,4,2346,after,24,,recalibrated,6,0.25,1,1.374215087890625,0.493,1.4036959228515624,0.485
resolution_max_b1,4,2346,after,24,,recalibrated,6,0.25,-1,1.3923287353515625,0.478,1.4240571899414063,0.48
resolution_max_b1,4,2346,r=32,32,,recalibrated,6,0.025,1,1.6744385986328125,0.392,1.783759033203125,0.365
resolution_max_b1,4,2346,r=32,32,,recalibrated,6,0.025,-1,1.659739501953125,0.405,1.7634048461914062,0.367
resolution_max_b1,4,2346,r=32,32,,recalibrated,6,0.05,1,1.690783935546875,0.388,1.7999723510742187,0.359
resolution_max_b1,4,2346,r=32,32,,recalibrated,6,0.05,-1,1.6625403442382813,0.407,1.7606895751953124,0.369
resolution_max_b1,4,2346,r=32,32,,recalibrated,6,0.1,1,1.7402652587890626,0.366,1.8490439453125,0.328
resolution_max_b1,4,2346,r=32,32,,recalibrated,6,0.1,-1,1.6864483032226563,0.405,1.7748582153320311,0.36
resolution_max_b1,4,2346,r=32,32,,recalibrated,6,0.2,1,1.8940626220703125,0.313,2.0030338134765624,0.282
resolution_max_b1,4,2346,r=32,32,,recalibrated,6,0.2,-1,1.8234384155273438,0.333,1.9194515380859376,0.294
resolution_max_b1,4,2346,r=32,32,,recalibrated,6,0.25,1,1.98681103515625,0.292,2.10099658203125,0.254
resolution_max_b1,4,2346,r=32,32,,recalibrated,6,0.25,-1,1.9320921630859376,0.289,2.0292476806640627,0.271
resolution_max_b1,4,2346,before,16,,recalibrated,7,0.025,1,0.8197427062988282,0.705,0.9554210205078125,0.651
resolution_max_b1,4,2346,before,16,,recalibrated,7,0.025,-1,0.8332701721191407,0.687,0.9730286254882813,0.654
resolution_max_b1,4,2346,before,16,,recalibrated,7,0.05,1,0.8277379760742187,0.706,0.9563169555664063,0.658
resolution_max_b1,4,2346,before,16,,recalibrated,7,0.05,-1,0.8519383544921875,0.678,0.9916817932128906,0.643
resolution_max_b1,4,2346,before,16,,recalibrated,7,0.1,1,0.8661563415527344,0.688,0.9799869384765625,0.657
resolution_max_b1,4,2346,before,16,,recalibrated,7,0.1,-1,0.9090730590820313,0.662,1.0424461059570314,0.619
resolution_max_b1,4,2346,before,16,,recalibrated,7,0.2,1,1.0536609497070313,0.619,1.1324244995117188,0.611
resolution_max_b1,4,2346,before,16,,recalibrated,7,0.2,-1,1.0966577758789062,0.592,1.2136920166015626,0.574
resolution_max_b1,4,2346,before,16,,recalibrated,7,0.25,1,1.19243505859375,0.567,1.2587581176757812,0.549
resolution_max_b1,4,2346,before,16,,recalibrated,7,0.25,-1,1.2384103393554688,0.556,1.351298583984375,0.519
resolution_max_b1,4,2346,after,24,,recalibrated,7,0.025,1,1.0769005737304687,0.602,1.1317289428710937,0.599
resolution_max_b1,4,2346,after,24,,recalibrated,7,0.025,-1,1.088339599609375,0.601,1.1457269897460938,0.576
resolution_max_b1,4,2346,after,24,,recalibrated,7,0.05,1,1.083615234375,0.612,1.1354266967773436,0.6
resolution_max_b1,4,2346,after,24,,recalibrated,7,0.05,-1,1.1037699584960938,0.59,1.16233154296875,0.581
resolution_max_b1,4,2346,after,24,,recalibrated,7,0.1,1,1.1250077514648438,0.604,1.1696580810546875,0.594
resolution_max_b1,4,2346,after,24,,recalibrated,7,0.1,-1,1.1533409423828125,0.575,1.2127854614257811,0.564
resolution_max_b1,4,2346,after,24,,recalibrated,7,0.2,1,1.3254374389648438,0.519,1.3609552001953125,0.53
resolution_max_b1,4,2346,after,24,,recalibrated,7,0.2,-1,1.3093631591796875,0.515,1.3713084106445312,0.519
resolution_max_b1,4,2346,after,24,,recalibrated,7,0.25,1,1.4748692016601563,0.474,1.4987893676757813,0.481
resolution_max_b1,4,2346,after,24,,recalibrated,7,0.25,-1,1.4273427124023437,0.472,1.4938470458984374,0.462
resolution_max_b1,4,2346,r=32,32,,recalibrated,7,0.025,1,1.6632422485351563,0.4,1.769624267578125,0.36
resolution_max_b1,4,2346,r=32,32,,recalibrated,7,0.025,-1,1.6738941650390624,0.385,1.7812246704101562,0.369
resolution_max_b1,4,2346,r=32,32,,recalibrated,7,0.05,1,1.6729951171875,0.403,1.7781707153320312,0.352
resolution_max_b1,4,2346,r=32,32,,recalibrated,7,0.05,-1,1.6924700317382813,0.377,1.8018438720703125,0.372
resolution_max_b1,4,2346,r=32,32,,recalibrated,7,0.1,1,1.7357098388671874,0.385,1.8272501220703126,0.334
resolution_max_b1,4,2346,r=32,32,,recalibrated,7,0.1,-1,1.74823193359375,0.368,1.8637855224609374,0.352
resolution_max_b1,4,2346,r=32,32,,recalibrated,7,0.2,1,2.00012060546875,0.287,2.06442724609375,0.28
resolution_max_b1,4,2346,r=32,32,,recalibrated,7,0.2,-1,1.8552342529296875,0.322,1.972193359375,0.32
resolution_max_b1,4,2346,r=32,32,,recalibrated,7,0.25,1,2.156168212890625,0.257,2.2184503173828123,0.244
resolution_max_b1,4,2346,r=32,32,,recalibrated,7,0.25,-1,1.9189926147460938,0.301,2.0416792602539062,0.296
resolution_max_b1,4,2346,before,16,,recalibrated,8,0.025,1,0.82519140625,0.705,0.965580810546875,0.655
resolution_max_b1,4,2346,before,16,,recalibrated,8,0.025,-1,0.8232247924804688,0.701,0.9594620361328124,0.651
resolution_max_b1,4,2346,before,16,,recalibrated,8,0.05,1,0.8336938171386719,0.706,0.9737530822753906,0.65
resolution_max_b1,4,2346,before,16,,recalibrated,8,0.05,-1,0.8286441650390625,0.693,0.9609126586914063,0.65
resolution_max_b1,4,2346,before,16,,recalibrated,8,0.1,1,0.864972412109375,0.701,1.0009402770996094,0.646
resolution_max_b1,4,2346,before,16,,recalibrated,8,0.1,-1,0.8564090881347656,0.672,0.9765730590820313,0.659
resolution_max_b1,4,2346,before,16,,recalibrated,8,0.2,1,0.9941784057617188,0.648,1.1066229248046875,0.611
resolution_max_b1,4,2346,before,16,,recalibrated,8,0.2,-1,0.967721923828125,0.638,1.072712371826172,0.62
resolution_max_b1,4,2346,before,16,,recalibrated,8,0.25,1,1.085686767578125,0.614,1.1829613647460937,0.59
resolution_max_b1,4,2346,before,16,,recalibrated,8,0.25,-1,1.0473445434570312,0.616,1.1487073974609374,0.599
resolution_max_b1,4,2346,after,24,,recalibrated,8,0.025,1,1.0852030639648438,0.605,1.1397305297851563,0.588
resolution_max_b1,4,2346,after,24,,recalibrated,8,0.025,-1,1.0776201782226562,0.599,1.1355845947265626,0.59
resolution_max_b1,4,2346,after,24,,recalibrated,8,0.05,1,1.0967825927734376,0.603,1.1483639526367186,0.582
resolution_max_b1,4,2346,after,24,,recalibrated,8,0.05,-1,1.0807857666015626,0.596,1.1398475952148437,0.59
resolution_max_b1,4,2346,after,24,,recalibrated,8,0.1,1,1.1329113159179687,0.591,1.17953857421875,0.573
resolution_max_b1,4,2346,after,24,,recalibrated,8,0.1,-1,1.1021047973632812,0.582,1.159327880859375,0.585
resolution_max_b1,4,2346,after,24,,recalibrated,8,0.2,1,1.2621989135742187,0.551,1.2933797607421875,0.535
resolution_max_b1,4,2346,after,24,,recalibrated,8,0.2,-1,1.197606689453125,0.552,1.24446435546875,0.528
resolution_max_b1,4,2346,after,24,,recalibrated,8,0.25,1,1.3476668090820312,0.531,1.3716981201171874,0.516
resolution_max_b1,4,2346,after,24,,recalibrated,8,0.25,-1,1.2657713623046876,0.518,1.3076001586914063,0.5
resolution_max_b1,4,2346,r=32,32,,recalibrated,8,0.025,1,1.672914794921875,0.401,1.7801536865234375,0.359
resolution_max_b1,4,2346,r=32,32,,recalibrated,8,0.025,-1,1.65890185546875,0.397,1.7639847412109375,0.364
resolution_max_b1,4,2346,r=32,32,,recalibrated,8,0.05,1,1.684439208984375,0.397,1.7921400756835937,0.357
resolution_max_b1,4,2346,r=32,32,,recalibrated,8,0.05,-1,1.658908447265625,0.397,1.7617740478515624,0.366
resolution_max_b1,4,2346,r=32,32,,recalibrated,8,0.1,1,1.720295166015625,0.389,1.8267294311523437,0.351
resolution_max_b1,4,2346,r=32,32,,recalibrated,8,0.1,-1,1.6702053833007813,0.389,1.7722669677734375,0.354
resolution_max_b1,4,2346,r=32,32,,recalibrated,8,0.2,1,1.8330701904296876,0.365,1.9250986328125,0.331
resolution_max_b1,4,2346,r=32,32,,recalibrated,8,0.2,-1,1.7353344116210938,0.365,1.84597412109375,0.323
resolution_max_b1,4,2346,r=32,32,,recalibrated,8,0.25,1,1.9022328491210938,0.342,1.9851399536132812,0.324
resolution_max_b1,4,2346,r=32,32,,recalibrated,8,0.25,-1,1.7810094604492188,0.361,1.9030745239257814,0.309
resolution_max_b1,4,2346,before,16,,recalibrated,9,0.025,1,0.8302845458984375,0.704,0.9753130493164063,0.643
resolution_max_b1,4,2346,before,16,,recalibrated,9,0.025,-1,0.820255126953125,0.711,0.9547097778320313,0.649
resolution_max_b1,4,2346,before,16,,recalibrated,9,0.05,1,0.8471196594238282,0.697,0.9972578430175781,0.642
resolution_max_b1,4,2346,before,16,,recalibrated,9,0.05,-1,0.8266123962402344,0.706,0.954688720703125,0.658
resolution_max_b1,4,2346,before,16,,recalibrated,9,0.1,1,0.9060010375976563,0.678,1.0614257202148438,0.624
resolution_max_b1,4,2346,before,16,,recalibrated,9,0.1,-1,0.8625364074707031,0.696,0.969994873046875,0.658
resolution_max_b1,4,2346,before,16,,recalibrated,9,0.2,1,1.1084566650390626,0.599,1.253450927734375,0.558
resolution_max_b1,4,2346,before,16,,recalibrated,9,0.2,-1,1.016102569580078,0.624,1.0738462829589843,0.633
resolution_max_b1,4,2346,before,16,,recalibrated,9,0.25,1,1.2573433837890624,0.559,1.381135986328125,0.516
resolution_max_b1,4,2346,before,16,,recalibrated,9,0.25,-1,1.1335638427734376,0.58,1.1659132690429688,0.593
resolution_max_b1,4,2346,after,24,,recalibrated,9,0.025,1,1.092651123046875,0.594,1.152994140625,0.575
resolution_max_b1,4,2346,after,24,,recalibrated,9,0.025,-1,1.0720751953125,0.605,1.1243487548828126,0.596
resolution_max_b1,4,2346,after,24,,recalibrated,9,0.05,1,1.1153904418945313,0.581,1.1761928100585937,0.577
resolution_max_b1,4,2346,after,24,,recalibrated,9,0.05,-1,1.073494140625,0.598,1.1199048461914063,0.601
resolution_max_b1,4,2346,after,24,,recalibrated,9,0.1,1,1.181966796875,0.561,1.2436116943359374,0.547
resolution_max_b1,4,2346,after,24,,recalibrated,9,0.1,-1,1.0976207885742189,0.591,1.1363051147460939,0.604
resolution_max_b1,4,2346,after,24,,recalibrated,9,0.2,1,1.3868456420898438,0.508,1.4547374267578126,0.47
resolution_max_b1,4,2346,after,24,,recalibrated,9,0.2,-1,1.2341327514648437,0.539,1.25635546875,0.547
resolution_max_b1,4,2346,after,24,,recalibrated,9,0.25,1,1.51805517578125,0.463,1.5936917114257811,0.433
resolution_max_b1,4,2346,after,24,,recalibrated,9,0.25,-1,1.342306640625,0.511,1.351712890625,0.52
resolution_max_b1,4,2346,r=32,32,,recalibrated,9,0.025,1,1.6796864013671875,0.379,1.7794137573242188,0.361
resolution_max_b1,4,2346,r=32,32,,recalibrated,9,0.025,-1,1.6564518432617188,0.413,1.766990234375,0.361
resolution_max_b1,4,2346,r=32,32,,recalibrated,9,0.05,1,1.70447216796875,0.384,1.7957943115234376,0.363
resolution_max_b1,4,2346,r=32,32,,recalibrated,9,0.05,-1,1.6564640502929688,0.415,1.7686481323242187,0.359
resolution_max_b1,4,2346,r=32,32,,recalibrated,9,0.1,1,1.7654730224609374,0.366,1.8478850708007812,0.344
resolution_max_b1,4,2346,r=32,32,,recalibrated,9,0.1,-1,1.6741025390625,0.399,1.79973681640625,0.359
resolution_max_b1,4,2346,r=32,32,,recalibrated,9,0.2,1,1.8986463623046874,0.333,1.9938912353515625,0.299
resolution_max_b1,4,2346,r=32,32,,recalibrated,9,0.2,-1,1.7912448120117188,0.362,1.928319580078125,0.312
resolution_max_b1,4,2346,r=32,32,,recalibrated,9,0.25,1,1.9982413940429689,0.304,2.09424755859375,0.269
resolution_max_b1,4,2346,r=32,32,,recalibrated,9,0.25,-1,1.8843646240234375,0.325,2.0073826904296874,0.288
resolution_max_b1,4,4692,before,24,,saved,,0.0,0,0.5140712890625,0.817,0.6981687316894531,0.762
resolution_max_b1,4,4692,before,24,,recalibrated,,0.0,0,0.5033207092285156,0.827,0.6889906921386719,0.763
resolution_max_b1,4,4692,before,24,,recalibrated,0,0.025,1,0.5067388305664062,0.821,0.6871728515625,0.762
resolution_max_b1,4,4692,before,24,,recalibrated,0,0.025,-1,0.5147584381103516,0.823,0.7037909545898438,0.758
resolution_max_b1,4,4692,before,24,,recalibrated,0,0.05,1,0.5226941223144531,0.82,0.6953038330078125,0.753
resolution_max_b1,4,4692,before,24,,recalibrated,0,0.05,-1,0.5421067504882813,0.818,0.7284179077148437,0.746
resolution_max_b1,4,4692,before,24,,recalibrated,0,0.1,1,0.5941524963378906,0.802,0.7437861328125,0.733
resolution_max_b1,4,4692,before,24,,recalibrated,0,0.1,-1,0.64324462890625,0.775,0.8010716857910156,0.727
resolution_max_b1,4,4692,before,24,,recalibrated,0,0.2,1,0.8624225158691406,0.687,0.9644452514648437,0.651
resolution_max_b1,4,4692,before,24,,recalibrated,0,0.2,-1,0.972515625,0.685,1.064463134765625,0.644
resolution_max_b1,4,4692,before,24,,recalibrated,0,0.25,1,1.0301849670410157,0.636,1.1218751220703125,0.609
resolution_max_b1,4,4692,before,24,,recalibrated,0,0.25,-1,1.19025048828125,0.607,1.261658447265625,0.581
resolution_max_b1,4,4692,after,32,,saved,,0.0,0,2.93426513671875,0.256,2.98906982421875,0.227
resolution_max_b1,4,4692,after,32,,recalibrated,,0.0,0,1.1205453491210937,0.626,1.2589154052734375,0.569
resolution_max_b1,4,4692,after,32,,recalibrated,0,0.025,1,1.097499542236328,0.63,1.247843505859375,0.574
resolution_max_b1,4,4692,after,32,,recalibrated,0,0.025,-1,1.1613167724609375,0.608,1.2941265258789063,0.559
resolution_max_b1,4,4692,after,32,,recalibrated,0,0.05,1,1.08961083984375,0.621,1.255679443359375,0.567
resolution_max_b1,4,4692,after,32,,recalibrated,0,0.05,-1,1.2184398803710939,0.582,1.3462251586914062,0.563
resolution_max_b1,4,4692,after,32,,recalibrated,0,0.1,1,1.12362744140625,0.605,1.2930601806640625,0.553
resolution_max_b1,4,4692,after,32,,recalibrated,0,0.1,-1,1.37676220703125,0.535,1.4868051147460937,0.522
resolution_max_b1,4,4692,after,32,,recalibrated,0,0.2,1,1.355760009765625,0.522,1.4865734252929688,0.487
resolution_max_b1,4,4692,after,32,,recalibrated,0,0.2,-1,1.8183501586914061,0.427,1.8780581665039062,0.392
resolution_max_b1,4,4692,after,32,,recalibrated,0,0.25,1,1.5107532958984375,0.474,1.6189835815429687,0.439
resolution_max_b1,4,4692,after,32,,recalibrated,0,0.25,-1,2.0533551025390624,0.357,2.102012939453125,0.343
resolution_max_b1,4,4692,r=16,16,,saved,,0.0,0,0.8962281188964843,0.662,0.996478759765625,0.664
resolution_max_b1,4,4692,r=16,16,,recalibrated,,0.0,0,0.8258057250976563,0.714,0.9624988403320313,0.688
resolution_max_b1,4,4692,r=16,16,,recalibrated,0,0.025,1,0.8309268798828126,0.71,0.959513671875,0.69
resolution_max_b1,4,4692,r=16,16,,recalibrated,0,0.025,-1,0.8342935791015625,0.715,0.9694697875976562,0.691
resolution_max_b1,4,4692,r=16,16,,recalibrated,0,0.05,1,0.8442911376953125,0.714,0.9627526550292969,0.7
resolution_max_b1,4,4692,r=16,16,,recalibrated,0,0.05,-1,0.8549364624023438,0.717,0.9878345336914063,0.684
resolution_max_b1,4,4692,r=16,16,,recalibrated,0,0.1,1,0.9046636352539063,0.696,1.010399658203125,0.675
resolution_max_b1,4,4692,r=16,16,,recalibrated,0,0.1,-1,0.9342998657226562,0.693,1.0577247924804687,0.66
resolution_max_b1,4,4692,r=16,16,,recalibrated,0,0.2,1,1.1498300170898437,0.622,1.2342667236328124,0.599
resolution_max_b1,4,4692,r=16,16,,recalibrated,0,0.2,-1,1.2207846069335937,0.601,1.337437255859375,0.587
resolution_max_b1,4,4692,r=16,16,,recalibrated,0,0.25,1,1.3048084716796875,0.582,1.3808551025390625,0.566
resolution_max_b1,4,4692,r=16,16,,recalibrated,0,0.25,-1,1.4109693603515625,0.556,1.5274500732421874,0.54
resolution_max_b1,4,4692,before,24,,recalibrated,1,0.025,1,0.5165844879150391,0.81,0.6948399047851562,0.757
resolution_max_b1,4,4692,before,24,,recalibrated,1,0.025,-1,0.5038497314453125,0.824,0.6937930908203125,0.76
resolution_max_b1,4,4692,before,24,,recalibrated,1,0.05,1,0.5436572570800782,0.804,0.7103012084960938,0.751
resolution_max_b1,4,4692,before,24,,recalibrated,1,0.05,-1,0.5176676330566407,0.824,0.7085613403320312,0.754
resolution_max_b1,4,4692,before,24,,recalibrated,1,0.1,1,0.6328155822753906,0.775,0.7678640747070312,0.725
resolution_max_b1,4,4692,before,24,,recalibrated,1,0.1,-1,0.5761664733886719,0.793,0.7582886047363281,0.745
resolution_max_b1,4,4692,before,24,,recalibrated,1,0.2,1,0.9036217956542969,0.681,0.971880615234375,0.657
resolution_max_b1,4,4692,before,24,,recalibrated,1,0.2,-1,0.787322021484375,0.724,0.9440789489746094,0.68
resolution_max_b1,4,4692,before,24,,recalibrated,1,0.25,1,1.0748810424804687,0.629,1.1113472900390624,0.62
resolution_max_b1,4,4692,before,24,,recalibrated,1,0.25,-1,0.9405673217773437,0.656,1.08575732421875,0.642
resolution_max_b1,4,4692,after,32,,recalibrated,1,0.025,1,1.1294677124023438,0.617,1.2518229370117187,0.566
resolution_max_b1,4,4692,after,32,,recalibrated,1,0.025,-1,1.1289950561523439,0.62,1.2840840454101563,0.565
resolution_max_b1,4,4692,after,32,,recalibrated,1,0.05,1,1.1518666381835938,0.59,1.2588618774414062,0.567
resolution_max_b1,4,4692,after,32,,recalibrated,1,0.05,-1,1.1523030395507812,0.61,1.3232999267578125,0.558
resolution_max_b1,4,4692,after,32,,recalibrated,1,0.1,1,1.2339701538085937,0.563,1.3133136596679686,0.554
resolution_max_b1,4,4692,after,32,,recalibrated,1,0.1,-1,1.221991455078125,0.591,1.4067127075195311,0.543
resolution_max_b1,4,4692,after,32,,recalibrated,1,0.2,1,1.4816563720703124,0.495,1.5010162963867189,0.494
resolution_max_b1,4,4692,after,32,,recalibrated,1,0.2,-1,1.4860848388671875,0.485,1.6568396606445313,0.466
resolution_max_b1,4,4692,after,32,,recalibrated,1,0.25,1,1.6294149780273437,0.459,1.6252192993164063,0.451
resolution_max_b1,4,4692,after,32,,recalibrated,1,0.25,-1,1.6634400024414062,0.431,1.8282772827148437,0.411
resolution_max_b1,4,4692,r=16,16,,recalibrated,1,0.025,1,0.8407107849121094,0.709,0.9695192565917968,0.687
resolution_max_b1,4,4692,r=16,16,,recalibrated,1,0.025,-1,0.8260806884765625,0.716,0.9659408569335938,0.688
resolution_max_b1,4,4692,r=16,16,,recalibrated,1,0.05,1,0.8693031616210938,0.699,0.9874042358398437,0.68
resolution_max_b1,4,4692,r=16,16,,recalibrated,1,0.05,-1,0.8395219116210938,0.723,0.9746607055664063,0.686
resolution_max_b1,4,4692,r=16,16,,recalibrated,1,0.1,1,0.9641727600097656,0.666,1.0605007934570312,0.673
resolution_max_b1,4,4692,r=16,16,,recalibrated,1,0.1,-1,0.8893021240234374,0.71,1.0143899230957032,0.666
resolution_max_b1,4,4692,r=16,16,,recalibrated,1,0.2,1,1.2472677001953125,0.576,1.3076278686523437,0.594
resolution_max_b1,4,4692,r=16,16,,recalibrated,1,0.2,-1,1.0791184692382811,0.642,1.18598974609375,0.615
resolution_max_b1,4,4692,r=16,16,,recalibrated,1,0.25,1,1.4278724975585937,0.529,1.4537078857421875,0.55
resolution_max_b1,4,4692,r=16,16,,recalibrated,1,0.25,-1,1.2130595092773437,0.599,1.3142252807617187,0.579
resolution_max_b1,4,4692,before,24,,recalibrated,2,0.025,1,0.5084048767089844,0.828,0.690650634765625,0.754
resolution_max_b1,4,4692,before,24,,recalibrated,2,0.025,-1,0.5065633697509766,0.818,0.693659912109375,0.768
resolution_max_b1,4,4692,before,24,,recalibrated,2,0.05,1,0.5219836730957031,0.822,0.7000434875488282,0.751
resolution_max_b1,4,4692,before,24,,recalibrated,2,0.05,-1,0.5187102661132813,0.815,0.7042961120605469,0.756
resolution_max_b1,4,4692,before,24,,recalibrated,2,0.1,1,0.5804174194335937,0.805,0.7461863708496094,0.733
resolution_max_b1,4,4692,before,24,,recalibrated,2,0.1,-1,0.5692685546875,0.809,0.7414737854003907,0.736
resolution_max_b1,4,4692,before,24,,recalibrated,2,0.2,1,0.837362060546875,0.695,0.9449524536132813,0.668
resolution_max_b1,4,4692,before,24,,recalibrated,2,0.2,-1,0.7639351196289063,0.737,0.9036271362304688,0.682
resolution_max_b1,4,4692,before,24,,recalibrated,2,0.25,1,1.04528564453125,0.634,1.1058558349609375,0.613
resolution_max_b1,4,4692,before,24,,recalibrated,2,0.25,-1,0.9127263793945313,0.677,1.0314322509765625,0.64
resolution_max_b1,4,4692,after,32,,recalibrated,2,0.025,1,1.1439976806640626,0.615,1.2941332397460938,0.566
resolution_max_b1,4,4692,after,32,,recalibrated,2,0.025,-1,1.108344970703125,0.624,1.234504150390625,0.574
resolution_max_b1,4,4692,after,32,,recalibrated,2,0.05,1,1.1772034912109375,0.601,1.3342710571289063,0.555
resolution_max_b1,4,4692,after,32,,recalibrated,2,0.05,-1,1.1054033508300782,0.611,1.2243569946289063,0.582
resolution_max_b1,4,4692,after,32,,recalibrated,2,0.1,1,1.2696566772460938,0.574,1.423826416015625,0.52
resolution_max_b1,4,4692,after,32,,recalibrated,2,0.1,-1,1.1283872680664062,0.612,1.2389119262695312,0.576
resolution_max_b1,4,4692,after,32,,recalibrated,2,0.2,1,1.5908510131835938,0.491,1.7139889526367187,0.455
resolution_max_b1,4,4692,after,32,,recalibrated,2,0.2,-1,1.321822998046875,0.533,1.4136978759765626,0.514
resolution_max_b1,4,4692,after,32,,recalibrated,2,0.25,1,1.7784449462890626,0.422,1.8873873901367189,0.396
resolution_max_b1,4,4692,after,32,,recalibrated,2,0.25,-1,1.473048828125,0.5,1.5576541137695312,0.467
resolution_max_b1,4,4692,r=16,16,,recalibrated,2,0.025,1,0.8296969909667968,0.717,0.960985107421875,0.693
resolution_max_b1,4,4692,r=16,16,,recalibrated,2,0.025,-1,0.8338192138671875,0.714,0.9688131713867187,0.686
resolution_max_b1,4,4692,r=16,16,,recalibrated,2,0.05,1,0.8452359008789062,0.714,0.967945068359375,0.688
resolution_max_b1,4,4692,r=16,16,,recalibrated,2,0.05,-1,0.8474821472167968,0.716,0.9798186340332031,0.687
resolution_max_b1,4,4692,r=16,16,,recalibrated,2,0.1,1,0.9024395141601562,0.696,1.0011993103027343,0.673
resolution_max_b1,4,4692,r=16,16,,recalibrated,2,0.1,-1,0.8979866333007812,0.699,1.0256747436523437,0.667
resolution_max_b1,4,4692,r=16,16,,recalibrated,2,0.2,1,1.1192669067382812,0.623,1.19629931640625,0.61
resolution_max_b1,4,4692,r=16,16,,recalibrated,2,0.2,-1,1.0909267578125,0.633,1.2228997802734376,0.597
resolution_max_b1,4,4692,r=16,16,,recalibrated,2,0.25,1,1.2762021484375,0.583,1.3636998901367188,0.539
resolution_max_b1,4,4692,r=16,16,,recalibrated,2,0.25,-1,1.2491974487304687,0.602,1.3705249633789063,0.554
resolution_max_b1,4,4692,before,24,,recalibrated,3,0.025,1,0.5106371002197265,0.817,0.6953533020019531,0.757
resolution_max_b1,4,4692,before,24,,recalibrated,3,0.025,-1,0.5051439208984375,0.823,0.6905809936523437,0.764
resolution_max_b1,4,4692,before,24,,recalibrated,3,0.05,1,0.5264940185546875,0.81,0.7079490966796875,0.757
resolution_max_b1,4,4692,before,24,,recalibrated,3,0.05,-1,0.5159887237548828,0.816,0.7000281066894531,0.756
resolution_max_b1,4,4692,before,24,,recalibrated,3,0.1,1,0.5813221130371093,0.786,0.7453901672363281,0.745
resolution_max_b1,4,4692,before,24,,recalibrated,3,0.1,-1,0.5661567687988281,0.803,0.7413877868652343,0.742
resolution_max_b1,4,4692,before,24,,recalibrated,3,0.2,1,0.7757944641113281,0.718,0.9057208251953125,0.683
resolution_max_b1,4,4692,before,24,,recalibrated,3,0.2,-1,0.764836181640625,0.706,0.9105995788574218,0.679
resolution_max_b1,4,4692,before,24,,recalibrated,3,0.25,1,0.9220510864257813,0.683,1.0319784851074219,0.646
resolution_max_b1,4,4692,before,24,,recalibrated,3,0.25,-1,0.91156689453125,0.678,1.0309838256835937,0.637
resolution_max_b1,4,4692,after,32,,recalibrated,3,0.025,1,1.127906005859375,0.617,1.2605319213867188,0.573
resolution_max_b1,4,4692,after,32,,recalibrated,3,0.025,-1,1.124509765625,0.615,1.2681192016601563,0.563
resolution_max_b1,4,4692,after,32,,recalibrated,3,0.05,1,1.14317529296875,0.605,1.2711832275390624,0.571
resolution_max_b1,4,4692,after,32,,recalibrated,3,0.05,-1,1.1401982421875,0.605,1.2893306884765625,0.565
resolution_max_b1,4,4692,after,32,,recalibrated,3,0.1,1,1.1978973388671874,0.585,1.3138858642578124,0.545
resolution_max_b1,4,4692,after,32,,recalibrated,3,0.1,-1,1.2011704711914062,0.581,1.351108642578125,0.539
resolution_max_b1,4,4692,after,32,,recalibrated,3,0.2,1,1.4218468017578125,0.523,1.516584716796875,0.497
resolution_max_b1,4,4692,after,32,,recalibrated,3,0.2,-1,1.387870849609375,0.536,1.5389284057617187,0.481
resolution_max_b1,4,4692,after,32,,recalibrated,3,0.25,1,1.58122314453125,0.465,1.663262451171875,0.445
resolution_max_b1,4,4692,after,32,,recalibrated,3,0.25,-1,1.5452438354492188,0.479,1.6829420166015625,0.447
resolution_max_b1,4,4692,r=16,16,,recalibrated,3,0.025,1,0.8356067504882813,0.713,0.967556396484375,0.684
resolution_max_b1,4,4692,r=16,16,,recalibrated,3,0.025,-1,0.8248496398925781,0.711,0.9635279846191406,0.692
resolution_max_b1,4,4692,r=16,16,,recalibrated,3,0.05,1,0.8513413696289063,0.716,0.9778215026855469,0.684
resolution_max_b1,4,4692,r=16,16,,recalibrated,3,0.05,-1,0.8307245788574219,0.71,0.9726657409667969,0.687
resolution_max_b1,4,4692,r=16,16,,recalibrated,3,0.1,1,0.9068799743652344,0.694,1.0203998413085937,0.68
resolution_max_b1,4,4692,r=16,16,,recalibrated,3,0.1,-1,0.8679117431640625,0.702,1.006789093017578,0.673
resolution_max_b1,4,4692,r=16,16,,recalibrated,3,0.2,1,1.085718017578125,0.641,1.1845474243164062,0.616
resolution_max_b1,4,4692,r=16,16,,recalibrated,3,0.2,-1,1.0535838928222656,0.644,1.1653958129882813,0.613
resolution_max_b1,4,4692,r=16,16,,recalibrated,3,0.25,1,1.2251416015625,0.585,1.3087265625,0.587
resolution_max_b1,4,4692,r=16,16,,recalibrated,3,0.25,-1,1.1909513549804687,0.607,1.277894775390625,0.559
resolution_max_b1,4,4692,before,24,,recalibrated,4,0.025,1,0.5086333618164063,0.823,0.6941325073242187,0.763
resolution_max_b1,4,4692,before,24,,recalibrated,4,0.025,-1,0.5072444152832031,0.82,0.6957138061523438,0.759
resolution_max_b1,4,4692,before,24,,recalibrated,4,0.05,1,0.5238725280761719,0.822,0.7074962463378907,0.754
resolution_max_b1,4,4692,before,24,,recalibrated,4,0.05,-1,0.5223771514892578,0.814,0.7118114013671875,0.749
resolution_max_b1,4,4692,before,24,,recalibrated,4,0.1,1,0.5838778686523437,0.794,0.756733154296875,0.738
resolution_max_b1,4,4692,before,24,,recalibrated,4,0.1,-1,0.5809594116210938,0.802,0.7650444030761718,0.74
resolution_max_b1,4,4692,before,24,,recalibrated,4,0.2,1,0.7996527404785156,0.718,0.9451419982910156,0.669
resolution_max_b1,4,4692,before,24,,recalibrated,4,0.2,-1,0.8078888244628907,0.718,0.9657592163085937,0.656
resolution_max_b1,4,4692,before,24,,recalibrated,4,0.25,1,0.9635445861816406,0.658,1.0923661499023438,0.613
resolution_max_b1,4,4692,before,24,,recalibrated,4,0.25,-1,0.9678079528808594,0.66,1.1124935302734376,0.612
resolution_max_b1,4,4692,after,32,,recalibrated,4,0.025,1,1.1235567016601562,0.615,1.2760828857421875,0.565
resolution_max_b1,4,4692,after,32,,recalibrated,4,0.025,-1,1.1321723022460937,0.614,1.2629229736328125,0.576
resolution_max_b1,4,4692,after,32,,recalibrated,4,0.05,1,1.1396317138671874,0.602,1.3062234497070313,0.554
resolution_max_b1,4,4692,after,32,,recalibrated,4,0.05,-1,1.15816162109375,0.601,1.287051025390625,0.573
resolution_max_b1,4,4692,after,32,,recalibrated,4,0.1,1,1.2078558349609374,0.57,1.394931396484375,0.529
resolution_max_b1,4,4692,after,32,,recalibrated,4,0.1,-1,1.2376115112304686,0.57,1.3574298095703126,0.55
resolution_max_b1,4,4692,after,32,,recalibrated,4,0.2,1,1.4504196166992187,0.493,1.6343824462890626,0.469
resolution_max_b1,4,4692,after,32,,recalibrated,4,0.2,-1,1.4883009033203125,0.495,1.5602779541015626,0.493
resolution_max_b1,4,4692,after,32,,recalibrated,4,0.25,1,1.5925542602539062,0.454,1.7800360107421875,0.411
resolution_max_b1,4,4692,after,32,,recalibrated,4,0.25,-1,1.6529990844726563,0.449,1.717746826171875,0.441
resolution_max_b1,4,4692,r=16,16,,recalibrated,4,0.025,1,0.8351561584472657,0.714,0.9705728759765625,0.684
resolution_max_b1,4,4692,r=16,16,,recalibrated,4,0.025,-1,0.8273603820800781,0.713,0.962872802734375,0.689
resolution_max_b1,4,4692,r=16,16,,recalibrated,4,0.05,1,0.8546873168945313,0.722,0.9838067626953125,0.678
resolution_max_b1,4,4692,r=16,16,,recalibrated,4,0.05,-1,0.8390556030273437,0.71,0.9707904663085938,0.691
resolution_max_b1,4,4692,r=16,16,,recalibrated,4,0.1,1,0.9210752563476563,0.702,1.0282373657226562,0.661
resolution_max_b1,4,4692,r=16,16,,recalibrated,4,0.1,-1,0.8871120910644531,0.693,1.0050702209472657,0.673
resolution_max_b1,4,4692,r=16,16,,recalibrated,4,0.2,1,1.146292724609375,0.63,1.20828173828125,0.6
resolution_max_b1,4,4692,r=16,16,,recalibrated,4,0.2,-1,1.1025868530273437,0.63,1.18233642578125,0.611
resolution_max_b1,4,4692,r=16,16,,recalibrated,4,0.25,1,1.3004457397460938,0.589,1.3548325805664063,0.556
resolution_max_b1,4,4692,r=16,16,,recalibrated,4,0.25,-1,1.2562037353515625,0.587,1.33184130859375,0.562
resolution_max_b1,4,4692,before,24,,recalibrated,5,0.025,1,0.5107991333007813,0.821,0.6967477722167968,0.758
resolution_max_b1,4,4692,before,24,,recalibrated,5,0.025,-1,0.5078843231201172,0.827,0.6943816528320312,0.758
resolution_max_b1,4,4692,before,24,,recalibrated,5,0.05,1,0.5314475708007812,0.813,0.7164497680664063,0.745
resolution_max_b1,4,4692,before,24,,recalibrated,5,0.05,-1,0.5262691040039063,0.816,0.70791845703125,0.749
resolution_max_b1,4,4692,before,24,,recalibrated,5,0.1,1,0.602870361328125,0.789,0.78654736328125,0.723
resolution_max_b1,4,4692,before,24,,recalibrated,5,0.1,-1,0.5903067626953125,0.796,0.7592239685058594,0.734
resolution_max_b1,4,4692,before,24,,recalibrated,5,0.2,1,0.84535009765625,0.697,0.9937777709960938,0.654
resolution_max_b1,4,4692,before,24,,recalibrated,5,0.2,-1,0.7919607238769532,0.713,0.9487078857421875,0.662
resolution_max_b1,4,4692,before,24,,recalibrated,5,0.25,1,1.0284818115234375,0.646,1.1519406127929688,0.594
resolution_max_b1,4,4692,before,24,,recalibrated,5,0.25,-1,0.9398163452148437,0.66,1.09637548828125,0.609
resolution_max_b1,4,4692,after,32,,recalibrated,5,0.025,1,1.1329274291992188,0.621,1.2896205444335938,0.568
resolution_max_b1,4,4692,after,32,,recalibrated,5,0.025,-1,1.1268138427734375,0.61,1.2545838623046874,0.577
resolution_max_b1,4,4692,after,32,,recalibrated,5,0.05,1,1.1726964111328124,0.609,1.3404019165039063,0.552
resolution_max_b1,4,4692,after,32,,recalibrated,5,0.05,-1,1.1486343994140624,0.608,1.2750626831054688,0.564
resolution_max_b1,4,4692,after,32,,recalibrated,5,0.1,1,1.2981992797851563,0.568,1.4643309326171876,0.521
resolution_max_b1,4,4692,after,32,,recalibrated,5,0.1,-1,1.2423759155273437,0.559,1.3632158813476563,0.543
resolution_max_b1,4,4692,after,32,,recalibrated,5,0.2,1,1.634657470703125,0.468,1.7487678833007811,0.45
resolution_max_b1,4,4692,after,32,,recalibrated,5,0.2,-1,1.5270661010742188,0.5,1.63590869140625,0.462
resolution_max_b1,4,4692,after,32,,recalibrated,5,0.25,1,1.8343441772460938,0.412,1.9183068237304688,0.406
resolution_max_b1,4,4692,after,32,,recalibrated,5,0.25,-1,1.690120361328125,0.443,1.8149036865234376,0.412
resolution_max_b1,4,4692,r=16,16,,recalibrated,5,0.025,1,0.8319228820800781,0.711,0.9665533752441406,0.683
resolution_max_b1,4,4692,r=16,16,,recalibrated,5,0.025,-1,0.830964111328125,0.715,0.9670252685546875,0.684
resolution_max_b1,4,4692,r=16,16,,recalibrated,5,0.05,1,0.8471082763671876,0.717,0.9813389587402344,0.682
resolution_max_b1,4,4692,r=16,16,,recalibrated,5,0.05,-1,0.8418651123046875,0.723,0.9768713073730468,0.681
resolution_max_b1,4,4692,r=16,16,,recalibrated,5,0.1,1,0.9145949096679687,0.69,1.0429961547851563,0.659
resolution_max_b1,4,4692,r=16,16,,recalibrated,5,0.1,-1,0.8851753540039062,0.707,1.0281412963867187,0.666
resolution_max_b1,4,4692,r=16,16,,recalibrated,5,0.2,1,1.167357666015625,0.608,1.2512591552734376,0.59
resolution_max_b1,4,4692,r=16,16,,recalibrated,5,0.2,-1,1.0550062255859376,0.643,1.197607177734375,0.62
resolution_max_b1,4,4692,r=16,16,,recalibrated,5,0.25,1,1.3401114501953124,0.574,1.4142489624023438,0.541
resolution_max_b1,4,4692,r=16,16,,recalibrated,5,0.25,-1,1.1794700317382814,0.606,1.3245972900390626,0.584
resolution_max_b1,4,4692,before,24,,recalibrated,6,0.025,1,0.5071926879882812,0.818,0.6943635559082031,0.757
resolution_max_b1,4,4692,before,24,,recalibrated,6,0.025,-1,0.5086845397949219,0.824,0.6912176208496094,0.764
resolution_max_b1,4,4692,before,24,,recalibrated,6,0.05,1,0.5186918029785156,0.817,0.706406005859375,0.756
resolution_max_b1,4,4692,before,24,,recalibrated,6,0.05,-1,0.5226878662109375,0.816,0.70298486328125,0.761
resolution_max_b1,4,4692,before,24,,recalibrated,6,0.1,1,0.5667829895019532,0.796,0.7447823181152343,0.746
resolution_max_b1,4,4692,before,24,,recalibrated,6,0.1,-1,0.5835469360351563,0.787,0.7517975158691407,0.744
resolution_max_b1,4,4692,before,24,,recalibrated,6,0.2,1,0.7330775451660156,0.734,0.8892507019042969,0.688
resolution_max_b1,4,4692,before,24,,recalibrated,6,0.2,-1,0.8170840454101562,0.707,0.9566717224121094,0.665
resolution_max_b1,4,4692,before,24,,recalibrated,6,0.25,1,0.8518280029296875,0.694,0.9975731506347656,0.65
resolution_max_b1,4,4692,before,24,,recalibrated,6,0.25,-1,0.9978458557128906,0.647,1.1119515380859375,0.63
resolution_max_b1,4,4692,after,32,,recalibrated,6,0.025,1,1.1398826904296875,0.621,1.275826171875,0.57
resolution_max_b1,4,4692,after,32,,recalibrated,6,0.025,-1,1.1109149780273437,0.618,1.25252880859375,0.563
resolution_max_b1,4,4692,after,32,,recalibrated,6,0.05,1,1.1672211303710938,0.602,1.301314453125,0.559
resolution_max_b1,4,4692,after,32,,recalibrated,6,0.05,-1,1.1126443481445312,0.613,1.2580062255859374,0.57
resolution_max_b1,4,4692,after,32,,recalibrated,6,0.1,1,1.2464986572265624,0.572,1.3754705810546874,0.528
resolution_max_b1,4,4692,after,32,,recalibrated,6,0.1,-1,1.1594317016601563,0.6,1.30362890625,0.58
resolution_max_b1,4,4692,after,32,,recalibrated,6,0.2,1,1.496349609375,0.487,1.6258160400390624,0.453
resolution_max_b1,4,4692,after,32,,recalibrated,6,0.2,-1,1.42301611328125,0.519,1.5367777099609374,0.477
resolution_max_b1,4,4692,after,32,,recalibrated,6,0.25,1,1.677509521484375,0.441,1.824893310546875,0.411
resolution_max_b1,4,4692,after,32,,recalibrated,6,0.25,-1,1.6239498291015626,0.448,1.71273828125,0.425
resolution_max_b1,4,4692,r=16,16,,recalibrated,6,0.025,1,0.825396728515625,0.72,0.9614034423828125,0.693
resolution_max_b1,4,4692,r=16,16,,recalibrated,6,0.025,-1,0.8354194641113282,0.711,0.9682050170898437,0.689
resolution_max_b1,4,4692,r=16,16,,recalibrated,6,0.05,1,0.8332173461914063,0.724,0.9698363037109375,0.694
resolution_max_b1,4,4692,r=16,16,,recalibrated,6,0.05,-1,0.85097900390625,0.705,0.9814646606445312,0.695
resolution_max_b1,4,4692,r=16,16,,recalibrated,6,0.1,1,0.8661165771484375,0.71,1.0039141235351563,0.679
resolution_max_b1,4,4692,r=16,16,,recalibrated,6,0.1,-1,0.9045939636230469,0.691,1.0302151489257811,0.669
resolution_max_b1,4,4692,r=16,16,,recalibrated,6,0.2,1,1.0051782836914063,0.663,1.1377000122070313,0.628
resolution_max_b1,4,4692,r=16,16,,recalibrated,6,0.2,-1,1.136183837890625,0.614,1.2447366333007812,0.603
resolution_max_b1,4,4692,r=16,16,,recalibrated,6,0.25,1,1.1133525390625,0.631,1.231644775390625,0.598
resolution_max_b1,4,4692,r=16,16,,recalibrated,6,0.25,-1,1.310945556640625,0.584,1.4098616333007812,0.562
resolution_max_b1,4,4692,before,24,,recalibrated,7,0.025,1,0.5128451232910156,0.815,0.6952088012695312,0.756
resolution_max_b1,4,4692,before,24,,recalibrated,7,0.025,-1,0.5063526000976563,0.825,0.6928207092285156,0.764
resolution_max_b1,4,4692,before,24,,recalibrated,7,0.05,1,0.5344282989501953,0.816,0.7093772583007812,0.759
resolution_max_b1,4,4692,before,24,,recalibrated,7,0.05,-1,0.5201957550048828,0.815,0.7059168395996094,0.755
resolution_max_b1,4,4692,before,24,,recalibrated,7,0.1,1,0.6196390075683593,0.776,0.7646536865234375,0.743
resolution_max_b1,4,4692,before,24,,recalibrated,7,0.1,-1,0.5831988830566406,0.793,0.7576290893554688,0.733
resolution_max_b1,4,4692,before,24,,recalibrated,7,0.2,1,0.9169130249023437,0.674,0.9835689086914062,0.667
resolution_max_b1,4,4692,before,24,,recalibrated,7,0.2,-1,0.8746772766113281,0.686,1.0028629760742187,0.669
resolution_max_b1,4,4692,before,24,,recalibrated,7,0.25,1,1.1060077514648436,0.625,1.1576696166992186,0.603
resolution_max_b1,4,4692,before,24,,recalibrated,7,0.25,-1,1.1024837646484376,0.618,1.2170377807617188,0.588
resolution_max_b1,4,4692,after,32,,recalibrated,7,0.025,1,1.1452940063476562,0.611,1.2758613891601562,0.562
resolution_max_b1,4,4692,after,32,,recalibrated,7,0.025,-1,1.1082119140625,0.626,1.2569020385742187,0.568
resolution_max_b1,4,4692,after,32,,recalibrated,7,0.05,1,1.1824019165039064,0.591,1.3048367919921875,0.555
resolution_max_b1,4,4692,after,32,,recalibrated,7,0.05,-1,1.1108717041015626,0.625,1.27511962890625,0.554
resolution_max_b1,4,4692,after,32,,recalibrated,7,0.1,1,1.30247900390625,0.557,1.4101973876953124,0.534
resolution_max_b1,4,4692,after,32,,recalibrated,7,0.1,-1,1.1613233642578125,0.601,1.33705029296875,0.548
resolution_max_b1,4,4692,after,32,,recalibrated,7,0.2,1,1.6439037475585938,0.469,1.7125772705078126,0.432
resolution_max_b1,4,4692,after,32,,recalibrated,7,0.2,-1,1.4729507446289063,0.494,1.6117134399414061,0.465
resolution_max_b1,4,4692,after,32,,recalibrated,7,0.25,1,1.82055517578125,0.441,1.8646825561523437,0.404
resolution_max_b1,4,4692,after,32,,recalibrated,7,0.25,-1,1.6949366455078125,0.422,1.818919921875,0.398
resolution_max_b1,4,4692,r=16,16,,recalibrated,7,0.025,1,0.8326944580078125,0.717,0.973943359375,0.688
resolution_max_b1,4,4692,r=16,16,,recalibrated,7,0.025,-1,0.8317805786132813,0.712,0.9580355834960937,0.689
resolution_max_b1,4,4692,r=16,16,,recalibrated,7,0.05,1,0.8528850708007812,0.722,0.998617919921875,0.687
resolution_max_b1,4,4692,r=16,16,,recalibrated,7,0.05,-1,0.8465201110839844,0.715,0.9607099609375,0.689
resolution_max_b1,4,4692,r=16,16,,recalibrated,7,0.1,1,0.9442093505859375,0.684,1.07099658203125,0.675
resolution_max_b1,4,4692,r=16,16,,recalibrated,7,0.1,-1,0.9121329040527344,0.698,1.0061265258789063,0.662
resolution_max_b1,4,4692,r=16,16,,recalibrated,7,0.2,1,1.2325752563476562,0.6,1.310880615234375,0.593
resolution_max_b1,4,4692,r=16,16,,recalibrated,7,0.2,-1,1.1950501098632813,0.606,1.2868500366210938,0.586
resolution_max_b1,4,4692,r=16,16,,recalibrated,7,0.25,1,1.4033388671875,0.555,1.4575399169921874,0.551
resolution_max_b1,4,4692,r=16,16,,recalibrated,7,0.25,-1,1.4249884643554687,0.545,1.5333422241210937,0.505
resolution_max_b1,4,4692,before,24,,recalibrated,8,0.025,1,0.510736831665039,0.822,0.6948202819824219,0.756
resolution_max_b1,4,4692,before,24,,recalibrated,8,0.025,-1,0.5033283081054688,0.828,0.688288330078125,0.77
resolution_max_b1,4,4692,before,24,,recalibrated,8,0.05,1,0.5240552062988282,0.822,0.7057181701660157,0.752
resolution_max_b1,4,4692,before,24,,recalibrated,8,0.05,-1,0.5106883239746094,0.82,0.6930491333007812,0.766
resolution_max_b1,4,4692,before,24,,recalibrated,8,0.1,1,0.5716214904785156,0.794,0.7381210021972656,0.747
resolution_max_b1,4,4692,before,24,,recalibrated,8,0.1,-1,0.5446331481933594,0.809,0.7169182739257812,0.749
resolution_max_b1,4,4692,before,24,,recalibrated,8,0.2,1,0.7330963439941406,0.736,0.8524586181640625,0.699
resolution_max_b1,4,4692,before,24,,recalibrated,8,0.2,-1,0.6882430725097656,0.752,0.8217695617675781,0.712
resolution_max_b1,4,4692,before,24,,recalibrated,8,0.25,1,0.8468582763671875,0.702,0.9409930114746093,0.667
resolution_max_b1,4,4692,before,24,,recalibrated,8,0.25,-1,0.7928788452148438,0.715,0.9131700744628907,0.681
resolution_max_b1,4,4692,after,32,,recalibrated,8,0.025,1,1.1212654418945311,0.623,1.2497135009765625,0.574
resolution_max_b1,4,4692,after,32,,recalibrated,8,0.025,-1,1.1260283813476561,0.621,1.270750732421875,0.568
resolution_max_b1,4,4692,after,32,,recalibrated,8,0.05,1,1.1276279296875,0.608,1.24766552734375,0.576
resolution_max_b1,4,4692,after,32,,recalibrated,8,0.05,-1,1.1376810302734375,0.622,1.2853462524414063,0.567
resolution_max_b1,4,4692,after,32,,recalibrated,8,0.1,1,1.1619528198242188,0.599,1.2624048461914064,0.581
resolution_max_b1,4,4692,after,32,,recalibrated,8,0.1,-1,1.1812103271484375,0.594,1.3267561645507813,0.562
resolution_max_b1,4,4692,after,32,,recalibrated,8,0.2,1,1.3001568603515625,0.556,1.3584334716796875,0.55
resolution_max_b1,4,4692,after,32,,recalibrated,8,0.2,-1,1.3634066162109375,0.53,1.4903150634765625,0.493
resolution_max_b1,4,4692,after,32,,recalibrated,8,0.25,1,1.4081903686523438,0.525,1.4421725463867188,0.506
resolution_max_b1,4,4692,after,32,,recalibrated,8,0.25,-1,1.4943849487304688,0.485,1.6157109985351563,0.453
resolution_max_b1,4,4692,r=16,16,,recalibrated,8,0.025,1,0.8232035522460938,0.713,0.967498046875,0.69
resolution_max_b1,4,4692,r=16,16,,recalibrated,8,0.025,-1,0.8347088012695313,0.717,0.9606774291992187,0.694
resolution_max_b1,4,4692,r=16,16,,recalibrated,8,0.05,1,0.8282979431152344,0.719,0.97862841796875,0.689
resolution_max_b1,4,4692,r=16,16,,recalibrated,8,0.05,-1,0.848531494140625,0.715,0.9629632873535157,0.698
resolution_max_b1,4,4692,r=16,16,,recalibrated,8,0.1,1,0.8537280883789062,0.71,1.0149468383789062,0.689
resolution_max_b1,4,4692,r=16,16,,recalibrated,8,0.1,-1,0.8920856628417969,0.705,0.9817156677246094,0.686
resolution_max_b1,4,4692,r=16,16,,recalibrated,8,0.2,1,0.9665674438476562,0.662,1.1235833740234376,0.651
resolution_max_b1,4,4692,r=16,16,,recalibrated,8,0.2,-1,1.0351566162109376,0.648,1.0928046875,0.638
resolution_max_b1,4,4692,r=16,16,,recalibrated,8,0.25,1,1.0579661865234375,0.633,1.2012669067382813,0.62
resolution_max_b1,4,4692,r=16,16,,recalibrated,8,0.25,-1,1.132781005859375,0.625,1.180825439453125,0.611
resolution_max_b1,4,4692,before,24,,recalibrated,9,0.025,1,0.5072399291992188,0.823,0.6973048095703125,0.758
resolution_max_b1,4,4692,before,24,,recalibrated,9,0.025,-1,0.5107622222900391,0.826,0.6903074951171875,0.763
resolution_max_b1,4,4692,before,24,,recalibrated,9,0.05,1,0.5229289855957031,0.811,0.7138698120117187,0.756
resolution_max_b1,4,4692,before,24,,recalibrated,9,0.05,-1,0.5290101318359375,0.819,0.6974008483886719,0.763
resolution_max_b1,4,4692,before,24,,recalibrated,9,0.1,1,0.5822923583984375,0.792,0.7670076599121094,0.736
resolution_max_b1,4,4692,before,24,,recalibrated,9,0.1,-1,0.5868119506835937,0.795,0.7327677307128906,0.757
resolution_max_b1,4,4692,before,24,,recalibrated,9,0.2,1,0.8370770568847656,0.698,0.9548706665039063,0.669
resolution_max_b1,4,4692,before,24,,recalibrated,9,0.2,-1,0.7847610473632812,0.724,0.8936806945800781,0.694
resolution_max_b1,4,4692,before,24,,recalibrated,9,0.25,1,1.0212786865234376,0.641,1.11463134765625,0.609
resolution_max_b1,4,4692,before,24,,recalibrated,9,0.25,-1,0.9457377624511719,0.661,1.0202444458007813,0.643
resolution_max_b1,4,4692,after,32,,recalibrated,9,0.025,1,1.1270101318359376,0.618,1.261132568359375,0.565
resolution_max_b1,4,4692,after,32,,recalibrated,9,0.025,-1,1.1227272338867187,0.625,1.2664634399414063,0.571
resolution_max_b1,4,4692,after,32,,recalibrated,9,0.05,1,1.1434871826171875,0.604,1.2747119140625,0.569
resolution_max_b1,4,4692,after,32,,recalibrated,9,0.05,-1,1.1292959594726562,0.617,1.27748388671875,0.559
resolution_max_b1,4,4692,after,32,,recalibrated,9,0.1,1,1.2050374145507812,0.579,1.3259489135742188,0.555
resolution_max_b1,4,4692,after,32,,recalibrated,9,0.1,-1,1.169468017578125,0.588,1.3100764770507813,0.556
resolution_max_b1,4,4692,after,32,,recalibrated,9,0.2,1,1.5222067260742187,0.489,1.6066287231445313,0.463
resolution_max_b1,4,4692,after,32,,recalibrated,9,0.2,-1,1.3816263427734374,0.524,1.4872034912109375,0.482
resolution_max_b1,4,4692,after,32,,recalibrated,9,0.25,1,1.7535082397460937,0.431,1.8330916137695312,0.406
resolution_max_b1,4,4692,after,32,,recalibrated,9,0.25,-1,1.5699102783203125,0.467,1.662899169921875,0.434
resolution_max_b1,4,4692,r=16,16,,recalibrated,9,0.025,1,0.8215068969726562,0.716,0.9651835327148437,0.687
resolution_max_b1,4,4692,r=16,16,,recalibrated,9,0.025,-1,0.8416448059082031,0.715,0.9658647155761719,0.69
resolution_max_b1,4,4692,r=16,16,,recalibrated,9,0.05,1,0.8240702209472657,0.727,0.9721126098632813,0.692
resolution_max_b1,4,4692,r=16,16,,recalibrated,9,0.05,-1,0.8641885986328125,0.7,0.9734568481445313,0.685
resolution_max_b1,4,4692,r=16,16,,recalibrated,9,0.1,1,0.8605094604492187,0.707,1.005679168701172,0.68
resolution_max_b1,4,4692,r=16,16,,recalibrated,9,0.1,-1,0.9319965209960938,0.678,1.014917022705078,0.654
resolution_max_b1,4,4692,r=16,16,,recalibrated,9,0.2,1,1.1043320922851563,0.635,1.1882943725585937,0.619
resolution_max_b1,4,4692,r=16,16,,recalibrated,9,0.2,-1,1.1573818969726561,0.612,1.2048828125,0.6
resolution_max_b1,4,4692,r=16,16,,recalibrated,9,0.25,1,1.2859923706054688,0.592,1.3398424072265624,0.563
resolution_max_b1,4,4692,r=16,16,,recalibrated,9,0.25,-1,1.3398321533203126,0.551,1.3583104858398438,0.559
resolution_max_b1_gaussian_conv,0,1173,before,16,1.0,saved,,0.0,0,1.0500376281738282,0.627,1.0933988647460937,0.614
resolution_max_b1_gaussian_conv,0,1173,before,16,1.0,recalibrated,,0.0,0,1.0278698120117187,0.639,1.0760836181640625,0.616
resolution_max_b1_gaussian_conv,0,1173,before,16,1.0,recalibrated,0,0.025,1,1.0451273803710937,0.639,1.0934153442382812,0.616
resolution_max_b1_gaussian_conv,0,1173,before,16,1.0,recalibrated,0,0.025,-1,1.0200875854492188,0.643,1.0667430419921875,0.614
resolution_max_b1_gaussian_conv,0,1173,before,16,1.0,recalibrated,0,0.05,1,1.0690391845703124,0.623,1.119764892578125,0.604
resolution_max_b1_gaussian_conv,0,1173,before,16,1.0,recalibrated,0,0.05,-1,1.0230103149414063,0.638,1.066974609375,0.607
resolution_max_b1_gaussian_conv,0,1173,before,16,1.0,recalibrated,0,0.1,1,1.135655029296875,0.599,1.192484130859375,0.575
resolution_max_b1_gaussian_conv,0,1173,before,16,1.0,recalibrated,0,0.1,-1,1.0606414489746094,0.618,1.1008229370117188,0.595
resolution_max_b1_gaussian_conv,0,1173,before,16,1.0,recalibrated,0,0.2,1,1.3364200439453124,0.53,1.3913251953125,0.478
resolution_max_b1_gaussian_conv,0,1173,before,16,1.0,recalibrated,0,0.2,-1,1.2552507934570312,0.533,1.2884254760742186,0.532
resolution_max_b1_gaussian_conv,0,1173,before,16,1.0,recalibrated,0,0.25,1,1.4688350219726563,0.486,1.5105009765625,0.438
resolution_max_b1_gaussian_conv,0,1173,before,16,1.0,recalibrated,0,0.25,-1,1.3947529296875,0.482,1.4151237182617187,0.481
resolution_max_b1_gaussian_conv,0,1173,after,16,0.85,saved,,0.0,0,1.5307545166015626,0.489,1.5421924438476562,0.469
resolution_max_b1_gaussian_conv,0,1173,after,16,0.85,recalibrated,,0.0,0,1.1234129028320312,0.607,1.1657601318359374,0.585
resolution_max_b1_gaussian_conv,0,1173,after,16,0.85,recalibrated,0,0.025,1,1.136805419921875,0.601,1.1812022705078125,0.579
resolution_max_b1_gaussian_conv,0,1173,after,16,0.85,recalibrated,0,0.025,-1,1.1163095703125,0.612,1.1574388427734374,0.585
resolution_max_b1_gaussian_conv,0,1173,after,16,0.85,recalibrated,0,0.05,1,1.1548677368164062,0.593,1.2029861450195312,0.564
resolution_max_b1_gaussian_conv,0,1173,after,16,0.85,recalibrated,0,0.05,-1,1.1185082397460937,0.609,1.1557994384765624,0.588
resolution_max_b1_gaussian_conv,0,1173,after,16,0.85,recalibrated,0,0.1,1,1.2088104248046876,0.582,1.2585194702148437,0.545
resolution_max_b1_gaussian_conv,0,1173,after,16,0.85,recalibrated,0,0.1,-1,1.14553515625,0.6,1.17916455078125,0.578
resolution_max_b1_gaussian_conv,0,1173,after,16,0.85,recalibrated,0,0.2,1,1.3702356567382812,0.513,1.414765869140625,0.48
resolution_max_b1_gaussian_conv,0,1173,after,16,0.85,recalibrated,0,0.2,-1,1.2996982421875,0.529,1.3194425048828125,0.532
resolution_max_b1_gaussian_conv,0,1173,after,16,0.85,recalibrated,0,0.25,1,1.4762009887695313,0.48,1.5147945556640625,0.435
resolution_max_b1_gaussian_conv,0,1173,after,16,0.85,recalibrated,0,0.25,-1,1.414447265625,0.49,1.4190194091796875,0.494
resolution_max_b1_gaussian_conv,0,1173,final,32,0.0,saved,,0.0,0,4.1521884765625,0.12,4.147191162109375,0.115
resolution_max_b1_gaussian_conv,0,1173,final,32,0.0,recalibrated,,0.0,0,1.854688720703125,0.318,1.8528329467773437,0.315
resolution_max_b1_gaussian_conv,0,1173,final,32,0.0,recalibrated,0,0.025,1,1.8568919677734375,0.307,1.8614735107421876,0.316
resolution_max_b1_gaussian_conv,0,1173,final,32,0.0,recalibrated,0,0.025,-1,1.8564379272460938,0.315,1.8491942749023438,0.315
resolution_max_b1_gaussian_conv,0,1173,final,32,0.0,recalibrated,0,0.05,1,1.8626244506835938,0.298,1.8736857299804688,0.305
resolution_max_b1_gaussian_conv,0,1173,final,32,0.0,recalibrated,0,0.05,-1,1.8622122192382813,0.301,1.8498330688476563,0.317
resolution_max_b1_gaussian_conv,0,1173,final,32,0.0,recalibrated,0,0.1,1,1.88496484375,0.276,1.9048855590820313,0.286
resolution_max_b1_gaussian_conv,0,1173,final,32,0.0,recalibrated,0,0.1,-1,1.8845286865234374,0.29,1.8642922973632812,0.305
resolution_max_b1_gaussian_conv,0,1173,final,32,0.0,recalibrated,0,0.2,1,1.9582406616210937,0.234,1.9873399047851563,0.234
resolution_max_b1_gaussian_conv,0,1173,final,32,0.0,recalibrated,0,0.2,-1,1.9612398681640626,0.232,1.93992431640625,0.253
resolution_max_b1_gaussian_conv,0,1173,final,32,0.0,recalibrated,0,0.25,1,2.0060071411132814,0.216,2.0332086181640623,0.204
resolution_max_b1_gaussian_conv,0,1173,final,32,0.0,recalibrated,0,0.25,-1,2.008427307128906,0.201,1.983513671875,0.229
resolution_max_b1_gaussian_conv,0,1173,before,16,1.0,recalibrated,1,0.025,1,1.0327389221191405,0.639,1.0807071533203125,0.618
resolution_max_b1_gaussian_conv,0,1173,before,16,1.0,recalibrated,1,0.025,-1,1.03027734375,0.643,1.0789627075195312,0.618
resolution_max_b1_gaussian_conv,0,1173,before,16,1.0,recalibrated,1,0.05,1,1.0437025451660156,0.638,1.0916934204101563,0.605
resolution_max_b1_gaussian_conv,0,1173,before,16,1.0,recalibrated,1,0.05,-1,1.0382933654785156,0.638,1.088982666015625,0.608
resolution_max_b1_gaussian_conv,0,1173,before,16,1.0,recalibrated,1,0.1,1,1.0866517333984376,0.61,1.131280029296875,0.585
resolution_max_b1_gaussian_conv,0,1173,before,16,1.0,recalibrated,1,0.1,-1,1.072117431640625,0.618,1.1296369018554688,0.579
resolution_max_b1_gaussian_conv,0,1173,before,16,1.0,recalibrated,1,0.2,1,1.25276123046875,0.553,1.2896087646484375,0.518
resolution_max_b1_gaussian_conv,0,1173,before,16,1.0,recalibrated,1,0.2,-1,1.2156519165039064,0.556,1.2853539428710938,0.52
resolution_max_b1_gaussian_conv,0,1173,before,16,1.0,recalibrated,1,0.25,1,1.37526416015625,0.515,1.398796875,0.49
resolution_max_b1_gaussian_conv,0,1173,before,16,1.0,recalibrated,1,0.25,-1,1.328401123046875,0.527,1.3983904418945312,0.475
resolution_max_b1_gaussian_conv,0,1173,after,16,0.85,recalibrated,1,0.025,1,1.1285614013671874,0.614,1.1698048095703124,0.582
resolution_max_b1_gaussian_conv,0,1173,after,16,0.85,recalibrated,1,0.025,-1,1.124653564453125,0.603,1.1684031982421874,0.578
resolution_max_b1_gaussian_conv,0,1173,after,16,0.85,recalibrated,1,0.05,1,1.1393282470703125,0.61,1.1790726318359375,0.576
resolution_max_b1_gaussian_conv,0,1173,after,16,0.85,recalibrated,1,0.05,-1,1.1314530639648437,0.605,1.178150146484375,0.563
resolution_max_b1_gaussian_conv,0,1173,after,16,0.85,recalibrated,1,0.1,1,1.1763917846679688,0.59,1.211311767578125,0.56
resolution_max_b1_gaussian_conv,0,1173,after,16,0.85,recalibrated,1,0.1,-1,1.1635440063476563,0.596,1.2153873901367187,0.55
resolution_max_b1_gaussian_conv,0,1173,after,16,0.85,recalibrated,1,0.2,1,1.3070883178710937,0.533,1.3300819702148436,0.523
resolution_max_b1_gaussian_conv,0,1173,after,16,0.85,recalibrated,1,0.2,-1,1.295564208984375,0.534,1.3557393798828126,0.491
resolution_max_b1_gaussian_conv,0,1173,after,16,0.85,recalibrated,1,0.25,1,1.395798095703125,0.504,1.412055419921875,0.482
resolution_max_b1_gaussian_conv,0,1173,after,16,0.85,recalibrated,1,0.25,-1,1.3960285034179687,0.487,1.456056640625,0.455
resolution_max_b1_gaussian_conv,0,1173,final,32,0.0,recalibrated,1,0.025,1,1.8498795166015625,0.323,1.847887451171875,0.313
resolution_max_b1_gaussian_conv,0,1173,final,32,0.0,recalibrated,1,0.025,-1,1.8632333984375,0.308,1.862794921875,0.314
resolution_max_b1_gaussian_conv,0,1173,final,32,0.0,recalibrated,1,0.05,1,1.8484254760742187,0.318,1.8467365112304688,0.315
resolution_max_b1_gaussian_conv,0,1173,final,32,0.0,recalibrated,1,0.05,-1,1.8744496459960938,0.304,1.877345703125,0.302
resolution_max_b1_gaussian_conv,0,1173,final,32,0.0,recalibrated,1,0.1,1,1.8557355346679687,0.304,1.8506587524414062,0.306
resolution_max_b1_gaussian_conv,0,1173,final,32,0.0,recalibrated,1,0.1,-1,1.90662451171875,0.278,1.9144224243164063,0.28
resolution_max_b1_gaussian_conv,0,1173,final,32,0.0,recalibrated,1,0.2,1,1.9123341674804688,0.263,1.8937161865234375,0.283
resolution_max_b1_gaussian_conv,0,1173,final,32,0.0,recalibrated,1,0.2,-1,2.0026038818359373,0.239,2.0198062744140626,0.224
resolution_max_b1_gaussian_conv,0,1173,final,32,0.0,recalibrated,1,0.25,1,1.9560205688476562,0.247,1.9304154052734375,0.261
resolution_max_b1_gaussian_conv,0,1173,final,32,0.0,recalibrated,1,0.25,-1,2.0582042236328126,0.216,2.0803821411132812,0.198
resolution_max_b1_gaussian_conv,0,1173,before,16,1.0,recalibrated,2,0.025,1,1.0337671508789064,0.639,1.0808375244140624,0.607
resolution_max_b1_gaussian_conv,0,1173,before,16,1.0,recalibrated,2,0.025,-1,1.0302637329101563,0.636,1.078469482421875,0.616
resolution_max_b1_gaussian_conv,0,1173,before,16,1.0,recalibrated,2,0.05,1,1.0466258544921876,0.63,1.0924496459960937,0.603
resolution_max_b1_gaussian_conv,0,1173,before,16,1.0,recalibrated,2,0.05,-1,1.039817169189453,0.628,1.08724755859375,0.609
resolution_max_b1_gaussian_conv,0,1173,before,16,1.0,recalibrated,2,0.1,1,1.0966248779296874,0.595,1.1353242797851562,0.584
resolution_max_b1_gaussian_conv,0,1173,before,16,1.0,recalibrated,2,0.1,-1,1.0788457641601563,0.609,1.1278589477539063,0.588
resolution_max_b1_gaussian_conv,0,1173,before,16,1.0,recalibrated,2,0.2,1,1.2687288818359375,0.521,1.2926236572265626,0.529
resolution_max_b1_gaussian_conv,0,1173,before,16,1.0,recalibrated,2,0.2,-1,1.235592041015625,0.561,1.2896212158203124,0.537
resolution_max_b1_gaussian_conv,0,1173,before,16,1.0,recalibrated,2,0.25,1,1.3840211181640625,0.488,1.4032493896484375,0.486
resolution_max_b1_gaussian_conv,0,1173,before,16,1.0,recalibrated,2,0.25,-1,1.3515517578125,0.532,1.3956533813476562,0.488
resolution_max_b1_gaussian_conv,0,1173,after,16,0.85,recalibrated,2,0.025,1,1.1270267333984374,0.608,1.1692781372070313,0.573
resolution_max_b1_gaussian_conv,0,1173,after,16,0.85,recalibrated,2,0.025,-1,1.1260072021484375,0.608,1.1685153198242189,0.578
resolution_max_b1_gaussian_conv,0,1173,after,16,0.85,recalibrated,2,0.05,1,1.1369115600585937,0.606,1.1790221557617186,0.567
resolution_max_b1_gaussian_conv,0,1173,after,16,0.85,recalibrated,2,0.05,-1,1.134323486328125,0.605,1.1778518676757812,0.573
resolution_max_b1_gaussian_conv,0,1173,after,16,0.85,recalibrated,2,0.1,1,1.17401416015625,0.577,1.21274853515625,0.556
resolution_max_b1_gaussian_conv,0,1173,after,16,0.85,recalibrated,2,0.1,-1,1.1690306396484376,0.583,1.2149365844726563,0.56
resolution_max_b1_gaussian_conv,0,1173,after,16,0.85,recalibrated,2,0.2,1,1.3017081298828126,0.524,1.3223050537109375,0.525
resolution_max_b1_gaussian_conv,0,1173,after,16,0.85,recalibrated,2,0.2,-1,1.305957763671875,0.529,1.3566207885742188,0.5
resolution_max_b1_gaussian_conv,0,1173,after,16,0.85,recalibrated,2,0.25,1,1.3867478637695312,0.489,1.4048575439453126,0.486
resolution_max_b1_gaussian_conv,0,1173,after,16,0.85,recalibrated,2,0.25,-1,1.4013474731445312,0.507,1.4500287475585938,0.47
resolution_max_b1_gaussian_conv,0,1173,final,32,0.0,recalibrated,2,0.025,1,1.854171142578125,0.312,1.8537571411132812,0.318
resolution_max_b1_gaussian_conv,0,1173,final,32,0.0,recalibrated,2,0.025,-1,1.8591201171875,0.326,1.855779296875,0.312
resolution_max_b1_gaussian_conv,0,1173,final,32,0.0,recalibrated,2,0.05,1,1.8560067749023437,0.305,1.8570586547851562,0.316
resolution_max_b1_gaussian_conv,0,1173,final,32,0.0,recalibrated,2,0.05,-1,1.8671640625,0.324,1.8619000854492187,0.304
resolution_max_b1_gaussian_conv,0,1173,final,32,0.0,recalibrated,2,0.1,1,1.8685591430664064,0.308,1.8727196044921874,0.32
resolution_max_b1_gaussian_conv,0,1173,final,32,0.0,recalibrated,2,0.1,-1,1.8920946655273438,0.3,1.8817469482421876,0.281
resolution_max_b1_gaussian_conv,0,1173,final,32,0.0,recalibrated,2,0.2,1,1.9280349731445312,0.274,1.9335668334960938,0.269
resolution_max_b1_gaussian_conv,0,1173,final,32,0.0,recalibrated,2,0.2,-1,1.9627691650390624,0.254,1.9472387084960938,0.259
resolution_max_b1_gaussian_conv,0,1173,final,32,0.0,recalibrated,2,0.25,1,1.966748779296875,0.253,1.9724588623046875,0.248
resolution_max_b1_gaussian_conv,0,1173,final,32,0.0,recalibrated,2,0.25,-1,2.007547119140625,0.232,1.989679443359375,0.245
resolution_max_b1_gaussian_conv,0,1173,before,16,1.0,recalibrated,3,0.025,1,1.0501349487304688,0.639,1.100403564453125,0.605
resolution_max_b1_gaussian_conv,0,1173,before,16,1.0,recalibrated,3,0.025,-1,1.015548828125,0.641,1.0616194458007813,0.62
resolution_max_b1_gaussian_conv,0,1173,before,16,1.0,recalibrated,3,0.05,1,1.0787691650390625,0.624,1.132570556640625,0.583
resolution_max_b1_gaussian_conv,0,1173,before,16,1.0,recalibrated,3,0.05,-1,1.0152699890136718,0.641,1.06001220703125,0.62
resolution_max_b1_gaussian_conv,0,1173,before,16,1.0,recalibrated,3,0.1,1,1.1571255493164063,0.586,1.2207275390625,0.548
resolution_max_b1_gaussian_conv,0,1173,before,16,1.0,recalibrated,3,0.1,-1,1.048654541015625,0.624,1.0936444702148438,0.613
resolution_max_b1_gaussian_conv,0,1173,before,16,1.0,recalibrated,3,0.2,1,1.39690087890625,0.496,1.495437744140625,0.464
resolution_max_b1_gaussian_conv,0,1173,before,16,1.0,recalibrated,3,0.2,-1,1.2639194946289063,0.54,1.2724486083984374,0.533
resolution_max_b1_gaussian_conv,0,1173,before,16,1.0,recalibrated,3,0.25,1,1.5535787963867187,0.44,1.6698721923828126,0.408
resolution_max_b1_gaussian_conv,0,1173,before,16,1.0,recalibrated,3,0.25,-1,1.4319815673828125,0.484,1.4127391357421875,0.482
resolution_max_b1_gaussian_conv,0,1173,after,16,0.85,recalibrated,3,0.025,1,1.140343505859375,0.601,1.1848819580078125,0.571
resolution_max_b1_gaussian_conv,0,1173,after,16,0.85,recalibrated,3,0.025,-1,1.1128914184570313,0.609,1.1566334228515625,0.584
resolution_max_b1_gaussian_conv,0,1173,after,16,0.85,recalibrated,3,0.05,1,1.1632377319335938,0.596,1.2104323120117189,0.549
resolution_max_b1_gaussian_conv,0,1173,after,16,0.85,recalibrated,3,0.05,-1,1.1121752319335938,0.608,1.157247802734375,0.588
resolution_max_b1_gaussian_conv,0,1173,after,16,0.85,recalibrated,3,0.1,1,1.2276456298828125,0.567,1.2811168823242187,0.522
resolution_max_b1_gaussian_conv,0,1173,after,16,0.85,recalibrated,3,0.1,-1,1.1362125854492187,0.603,1.1877572631835938,0.578
resolution_max_b1_gaussian_conv,0,1173,after,16,0.85,recalibrated,3,0.2,1,1.42788134765625,0.478,1.4891724243164062,0.441
resolution_max_b1_gaussian_conv,0,1173,after,16,0.85,recalibrated,3,0.2,-1,1.2934419555664063,0.539,1.3262740478515624,0.512
resolution_max_b1_gaussian_conv,0,1173,after,16,0.85,recalibrated,3,0.25,1,1.5512777099609374,0.434,1.621799560546875,0.4
resolution_max_b1_gaussian_conv,0,1173,after,16,0.85,recalibrated,3,0.25,-1,1.4158041381835937,0.479,1.4310555419921875,0.462
resolution_max_b1_gaussian_conv,0,1173,final,32,0.0,recalibrated,3,0.025,1,1.8580547485351562,0.319,1.8580009765625,0.311
resolution_max_b1_gaussian_conv,0,1173,final,32,0.0,recalibrated,3,0.025,-1,1.8556392822265626,0.326,1.8525179443359374,0.324
resolution_max_b1_gaussian_conv,0,1173,final,32,0.0,recalibrated,3,0.05,1,1.8656549072265625,0.305,1.8678226318359374,0.306
resolution_max_b1_gaussian_conv,0,1173,final,32,0.0,recalibrated,3,0.05,-1,1.8596356201171875,0.321,1.8560790405273437,0.321
resolution_max_b1_gaussian_conv,0,1173,final,32,0.0,recalibrated,3,0.1,1,1.8919901733398437,0.287,1.896895263671875,0.294
resolution_max_b1_gaussian_conv,0,1173,final,32,0.0,recalibrated,3,0.1,-1,1.882228515625,0.291,1.8778131103515625,0.308
resolution_max_b1_gaussian_conv,0,1173,final,32,0.0,recalibrated,3,0.2,1,1.9749715576171876,0.244,1.9819490356445313,0.254
resolution_max_b1_gaussian_conv,0,1173,final,32,0.0,recalibrated,3,0.2,-1,1.97251025390625,0.248,1.9628260498046874,0.26
resolution_max_b1_gaussian_conv,0,1173,final,32,0.0,recalibrated,3,0.25,1,2.0263289794921877,0.221,2.0341002197265623,0.218
resolution_max_b1_gaussian_conv,0,1173,final,32,0.0,recalibrated,3,0.25,-1,2.0240587768554685,0.239,2.016898193359375,0.238
resolution_max_b1_gaussian_conv,0,1173,before,16,1.0,recalibrated,4,0.025,1,1.0283761596679688,0.647,1.0715344848632813,0.618
resolution_max_b1_gaussian_conv,0,1173,before,16,1.0,recalibrated,4,0.025,-1,1.0356884155273438,0.628,1.08921728515625,0.602
resolution_max_b1_gaussian_conv,0,1173,before,16,1.0,recalibrated,4,0.05,1,1.0345163879394532,0.639,1.07700341796875,0.614
resolution_max_b1_gaussian_conv,0,1173,before,16,1.0,recalibrated,4,0.05,-1,1.0509785766601563,0.626,1.1099895629882812,0.594
resolution_max_b1_gaussian_conv,0,1173,before,16,1.0,recalibrated,4,0.1,1,1.068543701171875,0.627,1.1122789306640626,0.587
resolution_max_b1_gaussian_conv,0,1173,before,16,1.0,recalibrated,4,0.1,-1,1.110312255859375,0.59,1.1682731323242188,0.574
resolution_max_b1_gaussian_conv,0,1173,before,16,1.0,recalibrated,4,0.2,1,1.2065615234375,0.556,1.2778216552734376,0.529
resolution_max_b1_gaussian_conv,0,1173,before,16,1.0,recalibrated,4,0.2,-1,1.3196630859375,0.516,1.3625162963867188,0.504
resolution_max_b1_gaussian_conv,0,1173,before,16,1.0,recalibrated,4,0.25,1,1.3116708984375,0.528,1.388768798828125,0.489
resolution_max_b1_gaussian_conv,0,1173,before,16,1.0,recalibrated,4,0.25,-1,1.4519561157226561,0.47,1.4892110595703125,0.465
resolution_max_b1_gaussian_conv,0,1173,after,16,0.85,recalibrated,4,0.025,1,1.1219303588867187,0.604,1.159772705078125,0.587
resolution_max_b1_gaussian_conv,0,1173,after,16,0.85,recalibrated,4,0.025,-1,1.131042724609375,0.601,1.1786529541015625,0.571
resolution_max_b1_gaussian_conv,0,1173,after,16,0.85,recalibrated,4,0.05,1,1.1270916137695313,0.604,1.1606796875,0.582
resolution_max_b1_gaussian_conv,0,1173,after,16,0.85,recalibrated,4,0.05,-1,1.1461546630859376,0.583,1.1967518310546874,0.568
resolution_max_b1_gaussian_conv,0,1173,after,16,0.85,recalibrated,4,0.1,1,1.1537235717773437,0.613,1.1847323608398437,0.56
resolution_max_b1_gaussian_conv,0,1173,after,16,0.85,recalibrated,4,0.1,-1,1.1952431030273438,0.559,1.2469722900390625,0.533
resolution_max_b1_gaussian_conv,0,1173,after,16,0.85,recalibrated,4,0.2,1,1.266749267578125,0.552,1.3061903686523437,0.535
resolution_max_b1_gaussian_conv,0,1173,after,16,0.85,recalibrated,4,0.2,-1,1.3684713134765625,0.486,1.3998087158203125,0.477
resolution_max_b1_gaussian_conv,0,1173,after,16,0.85,recalibrated,4,0.25,1,1.352089111328125,0.518,1.3984796752929687,0.494
resolution_max_b1_gaussian_conv,0,1173,after,16,0.85,recalibrated,4,0.25,-1,1.479260498046875,0.439,1.502489501953125,0.439
resolution_max_b1_gaussian_conv,0,1173,final,32,0.0,recalibrated,4,0.025,1,1.8556166381835937,0.322,1.8553797607421876,0.305
resolution_max_b1_gaussian_conv,0,1173,final,32,0.0,recalibrated,4,0.025,-1,1.8572911376953125,0.308,1.8545596313476562,0.315
resolution_max_b1_gaussian_conv,0,1173,final,32,0.0,recalibrated,4,0.05,1,1.859480712890625,0.317,1.861127685546875,0.307
resolution_max_b1_gaussian_conv,0,1173,final,32,0.0,recalibrated,4,0.05,-1,1.8636428833007812,0.304,1.86015380859375,0.307
resolution_max_b1_gaussian_conv,0,1173,final,32,0.0,recalibrated,4,0.1,1,1.877821044921875,0.308,1.8829071044921875,0.296
resolution_max_b1_gaussian_conv,0,1173,final,32,0.0,recalibrated,4,0.1,-1,1.8870198974609376,0.289,1.877935546875,0.295
resolution_max_b1_gaussian_conv,0,1173,final,32,0.0,recalibrated,4,0.2,1,1.9496565551757812,0.263,1.9660386962890626,0.254
resolution_max_b1_gaussian_conv,0,1173,final,32,0.0,recalibrated,4,0.2,-1,1.9683491821289063,0.247,1.94876611328125,0.242
resolution_max_b1_gaussian_conv,0,1173,final,32,0.0,recalibrated,4,0.25,1,1.9932749633789062,0.254,2.01259619140625,0.239
resolution_max_b1_gaussian_conv,0,1173,final,32,0.0,recalibrated,4,0.25,-1,2.0188750610351565,0.224,1.9969081420898438,0.236
resolution_max_b1_gaussian_conv,0,1173,before,16,1.0,recalibrated,5,0.025,1,1.0247792663574218,0.639,1.0757000732421875,0.615
resolution_max_b1_gaussian_conv,0,1173,before,16,1.0,recalibrated,5,0.025,-1,1.0398428649902345,0.635,1.0850278930664063,0.61
resolution_max_b1_gaussian_conv,0,1173,before,16,1.0,recalibrated,5,0.05,1,1.0282040100097656,0.63,1.0835911254882813,0.605
resolution_max_b1_gaussian_conv,0,1173,before,16,1.0,recalibrated,5,0.05,-1,1.06106298828125,0.631,1.1002044067382812,0.603
resolution_max_b1_gaussian_conv,0,1173,before,16,1.0,recalibrated,5,0.1,1,1.0569813842773437,0.619,1.1230375366210938,0.581
resolution_max_b1_gaussian_conv,0,1173,before,16,1.0,recalibrated,5,0.1,-1,1.1288201293945312,0.603,1.1502298583984376,0.577
resolution_max_b1_gaussian_conv,0,1173,before,16,1.0,recalibrated,5,0.2,1,1.2155553588867187,0.553,1.28495556640625,0.518
resolution_max_b1_gaussian_conv,0,1173,before,16,1.0,recalibrated,5,0.2,-1,1.3277429809570314,0.538,1.322681396484375,0.52
resolution_max_b1_gaussian_conv,0,1173,before,16,1.0,recalibrated,5,0.25,1,1.3392289428710937,0.517,1.405304931640625,0.493
resolution_max_b1_gaussian_conv,0,1173,before,16,1.0,recalibrated,5,0.25,-1,1.4541099853515624,0.505,1.4385738525390626,0.478
resolution_max_b1_gaussian_conv,0,1173,after,16,0.85,recalibrated,5,0.025,1,1.1188890380859375,0.613,1.1624624633789062,0.585
resolution_max_b1_gaussian_conv,0,1173,after,16,0.85,recalibrated,5,0.025,-1,1.1344055786132812,0.607,1.1765491943359374,0.575
resolution_max_b1_gaussian_conv,0,1173,after,16,0.85,recalibrated,5,0.05,1,1.1193665771484376,0.612,1.16575634765625,0.581
resolution_max_b1_gaussian_conv,0,1173,after,16,0.85,recalibrated,5,0.05,-1,1.151608154296875,0.601,1.19238720703125,0.566
resolution_max_b1_gaussian_conv,0,1173,after,16,0.85,recalibrated,5,0.1,1,1.1412488403320313,0.601,1.1910690307617187,0.568
resolution_max_b1_gaussian_conv,0,1173,after,16,0.85,recalibrated,5,0.1,-1,1.203116943359375,0.585,1.238716552734375,0.554
resolution_max_b1_gaussian_conv,0,1173,after,16,0.85,recalibrated,5,0.2,1,1.2656007080078124,0.544,1.3127291259765625,0.524
resolution_max_b1_gaussian_conv,0,1173,after,16,0.85,recalibrated,5,0.2,-1,1.358260498046875,0.505,1.3790186767578125,0.509
resolution_max_b1_gaussian_conv,0,1173,after,16,0.85,recalibrated,5,0.25,1,1.36666064453125,0.508,1.4073032836914063,0.482
resolution_max_b1_gaussian_conv,0,1173,after,16,0.85,recalibrated,5,0.25,-1,1.45603857421875,0.469,1.4641280517578126,0.466
resolution_max_b1_gaussian_conv,0,1173,final,32,0.0,recalibrated,5,0.025,1,1.8597598876953125,0.315,1.8565497436523437,0.311
resolution_max_b1_gaussian_conv,0,1173,final,32,0.0,recalibrated,5,0.025,-1,1.8517512817382813,0.317,1.8525147705078124,0.317
resolution_max_b1_gaussian_conv,0,1173,final,32,0.0,recalibrated,5,0.05,1,1.8676008911132813,0.306,1.86285009765625,0.307
resolution_max_b1_gaussian_conv,0,1173,final,32,0.0,recalibrated,5,0.05,-1,1.8516370849609376,0.317,1.8546550903320314,0.318
resolution_max_b1_gaussian_conv,0,1173,final,32,0.0,recalibrated,5,0.1,1,1.890844482421875,0.299,1.8825087890625,0.301
resolution_max_b1_gaussian_conv,0,1173,final,32,0.0,recalibrated,5,0.1,-1,1.8570614013671876,0.31,1.8632073364257813,0.32
resolution_max_b1_gaussian_conv,0,1173,final,32,0.0,recalibrated,5,0.2,1,1.9675940551757813,0.28,1.9582095947265625,0.281
resolution_max_b1_gaussian_conv,0,1173,final,32,0.0,recalibrated,5,0.2,-1,1.89772802734375,0.276,1.9001116943359375,0.281
resolution_max_b1_gaussian_conv,0,1173,final,32,0.0,recalibrated,5,0.25,1,2.016127014160156,0.269,2.010348876953125,0.254
resolution_max_b1_gaussian_conv,0,1173,final,32,0.0,recalibrated,5,0.25,-1,1.9308976440429688,0.275,1.9282862548828126,0.277
resolution_max_b1_gaussian_conv,0,1173,before,16,1.0,recalibrated,6,0.025,1,1.0310119934082032,0.642,1.076519287109375,0.611
resolution_max_b1_gaussian_conv,0,1173,before,16,1.0,recalibrated,6,0.025,-1,1.0313184204101562,0.646,1.0825289306640624,0.612
resolution_max_b1_gaussian_conv,0,1173,before,16,1.0,recalibrated,6,0.05,1,1.0407872924804686,0.635,1.0835508422851563,0.616
resolution_max_b1_gaussian_conv,0,1173,before,16,1.0,recalibrated,6,0.05,-1,1.0409278564453126,0.644,1.096603515625,0.602
resolution_max_b1_gaussian_conv,0,1173,before,16,1.0,recalibrated,6,0.1,1,1.0836168212890624,0.604,1.1200469360351561,0.59
resolution_max_b1_gaussian_conv,0,1173,before,16,1.0,recalibrated,6,0.1,-1,1.0800040283203125,0.613,1.1469337768554688,0.582
resolution_max_b1_gaussian_conv,0,1173,before,16,1.0,recalibrated,6,0.2,1,1.2722252807617187,0.532,1.2927680053710937,0.537
resolution_max_b1_gaussian_conv,0,1173,before,16,1.0,recalibrated,6,0.2,-1,1.2492213134765624,0.539,1.3191370849609374,0.506
resolution_max_b1_gaussian_conv,0,1173,before,16,1.0,recalibrated,6,0.25,1,1.4131797485351563,0.485,1.4225557861328124,0.502
resolution_max_b1_gaussian_conv,0,1173,before,16,1.0,recalibrated,6,0.25,-1,1.380495849609375,0.494,1.4408572387695313,0.471
resolution_max_b1_gaussian_conv,0,1173,after,16,0.85,recalibrated,6,0.025,1,1.1204847412109376,0.61,1.161692626953125,0.598
resolution_max_b1_gaussian_conv,0,1173,after,16,0.85,recalibrated,6,0.025,-1,1.1317734985351562,0.605,1.1758378295898437,0.569
resolution_max_b1_gaussian_conv,0,1173,after,16,0.85,recalibrated,6,0.05,1,1.124955078125,0.618,1.1625479736328126,0.592
resolution_max_b1_gaussian_conv,0,1173,after,16,0.85,recalibrated,6,0.05,-1,1.1446466674804687,0.595,1.1924450073242188,0.555
resolution_max_b1_gaussian_conv,0,1173,after,16,0.85,recalibrated,6,0.1,1,1.1534967041015625,0.61,1.1824154052734375,0.598
resolution_max_b1_gaussian_conv,0,1173,after,16,0.85,recalibrated,6,0.1,-1,1.1850855102539062,0.586,1.2425432739257813,0.536
resolution_max_b1_gaussian_conv,0,1173,after,16,0.85,recalibrated,6,0.2,1,1.2896849365234375,0.536,1.2958202514648438,0.551
resolution_max_b1_gaussian_conv,0,1173,after,16,0.85,recalibrated,6,0.2,-1,1.3345980834960938,0.519,1.3956102294921875,0.469
resolution_max_b1_gaussian_conv,0,1173,after,16,0.85,recalibrated,6,0.25,1,1.3912137451171875,0.496,1.3895690307617188,0.484
resolution_max_b1_gaussian_conv,0,1173,after,16,0.85,recalibrated,6,0.25,-1,1.4467255859375,0.473,1.4985785522460937,0.446
resolution_max_b1_gaussian_conv,0,1173,final,32,0.0,recalibrated,6,0.025,1,1.8480201416015625,0.33,1.8449735717773437,0.315
resolution_max_b1_gaussian_conv,0,1173,final,32,0.0,recalibrated,6,0.025,-1,1.8647774658203125,0.305,1.8651759033203126,0.3
resolution_max_b1_gaussian_conv,0,1173,final,32,0.0,recalibrated,6,0.05,1,1.843986572265625,0.322,1.84061279296875,0.321
resolution_max_b1_gaussian_conv,0,1173,final,32,0.0,recalibrated,6,0.05,-1,1.8782720336914063,0.297,1.8813480224609376,0.287
resolution_max_b1_gaussian_conv,0,1173,final,32,0.0,recalibrated,6,0.1,1,1.84510498046875,0.314,1.8413804321289062,0.344
resolution_max_b1_gaussian_conv,0,1173,final,32,0.0,recalibrated,6,0.1,-1,1.9155047607421876,0.267,1.922427490234375,0.278
resolution_max_b1_gaussian_conv,0,1173,final,32,0.0,recalibrated,6,0.2,1,1.888361328125,0.286,1.8714951171875,0.323
resolution_max_b1_gaussian_conv,0,1173,final,32,0.0,recalibrated,6,0.2,-1,2.0205150146484376,0.238,2.032409423828125,0.218
resolution_max_b1_gaussian_conv,0,1173,final,32,0.0,recalibrated,6,0.25,1,1.9254872436523438,0.272,1.90393701171875,0.307
resolution_max_b1_gaussian_conv,0,1173,final,32,0.0,recalibrated,6,0.25,-1,2.083375732421875,0.21,2.0914681396484376,0.197
resolution_max_b1_gaussian_conv,0,1173,before,16,1.0,recalibrated,7,0.025,1,1.039430206298828,0.634,1.0887752685546874,0.61
resolution_max_b1_gaussian_conv,0,1173,before,16,1.0,recalibrated,7,0.025,-1,1.024461883544922,0.648,1.0710046997070313,0.61
resolution_max_b1_gaussian_conv,0,1173,before,16,1.0,recalibrated,7,0.05,1,1.0573871459960937,0.621,1.108740234375,0.598
resolution_max_b1_gaussian_conv,0,1173,before,16,1.0,recalibrated,7,0.05,-1,1.0282743225097657,0.651,1.0729339599609375,0.608
resolution_max_b1_gaussian_conv,0,1173,before,16,1.0,recalibrated,7,0.1,1,1.1110736694335936,0.606,1.1680517578125,0.566
resolution_max_b1_gaussian_conv,0,1173,before,16,1.0,recalibrated,7,0.1,-1,1.0566567993164062,0.634,1.0995799560546875,0.61
resolution_max_b1_gaussian_conv,0,1173,before,16,1.0,recalibrated,7,0.2,1,1.3143110961914062,0.535,1.3576917114257812,0.499
resolution_max_b1_gaussian_conv,0,1173,before,16,1.0,recalibrated,7,0.2,-1,1.1805984497070312,0.577,1.2306497802734375,0.56
resolution_max_b1_gaussian_conv,0,1173,before,16,1.0,recalibrated,7,0.25,1,1.452814208984375,0.484,1.48228857421875,0.459
resolution_max_b1_gaussian_conv,0,1173,before,16,1.0,recalibrated,7,0.25,-1,1.2712765502929688,0.537,1.3267614135742187,0.511
resolution_max_b1_gaussian_conv,0,1173,after,16,0.85,recalibrated,7,0.025,1,1.13106591796875,0.608,1.1755845947265624,0.577
resolution_max_b1_gaussian_conv,0,1173,after,16,0.85,recalibrated,7,0.025,-1,1.1214332275390626,0.605,1.162492919921875,0.582
resolution_max_b1_gaussian_conv,0,1173,after,16,0.85,recalibrated,7,0.05,1,1.1453789672851562,0.6,1.1914232788085937,0.569
resolution_max_b1_gaussian_conv,0,1173,after,16,0.85,recalibrated,7,0.05,-1,1.1253330688476562,0.605,1.1653273315429689,0.579
resolution_max_b1_gaussian_conv,0,1173,after,16,0.85,recalibrated,7,0.1,1,1.1923301391601562,0.585,1.2361823120117188,0.546
resolution_max_b1_gaussian_conv,0,1173,after,16,0.85,recalibrated,7,0.1,-1,1.1514452514648437,0.591,1.189065673828125,0.578
resolution_max_b1_gaussian_conv,0,1173,after,16,0.85,recalibrated,7,0.2,1,1.3496209106445312,0.509,1.378543701171875,0.482
resolution_max_b1_gaussian_conv,0,1173,after,16,0.85,recalibrated,7,0.2,-1,1.2590980224609376,0.55,1.3052960815429688,0.529
resolution_max_b1_gaussian_conv,0,1173,after,16,0.85,recalibrated,7,0.25,1,1.456740966796875,0.468,1.4727803955078125,0.431
resolution_max_b1_gaussian_conv,0,1173,after,16,0.85,recalibrated,7,0.25,-1,1.3394324951171874,0.525,1.3904962768554687,0.502
resolution_max_b1_gaussian_conv,0,1173,final,32,0.0,recalibrated,7,0.025,1,1.85195751953125,0.315,1.8489464721679687,0.327
resolution_max_b1_gaussian_conv,0,1173,final,32,0.0,recalibrated,7,0.025,-1,1.8609437255859376,0.313,1.8607265625,0.305
resolution_max_b1_gaussian_conv,0,1173,final,32,0.0,recalibrated,7,0.05,1,1.8523021850585937,0.313,1.8474847412109374,0.325
resolution_max_b1_gaussian_conv,0,1173,final,32,0.0,recalibrated,7,0.05,-1,1.8702899780273436,0.31,1.872305419921875,0.292
resolution_max_b1_gaussian_conv,0,1173,final,32,0.0,recalibrated,7,0.1,1,1.860685302734375,0.312,1.8536090087890624,0.322
resolution_max_b1_gaussian_conv,0,1173,final,32,0.0,recalibrated,7,0.1,-1,1.8991681518554688,0.287,1.9035064697265625,0.279
resolution_max_b1_gaussian_conv,0,1173,final,32,0.0,recalibrated,7,0.2,1,1.9110855712890624,0.303,1.8968440551757813,0.295
resolution_max_b1_gaussian_conv,0,1173,final,32,0.0,recalibrated,7,0.2,-1,1.9854593505859375,0.242,1.9932379150390624,0.236
resolution_max_b1_gaussian_conv,0,1173,final,32,0.0,recalibrated,7,0.25,1,1.9482943725585937,0.292,1.9325077514648437,0.284
resolution_max_b1_gaussian_conv,0,1173,final,32,0.0,recalibrated,7,0.25,-1,2.036916320800781,0.206,2.04625537109375,0.218
resolution_max_b1_gaussian_conv,0,1173,before,16,1.0,recalibrated,8,0.025,1,1.0273726196289064,0.648,1.0678990478515624,0.615
resolution_max_b1_gaussian_conv,0,1173,before,16,1.0,recalibrated,8,0.025,-1,1.0380917053222656,0.639,1.09214453125,0.606
resolution_max_b1_gaussian_conv,0,1173,before,16,1.0,recalibrated,8,0.05,1,1.0361484375,0.642,1.0713941040039063,0.617
resolution_max_b1_gaussian_conv,0,1173,before,16,1.0,recalibrated,8,0.05,-1,1.056016143798828,0.623,1.1145186767578126,0.596
resolution_max_b1_gaussian_conv,0,1173,before,16,1.0,recalibrated,8,0.1,1,1.0822918701171875,0.614,1.1015480346679687,0.602
resolution_max_b1_gaussian_conv,0,1173,before,16,1.0,recalibrated,8,0.1,-1,1.1132908325195312,0.599,1.17968505859375,0.565
resolution_max_b1_gaussian_conv,0,1173,before,16,1.0,recalibrated,8,0.2,1,1.2624769287109374,0.535,1.252890869140625,0.553
resolution_max_b1_gaussian_conv,0,1173,before,16,1.0,recalibrated,8,0.2,-1,1.2915156860351562,0.531,1.3718959350585938,0.497
resolution_max_b1_gaussian_conv,0,1173,before,16,1.0,recalibrated,8,0.25,1,1.3787553100585936,0.505,1.3650422973632812,0.512
resolution_max_b1_gaussian_conv,0,1173,before,16,1.0,recalibrated,8,0.25,-1,1.4062820434570313,0.486,1.4906448974609374,0.452
resolution_max_b1_gaussian_conv,0,1173,after,16,0.85,recalibrated,8,0.025,1,1.1206052856445312,0.607,1.1608565673828124,0.58
resolution_max_b1_gaussian_conv,0,1173,after,16,0.85,recalibrated,8,0.025,-1,1.1330006103515624,0.603,1.1772825927734376,0.57
resolution_max_b1_gaussian_conv,0,1173,after,16,0.85,recalibrated,8,0.05,1,1.126034912109375,0.602,1.162766357421875,0.584
resolution_max_b1_gaussian_conv,0,1173,after,16,0.85,recalibrated,8,0.05,-1,1.1492984008789062,0.599,1.1939805908203125,0.57
resolution_max_b1_gaussian_conv,0,1173,after,16,0.85,recalibrated,8,0.1,1,1.1590029907226562,0.58,1.18691259765625,0.572
resolution_max_b1_gaussian_conv,0,1173,after,16,0.85,recalibrated,8,0.1,-1,1.1992942504882813,0.576,1.2429442138671876,0.527
resolution_max_b1_gaussian_conv,0,1173,after,16,0.85,recalibrated,8,0.2,1,1.3074971923828125,0.516,1.310809326171875,0.526
resolution_max_b1_gaussian_conv,0,1173,after,16,0.85,recalibrated,8,0.2,-1,1.3515597534179689,0.514,1.3918081665039062,0.484
resolution_max_b1_gaussian_conv,0,1173,after,16,0.85,recalibrated,8,0.25,1,1.4096328735351562,0.474,1.4076615600585938,0.478
resolution_max_b1_gaussian_conv,0,1173,after,16,0.85,recalibrated,8,0.25,-1,1.448342041015625,0.471,1.487430419921875,0.444
resolution_max_b1_gaussian_conv,0,1173,final,32,0.0,recalibrated,8,0.025,1,1.8590525512695313,0.314,1.8550111694335938,0.314
resolution_max_b1_gaussian_conv,0,1173,final,32,0.0,recalibrated,8,0.025,-1,1.854213134765625,0.327,1.8564929809570312,0.31
resolution_max_b1_gaussian_conv,0,1173,final,32,0.0,recalibrated,8,0.05,1,1.8672466430664063,0.297,1.8615842895507813,0.308
resolution_max_b1_gaussian_conv,0,1173,final,32,0.0,recalibrated,8,0.05,-1,1.8567091674804688,0.327,1.862393310546875,0.308
resolution_max_b1_gaussian_conv,0,1173,final,32,0.0,recalibrated,8,0.1,1,1.8915850830078125,0.275,1.887544677734375,0.29
resolution_max_b1_gaussian_conv,0,1173,final,32,0.0,recalibrated,8,0.1,-1,1.869959228515625,0.328,1.881364501953125,0.306
resolution_max_b1_gaussian_conv,0,1173,final,32,0.0,recalibrated,8,0.2,1,1.970773193359375,0.243,1.9626739501953125,0.243
resolution_max_b1_gaussian_conv,0,1173,final,32,0.0,recalibrated,8,0.2,-1,1.9311072387695312,0.282,1.9415659790039062,0.264
resolution_max_b1_gaussian_conv,0,1173,final,32,0.0,recalibrated,8,0.25,1,2.0177310791015626,0.229,2.0119208984375,0.224
resolution_max_b1_gaussian_conv,0,1173,final,32,0.0,recalibrated,8,0.25,-1,1.973083740234375,0.263,1.981894287109375,0.25
resolution_max_b1_gaussian_conv,0,1173,before,16,1.0,recalibrated,9,0.025,1,1.0318768005371093,0.639,1.0788418579101562,0.609
resolution_max_b1_gaussian_conv,0,1173,before,16,1.0,recalibrated,9,0.025,-1,1.0311649169921875,0.645,1.0797911987304687,0.613
resolution_max_b1_gaussian_conv,0,1173,before,16,1.0,recalibrated,9,0.05,1,1.041088134765625,0.628,1.0873946533203125,0.614
resolution_max_b1_gaussian_conv,0,1173,before,16,1.0,recalibrated,9,0.05,-1,1.0406801147460938,0.638,1.0901253051757813,0.608
resolution_max_b1_gaussian_conv,0,1173,before,16,1.0,recalibrated,9,0.1,1,1.0731057434082032,0.61,1.1191964721679688,0.593
resolution_max_b1_gaussian_conv,0,1173,before,16,1.0,recalibrated,9,0.1,-1,1.0841351318359376,0.612,1.1325776977539062,0.586
resolution_max_b1_gaussian_conv,0,1173,before,16,1.0,recalibrated,9,0.2,1,1.188126708984375,0.579,1.24680908203125,0.545
resolution_max_b1_gaussian_conv,0,1173,before,16,1.0,recalibrated,9,0.2,-1,1.2659324951171875,0.549,1.3033583984375,0.519
resolution_max_b1_gaussian_conv,0,1173,before,16,1.0,recalibrated,9,0.25,1,1.2752406005859376,0.537,1.3413419189453124,0.512
resolution_max_b1_gaussian_conv,0,1173,before,16,1.0,recalibrated,9,0.25,-1,1.393365478515625,0.505,1.4250553588867187,0.481
resolution_max_b1_gaussian_conv,0,1173,after,16,0.85,recalibrated,9,0.025,1,1.1256995239257812,0.599,1.1697528076171875,0.582
resolution_max_b1_gaussian_conv,0,1173,after,16,0.85,recalibrated,9,0.025,-1,1.1268368530273438,0.616,1.1682640380859375,0.584
resolution_max_b1_gaussian_conv,0,1173,after,16,0.85,recalibrated,9,0.05,1,1.1337445068359375,0.591,1.1792955322265626,0.58
resolution_max_b1_gaussian_conv,0,1173,after,16,0.85,recalibrated,9,0.05,-1,1.135305908203125,0.606,1.1772662963867186,0.581
resolution_max_b1_gaussian_conv,0,1173,after,16,0.85,recalibrated,9,0.1,1,1.162443115234375,0.581,1.2131123657226563,0.557
resolution_max_b1_gaussian_conv,0,1173,after,16,0.85,recalibrated,9,0.1,-1,1.1723047485351563,0.591,1.21247998046875,0.552
resolution_max_b1_gaussian_conv,0,1173,after,16,0.85,recalibrated,9,0.2,1,1.2735324096679688,0.538,1.3342457275390625,0.501
resolution_max_b1_gaussian_conv,0,1173,after,16,0.85,recalibrated,9,0.2,-1,1.3166002807617188,0.54,1.3436767578125,0.501
resolution_max_b1_gaussian_conv,0,1173,after,16,0.85,recalibrated,9,0.25,1,1.3528729858398438,0.493,1.4186329345703126,0.468
resolution_max_b1_gaussian_conv,0,1173,after,16,0.85,recalibrated,9,0.25,-1,1.4142603759765624,0.505,1.4390497436523437,0.474
resolution_max_b1_gaussian_conv,0,1173,final,32,0.0,recalibrated,9,0.025,1,1.8558910522460939,0.312,1.85662353515625,0.311
resolution_max_b1_gaussian_conv,0,1173,final,32,0.0,recalibrated,9,0.025,-1,1.856986328125,0.317,1.8530953369140626,0.313
resolution_max_b1_gaussian_conv,0,1173,final,32,0.0,recalibrated,9,0.05,1,1.8612567749023436,0.311,1.8645659790039062,0.312
resolution_max_b1_gaussian_conv,0,1173,final,32,0.0,recalibrated,9,0.05,-1,1.8620809936523437,0.315,1.8579617919921876,0.32
resolution_max_b1_gaussian_conv,0,1173,final,32,0.0,recalibrated,9,0.1,1,1.882297119140625,0.303,1.8880607299804688,0.291
resolution_max_b1_gaussian_conv,0,1173,final,32,0.0,recalibrated,9,0.1,-1,1.8798213500976562,0.308,1.876990478515625,0.309
resolution_max_b1_gaussian_conv,0,1173,final,32,0.0,recalibrated,9,0.2,1,1.9654036254882812,0.28,1.971758544921875,0.267
resolution_max_b1_gaussian_conv,0,1173,final,32,0.0,recalibrated,9,0.2,-1,1.941583984375,0.276,1.941312744140625,0.262
resolution_max_b1_gaussian_conv,0,1173,final,32,0.0,recalibrated,9,0.25,1,2.025022155761719,0.243,2.030018005371094,0.249
resolution_max_b1_gaussian_conv,0,1173,final,32,0.0,recalibrated,9,0.25,-1,1.9812647705078126,0.249,1.98307080078125,0.245
resolution_max_b1_gaussian_conv,0,8211,before,32,0.3,saved,,0.0,0,0.36200025939941405,0.878,0.5440566253662109,0.81
resolution_max_b1_gaussian_conv,0,8211,before,32,0.3,recalibrated,,0.0,0,0.36275137329101564,0.882,0.5427296447753907,0.81
resolution_max_b1_gaussian_conv,0,8211,before,32,0.3,recalibrated,0,0.025,1,0.36797854614257813,0.881,0.5457476806640625,0.809
resolution_max_b1_gaussian_conv,0,8211,before,32,0.3,recalibrated,0,0.025,-1,0.37158038330078125,0.877,0.5493455505371094,0.81
resolution_max_b1_gaussian_conv,0,8211,before,32,0.3,recalibrated,0,0.05,1,0.38441551208496094,0.871,0.557700927734375,0.811
resolution_max_b1_gaussian_conv,0,8211,before,32,0.3,recalibrated,0,0.05,-1,0.3915361633300781,0.865,0.5632285766601562,0.804
resolution_max_b1_gaussian_conv,0,8211,before,32,0.3,recalibrated,0,0.1,1,0.4560129852294922,0.838,0.6155738830566406,0.787
resolution_max_b1_gaussian_conv,0,8211,before,32,0.3,recalibrated,0,0.1,-1,0.4664413604736328,0.838,0.6118120422363281,0.786
resolution_max_b1_gaussian_conv,0,8211,before,32,0.3,recalibrated,0,0.2,1,0.7795657653808594,0.726,0.8737809448242188,0.696
resolution_max_b1_gaussian_conv,0,8211,before,32,0.3,recalibrated,0,0.2,-1,0.7565206604003907,0.752,0.8379043579101563,0.729
resolution_max_b1_gaussian_conv,0,8211,before,32,0.3,recalibrated,0,0.25,1,1.020434844970703,0.653,1.0810092163085938,0.626
resolution_max_b1_gaussian_conv,0,8211,before,32,0.3,recalibrated,0,0.25,-1,0.9844717712402343,0.678,1.0318648071289063,0.673
resolution_max_b1_gaussian_conv,0,8211,after,32,0.0,saved,,0.0,0,0.36440335083007813,0.879,0.5466757507324219,0.809
resolution_max_b1_gaussian_conv,0,8211,after,32,0.0,recalibrated,,0.0,0,0.36736846923828126,0.878,0.5449421081542969,0.811
resolution_max_b1_gaussian_conv,0,8211,after,32,0.0,recalibrated,0,0.025,1,0.37282432556152345,0.879,0.5483515167236328,0.808
resolution_max_b1_gaussian_conv,0,8211,after,32,0.0,recalibrated,0,0.025,-1,0.3760926971435547,0.875,0.552076416015625,0.81
resolution_max_b1_gaussian_conv,0,8211,after,32,0.0,recalibrated,0,0.05,1,0.3893284301757812,0.869,0.560076904296875,0.809
resolution_max_b1_gaussian_conv,0,8211,after,32,0.0,recalibrated,0,0.05,-1,0.39631903076171876,0.867,0.5666418151855469,0.802
resolution_max_b1_gaussian_conv,0,8211,after,32,0.0,recalibrated,0,0.1,1,0.4600546569824219,0.838,0.6166185913085938,0.785
resolution_max_b1_gaussian_conv,0,8211,after,32,0.0,recalibrated,0,0.1,-1,0.4714313507080078,0.84,0.6146488647460937,0.783
resolution_max_b1_gaussian_conv,0,8211,after,32,0.0,recalibrated,0,0.2,1,0.779857177734375,0.726,0.8716460876464843,0.693
resolution_max_b1_gaussian_conv,0,8211,after,32,0.0,recalibrated,0,0.2,-1,0.7593898315429688,0.752,0.8389108276367188,0.725
resolution_max_b1_gaussian_conv,0,8211,after,32,0.0,recalibrated,0,0.25,1,1.01814453125,0.647,1.075013427734375,0.622
resolution_max_b1_gaussian_conv,0,8211,after,32,0.0,recalibrated,0,0.25,-1,0.9864234924316406,0.67,1.0330494079589845,0.669
resolution_max_b1_gaussian_conv,0,8211,before,32,0.3,recalibrated,1,0.025,1,0.36518316650390625,0.875,0.5474593505859375,0.805
resolution_max_b1_gaussian_conv,0,8211,before,32,0.3,recalibrated,1,0.025,-1,0.3694559936523438,0.881,0.5427226867675782,0.813
resolution_max_b1_gaussian_conv,0,8211,before,32,0.3,recalibrated,1,0.05,1,0.376968994140625,0.868,0.5588428344726563,0.8
resolution_max_b1_gaussian_conv,0,8211,before,32,0.3,recalibrated,1,0.05,-1,0.385020751953125,0.869,0.5495684509277343,0.809
resolution_max_b1_gaussian_conv,0,8211,before,32,0.3,recalibrated,1,0.1,1,0.4267641296386719,0.851,0.6003630065917969,0.789
resolution_max_b1_gaussian_conv,0,8211,before,32,0.3,recalibrated,1,0.1,-1,0.4404833068847656,0.859,0.59057861328125,0.792
resolution_max_b1_gaussian_conv,0,8211,before,32,0.3,recalibrated,1,0.2,1,0.6265249633789063,0.79,0.7728874816894531,0.73
resolution_max_b1_gaussian_conv,0,8211,before,32,0.3,recalibrated,1,0.2,-1,0.6861171569824219,0.762,0.8133357543945312,0.712
resolution_max_b1_gaussian_conv,0,8211,before,32,0.3,recalibrated,1,0.25,1,0.7809340515136719,0.728,0.9125998840332031,0.677
resolution_max_b1_gaussian_conv,0,8211,before,32,0.3,recalibrated,1,0.25,-1,0.897675048828125,0.698,1.0261708984375,0.657
resolution_max_b1_gaussian_conv,0,8211,after,32,0.0,recalibrated,1,0.025,1,0.37023338317871096,0.877,0.5507145690917968,0.801
resolution_max_b1_gaussian_conv,0,8211,after,32,0.0,recalibrated,1,0.025,-1,0.3740172119140625,0.88,0.5451931457519531,0.813
resolution_max_b1_gaussian_conv,0,8211,after,32,0.0,recalibrated,1,0.05,1,0.38186175537109374,0.867,0.5624013061523437,0.795
resolution_max_b1_gaussian_conv,0,8211,after,32,0.0,recalibrated,1,0.05,-1,0.38943455505371094,0.869,0.5518329467773437,0.81
resolution_max_b1_gaussian_conv,0,8211,after,32,0.0,recalibrated,1,0.1,1,0.4316698455810547,0.846,0.604046142578125,0.783
resolution_max_b1_gaussian_conv,0,8211,after,32,0.0,recalibrated,1,0.1,-1,0.4449285888671875,0.858,0.5922918090820313,0.793
resolution_max_b1_gaussian_conv,0,8211,after,32,0.0,recalibrated,1,0.2,1,0.6325036010742188,0.788,0.7760447387695313,0.733
resolution_max_b1_gaussian_conv,0,8211,after,32,0.0,recalibrated,1,0.2,-1,0.6867039184570313,0.762,0.8117130126953125,0.709
resolution_max_b1_gaussian_conv,0,8211,after,32,0.0,recalibrated,1,0.25,1,0.7861883850097656,0.724,0.9133500366210937,0.675
resolution_max_b1_gaussian_conv,0,8211,after,32,0.0,recalibrated,1,0.25,-1,0.8954862365722657,0.696,1.0205015563964843,0.655
resolution_max_b1_gaussian_conv,0,8211,before,32,0.3,recalibrated,2,0.025,1,0.36981935119628906,0.876,0.5486962890625,0.81
resolution_max_b1_gaussian_conv,0,8211,before,32,0.3,recalibrated,2,0.025,-1,0.36731939697265625,0.882,0.5443223876953125,0.809
resolution_max_b1_gaussian_conv,0,8211,before,32,0.3,recalibrated,2,0.05,1,0.38775508117675783,0.872,0.5628276977539063,0.807
resolution_max_b1_gaussian_conv,0,8211,before,32,0.3,recalibrated,2,0.05,-1,0.3836892852783203,0.87,0.5527928771972657,0.807
resolution_max_b1_gaussian_conv,0,8211,before,32,0.3,recalibrated,2,0.1,1,0.45319281005859374,0.838,0.6148675537109375,0.782
resolution_max_b1_gaussian_conv,0,8211,before,32,0.3,recalibrated,2,0.1,-1,0.4459893951416016,0.842,0.5952308959960938,0.779
resolution_max_b1_gaussian_conv,0,8211,before,32,0.3,recalibrated,2,0.2,1,0.7094900512695312,0.75,0.8417638854980469,0.705
resolution_max_b1_gaussian_conv,0,8211,before,32,0.3,recalibrated,2,0.2,-1,0.6735148315429688,0.765,0.7886080627441406,0.717
resolution_max_b1_gaussian_conv,0,8211,before,32,0.3,recalibrated,2,0.25,1,0.897107421875,0.691,1.0280188903808594,0.658
resolution_max_b1_gaussian_conv,0,8211,before,32,0.3,recalibrated,2,0.25,-1,0.8412586975097657,0.705,0.9362765808105469,0.67
resolution_max_b1_gaussian_conv,0,8211,after,32,0.0,recalibrated,2,0.025,1,0.37467695617675784,0.878,0.5514452514648438,0.808
resolution_max_b1_gaussian_conv,0,8211,after,32,0.0,recalibrated,2,0.025,-1,0.3718570556640625,0.877,0.5468161315917969,0.804
resolution_max_b1_gaussian_conv,0,8211,after,32,0.0,recalibrated,2,0.05,1,0.39267869567871094,0.869,0.565943115234375,0.803
resolution_max_b1_gaussian_conv,0,8211,after,32,0.0,recalibrated,2,0.05,-1,0.3886621246337891,0.867,0.555119140625,0.802
resolution_max_b1_gaussian_conv,0,8211,after,32,0.0,recalibrated,2,0.1,1,0.4584603271484375,0.841,0.61705908203125,0.782
resolution_max_b1_gaussian_conv,0,8211,after,32,0.0,recalibrated,2,0.1,-1,0.4501629333496094,0.845,0.5970025329589844,0.777
resolution_max_b1_gaussian_conv,0,8211,after,32,0.0,recalibrated,2,0.2,1,0.7128205871582032,0.749,0.839669677734375,0.706
resolution_max_b1_gaussian_conv,0,8211,after,32,0.0,recalibrated,2,0.2,-1,0.6765515441894532,0.759,0.7878176879882812,0.718
resolution_max_b1_gaussian_conv,0,8211,after,32,0.0,recalibrated,2,0.25,1,0.8992155456542968,0.691,1.0249011840820312,0.655
resolution_max_b1_gaussian_conv,0,8211,after,32,0.0,recalibrated,2,0.25,-1,0.8420962524414063,0.705,0.9346721801757812,0.667
resolution_max_b1_gaussian_conv,0,8211,before,32,0.3,recalibrated,3,0.025,1,0.37205035400390624,0.871,0.5458661041259766,0.806
resolution_max_b1_gaussian_conv,0,8211,before,32,0.3,recalibrated,3,0.025,-1,0.3679735565185547,0.878,0.54781884765625,0.805
resolution_max_b1_gaussian_conv,0,8211,before,32,0.3,recalibrated,3,0.05,1,0.3935986938476562,0.864,0.5629281005859375,0.804
resolution_max_b1_gaussian_conv,0,8211,before,32,0.3,recalibrated,3,0.05,-1,0.38513334655761716,0.874,0.5576944885253906,0.807
resolution_max_b1_gaussian_conv,0,8211,before,32,0.3,recalibrated,3,0.1,1,0.4687790985107422,0.832,0.6250331420898437,0.795
resolution_max_b1_gaussian_conv,0,8211,before,32,0.3,recalibrated,3,0.1,-1,0.4561491241455078,0.836,0.6105662536621094,0.788
resolution_max_b1_gaussian_conv,0,8211,before,32,0.3,recalibrated,3,0.2,1,0.7378265686035156,0.725,0.857836181640625,0.708
resolution_max_b1_gaussian_conv,0,8211,before,32,0.3,recalibrated,3,0.2,-1,0.739333740234375,0.749,0.8596665954589844,0.706
resolution_max_b1_gaussian_conv,0,8211,before,32,0.3,recalibrated,3,0.25,1,0.9401453247070313,0.668,1.059202880859375,0.634
resolution_max_b1_gaussian_conv,0,8211,before,32,0.3,recalibrated,3,0.25,-1,0.9640343627929687,0.661,1.0803450927734375,0.635
resolution_max_b1_gaussian_conv,0,8211,after,32,0.0,recalibrated,3,0.025,1,0.3762832794189453,0.867,0.5489733581542968,0.803
resolution_max_b1_gaussian_conv,0,8211,after,32,0.0,recalibrated,3,0.025,-1,0.372968017578125,0.878,0.5504434051513671,0.804
resolution_max_b1_gaussian_conv,0,8211,after,32,0.0,recalibrated,3,0.05,1,0.39766184997558596,0.862,0.56543115234375,0.805
resolution_max_b1_gaussian_conv,0,8211,after,32,0.0,recalibrated,3,0.05,-1,0.3908106842041016,0.873,0.560597900390625,0.802
resolution_max_b1_gaussian_conv,0,8211,after,32,0.0,recalibrated,3,0.1,1,0.47235702514648437,0.833,0.626397705078125,0.792
resolution_max_b1_gaussian_conv,0,8211,after,32,0.0,recalibrated,3,0.1,-1,0.461545654296875,0.835,0.6126545104980469,0.789
resolution_max_b1_gaussian_conv,0,8211,after,32,0.0,recalibrated,3,0.2,1,0.7395535888671875,0.726,0.8548748779296875,0.706
resolution_max_b1_gaussian_conv,0,8211,after,32,0.0,recalibrated,3,0.2,-1,0.7438538208007812,0.744,0.8581751098632813,0.713
resolution_max_b1_gaussian_conv,0,8211,after,32,0.0,recalibrated,3,0.25,1,0.9408075561523438,0.666,1.052463134765625,0.637
resolution_max_b1_gaussian_conv,0,8211,after,32,0.0,recalibrated,3,0.25,-1,0.9653153076171875,0.664,1.0764090576171874,0.633
resolution_max_b1_gaussian_conv,0,8211,before,32,0.3,recalibrated,4,0.025,1,0.36946324157714844,0.877,0.5501972198486328,0.806
resolution_max_b1_gaussian_conv,0,8211,before,32,0.3,recalibrated,4,0.025,-1,0.36658352661132815,0.881,0.5432743225097656,0.813
resolution_max_b1_gaussian_conv,0,8211,before,32,0.3,recalibrated,4,0.05,1,0.3852699279785156,0.868,0.5643084411621093,0.806
resolution_max_b1_gaussian_conv,0,8211,before,32,0.3,recalibrated,4,0.05,-1,0.38042388916015624,0.874,0.5515862426757813,0.812
resolution_max_b1_gaussian_conv,0,8211,before,32,0.3,recalibrated,4,0.1,1,0.44212957763671873,0.849,0.6100210266113282,0.794
resolution_max_b1_gaussian_conv,0,8211,before,32,0.3,recalibrated,4,0.1,-1,0.4333427276611328,0.857,0.5904923400878906,0.794
resolution_max_b1_gaussian_conv,0,8211,before,32,0.3,recalibrated,4,0.2,1,0.683337646484375,0.761,0.8192843627929688,0.714
resolution_max_b1_gaussian_conv,0,8211,before,32,0.3,recalibrated,4,0.2,-1,0.6768700256347656,0.781,0.8283641052246093,0.714
resolution_max_b1_gaussian_conv,0,8211,before,32,0.3,recalibrated,4,0.25,1,0.8889503784179688,0.683,0.9991808776855469,0.652
resolution_max_b1_gaussian_conv,0,8211,before,32,0.3,recalibrated,4,0.25,-1,0.8986847229003906,0.7,1.0337544555664062,0.666
resolution_max_b1_gaussian_conv,0,8211,after,32,0.0,recalibrated,4,0.025,1,0.3742662353515625,0.877,0.5521718444824218,0.806
resolution_max_b1_gaussian_conv,0,8211,after,32,0.0,recalibrated,4,0.025,-1,0.370857666015625,0.877,0.546233154296875,0.813
resolution_max_b1_gaussian_conv,0,8211,after,32,0.0,recalibrated,4,0.05,1,0.39124473571777346,0.866,0.5669179992675781,0.805
resolution_max_b1_gaussian_conv,0,8211,after,32,0.0,recalibrated,4,0.05,-1,0.38506771850585936,0.869,0.55462890625,0.811
resolution_max_b1_gaussian_conv,0,8211,after,32,0.0,recalibrated,4,0.1,1,0.4493201599121094,0.844,0.6124835510253906,0.796
resolution_max_b1_gaussian_conv,0,8211,after,32,0.0,recalibrated,4,0.1,-1,0.43824298095703124,0.859,0.5938288879394531,0.795
resolution_max_b1_gaussian_conv,0,8211,after,32,0.0,recalibrated,4,0.2,1,0.6904035034179687,0.755,0.816611083984375,0.714
resolution_max_b1_gaussian_conv,0,8211,after,32,0.0,recalibrated,4,0.2,-1,0.681804931640625,0.782,0.8291097412109375,0.713
resolution_max_b1_gaussian_conv,0,8211,after,32,0.0,recalibrated,4,0.25,1,0.8920087280273438,0.676,0.9946497192382813,0.653
resolution_max_b1_gaussian_conv,0,8211,after,32,0.0,recalibrated,4,0.25,-1,0.90369873046875,0.7,1.0311639404296875,0.666
resolution_max_b1_gaussian_conv,0,8211,before,32,0.3,recalibrated,5,0.025,1,0.36866456604003905,0.878,0.5468396606445313,0.802
resolution_max_b1_gaussian_conv,0,8211,before,32,0.3,recalibrated,5,0.025,-1,0.37209616088867187,0.879,0.5478949737548828,0.806
resolution_max_b1_gaussian_conv,0,8211,before,32,0.3,recalibrated,5,0.05,1,0.3876016998291016,0.866,0.5593541870117188,0.801
resolution_max_b1_gaussian_conv,0,8211,before,32,0.3,recalibrated,5,0.05,-1,0.3965728149414062,0.863,0.563522705078125,0.804
resolution_max_b1_gaussian_conv,0,8211,before,32,0.3,recalibrated,5,0.1,1,0.4565715789794922,0.838,0.6148239135742187,0.787
resolution_max_b1_gaussian_conv,0,8211,before,32,0.3,recalibrated,5,0.1,-1,0.4800954132080078,0.825,0.6198457336425781,0.787
resolution_max_b1_gaussian_conv,0,8211,before,32,0.3,recalibrated,5,0.2,1,0.7888724060058594,0.722,0.8901257934570312,0.711
resolution_max_b1_gaussian_conv,0,8211,before,32,0.3,recalibrated,5,0.2,-1,0.7716670227050781,0.739,0.8512490539550781,0.696
resolution_max_b1_gaussian_conv,0,8211,before,32,0.3,recalibrated,5,0.25,1,1.0838026123046876,0.636,1.1534453735351562,0.632
resolution_max_b1_gaussian_conv,0,8211,before,32,0.3,recalibrated,5,0.25,-1,0.9686672973632813,0.673,1.0201260375976562,0.652
resolution_max_b1_gaussian_conv,0,8211,after,32,0.0,recalibrated,5,0.025,1,0.3731699676513672,0.874,0.5487865600585937,0.801
resolution_max_b1_gaussian_conv,0,8211,after,32,0.0,recalibrated,5,0.025,-1,0.37676296997070313,0.875,0.551121337890625,0.807
resolution_max_b1_gaussian_conv,0,8211,after,32,0.0,recalibrated,5,0.05,1,0.39201153564453123,0.867,0.5616200866699219,0.8
resolution_max_b1_gaussian_conv,0,8211,after,32,0.0,recalibrated,5,0.05,-1,0.40116621398925784,0.859,0.5675587463378906,0.804
resolution_max_b1_gaussian_conv,0,8211,after,32,0.0,recalibrated,5,0.1,1,0.46099386596679687,0.842,0.61677685546875,0.789
resolution_max_b1_gaussian_conv,0,8211,after,32,0.0,recalibrated,5,0.1,-1,0.48522592163085937,0.824,0.62399267578125,0.784
resolution_max_b1_gaussian_conv,0,8211,after,32,0.0,recalibrated,5,0.2,1,0.7931822204589843,0.719,0.8913040771484375,0.708
resolution_max_b1_gaussian_conv,0,8211,after,32,0.0,recalibrated,5,0.2,-1,0.7731672668457031,0.737,0.8522602844238282,0.695
resolution_max_b1_gaussian_conv,0,8211,after,32,0.0,recalibrated,5,0.25,1,1.0844437866210936,0.626,1.1524100341796875,0.625
resolution_max_b1_gaussian_conv,0,8211,after,32,0.0,recalibrated,5,0.25,-1,0.968039794921875,0.674,1.0183638610839845,0.651
resolution_max_b1_gaussian_conv,0,8211,before,32,0.3,recalibrated,6,0.025,1,0.36930093383789064,0.878,0.5530735473632813,0.804
resolution_max_b1_gaussian_conv,0,8211,before,32,0.3,recalibrated,6,0.025,-1,0.3675208435058594,0.876,0.5389723205566406,0.81
resolution_max_b1_gaussian_conv,0,8211,before,32,0.3,recalibrated,6,0.05,1,0.3877508087158203,0.87,0.5667714233398438,0.801
resolution_max_b1_gaussian_conv,0,8211,before,32,0.3,recalibrated,6,0.05,-1,0.3808240203857422,0.867,0.5444095001220703,0.81
resolution_max_b1_gaussian_conv,0,8211,before,32,0.3,recalibrated,6,0.1,1,0.45808096313476565,0.848,0.6116146850585937,0.778
resolution_max_b1_gaussian_conv,0,8211,before,32,0.3,recalibrated,6,0.1,-1,0.4315940246582031,0.844,0.57731982421875,0.803
resolution_max_b1_gaussian_conv,0,8211,before,32,0.3,recalibrated,6,0.2,1,0.7425317077636718,0.746,0.8298380737304687,0.712
resolution_max_b1_gaussian_conv,0,8211,before,32,0.3,recalibrated,6,0.2,-1,0.6284159545898438,0.775,0.7207471313476562,0.745
resolution_max_b1_gaussian_conv,0,8211,before,32,0.3,recalibrated,6,0.25,1,0.9462666015625,0.671,1.0041647338867188,0.656
resolution_max_b1_gaussian_conv,0,8211,before,32,0.3,recalibrated,6,0.25,-1,0.7869080810546875,0.724,0.8439951477050781,0.701
resolution_max_b1_gaussian_conv,0,8211,after,32,0.0,recalibrated,6,0.025,1,0.37401527404785156,0.877,0.5549914245605468,0.802
resolution_max_b1_gaussian_conv,0,8211,after,32,0.0,recalibrated,6,0.025,-1,0.37246441650390627,0.876,0.5419438171386719,0.812
resolution_max_b1_gaussian_conv,0,8211,after,32,0.0,recalibrated,6,0.05,1,0.39205575561523437,0.869,0.5688817138671876,0.8
resolution_max_b1_gaussian_conv,0,8211,after,32,0.0,recalibrated,6,0.05,-1,0.38589279174804686,0.864,0.5478429565429688,0.81
resolution_max_b1_gaussian_conv,0,8211,after,32,0.0,recalibrated,6,0.1,1,0.4611007843017578,0.849,0.6132349243164062,0.778
resolution_max_b1_gaussian_conv,0,8211,after,32,0.0,recalibrated,6,0.1,-1,0.4378669738769531,0.838,0.5821543273925781,0.803
resolution_max_b1_gaussian_conv,0,8211,after,32,0.0,recalibrated,6,0.2,1,0.7407669677734375,0.748,0.8261188354492187,0.712
resolution_max_b1_gaussian_conv,0,8211,after,32,0.0,recalibrated,6,0.2,-1,0.6361079711914063,0.771,0.7274227600097656,0.746
resolution_max_b1_gaussian_conv,0,8211,after,32,0.0,recalibrated,6,0.25,1,0.9398595886230469,0.666,0.9983519897460937,0.654
resolution_max_b1_gaussian_conv,0,8211,after,32,0.0,recalibrated,6,0.25,-1,0.7945252380371094,0.72,0.8519186401367187,0.699
resolution_max_b1_gaussian_conv,0,8211,before,32,0.3,recalibrated,7,0.025,1,0.3672010955810547,0.875,0.5394019775390625,0.809
resolution_max_b1_gaussian_conv,0,8211,before,32,0.3,recalibrated,7,0.025,-1,0.3670792541503906,0.882,0.5505357666015624,0.808
resolution_max_b1_gaussian_conv,0,8211,before,32,0.3,recalibrated,7,0.05,1,0.3806524963378906,0.867,0.5417013244628907,0.806
resolution_max_b1_gaussian_conv,0,8211,before,32,0.3,recalibrated,7,0.05,-1,0.3785153045654297,0.87,0.5652610778808593,0.805
resolution_max_b1_gaussian_conv,0,8211,before,32,0.3,recalibrated,7,0.1,1,0.43033518981933594,0.849,0.5651332397460938,0.797
resolution_max_b1_gaussian_conv,0,8211,before,32,0.3,recalibrated,7,0.1,-1,0.42397027587890623,0.848,0.6165046081542969,0.792
resolution_max_b1_gaussian_conv,0,8211,before,32,0.3,recalibrated,7,0.2,1,0.6351645202636719,0.781,0.7059794616699219,0.758
resolution_max_b1_gaussian_conv,0,8211,before,32,0.3,recalibrated,7,0.2,-1,0.6313131408691406,0.774,0.8111062316894532,0.738
resolution_max_b1_gaussian_conv,0,8211,before,32,0.3,recalibrated,7,0.25,1,0.78815283203125,0.72,0.8386221618652344,0.704
resolution_max_b1_gaussian_conv,0,8211,before,32,0.3,recalibrated,7,0.25,-1,0.8099545288085938,0.716,0.9640307312011719,0.691
resolution_max_b1_gaussian_conv,0,8211,after,32,0.0,recalibrated,7,0.025,1,0.3717223815917969,0.875,0.5418442993164062,0.807
resolution_max_b1_gaussian_conv,0,8211,after,32,0.0,recalibrated,7,0.025,-1,0.372218505859375,0.88,0.5532615966796876,0.807
resolution_max_b1_gaussian_conv,0,8211,after,32,0.0,recalibrated,7,0.05,1,0.3851588134765625,0.867,0.5445246276855469,0.806
resolution_max_b1_gaussian_conv,0,8211,after,32,0.0,recalibrated,7,0.05,-1,0.3838484191894531,0.872,0.5679910278320313,0.805
resolution_max_b1_gaussian_conv,0,8211,after,32,0.0,recalibrated,7,0.1,1,0.43541903686523437,0.844,0.5680966491699219,0.795
resolution_max_b1_gaussian_conv,0,8211,after,32,0.0,recalibrated,7,0.1,-1,0.430335205078125,0.844,0.61876123046875,0.793
resolution_max_b1_gaussian_conv,0,8211,after,32,0.0,recalibrated,7,0.2,1,0.64011279296875,0.78,0.7102052001953125,0.757
resolution_max_b1_gaussian_conv,0,8211,after,32,0.0,recalibrated,7,0.2,-1,0.6387489318847657,0.779,0.8127304077148437,0.738
resolution_max_b1_gaussian_conv,0,8211,after,32,0.0,recalibrated,7,0.25,1,0.79339453125,0.723,0.8424879760742188,0.703
resolution_max_b1_gaussian_conv,0,8211,after,32,0.0,recalibrated,7,0.25,-1,0.8172203979492187,0.714,0.9656151733398437,0.697
resolution_max_b1_gaussian_conv,0,8211,before,32,0.3,recalibrated,8,0.025,1,0.3728203430175781,0.875,0.5524322357177734,0.808
resolution_max_b1_gaussian_conv,0,8211,before,32,0.3,recalibrated,8,0.025,-1,0.3639398651123047,0.88,0.5403639373779296,0.812
resolution_max_b1_gaussian_conv,0,8211,before,32,0.3,recalibrated,8,0.05,1,0.3941851348876953,0.871,0.5711669921875,0.803
resolution_max_b1_gaussian_conv,0,8211,before,32,0.3,recalibrated,8,0.05,-1,0.37457427978515623,0.875,0.5458174438476563,0.805
resolution_max_b1_gaussian_conv,0,8211,before,32,0.3,recalibrated,8,0.1,1,0.4700995788574219,0.835,0.6372389221191406,0.787
resolution_max_b1_gaussian_conv,0,8211,before,32,0.3,recalibrated,8,0.1,-1,0.4279546966552734,0.855,0.5845308837890625,0.798
resolution_max_b1_gaussian_conv,0,8211,before,32,0.3,recalibrated,8,0.2,1,0.7642596435546875,0.729,0.8751369323730469,0.713
resolution_max_b1_gaussian_conv,0,8211,before,32,0.3,recalibrated,8,0.2,-1,0.6398516235351562,0.783,0.7911713562011718,0.719
resolution_max_b1_gaussian_conv,0,8211,before,32,0.3,recalibrated,8,0.25,1,0.9977994995117188,0.657,1.0526518249511718,0.656
resolution_max_b1_gaussian_conv,0,8211,before,32,0.3,recalibrated,8,0.25,-1,0.8123746032714844,0.706,0.9593520812988281,0.663
resolution_max_b1_gaussian_conv,0,8211,after,32,0.0,recalibrated,8,0.025,1,0.37769964599609374,0.878,0.5551007080078125,0.805
resolution_max_b1_gaussian_conv,0,8211,after,32,0.0,recalibrated,8,0.025,-1,0.36851972961425783,0.879,0.5433827819824218,0.808
resolution_max_b1_gaussian_conv,0,8211,after,32,0.0,recalibrated,8,0.05,1,0.39894952392578126,0.871,0.5734895629882812,0.801
resolution_max_b1_gaussian_conv,0,8211,after,32,0.0,recalibrated,8,0.05,-1,0.37927320861816405,0.877,0.5487884826660157,0.805
resolution_max_b1_gaussian_conv,0,8211,after,32,0.0,recalibrated,8,0.1,1,0.475421630859375,0.832,0.6370890197753907,0.788
resolution_max_b1_gaussian_conv,0,8211,after,32,0.0,recalibrated,8,0.1,-1,0.4332284088134766,0.856,0.5876054077148437,0.8
resolution_max_b1_gaussian_conv,0,8211,after,32,0.0,recalibrated,8,0.2,1,0.7693715209960937,0.724,0.8737093200683593,0.711
resolution_max_b1_gaussian_conv,0,8211,after,32,0.0,recalibrated,8,0.2,-1,0.6450498352050781,0.783,0.7912513732910156,0.718
resolution_max_b1_gaussian_conv,0,8211,after,32,0.0,recalibrated,8,0.25,1,1.0001027526855468,0.658,1.050955078125,0.652
resolution_max_b1_gaussian_conv,0,8211,after,32,0.0,recalibrated,8,0.25,-1,0.8175868225097657,0.71,0.9579869384765625,0.662
resolution_max_b1_gaussian_conv,0,8211,before,32,0.3,recalibrated,9,0.025,1,0.36623004150390626,0.879,0.5399083557128906,0.811
resolution_max_b1_gaussian_conv,0,8211,before,32,0.3,recalibrated,9,0.025,-1,0.36742391967773436,0.88,0.5516998901367187,0.813
resolution_max_b1_gaussian_conv,0,8211,before,32,0.3,recalibrated,9,0.05,1,0.377646728515625,0.88,0.5440355834960937,0.812
resolution_max_b1_gaussian_conv,0,8211,before,32,0.3,recalibrated,9,0.05,-1,0.3807777099609375,0.875,0.5672304077148438,0.806
resolution_max_b1_gaussian_conv,0,8211,before,32,0.3,recalibrated,9,0.1,1,0.4269387512207031,0.858,0.5734221801757813,0.795
resolution_max_b1_gaussian_conv,0,8211,before,32,0.3,recalibrated,9,0.1,-1,0.4346448822021484,0.853,0.6114582824707031,0.798
resolution_max_b1_gaussian_conv,0,8211,before,32,0.3,recalibrated,9,0.2,1,0.6557735290527343,0.766,0.749880615234375,0.729
resolution_max_b1_gaussian_conv,0,8211,before,32,0.3,recalibrated,9,0.2,-1,0.6704341430664063,0.776,0.7879352722167968,0.738
resolution_max_b1_gaussian_conv,0,8211,before,32,0.3,recalibrated,9,0.25,1,0.8396401062011719,0.718,0.9090756530761719,0.687
resolution_max_b1_gaussian_conv,0,8211,before,32,0.3,recalibrated,9,0.25,-1,0.8525023803710937,0.697,0.9515581665039062,0.672
resolution_max_b1_gaussian_conv,0,8211,after,32,0.0,recalibrated,9,0.025,1,0.3706500549316406,0.875,0.5424957580566406,0.814
resolution_max_b1_gaussian_conv,0,8211,after,32,0.0,recalibrated,9,0.025,-1,0.3721639251708984,0.882,0.5545121765136719,0.809
resolution_max_b1_gaussian_conv,0,8211,after,32,0.0,recalibrated,9,0.05,1,0.3820189514160156,0.88,0.5464627532958984,0.811
resolution_max_b1_gaussian_conv,0,8211,after,32,0.0,recalibrated,9,0.05,-1,0.38570848083496095,0.873,0.5697716674804687,0.807
resolution_max_b1_gaussian_conv,0,8211,after,32,0.0,recalibrated,9,0.1,1,0.43209693908691404,0.856,0.5751983642578125,0.793
resolution_max_b1_gaussian_conv,0,8211,after,32,0.0,recalibrated,9,0.1,-1,0.4407789306640625,0.852,0.6155765380859375,0.794
resolution_max_b1_gaussian_conv,0,8211,after,32,0.0,recalibrated,9,0.2,1,0.6597129821777343,0.764,0.7528797607421875,0.724
resolution_max_b1_gaussian_conv,0,8211,after,32,0.0,recalibrated,9,0.2,-1,0.6778761596679688,0.773,0.79277001953125,0.735
resolution_max_b1_gaussian_conv,0,8211,after,32,0.0,recalibrated,9,0.25,1,0.8428799438476563,0.721,0.9134578857421874,0.683
resolution_max_b1_gaussian_conv,0,8211,after,32,0.0,recalibrated,9,0.25,-1,0.8595776977539062,0.692,0.9574853820800782,0.67
gaussian_postrelu,0,1173,before,,1.0,saved,,0.0,0,1.13690380859375,0.589,1.1731246337890624,0.573
gaussian_postrelu,0,1173,before,,1.0,recalibrated,,0.0,0,1.11490087890625,0.597,1.1559302978515624,0.578
gaussian_postrelu,0,1173,before,,1.0,recalibrated,0,0.025,1,1.1339193115234374,0.589,1.173973876953125,0.57
gaussian_postrelu,0,1173,before,,1.0,recalibrated,0,0.025,-1,1.11007958984375,0.6,1.1468406372070312,0.587
gaussian_postrelu,0,1173,before,,1.0,recalibrated,0,0.05,1,1.162153564453125,0.582,1.20220166015625,0.562
gaussian_postrelu,0,1173,before,,1.0,recalibrated,0,0.05,-1,1.120514892578125,0.593,1.1469019165039063,0.585
gaussian_postrelu,0,1173,before,,1.0,recalibrated,0,0.1,1,1.2406385498046875,0.563,1.2884622802734376,0.531
gaussian_postrelu,0,1173,before,,1.0,recalibrated,0,0.1,-1,1.1877426147460937,0.576,1.18403271484375,0.573
gaussian_postrelu,0,1173,before,,1.0,recalibrated,0,0.2,1,1.4975211181640624,0.464,1.5568536376953126,0.438
gaussian_postrelu,0,1173,before,,1.0,recalibrated,0,0.2,-1,1.4817462158203125,0.479,1.4178076171875,0.489
gaussian_postrelu,0,1173,before,,1.0,recalibrated,0,0.25,1,1.666880859375,0.397,1.7171862182617188,0.395
gaussian_postrelu,0,1173,before,,1.0,recalibrated,0,0.25,-1,1.6741967163085938,0.429,1.593373291015625,0.435
gaussian_postrelu,0,1173,after,,0.85,saved,,0.0,0,1.168889892578125,0.583,1.188793701171875,0.565
gaussian_postrelu,0,1173,after,,0.85,recalibrated,,0.0,0,1.1194549560546876,0.606,1.149741943359375,0.588
gaussian_postrelu,0,1173,after,,0.85,recalibrated,0,0.025,1,1.1342200317382813,0.596,1.166760009765625,0.579
gaussian_postrelu,0,1173,after,,0.85,recalibrated,0,0.025,-1,1.11710595703125,0.613,1.1418413696289063,0.584
gaussian_postrelu,0,1173,after,,0.85,recalibrated,0,0.05,1,1.1594443969726562,0.59,1.1940958251953124,0.567
gaussian_postrelu,0,1173,after,,0.85,recalibrated,0,0.05,-1,1.1276338500976562,0.603,1.142667236328125,0.584
gaussian_postrelu,0,1173,after,,0.85,recalibrated,0,0.1,1,1.233145263671875,0.568,1.2747301635742188,0.545
gaussian_postrelu,0,1173,after,,0.85,recalibrated,0,0.1,-1,1.1880018310546876,0.577,1.1797799072265625,0.573
gaussian_postrelu,0,1173,after,,0.85,recalibrated,0,0.2,1,1.471000244140625,0.478,1.521336181640625,0.454
gaussian_postrelu,0,1173,after,,0.85,recalibrated,0,0.2,-1,1.44911328125,0.484,1.3946964111328124,0.498
gaussian_postrelu,0,1173,after,,0.85,recalibrated,0,0.25,1,1.63061669921875,0.414,1.6713292236328126,0.413
gaussian_postrelu,0,1173,after,,0.85,recalibrated,0,0.25,-1,1.6256344604492188,0.436,1.5559207153320314,0.436
gaussian_postrelu,0,1173,final,,0.0,saved,,0.0,0,4.967013427734375,0.107,4.86751806640625,0.117
gaussian_postrelu,0,1173,final,,0.0,recalibrated,,0.0,0,1.9362769165039062,0.253,1.9167481079101563,0.271
gaussian_postrelu,0,1173,final,,0.0,recalibrated,0,0.025,1,1.943435791015625,0.253,1.9282088623046876,0.27
gaussian_postrelu,0,1173,final,,0.0,recalibrated,0,0.025,-1,1.93434619140625,0.254,1.9120835571289063,0.271
gaussian_postrelu,0,1173,final,,0.0,recalibrated,0,0.05,1,1.9554986572265625,0.25,1.945677978515625,0.26
gaussian_postrelu,0,1173,final,,0.0,recalibrated,0,0.05,-1,1.9374774780273438,0.257,1.9134256591796874,0.272
gaussian_postrelu,0,1173,final,,0.0,recalibrated,0,0.1,1,1.9943109741210938,0.246,1.9932601318359375,0.244
gaussian_postrelu,0,1173,final,,0.0,recalibrated,0,0.1,-1,1.9578779296875,0.252,1.9334733276367186,0.263
gaussian_postrelu,0,1173,final,,0.0,recalibrated,0,0.2,1,2.110417236328125,0.2,2.1288828125,0.193
gaussian_postrelu,0,1173,final,,0.0,recalibrated,0,0.2,-1,2.05060888671875,0.218,2.0254114990234373,0.225
gaussian_postrelu,0,1173,final,,0.0,recalibrated,0,0.25,1,2.1846636962890624,0.173,2.2093626708984373,0.16
gaussian_postrelu,0,1173,final,,0.0,recalibrated,0,0.25,-1,2.111814453125,0.195,2.0884228515625,0.2
gaussian_postrelu,0,1173,before,,1.0,recalibrated,1,0.025,1,1.11620458984375,0.59,1.1559254150390625,0.578
gaussian_postrelu,0,1173,before,,1.0,recalibrated,1,0.025,-1,1.12329052734375,0.605,1.16398681640625,0.582
gaussian_postrelu,0,1173,before,,1.0,recalibrated,1,0.05,1,1.1275712280273438,0.585,1.1649578857421874,0.573
gaussian_postrelu,0,1173,before,,1.0,recalibrated,1,0.05,-1,1.1413368530273438,0.596,1.1808291625976564,0.575
gaussian_postrelu,0,1173,before,,1.0,recalibrated,1,0.1,1,1.1811519165039062,0.562,1.218725341796875,0.551
gaussian_postrelu,0,1173,before,,1.0,recalibrated,1,0.1,-1,1.2031892700195312,0.563,1.2379998168945312,0.548
gaussian_postrelu,0,1173,before,,1.0,recalibrated,1,0.2,1,1.4447613525390626,0.473,1.4724190673828126,0.476
gaussian_postrelu,0,1173,before,,1.0,recalibrated,1,0.2,-1,1.4047522583007812,0.485,1.4269505615234375,0.478
gaussian_postrelu,0,1173,before,,1.0,recalibrated,1,0.25,1,1.6377050170898437,0.419,1.66643798828125,0.408
gaussian_postrelu,0,1173,before,,1.0,recalibrated,1,0.25,-1,1.5395504760742187,0.445,1.557010498046875,0.452
gaussian_postrelu,0,1173,after,,0.85,recalibrated,1,0.025,1,1.1183610229492187,0.596,1.1490961303710938,0.584
gaussian_postrelu,0,1173,after,,0.85,recalibrated,1,0.025,-1,1.1296326293945314,0.608,1.158264404296875,0.581
gaussian_postrelu,0,1173,after,,0.85,recalibrated,1,0.05,1,1.1268770141601563,0.591,1.1576171875,0.581
gaussian_postrelu,0,1173,after,,0.85,recalibrated,1,0.05,-1,1.1480083618164063,0.603,1.175237060546875,0.578
gaussian_postrelu,0,1173,after,,0.85,recalibrated,1,0.1,1,1.1741129760742188,0.569,1.2080361328125,0.565
gaussian_postrelu,0,1173,after,,0.85,recalibrated,1,0.1,-1,1.20810693359375,0.565,1.230700927734375,0.547
gaussian_postrelu,0,1173,after,,0.85,recalibrated,1,0.2,1,1.4129613647460937,0.484,1.439533447265625,0.478
gaussian_postrelu,0,1173,after,,0.85,recalibrated,1,0.2,-1,1.3987652587890624,0.497,1.4113704833984375,0.489
gaussian_postrelu,0,1173,after,,0.85,recalibrated,1,0.25,1,1.59278271484375,0.413,1.615741943359375,0.414
gaussian_postrelu,0,1173,after,,0.85,recalibrated,1,0.25,-1,1.5262522583007812,0.446,1.535171630859375,0.448
gaussian_postrelu,0,1173,final,,0.0,recalibrated,1,0.025,1,1.9323240966796875,0.254,1.9120982666015625,0.276
gaussian_postrelu,0,1173,final,,0.0,recalibrated,1,0.025,-1,1.9448584594726563,0.247,1.9260226440429689,0.267
gaussian_postrelu,0,1173,final,,0.0,recalibrated,1,0.05,1,1.933785888671875,0.259,1.9125691528320312,0.277
gaussian_postrelu,0,1173,final,,0.0,recalibrated,1,0.05,-1,1.957603759765625,0.244,1.9401620483398438,0.264
gaussian_postrelu,0,1173,final,,0.0,recalibrated,1,0.1,1,1.9515478515625,0.252,1.9291251220703125,0.271
gaussian_postrelu,0,1173,final,,0.0,recalibrated,1,0.1,-1,1.994621337890625,0.24,1.9805242309570312,0.235
gaussian_postrelu,0,1173,final,,0.0,recalibrated,1,0.2,1,2.0449951171875,0.224,2.02245654296875,0.224
gaussian_postrelu,0,1173,final,,0.0,recalibrated,1,0.2,-1,2.09436572265625,0.209,2.0896533203125,0.205
gaussian_postrelu,0,1173,final,,0.0,recalibrated,1,0.25,1,2.108317626953125,0.206,2.0876650390625,0.204
gaussian_postrelu,0,1173,final,,0.0,recalibrated,1,0.25,-1,2.154347900390625,0.19,2.151423095703125,0.185
gaussian_postrelu,0,1173,before,,1.0,recalibrated,2,0.025,1,1.1261302490234375,0.591,1.1741484985351562,0.573
gaussian_postrelu,0,1173,before,,1.0,recalibrated,2,0.025,-1,1.1230535888671875,0.609,1.157229736328125,0.574
gaussian_postrelu,0,1173,before,,1.0,recalibrated,2,0.05,1,1.1536814575195313,0.576,1.2089522094726564,0.571
gaussian_postrelu,0,1173,before,,1.0,recalibrated,2,0.05,-1,1.1515155029296875,0.591,1.1760628051757813,0.559
gaussian_postrelu,0,1173,before,,1.0,recalibrated,2,0.1,1,1.2497500610351562,0.536,1.319643798828125,0.529
gaussian_postrelu,0,1173,before,,1.0,recalibrated,2,0.1,-1,1.2561838989257812,0.548,1.2571678466796874,0.539
gaussian_postrelu,0,1173,before,,1.0,recalibrated,2,0.2,1,1.536416259765625,0.446,1.605894287109375,0.445
gaussian_postrelu,0,1173,before,,1.0,recalibrated,2,0.2,-1,1.5463702392578125,0.437,1.5126260986328126,0.453
gaussian_postrelu,0,1173,before,,1.0,recalibrated,2,0.25,1,1.6689860229492188,0.41,1.7184364013671876,0.387
gaussian_postrelu,0,1173,before,,1.0,recalibrated,2,0.25,-1,1.6818441772460937,0.404,1.6512430419921875,0.413
gaussian_postrelu,0,1173,after,,0.85,recalibrated,2,0.025,1,1.1311185913085937,0.594,1.169352294921875,0.587
gaussian_postrelu,0,1173,after,,0.85,recalibrated,2,0.025,-1,1.1246078491210938,0.604,1.1488243408203125,0.581
gaussian_postrelu,0,1173,after,,0.85,recalibrated,2,0.05,1,1.1578504028320313,0.577,1.2046367797851563,0.569
gaussian_postrelu,0,1173,after,,0.85,recalibrated,2,0.05,-1,1.148832763671875,0.59,1.1662318725585938,0.568
gaussian_postrelu,0,1173,after,,0.85,recalibrated,2,0.1,1,1.2485317993164062,0.539,1.3110296020507812,0.546
gaussian_postrelu,0,1173,after,,0.85,recalibrated,2,0.1,-1,1.2419652709960938,0.551,1.2435076293945313,0.543
gaussian_postrelu,0,1173,after,,0.85,recalibrated,2,0.2,1,1.5113677368164062,0.446,1.5795262451171874,0.438
gaussian_postrelu,0,1173,after,,0.85,recalibrated,2,0.2,-1,1.5117054443359375,0.449,1.4806292114257813,0.45
gaussian_postrelu,0,1173,after,,0.85,recalibrated,2,0.25,1,1.635572021484375,0.416,1.6863731689453125,0.399
gaussian_postrelu,0,1173,after,,0.85,recalibrated,2,0.25,-1,1.6423497924804686,0.412,1.6115366821289063,0.408
gaussian_postrelu,0,1173,final,,0.0,recalibrated,2,0.025,1,1.9398809204101561,0.253,1.918970703125,0.269
gaussian_postrelu,0,1173,final,,0.0,recalibrated,2,0.025,-1,1.9383482055664063,0.256,1.920419677734375,0.272
gaussian_postrelu,0,1173,final,,0.0,recalibrated,2,0.05,1,1.948859619140625,0.252,1.9260223999023438,0.27
gaussian_postrelu,0,1173,final,,0.0,recalibrated,2,0.05,-1,1.9475791625976562,0.248,1.9300743408203125,0.265
gaussian_postrelu,0,1173,final,,0.0,recalibrated,2,0.1,1,1.972365234375,0.253,1.9508875122070313,0.269
gaussian_postrelu,0,1173,final,,0.0,recalibrated,2,0.1,-1,1.9817079467773437,0.24,1.9655374755859376,0.244
gaussian_postrelu,0,1173,final,,0.0,recalibrated,2,0.2,1,2.0332015991210937,0.232,2.021341125488281,0.26
gaussian_postrelu,0,1173,final,,0.0,recalibrated,2,0.2,-1,2.0701356201171874,0.218,2.055846435546875,0.209
gaussian_postrelu,0,1173,final,,0.0,recalibrated,2,0.25,1,2.0691966552734375,0.227,2.05851416015625,0.25
gaussian_postrelu,0,1173,final,,0.0,recalibrated,2,0.25,-1,2.1140201416015625,0.211,2.1044217529296874,0.205
gaussian_postrelu,0,1173,before,,1.0,recalibrated,3,0.025,1,1.1242797241210938,0.589,1.1645282592773438,0.579
gaussian_postrelu,0,1173,before,,1.0,recalibrated,3,0.025,-1,1.115611572265625,0.599,1.1567396240234376,0.583
gaussian_postrelu,0,1173,before,,1.0,recalibrated,3,0.05,1,1.1434293823242188,0.588,1.1823062744140624,0.567
gaussian_postrelu,0,1173,before,,1.0,recalibrated,3,0.05,-1,1.1267396850585938,0.597,1.1670335693359375,0.582
gaussian_postrelu,0,1173,before,,1.0,recalibrated,3,0.1,1,1.2093317260742187,0.564,1.2443802490234375,0.54
gaussian_postrelu,0,1173,before,,1.0,recalibrated,3,0.1,-1,1.17933056640625,0.565,1.2164235229492188,0.563
gaussian_postrelu,0,1173,before,,1.0,recalibrated,3,0.2,1,1.4948038940429687,0.47,1.5321693725585936,0.438
gaussian_postrelu,0,1173,before,,1.0,recalibrated,3,0.2,-1,1.3744733276367187,0.505,1.4090462646484374,0.498
gaussian_postrelu,0,1173,before,,1.0,recalibrated,3,0.25,1,1.7217877807617188,0.4,1.7743655395507814,0.373
gaussian_postrelu,0,1173,before,,1.0,recalibrated,3,0.25,-1,1.5254804077148438,0.458,1.5422326049804687,0.458
gaussian_postrelu,0,1173,after,,0.85,recalibrated,3,0.025,1,1.12573388671875,0.601,1.1552412109375,0.582
gaussian_postrelu,0,1173,after,,0.85,recalibrated,3,0.025,-1,1.1220999145507813,0.6,1.1526099853515626,0.589
gaussian_postrelu,0,1173,after,,0.85,recalibrated,3,0.05,1,1.1416414794921874,0.594,1.170287841796875,0.575
gaussian_postrelu,0,1173,after,,0.85,recalibrated,3,0.05,-1,1.1339816284179687,0.602,1.1641279907226563,0.586
gaussian_postrelu,0,1173,after,,0.85,recalibrated,3,0.1,1,1.2007970581054688,0.568,1.2244725952148436,0.546
gaussian_postrelu,0,1173,after,,0.85,recalibrated,3,0.1,-1,1.1830699462890626,0.581,1.2140767822265626,0.567
gaussian_postrelu,0,1173,after,,0.85,recalibrated,3,0.2,1,1.4523929443359376,0.484,1.4771427001953126,0.452
gaussian_postrelu,0,1173,after,,0.85,recalibrated,3,0.2,-1,1.3598648681640626,0.513,1.3960894165039062,0.497
gaussian_postrelu,0,1173,after,,0.85,recalibrated,3,0.25,1,1.651228759765625,0.424,1.6906196899414063,0.372
gaussian_postrelu,0,1173,after,,0.85,recalibrated,3,0.25,-1,1.4984317626953125,0.472,1.52081005859375,0.46
gaussian_postrelu,0,1173,final,,0.0,recalibrated,3,0.025,1,1.9345560302734375,0.257,1.9139896240234375,0.274
gaussian_postrelu,0,1173,final,,0.0,recalibrated,3,0.025,-1,1.94240478515625,0.249,1.9236588134765624,0.269
gaussian_postrelu,0,1173,final,,0.0,recalibrated,3,0.05,1,1.9372146606445313,0.264,1.9153560180664062,0.267
gaussian_postrelu,0,1173,final,,0.0,recalibrated,3,0.05,-1,1.9534462890625,0.246,1.9357046508789062,0.265
gaussian_postrelu,0,1173,final,,0.0,recalibrated,3,0.1,1,1.9574563598632813,0.261,1.9322973022460936,0.265
gaussian_postrelu,0,1173,final,,0.0,recalibrated,3,0.1,-1,1.9842392578125,0.239,1.9700966796875,0.248
gaussian_postrelu,0,1173,final,,0.0,recalibrated,3,0.2,1,2.052479248046875,0.241,2.026037353515625,0.237
gaussian_postrelu,0,1173,final,,0.0,recalibrated,3,0.2,-1,2.08090185546875,0.211,2.0769229736328123,0.208
gaussian_postrelu,0,1173,final,,0.0,recalibrated,3,0.25,1,2.12326318359375,0.212,2.100536376953125,0.224
gaussian_postrelu,0,1173,final,,0.0,recalibrated,3,0.25,-1,2.141759521484375,0.198,2.13880810546875,0.188
gaussian_postrelu,0,1173,before,,1.0,recalibrated,4,0.025,1,1.1109021606445313,0.601,1.1621090087890624,0.581
gaussian_postrelu,0,1173,before,,1.0,recalibrated,4,0.025,-1,1.1337771606445313,0.591,1.1610995483398439,0.578
gaussian_postrelu,0,1173,before,,1.0,recalibrated,4,0.05,1,1.121845947265625,0.599,1.1800510864257812,0.567
gaussian_postrelu,0,1173,before,,1.0,recalibrated,4,0.05,-1,1.1674073486328125,0.581,1.1779651489257812,0.579
gaussian_postrelu,0,1173,before,,1.0,recalibrated,4,0.1,1,1.1793515625,0.573,1.2447560424804687,0.551
gaussian_postrelu,0,1173,before,,1.0,recalibrated,4,0.1,-1,1.2719102783203124,0.535,1.255779541015625,0.54
gaussian_postrelu,0,1173,before,,1.0,recalibrated,4,0.2,1,1.3934375,0.5,1.4656773681640625,0.462
gaussian_postrelu,0,1173,before,,1.0,recalibrated,4,0.2,-1,1.5602908935546875,0.428,1.5185453491210938,0.458
gaussian_postrelu,0,1173,before,,1.0,recalibrated,4,0.25,1,1.5266207275390624,0.459,1.5928563232421875,0.432
gaussian_postrelu,0,1173,before,,1.0,recalibrated,4,0.25,-1,1.7337606201171876,0.369,1.6674390869140625,0.404
gaussian_postrelu,0,1173,after,,0.85,recalibrated,4,0.025,1,1.1174827270507812,0.606,1.1583046875,0.587
gaussian_postrelu,0,1173,after,,0.85,recalibrated,4,0.025,-1,1.13472265625,0.597,1.152066650390625,0.578
gaussian_postrelu,0,1173,after,,0.85,recalibrated,4,0.05,1,1.1285687255859376,0.606,1.177476806640625,0.58
gaussian_postrelu,0,1173,after,,0.85,recalibrated,4,0.05,-1,1.1636610107421874,0.592,1.1664903564453124,0.576
gaussian_postrelu,0,1173,after,,0.85,recalibrated,4,0.1,1,1.1840989990234374,0.575,1.2410066528320312,0.554
gaussian_postrelu,0,1173,after,,0.85,recalibrated,4,0.1,-1,1.25823486328125,0.538,1.2369721069335937,0.557
gaussian_postrelu,0,1173,after,,0.85,recalibrated,4,0.2,1,1.3896085815429688,0.501,1.4482156982421874,0.47
gaussian_postrelu,0,1173,after,,0.85,recalibrated,4,0.2,-1,1.5223596801757813,0.427,1.4901555786132812,0.452
gaussian_postrelu,0,1173,after,,0.85,recalibrated,4,0.25,1,1.515867431640625,0.459,1.5717911987304687,0.426
gaussian_postrelu,0,1173,after,,0.85,recalibrated,4,0.25,-1,1.68556396484375,0.366,1.6389697265625,0.408
gaussian_postrelu,0,1173,final,,0.0,recalibrated,4,0.025,1,1.9339752197265625,0.257,1.9147501831054687,0.271
gaussian_postrelu,0,1173,final,,0.0,recalibrated,4,0.025,-1,1.9453392944335937,0.252,1.9253477783203126,0.268
gaussian_postrelu,0,1173,final,,0.0,recalibrated,4,0.05,1,1.9371656494140626,0.264,1.9205355224609375,0.272
gaussian_postrelu,0,1173,final,,0.0,recalibrated,4,0.05,-1,1.9601100463867187,0.248,1.9401542358398438,0.253
gaussian_postrelu,0,1173,final,,0.0,recalibrated,4,0.1,1,1.9563311767578124,0.268,1.94705322265625,0.27
gaussian_postrelu,0,1173,final,,0.0,recalibrated,4,0.1,-1,2.0004273681640625,0.239,1.9902171630859375,0.233
gaussian_postrelu,0,1173,final,,0.0,recalibrated,4,0.2,1,2.033907165527344,0.247,2.035505859375,0.242
gaussian_postrelu,0,1173,final,,0.0,recalibrated,4,0.2,-1,2.12514111328125,0.206,2.1257138671875,0.209
gaussian_postrelu,0,1173,final,,0.0,recalibrated,4,0.25,1,2.0800396728515627,0.236,2.0848736572265625,0.224
gaussian_postrelu,0,1173,final,,0.0,recalibrated,4,0.25,-1,2.192963623046875,0.194,2.1897584228515625,0.182
gaussian_postrelu,0,1173,before,,1.0,recalibrated,5,0.025,1,1.1351351928710938,0.59,1.1716417846679688,0.575
gaussian_postrelu,0,1173,before,,1.0,recalibrated,5,0.025,-1,1.10545654296875,0.599,1.1481961669921874,0.59
gaussian_postrelu,0,1173,before,,1.0,recalibrated,5,0.05,1,1.1666187744140626,0.583,1.1949244384765625,0.571
gaussian_postrelu,0,1173,before,,1.0,recalibrated,5,0.05,-1,1.1068761596679688,0.6,1.1482225341796874,0.587
gaussian_postrelu,0,1173,before,,1.0,recalibrated,5,0.1,1,1.2617452392578126,0.543,1.2673229370117187,0.541
gaussian_postrelu,0,1173,before,,1.0,recalibrated,5,0.1,-1,1.1396192626953126,0.586,1.1756055297851562,0.566
gaussian_postrelu,0,1173,before,,1.0,recalibrated,5,0.2,1,1.5691888427734375,0.443,1.5324498901367187,0.45
gaussian_postrelu,0,1173,before,,1.0,recalibrated,5,0.2,-1,1.35869189453125,0.506,1.3935632934570312,0.497
gaussian_postrelu,0,1173,before,,1.0,recalibrated,5,0.25,1,1.7458724365234375,0.408,1.70792529296875,0.402
gaussian_postrelu,0,1173,before,,1.0,recalibrated,5,0.25,-1,1.5330726928710938,0.446,1.5642317504882812,0.443
gaussian_postrelu,0,1173,after,,0.85,recalibrated,5,0.025,1,1.135184814453125,0.594,1.1633433837890625,0.579
gaussian_postrelu,0,1173,after,,0.85,recalibrated,5,0.025,-1,1.1131651611328126,0.604,1.144177490234375,0.59
gaussian_postrelu,0,1173,after,,0.85,recalibrated,5,0.05,1,1.1615769653320311,0.593,1.1840342407226563,0.565
gaussian_postrelu,0,1173,after,,0.85,recalibrated,5,0.05,-1,1.11600927734375,0.604,1.1465953369140625,0.592
gaussian_postrelu,0,1173,after,,0.85,recalibrated,5,0.1,1,1.2445324096679689,0.552,1.2516839599609375,0.546
gaussian_postrelu,0,1173,after,,0.85,recalibrated,5,0.1,-1,1.1485357055664063,0.594,1.1795067138671875,0.578
gaussian_postrelu,0,1173,after,,0.85,recalibrated,5,0.2,1,1.5161879272460939,0.453,1.491522705078125,0.463
gaussian_postrelu,0,1173,after,,0.85,recalibrated,5,0.2,-1,1.3466287231445313,0.502,1.3877024536132812,0.491
gaussian_postrelu,0,1173,after,,0.85,recalibrated,5,0.25,1,1.6797216796875,0.413,1.6496710205078124,0.411
gaussian_postrelu,0,1173,after,,0.85,recalibrated,5,0.25,-1,1.5051002197265626,0.446,1.547809326171875,0.442
gaussian_postrelu,0,1173,final,,0.0,recalibrated,5,0.025,1,1.9426224975585937,0.255,1.9213054809570314,0.268
gaussian_postrelu,0,1173,final,,0.0,recalibrated,5,0.025,-1,1.9332376708984376,0.257,1.91520458984375,0.281
gaussian_postrelu,0,1173,final,,0.0,recalibrated,5,0.05,1,1.9527613525390626,0.255,1.9294325561523438,0.265
gaussian_postrelu,0,1173,final,,0.0,recalibrated,5,0.05,-1,1.933502197265625,0.261,1.917197265625,0.276
gaussian_postrelu,0,1173,final,,0.0,recalibrated,5,0.1,1,1.9824141845703125,0.236,1.955359619140625,0.253
gaussian_postrelu,0,1173,final,,0.0,recalibrated,5,0.1,-1,1.9452806396484374,0.26,1.9351989135742187,0.277
gaussian_postrelu,0,1173,final,,0.0,recalibrated,5,0.2,1,2.06755029296875,0.218,2.0405728759765625,0.218
gaussian_postrelu,0,1173,final,,0.0,recalibrated,5,0.2,-1,2.0184253540039063,0.25,2.021710144042969,0.244
gaussian_postrelu,0,1173,final,,0.0,recalibrated,5,0.25,1,2.120225830078125,0.215,2.0968485107421877,0.204
gaussian_postrelu,0,1173,final,,0.0,recalibrated,5,0.25,-1,2.076677734375,0.233,2.084901611328125,0.226
gaussian_postrelu,0,1173,before,,1.0,recalibrated,6,0.025,1,1.1138139038085937,0.592,1.15435302734375,0.591
gaussian_postrelu,0,1173,before,,1.0,recalibrated,6,0.025,-1,1.1274236450195312,0.594,1.166,0.576
gaussian_postrelu,0,1173,before,,1.0,recalibrated,6,0.05,1,1.1245523681640626,0.593,1.1616095581054688,0.586
gaussian_postrelu,0,1173,before,,1.0,recalibrated,6,0.05,-1,1.149826171875,0.579,1.1846715087890625,0.573
gaussian_postrelu,0,1173,before,,1.0,recalibrated,6,0.1,1,1.181417236328125,0.572,1.2086505126953124,0.553
gaussian_postrelu,0,1173,before,,1.0,recalibrated,6,0.1,-1,1.22076171875,0.562,1.2566620483398439,0.55
gaussian_postrelu,0,1173,before,,1.0,recalibrated,6,0.2,1,1.4601685791015624,0.477,1.4729694213867188,0.461
gaussian_postrelu,0,1173,before,,1.0,recalibrated,6,0.2,-1,1.452086669921875,0.476,1.505520751953125,0.449
gaussian_postrelu,0,1173,before,,1.0,recalibrated,6,0.25,1,1.6813157348632812,0.42,1.6640048828125,0.401
gaussian_postrelu,0,1173,before,,1.0,recalibrated,6,0.25,-1,1.5977930908203124,0.433,1.6510414428710938,0.403
gaussian_postrelu,0,1173,after,,0.85,recalibrated,6,0.025,1,1.1159451293945313,0.606,1.1453082275390625,0.582
gaussian_postrelu,0,1173,after,,0.85,recalibrated,6,0.025,-1,1.1327210693359375,0.607,1.1621735229492187,0.584
gaussian_postrelu,0,1173,after,,0.85,recalibrated,6,0.05,1,1.1229671630859375,0.604,1.1505537719726562,0.579
gaussian_postrelu,0,1173,after,,0.85,recalibrated,6,0.05,-1,1.155072509765625,0.593,1.1832940673828125,0.57
gaussian_postrelu,0,1173,after,,0.85,recalibrated,6,0.1,1,1.1693096923828126,0.588,1.1936101684570313,0.562
gaussian_postrelu,0,1173,after,,0.85,recalibrated,6,0.1,-1,1.2245938110351562,0.566,1.2555869140625,0.551
gaussian_postrelu,0,1173,after,,0.85,recalibrated,6,0.2,1,1.4068084716796876,0.499,1.4255718994140625,0.482
gaussian_postrelu,0,1173,after,,0.85,recalibrated,6,0.2,-1,1.4395140991210937,0.484,1.4926436767578124,0.443
gaussian_postrelu,0,1173,after,,0.85,recalibrated,6,0.25,1,1.604177001953125,0.432,1.5962437744140625,0.406
gaussian_postrelu,0,1173,after,,0.85,recalibrated,6,0.25,-1,1.5752012939453126,0.428,1.63141357421875,0.401
gaussian_postrelu,0,1173,final,,0.0,recalibrated,6,0.025,1,1.9304913940429687,0.254,1.9092393798828124,0.277
gaussian_postrelu,0,1173,final,,0.0,recalibrated,6,0.025,-1,1.946052734375,0.256,1.9278884887695313,0.268
gaussian_postrelu,0,1173,final,,0.0,recalibrated,6,0.05,1,1.9298004760742187,0.258,1.90428369140625,0.284
gaussian_postrelu,0,1173,final,,0.0,recalibrated,6,0.05,-1,1.9588565673828124,0.249,1.9442327880859376,0.252
gaussian_postrelu,0,1173,final,,0.0,recalibrated,6,0.1,1,1.9383055419921875,0.252,1.9078339233398438,0.276
gaussian_postrelu,0,1173,final,,0.0,recalibrated,6,0.1,-1,1.99558056640625,0.24,1.9853446044921874,0.237
gaussian_postrelu,0,1173,final,,0.0,recalibrated,6,0.2,1,1.9947752075195313,0.227,1.9635047607421876,0.248
gaussian_postrelu,0,1173,final,,0.0,recalibrated,6,0.2,-1,2.099496826171875,0.208,2.0943297119140625,0.205
gaussian_postrelu,0,1173,final,,0.0,recalibrated,6,0.25,1,2.038781555175781,0.212,2.008790283203125,0.225
gaussian_postrelu,0,1173,final,,0.0,recalibrated,6,0.25,-1,2.15780419921875,0.193,2.1575633544921873,0.197
gaussian_postrelu,0,1173,before,,1.0,recalibrated,7,0.025,1,1.129037109375,0.592,1.1638612060546876,0.569
gaussian_postrelu,0,1173,before,,1.0,recalibrated,7,0.025,-1,1.1103209228515625,0.606,1.1556448364257812,0.591
gaussian_postrelu,0,1173,before,,1.0,recalibrated,7,0.05,1,1.1516158447265625,0.577,1.1792027587890626,0.573
gaussian_postrelu,0,1173,before,,1.0,recalibrated,7,0.05,-1,1.1152098388671876,0.604,1.1618228759765625,0.587
gaussian_postrelu,0,1173,before,,1.0,recalibrated,7,0.1,1,1.21666064453125,0.547,1.2313616943359376,0.54
gaussian_postrelu,0,1173,before,,1.0,recalibrated,7,0.1,-1,1.1532615356445313,0.592,1.1981227416992188,0.577
gaussian_postrelu,0,1173,before,,1.0,recalibrated,7,0.2,1,1.4178004150390624,0.477,1.4142689208984376,0.479
gaussian_postrelu,0,1173,before,,1.0,recalibrated,7,0.2,-1,1.3408955688476563,0.498,1.3839464111328126,0.506
gaussian_postrelu,0,1173,before,,1.0,recalibrated,7,0.25,1,1.5537445068359375,0.435,1.5375984497070312,0.441
gaussian_postrelu,0,1173,before,,1.0,recalibrated,7,0.25,-1,1.4791024169921876,0.464,1.5314791870117188,0.46
gaussian_postrelu,0,1173,after,,0.85,recalibrated,7,0.025,1,1.1285585327148437,0.603,1.154606201171875,0.578
gaussian_postrelu,0,1173,after,,0.85,recalibrated,7,0.025,-1,1.1183660888671876,0.603,1.1521083374023438,0.592
gaussian_postrelu,0,1173,after,,0.85,recalibrated,7,0.05,1,1.1453829956054689,0.589,1.1666251220703125,0.575
gaussian_postrelu,0,1173,after,,0.85,recalibrated,7,0.05,-1,1.1256751708984376,0.604,1.1622913818359375,0.593
gaussian_postrelu,0,1173,after,,0.85,recalibrated,7,0.1,1,1.1989935913085938,0.569,1.2116154174804687,0.548
gaussian_postrelu,0,1173,after,,0.85,recalibrated,7,0.1,-1,1.1651485595703126,0.585,1.2041651611328126,0.566
gaussian_postrelu,0,1173,after,,0.85,recalibrated,7,0.2,1,1.3763563232421876,0.488,1.3798973999023438,0.484
gaussian_postrelu,0,1173,after,,0.85,recalibrated,7,0.2,-1,1.34587841796875,0.49,1.3837825927734375,0.498
gaussian_postrelu,0,1173,after,,0.85,recalibrated,7,0.25,1,1.5004232177734376,0.452,1.4951381225585938,0.44
gaussian_postrelu,0,1173,after,,0.85,recalibrated,7,0.25,-1,1.4744168701171876,0.459,1.5216422119140625,0.458
gaussian_postrelu,0,1173,final,,0.0,recalibrated,7,0.025,1,1.9248487548828126,0.259,1.9061253662109374,0.277
gaussian_postrelu,0,1173,final,,0.0,recalibrated,7,0.025,-1,1.9508807373046875,0.249,1.9318193969726563,0.266
gaussian_postrelu,0,1173,final,,0.0,recalibrated,7,0.05,1,1.9173613891601562,0.27,1.89864599609375,0.274
gaussian_postrelu,0,1173,final,,0.0,recalibrated,7,0.05,-1,1.9684926147460937,0.238,1.9514662475585938,0.255
gaussian_postrelu,0,1173,final,,0.0,recalibrated,7,0.1,1,1.9145763549804689,0.286,1.8945440063476562,0.276
gaussian_postrelu,0,1173,final,,0.0,recalibrated,7,0.1,-1,2.0104603271484374,0.222,1.9997520751953124,0.237
gaussian_postrelu,0,1173,final,,0.0,recalibrated,7,0.2,1,1.9483391723632812,0.275,1.925608154296875,0.281
gaussian_postrelu,0,1173,final,,0.0,recalibrated,7,0.2,-1,2.126043212890625,0.198,2.1275242919921875,0.213
gaussian_postrelu,0,1173,final,,0.0,recalibrated,7,0.25,1,1.9837884521484375,0.273,1.953900146484375,0.274
gaussian_postrelu,0,1173,final,,0.0,recalibrated,7,0.25,-1,2.1992012939453125,0.193,2.20214697265625,0.201
gaussian_postrelu,0,1173,before,,1.0,recalibrated,8,0.025,1,1.1260606079101563,0.594,1.1691608276367187,0.573
gaussian_postrelu,0,1173,before,,1.0,recalibrated,8,0.025,-1,1.1259629516601561,0.586,1.163384765625,0.573
gaussian_postrelu,0,1173,before,,1.0,recalibrated,8,0.05,1,1.1576741333007812,0.597,1.2029343872070313,0.577
gaussian_postrelu,0,1173,before,,1.0,recalibrated,8,0.05,-1,1.1634913330078125,0.57,1.200037841796875,0.56
gaussian_postrelu,0,1173,before,,1.0,recalibrated,8,0.1,1,1.2742974243164062,0.547,1.3223167114257812,0.526
gaussian_postrelu,0,1173,before,,1.0,recalibrated,8,0.1,-1,1.3213115844726562,0.529,1.3732224731445313,0.488
gaussian_postrelu,0,1173,before,,1.0,recalibrated,8,0.2,1,1.56023779296875,0.45,1.6167603149414063,0.433
gaussian_postrelu,0,1173,before,,1.0,recalibrated,8,0.2,-1,1.7326083984375,0.386,1.7941806640625,0.364
gaussian_postrelu,0,1173,before,,1.0,recalibrated,8,0.25,1,1.7015098876953125,0.405,1.7517659912109376,0.385
gaussian_postrelu,0,1173,before,,1.0,recalibrated,8,0.25,-1,1.914128662109375,0.338,1.9748812255859376,0.309
gaussian_postrelu,0,1173,after,,0.85,recalibrated,8,0.025,1,1.1282078857421876,0.604,1.1640479125976562,0.584
gaussian_postrelu,0,1173,after,,0.85,recalibrated,8,0.025,-1,1.1299961547851562,0.595,1.1547871704101562,0.574
gaussian_postrelu,0,1173,after,,0.85,recalibrated,8,0.05,1,1.1558825073242187,0.597,1.1974119873046876,0.568
gaussian_postrelu,0,1173,after,,0.85,recalibrated,8,0.05,-1,1.161941162109375,0.572,1.1869610595703124,0.564
gaussian_postrelu,0,1173,after,,0.85,recalibrated,8,0.1,1,1.2606068115234375,0.553,1.310119384765625,0.526
gaussian_postrelu,0,1173,after,,0.85,recalibrated,8,0.1,-1,1.3052022094726563,0.527,1.3489927978515626,0.484
gaussian_postrelu,0,1173,after,,0.85,recalibrated,8,0.2,1,1.52660498046875,0.448,1.5875035400390625,0.438
gaussian_postrelu,0,1173,after,,0.85,recalibrated,8,0.2,-1,1.6834873657226563,0.409,1.753615478515625,0.359
gaussian_postrelu,0,1173,after,,0.85,recalibrated,8,0.25,1,1.6584500122070311,0.408,1.7147643432617188,0.386
gaussian_postrelu,0,1173,after,,0.85,recalibrated,8,0.25,-1,1.853146240234375,0.35,1.9241502685546874,0.311
gaussian_postrelu,0,1173,final,,0.0,recalibrated,8,0.025,1,1.9346441650390624,0.259,1.9121991577148438,0.272
gaussian_postrelu,0,1173,final,,0.0,recalibrated,8,0.025,-1,1.9485635375976562,0.254,1.9330760498046875,0.267
gaussian_postrelu,0,1173,final,,0.0,recalibrated,8,0.05,1,1.944074462890625,0.256,1.9191453247070311,0.265
gaussian_postrelu,0,1173,final,,0.0,recalibrated,8,0.05,-1,1.9674420166015625,0.254,1.9584036865234375,0.263
gaussian_postrelu,0,1173,final,,0.0,recalibrated,8,0.1,1,1.9810224609375,0.236,1.9569454956054688,0.24
gaussian_postrelu,0,1173,final,,0.0,recalibrated,8,0.1,-1,2.02085302734375,0.247,2.026085205078125,0.235
gaussian_postrelu,0,1173,final,,0.0,recalibrated,8,0.2,1,2.0845841064453126,0.21,2.0695926513671874,0.216
gaussian_postrelu,0,1173,final,,0.0,recalibrated,8,0.2,-1,2.12401416015625,0.216,2.144694580078125,0.19
gaussian_postrelu,0,1173,final,,0.0,recalibrated,8,0.25,1,2.146888671875,0.196,2.132481201171875,0.195
gaussian_postrelu,0,1173,final,,0.0,recalibrated,8,0.25,-1,2.168023193359375,0.196,2.1928583984375,0.181
gaussian_postrelu,0,1173,before,,1.0,recalibrated,9,0.025,1,1.1157152099609375,0.605,1.1552452392578125,0.578
gaussian_postrelu,0,1173,before,,1.0,recalibrated,9,0.025,-1,1.130400146484375,0.586,1.1672015380859375,0.573
gaussian_postrelu,0,1173,before,,1.0,recalibrated,9,0.05,1,1.1330693359375,0.6,1.1662673950195312,0.57
gaussian_postrelu,0,1173,before,,1.0,recalibrated,9,0.05,-1,1.1603865356445313,0.581,1.1914818115234376,0.566
gaussian_postrelu,0,1173,before,,1.0,recalibrated,9,0.1,1,1.2182718505859376,0.575,1.2347686157226563,0.536
gaussian_postrelu,0,1173,before,,1.0,recalibrated,9,0.1,-1,1.2530327758789062,0.554,1.2784965209960937,0.541
gaussian_postrelu,0,1173,before,,1.0,recalibrated,9,0.2,1,1.5118716430664063,0.476,1.513439208984375,0.459
gaussian_postrelu,0,1173,before,,1.0,recalibrated,9,0.2,-1,1.5092224731445312,0.456,1.5359598388671876,0.455
gaussian_postrelu,0,1173,before,,1.0,recalibrated,9,0.25,1,1.6653139038085938,0.425,1.6571181640625,0.425
gaussian_postrelu,0,1173,before,,1.0,recalibrated,9,0.25,-1,1.66638671875,0.408,1.685955810546875,0.404
gaussian_postrelu,0,1173,after,,0.85,recalibrated,9,0.025,1,1.12184130859375,0.606,1.1479395751953125,0.585
gaussian_postrelu,0,1173,after,,0.85,recalibrated,9,0.025,-1,1.1317772216796875,0.593,1.1619525146484375,0.59
gaussian_postrelu,0,1173,after,,0.85,recalibrated,9,0.05,1,1.1379307861328125,0.599,1.15740576171875,0.584
gaussian_postrelu,0,1173,after,,0.85,recalibrated,9,0.05,-1,1.1580203857421876,0.59,1.1858424072265625,0.578
gaussian_postrelu,0,1173,after,,0.85,recalibrated,9,0.1,1,1.213245849609375,0.572,1.2212021484375,0.548
gaussian_postrelu,0,1173,after,,0.85,recalibrated,9,0.1,-1,1.242156005859375,0.564,1.268171875,0.551
gaussian_postrelu,0,1173,after,,0.85,recalibrated,9,0.2,1,1.4822731323242186,0.47,1.4811368408203125,0.454
gaussian_postrelu,0,1173,after,,0.85,recalibrated,9,0.2,-1,1.4832416381835938,0.468,1.5063884887695314,0.464
gaussian_postrelu,0,1173,after,,0.85,recalibrated,9,0.25,1,1.627282470703125,0.425,1.6196527099609375,0.413
gaussian_postrelu,0,1173,after,,0.85,recalibrated,9,0.25,-1,1.6317511596679688,0.413,1.6483076782226562,0.406
gaussian_postrelu,0,1173,final,,0.0,recalibrated,9,0.025,1,1.9377496337890625,0.256,1.918281494140625,0.267
gaussian_postrelu,0,1173,final,,0.0,recalibrated,9,0.025,-1,1.9396461181640625,0.252,1.9218892822265625,0.267
gaussian_postrelu,0,1173,final,,0.0,recalibrated,9,0.05,1,1.9451717529296875,0.259,1.9259434204101562,0.272
gaussian_postrelu,0,1173,final,,0.0,recalibrated,9,0.05,-1,1.948639404296875,0.261,1.9332012939453125,0.261
gaussian_postrelu,0,1173,final,,0.0,recalibrated,9,0.1,1,1.9738328857421874,0.259,1.95652001953125,0.266
gaussian_postrelu,0,1173,final,,0.0,recalibrated,9,0.1,-1,1.9797312622070313,0.247,1.968820556640625,0.245
gaussian_postrelu,0,1173,final,,0.0,recalibrated,9,0.2,1,2.0686480712890627,0.249,2.057923583984375,0.249
gaussian_postrelu,0,1173,final,,0.0,recalibrated,9,0.2,-1,2.075239990234375,0.216,2.0673692626953124,0.218
gaussian_postrelu,0,1173,final,,0.0,recalibrated,9,0.25,1,2.1211865234375,0.231,2.114055908203125,0.234
gaussian_postrelu,0,1173,final,,0.0,recalibrated,9,0.25,-1,2.12988671875,0.2,2.12486181640625,0.207
gaussian_postrelu,0,8211,before,,0.3,saved,,0.0,0,0.3696404266357422,0.871,0.5867900390625,0.801
gaussian_postrelu,0,8211,before,,0.3,recalibrated,,0.0,0,0.36460203552246095,0.873,0.5779974670410156,0.801
gaussian_postrelu,0,8211,before,,0.3,recalibrated,0,0.025,1,0.36883395385742185,0.874,0.5833011169433594,0.795
gaussian_postrelu,0,8211,before,,0.3,recalibrated,0,0.025,-1,0.3824292449951172,0.867,0.5884085693359375,0.797
gaussian_postrelu,0,8211,before,,0.3,recalibrated,0,0.05,1,0.3936640167236328,0.858,0.6037524108886718,0.797
gaussian_postrelu,0,8211,before,,0.3,recalibrated,0,0.05,-1,0.4271474609375,0.854,0.6156851196289063,0.789
gaussian_postrelu,0,8211,before,,0.3,recalibrated,0,0.1,1,0.5181589813232422,0.814,0.6946215209960938,0.772
gaussian_postrelu,0,8211,before,,0.3,recalibrated,0,0.1,-1,0.604007568359375,0.784,0.7345437622070312,0.751
gaussian_postrelu,0,8211,before,,0.3,recalibrated,0,0.2,1,1.0260570983886719,0.674,1.1139199829101563,0.625
gaussian_postrelu,0,8211,before,,0.3,recalibrated,0,0.2,-1,1.2981580200195313,0.601,1.3580335083007813,0.585
gaussian_postrelu,0,8211,before,,0.3,recalibrated,0,0.25,1,1.3475941162109375,0.59,1.383755126953125,0.55
gaussian_postrelu,0,8211,before,,0.3,recalibrated,0,0.25,-1,1.7147869873046875,0.518,1.7336031494140625,0.517
gaussian_postrelu,0,8211,after,,0.0,saved,,0.0,0,0.3757861328125,0.866,0.5881494140625,0.798
gaussian_postrelu,0,8211,after,,0.0,recalibrated,,0.0,0,0.37164271545410155,0.87,0.5817229614257813,0.795
gaussian_postrelu,0,8211,after,,0.0,recalibrated,0,0.025,1,0.3763545837402344,0.871,0.5877344665527344,0.795
gaussian_postrelu,0,8211,after,,0.0,recalibrated,0,0.025,-1,0.38931036376953126,0.866,0.5918114013671875,0.793
gaussian_postrelu,0,8211,after,,0.0,recalibrated,0,0.05,1,0.4008681488037109,0.86,0.6085147705078126,0.789
gaussian_postrelu,0,8211,after,,0.0,recalibrated,0,0.05,-1,0.43351155090332033,0.855,0.6195065307617188,0.785
gaussian_postrelu,0,8211,after,,0.0,recalibrated,0,0.1,1,0.5251135864257812,0.81,0.6999934997558593,0.771
gaussian_postrelu,0,8211,after,,0.0,recalibrated,0,0.1,-1,0.6101881103515625,0.787,0.737823974609375,0.747
gaussian_postrelu,0,8211,after,,0.0,recalibrated,0,0.2,1,1.0306246337890625,0.668,1.1193958740234375,0.621
gaussian_postrelu,0,8211,after,,0.0,recalibrated,0,0.2,-1,1.2970057983398438,0.6,1.3584270629882813,0.585
gaussian_postrelu,0,8211,after,,0.0,recalibrated,0,0.25,1,1.3506742553710938,0.584,1.38831005859375,0.532
gaussian_postrelu,0,8211,after,,0.0,recalibrated,0,0.25,-1,1.7076281127929687,0.511,1.7292333984375,0.515
gaussian_postrelu,0,8211,before,,0.3,recalibrated,1,0.025,1,0.37294598388671873,0.872,0.5819521484375,0.793
gaussian_postrelu,0,8211,before,,0.3,recalibrated,1,0.025,-1,0.36964398193359377,0.862,0.583362548828125,0.799
gaussian_postrelu,0,8211,before,,0.3,recalibrated,1,0.05,1,0.3972879638671875,0.862,0.5996958312988281,0.79
gaussian_postrelu,0,8211,before,,0.3,recalibrated,1,0.05,-1,0.3881123809814453,0.858,0.6028291931152344,0.798
gaussian_postrelu,0,8211,before,,0.3,recalibrated,1,0.1,1,0.5036898040771485,0.823,0.6783733215332032,0.763
gaussian_postrelu,0,8211,before,,0.3,recalibrated,1,0.1,-1,0.47035401916503905,0.83,0.67590380859375,0.783
gaussian_postrelu,0,8211,before,,0.3,recalibrated,1,0.2,1,0.9956292114257812,0.685,1.1028597412109375,0.653
gaussian_postrelu,0,8211,before,,0.3,recalibrated,1,0.2,-1,0.7800063171386719,0.725,0.9353413391113281,0.686
gaussian_postrelu,0,8211,before,,0.3,recalibrated,1,0.25,1,1.3005875244140626,0.58,1.4011459350585938,0.579
gaussian_postrelu,0,8211,before,,0.3,recalibrated,1,0.25,-1,1.000492919921875,0.65,1.1447717895507812,0.635
gaussian_postrelu,0,8211,after,,0.0,recalibrated,1,0.025,1,0.37982241821289064,0.869,0.5855944519042968,0.795
gaussian_postrelu,0,8211,after,,0.0,recalibrated,1,0.025,-1,0.376939697265625,0.863,0.5873991394042969,0.798
gaussian_postrelu,0,8211,after,,0.0,recalibrated,1,0.05,1,0.40439076232910154,0.866,0.6033486938476562,0.787
gaussian_postrelu,0,8211,after,,0.0,recalibrated,1,0.05,-1,0.39552960205078125,0.851,0.6065362548828125,0.794
gaussian_postrelu,0,8211,after,,0.0,recalibrated,1,0.1,1,0.5102001342773438,0.821,0.6811671752929688,0.761
gaussian_postrelu,0,8211,after,,0.0,recalibrated,1,0.1,-1,0.47741888427734375,0.828,0.6798189697265625,0.777
gaussian_postrelu,0,8211,after,,0.0,recalibrated,1,0.2,1,0.9976934814453124,0.685,1.1030059814453126,0.647
gaussian_postrelu,0,8211,after,,0.0,recalibrated,1,0.2,-1,0.7909877319335937,0.724,0.9415680236816406,0.679
gaussian_postrelu,0,8211,after,,0.0,recalibrated,1,0.25,1,1.2990215454101564,0.578,1.4001366577148437,0.577
gaussian_postrelu,0,8211,after,,0.0,recalibrated,1,0.25,-1,1.012316192626953,0.649,1.1524089965820312,0.627
gaussian_postrelu,0,8211,before,,0.3,recalibrated,2,0.025,1,0.37405181884765626,0.868,0.5933762512207031,0.8
gaussian_postrelu,0,8211,before,,0.3,recalibrated,2,0.025,-1,0.38858258056640627,0.862,0.5851962280273437,0.793
gaussian_postrelu,0,8211,before,,0.3,recalibrated,2,0.05,1,0.4223343048095703,0.848,0.6345583801269531,0.777
gaussian_postrelu,0,8211,before,,0.3,recalibrated,2,0.05,-1,0.44095669555664063,0.853,0.6316773376464844,0.777
gaussian_postrelu,0,8211,before,,0.3,recalibrated,2,0.1,1,0.6645478210449218,0.749,0.8498061828613281,0.719
gaussian_postrelu,0,8211,before,,0.3,recalibrated,2,0.1,-1,0.6203880004882812,0.783,0.7994506225585938,0.738
gaussian_postrelu,0,8211,before,,0.3,recalibrated,2,0.2,1,1.3977247314453125,0.562,1.5478103637695313,0.538
gaussian_postrelu,0,8211,before,,0.3,recalibrated,2,0.2,-1,1.17599560546875,0.619,1.290135986328125,0.594
gaussian_postrelu,0,8211,before,,0.3,recalibrated,2,0.25,1,1.7420385131835938,0.483,1.8875059204101563,0.457
gaussian_postrelu,0,8211,before,,0.3,recalibrated,2,0.25,-1,1.4661221313476562,0.554,1.545784912109375,0.535
gaussian_postrelu,0,8211,after,,0.0,recalibrated,2,0.025,1,0.3819331512451172,0.867,0.5966717834472657,0.798
gaussian_postrelu,0,8211,after,,0.0,recalibrated,2,0.025,-1,0.3953249816894531,0.863,0.5888927612304687,0.792
gaussian_postrelu,0,8211,after,,0.0,recalibrated,2,0.05,1,0.4308357238769531,0.842,0.6380171203613281,0.778
gaussian_postrelu,0,8211,after,,0.0,recalibrated,2,0.05,-1,0.4477622375488281,0.852,0.635392333984375,0.775
gaussian_postrelu,0,8211,after,,0.0,recalibrated,2,0.1,1,0.6727225341796875,0.751,0.8518577575683594,0.713
gaussian_postrelu,0,8211,after,,0.0,recalibrated,2,0.1,-1,0.6282150573730468,0.782,0.801759765625,0.735
gaussian_postrelu,0,8211,after,,0.0,recalibrated,2,0.2,1,1.39613037109375,0.559,1.5379326171875,0.537
gaussian_postrelu,0,8211,after,,0.0,recalibrated,2,0.2,-1,1.179975830078125,0.622,1.2897362670898438,0.592
gaussian_postrelu,0,8211,after,,0.0,recalibrated,2,0.25,1,1.73507861328125,0.483,1.8727485961914063,0.454
gaussian_postrelu,0,8211,after,,0.0,recalibrated,2,0.25,-1,1.466695068359375,0.558,1.5445973510742188,0.535
gaussian_postrelu,0,8211,before,,0.3,recalibrated,3,0.025,1,0.37183494567871095,0.864,0.5783490600585938,0.802
gaussian_postrelu,0,8211,before,,0.3,recalibrated,3,0.025,-1,0.3778830108642578,0.869,0.588489990234375,0.798
gaussian_postrelu,0,8211,before,,0.3,recalibrated,3,0.05,1,0.3965328369140625,0.857,0.5876703186035156,0.788
gaussian_postrelu,0,8211,before,,0.3,recalibrated,3,0.05,-1,0.4122001495361328,0.855,0.6133922729492187,0.795
gaussian_postrelu,0,8211,before,,0.3,recalibrated,3,0.1,1,0.5024579772949219,0.82,0.6432373962402343,0.774
gaussian_postrelu,0,8211,before,,0.3,recalibrated,3,0.1,-1,0.5432735290527344,0.802,0.7042186584472656,0.774
gaussian_postrelu,0,8211,before,,0.3,recalibrated,3,0.2,1,0.9192244262695313,0.681,0.9755983276367187,0.666
gaussian_postrelu,0,8211,before,,0.3,recalibrated,3,0.2,-1,0.9409519653320313,0.674,1.040294677734375,0.666
gaussian_postrelu,0,8211,before,,0.3,recalibrated,3,0.25,1,1.20717333984375,0.593,1.22274365234375,0.59
gaussian_postrelu,0,8211,before,,0.3,recalibrated,3,0.25,-1,1.2057296142578124,0.599,1.2719613647460937,0.592
gaussian_postrelu,0,8211,after,,0.0,recalibrated,3,0.025,1,0.3794208984375,0.864,0.5826051940917969,0.8
gaussian_postrelu,0,8211,after,,0.0,recalibrated,3,0.025,-1,0.3839104614257812,0.871,0.5917796325683594,0.795
gaussian_postrelu,0,8211,after,,0.0,recalibrated,3,0.05,1,0.40445968627929685,0.856,0.5923341064453125,0.788
gaussian_postrelu,0,8211,after,,0.0,recalibrated,3,0.05,-1,0.4176555328369141,0.856,0.6162980651855469,0.793
gaussian_postrelu,0,8211,after,,0.0,recalibrated,3,0.1,1,0.511567886352539,0.816,0.647757568359375,0.771
gaussian_postrelu,0,8211,after,,0.0,recalibrated,3,0.1,-1,0.5500971374511718,0.8,0.7064455261230469,0.767
gaussian_postrelu,0,8211,after,,0.0,recalibrated,3,0.2,1,0.9276790161132813,0.675,0.9804646606445313,0.655
gaussian_postrelu,0,8211,after,,0.0,recalibrated,3,0.2,-1,0.9456067504882812,0.67,1.0409021301269532,0.663
gaussian_postrelu,0,8211,after,,0.0,recalibrated,3,0.25,1,1.2136044311523437,0.59,1.2299248046875,0.574
gaussian_postrelu,0,8211,after,,0.0,recalibrated,3,0.25,-1,1.2089159545898438,0.596,1.2726265869140625,0.593
gaussian_postrelu,0,8211,before,,0.3,recalibrated,4,0.025,1,0.36473884582519533,0.861,0.5909793701171875,0.798
gaussian_postrelu,0,8211,before,,0.3,recalibrated,4,0.025,-1,0.3930694732666016,0.86,0.5834077453613281,0.796
gaussian_postrelu,0,8211,before,,0.3,recalibrated,4,0.05,1,0.3924556274414063,0.859,0.6250352172851562,0.784
gaussian_postrelu,0,8211,before,,0.3,recalibrated,4,0.05,-1,0.4525771484375,0.846,0.6105057067871094,0.778
gaussian_postrelu,0,8211,before,,0.3,recalibrated,4,0.1,1,0.5483222351074218,0.813,0.7570065002441406,0.754
gaussian_postrelu,0,8211,before,,0.3,recalibrated,4,0.1,-1,0.7289988403320312,0.752,0.8250308837890625,0.716
gaussian_postrelu,0,8211,before,,0.3,recalibrated,4,0.2,1,1.0614495239257813,0.65,1.2119899291992187,0.617
gaussian_postrelu,0,8211,before,,0.3,recalibrated,4,0.2,-1,1.4961968383789062,0.54,1.4713681640625,0.546
gaussian_postrelu,0,8211,before,,0.3,recalibrated,4,0.25,1,1.370487060546875,0.562,1.4999270629882813,0.543
gaussian_postrelu,0,8211,before,,0.3,recalibrated,4,0.25,-1,1.8807291870117187,0.451,1.8049472045898438,0.461
gaussian_postrelu,0,8211,after,,0.0,recalibrated,4,0.025,1,0.3715908966064453,0.861,0.5946625366210937,0.796
gaussian_postrelu,0,8211,after,,0.0,recalibrated,4,0.025,-1,0.40047163391113283,0.863,0.5874273986816406,0.794
gaussian_postrelu,0,8211,after,,0.0,recalibrated,4,0.05,1,0.39972811889648435,0.856,0.6295712280273438,0.782
gaussian_postrelu,0,8211,after,,0.0,recalibrated,4,0.05,-1,0.4599688873291016,0.847,0.6157377624511718,0.785
gaussian_postrelu,0,8211,after,,0.0,recalibrated,4,0.1,1,0.5551759643554688,0.806,0.76105810546875,0.755
gaussian_postrelu,0,8211,after,,0.0,recalibrated,4,0.1,-1,0.7340262756347656,0.75,0.8285653076171875,0.711
gaussian_postrelu,0,8211,after,,0.0,recalibrated,4,0.2,1,1.0668828735351563,0.642,1.2132569580078125,0.615
gaussian_postrelu,0,8211,after,,0.0,recalibrated,4,0.2,-1,1.490642333984375,0.534,1.4719124145507811,0.54
gaussian_postrelu,0,8211,after,,0.0,recalibrated,4,0.25,1,1.3747293701171874,0.557,1.500786376953125,0.526
gaussian_postrelu,0,8211,after,,0.0,recalibrated,4,0.25,-1,1.8688143310546874,0.451,1.8020919799804687,0.462
gaussian_postrelu,0,8211,before,,0.3,recalibrated,5,0.025,1,0.3762781219482422,0.865,0.579059326171875,0.794
gaussian_postrelu,0,8211,before,,0.3,recalibrated,5,0.025,-1,0.3828063659667969,0.861,0.59255810546875,0.788
gaussian_postrelu,0,8211,before,,0.3,recalibrated,5,0.05,1,0.42018359375,0.86,0.5994222717285156,0.787
gaussian_postrelu,0,8211,before,,0.3,recalibrated,5,0.05,-1,0.43427357482910156,0.844,0.6303880615234375,0.785
gaussian_postrelu,0,8211,before,,0.3,recalibrated,5,0.1,1,0.6114484252929687,0.783,0.7831346740722657,0.728
gaussian_postrelu,0,8211,before,,0.3,recalibrated,5,0.1,-1,0.6264894714355469,0.786,0.7943502197265625,0.737
gaussian_postrelu,0,8211,before,,0.3,recalibrated,5,0.2,1,1.2349722900390625,0.624,1.3268993530273439,0.589
gaussian_postrelu,0,8211,before,,0.3,recalibrated,5,0.2,-1,1.19224560546875,0.595,1.2576927490234375,0.592
gaussian_postrelu,0,8211,before,,0.3,recalibrated,5,0.25,1,1.5655693359375,0.529,1.6216580200195312,0.513
gaussian_postrelu,0,8211,before,,0.3,recalibrated,5,0.25,-1,1.4773093872070313,0.529,1.5067638549804687,0.522
gaussian_postrelu,0,8211,after,,0.0,recalibrated,5,0.025,1,0.3826445007324219,0.869,0.5832618408203125,0.796
gaussian_postrelu,0,8211,after,,0.0,recalibrated,5,0.025,-1,0.3905364074707031,0.86,0.5959266357421875,0.787
gaussian_postrelu,0,8211,after,,0.0,recalibrated,5,0.05,1,0.4263956298828125,0.859,0.6037454223632812,0.782
gaussian_postrelu,0,8211,after,,0.0,recalibrated,5,0.05,-1,0.44322523498535155,0.843,0.6341344604492187,0.781
gaussian_postrelu,0,8211,after,,0.0,recalibrated,5,0.1,1,0.6162047729492187,0.785,0.788244873046875,0.727
gaussian_postrelu,0,8211,after,,0.0,recalibrated,5,0.1,-1,0.6349810791015625,0.782,0.798748291015625,0.733
gaussian_postrelu,0,8211,after,,0.0,recalibrated,5,0.2,1,1.2338116455078125,0.62,1.3274319458007813,0.585
gaussian_postrelu,0,8211,after,,0.0,recalibrated,5,0.2,-1,1.1950838623046875,0.587,1.2592669067382813,0.584
gaussian_postrelu,0,8211,after,,0.0,recalibrated,5,0.25,1,1.5622168579101563,0.523,1.6203998413085938,0.511
gaussian_postrelu,0,8211,after,,0.0,recalibrated,5,0.25,-1,1.4772862548828125,0.521,1.5064389038085937,0.522
gaussian_postrelu,0,8211,before,,0.3,recalibrated,6,0.025,1,0.38810365295410154,0.865,0.5835652770996094,0.794
gaussian_postrelu,0,8211,before,,0.3,recalibrated,6,0.025,-1,0.3720511474609375,0.864,0.5883394470214843,0.796
gaussian_postrelu,0,8211,before,,0.3,recalibrated,6,0.05,1,0.4508305816650391,0.848,0.6205335998535156,0.79
gaussian_postrelu,0,8211,before,,0.3,recalibrated,6,0.05,-1,0.4101494140625,0.855,0.6196822509765625,0.786
gaussian_postrelu,0,8211,before,,0.3,recalibrated,6,0.1,1,0.7494618530273438,0.76,0.8887237854003907,0.716
gaussian_postrelu,0,8211,before,,0.3,recalibrated,6,0.1,-1,0.5703491516113282,0.802,0.7482490844726563,0.749
gaussian_postrelu,0,8211,before,,0.3,recalibrated,6,0.2,1,1.4428425903320312,0.583,1.4836858520507812,0.582
gaussian_postrelu,0,8211,before,,0.3,recalibrated,6,0.2,-1,1.115106201171875,0.621,1.28744677734375,0.586
gaussian_postrelu,0,8211,before,,0.3,recalibrated,6,0.25,1,1.7845883178710937,0.508,1.7980714111328124,0.503
gaussian_postrelu,0,8211,before,,0.3,recalibrated,6,0.25,-1,1.4119442138671876,0.546,1.5811716918945313,0.507
gaussian_postrelu,0,8211,after,,0.0,recalibrated,6,0.025,1,0.3942610321044922,0.862,0.5866822204589843,0.796
gaussian_postrelu,0,8211,after,,0.0,recalibrated,6,0.025,-1,0.38009848022460935,0.861,0.5928937683105469,0.791
gaussian_postrelu,0,8211,after,,0.0,recalibrated,6,0.05,1,0.45690086364746096,0.848,0.6250885314941407,0.789
gaussian_postrelu,0,8211,after,,0.0,recalibrated,6,0.05,-1,0.41879307556152345,0.853,0.6249718627929688,0.782
gaussian_postrelu,0,8211,after,,0.0,recalibrated,6,0.1,1,0.7522733154296875,0.755,0.8906330261230468,0.716
gaussian_postrelu,0,8211,after,,0.0,recalibrated,6,0.1,-1,0.580774658203125,0.8,0.753902587890625,0.743
gaussian_postrelu,0,8211,after,,0.0,recalibrated,6,0.2,1,1.4375328369140625,0.58,1.4793148193359376,0.574
gaussian_postrelu,0,8211,after,,0.0,recalibrated,6,0.2,-1,1.123805908203125,0.614,1.293107177734375,0.58
gaussian_postrelu,0,8211,after,,0.0,recalibrated,6,0.25,1,1.7770535888671875,0.505,1.78823779296875,0.5
gaussian_postrelu,0,8211,after,,0.0,recalibrated,6,0.25,-1,1.4179976806640624,0.541,1.5840936279296876,0.498
gaussian_postrelu,0,8211,before,,0.3,recalibrated,7,0.025,1,0.3706325988769531,0.871,0.5803427734375,0.796
gaussian_postrelu,0,8211,before,,0.3,recalibrated,7,0.025,-1,0.37227955627441406,0.858,0.5831213989257813,0.795
gaussian_postrelu,0,8211,before,,0.3,recalibrated,7,0.05,1,0.3918051452636719,0.865,0.5921460571289062,0.793
gaussian_postrelu,0,8211,before,,0.3,recalibrated,7,0.05,-1,0.39297430419921875,0.85,0.5961429138183594,0.782
gaussian_postrelu,0,8211,before,,0.3,recalibrated,7,0.1,1,0.4796159362792969,0.825,0.6496825561523437,0.767
gaussian_postrelu,0,8211,before,,0.3,recalibrated,7,0.1,-1,0.46743365478515625,0.833,0.6518711853027344,0.768
gaussian_postrelu,0,8211,before,,0.3,recalibrated,7,0.2,1,0.8261965637207032,0.703,0.9412989501953125,0.683
gaussian_postrelu,0,8211,before,,0.3,recalibrated,7,0.2,-1,0.741398193359375,0.74,0.8959085083007813,0.705
gaussian_postrelu,0,8211,before,,0.3,recalibrated,7,0.25,1,1.104232666015625,0.619,1.2079450073242188,0.594
gaussian_postrelu,0,8211,before,,0.3,recalibrated,7,0.25,-1,0.9790775451660156,0.654,1.1064890747070313,0.644
gaussian_postrelu,0,8211,after,,0.0,recalibrated,7,0.025,1,0.37796041870117186,0.87,0.5840235290527344,0.795
gaussian_postrelu,0,8211,after,,0.0,recalibrated,7,0.025,-1,0.3797213134765625,0.859,0.5868438415527344,0.794
gaussian_postrelu,0,8211,after,,0.0,recalibrated,7,0.05,1,0.39953553771972655,0.865,0.596583740234375,0.786
gaussian_postrelu,0,8211,after,,0.0,recalibrated,7,0.05,-1,0.40099029541015624,0.851,0.6004221801757812,0.781
gaussian_postrelu,0,8211,after,,0.0,recalibrated,7,0.1,1,0.4870440979003906,0.822,0.6564398803710938,0.761
gaussian_postrelu,0,8211,after,,0.0,recalibrated,7,0.1,-1,0.4765972442626953,0.831,0.6564977416992187,0.769
gaussian_postrelu,0,8211,after,,0.0,recalibrated,7,0.2,1,0.8328864135742188,0.701,0.9493999633789062,0.678
gaussian_postrelu,0,8211,after,,0.0,recalibrated,7,0.2,-1,0.755151611328125,0.736,0.9045838623046875,0.706
gaussian_postrelu,0,8211,after,,0.0,recalibrated,7,0.25,1,1.1096058959960937,0.617,1.2138642578125,0.588
gaussian_postrelu,0,8211,after,,0.0,recalibrated,7,0.25,-1,0.9965238037109375,0.648,1.1176747436523438,0.632
gaussian_postrelu,0,8211,before,,0.3,recalibrated,8,0.025,1,0.3795219268798828,0.862,0.59143994140625,0.795
gaussian_postrelu,0,8211,before,,0.3,recalibrated,8,0.025,-1,0.3905081481933594,0.862,0.5949800415039063,0.794
gaussian_postrelu,0,8211,before,,0.3,recalibrated,8,0.05,1,0.42379183959960937,0.848,0.6296072082519532,0.78
gaussian_postrelu,0,8211,before,,0.3,recalibrated,8,0.05,-1,0.47398406982421876,0.823,0.6505640563964844,0.764
gaussian_postrelu,0,8211,before,,0.3,recalibrated,8,0.1,1,0.63003955078125,0.762,0.8133593444824219,0.74
gaussian_postrelu,0,8211,before,,0.3,recalibrated,8,0.1,-1,0.8123179016113281,0.723,0.9388533935546876,0.692
gaussian_postrelu,0,8211,before,,0.3,recalibrated,8,0.2,1,1.3123385009765625,0.568,1.3941455688476563,0.563
gaussian_postrelu,0,8211,before,,0.3,recalibrated,8,0.2,-1,1.5100703735351562,0.56,1.6145267944335937,0.535
gaussian_postrelu,0,8211,before,,0.3,recalibrated,8,0.25,1,1.6924879150390626,0.475,1.7104221801757813,0.494
gaussian_postrelu,0,8211,before,,0.3,recalibrated,8,0.25,-1,1.8016886596679687,0.484,1.904058837890625,0.469
gaussian_postrelu,0,8211,after,,0.0,recalibrated,8,0.025,1,0.386252685546875,0.855,0.5948966674804688,0.792
gaussian_postrelu,0,8211,after,,0.0,recalibrated,8,0.025,-1,0.39795184326171873,0.86,0.600175048828125,0.789
gaussian_postrelu,0,8211,after,,0.0,recalibrated,8,0.05,1,0.43126007080078127,0.847,0.63236376953125,0.781
gaussian_postrelu,0,8211,after,,0.0,recalibrated,8,0.05,-1,0.48120841979980467,0.824,0.6569671630859375,0.758
gaussian_postrelu,0,8211,after,,0.0,recalibrated,8,0.1,1,0.6373665161132812,0.759,0.8156234741210937,0.739
gaussian_postrelu,0,8211,after,,0.0,recalibrated,8,0.1,-1,0.8153533325195312,0.724,0.9423934936523437,0.691
gaussian_postrelu,0,8211,after,,0.0,recalibrated,8,0.2,1,1.31979736328125,0.565,1.3970960693359376,0.556
gaussian_postrelu,0,8211,after,,0.0,recalibrated,8,0.2,-1,1.5023263549804688,0.556,1.60802294921875,0.532
gaussian_postrelu,0,8211,after,,0.0,recalibrated,8,0.25,1,1.6990149536132813,0.467,1.7136114501953126,0.486
gaussian_postrelu,0,8211,after,,0.0,recalibrated,8,0.25,-1,1.7926885375976562,0.477,1.8929851684570314,0.464
gaussian_postrelu,0,8211,before,,0.3,recalibrated,9,0.025,1,0.3844572296142578,0.862,0.58767724609375,0.795
gaussian_postrelu,0,8211,before,,0.3,recalibrated,9,0.025,-1,0.3622370147705078,0.875,0.5811747436523438,0.795
gaussian_postrelu,0,8211,before,,0.3,recalibrated,9,0.05,1,0.4266294708251953,0.85,0.6140527954101562,0.783
gaussian_postrelu,0,8211,before,,0.3,recalibrated,9,0.05,-1,0.3765419006347656,0.875,0.5977922058105469,0.796
gaussian_postrelu,0,8211,before,,0.3,recalibrated,9,0.1,1,0.5828355712890625,0.791,0.7227120056152344,0.748
gaussian_postrelu,0,8211,before,,0.3,recalibrated,9,0.1,-1,0.47083448791503907,0.84,0.6728030090332031,0.772
gaussian_postrelu,0,8211,before,,0.3,recalibrated,9,0.2,1,1.038144287109375,0.671,1.1554627685546874,0.625
gaussian_postrelu,0,8211,before,,0.3,recalibrated,9,0.2,-1,0.9603772583007812,0.682,1.0596117553710938,0.667
gaussian_postrelu,0,8211,before,,0.3,recalibrated,9,0.25,1,1.2967471923828124,0.576,1.4211380615234375,0.562
gaussian_postrelu,0,8211,before,,0.3,recalibrated,9,0.25,-1,1.2961607055664062,0.586,1.361759521484375,0.564
gaussian_postrelu,0,8211,after,,0.0,recalibrated,9,0.025,1,0.3913496246337891,0.862,0.5914796142578125,0.792
gaussian_postrelu,0,8211,after,,0.0,recalibrated,9,0.025,-1,0.3695535125732422,0.872,0.5844980773925781,0.792
gaussian_postrelu,0,8211,after,,0.0,recalibrated,9,0.05,1,0.43386904907226564,0.851,0.6180303649902343,0.779
gaussian_postrelu,0,8211,after,,0.0,recalibrated,9,0.05,-1,0.3841869354248047,0.875,0.6014443969726563,0.794
gaussian_postrelu,0,8211,after,,0.0,recalibrated,9,0.1,1,0.5904635314941407,0.791,0.7287315673828125,0.747
gaussian_postrelu,0,8211,after,,0.0,recalibrated,9,0.1,-1,0.4792473602294922,0.836,0.67701708984375,0.77
gaussian_postrelu,0,8211,after,,0.0,recalibrated,9,0.2,1,1.0451056518554687,0.667,1.1616008911132814,0.617
gaussian_postrelu,0,8211,after,,0.0,recalibrated,9,0.2,-1,0.9654835815429688,0.685,1.0663676147460937,0.656
gaussian_postrelu,0,8211,after,,0.0,recalibrated,9,0.25,1,1.3011825561523438,0.567,1.4252803344726563,0.553
gaussian_postrelu,0,8211,after,,0.0,recalibrated,9,0.25,-1,1.2980780639648437,0.58,1.3656658325195312,0.556
resolution_max_b1,0,2346,before,16,,saved,,0.0,0,0.83456396484375,0.694,0.9431787109375,0.677
resolution_max_b1,0,2346,before,16,,recalibrated,,0.0,0,0.8184943237304687,0.701,0.9242914123535156,0.67
resolution_max_b1,0,2346,before,16,,recalibrated,0,0.025,1,0.8243392028808594,0.689,0.929145263671875,0.663
resolution_max_b1,0,2346,before,16,,recalibrated,0,0.025,-1,0.8201141052246094,0.708,0.9275897216796875,0.667
resolution_max_b1,0,2346,before,16,,recalibrated,0,0.05,1,0.8369358825683594,0.685,0.9386841735839844,0.662
resolution_max_b1,0,2346,before,16,,recalibrated,0,0.05,-1,0.8324277648925781,0.707,0.9398425903320312,0.662
resolution_max_b1,0,2346,before,16,,recalibrated,0,0.1,1,0.8791006774902344,0.676,0.9748810424804687,0.65
resolution_max_b1,0,2346,before,16,,recalibrated,0,0.1,-1,0.8853296508789062,0.687,0.9879520263671875,0.647
resolution_max_b1,0,2346,before,16,,recalibrated,0,0.2,1,1.0297518005371094,0.63,1.1060585327148438,0.595
resolution_max_b1,0,2346,before,16,,recalibrated,0,0.2,-1,1.0756151123046875,0.596,1.1397093505859375,0.587
resolution_max_b1,0,2346,before,16,,recalibrated,0,0.25,1,1.1324379272460938,0.592,1.1943394775390626,0.564
resolution_max_b1,0,2346,before,16,,recalibrated,0,0.25,-1,1.2185997924804688,0.555,1.2396503295898438,0.562
resolution_max_b1,0,2346,after,24,,saved,,0.0,0,1.0730078735351563,0.612,1.0931363525390625,0.612
resolution_max_b1,0,2346,after,24,,recalibrated,,0.0,0,1.04701171875,0.606,1.0596719360351563,0.606
resolution_max_b1,0,2346,after,24,,recalibrated,0,0.025,1,1.0499472045898437,0.61,1.0652867431640625,0.602
resolution_max_b1,0,2346,after,24,,recalibrated,0,0.025,-1,1.0499579467773437,0.611,1.0636092834472657,0.614
resolution_max_b1,0,2346,after,24,,recalibrated,0,0.05,1,1.0592275390625,0.61,1.0777743835449218,0.599
resolution_max_b1,0,2346,after,24,,recalibrated,0,0.05,-1,1.0633878784179687,0.601,1.0765732116699218,0.604
resolution_max_b1,0,2346,after,24,,recalibrated,0,0.1,1,1.1016272583007813,0.588,1.1189873657226563,0.586
resolution_max_b1,0,2346,after,24,,recalibrated,0,0.1,-1,1.114523681640625,0.575,1.124155517578125,0.584
resolution_max_b1,0,2346,after,24,,recalibrated,0,0.2,1,1.2552630615234375,0.522,1.2604790649414062,0.542
resolution_max_b1,0,2346,after,24,,recalibrated,0,0.2,-1,1.2964248046875,0.525,1.280672607421875,0.529
resolution_max_b1,0,2346,after,24,,recalibrated,0,0.25,1,1.3553863525390626,0.486,1.3544961547851562,0.508
resolution_max_b1,0,2346,after,24,,recalibrated,0,0.25,-1,1.41910205078125,0.486,1.3766895141601563,0.491
resolution_max_b1,0,2346,r=32,32,,saved,,0.0,0,4.102716674804688,0.157,4.1056923828125,0.159
resolution_max_b1,0,2346,r=32,32,,recalibrated,,0.0,0,1.715031005859375,0.376,1.7683689575195312,0.383
resolution_max_b1,0,2346,r=32,32,,recalibrated,0,0.025,1,1.713804443359375,0.371,1.769527099609375,0.376
resolution_max_b1,0,2346,r=32,32,,recalibrated,0,0.025,-1,1.7198466186523438,0.373,1.7757945556640624,0.37
resolution_max_b1,0,2346,r=32,32,,recalibrated,0,0.05,1,1.7184000244140625,0.371,1.7774630126953126,0.375
resolution_max_b1,0,2346,r=32,32,,recalibrated,0,0.05,-1,1.7297068481445312,0.366,1.7886475830078126,0.363
resolution_max_b1,0,2346,r=32,32,,recalibrated,0,0.1,1,1.7453458251953125,0.366,1.799072998046875,0.373
resolution_max_b1,0,2346,r=32,32,,recalibrated,0,0.1,-1,1.76681787109375,0.355,1.825276611328125,0.354
resolution_max_b1,0,2346,r=32,32,,recalibrated,0,0.2,1,1.84380908203125,0.343,1.887226318359375,0.342
resolution_max_b1,0,2346,r=32,32,,recalibrated,0,0.2,-1,1.869693603515625,0.323,1.9037698364257813,0.325
resolution_max_b1,0,2346,r=32,32,,recalibrated,0,0.25,1,1.9158762817382813,0.311,1.9573798217773437,0.326
resolution_max_b1,0,2346,r=32,32,,recalibrated,0,0.25,-1,1.9447831420898438,0.295,1.9481607055664063,0.301
resolution_max_b1,0,2346,before,16,,recalibrated,1,0.025,1,0.8148982543945312,0.698,0.9221087951660156,0.668
resolution_max_b1,0,2346,before,16,,recalibrated,1,0.025,-1,0.82874462890625,0.695,0.9327022399902344,0.66
resolution_max_b1,0,2346,before,16,,recalibrated,1,0.05,1,0.8185095825195312,0.704,0.9255153198242188,0.672
resolution_max_b1,0,2346,before,16,,recalibrated,1,0.05,-1,0.8461296997070312,0.688,0.947565673828125,0.648
resolution_max_b1,0,2346,before,16,,recalibrated,1,0.1,1,0.8446117553710938,0.688,0.9481810302734375,0.666
resolution_max_b1,0,2346,before,16,,recalibrated,1,0.1,-1,0.9062694702148437,0.673,1.005712158203125,0.641
resolution_max_b1,0,2346,before,16,,recalibrated,1,0.2,1,0.9923211669921875,0.63,1.0623064575195313,0.622
resolution_max_b1,0,2346,before,16,,recalibrated,1,0.2,-1,1.1290313720703125,0.581,1.23140478515625,0.56
resolution_max_b1,0,2346,before,16,,recalibrated,1,0.25,1,1.1066724853515626,0.597,1.143163330078125,0.603
resolution_max_b1,0,2346,before,16,,recalibrated,1,0.25,-1,1.2869255981445313,0.541,1.3892902221679688,0.494
resolution_max_b1,0,2346,after,24,,recalibrated,1,0.025,1,1.0432635498046876,0.616,1.0599081115722657,0.602
resolution_max_b1,0,2346,after,24,,recalibrated,1,0.025,-1,1.057653564453125,0.603,1.0673159790039062,0.614
resolution_max_b1,0,2346,after,24,,recalibrated,1,0.05,1,1.0467363891601562,0.62,1.0678939208984375,0.608
resolution_max_b1,0,2346,after,24,,recalibrated,1,0.05,-1,1.0763883056640624,0.604,1.08354248046875,0.61
resolution_max_b1,0,2346,after,24,,recalibrated,1,0.1,1,1.0761818237304688,0.604,1.1007169189453125,0.604
resolution_max_b1,0,2346,after,24,,recalibrated,1,0.1,-1,1.1414600830078125,0.565,1.1475479736328125,0.586
resolution_max_b1,0,2346,after,24,,recalibrated,1,0.2,1,1.222603759765625,0.553,1.21166650390625,0.557
resolution_max_b1,0,2346,after,24,,recalibrated,1,0.2,-1,1.384552490234375,0.496,1.3941936645507813,0.495
resolution_max_b1,0,2346,after,24,,recalibrated,1,0.25,1,1.32520263671875,0.513,1.288043212890625,0.515
resolution_max_b1,0,2346,after,24,,recalibrated,1,0.25,-1,1.5537367553710937,0.444,1.5591974487304687,0.439
resolution_max_b1,0,2346,r=32,32,,recalibrated,1,0.025,1,1.6884964599609376,0.397,1.7345435791015624,0.379
resolution_max_b1,0,2346,r=32,32,,recalibrated,1,0.025,-1,1.7520177001953126,0.361,1.8157828369140625,0.37
resolution_max_b1,0,2346,r=32,32,,recalibrated,1,0.05,1,1.6733323974609375,0.401,1.71282275390625,0.38
resolution_max_b1,0,2346,r=32,32,,recalibrated,1,0.05,-1,1.80160400390625,0.341,1.8777496337890625,0.361
resolution_max_b1,0,2346,r=32,32,,recalibrated,1,0.1,1,1.6697315063476563,0.388,1.6969337158203126,0.378
resolution_max_b1,0,2346,r=32,32,,recalibrated,1,0.1,-1,1.9359786376953125,0.317,2.036007568359375,0.318
resolution_max_b1,0,2346,r=32,32,,recalibrated,1,0.2,1,1.7595955200195312,0.365,1.75559765625,0.344
resolution_max_b1,0,2346,r=32,32,,recalibrated,1,0.2,-1,2.2595322265625,0.262,2.3769984130859374,0.261
resolution_max_b1,0,2346,r=32,32,,recalibrated,1,0.25,1,1.83682861328125,0.337,1.8106255493164063,0.325
resolution_max_b1,0,2346,r=32,32,,recalibrated,1,0.25,-1,2.4107552490234374,0.236,2.528672607421875,0.233
resolution_max_b1,0,2346,before,16,,recalibrated,2,0.025,1,0.8187066040039063,0.704,0.9243582153320312,0.664
resolution_max_b1,0,2346,before,16,,recalibrated,2,0.025,-1,0.8237832641601562,0.705,0.9291519775390625,0.668
resolution_max_b1,0,2346,before,16,,recalibrated,2,0.05,1,0.8252573852539062,0.701,0.9303746032714844,0.665
resolution_max_b1,0,2346,before,16,,recalibrated,2,0.05,-1,0.8352121276855469,0.699,0.938856201171875,0.668
resolution_max_b1,0,2346,before,16,,recalibrated,2,0.1,1,0.8572267456054687,0.695,0.9562499389648438,0.666
resolution_max_b1,0,2346,before,16,,recalibrated,2,0.1,-1,0.8763618469238281,0.677,0.9708466796875,0.657
resolution_max_b1,0,2346,before,16,,recalibrated,2,0.2,1,0.9848013305664063,0.646,1.0716046142578124,0.616
resolution_max_b1,0,2346,before,16,,recalibrated,2,0.2,-1,1.0293147583007813,0.616,1.0834714965820313,0.604
resolution_max_b1,0,2346,before,16,,recalibrated,2,0.25,1,1.082358154296875,0.621,1.1661234741210937,0.577
resolution_max_b1,0,2346,before,16,,recalibrated,2,0.25,-1,1.1344033813476562,0.596,1.16326318359375,0.58
resolution_max_b1,0,2346,after,24,,recalibrated,2,0.025,1,1.0462312927246094,0.607,1.0595330810546875,0.606
resolution_max_b1,0,2346,after,24,,recalibrated,2,0.025,-1,1.05263427734375,0.603,1.0648726196289062,0.609
resolution_max_b1,0,2346,after,24,,recalibrated,2,0.05,1,1.0515197143554686,0.609,1.0648012084960938,0.603
resolution_max_b1,0,2346,after,24,,recalibrated,2,0.05,-1,1.0646541748046876,0.604,1.0749991455078125,0.603
resolution_max_b1,0,2346,after,24,,recalibrated,2,0.1,1,1.082390380859375,0.597,1.0916218872070313,0.596
resolution_max_b1,0,2346,after,24,,recalibrated,2,0.1,-1,1.1050325317382812,0.579,1.11170068359375,0.586
resolution_max_b1,0,2346,after,24,,recalibrated,2,0.2,1,1.2073731689453124,0.572,1.2023001098632813,0.577
resolution_max_b1,0,2346,after,24,,recalibrated,2,0.2,-1,1.2464336547851562,0.532,1.2413168334960938,0.546
resolution_max_b1,0,2346,after,24,,recalibrated,2,0.25,1,1.2982633056640625,0.535,1.2852969360351563,0.535
resolution_max_b1,0,2346,after,24,,recalibrated,2,0.25,-1,1.3432299194335937,0.511,1.33185546875,0.513
resolution_max_b1,0,2346,r=32,32,,recalibrated,2,0.025,1,1.7233230590820312,0.369,1.7747367553710938,0.373
resolution_max_b1,0,2346,r=32,32,,recalibrated,2,0.025,-1,1.7104669189453126,0.377,1.7641025390625,0.388
resolution_max_b1,0,2346,r=32,32,,recalibrated,2,0.05,1,1.7330802001953125,0.36,1.7836546630859376,0.376
resolution_max_b1,0,2346,r=32,32,,recalibrated,2,0.05,-1,1.711939697265625,0.384,1.7642179565429688,0.388
resolution_max_b1,0,2346,r=32,32,,recalibrated,2,0.1,1,1.7615881958007813,0.357,1.807956298828125,0.369
resolution_max_b1,0,2346,r=32,32,,recalibrated,2,0.1,-1,1.7269258422851563,0.373,1.7755914916992188,0.392
resolution_max_b1,0,2346,r=32,32,,recalibrated,2,0.2,1,1.857065673828125,0.312,1.8915188598632813,0.335
resolution_max_b1,0,2346,r=32,32,,recalibrated,2,0.2,-1,1.810440673828125,0.353,1.8605658569335937,0.357
resolution_max_b1,0,2346,r=32,32,,recalibrated,2,0.25,1,1.9424879150390626,0.301,1.974141845703125,0.315
resolution_max_b1,0,2346,r=32,32,,recalibrated,2,0.25,-1,1.8819017333984376,0.334,1.9322381591796876,0.324
resolution_max_b1,0,2346,before,16,,recalibrated,3,0.025,1,0.8248370361328125,0.689,0.9237572326660156,0.665
resolution_max_b1,0,2346,before,16,,recalibrated,3,0.025,-1,0.8203142395019531,0.704,0.934509765625,0.674
resolution_max_b1,0,2346,before,16,,recalibrated,3,0.05,1,0.8390860900878906,0.684,0.9319433288574219,0.655
resolution_max_b1,0,2346,before,16,,recalibrated,3,0.05,-1,0.8309411010742187,0.697,0.9519129028320312,0.661
resolution_max_b1,0,2346,before,16,,recalibrated,3,0.1,1,0.8929296264648438,0.676,0.9659393920898437,0.639
resolution_max_b1,0,2346,before,16,,recalibrated,3,0.1,-1,0.8768306884765625,0.687,1.0059601440429689,0.65
resolution_max_b1,0,2346,before,16,,recalibrated,3,0.2,1,1.0808287353515624,0.605,1.0927976684570313,0.613
resolution_max_b1,0,2346,before,16,,recalibrated,3,0.2,-1,1.0567297668457032,0.626,1.1709685668945313,0.566
resolution_max_b1,0,2346,before,16,,recalibrated,3,0.25,1,1.2062637939453125,0.572,1.1925270385742188,0.578
resolution_max_b1,0,2346,before,16,,recalibrated,3,0.25,-1,1.1864382934570312,0.577,1.277970947265625,0.527
resolution_max_b1,0,2346,after,24,,recalibrated,3,0.025,1,1.0488312377929687,0.61,1.0587857666015625,0.607
resolution_max_b1,0,2346,after,24,,recalibrated,3,0.025,-1,1.0536668701171874,0.607,1.0692064514160156,0.605
resolution_max_b1,0,2346,after,24,,recalibrated,3,0.05,1,1.0589149169921874,0.615,1.0660680541992187,0.603
resolution_max_b1,0,2346,after,24,,recalibrated,3,0.05,-1,1.07231298828125,0.601,1.0884886474609374,0.597
resolution_max_b1,0,2346,after,24,,recalibrated,3,0.1,1,1.1000444946289063,0.594,1.10277392578125,0.594
resolution_max_b1,0,2346,after,24,,recalibrated,3,0.1,-1,1.135461181640625,0.592,1.1523453369140626,0.576
resolution_max_b1,0,2346,after,24,,recalibrated,3,0.2,1,1.2561032104492187,0.537,1.2384662475585937,0.558
resolution_max_b1,0,2346,after,24,,recalibrated,3,0.2,-1,1.31047412109375,0.521,1.3399326782226562,0.507
resolution_max_b1,0,2346,after,24,,recalibrated,3,0.25,1,1.3660988159179688,0.493,1.3375533447265624,0.53
resolution_max_b1,0,2346,after,24,,recalibrated,3,0.25,-1,1.4196334228515626,0.493,1.4395294799804688,0.474
resolution_max_b1,0,2346,r=32,32,,recalibrated,3,0.025,1,1.7165344848632813,0.373,1.7645225219726564,0.388
resolution_max_b1,0,2346,r=32,32,,recalibrated,3,0.025,-1,1.72646484375,0.375,1.7808013916015626,0.368
resolution_max_b1,0,2346,r=32,32,,recalibrated,3,0.05,1,1.7289561767578125,0.378,1.7700877075195312,0.384
resolution_max_b1,0,2346,r=32,32,,recalibrated,3,0.05,-1,1.75078759765625,0.375,1.8027503051757812,0.368
resolution_max_b1,0,2346,r=32,32,,recalibrated,3,0.1,1,1.777675537109375,0.377,1.8135751953125,0.358
resolution_max_b1,0,2346,r=32,32,,recalibrated,3,0.1,-1,1.8188880615234375,0.362,1.8756967163085938,0.364
resolution_max_b1,0,2346,r=32,32,,recalibrated,3,0.2,1,1.9506620483398438,0.33,1.9652506103515626,0.306
resolution_max_b1,0,2346,r=32,32,,recalibrated,3,0.2,-1,1.9742135009765625,0.319,2.0360372314453126,0.3
resolution_max_b1,0,2346,r=32,32,,recalibrated,3,0.25,1,2.05019970703125,0.308,2.0534312744140624,0.3
resolution_max_b1,0,2346,r=32,32,,recalibrated,3,0.25,-1,2.0385311889648436,0.293,2.082307861328125,0.282
resolution_max_b1,0,2346,before,16,,recalibrated,4,0.025,1,0.8213472900390625,0.705,0.9322906188964843,0.676
resolution_max_b1,0,2346,before,16,,recalibrated,4,0.025,-1,0.8231353759765625,0.696,0.9246177673339844,0.661
resolution_max_b1,0,2346,before,16,,recalibrated,4,0.05,1,0.8284714660644531,0.701,0.9473778381347656,0.671
resolution_max_b1,0,2346,before,16,,recalibrated,4,0.05,-1,0.8368032531738281,0.687,0.933264404296875,0.659
resolution_max_b1,0,2346,before,16,,recalibrated,4,0.1,1,0.8589474487304688,0.69,0.9920125122070312,0.67
resolution_max_b1,0,2346,before,16,,recalibrated,4,0.1,-1,0.884783203125,0.671,0.968337158203125,0.644
resolution_max_b1,0,2346,before,16,,recalibrated,4,0.2,1,0.9936691589355469,0.641,1.152716796875,0.595
resolution_max_b1,0,2346,before,16,,recalibrated,4,0.2,-1,1.058225311279297,0.612,1.0942109375,0.594
resolution_max_b1,0,2346,before,16,,recalibrated,4,0.25,1,1.1029264526367188,0.608,1.2586751098632813,0.556
resolution_max_b1,0,2346,before,16,,recalibrated,4,0.25,-1,1.1742603759765624,0.579,1.1891556396484375,0.568
resolution_max_b1,0,2346,after,24,,recalibrated,4,0.025,1,1.0506272583007812,0.614,1.0667810363769532,0.615
resolution_max_b1,0,2346,after,24,,recalibrated,4,0.025,-1,1.0512172241210938,0.608,1.0624996948242187,0.602
resolution_max_b1,0,2346,after,24,,recalibrated,4,0.05,1,1.0613761596679687,0.603,1.0828484497070312,0.605
resolution_max_b1,0,2346,after,24,,recalibrated,4,0.05,-1,1.0647466430664063,0.615,1.0738292541503907,0.597
resolution_max_b1,0,2346,after,24,,recalibrated,4,0.1,1,1.0956138916015625,0.593,1.1316220092773437,0.597
resolution_max_b1,0,2346,after,24,,recalibrated,4,0.1,-1,1.1152894897460937,0.596,1.11583203125,0.591
resolution_max_b1,0,2346,after,24,,recalibrated,4,0.2,1,1.2370403442382814,0.557,1.3172244873046874,0.531
resolution_max_b1,0,2346,after,24,,recalibrated,4,0.2,-1,1.2891382446289064,0.521,1.2648668212890626,0.535
resolution_max_b1,0,2346,after,24,,recalibrated,4,0.25,1,1.3531336059570314,0.522,1.447569580078125,0.488
resolution_max_b1,0,2346,after,24,,recalibrated,4,0.25,-1,1.4029378662109375,0.486,1.370322265625,0.501
resolution_max_b1,0,2346,r=32,32,,recalibrated,4,0.025,1,1.7294826049804688,0.369,1.7916989135742187,0.375
resolution_max_b1,0,2346,r=32,32,,recalibrated,4,0.025,-1,1.7084883422851562,0.376,1.7491122436523439,0.38
resolution_max_b1,0,2346,r=32,32,,recalibrated,4,0.05,1,1.7463358154296875,0.374,1.8240264282226561,0.372
resolution_max_b1,0,2346,r=32,32,,recalibrated,4,0.05,-1,1.7105059814453125,0.391,1.7389559326171875,0.39
resolution_max_b1,0,2346,r=32,32,,recalibrated,4,0.1,1,1.78544677734375,0.365,1.8979207153320312,0.342
resolution_max_b1,0,2346,r=32,32,,recalibrated,4,0.1,-1,1.7439855346679687,0.366,1.7541963500976563,0.379
resolution_max_b1,0,2346,r=32,32,,recalibrated,4,0.2,1,1.9529146728515625,0.317,2.1102479858398437,0.287
resolution_max_b1,0,2346,r=32,32,,recalibrated,4,0.2,-1,1.9034290161132812,0.324,1.8905523681640626,0.339
resolution_max_b1,0,2346,r=32,32,,recalibrated,4,0.25,1,2.086125244140625,0.267,2.2577432861328126,0.256
resolution_max_b1,0,2346,r=32,32,,recalibrated,4,0.25,-1,2.0081038818359374,0.301,1.986591552734375,0.302
resolution_max_b1,0,2346,before,16,,recalibrated,5,0.025,1,0.8221981201171875,0.7,0.9279844970703125,0.667
resolution_max_b1,0,2346,before,16,,recalibrated,5,0.025,-1,0.819399169921875,0.698,0.9249725952148438,0.673
resolution_max_b1,0,2346,before,16,,recalibrated,5,0.05,1,0.8326134643554688,0.687,0.9363633728027344,0.662
resolution_max_b1,0,2346,before,16,,recalibrated,5,0.05,-1,0.8252270202636719,0.7,0.9297631225585937,0.673
resolution_max_b1,0,2346,before,16,,recalibrated,5,0.1,1,0.8722124938964844,0.683,0.9646215515136719,0.646
resolution_max_b1,0,2346,before,16,,recalibrated,5,0.1,-1,0.8583342895507813,0.698,0.9540946044921875,0.669
resolution_max_b1,0,2346,before,16,,recalibrated,5,0.2,1,1.0116442260742187,0.62,1.0920376586914062,0.596
resolution_max_b1,0,2346,before,16,,recalibrated,5,0.2,-1,0.9893387145996094,0.658,1.0545978393554687,0.624
resolution_max_b1,0,2346,before,16,,recalibrated,5,0.25,1,1.1116015625,0.597,1.194757080078125,0.575
resolution_max_b1,0,2346,before,16,,recalibrated,5,0.25,-1,1.079975830078125,0.62,1.126741943359375,0.599
resolution_max_b1,0,2346,after,24,,recalibrated,5,0.025,1,1.052538818359375,0.614,1.0659411315917968,0.602
resolution_max_b1,0,2346,after,24,,recalibrated,5,0.025,-1,1.0465250244140625,0.601,1.0587966003417968,0.607
resolution_max_b1,0,2346,after,24,,recalibrated,5,0.05,1,1.0642201538085938,0.614,1.0781565246582032,0.599
resolution_max_b1,0,2346,after,24,,recalibrated,5,0.05,-1,1.05201708984375,0.599,1.0636594848632812,0.608
resolution_max_b1,0,2346,after,24,,recalibrated,5,0.1,1,1.108845703125,0.588,1.1188578491210937,0.592
resolution_max_b1,0,2346,after,24,,recalibrated,5,0.1,-1,1.0830853271484375,0.594,1.0878284301757812,0.605
resolution_max_b1,0,2346,after,24,,recalibrated,5,0.2,1,1.2590765380859374,0.553,1.2679816284179688,0.541
resolution_max_b1,0,2346,after,24,,recalibrated,5,0.2,-1,1.1996329345703125,0.565,1.1890531005859375,0.567
resolution_max_b1,0,2346,after,24,,recalibrated,5,0.25,1,1.3551766357421875,0.515,1.375291015625,0.503
resolution_max_b1,0,2346,after,24,,recalibrated,5,0.25,-1,1.282743408203125,0.539,1.2607523193359376,0.531
resolution_max_b1,0,2346,r=32,32,,recalibrated,5,0.025,1,1.736559326171875,0.369,1.79209228515625,0.372
resolution_max_b1,0,2346,r=32,32,,recalibrated,5,0.025,-1,1.6991673583984375,0.372,1.7497197265625,0.382
resolution_max_b1,0,2346,r=32,32,,recalibrated,5,0.05,1,1.7646329345703125,0.362,1.821546630859375,0.352
resolution_max_b1,0,2346,r=32,32,,recalibrated,5,0.05,-1,1.6908928833007812,0.377,1.7398837890625,0.389
resolution_max_b1,0,2346,r=32,32,,recalibrated,5,0.1,1,1.8359396362304687,0.335,1.893435546875,0.333
resolution_max_b1,0,2346,r=32,32,,recalibrated,5,0.1,-1,1.6872186279296875,0.392,1.7310208740234374,0.384
resolution_max_b1,0,2346,r=32,32,,recalibrated,5,0.2,1,2.0053682250976563,0.296,2.0625252685546873,0.281
resolution_max_b1,0,2346,r=32,32,,recalibrated,5,0.2,-1,1.716965087890625,0.381,1.730260498046875,0.367
resolution_max_b1,0,2346,r=32,32,,recalibrated,5,0.25,1,2.094479431152344,0.267,2.15463916015625,0.257
resolution_max_b1,0,2346,r=32,32,,recalibrated,5,0.25,-1,1.7544915771484375,0.381,1.7477131958007812,0.365
resolution_max_b1,0,2346,before,16,,recalibrated,6,0.025,1,0.8227250366210938,0.689,0.9286467590332032,0.671
resolution_max_b1,0,2346,before,16,,recalibrated,6,0.025,-1,0.8207590942382812,0.693,0.9252950744628906,0.663
resolution_max_b1,0,2346,before,16,,recalibrated,6,0.05,1,0.8330873413085937,0.689,0.9379859313964843,0.664
resolution_max_b1,0,2346,before,16,,recalibrated,6,0.05,-1,0.8294490966796875,0.694,0.9311799011230468,0.664
resolution_max_b1,0,2346,before,16,,recalibrated,6,0.1,1,0.8700940856933593,0.686,0.9700602416992188,0.653
resolution_max_b1,0,2346,before,16,,recalibrated,6,0.1,-1,0.8673701171875,0.685,0.9562448120117187,0.66
resolution_max_b1,0,2346,before,16,,recalibrated,6,0.2,1,1.0232215881347657,0.626,1.0889396057128906,0.621
resolution_max_b1,0,2346,before,16,,recalibrated,6,0.2,-1,1.0249088745117187,0.618,1.0818672485351561,0.6
resolution_max_b1,0,2346,before,16,,recalibrated,6,0.25,1,1.145000732421875,0.585,1.1877265625,0.582
resolution_max_b1,0,2346,before,16,,recalibrated,6,0.25,-1,1.1442115478515624,0.578,1.1901259155273438,0.557
resolution_max_b1,0,2346,after,24,,recalibrated,6,0.025,1,1.0492991943359375,0.61,1.0639169311523438,0.603
resolution_max_b1,0,2346,after,24,,recalibrated,6,0.025,-1,1.05088330078125,0.608,1.0611582641601562,0.607
resolution_max_b1,0,2346,after,24,,recalibrated,6,0.05,1,1.0580328979492188,0.609,1.0745398864746094,0.597
resolution_max_b1,0,2346,after,24,,recalibrated,6,0.05,-1,1.0613576049804687,0.596,1.068740234375,0.606
resolution_max_b1,0,2346,after,24,,recalibrated,6,0.1,1,1.09252197265625,0.599,1.1134312133789062,0.588
resolution_max_b1,0,2346,after,24,,recalibrated,6,0.1,-1,1.1038363037109375,0.586,1.101895751953125,0.6
resolution_max_b1,0,2346,after,24,,recalibrated,6,0.2,1,1.2340943603515624,0.548,1.2493045654296875,0.542
resolution_max_b1,0,2346,after,24,,recalibrated,6,0.2,-1,1.2685030517578124,0.537,1.2454411010742188,0.527
resolution_max_b1,0,2346,after,24,,recalibrated,6,0.25,1,1.3457884521484376,0.513,1.3540377807617188,0.513
resolution_max_b1,0,2346,after,24,,recalibrated,6,0.25,-1,1.3883703002929688,0.487,1.3573525390625,0.499
resolution_max_b1,0,2346,r=32,32,,recalibrated,6,0.025,1,1.721431396484375,0.374,1.7762723388671875,0.372
resolution_max_b1,0,2346,r=32,32,,recalibrated,6,0.025,-1,1.7129765014648437,0.372,1.7634764404296874,0.394
resolution_max_b1,0,2346,r=32,32,,recalibrated,6,0.05,1,1.7314899291992187,0.375,1.7868860473632813,0.38
resolution_max_b1,0,2346,r=32,32,,recalibrated,6,0.05,-1,1.715459228515625,0.371,1.7641345825195311,0.39
resolution_max_b1,0,2346,r=32,32,,recalibrated,6,0.1,1,1.765879638671875,0.372,1.8202346801757812,0.384
resolution_max_b1,0,2346,r=32,32,,recalibrated,6,0.1,-1,1.7333021240234374,0.367,1.77807958984375,0.363
resolution_max_b1,0,2346,r=32,32,,recalibrated,6,0.2,1,1.8894015502929689,0.338,1.943839111328125,0.322
resolution_max_b1,0,2346,r=32,32,,recalibrated,6,0.2,-1,1.8227401123046876,0.333,1.852865234375,0.325
resolution_max_b1,0,2346,r=32,32,,recalibrated,6,0.25,1,1.98152294921875,0.298,2.0254169921875,0.292
resolution_max_b1,0,2346,r=32,32,,recalibrated,6,0.25,-1,1.900717041015625,0.304,1.9170575561523437,0.298
resolution_max_b1,0,2346,before,16,,recalibrated,7,0.025,1,0.8205540466308594,0.696,0.9182297973632813,0.67
resolution_max_b1,0,2346,before,16,,recalibrated,7,0.025,-1,0.8206893920898437,0.7,0.9341792297363282,0.665
resolution_max_b1,0,2346,before,16,,recalibrated,7,0.05,1,0.8282861938476562,0.697,0.9164084167480469,0.677
resolution_max_b1,0,2346,before,16,,recalibrated,7,0.05,-1,0.8289579467773438,0.701,0.94823193359375,0.665
resolution_max_b1,0,2346,before,16,,recalibrated,7,0.1,1,0.8577947998046875,0.694,0.9251311950683594,0.668
resolution_max_b1,0,2346,before,16,,recalibrated,7,0.1,-1,0.8640394287109375,0.685,0.9928488464355468,0.647
resolution_max_b1,0,2346,before,16,,recalibrated,7,0.2,1,0.9711044921875,0.665,0.9994292602539062,0.635
resolution_max_b1,0,2346,before,16,,recalibrated,7,0.2,-1,1.0043160095214845,0.631,1.1408690185546875,0.582
resolution_max_b1,0,2346,before,16,,recalibrated,7,0.25,1,1.053033203125,0.616,1.0655167236328125,0.603
resolution_max_b1,0,2346,before,16,,recalibrated,7,0.25,-1,1.1085680541992187,0.586,1.2389633178710937,0.549
resolution_max_b1,0,2346,after,24,,recalibrated,7,0.025,1,1.043384521484375,0.604,1.0535881958007813,0.604
resolution_max_b1,0,2346,after,24,,recalibrated,7,0.025,-1,1.0540053100585938,0.611,1.0700894470214843,0.608
resolution_max_b1,0,2346,after,24,,recalibrated,7,0.05,1,1.0453452453613281,0.602,1.052721435546875,0.606
resolution_max_b1,0,2346,after,24,,recalibrated,7,0.05,-1,1.0661717529296875,0.613,1.085848419189453,0.6
resolution_max_b1,0,2346,after,24,,recalibrated,7,0.1,1,1.0628948364257813,0.61,1.0644439697265624,0.602
resolution_max_b1,0,2346,after,24,,recalibrated,7,0.1,-1,1.108918701171875,0.605,1.1331361694335937,0.579
resolution_max_b1,0,2346,after,24,,recalibrated,7,0.2,1,1.1435768432617188,0.582,1.1402830200195313,0.573
resolution_max_b1,0,2346,after,24,,recalibrated,7,0.2,-1,1.2548007202148437,0.548,1.2865960693359375,0.545
resolution_max_b1,0,2346,after,24,,recalibrated,7,0.25,1,1.2070789794921875,0.568,1.20121142578125,0.556
resolution_max_b1,0,2346,after,24,,recalibrated,7,0.25,-1,1.3554349975585938,0.513,1.3921529541015625,0.506
resolution_max_b1,0,2346,r=32,32,,recalibrated,7,0.025,1,1.707290283203125,0.377,1.7600634155273438,0.382
resolution_max_b1,0,2346,r=32,32,,recalibrated,7,0.025,-1,1.7280780639648436,0.364,1.779680419921875,0.375
resolution_max_b1,0,2346,r=32,32,,recalibrated,7,0.05,1,1.705165283203125,0.389,1.7576049194335936,0.384
resolution_max_b1,0,2346,r=32,32,,recalibrated,7,0.05,-1,1.74864404296875,0.366,1.7978677978515625,0.375
resolution_max_b1,0,2346,r=32,32,,recalibrated,7,0.1,1,1.7138162231445313,0.382,1.7618153076171874,0.385
resolution_max_b1,0,2346,r=32,32,,recalibrated,7,0.1,-1,1.80260400390625,0.345,1.8547442626953126,0.345
resolution_max_b1,0,2346,r=32,32,,recalibrated,7,0.2,1,1.7505565185546874,0.365,1.8084995727539062,0.345
resolution_max_b1,0,2346,r=32,32,,recalibrated,7,0.2,-1,1.9600817260742187,0.297,2.0374364013671875,0.297
resolution_max_b1,0,2346,r=32,32,,recalibrated,7,0.25,1,1.7792030029296875,0.367,1.840673095703125,0.324
resolution_max_b1,0,2346,r=32,32,,recalibrated,7,0.25,-1,2.069510498046875,0.264,2.15490869140625,0.273
resolution_max_b1,0,2346,before,16,,recalibrated,8,0.025,1,0.8250321350097656,0.694,0.9268704223632812,0.673
resolution_max_b1,0,2346,before,16,,recalibrated,8,0.025,-1,0.8191701354980468,0.708,0.9276611633300781,0.667
resolution_max_b1,0,2346,before,16,,recalibrated,8,0.05,1,0.8406914978027343,0.696,0.93490185546875,0.667
resolution_max_b1,0,2346,before,16,,recalibrated,8,0.05,-1,0.828035888671875,0.7,0.9368778381347657,0.662
resolution_max_b1,0,2346,before,16,,recalibrated,8,0.1,1,0.9008712463378906,0.669,0.9753305969238282,0.648
resolution_max_b1,0,2346,before,16,,recalibrated,8,0.1,-1,0.8645640563964844,0.697,0.9637365112304688,0.651
resolution_max_b1,0,2346,before,16,,recalibrated,8,0.2,1,1.1031758422851563,0.603,1.1325551147460937,0.581
resolution_max_b1,0,2346,before,16,,recalibrated,8,0.2,-1,0.9969985656738282,0.653,1.0671239013671876,0.609
resolution_max_b1,0,2346,before,16,,recalibrated,8,0.25,1,1.2333075561523437,0.566,1.252691162109375,0.55
resolution_max_b1,0,2346,before,16,,recalibrated,8,0.25,-1,1.0927701416015625,0.617,1.148261962890625,0.588
resolution_max_b1,0,2346,after,24,,recalibrated,8,0.025,1,1.0542384033203125,0.608,1.0631611633300782,0.596
resolution_max_b1,0,2346,after,24,,recalibrated,8,0.025,-1,1.0464008178710937,0.608,1.0619472961425782,0.608
resolution_max_b1,0,2346,after,24,,recalibrated,8,0.05,1,1.068829345703125,0.605,1.073514892578125,0.599
resolution_max_b1,0,2346,after,24,,recalibrated,8,0.05,-1,1.0542056884765625,0.599,1.0703021850585936,0.602
resolution_max_b1,0,2346,after,24,,recalibrated,8,0.1,1,1.1173590087890626,0.584,1.1186870727539062,0.575
resolution_max_b1,0,2346,after,24,,recalibrated,8,0.1,-1,1.0898673706054687,0.587,1.1062695922851562,0.59
resolution_max_b1,0,2346,after,24,,recalibrated,8,0.2,1,1.301133544921875,0.523,1.2817742919921875,0.535
resolution_max_b1,0,2346,after,24,,recalibrated,8,0.2,-1,1.2235009765625,0.548,1.2420626220703126,0.548
resolution_max_b1,0,2346,after,24,,recalibrated,8,0.25,1,1.4226068115234376,0.46,1.396968505859375,0.494
resolution_max_b1,0,2346,after,24,,recalibrated,8,0.25,-1,1.31565283203125,0.527,1.3339417114257812,0.518
resolution_max_b1,0,2346,r=32,32,,recalibrated,8,0.025,1,1.7217725830078126,0.374,1.7743273315429688,0.385
resolution_max_b1,0,2346,r=32,32,,recalibrated,8,0.025,-1,1.7152896728515625,0.376,1.7675850830078126,0.37
resolution_max_b1,0,2346,r=32,32,,recalibrated,8,0.05,1,1.7292576904296875,0.374,1.7847762451171876,0.381
resolution_max_b1,0,2346,r=32,32,,recalibrated,8,0.05,-1,1.7264327392578125,0.368,1.76946435546875,0.377
resolution_max_b1,0,2346,r=32,32,,recalibrated,8,0.1,1,1.7543041381835938,0.372,1.8055663452148438,0.369
resolution_max_b1,0,2346,r=32,32,,recalibrated,8,0.1,-1,1.7570457763671874,0.359,1.7929075317382812,0.345
resolution_max_b1,0,2346,r=32,32,,recalibrated,8,0.2,1,1.8848834228515625,0.327,1.9321832885742187,0.314
resolution_max_b1,0,2346,r=32,32,,recalibrated,8,0.2,-1,1.8685467529296875,0.319,1.895106689453125,0.301
resolution_max_b1,0,2346,r=32,32,,recalibrated,8,0.25,1,1.9680932006835938,0.31,2.0174278564453125,0.286
resolution_max_b1,0,2346,r=32,32,,recalibrated,8,0.25,-1,1.946846435546875,0.287,1.9814789428710937,0.289
resolution_max_b1,0,2346,before,16,,recalibrated,9,0.025,1,0.825059326171875,0.69,0.9336486511230468,0.659
resolution_max_b1,0,2346,before,16,,recalibrated,9,0.025,-1,0.8191775512695313,0.702,0.9224690856933594,0.669
resolution_max_b1,0,2346,before,16,,recalibrated,9,0.05,1,0.840337890625,0.694,0.9507763366699219,0.65
resolution_max_b1,0,2346,before,16,,recalibrated,9,0.05,-1,0.8278236999511719,0.695,0.9268890991210937,0.664
resolution_max_b1,0,2346,before,16,,recalibrated,9,0.1,1,0.9049541625976563,0.674,1.01331201171875,0.622
resolution_max_b1,0,2346,before,16,,recalibrated,9,0.1,-1,0.862365234375,0.69,0.952292236328125,0.647
resolution_max_b1,0,2346,before,16,,recalibrated,9,0.2,1,1.1404012451171874,0.579,1.2204522705078125,0.551
resolution_max_b1,0,2346,before,16,,recalibrated,9,0.2,-1,1.0044695739746095,0.619,1.0879678955078125,0.595
resolution_max_b1,0,2346,before,16,,recalibrated,9,0.25,1,1.2862408447265625,0.537,1.360184326171875,0.514
resolution_max_b1,0,2346,before,16,,recalibrated,9,0.25,-1,1.1224007568359375,0.579,1.197793212890625,0.566
resolution_max_b1,0,2346,after,24,,recalibrated,9,0.025,1,1.054237060546875,0.6,1.0679508056640625,0.612
resolution_max_b1,0,2346,after,24,,recalibrated,9,0.025,-1,1.0458710021972657,0.606,1.0584380493164063,0.606
resolution_max_b1,0,2346,after,24,,recalibrated,9,0.05,1,1.0705512084960938,0.598,1.0836867065429687,0.609
resolution_max_b1,0,2346,after,24,,recalibrated,9,0.05,-1,1.0506268920898438,0.611,1.064622802734375,0.6
resolution_max_b1,0,2346,after,24,,recalibrated,9,0.1,1,1.135108642578125,0.582,1.1441116943359375,0.594
resolution_max_b1,0,2346,after,24,,recalibrated,9,0.1,-1,1.0772509155273438,0.603,1.0982560424804688,0.581
resolution_max_b1,0,2346,after,24,,recalibrated,9,0.2,1,1.3629527587890624,0.502,1.3615808715820312,0.521
resolution_max_b1,0,2346,after,24,,recalibrated,9,0.2,-1,1.21316455078125,0.548,1.2430552978515625,0.544
resolution_max_b1,0,2346,after,24,,recalibrated,9,0.25,1,1.5075823974609375,0.464,1.49540380859375,0.478
resolution_max_b1,0,2346,after,24,,recalibrated,9,0.25,-1,1.320618896484375,0.509,1.3527122802734375,0.515
resolution_max_b1,0,2346,r=32,32,,recalibrated,9,0.025,1,1.7339542846679687,0.366,1.7880694580078125,0.371
resolution_max_b1,0,2346,r=32,32,,recalibrated,9,0.025,-1,1.7042996215820312,0.381,1.7561778564453125,0.379
resolution_max_b1,0,2346,r=32,32,,recalibrated,9,0.05,1,1.7621184692382812,0.354,1.8185317993164063,0.365
resolution_max_b1,0,2346,r=32,32,,recalibrated,9,0.05,-1,1.7009596557617188,0.375,1.7501495361328125,0.374
resolution_max_b1,0,2346,r=32,32,,recalibrated,9,0.1,1,1.852992919921875,0.342,1.9106821899414062,0.321
resolution_max_b1,0,2346,r=32,32,,recalibrated,9,0.1,-1,1.71433984375,0.378,1.757747314453125,0.378
resolution_max_b1,0,2346,r=32,32,,recalibrated,9,0.2,1,2.08337841796875,0.285,2.1253341064453126,0.268
resolution_max_b1,0,2346,r=32,32,,recalibrated,9,0.2,-1,1.8172179565429687,0.36,1.87184130859375,0.346
resolution_max_b1,0,2346,r=32,32,,recalibrated,9,0.25,1,2.1907197265625,0.276,2.2168333740234374,0.245
resolution_max_b1,0,2346,r=32,32,,recalibrated,9,0.25,-1,1.9036268310546876,0.343,1.96925732421875,0.333
resolution_max_b1,0,4692,before,24,,saved,,0.0,0,0.5678358764648438,0.81,0.6980221252441406,0.752
resolution_max_b1,0,4692,before,24,,recalibrated,,0.0,0,0.573742919921875,0.809,0.6934968566894532,0.755
resolution_max_b1,0,4692,before,24,,recalibrated,0,0.025,1,0.5810697631835937,0.804,0.6983934631347656,0.755
resolution_max_b1,0,4692,before,24,,recalibrated,0,0.025,-1,0.5750124206542969,0.801,0.6972071228027343,0.755
resolution_max_b1,0,4692,before,24,,recalibrated,0,0.05,1,0.5974200439453125,0.799,0.7093830261230468,0.747
resolution_max_b1,0,4692,before,24,,recalibrated,0,0.05,-1,0.5867011413574219,0.797,0.708354248046875,0.749
resolution_max_b1,0,4692,before,24,,recalibrated,0,0.1,1,0.652445556640625,0.772,0.7555983276367187,0.726
resolution_max_b1,0,4692,before,24,,recalibrated,0,0.1,-1,0.643425048828125,0.78,0.7578630981445312,0.724
resolution_max_b1,0,4692,before,24,,recalibrated,0,0.2,1,0.839744140625,0.692,0.9202316284179688,0.667
resolution_max_b1,0,4692,before,24,,recalibrated,0,0.2,-1,0.8851148681640625,0.691,0.9697291870117187,0.658
resolution_max_b1,0,4692,before,24,,recalibrated,0,0.25,1,0.959567138671875,0.645,1.0350093383789063,0.63
resolution_max_b1,0,4692,before,24,,recalibrated,0,0.25,-1,1.0749497680664062,0.63,1.1145984497070311,0.628
resolution_max_b1,0,4692,after,32,,saved,,0.0,0,2.9066181640625,0.242,2.9722142333984376,0.232
resolution_max_b1,0,4692,after,32,,recalibrated,,0.0,0,1.1573116455078125,0.593,1.2090360717773438,0.569
resolution_max_b1,0,4692,after,32,,recalibrated,0,0.025,1,1.17920166015625,0.584,1.2273953857421875,0.559
resolution_max_b1,0,4692,after,32,,recalibrated,0,0.025,-1,1.1472774658203124,0.595,1.2020177001953125,0.572
resolution_max_b1,0,4692,after,32,,recalibrated,0,0.05,1,1.2140099487304687,0.571,1.2523601684570314,0.548
resolution_max_b1,0,4692,after,32,,recalibrated,0,0.05,-1,1.1498871459960938,0.603,1.2097633056640624,0.568
resolution_max_b1,0,4692,after,32,,recalibrated,0,0.1,1,1.3000305786132813,0.554,1.318049072265625,0.532
resolution_max_b1,0,4692,after,32,,recalibrated,0,0.1,-1,1.2056320190429688,0.583,1.2854180297851563,0.554
resolution_max_b1,0,4692,after,32,,recalibrated,0,0.2,1,1.499509765625,0.479,1.494050537109375,0.491
resolution_max_b1,0,4692,after,32,,recalibrated,0,0.2,-1,1.5140648803710937,0.482,1.5778474731445313,0.492
resolution_max_b1,0,4692,after,32,,recalibrated,0,0.25,1,1.6105570678710937,0.449,1.6043323364257813,0.453
resolution_max_b1,0,4692,after,32,,recalibrated,0,0.25,-1,1.7162159423828125,0.43,1.7365230102539062,0.449
resolution_max_b1,0,4692,r=16,16,,saved,,0.0,0,0.9747857055664062,0.651,1.03313818359375,0.645
resolution_max_b1,0,4692,r=16,16,,recalibrated,,0.0,0,0.8417015686035156,0.715,0.9162609252929688,0.678
resolution_max_b1,0,4692,r=16,16,,recalibrated,0,0.025,1,0.8496724243164062,0.713,0.9248803100585937,0.68
resolution_max_b1,0,4692,r=16,16,,recalibrated,0,0.025,-1,0.8468427734375,0.711,0.915857666015625,0.682
resolution_max_b1,0,4692,r=16,16,,recalibrated,0,0.05,1,0.8673094787597656,0.706,0.9440953979492187,0.677
resolution_max_b1,0,4692,r=16,16,,recalibrated,0,0.05,-1,0.8614021301269531,0.709,0.9228098754882812,0.68
resolution_max_b1,0,4692,r=16,16,,recalibrated,0,0.1,1,0.9179162292480468,0.691,1.0009652709960937,0.65
resolution_max_b1,0,4692,r=16,16,,recalibrated,0,0.1,-1,0.9253768615722656,0.69,0.9665776062011718,0.671
resolution_max_b1,0,4692,r=16,16,,recalibrated,0,0.2,1,1.0877164306640625,0.628,1.174917236328125,0.593
resolution_max_b1,0,4692,r=16,16,,recalibrated,0,0.2,-1,1.1933390502929688,0.631,1.1803036499023438,0.619
resolution_max_b1,0,4692,r=16,16,,recalibrated,0,0.25,1,1.2020398559570313,0.582,1.2772157592773437,0.554
resolution_max_b1,0,4692,r=16,16,,recalibrated,0,0.25,-1,1.3848493041992187,0.559,1.3251163940429687,0.595
resolution_max_b1,0,4692,before,24,,recalibrated,1,0.025,1,0.5813548889160156,0.793,0.7007523498535156,0.757
resolution_max_b1,0,4692,before,24,,recalibrated,1,0.025,-1,0.5737523803710938,0.808,0.6926567993164062,0.753
resolution_max_b1,0,4692,before,24,,recalibrated,1,0.05,1,0.5986670227050781,0.787,0.7123170776367187,0.744
resolution_max_b1,0,4692,before,24,,recalibrated,1,0.05,-1,0.5831466674804687,0.805,0.6997495422363281,0.752
resolution_max_b1,0,4692,before,24,,recalibrated,1,0.1,1,0.6624523010253907,0.759,0.7518417358398437,0.738
resolution_max_b1,0,4692,before,24,,recalibrated,1,0.1,-1,0.6302743530273438,0.779,0.7440292663574218,0.731
resolution_max_b1,0,4692,before,24,,recalibrated,1,0.2,1,0.8817107238769532,0.694,0.9005829467773437,0.683
resolution_max_b1,0,4692,before,24,,recalibrated,1,0.2,-1,0.8493320922851563,0.7,0.9662658996582031,0.651
resolution_max_b1,0,4692,before,24,,recalibrated,1,0.25,1,1.0306558532714845,0.649,1.0220869750976562,0.639
resolution_max_b1,0,4692,before,24,,recalibrated,1,0.25,-1,1.0223984985351562,0.64,1.1382977905273437,0.592
resolution_max_b1,0,4692,after,32,,recalibrated,1,0.025,1,1.1627581787109376,0.592,1.2161516723632813,0.565
resolution_max_b1,0,4692,after,32,,recalibrated,1,0.025,-1,1.1614150390625,0.593,1.21414208984375,0.568
resolution_max_b1,0,4692,after,32,,recalibrated,1,0.05,1,1.1788914794921874,0.587,1.23171240234375,0.557
resolution_max_b1,0,4692,after,32,,recalibrated,1,0.05,-1,1.1777348022460938,0.587,1.2341671752929688,0.559
resolution_max_b1,0,4692,after,32,,recalibrated,1,0.1,1,1.245853759765625,0.57,1.2858697509765624,0.533
resolution_max_b1,0,4692,after,32,,recalibrated,1,0.1,-1,1.2506209716796874,0.562,1.33341845703125,0.525
resolution_max_b1,0,4692,after,32,,recalibrated,1,0.2,1,1.4737667236328125,0.487,1.488765380859375,0.461
resolution_max_b1,0,4692,after,32,,recalibrated,1,0.2,-1,1.6109098510742188,0.444,1.7764033203125,0.426
resolution_max_b1,0,4692,after,32,,recalibrated,1,0.25,1,1.6265938720703126,0.427,1.6247512817382812,0.423
resolution_max_b1,0,4692,after,32,,recalibrated,1,0.25,-1,1.835684814453125,0.398,2.023864990234375,0.365
resolution_max_b1,0,4692,r=16,16,,recalibrated,1,0.025,1,0.8446550903320312,0.711,0.9223693542480469,0.684
resolution_max_b1,0,4692,r=16,16,,recalibrated,1,0.025,-1,0.8476202087402344,0.717,0.9159609985351562,0.677
resolution_max_b1,0,4692,r=16,16,,recalibrated,1,0.05,1,0.8561134643554688,0.709,0.937038330078125,0.684
resolution_max_b1,0,4692,r=16,16,,recalibrated,1,0.05,-1,0.8632579040527344,0.717,0.9211602783203126,0.678
resolution_max_b1,0,4692,r=16,16,,recalibrated,1,0.1,1,0.9067222595214843,0.687,0.9822516479492187,0.678
resolution_max_b1,0,4692,r=16,16,,recalibrated,1,0.1,-1,0.9082630920410156,0.696,0.9556951904296875,0.666
resolution_max_b1,0,4692,r=16,16,,recalibrated,1,0.2,1,1.1048244018554687,0.631,1.1357731323242188,0.612
resolution_max_b1,0,4692,r=16,16,,recalibrated,1,0.2,-1,1.08718408203125,0.641,1.1414260864257812,0.618
resolution_max_b1,0,4692,r=16,16,,recalibrated,1,0.25,1,1.2407283325195313,0.587,1.24587060546875,0.579
resolution_max_b1,0,4692,r=16,16,,recalibrated,1,0.25,-1,1.220217529296875,0.618,1.2858157348632813,0.583
resolution_max_b1,0,4692,before,24,,recalibrated,2,0.025,1,0.5754176635742188,0.808,0.6916323852539062,0.761
resolution_max_b1,0,4692,before,24,,recalibrated,2,0.025,-1,0.5800440673828124,0.799,0.7024396362304688,0.747
resolution_max_b1,0,4692,before,24,,recalibrated,2,0.05,1,0.5873338317871094,0.799,0.6971072082519532,0.758
resolution_max_b1,0,4692,before,24,,recalibrated,2,0.05,-1,0.5939813232421876,0.782,0.716712646484375,0.734
resolution_max_b1,0,4692,before,24,,recalibrated,2,0.1,1,0.641398193359375,0.763,0.7318304443359375,0.743
resolution_max_b1,0,4692,before,24,,recalibrated,2,0.1,-1,0.6510247802734375,0.761,0.76527197265625,0.708
resolution_max_b1,0,4692,before,24,,recalibrated,2,0.2,1,0.8562673645019532,0.694,0.9121230163574219,0.674
resolution_max_b1,0,4692,before,24,,recalibrated,2,0.2,-1,0.852191162109375,0.691,0.9452891845703125,0.655
resolution_max_b1,0,4692,before,24,,recalibrated,2,0.25,1,1.0211688537597656,0.641,1.0643819580078124,0.625
resolution_max_b1,0,4692,before,24,,recalibrated,2,0.25,-1,0.9947025756835938,0.642,1.0730169677734376,0.611
resolution_max_b1,0,4692,after,32,,recalibrated,2,0.025,1,1.1665810546875,0.592,1.223790771484375,0.57
resolution_max_b1,0,4692,after,32,,recalibrated,2,0.025,-1,1.1565863037109374,0.592,1.2042747192382812,0.574
resolution_max_b1,0,4692,after,32,,recalibrated,2,0.05,1,1.1831886596679688,0.586,1.2434417724609375,0.558
resolution_max_b1,0,4692,after,32,,recalibrated,2,0.05,-1,1.1677001953125,0.586,1.2078826904296875,0.565
resolution_max_b1,0,4692,after,32,,recalibrated,2,0.1,1,1.251100830078125,0.556,1.3103809814453125,0.542
resolution_max_b1,0,4692,after,32,,recalibrated,2,0.1,-1,1.2183397216796874,0.571,1.2480018310546874,0.549
resolution_max_b1,0,4692,after,32,,recalibrated,2,0.2,1,1.53954150390625,0.481,1.631379150390625,0.439
resolution_max_b1,0,4692,after,32,,recalibrated,2,0.2,-1,1.4407744750976563,0.507,1.447584228515625,0.484
resolution_max_b1,0,4692,after,32,,recalibrated,2,0.25,1,1.75145947265625,0.412,1.8516571044921875,0.39
resolution_max_b1,0,4692,after,32,,recalibrated,2,0.25,-1,1.589528564453125,0.46,1.5706441040039063,0.457
resolution_max_b1,0,4692,r=16,16,,recalibrated,2,0.025,1,0.8463653869628907,0.715,0.9193596496582032,0.68
resolution_max_b1,0,4692,r=16,16,,recalibrated,2,0.025,-1,0.8443428955078125,0.716,0.9203366394042969,0.681
resolution_max_b1,0,4692,r=16,16,,recalibrated,2,0.05,1,0.8596983032226563,0.702,0.9269349060058594,0.679
resolution_max_b1,0,4692,r=16,16,,recalibrated,2,0.05,-1,0.8539559936523438,0.709,0.9331636352539062,0.675
resolution_max_b1,0,4692,r=16,16,,recalibrated,2,0.1,1,0.9103083801269531,0.684,0.96841455078125,0.67
resolution_max_b1,0,4692,r=16,16,,recalibrated,2,0.1,-1,0.9013461608886719,0.693,0.9718952941894531,0.663
resolution_max_b1,0,4692,r=16,16,,recalibrated,2,0.2,1,1.0919546508789062,0.629,1.116648681640625,0.617
resolution_max_b1,0,4692,r=16,16,,recalibrated,2,0.2,-1,1.0907593994140625,0.637,1.1285951538085937,0.621
resolution_max_b1,0,4692,r=16,16,,recalibrated,2,0.25,1,1.232678466796875,0.605,1.241958740234375,0.593
resolution_max_b1,0,4692,r=16,16,,recalibrated,2,0.25,-1,1.2293283081054687,0.596,1.24074609375,0.594
resolution_max_b1,0,4692,before,24,,recalibrated,3,0.025,1,0.5755408935546875,0.8,0.6965750427246094,0.749
resolution_max_b1,0,4692,before,24,,recalibrated,3,0.025,-1,0.5789383239746094,0.805,0.6998162231445313,0.754
resolution_max_b1,0,4692,before,24,,recalibrated,3,0.05,1,0.5883650512695312,0.799,0.7083167114257812,0.747
resolution_max_b1,0,4692,before,24,,recalibrated,3,0.05,-1,0.5956914367675781,0.798,0.7177665100097657,0.749
resolution_max_b1,0,4692,before,24,,recalibrated,3,0.1,1,0.6456998291015625,0.773,0.7580387573242188,0.731
resolution_max_b1,0,4692,before,24,,recalibrated,3,0.1,-1,0.6684446716308594,0.768,0.7880810546875,0.719
resolution_max_b1,0,4692,before,24,,recalibrated,3,0.2,1,0.8607731018066406,0.687,0.9649125671386719,0.654
resolution_max_b1,0,4692,before,24,,recalibrated,3,0.2,-1,0.9222055969238281,0.682,1.0185643310546875,0.644
resolution_max_b1,0,4692,before,24,,recalibrated,3,0.25,1,1.0159166870117187,0.631,1.110608154296875,0.601
resolution_max_b1,0,4692,before,24,,recalibrated,3,0.25,-1,1.077614501953125,0.626,1.15951806640625,0.587
resolution_max_b1,0,4692,after,32,,recalibrated,3,0.025,1,1.1699441528320313,0.59,1.2222100830078124,0.561
resolution_max_b1,0,4692,after,32,,recalibrated,3,0.025,-1,1.1598373413085938,0.593,1.2146585693359375,0.559
resolution_max_b1,0,4692,after,32,,recalibrated,3,0.05,1,1.1942816162109375,0.591,1.24932177734375,0.551
resolution_max_b1,0,4692,after,32,,recalibrated,3,0.05,-1,1.1865084838867188,0.585,1.2400306396484375,0.556
resolution_max_b1,0,4692,after,32,,recalibrated,3,0.1,1,1.2902824096679688,0.556,1.3486674194335937,0.527
resolution_max_b1,0,4692,after,32,,recalibrated,3,0.1,-1,1.29448486328125,0.561,1.3604190673828125,0.529
resolution_max_b1,0,4692,after,32,,recalibrated,3,0.2,1,1.6188048095703125,0.475,1.6536637573242188,0.442
resolution_max_b1,0,4692,after,32,,recalibrated,3,0.2,-1,1.6080670776367187,0.464,1.6577689208984374,0.435
resolution_max_b1,0,4692,after,32,,recalibrated,3,0.25,1,1.8061143188476563,0.411,1.8248151245117188,0.404
resolution_max_b1,0,4692,after,32,,recalibrated,3,0.25,-1,1.76894921875,0.433,1.8098178100585938,0.398
resolution_max_b1,0,4692,r=16,16,,recalibrated,3,0.025,1,0.8546570434570312,0.712,0.9135541381835938,0.68
resolution_max_b1,0,4692,r=16,16,,recalibrated,3,0.025,-1,0.8412294311523437,0.71,0.9287444458007813,0.687
resolution_max_b1,0,4692,r=16,16,,recalibrated,3,0.05,1,0.8777909240722657,0.702,0.9202147827148438,0.677
resolution_max_b1,0,4692,r=16,16,,recalibrated,3,0.05,-1,0.850359619140625,0.703,0.9521484985351563,0.674
resolution_max_b1,0,4692,r=16,16,,recalibrated,3,0.1,1,0.9500440368652344,0.675,0.9638509216308594,0.672
resolution_max_b1,0,4692,r=16,16,,recalibrated,3,0.1,-1,0.8983775939941406,0.687,1.0242874450683594,0.655
resolution_max_b1,0,4692,r=16,16,,recalibrated,3,0.2,1,1.1691146240234376,0.594,1.158538818359375,0.607
resolution_max_b1,0,4692,r=16,16,,recalibrated,3,0.2,-1,1.1197144775390624,0.626,1.2280228881835937,0.576
resolution_max_b1,0,4692,r=16,16,,recalibrated,3,0.25,1,1.3193525390625,0.569,1.289835205078125,0.569
resolution_max_b1,0,4692,r=16,16,,recalibrated,3,0.25,-1,1.2570379638671876,0.585,1.34955322265625,0.543
resolution_max_b1,0,4692,before,24,,recalibrated,4,0.025,1,0.5772009582519532,0.807,0.7007472839355469,0.752
resolution_max_b1,0,4692,before,24,,recalibrated,4,0.025,-1,0.5781889343261719,0.801,0.6980845642089843,0.752
resolution_max_b1,0,4692,before,24,,recalibrated,4,0.05,1,0.5908950805664063,0.795,0.7165403137207031,0.745
resolution_max_b1,0,4692,before,24,,recalibrated,4,0.05,-1,0.5911559448242187,0.795,0.7104455871582032,0.74
resolution_max_b1,0,4692,before,24,,recalibrated,4,0.1,1,0.6486442260742188,0.775,0.7777627563476562,0.729
resolution_max_b1,0,4692,before,24,,recalibrated,4,0.1,-1,0.6497981872558594,0.77,0.7582033081054688,0.722
resolution_max_b1,0,4692,before,24,,recalibrated,4,0.2,1,0.8881700439453125,0.684,1.0264234619140624,0.638
resolution_max_b1,0,4692,before,24,,recalibrated,4,0.2,-1,0.8810739440917968,0.697,0.94300732421875,0.663
resolution_max_b1,0,4692,before,24,,recalibrated,4,0.25,1,1.0742710571289062,0.622,1.2106659545898437,0.582
resolution_max_b1,0,4692,before,24,,recalibrated,4,0.25,-1,1.0438331298828125,0.637,1.0861837158203125,0.611
resolution_max_b1,0,4692,after,32,,recalibrated,4,0.025,1,1.1546693115234374,0.597,1.213066650390625,0.562
resolution_max_b1,0,4692,after,32,,recalibrated,4,0.025,-1,1.1726580200195313,0.584,1.2232211303710938,0.572
resolution_max_b1,0,4692,after,32,,recalibrated,4,0.05,1,1.1623825073242187,0.596,1.2321845703125,0.562
resolution_max_b1,0,4692,after,32,,recalibrated,4,0.05,-1,1.2022515869140624,0.571,1.2496821899414063,0.548
resolution_max_b1,0,4692,after,32,,recalibrated,4,0.1,1,1.226771728515625,0.559,1.3210183715820312,0.534
resolution_max_b1,0,4692,after,32,,recalibrated,4,0.1,-1,1.29839453125,0.542,1.3312232055664062,0.522
resolution_max_b1,0,4692,after,32,,recalibrated,4,0.2,1,1.5500734252929687,0.461,1.6934154663085939,0.433
resolution_max_b1,0,4692,after,32,,recalibrated,4,0.2,-1,1.6176647338867187,0.437,1.614863037109375,0.421
resolution_max_b1,0,4692,after,32,,recalibrated,4,0.25,1,1.7575240478515626,0.402,1.9226407470703124,0.371
resolution_max_b1,0,4692,after,32,,recalibrated,4,0.25,-1,1.81317041015625,0.4,1.8011536865234374,0.377
resolution_max_b1,0,4692,r=16,16,,recalibrated,4,0.025,1,0.8456340637207032,0.71,0.9196006164550782,0.686
resolution_max_b1,0,4692,r=16,16,,recalibrated,4,0.025,-1,0.8463417358398437,0.716,0.9216339721679687,0.674
resolution_max_b1,0,4692,r=16,16,,recalibrated,4,0.05,1,0.8570316772460937,0.71,0.9347138977050782,0.693
resolution_max_b1,0,4692,r=16,16,,recalibrated,4,0.05,-1,0.8593163452148438,0.712,0.9326264953613281,0.67
resolution_max_b1,0,4692,r=16,16,,recalibrated,4,0.1,1,0.9059906005859375,0.696,0.99210986328125,0.677
resolution_max_b1,0,4692,r=16,16,,recalibrated,4,0.1,-1,0.9140716552734375,0.679,0.9673720397949219,0.647
resolution_max_b1,0,4692,r=16,16,,recalibrated,4,0.2,1,1.1165687255859376,0.626,1.2022457885742188,0.611
resolution_max_b1,0,4692,r=16,16,,recalibrated,4,0.2,-1,1.1260453491210938,0.623,1.1300692138671875,0.603
resolution_max_b1,0,4692,r=16,16,,recalibrated,4,0.25,1,1.2708943481445312,0.593,1.3683139038085939,0.554
resolution_max_b1,0,4692,r=16,16,,recalibrated,4,0.25,-1,1.2729214477539061,0.586,1.266815673828125,0.556
resolution_max_b1,0,4692,before,24,,recalibrated,5,0.025,1,0.575834228515625,0.797,0.6937156677246094,0.755
resolution_max_b1,0,4692,before,24,,recalibrated,5,0.025,-1,0.5799456787109375,0.802,0.6992536926269531,0.751
resolution_max_b1,0,4692,before,24,,recalibrated,5,0.05,1,0.5852429504394532,0.793,0.7013599853515625,0.744
resolution_max_b1,0,4692,before,24,,recalibrated,5,0.05,-1,0.5950764465332031,0.797,0.7110955505371094,0.744
resolution_max_b1,0,4692,before,24,,recalibrated,5,0.1,1,0.6296031494140625,0.785,0.7368501281738281,0.733
resolution_max_b1,0,4692,before,24,,recalibrated,5,0.1,-1,0.6479668884277344,0.769,0.7516529235839844,0.728
resolution_max_b1,0,4692,before,24,,recalibrated,5,0.2,1,0.8191651306152343,0.715,0.9058619079589844,0.685
resolution_max_b1,0,4692,before,24,,recalibrated,5,0.2,-1,0.8444365844726562,0.717,0.9102582092285156,0.683
resolution_max_b1,0,4692,before,24,,recalibrated,5,0.25,1,0.9561741333007813,0.66,1.0403265380859374,0.646
resolution_max_b1,0,4692,before,24,,recalibrated,5,0.25,-1,0.9874017639160156,0.673,1.0217557067871095,0.652
resolution_max_b1,0,4692,after,32,,recalibrated,5,0.025,1,1.17345947265625,0.587,1.226037841796875,0.562
resolution_max_b1,0,4692,after,32,,recalibrated,5,0.025,-1,1.1505211181640624,0.59,1.2006027221679687,0.571
resolution_max_b1,0,4692,after,32,,recalibrated,5,0.05,1,1.202701171875,0.583,1.2526378173828125,0.563
resolution_max_b1,0,4692,after,32,,recalibrated,5,0.05,-1,1.1531843872070313,0.599,1.198770263671875,0.572
resolution_max_b1,0,4692,after,32,,recalibrated,5,0.1,1,1.29986962890625,0.551,1.34254736328125,0.53
resolution_max_b1,0,4692,after,32,,recalibrated,5,0.1,-1,1.1828889770507813,0.595,1.217564697265625,0.576
resolution_max_b1,0,4692,after,32,,recalibrated,5,0.2,1,1.5904449462890624,0.445,1.63220458984375,0.436
resolution_max_b1,0,4692,after,32,,recalibrated,5,0.2,-1,1.3453773193359375,0.52,1.3441761474609375,0.539
resolution_max_b1,0,4692,after,32,,recalibrated,5,0.25,1,1.7567482299804686,0.39,1.8118914184570312,0.374
resolution_max_b1,0,4692,after,32,,recalibrated,5,0.25,-1,1.4611011962890625,0.51,1.446154541015625,0.503
resolution_max_b1,0,4692,r=16,16,,recalibrated,5,0.025,1,0.8464510192871094,0.71,0.9073803100585938,0.686
resolution_max_b1,0,4692,r=16,16,,recalibrated,5,0.025,-1,0.842490234375,0.719,0.92754736328125,0.678
resolution_max_b1,0,4692,r=16,16,,recalibrated,5,0.05,1,0.8555521545410156,0.704,0.9031385192871094,0.681
resolution_max_b1,0,4692,r=16,16,,recalibrated,5,0.05,-1,0.8494302673339844,0.715,0.9424983825683594,0.679
resolution_max_b1,0,4692,r=16,16,,recalibrated,5,0.1,1,0.8941185607910156,0.697,0.9228059997558594,0.687
resolution_max_b1,0,4692,r=16,16,,recalibrated,5,0.1,-1,0.8807099914550781,0.713,0.9925338745117187,0.665
resolution_max_b1,0,4692,r=16,16,,recalibrated,5,0.2,1,1.0421484375,0.658,1.0807386474609375,0.653
resolution_max_b1,0,4692,r=16,16,,recalibrated,5,0.2,-1,1.0358710327148437,0.66,1.1337692260742187,0.62
resolution_max_b1,0,4692,r=16,16,,recalibrated,5,0.25,1,1.14943994140625,0.619,1.211709228515625,0.605
resolution_max_b1,0,4692,r=16,16,,recalibrated,5,0.25,-1,1.1680994262695312,0.613,1.2384163208007812,0.592
resolution_max_b1,0,4692,before,24,,recalibrated,6,0.025,1,0.5705467834472656,0.809,0.6933905334472656,0.757
resolution_max_b1,0,4692,before,24,,recalibrated,6,0.025,-1,0.5845018310546874,0.798,0.6997270812988281,0.743
resolution_max_b1,0,4692,before,24,,recalibrated,6,0.05,1,0.5756181335449219,0.802,0.6994685363769532,0.757
resolution_max_b1,0,4692,before,24,,recalibrated,6,0.05,-1,0.6036173400878906,0.793,0.71319970703125,0.732
resolution_max_b1,0,4692,before,24,,recalibrated,6,0.1,1,0.6075169982910156,0.787,0.7280496215820312,0.741
resolution_max_b1,0,4692,before,24,,recalibrated,6,0.1,-1,0.6661952514648437,0.767,0.7590687255859375,0.718
resolution_max_b1,0,4692,before,24,,recalibrated,6,0.2,1,0.7813432312011719,0.732,0.8743692932128906,0.683
resolution_max_b1,0,4692,before,24,,recalibrated,6,0.2,-1,0.8809612426757812,0.694,0.9295367736816407,0.658
resolution_max_b1,0,4692,before,24,,recalibrated,6,0.25,1,0.9406573791503906,0.676,0.9980265502929687,0.652
resolution_max_b1,0,4692,before,24,,recalibrated,6,0.25,-1,1.0358616333007813,0.644,1.0608837890625,0.604
resolution_max_b1,0,4692,after,32,,recalibrated,6,0.025,1,1.1484618530273438,0.594,1.1994852905273437,0.577
resolution_max_b1,0,4692,after,32,,recalibrated,6,0.025,-1,1.1746195678710938,0.585,1.227401123046875,0.563
resolution_max_b1,0,4692,after,32,,recalibrated,6,0.05,1,1.1511900634765626,0.598,1.200171142578125,0.574
resolution_max_b1,0,4692,after,32,,recalibrated,6,0.05,-1,1.201737548828125,0.567,1.2569163208007812,0.554
resolution_max_b1,0,4692,after,32,,recalibrated,6,0.1,1,1.1899341430664063,0.583,1.2379754638671876,0.579
resolution_max_b1,0,4692,after,32,,recalibrated,6,0.1,-1,1.2859339599609374,0.542,1.34232861328125,0.526
resolution_max_b1,0,4692,after,32,,recalibrated,6,0.2,1,1.421951904296875,0.487,1.4717267456054688,0.508
resolution_max_b1,0,4692,after,32,,recalibrated,6,0.2,-1,1.5321920776367188,0.456,1.5771600341796874,0.446
resolution_max_b1,0,4692,after,32,,recalibrated,6,0.25,1,1.5766728515625,0.448,1.62061572265625,0.448
resolution_max_b1,0,4692,after,32,,recalibrated,6,0.25,-1,1.6869843139648437,0.416,1.7229984130859375,0.395
resolution_max_b1,0,4692,r=16,16,,recalibrated,6,0.025,1,0.8416937561035156,0.713,0.90866748046875,0.687
resolution_max_b1,0,4692,r=16,16,,recalibrated,6,0.025,-1,0.8494075622558593,0.721,0.9313924255371093,0.679
resolution_max_b1,0,4692,r=16,16,,recalibrated,6,0.05,1,0.8467816772460938,0.712,0.9098726196289062,0.688
resolution_max_b1,0,4692,r=16,16,,recalibrated,6,0.05,-1,0.8642300720214844,0.71,0.9518659057617187,0.671
resolution_max_b1,0,4692,r=16,16,,recalibrated,6,0.1,1,0.8826851501464844,0.694,0.9306383056640625,0.68
resolution_max_b1,0,4692,r=16,16,,recalibrated,6,0.1,-1,0.9145195617675781,0.697,1.0071180419921875,0.646
resolution_max_b1,0,4692,r=16,16,,recalibrated,6,0.2,1,1.0260093994140624,0.662,1.0649136352539061,0.649
resolution_max_b1,0,4692,r=16,16,,recalibrated,6,0.2,-1,1.09408447265625,0.631,1.1699335327148437,0.602
resolution_max_b1,0,4692,r=16,16,,recalibrated,6,0.25,1,1.1689725341796875,0.623,1.18643994140625,0.615
resolution_max_b1,0,4692,r=16,16,,recalibrated,6,0.25,-1,1.224073974609375,0.594,1.2787193603515625,0.565
resolution_max_b1,0,4692,before,24,,recalibrated,7,0.025,1,0.5762273559570312,0.8,0.694677734375,0.756
resolution_max_b1,0,4692,before,24,,recalibrated,7,0.025,-1,0.5763747253417969,0.804,0.6982210998535157,0.76
resolution_max_b1,0,4692,before,24,,recalibrated,7,0.05,1,0.5853902587890625,0.788,0.7004505615234375,0.747
resolution_max_b1,0,4692,before,24,,recalibrated,7,0.05,-1,0.585140625,0.799,0.7083590698242187,0.755
resolution_max_b1,0,4692,before,24,,recalibrated,7,0.1,1,0.623473876953125,0.781,0.7291337890625,0.738
resolution_max_b1,0,4692,before,24,,recalibrated,7,0.1,-1,0.6194217529296875,0.785,0.7457265625,0.745
resolution_max_b1,0,4692,before,24,,recalibrated,7,0.2,1,0.7715091857910156,0.719,0.8510704345703125,0.702
resolution_max_b1,0,4692,before,24,,recalibrated,7,0.2,-1,0.7781080322265626,0.725,0.8998144226074218,0.698
resolution_max_b1,0,4692,before,24,,recalibrated,7,0.25,1,0.8817886047363281,0.671,0.9471849975585938,0.663
resolution_max_b1,0,4692,before,24,,recalibrated,7,0.25,-1,0.9119407043457032,0.676,1.020070281982422,0.658
resolution_max_b1,0,4692,after,32,,recalibrated,7,0.025,1,1.1482946166992187,0.588,1.2084150390625,0.563
resolution_max_b1,0,4692,after,32,,recalibrated,7,0.025,-1,1.1745428466796874,0.592,1.2195986938476562,0.571
resolution_max_b1,0,4692,after,32,,recalibrated,7,0.05,1,1.1479993286132812,0.584,1.2142455444335938,0.555
resolution_max_b1,0,4692,after,32,,recalibrated,7,0.05,-1,1.1995178833007814,0.592,1.238396484375,0.563
resolution_max_b1,0,4692,after,32,,recalibrated,7,0.1,1,1.1750028076171875,0.579,1.2478353881835937,0.555
resolution_max_b1,0,4692,after,32,,recalibrated,7,0.1,-1,1.2736101684570313,0.565,1.3111372680664062,0.535
resolution_max_b1,0,4692,after,32,,recalibrated,7,0.2,1,1.2977464599609374,0.537,1.3881055297851563,0.492
resolution_max_b1,0,4692,after,32,,recalibrated,7,0.2,-1,1.5165661010742189,0.5,1.5596401977539063,0.478
resolution_max_b1,0,4692,after,32,,recalibrated,7,0.25,1,1.389041748046875,0.505,1.483917724609375,0.471
resolution_max_b1,0,4692,after,32,,recalibrated,7,0.25,-1,1.68745166015625,0.443,1.726427978515625,0.421
resolution_max_b1,0,4692,r=16,16,,recalibrated,7,0.025,1,0.847040771484375,0.711,0.9179146728515625,0.68
resolution_max_b1,0,4692,r=16,16,,recalibrated,7,0.025,-1,0.8422523498535156,0.717,0.9186153259277344,0.681
resolution_max_b1,0,4692,r=16,16,,recalibrated,7,0.05,1,0.8584919128417968,0.703,0.9238927612304687,0.673
resolution_max_b1,0,4692,r=16,16,,recalibrated,7,0.05,-1,0.8483697509765625,0.72,0.9252744140625,0.68
resolution_max_b1,0,4692,r=16,16,,recalibrated,7,0.1,1,0.9006315002441406,0.688,0.94294580078125,0.663
resolution_max_b1,0,4692,r=16,16,,recalibrated,7,0.1,-1,0.8775481262207031,0.71,0.9567223205566406,0.673
resolution_max_b1,0,4692,r=16,16,,recalibrated,7,0.2,1,1.0453067626953125,0.66,1.0324358215332032,0.662
resolution_max_b1,0,4692,r=16,16,,recalibrated,7,0.2,-1,1.0110134582519532,0.662,1.1122396240234376,0.624
resolution_max_b1,0,4692,r=16,16,,recalibrated,7,0.25,1,1.139577392578125,0.624,1.1067147827148438,0.641
resolution_max_b1,0,4692,r=16,16,,recalibrated,7,0.25,-1,1.126467529296875,0.625,1.2264828491210937,0.588
resolution_max_b1,0,4692,before,24,,recalibrated,8,0.025,1,0.5799502258300782,0.796,0.7031004943847656,0.745
resolution_max_b1,0,4692,before,24,,recalibrated,8,0.025,-1,0.57704638671875,0.804,0.6939745483398437,0.754
resolution_max_b1,0,4692,before,24,,recalibrated,8,0.05,1,0.5971759338378906,0.786,0.7211672058105468,0.741
resolution_max_b1,0,4692,before,24,,recalibrated,8,0.05,-1,0.5907014465332031,0.802,0.7043421020507813,0.741
resolution_max_b1,0,4692,before,24,,recalibrated,8,0.1,1,0.6689206848144531,0.751,0.7901825866699219,0.713
resolution_max_b1,0,4692,before,24,,recalibrated,8,0.1,-1,0.6444364013671875,0.783,0.75113818359375,0.732
resolution_max_b1,0,4692,before,24,,recalibrated,8,0.2,1,0.971748779296875,0.648,1.0516080627441406,0.636
resolution_max_b1,0,4692,before,24,,recalibrated,8,0.2,-1,0.8371957092285156,0.702,0.9284462280273438,0.669
resolution_max_b1,0,4692,before,24,,recalibrated,8,0.25,1,1.1625467529296876,0.591,1.2215380859375,0.587
resolution_max_b1,0,4692,before,24,,recalibrated,8,0.25,-1,0.97310107421875,0.653,1.058781982421875,0.624
resolution_max_b1,0,4692,after,32,,recalibrated,8,0.025,1,1.1617891235351563,0.594,1.2207893676757813,0.568
resolution_max_b1,0,4692,after,32,,recalibrated,8,0.025,-1,1.1639625854492188,0.591,1.2102666625976561,0.561
resolution_max_b1,0,4692,after,32,,recalibrated,8,0.05,1,1.17955908203125,0.594,1.2392951049804688,0.561
resolution_max_b1,0,4692,after,32,,recalibrated,8,0.05,-1,1.1850999755859375,0.574,1.2240128173828124,0.558
resolution_max_b1,0,4692,after,32,,recalibrated,8,0.1,1,1.266616943359375,0.564,1.3308187866210937,0.538
resolution_max_b1,0,4692,after,32,,recalibrated,8,0.1,-1,1.264091552734375,0.537,1.2913065185546875,0.525
resolution_max_b1,0,4692,after,32,,recalibrated,8,0.2,1,1.6165282592773438,0.466,1.653819091796875,0.447
resolution_max_b1,0,4692,after,32,,recalibrated,8,0.2,-1,1.5030781860351563,0.473,1.5476943359375,0.462
resolution_max_b1,0,4692,after,32,,recalibrated,8,0.25,1,1.82142138671875,0.411,1.8471720581054687,0.385
resolution_max_b1,0,4692,after,32,,recalibrated,8,0.25,-1,1.6645031127929688,0.43,1.7178267822265625,0.411
resolution_max_b1,0,4692,r=16,16,,recalibrated,8,0.025,1,0.8513815002441406,0.703,0.9272822570800782,0.677
resolution_max_b1,0,4692,r=16,16,,recalibrated,8,0.025,-1,0.8414090576171875,0.72,0.9136174011230469,0.685
resolution_max_b1,0,4692,r=16,16,,recalibrated,8,0.05,1,0.8707074890136719,0.7,0.9470692749023437,0.669
resolution_max_b1,0,4692,r=16,16,,recalibrated,8,0.05,-1,0.8476029052734375,0.721,0.9191485290527344,0.678
resolution_max_b1,0,4692,r=16,16,,recalibrated,8,0.1,1,0.9445648803710938,0.68,1.0165292358398437,0.655
resolution_max_b1,0,4692,r=16,16,,recalibrated,8,0.1,-1,0.8828706665039062,0.706,0.9517661437988282,0.669
resolution_max_b1,0,4692,r=16,16,,recalibrated,8,0.2,1,1.2483856201171875,0.605,1.2673410034179688,0.596
resolution_max_b1,0,4692,r=16,16,,recalibrated,8,0.2,-1,1.0252931518554687,0.667,1.0836903076171875,0.636
resolution_max_b1,0,4692,r=16,16,,recalibrated,8,0.25,1,1.424015625,0.555,1.4330588989257813,0.537
resolution_max_b1,0,4692,r=16,16,,recalibrated,8,0.25,-1,1.1451619873046874,0.634,1.1827112426757813,0.594
resolution_max_b1,0,4692,before,24,,recalibrated,9,0.025,1,0.5790415344238281,0.804,0.6952304382324219,0.751
resolution_max_b1,0,4692,before,24,,recalibrated,9,0.025,-1,0.5778719482421875,0.801,0.7000578918457031,0.747
resolution_max_b1,0,4692,before,24,,recalibrated,9,0.05,1,0.592714111328125,0.797,0.7050567626953125,0.751
resolution_max_b1,0,4692,before,24,,recalibrated,9,0.05,-1,0.5914862670898438,0.796,0.7124354248046875,0.747
resolution_max_b1,0,4692,before,24,,recalibrated,9,0.1,1,0.6505650024414062,0.767,0.7459663696289063,0.723
resolution_max_b1,0,4692,before,24,,recalibrated,9,0.1,-1,0.6410447082519531,0.763,0.7567616271972656,0.73
resolution_max_b1,0,4692,before,24,,recalibrated,9,0.2,1,0.8835721435546875,0.687,0.9388714904785156,0.656
resolution_max_b1,0,4692,before,24,,recalibrated,9,0.2,-1,0.8453256530761719,0.685,0.9502268981933594,0.662
resolution_max_b1,0,4692,before,24,,recalibrated,9,0.25,1,1.06060546875,0.621,1.090469970703125,0.617
resolution_max_b1,0,4692,before,24,,recalibrated,9,0.25,-1,1.0120708923339843,0.629,1.1097728881835938,0.605
resolution_max_b1,0,4692,after,32,,recalibrated,9,0.025,1,1.1498551025390624,0.589,1.2080396118164063,0.567
resolution_max_b1,0,4692,after,32,,recalibrated,9,0.025,-1,1.17504345703125,0.592,1.22451904296875,0.573
resolution_max_b1,0,4692,after,32,,recalibrated,9,0.05,1,1.1545582885742187,0.581,1.2157533569335937,0.565
resolution_max_b1,0,4692,after,32,,recalibrated,9,0.05,-1,1.20633740234375,0.591,1.2541858520507811,0.569
resolution_max_b1,0,4692,after,32,,recalibrated,9,0.1,1,1.2032630004882812,0.581,1.26055859375,0.544
resolution_max_b1,0,4692,after,32,,recalibrated,9,0.1,-1,1.3103174438476564,0.55,1.35570263671875,0.535
resolution_max_b1,0,4692,after,32,,recalibrated,9,0.2,1,1.4584611206054687,0.499,1.4837039794921876,0.482
resolution_max_b1,0,4692,after,32,,recalibrated,9,0.2,-1,1.6207379760742187,0.437,1.6779725952148437,0.43
resolution_max_b1,0,4692,after,32,,recalibrated,9,0.25,1,1.6426586303710937,0.44,1.6487928466796875,0.43
resolution_max_b1,0,4692,after,32,,recalibrated,9,0.25,-1,1.8008257446289062,0.377,1.8656826782226563,0.377
resolution_max_b1,0,4692,r=16,16,,recalibrated,9,0.025,1,0.8536275024414063,0.714,0.928623291015625,0.674
resolution_max_b1,0,4692,r=16,16,,recalibrated,9,0.025,-1,0.8382802429199219,0.717,0.9121134948730468,0.688
resolution_max_b1,0,4692,r=16,16,,recalibrated,9,0.05,1,0.8743700256347656,0.708,0.9462204284667969,0.672
resolution_max_b1,0,4692,r=16,16,,recalibrated,9,0.05,-1,0.8408956909179688,0.709,0.916248046875,0.683
resolution_max_b1,0,4692,r=16,16,,recalibrated,9,0.1,1,0.9403627014160156,0.686,0.990937744140625,0.655
resolution_max_b1,0,4692,r=16,16,,recalibrated,9,0.1,-1,0.8712800903320312,0.698,0.9441936340332031,0.677
resolution_max_b1,0,4692,r=16,16,,recalibrated,9,0.2,1,1.149657470703125,0.625,1.1723892822265625,0.615
resolution_max_b1,0,4692,r=16,16,,recalibrated,9,0.2,-1,1.0494307250976562,0.632,1.0942260131835937,0.621
resolution_max_b1,0,4692,r=16,16,,recalibrated,9,0.25,1,1.2912319946289061,0.589,1.3062659912109376,0.573
resolution_max_b1,0,4692,r=16,16,,recalibrated,9,0.25,-1,1.19302001953125,0.596,1.2310075073242188,0.584
resolution_max_b1_gaussian_conv,2,1173,before,16,1.0,saved,,0.0,0,0.979761474609375,0.641,1.07082275390625,0.618
resolution_max_b1_gaussian_conv,2,1173,before,16,1.0,recalibrated,,0.0,0,0.9635284729003907,0.646,1.0504791259765625,0.62
resolution_max_b1_gaussian_conv,2,1173,before,16,1.0,recalibrated,0,0.025,1,0.9543206481933594,0.643,1.0424996337890624,0.623
resolution_max_b1_gaussian_conv,2,1173,before,16,1.0,recalibrated,0,0.025,-1,0.9816557922363282,0.641,1.0702979125976562,0.617
resolution_max_b1_gaussian_conv,2,1173,before,16,1.0,recalibrated,0,0.05,1,0.9568331604003906,0.637,1.04895703125,0.624
resolution_max_b1_gaussian_conv,2,1173,before,16,1.0,recalibrated,0,0.05,-1,1.0079161376953125,0.629,1.1003748168945313,0.602
resolution_max_b1_gaussian_conv,2,1173,before,16,1.0,recalibrated,0,0.1,1,1.0064418334960938,0.611,1.106145263671875,0.58
resolution_max_b1_gaussian_conv,2,1173,before,16,1.0,recalibrated,0,0.1,-1,1.0816806030273438,0.606,1.182126953125,0.566
resolution_max_b1_gaussian_conv,2,1173,before,16,1.0,recalibrated,0,0.2,1,1.2140819091796875,0.566,1.3050570068359375,0.522
resolution_max_b1_gaussian_conv,2,1173,before,16,1.0,recalibrated,0,0.2,-1,1.2966634521484375,0.552,1.4002600708007813,0.493
resolution_max_b1_gaussian_conv,2,1173,before,16,1.0,recalibrated,0,0.25,1,1.3367313232421876,0.526,1.4196495361328125,0.482
resolution_max_b1_gaussian_conv,2,1173,before,16,1.0,recalibrated,0,0.25,-1,1.4358118896484375,0.502,1.529880859375,0.459
resolution_max_b1_gaussian_conv,2,1173,after,16,0.85,saved,,0.0,0,1.1565664672851563,0.58,1.2564169921875,0.533
resolution_max_b1_gaussian_conv,2,1173,after,16,0.85,recalibrated,,0.0,0,1.0633601684570313,0.619,1.1453013916015624,0.588
resolution_max_b1_gaussian_conv,2,1173,after,16,0.85,recalibrated,0,0.025,1,1.055732177734375,0.62,1.1390809326171876,0.583
resolution_max_b1_gaussian_conv,2,1173,after,16,0.85,recalibrated,0,0.025,-1,1.0778045043945312,0.617,1.1585397338867187,0.576
resolution_max_b1_gaussian_conv,2,1173,after,16,0.85,recalibrated,0,0.05,1,1.0587429809570312,0.617,1.1402035522460938,0.579
resolution_max_b1_gaussian_conv,2,1173,after,16,0.85,recalibrated,0,0.05,-1,1.0978184814453125,0.606,1.1798741455078126,0.569
resolution_max_b1_gaussian_conv,2,1173,after,16,0.85,recalibrated,0,0.1,1,1.0986683349609374,0.592,1.1747379150390624,0.553
resolution_max_b1_gaussian_conv,2,1173,after,16,0.85,recalibrated,0,0.1,-1,1.1560704956054688,0.594,1.240258056640625,0.55
resolution_max_b1_gaussian_conv,2,1173,after,16,0.85,recalibrated,0,0.2,1,1.2691328125,0.546,1.32559130859375,0.502
resolution_max_b1_gaussian_conv,2,1173,after,16,0.85,recalibrated,0,0.2,-1,1.3310977783203124,0.509,1.4079270629882812,0.483
resolution_max_b1_gaussian_conv,2,1173,after,16,0.85,recalibrated,0,0.25,1,1.3761968383789063,0.497,1.42394140625,0.468
resolution_max_b1_gaussian_conv,2,1173,after,16,0.85,recalibrated,0,0.25,-1,1.446474365234375,0.477,1.5148306274414063,0.442
resolution_max_b1_gaussian_conv,2,1173,final,32,0.0,saved,,0.0,0,4.4831865234375,0.167,4.41381591796875,0.169
resolution_max_b1_gaussian_conv,2,1173,final,32,0.0,recalibrated,,0.0,0,1.84456982421875,0.291,1.8336196899414063,0.283
resolution_max_b1_gaussian_conv,2,1173,final,32,0.0,recalibrated,0,0.025,1,1.8445681762695312,0.292,1.8346058349609375,0.278
resolution_max_b1_gaussian_conv,2,1173,final,32,0.0,recalibrated,0,0.025,-1,1.8492850341796876,0.29,1.8400743408203124,0.29
resolution_max_b1_gaussian_conv,2,1173,final,32,0.0,recalibrated,0,0.05,1,1.8489517822265624,0.286,1.8414826049804687,0.271
resolution_max_b1_gaussian_conv,2,1173,final,32,0.0,recalibrated,0,0.05,-1,1.85852685546875,0.285,1.851844970703125,0.288
resolution_max_b1_gaussian_conv,2,1173,final,32,0.0,recalibrated,0,0.1,1,1.8737435302734375,0.28,1.874234375,0.274
resolution_max_b1_gaussian_conv,2,1173,final,32,0.0,recalibrated,0,0.1,-1,1.8857362670898437,0.28,1.882226806640625,0.273
resolution_max_b1_gaussian_conv,2,1173,final,32,0.0,recalibrated,0,0.2,1,1.9703800048828124,0.254,1.968706787109375,0.253
resolution_max_b1_gaussian_conv,2,1173,final,32,0.0,recalibrated,0,0.2,-1,1.9657633056640624,0.249,1.9604185791015625,0.242
resolution_max_b1_gaussian_conv,2,1173,final,32,0.0,recalibrated,0,0.25,1,2.025510559082031,0.245,2.023479553222656,0.236
resolution_max_b1_gaussian_conv,2,1173,final,32,0.0,recalibrated,0,0.25,-1,2.009790100097656,0.236,2.006273681640625,0.224
resolution_max_b1_gaussian_conv,2,1173,before,16,1.0,recalibrated,1,0.025,1,0.9778200073242187,0.633,1.064984130859375,0.613
resolution_max_b1_gaussian_conv,2,1173,before,16,1.0,recalibrated,1,0.025,-1,0.9594629821777344,0.642,1.04579638671875,0.626
resolution_max_b1_gaussian_conv,2,1173,before,16,1.0,recalibrated,1,0.05,1,0.9996904296875,0.634,1.0863472290039062,0.603
resolution_max_b1_gaussian_conv,2,1173,before,16,1.0,recalibrated,1,0.05,-1,0.9651412353515625,0.632,1.0513880004882812,0.626
resolution_max_b1_gaussian_conv,2,1173,before,16,1.0,recalibrated,1,0.1,1,1.0674450073242188,0.595,1.1540333251953125,0.581
resolution_max_b1_gaussian_conv,2,1173,before,16,1.0,recalibrated,1,0.1,-1,1.0069969787597657,0.616,1.0901026611328124,0.617
resolution_max_b1_gaussian_conv,2,1173,before,16,1.0,recalibrated,1,0.2,1,1.2996195068359375,0.527,1.3729151000976563,0.491
resolution_max_b1_gaussian_conv,2,1173,before,16,1.0,recalibrated,1,0.2,-1,1.181100830078125,0.565,1.2560374755859376,0.539
resolution_max_b1_gaussian_conv,2,1173,before,16,1.0,recalibrated,1,0.25,1,1.4529876098632812,0.48,1.52280078125,0.452
resolution_max_b1_gaussian_conv,2,1173,before,16,1.0,recalibrated,1,0.25,-1,1.3119293823242189,0.537,1.3751397705078126,0.496
resolution_max_b1_gaussian_conv,2,1173,after,16,0.85,recalibrated,1,0.025,1,1.0712821044921874,0.614,1.1534657592773438,0.58
resolution_max_b1_gaussian_conv,2,1173,after,16,0.85,recalibrated,1,0.025,-1,1.062396484375,0.62,1.144100341796875,0.582
resolution_max_b1_gaussian_conv,2,1173,after,16,0.85,recalibrated,1,0.05,1,1.08562939453125,0.599,1.16723095703125,0.565
resolution_max_b1_gaussian_conv,2,1173,after,16,0.85,recalibrated,1,0.05,-1,1.0698743286132812,0.612,1.1496365356445313,0.577
resolution_max_b1_gaussian_conv,2,1173,after,16,0.85,recalibrated,1,0.1,1,1.137576171875,0.579,1.2152755737304688,0.534
resolution_max_b1_gaussian_conv,2,1173,after,16,0.85,recalibrated,1,0.1,-1,1.1098847045898437,0.6,1.1843425903320313,0.579
resolution_max_b1_gaussian_conv,2,1173,after,16,0.85,recalibrated,1,0.2,1,1.3274461669921875,0.511,1.3836759033203125,0.487
resolution_max_b1_gaussian_conv,2,1173,after,16,0.85,recalibrated,1,0.2,-1,1.2694434814453126,0.54,1.3268809204101562,0.518
resolution_max_b1_gaussian_conv,2,1173,after,16,0.85,recalibrated,1,0.25,1,1.462686767578125,0.459,1.513891357421875,0.44
resolution_max_b1_gaussian_conv,2,1173,after,16,0.85,recalibrated,1,0.25,-1,1.3817337646484376,0.496,1.4246138916015625,0.485
resolution_max_b1_gaussian_conv,2,1173,final,32,0.0,recalibrated,1,0.025,1,1.8508458862304686,0.286,1.8430106811523437,0.269
resolution_max_b1_gaussian_conv,2,1173,final,32,0.0,recalibrated,1,0.025,-1,1.842897216796875,0.298,1.8286680297851563,0.292
resolution_max_b1_gaussian_conv,2,1173,final,32,0.0,recalibrated,1,0.05,1,1.8630027465820314,0.271,1.857381591796875,0.267
resolution_max_b1_gaussian_conv,2,1173,final,32,0.0,recalibrated,1,0.05,-1,1.8463698120117187,0.298,1.828638916015625,0.296
resolution_max_b1_gaussian_conv,2,1173,final,32,0.0,recalibrated,1,0.1,1,1.9022554321289062,0.255,1.9049951171875,0.243
resolution_max_b1_gaussian_conv,2,1173,final,32,0.0,recalibrated,1,0.1,-1,1.8655377197265626,0.293,1.8404840087890626,0.286
resolution_max_b1_gaussian_conv,2,1173,final,32,0.0,recalibrated,1,0.2,1,2.03072509765625,0.206,2.043310546875,0.201
resolution_max_b1_gaussian_conv,2,1173,final,32,0.0,recalibrated,1,0.2,-1,1.9402210083007811,0.285,1.9177998657226563,0.288
resolution_max_b1_gaussian_conv,2,1173,final,32,0.0,recalibrated,1,0.25,1,2.10837841796875,0.184,2.1234072265625,0.186
resolution_max_b1_gaussian_conv,2,1173,final,32,0.0,recalibrated,1,0.25,-1,1.998038818359375,0.276,1.9746654052734376,0.28
resolution_max_b1_gaussian_conv,2,1173,before,16,1.0,recalibrated,2,0.025,1,0.9539144897460937,0.64,1.043563232421875,0.622
resolution_max_b1_gaussian_conv,2,1173,before,16,1.0,recalibrated,2,0.025,-1,0.9827420959472656,0.636,1.067951416015625,0.618
resolution_max_b1_gaussian_conv,2,1173,before,16,1.0,recalibrated,2,0.05,1,0.9544234008789062,0.634,1.048018798828125,0.612
resolution_max_b1_gaussian_conv,2,1173,before,16,1.0,recalibrated,2,0.05,-1,1.011814697265625,0.626,1.0938107299804687,0.608
resolution_max_b1_gaussian_conv,2,1173,before,16,1.0,recalibrated,2,0.1,1,0.9858830871582032,0.627,1.08888525390625,0.606
resolution_max_b1_gaussian_conv,2,1173,before,16,1.0,recalibrated,2,0.1,-1,1.0963841552734375,0.591,1.1732151489257812,0.574
resolution_max_b1_gaussian_conv,2,1173,before,16,1.0,recalibrated,2,0.2,1,1.1721468505859376,0.585,1.2901031494140625,0.521
resolution_max_b1_gaussian_conv,2,1173,before,16,1.0,recalibrated,2,0.2,-1,1.3540930786132812,0.503,1.4291049194335939,0.481
resolution_max_b1_gaussian_conv,2,1173,before,16,1.0,recalibrated,2,0.25,1,1.3125687255859375,0.533,1.4324523315429687,0.469
resolution_max_b1_gaussian_conv,2,1173,before,16,1.0,recalibrated,2,0.25,-1,1.5061177978515625,0.459,1.57896240234375,0.448
resolution_max_b1_gaussian_conv,2,1173,after,16,0.85,recalibrated,2,0.025,1,1.0611728515625,0.622,1.1445337524414063,0.586
resolution_max_b1_gaussian_conv,2,1173,after,16,0.85,recalibrated,2,0.025,-1,1.0724757080078124,0.617,1.1533841552734374,0.578
resolution_max_b1_gaussian_conv,2,1173,after,16,0.85,recalibrated,2,0.05,1,1.066326171875,0.619,1.1503680419921876,0.595
resolution_max_b1_gaussian_conv,2,1173,after,16,0.85,recalibrated,2,0.05,-1,1.0892332153320312,0.609,1.168898193359375,0.57
resolution_max_b1_gaussian_conv,2,1173,after,16,0.85,recalibrated,2,0.1,1,1.0993589477539063,0.613,1.1864628295898438,0.582
resolution_max_b1_gaussian_conv,2,1173,after,16,0.85,recalibrated,2,0.1,-1,1.1469274291992186,0.57,1.220567626953125,0.553
resolution_max_b1_gaussian_conv,2,1173,after,16,0.85,recalibrated,2,0.2,1,1.25821484375,0.566,1.3465592651367186,0.513
resolution_max_b1_gaussian_conv,2,1173,after,16,0.85,recalibrated,2,0.2,-1,1.336632568359375,0.503,1.407069091796875,0.477
resolution_max_b1_gaussian_conv,2,1173,after,16,0.85,recalibrated,2,0.25,1,1.3712944946289063,0.532,1.459375,0.468
resolution_max_b1_gaussian_conv,2,1173,after,16,0.85,recalibrated,2,0.25,-1,1.4602127685546875,0.463,1.5240491943359376,0.443
resolution_max_b1_gaussian_conv,2,1173,final,32,0.0,recalibrated,2,0.025,1,1.8485274658203126,0.288,1.835963134765625,0.285
resolution_max_b1_gaussian_conv,2,1173,final,32,0.0,recalibrated,2,0.025,-1,1.8446841430664063,0.298,1.8364090576171874,0.281
resolution_max_b1_gaussian_conv,2,1173,final,32,0.0,recalibrated,2,0.05,1,1.85659814453125,0.283,1.8439708862304687,0.278
resolution_max_b1_gaussian_conv,2,1173,final,32,0.0,recalibrated,2,0.05,-1,1.8500256958007812,0.294,1.843431884765625,0.283
resolution_max_b1_gaussian_conv,2,1173,final,32,0.0,recalibrated,2,0.1,1,1.8867501220703125,0.279,1.8762938842773438,0.276
resolution_max_b1_gaussian_conv,2,1173,final,32,0.0,recalibrated,2,0.1,-1,1.874333984375,0.287,1.8695578002929687,0.28
resolution_max_b1_gaussian_conv,2,1173,final,32,0.0,recalibrated,2,0.2,1,1.997389404296875,0.228,1.9931732177734376,0.244
resolution_max_b1_gaussian_conv,2,1173,final,32,0.0,recalibrated,2,0.2,-1,1.9522823486328125,0.26,1.9529459228515624,0.254
resolution_max_b1_gaussian_conv,2,1173,final,32,0.0,recalibrated,2,0.25,1,2.06633837890625,0.206,2.06772216796875,0.221
resolution_max_b1_gaussian_conv,2,1173,final,32,0.0,recalibrated,2,0.25,-1,2.0018472900390627,0.237,2.0042159423828125,0.245
resolution_max_b1_gaussian_conv,2,1173,before,16,1.0,recalibrated,3,0.025,1,0.9606903991699218,0.645,1.0464797973632813,0.622
resolution_max_b1_gaussian_conv,2,1173,before,16,1.0,recalibrated,3,0.025,-1,0.9757838745117188,0.646,1.0638981323242187,0.617
resolution_max_b1_gaussian_conv,2,1173,before,16,1.0,recalibrated,3,0.05,1,0.9663370056152344,0.628,1.0513218994140625,0.629
resolution_max_b1_gaussian_conv,2,1173,before,16,1.0,recalibrated,3,0.05,-1,0.9976231079101563,0.635,1.0873041381835937,0.612
resolution_max_b1_gaussian_conv,2,1173,before,16,1.0,recalibrated,3,0.1,1,1.0073111877441405,0.608,1.0897655639648438,0.611
resolution_max_b1_gaussian_conv,2,1173,before,16,1.0,recalibrated,3,0.1,-1,1.0686228637695312,0.616,1.15646923828125,0.586
resolution_max_b1_gaussian_conv,2,1173,before,16,1.0,recalibrated,3,0.2,1,1.2236813354492186,0.543,1.3090711059570312,0.509
resolution_max_b1_gaussian_conv,2,1173,before,16,1.0,recalibrated,3,0.2,-1,1.2644861450195313,0.563,1.3556404418945311,0.523
resolution_max_b1_gaussian_conv,2,1173,before,16,1.0,recalibrated,3,0.25,1,1.401161376953125,0.475,1.4708921508789063,0.457
resolution_max_b1_gaussian_conv,2,1173,before,16,1.0,recalibrated,3,0.25,-1,1.3715950317382812,0.53,1.4650233764648437,0.471
resolution_max_b1_gaussian_conv,2,1173,after,16,0.85,recalibrated,3,0.025,1,1.0672290649414062,0.618,1.14843505859375,0.579
resolution_max_b1_gaussian_conv,2,1173,after,16,0.85,recalibrated,3,0.025,-1,1.0682950439453125,0.616,1.1487625732421876,0.582
resolution_max_b1_gaussian_conv,2,1173,after,16,0.85,recalibrated,3,0.05,1,1.0787899780273438,0.612,1.1575606689453124,0.57
resolution_max_b1_gaussian_conv,2,1173,after,16,0.85,recalibrated,3,0.05,-1,1.0806478881835937,0.616,1.1602933349609375,0.588
resolution_max_b1_gaussian_conv,2,1173,after,16,0.85,recalibrated,3,0.1,1,1.1225223999023437,0.581,1.1977113647460937,0.552
resolution_max_b1_gaussian_conv,2,1173,after,16,0.85,recalibrated,3,0.1,-1,1.1266025390625,0.594,1.205181396484375,0.563
resolution_max_b1_gaussian_conv,2,1173,after,16,0.85,recalibrated,3,0.2,1,1.2985194702148437,0.496,1.3672198486328124,0.473
resolution_max_b1_gaussian_conv,2,1173,after,16,0.85,recalibrated,3,0.2,-1,1.277291259765625,0.544,1.347164794921875,0.533
resolution_max_b1_gaussian_conv,2,1173,after,16,0.85,recalibrated,3,0.25,1,1.42906982421875,0.453,1.4919852905273439,0.433
resolution_max_b1_gaussian_conv,2,1173,after,16,0.85,recalibrated,3,0.25,-1,1.3663051147460938,0.505,1.4296998291015626,0.506
resolution_max_b1_gaussian_conv,2,1173,final,32,0.0,recalibrated,3,0.025,1,1.8501278076171874,0.286,1.8380834350585937,0.283
resolution_max_b1_gaussian_conv,2,1173,final,32,0.0,recalibrated,3,0.025,-1,1.8428515625,0.296,1.8326202392578126,0.289
resolution_max_b1_gaussian_conv,2,1173,final,32,0.0,recalibrated,3,0.05,1,1.8591327514648437,0.283,1.8472536010742187,0.276
resolution_max_b1_gaussian_conv,2,1173,final,32,0.0,recalibrated,3,0.05,-1,1.8453438110351563,0.304,1.8347885131835937,0.288
resolution_max_b1_gaussian_conv,2,1173,final,32,0.0,recalibrated,3,0.1,1,1.88837939453125,0.275,1.8787919311523438,0.271
resolution_max_b1_gaussian_conv,2,1173,final,32,0.0,recalibrated,3,0.1,-1,1.8658309326171876,0.306,1.8519005737304688,0.297
resolution_max_b1_gaussian_conv,2,1173,final,32,0.0,recalibrated,3,0.2,1,1.9903912963867187,0.244,1.9834112548828124,0.235
resolution_max_b1_gaussian_conv,2,1173,final,32,0.0,recalibrated,3,0.2,-1,1.9419251708984375,0.286,1.9241900024414063,0.304
resolution_max_b1_gaussian_conv,2,1173,final,32,0.0,recalibrated,3,0.25,1,2.05943603515625,0.222,2.0549466552734375,0.214
resolution_max_b1_gaussian_conv,2,1173,final,32,0.0,recalibrated,3,0.25,-1,1.984853271484375,0.273,1.9690794677734376,0.28
resolution_max_b1_gaussian_conv,2,1173,before,16,1.0,recalibrated,4,0.025,1,0.9771039733886718,0.634,1.0634791259765626,0.621
resolution_max_b1_gaussian_conv,2,1173,before,16,1.0,recalibrated,4,0.025,-1,0.9638092346191406,0.642,1.0500234375,0.621
resolution_max_b1_gaussian_conv,2,1173,before,16,1.0,recalibrated,4,0.05,1,1.0019910583496094,0.618,1.0882103271484376,0.61
resolution_max_b1_gaussian_conv,2,1173,before,16,1.0,recalibrated,4,0.05,-1,0.9774122009277344,0.632,1.062445556640625,0.618
resolution_max_b1_gaussian_conv,2,1173,before,16,1.0,recalibrated,4,0.1,1,1.0852860717773438,0.592,1.1797736206054688,0.566
resolution_max_b1_gaussian_conv,2,1173,before,16,1.0,recalibrated,4,0.1,-1,1.040346435546875,0.619,1.1197720947265626,0.595
resolution_max_b1_gaussian_conv,2,1173,before,16,1.0,recalibrated,4,0.2,1,1.3749822998046874,0.507,1.470644287109375,0.47
resolution_max_b1_gaussian_conv,2,1173,before,16,1.0,recalibrated,4,0.2,-1,1.2644244995117186,0.541,1.3378942260742188,0.51
resolution_max_b1_gaussian_conv,2,1173,before,16,1.0,recalibrated,4,0.25,1,1.5585973510742188,0.453,1.644802734375,0.429
resolution_max_b1_gaussian_conv,2,1173,before,16,1.0,recalibrated,4,0.25,-1,1.3934144287109376,0.512,1.4648500366210937,0.471
resolution_max_b1_gaussian_conv,2,1173,after,16,0.85,recalibrated,4,0.025,1,1.0740111694335936,0.61,1.1542344970703124,0.579
resolution_max_b1_gaussian_conv,2,1173,after,16,0.85,recalibrated,4,0.025,-1,1.0623211059570312,0.619,1.145024658203125,0.582
resolution_max_b1_gaussian_conv,2,1173,after,16,0.85,recalibrated,4,0.05,1,1.0938601684570313,0.592,1.1732689208984375,0.562
resolution_max_b1_gaussian_conv,2,1173,after,16,0.85,recalibrated,4,0.05,-1,1.06995947265625,0.614,1.1528314819335939,0.582
resolution_max_b1_gaussian_conv,2,1173,after,16,0.85,recalibrated,4,0.1,1,1.160276611328125,0.569,1.243644775390625,0.538
resolution_max_b1_gaussian_conv,2,1173,after,16,0.85,recalibrated,4,0.1,-1,1.111390625,0.6,1.190083251953125,0.564
resolution_max_b1_gaussian_conv,2,1173,after,16,0.85,recalibrated,4,0.2,1,1.396261962890625,0.496,1.4644518432617188,0.468
resolution_max_b1_gaussian_conv,2,1173,after,16,0.85,recalibrated,4,0.2,-1,1.281757080078125,0.542,1.3462305297851562,0.508
resolution_max_b1_gaussian_conv,2,1173,after,16,0.85,recalibrated,4,0.25,1,1.5454830322265625,0.427,1.6005011596679688,0.428
resolution_max_b1_gaussian_conv,2,1173,after,16,0.85,recalibrated,4,0.25,-1,1.3949572143554687,0.509,1.44869287109375,0.468
resolution_max_b1_gaussian_conv,2,1173,final,32,0.0,recalibrated,4,0.025,1,1.8451759643554688,0.29,1.8339968872070314,0.278
resolution_max_b1_gaussian_conv,2,1173,final,32,0.0,recalibrated,4,0.025,-1,1.8494837036132812,0.295,1.8401399536132812,0.292
resolution_max_b1_gaussian_conv,2,1173,final,32,0.0,recalibrated,4,0.05,1,1.8516698608398436,0.289,1.84056201171875,0.28
resolution_max_b1_gaussian_conv,2,1173,final,32,0.0,recalibrated,4,0.05,-1,1.8604576416015626,0.29,1.8518906860351563,0.285
resolution_max_b1_gaussian_conv,2,1173,final,32,0.0,recalibrated,4,0.1,1,1.8847904052734374,0.28,1.8739423828125,0.275
resolution_max_b1_gaussian_conv,2,1173,final,32,0.0,recalibrated,4,0.1,-1,1.895876953125,0.267,1.8884660034179688,0.275
resolution_max_b1_gaussian_conv,2,1173,final,32,0.0,recalibrated,4,0.2,1,1.9925635375976563,0.253,1.972430908203125,0.239
resolution_max_b1_gaussian_conv,2,1173,final,32,0.0,recalibrated,4,0.2,-1,2.006567810058594,0.245,1.998944091796875,0.25
resolution_max_b1_gaussian_conv,2,1173,final,32,0.0,recalibrated,4,0.25,1,2.0563809204101564,0.23,2.0357020874023437,0.223
resolution_max_b1_gaussian_conv,2,1173,final,32,0.0,recalibrated,4,0.25,-1,2.070814697265625,0.231,2.06217236328125,0.236
resolution_max_b1_gaussian_conv,2,1173,before,16,1.0,recalibrated,5,0.025,1,0.9772499084472657,0.646,1.0606923217773438,0.618
resolution_max_b1_gaussian_conv,2,1173,before,16,1.0,recalibrated,5,0.025,-1,0.9591279296875,0.634,1.0493439331054688,0.613
resolution_max_b1_gaussian_conv,2,1173,before,16,1.0,recalibrated,5,0.05,1,1.001868408203125,0.634,1.0797826538085937,0.617
resolution_max_b1_gaussian_conv,2,1173,before,16,1.0,recalibrated,5,0.05,-1,0.9678859558105469,0.631,1.0605205688476562,0.605
resolution_max_b1_gaussian_conv,2,1173,before,16,1.0,recalibrated,5,0.1,1,1.07962060546875,0.592,1.1513462524414062,0.585
resolution_max_b1_gaussian_conv,2,1173,before,16,1.0,recalibrated,5,0.1,-1,1.0304746398925781,0.593,1.11911962890625,0.579
resolution_max_b1_gaussian_conv,2,1173,before,16,1.0,recalibrated,5,0.2,1,1.3303202514648438,0.529,1.3908509521484376,0.491
resolution_max_b1_gaussian_conv,2,1173,before,16,1.0,recalibrated,5,0.2,-1,1.2691458740234376,0.518,1.3298689575195313,0.5
resolution_max_b1_gaussian_conv,2,1173,before,16,1.0,recalibrated,5,0.25,1,1.4852547607421875,0.476,1.52664453125,0.451
resolution_max_b1_gaussian_conv,2,1173,before,16,1.0,recalibrated,5,0.25,-1,1.4228204956054689,0.48,1.47873974609375,0.455
resolution_max_b1_gaussian_conv,2,1173,after,16,0.85,recalibrated,5,0.025,1,1.0749105834960937,0.612,1.1540057983398437,0.587
resolution_max_b1_gaussian_conv,2,1173,after,16,0.85,recalibrated,5,0.025,-1,1.0606303100585937,0.612,1.144192138671875,0.571
resolution_max_b1_gaussian_conv,2,1173,after,16,0.85,recalibrated,5,0.05,1,1.0939946899414061,0.602,1.1691168212890626,0.584
resolution_max_b1_gaussian_conv,2,1173,after,16,0.85,recalibrated,5,0.05,-1,1.0687732543945312,0.615,1.1511473388671876,0.562
resolution_max_b1_gaussian_conv,2,1173,after,16,0.85,recalibrated,5,0.1,1,1.1527837524414062,0.582,1.2230946044921875,0.571
resolution_max_b1_gaussian_conv,2,1173,after,16,0.85,recalibrated,5,0.1,-1,1.1156624145507812,0.585,1.1930435791015626,0.551
resolution_max_b1_gaussian_conv,2,1173,after,16,0.85,recalibrated,5,0.2,1,1.35471875,0.508,1.4098388671875,0.489
resolution_max_b1_gaussian_conv,2,1173,after,16,0.85,recalibrated,5,0.2,-1,1.2921336669921875,0.524,1.3462864990234376,0.483
resolution_max_b1_gaussian_conv,2,1173,after,16,0.85,recalibrated,5,0.25,1,1.486904052734375,0.467,1.5244912109375,0.455
resolution_max_b1_gaussian_conv,2,1173,after,16,0.85,recalibrated,5,0.25,-1,1.4090504150390626,0.487,1.4526035766601562,0.456
resolution_max_b1_gaussian_conv,2,1173,final,32,0.0,recalibrated,5,0.025,1,1.8483738403320313,0.29,1.8396506958007812,0.282
resolution_max_b1_gaussian_conv,2,1173,final,32,0.0,recalibrated,5,0.025,-1,1.843740966796875,0.294,1.8336257934570312,0.279
resolution_max_b1_gaussian_conv,2,1173,final,32,0.0,recalibrated,5,0.05,1,1.8570755615234376,0.292,1.8506874389648438,0.288
resolution_max_b1_gaussian_conv,2,1173,final,32,0.0,recalibrated,5,0.05,-1,1.8460030517578125,0.304,1.837057373046875,0.28
resolution_max_b1_gaussian_conv,2,1173,final,32,0.0,recalibrated,5,0.1,1,1.8902902221679687,0.279,1.88632275390625,0.278
resolution_max_b1_gaussian_conv,2,1173,final,32,0.0,recalibrated,5,0.1,-1,1.8667403564453124,0.29,1.8555740356445312,0.274
resolution_max_b1_gaussian_conv,2,1173,final,32,0.0,recalibrated,5,0.2,1,1.9915979614257813,0.241,1.9866643676757811,0.254
resolution_max_b1_gaussian_conv,2,1173,final,32,0.0,recalibrated,5,0.2,-1,1.943231689453125,0.27,1.922560546875,0.256
resolution_max_b1_gaussian_conv,2,1173,final,32,0.0,recalibrated,5,0.25,1,2.0507230224609376,0.241,2.048592041015625,0.237
resolution_max_b1_gaussian_conv,2,1173,final,32,0.0,recalibrated,5,0.25,-1,1.990369384765625,0.25,1.9697131958007812,0.247
resolution_max_b1_gaussian_conv,2,1173,before,16,1.0,recalibrated,6,0.025,1,0.9540072937011719,0.655,1.0546129150390624,0.617
resolution_max_b1_gaussian_conv,2,1173,before,16,1.0,recalibrated,6,0.025,-1,0.982185791015625,0.627,1.0574962158203125,0.622
resolution_max_b1_gaussian_conv,2,1173,before,16,1.0,recalibrated,6,0.05,1,0.9553649597167969,0.651,1.071011474609375,0.609
resolution_max_b1_gaussian_conv,2,1173,before,16,1.0,recalibrated,6,0.05,-1,1.0115857543945312,0.627,1.076156494140625,0.597
resolution_max_b1_gaussian_conv,2,1173,before,16,1.0,recalibrated,6,0.1,1,0.9930088500976563,0.64,1.1344412841796876,0.583
resolution_max_b1_gaussian_conv,2,1173,before,16,1.0,recalibrated,6,0.1,-1,1.1130792846679687,0.595,1.1711597900390625,0.567
resolution_max_b1_gaussian_conv,2,1173,before,16,1.0,recalibrated,6,0.2,1,1.1644766235351562,0.579,1.3079034423828124,0.514
resolution_max_b1_gaussian_conv,2,1173,before,16,1.0,recalibrated,6,0.2,-1,1.4231168212890626,0.498,1.4508617553710939,0.487
resolution_max_b1_gaussian_conv,2,1173,before,16,1.0,recalibrated,6,0.25,1,1.28918896484375,0.54,1.416832275390625,0.477
resolution_max_b1_gaussian_conv,2,1173,before,16,1.0,recalibrated,6,0.25,-1,1.5843402099609376,0.44,1.6023159790039063,0.425
resolution_max_b1_gaussian_conv,2,1173,after,16,0.85,recalibrated,6,0.025,1,1.0558317260742187,0.614,1.1475223999023438,0.575
resolution_max_b1_gaussian_conv,2,1173,after,16,0.85,recalibrated,6,0.025,-1,1.07714892578125,0.607,1.1518042602539063,0.582
resolution_max_b1_gaussian_conv,2,1173,after,16,0.85,recalibrated,6,0.05,1,1.05863427734375,0.614,1.1576005249023438,0.563
resolution_max_b1_gaussian_conv,2,1173,after,16,0.85,recalibrated,6,0.05,-1,1.0976204833984375,0.602,1.1660436401367187,0.581
resolution_max_b1_gaussian_conv,2,1173,after,16,0.85,recalibrated,6,0.1,1,1.0902190551757813,0.607,1.1975638427734374,0.555
resolution_max_b1_gaussian_conv,2,1173,after,16,0.85,recalibrated,6,0.1,-1,1.1710787353515626,0.574,1.2280256958007814,0.561
resolution_max_b1_gaussian_conv,2,1173,after,16,0.85,recalibrated,6,0.2,1,1.229579833984375,0.56,1.3342625122070313,0.511
resolution_max_b1_gaussian_conv,2,1173,after,16,0.85,recalibrated,6,0.2,-1,1.4163843994140626,0.485,1.441195556640625,0.482
resolution_max_b1_gaussian_conv,2,1173,after,16,0.85,recalibrated,6,0.25,1,1.3323721923828125,0.514,1.42810693359375,0.482
resolution_max_b1_gaussian_conv,2,1173,after,16,0.85,recalibrated,6,0.25,-1,1.5527388916015625,0.447,1.5613035278320313,0.431
resolution_max_b1_gaussian_conv,2,1173,final,32,0.0,recalibrated,6,0.025,1,1.8394321899414063,0.301,1.8295045776367187,0.29
resolution_max_b1_gaussian_conv,2,1173,final,32,0.0,recalibrated,6,0.025,-1,1.8527968139648439,0.284,1.8425348510742188,0.281
resolution_max_b1_gaussian_conv,2,1173,final,32,0.0,recalibrated,6,0.05,1,1.8380792236328125,0.3,1.8272905883789063,0.295
resolution_max_b1_gaussian_conv,2,1173,final,32,0.0,recalibrated,6,0.05,-1,1.86535595703125,0.281,1.8550455932617187,0.281
resolution_max_b1_gaussian_conv,2,1173,final,32,0.0,recalibrated,6,0.1,1,1.8475438842773437,0.292,1.8336654052734376,0.305
resolution_max_b1_gaussian_conv,2,1173,final,32,0.0,recalibrated,6,0.1,-1,1.9066344604492187,0.266,1.89370361328125,0.272
resolution_max_b1_gaussian_conv,2,1173,final,32,0.0,recalibrated,6,0.2,1,1.9079508056640626,0.29,1.8904232177734375,0.305
resolution_max_b1_gaussian_conv,2,1173,final,32,0.0,recalibrated,6,0.2,-1,2.0255264892578126,0.236,2.011769592285156,0.227
resolution_max_b1_gaussian_conv,2,1173,final,32,0.0,recalibrated,6,0.25,1,1.9554080810546874,0.278,1.9395594482421874,0.294
resolution_max_b1_gaussian_conv,2,1173,final,32,0.0,recalibrated,6,0.25,-1,2.0897884521484373,0.211,2.0741676025390623,0.21
resolution_max_b1_gaussian_conv,2,1173,before,16,1.0,recalibrated,7,0.025,1,0.97371142578125,0.644,1.0627777099609375,0.627
resolution_max_b1_gaussian_conv,2,1173,before,16,1.0,recalibrated,7,0.025,-1,0.967251953125,0.63,1.0525907592773438,0.622
resolution_max_b1_gaussian_conv,2,1173,before,16,1.0,recalibrated,7,0.05,1,0.9980213623046875,0.641,1.0861925048828125,0.619
resolution_max_b1_gaussian_conv,2,1173,before,16,1.0,recalibrated,7,0.05,-1,0.981337158203125,0.621,1.0673571166992188,0.608
resolution_max_b1_gaussian_conv,2,1173,before,16,1.0,recalibrated,7,0.1,1,1.0765504150390626,0.616,1.16209814453125,0.592
resolution_max_b1_gaussian_conv,2,1173,before,16,1.0,recalibrated,7,0.1,-1,1.0430984497070312,0.605,1.1280987548828125,0.586
resolution_max_b1_gaussian_conv,2,1173,before,16,1.0,recalibrated,7,0.2,1,1.3103504028320312,0.533,1.3740167236328125,0.52
resolution_max_b1_gaussian_conv,2,1173,before,16,1.0,recalibrated,7,0.2,-1,1.2693310546875,0.535,1.334001953125,0.506
resolution_max_b1_gaussian_conv,2,1173,before,16,1.0,recalibrated,7,0.25,1,1.43231689453125,0.5,1.4871749877929688,0.486
resolution_max_b1_gaussian_conv,2,1173,before,16,1.0,recalibrated,7,0.25,-1,1.4031521606445312,0.485,1.466398193359375,0.461
resolution_max_b1_gaussian_conv,2,1173,after,16,0.85,recalibrated,7,0.025,1,1.067596435546875,0.615,1.1480146484375,0.582
resolution_max_b1_gaussian_conv,2,1173,after,16,0.85,recalibrated,7,0.025,-1,1.0684384155273436,0.614,1.15098193359375,0.578
resolution_max_b1_gaussian_conv,2,1173,after,16,0.85,recalibrated,7,0.05,1,1.0805941772460939,0.608,1.1591854248046876,0.576
resolution_max_b1_gaussian_conv,2,1173,after,16,0.85,recalibrated,7,0.05,-1,1.0821649780273437,0.611,1.1658790893554687,0.566
resolution_max_b1_gaussian_conv,2,1173,after,16,0.85,recalibrated,7,0.1,1,1.1333486328125,0.588,1.20470751953125,0.555
resolution_max_b1_gaussian_conv,2,1173,after,16,0.85,recalibrated,7,0.1,-1,1.1376189575195312,0.593,1.2180558471679688,0.545
resolution_max_b1_gaussian_conv,2,1173,after,16,0.85,recalibrated,7,0.2,1,1.301202392578125,0.528,1.3614444580078124,0.517
resolution_max_b1_gaussian_conv,2,1173,after,16,0.85,recalibrated,7,0.2,-1,1.327679443359375,0.506,1.3840433959960938,0.481
resolution_max_b1_gaussian_conv,2,1173,after,16,0.85,recalibrated,7,0.25,1,1.4017933349609375,0.498,1.4556210327148438,0.482
resolution_max_b1_gaussian_conv,2,1173,after,16,0.85,recalibrated,7,0.25,-1,1.4437342529296875,0.459,1.4955964965820312,0.435
resolution_max_b1_gaussian_conv,2,1173,final,32,0.0,recalibrated,7,0.025,1,1.8442393798828125,0.293,1.8349883422851563,0.284
resolution_max_b1_gaussian_conv,2,1173,final,32,0.0,recalibrated,7,0.025,-1,1.8498927001953125,0.289,1.8380823364257812,0.282
resolution_max_b1_gaussian_conv,2,1173,final,32,0.0,recalibrated,7,0.05,1,1.8510902099609374,0.3,1.8419717407226563,0.286
resolution_max_b1_gaussian_conv,2,1173,final,32,0.0,recalibrated,7,0.05,-1,1.859224609375,0.279,1.847396240234375,0.28
resolution_max_b1_gaussian_conv,2,1173,final,32,0.0,recalibrated,7,0.1,1,1.878670654296875,0.292,1.873017822265625,0.29
resolution_max_b1_gaussian_conv,2,1173,final,32,0.0,recalibrated,7,0.1,-1,1.8887509155273436,0.277,1.8792304077148438,0.265
resolution_max_b1_gaussian_conv,2,1173,final,32,0.0,recalibrated,7,0.2,1,1.969306640625,0.263,1.9675905151367188,0.251
resolution_max_b1_gaussian_conv,2,1173,final,32,0.0,recalibrated,7,0.2,-1,1.9779805908203125,0.238,1.975489013671875,0.237
resolution_max_b1_gaussian_conv,2,1173,final,32,0.0,recalibrated,7,0.25,1,2.01938330078125,0.242,2.018085144042969,0.236
resolution_max_b1_gaussian_conv,2,1173,final,32,0.0,recalibrated,7,0.25,-1,2.0361322021484374,0.222,2.0332457275390623,0.22
resolution_max_b1_gaussian_conv,2,1173,before,16,1.0,recalibrated,8,0.025,1,0.9685501403808594,0.638,1.0594744873046875,0.618
resolution_max_b1_gaussian_conv,2,1173,before,16,1.0,recalibrated,8,0.025,-1,0.9687857666015625,0.643,1.0515805053710938,0.624
resolution_max_b1_gaussian_conv,2,1173,before,16,1.0,recalibrated,8,0.05,1,0.9832403564453125,0.633,1.07677099609375,0.607
resolution_max_b1_gaussian_conv,2,1173,before,16,1.0,recalibrated,8,0.05,-1,0.9853990173339844,0.633,1.0627406005859374,0.619
resolution_max_b1_gaussian_conv,2,1173,before,16,1.0,recalibrated,8,0.1,1,1.0435831909179687,0.606,1.1372470703125,0.583
resolution_max_b1_gaussian_conv,2,1173,before,16,1.0,recalibrated,8,0.1,-1,1.0486209716796875,0.607,1.1151522216796874,0.595
resolution_max_b1_gaussian_conv,2,1173,before,16,1.0,recalibrated,8,0.2,1,1.266327880859375,0.535,1.3316605834960937,0.511
resolution_max_b1_gaussian_conv,2,1173,before,16,1.0,recalibrated,8,0.2,-1,1.288535400390625,0.511,1.33976025390625,0.527
resolution_max_b1_gaussian_conv,2,1173,before,16,1.0,recalibrated,8,0.25,1,1.4113187255859374,0.484,1.4593824462890626,0.469
resolution_max_b1_gaussian_conv,2,1173,before,16,1.0,recalibrated,8,0.25,-1,1.4505046997070312,0.461,1.490431640625,0.472
resolution_max_b1_gaussian_conv,2,1173,after,16,0.85,recalibrated,8,0.025,1,1.0723797607421874,0.614,1.154569580078125,0.571
resolution_max_b1_gaussian_conv,2,1173,after,16,0.85,recalibrated,8,0.025,-1,1.06252392578125,0.617,1.1425906372070314,0.578
resolution_max_b1_gaussian_conv,2,1173,after,16,0.85,recalibrated,8,0.05,1,1.0881259155273437,0.603,1.16967822265625,0.564
resolution_max_b1_gaussian_conv,2,1173,after,16,0.85,recalibrated,8,0.05,-1,1.071486328125,0.612,1.1493260498046876,0.578
resolution_max_b1_gaussian_conv,2,1173,after,16,0.85,recalibrated,8,0.1,1,1.1428245849609375,0.571,1.2159900512695312,0.544
resolution_max_b1_gaussian_conv,2,1173,after,16,0.85,recalibrated,8,0.1,-1,1.1154117431640624,0.599,1.184515869140625,0.58
resolution_max_b1_gaussian_conv,2,1173,after,16,0.85,recalibrated,8,0.2,1,1.3315975341796875,0.501,1.3821302490234375,0.467
resolution_max_b1_gaussian_conv,2,1173,after,16,0.85,recalibrated,8,0.2,-1,1.291291259765625,0.515,1.3267021484375,0.527
resolution_max_b1_gaussian_conv,2,1173,after,16,0.85,recalibrated,8,0.25,1,1.4499959106445313,0.466,1.4919552612304687,0.437
resolution_max_b1_gaussian_conv,2,1173,after,16,0.85,recalibrated,8,0.25,-1,1.4074060668945312,0.475,1.4309848022460938,0.483
resolution_max_b1_gaussian_conv,2,1173,final,32,0.0,recalibrated,8,0.025,1,1.8530467529296875,0.294,1.8460252685546874,0.276
resolution_max_b1_gaussian_conv,2,1173,final,32,0.0,recalibrated,8,0.025,-1,1.8394837646484374,0.297,1.8254442749023438,0.289
resolution_max_b1_gaussian_conv,2,1173,final,32,0.0,recalibrated,8,0.05,1,1.8654326782226562,0.287,1.8619487915039064,0.272
resolution_max_b1_gaussian_conv,2,1173,final,32,0.0,recalibrated,8,0.05,-1,1.83984033203125,0.292,1.82190771484375,0.294
resolution_max_b1_gaussian_conv,2,1173,final,32,0.0,recalibrated,8,0.1,1,1.9003197631835937,0.28,1.9039276123046875,0.252
resolution_max_b1_gaussian_conv,2,1173,final,32,0.0,recalibrated,8,0.1,-1,1.854753173828125,0.294,1.829722900390625,0.297
resolution_max_b1_gaussian_conv,2,1173,final,32,0.0,recalibrated,8,0.2,1,1.9969891357421874,0.236,2.0130404052734376,0.217
resolution_max_b1_gaussian_conv,2,1173,final,32,0.0,recalibrated,8,0.2,-1,1.9338291015625,0.267,1.9032366943359376,0.275
resolution_max_b1_gaussian_conv,2,1173,final,32,0.0,recalibrated,8,0.25,1,2.051489501953125,0.214,2.0693185424804685,0.203
resolution_max_b1_gaussian_conv,2,1173,final,32,0.0,recalibrated,8,0.25,-1,1.9842493896484374,0.244,1.9550537719726562,0.257
resolution_max_b1_gaussian_conv,2,1173,before,16,1.0,recalibrated,9,0.025,1,0.961825439453125,0.647,1.0550655517578125,0.626
resolution_max_b1_gaussian_conv,2,1173,before,16,1.0,recalibrated,9,0.025,-1,0.9736586608886719,0.639,1.0582212524414063,0.617
resolution_max_b1_gaussian_conv,2,1173,before,16,1.0,recalibrated,9,0.05,1,0.96707177734375,0.646,1.0687031860351563,0.614
resolution_max_b1_gaussian_conv,2,1173,before,16,1.0,recalibrated,9,0.05,-1,0.992563232421875,0.629,1.0770894775390625,0.609
resolution_max_b1_gaussian_conv,2,1173,before,16,1.0,recalibrated,9,0.1,1,1.0179605712890625,0.626,1.1359570922851563,0.575
resolution_max_b1_gaussian_conv,2,1173,before,16,1.0,recalibrated,9,0.1,-1,1.0541318359375,0.603,1.1390096435546875,0.59
resolution_max_b1_gaussian_conv,2,1173,before,16,1.0,recalibrated,9,0.2,1,1.24471728515625,0.536,1.355472412109375,0.502
resolution_max_b1_gaussian_conv,2,1173,before,16,1.0,recalibrated,9,0.2,-1,1.255534423828125,0.524,1.3356118774414063,0.517
resolution_max_b1_gaussian_conv,2,1173,before,16,1.0,recalibrated,9,0.25,1,1.3846563720703124,0.494,1.496099609375,0.476
resolution_max_b1_gaussian_conv,2,1173,before,16,1.0,recalibrated,9,0.25,-1,1.3838837890625,0.481,1.46261962890625,0.474
resolution_max_b1_gaussian_conv,2,1173,after,16,0.85,recalibrated,9,0.025,1,1.0633137817382812,0.611,1.148822265625,0.582
resolution_max_b1_gaussian_conv,2,1173,after,16,0.85,recalibrated,9,0.025,-1,1.069433837890625,0.618,1.1489010620117188,0.581
resolution_max_b1_gaussian_conv,2,1173,after,16,0.85,recalibrated,9,0.05,1,1.0682306518554687,0.616,1.1586185913085938,0.579
resolution_max_b1_gaussian_conv,2,1173,after,16,0.85,recalibrated,9,0.05,-1,1.0842288208007813,0.604,1.1601971435546874,0.58
resolution_max_b1_gaussian_conv,2,1173,after,16,0.85,recalibrated,9,0.1,1,1.1079774169921874,0.595,1.2018722534179687,0.549
resolution_max_b1_gaussian_conv,2,1173,after,16,0.85,recalibrated,9,0.1,-1,1.1357713012695312,0.575,1.2062682495117187,0.557
resolution_max_b1_gaussian_conv,2,1173,after,16,0.85,recalibrated,9,0.2,1,1.2994054565429687,0.521,1.3754993286132813,0.471
resolution_max_b1_gaussian_conv,2,1173,after,16,0.85,recalibrated,9,0.2,-1,1.3022420043945313,0.517,1.3661837158203125,0.511
resolution_max_b1_gaussian_conv,2,1173,after,16,0.85,recalibrated,9,0.25,1,1.4222713012695312,0.484,1.4948234252929689,0.428
resolution_max_b1_gaussian_conv,2,1173,after,16,0.85,recalibrated,9,0.25,-1,1.407533935546875,0.478,1.4709793701171876,0.462
resolution_max_b1_gaussian_conv,2,1173,final,32,0.0,recalibrated,9,0.025,1,1.8449686889648438,0.293,1.8337847290039062,0.287
resolution_max_b1_gaussian_conv,2,1173,final,32,0.0,recalibrated,9,0.025,-1,1.8472756958007812,0.299,1.8377697143554688,0.281
resolution_max_b1_gaussian_conv,2,1173,final,32,0.0,recalibrated,9,0.05,1,1.8477413940429688,0.295,1.8373718872070313,0.281
resolution_max_b1_gaussian_conv,2,1173,final,32,0.0,recalibrated,9,0.05,-1,1.8541939697265626,0.291,1.8455726318359376,0.281
resolution_max_b1_gaussian_conv,2,1173,final,32,0.0,recalibrated,9,0.1,1,1.8663551025390626,0.284,1.8594973754882813,0.277
resolution_max_b1_gaussian_conv,2,1173,final,32,0.0,recalibrated,9,0.1,-1,1.8801448974609376,0.284,1.8717817993164063,0.276
resolution_max_b1_gaussian_conv,2,1173,final,32,0.0,recalibrated,9,0.2,1,1.9615231323242188,0.259,1.9581654052734374,0.242
resolution_max_b1_gaussian_conv,2,1173,final,32,0.0,recalibrated,9,0.2,-1,1.9598736572265625,0.251,1.95381689453125,0.257
resolution_max_b1_gaussian_conv,2,1173,final,32,0.0,recalibrated,9,0.25,1,2.0278167724609375,0.232,2.020476501464844,0.233
resolution_max_b1_gaussian_conv,2,1173,final,32,0.0,recalibrated,9,0.25,-1,2.0088283081054685,0.229,2.0067769165039064,0.235
resolution_max_b1_gaussian_conv,2,8211,before,32,0.3,saved,,0.0,0,0.35485467529296877,0.885,0.5425082702636719,0.815
resolution_max_b1_gaussian_conv,2,8211,before,32,0.3,recalibrated,,0.0,0,0.3496387481689453,0.888,0.5457814788818359,0.815
resolution_max_b1_gaussian_conv,2,8211,before,32,0.3,recalibrated,0,0.025,1,0.35480096435546876,0.883,0.5562288818359375,0.806
resolution_max_b1_gaussian_conv,2,8211,before,32,0.3,recalibrated,0,0.025,-1,0.3573584899902344,0.885,0.5444066314697266,0.806
resolution_max_b1_gaussian_conv,2,8211,before,32,0.3,recalibrated,0,0.05,1,0.3733975830078125,0.877,0.5771950073242188,0.795
resolution_max_b1_gaussian_conv,2,8211,before,32,0.3,recalibrated,0,0.05,-1,0.3756331329345703,0.878,0.5537985534667969,0.81
resolution_max_b1_gaussian_conv,2,8211,before,32,0.3,recalibrated,0,0.1,1,0.44845947265625,0.847,0.6511950073242188,0.775
resolution_max_b1_gaussian_conv,2,8211,before,32,0.3,recalibrated,0,0.1,-1,0.4381229400634766,0.848,0.6003863830566406,0.802
resolution_max_b1_gaussian_conv,2,8211,before,32,0.3,recalibrated,0,0.2,1,0.747497314453125,0.73,0.9004031982421875,0.695
resolution_max_b1_gaussian_conv,2,8211,before,32,0.3,recalibrated,0,0.2,-1,0.665839111328125,0.76,0.7931615295410156,0.735
resolution_max_b1_gaussian_conv,2,8211,before,32,0.3,recalibrated,0,0.25,1,0.9577437438964844,0.663,1.0813292846679687,0.651
resolution_max_b1_gaussian_conv,2,8211,before,32,0.3,recalibrated,0,0.25,-1,0.8298438720703125,0.708,0.939594482421875,0.701
resolution_max_b1_gaussian_conv,2,8211,after,32,0.0,saved,,0.0,0,0.36097279357910156,0.886,0.549162109375,0.808
resolution_max_b1_gaussian_conv,2,8211,after,32,0.0,recalibrated,,0.0,0,0.3551959075927734,0.887,0.5484110412597656,0.808
resolution_max_b1_gaussian_conv,2,8211,after,32,0.0,recalibrated,0,0.025,1,0.36037733459472654,0.882,0.5591210021972656,0.798
resolution_max_b1_gaussian_conv,2,8211,after,32,0.0,recalibrated,0,0.025,-1,0.36314097595214845,0.879,0.54624462890625,0.805
resolution_max_b1_gaussian_conv,2,8211,after,32,0.0,recalibrated,0,0.05,1,0.3791059112548828,0.876,0.5794813232421875,0.789
resolution_max_b1_gaussian_conv,2,8211,after,32,0.0,recalibrated,0,0.05,-1,0.3812671661376953,0.877,0.5558730773925781,0.811
resolution_max_b1_gaussian_conv,2,8211,after,32,0.0,recalibrated,0,0.1,1,0.454076171875,0.845,0.6523258666992188,0.773
resolution_max_b1_gaussian_conv,2,8211,after,32,0.0,recalibrated,0,0.1,-1,0.4430031127929687,0.847,0.6022433471679688,0.799
resolution_max_b1_gaussian_conv,2,8211,after,32,0.0,recalibrated,0,0.2,1,0.75074755859375,0.73,0.897812744140625,0.7
resolution_max_b1_gaussian_conv,2,8211,after,32,0.0,recalibrated,0,0.2,-1,0.668058837890625,0.761,0.7927667236328125,0.732
resolution_max_b1_gaussian_conv,2,8211,after,32,0.0,recalibrated,0,0.25,1,0.9601607971191406,0.659,1.078469970703125,0.651
resolution_max_b1_gaussian_conv,2,8211,after,32,0.0,recalibrated,0,0.25,-1,0.8293642578125,0.705,0.9370225524902344,0.7
resolution_max_b1_gaussian_conv,2,8211,before,32,0.3,recalibrated,1,0.025,1,0.35430050659179685,0.883,0.5520258941650391,0.814
resolution_max_b1_gaussian_conv,2,8211,before,32,0.3,recalibrated,1,0.025,-1,0.3582160186767578,0.885,0.5494623718261719,0.807
resolution_max_b1_gaussian_conv,2,8211,before,32,0.3,recalibrated,1,0.05,1,0.37242506408691406,0.88,0.5668529205322266,0.807
resolution_max_b1_gaussian_conv,2,8211,before,32,0.3,recalibrated,1,0.05,-1,0.37898587036132814,0.867,0.56092724609375,0.803
resolution_max_b1_gaussian_conv,2,8211,before,32,0.3,recalibrated,1,0.1,1,0.452536376953125,0.843,0.6264615173339844,0.79
resolution_max_b1_gaussian_conv,2,8211,before,32,0.3,recalibrated,1,0.1,-1,0.45066798400878905,0.851,0.6073877868652344,0.787
resolution_max_b1_gaussian_conv,2,8211,before,32,0.3,recalibrated,1,0.2,1,0.7988634033203125,0.716,0.9153258361816407,0.697
resolution_max_b1_gaussian_conv,2,8211,before,32,0.3,recalibrated,1,0.2,-1,0.763247314453125,0.746,0.8564246215820313,0.719
resolution_max_b1_gaussian_conv,2,8211,before,32,0.3,recalibrated,1,0.25,1,1.0783675537109374,0.628,1.1854497680664062,0.62
resolution_max_b1_gaussian_conv,2,8211,before,32,0.3,recalibrated,1,0.25,-1,1.0279979553222656,0.669,1.0694248046875,0.649
resolution_max_b1_gaussian_conv,2,8211,after,32,0.0,recalibrated,1,0.025,1,0.3601467742919922,0.882,0.5538702087402344,0.812
resolution_max_b1_gaussian_conv,2,8211,after,32,0.0,recalibrated,1,0.025,-1,0.36397637939453126,0.886,0.5529723815917968,0.804
resolution_max_b1_gaussian_conv,2,8211,after,32,0.0,recalibrated,1,0.05,1,0.3781640319824219,0.881,0.5683008117675781,0.806
resolution_max_b1_gaussian_conv,2,8211,after,32,0.0,recalibrated,1,0.05,-1,0.3851021270751953,0.869,0.5644661865234375,0.797
resolution_max_b1_gaussian_conv,2,8211,after,32,0.0,recalibrated,1,0.1,1,0.45848593139648436,0.842,0.6285218811035156,0.785
resolution_max_b1_gaussian_conv,2,8211,after,32,0.0,recalibrated,1,0.1,-1,0.45701449584960935,0.849,0.6107477722167969,0.786
resolution_max_b1_gaussian_conv,2,8211,after,32,0.0,recalibrated,1,0.2,1,0.8048832702636719,0.712,0.9169585571289063,0.699
resolution_max_b1_gaussian_conv,2,8211,after,32,0.0,recalibrated,1,0.2,-1,0.7698446960449219,0.745,0.8577107849121094,0.713
resolution_max_b1_gaussian_conv,2,8211,after,32,0.0,recalibrated,1,0.25,1,1.0840210571289062,0.621,1.1901844482421875,0.613
resolution_max_b1_gaussian_conv,2,8211,after,32,0.0,recalibrated,1,0.25,-1,1.0323823852539062,0.665,1.0680173950195313,0.646
resolution_max_b1_gaussian_conv,2,8211,before,32,0.3,recalibrated,2,0.025,1,0.3551690216064453,0.893,0.5531750793457031,0.81
resolution_max_b1_gaussian_conv,2,8211,before,32,0.3,recalibrated,2,0.025,-1,0.35851382446289065,0.876,0.548229248046875,0.808
resolution_max_b1_gaussian_conv,2,8211,before,32,0.3,recalibrated,2,0.05,1,0.3748968048095703,0.88,0.5691752777099609,0.805
resolution_max_b1_gaussian_conv,2,8211,before,32,0.3,recalibrated,2,0.05,-1,0.3799370574951172,0.875,0.5610795593261719,0.799
resolution_max_b1_gaussian_conv,2,8211,before,32,0.3,recalibrated,2,0.1,1,0.4598841705322266,0.844,0.6379307250976562,0.768
resolution_max_b1_gaussian_conv,2,8211,before,32,0.3,recalibrated,2,0.1,-1,0.463070068359375,0.838,0.6246132507324219,0.787
resolution_max_b1_gaussian_conv,2,8211,before,32,0.3,recalibrated,2,0.2,1,0.8167141723632813,0.716,0.9266226196289062,0.669
resolution_max_b1_gaussian_conv,2,8211,before,32,0.3,recalibrated,2,0.2,-1,0.8239833679199219,0.705,0.915767333984375,0.706
resolution_max_b1_gaussian_conv,2,8211,before,32,0.3,recalibrated,2,0.25,1,1.0899771728515626,0.634,1.1423995971679688,0.616
resolution_max_b1_gaussian_conv,2,8211,before,32,0.3,recalibrated,2,0.25,-1,1.0658074340820312,0.643,1.123057373046875,0.637
resolution_max_b1_gaussian_conv,2,8211,after,32,0.0,recalibrated,2,0.025,1,0.36069708251953125,0.886,0.556041748046875,0.804
resolution_max_b1_gaussian_conv,2,8211,after,32,0.0,recalibrated,2,0.025,-1,0.3646083374023438,0.874,0.5502089080810547,0.806
resolution_max_b1_gaussian_conv,2,8211,after,32,0.0,recalibrated,2,0.05,1,0.3803971710205078,0.877,0.5717805633544922,0.804
resolution_max_b1_gaussian_conv,2,8211,after,32,0.0,recalibrated,2,0.05,-1,0.38598501586914064,0.871,0.5632633666992187,0.799
resolution_max_b1_gaussian_conv,2,8211,after,32,0.0,recalibrated,2,0.1,1,0.4651012725830078,0.843,0.640040283203125,0.768
resolution_max_b1_gaussian_conv,2,8211,after,32,0.0,recalibrated,2,0.1,-1,0.4687035675048828,0.839,0.6266160583496094,0.783
resolution_max_b1_gaussian_conv,2,8211,after,32,0.0,recalibrated,2,0.2,1,0.8168502807617187,0.706,0.9239878845214844,0.673
resolution_max_b1_gaussian_conv,2,8211,after,32,0.0,recalibrated,2,0.2,-1,0.8219860534667969,0.705,0.9149603881835937,0.703
resolution_max_b1_gaussian_conv,2,8211,after,32,0.0,recalibrated,2,0.25,1,1.0835751342773436,0.632,1.1372822265625,0.616
resolution_max_b1_gaussian_conv,2,8211,after,32,0.0,recalibrated,2,0.25,-1,1.0605689697265626,0.639,1.1184901733398438,0.642
resolution_max_b1_gaussian_conv,2,8211,before,32,0.3,recalibrated,3,0.025,1,0.35710284423828126,0.89,0.5526735382080078,0.81
resolution_max_b1_gaussian_conv,2,8211,before,32,0.3,recalibrated,3,0.025,-1,0.3538587646484375,0.885,0.5474768676757813,0.802
resolution_max_b1_gaussian_conv,2,8211,before,32,0.3,recalibrated,3,0.05,1,0.3752505950927734,0.874,0.5646917114257812,0.808
resolution_max_b1_gaussian_conv,2,8211,before,32,0.3,recalibrated,3,0.05,-1,0.3691626281738281,0.878,0.5603265380859375,0.798
resolution_max_b1_gaussian_conv,2,8211,before,32,0.3,recalibrated,3,0.1,1,0.4422987213134766,0.845,0.615294921875,0.784
resolution_max_b1_gaussian_conv,2,8211,before,32,0.3,recalibrated,3,0.1,-1,0.4295165557861328,0.854,0.6139665222167969,0.79
resolution_max_b1_gaussian_conv,2,8211,before,32,0.3,recalibrated,3,0.2,1,0.7187883605957032,0.745,0.8404865112304688,0.721
resolution_max_b1_gaussian_conv,2,8211,before,32,0.3,recalibrated,3,0.2,-1,0.6740610656738282,0.765,0.8205780944824219,0.713
resolution_max_b1_gaussian_conv,2,8211,before,32,0.3,recalibrated,3,0.25,1,0.9209578857421875,0.674,1.0246669311523438,0.664
resolution_max_b1_gaussian_conv,2,8211,before,32,0.3,recalibrated,3,0.25,-1,0.8555429077148438,0.699,0.983218017578125,0.665
resolution_max_b1_gaussian_conv,2,8211,after,32,0.0,recalibrated,3,0.025,1,0.3633306121826172,0.884,0.5547720642089844,0.807
resolution_max_b1_gaussian_conv,2,8211,after,32,0.0,recalibrated,3,0.025,-1,0.3591493682861328,0.887,0.5499494018554687,0.804
resolution_max_b1_gaussian_conv,2,8211,after,32,0.0,recalibrated,3,0.05,1,0.38195648193359377,0.873,0.5664763793945312,0.804
resolution_max_b1_gaussian_conv,2,8211,after,32,0.0,recalibrated,3,0.05,-1,0.37452040100097655,0.878,0.5627491149902344,0.798
resolution_max_b1_gaussian_conv,2,8211,after,32,0.0,recalibrated,3,0.1,1,0.44990130615234375,0.844,0.6168622741699219,0.781
resolution_max_b1_gaussian_conv,2,8211,after,32,0.0,recalibrated,3,0.1,-1,0.43369732666015626,0.85,0.6158461608886718,0.786
resolution_max_b1_gaussian_conv,2,8211,after,32,0.0,recalibrated,3,0.2,1,0.7232877197265625,0.744,0.8416326599121093,0.715
resolution_max_b1_gaussian_conv,2,8211,after,32,0.0,recalibrated,3,0.2,-1,0.6776707763671875,0.763,0.8207124633789062,0.719
resolution_max_b1_gaussian_conv,2,8211,after,32,0.0,recalibrated,3,0.25,1,0.9228151245117188,0.673,1.0230457763671874,0.664
resolution_max_b1_gaussian_conv,2,8211,after,32,0.0,recalibrated,3,0.25,-1,0.8573946228027344,0.698,0.9810205688476562,0.664
resolution_max_b1_gaussian_conv,2,8211,before,32,0.3,recalibrated,4,0.025,1,0.35678495788574216,0.888,0.5564329223632812,0.804
resolution_max_b1_gaussian_conv,2,8211,before,32,0.3,recalibrated,4,0.025,-1,0.3565008392333984,0.878,0.545461898803711,0.805
resolution_max_b1_gaussian_conv,2,8211,before,32,0.3,recalibrated,4,0.05,1,0.37830735778808594,0.88,0.5748940734863281,0.801
resolution_max_b1_gaussian_conv,2,8211,before,32,0.3,recalibrated,4,0.05,-1,0.37741583251953126,0.871,0.5567119598388672,0.8
resolution_max_b1_gaussian_conv,2,8211,before,32,0.3,recalibrated,4,0.1,1,0.46040948486328126,0.842,0.6365048217773438,0.791
resolution_max_b1_gaussian_conv,2,8211,before,32,0.3,recalibrated,4,0.1,-1,0.4587648620605469,0.839,0.6147544555664063,0.785
resolution_max_b1_gaussian_conv,2,8211,before,32,0.3,recalibrated,4,0.2,1,0.8041268310546875,0.724,0.908827880859375,0.693
resolution_max_b1_gaussian_conv,2,8211,before,32,0.3,recalibrated,4,0.2,-1,0.79700927734375,0.733,0.8814829711914063,0.713
resolution_max_b1_gaussian_conv,2,8211,before,32,0.3,recalibrated,4,0.25,1,1.041721923828125,0.651,1.116304443359375,0.641
resolution_max_b1_gaussian_conv,2,8211,before,32,0.3,recalibrated,4,0.25,-1,1.0597811889648439,0.644,1.1130326538085937,0.64
resolution_max_b1_gaussian_conv,2,8211,after,32,0.0,recalibrated,4,0.025,1,0.36294403076171877,0.887,0.5586826782226563,0.806
resolution_max_b1_gaussian_conv,2,8211,after,32,0.0,recalibrated,4,0.025,-1,0.3619456329345703,0.878,0.5477458190917969,0.801
resolution_max_b1_gaussian_conv,2,8211,after,32,0.0,recalibrated,4,0.05,1,0.38556494140625,0.878,0.5774112243652344,0.799
resolution_max_b1_gaussian_conv,2,8211,after,32,0.0,recalibrated,4,0.05,-1,0.3826349792480469,0.87,0.5588088989257812,0.798
resolution_max_b1_gaussian_conv,2,8211,after,32,0.0,recalibrated,4,0.1,1,0.4680033264160156,0.84,0.6394704284667969,0.787
resolution_max_b1_gaussian_conv,2,8211,after,32,0.0,recalibrated,4,0.1,-1,0.46245399475097654,0.842,0.6169363098144531,0.786
resolution_max_b1_gaussian_conv,2,8211,after,32,0.0,recalibrated,4,0.2,1,0.8120006713867187,0.72,0.9089873962402344,0.695
resolution_max_b1_gaussian_conv,2,8211,after,32,0.0,recalibrated,4,0.2,-1,0.7944122619628906,0.731,0.8774499206542968,0.712
resolution_max_b1_gaussian_conv,2,8211,after,32,0.0,recalibrated,4,0.25,1,1.0466534423828124,0.652,1.1143435668945312,0.647
resolution_max_b1_gaussian_conv,2,8211,after,32,0.0,recalibrated,4,0.25,-1,1.053584716796875,0.644,1.10353955078125,0.644
resolution_max_b1_gaussian_conv,2,8211,before,32,0.3,recalibrated,5,0.025,1,0.35626544189453124,0.886,0.5528409118652344,0.805
resolution_max_b1_gaussian_conv,2,8211,before,32,0.3,recalibrated,5,0.025,-1,0.35667886352539063,0.887,0.54880859375,0.807
resolution_max_b1_gaussian_conv,2,8211,before,32,0.3,recalibrated,5,0.05,1,0.37351759338378904,0.888,0.5669969177246094,0.808
resolution_max_b1_gaussian_conv,2,8211,before,32,0.3,recalibrated,5,0.05,-1,0.37677957153320313,0.877,0.5645049438476563,0.804
resolution_max_b1_gaussian_conv,2,8211,before,32,0.3,recalibrated,5,0.1,1,0.4373575439453125,0.85,0.6176342163085937,0.778
resolution_max_b1_gaussian_conv,2,8211,before,32,0.3,recalibrated,5,0.1,-1,0.45566180419921876,0.838,0.6288593139648437,0.779
resolution_max_b1_gaussian_conv,2,8211,before,32,0.3,recalibrated,5,0.2,1,0.6831481323242188,0.753,0.8266225280761719,0.725
resolution_max_b1_gaussian_conv,2,8211,before,32,0.3,recalibrated,5,0.2,-1,0.7509390563964844,0.749,0.9001380004882813,0.697
resolution_max_b1_gaussian_conv,2,8211,before,32,0.3,recalibrated,5,0.25,1,0.8723600158691406,0.682,0.9920240478515625,0.671
resolution_max_b1_gaussian_conv,2,8211,before,32,0.3,recalibrated,5,0.25,-1,0.9875835876464844,0.666,1.134192138671875,0.62
resolution_max_b1_gaussian_conv,2,8211,after,32,0.0,recalibrated,5,0.025,1,0.362298583984375,0.888,0.5556068115234375,0.805
resolution_max_b1_gaussian_conv,2,8211,after,32,0.0,recalibrated,5,0.025,-1,0.36218389892578123,0.888,0.5509269256591797,0.801
resolution_max_b1_gaussian_conv,2,8211,after,32,0.0,recalibrated,5,0.05,1,0.3806730041503906,0.884,0.570680908203125,0.804
resolution_max_b1_gaussian_conv,2,8211,after,32,0.0,recalibrated,5,0.05,-1,0.38190399169921874,0.871,0.5666535949707031,0.806
resolution_max_b1_gaussian_conv,2,8211,after,32,0.0,recalibrated,5,0.1,1,0.44490034484863283,0.85,0.6209697875976562,0.779
resolution_max_b1_gaussian_conv,2,8211,after,32,0.0,recalibrated,5,0.1,-1,0.45933912658691406,0.838,0.6302429809570312,0.777
resolution_max_b1_gaussian_conv,2,8211,after,32,0.0,recalibrated,5,0.2,1,0.6910855712890625,0.75,0.8306414184570312,0.721
resolution_max_b1_gaussian_conv,2,8211,after,32,0.0,recalibrated,5,0.2,-1,0.751118408203125,0.743,0.8939888610839843,0.693
resolution_max_b1_gaussian_conv,2,8211,after,32,0.0,recalibrated,5,0.25,1,0.87896875,0.683,0.9964237670898437,0.665
resolution_max_b1_gaussian_conv,2,8211,after,32,0.0,recalibrated,5,0.25,-1,0.9817735900878907,0.672,1.122542724609375,0.618
resolution_max_b1_gaussian_conv,2,8211,before,32,0.3,recalibrated,6,0.025,1,0.36361032104492186,0.886,0.5531129913330078,0.805
resolution_max_b1_gaussian_conv,2,8211,before,32,0.3,recalibrated,6,0.025,-1,0.35338821411132815,0.878,0.5502555999755859,0.805
resolution_max_b1_gaussian_conv,2,8211,before,32,0.3,recalibrated,6,0.05,1,0.39338259887695315,0.863,0.571814453125,0.805
resolution_max_b1_gaussian_conv,2,8211,before,32,0.3,recalibrated,6,0.05,-1,0.3729918670654297,0.877,0.5672289428710937,0.799
resolution_max_b1_gaussian_conv,2,8211,before,32,0.3,recalibrated,6,0.1,1,0.47927073669433595,0.843,0.6325710144042969,0.771
resolution_max_b1_gaussian_conv,2,8211,before,32,0.3,recalibrated,6,0.1,-1,0.4787010498046875,0.836,0.6421646118164063,0.781
resolution_max_b1_gaussian_conv,2,8211,before,32,0.3,recalibrated,6,0.2,1,0.7593181762695312,0.751,0.8431367492675781,0.704
resolution_max_b1_gaussian_conv,2,8211,before,32,0.3,recalibrated,6,0.2,-1,0.9864389953613282,0.667,1.0836796875,0.649
resolution_max_b1_gaussian_conv,2,8211,before,32,0.3,recalibrated,6,0.25,1,0.9665957641601562,0.677,1.0348308715820314,0.653
resolution_max_b1_gaussian_conv,2,8211,before,32,0.3,recalibrated,6,0.25,-1,1.3194413452148437,0.567,1.4231959228515625,0.554
resolution_max_b1_gaussian_conv,2,8211,after,32,0.0,recalibrated,6,0.025,1,0.3693627166748047,0.882,0.5554153442382812,0.806
resolution_max_b1_gaussian_conv,2,8211,after,32,0.0,recalibrated,6,0.025,-1,0.3597981262207031,0.881,0.552866943359375,0.799
resolution_max_b1_gaussian_conv,2,8211,after,32,0.0,recalibrated,6,0.05,1,0.39886138916015623,0.859,0.5739368896484375,0.806
resolution_max_b1_gaussian_conv,2,8211,after,32,0.0,recalibrated,6,0.05,-1,0.380079833984375,0.873,0.5691876220703125,0.799
resolution_max_b1_gaussian_conv,2,8211,after,32,0.0,recalibrated,6,0.1,1,0.48400393676757814,0.844,0.6349744262695313,0.773
resolution_max_b1_gaussian_conv,2,8211,after,32,0.0,recalibrated,6,0.1,-1,0.48512786865234375,0.834,0.6437364196777344,0.779
resolution_max_b1_gaussian_conv,2,8211,after,32,0.0,recalibrated,6,0.2,1,0.7616817932128906,0.746,0.8420036010742188,0.704
resolution_max_b1_gaussian_conv,2,8211,after,32,0.0,recalibrated,6,0.2,-1,0.9837906188964843,0.668,1.0741116943359375,0.652
resolution_max_b1_gaussian_conv,2,8211,after,32,0.0,recalibrated,6,0.25,1,0.9661412048339844,0.672,1.0298352966308593,0.653
resolution_max_b1_gaussian_conv,2,8211,after,32,0.0,recalibrated,6,0.25,-1,1.3081880493164062,0.57,1.405038818359375,0.554
resolution_max_b1_gaussian_conv,2,8211,before,32,0.3,recalibrated,7,0.025,1,0.35587104797363284,0.881,0.5414761657714844,0.811
resolution_max_b1_gaussian_conv,2,8211,before,32,0.3,recalibrated,7,0.025,-1,0.3627918701171875,0.893,0.5617942810058594,0.806
resolution_max_b1_gaussian_conv,2,8211,before,32,0.3,recalibrated,7,0.05,1,0.3777451629638672,0.876,0.5544212036132813,0.805
resolution_max_b1_gaussian_conv,2,8211,before,32,0.3,recalibrated,7,0.05,-1,0.39547499084472654,0.875,0.58930615234375,0.793
resolution_max_b1_gaussian_conv,2,8211,before,32,0.3,recalibrated,7,0.1,1,0.46762916564941404,0.84,0.6181831665039063,0.79
resolution_max_b1_gaussian_conv,2,8211,before,32,0.3,recalibrated,7,0.1,-1,0.5053619995117188,0.817,0.6771619873046875,0.766
resolution_max_b1_gaussian_conv,2,8211,before,32,0.3,recalibrated,7,0.2,1,0.7738069458007812,0.731,0.8722838745117187,0.712
resolution_max_b1_gaussian_conv,2,8211,before,32,0.3,recalibrated,7,0.2,-1,0.863158203125,0.697,0.9848661499023438,0.674
resolution_max_b1_gaussian_conv,2,8211,before,32,0.3,recalibrated,7,0.25,1,0.9909871826171875,0.663,1.0679265747070312,0.653
resolution_max_b1_gaussian_conv,2,8211,before,32,0.3,recalibrated,7,0.25,-1,1.0969266967773437,0.615,1.2081239013671874,0.586
resolution_max_b1_gaussian_conv,2,8211,after,32,0.0,recalibrated,7,0.025,1,0.3612850799560547,0.885,0.5435562744140625,0.81
resolution_max_b1_gaussian_conv,2,8211,after,32,0.0,recalibrated,7,0.025,-1,0.36899700927734375,0.889,0.564556640625,0.803
resolution_max_b1_gaussian_conv,2,8211,after,32,0.0,recalibrated,7,0.05,1,0.38292703247070314,0.876,0.5552628326416016,0.804
resolution_max_b1_gaussian_conv,2,8211,after,32,0.0,recalibrated,7,0.05,-1,0.40127317810058594,0.866,0.5915360717773438,0.786
resolution_max_b1_gaussian_conv,2,8211,after,32,0.0,recalibrated,7,0.1,1,0.4712575988769531,0.835,0.6177377624511718,0.786
resolution_max_b1_gaussian_conv,2,8211,after,32,0.0,recalibrated,7,0.1,-1,0.5091824035644531,0.812,0.6791555480957031,0.768
resolution_max_b1_gaussian_conv,2,8211,after,32,0.0,recalibrated,7,0.2,1,0.7725163879394531,0.73,0.86933349609375,0.716
resolution_max_b1_gaussian_conv,2,8211,after,32,0.0,recalibrated,7,0.2,-1,0.8635431518554687,0.697,0.9816559143066407,0.672
resolution_max_b1_gaussian_conv,2,8211,after,32,0.0,recalibrated,7,0.25,1,0.9883476867675781,0.665,1.062611083984375,0.653
resolution_max_b1_gaussian_conv,2,8211,after,32,0.0,recalibrated,7,0.25,-1,1.0944474487304687,0.611,1.2041278076171875,0.589
resolution_max_b1_gaussian_conv,2,8211,before,32,0.3,recalibrated,8,0.025,1,0.35518612670898436,0.885,0.5509489440917968,0.806
resolution_max_b1_gaussian_conv,2,8211,before,32,0.3,recalibrated,8,0.025,-1,0.3574980773925781,0.883,0.5486045837402344,0.806
resolution_max_b1_gaussian_conv,2,8211,before,32,0.3,recalibrated,8,0.05,1,0.373301025390625,0.875,0.5656531066894531,0.814
resolution_max_b1_gaussian_conv,2,8211,before,32,0.3,recalibrated,8,0.05,-1,0.3787208557128906,0.869,0.558109878540039,0.806
resolution_max_b1_gaussian_conv,2,8211,before,32,0.3,recalibrated,8,0.1,1,0.4385514373779297,0.842,0.6249156188964844,0.792
resolution_max_b1_gaussian_conv,2,8211,before,32,0.3,recalibrated,8,0.1,-1,0.4671502685546875,0.826,0.6115518798828125,0.785
resolution_max_b1_gaussian_conv,2,8211,before,32,0.3,recalibrated,8,0.2,1,0.6925262451171875,0.759,0.8504238586425781,0.692
resolution_max_b1_gaussian_conv,2,8211,before,32,0.3,recalibrated,8,0.2,-1,0.8441383361816406,0.703,0.8931902160644531,0.714
resolution_max_b1_gaussian_conv,2,8211,before,32,0.3,recalibrated,8,0.25,1,0.8802339782714844,0.697,1.0223128051757813,0.644
resolution_max_b1_gaussian_conv,2,8211,before,32,0.3,recalibrated,8,0.25,-1,1.0845925903320313,0.638,1.0695429077148437,0.652
resolution_max_b1_gaussian_conv,2,8211,after,32,0.0,recalibrated,8,0.025,1,0.3607409820556641,0.888,0.5530841522216797,0.806
resolution_max_b1_gaussian_conv,2,8211,after,32,0.0,recalibrated,8,0.025,-1,0.36347119140625,0.882,0.5509846496582032,0.803
resolution_max_b1_gaussian_conv,2,8211,after,32,0.0,recalibrated,8,0.05,1,0.37862591552734376,0.873,0.5676517333984376,0.815
resolution_max_b1_gaussian_conv,2,8211,after,32,0.0,recalibrated,8,0.05,-1,0.38526101684570313,0.869,0.5607956237792969,0.8
resolution_max_b1_gaussian_conv,2,8211,after,32,0.0,recalibrated,8,0.1,1,0.44357307434082033,0.845,0.6257279968261719,0.792
resolution_max_b1_gaussian_conv,2,8211,after,32,0.0,recalibrated,8,0.1,-1,0.47340969848632813,0.823,0.6138534545898438,0.778
resolution_max_b1_gaussian_conv,2,8211,after,32,0.0,recalibrated,8,0.2,1,0.6980311889648437,0.756,0.8508001403808594,0.69
resolution_max_b1_gaussian_conv,2,8211,after,32,0.0,recalibrated,8,0.2,-1,0.8444116516113281,0.699,0.8893251037597656,0.708
resolution_max_b1_gaussian_conv,2,8211,after,32,0.0,recalibrated,8,0.25,1,0.8845050354003906,0.694,1.0223628540039063,0.646
resolution_max_b1_gaussian_conv,2,8211,after,32,0.0,recalibrated,8,0.25,-1,1.0785945434570312,0.641,1.0622191162109376,0.65
resolution_max_b1_gaussian_conv,2,8211,before,32,0.3,recalibrated,9,0.025,1,0.3598300476074219,0.881,0.5529580688476563,0.811
resolution_max_b1_gaussian_conv,2,8211,before,32,0.3,recalibrated,9,0.025,-1,0.35452264404296874,0.889,0.547673095703125,0.803
resolution_max_b1_gaussian_conv,2,8211,before,32,0.3,recalibrated,9,0.05,1,0.3830814971923828,0.869,0.5679337158203125,0.812
resolution_max_b1_gaussian_conv,2,8211,before,32,0.3,recalibrated,9,0.05,-1,0.3742391204833984,0.886,0.5629509887695312,0.798
resolution_max_b1_gaussian_conv,2,8211,before,32,0.3,recalibrated,9,0.1,1,0.4663448028564453,0.831,0.6329921875,0.784
resolution_max_b1_gaussian_conv,2,8211,before,32,0.3,recalibrated,9,0.1,-1,0.4571097106933594,0.849,0.6319939575195312,0.786
resolution_max_b1_gaussian_conv,2,8211,before,32,0.3,recalibrated,9,0.2,1,0.8340023193359375,0.697,0.9338846435546875,0.691
resolution_max_b1_gaussian_conv,2,8211,before,32,0.3,recalibrated,9,0.2,-1,0.7820340270996093,0.725,0.918373291015625,0.694
resolution_max_b1_gaussian_conv,2,8211,before,32,0.3,recalibrated,9,0.25,1,1.11201318359375,0.629,1.1792803955078126,0.61
resolution_max_b1_gaussian_conv,2,8211,before,32,0.3,recalibrated,9,0.25,-1,1.019571044921875,0.659,1.1403823852539063,0.617
resolution_max_b1_gaussian_conv,2,8211,after,32,0.0,recalibrated,9,0.025,1,0.3658806915283203,0.876,0.5548549499511719,0.809
resolution_max_b1_gaussian_conv,2,8211,after,32,0.0,recalibrated,9,0.025,-1,0.3603717346191406,0.886,0.5504642333984375,0.802
resolution_max_b1_gaussian_conv,2,8211,after,32,0.0,recalibrated,9,0.05,1,0.3884784698486328,0.869,0.5698309936523438,0.809
resolution_max_b1_gaussian_conv,2,8211,after,32,0.0,recalibrated,9,0.05,-1,0.380567138671875,0.877,0.5653648071289062,0.794
resolution_max_b1_gaussian_conv,2,8211,after,32,0.0,recalibrated,9,0.1,1,0.4704210510253906,0.832,0.6331606750488281,0.783
resolution_max_b1_gaussian_conv,2,8211,after,32,0.0,recalibrated,9,0.1,-1,0.4629661560058594,0.844,0.6338171081542969,0.784
resolution_max_b1_gaussian_conv,2,8211,after,32,0.0,recalibrated,9,0.2,1,0.8303299255371094,0.697,0.9309057006835938,0.69
resolution_max_b1_gaussian_conv,2,8211,after,32,0.0,recalibrated,9,0.2,-1,0.7842896423339843,0.719,0.9177018432617188,0.696
resolution_max_b1_gaussian_conv,2,8211,after,32,0.0,recalibrated,9,0.25,1,1.103998046875,0.627,1.1711509399414062,0.612
resolution_max_b1_gaussian_conv,2,8211,after,32,0.0,recalibrated,9,0.25,-1,1.0180777893066406,0.659,1.1377117309570313,0.621
gaussian_postrelu,2,1173,before,,1.0,saved,,0.0,0,1.113965576171875,0.59,1.166549560546875,0.576
gaussian_postrelu,2,1173,before,,1.0,recalibrated,,0.0,0,1.0626693725585938,0.618,1.1198358764648437,0.584
gaussian_postrelu,2,1173,before,,1.0,recalibrated,0,0.025,1,1.0672076416015626,0.604,1.1194019775390625,0.59
gaussian_postrelu,2,1173,before,,1.0,recalibrated,0,0.025,-1,1.0759105224609375,0.613,1.1373463134765625,0.576
gaussian_postrelu,2,1173,before,,1.0,recalibrated,0,0.05,1,1.0906505737304688,0.598,1.137697998046875,0.579
gaussian_postrelu,2,1173,before,,1.0,recalibrated,0,0.05,-1,1.106376708984375,0.601,1.169025634765625,0.573
gaussian_postrelu,2,1173,before,,1.0,recalibrated,0,0.1,1,1.1882171020507812,0.566,1.23568896484375,0.547
gaussian_postrelu,2,1173,before,,1.0,recalibrated,0,0.1,-1,1.2359910888671874,0.552,1.283494873046875,0.524
gaussian_postrelu,2,1173,before,,1.0,recalibrated,0,0.2,1,1.497998779296875,0.468,1.52766650390625,0.442
gaussian_postrelu,2,1173,before,,1.0,recalibrated,0,0.2,-1,1.5698878173828126,0.441,1.5775011596679687,0.403
gaussian_postrelu,2,1173,before,,1.0,recalibrated,0,0.25,1,1.6612696533203124,0.405,1.6693719482421876,0.398
gaussian_postrelu,2,1173,before,,1.0,recalibrated,0,0.25,-1,1.7314314575195313,0.372,1.7245864868164062,0.35
gaussian_postrelu,2,1173,after,,0.85,saved,,0.0,0,1.1384300537109375,0.594,1.1935607299804687,0.554
gaussian_postrelu,2,1173,after,,0.85,recalibrated,,0.0,0,1.0749354858398437,0.618,1.1240944213867188,0.592
gaussian_postrelu,2,1173,after,,0.85,recalibrated,0,0.025,1,1.0786824340820313,0.611,1.12325048828125,0.583
gaussian_postrelu,2,1173,after,,0.85,recalibrated,0,0.025,-1,1.0876913452148438,0.628,1.1415609130859374,0.58
gaussian_postrelu,2,1173,after,,0.85,recalibrated,0,0.05,1,1.0986165161132813,0.596,1.1386002197265626,0.574
gaussian_postrelu,2,1173,after,,0.85,recalibrated,0,0.05,-1,1.1166530151367187,0.604,1.1726748657226562,0.569
gaussian_postrelu,2,1173,after,,0.85,recalibrated,0,0.1,1,1.1829628295898438,0.572,1.2232550048828126,0.54
gaussian_postrelu,2,1173,after,,0.85,recalibrated,0,0.1,-1,1.23250439453125,0.55,1.2820079956054689,0.538
gaussian_postrelu,2,1173,after,,0.85,recalibrated,0,0.2,1,1.4606243896484374,0.474,1.4856655883789063,0.447
gaussian_postrelu,2,1173,after,,0.85,recalibrated,0,0.2,-1,1.5421300048828126,0.445,1.5628157958984374,0.402
gaussian_postrelu,2,1173,after,,0.85,recalibrated,0,0.25,1,1.6119801635742188,0.42,1.6180222778320312,0.409
gaussian_postrelu,2,1173,after,,0.85,recalibrated,0,0.25,-1,1.6978671264648437,0.376,1.7073024291992187,0.36
gaussian_postrelu,2,1173,final,,0.0,saved,,0.0,0,5.019407958984375,0.125,4.858581787109375,0.13
gaussian_postrelu,2,1173,final,,0.0,recalibrated,,0.0,0,1.8758370971679688,0.281,1.8668072509765625,0.267
gaussian_postrelu,2,1173,final,,0.0,recalibrated,0,0.025,1,1.8750579833984375,0.283,1.867432861328125,0.277
gaussian_postrelu,2,1173,final,,0.0,recalibrated,0,0.025,-1,1.8825236206054687,0.279,1.8730044555664063,0.262
gaussian_postrelu,2,1173,final,,0.0,recalibrated,0,0.05,1,1.8786011352539063,0.281,1.87340283203125,0.278
gaussian_postrelu,2,1173,final,,0.0,recalibrated,0,0.05,-1,1.89445458984375,0.265,1.8824397583007813,0.26
gaussian_postrelu,2,1173,final,,0.0,recalibrated,0,0.1,1,1.8987822265625,0.273,1.901972900390625,0.281
gaussian_postrelu,2,1173,final,,0.0,recalibrated,0,0.1,-1,1.9262772216796875,0.252,1.9117682495117188,0.252
gaussian_postrelu,2,1173,final,,0.0,recalibrated,0,0.2,1,1.9965825805664061,0.232,2.0028897705078124,0.243
gaussian_postrelu,2,1173,final,,0.0,recalibrated,0,0.2,-1,2.002432067871094,0.238,1.982931396484375,0.232
gaussian_postrelu,2,1173,final,,0.0,recalibrated,0,0.25,1,2.0702738037109376,0.205,2.0741087036132813,0.209
gaussian_postrelu,2,1173,final,,0.0,recalibrated,0,0.25,-1,2.0450203857421876,0.221,2.0218175048828124,0.226
gaussian_postrelu,2,1173,before,,1.0,recalibrated,1,0.025,1,1.07416796875,0.602,1.1326708374023438,0.574
gaussian_postrelu,2,1173,before,,1.0,recalibrated,1,0.025,-1,1.068185791015625,0.614,1.1195634765625,0.583
gaussian_postrelu,2,1173,before,,1.0,recalibrated,1,0.05,1,1.1041619262695312,0.599,1.1606826171875,0.561
gaussian_postrelu,2,1173,before,,1.0,recalibrated,1,0.05,-1,1.0869623413085938,0.598,1.1298440551757813,0.583
gaussian_postrelu,2,1173,before,,1.0,recalibrated,1,0.1,1,1.2279585571289062,0.564,1.2570462036132812,0.536
gaussian_postrelu,2,1173,before,,1.0,recalibrated,1,0.1,-1,1.15383251953125,0.574,1.1806223754882812,0.568
gaussian_postrelu,2,1173,before,,1.0,recalibrated,1,0.2,1,1.624031494140625,0.421,1.5882357788085937,0.438
gaussian_postrelu,2,1173,before,,1.0,recalibrated,1,0.2,-1,1.3825941772460937,0.494,1.3868417358398437,0.486
gaussian_postrelu,2,1173,before,,1.0,recalibrated,1,0.25,1,1.8146268310546876,0.36,1.781197509765625,0.375
gaussian_postrelu,2,1173,before,,1.0,recalibrated,1,0.25,-1,1.5382788696289063,0.444,1.5452008056640625,0.433
gaussian_postrelu,2,1173,after,,0.85,recalibrated,1,0.025,1,1.0837356567382812,0.615,1.136743896484375,0.575
gaussian_postrelu,2,1173,after,,0.85,recalibrated,1,0.025,-1,1.0811326904296874,0.61,1.1241937866210938,0.591
gaussian_postrelu,2,1173,after,,0.85,recalibrated,1,0.05,1,1.1091455078125,0.607,1.162661376953125,0.565
gaussian_postrelu,2,1173,after,,0.85,recalibrated,1,0.05,-1,1.0997281494140625,0.591,1.1351864013671875,0.586
gaussian_postrelu,2,1173,after,,0.85,recalibrated,1,0.1,1,1.2163093872070312,0.573,1.2503822631835937,0.536
gaussian_postrelu,2,1173,after,,0.85,recalibrated,1,0.1,-1,1.163117919921875,0.56,1.184871337890625,0.566
gaussian_postrelu,2,1173,after,,0.85,recalibrated,1,0.2,1,1.5794671020507813,0.431,1.5576681518554687,0.445
gaussian_postrelu,2,1173,after,,0.85,recalibrated,1,0.2,-1,1.3711071166992188,0.505,1.3775379638671874,0.496
gaussian_postrelu,2,1173,after,,0.85,recalibrated,1,0.25,1,1.7630362548828125,0.364,1.73978857421875,0.377
gaussian_postrelu,2,1173,after,,0.85,recalibrated,1,0.25,-1,1.514287841796875,0.446,1.5230064086914064,0.436
gaussian_postrelu,2,1173,final,,0.0,recalibrated,1,0.025,1,1.885056640625,0.277,1.8784332275390625,0.272
gaussian_postrelu,2,1173,final,,0.0,recalibrated,1,0.025,-1,1.871653564453125,0.279,1.8598809204101563,0.277
gaussian_postrelu,2,1173,final,,0.0,recalibrated,1,0.05,1,1.90028466796875,0.272,1.89499072265625,0.274
gaussian_postrelu,2,1173,final,,0.0,recalibrated,1,0.05,-1,1.8716680297851562,0.271,1.8566021118164062,0.276
gaussian_postrelu,2,1173,final,,0.0,recalibrated,1,0.1,1,1.9425013427734374,0.26,1.9437550048828125,0.263
gaussian_postrelu,2,1173,final,,0.0,recalibrated,1,0.1,-1,1.8839861450195312,0.267,1.86197021484375,0.28
gaussian_postrelu,2,1173,final,,0.0,recalibrated,1,0.2,1,2.066595458984375,0.221,2.0773175048828123,0.239
gaussian_postrelu,2,1173,final,,0.0,recalibrated,1,0.2,-1,1.9509216918945314,0.273,1.9232673950195311,0.275
gaussian_postrelu,2,1173,final,,0.0,recalibrated,1,0.25,1,2.1428817138671876,0.202,2.1535174560546877,0.216
gaussian_postrelu,2,1173,final,,0.0,recalibrated,1,0.25,-1,2.0053120727539064,0.267,1.9768796997070313,0.271
gaussian_postrelu,2,1173,before,,1.0,recalibrated,2,0.025,1,1.0821992797851563,0.606,1.1295638427734376,0.587
gaussian_postrelu,2,1173,before,,1.0,recalibrated,2,0.025,-1,1.0587571411132812,0.613,1.1225509033203125,0.586
gaussian_postrelu,2,1173,before,,1.0,recalibrated,2,0.05,1,1.1150628051757812,0.575,1.15101708984375,0.58
gaussian_postrelu,2,1173,before,,1.0,recalibrated,2,0.05,-1,1.069640869140625,0.604,1.1367598876953124,0.58
gaussian_postrelu,2,1173,before,,1.0,recalibrated,2,0.1,1,1.2150675048828126,0.532,1.2257313842773438,0.551
gaussian_postrelu,2,1173,before,,1.0,recalibrated,2,0.1,-1,1.1337531127929688,0.587,1.191599365234375,0.553
gaussian_postrelu,2,1173,before,,1.0,recalibrated,2,0.2,1,1.5161273803710937,0.449,1.4956294555664063,0.46
gaussian_postrelu,2,1173,before,,1.0,recalibrated,2,0.2,-1,1.3897633056640626,0.478,1.411902587890625,0.486
gaussian_postrelu,2,1173,before,,1.0,recalibrated,2,0.25,1,1.6869378662109376,0.404,1.6643739624023437,0.41
gaussian_postrelu,2,1173,before,,1.0,recalibrated,2,0.25,-1,1.5530640869140624,0.442,1.56306005859375,0.428
gaussian_postrelu,2,1173,after,,0.85,recalibrated,2,0.025,1,1.0940175170898438,0.602,1.1342001953125,0.597
gaussian_postrelu,2,1173,after,,0.85,recalibrated,2,0.025,-1,1.0694481201171875,0.619,1.1259843139648438,0.586
gaussian_postrelu,2,1173,after,,0.85,recalibrated,2,0.05,1,1.1250704345703124,0.581,1.1546910400390624,0.591
gaussian_postrelu,2,1173,after,,0.85,recalibrated,2,0.05,-1,1.0772184448242188,0.609,1.1383223266601563,0.582
gaussian_postrelu,2,1173,after,,0.85,recalibrated,2,0.1,1,1.21598828125,0.536,1.2247760009765625,0.563
gaussian_postrelu,2,1173,after,,0.85,recalibrated,2,0.1,-1,1.1323558349609375,0.599,1.1864965209960938,0.553
gaussian_postrelu,2,1173,after,,0.85,recalibrated,2,0.2,1,1.4891744384765624,0.458,1.4700235595703126,0.467
gaussian_postrelu,2,1173,after,,0.85,recalibrated,2,0.2,-1,1.3682166137695313,0.486,1.38370751953125,0.491
gaussian_postrelu,2,1173,after,,0.85,recalibrated,2,0.25,1,1.6455006103515626,0.41,1.62510693359375,0.424
gaussian_postrelu,2,1173,after,,0.85,recalibrated,2,0.25,-1,1.5176295166015625,0.443,1.522521484375,0.429
gaussian_postrelu,2,1173,final,,0.0,recalibrated,2,0.025,1,1.8835116577148439,0.264,1.872404541015625,0.266
gaussian_postrelu,2,1173,final,,0.0,recalibrated,2,0.025,-1,1.8738407592773438,0.282,1.8658055419921875,0.269
gaussian_postrelu,2,1173,final,,0.0,recalibrated,2,0.05,1,1.8953206787109376,0.269,1.880561767578125,0.26
gaussian_postrelu,2,1173,final,,0.0,recalibrated,2,0.05,-1,1.8758615112304688,0.275,1.8693239135742188,0.271
gaussian_postrelu,2,1173,final,,0.0,recalibrated,2,0.1,1,1.9278681640625,0.252,1.9112071533203125,0.247
gaussian_postrelu,2,1173,final,,0.0,recalibrated,2,0.1,-1,1.8927752075195312,0.266,1.8866748657226562,0.284
gaussian_postrelu,2,1173,final,,0.0,recalibrated,2,0.2,1,2.025775634765625,0.212,2.011756652832031,0.213
gaussian_postrelu,2,1173,final,,0.0,recalibrated,2,0.2,-1,1.9606395874023437,0.245,1.952389892578125,0.253
gaussian_postrelu,2,1173,final,,0.0,recalibrated,2,0.25,1,2.091393798828125,0.194,2.072970458984375,0.2
gaussian_postrelu,2,1173,final,,0.0,recalibrated,2,0.25,-1,2.0026768188476565,0.244,1.9985224609375,0.237
gaussian_postrelu,2,1173,before,,1.0,recalibrated,3,0.025,1,1.0660255126953124,0.624,1.121715087890625,0.579
gaussian_postrelu,2,1173,before,,1.0,recalibrated,3,0.025,-1,1.0716790771484375,0.603,1.128878173828125,0.579
gaussian_postrelu,2,1173,before,,1.0,recalibrated,3,0.05,1,1.0834154052734375,0.615,1.134798583984375,0.578
gaussian_postrelu,2,1173,before,,1.0,recalibrated,3,0.05,-1,1.0925687255859375,0.594,1.149324462890625,0.578
gaussian_postrelu,2,1173,before,,1.0,recalibrated,3,0.1,1,1.1687965087890626,0.58,1.2101397705078125,0.566
gaussian_postrelu,2,1173,before,,1.0,recalibrated,3,0.1,-1,1.1810402221679688,0.569,1.2321660766601563,0.555
gaussian_postrelu,2,1173,before,,1.0,recalibrated,3,0.2,1,1.4748612060546875,0.469,1.4923098754882813,0.459
gaussian_postrelu,2,1173,before,,1.0,recalibrated,3,0.2,-1,1.4267621459960937,0.493,1.4849283447265624,0.47
gaussian_postrelu,2,1173,before,,1.0,recalibrated,3,0.25,1,1.6294893188476562,0.423,1.6406690673828126,0.406
gaussian_postrelu,2,1173,before,,1.0,recalibrated,3,0.25,-1,1.5597079467773438,0.462,1.6285389404296875,0.435
gaussian_postrelu,2,1173,after,,0.85,recalibrated,3,0.025,1,1.08052392578125,0.616,1.127440673828125,0.58
gaussian_postrelu,2,1173,after,,0.85,recalibrated,3,0.025,-1,1.0805241088867188,0.605,1.1312955322265625,0.583
gaussian_postrelu,2,1173,after,,0.85,recalibrated,3,0.05,1,1.09840576171875,0.606,1.142384765625,0.578
gaussian_postrelu,2,1173,after,,0.85,recalibrated,3,0.05,-1,1.0975269165039063,0.595,1.1483274536132813,0.579
gaussian_postrelu,2,1173,after,,0.85,recalibrated,3,0.1,1,1.1782108764648438,0.577,1.2150633544921876,0.554
gaussian_postrelu,2,1173,after,,0.85,recalibrated,3,0.1,-1,1.1735507202148439,0.567,1.22054833984375,0.556
gaussian_postrelu,2,1173,after,,0.85,recalibrated,3,0.2,1,1.4637406616210937,0.451,1.4852808227539063,0.457
gaussian_postrelu,2,1173,after,,0.85,recalibrated,3,0.2,-1,1.3950726318359374,0.497,1.4442041625976563,0.479
gaussian_postrelu,2,1173,after,,0.85,recalibrated,3,0.25,1,1.6108486328125,0.406,1.626408935546875,0.404
gaussian_postrelu,2,1173,after,,0.85,recalibrated,3,0.25,-1,1.515071044921875,0.474,1.5741693725585937,0.446
gaussian_postrelu,2,1173,final,,0.0,recalibrated,3,0.025,1,1.8821415405273438,0.273,1.87323291015625,0.269
gaussian_postrelu,2,1173,final,,0.0,recalibrated,3,0.025,-1,1.874380126953125,0.287,1.8653907470703126,0.268
gaussian_postrelu,2,1173,final,,0.0,recalibrated,3,0.05,1,1.8928992919921874,0.267,1.884021484375,0.262
gaussian_postrelu,2,1173,final,,0.0,recalibrated,3,0.05,-1,1.8763884887695312,0.278,1.8667626342773438,0.278
gaussian_postrelu,2,1173,final,,0.0,recalibrated,3,0.1,1,1.9261348876953126,0.247,1.9189141845703126,0.25
gaussian_postrelu,2,1173,final,,0.0,recalibrated,3,0.1,-1,1.8884299926757813,0.276,1.8836903076171876,0.283
gaussian_postrelu,2,1173,final,,0.0,recalibrated,3,0.2,1,2.0360900268554687,0.216,2.030572021484375,0.211
gaussian_postrelu,2,1173,final,,0.0,recalibrated,3,0.2,-1,1.94704638671875,0.254,1.9503790283203124,0.278
gaussian_postrelu,2,1173,final,,0.0,recalibrated,3,0.25,1,2.0983795166015624,0.198,2.0953323974609375,0.192
gaussian_postrelu,2,1173,final,,0.0,recalibrated,3,0.25,-1,1.9838345947265625,0.25,1.9881569213867187,0.258
gaussian_postrelu,2,1173,before,,1.0,recalibrated,4,0.025,1,1.0724259033203125,0.608,1.1271862182617187,0.584
gaussian_postrelu,2,1173,before,,1.0,recalibrated,4,0.025,-1,1.0680991821289063,0.621,1.1281600341796876,0.586
gaussian_postrelu,2,1173,before,,1.0,recalibrated,4,0.05,1,1.1003934936523438,0.597,1.15123828125,0.57
gaussian_postrelu,2,1173,before,,1.0,recalibrated,4,0.05,-1,1.0895086669921874,0.61,1.15218896484375,0.576
gaussian_postrelu,2,1173,before,,1.0,recalibrated,4,0.1,1,1.2297947387695312,0.549,1.2881307373046875,0.525
gaussian_postrelu,2,1173,before,,1.0,recalibrated,4,0.1,-1,1.1815596313476562,0.579,1.2446932373046875,0.547
gaussian_postrelu,2,1173,before,,1.0,recalibrated,4,0.2,1,1.6375166015625,0.419,1.6732298583984375,0.419
gaussian_postrelu,2,1173,before,,1.0,recalibrated,4,0.2,-1,1.4973350830078125,0.457,1.5547031860351563,0.44
gaussian_postrelu,2,1173,before,,1.0,recalibrated,4,0.25,1,1.8489800415039062,0.377,1.869814697265625,0.373
gaussian_postrelu,2,1173,before,,1.0,recalibrated,4,0.25,-1,1.6714869995117188,0.403,1.7253331298828125,0.386
gaussian_postrelu,2,1173,after,,0.85,recalibrated,4,0.025,1,1.0821332397460937,0.614,1.1309913940429688,0.59
gaussian_postrelu,2,1173,after,,0.85,recalibrated,4,0.025,-1,1.08116064453125,0.616,1.13125927734375,0.589
gaussian_postrelu,2,1173,after,,0.85,recalibrated,4,0.05,1,1.1054571533203126,0.594,1.1507700805664063,0.585
gaussian_postrelu,2,1173,after,,0.85,recalibrated,4,0.05,-1,1.1013607788085937,0.612,1.152811767578125,0.573
gaussian_postrelu,2,1173,after,,0.85,recalibrated,4,0.1,1,1.2143456420898437,0.55,1.26587646484375,0.528
gaussian_postrelu,2,1173,after,,0.85,recalibrated,4,0.1,-1,1.1827886352539063,0.578,1.2350932006835937,0.545
gaussian_postrelu,2,1173,after,,0.85,recalibrated,4,0.2,1,1.5763760986328126,0.439,1.6133277587890624,0.432
gaussian_postrelu,2,1173,after,,0.85,recalibrated,4,0.2,-1,1.46681201171875,0.467,1.5185225830078124,0.447
gaussian_postrelu,2,1173,after,,0.85,recalibrated,4,0.25,1,1.7684939575195313,0.383,1.7964769897460937,0.377
gaussian_postrelu,2,1173,after,,0.85,recalibrated,4,0.25,-1,1.6254747314453124,0.42,1.67975341796875,0.397
gaussian_postrelu,2,1173,final,,0.0,recalibrated,4,0.025,1,1.87350341796875,0.285,1.865144775390625,0.27
gaussian_postrelu,2,1173,final,,0.0,recalibrated,4,0.025,-1,1.8835711059570313,0.268,1.8751143798828125,0.268
gaussian_postrelu,2,1173,final,,0.0,recalibrated,4,0.05,1,1.8775260009765624,0.281,1.8692606201171875,0.276
gaussian_postrelu,2,1173,final,,0.0,recalibrated,4,0.05,-1,1.896699951171875,0.257,1.8881277465820312,0.264
gaussian_postrelu,2,1173,final,,0.0,recalibrated,4,0.1,1,1.9066826171875,0.273,1.8981421508789063,0.254
gaussian_postrelu,2,1173,final,,0.0,recalibrated,4,0.1,-1,1.935211669921875,0.247,1.9272237548828124,0.24
gaussian_postrelu,2,1173,final,,0.0,recalibrated,4,0.2,1,2.018193603515625,0.219,2.005503112792969,0.243
gaussian_postrelu,2,1173,final,,0.0,recalibrated,4,0.2,-1,2.0438322143554686,0.227,2.0474197387695314,0.23
gaussian_postrelu,2,1173,final,,0.0,recalibrated,4,0.25,1,2.0829041748046877,0.217,2.0687174072265626,0.215
gaussian_postrelu,2,1173,final,,0.0,recalibrated,4,0.25,-1,2.1118564453125,0.221,2.1253243408203124,0.216
gaussian_postrelu,2,1173,before,,1.0,recalibrated,5,0.025,1,1.0668916625976563,0.609,1.1297545166015626,0.585
gaussian_postrelu,2,1173,before,,1.0,recalibrated,5,0.025,-1,1.0916052856445313,0.593,1.1408234252929688,0.579
gaussian_postrelu,2,1173,before,,1.0,recalibrated,5,0.05,1,1.1112303466796876,0.588,1.1784269409179688,0.548
gaussian_postrelu,2,1173,before,,1.0,recalibrated,5,0.05,-1,1.1510155639648438,0.575,1.1888598022460937,0.557
gaussian_postrelu,2,1173,before,,1.0,recalibrated,5,0.1,1,1.3052007446289062,0.524,1.3566845092773439,0.501
gaussian_postrelu,2,1173,before,,1.0,recalibrated,5,0.1,-1,1.322615966796875,0.513,1.3419884033203124,0.504
gaussian_postrelu,2,1173,before,,1.0,recalibrated,5,0.2,1,1.6282984619140626,0.411,1.676752197265625,0.397
gaussian_postrelu,2,1173,before,,1.0,recalibrated,5,0.2,-1,1.6766641845703125,0.402,1.6366810302734376,0.402
gaussian_postrelu,2,1173,before,,1.0,recalibrated,5,0.25,1,1.7433905639648437,0.377,1.8171044921875,0.348
gaussian_postrelu,2,1173,before,,1.0,recalibrated,5,0.25,-1,1.84984130859375,0.337,1.7790244750976563,0.368
gaussian_postrelu,2,1173,after,,0.85,recalibrated,5,0.025,1,1.078345703125,0.616,1.1339837646484374,0.581
gaussian_postrelu,2,1173,after,,0.85,recalibrated,5,0.025,-1,1.1002017822265624,0.598,1.1413543701171875,0.581
gaussian_postrelu,2,1173,after,,0.85,recalibrated,5,0.05,1,1.1151990356445312,0.589,1.1773641967773438,0.559
gaussian_postrelu,2,1173,after,,0.85,recalibrated,5,0.05,-1,1.1530790405273437,0.559,1.1825823974609375,0.563
gaussian_postrelu,2,1173,after,,0.85,recalibrated,5,0.1,1,1.2870062255859376,0.519,1.3419736938476563,0.5
gaussian_postrelu,2,1173,after,,0.85,recalibrated,5,0.1,-1,1.3025256958007811,0.517,1.3178997192382813,0.512
gaussian_postrelu,2,1173,after,,0.85,recalibrated,5,0.2,1,1.5915069580078125,0.427,1.6331127319335939,0.413
gaussian_postrelu,2,1173,after,,0.85,recalibrated,5,0.2,-1,1.62075732421875,0.4,1.5813751220703125,0.412
gaussian_postrelu,2,1173,after,,0.85,recalibrated,5,0.25,1,1.697721923828125,0.392,1.7633033447265625,0.357
gaussian_postrelu,2,1173,after,,0.85,recalibrated,5,0.25,-1,1.7771231079101562,0.35,1.7111651000976562,0.371
gaussian_postrelu,2,1173,final,,0.0,recalibrated,5,0.025,1,1.8865841674804686,0.28,1.88059814453125,0.269
gaussian_postrelu,2,1173,final,,0.0,recalibrated,5,0.025,-1,1.8737037353515624,0.276,1.8618446044921875,0.272
gaussian_postrelu,2,1173,final,,0.0,recalibrated,5,0.05,1,1.9073737182617188,0.269,1.9045455322265625,0.267
gaussian_postrelu,2,1173,final,,0.0,recalibrated,5,0.05,-1,1.8755167236328125,0.266,1.8614888305664063,0.273
gaussian_postrelu,2,1173,final,,0.0,recalibrated,5,0.1,1,1.9559378662109375,0.259,1.9544134521484375,0.25
gaussian_postrelu,2,1173,final,,0.0,recalibrated,5,0.1,-1,1.8955003662109375,0.259,1.8773197021484376,0.271
gaussian_postrelu,2,1173,final,,0.0,recalibrated,5,0.2,1,2.0488948974609373,0.238,2.0607735595703125,0.23
gaussian_postrelu,2,1173,final,,0.0,recalibrated,5,0.2,-1,1.9737637939453125,0.231,1.9580076904296875,0.239
gaussian_postrelu,2,1173,final,,0.0,recalibrated,5,0.25,1,2.096947509765625,0.22,2.1136204833984373,0.219
gaussian_postrelu,2,1173,final,,0.0,recalibrated,5,0.25,-1,2.030326904296875,0.212,2.0133990478515624,0.224
gaussian_postrelu,2,1173,before,,1.0,recalibrated,6,0.025,1,1.0829102783203124,0.595,1.1392503662109374,0.577
gaussian_postrelu,2,1173,before,,1.0,recalibrated,6,0.025,-1,1.0793136596679687,0.607,1.135483154296875,0.58
gaussian_postrelu,2,1173,before,,1.0,recalibrated,6,0.05,1,1.1278585205078124,0.579,1.1846014404296874,0.56
gaussian_postrelu,2,1173,before,,1.0,recalibrated,6,0.05,-1,1.1388088989257812,0.578,1.19809033203125,0.546
gaussian_postrelu,2,1173,before,,1.0,recalibrated,6,0.1,1,1.2620176391601563,0.535,1.3346881713867187,0.521
gaussian_postrelu,2,1173,before,,1.0,recalibrated,6,0.1,-1,1.3650250854492187,0.505,1.3969235229492187,0.478
gaussian_postrelu,2,1173,before,,1.0,recalibrated,6,0.2,1,1.5500839233398438,0.442,1.6191615600585938,0.421
gaussian_postrelu,2,1173,before,,1.0,recalibrated,6,0.2,-1,1.8328663330078125,0.366,1.8524492797851562,0.356
gaussian_postrelu,2,1173,before,,1.0,recalibrated,6,0.25,1,1.6906483154296874,0.394,1.7368507080078126,0.376
gaussian_postrelu,2,1173,before,,1.0,recalibrated,6,0.25,-1,2.0534722900390623,0.321,2.0953778076171874,0.282
gaussian_postrelu,2,1173,after,,0.85,recalibrated,6,0.025,1,1.095115478515625,0.598,1.1408346557617188,0.577
gaussian_postrelu,2,1173,after,,0.85,recalibrated,6,0.025,-1,1.0866143798828125,0.613,1.1395515747070313,0.578
gaussian_postrelu,2,1173,after,,0.85,recalibrated,6,0.05,1,1.1366870727539062,0.565,1.1821814575195313,0.565
gaussian_postrelu,2,1173,after,,0.85,recalibrated,6,0.05,-1,1.13812158203125,0.592,1.1970628051757812,0.54
gaussian_postrelu,2,1173,after,,0.85,recalibrated,6,0.1,1,1.254837158203125,0.535,1.3172150268554688,0.532
gaussian_postrelu,2,1173,after,,0.85,recalibrated,6,0.1,-1,1.3446915283203125,0.508,1.3851477661132812,0.485
gaussian_postrelu,2,1173,after,,0.85,recalibrated,6,0.2,1,1.5115965576171875,0.452,1.5781580200195313,0.437
gaussian_postrelu,2,1173,after,,0.85,recalibrated,6,0.2,-1,1.7886163330078124,0.367,1.8059393920898437,0.348
gaussian_postrelu,2,1173,after,,0.85,recalibrated,6,0.25,1,1.6397528686523437,0.401,1.69203759765625,0.4
gaussian_postrelu,2,1173,after,,0.85,recalibrated,6,0.25,-1,1.9966260986328126,0.323,2.032016357421875,0.287
gaussian_postrelu,2,1173,final,,0.0,recalibrated,6,0.025,1,1.874241943359375,0.288,1.8646807250976563,0.274
gaussian_postrelu,2,1173,final,,0.0,recalibrated,6,0.025,-1,1.8858056030273438,0.271,1.879656005859375,0.273
gaussian_postrelu,2,1173,final,,0.0,recalibrated,6,0.05,1,1.8790621337890625,0.289,1.869128662109375,0.277
gaussian_postrelu,2,1173,final,,0.0,recalibrated,6,0.05,-1,1.9084389038085938,0.255,1.904720458984375,0.26
gaussian_postrelu,2,1173,final,,0.0,recalibrated,6,0.1,1,1.9027791137695313,0.288,1.8963439331054688,0.285
gaussian_postrelu,2,1173,final,,0.0,recalibrated,6,0.1,-1,1.971179931640625,0.237,1.9699124145507811,0.227
gaussian_postrelu,2,1173,final,,0.0,recalibrated,6,0.2,1,1.99359130859375,0.247,1.987772216796875,0.264
gaussian_postrelu,2,1173,final,,0.0,recalibrated,6,0.2,-1,2.0940943603515625,0.195,2.1013179931640624,0.182
gaussian_postrelu,2,1173,final,,0.0,recalibrated,6,0.25,1,2.0511813354492188,0.233,2.04150341796875,0.258
gaussian_postrelu,2,1173,final,,0.0,recalibrated,6,0.25,-1,2.15530419921875,0.179,2.166947265625,0.17
gaussian_postrelu,2,1173,before,,1.0,recalibrated,7,0.025,1,1.0713345336914062,0.604,1.1261123657226562,0.588
gaussian_postrelu,2,1173,before,,1.0,recalibrated,7,0.025,-1,1.0797158203125,0.599,1.1353163452148438,0.581
gaussian_postrelu,2,1173,before,,1.0,recalibrated,7,0.05,1,1.10406640625,0.594,1.1542778930664062,0.575
gaussian_postrelu,2,1173,before,,1.0,recalibrated,7,0.05,-1,1.1160750732421876,0.587,1.1700028076171876,0.565
gaussian_postrelu,2,1173,before,,1.0,recalibrated,7,0.1,1,1.2427486572265625,0.56,1.2786702880859375,0.534
gaussian_postrelu,2,1173,before,,1.0,recalibrated,7,0.1,-1,1.2326959228515626,0.541,1.2906883544921874,0.528
gaussian_postrelu,2,1173,before,,1.0,recalibrated,7,0.2,1,1.6189277954101562,0.45,1.6479437255859375,0.41
gaussian_postrelu,2,1173,before,,1.0,recalibrated,7,0.2,-1,1.5798591918945313,0.434,1.6360369873046876,0.408
gaussian_postrelu,2,1173,before,,1.0,recalibrated,7,0.25,1,1.7894901123046876,0.404,1.811269287109375,0.38
gaussian_postrelu,2,1173,before,,1.0,recalibrated,7,0.25,-1,1.7593733520507813,0.381,1.8109285278320313,0.346
gaussian_postrelu,2,1173,after,,0.85,recalibrated,7,0.025,1,1.0806656494140625,0.609,1.1312697143554689,0.579
gaussian_postrelu,2,1173,after,,0.85,recalibrated,7,0.025,-1,1.0925489501953125,0.605,1.13725634765625,0.585
gaussian_postrelu,2,1173,after,,0.85,recalibrated,7,0.05,1,1.1094408569335938,0.596,1.1569900512695312,0.584
gaussian_postrelu,2,1173,after,,0.85,recalibrated,7,0.05,-1,1.1272468872070311,0.571,1.1683349609375,0.567
gaussian_postrelu,2,1173,after,,0.85,recalibrated,7,0.1,1,1.2311279296875,0.569,1.2690333251953125,0.54
gaussian_postrelu,2,1173,after,,0.85,recalibrated,7,0.1,-1,1.23133935546875,0.543,1.274959228515625,0.531
gaussian_postrelu,2,1173,after,,0.85,recalibrated,7,0.2,1,1.5807012329101562,0.469,1.6077957763671875,0.42
gaussian_postrelu,2,1173,after,,0.85,recalibrated,7,0.2,-1,1.534141357421875,0.44,1.5815428466796875,0.413
gaussian_postrelu,2,1173,after,,0.85,recalibrated,7,0.25,1,1.7450352172851562,0.418,1.7636487426757812,0.382
gaussian_postrelu,2,1173,after,,0.85,recalibrated,7,0.25,-1,1.7004984741210938,0.385,1.7448907470703126,0.355
gaussian_postrelu,2,1173,final,,0.0,recalibrated,7,0.025,1,1.8760628051757813,0.285,1.8669509887695312,0.272
gaussian_postrelu,2,1173,final,,0.0,recalibrated,7,0.025,-1,1.8821942749023437,0.277,1.8742376098632811,0.273
gaussian_postrelu,2,1173,final,,0.0,recalibrated,7,0.05,1,1.8826048583984376,0.284,1.87103173828125,0.27
gaussian_postrelu,2,1173,final,,0.0,recalibrated,7,0.05,-1,1.8943973388671875,0.274,1.887725830078125,0.264
gaussian_postrelu,2,1173,final,,0.0,recalibrated,7,0.1,1,1.9138387451171874,0.279,1.9037044677734376,0.259
gaussian_postrelu,2,1173,final,,0.0,recalibrated,7,0.1,-1,1.9301676635742187,0.255,1.9241910400390625,0.243
gaussian_postrelu,2,1173,final,,0.0,recalibrated,7,0.2,1,2.0140972900390626,0.26,2.015157043457031,0.246
gaussian_postrelu,2,1173,final,,0.0,recalibrated,7,0.2,-1,2.0286370849609376,0.214,2.036675842285156,0.204
gaussian_postrelu,2,1173,final,,0.0,recalibrated,7,0.25,1,2.06942626953125,0.242,2.06963916015625,0.244
gaussian_postrelu,2,1173,final,,0.0,recalibrated,7,0.25,-1,2.085216796875,0.2,2.0988480224609374,0.195
gaussian_postrelu,2,1173,before,,1.0,recalibrated,8,0.025,1,1.074812255859375,0.606,1.13591748046875,0.578
gaussian_postrelu,2,1173,before,,1.0,recalibrated,8,0.025,-1,1.06406884765625,0.614,1.1143781127929688,0.582
gaussian_postrelu,2,1173,before,,1.0,recalibrated,8,0.05,1,1.0992926635742188,0.584,1.1642817993164063,0.566
gaussian_postrelu,2,1173,before,,1.0,recalibrated,8,0.05,-1,1.0783059692382813,0.602,1.1206798706054688,0.588
gaussian_postrelu,2,1173,before,,1.0,recalibrated,8,0.1,1,1.1808861694335937,0.566,1.2491505126953124,0.55
gaussian_postrelu,2,1173,before,,1.0,recalibrated,8,0.1,-1,1.1422460327148438,0.577,1.159982177734375,0.567
gaussian_postrelu,2,1173,before,,1.0,recalibrated,8,0.2,1,1.4602180786132812,0.478,1.5430843505859375,0.47
gaussian_postrelu,2,1173,before,,1.0,recalibrated,8,0.2,-1,1.3991453857421876,0.495,1.3428892822265626,0.512
gaussian_postrelu,2,1173,before,,1.0,recalibrated,8,0.25,1,1.636371826171875,0.416,1.7200791015625,0.399
gaussian_postrelu,2,1173,before,,1.0,recalibrated,8,0.25,-1,1.5426572265625,0.449,1.4761378173828126,0.471
gaussian_postrelu,2,1173,after,,0.85,recalibrated,8,0.025,1,1.0870737915039062,0.6,1.1389440307617187,0.574
gaussian_postrelu,2,1173,after,,0.85,recalibrated,8,0.025,-1,1.073930908203125,0.617,1.1194793701171875,0.591
gaussian_postrelu,2,1173,after,,0.85,recalibrated,8,0.05,1,1.1104443359375,0.588,1.16486572265625,0.562
gaussian_postrelu,2,1173,after,,0.85,recalibrated,8,0.05,-1,1.084406005859375,0.612,1.1248583374023438,0.587
gaussian_postrelu,2,1173,after,,0.85,recalibrated,8,0.1,1,1.186574462890625,0.558,1.2452100219726563,0.542
gaussian_postrelu,2,1173,after,,0.85,recalibrated,8,0.1,-1,1.1372639770507813,0.583,1.157928466796875,0.582
gaussian_postrelu,2,1173,after,,0.85,recalibrated,8,0.2,1,1.4471333618164062,0.474,1.5257395629882813,0.455
gaussian_postrelu,2,1173,after,,0.85,recalibrated,8,0.2,-1,1.3660075073242188,0.507,1.3274246215820313,0.521
gaussian_postrelu,2,1173,after,,0.85,recalibrated,8,0.25,1,1.6136175537109374,0.416,1.6960166625976563,0.393
gaussian_postrelu,2,1173,after,,0.85,recalibrated,8,0.25,-1,1.5039801025390624,0.454,1.4511290283203124,0.481
gaussian_postrelu,2,1173,final,,0.0,recalibrated,8,0.025,1,1.8832656860351562,0.272,1.8770988159179687,0.266
gaussian_postrelu,2,1173,final,,0.0,recalibrated,8,0.025,-1,1.8732462158203125,0.284,1.860736328125,0.273
gaussian_postrelu,2,1173,final,,0.0,recalibrated,8,0.05,1,1.8944259033203126,0.273,1.890443603515625,0.274
gaussian_postrelu,2,1173,final,,0.0,recalibrated,8,0.05,-1,1.8753885498046876,0.281,1.859443359375,0.267
gaussian_postrelu,2,1173,final,,0.0,recalibrated,8,0.1,1,1.9291728515625,0.258,1.9305662841796876,0.253
gaussian_postrelu,2,1173,final,,0.0,recalibrated,8,0.1,-1,1.8915322265625,0.27,1.8706509399414062,0.266
gaussian_postrelu,2,1173,final,,0.0,recalibrated,8,0.2,1,2.0353631591796875,0.209,2.048517333984375,0.212
gaussian_postrelu,2,1173,final,,0.0,recalibrated,8,0.2,-1,1.9565821533203125,0.255,1.9299720458984375,0.236
gaussian_postrelu,2,1173,final,,0.0,recalibrated,8,0.25,1,2.0948363037109377,0.189,2.11400732421875,0.187
gaussian_postrelu,2,1173,final,,0.0,recalibrated,8,0.25,-1,1.9998245849609375,0.244,1.971906494140625,0.233
gaussian_postrelu,2,1173,before,,1.0,recalibrated,9,0.025,1,1.0894288330078126,0.606,1.1401058959960937,0.576
gaussian_postrelu,2,1173,before,,1.0,recalibrated,9,0.025,-1,1.0567741088867189,0.623,1.1148800659179687,0.587
gaussian_postrelu,2,1173,before,,1.0,recalibrated,9,0.05,1,1.1409080810546874,0.584,1.1782467041015625,0.558
gaussian_postrelu,2,1173,before,,1.0,recalibrated,9,0.05,-1,1.07037158203125,0.605,1.1274114990234374,0.589
gaussian_postrelu,2,1173,before,,1.0,recalibrated,9,0.1,1,1.3117249755859375,0.523,1.3230588989257812,0.513
gaussian_postrelu,2,1173,before,,1.0,recalibrated,9,0.1,-1,1.1589592895507812,0.569,1.208536376953125,0.56
gaussian_postrelu,2,1173,before,,1.0,recalibrated,9,0.2,1,1.6739902954101562,0.421,1.6396107788085938,0.441
gaussian_postrelu,2,1173,before,,1.0,recalibrated,9,0.2,-1,1.4780376586914064,0.469,1.5226141967773437,0.447
gaussian_postrelu,2,1173,before,,1.0,recalibrated,9,0.25,1,1.8427824096679688,0.372,1.8077059326171876,0.38
gaussian_postrelu,2,1173,before,,1.0,recalibrated,9,0.25,-1,1.6912249755859374,0.374,1.7334429931640625,0.375
gaussian_postrelu,2,1173,after,,0.85,recalibrated,9,0.025,1,1.0996390991210938,0.604,1.142992919921875,0.577
gaussian_postrelu,2,1173,after,,0.85,recalibrated,9,0.025,-1,1.0698367919921874,0.614,1.1212080688476562,0.588
gaussian_postrelu,2,1173,after,,0.85,recalibrated,9,0.05,1,1.1450311279296874,0.591,1.1771246337890624,0.567
gaussian_postrelu,2,1173,after,,0.85,recalibrated,9,0.05,-1,1.082395263671875,0.613,1.1339537353515625,0.589
gaussian_postrelu,2,1173,after,,0.85,recalibrated,9,0.1,1,1.2990672607421876,0.526,1.3081209716796875,0.526
gaussian_postrelu,2,1173,after,,0.85,recalibrated,9,0.1,-1,1.1629047241210937,0.58,1.2113462524414063,0.57
gaussian_postrelu,2,1173,after,,0.85,recalibrated,9,0.2,1,1.6384996337890625,0.411,1.6078912963867187,0.443
gaussian_postrelu,2,1173,after,,0.85,recalibrated,9,0.2,-1,1.4675438842773438,0.473,1.5144241943359376,0.445
gaussian_postrelu,2,1173,after,,0.85,recalibrated,9,0.25,1,1.796191650390625,0.378,1.7642689208984375,0.371
gaussian_postrelu,2,1173,after,,0.85,recalibrated,9,0.25,-1,1.668420166015625,0.382,1.7090360717773438,0.396
gaussian_postrelu,2,1173,final,,0.0,recalibrated,9,0.025,1,1.8793204345703125,0.274,1.8713868408203125,0.267
gaussian_postrelu,2,1173,final,,0.0,recalibrated,9,0.025,-1,1.8764619750976563,0.285,1.8684421997070313,0.268
gaussian_postrelu,2,1173,final,,0.0,recalibrated,9,0.05,1,1.8886207885742188,0.266,1.8824055786132812,0.264
gaussian_postrelu,2,1173,final,,0.0,recalibrated,9,0.05,-1,1.8819146118164063,0.276,1.8736421508789063,0.281
gaussian_postrelu,2,1173,final,,0.0,recalibrated,9,0.1,1,1.9285250244140626,0.263,1.9226024780273439,0.249
gaussian_postrelu,2,1173,final,,0.0,recalibrated,9,0.1,-1,1.9088134765625,0.266,1.9035452880859376,0.267
gaussian_postrelu,2,1173,final,,0.0,recalibrated,9,0.2,1,2.050677001953125,0.221,2.0554158935546876,0.211
gaussian_postrelu,2,1173,final,,0.0,recalibrated,9,0.2,-1,2.0012568969726563,0.226,2.00102294921875,0.226
gaussian_postrelu,2,1173,final,,0.0,recalibrated,9,0.25,1,2.120717041015625,0.199,2.1323096923828126,0.2
gaussian_postrelu,2,1173,final,,0.0,recalibrated,9,0.25,-1,2.0593154296875,0.196,2.0576390380859375,0.204
gaussian_postrelu,2,8211,before,,0.3,saved,,0.0,0,0.33335487365722655,0.889,0.5919400939941406,0.8
gaussian_postrelu,2,8211,before,,0.3,recalibrated,,0.0,0,0.3285268402099609,0.894,0.5877836608886718,0.801
gaussian_postrelu,2,8211,before,,0.3,recalibrated,0,0.025,1,0.35064720153808593,0.883,0.5970350036621094,0.792
gaussian_postrelu,2,8211,before,,0.3,recalibrated,0,0.025,-1,0.3404971618652344,0.887,0.5992742919921875,0.801
gaussian_postrelu,2,8211,before,,0.3,recalibrated,0,0.05,1,0.4096764221191406,0.863,0.6272453002929688,0.774
gaussian_postrelu,2,8211,before,,0.3,recalibrated,0,0.05,-1,0.3880418701171875,0.866,0.63492333984375,0.787
gaussian_postrelu,2,8211,before,,0.3,recalibrated,0,0.1,1,0.6071159973144531,0.803,0.7712066650390625,0.732
gaussian_postrelu,2,8211,before,,0.3,recalibrated,0,0.1,-1,0.5737583618164063,0.798,0.8035951843261718,0.722
gaussian_postrelu,2,8211,before,,0.3,recalibrated,0,0.2,1,1.2269722900390625,0.613,1.3309583129882812,0.579
gaussian_postrelu,2,8211,before,,0.3,recalibrated,0,0.2,-1,1.0801549072265626,0.621,1.27581494140625,0.606
gaussian_postrelu,2,8211,before,,0.3,recalibrated,0,0.25,1,1.592239990234375,0.516,1.6624579467773437,0.477
gaussian_postrelu,2,8211,before,,0.3,recalibrated,0,0.25,-1,1.3723117065429689,0.55,1.5394302978515626,0.518
gaussian_postrelu,2,8211,after,,0.0,saved,,0.0,0,0.34216349792480466,0.887,0.5970285034179688,0.8
gaussian_postrelu,2,8211,after,,0.0,recalibrated,,0.0,0,0.3350227813720703,0.891,0.5922714233398437,0.799
gaussian_postrelu,2,8211,after,,0.0,recalibrated,0,0.025,1,0.35708729553222657,0.885,0.6013846435546875,0.79
gaussian_postrelu,2,8211,after,,0.0,recalibrated,0,0.025,-1,0.34713531494140626,0.886,0.6037427978515625,0.802
gaussian_postrelu,2,8211,after,,0.0,recalibrated,0,0.05,1,0.41670828247070313,0.862,0.632790771484375,0.771
gaussian_postrelu,2,8211,after,,0.0,recalibrated,0,0.05,-1,0.3951867065429687,0.862,0.6402431030273438,0.78
gaussian_postrelu,2,8211,after,,0.0,recalibrated,0,0.1,1,0.6148755798339843,0.798,0.7768605041503907,0.73
gaussian_postrelu,2,8211,after,,0.0,recalibrated,0,0.1,-1,0.581841796875,0.797,0.8099574584960938,0.722
gaussian_postrelu,2,8211,after,,0.0,recalibrated,0,0.2,1,1.2346085205078126,0.614,1.3350009765625,0.574
gaussian_postrelu,2,8211,after,,0.0,recalibrated,0,0.2,-1,1.0867900085449218,0.62,1.2780226440429687,0.599
gaussian_postrelu,2,8211,after,,0.0,recalibrated,0,0.25,1,1.597798828125,0.51,1.6655820922851563,0.47
gaussian_postrelu,2,8211,after,,0.0,recalibrated,0,0.25,-1,1.3756292114257813,0.542,1.53705322265625,0.52
gaussian_postrelu,2,8211,before,,0.3,recalibrated,1,0.025,1,0.3419945526123047,0.885,0.5980672912597657,0.796
gaussian_postrelu,2,8211,before,,0.3,recalibrated,1,0.025,-1,0.33214524841308596,0.892,0.5919657592773437,0.796
gaussian_postrelu,2,8211,before,,0.3,recalibrated,1,0.05,1,0.37333604431152345,0.867,0.618188232421875,0.79
gaussian_postrelu,2,8211,before,,0.3,recalibrated,1,0.05,-1,0.35397508239746095,0.879,0.6067467041015625,0.786
gaussian_postrelu,2,8211,before,,0.3,recalibrated,1,0.1,1,0.49847525024414063,0.825,0.7244251708984375,0.77
gaussian_postrelu,2,8211,before,,0.3,recalibrated,1,0.1,-1,0.45409048461914064,0.838,0.6770028991699218,0.768
gaussian_postrelu,2,8211,before,,0.3,recalibrated,1,0.2,1,1.051920166015625,0.651,1.2135784912109375,0.615
gaussian_postrelu,2,8211,before,,0.3,recalibrated,1,0.2,-1,0.8293424072265625,0.724,0.9727756652832031,0.674
gaussian_postrelu,2,8211,before,,0.3,recalibrated,1,0.25,1,1.4016846923828126,0.563,1.5213250122070312,0.526
gaussian_postrelu,2,8211,before,,0.3,recalibrated,1,0.25,-1,1.1083309326171875,0.635,1.226676513671875,0.585
gaussian_postrelu,2,8211,after,,0.0,recalibrated,1,0.025,1,0.3492620391845703,0.884,0.6029164733886718,0.797
gaussian_postrelu,2,8211,after,,0.0,recalibrated,1,0.025,-1,0.33837774658203124,0.891,0.5963912048339843,0.79
gaussian_postrelu,2,8211,after,,0.0,recalibrated,1,0.05,1,0.3812246398925781,0.864,0.62368017578125,0.786
gaussian_postrelu,2,8211,after,,0.0,recalibrated,1,0.05,-1,0.36080747985839845,0.878,0.6118918762207032,0.782
gaussian_postrelu,2,8211,after,,0.0,recalibrated,1,0.1,1,0.506140625,0.821,0.7303631591796875,0.765
gaussian_postrelu,2,8211,after,,0.0,recalibrated,1,0.1,-1,0.46142771911621094,0.834,0.6813511657714844,0.765
gaussian_postrelu,2,8211,after,,0.0,recalibrated,1,0.2,1,1.0547470703125,0.642,1.2145933837890626,0.614
gaussian_postrelu,2,8211,after,,0.0,recalibrated,1,0.2,-1,0.8368499755859375,0.722,0.9818071594238281,0.662
gaussian_postrelu,2,8211,after,,0.0,recalibrated,1,0.25,1,1.403451171875,0.562,1.5204328002929688,0.519
gaussian_postrelu,2,8211,after,,0.0,recalibrated,1,0.25,-1,1.1174046020507813,0.636,1.2357503662109375,0.583
gaussian_postrelu,2,8211,before,,0.3,recalibrated,2,0.025,1,0.33469706726074216,0.893,0.5971614685058594,0.799
gaussian_postrelu,2,8211,before,,0.3,recalibrated,2,0.025,-1,0.34149627685546874,0.885,0.5926748046875,0.802
gaussian_postrelu,2,8211,before,,0.3,recalibrated,2,0.05,1,0.36476779174804685,0.877,0.6202699584960938,0.79
gaussian_postrelu,2,8211,before,,0.3,recalibrated,2,0.05,-1,0.3721951904296875,0.871,0.6106880798339843,0.796
gaussian_postrelu,2,8211,before,,0.3,recalibrated,2,0.1,1,0.49042941284179686,0.828,0.7139974975585938,0.753
gaussian_postrelu,2,8211,before,,0.3,recalibrated,2,0.1,-1,0.4780796813964844,0.833,0.6859781799316407,0.782
gaussian_postrelu,2,8211,before,,0.3,recalibrated,2,0.2,1,0.9914528503417969,0.669,1.14914990234375,0.648
gaussian_postrelu,2,8211,before,,0.3,recalibrated,2,0.2,-1,0.895194091796875,0.701,1.0367835693359375,0.649
gaussian_postrelu,2,8211,before,,0.3,recalibrated,2,0.25,1,1.33239013671875,0.567,1.4907999877929687,0.553
gaussian_postrelu,2,8211,before,,0.3,recalibrated,2,0.25,-1,1.2053309326171875,0.601,1.3075724487304687,0.573
gaussian_postrelu,2,8211,after,,0.0,recalibrated,2,0.025,1,0.341962646484375,0.889,0.601562255859375,0.794
gaussian_postrelu,2,8211,after,,0.0,recalibrated,2,0.025,-1,0.34795664978027346,0.887,0.5979929809570312,0.797
gaussian_postrelu,2,8211,after,,0.0,recalibrated,2,0.05,1,0.37232154846191406,0.877,0.6244903564453125,0.787
gaussian_postrelu,2,8211,after,,0.0,recalibrated,2,0.05,-1,0.37881787109375,0.875,0.6156162109375,0.792
gaussian_postrelu,2,8211,after,,0.0,recalibrated,2,0.1,1,0.5000992431640625,0.829,0.7185357971191406,0.753
gaussian_postrelu,2,8211,after,,0.0,recalibrated,2,0.1,-1,0.4861082000732422,0.821,0.6925345458984375,0.771
gaussian_postrelu,2,8211,after,,0.0,recalibrated,2,0.2,1,1.0031665649414063,0.661,1.1531309814453126,0.642
gaussian_postrelu,2,8211,after,,0.0,recalibrated,2,0.2,-1,0.9024219970703125,0.696,1.04302587890625,0.649
gaussian_postrelu,2,8211,after,,0.0,recalibrated,2,0.25,1,1.34099072265625,0.56,1.4946875,0.547
gaussian_postrelu,2,8211,after,,0.0,recalibrated,2,0.25,-1,1.209873291015625,0.599,1.3114254150390625,0.572
gaussian_postrelu,2,8211,before,,0.3,recalibrated,3,0.025,1,0.3320665283203125,0.891,0.5835357055664062,0.799
gaussian_postrelu,2,8211,before,,0.3,recalibrated,3,0.025,-1,0.33940988159179686,0.894,0.5987881469726563,0.797
gaussian_postrelu,2,8211,before,,0.3,recalibrated,3,0.05,1,0.3493636932373047,0.884,0.5886400756835938,0.801
gaussian_postrelu,2,8211,before,,0.3,recalibrated,3,0.05,-1,0.36602389526367185,0.878,0.6169496154785157,0.786
gaussian_postrelu,2,8211,before,,0.3,recalibrated,3,0.1,1,0.4269123687744141,0.847,0.6434670715332031,0.783
gaussian_postrelu,2,8211,before,,0.3,recalibrated,3,0.1,-1,0.47237110900878904,0.833,0.6975316772460938,0.77
gaussian_postrelu,2,8211,before,,0.3,recalibrated,3,0.2,1,0.7493568725585937,0.736,0.973691162109375,0.684
gaussian_postrelu,2,8211,before,,0.3,recalibrated,3,0.2,-1,0.834984375,0.73,0.9932214965820313,0.682
gaussian_postrelu,2,8211,before,,0.3,recalibrated,3,0.25,1,1.0056962585449218,0.647,1.1989400024414063,0.627
gaussian_postrelu,2,8211,before,,0.3,recalibrated,3,0.25,-1,1.0538049926757813,0.653,1.1702252807617188,0.645
gaussian_postrelu,2,8211,after,,0.0,recalibrated,3,0.025,1,0.33934423828125,0.891,0.587449462890625,0.797
gaussian_postrelu,2,8211,after,,0.0,recalibrated,3,0.025,-1,0.3459087982177734,0.894,0.6040024108886719,0.797
gaussian_postrelu,2,8211,after,,0.0,recalibrated,3,0.05,1,0.35667755126953127,0.884,0.5929089050292968,0.797
gaussian_postrelu,2,8211,after,,0.0,recalibrated,3,0.05,-1,0.3729662170410156,0.88,0.6224401550292968,0.788
gaussian_postrelu,2,8211,after,,0.0,recalibrated,3,0.1,1,0.43519436645507814,0.846,0.6485150756835938,0.786
gaussian_postrelu,2,8211,after,,0.0,recalibrated,3,0.1,-1,0.4802512512207031,0.834,0.7033097534179688,0.764
gaussian_postrelu,2,8211,after,,0.0,recalibrated,3,0.2,1,0.7618147277832031,0.727,0.9808062133789063,0.682
gaussian_postrelu,2,8211,after,,0.0,recalibrated,3,0.2,-1,0.8420488891601563,0.724,0.9991804809570313,0.676
gaussian_postrelu,2,8211,after,,0.0,recalibrated,3,0.25,1,1.0213422241210937,0.636,1.2076746826171876,0.623
gaussian_postrelu,2,8211,after,,0.0,recalibrated,3,0.25,-1,1.0576915283203125,0.653,1.1737818603515624,0.644
gaussian_postrelu,2,8211,before,,0.3,recalibrated,4,0.025,1,0.3624573974609375,0.879,0.6002241821289063,0.798
gaussian_postrelu,2,8211,before,,0.3,recalibrated,4,0.025,-1,0.32263272094726564,0.898,0.6008445129394532,0.799
gaussian_postrelu,2,8211,before,,0.3,recalibrated,4,0.05,1,0.4315999298095703,0.847,0.6462022094726563,0.782
gaussian_postrelu,2,8211,before,,0.3,recalibrated,4,0.05,-1,0.3451249084472656,0.883,0.6366094970703124,0.789
gaussian_postrelu,2,8211,before,,0.3,recalibrated,4,0.1,1,0.6493986206054687,0.776,0.8394550476074218,0.734
gaussian_postrelu,2,8211,before,,0.3,recalibrated,4,0.1,-1,0.48983953857421875,0.823,0.7923531799316407,0.747
gaussian_postrelu,2,8211,before,,0.3,recalibrated,4,0.2,1,1.4078967895507812,0.58,1.51969970703125,0.552
gaussian_postrelu,2,8211,before,,0.3,recalibrated,4,0.2,-1,1.0401522216796875,0.659,1.3385616455078124,0.59
gaussian_postrelu,2,8211,before,,0.3,recalibrated,4,0.25,1,1.8205342407226563,0.479,1.9275779418945314,0.468
gaussian_postrelu,2,8211,before,,0.3,recalibrated,4,0.25,-1,1.4238518676757812,0.547,1.6833451538085937,0.496
gaussian_postrelu,2,8211,after,,0.0,recalibrated,4,0.025,1,0.3695420379638672,0.879,0.6049545593261719,0.79
gaussian_postrelu,2,8211,after,,0.0,recalibrated,4,0.025,-1,0.3293753967285156,0.899,0.6044535522460938,0.798
gaussian_postrelu,2,8211,after,,0.0,recalibrated,4,0.05,1,0.43852389526367186,0.846,0.651057373046875,0.777
gaussian_postrelu,2,8211,after,,0.0,recalibrated,4,0.05,-1,0.352143310546875,0.881,0.6401725463867187,0.791
gaussian_postrelu,2,8211,after,,0.0,recalibrated,4,0.1,1,0.6558875122070312,0.77,0.8436775817871094,0.726
gaussian_postrelu,2,8211,after,,0.0,recalibrated,4,0.1,-1,0.4981743011474609,0.824,0.7977684631347656,0.748
gaussian_postrelu,2,8211,after,,0.0,recalibrated,4,0.2,1,1.4076715087890626,0.574,1.515435546875,0.551
gaussian_postrelu,2,8211,after,,0.0,recalibrated,4,0.2,-1,1.0476918334960938,0.658,1.3418607177734374,0.585
gaussian_postrelu,2,8211,after,,0.0,recalibrated,4,0.25,1,1.8143944091796875,0.476,1.9191197509765625,0.463
gaussian_postrelu,2,8211,after,,0.0,recalibrated,4,0.25,-1,1.4285330810546875,0.542,1.6831070556640626,0.498
gaussian_postrelu,2,8211,before,,0.3,recalibrated,5,0.025,1,0.34399186706542967,0.884,0.604859375,0.802
gaussian_postrelu,2,8211,before,,0.3,recalibrated,5,0.025,-1,0.3484869842529297,0.887,0.5995747680664063,0.788
gaussian_postrelu,2,8211,before,,0.3,recalibrated,5,0.05,1,0.4061866455078125,0.856,0.670282470703125,0.782
gaussian_postrelu,2,8211,before,,0.3,recalibrated,5,0.05,-1,0.4140218505859375,0.862,0.6434418334960937,0.776
gaussian_postrelu,2,8211,before,,0.3,recalibrated,5,0.1,1,0.6477555236816406,0.785,0.914203857421875,0.703
gaussian_postrelu,2,8211,before,,0.3,recalibrated,5,0.1,-1,0.66169384765625,0.775,0.8473140258789063,0.729
gaussian_postrelu,2,8211,before,,0.3,recalibrated,5,0.2,1,1.324624267578125,0.578,1.5382692260742188,0.517
gaussian_postrelu,2,8211,before,,0.3,recalibrated,5,0.2,-1,1.3367513427734374,0.585,1.4638433837890625,0.589
gaussian_postrelu,2,8211,before,,0.3,recalibrated,5,0.25,1,1.616588134765625,0.495,1.8084195556640625,0.427
gaussian_postrelu,2,8211,before,,0.3,recalibrated,5,0.25,-1,1.7039381103515625,0.482,1.7632774047851563,0.516
gaussian_postrelu,2,8211,after,,0.0,recalibrated,5,0.025,1,0.35068896484375,0.885,0.6097466125488281,0.798
gaussian_postrelu,2,8211,after,,0.0,recalibrated,5,0.025,-1,0.35497169494628905,0.887,0.6036178894042968,0.784
gaussian_postrelu,2,8211,after,,0.0,recalibrated,5,0.05,1,0.41401025390625,0.854,0.6753408813476562,0.777
gaussian_postrelu,2,8211,after,,0.0,recalibrated,5,0.05,-1,0.4208889617919922,0.858,0.6475836791992188,0.777
gaussian_postrelu,2,8211,after,,0.0,recalibrated,5,0.1,1,0.6562420959472657,0.782,0.9207573547363281,0.697
gaussian_postrelu,2,8211,after,,0.0,recalibrated,5,0.1,-1,0.6682947387695313,0.776,0.8504806518554687,0.728
gaussian_postrelu,2,8211,after,,0.0,recalibrated,5,0.2,1,1.326759765625,0.574,1.5346148071289063,0.517
gaussian_postrelu,2,8211,after,,0.0,recalibrated,5,0.2,-1,1.3348460693359374,0.581,1.45919091796875,0.587
gaussian_postrelu,2,8211,after,,0.0,recalibrated,5,0.25,1,1.6149717407226563,0.491,1.8021409912109374,0.424
gaussian_postrelu,2,8211,after,,0.0,recalibrated,5,0.25,-1,1.69628955078125,0.487,1.7529917602539062,0.513
gaussian_postrelu,2,8211,before,,0.3,recalibrated,6,0.025,1,0.3428729705810547,0.89,0.6049202270507813,0.792
gaussian_postrelu,2,8211,before,,0.3,recalibrated,6,0.025,-1,0.3432812805175781,0.889,0.5973074340820312,0.801
gaussian_postrelu,2,8211,before,,0.3,recalibrated,6,0.05,1,0.3914587860107422,0.871,0.6427754211425781,0.778
gaussian_postrelu,2,8211,before,,0.3,recalibrated,6,0.05,-1,0.39822505187988283,0.862,0.6354657287597656,0.788
gaussian_postrelu,2,8211,before,,0.3,recalibrated,6,0.1,1,0.5599319458007812,0.817,0.7964176940917969,0.732
gaussian_postrelu,2,8211,before,,0.3,recalibrated,6,0.1,-1,0.6430675354003906,0.772,0.8533006591796874,0.714
gaussian_postrelu,2,8211,before,,0.3,recalibrated,6,0.2,1,1.0918433837890624,0.638,1.261453369140625,0.601
gaussian_postrelu,2,8211,before,,0.3,recalibrated,6,0.2,-1,1.3155298461914062,0.589,1.50978564453125,0.539
gaussian_postrelu,2,8211,before,,0.3,recalibrated,6,0.25,1,1.435247314453125,0.535,1.523349365234375,0.54
gaussian_postrelu,2,8211,before,,0.3,recalibrated,6,0.25,-1,1.6209246826171875,0.496,1.8066914672851562,0.465
gaussian_postrelu,2,8211,after,,0.0,recalibrated,6,0.025,1,0.34969401550292967,0.891,0.6095806274414063,0.787
gaussian_postrelu,2,8211,after,,0.0,recalibrated,6,0.025,-1,0.35063723754882814,0.886,0.6022200622558593,0.796
gaussian_postrelu,2,8211,after,,0.0,recalibrated,6,0.05,1,0.39902655029296874,0.872,0.6480784301757813,0.775
gaussian_postrelu,2,8211,after,,0.0,recalibrated,6,0.05,-1,0.40659609985351564,0.861,0.6399772644042969,0.785
gaussian_postrelu,2,8211,after,,0.0,recalibrated,6,0.1,1,0.5687794952392579,0.813,0.8028073120117187,0.726
gaussian_postrelu,2,8211,after,,0.0,recalibrated,6,0.1,-1,0.6496686706542969,0.772,0.8585706787109375,0.715
gaussian_postrelu,2,8211,after,,0.0,recalibrated,6,0.2,1,1.1017893676757813,0.629,1.2667578735351563,0.59
gaussian_postrelu,2,8211,after,,0.0,recalibrated,6,0.2,-1,1.316446044921875,0.587,1.5080046997070313,0.538
gaussian_postrelu,2,8211,after,,0.0,recalibrated,6,0.25,1,1.4443408203125,0.53,1.524171142578125,0.532
gaussian_postrelu,2,8211,after,,0.0,recalibrated,6,0.25,-1,1.617896728515625,0.498,1.8003734130859375,0.471
gaussian_postrelu,2,8211,before,,0.3,recalibrated,7,0.025,1,0.34676963806152344,0.883,0.589359375,0.805
gaussian_postrelu,2,8211,before,,0.3,recalibrated,7,0.025,-1,0.33589154052734377,0.89,0.6090904541015625,0.796
gaussian_postrelu,2,8211,before,,0.3,recalibrated,7,0.05,1,0.39107351684570313,0.859,0.6177176818847656,0.793
gaussian_postrelu,2,8211,before,,0.3,recalibrated,7,0.05,-1,0.37002828979492186,0.875,0.647684326171875,0.784
gaussian_postrelu,2,8211,before,,0.3,recalibrated,7,0.1,1,0.6000696411132812,0.788,0.7746295166015625,0.74
gaussian_postrelu,2,8211,before,,0.3,recalibrated,7,0.1,-1,0.5285631713867187,0.809,0.782492431640625,0.731
gaussian_postrelu,2,8211,before,,0.3,recalibrated,7,0.2,1,1.2952197265625,0.615,1.4473772583007813,0.594
gaussian_postrelu,2,8211,before,,0.3,recalibrated,7,0.2,-1,1.22727880859375,0.61,1.4182675170898438,0.562
gaussian_postrelu,2,8211,before,,0.3,recalibrated,7,0.25,1,1.6391007690429686,0.545,1.808699951171875,0.508
gaussian_postrelu,2,8211,before,,0.3,recalibrated,7,0.25,-1,1.665845947265625,0.495,1.8188922119140625,0.471
gaussian_postrelu,2,8211,after,,0.0,recalibrated,7,0.025,1,0.3532318115234375,0.887,0.5941522827148438,0.806
gaussian_postrelu,2,8211,after,,0.0,recalibrated,7,0.025,-1,0.34308212280273437,0.889,0.6128055114746094,0.79
gaussian_postrelu,2,8211,after,,0.0,recalibrated,7,0.05,1,0.39838539123535155,0.864,0.62287255859375,0.784
gaussian_postrelu,2,8211,after,,0.0,recalibrated,7,0.05,-1,0.3782353973388672,0.872,0.651670166015625,0.78
gaussian_postrelu,2,8211,after,,0.0,recalibrated,7,0.1,1,0.606011474609375,0.789,0.7792564697265625,0.741
gaussian_postrelu,2,8211,after,,0.0,recalibrated,7,0.1,-1,0.5392705078125,0.802,0.7881729431152343,0.73
gaussian_postrelu,2,8211,after,,0.0,recalibrated,7,0.2,1,1.29682666015625,0.615,1.4430625610351562,0.593
gaussian_postrelu,2,8211,after,,0.0,recalibrated,7,0.2,-1,1.2359796142578126,0.601,1.4245775756835937,0.558
gaussian_postrelu,2,8211,after,,0.0,recalibrated,7,0.25,1,1.6354420166015624,0.545,1.80140869140625,0.506
gaussian_postrelu,2,8211,after,,0.0,recalibrated,7,0.25,-1,1.6694994506835938,0.483,1.82018701171875,0.464
gaussian_postrelu,2,8211,before,,0.3,recalibrated,8,0.025,1,0.328845458984375,0.895,0.5837582397460938,0.804
gaussian_postrelu,2,8211,before,,0.3,recalibrated,8,0.025,-1,0.3427157897949219,0.883,0.6028095703125,0.793
gaussian_postrelu,2,8211,before,,0.3,recalibrated,8,0.05,1,0.3481258850097656,0.889,0.59026611328125,0.8
gaussian_postrelu,2,8211,before,,0.3,recalibrated,8,0.05,-1,0.37988815307617185,0.874,0.6381416625976563,0.781
gaussian_postrelu,2,8211,before,,0.3,recalibrated,8,0.1,1,0.46096148681640625,0.851,0.6642628173828125,0.78
gaussian_postrelu,2,8211,before,,0.3,recalibrated,8,0.1,-1,0.5416982574462891,0.805,0.7704664306640625,0.762
gaussian_postrelu,2,8211,before,,0.3,recalibrated,8,0.2,1,0.9848997192382812,0.685,1.0991205444335939,0.648
gaussian_postrelu,2,8211,before,,0.3,recalibrated,8,0.2,-1,1.0346310424804688,0.664,1.1919849853515625,0.633
gaussian_postrelu,2,8211,before,,0.3,recalibrated,8,0.25,1,1.32736669921875,0.577,1.44104931640625,0.558
gaussian_postrelu,2,8211,before,,0.3,recalibrated,8,0.25,-1,1.3025613403320313,0.595,1.449185791015625,0.555
gaussian_postrelu,2,8211,after,,0.0,recalibrated,8,0.025,1,0.3356591796875,0.895,0.5884098815917969,0.803
gaussian_postrelu,2,8211,after,,0.0,recalibrated,8,0.025,-1,0.34959605407714844,0.882,0.6072120971679688,0.792
gaussian_postrelu,2,8211,after,,0.0,recalibrated,8,0.05,1,0.3547210693359375,0.888,0.5960792541503906,0.798
gaussian_postrelu,2,8211,after,,0.0,recalibrated,8,0.05,-1,0.38777748107910154,0.871,0.6422256469726563,0.779
gaussian_postrelu,2,8211,after,,0.0,recalibrated,8,0.1,1,0.46779612731933595,0.846,0.6706213989257812,0.778
gaussian_postrelu,2,8211,after,,0.0,recalibrated,8,0.1,-1,0.5515557861328125,0.803,0.7757321472167968,0.76
gaussian_postrelu,2,8211,after,,0.0,recalibrated,8,0.2,1,0.9912876586914062,0.681,1.1080327758789061,0.641
gaussian_postrelu,2,8211,after,,0.0,recalibrated,8,0.2,-1,1.040902587890625,0.659,1.1959559936523438,0.629
gaussian_postrelu,2,8211,after,,0.0,recalibrated,8,0.25,1,1.334839599609375,0.577,1.4516907348632813,0.556
gaussian_postrelu,2,8211,after,,0.0,recalibrated,8,0.25,-1,1.3073081665039064,0.591,1.4496441040039063,0.551
gaussian_postrelu,2,8211,before,,0.3,recalibrated,9,0.025,1,0.34724745178222655,0.885,0.6013429260253906,0.8
gaussian_postrelu,2,8211,before,,0.3,recalibrated,9,0.025,-1,0.3314185485839844,0.893,0.5907816162109375,0.803
gaussian_postrelu,2,8211,before,,0.3,recalibrated,9,0.05,1,0.38893365478515624,0.869,0.6309623718261719,0.788
gaussian_postrelu,2,8211,before,,0.3,recalibrated,9,0.05,-1,0.36582302856445315,0.874,0.613681396484375,0.791
gaussian_postrelu,2,8211,before,,0.3,recalibrated,9,0.1,1,0.558614990234375,0.797,0.76334033203125,0.749
gaussian_postrelu,2,8211,before,,0.3,recalibrated,9,0.1,-1,0.5322409210205078,0.809,0.7508913879394531,0.74
gaussian_postrelu,2,8211,before,,0.3,recalibrated,9,0.2,1,1.1386448974609376,0.621,1.2201766357421875,0.606
gaussian_postrelu,2,8211,before,,0.3,recalibrated,9,0.2,-1,1.1656810913085938,0.617,1.3135476684570313,0.57
gaussian_postrelu,2,8211,before,,0.3,recalibrated,9,0.25,1,1.488697998046875,0.525,1.5269837036132812,0.516
gaussian_postrelu,2,8211,before,,0.3,recalibrated,9,0.25,-1,1.5269298095703125,0.535,1.6557584838867188,0.483
gaussian_postrelu,2,8211,after,,0.0,recalibrated,9,0.025,1,0.3544220733642578,0.885,0.6065258178710937,0.796
gaussian_postrelu,2,8211,after,,0.0,recalibrated,9,0.025,-1,0.33808212280273436,0.89,0.5950712890625,0.803
gaussian_postrelu,2,8211,after,,0.0,recalibrated,9,0.05,1,0.3963815307617187,0.866,0.6362104187011719,0.782
gaussian_postrelu,2,8211,after,,0.0,recalibrated,9,0.05,-1,0.3729145050048828,0.872,0.6183977966308594,0.786
gaussian_postrelu,2,8211,after,,0.0,recalibrated,9,0.1,1,0.5677325439453125,0.794,0.770280517578125,0.744
gaussian_postrelu,2,8211,after,,0.0,recalibrated,9,0.1,-1,0.540907470703125,0.802,0.756384765625,0.74
gaussian_postrelu,2,8211,after,,0.0,recalibrated,9,0.2,1,1.146430419921875,0.616,1.228539306640625,0.598
gaussian_postrelu,2,8211,after,,0.0,recalibrated,9,0.2,-1,1.1673663940429688,0.618,1.313244140625,0.565
gaussian_postrelu,2,8211,after,,0.0,recalibrated,9,0.25,1,1.4966512451171874,0.52,1.5305409545898438,0.508
gaussian_postrelu,2,8211,after,,0.0,recalibrated,9,0.25,-1,1.5225709228515625,0.529,1.6477489013671875,0.482
resolution_max_b1,2,2346,before,16,,saved,,0.0,0,0.7674596557617187,0.71,0.9331883544921875,0.671
resolution_max_b1,2,2346,before,16,,recalibrated,,0.0,0,0.752070556640625,0.726,0.8985945434570313,0.674
resolution_max_b1,2,2346,before,16,,recalibrated,0,0.025,1,0.75293603515625,0.727,0.9032062683105468,0.68
resolution_max_b1,2,2346,before,16,,recalibrated,0,0.025,-1,0.7572341613769531,0.723,0.8976640319824218,0.682
resolution_max_b1,2,2346,before,16,,recalibrated,0,0.05,1,0.76183056640625,0.722,0.91170361328125,0.682
resolution_max_b1,2,2346,before,16,,recalibrated,0,0.05,-1,0.7683998718261719,0.714,0.901148193359375,0.689
resolution_max_b1,2,2346,before,16,,recalibrated,0,0.1,1,0.8038978881835938,0.7,0.943318603515625,0.675
resolution_max_b1,2,2346,before,16,,recalibrated,0,0.1,-1,0.8024818420410156,0.7,0.9263971252441406,0.672
resolution_max_b1,2,2346,before,16,,recalibrated,0,0.2,1,0.9629618225097656,0.647,1.0727871398925781,0.614
resolution_max_b1,2,2346,before,16,,recalibrated,0,0.2,-1,0.9259603881835937,0.659,1.032420654296875,0.632
resolution_max_b1,2,2346,before,16,,recalibrated,0,0.25,1,1.0850670166015626,0.599,1.1763208618164063,0.598
resolution_max_b1,2,2346,before,16,,recalibrated,0,0.25,-1,1.0181246337890626,0.633,1.1140328369140624,0.595
resolution_max_b1,2,2346,after,24,,saved,,0.0,0,1.0683145751953125,0.604,1.0900490112304688,0.599
resolution_max_b1,2,2346,after,24,,recalibrated,,0.0,0,0.9953250427246094,0.638,1.0336102905273437,0.624
resolution_max_b1,2,2346,after,24,,recalibrated,0,0.025,1,0.99478662109375,0.634,1.03684423828125,0.622
resolution_max_b1,2,2346,after,24,,recalibrated,0,0.025,-1,1.0021349487304687,0.64,1.034077880859375,0.634
resolution_max_b1,2,2346,after,24,,recalibrated,0,0.05,1,1.00038720703125,0.636,1.0437801513671876,0.616
resolution_max_b1,2,2346,after,24,,recalibrated,0,0.05,-1,1.0144288635253906,0.637,1.0389364624023438,0.63
resolution_max_b1,2,2346,after,24,,recalibrated,0,0.1,1,1.0292493896484376,0.621,1.072541778564453,0.621
resolution_max_b1,2,2346,after,24,,recalibrated,0,0.1,-1,1.0493167114257813,0.615,1.0640419311523437,0.619
resolution_max_b1,2,2346,after,24,,recalibrated,0,0.2,1,1.16723095703125,0.581,1.208689697265625,0.56
resolution_max_b1,2,2346,after,24,,recalibrated,0,0.2,-1,1.1666746215820312,0.558,1.1726749267578125,0.573
resolution_max_b1,2,2346,after,24,,recalibrated,0,0.25,1,1.2865686645507812,0.527,1.32189794921875,0.507
resolution_max_b1,2,2346,after,24,,recalibrated,0,0.25,-1,1.2542904663085936,0.529,1.25815478515625,0.53
resolution_max_b1,2,2346,r=32,32,,saved,,0.0,0,4.3150263671875,0.192,4.2557265625,0.191
resolution_max_b1,2,2346,r=32,32,,recalibrated,,0.0,0,1.5392723388671874,0.441,1.5741436157226563,0.415
resolution_max_b1,2,2346,r=32,32,,recalibrated,0,0.025,1,1.5431866455078125,0.448,1.5878657836914063,0.418
resolution_max_b1,2,2346,r=32,32,,recalibrated,0,0.025,-1,1.5378386840820313,0.442,1.5633487548828124,0.423
resolution_max_b1,2,2346,r=32,32,,recalibrated,0,0.05,1,1.551911865234375,0.445,1.60426220703125,0.411
resolution_max_b1,2,2346,r=32,32,,recalibrated,0,0.05,-1,1.538934814453125,0.443,1.5597221069335938,0.424
resolution_max_b1,2,2346,r=32,32,,recalibrated,0,0.1,1,1.5877988891601562,0.426,1.6440682373046875,0.396
resolution_max_b1,2,2346,r=32,32,,recalibrated,0,0.1,-1,1.5535731811523437,0.432,1.5785889282226562,0.412
resolution_max_b1,2,2346,r=32,32,,recalibrated,0,0.2,1,1.7319615478515624,0.363,1.7781017456054689,0.353
resolution_max_b1,2,2346,r=32,32,,recalibrated,0,0.2,-1,1.6414614868164064,0.393,1.6794608154296875,0.362
resolution_max_b1,2,2346,r=32,32,,recalibrated,0,0.25,1,1.8500328979492187,0.347,1.8870827026367187,0.316
resolution_max_b1,2,2346,r=32,32,,recalibrated,0,0.25,-1,1.7165892944335936,0.37,1.7626445922851564,0.328
resolution_max_b1,2,2346,before,16,,recalibrated,1,0.025,1,0.7636618957519531,0.716,0.9145805053710937,0.683
resolution_max_b1,2,2346,before,16,,recalibrated,1,0.025,-1,0.7509059143066407,0.73,0.8885670471191406,0.68
resolution_max_b1,2,2346,before,16,,recalibrated,1,0.05,1,0.7851702270507812,0.71,0.9373694458007813,0.669
resolution_max_b1,2,2346,before,16,,recalibrated,1,0.05,-1,0.7591195678710938,0.734,0.88580078125,0.685
resolution_max_b1,2,2346,before,16,,recalibrated,1,0.1,1,0.85701416015625,0.68,0.9988292236328125,0.648
resolution_max_b1,2,2346,before,16,,recalibrated,1,0.1,-1,0.8035581359863281,0.717,0.9071770935058594,0.677
resolution_max_b1,2,2346,before,16,,recalibrated,1,0.2,1,1.1026171264648437,0.607,1.2088226318359374,0.579
resolution_max_b1,2,2346,before,16,,recalibrated,1,0.2,-1,0.9895311889648437,0.652,1.0693156127929688,0.618
resolution_max_b1,2,2346,before,16,,recalibrated,1,0.25,1,1.2697783203125,0.551,1.3571632080078124,0.537
resolution_max_b1,2,2346,before,16,,recalibrated,1,0.25,-1,1.1379722900390625,0.61,1.2052389526367187,0.574
resolution_max_b1,2,2346,after,24,,recalibrated,1,0.025,1,1.0054470520019532,0.63,1.04641015625,0.626
resolution_max_b1,2,2346,after,24,,recalibrated,1,0.025,-1,0.9954234313964844,0.645,1.0285174560546875,0.628
resolution_max_b1,2,2346,after,24,,recalibrated,1,0.05,1,1.0256622619628906,0.626,1.066589324951172,0.616
resolution_max_b1,2,2346,after,24,,recalibrated,1,0.05,-1,1.004979705810547,0.655,1.0293106384277344,0.632
resolution_max_b1,2,2346,after,24,,recalibrated,1,0.1,1,1.093769775390625,0.589,1.127600830078125,0.593
resolution_max_b1,2,2346,after,24,,recalibrated,1,0.1,-1,1.0558673095703126,0.627,1.0564014892578124,0.619
resolution_max_b1,2,2346,after,24,,recalibrated,1,0.2,1,1.3441090087890626,0.5,1.340406494140625,0.525
resolution_max_b1,2,2346,after,24,,recalibrated,1,0.2,-1,1.2639664306640626,0.558,1.229416259765625,0.56
resolution_max_b1,2,2346,after,24,,recalibrated,1,0.25,1,1.519931640625,0.437,1.4890537109375,0.471
resolution_max_b1,2,2346,after,24,,recalibrated,1,0.25,-1,1.4151506958007813,0.504,1.3799537963867188,0.488
resolution_max_b1,2,2346,r=32,32,,recalibrated,1,0.025,1,1.54318408203125,0.443,1.5796621704101563,0.414
resolution_max_b1,2,2346,r=32,32,,recalibrated,1,0.025,-1,1.5424842529296876,0.449,1.572041748046875,0.427
resolution_max_b1,2,2346,r=32,32,,recalibrated,1,0.05,1,1.5554900512695313,0.443,1.5915553588867188,0.405
resolution_max_b1,2,2346,r=32,32,,recalibrated,1,0.05,-1,1.5516502685546876,0.447,1.5740491333007813,0.412
resolution_max_b1,2,2346,r=32,32,,recalibrated,1,0.1,1,1.6028079223632812,0.423,1.63510693359375,0.393
resolution_max_b1,2,2346,r=32,32,,recalibrated,1,0.1,-1,1.595115234375,0.416,1.5991895141601562,0.395
resolution_max_b1,2,2346,r=32,32,,recalibrated,1,0.2,1,1.8185498046875,0.354,1.8324640502929688,0.322
resolution_max_b1,2,2346,r=32,32,,recalibrated,1,0.2,-1,1.77981494140625,0.379,1.7701525268554688,0.343
resolution_max_b1,2,2346,r=32,32,,recalibrated,1,0.25,1,1.967684814453125,0.299,1.969979248046875,0.29
resolution_max_b1,2,2346,r=32,32,,recalibrated,1,0.25,-1,1.9009696044921875,0.338,1.897523681640625,0.305
resolution_max_b1,2,2346,before,16,,recalibrated,2,0.025,1,0.7550246887207032,0.724,0.9007433471679688,0.675
resolution_max_b1,2,2346,before,16,,recalibrated,2,0.025,-1,0.7588854064941406,0.717,0.903628173828125,0.676
resolution_max_b1,2,2346,before,16,,recalibrated,2,0.05,1,0.7675404663085937,0.719,0.9084903564453125,0.667
resolution_max_b1,2,2346,before,16,,recalibrated,2,0.05,-1,0.7742581176757812,0.716,0.9162839050292969,0.686
resolution_max_b1,2,2346,before,16,,recalibrated,2,0.1,1,0.8157434692382812,0.704,0.9451617431640625,0.658
resolution_max_b1,2,2346,before,16,,recalibrated,2,0.1,-1,0.8308636169433594,0.678,0.9650497741699219,0.664
resolution_max_b1,2,2346,before,16,,recalibrated,2,0.2,1,1.0062436218261719,0.648,1.1229815063476563,0.598
resolution_max_b1,2,2346,before,16,,recalibrated,2,0.2,-1,1.046775634765625,0.619,1.12924267578125,0.616
resolution_max_b1,2,2346,before,16,,recalibrated,2,0.25,1,1.1552599487304687,0.599,1.262273193359375,0.557
resolution_max_b1,2,2346,before,16,,recalibrated,2,0.25,-1,1.1915106201171874,0.58,1.24689794921875,0.582
resolution_max_b1,2,2346,after,24,,recalibrated,2,0.025,1,0.9992366943359375,0.645,1.035069091796875,0.626
resolution_max_b1,2,2346,after,24,,recalibrated,2,0.025,-1,1.0001777954101563,0.627,1.0393455505371094,0.627
resolution_max_b1,2,2346,after,24,,recalibrated,2,0.05,1,1.0112754821777343,0.639,1.043212646484375,0.627
resolution_max_b1,2,2346,after,24,,recalibrated,2,0.05,-1,1.0150132446289062,0.625,1.0524231567382814,0.631
resolution_max_b1,2,2346,after,24,,recalibrated,2,0.1,1,1.0641157836914064,0.625,1.0838904418945312,0.612
resolution_max_b1,2,2346,after,24,,recalibrated,2,0.1,-1,1.0714203491210939,0.599,1.0983250732421874,0.619
resolution_max_b1,2,2346,after,24,,recalibrated,2,0.2,1,1.273239013671875,0.541,1.2819065551757813,0.539
resolution_max_b1,2,2346,after,24,,recalibrated,2,0.2,-1,1.2769193115234374,0.531,1.2712461547851563,0.547
resolution_max_b1,2,2346,after,24,,recalibrated,2,0.25,1,1.4226345825195312,0.49,1.4315572509765624,0.48
resolution_max_b1,2,2346,after,24,,recalibrated,2,0.25,-1,1.4084204711914063,0.507,1.3967349853515625,0.507
resolution_max_b1,2,2346,r=32,32,,recalibrated,2,0.025,1,1.5406692504882813,0.446,1.5718497314453126,0.416
resolution_max_b1,2,2346,r=32,32,,recalibrated,2,0.025,-1,1.5475311279296875,0.437,1.5828561401367187,0.412
resolution_max_b1,2,2346,r=32,32,,recalibrated,2,0.05,1,1.55229443359375,0.443,1.5776334838867188,0.426
resolution_max_b1,2,2346,r=32,32,,recalibrated,2,0.05,-1,1.5656575317382813,0.43,1.6000474243164062,0.401
resolution_max_b1,2,2346,r=32,32,,recalibrated,2,0.1,1,1.6059930419921875,0.42,1.6236358032226563,0.418
resolution_max_b1,2,2346,r=32,32,,recalibrated,2,0.1,-1,1.6342645263671876,0.399,1.6597614135742187,0.379
resolution_max_b1,2,2346,r=32,32,,recalibrated,2,0.2,1,1.8560262451171874,0.344,1.8684132690429687,0.334
resolution_max_b1,2,2346,r=32,32,,recalibrated,2,0.2,-1,1.8659537963867188,0.34,1.8582425537109375,0.327
resolution_max_b1,2,2346,r=32,32,,recalibrated,2,0.25,1,2.021366760253906,0.29,2.0436760864257812,0.272
resolution_max_b1,2,2346,r=32,32,,recalibrated,2,0.25,-1,1.9908400268554687,0.306,1.975968505859375,0.301
resolution_max_b1,2,2346,before,16,,recalibrated,3,0.025,1,0.7542314147949218,0.724,0.9015123291015625,0.68
resolution_max_b1,2,2346,before,16,,recalibrated,3,0.025,-1,0.7576139831542968,0.724,0.9005389099121094,0.689
resolution_max_b1,2,2346,before,16,,recalibrated,3,0.05,1,0.7635804138183594,0.723,0.9074548034667969,0.667
resolution_max_b1,2,2346,before,16,,recalibrated,3,0.05,-1,0.7683319396972657,0.715,0.9069288940429687,0.688
resolution_max_b1,2,2346,before,16,,recalibrated,3,0.1,1,0.7990927734375,0.709,0.9364630126953125,0.67
resolution_max_b1,2,2346,before,16,,recalibrated,3,0.1,-1,0.8058001098632812,0.702,0.933902099609375,0.679
resolution_max_b1,2,2346,before,16,,recalibrated,3,0.2,1,0.9429799194335937,0.659,1.0781197509765625,0.608
resolution_max_b1,2,2346,before,16,,recalibrated,3,0.2,-1,0.9317731628417969,0.665,1.0344720153808593,0.628
resolution_max_b1,2,2346,before,16,,recalibrated,3,0.25,1,1.0475474853515625,0.617,1.1835108642578125,0.565
resolution_max_b1,2,2346,before,16,,recalibrated,3,0.25,-1,1.019156951904297,0.643,1.111832763671875,0.603
resolution_max_b1,2,2346,after,24,,recalibrated,3,0.025,1,1.00401708984375,0.627,1.03986083984375,0.623
resolution_max_b1,2,2346,after,24,,recalibrated,3,0.025,-1,0.9931509704589844,0.633,1.0307213745117187,0.632
resolution_max_b1,2,2346,after,24,,recalibrated,3,0.05,1,1.018559326171875,0.622,1.0500191040039062,0.62
resolution_max_b1,2,2346,after,24,,recalibrated,3,0.05,-1,0.9974574279785157,0.631,1.0313397216796876,0.629
resolution_max_b1,2,2346,after,24,,recalibrated,3,0.1,1,1.06649560546875,0.611,1.0886298217773438,0.6
resolution_max_b1,2,2346,after,24,,recalibrated,3,0.1,-1,1.0245599670410157,0.614,1.0482537231445312,0.628
resolution_max_b1,2,2346,after,24,,recalibrated,3,0.2,1,1.2356111450195313,0.523,1.2386294555664064,0.532
resolution_max_b1,2,2346,after,24,,recalibrated,3,0.2,-1,1.1390708618164063,0.592,1.1442603149414063,0.586
resolution_max_b1,2,2346,after,24,,recalibrated,3,0.25,1,1.35011181640625,0.492,1.3418386840820313,0.492
resolution_max_b1,2,2346,after,24,,recalibrated,3,0.25,-1,1.2190128173828125,0.565,1.21572412109375,0.567
resolution_max_b1,2,2346,r=32,32,,recalibrated,3,0.025,1,1.5461144409179688,0.432,1.5779888916015625,0.409
resolution_max_b1,2,2346,r=32,32,,recalibrated,3,0.025,-1,1.5401412353515624,0.45,1.5759673461914063,0.426
resolution_max_b1,2,2346,r=32,32,,recalibrated,3,0.05,1,1.560063232421875,0.429,1.5889356689453125,0.398
resolution_max_b1,2,2346,r=32,32,,recalibrated,3,0.05,-1,1.5450245971679688,0.451,1.5799898681640625,0.426
resolution_max_b1,2,2346,r=32,32,,recalibrated,3,0.1,1,1.6097670288085937,0.405,1.6302056884765626,0.377
resolution_max_b1,2,2346,r=32,32,,recalibrated,3,0.1,-1,1.5702455444335937,0.457,1.5997202758789062,0.419
resolution_max_b1,2,2346,r=32,32,,recalibrated,3,0.2,1,1.7734871826171874,0.355,1.7824796752929688,0.339
resolution_max_b1,2,2346,r=32,32,,recalibrated,3,0.2,-1,1.6707908325195313,0.422,1.68170458984375,0.387
resolution_max_b1,2,2346,r=32,32,,recalibrated,3,0.25,1,1.875405029296875,0.313,1.8829158325195312,0.303
resolution_max_b1,2,2346,r=32,32,,recalibrated,3,0.25,-1,1.7420274047851563,0.385,1.7375220336914063,0.374
resolution_max_b1,2,2346,before,16,,recalibrated,4,0.025,1,0.7534766540527343,0.727,0.9078949279785157,0.674
resolution_max_b1,2,2346,before,16,,recalibrated,4,0.025,-1,0.7612328796386719,0.715,0.897929931640625,0.679
resolution_max_b1,2,2346,before,16,,recalibrated,4,0.05,1,0.7667505493164063,0.722,0.924229248046875,0.669
resolution_max_b1,2,2346,before,16,,recalibrated,4,0.05,-1,0.7793585815429688,0.715,0.9079179077148437,0.677
resolution_max_b1,2,2346,before,16,,recalibrated,4,0.1,1,0.8213601989746093,0.698,0.9820614929199218,0.645
resolution_max_b1,2,2346,before,16,,recalibrated,4,0.1,-1,0.84378662109375,0.68,0.9532000122070312,0.66
resolution_max_b1,2,2346,before,16,,recalibrated,4,0.2,1,1.024038360595703,0.631,1.1934912109375,0.578
resolution_max_b1,2,2346,before,16,,recalibrated,4,0.2,-1,1.0665119018554687,0.601,1.1129650268554687,0.607
resolution_max_b1,2,2346,before,16,,recalibrated,4,0.25,1,1.1657149047851563,0.588,1.3367930908203125,0.551
resolution_max_b1,2,2346,before,16,,recalibrated,4,0.25,-1,1.2050341796875,0.555,1.2319633178710938,0.562
resolution_max_b1,2,2346,after,24,,recalibrated,4,0.025,1,0.999344482421875,0.63,1.0426316528320312,0.629
resolution_max_b1,2,2346,after,24,,recalibrated,4,0.025,-1,1.0021178588867188,0.639,1.0325237121582032,0.633
resolution_max_b1,2,2346,after,24,,recalibrated,4,0.05,1,1.014587158203125,0.632,1.0609979553222657,0.623
resolution_max_b1,2,2346,after,24,,recalibrated,4,0.05,-1,1.0174281616210938,0.637,1.0410134887695313,0.627
resolution_max_b1,2,2346,after,24,,recalibrated,4,0.1,1,1.0753743896484376,0.601,1.125419921875,0.592
resolution_max_b1,2,2346,after,24,,recalibrated,4,0.1,-1,1.0793458862304688,0.615,1.08314892578125,0.596
resolution_max_b1,2,2346,after,24,,recalibrated,4,0.2,1,1.2904821166992186,0.542,1.3473982543945313,0.506
resolution_max_b1,2,2346,after,24,,recalibrated,4,0.2,-1,1.3020610961914063,0.523,1.2652815551757812,0.529
resolution_max_b1,2,2346,after,24,,recalibrated,4,0.25,1,1.4408546142578125,0.497,1.50269189453125,0.472
resolution_max_b1,2,2346,after,24,,recalibrated,4,0.25,-1,1.4438643188476563,0.468,1.3937965698242187,0.476
resolution_max_b1,2,2346,r=32,32,,recalibrated,4,0.025,1,1.54884912109375,0.431,1.5846337890625,0.403
resolution_max_b1,2,2346,r=32,32,,recalibrated,4,0.025,-1,1.5419948120117188,0.453,1.5774659423828126,0.415
resolution_max_b1,2,2346,r=32,32,,recalibrated,4,0.05,1,1.5749227905273437,0.43,1.6087011108398437,0.41
resolution_max_b1,2,2346,r=32,32,,recalibrated,4,0.05,-1,1.5565643310546875,0.44,1.5906156616210938,0.409
resolution_max_b1,2,2346,r=32,32,,recalibrated,4,0.1,1,1.6603396606445313,0.409,1.6993997802734375,0.381
resolution_max_b1,2,2346,r=32,32,,recalibrated,4,0.1,-1,1.6156068115234374,0.416,1.6393689575195312,0.391
resolution_max_b1,2,2346,r=32,32,,recalibrated,4,0.2,1,1.8836109619140624,0.348,1.954496337890625,0.322
resolution_max_b1,2,2346,r=32,32,,recalibrated,4,0.2,-1,1.8090230102539062,0.341,1.802012451171875,0.338
resolution_max_b1,2,2346,r=32,32,,recalibrated,4,0.25,1,2.0043743896484374,0.319,2.0853759765625,0.28
resolution_max_b1,2,2346,r=32,32,,recalibrated,4,0.25,-1,1.9259912109375,0.305,1.9136568603515625,0.306
resolution_max_b1,2,2346,before,16,,recalibrated,5,0.025,1,0.7607845458984375,0.718,0.9058788757324219,0.68
resolution_max_b1,2,2346,before,16,,recalibrated,5,0.025,-1,0.7511395874023438,0.726,0.8970044250488282,0.682
resolution_max_b1,2,2346,before,16,,recalibrated,5,0.05,1,0.7760849609375,0.704,0.9177414855957031,0.677
resolution_max_b1,2,2346,before,16,,recalibrated,5,0.05,-1,0.7565274963378906,0.729,0.9018220825195312,0.684
resolution_max_b1,2,2346,before,16,,recalibrated,5,0.1,1,0.8185251770019532,0.685,0.956989013671875,0.663
resolution_max_b1,2,2346,before,16,,recalibrated,5,0.1,-1,0.7914711303710937,0.712,0.9265,0.685
resolution_max_b1,2,2346,before,16,,recalibrated,5,0.2,1,0.9560100402832031,0.631,1.0854443969726562,0.607
resolution_max_b1,2,2346,before,16,,recalibrated,5,0.2,-1,0.9569473266601562,0.652,1.04948193359375,0.631
resolution_max_b1,2,2346,before,16,,recalibrated,5,0.25,1,1.05457958984375,0.583,1.17615478515625,0.573
resolution_max_b1,2,2346,before,16,,recalibrated,5,0.25,-1,1.0824808044433594,0.609,1.1490189819335936,0.603
resolution_max_b1,2,2346,after,24,,recalibrated,5,0.025,1,1.0050355224609375,0.632,1.0376084594726562,0.628
resolution_max_b1,2,2346,after,24,,recalibrated,5,0.025,-1,0.9939306335449218,0.639,1.0352434692382813,0.626
resolution_max_b1,2,2346,after,24,,recalibrated,5,0.05,1,1.0196453247070312,0.63,1.0462955932617188,0.636
resolution_max_b1,2,2346,after,24,,recalibrated,5,0.05,-1,0.9987625122070313,0.636,1.0399439086914062,0.629
resolution_max_b1,2,2346,after,24,,recalibrated,5,0.1,1,1.0616410522460937,0.621,1.078357147216797,0.616
resolution_max_b1,2,2346,after,24,,recalibrated,5,0.1,-1,1.0287113647460937,0.619,1.0672554321289063,0.614
resolution_max_b1,2,2346,after,24,,recalibrated,5,0.2,1,1.1965072021484375,0.568,1.2000902099609374,0.573
resolution_max_b1,2,2346,after,24,,recalibrated,5,0.2,-1,1.1693427734375,0.556,1.2004647827148438,0.56
resolution_max_b1,2,2346,after,24,,recalibrated,5,0.25,1,1.2894598999023437,0.531,1.2964786376953126,0.525
resolution_max_b1,2,2346,after,24,,recalibrated,5,0.25,-1,1.29050048828125,0.525,1.3079130859375,0.517
resolution_max_b1,2,2346,r=32,32,,recalibrated,5,0.025,1,1.5484879150390625,0.448,1.5700936889648438,0.422
resolution_max_b1,2,2346,r=32,32,,recalibrated,5,0.025,-1,1.540734130859375,0.438,1.585848388671875,0.41
resolution_max_b1,2,2346,r=32,32,,recalibrated,5,0.05,1,1.5618379516601562,0.446,1.574110595703125,0.415
resolution_max_b1,2,2346,r=32,32,,recalibrated,5,0.05,-1,1.5512899780273437,0.432,1.6014853515625,0.405
resolution_max_b1,2,2346,r=32,32,,recalibrated,5,0.1,1,1.5987427368164062,0.436,1.5998261108398437,0.409
resolution_max_b1,2,2346,r=32,32,,recalibrated,5,0.1,-1,1.6032457275390626,0.41,1.6567035522460938,0.38
resolution_max_b1,2,2346,r=32,32,,recalibrated,5,0.2,1,1.7360479736328125,0.383,1.7180818481445312,0.371
resolution_max_b1,2,2346,r=32,32,,recalibrated,5,0.2,-1,1.7931206665039063,0.352,1.8270037231445313,0.332
resolution_max_b1,2,2346,r=32,32,,recalibrated,5,0.25,1,1.82692236328125,0.339,1.81139208984375,0.345
resolution_max_b1,2,2346,r=32,32,,recalibrated,5,0.25,-1,1.9095462646484376,0.32,1.9309485473632813,0.297
resolution_max_b1,2,2346,before,16,,recalibrated,6,0.025,1,0.7439361572265625,0.73,0.9000288696289063,0.68
resolution_max_b1,2,2346,before,16,,recalibrated,6,0.025,-1,0.7714787292480468,0.712,0.9067983093261719,0.68
resolution_max_b1,2,2346,before,16,,recalibrated,6,0.05,1,0.745028076171875,0.726,0.9099981384277344,0.681
resolution_max_b1,2,2346,before,16,,recalibrated,6,0.05,-1,0.7999918823242187,0.698,0.9222538757324219,0.677
resolution_max_b1,2,2346,before,16,,recalibrated,6,0.1,1,0.7758352355957031,0.712,0.9439100341796876,0.668
resolution_max_b1,2,2346,before,16,,recalibrated,6,0.1,-1,0.8854765014648438,0.662,0.9827171630859375,0.661
resolution_max_b1,2,2346,before,16,,recalibrated,6,0.2,1,0.9266544799804688,0.656,1.07328271484375,0.619
resolution_max_b1,2,2346,before,16,,recalibrated,6,0.2,-1,1.1176427001953124,0.596,1.1598997192382812,0.596
resolution_max_b1,2,2346,before,16,,recalibrated,6,0.25,1,1.0434283447265624,0.613,1.1748048706054688,0.585
resolution_max_b1,2,2346,before,16,,recalibrated,6,0.25,-1,1.244000244140625,0.557,1.2741407470703126,0.562
resolution_max_b1,2,2346,after,24,,recalibrated,6,0.025,1,0.9890586547851562,0.643,1.0325853576660156,0.631
resolution_max_b1,2,2346,after,24,,recalibrated,6,0.025,-1,1.0107851257324219,0.63,1.0416422729492187,0.626
resolution_max_b1,2,2346,after,24,,recalibrated,6,0.05,1,0.9915580444335937,0.642,1.0371265869140625,0.627
resolution_max_b1,2,2346,after,24,,recalibrated,6,0.05,-1,1.0360128173828125,0.631,1.0564223022460937,0.619
resolution_max_b1,2,2346,after,24,,recalibrated,6,0.1,1,1.0196912841796875,0.622,1.0684628295898437,0.62
resolution_max_b1,2,2346,after,24,,recalibrated,6,0.1,-1,1.115088134765625,0.591,1.11268017578125,0.597
resolution_max_b1,2,2346,after,24,,recalibrated,6,0.2,1,1.1456958618164061,0.572,1.200276123046875,0.572
resolution_max_b1,2,2346,after,24,,recalibrated,6,0.2,-1,1.33056884765625,0.526,1.3078643188476562,0.536
resolution_max_b1,2,2346,after,24,,recalibrated,6,0.25,1,1.2410186767578124,0.562,1.2955306396484374,0.545
resolution_max_b1,2,2346,after,24,,recalibrated,6,0.25,-1,1.4516716918945312,0.486,1.4289105224609375,0.5
resolution_max_b1,2,2346,r=32,32,,recalibrated,6,0.025,1,1.53378076171875,0.451,1.5792201538085937,0.424
resolution_max_b1,2,2346,r=32,32,,recalibrated,6,0.025,-1,1.555091796875,0.441,1.5775084838867188,0.408
resolution_max_b1,2,2346,r=32,32,,recalibrated,6,0.05,1,1.53451904296875,0.441,1.584777099609375,0.409
resolution_max_b1,2,2346,r=32,32,,recalibrated,6,0.05,-1,1.5813757934570312,0.431,1.59346240234375,0.399
resolution_max_b1,2,2346,r=32,32,,recalibrated,6,0.1,1,1.5599937133789064,0.435,1.6119061889648438,0.41
resolution_max_b1,2,2346,r=32,32,,recalibrated,6,0.1,-1,1.65928173828125,0.4,1.6626422119140625,0.374
resolution_max_b1,2,2346,r=32,32,,recalibrated,6,0.2,1,1.6631127319335937,0.394,1.7133023071289062,0.372
resolution_max_b1,2,2346,r=32,32,,recalibrated,6,0.2,-1,1.8846384887695313,0.33,1.8912867431640625,0.316
resolution_max_b1,2,2346,r=32,32,,recalibrated,6,0.25,1,1.7372366943359374,0.365,1.7869376831054689,0.35
resolution_max_b1,2,2346,r=32,32,,recalibrated,6,0.25,-1,2.010151672363281,0.293,2.035655517578125,0.265
resolution_max_b1,2,2346,before,16,,recalibrated,7,0.025,1,0.7672299499511719,0.713,0.9108793640136719,0.681
resolution_max_b1,2,2346,before,16,,recalibrated,7,0.025,-1,0.7504390563964843,0.732,0.8967992553710937,0.685
resolution_max_b1,2,2346,before,16,,recalibrated,7,0.05,1,0.7945861511230469,0.707,0.931302001953125,0.679
resolution_max_b1,2,2346,before,16,,recalibrated,7,0.05,-1,0.7621383056640625,0.728,0.9052971801757812,0.684
resolution_max_b1,2,2346,before,16,,recalibrated,7,0.1,1,0.8748326110839844,0.673,0.994191162109375,0.645
resolution_max_b1,2,2346,before,16,,recalibrated,7,0.1,-1,0.8279885559082031,0.691,0.9534775695800781,0.662
resolution_max_b1,2,2346,before,16,,recalibrated,7,0.2,1,1.1120870361328126,0.605,1.18940869140625,0.581
resolution_max_b1,2,2346,before,16,,recalibrated,7,0.2,-1,1.0927976684570313,0.602,1.1930173950195313,0.573
resolution_max_b1,2,2346,before,16,,recalibrated,7,0.25,1,1.2572890625,0.561,1.30414453125,0.557
resolution_max_b1,2,2346,before,16,,recalibrated,7,0.25,-1,1.2555503540039064,0.548,1.3473936767578125,0.523
resolution_max_b1,2,2346,after,24,,recalibrated,7,0.025,1,1.0089698486328125,0.633,1.044928466796875,0.624
resolution_max_b1,2,2346,after,24,,recalibrated,7,0.025,-1,0.993433837890625,0.64,1.0321300659179689,0.621
resolution_max_b1,2,2346,after,24,,recalibrated,7,0.05,1,1.0332059936523437,0.629,1.062585479736328,0.616
resolution_max_b1,2,2346,after,24,,recalibrated,7,0.05,-1,1.0031402282714843,0.639,1.0404042663574218,0.62
resolution_max_b1,2,2346,after,24,,recalibrated,7,0.1,1,1.1052347412109376,0.595,1.12087548828125,0.604
resolution_max_b1,2,2346,after,24,,recalibrated,7,0.1,-1,1.0571387329101563,0.603,1.0912899169921875,0.612
resolution_max_b1,2,2346,after,24,,recalibrated,7,0.2,1,1.32633251953125,0.547,1.3130254516601563,0.531
resolution_max_b1,2,2346,after,24,,recalibrated,7,0.2,-1,1.2918267822265626,0.518,1.3188048706054687,0.497
resolution_max_b1,2,2346,after,24,,recalibrated,7,0.25,1,1.46461376953125,0.511,1.4362554931640625,0.488
resolution_max_b1,2,2346,after,24,,recalibrated,7,0.25,-1,1.4333214111328125,0.479,1.4673464965820313,0.456
resolution_max_b1,2,2346,r=32,32,,recalibrated,7,0.025,1,1.5669065551757813,0.439,1.6017929077148438,0.409
resolution_max_b1,2,2346,r=32,32,,recalibrated,7,0.025,-1,1.5277210693359375,0.44,1.5595809936523437,0.422
resolution_max_b1,2,2346,r=32,32,,recalibrated,7,0.05,1,1.6039724731445313,0.421,1.6340916137695312,0.407
resolution_max_b1,2,2346,r=32,32,,recalibrated,7,0.05,-1,1.5309387817382814,0.446,1.5606753540039062,0.423
resolution_max_b1,2,2346,r=32,32,,recalibrated,7,0.1,1,1.706187744140625,0.396,1.7361618041992188,0.374
resolution_max_b1,2,2346,r=32,32,,recalibrated,7,0.1,-1,1.583233154296875,0.41,1.6083070678710938,0.4
resolution_max_b1,2,2346,r=32,32,,recalibrated,7,0.2,1,1.992449951171875,0.311,2.016065979003906,0.28
resolution_max_b1,2,2346,r=32,32,,recalibrated,7,0.2,-1,1.782602294921875,0.333,1.81136376953125,0.319
resolution_max_b1,2,2346,r=32,32,,recalibrated,7,0.25,1,2.15165869140625,0.273,2.155468994140625,0.258
resolution_max_b1,2,2346,r=32,32,,recalibrated,7,0.25,-1,1.9014613647460938,0.308,1.93497119140625,0.294
resolution_max_b1,2,2346,before,16,,recalibrated,8,0.025,1,0.7599639892578125,0.716,0.9084605407714844,0.675
resolution_max_b1,2,2346,before,16,,recalibrated,8,0.025,-1,0.7547688903808594,0.727,0.8985386657714843,0.676
resolution_max_b1,2,2346,before,16,,recalibrated,8,0.05,1,0.7751127319335938,0.703,0.9254455871582031,0.668
resolution_max_b1,2,2346,before,16,,recalibrated,8,0.05,-1,0.7698541564941406,0.726,0.9068625183105469,0.672
resolution_max_b1,2,2346,before,16,,recalibrated,8,0.1,1,0.8316616516113281,0.698,0.9799140625,0.655
resolution_max_b1,2,2346,before,16,,recalibrated,8,0.1,-1,0.8244170227050781,0.704,0.9489147033691406,0.654
resolution_max_b1,2,2346,before,16,,recalibrated,8,0.2,1,1.0295366516113282,0.618,1.149342529296875,0.593
resolution_max_b1,2,2346,before,16,,recalibrated,8,0.2,-1,1.0246651000976563,0.628,1.1093953857421874,0.613
resolution_max_b1,2,2346,before,16,,recalibrated,8,0.25,1,1.1545702514648437,0.575,1.2544443969726562,0.544
resolution_max_b1,2,2346,before,16,,recalibrated,8,0.25,-1,1.1557482299804687,0.583,1.2206211547851562,0.586
resolution_max_b1,2,2346,after,24,,recalibrated,8,0.025,1,1.0054348449707031,0.636,1.0478875122070312,0.626
resolution_max_b1,2,2346,after,24,,recalibrated,8,0.025,-1,0.9958022155761719,0.643,1.0293661499023437,0.631
resolution_max_b1,2,2346,after,24,,recalibrated,8,0.05,1,1.0241296997070313,0.617,1.0677808837890626,0.617
resolution_max_b1,2,2346,after,24,,recalibrated,8,0.05,-1,1.006153289794922,0.637,1.0332644653320313,0.644
resolution_max_b1,2,2346,after,24,,recalibrated,8,0.1,1,1.0795565185546876,0.599,1.1256006469726563,0.593
resolution_max_b1,2,2346,after,24,,recalibrated,8,0.1,-1,1.0535193481445313,0.616,1.0650650024414063,0.626
resolution_max_b1,2,2346,after,24,,recalibrated,8,0.2,1,1.2529081420898438,0.539,1.3017169799804686,0.519
resolution_max_b1,2,2346,after,24,,recalibrated,8,0.2,-1,1.2390584716796875,0.551,1.2224867553710939,0.579
resolution_max_b1,2,2346,after,24,,recalibrated,8,0.25,1,1.3595733642578125,0.493,1.4066807861328126,0.488
resolution_max_b1,2,2346,after,24,,recalibrated,8,0.25,-1,1.3684193115234375,0.514,1.349662353515625,0.523
resolution_max_b1,2,2346,r=32,32,,recalibrated,8,0.025,1,1.5460698852539063,0.438,1.5906859741210937,0.402
resolution_max_b1,2,2346,r=32,32,,recalibrated,8,0.025,-1,1.5412130126953125,0.456,1.5639295654296874,0.428
resolution_max_b1,2,2346,r=32,32,,recalibrated,8,0.05,1,1.559730712890625,0.434,1.6134820556640626,0.388
resolution_max_b1,2,2346,r=32,32,,recalibrated,8,0.05,-1,1.5518648071289063,0.458,1.5641781005859374,0.425
resolution_max_b1,2,2346,r=32,32,,recalibrated,8,0.1,1,1.6001383056640626,0.407,1.6708313598632814,0.36
resolution_max_b1,2,2346,r=32,32,,recalibrated,8,0.1,-1,1.5970042724609375,0.451,1.5996807861328124,0.428
resolution_max_b1,2,2346,r=32,32,,recalibrated,8,0.2,1,1.727669677734375,0.381,1.8182687377929687,0.34
resolution_max_b1,2,2346,r=32,32,,recalibrated,8,0.2,-1,1.8130805053710937,0.367,1.8269598999023438,0.368
resolution_max_b1,2,2346,r=32,32,,recalibrated,8,0.25,1,1.8009898071289063,0.365,1.8899495849609376,0.332
resolution_max_b1,2,2346,r=32,32,,recalibrated,8,0.25,-1,1.9327305908203125,0.322,1.9598084716796875,0.334
resolution_max_b1,2,2346,before,16,,recalibrated,9,0.025,1,0.759533935546875,0.72,0.9079667358398438,0.678
resolution_max_b1,2,2346,before,16,,recalibrated,9,0.025,-1,0.7531773986816406,0.724,0.8961471557617188,0.68
resolution_max_b1,2,2346,before,16,,recalibrated,9,0.05,1,0.774246337890625,0.717,0.9249487609863282,0.677
resolution_max_b1,2,2346,before,16,,recalibrated,9,0.05,-1,0.7653226318359375,0.717,0.9006515808105469,0.678
resolution_max_b1,2,2346,before,16,,recalibrated,9,0.1,1,0.8287550659179688,0.702,0.9800562744140625,0.669
resolution_max_b1,2,2346,before,16,,recalibrated,9,0.1,-1,0.8172432861328125,0.7,0.9380844116210938,0.659
resolution_max_b1,2,2346,before,16,,recalibrated,9,0.2,1,1.0480963134765624,0.621,1.178901611328125,0.59
resolution_max_b1,2,2346,before,16,,recalibrated,9,0.2,-1,1.0259440307617187,0.611,1.1086409912109374,0.588
resolution_max_b1,2,2346,before,16,,recalibrated,9,0.25,1,1.2298617553710938,0.549,1.3396902465820313,0.536
resolution_max_b1,2,2346,before,16,,recalibrated,9,0.25,-1,1.180457275390625,0.566,1.2405953979492188,0.54
resolution_max_b1,2,2346,after,24,,recalibrated,9,0.025,1,1.0045132141113282,0.641,1.0441161499023437,0.624
resolution_max_b1,2,2346,after,24,,recalibrated,9,0.025,-1,0.9954518432617188,0.637,1.0304288024902344,0.63
resolution_max_b1,2,2346,after,24,,recalibrated,9,0.05,1,1.0216219787597656,0.637,1.061529296875,0.616
resolution_max_b1,2,2346,after,24,,recalibrated,9,0.05,-1,1.0043614501953124,0.631,1.0344783325195313,0.637
resolution_max_b1,2,2346,after,24,,recalibrated,9,0.1,1,1.0803917236328124,0.62,1.119949951171875,0.588
resolution_max_b1,2,2346,after,24,,recalibrated,9,0.1,-1,1.0538243408203125,0.624,1.0730162353515624,0.613
resolution_max_b1,2,2346,after,24,,recalibrated,9,0.2,1,1.3094938354492187,0.533,1.3392387084960937,0.513
resolution_max_b1,2,2346,after,24,,recalibrated,9,0.2,-1,1.2771400756835938,0.527,1.2674759521484376,0.529
resolution_max_b1,2,2346,after,24,,recalibrated,9,0.25,1,1.4811300659179687,0.469,1.5071795654296876,0.464
resolution_max_b1,2,2346,after,24,,recalibrated,9,0.25,-1,1.4442462768554687,0.46,1.4121441650390625,0.467
resolution_max_b1,2,2346,r=32,32,,recalibrated,9,0.025,1,1.5517018432617187,0.441,1.588337890625,0.422
resolution_max_b1,2,2346,r=32,32,,recalibrated,9,0.025,-1,1.5388455200195312,0.449,1.5685592651367188,0.422
resolution_max_b1,2,2346,r=32,32,,recalibrated,9,0.05,1,1.576921875,0.436,1.6137864379882811,0.41
resolution_max_b1,2,2346,r=32,32,,recalibrated,9,0.05,-1,1.5475934448242188,0.449,1.576080810546875,0.413
resolution_max_b1,2,2346,r=32,32,,recalibrated,9,0.1,1,1.6589468383789063,0.41,1.69734521484375,0.388
resolution_max_b1,2,2346,r=32,32,,recalibrated,9,0.1,-1,1.6057252807617188,0.406,1.6354528198242186,0.398
resolution_max_b1,2,2346,r=32,32,,recalibrated,9,0.2,1,1.9229673461914063,0.331,1.9829177856445312,0.298
resolution_max_b1,2,2346,r=32,32,,recalibrated,9,0.2,-1,1.8476755981445312,0.322,1.87694189453125,0.314
resolution_max_b1,2,2346,r=32,32,,recalibrated,9,0.25,1,2.096623779296875,0.285,2.1530540771484374,0.252
resolution_max_b1,2,2346,r=32,32,,recalibrated,9,0.25,-1,1.9996026000976563,0.295,2.0150977783203126,0.282
resolution_max_b1,2,4692,before,24,,saved,,0.0,0,0.5121905212402343,0.824,0.6945444641113281,0.767
resolution_max_b1,2,4692,before,24,,recalibrated,,0.0,0,0.5013813781738281,0.827,0.6715369567871093,0.764
resolution_max_b1,2,4692,before,24,,recalibrated,0,0.025,1,0.5053519287109375,0.833,0.6774810791015625,0.76
resolution_max_b1,2,4692,before,24,,recalibrated,0,0.025,-1,0.5057105407714844,0.819,0.6713145446777343,0.766
resolution_max_b1,2,4692,before,24,,recalibrated,0,0.05,1,0.519804183959961,0.825,0.688889404296875,0.759
resolution_max_b1,2,4692,before,24,,recalibrated,0,0.05,-1,0.5190738220214843,0.815,0.6750445556640625,0.77
resolution_max_b1,2,4692,before,24,,recalibrated,0,0.1,1,0.5779939575195312,0.8,0.7292139892578124,0.738
resolution_max_b1,2,4692,before,24,,recalibrated,0,0.1,-1,0.5668219604492187,0.803,0.7050302734375,0.751
resolution_max_b1,2,4692,before,24,,recalibrated,0,0.2,1,0.8145649108886719,0.708,0.9165858459472657,0.701
resolution_max_b1,2,4692,before,24,,recalibrated,0,0.2,-1,0.7444852600097657,0.727,0.8392187194824219,0.707
resolution_max_b1,2,4692,before,24,,recalibrated,0,0.25,1,0.9905393676757812,0.647,1.0727894287109374,0.646
resolution_max_b1,2,4692,before,24,,recalibrated,0,0.25,-1,0.8700804748535156,0.69,0.9410920104980469,0.681
resolution_max_b1,2,4692,after,32,,saved,,0.0,0,4.3196259765625,0.178,4.249080078125,0.182
resolution_max_b1,2,4692,after,32,,recalibrated,,0.0,0,0.9998417663574218,0.67,1.0862196044921875,0.645
resolution_max_b1,2,4692,after,32,,recalibrated,0,0.025,1,1.01418505859375,0.664,1.10295947265625,0.627
resolution_max_b1,2,4692,after,32,,recalibrated,0,0.025,-1,0.9950750122070312,0.671,1.0805712890625,0.648
resolution_max_b1,2,4692,after,32,,recalibrated,0,0.05,1,1.0378093872070313,0.64,1.1288849487304689,0.618
resolution_max_b1,2,4692,after,32,,recalibrated,0,0.05,-1,0.9990137329101563,0.666,1.0806046142578125,0.648
resolution_max_b1,2,4692,after,32,,recalibrated,0,0.1,1,1.1116268310546875,0.614,1.2092188720703125,0.591
resolution_max_b1,2,4692,after,32,,recalibrated,0,0.1,-1,1.032007598876953,0.641,1.10345458984375,0.621
resolution_max_b1,2,4692,after,32,,recalibrated,0,0.2,1,1.4027822875976563,0.509,1.4850703125,0.478
resolution_max_b1,2,4692,after,32,,recalibrated,0,0.2,-1,1.224170166015625,0.579,1.275677734375,0.569
resolution_max_b1,2,4692,after,32,,recalibrated,0,0.25,1,1.6068883056640626,0.431,1.6840052490234374,0.423
resolution_max_b1,2,4692,after,32,,recalibrated,0,0.25,-1,1.3649710693359376,0.523,1.4169137573242188,0.518
resolution_max_b1,2,4692,r=16,16,,saved,,0.0,0,0.8875193481445313,0.703,1.0427979736328126,0.655
resolution_max_b1,2,4692,r=16,16,,recalibrated,,0.0,0,0.7172816772460937,0.763,0.8629151611328125,0.714
resolution_max_b1,2,4692,r=16,16,,recalibrated,0,0.025,1,0.7245952758789063,0.755,0.8719734802246094,0.712
resolution_max_b1,2,4692,r=16,16,,recalibrated,0,0.025,-1,0.716302001953125,0.757,0.8616761474609375,0.715
resolution_max_b1,2,4692,r=16,16,,recalibrated,0,0.05,1,0.7411103210449219,0.748,0.8884526977539062,0.715
resolution_max_b1,2,4692,r=16,16,,recalibrated,0,0.05,-1,0.7256709594726563,0.75,0.8665953369140625,0.71
resolution_max_b1,2,4692,r=16,16,,recalibrated,0,0.1,1,0.8041417541503906,0.732,0.9364050903320312,0.696
resolution_max_b1,2,4692,r=16,16,,recalibrated,0,0.1,-1,0.7688771667480468,0.742,0.8988893737792969,0.699
resolution_max_b1,2,4692,r=16,16,,recalibrated,0,0.2,1,1.0546908569335938,0.649,1.1268676147460936,0.642
resolution_max_b1,2,4692,r=16,16,,recalibrated,0,0.2,-1,0.9355396423339843,0.681,1.051096466064453,0.653
resolution_max_b1,2,4692,r=16,16,,recalibrated,0,0.25,1,1.2271822509765624,0.589,1.2780034790039063,0.598
resolution_max_b1,2,4692,r=16,16,,recalibrated,0,0.25,-1,1.0583082580566405,0.645,1.1636942749023438,0.614
resolution_max_b1,2,4692,before,24,,recalibrated,1,0.025,1,0.5040928497314453,0.825,0.680044189453125,0.763
resolution_max_b1,2,4692,before,24,,recalibrated,1,0.025,-1,0.5079872131347656,0.829,0.6724264831542969,0.764
resolution_max_b1,2,4692,before,24,,recalibrated,1,0.05,1,0.5183297729492188,0.811,0.69564208984375,0.762
resolution_max_b1,2,4692,before,24,,recalibrated,1,0.05,-1,0.5256866760253907,0.825,0.6800235595703125,0.761
resolution_max_b1,2,4692,before,24,,recalibrated,1,0.1,1,0.5831890258789062,0.785,0.7556896057128907,0.748
resolution_max_b1,2,4692,before,24,,recalibrated,1,0.1,-1,0.5980458374023437,0.789,0.72515625,0.746
resolution_max_b1,2,4692,before,24,,recalibrated,1,0.2,1,0.8499581604003906,0.703,0.9790352783203125,0.677
resolution_max_b1,2,4692,before,24,,recalibrated,1,0.2,-1,0.8639977111816406,0.704,0.9539443969726562,0.673
resolution_max_b1,2,4692,before,24,,recalibrated,1,0.25,1,1.0271712646484374,0.633,1.133009765625,0.646
resolution_max_b1,2,4692,before,24,,recalibrated,1,0.25,-1,1.0404710693359376,0.663,1.1303687133789062,0.612
resolution_max_b1,2,4692,after,32,,recalibrated,1,0.025,1,1.0026652526855468,0.66,1.0889053344726562,0.63
resolution_max_b1,2,4692,after,32,,recalibrated,1,0.025,-1,1.0143018188476562,0.659,1.0982644958496093,0.628
resolution_max_b1,2,4692,after,32,,recalibrated,1,0.05,1,1.0224005737304687,0.65,1.1050824584960937,0.622
resolution_max_b1,2,4692,after,32,,recalibrated,1,0.05,-1,1.0441968383789062,0.633,1.1277921752929687,0.612
resolution_max_b1,2,4692,after,32,,recalibrated,1,0.1,1,1.1080745239257812,0.618,1.185890380859375,0.583
resolution_max_b1,2,4692,after,32,,recalibrated,1,0.1,-1,1.1456907348632812,0.606,1.23200244140625,0.581
resolution_max_b1,2,4692,after,32,,recalibrated,1,0.2,1,1.4158768310546874,0.524,1.471306396484375,0.486
resolution_max_b1,2,4692,after,32,,recalibrated,1,0.2,-1,1.4663201293945312,0.516,1.56060400390625,0.46
resolution_max_b1,2,4692,after,32,,recalibrated,1,0.25,1,1.62147998046875,0.458,1.6610963134765624,0.433
resolution_max_b1,2,4692,after,32,,recalibrated,1,0.25,-1,1.6617537841796874,0.463,1.7497034912109375,0.412
resolution_max_b1,2,4692,r=16,16,,recalibrated,1,0.025,1,0.7222299499511718,0.757,0.8726509704589843,0.718
resolution_max_b1,2,4692,r=16,16,,recalibrated,1,0.025,-1,0.7236676635742187,0.749,0.8628902587890624,0.712
resolution_max_b1,2,4692,r=16,16,,recalibrated,1,0.05,1,0.7395158996582031,0.749,0.8882910461425781,0.712
resolution_max_b1,2,4692,r=16,16,,recalibrated,1,0.05,-1,0.7404368286132812,0.744,0.8739535522460937,0.707
resolution_max_b1,2,4692,r=16,16,,recalibrated,1,0.1,1,0.804773681640625,0.728,0.9484985656738282,0.702
resolution_max_b1,2,4692,r=16,16,,recalibrated,1,0.1,-1,0.8214697875976562,0.735,0.92557666015625,0.692
resolution_max_b1,2,4692,r=16,16,,recalibrated,1,0.2,1,1.0483690185546874,0.655,1.1933495483398437,0.619
resolution_max_b1,2,4692,r=16,16,,recalibrated,1,0.2,-1,1.0822801513671876,0.666,1.1766032104492188,0.616
resolution_max_b1,2,4692,r=16,16,,recalibrated,1,0.25,1,1.21511572265625,0.613,1.3495359497070312,0.591
resolution_max_b1,2,4692,r=16,16,,recalibrated,1,0.25,-1,1.263440185546875,0.614,1.36560546875,0.562
resolution_max_b1,2,4692,before,24,,recalibrated,2,0.025,1,0.5133131408691406,0.826,0.6810459289550781,0.759
resolution_max_b1,2,4692,before,24,,recalibrated,2,0.025,-1,0.5023868408203125,0.826,0.6712565307617188,0.768
resolution_max_b1,2,4692,before,24,,recalibrated,2,0.05,1,0.5369447631835937,0.817,0.6973593139648437,0.76
resolution_max_b1,2,4692,before,24,,recalibrated,2,0.05,-1,0.5133562927246094,0.815,0.6782532653808594,0.764
resolution_max_b1,2,4692,before,24,,recalibrated,2,0.1,1,0.6173883361816406,0.789,0.7633591003417969,0.732
resolution_max_b1,2,4692,before,24,,recalibrated,2,0.1,-1,0.5639769287109375,0.794,0.71772998046875,0.753
resolution_max_b1,2,4692,before,24,,recalibrated,2,0.2,1,0.9321903076171875,0.69,1.0427388305664063,0.645
resolution_max_b1,2,4692,before,24,,recalibrated,2,0.2,-1,0.7924365234375,0.706,0.9129221496582032,0.689
resolution_max_b1,2,4692,before,24,,recalibrated,2,0.25,1,1.1736177978515625,0.626,1.2572252197265625,0.584
resolution_max_b1,2,4692,before,24,,recalibrated,2,0.25,-1,0.9586876831054687,0.649,1.0630570068359375,0.65
resolution_max_b1,2,4692,after,32,,recalibrated,2,0.025,1,1.0196273498535156,0.664,1.1035781860351563,0.628
resolution_max_b1,2,4692,after,32,,recalibrated,2,0.025,-1,0.996845947265625,0.653,1.0854774169921875,0.631
resolution_max_b1,2,4692,after,32,,recalibrated,2,0.05,1,1.054350830078125,0.649,1.1373963012695312,0.618
resolution_max_b1,2,4692,after,32,,recalibrated,2,0.05,-1,1.010170196533203,0.648,1.100221923828125,0.62
resolution_max_b1,2,4692,after,32,,recalibrated,2,0.1,1,1.1605467529296876,0.607,1.2507599487304688,0.585
resolution_max_b1,2,4692,after,32,,recalibrated,2,0.1,-1,1.0702066040039062,0.594,1.1654246215820312,0.585
resolution_max_b1,2,4692,after,32,,recalibrated,2,0.2,1,1.6065758056640624,0.475,1.71395068359375,0.452
resolution_max_b1,2,4692,after,32,,recalibrated,2,0.2,-1,1.3551986083984375,0.514,1.4265603637695312,0.503
resolution_max_b1,2,4692,after,32,,recalibrated,2,0.25,1,1.897926513671875,0.413,2.0013028564453124,0.395
resolution_max_b1,2,4692,after,32,,recalibrated,2,0.25,-1,1.5486596069335938,0.462,1.6054109497070312,0.465
resolution_max_b1,2,4692,r=16,16,,recalibrated,2,0.025,1,0.7220277099609375,0.757,0.8701006774902343,0.716
resolution_max_b1,2,4692,r=16,16,,recalibrated,2,0.025,-1,0.7214817504882812,0.764,0.8668287353515625,0.712
resolution_max_b1,2,4692,r=16,16,,recalibrated,2,0.05,1,0.7367384338378906,0.747,0.8872568054199219,0.709
resolution_max_b1,2,4692,r=16,16,,recalibrated,2,0.05,-1,0.7346257934570313,0.76,0.8785640258789063,0.708
resolution_max_b1,2,4692,r=16,16,,recalibrated,2,0.1,1,0.8044921875,0.728,0.9479703063964844,0.697
resolution_max_b1,2,4692,r=16,16,,recalibrated,2,0.1,-1,0.7866331787109375,0.739,0.9288910217285157,0.694
resolution_max_b1,2,4692,r=16,16,,recalibrated,2,0.2,1,1.1105341796875,0.653,1.2305968627929686,0.615
resolution_max_b1,2,4692,r=16,16,,recalibrated,2,0.2,-1,1.007377197265625,0.674,1.1586195068359375,0.641
resolution_max_b1,2,4692,r=16,16,,recalibrated,2,0.25,1,1.3489210205078126,0.586,1.440663330078125,0.555
resolution_max_b1,2,4692,r=16,16,,recalibrated,2,0.25,-1,1.1714409790039062,0.614,1.3000572509765624,0.605
resolution_max_b1,2,4692,before,24,,recalibrated,3,0.025,1,0.506123779296875,0.824,0.6736531066894531,0.765
resolution_max_b1,2,4692,before,24,,recalibrated,3,0.025,-1,0.5054373016357422,0.827,0.6742488403320313,0.767
resolution_max_b1,2,4692,before,24,,recalibrated,3,0.05,1,0.5191764984130859,0.818,0.6790929565429688,0.762
resolution_max_b1,2,4692,before,24,,recalibrated,3,0.05,-1,0.5172885284423828,0.825,0.6808416748046875,0.766
resolution_max_b1,2,4692,before,24,,recalibrated,3,0.1,1,0.5669969177246094,0.81,0.7085553894042969,0.756
resolution_max_b1,2,4692,before,24,,recalibrated,3,0.1,-1,0.5605762023925781,0.805,0.7100845947265625,0.76
resolution_max_b1,2,4692,before,24,,recalibrated,3,0.2,1,0.7481624755859375,0.73,0.851477783203125,0.707
resolution_max_b1,2,4692,before,24,,recalibrated,3,0.2,-1,0.7167106323242187,0.749,0.8302791748046875,0.71
resolution_max_b1,2,4692,before,24,,recalibrated,3,0.25,1,0.8946482849121093,0.686,0.9727697448730469,0.662
resolution_max_b1,2,4692,before,24,,recalibrated,3,0.25,-1,0.8252060852050781,0.716,0.917957763671875,0.681
resolution_max_b1,2,4692,after,32,,recalibrated,3,0.025,1,1.0102064208984376,0.666,1.0929932556152344,0.63
resolution_max_b1,2,4692,after,32,,recalibrated,3,0.025,-1,0.999502197265625,0.665,1.0884894409179688,0.638
resolution_max_b1,2,4692,after,32,,recalibrated,3,0.05,1,1.029638214111328,0.652,1.109900390625,0.621
resolution_max_b1,2,4692,after,32,,recalibrated,3,0.05,-1,1.0090108642578124,0.654,1.097949188232422,0.625
resolution_max_b1,2,4692,after,32,,recalibrated,3,0.1,1,1.0971749877929688,0.626,1.167259765625,0.596
resolution_max_b1,2,4692,after,32,,recalibrated,3,0.1,-1,1.0534323120117188,0.642,1.1350105590820312,0.602
resolution_max_b1,2,4692,after,32,,recalibrated,3,0.2,1,1.355953857421875,0.542,1.3930554809570312,0.496
resolution_max_b1,2,4692,after,32,,recalibrated,3,0.2,-1,1.21780810546875,0.579,1.2970175170898437,0.547
resolution_max_b1,2,4692,after,32,,recalibrated,3,0.25,1,1.5305601196289063,0.482,1.5716968383789063,0.43
resolution_max_b1,2,4692,after,32,,recalibrated,3,0.25,-1,1.3418456420898437,0.544,1.4182271728515625,0.498
resolution_max_b1,2,4692,r=16,16,,recalibrated,3,0.025,1,0.7210437927246094,0.758,0.8621301574707031,0.721
resolution_max_b1,2,4692,r=16,16,,recalibrated,3,0.025,-1,0.7201040649414062,0.761,0.8705069580078125,0.715
resolution_max_b1,2,4692,r=16,16,,recalibrated,3,0.05,1,0.7313713073730469,0.751,0.8682937622070312,0.718
resolution_max_b1,2,4692,r=16,16,,recalibrated,3,0.05,-1,0.7320891418457032,0.743,0.8812162780761719,0.711
resolution_max_b1,2,4692,r=16,16,,recalibrated,3,0.1,1,0.768249755859375,0.737,0.899101318359375,0.7
resolution_max_b1,2,4692,r=16,16,,recalibrated,3,0.1,-1,0.7754807739257813,0.739,0.9204222412109375,0.707
resolution_max_b1,2,4692,r=16,16,,recalibrated,3,0.2,1,0.9358823852539062,0.694,1.0574239501953124,0.657
resolution_max_b1,2,4692,r=16,16,,recalibrated,3,0.2,-1,0.9258541564941406,0.697,1.0520912475585937,0.666
resolution_max_b1,2,4692,r=16,16,,recalibrated,3,0.25,1,1.0601097717285157,0.65,1.1868870849609374,0.618
resolution_max_b1,2,4692,r=16,16,,recalibrated,3,0.25,-1,1.0328795776367188,0.666,1.1445692749023437,0.647
resolution_max_b1,2,4692,before,24,,recalibrated,4,0.025,1,0.5117603912353516,0.822,0.6802338562011718,0.765
resolution_max_b1,2,4692,before,24,,recalibrated,4,0.025,-1,0.5020349426269531,0.824,0.6708037414550782,0.762
resolution_max_b1,2,4692,before,24,,recalibrated,4,0.05,1,0.5329829406738281,0.814,0.69866162109375,0.76
resolution_max_b1,2,4692,before,24,,recalibrated,4,0.05,-1,0.5126071472167969,0.823,0.6763280944824219,0.767
resolution_max_b1,2,4692,before,24,,recalibrated,4,0.1,1,0.6060567626953125,0.784,0.766102783203125,0.738
resolution_max_b1,2,4692,before,24,,recalibrated,4,0.1,-1,0.5658325805664063,0.799,0.7050966796875,0.753
resolution_max_b1,2,4692,before,24,,recalibrated,4,0.2,1,0.86049755859375,0.691,0.9946027221679687,0.682
resolution_max_b1,2,4692,before,24,,recalibrated,4,0.2,-1,0.7836609497070313,0.725,0.8701022644042968,0.681
resolution_max_b1,2,4692,before,24,,recalibrated,4,0.25,1,1.0375755310058594,0.632,1.161585693359375,0.624
resolution_max_b1,2,4692,before,24,,recalibrated,4,0.25,-1,0.9530403137207031,0.659,1.0102789306640625,0.632
resolution_max_b1,2,4692,after,32,,recalibrated,4,0.025,1,1.0159135131835937,0.651,1.0968937377929688,0.639
resolution_max_b1,2,4692,after,32,,recalibrated,4,0.025,-1,0.9989837036132813,0.672,1.0929336853027343,0.63
resolution_max_b1,2,4692,after,32,,recalibrated,4,0.05,1,1.0439527893066407,0.638,1.1207553100585939,0.628
resolution_max_b1,2,4692,after,32,,recalibrated,4,0.05,-1,1.0153433227539062,0.674,1.1134747314453124,0.621
resolution_max_b1,2,4692,after,32,,recalibrated,4,0.1,1,1.1394810791015626,0.606,1.208213134765625,0.599
resolution_max_b1,2,4692,after,32,,recalibrated,4,0.1,-1,1.0954507446289063,0.628,1.1846110229492188,0.599
resolution_max_b1,2,4692,after,32,,recalibrated,4,0.2,1,1.4606807250976563,0.491,1.5372269287109375,0.481
resolution_max_b1,2,4692,after,32,,recalibrated,4,0.2,-1,1.3801617431640625,0.514,1.4616810302734375,0.495
resolution_max_b1,2,4692,after,32,,recalibrated,4,0.25,1,1.6542977294921875,0.441,1.7193353271484375,0.436
resolution_max_b1,2,4692,after,32,,recalibrated,4,0.25,-1,1.5833904418945313,0.449,1.6496199951171875,0.414
resolution_max_b1,2,4692,r=16,16,,recalibrated,4,0.025,1,0.7214801025390625,0.753,0.8807674560546875,0.71
resolution_max_b1,2,4692,r=16,16,,recalibrated,4,0.025,-1,0.7232989501953125,0.76,0.8571351013183593,0.713
resolution_max_b1,2,4692,r=16,16,,recalibrated,4,0.05,1,0.734055419921875,0.743,0.9071268310546875,0.707
resolution_max_b1,2,4692,r=16,16,,recalibrated,4,0.05,-1,0.7398828125,0.752,0.8580466003417969,0.71
resolution_max_b1,2,4692,r=16,16,,recalibrated,4,0.1,1,0.7893225708007813,0.726,0.9799019165039062,0.685
resolution_max_b1,2,4692,r=16,16,,recalibrated,4,0.1,-1,0.8012067565917969,0.724,0.8842946166992187,0.703
resolution_max_b1,2,4692,r=16,16,,recalibrated,4,0.2,1,1.0181527404785156,0.672,1.2190714111328125,0.631
resolution_max_b1,2,4692,r=16,16,,recalibrated,4,0.2,-1,1.0390265502929688,0.659,1.0581097412109375,0.649
resolution_max_b1,2,4692,r=16,16,,recalibrated,4,0.25,1,1.1814329223632813,0.628,1.3930130615234375,0.58
resolution_max_b1,2,4692,r=16,16,,recalibrated,4,0.25,-1,1.2048383178710937,0.614,1.1919158935546874,0.612
resolution_max_b1,2,4692,before,24,,recalibrated,5,0.025,1,0.510380844116211,0.826,0.6781062316894532,0.764
resolution_max_b1,2,4692,before,24,,recalibrated,5,0.025,-1,0.5002379302978516,0.824,0.67203955078125,0.763
resolution_max_b1,2,4692,before,24,,recalibrated,5,0.05,1,0.5293462219238281,0.812,0.6905467834472656,0.761
resolution_max_b1,2,4692,before,24,,recalibrated,5,0.05,-1,0.5086402587890625,0.827,0.6804296264648437,0.769
resolution_max_b1,2,4692,before,24,,recalibrated,5,0.1,1,0.5922301330566406,0.796,0.7382220458984375,0.733
resolution_max_b1,2,4692,before,24,,recalibrated,5,0.1,-1,0.551912353515625,0.804,0.7179404907226562,0.751
resolution_max_b1,2,4692,before,24,,recalibrated,5,0.2,1,0.8247393493652344,0.703,0.93914208984375,0.684
resolution_max_b1,2,4692,before,24,,recalibrated,5,0.2,-1,0.7551416015625,0.738,0.895125,0.697
resolution_max_b1,2,4692,before,24,,recalibrated,5,0.25,1,0.987920654296875,0.651,1.0810474853515626,0.639
resolution_max_b1,2,4692,before,24,,recalibrated,5,0.25,-1,0.9301628723144532,0.672,1.0502747802734376,0.646
resolution_max_b1,2,4692,after,32,,recalibrated,5,0.025,1,1.015561737060547,0.656,1.0999056396484375,0.638
resolution_max_b1,2,4692,after,32,,recalibrated,5,0.025,-1,0.996523193359375,0.666,1.0853031005859375,0.633
resolution_max_b1,2,4692,after,32,,recalibrated,5,0.05,1,1.0453016052246094,0.644,1.12176708984375,0.623
resolution_max_b1,2,4692,after,32,,recalibrated,5,0.05,-1,1.0064039306640624,0.662,1.0932969970703126,0.637
resolution_max_b1,2,4692,after,32,,recalibrated,5,0.1,1,1.1299608154296874,0.607,1.1998779296875,0.579
resolution_max_b1,2,4692,after,32,,recalibrated,5,0.1,-1,1.067915740966797,0.629,1.1414500732421875,0.613
resolution_max_b1,2,4692,after,32,,recalibrated,5,0.2,1,1.4546585693359375,0.489,1.4843046875,0.504
resolution_max_b1,2,4692,after,32,,recalibrated,5,0.2,-1,1.3371600952148437,0.538,1.401,0.518
resolution_max_b1,2,4692,after,32,,recalibrated,5,0.25,1,1.6776388549804688,0.403,1.7011564331054687,0.436
resolution_max_b1,2,4692,after,32,,recalibrated,5,0.25,-1,1.5362022705078124,0.461,1.5878090209960938,0.458
resolution_max_b1,2,4692,r=16,16,,recalibrated,5,0.025,1,0.7250424194335937,0.755,0.8645980529785157,0.72
resolution_max_b1,2,4692,r=16,16,,recalibrated,5,0.025,-1,0.718719482421875,0.758,0.866809326171875,0.717
resolution_max_b1,2,4692,r=16,16,,recalibrated,5,0.05,1,0.7427408752441407,0.75,0.8716940002441407,0.72
resolution_max_b1,2,4692,r=16,16,,recalibrated,5,0.05,-1,0.7276764526367188,0.751,0.8783991394042969,0.719
resolution_max_b1,2,4692,r=16,16,,recalibrated,5,0.1,1,0.8088099975585937,0.718,0.9113970336914062,0.704
resolution_max_b1,2,4692,r=16,16,,recalibrated,5,0.1,-1,0.7707184448242187,0.745,0.9164005432128907,0.702
resolution_max_b1,2,4692,r=16,16,,recalibrated,5,0.2,1,1.0400081481933594,0.649,1.0982232666015626,0.642
resolution_max_b1,2,4692,r=16,16,,recalibrated,5,0.2,-1,0.9779734497070313,0.679,1.0813958740234375,0.639
resolution_max_b1,2,4692,r=16,16,,recalibrated,5,0.25,1,1.197329833984375,0.595,1.2467460327148439,0.587
resolution_max_b1,2,4692,r=16,16,,recalibrated,5,0.25,-1,1.1491873779296875,0.634,1.2296424560546875,0.589
resolution_max_b1,2,4692,before,24,,recalibrated,6,0.025,1,0.5005752563476562,0.829,0.6764296875,0.763
resolution_max_b1,2,4692,before,24,,recalibrated,6,0.025,-1,0.5105152587890625,0.827,0.6747550354003906,0.762
resolution_max_b1,2,4692,before,24,,recalibrated,6,0.05,1,0.5094014739990235,0.828,0.6881973876953125,0.766
resolution_max_b1,2,4692,before,24,,recalibrated,6,0.05,-1,0.5329248962402344,0.819,0.6860229187011718,0.759
resolution_max_b1,2,4692,before,24,,recalibrated,6,0.1,1,0.5614010620117188,0.812,0.7351287841796875,0.75
resolution_max_b1,2,4692,before,24,,recalibrated,6,0.1,-1,0.6237734375,0.771,0.7449170227050781,0.75
resolution_max_b1,2,4692,before,24,,recalibrated,6,0.2,1,0.7787825317382813,0.717,0.9148984985351563,0.686
resolution_max_b1,2,4692,before,24,,recalibrated,6,0.2,-1,0.941327392578125,0.666,1.004868621826172,0.667
resolution_max_b1,2,4692,before,24,,recalibrated,6,0.25,1,0.93539404296875,0.662,1.0578723754882813,0.637
resolution_max_b1,2,4692,before,24,,recalibrated,6,0.25,-1,1.1504150390625,0.623,1.1949087524414062,0.598
resolution_max_b1,2,4692,after,32,,recalibrated,6,0.025,1,1.002316436767578,0.663,1.0933410949707032,0.625
resolution_max_b1,2,4692,after,32,,recalibrated,6,0.025,-1,1.0149993286132812,0.663,1.0954747314453126,0.635
resolution_max_b1,2,4692,after,32,,recalibrated,6,0.05,1,1.0169212341308593,0.655,1.1112655639648437,0.613
resolution_max_b1,2,4692,after,32,,recalibrated,6,0.05,-1,1.0526710815429687,0.641,1.1213538818359374,0.622
resolution_max_b1,2,4692,after,32,,recalibrated,6,0.1,1,1.0712409057617187,0.633,1.1782993774414063,0.582
resolution_max_b1,2,4692,after,32,,recalibrated,6,0.1,-1,1.1818357543945313,0.592,1.2224653930664062,0.575
resolution_max_b1,2,4692,after,32,,recalibrated,6,0.2,1,1.2890025634765625,0.544,1.4262596435546875,0.504
resolution_max_b1,2,4692,after,32,,recalibrated,6,0.2,-1,1.608879150390625,0.482,1.660841064453125,0.451
resolution_max_b1,2,4692,after,32,,recalibrated,6,0.25,1,1.4330628662109375,0.492,1.5935385131835937,0.455
resolution_max_b1,2,4692,after,32,,recalibrated,6,0.25,-1,1.8680949096679687,0.405,1.9132879028320313,0.373
resolution_max_b1,2,4692,r=16,16,,recalibrated,6,0.025,1,0.7151817932128907,0.761,0.8709981994628906,0.714
resolution_max_b1,2,4692,r=16,16,,recalibrated,6,0.025,-1,0.732653564453125,0.758,0.8673919982910157,0.708
resolution_max_b1,2,4692,r=16,16,,recalibrated,6,0.05,1,0.7213268127441407,0.749,0.8867511596679688,0.713
resolution_max_b1,2,4692,r=16,16,,recalibrated,6,0.05,-1,0.7619226684570313,0.746,0.8796337585449219,0.708
resolution_max_b1,2,4692,r=16,16,,recalibrated,6,0.1,1,0.7638529052734375,0.742,0.9384435729980469,0.686
resolution_max_b1,2,4692,r=16,16,,recalibrated,6,0.1,-1,0.8737560424804688,0.715,0.9430201721191406,0.698
resolution_max_b1,2,4692,r=16,16,,recalibrated,6,0.2,1,0.94945068359375,0.677,1.1367940063476563,0.633
resolution_max_b1,2,4692,r=16,16,,recalibrated,6,0.2,-1,1.20149560546875,0.613,1.2160999145507811,0.626
resolution_max_b1,2,4692,r=16,16,,recalibrated,6,0.25,1,1.0892804565429688,0.636,1.2761408081054688,0.591
resolution_max_b1,2,4692,r=16,16,,recalibrated,6,0.25,-1,1.3943970336914062,0.56,1.4212498779296876,0.566
resolution_max_b1,2,4692,before,24,,recalibrated,7,0.025,1,0.51431591796875,0.818,0.6718126525878906,0.767
resolution_max_b1,2,4692,before,24,,recalibrated,7,0.025,-1,0.5038034362792969,0.828,0.68328271484375,0.762
resolution_max_b1,2,4692,before,24,,recalibrated,7,0.05,1,0.5405969543457031,0.803,0.6841723022460937,0.759
resolution_max_b1,2,4692,before,24,,recalibrated,7,0.05,-1,0.5238440856933594,0.825,0.7060287780761719,0.749
resolution_max_b1,2,4692,before,24,,recalibrated,7,0.1,1,0.6239706420898438,0.775,0.7469000244140624,0.737
resolution_max_b1,2,4692,before,24,,recalibrated,7,0.1,-1,0.6149483642578125,0.788,0.7920422668457031,0.725
resolution_max_b1,2,4692,before,24,,recalibrated,7,0.2,1,0.8857427062988281,0.674,0.9759158020019532,0.67
resolution_max_b1,2,4692,before,24,,recalibrated,7,0.2,-1,0.9499546508789063,0.659,1.075540771484375,0.642
resolution_max_b1,2,4692,before,24,,recalibrated,7,0.25,1,1.065820068359375,0.614,1.1347080078125,0.63
resolution_max_b1,2,4692,before,24,,recalibrated,7,0.25,-1,1.1492007446289063,0.603,1.253421142578125,0.582
resolution_max_b1,2,4692,after,32,,recalibrated,7,0.025,1,1.0239373779296874,0.662,1.1103377075195313,0.629
resolution_max_b1,2,4692,after,32,,recalibrated,7,0.025,-1,1.002186981201172,0.662,1.089247528076172,0.627
resolution_max_b1,2,4692,after,32,,recalibrated,7,0.05,1,1.0696950073242188,0.645,1.1557350463867186,0.614
resolution_max_b1,2,4692,after,32,,recalibrated,7,0.05,-1,1.0328937683105468,0.647,1.11604443359375,0.609
resolution_max_b1,2,4692,after,32,,recalibrated,7,0.1,1,1.202978515625,0.588,1.2919096069335938,0.561
resolution_max_b1,2,4692,after,32,,recalibrated,7,0.1,-1,1.162372314453125,0.593,1.2476260986328125,0.577
resolution_max_b1,2,4692,after,32,,recalibrated,7,0.2,1,1.5912067260742186,0.454,1.685970703125,0.432
resolution_max_b1,2,4692,after,32,,recalibrated,7,0.2,-1,1.5232573852539062,0.459,1.6304158935546875,0.431
resolution_max_b1,2,4692,after,32,,recalibrated,7,0.25,1,1.83303369140625,0.399,1.9161080322265625,0.379
resolution_max_b1,2,4692,after,32,,recalibrated,7,0.25,-1,1.7179547119140626,0.416,1.8356121215820314,0.374
resolution_max_b1,2,4692,r=16,16,,recalibrated,7,0.025,1,0.7237619934082031,0.749,0.874641845703125,0.718
resolution_max_b1,2,4692,r=16,16,,recalibrated,7,0.025,-1,0.7265413818359375,0.756,0.8677136535644532,0.718
resolution_max_b1,2,4692,r=16,16,,recalibrated,7,0.05,1,0.7481309204101563,0.741,0.8971041870117188,0.707
resolution_max_b1,2,4692,r=16,16,,recalibrated,7,0.05,-1,0.7584795227050781,0.754,0.8881075744628906,0.718
resolution_max_b1,2,4692,r=16,16,,recalibrated,7,0.1,1,0.8374637756347656,0.716,0.9747342529296875,0.688
resolution_max_b1,2,4692,r=16,16,,recalibrated,7,0.1,-1,0.8734057312011718,0.717,0.9804564819335938,0.685
resolution_max_b1,2,4692,r=16,16,,recalibrated,7,0.2,1,1.1151649780273438,0.644,1.2349801025390625,0.614
resolution_max_b1,2,4692,r=16,16,,recalibrated,7,0.2,-1,1.2036101684570313,0.603,1.2878414306640624,0.591
resolution_max_b1,2,4692,r=16,16,,recalibrated,7,0.25,1,1.29596826171875,0.583,1.4057628173828125,0.567
resolution_max_b1,2,4692,r=16,16,,recalibrated,7,0.25,-1,1.4026556396484375,0.553,1.488598876953125,0.544
resolution_max_b1,2,4692,before,24,,recalibrated,8,0.025,1,0.5014886474609375,0.827,0.67238037109375,0.767
resolution_max_b1,2,4692,before,24,,recalibrated,8,0.025,-1,0.5109934692382813,0.82,0.677052734375,0.766
resolution_max_b1,2,4692,before,24,,recalibrated,8,0.05,1,0.5123232269287109,0.822,0.6810104370117187,0.762
resolution_max_b1,2,4692,before,24,,recalibrated,8,0.05,-1,0.5306377868652343,0.815,0.6896868286132812,0.758
resolution_max_b1,2,4692,before,24,,recalibrated,8,0.1,1,0.5629519653320313,0.8,0.7213239440917969,0.747
resolution_max_b1,2,4692,before,24,,recalibrated,8,0.1,-1,0.6072784118652343,0.789,0.7382681884765625,0.741
resolution_max_b1,2,4692,before,24,,recalibrated,8,0.2,1,0.760806396484375,0.742,0.879568359375,0.681
resolution_max_b1,2,4692,before,24,,recalibrated,8,0.2,-1,0.8702205505371093,0.681,0.939494140625,0.678
resolution_max_b1,2,4692,before,24,,recalibrated,8,0.25,1,0.8985757446289062,0.687,1.0052384033203126,0.639
resolution_max_b1,2,4692,before,24,,recalibrated,8,0.25,-1,1.041723876953125,0.636,1.0903225708007813,0.632
resolution_max_b1,2,4692,after,32,,recalibrated,8,0.025,1,1.0027216491699218,0.657,1.0964456176757813,0.629
resolution_max_b1,2,4692,after,32,,recalibrated,8,0.025,-1,1.010851318359375,0.666,1.0898241577148438,0.635
resolution_max_b1,2,4692,after,32,,recalibrated,8,0.05,1,1.0197081298828126,0.648,1.1165595703125,0.614
resolution_max_b1,2,4692,after,32,,recalibrated,8,0.05,-1,1.0361786499023438,0.643,1.1120372314453124,0.623
resolution_max_b1,2,4692,after,32,,recalibrated,8,0.1,1,1.0811636047363282,0.634,1.1819607543945312,0.585
resolution_max_b1,2,4692,after,32,,recalibrated,8,0.1,-1,1.1386949462890625,0.603,1.2055768432617187,0.592
resolution_max_b1,2,4692,after,32,,recalibrated,8,0.2,1,1.2888717651367188,0.563,1.4118133544921876,0.494
resolution_max_b1,2,4692,after,32,,recalibrated,8,0.2,-1,1.449779541015625,0.51,1.5044544677734375,0.503
resolution_max_b1,2,4692,after,32,,recalibrated,8,0.25,1,1.4274835205078125,0.503,1.5674959106445312,0.443
resolution_max_b1,2,4692,after,32,,recalibrated,8,0.25,-1,1.6411271362304687,0.449,1.6908120727539062,0.454
resolution_max_b1,2,4692,r=16,16,,recalibrated,8,0.025,1,0.724479248046875,0.756,0.8699295349121093,0.717
resolution_max_b1,2,4692,r=16,16,,recalibrated,8,0.025,-1,0.7203499450683594,0.757,0.8660477600097656,0.71
resolution_max_b1,2,4692,r=16,16,,recalibrated,8,0.05,1,0.7402134704589843,0.754,0.8852548828125,0.719
resolution_max_b1,2,4692,r=16,16,,recalibrated,8,0.05,-1,0.7348480224609375,0.754,0.8753922119140625,0.711
resolution_max_b1,2,4692,r=16,16,,recalibrated,8,0.1,1,0.79908251953125,0.723,0.947024658203125,0.689
resolution_max_b1,2,4692,r=16,16,,recalibrated,8,0.1,-1,0.8113958129882812,0.726,0.9224924926757813,0.708
resolution_max_b1,2,4692,r=16,16,,recalibrated,8,0.2,1,0.9938234558105469,0.665,1.1458018188476562,0.641
resolution_max_b1,2,4692,r=16,16,,recalibrated,8,0.2,-1,1.0636626586914062,0.656,1.0957459106445313,0.671
resolution_max_b1,2,4692,r=16,16,,recalibrated,8,0.25,1,1.1368128051757813,0.622,1.2752074584960937,0.594
resolution_max_b1,2,4692,r=16,16,,recalibrated,8,0.25,-1,1.2418313598632813,0.59,1.2347255859375,0.615
resolution_max_b1,2,4692,before,24,,recalibrated,9,0.025,1,0.5012632293701171,0.833,0.6745574340820313,0.762
resolution_max_b1,2,4692,before,24,,recalibrated,9,0.025,-1,0.5109059143066407,0.827,0.6757861328125,0.764
resolution_max_b1,2,4692,before,24,,recalibrated,9,0.05,1,0.5112427825927734,0.83,0.6846420288085937,0.749
resolution_max_b1,2,4692,before,24,,recalibrated,9,0.05,-1,0.5286099853515625,0.816,0.6886061706542969,0.759
resolution_max_b1,2,4692,before,24,,recalibrated,9,0.1,1,0.5683291625976562,0.813,0.7320072631835938,0.758
resolution_max_b1,2,4692,before,24,,recalibrated,9,0.1,-1,0.59837939453125,0.781,0.7455715026855468,0.744
resolution_max_b1,2,4692,before,24,,recalibrated,9,0.2,1,0.8246994934082031,0.707,0.9601660766601563,0.679
resolution_max_b1,2,4692,before,24,,recalibrated,9,0.2,-1,0.8720549621582031,0.709,0.981296630859375,0.672
resolution_max_b1,2,4692,before,24,,recalibrated,9,0.25,1,1.0328336791992188,0.639,1.1545383911132812,0.621
resolution_max_b1,2,4692,before,24,,recalibrated,9,0.25,-1,1.097476318359375,0.626,1.169439453125,0.616
resolution_max_b1,2,4692,after,32,,recalibrated,9,0.025,1,1.00362255859375,0.666,1.0935947265625,0.632
resolution_max_b1,2,4692,after,32,,recalibrated,9,0.025,-1,1.0130275268554687,0.66,1.0967982177734374,0.639
resolution_max_b1,2,4692,after,32,,recalibrated,9,0.05,1,1.0234357299804688,0.66,1.1162156982421876,0.617
resolution_max_b1,2,4692,after,32,,recalibrated,9,0.05,-1,1.0431688232421874,0.644,1.1210274047851563,0.627
resolution_max_b1,2,4692,after,32,,recalibrated,9,0.1,1,1.1103698120117187,0.623,1.2091689453125,0.587
resolution_max_b1,2,4692,after,32,,recalibrated,9,0.1,-1,1.151786865234375,0.619,1.2153263549804687,0.581
resolution_max_b1,2,4692,after,32,,recalibrated,9,0.2,1,1.4406871337890625,0.497,1.5373114013671876,0.484
resolution_max_b1,2,4692,after,32,,recalibrated,9,0.2,-1,1.5453036499023438,0.48,1.6088768310546875,0.433
resolution_max_b1,2,4692,after,32,,recalibrated,9,0.25,1,1.6558004150390624,0.437,1.750877685546875,0.422
resolution_max_b1,2,4692,after,32,,recalibrated,9,0.25,-1,1.8224910888671875,0.393,1.8838599243164063,0.368
resolution_max_b1,2,4692,r=16,16,,recalibrated,9,0.025,1,0.7229443359375,0.752,0.8695798950195313,0.715
resolution_max_b1,2,4692,r=16,16,,recalibrated,9,0.025,-1,0.7203176879882812,0.758,0.8703919067382813,0.712
resolution_max_b1,2,4692,r=16,16,,recalibrated,9,0.05,1,0.7363200988769532,0.74,0.8845846252441406,0.718
resolution_max_b1,2,4692,r=16,16,,recalibrated,9,0.05,-1,0.7363151550292969,0.756,0.8874845275878906,0.699
resolution_max_b1,2,4692,r=16,16,,recalibrated,9,0.1,1,0.794233642578125,0.726,0.9347275085449219,0.702
resolution_max_b1,2,4692,r=16,16,,recalibrated,9,0.1,-1,0.8042397766113282,0.73,0.9463204956054687,0.682
resolution_max_b1,2,4692,r=16,16,,recalibrated,9,0.2,1,1.050931915283203,0.647,1.1776991577148437,0.635
resolution_max_b1,2,4692,r=16,16,,recalibrated,9,0.2,-1,1.0825732421875,0.648,1.1818432006835937,0.606
resolution_max_b1,2,4692,r=16,16,,recalibrated,9,0.25,1,1.2500823364257811,0.599,1.3659295654296875,0.576
resolution_max_b1,2,4692,r=16,16,,recalibrated,9,0.25,-1,1.2969674682617187,0.577,1.37029541015625,0.564
