method,seed,policy,split,direction,amplitude,S_f32,S_f64,diff,L0_diff,suspicious,C_f32,C_f64
plain,0,saved,train_probe,0,0.005,0.00126082611083983,0.0012609180293579325,-9.191851810252949e-08,3.555520208808893e-08,False,100.86608886718639,100.8734423486346
plain,0,saved,train_probe,0,0.01,0.005564002990722655,0.005564047268659028,-4.4277936372960625e-08,3.555520208808893e-08,False,111.2800598144531,111.28094537318056
plain,0,saved,train_probe,0,0.02,0.022787452697753896,0.022787539984048227,-8.72862943313013e-08,3.555520208808893e-08,False,113.93726348876947,113.93769992024113
plain,0,saved,train_probe,0,0.05,0.1463892364501953,0.14638935820909152,-1.2175889621546254e-07,3.555520208808893e-08,False,117.11138916015622,117.11148656727319
plain,0,saved,train_probe,1,0.005,0.0018463058471679672,0.0018463533375260022,-4.749035803497392e-08,3.555520208808893e-08,False,147.70446777343736,147.70826700208016
plain,0,saved,train_probe,1,0.01,0.0073153419494629,0.00731537787772138,-3.5928258479422936e-08,3.555520208808893e-08,False,146.30683898925798,146.30755755442758
plain,0,saved,train_probe,1,0.02,0.02959946823120113,0.02959948021540046,-1.198419932735284e-08,3.555520208808893e-08,False,147.99734115600566,147.99740107700228
plain,0,saved,train_probe,1,0.05,0.19340144348144533,0.19340166717065502,-2.2368920968296457e-07,3.555520208808893e-08,False,154.72115478515624,154.72133373652397
plain,0,saved,test_probe,0,0.005,0.0006445922851562313,0.0006444969332026762,9.535195355514503e-08,-5.176315465149628e-08,False,51.56738281249851,51.559754656214096
plain,0,saved,test_probe,0,0.01,0.0027619476318359037,0.0027619705439503317,-2.2912114427953156e-08,-5.176315465149628e-08,False,55.238952636718075,55.239410879006634
plain,0,saved,test_probe,0,0.02,0.012769195556640578,0.012769218414808048,-2.2858167469941293e-08,-5.176315465149628e-08,False,63.84597778320288,63.846092074040236
plain,0,saved,test_probe,0,0.05,0.09104792785644533,0.09104781864033373,1.0921611159897537e-07,-5.176315465149628e-08,False,72.83834228515626,72.83825491226698
plain,0,saved,test_probe,1,0.005,0.0014009246826172106,0.00140075635031911,1.6833229810053751e-07,-5.176315465149628e-08,False,112.07397460937685,112.0605080255288
plain,0,saved,test_probe,1,0.01,0.005864837646484267,0.0058647792627524176,5.8383731849076526e-08,-5.176315465149628e-08,False,117.29675292968533,117.29558525504835
plain,0,saved,test_probe,1,0.02,0.025012939453124994,0.025012987243675733,-4.779055073900196e-08,-5.176315465149628e-08,False,125.06469726562496,125.06493621837866
plain,0,saved,test_probe,1,0.05,0.17479524230957022,0.17479543918590656,-1.9687633634468682e-07,-5.176315465149628e-08,False,139.83619384765615,139.83635134872523
plain,0,recalibrated,train_probe,0,0.005,0.0006072731018066657,0.0006073261096289639,-5.300782229822332e-08,3.378570309631179e-08,False,48.581848144533254,48.58608877031711
plain,0,recalibrated,train_probe,0,0.01,0.002302127838134771,0.0023022360753155446,-1.0823718077368483e-07,3.378570309631179e-08,False,46.04255676269542,46.04472150631089
plain,0,recalibrated,train_probe,0,0.02,0.009284996032714848,0.009285063417107442,-6.738439259357243e-08,3.378570309631179e-08,False,46.42498016357424,46.42531708553721
plain,0,recalibrated,train_probe,0,0.05,0.052697700500488304,0.05269774976065511,-4.926016680673051e-08,3.378570309631179e-08,False,42.158160400390635,42.15819980852408
plain,0,recalibrated,train_probe,1,0.005,0.0005387077331543144,0.0005387583729892231,-5.063983490871671e-08,3.378570309631179e-08,False,43.09661865234515,43.10066983913785
plain,0,recalibrated,train_probe,1,0.01,0.0020707244873046926,0.002070806536859815,-8.204955512236545e-08,3.378570309631179e-08,False,41.41448974609385,41.4161307371963
plain,0,recalibrated,train_probe,1,0.02,0.007557991027832028,0.00755806676205123,-7.573421920148427e-08,3.378570309631179e-08,False,37.78995513916014,37.79033381025615
plain,0,recalibrated,train_probe,1,0.05,0.041965011596679674,0.04196507850525011,-6.690857043412102e-08,3.378570309631179e-08,False,33.57200927734373,33.57206280420008
plain,0,recalibrated,test_probe,0,0.005,0.00024476623535163444,0.0002445840414860845,1.821938655499622e-07,-1.5381390383595317e-07,False,19.581298828130755,19.56672331888676
plain,0,recalibrated,test_probe,0,0.01,0.0008119354248047328,0.0008118156123495535,1.1981245517933559e-07,-1.5381390383595317e-07,False,16.238708496094656,16.23631224699107
plain,0,recalibrated,test_probe,0,0.02,0.0033381805419921973,0.003338009971275757,1.7057071644011046e-07,-1.5381390383595317e-07,False,16.690902709960987,16.690049856378785
plain,0,recalibrated,test_probe,0,0.05,0.01851388549804689,0.018513758333281838,1.2716476505136853e-07,-1.5381390383595317e-07,False,14.811108398437508,14.811006666625467
plain,0,recalibrated,test_probe,1,0.005,9.240722656256306e-05,9.233845327849544e-05,6.877328406762473e-08,-1.5381390383595317e-07,False,7.392578125005045,7.387076262279635
plain,0,recalibrated,test_probe,1,0.01,0.0004094696044921742,0.0004093503311349833,1.192733571908633e-07,-1.5381390383595317e-07,False,8.189392089843484,8.187006622699666
plain,0,recalibrated,test_probe,1,0.02,0.002250534057617215,0.0022504742957319968,5.976188521827908e-08,-1.5381390383595317e-07,False,11.252670288086074,11.252371478659983
plain,0,recalibrated,test_probe,1,0.05,0.016075866699218788,0.01607570691643223,1.59782786557372e-07,-1.5381390383595317e-07,False,12.860693359375029,12.860565533145783
plain,0,centre_frozen,train_probe,0,0.005,0.0014376258850097579,0.0014377087897886887,-8.29047789308035e-08,3.1476523415507884e-08,False,115.01007080078062,115.01670318309509
plain,0,centre_frozen,train_probe,0,0.01,0.005797817230224628,0.005797895410122378,-7.817989775005252e-08,3.1476523415507884e-08,False,115.95634460449256,115.95790820244756
plain,0,centre_frozen,train_probe,0,0.02,0.023336357116699236,0.02333640361935896,-4.650265972294676e-08,3.1476523415507884e-08,False,116.68178558349618,116.68201809679479
plain,0,centre_frozen,train_probe,0,0.05,0.14936006164550777,0.14936008089309977,-1.924759199245507e-08,3.1476523415507884e-08,False,119.48804931640619,119.48806471447979
plain,0,centre_frozen,train_probe,1,0.005,0.0019733695983886745,0.0019733906894990882,-2.1091110413706815e-08,3.1476523415507884e-08,False,157.86956787109395,157.87125515992705
plain,0,centre_frozen,train_probe,1,0.01,0.007642452239990244,0.007642483016241819,-3.0776251574993196e-08,3.1476523415507884e-08,False,152.84904479980486,152.84966032483638
plain,0,centre_frozen,train_probe,1,0.02,0.03028650283813475,0.030286498672567386,4.165567363267897e-09,3.1476523415507884e-08,False,151.43251419067374,151.4324933628369
plain,0,centre_frozen,train_probe,1,0.05,0.19796734619140624,0.1979674074884426,-6.129703636337247e-08,3.1476523415507884e-08,False,158.37387695312495,158.37392599075406
plain,0,centre_frozen,test_probe,0,0.005,0.0006252746582030566,0.0006252115645696277,6.309363342893448e-08,-7.705048399309078e-08,False,50.02197265624453,50.016925165570214
plain,0,centre_frozen,test_probe,0,0.01,0.002939743041992182,0.0029396307009258438,1.1234106633839502e-07,-7.705048399309078e-08,False,58.79486083984364,58.79261401851687
plain,0,centre_frozen,test_probe,0,0.02,0.013913223266601604,0.013913074509941281,1.4875666032310164e-07,-7.705048399309078e-08,False,69.56611633300801,69.5653725497064
plain,0,centre_frozen,test_probe,0,0.05,0.09464915466308599,0.09464903576994066,1.1889314532886885e-07,-7.705048399309078e-08,False,75.71932373046877,75.71922861595252
plain,0,centre_frozen,test_probe,1,0.005,0.001494934082031274,0.0014948387672034658,9.531482780822387e-08,-7.705048399309078e-08,False,119.59472656250192,119.58710137627726
plain,0,centre_frozen,test_probe,1,0.01,0.0060644531250000355,0.006064364859175941,8.826582409415806e-08,-7.705048399309078e-08,False,121.28906250000071,121.28729718351882
plain,0,centre_frozen,test_probe,1,0.02,0.025581314086913998,0.025581290841962923,2.3244951075085396e-08,-7.705048399309078e-08,False,127.90657043456999,127.90645420981461
plain,0,centre_frozen,test_probe,1,0.05,0.17948486328125002,0.17948478681235802,7.646889199630635e-08,-7.705048399309078e-08,False,143.587890625,143.58782944988639
plain,1,saved,train_probe,0,0.005,0.0014648361206054672,0.0014648257638406326,1.0356764834629217e-08,-5.0877603102739144e-08,False,117.18688964843737,117.1860611072506
plain,1,saved,train_probe,0,0.01,0.005685691833496098,0.0056856767601395075,1.507335659067799e-08,-5.0877603102739144e-08,False,113.71383666992196,113.71353520279014
plain,1,saved,train_probe,0,0.02,0.02171572494506835,0.021715702573335965,2.2371732383286158e-08,-5.0877603102739144e-08,False,108.57862472534174,108.57851286667982
plain,1,saved,train_probe,0,0.05,0.13153355407714845,0.13153350082742613,5.3249722326009774e-08,-5.0877603102739144e-08,False,105.22684326171874,105.22680066194089
plain,1,saved,train_probe,1,0.005,0.003382099151611334,0.0033820217897664595,7.736184487461273e-08,-5.0877603102739144e-08,False,270.5679321289067,270.56174318131673
plain,1,saved,train_probe,1,0.01,0.013071151733398456,0.013071105705753455,4.602764500094558e-08,-5.0877603102739144e-08,False,261.4230346679691,261.42211411506906
plain,1,saved,train_probe,1,0.02,0.05073875427246094,0.050738684523912114,6.974854882546566e-08,-5.0877603102739144e-08,False,253.6937713623047,253.69342261956055
plain,1,saved,train_probe,1,0.05,0.32911351013183593,0.3291135031200427,7.011793201616712e-09,-5.0877603102739144e-08,False,263.29080810546867,263.29080249603413
plain,1,saved,test_probe,0,0.005,0.0008652038574218368,0.0008650833416042891,1.2051581754768392e-07,5.579607886829763e-09,False,69.21630859374694,69.20666732834313
plain,1,saved,test_probe,0,0.01,0.0034735717773437536,0.0034735917111777814,-1.9933834027874298e-08,5.579607886829763e-09,False,69.47143554687507,69.47183422355563
plain,1,saved,test_probe,0,0.02,0.01399967956542969,0.013999727603992151,-4.803856246127225e-08,5.579607886829763e-09,False,69.99839782714845,69.99863801996075
plain,1,saved,test_probe,0,0.05,0.08990344238281256,0.0899035005982326,-5.821542004014191e-08,5.579607886829763e-09,False,71.92275390625004,71.92280047858607
plain,1,saved,test_probe,1,0.005,0.0028238983154297292,0.002823874563744666,2.3751685063189143e-08,5.579607886829763e-09,False,225.91186523437833,225.90996509957327
plain,1,saved,test_probe,1,0.01,0.011688995361328058,0.011688960563541961,3.479778609705164e-08,5.579607886829763e-09,False,233.77990722656116,233.77921127083923
plain,1,saved,test_probe,1,0.02,0.0468467712402344,0.04684668741356113,8.382667326944926e-08,5.579607886829763e-09,False,234.233856201172,234.23343706780562
plain,1,saved,test_probe,1,0.05,0.28955084228515615,0.28955077963529796,6.264985819015578e-08,5.579607886829763e-09,False,231.64067382812487,231.64062370823834
plain,1,recalibrated,train_probe,0,0.005,0.0005268707275390416,0.0005269632585908068,-9.253105176521004e-08,3.8002120172908604e-08,False,42.14965820312333,42.15706068726455
plain,1,recalibrated,train_probe,0,0.01,0.0021961975097656294,0.002196271087585744,-7.357782011441216e-08,3.8002120172908604e-08,False,43.923950195312585,43.92542175171487
plain,1,recalibrated,train_probe,0,0.02,0.008373062133789078,0.008373153997266403,-9.186347732503819e-08,3.8002120172908604e-08,False,41.865310668945384,41.86576998633201
plain,1,recalibrated,train_probe,0,0.05,0.04749780654907226,0.04749781089568139,-4.346609128180745e-09,3.8002120172908604e-08,False,37.998245239257805,37.998248716545106
plain,1,recalibrated,train_probe,1,0.005,0.0007160148620605489,0.0007160759013472018,-6.103928665290859e-08,3.8002120172908604e-08,False,57.281188964843906,57.28607210777614
plain,1,recalibrated,train_probe,1,0.01,0.002881980895996089,0.0028819894946379987,-8.598641909607352e-09,3.8002120172908604e-08,False,57.639617919921776,57.63978989275997
plain,1,recalibrated,train_probe,1,0.02,0.010668029785156241,0.010668060029611542,-3.024445530130926e-08,3.8002120172908604e-08,False,53.3401489257812,53.34030014805771
plain,1,recalibrated,train_probe,1,0.05,0.06541220474243165,0.06541220108895085,3.6534807956734028e-09,3.8002120172908604e-08,False,52.329763793945304,52.32976087116067
plain,1,recalibrated,test_probe,0,0.005,0.000208816528320388,0.00020865438786099588,1.6214045939211275e-07,-7.623523201605309e-08,False,16.70532226563104,16.69235102887967
plain,1,recalibrated,test_probe,0,0.01,0.0008152008056641069,0.0008151584565430081,4.234912109879474e-08,-7.623523201605309e-08,False,16.304016113282138,16.303169130860162
plain,1,recalibrated,test_probe,0,0.02,0.0025016479492188104,0.002501481984989118,1.6596422969250568e-07,-7.623523201605309e-08,False,12.508239746094052,12.50740992494559
plain,1,recalibrated,test_probe,0,0.05,0.015543548583984435,0.015543415314110964,1.332698734701765e-07,-7.623523201605309e-08,False,12.434838867187546,12.43473225128877
plain,1,recalibrated,test_probe,1,0.005,0.0001479949951171955,0.00014788137405419288,1.1362106300261132e-07,-7.623523201605309e-08,False,11.83959960937564,11.83050992433543
plain,1,recalibrated,test_probe,1,0.01,0.0009613342285156312,0.0009613041230092101,3.0105506421129746e-08,-7.623523201605309e-08,False,19.226684570312624,19.2260824601842
plain,1,recalibrated,test_probe,1,0.02,0.005013046264648491,0.005012910229943768,1.3603470472300927e-07,-7.623523201605309e-08,False,25.065231323242454,25.064551149718838
plain,1,recalibrated,test_probe,1,0.05,0.03398078918457037,0.03398073151964476,5.766492561232184e-08,-7.623523201605309e-08,False,27.184631347656293,27.184585215715803
plain,1,centre_frozen,train_probe,0,0.005,0.0014097442626953005,0.0014098060653812694,-6.180268596889249e-08,4.5201031029229455e-08,False,112.77954101562403,112.78448523050155
plain,1,centre_frozen,train_probe,0,0.01,0.0056417541503906155,0.005641791743121016,-3.759273040082611e-08,4.5201031029229455e-08,False,112.8350830078123,112.83583486242031
plain,1,centre_frozen,train_probe,0,0.02,0.021546459197998025,0.021546514757022295,-5.555902427012427e-08,4.5201031029229455e-08,False,107.73229598999012,107.73257378511147
plain,1,centre_frozen,train_probe,0,0.05,0.12969614410400393,0.12969621665554815,-7.255154421681453e-08,4.5201031029229455e-08,False,103.75691528320313,103.75697332443849
plain,1,centre_frozen,train_probe,1,0.005,0.0033383560180663963,0.003338382712480964,-2.669441456770727e-08,4.5201031029229455e-08,False,267.0684814453117,267.0706169984771
plain,1,centre_frozen,train_probe,1,0.01,0.012694179534912087,0.012694248983569606,-6.944865751923324e-08,4.5201031029229455e-08,False,253.88359069824173,253.8849796713921
plain,1,centre_frozen,train_probe,1,0.02,0.0499989356994629,0.049998975066846196,-3.9367383297683745e-08,4.5201031029229455e-08,False,249.99467849731448,249.99487533423098
plain,1,centre_frozen,train_probe,1,0.05,0.32561940765380865,0.3256195878130674,-1.8015925873360317e-07,4.5201031029229455e-08,False,260.4955261230469,260.4956702504538
plain,1,centre_frozen,test_probe,0,0.005,0.0007487792968751128,0.0007488218470454999,-4.255017038712339e-08,-1.0930730875990946e-08,False,59.902343750009024,59.905747763639994
plain,1,centre_frozen,test_probe,0,0.01,0.0032278747558595056,0.003227880813614137,-6.057754631250134e-09,-1.0930730875990946e-08,False,64.55749511719011,64.55761627228273
plain,1,centre_frozen,test_probe,0,0.02,0.013503082275390654,0.01350296651222238,1.1576316827355271e-07,-1.0930730875990946e-08,False,67.51541137695327,67.5148325611119
plain,1,centre_frozen,test_probe,0,0.05,0.08651414489746101,0.08651425847691263,-1.1357945162160377e-07,-1.0930730875990946e-08,False,69.21131591796879,69.21140678153009
plain,1,centre_frozen,test_probe,1,0.005,0.0026735687255859952,0.0026736834326697156,-1.1470708372041116e-07,-1.0930730875990946e-08,False,213.8854980468796,213.89467461357725
plain,1,centre_frozen,test_probe,1,0.01,0.011216339111328133,0.01121614304584495,1.96065483182295e-07,-1.0930730875990946e-08,False,224.32678222656264,224.322860916899
plain,1,centre_frozen,test_probe,1,0.02,0.04550514221191404,0.04550494858553389,1.936263801516347e-07,-1.0930730875990946e-08,False,227.5257110595702,227.52474292766942
plain,1,centre_frozen,test_probe,1,0.05,0.2849013366699219,0.28490133015604346,6.513878436642528e-09,-1.0930730875990946e-08,False,227.9210693359375,227.92106412483471
plain,2,saved,train_probe,0,0.005,0.0016516685485840066,0.001651668030960285,5.176237216630852e-10,-5.7499414674033744e-09,False,132.1334838867205,132.13344247682278
plain,2,saved,train_probe,0,0.01,0.006527084350585938,0.006527112127153567,-2.77765676293118e-08,-5.7499414674033744e-09,False,130.54168701171875,130.54224254307132
plain,2,saved,train_probe,0,0.02,0.02473611068725587,0.024736164595608873,-5.390835300378427e-08,-5.7499414674033744e-09,False,123.68055343627934,123.68082297804436
plain,2,saved,train_probe,0,0.05,0.15396150970458988,0.1539614307093991,7.899519077758654e-08,-5.7499414674033744e-09,False,123.16920776367188,123.16914456751925
plain,2,saved,train_probe,1,0.005,0.0017652397155761834,0.0017652407596212283,-1.0440450448623295e-09,-5.7499414674033744e-09,False,141.21917724609466,141.21926076969825
plain,2,saved,train_probe,1,0.01,0.006851299285888679,0.006851320765228819,-2.1479340139851644e-08,-5.7499414674033744e-09,False,137.02598571777358,137.02641530457637
plain,2,saved,train_probe,1,0.02,0.02685286331176756,0.026852870071555623,-6.759788062637995e-09,-5.7499414674033744e-09,False,134.2643165588378,134.2643503577781
plain,2,saved,train_probe,1,0.05,0.16335181427001955,0.163351882565496,-6.829547644082723e-08,-5.7499414674033744e-09,False,130.68145141601562,130.68150605239677
plain,2,saved,test_probe,0,0.005,0.0014035034179687988,0.0014032558822846264,2.4753568417246186e-07,-1.323133337338689e-07,False,112.28027343750391,112.26047058277011
plain,2,saved,test_probe,0,0.01,0.005556640624999942,0.005556438828935639,2.017960643030392e-07,-1.323133337338689e-07,False,111.13281249999883,111.12877657871277
plain,2,saved,test_probe,0,0.02,0.021755004882812456,0.021755033479365915,-2.8596553458548613e-08,-1.323133337338689e-07,False,108.77502441406227,108.77516739682957
plain,2,saved,test_probe,0,0.05,0.13589021301269522,0.13589007023999677,1.4277269844154006e-07,-1.323133337338689e-07,False,108.71217041015615,108.7120561919974
plain,2,saved,test_probe,1,0.005,0.0009616394042968324,0.0009615067941610711,1.3261013576126857e-07,-1.323133337338689e-07,False,76.93115234374659,76.92054353288569
plain,2,saved,test_probe,1,0.01,0.004585083007812463,0.004584964490098042,1.1851771442028536e-07,-1.323133337338689e-07,False,91.70166015624925,91.69928980196084
plain,2,saved,test_probe,1,0.02,0.019836608886718676,0.01983647657749743,1.3230922124574107e-07,-1.323133337338689e-07,False,99.18304443359338,99.18238288748715
plain,2,saved,test_probe,1,0.05,0.13015832519531245,0.1301580737577288,2.5143758364265523e-07,-1.323133337338689e-07,False,104.12666015624994,104.12645900618303
plain,2,recalibrated,train_probe,0,0.005,0.0005649337768554585,0.0005650151049642615,-8.132810880301378e-08,6.3967544317034e-08,False,45.19470214843668,45.201208397140924
plain,2,recalibrated,train_probe,0,0.01,0.0022467765808105444,0.0022468218573988286,-4.527658828412662e-08,6.3967544317034e-08,False,44.93553161621089,44.93643714797657
plain,2,recalibrated,train_probe,0,0.02,0.00851979064941405,0.008519851713009341,-6.106359529134409e-08,6.3967544317034e-08,False,42.59895324707025,42.5992585650467
plain,2,recalibrated,train_probe,0,0.05,0.04686835098266601,0.04686837265603966,-2.167337365133193e-08,6.3967544317034e-08,False,37.4946807861328,37.49469812483172
plain,2,recalibrated,train_probe,1,0.005,0.000621505737304684,0.0006215809974542963,-7.526014961234395e-08,6.3967544317034e-08,False,49.720458984374716,49.7264797963437
plain,2,recalibrated,train_probe,1,0.01,0.002310073852539063,0.0023101128390194403,-3.898648037736763e-08,6.3967544317034e-08,False,46.20147705078126,46.2022567803888
plain,2,recalibrated,train_probe,1,0.02,0.009246818542480467,0.009246838837276061,-2.0294795594066883e-08,6.3967544317034e-08,False,46.23409271240234,46.23419418638031
plain,2,recalibrated,train_probe,1,0.05,0.054758102416992166,0.05475822577440398,-1.2335741181312976e-07,6.3967544317034e-08,False,43.80648193359372,43.806580619523174
plain,2,recalibrated,test_probe,0,0.005,-2.8793334960974803e-05,-2.8790123167254933e-05,-3.2117937198705704e-09,1.1320918091861643e-08,False,-2.3034667968779843,-2.3032098533803946
plain,2,recalibrated,test_probe,0,0.01,7.45697021484748e-05,7.458133980697834e-05,-1.1637658503538262e-08,1.1320918091861643e-08,False,1.491394042969496,1.4916267961395668
plain,2,recalibrated,test_probe,0,0.02,0.0010061340332032653,0.0010061834136819714,-4.938047870606255e-08,1.1320918091861643e-08,False,5.030670166016327,5.030917068409857
plain,2,recalibrated,test_probe,0,0.05,0.010284118652343799,0.01028406582489938,5.282744441892362e-08,1.1320918091861643e-08,False,8.227294921875037,8.227252659919502
plain,2,recalibrated,test_probe,1,0.005,0.0003740692138671786,0.0003740796312542427,-1.041738706408779e-08,1.1320918091861643e-08,False,29.92553710937429,29.926370500339416
plain,2,recalibrated,test_probe,1,0.01,0.001538177490234438,0.0015381733340359416,4.156198496474417e-09,1.1320918091861643e-08,False,30.76354980468876,30.76346668071883
plain,2,recalibrated,test_probe,1,0.02,0.005671615600586044,0.0056717564708755885,-1.4087028954445913e-07,1.1320918091861643e-08,False,28.35807800293022,28.35878235437794
plain,2,recalibrated,test_probe,1,0.05,0.03288127136230479,0.03288128237726473,-1.1014959944155578e-08,1.1320918091861643e-08,False,26.305017089843826,26.30502590181178
plain,2,centre_frozen,train_probe,0,0.005,0.0016404914855956965,0.0016405551456842304,-6.366008853397886e-08,4.056886071523991e-08,False,131.2393188476557,131.24441165473843
plain,2,centre_frozen,train_probe,0,0.01,0.0063844528198241934,0.006384476659073268,-2.3839249074786295e-08,4.056886071523991e-08,False,127.68905639648386,127.68953318146536
plain,2,centre_frozen,train_probe,0,0.02,0.024825275421142545,0.02482537891732778,-1.0349618523308735e-07,4.056886071523991e-08,False,124.12637710571272,124.12689458663888
plain,2,centre_frozen,train_probe,0,0.05,0.15390243530273434,0.15390242167203644,1.3630697903721511e-08,4.056886071523991e-08,False,123.12194824218744,123.12193733762912
plain,2,centre_frozen,train_probe,1,0.005,0.0016472511291503733,0.0016473469271323093,-9.579798193604105e-08,4.056886071523991e-08,False,131.78009033202986,131.78775417058475
plain,2,centre_frozen,train_probe,1,0.01,0.006539924621582038,0.00654002636646106,-1.0174487902192553e-07,4.056886071523991e-08,False,130.79849243164077,130.8005273292212
plain,2,centre_frozen,train_probe,1,0.02,0.025729087829589825,0.025729170231915705,-8.240232587941598e-08,4.056886071523991e-08,False,128.64543914794913,128.6458511595785
plain,2,centre_frozen,train_probe,1,0.05,0.15960904693603511,0.15960899981316978,4.71228653320388e-08,4.056886071523991e-08,False,127.68723754882807,127.6871998505358
plain,2,centre_frozen,test_probe,0,0.005,0.0013085479736327787,0.0013086666553866477,-1.1868175386897661e-07,3.418800487153817e-08,False,104.6838378906223,104.69333243093182
plain,2,centre_frozen,test_probe,0,0.01,0.00517036437988283,0.005170445202741902,-8.082285907207165e-08,3.418800487153817e-08,False,103.4072875976566,103.40890405483805
plain,2,centre_frozen,test_probe,0,0.02,0.02176458740234377,0.021764628673920927,-4.127157715583252e-08,3.418800487153817e-08,False,108.82293701171885,108.82314336960464
plain,2,centre_frozen,test_probe,0,0.05,0.13608551025390625,0.13608551869925745,-8.445351196151307e-09,3.418800487153817e-08,False,108.86840820312499,108.86841495940594
plain,2,centre_frozen,test_probe,1,0.005,0.001396743774414122,0.0013968348762076754,-9.110179355342751e-08,3.418800487153817e-08,False,111.73950195312976,111.74679009661403
plain,2,centre_frozen,test_probe,1,0.01,0.004736114501953104,0.004736118799790856,-4.297837752353928e-09,3.418800487153817e-08,False,94.72229003906207,94.72237599581712
plain,2,centre_frozen,test_probe,1,0.02,0.01926290893554694,0.019262965717247393,-5.678170045264608e-08,3.418800487153817e-08,False,96.3145446777347,96.31482858623696
plain,2,centre_frozen,test_probe,1,0.05,0.12715077209472658,0.12715092918602966,-1.570913030768395e-07,3.418800487153817e-08,False,101.72061767578124,101.7207433488237
plain,3,saved,train_probe,0,0.005,0.002820281982421874,0.0028203425029806883,-6.052055881444751e-08,7.284948305708028e-08,False,225.6225585937499,225.62740023845507
plain,3,saved,train_probe,0,0.01,0.011640636444091773,0.011640719393692794,-8.294960102128712e-08,7.284948305708028e-08,False,232.81272888183545,232.81438787385588
plain,3,saved,train_probe,0,0.02,0.04683573913574218,0.046835817633159305,-7.849741712195879e-08,7.284948305708028e-08,False,234.1786956787109,234.17908816579651
plain,3,saved,train_probe,0,0.05,0.31820399475097655,0.318203985873736,8.877240553761823e-09,7.284948305708028e-08,False,254.5631958007812,254.56318869898874
plain,3,saved,train_probe,1,0.005,0.0025831031799316284,0.0025831669281370373,-6.37482054088867e-08,7.284948305708028e-08,False,206.64825439453026,206.65335425096296
plain,3,saved,train_probe,1,0.01,0.010436721801757809,0.010436785693097556,-6.389133974660233e-08,7.284948305708028e-08,False,208.73443603515616,208.7357138619511
plain,3,saved,train_probe,1,0.02,0.04330223464965818,0.04330229392228829,-5.927263010963024e-08,7.284948305708028e-08,False,216.5111732482909,216.51146961144144
plain,3,saved,train_probe,1,0.05,0.2872142181396484,0.2872142680279891,-4.988834068075931e-08,7.284948305708028e-08,False,229.7713745117187,229.77141442239125
plain,3,saved,test_probe,0,0.005,0.003216476440429661,0.003216419895826994,5.654460266679706e-08,-2.0631553576677675e-08,False,257.31811523437284,257.31359166615954
plain,3,saved,test_probe,0,0.01,0.012358673095703154,0.012358544954667705,1.2814103544922517e-07,-2.0631553576677675e-08,False,247.17346191406307,247.17089909335408
plain,3,saved,test_probe,0,0.02,0.04655587768554681,0.046555762221274444,1.1546427236552859e-07,-2.0631553576677675e-08,False,232.77938842773403,232.77881110637222
plain,3,saved,test_probe,0,0.05,0.3017773895263671,0.3017770335439367,3.559824304222303e-07,-2.0631553576677675e-08,False,241.42191162109364,241.4216268351493
plain,3,saved,test_probe,1,0.005,0.002931365966796884,0.002931332433798506,3.353299837804968e-08,-2.0631553576677675e-08,False,234.5092773437507,234.50659470388047
plain,3,saved,test_probe,1,0.01,0.011564819335937448,0.011564742222229585,7.711370786367411e-08,-2.0631553576677675e-08,False,231.29638671874895,231.2948444445917
plain,3,saved,test_probe,1,0.02,0.04491876220703128,0.04491872093421123,4.1272820050508585e-08,-2.0631553576677675e-08,False,224.5938110351564,224.59360467105614
plain,3,saved,test_probe,1,0.05,0.28436204528808595,0.2843619625908771,8.269720885856202e-08,-2.0631553576677675e-08,False,227.4896362304687,227.48957007270164
plain,3,recalibrated,train_probe,0,0.005,0.0007254524230957127,0.0007254390932361909,1.332985952173793e-08,-7.24756535341875e-09,False,58.03619384765701,58.035127458895275
plain,3,recalibrated,train_probe,0,0.01,0.0031773872375488177,0.003177405723701371,-1.8486152553176538e-08,-7.24756535341875e-09,False,63.54774475097635,63.548114474027415
plain,3,recalibrated,train_probe,0,0.02,0.011536315917968748,0.011536339325003364,-2.3407034616118594e-08,-7.24756535341875e-09,False,57.681579589843736,57.68169662501682
plain,3,recalibrated,train_probe,0,0.05,0.060997177124023444,0.06099715462768543,2.2496338014654782e-08,-7.24756535341875e-09,False,48.79774169921875,48.79772370214833
plain,3,recalibrated,train_probe,1,0.005,0.0006602058410644374,0.0006601927281708886,1.311289354877232e-08,-7.24756535341875e-09,False,52.816467285154985,52.81541825367108
plain,3,recalibrated,train_probe,1,0.01,0.002370643615722673,0.002370611465266792,3.2150455880897155e-08,-7.24756535341875e-09,False,47.41287231445346,47.412229305335835
plain,3,recalibrated,train_probe,1,0.02,0.008769054412841787,0.008769014392162405,4.002067938158049e-08,-7.24756535341875e-09,False,43.845272064208935,43.84507196081202
plain,3,recalibrated,train_probe,1,0.05,0.047961044311523426,0.04796096074397729,8.35675461330343e-08,-7.24756535341875e-09,False,38.368835449218736,38.36876859518183
plain,3,recalibrated,test_probe,0,0.005,0.0006123962402344585,0.0006127897253599413,-3.9348512548276204e-07,2.3266966742152562e-07,False,48.99169921875668,49.0231780287953
plain,3,recalibrated,test_probe,0,0.01,0.0015707550048827956,0.0015709312921162732,-1.7628723347762332e-07,2.3266966742152562e-07,False,31.415100097655912,31.418625842325465
plain,3,recalibrated,test_probe,0,0.02,0.004841842651367223,0.004842065437082654,-2.227857154313284e-07,2.3266966742152562e-07,False,24.209213256836115,24.21032718541327
plain,3,recalibrated,test_probe,0,0.05,0.030979125976562494,0.030979409402488334,-2.8342592583996407e-07,2.3266966742152562e-07,False,24.78330078124999,24.783527521990663
plain,3,recalibrated,test_probe,1,0.005,0.00012200927734373757,0.0001221532371861178,-1.4395984238024795e-07,2.3266966742152562e-07,False,9.760742187499005,9.772258974889425
plain,3,recalibrated,test_probe,1,0.01,0.000641860961914098,0.00064213971809024,-2.787561761419255e-07,2.3266966742152562e-07,False,12.83721923828196,12.842794361804799
plain,3,recalibrated,test_probe,1,0.02,0.0035631408691406685,0.0035635410499649245,-4.00180824255969e-07,2.3266966742152562e-07,False,17.81570434570334,17.817705249824623
plain,3,recalibrated,test_probe,1,0.05,0.03268748474121097,0.03268770138133947,-2.1664012850308723e-07,2.3266966742152562e-07,False,26.149987792968773,26.150161105071575
plain,3,centre_frozen,train_probe,0,0.005,0.0028850326538086,0.00288497682050487,5.5833303730379313e-08,-2.248998878795483e-08,False,230.802612304688,230.79814564038958
plain,3,centre_frozen,train_probe,0,0.01,0.01154340362548828,0.011543377274443212,2.6351045068206957e-08,-2.248998878795483e-08,False,230.8680725097656,230.8675454888642
plain,3,centre_frozen,train_probe,0,0.02,0.04605390930175782,0.04605382625704707,8.304471074693787e-08,-2.248998878795483e-08,False,230.26954650878906,230.26913128523535
plain,3,centre_frozen,train_probe,0,0.05,0.31073694610595703,0.3107367894577019,1.5664825514516423e-07,-2.248998878795483e-08,False,248.58955688476559,248.58943156616147
plain,3,centre_frozen,train_probe,1,0.005,0.0028556098937988217,0.002855564614710815,4.527908800677771e-08,-2.248998878795483e-08,False,228.4487915039057,228.4451691768652
plain,3,centre_frozen,train_probe,1,0.01,0.010966445922851564,0.010966400295106093,4.562774547078874e-08,-2.248998878795483e-08,False,219.32891845703128,219.32800590212187
plain,3,centre_frozen,train_probe,1,0.02,0.044012557983398454,0.04401251325641925,4.4726979203657535e-08,-2.248998878795483e-08,False,220.06278991699224,220.06256628209624
plain,3,centre_frozen,train_probe,1,0.05,0.288940071105957,0.2889399885815134,8.252444361200872e-08,-2.248998878795483e-08,False,231.15205688476556,231.15199086521065
plain,3,centre_frozen,test_probe,0,0.005,0.0029868469238281126,0.002987132132648007,-2.852088198945779e-07,2.5093062228087604e-07,False,238.947753906249,238.97057061184057
plain,3,centre_frozen,test_probe,0,0.01,0.01160929870605476,0.011609569413659093,-2.707076043328982e-07,2.5093062228087604e-07,False,232.1859741210952,232.19138827318184
plain,3,centre_frozen,test_probe,0,0.02,0.044895935058593794,0.04489614459869973,-2.095401059332147e-07,2.5093062228087604e-07,False,224.47967529296895,224.48072299349863
plain,3,centre_frozen,test_probe,0,0.05,0.29128865051269526,0.2912887347397142,-8.422701891497297e-08,2.5093062228087604e-07,False,233.03092041015617,233.03098779177128
plain,3,centre_frozen,test_probe,1,0.005,0.0025569152832031206,0.002557113924791077,-1.9864158795623865e-07,2.5093062228087604e-07,False,204.55322265624963,204.56911398328614
plain,3,centre_frozen,test_probe,1,0.01,0.010588439941406236,0.010588705825515854,-2.658841096181419e-07,2.5093062228087604e-07,False,211.76879882812472,211.77411651031707
plain,3,centre_frozen,test_probe,1,0.02,0.044280899047851596,0.0442810156252782,-1.1657742660098336e-07,2.5093062228087604e-07,False,221.40449523925798,221.40507812639098
plain,3,centre_frozen,test_probe,1,0.05,0.2831436004638672,0.2831436510271794,-5.056331220387733e-08,2.5093062228087604e-07,False,226.51488037109374,226.5149208217435
plain,4,saved,train_probe,0,0.005,0.0015976181030273318,0.0015976707873431584,-5.268431582661215e-08,4.0931397188304075e-08,False,127.80944824218653,127.81366298745266
plain,4,saved,train_probe,0,0.01,0.006327842712402332,0.006327836282469995,6.429932336571298e-09,4.0931397188304075e-08,False,126.55685424804663,126.5567256493999
plain,4,saved,train_probe,0,0.02,0.025871574401855446,0.02587161890023157,-4.4498376122747985e-08,4.0931397188304075e-08,False,129.35787200927723,129.35809450115784
plain,4,saved,train_probe,0,0.05,0.1702196350097656,0.17021956773820537,6.727156023900172e-08,4.0931397188304075e-08,False,136.17570800781246,136.17565419056427
plain,4,saved,train_probe,1,0.005,0.0012508239746093497,0.0012508975053049098,-7.353069556015335e-08,4.0931397188304075e-08,False,100.06591796874797,100.07180042439278
plain,4,saved,train_probe,1,0.01,0.00487385559082032,0.004873913057262841,-5.7466442521247885e-08,4.0931397188304075e-08,False,97.47711181640639,97.47826114525681
plain,4,saved,train_probe,1,0.02,0.01935528564453126,0.01935536405994001,-7.841540874964359e-08,4.0931397188304075e-08,False,96.7764282226563,96.77682029970005
plain,4,saved,train_probe,1,0.05,0.12508155059814452,0.12508164459111257,-9.399296804768476e-08,4.0931397188304075e-08,False,100.06524047851559,100.06531567289004
plain,4,saved,test_probe,0,0.005,0.001216049194335933,0.0012159732151626468,7.597917328627801e-08,4.9802999502190914e-09,False,97.28393554687464,97.27785721301174
plain,4,saved,test_probe,0,0.01,0.004346206665039154,0.004346162519243912,4.4145795241590235e-08,4.9802999502190914e-09,False,86.92413330078307,86.92325038487824
plain,4,saved,test_probe,0,0.02,0.017031631469726638,0.017031650424827793,-1.895510115534904e-08,4.9802999502190914e-09,False,85.15815734863318,85.15825212413897
plain,4,saved,test_probe,0,0.05,0.11712631225585934,0.11712619770411958,1.1455173976049338e-07,4.9802999502190914e-09,False,93.70104980468746,93.70095816329565
plain,4,saved,test_probe,1,0.005,0.0008494262695312171,0.0008494955005733384,-6.923104212130937e-08,4.9802999502190914e-09,False,67.95410156249737,67.95964004586708
plain,4,saved,test_probe,1,0.01,0.003023208618164075,0.003023345388232679,-1.367700686039086e-07,4.9802999502190914e-09,False,60.4641723632815,60.46690776465358
plain,4,saved,test_probe,1,0.02,0.012301330566406254,0.012301275571215964,5.499519029061872e-08,4.9802999502190914e-09,False,61.50665283203127,61.506377856079816
plain,4,saved,test_probe,1,0.05,0.08555148315429695,0.08555142898522172,5.4169075225374286e-08,4.9802999502190914e-09,False,68.44118652343755,68.44114318817736
plain,4,recalibrated,train_probe,0,0.005,0.0006054763793945095,0.0006055149518373881,-3.857244287863715e-08,5.466904332007694e-08,False,48.43811035156076,48.44119614699105
plain,4,recalibrated,train_probe,0,0.01,0.0024013175964355538,0.002401399434326129,-8.183789057536472e-08,5.466904332007694e-08,False,48.02635192871107,48.02798868652258
plain,4,recalibrated,train_probe,0,0.02,0.009574462890624996,0.009574487373898127,-2.4483273131092886e-08,5.466904332007694e-08,False,47.87231445312498,47.872436869490635
plain,4,recalibrated,train_probe,0,0.05,0.0568444480895996,0.05684445843520927,-1.0345609674500267e-08,5.466904332007694e-08,False,45.47555847167967,45.47556674816741
plain,4,recalibrated,train_probe,1,0.005,0.0006042633056640434,0.000604323640857718,-6.033519367454332e-08,5.466904332007694e-08,False,48.34106445312347,48.345891268617436
plain,4,recalibrated,train_probe,1,0.01,0.0025434951782226656,0.002543596265333542,-1.0108711087641886e-07,5.466904332007694e-08,False,50.86990356445331,50.87192530667084
plain,4,recalibrated,train_probe,1,0.02,0.009580993652343772,0.009581078781686375,-8.512934260296312e-08,5.466904332007694e-08,False,47.90496826171886,47.905393908431876
plain,4,recalibrated,train_probe,1,0.05,0.05841559219360354,0.058415600191702166,-7.99809862783718e-09,5.466904332007694e-08,False,46.73247375488282,46.73248015336172
plain,4,recalibrated,test_probe,0,0.005,0.00011581420898432171,0.00011576795598700063,4.6252997321083456e-08,-3.940687742787219e-08,False,9.265136718745737,9.26143647896005
plain,4,recalibrated,test_probe,0,0.01,0.0010109863281251297,0.0010108745996376678,1.117284874618818e-07,-3.940687742787219e-08,False,20.219726562502593,20.217491992753356
plain,4,recalibrated,test_probe,0,0.02,0.004335479736328196,0.004335493819682568,-1.4083354371585699e-08,-3.940687742787219e-08,False,21.67739868164098,21.677469098412836
plain,4,recalibrated,test_probe,0,0.05,0.029034469604492186,0.029034443263676213,2.6340815972858422e-08,-3.940687742787219e-08,False,23.227575683593745,23.227554610940967
plain,4,recalibrated,test_probe,1,0.005,0.0002847747802734446,0.00028470217793763464,7.260233580996811e-08,-3.940687742787219e-08,False,22.78198242187557,22.77617423501077
plain,4,recalibrated,test_probe,1,0.01,0.0011589050292968306,0.001158942456673584,-3.742737675338503e-08,-3.940687742787219e-08,False,23.178100585936612,23.17884913347168
plain,4,recalibrated,test_probe,1,0.02,0.00435873413085941,0.004358562043086267,1.7208777314259294e-07,-3.940687742787219e-08,False,21.793670654297046,21.792810215431334
plain,4,recalibrated,test_probe,1,0.05,0.028413070678710906,0.028412977318280297,9.336043060859112e-08,-3.940687742787219e-08,False,22.73045654296872,22.730381854624234
plain,4,centre_frozen,train_probe,0,0.005,0.0017150001525879088,0.0017149990276784655,1.1249094433729567e-09,4.0728993178085204e-08,False,137.2000122070327,137.19992221427722
plain,4,centre_frozen,train_probe,0,0.01,0.006690231323242202,0.006690309386679305,-7.80634371033706e-08,4.0728993178085204e-08,False,133.80462646484403,133.80618773358609
plain,4,centre_frozen,train_probe,0,0.02,0.026994495391845702,0.026994546772966338,-5.1381120635962674e-08,4.0728993178085204e-08,False,134.97247695922852,134.9727338648317
plain,4,centre_frozen,train_probe,0,0.05,0.17774082946777342,0.17774073735131263,9.21164607925462e-08,4.0728993178085204e-08,False,142.1926635742187,142.19258988105008
plain,4,centre_frozen,train_probe,1,0.005,0.0013265304565429625,0.0013265911287076992,-6.067216473670811e-08,4.0728993178085204e-08,False,106.122436523437,106.12729029661594
plain,4,centre_frozen,train_probe,1,0.01,0.00517996597290038,0.005179987897587668,-2.1924687287899758e-08,4.0728993178085204e-08,False,103.5993194580076,103.59975795175335
plain,4,centre_frozen,train_probe,1,0.02,0.020079322814941403,0.02007936294920204,-4.013426063709247e-08,4.0728993178085204e-08,False,100.396614074707,100.3968147460102
plain,4,centre_frozen,train_probe,1,0.05,0.12815099334716795,0.1281510292226487,-3.587548075278946e-08,4.0728993178085204e-08,False,102.52079467773434,102.52082337811895
plain,4,centre_frozen,test_probe,0,0.005,0.0012267456054688708,0.001226685171726416,6.043374245479072e-08,-1.2300790719343979e-08,False,98.13964843750966,98.13481373811328
plain,4,centre_frozen,test_probe,0,0.01,0.005048110961914043,0.00504793174774032,1.7921417372335213e-07,-1.2300790719343979e-08,False,100.96221923828085,100.95863495480639
plain,4,centre_frozen,test_probe,0,0.02,0.018831298828124954,0.018831304188273168,-5.360148214172966e-09,-1.2300790719343979e-08,False,94.15649414062476,94.15652094136584
plain,4,centre_frozen,test_probe,0,0.05,0.12532707214355465,0.12532689954173948,1.7260181517375628e-07,-1.2300790719343979e-08,False,100.26165771484371,100.26151963339156
plain,4,centre_frozen,test_probe,1,0.005,0.0008877563476562544,0.0008877571397633011,-7.921070466210267e-10,-1.2300790719343979e-08,False,71.02050781250036,71.02057118106408
plain,4,centre_frozen,test_probe,1,0.01,0.0033284454345703374,0.0033284342963709745,1.1138199362825674e-08,-1.2300790719343979e-08,False,66.56890869140675,66.5686859274195
plain,4,centre_frozen,test_probe,1,0.02,0.013130661010742228,0.013130661722603798,-7.118615696910524e-10,-1.2300790719343979e-08,False,65.65330505371114,65.653308613019
plain,4,centre_frozen,test_probe,1,0.05,0.09046394348144537,0.09046403122312896,-8.774168358538503e-08,-1.2300790719343979e-08,False,72.37115478515629,72.37122497850315
resolution_max_b1,0,saved,train_probe,0,0.005,0.0012390365600585818,0.0012389362692072359,1.0029085134588556e-07,-5.555060927919797e-08,False,99.12292480468653,99.11490153657887
resolution_max_b1,0,saved,train_probe,0,0.01,0.004784088134765663,0.004784011255252851,7.687951281143413e-08,-5.555060927919797e-08,False,95.68176269531325,95.68022510505702
resolution_max_b1,0,saved,train_probe,0,0.02,0.017559440612792965,0.017559392734236456,4.787855650834061e-08,-5.555060927919797e-08,False,87.79720306396482,87.79696367118228
resolution_max_b1,0,saved,train_probe,0,0.05,0.10880989074707031,0.10880985370374086,3.704332945941857e-08,-5.555060927919797e-08,False,87.04791259765624,87.04788296299267
resolution_max_b1,0,saved,train_probe,1,0.005,0.0008878555297851531,0.0008878200385376567,3.549124749646637e-08,-5.555060927919797e-08,False,71.02844238281224,71.02560308301253
resolution_max_b1,0,saved,train_probe,1,0.01,0.0034611968994140985,0.0034611376548955297,5.924451856875734e-08,-5.555060927919797e-08,False,69.22393798828196,69.2227530979106
resolution_max_b1,0,saved,train_probe,1,0.02,0.013838981628417957,0.01383889933528848,8.229312947749534e-08,-5.555060927919797e-08,False,69.19490814208979,69.1944966764424
resolution_max_b1,0,saved,train_probe,1,0.05,0.08617350006103514,0.0861734456039534,5.4457081732905976e-08,-5.555060927919797e-08,False,68.9388000488281,68.9387564831627
resolution_max_b1,0,saved,test_probe,0,0.005,0.0007379455566405291,0.0007379210310834994,2.452555702969761e-08,-4.6875355930176e-08,False,59.035644531242326,59.03368248667995
resolution_max_b1,0,saved,test_probe,0,0.01,0.0030567932128906516,0.003056687273304437,1.0593958621463173e-07,-4.6875355930176e-08,False,61.13586425781303,61.13374546608874
resolution_max_b1,0,saved,test_probe,0,0.02,0.011878738403320321,0.011878685540695377,5.2862624944083336e-08,-4.6875355930176e-08,False,59.393692016601605,59.39342770347688
resolution_max_b1,0,saved,test_probe,0,0.05,0.08830239868164058,0.08830226661219742,1.32069443159466e-07,-4.6875355930176e-08,False,70.64191894531245,70.64181328975792
resolution_max_b1,0,saved,test_probe,1,0.005,0.0007503967285156232,0.0007504133285373138,-1.660002169057151e-08,-4.6875355930176e-08,False,60.03173828124986,60.033066282985104
resolution_max_b1,0,saved,test_probe,1,0.01,0.002943969726562523,0.002943883126495739,8.660006678429255e-08,-4.6875355930176e-08,False,58.87939453125046,58.87766252991477
resolution_max_b1,0,saved,test_probe,1,0.02,0.011984298706054775,0.01198415053194879,1.4817410598499947e-07,-4.6875355930176e-08,False,59.92149353027387,59.92075265974395
resolution_max_b1,0,saved,test_probe,1,0.05,0.0749770050048828,0.07497698912393869,1.5880944115309603e-08,-4.6875355930176e-08,False,59.98160400390623,59.981591299150935
resolution_max_b1,0,recalibrated,train_probe,0,0.005,0.0003086090087890403,0.00030869004496153485,-8.103617249455297e-08,7.373233690266545e-10,False,24.688720703123224,24.695203596922788
resolution_max_b1,0,recalibrated,train_probe,0,0.01,0.001266555786132828,0.001266519151312484,3.663482034399479e-08,7.373233690266545e-10,False,25.33111572265656,25.33038302624968
resolution_max_b1,0,recalibrated,train_probe,0,0.02,0.005370185852050735,0.005370184259475719,1.5925750163070518e-09,7.373233690266545e-10,False,26.850929260253675,26.850921297378594
resolution_max_b1,0,recalibrated,train_probe,0,0.05,0.034354812622070297,0.034354769004148855,4.361792144136345e-08,7.373233690266545e-10,False,27.48385009765623,27.48381520331908
resolution_max_b1,0,recalibrated,train_probe,1,0.005,0.0003569259643554923,0.0003569468373739171,-2.0873018424794054e-08,7.373233690266545e-10,False,28.554077148439383,28.555746989913366
resolution_max_b1,0,recalibrated,train_probe,1,0.01,0.0012978591918945126,0.0012978264543064277,3.273758808486349e-08,7.373233690266545e-10,False,25.957183837890252,25.956529086128555
resolution_max_b1,0,recalibrated,train_probe,1,0.02,0.00523995971679686,0.005239986342330527,-2.6625533666724266e-08,7.373233690266545e-10,False,26.1997985839843,26.199931711652635
resolution_max_b1,0,recalibrated,train_probe,1,0.05,0.032723915100097645,0.03272388775513607,2.7344961572861592e-08,7.373233690266545e-10,False,26.179132080078112,26.179110204108852
resolution_max_b1,0,recalibrated,test_probe,0,0.005,0.0002901153564452974,0.00029012410319761983,-8.746752322430495e-09,7.807029578366098e-09,False,23.209228515623792,23.209928255809587
resolution_max_b1,0,recalibrated,test_probe,0,0.01,0.0011272735595703187,0.0011273245811010968,-5.102153077807259e-08,7.807029578366098e-09,False,22.545471191406374,22.546491622021936
resolution_max_b1,0,recalibrated,test_probe,0,0.02,0.0034327087402343803,0.003432739250288197,-3.051005381671246e-08,7.807029578366098e-09,False,17.1635437011719,17.163696251440985
resolution_max_b1,0,recalibrated,test_probe,0,0.05,0.021248046875000037,0.021248085661651817,-3.8786651779254555e-08,7.807029578366098e-09,False,16.998437500000026,16.99846852932145
resolution_max_b1,0,recalibrated,test_probe,1,0.005,0.00022033691406253553,0.0002204789924077355,-1.4207834519996965e-07,7.807029578366098e-09,False,17.626953125002842,17.63831939261884
resolution_max_b1,0,recalibrated,test_probe,1,0.01,0.0008907623291015687,0.0008907966825443259,-3.435344275715124e-08,7.807029578366098e-09,False,17.815246582031374,17.815933650886517
resolution_max_b1,0,recalibrated,test_probe,1,0.02,0.00302886962890625,0.003028924464035021,-5.48351287710247e-08,7.807029578366098e-09,False,15.14434814453125,15.144622320175104
resolution_max_b1,0,recalibrated,test_probe,1,0.05,0.02144204711914055,0.021442024029562856,2.3089577694257457e-08,7.807029578366098e-09,False,17.153637695312437,17.15361922365028
resolution_max_b1,0,centre_frozen,train_probe,0,0.005,0.001091072082519573,0.0010910346954814965,3.7387038076541756e-08,9.48729972360951e-09,False,87.28576660156584,87.28277563851971
resolution_max_b1,0,centre_frozen,train_probe,0,0.01,0.00451054382324223,0.004510569962363098,-2.613912086779635e-08,9.48729972360951e-09,False,90.2108764648446,90.21139924726195
resolution_max_b1,0,centre_frozen,train_probe,0,0.02,0.017431098937988276,0.017431121526807924,-2.258881964811721e-08,9.48729972360951e-09,False,87.15549468994138,87.15560763403961
resolution_max_b1,0,centre_frozen,train_probe,0,0.05,0.1091543884277344,0.10915438076383865,7.663895740250837e-09,9.48729972360951e-09,False,87.3235107421875,87.3235046110709
resolution_max_b1,0,centre_frozen,train_probe,1,0.005,0.0009313278198242458,0.0009313537187851662,-2.5898960920311964e-08,9.48729972360951e-09,False,74.50622558593966,74.50829750281329
resolution_max_b1,0,centre_frozen,train_probe,1,0.01,0.003585578918457011,0.0035855974225589837,-1.8504101972904863e-08,9.48729972360951e-09,False,71.71157836914021,71.71194845117967
resolution_max_b1,0,centre_frozen,train_probe,1,0.02,0.014283172607421846,0.014283133069401543,3.9538020302209986e-08,9.48729972360951e-09,False,71.41586303710922,71.41566534700772
resolution_max_b1,0,centre_frozen,train_probe,1,0.05,0.0895913238525391,0.08959135404673224,-3.019419314576055e-08,9.48729972360951e-09,False,71.67305908203126,71.67308323738578
resolution_max_b1,0,centre_frozen,test_probe,0,0.005,0.0008817138671874947,0.0008817424290104015,-2.8561822906780776e-08,4.083321347714275e-09,False,70.53710937499957,70.53939432083212
resolution_max_b1,0,centre_frozen,test_probe,0,0.01,0.003453002929687532,0.003453017214266718,-1.428457918617454e-08,4.083321347714275e-09,False,69.06005859375064,69.06034428533437
resolution_max_b1,0,centre_frozen,test_probe,0,0.02,0.012559646606445263,0.01255962263459065,2.3971854612447885e-08,4.083321347714275e-09,False,62.798233032226314,62.79811317295325
resolution_max_b1,0,centre_frozen,test_probe,0,0.05,0.09010403442382808,0.09010406539528903,-3.097146095143444e-08,4.083321347714275e-09,False,72.08322753906245,72.08325231623121
resolution_max_b1,0,centre_frozen,test_probe,1,0.005,0.0008641357421874662,0.0008641291664358564,6.575751609894098e-09,4.083321347714275e-09,False,69.1308593749973,69.13033331486851
resolution_max_b1,0,centre_frozen,test_probe,1,0.01,0.0033672027587889897,0.0033672360581663563,-3.329937736662458e-08,4.083321347714275e-09,False,67.34405517577979,67.34472116332712
resolution_max_b1,0,centre_frozen,test_probe,1,0.02,0.012722839355468807,0.012722849118906643,-9.763437835985656e-09,4.083321347714275e-09,False,63.614196777344034,63.61424559453321
resolution_max_b1,0,centre_frozen,test_probe,1,0.05,0.07815898132324217,0.07815899216114197,-1.0837899799831519e-08,4.083321347714275e-09,False,62.52718505859372,62.527193728913566
resolution_max_b1,1,saved,train_probe,0,0.005,0.0007467346191405988,0.0007467415337174543,-6.914576855532317e-09,-1.7544014907500127e-08,False,59.738769531247904,59.73932269739635
resolution_max_b1,1,saved,train_probe,0,0.01,0.00299480438232419,0.002994747102067874,5.728025631590583e-08,-1.7544014907500127e-08,False,59.89608764648379,59.894942041357474
resolution_max_b1,1,saved,train_probe,0,0.02,0.011987663269042936,0.011987663378903612,-1.0986067611185035e-10,-1.7544014907500127e-08,False,59.93831634521468,59.93831689451806
resolution_max_b1,1,saved,train_probe,0,0.05,0.07630863189697262,0.07630851563457464,1.1626239798667726e-07,-1.7544014907500127e-08,False,61.04690551757809,61.046812507659695
resolution_max_b1,1,saved,train_probe,1,0.005,0.0008725280761718857,0.0008725054620284389,2.261414344673085e-08,-1.7544014907500127e-08,False,69.80224609375085,69.80043696227511
resolution_max_b1,1,saved,train_probe,1,0.01,0.0036016159057616903,0.003601610683491685,5.222270005322827e-09,-1.7544014907500127e-08,False,72.0323181152338,72.0322136698337
resolution_max_b1,1,saved,train_probe,1,0.02,0.014459846496581996,0.014459814017504902,3.247907709447162e-08,-1.7544014907500127e-08,False,72.29923248290997,72.2990700875245
resolution_max_b1,1,saved,train_probe,1,0.05,0.08939441680908206,0.08939435048661498,6.63224670738316e-08,-1.7544014907500127e-08,False,71.51553344726562,71.51548038929197
resolution_max_b1,1,saved,test_probe,0,0.005,0.0005600891113282103,0.0005601488893052231,-5.97779770128426e-08,-7.88550762464979e-08,False,44.80712890625682,44.81191114441785
resolution_max_b1,1,saved,test_probe,0,0.01,0.002585235595703117,0.002585162468632607,7.312707051010392e-08,-7.88550762464979e-08,False,51.70471191406234,51.70324937265214
resolution_max_b1,1,saved,test_probe,0,0.02,0.01086160278320314,0.010861473579090175,1.2920411296413192e-07,-7.88550762464979e-08,False,54.308013916015696,54.307367895450874
resolution_max_b1,1,saved,test_probe,0,0.05,0.0661654968261719,0.06616535593590256,1.4089026934005489e-07,-7.88550762464979e-08,False,52.93239746093751,52.93228474872204
resolution_max_b1,1,saved,test_probe,1,0.005,0.0006217498779297337,0.0006216813471626725,6.853076706114791e-08,-7.88550762464979e-08,False,49.739990234378695,49.7345077730138
resolution_max_b1,1,saved,test_probe,1,0.01,0.002651199340820254,0.0026511254703938114,7.387042644246833e-08,-7.88550762464979e-08,False,53.02398681640508,53.02250940787623
resolution_max_b1,1,saved,test_probe,1,0.02,0.011077438354492264,0.01107738366937705,5.468511521389274e-08,-7.88550762464979e-08,False,55.387191772461314,55.386918346885246
resolution_max_b1,1,saved,test_probe,1,0.05,0.06942625427246096,0.0694261516160043,1.026564566686261e-07,-7.88550762464979e-08,False,55.54100341796876,55.540921292803425
resolution_max_b1,1,recalibrated,train_probe,0,0.005,0.0002676239013671977,0.00026762597461427173,-2.0732470740192355e-09,2.116151387454579e-08,False,21.409912109375817,21.41007796914174
resolution_max_b1,1,recalibrated,train_probe,0,0.01,0.0009285736083984308,0.0009286174815985593,-4.3873200128441425e-08,2.116151387454579e-08,False,18.571472167968615,18.572349631971186
resolution_max_b1,1,recalibrated,train_probe,0,0.02,0.00392940521240237,0.003929400532153571,4.680248799626696e-09,2.116151387454579e-08,False,19.64702606201185,19.647002660767853
resolution_max_b1,1,recalibrated,train_probe,0,0.05,0.02462974548339847,0.02462978148548628,-3.600208781096015e-08,2.116151387454579e-08,False,19.70379638671877,19.70382518838902
resolution_max_b1,1,recalibrated,train_probe,1,0.005,0.00027246093750005196,0.0002724514015663426,9.53593370933703e-09,2.116151387454579e-08,False,21.796875000004157,21.79611212530741
resolution_max_b1,1,recalibrated,train_probe,1,0.01,0.001169555664062516,0.0011695354379776535,2.022608486251798e-08,2.116151387454579e-08,False,23.39111328125032,23.390708759553068
resolution_max_b1,1,recalibrated,train_probe,1,0.02,0.004898742675781276,0.004898781936429952,-3.926064867654233e-08,2.116151387454579e-08,False,24.493713378906378,24.49390968214976
resolution_max_b1,1,recalibrated,train_probe,1,0.05,0.030804435729980484,0.03080447836268846,-4.263270797499885e-08,2.116151387454579e-08,False,24.643548583984384,24.64358269015076
resolution_max_b1,1,recalibrated,test_probe,0,0.005,0.00017002868652338243,0.00017011729599314407,-8.860946976163575e-08,4.113837359653871e-08,False,13.602294921870595,13.609383679451525
resolution_max_b1,1,recalibrated,test_probe,0,0.01,0.0006796417236327734,0.0006797134487358525,-7.172510307906776e-08,4.113837359653871e-08,False,13.592834472655468,13.59426897471705
resolution_max_b1,1,recalibrated,test_probe,0,0.02,0.002567825317382866,0.0025678252132317336,1.0415113216311056e-10,4.113837359653871e-08,False,12.839126586914329,12.839126066158668
resolution_max_b1,1,recalibrated,test_probe,0,0.05,0.015763458251953244,0.015763504551652097,-4.629969885261431e-08,4.113837359653871e-08,False,12.610766601562593,12.610803641321676
resolution_max_b1,1,recalibrated,test_probe,1,0.005,0.00025796508789066586,0.00025797640605063066,-1.1318159964801566e-08,4.113837359653871e-08,False,20.63720703125327,20.638112484050453
resolution_max_b1,1,recalibrated,test_probe,1,0.01,0.0010833282470703587,0.0010834290977577155,-1.0085068735676828e-07,4.113837359653871e-08,False,21.666564941407174,21.66858195515431
resolution_max_b1,1,recalibrated,test_probe,1,0.02,0.00431243896484379,0.00431248579597221,-4.683112841963322e-08,4.113837359653871e-08,False,21.56219482421895,21.562428979861046
resolution_max_b1,1,recalibrated,test_probe,1,0.05,0.023842956542968752,0.023842966138397315,-9.595428562825248e-09,4.113837359653871e-08,False,19.074365234374998,19.074372910717848
resolution_max_b1,1,centre_frozen,train_probe,0,0.005,0.0007764739990234193,0.0007764440975570608,2.990146635850621e-08,1.3434470036433055e-08,False,62.11791992187354,62.11552780456486
resolution_max_b1,1,centre_frozen,train_probe,0,0.01,0.0029708938598633217,0.002970905915164135,-1.2055300813162972e-08,1.3434470036433055e-08,False,59.41787719726643,59.4181183032827
resolution_max_b1,1,centre_frozen,train_probe,0,0.02,0.011878982543945316,0.011879022941263528,-4.039731821281478e-08,1.3434470036433055e-08,False,59.39491271972658,59.39511470631764
resolution_max_b1,1,centre_frozen,train_probe,0,0.05,0.0762507553100586,0.0762507725770224,-1.726696380321968e-08,1.3434470036433055e-08,False,61.00060424804686,61.00061806161791
resolution_max_b1,1,centre_frozen,train_probe,1,0.005,0.0008934249877929901,0.0008934321813467427,-7.193553752671278e-09,1.3434470036433055e-08,False,71.4739990234392,71.47457450773942
resolution_max_b1,1,centre_frozen,train_probe,1,0.01,0.003642837524414133,0.0036428292244414795,8.299972653613708e-09,1.3434470036433055e-08,False,72.85675048828266,72.85658448882958
resolution_max_b1,1,centre_frozen,train_probe,1,0.02,0.014678085327148482,0.014678101772293561,-1.644514507903594e-08,1.3434470036433055e-08,False,73.39042663574241,73.39050886146781
resolution_max_b1,1,centre_frozen,train_probe,1,0.05,0.09057380676269533,0.09057387357308355,-6.681038822176077e-08,1.3434470036433055e-08,False,72.45904541015625,72.45909885846683
resolution_max_b1,1,centre_frozen,test_probe,0,0.005,0.0006519622802734215,0.0006519960113684498,-3.373109502824434e-08,5.025409810510695e-08,False,52.15698242187372,52.15968090947598
resolution_max_b1,1,centre_frozen,test_probe,0,0.01,0.002873992919921964,0.002873922070724899,7.084919706468185e-08,5.025409810510695e-08,False,57.479858398439276,57.47844141449798
resolution_max_b1,1,centre_frozen,test_probe,0,0.02,0.011205932617187608,0.011205977986188942,-4.53690013335617e-08,5.025409810510695e-08,False,56.02966308593804,56.029889930944705
resolution_max_b1,1,centre_frozen,test_probe,0,0.05,0.06617764282226568,0.0661776021138486,4.070841708170292e-08,5.025409810510695e-08,False,52.942114257812534,52.94208169107887
resolution_max_b1,1,centre_frozen,test_probe,1,0.005,0.000767318725585997,0.0007673176109360691,1.1146499279135469e-09,5.025409810510695e-08,False,61.38549804687976,61.38540887488553
resolution_max_b1,1,centre_frozen,test_probe,1,0.01,0.0030036315917969514,0.003003655622085377,-2.403028842579147e-08,5.025409810510695e-08,False,60.07263183593903,60.07311244170754
resolution_max_b1,1,centre_frozen,test_probe,1,0.02,0.011853942871093759,0.011853838149720075,1.0472137368378043e-07,5.025409810510695e-08,False,59.26971435546879,59.26919074860037
resolution_max_b1,1,centre_frozen,test_probe,1,0.05,0.07191928100585943,0.07191932530331824,-4.429745881218139e-08,5.025409810510695e-08,False,57.53542480468753,57.53546024265458
resolution_max_b1,2,saved,train_probe,0,0.005,0.0010097961425781232,0.0010098204829631086,-2.4340384985332975e-08,3.712105406394883e-08,False,80.78369140624986,80.78563863704868
resolution_max_b1,2,saved,train_probe,0,0.01,0.004165687561035136,0.004165785363977714,-9.780294257799582e-08,3.712105406394883e-08,False,83.31375122070273,83.31570727955427
resolution_max_b1,2,saved,train_probe,0,0.02,0.016513099670410147,0.016513167465804834,-6.779539468704243e-08,3.712105406394883e-08,False,82.56549835205074,82.56583732902416
resolution_max_b1,2,saved,train_probe,0,0.05,0.10747071075439452,0.10747072025278964,-9.49839512598416e-09,3.712105406394883e-08,False,85.9765686035156,85.9765762022317
resolution_max_b1,2,saved,train_probe,1,0.005,0.0009906997680664276,0.0009907019426771968,-2.1746107692344196e-09,3.712105406394883e-08,False,79.2559814453142,79.25615541417574
resolution_max_b1,2,saved,train_probe,1,0.01,0.0038823394775390208,0.003882411554989751,-7.207745073012362e-08,3.712105406394883e-08,False,77.64678955078041,77.64823109979501
resolution_max_b1,2,saved,train_probe,1,0.02,0.016083610534667947,0.0160836609780301,-5.0443362153984594e-08,3.712105406394883e-08,False,80.41805267333973,80.4183048901505
resolution_max_b1,2,saved,train_probe,1,0.05,0.1026636734008789,0.10266372972346566,-5.6322586761137217e-08,3.712105406394883e-08,False,82.1309387207031,82.13098377877252
resolution_max_b1,2,saved,test_probe,0,0.005,0.0008426818847656614,0.0008425816902019045,1.0019456375687241e-07,-1.1573395175545897e-07,False,67.41455078125291,67.40653521615236
resolution_max_b1,2,saved,test_probe,0,0.01,0.0035174713134765723,0.003517382171709049,8.914176752305991e-08,-1.1573395175545897e-07,False,70.34942626953145,70.34764343418098
resolution_max_b1,2,saved,test_probe,0,0.02,0.014008926391601562,0.014008946870818328,-2.0479216766844388e-08,-1.1573395175545897e-07,False,70.0446319580078,70.04473435409164
resolution_max_b1,2,saved,test_probe,0,0.05,0.09099069213867195,0.09099054160941578,1.5052925617098367e-07,-1.1573395175545897e-07,False,72.79255371093754,72.7924332875326
resolution_max_b1,2,saved,test_probe,1,0.005,0.0008281707763672097,0.0008281416781109607,2.9098256248971666e-08,-1.1573395175545897e-07,False,66.25366210937678,66.25133424887686
resolution_max_b1,2,saved,test_probe,1,0.01,0.0032182464599609384,0.003218107191322317,1.3926863862145922e-07,-1.1573395175545897e-07,False,64.36492919921876,64.36214382644634
resolution_max_b1,2,saved,test_probe,1,0.02,0.013763214111328081,0.013763102082414491,1.1202891359030076e-07,-1.1573395175545897e-07,False,68.8160705566404,68.81551041207246
resolution_max_b1,2,saved,test_probe,1,0.05,0.09301335144042977,0.09301318059339836,1.7084703141101443e-07,-1.1573395175545897e-07,False,74.4106811523438,74.41054447471868
resolution_max_b1,2,recalibrated,train_probe,0,0.005,0.00025634002685548385,0.00025635120815442614,-1.1181298942286588e-08,4.4504230189978955e-08,False,20.507202148438708,20.50809665235409
resolution_max_b1,2,recalibrated,train_probe,0,0.01,0.0011408996582030762,0.0011409454014157383,-4.5743212662152644e-08,4.4504230189978955e-08,False,22.817993164061523,22.818908028314766
resolution_max_b1,2,recalibrated,train_probe,0,0.02,0.004750373840332056,0.004750441031496022,-6.719116396602942e-08,4.4504230189978955e-08,False,23.75186920166028,23.75220515748011
resolution_max_b1,2,recalibrated,train_probe,0,0.05,0.028602478027343725,0.028602535141397767,-5.71140540417403e-08,4.4504230189978955e-08,False,22.881982421874977,22.88202811311821
resolution_max_b1,2,recalibrated,train_probe,1,0.005,0.00022882080078123757,0.00022886467460647708,-4.387382523951544e-08,4.4504230189978955e-08,False,18.305664062499005,18.309173968518166
resolution_max_b1,2,recalibrated,train_probe,1,0.01,0.0011712875366211017,0.0011713391957020036,-5.1659080901877985e-08,4.4504230189978955e-08,False,23.425750732422035,23.426783914040072
resolution_max_b1,2,recalibrated,train_probe,1,0.02,0.005257598876953096,0.00525765094575148,-5.206879838404177e-08,4.4504230189978955e-08,False,26.287994384765476,26.288254728757398
resolution_max_b1,2,recalibrated,train_probe,1,0.05,0.03416699218749997,0.03416700513334958,-1.2945849614531824e-08,4.4504230189978955e-08,False,27.33359374999997,27.333604106679662
resolution_max_b1,2,recalibrated,test_probe,0,0.005,0.00019007873535148434,0.00019003154863184157,4.718671964276666e-08,-5.864175345315914e-08,False,15.206298828118747,15.202523890547326
resolution_max_b1,2,recalibrated,test_probe,0,0.01,0.0008932189941406321,0.0008930832852171999,1.3570892343217622e-07,-5.864175345315914e-08,False,17.864379882812642,17.861665704344
resolution_max_b1,2,recalibrated,test_probe,0,0.02,0.003287399291992177,0.0032872817413602817,1.1755063189511361e-07,-5.864175345315914e-08,False,16.436996459960884,16.43640870680141
resolution_max_b1,2,recalibrated,test_probe,0,0.05,0.01875909423828126,0.01875898690371003,1.0733457123102141e-07,-5.864175345315914e-08,False,15.007275390625004,15.00718952296802
resolution_max_b1,2,recalibrated,test_probe,1,0.005,0.0001617279052734677,0.00016158908927677018,1.3881599669751665e-07,-5.864175345315914e-08,False,12.938232421877416,12.927127142141615
resolution_max_b1,2,recalibrated,test_probe,1,0.01,0.0007697296142578081,0.0007696412952513665,8.831900644157287e-08,-5.864175345315914e-08,False,15.394592285156161,15.39282590502733
resolution_max_b1,2,recalibrated,test_probe,1,0.02,0.0032494659423828454,0.0032493145248230215,1.5141755982384097e-07,-5.864175345315914e-08,False,16.247329711914226,16.246572624115107
resolution_max_b1,2,recalibrated,test_probe,1,0.05,0.022656250000000044,0.0226561882995564,6.170044364317562e-08,-5.864175345315914e-08,False,18.125000000000032,18.124950639645117
resolution_max_b1,2,centre_frozen,train_probe,0,0.005,0.0009803466796874938,0.000980413554262649,-6.687457515530681e-08,3.039473212007593e-08,False,78.4277343749995,78.43308434101192
resolution_max_b1,2,centre_frozen,train_probe,0,0.01,0.004110000610351605,0.0041100361074303815,-3.549707877636976e-08,3.039473212007593e-08,False,82.2000122070321,82.20072214860762
resolution_max_b1,2,centre_frozen,train_probe,0,0.02,0.01655158233642573,0.016551606411995767,-2.407557003758498e-08,3.039473212007593e-08,False,82.75791168212865,82.75803205997883
resolution_max_b1,2,centre_frozen,train_probe,0,0.05,0.1067880325317383,0.10678812537705668,-9.284531837794319e-08,3.039473212007593e-08,False,85.43042602539062,85.43050030164532
resolution_max_b1,2,centre_frozen,train_probe,1,0.005,0.0008541107177734153,0.0008541223132306208,-1.1595457205526571e-08,3.039473212007593e-08,False,68.32885742187322,68.32978505844966
resolution_max_b1,2,centre_frozen,train_probe,1,0.01,0.003696273803710959,0.0036962513578002176,2.2445910741186736e-08,3.039473212007593e-08,False,73.92547607421918,73.92502715600435
resolution_max_b1,2,centre_frozen,train_probe,1,0.02,0.01602737426757811,0.01602738773013035,-1.3462552239662529e-08,3.039473212007593e-08,False,80.13687133789054,80.13693865065174
resolution_max_b1,2,centre_frozen,train_probe,1,0.05,0.10403128051757815,0.10403127708273013,3.434848017125347e-09,3.039473212007593e-08,False,83.2250244140625,83.22502166618409
resolution_max_b1,2,centre_frozen,test_probe,0,0.005,0.0009179840087890634,0.0009179434574865253,4.055130253810546e-08,-9.108475251817794e-08,False,73.43872070312507,73.43547659892202
resolution_max_b1,2,centre_frozen,test_probe,0,0.01,0.003924057006835957,0.003923984402486758,7.260434919942327e-08,-9.108475251817794e-08,False,78.48114013671913,78.47968804973515
resolution_max_b1,2,centre_frozen,test_probe,0,0.02,0.01493231201171874,0.014932230609621011,8.140209772911078e-08,-9.108475251817794e-08,False,74.6615600585937,74.66115304810505
resolution_max_b1,2,centre_frozen,test_probe,0,0.05,0.09379402160644523,0.093793924167072,9.743937323669627e-08,-9.108475251817794e-08,False,75.03521728515616,75.03513933365758
resolution_max_b1,2,centre_frozen,test_probe,1,0.005,0.000836120605468782,0.0008360558308425636,6.477462621834462e-08,-9.108475251817794e-08,False,66.88964843750256,66.88446646740509
resolution_max_b1,2,centre_frozen,test_probe,1,0.01,0.0035671997070312322,0.003567061623631518,1.3808339971443928e-07,-9.108475251817794e-08,False,71.34399414062464,71.34123247263035
resolution_max_b1,2,centre_frozen,test_probe,1,0.02,0.014259292602539109,0.014259176268602625,1.1633393648402546e-07,-9.108475251817794e-08,False,71.29646301269554,71.29588134301312
resolution_max_b1,2,centre_frozen,test_probe,1,0.05,0.0948346710205078,0.09483455273742902,1.1828307877603805e-07,-9.108475251817794e-08,False,75.86773681640622,75.8676421899432
resolution_max_b1,3,saved,train_probe,0,0.005,0.0013451232910156041,0.001345189854496498,-6.656348089384423e-08,6.118450301961786e-08,False,107.60986328124832,107.61518835971984
resolution_max_b1,3,saved,train_probe,0,0.01,0.00528755950927734,0.005287629185183218,-6.967590587825256e-08,6.118450301961786e-08,False,105.75119018554679,105.75258370366436
resolution_max_b1,3,saved,train_probe,0,0.02,0.019539611816406233,0.01953964946139153,-3.764498529568172e-08,6.118450301961786e-08,False,97.69805908203116,97.69824730695764
resolution_max_b1,3,saved,train_probe,0,0.05,0.12563185119628906,0.12563196128847298,-1.1009218392477038e-07,6.118450301961786e-08,False,100.50548095703122,100.50556903077836
resolution_max_b1,3,saved,train_probe,1,0.005,0.0010930709838866681,0.0010931466801062384,-7.569621957026484e-08,6.118450301961786e-08,False,87.44567871093345,87.45173440849906
resolution_max_b1,3,saved,train_probe,1,0.01,0.0041498336791991886,0.004149935304435637,-1.0162523644829946e-07,6.118450301961786e-08,False,82.99667358398376,82.99870608871274
resolution_max_b1,3,saved,train_probe,1,0.02,0.016407081604003892,0.01640718003328867,-9.842928477832302e-08,6.118450301961786e-08,False,82.03540802001946,82.03590016644335
resolution_max_b1,3,saved,train_probe,1,0.05,0.09910522460937499,0.09910524965942324,-2.5050048257924118e-08,6.118450301961786e-08,False,79.28417968749997,79.28419972753858
resolution_max_b1,3,saved,test_probe,0,0.005,0.0008947906494141122,0.000894863893571407,-7.324415729481615e-08,7.412160030195736e-08,False,71.58325195312898,71.58911148571256
resolution_max_b1,3,saved,test_probe,0,0.01,0.003945007324218763,0.003945102686368496,-9.536214973238089e-08,7.412160030195736e-08,False,78.90014648437526,78.9020537273699
resolution_max_b1,3,saved,test_probe,0,0.02,0.01659764099121097,0.016597768209519304,-1.2721830833228864e-07,7.412160030195736e-08,False,82.98820495605486,82.98884104759651
resolution_max_b1,3,saved,test_probe,0,0.05,0.1109006805419922,0.11090078906881617,-1.0852682397199942e-07,7.412160030195736e-08,False,88.72054443359374,88.72063125505292
resolution_max_b1,3,saved,test_probe,1,0.005,0.0005440216064452885,0.0005441338563350051,-1.1224988971658689e-07,7.412160030195736e-08,False,43.52172851562308,43.53070850680041
resolution_max_b1,3,saved,test_probe,1,0.01,0.002344894409179732,0.0023449233053108864,-2.8896131154532156e-08,7.412160030195736e-08,False,46.89788818359464,46.898466106217725
resolution_max_b1,3,saved,test_probe,1,0.02,0.010390411376953068,0.010390501794788176,-9.041783510799206e-08,7.412160030195736e-08,False,51.95205688476534,51.95250897394088
resolution_max_b1,3,saved,test_probe,1,0.05,0.07436766052246102,0.07436771313261126,-5.2610150236276354e-08,7.412160030195736e-08,False,59.4941284179688,59.49417050608899
resolution_max_b1,3,recalibrated,train_probe,0,0.005,0.0005552062988281037,0.0005552003775951553,5.921232948402633e-09,4.7372699096825954e-09,False,44.416503906248295,44.41603020761242
resolution_max_b1,3,recalibrated,train_probe,0,0.01,0.0023614120483398393,0.002361513179359953,-1.0113102011377606e-07,4.7372699096825954e-09,False,47.22824096679678,47.23026358719906
resolution_max_b1,3,recalibrated,train_probe,0,0.02,0.008420928955078177,0.008420910770050638,1.8185027539363574e-08,4.7372699096825954e-09,False,42.10464477539089,42.10455385025319
resolution_max_b1,3,recalibrated,train_probe,0,0.05,0.04947343444824226,0.04947337424324516,6.020499709880056e-08,4.7372699096825954e-09,False,39.5787475585938,39.57869939459612
resolution_max_b1,3,recalibrated,train_probe,1,0.005,0.00040552520751957477,0.00040553631936907086,-1.1111849496092674e-08,4.7372699096825954e-09,False,32.44201660156598,32.44290554952567
resolution_max_b1,3,recalibrated,train_probe,1,0.01,0.001687515258789074,0.0016875324473829556,-1.7188593881556358e-08,4.7372699096825954e-09,False,33.75030517578148,33.75064894765911
resolution_max_b1,3,recalibrated,train_probe,1,0.02,0.00683081054687501,0.006830855328700536,-4.478182552558607e-08,4.7372699096825954e-09,False,34.15405273437505,34.154276643502676
resolution_max_b1,3,recalibrated,train_probe,1,0.05,0.03954065704345705,0.039540725137486465,-6.809402941510001e-08,4.7372699096825954e-09,False,31.632525634765635,31.632580109989167
resolution_max_b1,3,recalibrated,test_probe,0,0.005,0.000370025634765625,0.0003700049574713038,2.067729432120302e-08,2.5104307743717413e-08,False,29.60205078125,29.600396597704304
resolution_max_b1,3,recalibrated,test_probe,0,0.01,0.0013946838378906534,0.0013947178793642934,-3.404147363994525e-08,2.5104307743717413e-08,False,27.89367675781307,27.894357587285867
resolution_max_b1,3,recalibrated,test_probe,0,0.02,0.005326156616210942,0.005326171474213992,-1.4858003050122193e-08,2.5104307743717413e-08,False,26.63078308105471,26.630857371069958
resolution_max_b1,3,recalibrated,test_probe,0,0.05,0.03305059814453126,0.03305059646859143,1.6759398313581642e-09,2.5104307743717413e-08,False,26.440478515625006,26.44047717487314
resolution_max_b1,3,recalibrated,test_probe,1,0.005,0.0002200927734374858,0.00022003626052469194,5.651291279384907e-08,2.5104307743717413e-08,False,17.607421874998863,17.602900841975355
resolution_max_b1,3,recalibrated,test_probe,1,0.01,0.0008799896240234695,0.0008799680429143475,2.1581109121981967e-08,2.5104307743717413e-08,False,17.59979248046939,17.59936085828695
resolution_max_b1,3,recalibrated,test_probe,1,0.02,0.0032809600830077112,0.003281050827854015,-9.074484630389179e-08,2.5104307743717413e-08,False,16.404800415038554,16.405254139270074
resolution_max_b1,3,recalibrated,test_probe,1,0.05,0.02230702209472657,0.022306991569926993,3.052479957688092e-08,2.5104307743717413e-08,False,17.845617675781252,17.84559325594159
resolution_max_b1,3,centre_frozen,train_probe,0,0.005,0.001226013183593777,0.0012260690248925288,-5.584129875169097e-08,-1.968007423691631e-09,False,98.08105468750216,98.0855219914023
resolution_max_b1,3,centre_frozen,train_probe,0,0.01,0.004849029541015626,0.004849062508278323,-3.296726269752526e-08,-1.968007423691631e-09,False,96.98059082031251,96.98125016556646
resolution_max_b1,3,centre_frozen,train_probe,0,0.02,0.018913589477539072,0.018913596071079564,-6.593540491373062e-09,-1.968007423691631e-09,False,94.56794738769536,94.56798035539781
resolution_max_b1,3,centre_frozen,train_probe,0,0.05,0.12316917419433593,0.12316924947231833,-7.527798240314354e-08,-1.968007423691631e-09,False,98.53533935546872,98.53539957785465
resolution_max_b1,3,centre_frozen,train_probe,1,0.005,0.0009402847290038707,0.0009402637832351957,2.094576867506248e-08,-1.968007423691631e-09,False,75.22277832030966,75.22110265881565
resolution_max_b1,3,centre_frozen,train_probe,1,0.01,0.0038716430664062496,0.0038716633535387235,-2.0287132473928438e-08,-1.968007423691631e-09,False,77.43286132812499,77.43326707077446
resolution_max_b1,3,centre_frozen,train_probe,1,0.02,0.015687713623046884,0.015687747941793617,-3.431874673331947e-08,-1.968007423691631e-09,False,78.43856811523442,78.43873970896809
resolution_max_b1,3,centre_frozen,train_probe,1,0.05,0.09738402557373049,0.09738406426511192,-3.8691381432087724e-08,-1.968007423691631e-09,False,77.90722045898438,77.90725141208952
resolution_max_b1,3,centre_frozen,test_probe,0,0.005,0.0009705505371093714,0.0009705833413934384,-3.280428406693403e-08,7.589176065359027e-09,False,77.64404296874972,77.64666731147507
resolution_max_b1,3,centre_frozen,test_probe,0,0.01,0.003934341430664068,0.00393443003504601,-8.86043819425808e-08,7.589176065359027e-09,False,78.68682861328135,78.6886007009202
resolution_max_b1,3,centre_frozen,test_probe,0,0.02,0.01650241088867188,0.016502426549422355,-1.5660750474211227e-08,7.589176065359027e-09,False,82.5120544433594,82.51213274711178
resolution_max_b1,3,centre_frozen,test_probe,0,0.05,0.10931245422363278,0.10931252728848828,-7.306485549918307e-08,7.589176065359027e-09,False,87.4499633789062,87.4500218307906
resolution_max_b1,3,centre_frozen,test_probe,1,0.005,0.0006810150146484562,0.0006810760707337549,-6.105608529871631e-08,7.589176065359027e-09,False,54.48120117187649,54.48608565870039
resolution_max_b1,3,centre_frozen,test_probe,1,0.01,0.0027135925292969265,0.0027135580653983027,3.4463898623826594e-08,7.589176065359027e-09,False,54.27185058593853,54.271161307966054
resolution_max_b1,3,centre_frozen,test_probe,1,0.02,0.010876937866211023,0.010876960211754771,-2.234554374869191e-08,7.589176065359027e-09,False,54.384689331055114,54.38480105877385
resolution_max_b1,3,centre_frozen,test_probe,1,0.05,0.07476702880859376,0.07476694024139297,8.856720079553071e-08,7.589176065359027e-09,False,59.813623046874994,59.81355219311436
resolution_max_b1,4,saved,train_probe,0,0.005,0.001269508361816385,0.001269479129231088,2.9232585296856683e-08,-6.8019548882247705e-09,False,101.5606689453108,101.55833033848704
resolution_max_b1,4,saved,train_probe,0,0.01,0.0052878723144531015,0.005287824990524215,4.732392888673331e-08,-6.8019548882247705e-09,False,105.75744628906203,105.75649981048429
resolution_max_b1,4,saved,train_probe,0,0.02,0.021993133544921883,0.021993131058332394,2.486589489869573e-09,-6.8019548882247705e-09,False,109.96566772460942,109.96565529166196
resolution_max_b1,4,saved,train_probe,0,0.05,0.13485381317138673,0.13485379796630187,1.5205084857861095e-08,-6.8019548882247705e-09,False,107.88305053710936,107.88303837304147
resolution_max_b1,4,saved,train_probe,1,0.005,0.0010153121948242583,0.0010153476782964188,-3.548347216053571e-08,-6.8019548882247705e-09,False,81.22497558594065,81.2278142637135
resolution_max_b1,4,saved,train_probe,1,0.01,0.004419593811035127,0.004419646150674084,-5.2339638956233614e-08,-6.8019548882247705e-09,False,88.39187622070254,88.39292301348166
resolution_max_b1,4,saved,train_probe,1,0.02,0.01822727966308596,0.01822735189648328,-7.223339731909917e-08,-6.8019548882247705e-09,False,91.1363983154298,91.1367594824164
resolution_max_b1,4,saved,train_probe,1,0.05,0.11891128540039059,0.11891133540961923,-5.000922864706325e-08,-6.8019548882247705e-09,False,95.12902832031246,95.12906832769536
resolution_max_b1,4,saved,test_probe,0,0.005,0.0010542297363281827,0.0010541998884230352,2.9847905147484255e-08,-8.233371417976088e-08,False,84.33837890625462,84.33599107384282
resolution_max_b1,4,saved,test_probe,0,0.01,0.003962081909179571,0.003961989393112653,9.251606691851322e-08,-8.233371417976088e-08,False,79.24163818359142,79.23978786225305
resolution_max_b1,4,saved,test_probe,0,0.02,0.01563259887695312,0.01563254197137942,5.690557369764093e-08,-8.233371417976088e-08,False,78.1629943847656,78.1627098568971
resolution_max_b1,4,saved,test_probe,0,0.05,0.10586785888671868,0.1058677393808698,1.1950584888342775e-07,-8.233371417976088e-08,False,84.69428710937493,84.69419150469582
resolution_max_b1,4,saved,test_probe,1,0.005,0.0009424438476562935,0.0009423924396467775,5.140800951597413e-08,-8.233371417976088e-08,False,75.39550781250348,75.3913951717422
resolution_max_b1,4,saved,test_probe,1,0.01,0.0037636108398436674,0.0037635244967939574,8.634304971000262e-08,-8.233371417976088e-08,False,75.27221679687334,75.27048993587914
resolution_max_b1,4,saved,test_probe,1,0.02,0.01456188964843752,0.014561790512495953,9.913594156696348e-08,-8.233371417976088e-08,False,72.8094482421876,72.80895256247976
resolution_max_b1,4,saved,test_probe,1,0.05,0.09994500732421874,0.09994493917916825,6.814505049135278e-08,-8.233371417976088e-08,False,79.95600585937497,79.95595134333458
resolution_max_b1,4,recalibrated,train_probe,0,0.005,0.0006641540527343448,0.0006640595022816553,9.455045268946805e-08,-2.4732576764385783e-08,False,53.132324218747584,53.12476018253243
resolution_max_b1,4,recalibrated,train_probe,0,0.01,0.0025272140502929363,0.002527168819141501,4.5231151435398687e-08,-2.4732576764385783e-08,False,50.54428100585872,50.54337638283002
resolution_max_b1,4,recalibrated,train_probe,0,0.02,0.010360733032226566,0.010360677844439947,5.518778661839363e-08,-2.4732576764385783e-08,False,51.80366516113283,51.80338922219973
resolution_max_b1,4,recalibrated,train_probe,0,0.05,0.058886405944824194,0.058886306096022856,9.984880133817597e-08,-2.4732576764385783e-08,False,47.10912475585935,47.109044876818274
resolution_max_b1,4,recalibrated,train_probe,1,0.005,0.0004937515258788827,0.0004937176282580058,3.3897620876910395e-08,-2.4732576764385783e-08,False,39.50012207031062,39.497410260640464
resolution_max_b1,4,recalibrated,train_probe,1,0.01,0.00185211181640621,0.0018521228097167497,-1.0993310539664236e-08,-2.4732576764385783e-08,False,37.0422363281242,37.042456194334996
resolution_max_b1,4,recalibrated,train_probe,1,0.02,0.007254692077636737,0.007254599427460484,9.265017625326166e-08,-2.4732576764385783e-08,False,36.273460388183686,36.27299713730242
resolution_max_b1,4,recalibrated,train_probe,1,0.05,0.04358855438232423,0.04358856753968343,-1.3157359202153884e-08,-2.4732576764385783e-08,False,34.870843505859376,34.87085403174674
resolution_max_b1,4,recalibrated,test_probe,0,0.005,0.0003661651611328587,0.0003660502059318338,1.149552010248911e-07,-8.024628483926932e-08,False,29.293212890628695,29.284016474546704
resolution_max_b1,4,recalibrated,test_probe,0,0.01,0.001348144531249984,0.0013480484556590566,9.607559092739137e-08,-8.024628483926932e-08,False,26.96289062499968,26.960969113181132
resolution_max_b1,4,recalibrated,test_probe,0,0.02,0.0043821716308594105,0.004382067427456504,1.0420340290639984e-07,-8.024628483926932e-08,False,21.910858154297053,21.910337137282518
resolution_max_b1,4,recalibrated,test_probe,0,0.05,0.029986206054687492,0.02998604673552696,1.59319160530913e-07,-8.024628483926932e-08,False,23.98896484374999,23.988837388421565
resolution_max_b1,4,recalibrated,test_probe,1,0.005,0.00031439208984374023,0.0003143321520396869,5.993780405333382e-08,-8.024628483926932e-08,False,25.15136718749922,25.14657216317495
resolution_max_b1,4,recalibrated,test_probe,1,0.01,0.0013689270019531241,0.0013687847036536471,1.4229829947698391e-07,-8.024628483926932e-08,False,27.378540039062482,27.375694073072943
resolution_max_b1,4,recalibrated,test_probe,1,0.02,0.004460510253906258,0.004460464273149722,4.5980756535612954e-08,-8.024628483926932e-08,False,22.30255126953129,22.30232136574861
resolution_max_b1,4,recalibrated,test_probe,1,0.05,0.025220275878906184,0.02522023549640695,4.038249923343784e-08,-8.024628483926932e-08,False,20.176220703124944,20.176188397125557
resolution_max_b1,4,centre_frozen,train_probe,0,0.005,0.0014222030639648442,0.0014221850507585287,1.8013206315448116e-08,-3.057776792880773e-08,False,113.77624511718753,113.7748040606823
resolution_max_b1,4,centre_frozen,train_probe,0,0.01,0.005850234985351532,0.005850137888573637,9.709677789571103e-08,-3.057776792880773e-08,False,117.00469970703064,117.00275777147273
resolution_max_b1,4,centre_frozen,train_probe,0,0.02,0.023794113159179675,0.023794065936085018,4.722309465687857e-08,-3.057776792880773e-08,False,118.97056579589837,118.97032968042508
resolution_max_b1,4,centre_frozen,train_probe,0,0.05,0.1417543487548828,0.14175424437016942,1.0438471337304023e-07,-3.057776792880773e-08,False,113.40347900390621,113.40339549613552
resolution_max_b1,4,centre_frozen,train_probe,1,0.005,0.001155143737792963,0.0011550993783780439,4.43594149190929e-08,-3.057776792880773e-08,False,92.41149902343703,92.4079502702435
resolution_max_b1,4,centre_frozen,train_probe,1,0.01,0.004672927856445297,0.004672936830375507,-8.973930210043335e-09,-3.057776792880773e-08,False,93.45855712890594,93.45873660751013
resolution_max_b1,4,centre_frozen,train_probe,1,0.02,0.01864014434814454,0.018640125290153964,1.9057990574555816e-08,-3.057776792880773e-08,False,93.20072174072268,93.20062645076982
resolution_max_b1,4,centre_frozen,train_probe,1,0.05,0.11936805725097654,0.11936804795904427,9.291932279165138e-09,-3.057776792880773e-08,False,95.49444580078122,95.49443836723539
resolution_max_b1,4,centre_frozen,test_probe,0,0.005,0.001015426635742167,0.0010154217777748054,4.8579673617155095e-09,-4.62794552680279e-08,False,81.23413085937337,81.23374222198443
resolution_max_b1,4,centre_frozen,test_probe,0,0.01,0.0042353668212891105,0.0042352990196995455,6.780158956498639e-08,-4.62794552680279e-08,False,84.7073364257822,84.7059803939909
resolution_max_b1,4,centre_frozen,test_probe,0,0.02,0.01647239685058599,0.016472262301641227,1.3454894476350177e-07,-4.62794552680279e-08,False,82.36198425292994,82.36131150820613
resolution_max_b1,4,centre_frozen,test_probe,0,0.05,0.11279539489746093,0.11279528382495863,1.110725023067971e-07,-4.62794552680279e-08,False,90.23631591796872,90.23622705996688
resolution_max_b1,4,centre_frozen,test_probe,1,0.005,0.0010580139160156765,0.0010579015663682023,1.1234964747419696e-07,-4.62794552680279e-08,False,84.64111328125412,84.63212530945619
resolution_max_b1,4,centre_frozen,test_probe,1,0.01,0.0038889160156250213,0.003888829099826574,8.6915798447329e-08,-4.62794552680279e-08,False,77.77832031250043,77.77658199653148
resolution_max_b1,4,centre_frozen,test_probe,1,0.02,0.014440414428710913,0.014440332060733141,8.236797777172455e-08,-4.62794552680279e-08,False,72.20207214355456,72.2016603036657
resolution_max_b1,4,centre_frozen,test_probe,1,0.05,0.09912013244628903,0.09912008974988706,4.269640196952196e-08,-4.62794552680279e-08,False,79.29610595703122,79.29607179990964
gaussian_postrelu,0,saved,train_probe,0,0.005,0.0011183853149414058,0.0011184410084307816,-5.5693489375840954e-08,5.555952442559686e-08,False,89.47082519531246,89.47528067446252
gaussian_postrelu,0,saved,train_probe,0,0.01,0.004179412841796848,0.004179480385907597,-6.754411074894051e-08,5.555952442559686e-08,False,83.58825683593696,83.58960771815194
gaussian_postrelu,0,saved,train_probe,0,0.02,0.015462402343750015,0.015462492958052299,-9.061430228385348e-08,5.555952442559686e-08,False,77.31201171875007,77.31246479026149
gaussian_postrelu,0,saved,train_probe,0,0.05,0.09327137756347653,0.09327146726852836,-8.970505183114597e-08,5.555952442559686e-08,False,74.61710205078121,74.61717381482268
gaussian_postrelu,0,saved,train_probe,1,0.005,0.0007834548950195197,0.0007835017451338078,-4.685011428806618e-08,5.555952442559686e-08,False,62.676391601561576,62.68013961070462
gaussian_postrelu,0,saved,train_probe,1,0.01,0.003248077392578097,0.003248159870114009,-8.24775359120622e-08,5.555952442559686e-08,False,64.96154785156193,64.96319740228017
gaussian_postrelu,0,saved,train_probe,1,0.02,0.01351522064208982,0.013515371769244,-1.5112715417986422e-07,5.555952442559686e-08,False,67.57610321044909,67.57685884621999
gaussian_postrelu,0,saved,train_probe,1,0.05,0.08667375183105469,0.0866739236539098,-1.718228551106371e-07,5.555952442559686e-08,False,69.33900146484373,69.33913892312783
gaussian_postrelu,0,saved,test_probe,0,0.005,0.0002576217651366619,0.0002577386805282522,-1.1691539159031095e-07,9.201002093561783e-08,False,20.609741210932953,20.619094442260177
gaussian_postrelu,0,saved,test_probe,0,0.01,0.0014875488281249627,0.0014876070323830426,-5.820425807989693e-08,9.201002093561783e-08,False,29.750976562499254,29.752140647660852
gaussian_postrelu,0,saved,test_probe,0,0.02,0.008083236694335971,0.00808322609195522,1.0602380751123519e-08,9.201002093561783e-08,False,40.41618347167985,40.4161304597761
gaussian_postrelu,0,saved,test_probe,0,0.05,0.06239903259277346,0.062399078592484614,-4.5999711151267775e-08,9.201002093561783e-08,False,49.91922607421876,49.919262873987684
gaussian_postrelu,0,saved,test_probe,1,0.005,0.0006906356811523517,0.0006907868300907172,-1.5114893836543075e-07,9.201002093561783e-08,False,55.25085449218814,55.262946407257374
gaussian_postrelu,0,saved,test_probe,1,0.01,0.0028358001708983505,0.0028359863207597646,-1.8614986141418655e-07,9.201002093561783e-08,False,56.71600341796701,56.71972641519529
gaussian_postrelu,0,saved,test_probe,1,0.02,0.0115543441772461,0.011554445374332922,-1.0119708682143624e-07,9.201002093561783e-08,False,57.771720886230504,57.77222687166461
gaussian_postrelu,0,saved,test_probe,1,0.05,0.07593791198730471,0.07593802317943443,-1.1119212972587889e-07,9.201002093561783e-08,False,60.75032958984375,60.75041854354753
gaussian_postrelu,0,recalibrated,train_probe,0,0.005,0.0008337097167968599,0.0008336877564275591,2.1960369300799698e-08,-1.6014965908972556e-08,False,66.69677734374879,66.69502051420473
gaussian_postrelu,0,recalibrated,train_probe,0,0.01,0.0031605072021484437,0.0031604821260996507,2.507604879298242e-08,-1.6014965908972556e-08,False,63.21014404296887,63.20964252199301
gaussian_postrelu,0,recalibrated,train_probe,0,0.02,0.011022148132324217,0.011022136031043628,1.210128058870552e-08,-1.6014965908972556e-08,False,55.11074066162108,55.110680155218134
gaussian_postrelu,0,recalibrated,train_probe,0,0.05,0.06184843444824217,0.0618484231197266,1.1328515570063757e-08,-1.6014965908972556e-08,False,49.47874755859373,49.47873849578127
gaussian_postrelu,0,recalibrated,train_probe,1,0.005,0.00032865142822263715,0.0003286569062848632,-5.4780622260608425e-09,-1.6014965908972556e-08,False,26.292114257810972,26.292552502789057
gaussian_postrelu,0,recalibrated,train_probe,1,0.01,0.0014930419921874716,0.0014930655454330477,-2.3553245576124482e-08,-1.6014965908972556e-08,False,29.86083984374943,29.861310908660954
gaussian_postrelu,0,recalibrated,train_probe,1,0.02,0.006254661560058605,0.0062546369163075655,2.4643751039832296e-08,-1.6014965908972556e-08,False,31.273307800293026,31.273184581537826
gaussian_postrelu,0,recalibrated,train_probe,1,0.05,0.03728170013427734,0.03728171570056138,-1.5566284039536527e-08,-1.6014965908972556e-08,False,29.825360107421865,29.825372560449097
gaussian_postrelu,0,recalibrated,test_probe,0,0.005,0.00035535430908195664,0.000355415164381534,-6.085529957733371e-08,6.110885908405805e-08,False,28.42834472655653,28.433213150522718
gaussian_postrelu,0,recalibrated,test_probe,0,0.01,0.0012402496337889923,0.001240336343259263,-8.670947027056286e-08,6.110885908405805e-08,False,24.804992675779847,24.806726865185258
gaussian_postrelu,0,recalibrated,test_probe,0,0.02,0.0046123886108397905,0.004612452699186309,-6.408834651860928e-08,6.110885908405805e-08,False,23.061943054198952,23.062263495931543
gaussian_postrelu,0,recalibrated,test_probe,0,0.05,0.029990036010742238,0.029990087810887966,-5.1800145728364555e-08,6.110885908405805e-08,False,23.992028808593787,23.99207024871037
gaussian_postrelu,0,recalibrated,test_probe,1,0.005,0.0002540435791015261,0.0002540319393126156,1.1639788910500215e-08,6.110885908405805e-08,False,20.323486328122087,20.322555145009247
gaussian_postrelu,0,recalibrated,test_probe,1,0.01,0.001006584167480451,0.001006627590647402,-4.342316695105097e-08,6.110885908405805e-08,False,20.13168334960902,20.13255181294804
gaussian_postrelu,0,recalibrated,test_probe,1,0.02,0.003299201965332066,0.0032992367330434424,-3.4767711376559873e-08,6.110885908405805e-08,False,16.49600982666033,16.496183665217213
gaussian_postrelu,0,recalibrated,test_probe,1,0.05,0.021056472778320234,0.02105650873264253,-3.595432229719364e-08,6.110885908405805e-08,False,16.845178222656184,16.84520698611402
gaussian_postrelu,0,centre_frozen,train_probe,0,0.005,0.001213577270507804,0.0012135662441286055,1.1026379198586511e-08,-5.60713211417152e-08,False,97.08618164062432,97.08529953028844
gaussian_postrelu,0,centre_frozen,train_probe,0,0.01,0.004559013366699172,0.0045589442042200945,6.916247907717832e-08,-5.60713211417152e-08,False,91.18026733398342,91.17888408440189
gaussian_postrelu,0,centre_frozen,train_probe,0,0.02,0.016182945251464853,0.016182926674938813,1.8576526039648655e-08,-5.60713211417152e-08,False,80.91472625732426,80.91463337469406
gaussian_postrelu,0,centre_frozen,train_probe,0,0.05,0.09511258697509767,0.09511260689123924,-1.9916141569265022e-08,-5.60713211417152e-08,False,76.09006958007812,76.09008551299138
gaussian_postrelu,0,centre_frozen,train_probe,1,0.005,0.0007890624999999929,0.0007890317299068528,3.0770093140120025e-08,-5.60713211417152e-08,False,63.12499999999943,63.12253839254822
gaussian_postrelu,0,centre_frozen,train_probe,1,0.01,0.003454818725585951,0.0034548021473053137,1.6578280637169485e-08,-5.60713211417152e-08,False,69.09637451171902,69.09604294610627
gaussian_postrelu,0,centre_frozen,train_probe,1,0.02,0.014327514648437512,0.01432746226076187,5.2387675641973885e-08,-5.60713211417152e-08,False,71.63757324218756,71.63731130380934
gaussian_postrelu,0,centre_frozen,train_probe,1,0.05,0.08949343109130858,0.08949345759218325,-2.6500874661383733e-08,-5.60713211417152e-08,False,71.59474487304685,71.59476607374658
gaussian_postrelu,0,centre_frozen,test_probe,0,0.005,0.0004913177490234455,0.0004914155492575789,-9.78002341334161e-08,2.7934812463215053e-08,False,39.30541992187564,39.31324394060631
gaussian_postrelu,0,centre_frozen,test_probe,0,0.01,0.0017841949462890083,0.0017841566345526694,3.8311736338947355e-08,2.7934812463215053e-08,False,35.68389892578016,35.68313269105339
gaussian_postrelu,0,centre_frozen,test_probe,0,0.02,0.007851982116699241,0.007852051049155206,-6.893245596550912e-08,2.7934812463215053e-08,False,39.2599105834962,39.26025524577603
gaussian_postrelu,0,centre_frozen,test_probe,0,0.05,0.062133651733398465,0.06213364384081632,7.892582143398386e-09,2.7934812463215053e-08,False,49.70692138671876,49.70691507265305
gaussian_postrelu,0,centre_frozen,test_probe,1,0.005,0.0008409881591796564,0.0008409712038904837,1.6955289172670973e-08,2.7934812463215053e-08,False,67.27905273437251,67.2776963112387
gaussian_postrelu,0,centre_frozen,test_probe,1,0.01,0.0032440567016601696,0.00324408647627783,-2.977461766029421e-08,2.7934812463215053e-08,False,64.8811340332034,64.8817295255566
gaussian_postrelu,0,centre_frozen,test_probe,1,0.02,0.012102653503417993,0.012102635236751924,1.8266666068633697e-08,2.7934812463215053e-08,False,60.51326751708996,60.51317618375962
gaussian_postrelu,0,centre_frozen,test_probe,1,0.05,0.076818130493164,0.07681825055671065,-1.200635466602762e-07,2.7934812463215053e-08,False,61.454504394531185,61.45460044536851
gaussian_postrelu,1,saved,train_probe,0,0.005,0.0008589401245116535,0.0008590187382740422,-7.861376238871287e-08,1.2838156537853251e-08,False,68.71520996093227,68.72149906192337
gaussian_postrelu,1,saved,train_probe,0,0.01,0.0034059219360351167,0.003405962651334693,-4.0715299576277175e-08,1.2838156537853251e-08,False,68.11843872070233,68.11925302669385
gaussian_postrelu,1,saved,train_probe,0,0.02,0.013082008361816388,0.01308202802166536,-1.9659848971009808e-08,1.2838156537853251e-08,False,65.41004180908195,65.4101401083268
gaussian_postrelu,1,saved,train_probe,0,0.05,0.07854148864746097,0.07854156224315462,-7.359569365039675e-08,1.2838156537853251e-08,False,62.833190917968764,62.83324979452368
gaussian_postrelu,1,saved,train_probe,1,0.005,0.0018206405639648593,0.001820671531374829,-3.0967409969662185e-08,1.2838156537853251e-08,False,145.65124511718875,145.65372250998632
gaussian_postrelu,1,saved,train_probe,1,0.01,0.007713081359863261,0.0077131010412054835,-1.9681342222632736e-08,1.2838156537853251e-08,False,154.2616271972652,154.26202082410967
gaussian_postrelu,1,saved,train_probe,1,0.02,0.030332969665527287,0.03033303903431145,-6.936878416130554e-08,1.2838156537853251e-08,False,151.66484832763643,151.66519517155723
gaussian_postrelu,1,saved,train_probe,1,0.05,0.1998911361694336,0.199891037727346,9.844208759268724e-08,1.2838156537853251e-08,False,159.91290893554685,159.91283018187679
gaussian_postrelu,1,saved,test_probe,0,0.005,0.00046911621093759237,0.0004690899584786079,2.6252458984465932e-08,7.071175200934476e-09,False,37.52929687500739,37.52719667828863
gaussian_postrelu,1,saved,test_probe,0,0.01,0.0022715530395507333,0.0022716062443961516,-5.320484541826431e-08,7.071175200934476e-09,False,45.431060791014666,45.43212488792303
gaussian_postrelu,1,saved,test_probe,0,0.02,0.009839904785156284,0.009839928736182113,-2.3951025829305195e-08,7.071175200934476e-09,False,49.19952392578141,49.19964368091056
gaussian_postrelu,1,saved,test_probe,0,0.05,0.061963165283203114,0.06196317844599175,-1.3162788636833511e-08,7.071175200934476e-09,False,49.570532226562484,49.570542756793394
gaussian_postrelu,1,saved,test_probe,1,0.005,0.0011681671142578232,0.0011682581826051308,-9.106834730765456e-08,7.071175200934476e-09,False,93.45336914062585,93.46065460841047
gaussian_postrelu,1,saved,test_probe,1,0.01,0.005266487121582175,0.005266503635983133,-1.651440095784551e-08,7.071175200934476e-09,False,105.3297424316435,105.33007271966265
gaussian_postrelu,1,saved,test_probe,1,0.02,0.022854568481445403,0.022854471440143964,9.704130143894929e-08,7.071175200934476e-09,False,114.272842407227,114.27235720071981
gaussian_postrelu,1,saved,test_probe,1,0.05,0.17549728393554687,0.1754972181451202,6.579042666210455e-08,7.071175200934476e-09,False,140.39782714843747,140.39777451609615
gaussian_postrelu,1,recalibrated,train_probe,0,0.005,0.00046407318115238017,0.0004642082741365128,-1.3509298413261206e-07,1.0376446268889339e-07,False,37.12585449219041,37.13666193092102
gaussian_postrelu,1,recalibrated,train_probe,0,0.01,0.0017473297119140474,0.001747441749453904,-1.1203753985666864e-07,1.0376446268889339e-07,False,34.946594238280944,34.94883498907808
gaussian_postrelu,1,recalibrated,train_probe,0,0.02,0.0064666824340820495,0.006466746996271144,-6.456218909489664e-08,1.0376446268889339e-07,False,32.33341217041025,32.33373498135572
gaussian_postrelu,1,recalibrated,train_probe,0,0.05,0.03950321960449221,0.039503345382017274,-1.2577752506182094e-07,1.0376446268889339e-07,False,31.602575683593763,31.602676305613812
gaussian_postrelu,1,recalibrated,train_probe,1,0.005,0.0006333007812500124,0.0006334455723792098,-1.44791129197408e-07,1.0376446268889339e-07,False,50.664062500000995,50.67564579033679
gaussian_postrelu,1,recalibrated,train_probe,1,0.01,0.0028151397705078463,0.0028153009102991344,-1.6113979128817846e-07,1.0376446268889339e-07,False,56.302795410156925,56.30601820598269
gaussian_postrelu,1,recalibrated,train_probe,1,0.02,0.011576522827148494,0.011576672574294011,-1.4974714551696522e-07,1.0376446268889339e-07,False,57.88261413574247,57.883362871470055
gaussian_postrelu,1,recalibrated,train_probe,1,0.05,0.07372726440429689,0.07372735599765823,-9.159336133990337e-08,1.0376446268889339e-07,False,58.9818115234375,58.98188479812657
gaussian_postrelu,1,recalibrated,test_probe,0,0.005,0.000270980834961021,0.0002707969157382806,1.8391922274041406e-07,-1.3203541571193966e-07,False,21.67846679688168,21.663753259062446
gaussian_postrelu,1,recalibrated,test_probe,0,0.01,0.0011031951904296733,0.0011030358376840077,1.5935274566558633e-07,-1.3203541571193966e-07,False,22.063903808593466,22.060716753680154
gaussian_postrelu,1,recalibrated,test_probe,0,0.02,0.004146751403808602,0.004146536756900798,2.1464690780348405e-07,-1.3203541571193966e-07,False,20.733757019043008,20.73268378450399
gaussian_postrelu,1,recalibrated,test_probe,0,0.05,0.024973937988281292,0.024973835105809306,1.0288247198619871e-07,-1.3203541571193966e-07,False,19.97915039062503,19.97906808464744
gaussian_postrelu,1,recalibrated,test_probe,1,0.005,0.0005370330810547941,0.0005368145386051015,2.185424496925492e-07,-1.3203541571193966e-07,False,42.96264648438353,42.94516308840812
gaussian_postrelu,1,recalibrated,test_probe,1,0.01,0.002066658020019596,0.0020663623547301224,2.9566528947366777e-07,-1.3203541571193966e-07,False,41.33316040039192,41.32724709460245
gaussian_postrelu,1,recalibrated,test_probe,1,0.02,0.008936767578125115,0.00893657761762856,1.8996049655495284e-07,-1.3203541571193966e-07,False,44.683837890625576,44.6828880881428
gaussian_postrelu,1,recalibrated,test_probe,1,0.05,0.057747009277343775,0.05774676721340999,2.420639337863406e-07,-1.3203541571193966e-07,False,46.19760742187501,46.197413770727984
gaussian_postrelu,1,centre_frozen,train_probe,0,0.005,0.0008532104492187664,0.0008533317686335029,-1.21319414736476e-07,8.202910767307614e-08,False,68.25683593750131,68.26654149068023
gaussian_postrelu,1,centre_frozen,train_probe,0,0.01,0.003319038391113305,0.0033191075813971405,-6.919028383567394e-08,8.202910767307614e-08,False,66.3807678222661,66.3821516279428
gaussian_postrelu,1,centre_frozen,train_probe,0,0.02,0.012850257873535165,0.012850354343237225,-9.646970206000915e-08,8.202910767307614e-08,False,64.25128936767582,64.25177171618613
gaussian_postrelu,1,centre_frozen,train_probe,0,0.05,0.07677616119384767,0.07677631480981445,-1.536159667803183e-07,8.202910767307614e-08,False,61.420928955078125,61.42105184785155
gaussian_postrelu,1,centre_frozen,train_probe,1,0.005,0.0017997970581055123,0.00179990071481545,-1.0365670993772724e-07,8.202910767307614e-08,False,143.98376464844097,143.992057185236
gaussian_postrelu,1,centre_frozen,train_probe,1,0.01,0.007421470642089867,0.007421532321709556,-6.167961968950308e-08,8.202910767307614e-08,False,148.42941284179733,148.43064643419112
gaussian_postrelu,1,centre_frozen,train_probe,1,0.02,0.02971939086914066,0.02971950034274201,-1.0947360135071804e-07,8.202910767307614e-08,False,148.5969543457033,148.59750171371005
gaussian_postrelu,1,centre_frozen,train_probe,1,0.05,0.19562728881835945,0.195627381836118,-9.301775855119487e-08,8.202910767307614e-08,False,156.50183105468753,156.50190546889436
gaussian_postrelu,1,centre_frozen,test_probe,0,0.005,0.0006666336059570899,0.000666402132035615,2.3147392147482293e-07,-1.5203031711319426e-07,False,53.33068847656719,53.312170562849204
gaussian_postrelu,1,centre_frozen,test_probe,0,0.01,0.0025178833007812873,0.0025177610149441643,1.222858371230373e-07,-1.5203031711319426e-07,False,50.357666015625746,50.35522029888328
gaussian_postrelu,1,centre_frozen,test_probe,0,0.02,0.009728172302246207,0.00972801692848646,1.5537375974705725e-07,-1.5203031711319426e-07,False,48.64086151123104,48.6400846424323
gaussian_postrelu,1,centre_frozen,test_probe,0,0.05,0.059274459838867255,0.05927421758856921,2.4225029804370024e-07,-1.5203031711319426e-07,False,47.4195678710938,47.41937407085536
gaussian_postrelu,1,centre_frozen,test_probe,1,0.005,0.0012385406494140883,0.0012384292640091887,1.113854048995222e-07,-1.5203031711319426e-07,False,99.08325195312706,99.0743411207351
gaussian_postrelu,1,centre_frozen,test_probe,1,0.01,0.005084098815917981,0.005083888919512614,2.0989640536761556e-07,-1.5203031711319426e-07,False,101.68197631835962,101.67777839025227
gaussian_postrelu,1,centre_frozen,test_probe,1,0.02,0.021715988159179744,0.021715806659975745,1.8149920399945785e-07,-1.5203031711319426e-07,False,108.57994079589872,108.57903329987872
gaussian_postrelu,1,centre_frozen,test_probe,1,0.05,0.16874827575683593,0.1687481198634374,1.5589339852351003e-07,-1.5203031711319426e-07,False,134.99862060546872,134.9984958907499
gaussian_postrelu,2,saved,train_probe,0,0.005,0.0017910194396972834,0.0017910602196720138,-4.0779974730398294e-08,1.983426678453526e-08,False,143.28155517578267,143.2848175737611
gaussian_postrelu,2,saved,train_probe,0,0.01,0.0067427673339843786,0.00674280838235336,-4.104836898166653e-08,1.983426678453526e-08,False,134.85534667968756,134.8561676470672
gaussian_postrelu,2,saved,train_probe,0,0.02,0.028215076446533205,0.02821515982525491,-8.337872170471883e-08,1.983426678453526e-08,False,141.07538223266602,141.07579912627455
gaussian_postrelu,2,saved,train_probe,0,0.05,0.195190444946289,0.19519050032734903,-5.5381060015680106e-08,1.983426678453526e-08,False,156.15235595703118,156.1524002618792
gaussian_postrelu,2,saved,train_probe,1,0.005,0.001132125854492183,0.0011321493798763793,-2.3525384196254606e-08,1.983426678453526e-08,False,90.57006835937464,90.57195039011035
gaussian_postrelu,2,saved,train_probe,1,0.01,0.004512687683105421,0.004512717867580562,-3.01844751415814e-08,1.983426678453526e-08,False,90.25375366210841,90.25435735161125
gaussian_postrelu,2,saved,train_probe,1,0.02,0.017701721191406228,0.017701801978589615,-8.078718338744295e-08,1.983426678453526e-08,False,88.50860595703114,88.50900989294807
gaussian_postrelu,2,saved,train_probe,1,0.05,0.11709693145751954,0.11709696945976511,-3.8002245572599236e-08,1.983426678453526e-08,False,93.6775451660156,93.67757556781207
gaussian_postrelu,2,saved,test_probe,0,0.005,0.001776245117187547,0.001776162414396265,8.270279128197444e-08,-1.0436780495393094e-07,False,142.09960937500375,142.0929931517012
gaussian_postrelu,2,saved,test_probe,0,0.01,0.0061373443603516264,0.006137111660037831,2.3270031379585276e-07,-1.0436780495393094e-07,False,122.74688720703253,122.7422332007566
gaussian_postrelu,2,saved,test_probe,0,0.02,0.02356060791015635,0.023560519096200272,8.881395607840403e-08,-1.0436780495393094e-07,False,117.80303955078175,117.80259548100135
gaussian_postrelu,2,saved,test_probe,0,0.05,0.160750228881836,0.1607499961029316,2.3277890437434223e-07,-1.0436780495393094e-07,False,128.60018310546877,128.59999688234527
gaussian_postrelu,2,saved,test_probe,1,0.005,0.0012414245605468777,0.0012413595900360175,6.497051086018502e-08,-1.0436780495393094e-07,False,99.31396484375021,99.3087672028814
gaussian_postrelu,2,saved,test_probe,1,0.01,0.004072921752929726,0.004072785900771536,1.3585215818956442e-07,-1.0436780495393094e-07,False,81.4584350585945,81.45571801543072
gaussian_postrelu,2,saved,test_probe,1,0.02,0.014517852783203167,0.01451779548301857,5.730018459715325e-08,-1.0436780495393094e-07,False,72.58926391601582,72.58897741509284
gaussian_postrelu,2,saved,test_probe,1,0.05,0.09182540893554691,0.09182532182633962,8.710920729182448e-08,-1.0436780495393094e-07,False,73.46032714843751,73.46025746107168
gaussian_postrelu,2,recalibrated,train_probe,0,0.005,0.0008211174011230615,0.0008211650549480587,-4.765382499716253e-08,-6.742939762105493e-09,False,65.68939208984492,65.69320439584469
gaussian_postrelu,2,recalibrated,train_probe,0,0.01,0.003196811676025424,0.0031968505718641405,-3.889583871652391e-08,-6.742939762105493e-09,False,63.93623352050847,63.937011437282806
gaussian_postrelu,2,recalibrated,train_probe,0,0.02,0.013176982879638643,0.013177020235677517,-3.735603887333738e-08,-6.742939762105493e-09,False,65.88491439819322,65.88510117838759
gaussian_postrelu,2,recalibrated,train_probe,0,0.05,0.08569279479980468,0.0856927742357082,2.05640964812126e-08,-6.742939762105493e-09,False,68.55423583984373,68.55421938856655
gaussian_postrelu,2,recalibrated,train_probe,1,0.005,0.0005011672973632697,0.0005011544079578933,1.288940537635952e-08,-6.742939762105493e-09,False,40.093383789061576,40.09235263663147
gaussian_postrelu,2,recalibrated,train_probe,1,0.01,0.002040367126464826,0.0020403644726388337,2.65382599229369e-09,-6.742939762105493e-09,False,40.80734252929652,40.80728945277667
gaussian_postrelu,2,recalibrated,train_probe,1,0.02,0.00801969146728515,0.008019673770248092,1.7697037058006515e-08,-6.742939762105493e-09,False,40.09845733642575,40.09836885124046
gaussian_postrelu,2,recalibrated,train_probe,1,0.05,0.049663421630859406,0.049663377302565925,4.4328293480333514e-08,-6.742939762105493e-09,False,39.730737304687516,39.73070184205273
gaussian_postrelu,2,recalibrated,test_probe,0,0.005,0.0007852478027343679,0.0007850795938588728,1.6820887549506836e-07,-1.471196788838114e-07,False,62.81982421874943,62.806367508709826
gaussian_postrelu,2,recalibrated,test_probe,0,0.01,0.0028024291992188033,0.00280227710611336,1.5209310544328503e-07,-1.471196788838114e-07,False,56.048583984376066,56.0455421222672
gaussian_postrelu,2,recalibrated,test_probe,0,0.02,0.008684158325195312,0.008684022912161748,1.3541303356401357e-07,-1.471196788838114e-07,False,43.42079162597656,43.42011456080874
gaussian_postrelu,2,recalibrated,test_probe,0,0.05,0.04881188964843752,0.048811737939034816,1.5170940270703426e-07,-1.471196788838114e-07,False,39.04951171875001,39.04939035122784
gaussian_postrelu,2,recalibrated,test_probe,1,0.005,0.000296981811523489,0.00029683379823830514,1.480132851838789e-07,-1.471196788838114e-07,False,23.75854492187912,23.74670385906441
gaussian_postrelu,2,recalibrated,test_probe,1,0.01,0.001302368164062484,0.0013021841065016249,1.8405756085915215e-07,-1.471196788838114e-07,False,26.04736328124968,26.043682130032497
gaussian_postrelu,2,recalibrated,test_probe,1,0.02,0.004306213378906243,0.004306064215186867,1.4916371937623296e-07,-1.471196788838114e-07,False,21.531066894531214,21.53032107593433
gaussian_postrelu,2,recalibrated,test_probe,1,0.05,0.026651641845703233,0.026651525119189667,1.1672651356597896e-07,-1.471196788838114e-07,False,21.321313476562583,21.32122009535173
gaussian_postrelu,2,centre_frozen,train_probe,0,0.005,0.0015986251831054399,0.0015985570506792945,6.813242614533976e-08,-3.9554291453303136e-08,False,127.89001464843518,127.88456405434356
gaussian_postrelu,2,centre_frozen,train_probe,0,0.01,0.006505641937255835,0.006505625935921799,1.6001334035564696e-08,-3.9554291453303136e-08,False,130.1128387451167,130.11251871843598
gaussian_postrelu,2,centre_frozen,train_probe,0,0.02,0.02705370330810547,0.02705365924839953,4.405970593923669e-08,-3.9554291453303136e-08,False,135.26851654052734,135.26829624199766
gaussian_postrelu,2,centre_frozen,train_probe,0,0.05,0.18712680053710934,0.18712689475185174,-9.421474239657002e-08,-3.9554291453303136e-08,False,149.70144042968744,149.70151580148135
gaussian_postrelu,2,centre_frozen,train_probe,1,0.005,0.0011513366699218985,0.0011513110222280964,2.5647693802088867e-08,-3.9554291453303136e-08,False,92.10693359375188,92.10488177824772
gaussian_postrelu,2,centre_frozen,train_probe,1,0.01,0.004496112823486331,0.00449605242310136,6.040038497134859e-08,-3.9554291453303136e-08,False,89.92225646972662,89.92104846202719
gaussian_postrelu,2,centre_frozen,train_probe,1,0.02,0.01742011642456054,0.017420109843234055,6.581326483789951e-09,-3.9554291453303136e-08,False,87.10058212280269,87.10054921617026
gaussian_postrelu,2,centre_frozen,train_probe,1,0.05,0.11545001983642572,0.11544998512488658,3.47115391430286e-08,-3.9554291453303136e-08,False,92.36001586914055,92.35998809990924
gaussian_postrelu,2,centre_frozen,test_probe,0,0.005,0.0016061859130860334,0.0016059974530471255,1.8846003890793384e-07,-1.318820206375193e-07,False,128.49487304688267,128.47979624377004
gaussian_postrelu,2,centre_frozen,test_probe,0,0.01,0.005978927612304785,0.005978847594157122,8.001814766345205e-08,-1.318820206375193e-07,False,119.5785522460957,119.57695188314243
gaussian_postrelu,2,centre_frozen,test_probe,0,0.02,0.022294540405273455,0.022294440871135413,9.953413804275613e-08,-1.318820206375193e-07,False,111.47270202636727,111.47220435567705
gaussian_postrelu,2,centre_frozen,test_probe,0,0.05,0.1533605041503907,0.1533604271162876,7.703410309645164e-08,-1.318820206375193e-07,False,122.68840332031255,122.68834169303007
gaussian_postrelu,2,centre_frozen,test_probe,1,0.005,0.0009859313964843963,0.0009857566404332108,1.7475605118555393e-07,-1.318820206375193e-07,False,78.8745117187517,78.86053123465686
gaussian_postrelu,2,centre_frozen,test_probe,1,0.01,0.003933044433593769,0.003932880117176074,1.643164176945433e-07,-1.318820206375193e-07,False,78.66088867187537,78.65760234352148
gaussian_postrelu,2,centre_frozen,test_probe,1,0.02,0.01450216674804694,0.014501990224527472,1.7652351946839673e-07,-1.318820206375193e-07,False,72.5108337402347,72.50995112263736
gaussian_postrelu,2,centre_frozen,test_probe,1,0.05,0.09111061096191408,0.09111048953723633,1.2142467775699828e-07,-1.318820206375193e-07,False,72.88848876953125,72.88839162978906
gaussian_postrelu,3,saved,train_probe,0,0.005,0.002400936126708997,0.002400826792863131,1.0933384586575556e-07,-1.3028902001721576e-07,False,192.07489013671974,192.06614342905047
gaussian_postrelu,3,saved,train_probe,0,0.01,0.010634017944335938,0.010633899295799998,1.1864853594056868e-07,-1.3028902001721576e-07,False,212.68035888671875,212.67798591599995
gaussian_postrelu,3,saved,train_probe,0,0.02,0.052737281799316416,0.052737170438189485,1.1136112693099776e-07,-1.3028902001721576e-07,False,263.6864089965821,263.6858521909474
gaussian_postrelu,3,saved,train_probe,0,0.05,0.3700355377197265,0.3700352570709896,2.806487369166888e-07,-1.3028902001721576e-07,False,296.0284301757812,296.0282056567916
gaussian_postrelu,3,saved,train_probe,1,0.005,0.001061065673828132,0.0010609678856199345,9.778820819761336e-08,-1.3028902001721576e-07,False,84.88525390625057,84.87743084959476
gaussian_postrelu,3,saved,train_probe,1,0.01,0.004610206604003908,0.004610139476867725,6.712713618295396e-08,-1.3028902001721576e-07,False,92.20413208007815,92.20278953735449
gaussian_postrelu,3,saved,train_probe,1,0.02,0.02033939361572268,0.02033927182968942,1.2178603325807558e-07,-1.3028902001721576e-07,False,101.69696807861338,101.6963591484471
gaussian_postrelu,3,saved,train_probe,1,0.05,0.14635337829589845,0.1463532699781065,1.0831779195807911e-07,-1.3028902001721576e-07,False,117.08270263671874,117.08261598248517
gaussian_postrelu,3,saved,test_probe,0,0.005,0.0027553863525390243,0.0027552800216484874,1.063308905369098e-07,-7.895931486423535e-08,False,220.43090820312193,220.42240173187898
gaussian_postrelu,3,saved,test_probe,0,0.01,0.010297653198242274,0.010297512904969275,1.4029327299880379e-07,-7.895931486423535e-08,False,205.95306396484546,205.95025809938548
gaussian_postrelu,3,saved,test_probe,0,0.02,0.04646543884277354,0.04646538939479583,4.94479777124468e-08,-7.895931486423535e-08,False,232.3271942138677,232.32694697397915
gaussian_postrelu,3,saved,test_probe,0,0.05,0.33100595092773444,0.33100583686333573,1.1406439870409457e-07,-7.895931486423535e-08,False,264.8047607421875,264.8046694906685
gaussian_postrelu,3,saved,test_probe,1,0.005,0.0011016998291015767,0.0011015383522982036,1.61476803373084e-07,-7.895931486423535e-08,False,88.13598632812614,88.12306818385629
gaussian_postrelu,3,saved,test_probe,1,0.01,0.0042704162597656525,0.004270354196853954,6.206291169874589e-08,-7.895931486423535e-08,False,85.40832519531304,85.40708393707907
gaussian_postrelu,3,saved,test_probe,1,0.02,0.017173416137695408,0.017173291666784496,1.2447091091161155e-07,-7.895931486423535e-08,False,85.86708068847703,85.86645833392248
gaussian_postrelu,3,saved,test_probe,1,0.05,0.12649691772460947,0.12649689098778893,2.673682053533355e-08,-7.895931486423535e-08,False,101.19753417968755,101.19751279023113
gaussian_postrelu,3,recalibrated,train_probe,0,0.005,0.0013642120361327947,0.0013642277697461513,-1.5733613356605503e-08,5.803662278536237e-08,False,109.13696289062358,109.1382215796921
gaussian_postrelu,3,recalibrated,train_probe,0,0.01,0.005601753234863283,0.005601820957978065,-6.772311478275839e-08,5.803662278536237e-08,False,112.03506469726564,112.0364191595613
gaussian_postrelu,3,recalibrated,train_probe,0,0.02,0.02727060699462891,0.02727067472393141,-6.772930249976383e-08,5.803662278536237e-08,False,136.35303497314453,136.35337361965705
gaussian_postrelu,3,recalibrated,train_probe,0,0.05,0.188926383972168,0.1889264677931654,-8.382099742076932e-08,5.803662278536237e-08,False,151.14110717773437,151.1411742345323
gaussian_postrelu,3,recalibrated,train_probe,1,0.005,0.0006513824462890394,0.000651450810665033,-6.836437599355705e-08,5.803662278536237e-08,False,52.11059570312315,52.11606485320264
gaussian_postrelu,3,recalibrated,train_probe,1,0.01,0.002740203857421908,0.0027402494540759714,-4.559665406356217e-08,5.803662278536237e-08,False,54.804077148438154,54.80498908151942
gaussian_postrelu,3,recalibrated,train_probe,1,0.02,0.012248886108398471,0.012248963353950482,-7.724555201038541e-08,5.803662278536237e-08,False,61.24443054199235,61.244816769752404
gaussian_postrelu,3,recalibrated,train_probe,1,0.05,0.08517848968505859,0.08517850354876444,-1.3863705849992414e-08,5.803662278536237e-08,False,68.14279174804686,68.14280283901154
gaussian_postrelu,3,recalibrated,test_probe,0,0.005,0.001248947143554724,0.0012490371209035178,-8.997734879390151e-08,6.976766431243675e-08,False,99.91577148437791,99.92296967228143
gaussian_postrelu,3,recalibrated,test_probe,0,0.01,0.004252075195312566,0.004252126721645544,-5.152633297811349e-08,6.976766431243675e-08,False,85.04150390625131,85.04253443291087
gaussian_postrelu,3,recalibrated,test_probe,0,0.02,0.020592559814453182,0.02059259531198354,-3.549753035958503e-08,6.976766431243675e-08,False,102.96279907226591,102.9629765599177
gaussian_postrelu,3,recalibrated,test_probe,0,0.05,0.14935278320312506,0.14935287059501223,-8.739188717132862e-08,6.976766431243675e-08,False,119.48222656250003,119.48229647600976
gaussian_postrelu,3,recalibrated,test_probe,1,0.005,0.0005770263671875941,0.0005770138247678247,1.25424197694457e-08,6.976766431243675e-08,False,46.16210937500753,46.161105981425976
gaussian_postrelu,3,recalibrated,test_probe,1,0.01,0.00196598815917981,0.0019661101257267832,-1.2196654697316234e-07,6.976766431243675e-08,False,39.3197631835962,39.32220251453566
gaussian_postrelu,3,recalibrated,test_probe,1,0.02,0.008593887329101602,0.008593924601312919,-3.7272211317329607e-08,6.976766431243675e-08,False,42.969436645508004,42.96962300656459
gaussian_postrelu,3,recalibrated,test_probe,1,0.05,0.06931616210937497,0.06931625061436986,-8.850499488843866e-08,6.976766431243675e-08,False,55.45292968749996,55.45300049149587
gaussian_postrelu,3,centre_frozen,train_probe,0,0.005,0.0028400230407714666,0.002840072912708269,-4.987193680250357e-08,2.5660940983218694e-08,False,227.20184326171733,227.20583301666153
gaussian_postrelu,3,centre_frozen,train_probe,0,0.01,0.011399406433105497,0.011399452982698344,-4.6549592847000554e-08,2.5660940983218694e-08,False,227.98812866210992,227.98905965396688
gaussian_postrelu,3,centre_frozen,train_probe,0,0.02,0.05445433807373046,0.0544544258672906,-8.779356014398942e-08,2.5660940983218694e-08,False,272.2716903686523,272.272129336453
gaussian_postrelu,3,centre_frozen,train_probe,0,0.05,0.37200910949707033,0.37200910775831736,1.7387529749335329e-09,2.5660940983218694e-08,False,297.6072875976562,297.60728620665384
gaussian_postrelu,3,centre_frozen,train_probe,1,0.005,0.0012559280395507688,0.0012559486576664836,-2.0618115714743368e-08,2.5660940983218694e-08,False,100.4742431640615,100.47589261331868
gaussian_postrelu,3,centre_frozen,train_probe,1,0.01,0.0048874816894531325,0.004887533827088897,-5.213763576428221e-08,2.5660940983218694e-08,False,97.74963378906264,97.75067654177793
gaussian_postrelu,3,centre_frozen,train_probe,1,0.02,0.02076482391357426,0.020764882362650672,-5.844907641217034e-08,2.5660940983218694e-08,False,103.82411956787129,103.82441181325335
gaussian_postrelu,3,centre_frozen,train_probe,1,0.05,0.14632294464111328,0.1463230194945948,-7.485348152425075e-08,2.5660940983218694e-08,False,117.0583557128906,117.05841559567583
gaussian_postrelu,3,centre_frozen,test_probe,0,0.005,0.0028180084228516256,0.002818044228571681,-3.580572005557059e-08,4.978290801815888e-08,False,225.44067382813003,225.4435382857345
gaussian_postrelu,3,centre_frozen,test_probe,0,0.01,0.010514953613281253,0.010514971790889893,-1.817760864053497e-08,4.978290801815888e-08,False,210.29907226562506,210.29943581779784
gaussian_postrelu,3,centre_frozen,test_probe,0,0.02,0.048282852172851554,0.04828287552667798,-2.335382642826289e-08,4.978290801815888e-08,False,241.41426086425776,241.4143776333899
gaussian_postrelu,3,centre_frozen,test_probe,0,0.05,0.3304162139892579,0.33041616658195916,4.740729875329919e-08,4.978290801815888e-08,False,264.3329711914063,264.33293326556725
gaussian_postrelu,3,centre_frozen,test_probe,1,0.005,0.0011701812744141504,0.0011702682637780848,-8.69893639343644e-08,4.978290801815888e-08,False,93.61450195313203,93.62146110224678
gaussian_postrelu,3,centre_frozen,test_probe,1,0.01,0.004119491577148526,0.004119561585700815,-7.000855228866953e-08,4.978290801815888e-08,False,82.38983154297053,82.3912317140163
gaussian_postrelu,3,centre_frozen,test_probe,1,0.02,0.017226165771484392,0.017226194559805785,-2.8788321393413696e-08,4.978290801815888e-08,False,86.13082885742196,86.13097279902892
gaussian_postrelu,3,centre_frozen,test_probe,1,0.05,0.1283841552734375,0.12838427382699402,-1.1855355652734545e-07,4.978290801815888e-08,False,102.70732421874997,102.7074190615952
gaussian_postrelu,4,saved,train_probe,0,0.005,0.0016644630432128826,0.0016644769212609822,-1.387804809960258e-08,-2.1416789452999296e-09,False,133.1570434570306,133.1581537008786
gaussian_postrelu,4,saved,train_probe,0,0.01,0.007034523010253924,0.007034616096556312,-9.30863023884676e-08,-2.1416789452999296e-09,False,140.69046020507847,140.69232193112623
gaussian_postrelu,4,saved,train_probe,0,0.02,0.030699104309082015,0.03069914379915628,-3.9490074266179676e-08,-2.1416789452999296e-09,False,153.49552154541007,153.4957189957814
gaussian_postrelu,4,saved,train_probe,0,0.05,0.21192339324951176,0.2119234559706708,-6.272115904426556e-08,-2.1416789452999296e-09,False,169.53871459960936,169.53876477653662
gaussian_postrelu,4,saved,train_probe,1,0.005,0.0014725074768066615,0.001472588636576344,-8.115976968259275e-08,-2.1416789452999296e-09,False,117.80059814453291,117.80709092610752
gaussian_postrelu,4,saved,train_probe,1,0.01,0.005906337738037115,0.005906360799124377,-2.306108726202183e-08,-2.1416789452999296e-09,False,118.1267547607423,118.12721598248754
gaussian_postrelu,4,saved,train_probe,1,0.02,0.026571556091308624,0.026571519989658454,3.610165016931788e-08,-2.1416789452999296e-09,False,132.8577804565431,132.85759994829226
gaussian_postrelu,4,saved,train_probe,1,0.05,0.20460817718505858,0.20460821062706636,-3.344200777410933e-08,-2.1416789452999296e-09,False,163.68654174804684,163.68656850165306
gaussian_postrelu,4,saved,test_probe,0,0.005,0.0012733764648437118,0.0012734080436784811,-3.157883476934131e-08,8.430401188253e-08,False,101.87011718749694,101.87264349427849
gaussian_postrelu,4,saved,test_probe,0,0.01,0.005121673583984299,0.005121751385258944,-7.780127464496189e-08,8.430401188253e-08,False,102.43347167968597,102.43502770517887
gaussian_postrelu,4,saved,test_probe,0,0.02,0.020130966186523436,0.020131055630994488,-8.944447105196929e-08,8.430401188253e-08,False,100.65483093261717,100.65527815497244
gaussian_postrelu,4,saved,test_probe,0,0.05,0.1512796325683594,0.1512797566309393,-1.2406257987596092e-07,8.430401188253e-08,False,121.02370605468751,121.0238053047514
gaussian_postrelu,4,saved,test_probe,1,0.005,0.0015165863037109872,0.0015165575066979908,2.879701299640658e-08,8.430401188253e-08,False,121.32690429687898,121.32460053583927
gaussian_postrelu,4,saved,test_probe,1,0.01,0.005627624511718721,0.005627679279424869,-5.476770614798454e-08,8.430401188253e-08,False,112.5524902343744,112.55358558849737
gaussian_postrelu,4,saved,test_probe,1,0.02,0.020082870483398407,0.020082820641491472,4.9841906935021996e-08,8.430401188253e-08,False,100.41435241699203,100.41410320745736
gaussian_postrelu,4,saved,test_probe,1,0.05,0.15260227966308593,0.15260252552589104,-2.458628051149603e-07,8.430401188253e-08,False,122.08182373046871,122.08202042071281
gaussian_postrelu,4,recalibrated,train_probe,0,0.005,0.0009181442260742245,0.0009179636545425529,1.8057153167161388e-07,-1.4819324045678428e-07,False,73.45153808593795,73.43709236340423
gaussian_postrelu,4,recalibrated,train_probe,0,0.01,0.0040646362304687655,0.004064529888577084,1.0634189168134967e-07,-1.4819324045678428e-07,False,81.29272460937531,81.29059777154168
gaussian_postrelu,4,recalibrated,train_probe,0,0.02,0.018650596618652315,0.018650444414162193,1.5220449012254278e-07,-1.4819324045678428e-07,False,93.25298309326158,93.25222207081096
gaussian_postrelu,4,recalibrated,train_probe,0,0.05,0.12697708892822268,0.12697697722680834,1.117014143403594e-07,-1.4819324045678428e-07,False,101.58167114257813,101.58158178144666
gaussian_postrelu,4,recalibrated,train_probe,1,0.005,0.0008400611877441566,0.0008399166829741733,1.445047699832891e-07,-1.4819324045678428e-07,False,67.20489501953253,67.19333463793386
gaussian_postrelu,4,recalibrated,train_probe,1,0.01,0.003405025482177748,0.003404815278472917,2.1020370483126882e-07,-1.4819324045678428e-07,False,68.10050964355496,68.09630556945834
gaussian_postrelu,4,recalibrated,train_probe,1,0.02,0.01645581817626951,0.01645564897503382,1.6920123568908707e-07,-1.4819324045678428e-07,False,82.27909088134754,82.2782448751691
gaussian_postrelu,4,recalibrated,train_probe,1,0.05,0.11718107604980471,0.11718100119706276,7.48527419491829e-08,-1.4819324045678428e-07,False,93.74486083984375,93.74480095765018
gaussian_postrelu,4,recalibrated,test_probe,0,0.005,0.0007308197021483887,0.00073076124586402,5.845628436862427e-08,-4.254547136817166e-08,False,58.46557617187109,58.4608996691216
gaussian_postrelu,4,recalibrated,test_probe,0,0.01,0.002842941284179723,0.0028429310787213558,1.0205458367273934e-08,-4.254547136817166e-08,False,56.85882568359446,56.85862157442711
gaussian_postrelu,4,recalibrated,test_probe,0,0.02,0.011139236450195322,0.011139214756969884,2.169322543821295e-08,-4.254547136817166e-08,False,55.696182250976605,55.69607378484942
gaussian_postrelu,4,recalibrated,test_probe,0,0.05,0.08535729980468754,0.08535724344308981,5.6361597722265344e-08,-4.254547136817166e-08,False,68.28583984375001,68.28579475447184
gaussian_postrelu,4,recalibrated,test_probe,1,0.005,0.0010067749023437988,0.0010066597101209274,1.1519222287148523e-07,-4.254547136817166e-08,False,80.54199218750391,80.53277680967419
gaussian_postrelu,4,recalibrated,test_probe,1,0.01,0.0034283599853516256,0.0034282575038758756,1.0248147574998256e-07,-4.254547136817166e-08,False,68.56719970703251,68.56515007751752
gaussian_postrelu,4,recalibrated,test_probe,1,0.02,0.011259292602539106,0.011259231841188266,6.076135083965539e-08,-4.254547136817166e-08,False,56.296463012695526,56.29615920594133
gaussian_postrelu,4,recalibrated,test_probe,1,0.05,0.0794775390625001,0.07947763058192692,-9.151942681473457e-08,-4.254547136817166e-08,False,63.58203125000007,63.58210446554152
gaussian_postrelu,4,centre_frozen,train_probe,0,0.005,0.0017154045104980087,0.0017152681452892171,1.3636520879156677e-07,-1.5219823978895874e-07,False,137.23236083984068,137.22145162313737
gaussian_postrelu,4,centre_frozen,train_probe,0,0.01,0.007122863769531251,0.007122727749087732,1.360204435196799e-07,-1.5219823978895874e-07,False,142.45727539062503,142.45455498175463
gaussian_postrelu,4,centre_frozen,train_probe,0,0.02,0.030903854370117223,0.030903805717397148,4.865272007492649e-08,-1.5219823978895874e-07,False,154.5192718505861,154.51902858698574
gaussian_postrelu,4,centre_frozen,train_probe,0,0.05,0.21305841064453124,0.21305832191957275,8.872495849132633e-08,-1.5219823978895874e-07,False,170.44672851562495,170.44665753565818
gaussian_postrelu,4,centre_frozen,train_probe,1,0.005,0.0015620651245117356,0.0015619463970235614,1.1872748817420842e-07,-1.5219823978895874e-07,False,124.96520996093885,124.95571176188491
gaussian_postrelu,4,centre_frozen,train_probe,1,0.01,0.006274345397949244,0.006274243670415958,1.0172753328596684e-07,-1.5219823978895874e-07,False,125.48690795898487,125.48487340831915
gaussian_postrelu,4,centre_frozen,train_probe,1,0.02,0.02716350173950194,0.027163318309562978,1.834299389602556e-07,-1.5219823978895874e-07,False,135.81750869750968,135.81659154781488
gaussian_postrelu,4,centre_frozen,train_probe,1,0.05,0.21028472900390627,0.21028459475261863,1.3425128764232852e-07,-1.5219823978895874e-07,False,168.22778320312497,168.22767580209486
gaussian_postrelu,4,centre_frozen,test_probe,0,0.005,0.0012865142822265918,0.00128644402342315,7.02588034418028e-08,-3.7887210035947305e-08,False,102.92114257812734,102.915521873852
gaussian_postrelu,4,centre_frozen,test_probe,0,0.01,0.0050785675048828915,0.005078505683161261,6.182172163082811e-08,-3.7887210035947305e-08,False,101.57135009765783,101.57011366322521
gaussian_postrelu,4,centre_frozen,test_probe,0,0.02,0.02073986816406259,0.020739866155949138,2.0081134533000977e-09,-3.7887210035947305e-08,False,103.69934082031295,103.69933077974568
gaussian_postrelu,4,centre_frozen,test_probe,0,0.05,0.1521985473632813,0.15219849793975082,4.942353049042225e-08,-3.7887210035947305e-08,False,121.75883789062503,121.75879835180064
gaussian_postrelu,4,centre_frozen,test_probe,1,0.005,0.0016554565429688362,0.0016553762949514939,8.024801734229925e-08,-3.7887210035947305e-08,False,132.43652343750688,132.4301035961195
gaussian_postrelu,4,centre_frozen,test_probe,1,0.01,0.005625564575195363,0.0056255710050431285,-6.429847765332397e-09,-3.7887210035947305e-08,False,112.51129150390726,112.51142010086257
gaussian_postrelu,4,centre_frozen,test_probe,1,0.02,0.020776840209960956,0.020776838371672324,1.8382886324275205e-09,-3.7887210035947305e-08,False,103.88420104980477,103.88419185836162
gaussian_postrelu,4,centre_frozen,test_probe,1,0.05,0.15678494262695308,0.15678495252381697,-9.896863883973595e-09,-3.7887210035947305e-08,False,125.42795410156245,125.42796201905355
resolution_max_b1_gaussian_conv,0,saved,train_probe,0,0.005,0.0006776580810546884,0.0006776793392435088,-2.1258188820372226e-08,3.749758059612418e-08,False,54.21264648437507,54.2143471394807
resolution_max_b1_gaussian_conv,0,saved,train_probe,0,0.01,0.002706687927246043,0.0027067572817990326,-6.935455298950899e-08,3.749758059612418e-08,False,54.13375854492086,54.13514563598065
resolution_max_b1_gaussian_conv,0,saved,train_probe,0,0.02,0.010754516601562458,0.01075454605249515,-2.945093269257626e-08,3.749758059612418e-08,False,53.77258300781229,53.772730262475754
resolution_max_b1_gaussian_conv,0,saved,train_probe,0,0.05,0.0661622543334961,0.06616233667125138,-8.233775528054821e-08,3.749758059612418e-08,False,52.92980346679687,52.929869337001094
resolution_max_b1_gaussian_conv,0,saved,train_probe,1,0.005,0.0006055984497069788,0.0006056414419592371,-4.2992252258233776e-08,3.749758059612418e-08,False,48.44787597655831,48.45131535673897
resolution_max_b1_gaussian_conv,0,saved,train_probe,1,0.01,0.0026408386230468706,0.0026408904153011337,-5.179225426310552e-08,3.749758059612418e-08,False,52.81677246093741,52.81780830602267
resolution_max_b1_gaussian_conv,0,saved,train_probe,1,0.02,0.01068563079833984,0.010685666965441043,-3.6167101202799756e-08,3.749758059612418e-08,False,53.4281539916992,53.42833482720521
resolution_max_b1_gaussian_conv,0,saved,train_probe,1,0.05,0.06943389892578122,0.06943393767182848,-3.874604725950803e-08,3.749758059612418e-08,False,55.547119140624964,55.54715013746277
resolution_max_b1_gaussian_conv,0,saved,test_probe,0,0.005,0.0005249252319334818,0.0005250457471157599,-1.2051518227806923e-07,9.346073737148686e-08,False,41.99401855467855,42.00365976926079
resolution_max_b1_gaussian_conv,0,saved,test_probe,0,0.01,0.0020378112792969194,0.002037973595309328,-1.6231601240868088e-07,9.346073737148686e-08,False,40.75622558593839,40.75947190618656
resolution_max_b1_gaussian_conv,0,saved,test_probe,0,0.02,0.008283218383789093,0.008283202140392465,1.6243396627757534e-08,9.346073737148686e-08,False,41.41609191894546,41.41601070196232
resolution_max_b1_gaussian_conv,0,saved,test_probe,0,0.05,0.05376332092285152,0.053763391794010795,-7.087115927451038e-08,9.346073737148686e-08,False,43.010656738281206,43.01071343520863
resolution_max_b1_gaussian_conv,0,saved,test_probe,1,0.005,0.0005761718749999201,0.0005762261696946602,-5.429469474016457e-08,9.346073737148686e-08,False,46.093749999993605,46.09809357557282
resolution_max_b1_gaussian_conv,0,saved,test_probe,1,0.01,0.002473121643066456,0.0024731808515745524,-5.920850809637557e-08,9.346073737148686e-08,False,49.46243286132912,49.46361703149105
resolution_max_b1_gaussian_conv,0,saved,test_probe,1,0.02,0.010294235229492132,0.01029428489738382,-4.966789168836527e-08,9.346073737148686e-08,False,51.47117614746066,51.471424486919105
resolution_max_b1_gaussian_conv,0,saved,test_probe,1,0.05,0.06735595703124997,0.06735602677907249,-6.974782251756295e-08,9.346073737148686e-08,False,53.884765624999964,53.88482142325798
resolution_max_b1_gaussian_conv,0,recalibrated,train_probe,0,0.005,0.0003862304687499707,0.0003862282160549957,2.252694975002356e-09,8.982258881129468e-09,False,30.898437499997655,30.898257284399655
resolution_max_b1_gaussian_conv,0,recalibrated,train_probe,0,0.01,0.0014302368164062496,0.00143027258846945,-3.577206320048987e-08,8.982258881129468e-09,False,28.60473632812499,28.605451769389
resolution_max_b1_gaussian_conv,0,recalibrated,train_probe,0,0.02,0.005193824768066402,0.005193795689961089,2.907810531249666e-08,8.982258881129468e-09,False,25.969123840332006,25.968978449805444
resolution_max_b1_gaussian_conv,0,recalibrated,train_probe,0,0.05,0.030295951843261726,0.03029599222257412,-4.0379312393756805e-08,8.982258881129468e-09,False,24.236761474609377,24.23679377805929
resolution_max_b1_gaussian_conv,0,recalibrated,train_probe,1,0.005,0.00021272277832029562,0.00021276875049341948,-4.597217312385382e-08,8.982258881129468e-09,False,17.01782226562365,17.02150003947356
resolution_max_b1_gaussian_conv,0,recalibrated,train_probe,1,0.01,0.0009030990600585875,0.0009030798224952674,1.9237563320118056e-08,8.982258881129468e-09,False,18.06198120117175,18.06159644990535
resolution_max_b1_gaussian_conv,0,recalibrated,train_probe,1,0.02,0.0034830093383789174,0.0034830581671929095,-4.882881399215222e-08,8.982258881129468e-09,False,17.415046691894585,17.415290835964548
resolution_max_b1_gaussian_conv,0,recalibrated,train_probe,1,0.05,0.020446014404296886,0.02044603153972152,-1.7135424634773244e-08,8.982258881129468e-09,False,16.356811523437507,16.356825231777215
resolution_max_b1_gaussian_conv,0,recalibrated,test_probe,0,0.005,0.00021199035644536846,0.00021195023797604406,4.011846932439056e-08,-4.8477725833606655e-08,False,16.959228515629476,16.956019038083525
resolution_max_b1_gaussian_conv,0,recalibrated,test_probe,0,0.01,0.0009497528076172213,0.0009497131199051045,3.9687712116709406e-08,-4.8477725833606655e-08,False,18.995056152344425,18.99426239810209
resolution_max_b1_gaussian_conv,0,recalibrated,test_probe,0,0.02,0.003885841369628995,0.003885859766744826,-1.839711583073722e-08,-4.8477725833606655e-08,False,19.429206848144975,19.42929883372413
resolution_max_b1_gaussian_conv,0,recalibrated,test_probe,0,0.05,0.021380065917968816,0.021380001956898043,6.396107077311086e-08,-4.8477725833606655e-08,False,17.10405273437505,17.10400156551843
resolution_max_b1_gaussian_conv,0,recalibrated,test_probe,1,0.005,0.00012956237792971503,0.00012948805109969097,7.432683002406293e-08,-4.8477725833606655e-08,False,10.364990234377203,10.359044087975278
resolution_max_b1_gaussian_conv,0,recalibrated,test_probe,1,0.01,0.0006273422241210858,0.000627326022918373,1.6201202712728957e-08,-4.8477725833606655e-08,False,12.546844482421715,12.54652045836746
resolution_max_b1_gaussian_conv,0,recalibrated,test_probe,1,0.02,0.0023034744262695472,0.0023033775537797396,9.687248980760899e-08,-4.8477725833606655e-08,False,11.517372131347736,11.516887768898698
resolution_max_b1_gaussian_conv,0,recalibrated,test_probe,1,0.05,0.013048309326171958,0.01304826195717057,4.736900138802014e-08,-4.8477725833606655e-08,False,10.438647460937565,10.438609565736455
resolution_max_b1_gaussian_conv,0,centre_frozen,train_probe,0,0.005,0.000749946594238271,0.000749964426759786,-1.783252151499326e-08,4.7581774076377314e-09,False,59.99572753906168,59.99715414078288
resolution_max_b1_gaussian_conv,0,centre_frozen,train_probe,0,0.01,0.002772018432617207,0.0027720169248141024,1.5078031045945295e-09,4.7581774076377314e-09,False,55.44036865234414,55.440338496282045
resolution_max_b1_gaussian_conv,0,centre_frozen,train_probe,0,0.02,0.010975967407226561,0.01097597681187934,-9.40465277876612e-09,4.7581774076377314e-09,False,54.879837036132805,54.879884059396694
resolution_max_b1_gaussian_conv,0,centre_frozen,train_probe,0,0.05,0.06550003051757813,0.0655001081966678,-7.767908966060943e-08,4.7581774076377314e-09,False,52.4000244140625,52.40008655733423
resolution_max_b1_gaussian_conv,0,centre_frozen,train_probe,1,0.005,0.0006209335327148624,0.0006209992956333066,-6.576291844417881e-08,4.7581774076377314e-09,False,49.67468261718899,49.679943650664526
resolution_max_b1_gaussian_conv,0,centre_frozen,train_probe,1,0.01,0.002547325134277356,0.0025473568632639054,-3.1728986549239835e-08,4.7581774076377314e-09,False,50.946502685547124,50.94713726527811
resolution_max_b1_gaussian_conv,0,centre_frozen,train_probe,1,0.02,0.010485198974609422,0.010485193382993307,5.59161611457526e-09,4.7581774076377314e-09,False,52.42599487304711,52.42596691496654
resolution_max_b1_gaussian_conv,0,centre_frozen,train_probe,1,0.05,0.06902959442138673,0.06902957014859734,2.427278938954558e-08,4.7581774076377314e-09,False,55.22367553710937,55.22365611887786
resolution_max_b1_gaussian_conv,0,centre_frozen,test_probe,0,0.005,0.0005232772827148402,0.0005232401252911467,3.7157423693479075e-08,-3.3948687638840624e-08,False,41.862182617187216,41.85921002329174
resolution_max_b1_gaussian_conv,0,centre_frozen,test_probe,0,0.01,0.0021464843750000906,0.002146439078970719,4.529602937175525e-08,-3.3948687638840624e-08,False,42.92968750000181,42.92878157941438
resolution_max_b1_gaussian_conv,0,centre_frozen,test_probe,0,0.02,0.008347145080566443,0.008347136593215287,8.487351155217482e-09,-3.3948687638840624e-08,False,41.73572540283221,41.73568296607643
resolution_max_b1_gaussian_conv,0,centre_frozen,test_probe,0,0.05,0.052957885742187516,0.05295787651810269,9.224084829284607e-09,-3.3948687638840624e-08,False,42.366308593750006,42.36630121448214
resolution_max_b1_gaussian_conv,0,centre_frozen,test_probe,1,0.005,0.0005397338867187962,0.0005396664655910044,6.74211277917891e-08,-3.3948687638840624e-08,False,43.178710937503695,43.17331724728035
resolution_max_b1_gaussian_conv,0,centre_frozen,test_probe,1,0.01,0.0024071807861327787,0.002407141222045772,3.9564087006560555e-08,-3.3948687638840624e-08,False,48.143615722655575,48.14282444091544
resolution_max_b1_gaussian_conv,0,centre_frozen,test_probe,1,0.02,0.010267242431640677,0.010267196822683067,4.560895761063222e-08,-3.3948687638840624e-08,False,51.33621215820339,51.33598411341533
resolution_max_b1_gaussian_conv,0,centre_frozen,test_probe,1,0.05,0.06724446105957038,0.06724442479643078,3.6263139602255023e-08,-3.3948687638840624e-08,False,53.7955688476563,53.79553983714462
resolution_max_b1_gaussian_conv,1,saved,train_probe,0,0.005,0.0009665908813476509,0.0009666440383965802,-5.315704892927542e-08,6.94602368955799e-08,False,77.32727050781207,77.33152307172641
resolution_max_b1_gaussian_conv,1,saved,train_probe,0,0.01,0.0036777954101562815,0.003677907768610489,-1.1235845420731749e-07,6.94602368955799e-08,False,73.55590820312563,73.55815537220977
resolution_max_b1_gaussian_conv,1,saved,train_probe,0,0.02,0.014364547729492194,0.014364590210226236,-4.2480734041561163e-08,6.94602368955799e-08,False,71.82273864746097,71.82295105113117
resolution_max_b1_gaussian_conv,1,saved,train_probe,0,0.05,0.09159172058105464,0.0915918269230333,-1.0634197866732364e-07,6.94602368955799e-08,False,73.2733764648437,73.27346153842663
resolution_max_b1_gaussian_conv,1,saved,train_probe,1,0.005,0.0012228088378906654,0.0012228560296250746,-4.719173440914659e-08,6.94602368955799e-08,False,97.82470703125323,97.82848237000596
resolution_max_b1_gaussian_conv,1,saved,train_probe,1,0.01,0.0049724655151366925,0.00497252338715698,-5.7872020287064174e-08,6.94602368955799e-08,False,99.44931030273385,99.45046774313958
resolution_max_b1_gaussian_conv,1,saved,train_probe,1,0.02,0.02048515319824218,0.020485257632723852,-1.0443448167363201e-07,6.94602368955799e-08,False,102.4257659912109,102.42628816361926
resolution_max_b1_gaussian_conv,1,saved,train_probe,1,0.05,0.13582769012451174,0.13582773244139595,-4.2316884218962514e-08,6.94602368955799e-08,False,108.66215209960937,108.66218595311675
resolution_max_b1_gaussian_conv,1,saved,test_probe,0,0.005,0.0007434692382812802,0.0007435085759074367,-3.933762615648817e-08,6.93568122933641e-08,False,59.477539062502416,59.480686072594935
resolution_max_b1_gaussian_conv,1,saved,test_probe,0,0.01,0.0029913635253905335,0.002991422262240473,-5.8736849939400315e-08,6.93568122933641e-08,False,59.82727050781067,59.82844524480946
resolution_max_b1_gaussian_conv,1,saved,test_probe,0,0.02,0.01169902038574211,0.011699097838101857,-7.745235974798703e-08,6.93568122933641e-08,False,58.49510192871055,58.49548919050928
resolution_max_b1_gaussian_conv,1,saved,test_probe,0,0.05,0.07875398254394528,0.07875405887879627,-7.633485099578508e-08,6.93568122933641e-08,False,63.00318603515621,63.003247103037005
resolution_max_b1_gaussian_conv,1,saved,test_probe,1,0.005,0.0011693878173828498,0.0011694308130432152,-4.299566036536362e-08,6.93568122933641e-08,False,93.55102539062798,93.55446504345721
resolution_max_b1_gaussian_conv,1,saved,test_probe,1,0.01,0.004694610595703086,0.004694663870480675,-5.3274777589429334e-08,6.93568122933641e-08,False,93.89221191406172,93.8932774096135
resolution_max_b1_gaussian_conv,1,saved,test_probe,1,0.02,0.01936343383789052,0.019363506591291157,-7.275340063728208e-08,6.93568122933641e-08,False,96.8171691894526,96.81753295645578
resolution_max_b1_gaussian_conv,1,saved,test_probe,1,0.05,0.12595359802246087,0.12595362416653422,-2.61440733506646e-08,6.93568122933641e-08,False,100.76287841796868,100.76289933322735
resolution_max_b1_gaussian_conv,1,recalibrated,train_probe,0,0.005,0.0002465972900390634,0.0002465988550800491,-1.5650409856959868e-09,-9.507731490998594e-09,False,19.72778320312507,19.727908406403927
resolution_max_b1_gaussian_conv,1,recalibrated,train_probe,0,0.01,0.0011357955932617125,0.0011358015002012056,-5.9069394930943986e-09,-9.507731490998594e-09,False,22.71591186523425,22.716030004024113
resolution_max_b1_gaussian_conv,1,recalibrated,train_probe,0,0.02,0.004510360717773443,0.0045103801454676185,-1.942769417562218e-08,-9.507731490998594e-09,False,22.551803588867212,22.55190072733809
resolution_max_b1_gaussian_conv,1,recalibrated,train_probe,0,0.05,0.027531478881835936,0.027531468754653066,1.0127182870078855e-08,-9.507731490998594e-09,False,22.025183105468745,22.02517500372245
resolution_max_b1_gaussian_conv,1,recalibrated,train_probe,1,0.005,0.000316619873046875,0.0003166049929749226,1.4880071952383389e-08,-9.507731490998594e-09,False,25.32958984375,25.32839943799381
resolution_max_b1_gaussian_conv,1,recalibrated,train_probe,1,0.01,0.0013514022827147976,0.0013513917516042584,1.053111053916922e-08,-9.507731490998594e-09,False,27.02804565429595,27.027835032085168
resolution_max_b1_gaussian_conv,1,recalibrated,train_probe,1,0.02,0.005651039123535151,0.005651049770266925,-1.0646731773977791e-08,-9.507731490998594e-09,False,28.255195617675753,28.255248851334624
resolution_max_b1_gaussian_conv,1,recalibrated,train_probe,1,0.05,0.03438372802734374,0.03438371489679931,1.3130544429529323e-08,-9.507731490998594e-09,False,27.506982421874987,27.506971917439444
resolution_max_b1_gaussian_conv,1,recalibrated,test_probe,0,0.005,0.0001009063720702752,0.00010090197790602051,4.394164254684085e-09,1.0857682042342276e-07,False,8.072509765622016,8.072158232481641
resolution_max_b1_gaussian_conv,1,recalibrated,test_probe,0,0.01,0.0004384765624999565,0.000438605784277013,-1.2922177705654292e-07,1.0857682042342276e-07,False,8.76953124999913,8.77211568554026
resolution_max_b1_gaussian_conv,1,recalibrated,test_probe,0,0.02,0.0018428649902343386,0.001842967369483084,-1.0237924874534343e-07,1.0857682042342276e-07,False,9.214324951171692,9.21483684741542
resolution_max_b1_gaussian_conv,1,recalibrated,test_probe,0,0.05,0.01334460449218744,0.013344728788393989,-1.2429620654952345e-07,1.0857682042342276e-07,False,10.67568359374995,10.67578303071519
resolution_max_b1_gaussian_conv,1,recalibrated,test_probe,1,0.005,0.00013879394531246536,0.00013888942383366576,-9.547852120039835e-08,1.0857682042342276e-07,False,11.103515624997229,11.11115390669326
resolution_max_b1_gaussian_conv,1,recalibrated,test_probe,1,0.01,0.0007136993408203285,0.0007138357467570966,-1.3640593676811363e-07,1.0857682042342276e-07,False,14.27398681640657,14.276714935141932
resolution_max_b1_gaussian_conv,1,recalibrated,test_probe,1,0.02,0.0031157226562499307,0.00311585558092331,-1.3292467337944203e-07,1.0857682042342276e-07,False,15.578613281249654,15.57927790461655
resolution_max_b1_gaussian_conv,1,recalibrated,test_probe,1,0.05,0.02242572021484368,0.022425829526564134,-1.0931172045314241e-07,1.0857682042342276e-07,False,17.94057617187494,17.940663621251304
resolution_max_b1_gaussian_conv,1,centre_frozen,train_probe,0,0.005,0.0008548049926757617,0.000854800848343662,4.144332099720316e-09,-9.080544760564635e-09,False,68.38439941406094,68.38406786749296
resolution_max_b1_gaussian_conv,1,centre_frozen,train_probe,0,0.01,0.0035655059814453383,0.0035655453595909714,-3.937814563315101e-08,-9.080544760564635e-09,False,71.31011962890676,71.31090719181942
resolution_max_b1_gaussian_conv,1,centre_frozen,train_probe,0,0.02,0.014489753723144538,0.014489774527465582,-2.080432104367702e-08,-9.080544760564635e-09,False,72.44876861572268,72.44887263732791
resolution_max_b1_gaussian_conv,1,centre_frozen,train_probe,0,0.05,0.09259195709228518,0.0925919462685717,1.082371348104516e-08,-9.080544760564635e-09,False,74.07356567382813,74.07355701485734
resolution_max_b1_gaussian_conv,1,centre_frozen,train_probe,1,0.005,0.001107604980468746,0.0011075892381081642,1.574236058177192e-08,-9.080544760564635e-09,False,88.60839843749967,88.60713904865314
resolution_max_b1_gaussian_conv,1,centre_frozen,train_probe,1,0.01,0.004827346801757781,0.004827336841246699,9.960511082596213e-09,-9.080544760564635e-09,False,96.54693603515562,96.54673682493397
resolution_max_b1_gaussian_conv,1,centre_frozen,train_probe,1,0.02,0.020212593078613283,0.02021256689550721,2.618310607216401e-08,-9.080544760564635e-09,False,101.0629653930664,101.06283447753606
resolution_max_b1_gaussian_conv,1,centre_frozen,train_probe,1,0.05,0.13436625671386715,0.1343662610605948,-4.346727644488624e-09,-9.080544760564635e-09,False,107.4930053710937,107.49300884847581
resolution_max_b1_gaussian_conv,1,centre_frozen,test_probe,0,0.005,0.0007639617919921182,0.000764078992153916,-1.1720016179772585e-07,1.1422998980048504e-07,False,61.11694335936946,61.126319372313276
resolution_max_b1_gaussian_conv,1,centre_frozen,test_probe,0,0.01,0.0031395416259765163,0.00313960074202424,-5.911604772368406e-08,1.1422998980048504e-07,False,62.790832519530326,62.792014840484796
resolution_max_b1_gaussian_conv,1,centre_frozen,test_probe,0,0.02,0.012063964843749941,0.012064179646367745,-2.1480261780393306e-07,1.1422998980048504e-07,False,60.3198242187497,60.320898231838726
resolution_max_b1_gaussian_conv,1,centre_frozen,test_probe,0,0.05,0.0801658935546874,0.08016600249819128,-1.0894350388479523e-07,1.1422998980048504e-07,False,64.13271484374991,64.132801998553
resolution_max_b1_gaussian_conv,1,centre_frozen,test_probe,1,0.005,0.001131561279296811,0.0011316526122459036,-9.133294909258183e-08,1.1422998980048504e-07,False,90.52490234374488,90.53220897967229
resolution_max_b1_gaussian_conv,1,centre_frozen,test_probe,1,0.01,0.004572509765624955,0.0045725758259475,-6.606032254552474e-08,1.1422998980048504e-07,False,91.45019531249909,91.45151651895
resolution_max_b1_gaussian_conv,1,centre_frozen,test_probe,1,0.02,0.01898983764648432,0.01898998219225001,-1.4454576569011834e-07,1.1422998980048504e-07,False,94.94918823242159,94.94991096125004
resolution_max_b1_gaussian_conv,1,centre_frozen,test_probe,1,0.05,0.12484602355957031,0.12484612451810417,-1.0095853386626885e-07,1.1422998980048504e-07,False,99.87681884765622,99.87689961448332
resolution_max_b1_gaussian_conv,2,saved,train_probe,0,0.005,0.0013137893676757328,0.0013139028618796011,-1.1349420386830289e-07,7.994775619302175e-08,False,105.10314941405862,105.11222895036809
resolution_max_b1_gaussian_conv,2,saved,train_probe,0,0.01,0.0053767395019531095,0.005376832286393518,-9.278444040861089e-08,7.994775619302175e-08,False,107.53479003906219,107.53664572787035
resolution_max_b1_gaussian_conv,2,saved,train_probe,0,0.02,0.021753181457519533,0.0217532514498619,-6.999234236637619e-08,7.994775619302175e-08,False,108.76590728759766,108.76625724930949
resolution_max_b1_gaussian_conv,2,saved,train_probe,0,0.05,0.13922136688232417,0.1392213858601506,-1.8977826421462396e-08,7.994775619302175e-08,False,111.37709350585932,111.37710868812046
resolution_max_b1_gaussian_conv,2,saved,train_probe,1,0.005,0.0006636428833007302,0.0006637362594944518,-9.33761937216282e-08,7.994775619302175e-08,False,53.091430664058414,53.098900759556145
resolution_max_b1_gaussian_conv,2,saved,train_probe,1,0.01,0.0026629867553710773,0.002663075966903461,-8.921153238361512e-08,7.994775619302175e-08,False,53.25973510742154,53.26151933806921
resolution_max_b1_gaussian_conv,2,saved,train_probe,1,0.02,0.010793464660644514,0.010793522272792844,-5.761214832977757e-08,7.994775619302175e-08,False,53.967323303222564,53.96761136396422
resolution_max_b1_gaussian_conv,2,saved,train_probe,1,0.05,0.07010961151123046,0.07010966336528629,-5.1854055826972e-08,7.994775619302175e-08,False,56.08768920898436,56.08773069222902
resolution_max_b1_gaussian_conv,2,saved,test_probe,0,0.005,0.0014774017333983869,0.0014774053743323856,-3.64093399873866e-09,7.244605670919668e-08,False,118.19213867187095,118.19242994659085
resolution_max_b1_gaussian_conv,2,saved,test_probe,0,0.01,0.005511566162109349,0.005511613381793956,-4.7219684606858436e-08,7.244605670919668e-08,False,110.23132324218697,110.23226763587911
resolution_max_b1_gaussian_conv,2,saved,test_probe,0,0.02,0.020795715332031173,0.02079574885176738,-3.3519736208909023e-08,7.244605670919668e-08,False,103.97857666015585,103.9787442588369
resolution_max_b1_gaussian_conv,2,saved,test_probe,0,0.05,0.1325483093261718,0.13254831844915793,-9.1229861443054e-09,7.244605670919668e-08,False,106.03864746093741,106.03865475932632
resolution_max_b1_gaussian_conv,2,saved,test_probe,1,0.005,0.0005188064575195606,0.0005188386699093162,-3.2212389755592596e-08,7.244605670919668e-08,False,41.504516601564845,41.50709359274529
resolution_max_b1_gaussian_conv,2,saved,test_probe,1,0.01,0.001981849670410152,0.001981968743616336,-1.1907320618398387e-07,7.244605670919668e-08,False,39.63699340820303,39.63937487232671
resolution_max_b1_gaussian_conv,2,saved,test_probe,1,0.02,0.008227478027343693,0.008227529896688623,-5.186934493028872e-08,7.244605670919668e-08,False,41.137390136718466,41.13764948344311
resolution_max_b1_gaussian_conv,2,saved,test_probe,1,0.05,0.05398141479492191,0.053981458910101865,-4.411517995350778e-08,7.244605670919668e-08,False,43.18513183593752,43.18516712808148
resolution_max_b1_gaussian_conv,2,recalibrated,train_probe,0,0.005,0.0002573242187500213,0.00025734058802601156,-1.6369275990246734e-08,3.1287376689448365e-08,False,20.585937500001705,20.587247042080925
resolution_max_b1_gaussian_conv,2,recalibrated,train_probe,0,0.01,0.0011615371704101762,0.0011616035326884044,-6.636227822820473e-08,3.1287376689448365e-08,False,23.230743408203523,23.232070653768087
resolution_max_b1_gaussian_conv,2,recalibrated,train_probe,0,0.02,0.004485969543457036,0.0044859676414560345,1.9020010011416844e-09,3.1287376689448365e-08,False,22.429847717285178,22.42983820728017
resolution_max_b1_gaussian_conv,2,recalibrated,train_probe,0,0.05,0.028003898620605483,0.028003902624048338,-4.0034428550050905e-09,3.1287376689448365e-08,False,22.403118896484383,22.403122099238665
resolution_max_b1_gaussian_conv,2,recalibrated,train_probe,1,0.005,0.00028417205810549184,0.00028418144494701814,-9.38684152629321e-09,3.1287376689448365e-08,False,22.733764648439347,22.73451559576145
resolution_max_b1_gaussian_conv,2,recalibrated,train_probe,1,0.01,0.001203102111816401,0.001203155688103752,-5.357628735103148e-08,3.1287376689448365e-08,False,24.06204223632802,24.063113762075037
resolution_max_b1_gaussian_conv,2,recalibrated,train_probe,1,0.02,0.004933708190917985,0.004933706342318045,1.848599939791029e-09,3.1287376689448365e-08,False,24.668540954589922,24.668531711590223
resolution_max_b1_gaussian_conv,2,recalibrated,train_probe,1,0.05,0.029927955627441438,0.029927982987572044,-2.7360130605558197e-08,3.1287376689448365e-08,False,23.942364501953147,23.94238639005763
resolution_max_b1_gaussian_conv,2,recalibrated,test_probe,0,0.005,0.0003604202270507395,0.00036037824382983974,4.198322089976614e-08,8.380216076631086e-09,False,28.83361816405916,28.83025950638718
resolution_max_b1_gaussian_conv,2,recalibrated,test_probe,0,0.01,0.0010216827392578454,0.001021706092871666,-2.3353613820553676e-08,8.380216076631086e-09,False,20.433654785156907,20.43412185743332
resolution_max_b1_gaussian_conv,2,recalibrated,test_probe,0,0.02,0.0034261322021483798,0.0034261205599069866,1.1642241393161612e-08,8.380216076631086e-09,False,17.1306610107419,17.130602799534934
resolution_max_b1_gaussian_conv,2,recalibrated,test_probe,0,0.05,0.021296707153320216,0.02129665917550916,4.797781105736476e-08,8.380216076631086e-09,False,17.03736572265617,17.037327340407323
resolution_max_b1_gaussian_conv,2,recalibrated,test_probe,1,0.005,0.00025673675537107865,0.00025674450244783653,-7.747076757880222e-09,8.380216076631086e-09,False,20.538940429686292,20.539560195826922
resolution_max_b1_gaussian_conv,2,recalibrated,test_probe,1,0.01,0.0009359741210938077,0.0009359675135094392,6.6075843685453606e-09,8.380216076631086e-09,False,18.719482421876155,18.719350270188784
resolution_max_b1_gaussian_conv,2,recalibrated,test_probe,1,0.02,0.0037856979370116672,0.0037856761167393005,2.1820272366745996e-08,8.380216076631086e-09,False,18.928489685058334,18.9283805836965
resolution_max_b1_gaussian_conv,2,recalibrated,test_probe,1,0.05,0.020473503112792835,0.02047353906020455,-3.594741171397686e-08,8.380216076631086e-09,False,16.378802490234264,16.378831248163635
resolution_max_b1_gaussian_conv,2,centre_frozen,train_probe,0,0.005,0.0013163223266601798,0.0013163524410322869,-3.011437210709289e-08,1.1252272502648708e-08,False,105.30578613281438,105.30819528258294
resolution_max_b1_gaussian_conv,2,centre_frozen,train_probe,0,0.01,0.00548040771484376,0.005480390681515679,1.7033328081339505e-08,1.1252272502648708e-08,False,109.6081542968752,109.60781363031357
resolution_max_b1_gaussian_conv,2,centre_frozen,train_probe,0,0.02,0.02201577758789064,0.022015793026404162,-1.543851352314718e-08,1.1252272502648708e-08,False,110.0788879394532,110.07896513202081
resolution_max_b1_gaussian_conv,2,centre_frozen,train_probe,0,0.05,0.14077960968017578,0.1407795786914005,3.0988775268081525e-08,1.1252272502648708e-08,False,112.6236877441406,112.62366295312039
resolution_max_b1_gaussian_conv,2,centre_frozen,train_probe,1,0.005,0.0006724014282226687,0.0006724234994427425,-2.207122007380491e-08,1.1252272502648708e-08,False,53.792114257813495,53.7938799554194
resolution_max_b1_gaussian_conv,2,centre_frozen,train_probe,1,0.01,0.002786827087402355,0.0027868454480484695,-1.836064611460131e-08,1.1252272502648708e-08,False,55.736541748047095,55.73690896096939
resolution_max_b1_gaussian_conv,2,centre_frozen,train_probe,1,0.02,0.011341156005859387,0.011341148264739587,7.741119800730445e-09,1.1252272502648708e-08,False,56.70578002929693,56.70574132369793
resolution_max_b1_gaussian_conv,2,centre_frozen,train_probe,1,0.05,0.07266968536376955,0.07266970440759907,-1.904382951334327e-08,1.1252272502648708e-08,False,58.13574829101563,58.135763526079245
resolution_max_b1_gaussian_conv,2,centre_frozen,test_probe,0,0.005,0.0015148773193359721,0.001514889750204973,-1.2430869000823463e-08,7.588168315919575e-09,False,121.19018554687777,121.19118001639784
resolution_max_b1_gaussian_conv,2,centre_frozen,test_probe,0,0.01,0.005549171447753909,0.00554910870334735,6.27444065592897e-08,7.588168315919575e-09,False,110.98342895507817,110.98217406694698
resolution_max_b1_gaussian_conv,2,centre_frozen,test_probe,0,0.02,0.020889724731445347,0.020889767360849354,-4.262940400678872e-08,7.588168315919575e-09,False,104.44862365722673,104.44883680424677
resolution_max_b1_gaussian_conv,2,centre_frozen,test_probe,0,0.05,0.13439250183105467,0.13439262108250138,-1.192514467174277e-07,7.588168315919575e-09,False,107.51400146484372,107.51409686600108
resolution_max_b1_gaussian_conv,2,centre_frozen,test_probe,1,0.005,0.0004894180297850825,0.0004894161466444391,1.8831406434216547e-09,7.588168315919575e-09,False,39.1534423828066,39.15329173155513
resolution_max_b1_gaussian_conv,2,centre_frozen,test_probe,1,0.01,0.002033096313476479,0.0020331276423759537,-3.1328899474658556e-08,7.588168315919575e-09,False,40.66192626952958,40.66255284751907
resolution_max_b1_gaussian_conv,2,centre_frozen,test_probe,1,0.02,0.008514900207519438,0.008514814422306616,8.578521282220919e-08,7.588168315919575e-09,False,42.57450103759719,42.57407211153308
resolution_max_b1_gaussian_conv,2,centre_frozen,test_probe,1,0.05,0.05609922790527333,0.05609917702469669,5.088057664082157e-08,7.588168315919575e-09,False,44.87938232421865,44.87934161975734
resolution_max_b1_gaussian_conv,3,saved,train_probe,0,0.005,0.002242248535156255,0.002242277080977184,-2.8545820929259946e-08,-1.971043528392613e-08,False,179.37988281250037,179.38216647817472
resolution_max_b1_gaussian_conv,3,saved,train_probe,0,0.01,0.008418258666992195,0.00841825025847781,8.408514384772303e-09,-1.971043528392613e-08,False,168.3651733398439,168.3650051695562
resolution_max_b1_gaussian_conv,3,saved,train_probe,0,0.02,0.03231926727294926,0.03231921379192232,5.348102694036072e-08,-1.971043528392613e-08,False,161.5963363647463,161.59606895961159
resolution_max_b1_gaussian_conv,3,saved,train_probe,0,0.05,0.2069312591552735,0.206931270088679,-1.093340551427957e-08,-1.971043528392613e-08,False,165.54500732421877,165.54501607094318
resolution_max_b1_gaussian_conv,3,saved,train_probe,1,0.005,0.0008179931640625582,0.000817967095821881,2.6068240677190602e-08,-1.971043528392613e-08,False,65.43945312500465,65.43736766575047
resolution_max_b1_gaussian_conv,3,saved,train_probe,1,0.01,0.0030948333740234424,0.003094827566435032,5.807588410178255e-09,-1.971043528392613e-08,False,61.89666748046884,61.89655132870064
resolution_max_b1_gaussian_conv,3,saved,train_probe,1,0.02,0.01211454010009766,0.012114515029364836,2.507073282309591e-08,-1.971043528392613e-08,False,60.572700500488295,60.57257514682418
resolution_max_b1_gaussian_conv,3,saved,train_probe,1,0.05,0.07556107330322265,0.07556111600840826,-4.270518561000358e-08,-1.971043528392613e-08,False,60.44885864257811,60.4488928067266
resolution_max_b1_gaussian_conv,3,saved,test_probe,0,0.005,0.001586624145507809,0.0015867192889454929,-9.514343768390887e-08,3.842531437481256e-08,False,126.92993164062472,126.93754311563943
resolution_max_b1_gaussian_conv,3,saved,test_probe,0,0.01,0.0062686843872070686,0.006268791086743941,-1.0669953687258982e-07,3.842531437481256e-08,False,125.37368774414136,125.37582173487881
resolution_max_b1_gaussian_conv,3,saved,test_probe,0,0.02,0.025105506896972773,0.025105564695001692,-5.779802891847652e-08,3.842531437481256e-08,False,125.52753448486386,125.52782347500846
resolution_max_b1_gaussian_conv,3,saved,test_probe,0,0.05,0.18167410278320317,0.18167414923450675,-4.645130358138516e-08,3.842531437481256e-08,False,145.33928222656252,145.33931938760537
resolution_max_b1_gaussian_conv,3,saved,test_probe,1,0.005,0.00043760681152349434,0.0004376324974967316,-2.568597323726607e-08,3.842531437481256e-08,False,35.00854492187955,35.01059979973853
resolution_max_b1_gaussian_conv,3,saved,test_probe,1,0.01,0.001875137329101606,0.0018751640132668168,-2.6684165210788535e-08,3.842531437481256e-08,False,37.50274658203212,37.503280265336336
resolution_max_b1_gaussian_conv,3,saved,test_probe,1,0.02,0.0073768463134765705,0.00737696775947605,-1.214459994791639e-07,3.842531437481256e-08,False,36.88423156738285,36.88483879738025
resolution_max_b1_gaussian_conv,3,saved,test_probe,1,0.05,0.05008640289306643,0.05008639926621661,3.626849820470568e-09,3.842531437481256e-08,False,40.06912231445313,40.06911941297328
resolution_max_b1_gaussian_conv,3,recalibrated,train_probe,0,0.005,0.0008353042602538552,0.000835342434812758,-3.817455890287036e-08,2.5328566299887e-08,False,66.82434082030841,66.82739478502064
resolution_max_b1_gaussian_conv,3,recalibrated,train_probe,0,0.01,0.00340600585937495,0.003405971947436748,3.391193820201366e-08,2.5328566299887e-08,False,68.12011718749899,68.11943894873495
resolution_max_b1_gaussian_conv,3,recalibrated,train_probe,0,0.02,0.012326385498046821,0.012326401252616637,-1.5754569815396025e-08,2.5328566299887e-08,False,61.631927490234105,61.63200626308318
resolution_max_b1_gaussian_conv,3,recalibrated,train_probe,0,0.05,0.07132257080078125,0.07132252750745205,4.3293329199389774e-08,2.5328566299887e-08,False,57.05805664062499,57.058022005961625
resolution_max_b1_gaussian_conv,3,recalibrated,train_probe,1,0.005,0.00046090698242190475,0.0004609141834489572,-7.201027052428088e-09,2.5328566299887e-08,False,36.87255859375238,36.873134675916575
resolution_max_b1_gaussian_conv,3,recalibrated,train_probe,1,0.01,0.001648933410644482,0.0016489771618097837,-4.375116530175305e-08,2.5328566299887e-08,False,32.97866821288964,32.979543236195674
resolution_max_b1_gaussian_conv,3,recalibrated,train_probe,1,0.02,0.005880966186523451,0.00588098164664147,-1.5460118019117175e-08,2.5328566299887e-08,False,29.40483093261725,29.404908233207347
resolution_max_b1_gaussian_conv,3,recalibrated,train_probe,1,0.05,0.03458146667480472,0.034581518861912075,-5.218710735777066e-08,2.5328566299887e-08,False,27.66517333984377,27.665215089529653
resolution_max_b1_gaussian_conv,3,recalibrated,test_probe,0,0.005,0.00038047027587895244,0.00038051229254842944,-4.201666947700744e-08,6.228443538702777e-08,False,30.437622070316195,30.440983403874355
resolution_max_b1_gaussian_conv,3,recalibrated,test_probe,0,0.01,0.0012457885742187536,0.001245834947133595,-4.637291484144157e-08,6.228443538702777e-08,False,24.91577148437507,24.9166989426719
resolution_max_b1_gaussian_conv,3,recalibrated,test_probe,0,0.02,0.004191390991211019,0.004191438370794276,-4.737958325673475e-08,6.228443538702777e-08,False,20.956954956055096,20.957191853971377
resolution_max_b1_gaussian_conv,3,recalibrated,test_probe,0,0.05,0.04426196289062512,0.04426200726142482,-4.437079970109892e-08,6.228443538702777e-08,False,35.40957031250009,35.40960580913985
resolution_max_b1_gaussian_conv,3,recalibrated,test_probe,1,0.005,0.00020371246337891336,0.00020373316157029642,-2.0698191383061726e-08,6.228443538702777e-08,False,16.29699707031307,16.298652925623713
resolution_max_b1_gaussian_conv,3,recalibrated,test_probe,1,0.01,0.0006213760375977095,0.0006214263389976438,-5.030139993422722e-08,6.228443538702777e-08,False,12.42752075195419,12.428526779952875
resolution_max_b1_gaussian_conv,3,recalibrated,test_probe,1,0.02,0.002628517150878862,0.002628600297616468,-8.314673760612123e-08,6.228443538702777e-08,False,13.14258575439431,13.143001488082339
resolution_max_b1_gaussian_conv,3,recalibrated,test_probe,1,0.05,0.0193601989746095,0.019360205679598397,-6.704988897432429e-09,6.228443538702777e-08,False,15.488159179687596,15.488164543678714
resolution_max_b1_gaussian_conv,3,centre_frozen,train_probe,0,0.005,0.002124626159667964,0.0021246537497247586,-2.7590056794757345e-08,1.33152179837559e-08,False,169.9700927734371,169.97229997798067
resolution_max_b1_gaussian_conv,3,centre_frozen,train_probe,0,0.01,0.008471191406250023,0.008471195069645387,-3.6633953648390616e-09,1.33152179837559e-08,False,169.42382812500045,169.42390139290774
resolution_max_b1_gaussian_conv,3,centre_frozen,train_probe,0,0.02,0.032543083190917976,0.03254311102659918,-2.7835681204457785e-08,1.33152179837559e-08,False,162.71541595458987,162.7155551329959
resolution_max_b1_gaussian_conv,3,centre_frozen,train_probe,0,0.05,0.20627438354492184,0.20627443845690363,-5.491198179496948e-08,1.33152179837559e-08,False,165.01950683593745,165.01955076552287
resolution_max_b1_gaussian_conv,3,centre_frozen,train_probe,1,0.005,0.0008302993774414458,0.0008303532127411639,-5.383529971814127e-08,1.33152179837559e-08,False,66.42395019531565,66.42825701929311
resolution_max_b1_gaussian_conv,3,centre_frozen,train_probe,1,0.01,0.0031779632568358918,0.003178019858194714,-5.6601358822128134e-08,1.33152179837559e-08,False,63.55926513671783,63.56039716389427
resolution_max_b1_gaussian_conv,3,centre_frozen,train_probe,1,0.02,0.012253692626953139,0.012253698110375466,-5.4834223273125815e-09,1.33152179837559e-08,False,61.26846313476569,61.26849055187733
resolution_max_b1_gaussian_conv,3,centre_frozen,train_probe,1,0.05,0.07614488220214843,0.07614496621216593,-8.40100174981373e-08,1.33152179837559e-08,False,60.91590576171873,60.915972969732735
resolution_max_b1_gaussian_conv,3,centre_frozen,test_probe,0,0.005,0.001801818847656289,0.0018018348028183695,-1.5955162080416585e-08,4.9196876128476674e-08,False,144.14550781250313,144.14678422546956
resolution_max_b1_gaussian_conv,3,centre_frozen,test_probe,0,0.01,0.006187133789062438,0.006187188107248831,-5.4318186393231827e-08,4.9196876128476674e-08,False,123.74267578124875,123.74376214497661
resolution_max_b1_gaussian_conv,3,centre_frozen,test_probe,0,0.02,0.02470716094970704,0.02470715840244364,2.5472634002099426e-09,4.9196876128476674e-08,False,123.5358047485352,123.5357920122182
resolution_max_b1_gaussian_conv,3,centre_frozen,test_probe,0,0.05,0.17857228088378907,0.1785722985712016,-1.768741253460604e-08,4.9196876128476674e-08,False,142.85782470703123,142.85783885696125
resolution_max_b1_gaussian_conv,3,centre_frozen,test_probe,1,0.005,0.0005324935913086914,0.0005324741279688627,1.9463339828718063e-08,4.9196876128476674e-08,False,42.599487304695316,42.59793023750902
resolution_max_b1_gaussian_conv,3,centre_frozen,test_probe,1,0.01,0.0017856597900390847,0.001785698023706317,-3.8233667232212554e-08,4.9196876128476674e-08,False,35.71319580078169,35.71396047412634
resolution_max_b1_gaussian_conv,3,centre_frozen,test_probe,1,0.02,0.006548454284668104,0.006548427513930255,2.6770737848735848e-08,4.9196876128476674e-08,False,32.74227142334052,32.74213756965128
resolution_max_b1_gaussian_conv,3,centre_frozen,test_probe,1,0.05,0.048639617919921885,0.0486396884898026,-7.05698807168531e-08,4.9196876128476674e-08,False,38.9116943359375,38.911750791842074
resolution_max_b1_gaussian_conv,4,saved,train_probe,0,0.005,0.0012241439819336009,0.0012241705554568716,-2.6573523270734256e-08,5.22670224323285e-08,False,97.93151855468807,97.93364443654973
resolution_max_b1_gaussian_conv,4,saved,train_probe,0,0.01,0.004578041076660155,0.004578071903230896,-3.082657074049422e-08,5.22670224323285e-08,False,91.5608215332031,91.56143806461792
resolution_max_b1_gaussian_conv,4,saved,train_probe,0,0.02,0.01707919311523437,0.017079239829824178,-4.67145898075394e-08,5.22670224323285e-08,False,85.39596557617185,85.39619914912089
resolution_max_b1_gaussian_conv,4,saved,train_probe,0,0.05,0.10139324951171874,0.10139333574663534,-8.623491659642823e-08,5.22670224323285e-08,False,81.11459960937498,81.11466859730825
resolution_max_b1_gaussian_conv,4,saved,train_probe,1,0.005,0.0015309219360351567,0.0015309636894866863,-4.175345152956922e-08,5.22670224323285e-08,False,122.47375488281253,122.4770951589349
resolution_max_b1_gaussian_conv,4,saved,train_probe,1,0.01,0.005904121398925766,0.005904192281246057,-7.088232029106578e-08,5.22670224323285e-08,False,118.08242797851531,118.08384562492112
resolution_max_b1_gaussian_conv,4,saved,train_probe,1,0.02,0.022001396179199217,0.022001470794133227,-7.461493400917618e-08,5.22670224323285e-08,False,110.00698089599608,110.00735397066613
resolution_max_b1_gaussian_conv,4,saved,train_probe,1,0.05,0.12620948028564455,0.12620954600336642,-6.571772187546898e-08,5.22670224323285e-08,False,100.96758422851562,100.96763680269312
resolution_max_b1_gaussian_conv,4,saved,test_probe,0,0.005,0.0005884017944336462,0.0005886294981032325,-2.2770366958635435e-07,2.4594909209252336e-07,False,47.07214355469169,47.0903598482586
resolution_max_b1_gaussian_conv,4,saved,test_probe,0,0.01,0.002526527404785095,0.0025267841517696565,-2.567469845615733e-07,2.4594909209252336e-07,False,50.530548095701896,50.53568303539313
resolution_max_b1_gaussian_conv,4,saved,test_probe,0,0.02,0.011599494934082077,0.011599790131716303,-2.951976342258078e-07,2.4594909209252336e-07,False,57.997474670410384,57.99895065858151
resolution_max_b1_gaussian_conv,4,saved,test_probe,0,0.05,0.08140261840820318,0.08140285887025689,-2.404620537133084e-07,2.4594909209252336e-07,False,65.12209472656252,65.1222870962055
resolution_max_b1_gaussian_conv,4,saved,test_probe,1,0.005,0.0012288513183593697,0.001229044716520189,-1.933981608193136e-07,2.4594909209252336e-07,False,98.30810546874957,98.32357732161512
resolution_max_b1_gaussian_conv,4,saved,test_probe,1,0.01,0.004656211853027448,0.004656416598160185,-2.0474513273693873e-07,2.4594909209252336e-07,False,93.12423706054895,93.12833196320369
resolution_max_b1_gaussian_conv,4,saved,test_probe,1,0.02,0.017800834655761766,0.01780112131782219,-2.866620604224934e-07,2.4594909209252336e-07,False,89.00417327880882,89.00560658911094
resolution_max_b1_gaussian_conv,4,saved,test_probe,1,0.05,0.11651115417480473,0.11651133724083129,-1.8306602656004145e-07,2.4594909209252336e-07,False,93.20892333984376,93.20906979266502
resolution_max_b1_gaussian_conv,4,recalibrated,train_probe,0,0.005,0.0006472702026367183,0.0006472780461647121,-7.843527993767196e-09,3.4503866430668495e-10,False,51.781616210937464,51.782243693176966
resolution_max_b1_gaussian_conv,4,recalibrated,train_probe,0,0.01,0.002364028930664064,0.002364019788684668,9.141979395721478e-09,3.4503866430668495e-10,False,47.28057861328127,47.28039577369336
resolution_max_b1_gaussian_conv,4,recalibrated,train_probe,0,0.02,0.009110725402832032,0.009110761483980045,-3.608114801378903e-08,3.4503866430668495e-10,False,45.553627014160156,45.553807419900224
resolution_max_b1_gaussian_conv,4,recalibrated,train_probe,0,0.05,0.05264855957031245,0.05264856083301833,-1.2627058842973327e-09,3.4503866430668495e-10,False,42.11884765624995,42.11884866641466
resolution_max_b1_gaussian_conv,4,recalibrated,train_probe,1,0.005,0.0005833129882812371,0.0005833588392039069,-4.585092266973234e-08,3.4503866430668495e-10,False,46.66503906249897,46.66870713631255
resolution_max_b1_gaussian_conv,4,recalibrated,train_probe,1,0.01,0.0023661422729492343,0.0023661459060237977,-3.633074563413885e-09,3.4503866430668495e-10,False,47.32284545898468,47.322918120475954
resolution_max_b1_gaussian_conv,4,recalibrated,train_probe,1,0.02,0.00861412811279294,0.008614117651399855,1.046139308513716e-08,3.4503866430668495e-10,False,43.0706405639647,43.07058825699927
resolution_max_b1_gaussian_conv,4,recalibrated,train_probe,1,0.05,0.048030723571777345,0.0480307276323686,-4.060591252130763e-09,3.4503866430668495e-10,False,38.42457885742187,38.42458210589487
resolution_max_b1_gaussian_conv,4,recalibrated,test_probe,0,0.005,8.042907714839176e-05,8.049561790191007e-05,-6.654075351830713e-08,-2.0174511505821613e-09,False,6.434326171871341,6.439649432152805
resolution_max_b1_gaussian_conv,4,recalibrated,test_probe,0,0.01,0.0006259231567382617,0.0006259062326124942,1.6924125767481257e-08,-2.0174511505821613e-09,False,12.518463134765234,12.518124652249885
resolution_max_b1_gaussian_conv,4,recalibrated,test_probe,0,0.02,0.004207168579101472,0.00420712194047046,4.66386310127298e-08,-2.0174511505821613e-09,False,21.03584289550736,21.035609702352296
resolution_max_b1_gaussian_conv,4,recalibrated,test_probe,0,0.05,0.03433393859863282,0.03433398051098702,-4.191235419837014e-08,-2.0174511505821613e-09,False,27.46715087890625,27.467184408789606
resolution_max_b1_gaussian_conv,4,recalibrated,test_probe,1,0.005,0.00031788635253909847,0.0003179331345483649,-4.6782009266443936e-08,-2.0174511505821613e-09,False,25.430908203127878,25.434650763869193
resolution_max_b1_gaussian_conv,4,recalibrated,test_probe,1,0.01,0.0015430755615233882,0.0015431030249152267,-2.746339183845592e-08,-2.0174511505821613e-09,False,30.861511230467762,30.862060498304533
resolution_max_b1_gaussian_conv,4,recalibrated,test_probe,1,0.02,0.006372390747070356,0.006372421306810594,-3.055974023835617e-08,-2.0174511505821613e-09,False,31.861953735351776,31.86210653405297
resolution_max_b1_gaussian_conv,4,recalibrated,test_probe,1,0.05,0.03750965881347651,0.03750969449004504,-3.567656853276091e-08,-2.0174511505821613e-09,False,30.007727050781202,30.007755592036027
resolution_max_b1_gaussian_conv,4,centre_frozen,train_probe,0,0.005,0.0012227859497070392,0.0012228140210480687,-2.8071341029445307e-08,-1.5042819767607796e-08,False,97.82287597656314,97.8251216838455
resolution_max_b1_gaussian_conv,4,centre_frozen,train_probe,0,0.01,0.0047108764648437496,0.004710892714746895,-1.62499031453045e-08,-1.5042819767607796e-08,False,94.21752929687499,94.2178542949379
resolution_max_b1_gaussian_conv,4,centre_frozen,train_probe,0,0.02,0.017701461791992168,0.017701506722683114,-4.493069094557711e-08,-1.5042819767607796e-08,False,88.50730895996084,88.50753361341556
resolution_max_b1_gaussian_conv,4,centre_frozen,train_probe,0,0.05,0.10477739715576173,0.10477746106223779,-6.390647605547528e-08,-1.5042819767607796e-08,False,83.82191772460936,83.82196884979021
resolution_max_b1_gaussian_conv,4,centre_frozen,train_probe,1,0.005,0.0015447540283203276,0.0015447444421754497,9.586144877893332e-09,-1.5042819767607796e-08,False,123.58032226562621,123.57955537403598
resolution_max_b1_gaussian_conv,4,centre_frozen,train_probe,1,0.01,0.0059804458618164524,0.005980456370099363,-1.0508282910492994e-08,-1.5042819767607796e-08,False,119.60891723632905,119.60912740198725
resolution_max_b1_gaussian_conv,4,centre_frozen,train_probe,1,0.02,0.02236804199218745,0.022368040652474774,1.3397126741310217e-09,-1.5042819767607796e-08,False,111.84020996093723,111.84020326237386
resolution_max_b1_gaussian_conv,4,centre_frozen,train_probe,1,0.05,0.12826468658447265,0.12826473406618366,-4.748171100743548e-08,-1.5042819767607796e-08,False,102.6117492675781,102.61178725294691
resolution_max_b1_gaussian_conv,4,centre_frozen,test_probe,0,0.005,0.0005238037109374649,0.000523828932073922,-2.5221136457087567e-08,1.3503636264733387e-08,False,41.90429687499719,41.90631456591376
resolution_max_b1_gaussian_conv,4,centre_frozen,test_probe,0,0.01,0.0023184661865234824,0.002318477945580155,-1.1759056672833168e-08,1.3503636264733387e-08,False,46.369323730469645,46.3695589116031
resolution_max_b1_gaussian_conv,4,centre_frozen,test_probe,0,0.02,0.01152893066406252,0.011528849219961668,8.144410085231257e-08,1.3503636264733387e-08,False,57.6446533203126,57.644246099808335
resolution_max_b1_gaussian_conv,4,centre_frozen,test_probe,0,0.05,0.08283929443359367,0.08283927310556838,2.1328025290312524e-08,1.3503636264733387e-08,False,66.27143554687493,66.27141848445468
resolution_max_b1_gaussian_conv,4,centre_frozen,test_probe,1,0.005,0.0011153259277343897,0.0011152907588932726,3.516884111709473e-08,1.3503636264733387e-08,False,89.22607421875117,89.2232607114618
resolution_max_b1_gaussian_conv,4,centre_frozen,test_probe,1,0.01,0.0044809188842773184,0.004480913448856261,5.435421057686796e-09,1.3503636264733387e-08,False,89.61837768554636,89.61826897712521
resolution_max_b1_gaussian_conv,4,centre_frozen,test_probe,1,0.02,0.01767297363281256,0.01767300631203539,-3.2679222827791676e-08,1.3503636264733387e-08,False,88.3648681640628,88.36503156017694
resolution_max_b1_gaussian_conv,4,centre_frozen,test_probe,1,0.05,0.11691847229003899,0.11691843858884898,3.3701190005341886e-08,1.3503636264733387e-08,False,93.53477783203117,93.53475087107917
