problem,method,seed,probe,policy,coords,vector,r2_frac_conv1,l2_frac_conv1,r2_frac_stage 1,l2_frac_stage 1,r2_frac_stage 2,l2_frac_stage 2,r2_frac_stage 3,l2_frac_stage 3,r2_frac_fc,l2_frac_fc
combined_s0_test_centre_frozen_ord,resolution_max_b1_gaussian_conv,0,test_probe,centre_frozen,ordinary,top1,0.004753342560831821,0.005181100286761907,0.18254121019312414,0.19613492402930882,0.4176046242749812,0.41509076875455275,0.39390966592787924,0.38169177884710326,0.0011911570431836186,0.0019014280822731602
combined_s0_test_centre_frozen_ord,resolution_max_b1_gaussian_conv,0,test_probe,centre_frozen,ordinary,top2,0.0014760294168058297,0.001789774377052548,0.1119751841173543,0.12426528700986321,0.46496958362723456,0.46210120010839356,0.4202009690061019,0.409582936803938,0.0013782338325033343,0.0022608017007527295
combined_s0_test_centre_frozen_ord,resolution_max_b1_gaussian_conv,0,test_probe,centre_frozen,ordinary,min,0.0032135090178232965,0.0037543809075604216,0.062472026306443856,0.06673194611383361,0.4066691052887182,0.41211537699614886,0.5268769356687285,0.5160750093125616,0.0007684237182862156,0.0013232866698955814
combined_s0_test_centre_frozen_rel,resolution_max_b1_gaussian_conv,0,test_probe,centre_frozen,relative,top1,0.005944343601099858,0.007096871464197238,0.21969659544711273,0.23660009509806165,0.41258691689808724,0.40770953607905797,0.35874447865317777,0.34366207550952127,0.003027665400522453,0.004931421849161903
combined_s0_test_centre_frozen_rel,resolution_max_b1_gaussian_conv,0,test_probe,centre_frozen,relative,top2,0.0023905571613362328,0.0030039944135883353,0.138357153564436,0.15463593485890367,0.45876904402554025,0.4538473938106681,0.3967329784007936,0.3822734027114906,0.0037502668478939503,0.00623927420534934
combined_s0_test_centre_frozen_rel,resolution_max_b1_gaussian_conv,0,test_probe,centre_frozen,relative,min,0.00400075289107851,0.0049883461393959065,0.07188215473096553,0.07735410943038819,0.4190980461404163,0.4244537870099498,0.5026866328966059,0.4891073147135843,0.002332413340933761,0.004096442706681715
combined_s0_test_saved_ord,resolution_max_b1_gaussian_conv,0,test_probe,saved,ordinary,top1,0.004932908198654318,0.005408438262124791,0.18430193225863187,0.19782191484069442,0.41602252599721257,0.4132853571361241,0.3935102375398428,0.38154250211041857,0.0012323960056584483,0.0019417876506380766
combined_s0_test_saved_ord,resolution_max_b1_gaussian_conv,0,test_probe,saved,ordinary,top2,0.0014720746910921814,0.001770025418793022,0.11705545386551182,0.1297270615466844,0.46442349078633555,0.46087338519892107,0.4157464356488831,0.40546248994846534,0.001302545008177313,0.002167037887136166
combined_s0_test_saved_ord,resolution_max_b1_gaussian_conv,0,test_probe,saved,ordinary,min,0.0026022572803423728,0.0029416497877623573,0.06996263721438495,0.07453230556027096,0.426487834146684,0.4328538769565855,0.5002812404499556,0.48853968107160983,0.0006660309086331523,0.0011324866237713209
combined_s0_test_saved_rel,resolution_max_b1_gaussian_conv,0,test_probe,saved,relative,top1,0.006260984974034142,0.007519563133870512,0.2212996801788396,0.23796975692266137,0.4101200090221664,0.40507831705268227,0.35926862597063436,0.3445300704636221,0.003050699854325489,0.0049022924271637115
combined_s0_test_saved_rel,resolution_max_b1_gaussian_conv,0,test_probe,saved,relative,top2,0.0023146020459039922,0.0028915029263647685,0.14471177110058786,0.16160618699149834,0.45820477794744663,0.45252257367913373,0.391131821405632,0.37687603158363076,0.003637027500429513,0.006103704819372417
combined_s0_test_saved_rel,resolution_max_b1_gaussian_conv,0,test_probe,saved,relative,min,0.003162275425898725,0.0038519572109778333,0.08219431361724448,0.08800553189565737,0.4455798297604181,0.45155740776108566,0.4671640309385245,0.4532858924231956,0.0018995502579142328,0.0032992107090834676
combined_s0_train_centre_frozen_ord,resolution_max_b1_gaussian_conv,0,train_probe,centre_frozen,ordinary,top1,0.003676741903688553,0.00393713401981483,0.17612074430809588,0.18850093344900593,0.4288649953935367,0.4273849672292685,0.3901166620359636,0.37821188993288596,0.0012208563587153016,0.001965075369024873
combined_s0_train_centre_frozen_ord,resolution_max_b1_gaussian_conv,0,train_probe,centre_frozen,ordinary,top2,0.0016089725122224862,0.0020546531810222927,0.10976788618126992,0.12096781223658848,0.48148752314449794,0.4791283852813765,0.4054463929456835,0.3952467176272977,0.001689225216326244,0.0026024316737150383
combined_s0_train_centre_frozen_ord,resolution_max_b1_gaussian_conv,0,train_probe,centre_frozen,ordinary,min,0.0058789032251438025,0.006673454318523156,0.07642171343560857,0.08435006073425465,0.39687517428574137,0.39744123744069926,0.5193955627473898,0.5092065551630075,0.0014286463061163636,0.0023286923435153306
combined_s0_train_centre_frozen_rel,resolution_max_b1_gaussian_conv,0,train_probe,centre_frozen,relative,top1,0.004539537887298887,0.005380785092756156,0.2098806394497174,0.22514623813862067,0.42662188095420445,0.42304924708983505,0.3557799338082729,0.34126131169870283,0.00317800790050638,0.005162417980085292
combined_s0_train_centre_frozen_rel,resolution_max_b1_gaussian_conv,0,train_probe,centre_frozen,relative,top2,0.0028133094995819214,0.0037511080298942095,0.13847972435666103,0.15317625937006063,0.4743519289537527,0.4698144153165775,0.38024651969635576,0.36665282611926203,0.004108517493648449,0.006605391164205577
combined_s0_train_centre_frozen_rel,resolution_max_b1_gaussian_conv,0,train_probe,centre_frozen,relative,min,0.007672819678142687,0.009433570422763623,0.09266007630694324,0.10329647455875886,0.3991451478831107,0.3984733380752504,0.49660055948390486,0.4822350294076361,0.003921396647898546,0.006561587535590975
combined_s0_train_saved_ord,resolution_max_b1_gaussian_conv,0,train_probe,saved,ordinary,top1,0.003827788653718761,0.004093070451441335,0.18024496691963793,0.1925628851396673,0.4270687601882155,0.42551909739735,0.3876474069283922,0.3758758391786891,0.0012110773100355687,0.0019491078328522033
combined_s0_train_saved_ord,resolution_max_b1_gaussian_conv,0,train_probe,saved,ordinary,top2,0.001608172198151665,0.0020356502338184763,0.10828540399766239,0.11943261702294786,0.4907607490754065,0.4883696182491975,0.3976978724765645,0.3876308424142169,0.0016478022522148632,0.002531272079819191
combined_s0_train_saved_ord,resolution_max_b1_gaussian_conv,0,train_probe,saved,ordinary,min,0.010150253499457931,0.012513273437655428,0.13554875084054935,0.14765764548185256,0.4680072566610907,0.4645086224861628,0.3851964057507335,0.37352599140398557,0.0010973332481685578,0.0017944671903436054
combined_s0_train_saved_rel,resolution_max_b1_gaussian_conv,0,train_probe,saved,relative,top1,0.004693809618847791,0.005554523222684462,0.21336686875877892,0.22840684530047667,0.4244918342611388,0.42090183923320973,0.3542999278899926,0.34001740019966165,0.0031475594712419303,0.005119392043967538
combined_s0_train_saved_rel,resolution_max_b1_gaussian_conv,0,train_probe,saved,relative,top2,0.002769510994567771,0.0036757077125318055,0.1371529645002214,0.15183123742396903,0.4834889796532084,0.47885441638313353,0.3726016627358891,0.3592462310201553,0.003986882116113361,0.006392407460210321
combined_s0_train_saved_rel,resolution_max_b1_gaussian_conv,0,train_probe,saved,relative,min,0.01731183420153591,0.022730010592147014,0.17547655559187905,0.19087186164014597,0.4718268634669564,0.4643564060445755,0.33266298517004855,0.31753167695531354,0.002721761569580168,0.004510044767817977
combined_s1_test_centre_frozen_ord,resolution_max_b1_gaussian_conv,1,test_probe,centre_frozen,ordinary,top1,0.0032343087804474696,0.003720914928830949,0.10410244576700886,0.10864269312779974,0.41263633759942436,0.4191031439837803,0.4784913289187005,0.46602714311068727,0.0015355789344187387,0.002506104848901767
combined_s1_test_centre_frozen_ord,resolution_max_b1_gaussian_conv,1,test_probe,centre_frozen,ordinary,top2,0.0019643675135768194,0.0025179512841583995,0.12382631111395889,0.1341692478776088,0.4337218905030294,0.43969293106679636,0.4385218385150185,0.42072208396635585,0.001965592354416415,0.00289778580508065
combined_s1_test_centre_frozen_ord,resolution_max_b1_gaussian_conv,1,test_probe,centre_frozen,ordinary,min,0.005871536969945891,0.0067482911609041425,0.06583119093816787,0.07107405999207962,0.36682530688683773,0.37303673700268475,0.5599679113360511,0.5466568415798577,0.0015040538689974395,0.0024840702644737486
combined_s1_test_centre_frozen_rel,resolution_max_b1_gaussian_conv,1,test_probe,centre_frozen,relative,top1,0.00450201896924103,0.005732773843344095,0.1155069314425872,0.122613904286483,0.4273959221379063,0.4323196392241395,0.44850972150649066,0.43271492696166397,0.004085405943774769,0.00661875568436929
combined_s1_test_centre_frozen_rel,resolution_max_b1_gaussian_conv,1,test_probe,centre_frozen,relative,top2,0.003910213340309057,0.006353528635536346,0.15187283898025974,0.1658326764825209,0.4486414814841144,0.450498814290149,0.39116026414508814,0.37034790508001625,0.004415202050228763,0.0069670755117774395
combined_s1_test_centre_frozen_rel,resolution_max_b1_gaussian_conv,1,test_probe,centre_frozen,relative,min,0.008220248713833101,0.01030915923445801,0.0778439755218686,0.08535634218314436,0.38549207021398074,0.3907337543237702,0.5243055361165242,0.506483673033673,0.00413816943379341,0.0071170712249544
combined_s1_test_saved_ord,resolution_max_b1_gaussian_conv,1,test_probe,saved,ordinary,top1,0.003087002916568875,0.003543174767391575,0.09963826794768907,0.1039537304486102,0.41341196565110344,0.4202731463214398,0.482406822620306,0.46982165530395725,0.0014559408643325853,0.0024082931586012534
combined_s1_test_saved_ord,resolution_max_b1_gaussian_conv,1,test_probe,saved,ordinary,top2,0.0022630759441122326,0.0028769170778355792,0.11883335109110163,0.1285846704767928,0.4091896962531975,0.41391773017828337,0.4681247965977102,0.4520019832768377,0.001589080113878526,0.002618698990250582
combined_s1_test_saved_ord,resolution_max_b1_gaussian_conv,1,test_probe,saved,ordinary,min,0.006974311433838548,0.007662825600973328,0.07912307158489504,0.08473910025223833,0.3883817913154909,0.3951202990196173,0.5243846936233743,0.5105219940116142,0.0011361320424012502,0.001955781115556708
combined_s1_test_saved_rel,resolution_max_b1_gaussian_conv,1,test_probe,saved,relative,top1,0.004264833462506492,0.005415250583359335,0.11076001843520085,0.11762303915350769,0.42887011505609535,0.4342135594572635,0.4521282920179748,0.4362407020129214,0.00397674102822261,0.006507448792948168
combined_s1_test_saved_rel,resolution_max_b1_gaussian_conv,1,test_probe,saved,relative,top2,0.004533108341744123,0.007488869162667448,0.14491735745027448,0.15820888145614134,0.4232041766044579,0.4243074609549703,0.4229136379478914,0.4022195048557835,0.004431719655632173,0.007775283570437394
combined_s1_test_saved_rel,resolution_max_b1_gaussian_conv,1,test_probe,saved,relative,min,0.008935762463812448,0.011945811253152548,0.08856443413379132,0.09686876083945807,0.4126684754867551,0.41743674604512765,0.48623213058159936,0.4674498963638929,0.0035991973340417697,0.006298785498368782
combined_s1_train_centre_frozen_ord,resolution_max_b1_gaussian_conv,1,train_probe,centre_frozen,ordinary,top1,0.0035617217720009583,0.004104339154682603,0.11807888621872527,0.12344594414499904,0.41259734611255755,0.4181224771711572,0.46428421990850155,0.45186611223348366,0.0014778259882145966,0.0024611272956774604
combined_s1_train_centre_frozen_ord,resolution_max_b1_gaussian_conv,1,train_probe,centre_frozen,ordinary,top2,0.001811574519420837,0.0022300164555323484,0.09295765064042652,0.09987005196252356,0.439461339247706,0.44766977751007514,0.4635814782559684,0.44696452703882245,0.0021879573364782428,0.0032656270330464294
combined_s1_train_centre_frozen_ord,resolution_max_b1_gaussian_conv,1,train_probe,centre_frozen,ordinary,min,0.006395158899827236,0.006786071996516426,0.06329114287894012,0.06838244779023604,0.31961572860646587,0.32693625892972705,0.6095438463785059,0.5958133580987777,0.0011541232362609697,0.002081863184742897
combined_s1_train_centre_frozen_rel,resolution_max_b1_gaussian_conv,1,train_probe,centre_frozen,relative,top1,0.005071652844102705,0.006705424013619762,0.13114568268697818,0.13932078119901375,0.4266108358333943,0.43009577988012704,0.43307217114343455,0.41714985785397796,0.004099657492090231,0.006728157053261536
combined_s1_train_centre_frozen_rel,resolution_max_b1_gaussian_conv,1,train_probe,centre_frozen,relative,top2,0.0033746415354426926,0.005420252873184485,0.1092921105168364,0.1181458885003907,0.46166868165226543,0.4672133079716608,0.4205839908923755,0.4010988750127584,0.005080575403079932,0.008121675642005596
combined_s1_train_centre_frozen_rel,resolution_max_b1_gaussian_conv,1,train_probe,centre_frozen,relative,min,0.0076027817896076825,0.00921980542667879,0.07821728744948486,0.08576250210921929,0.339507955873747,0.34588871960538575,0.5709297807919759,0.5522712479064333,0.0037421940951846227,0.0068577249522828515
combined_s1_train_saved_ord,resolution_max_b1_gaussian_conv,1,train_probe,saved,ordinary,top1,0.0033004767736590224,0.003826019919564489,0.10901499942237543,0.11415720681549187,0.4164504934471331,0.42255562969285587,0.46982537991863693,0.4570802547201721,0.00140865043819553,0.0023808888519157682
combined_s1_train_saved_ord,resolution_max_b1_gaussian_conv,1,train_probe,saved,ordinary,top2,0.0019091011054412476,0.002223716626643512,0.09632452011260265,0.10294514966882562,0.4083968505475403,0.4152445146265225,0.49159130039274335,0.47669115542142115,0.0017782278416724271,0.002895463656587196
combined_s1_train_saved_ord,resolution_max_b1_gaussian_conv,1,train_probe,saved,ordinary,min,0.0033397227272602133,0.003856827778327056,0.046321731753685175,0.050955793725711615,0.2884149387590865,0.2940140550433131,0.6603892717144294,0.648566899678523,0.0015343350455387854,0.002606423774125173
combined_s1_train_saved_rel,resolution_max_b1_gaussian_conv,1,train_probe,saved,relative,top1,0.004795536106931153,0.006433476075471877,0.12226495813900545,0.13017962553345253,0.4316448076971093,0.4356519355519903,0.437268667556278,0.4210191642497128,0.004026030500676074,0.006715798589372547
combined_s1_train_saved_rel,resolution_max_b1_gaussian_conv,1,train_probe,saved,relative,top2,0.0030503669569371637,0.004444866416787158,0.11156520702263915,0.12014004749207056,0.42914419975941465,0.43406833364606084,0.4513670070744645,0.43290247917445995,0.004873219186544514,0.008444273270621505
combined_s1_train_saved_rel,resolution_max_b1_gaussian_conv,1,train_probe,saved,relative,min,0.004572298398818816,0.006157835366102141,0.054421194264381155,0.06083605997291365,0.30181017945358996,0.30685100589593334,0.6346297303654338,0.6180775552634342,0.004566597517776233,0.008077543501616626
combined_s2_test_centre_frozen_ord,resolution_max_b1_gaussian_conv,2,test_probe,centre_frozen,ordinary,top1,0.0022950432009201083,0.0030347182566474173,0.11279765977040392,0.12120856499568995,0.42004311472988,0.42307226810134885,0.46372505555635557,0.45072894491813104,0.0011391267424403265,0.0019555037281827423
combined_s2_test_centre_frozen_ord,resolution_max_b1_gaussian_conv,2,test_probe,centre_frozen,ordinary,top2,0.0020561185235821885,0.0030122382862996728,0.12460363701692272,0.1334984885516664,0.4300853565916809,0.43107120033186447,0.4414519323152761,0.42971775100221826,0.0018029555525380587,0.002700321827951204
combined_s2_test_centre_frozen_ord,resolution_max_b1_gaussian_conv,2,test_probe,centre_frozen,ordinary,min,0.004696692615275466,0.006608286592838934,0.10679129555251755,0.11536710430527289,0.3422187897220689,0.34647115530184563,0.5451543833102831,0.5297176267472388,0.0011388387998549716,0.0018358270528037574
combined_s2_test_centre_frozen_rel,resolution_max_b1_gaussian_conv,2,test_probe,centre_frozen,relative,top1,0.0043300270976283275,0.006021273692642413,0.1356715915279606,0.14637682700087432,0.4233724886905444,0.4238155828524102,0.4332811471105539,0.4180416718494369,0.0033447455733127407,0.00574464460463619
combined_s2_test_centre_frozen_rel,resolution_max_b1_gaussian_conv,2,test_probe,centre_frozen,relative,top2,0.0046447279393555885,0.007425908576153083,0.14476981314629264,0.15494601860009877,0.4318984333818813,0.4314768635066937,0.4144869504471083,0.3994638008291187,0.004200075085362071,0.006687408487935805
combined_s2_test_centre_frozen_rel,resolution_max_b1_gaussian_conv,2,test_probe,centre_frozen,relative,min,0.008625420406485784,0.01261507218503102,0.13135361171306742,0.14164870785214734,0.35690812374220976,0.36054454052517393,0.5001568867534273,0.48028620307263054,0.0029559573848097057,0.004905476365017166
combined_s2_test_saved_ord,resolution_max_b1_gaussian_conv,2,test_probe,saved,ordinary,top1,0.0020607507699187256,0.002640893339698946,0.11799970116491797,0.12692503901849664,0.4659023342662591,0.4672829016561244,0.41302122523744256,0.40132300792116227,0.0010159885614617159,0.001828158064517643
combined_s2_test_saved_ord,resolution_max_b1_gaussian_conv,2,test_probe,saved,ordinary,top2,0.00226233814845533,0.0033046621506717926,0.13061851124399357,0.1393393653453138,0.39156588045294055,0.39346822369147044,0.47356319806668595,0.461029364326682,0.0019900720879246292,0.002858384485862017
combined_s2_test_saved_ord,resolution_max_b1_gaussian_conv,2,test_probe,saved,ordinary,min,0.004819198960236085,0.0068541506338621674,0.061252871209437856,0.06647276396680181,0.28192425210046146,0.285343213574554,0.650688320380663,0.6390642111727324,0.0013153573492015915,0.0022656606520495663
combined_s2_test_saved_rel,resolution_max_b1_gaussian_conv,2,test_probe,saved,relative,top1,0.0036819987231756827,0.004953417941065096,0.14296063507251625,0.15425916971822987,0.4626444164021909,0.461535218456563,0.38744517771810844,0.3734090751548966,0.0032677720840088124,0.005843118729245415
combined_s2_test_saved_rel,resolution_max_b1_gaussian_conv,2,test_probe,saved,relative,top2,0.005040001925409647,0.008020802738837856,0.1486111242087124,0.15860504557576593,0.3998456245999144,0.40034289430646514,0.44225161894374443,0.4265844388717153,0.0042516303222190225,0.006446818507215803
combined_s2_test_saved_rel,resolution_max_b1_gaussian_conv,2,test_probe,saved,relative,min,0.008702488640541154,0.012927146300338149,0.08932857625835161,0.09801855268864347,0.2885791199079429,0.2925568624627206,0.6101261267502496,0.5908522901241253,0.0032636884429149506,0.005645148424172327
combined_s2_train_centre_frozen_ord,resolution_max_b1_gaussian_conv,2,train_probe,centre_frozen,ordinary,top1,0.003086145296371046,0.004148828138602503,0.11758827704514871,0.12636765989036408,0.3777208248793508,0.38217186531399305,0.5002087836088723,0.4850294085828063,0.0013959691702569552,0.002282238074234044
combined_s2_train_centre_frozen_ord,resolution_max_b1_gaussian_conv,2,train_probe,centre_frozen,ordinary,top2,0.0018145565732568313,0.002539496693957188,0.10112519184233715,0.10742505059622866,0.5375096088500806,0.5402272805821564,0.3565954584209949,0.34583418557984263,0.002955184313330575,0.003973986547815023
combined_s2_train_centre_frozen_ord,resolution_max_b1_gaussian_conv,2,train_probe,centre_frozen,ordinary,min,0.004767698393283772,0.006107850666584976,0.059373971719111206,0.06445526652129259,0.33782847352636797,0.33961586951580747,0.5962969758707758,0.5870848096595888,0.001732880490461314,0.0027362036367263266
combined_s2_train_centre_frozen_rel,resolution_max_b1_gaussian_conv,2,train_probe,centre_frozen,relative,top1,0.005955826242172565,0.008504156206796221,0.1390255345655272,0.14979246534700486,0.38653510165943544,0.38827638847336515,0.4647829439664734,0.4474141123185666,0.003700593566391391,0.006012877654267123
combined_s2_train_centre_frozen_rel,resolution_max_b1_gaussian_conv,2,train_probe,centre_frozen,relative,top2,0.003847809918065265,0.005849976878850089,0.11562534014208427,0.12290757655771349,0.5424786311337411,0.5439855735582796,0.3324558164241173,0.319288536577728,0.005592402381991994,0.007968336427428746
combined_s2_train_centre_frozen_rel,resolution_max_b1_gaussian_conv,2,train_probe,centre_frozen,relative,min,0.007493732891834017,0.010335526438388257,0.0707457420926045,0.07767170681374055,0.3456596800554452,0.34695142921409233,0.5717010255732917,0.5577081984024702,0.004399819386824449,0.007333139131308632
combined_s2_train_saved_ord,resolution_max_b1_gaussian_conv,2,train_probe,saved,ordinary,top1,0.0031530640912418493,0.0041167936217838645,0.12498492066970744,0.13397237015829974,0.4006471690885258,0.4046340505545233,0.469888370607882,0.4550888899410189,0.0013264755426429175,0.002187895724374169
combined_s2_train_saved_ord,resolution_max_b1_gaussian_conv,2,train_probe,saved,ordinary,top2,0.0017807163173693618,0.0024967688862873056,0.10524924946048726,0.11187784301595283,0.5136623809760581,0.5163017513013146,0.3764025514025125,0.36543740498046584,0.002905101843572814,0.003886231815979411
combined_s2_train_saved_ord,resolution_max_b1_gaussian_conv,2,train_probe,saved,ordinary,min,0.0029483001272964287,0.003924283180170358,0.04081671749408158,0.04515590086459243,0.25289725238937916,0.2559555757289317,0.7022971448342809,0.6932707046914425,0.0010405851549619195,0.0016935355348631708
combined_s2_train_saved_rel,resolution_max_b1_gaussian_conv,2,train_probe,saved,relative,top1,0.005725999973335612,0.007903538680398522,0.14757316054116812,0.15862742457979542,0.40805833877756387,0.4092226240052832,0.4350538677999493,0.4183475869389546,0.0035886329079831327,0.005898825795568348
combined_s2_train_saved_rel,resolution_max_b1_gaussian_conv,2,train_probe,saved,relative,top2,0.0037666978071930757,0.005695544065858571,0.12003276791227932,0.12772055398301985,0.5182970159965155,0.5198916498118697,0.35246967386952804,0.33900196642334135,0.005433844414484177,0.007690285715910555
combined_s2_train_saved_rel,resolution_max_b1_gaussian_conv,2,train_probe,saved,relative,min,0.004818345130873095,0.006743473670070229,0.04997469834237616,0.055698108496971696,0.25697209050339204,0.2599070462434355,0.685420440313813,0.6728719772386069,0.002814425709545623,0.004779394350915736
combined_s3_test_centre_frozen_ord,resolution_max_b1_gaussian_conv,3,test_probe,centre_frozen,ordinary,top1,0.002953674178137144,0.003630275093045787,0.1126434193800211,0.12351165671654141,0.40813856717190655,0.4117162625267234,0.47467965718550975,0.4586044317856345,0.0015846820844254927,0.0025373738780549767
combined_s3_test_centre_frozen_ord,resolution_max_b1_gaussian_conv,3,test_probe,centre_frozen,ordinary,top2,0.004468849210416271,0.0065725199241927325,0.2614030310583581,0.2759055489670184,0.3699552851630924,0.36660789741013616,0.36297111190439835,0.34875435849502456,0.0012017226637348764,0.0021596752036281094
combined_s3_test_centre_frozen_ord,resolution_max_b1_gaussian_conv,3,test_probe,centre_frozen,ordinary,min,0.004082383657223268,0.005832513629209085,0.058658636987183446,0.06278364564988449,0.375357223959945,0.38205404381359903,0.5607511799543079,0.5474293864370856,0.001150575441340477,0.0019004104702216942
combined_s3_test_centre_frozen_rel,resolution_max_b1_gaussian_conv,3,test_probe,centre_frozen,relative,top1,0.004963826381776244,0.006902948407632563,0.14245689863482494,0.15829308158540284,0.4180819277122418,0.4184707106518317,0.4304846038931053,0.4099687893509859,0.004012743378051767,0.006364470004146958
combined_s3_test_centre_frozen_rel,resolution_max_b1_gaussian_conv,3,test_probe,centre_frozen,relative,top2,0.01080289031762614,0.017883160909774914,0.29358420142231684,0.30967173212389515,0.3625673528734693,0.3552988122150265,0.3291785808774737,0.3102724295185061,0.003866974509114015,0.006873865232797345
combined_s3_test_centre_frozen_rel,resolution_max_b1_gaussian_conv,3,test_probe,centre_frozen,relative,min,0.006425713670067345,0.009577103465785343,0.0674947117757328,0.07309941807420584,0.39016018643720185,0.39606022220664594,0.5327199435200611,0.5158331404009074,0.0031994445969368078,0.0054301158524555
combined_s3_test_saved_ord,resolution_max_b1_gaussian_conv,3,test_probe,saved,ordinary,top1,0.0032399506142020604,0.004099844288716346,0.10383158988732086,0.11391238982758757,0.392020000612968,0.39604446029107415,0.4993607200500205,0.48343718912589945,0.0015477388354886152,0.002506116466722538
combined_s3_test_saved_ord,resolution_max_b1_gaussian_conv,3,test_probe,saved,ordinary,top2,0.004406920238004562,0.006569133881002003,0.23668166489767914,0.2502307122416527,0.3567308082923155,0.35435622294447877,0.4009755454877253,0.38666443609194145,0.0012050610842754385,0.002179494840925005
combined_s3_test_saved_ord,resolution_max_b1_gaussian_conv,3,test_probe,saved,ordinary,min,0.0055982431258818875,0.007438173603776989,0.06484712967513952,0.06988208347600607,0.3577973579541073,0.3619964928539781,0.5704344829177426,0.5583957965294704,0.0013227863271287063,0.0022874535367684097
combined_s3_test_saved_rel,resolution_max_b1_gaussian_conv,3,test_probe,saved,relative,top1,0.005809739473096385,0.008346457979335881,0.13244448268284126,0.14723486363916305,0.40365399245135464,0.4047529637248489,0.45409530097327944,0.4332779807427834,0.0039964844194282974,0.0063877339138687355
combined_s3_test_saved_rel,resolution_max_b1_gaussian_conv,3,test_probe,saved,relative,top2,0.010801022023446006,0.017825364592009188,0.2759185504494812,0.29142047021396184,0.35567025432770677,0.34940636282501125,0.35372790816155925,0.33444404138842426,0.0038822650378066478,0.006903760980593509
combined_s3_test_saved_rel,resolution_max_b1_gaussian_conv,3,test_probe,saved,relative,min,0.009777144616482518,0.014249249140915134,0.0810615700094786,0.08798702339404967,0.3738941859203886,0.37701993423157437,0.5312985135576347,0.5136986651036943,0.0039685858960156525,0.007045128129766452
combined_s3_train_centre_frozen_ord,resolution_max_b1_gaussian_conv,3,train_probe,centre_frozen,ordinary,top1,0.0038299449695915135,0.0044954115093518736,0.1268706074582995,0.1390017024976909,0.41467314839147273,0.41705583740618807,0.45302868037197125,0.43691249008799904,0.0015976188086649222,0.00253455849877018
combined_s3_train_centre_frozen_ord,resolution_max_b1_gaussian_conv,3,train_probe,centre_frozen,ordinary,top2,0.0031670104344590343,0.004266740278175844,0.15980728824728532,0.1714328644627704,0.374295125658873,0.3762389159538031,0.4608035831461004,0.44494257183230196,0.0019269925132821264,0.0031189074729486544
combined_s3_train_centre_frozen_ord,resolution_max_b1_gaussian_conv,3,train_probe,centre_frozen,ordinary,min,0.010374562932036799,0.010630286643783664,0.05574138731080739,0.06098235152526095,0.35094823194965813,0.3526082848008511,0.5814598806143261,0.5731945422832384,0.0014759371931715158,0.002584534746865993
combined_s3_train_centre_frozen_rel,resolution_max_b1_gaussian_conv,3,train_probe,centre_frozen,relative,top1,0.006089312324861243,0.008881483041553869,0.15982459607069105,0.17722684329746205,0.42141870540627807,0.4198923558993582,0.4087020945145839,0.38777188040964333,0.003965291683585648,0.006227437351982552
combined_s3_train_centre_frozen_rel,resolution_max_b1_gaussian_conv,3,train_probe,centre_frozen,relative,top2,0.008147452753273035,0.01444155239613122,0.2029473995722656,0.21737766483897547,0.3774591908299113,0.3747661013278708,0.40647815534973614,0.38495981979545923,0.00496780149481397,0.008454861641563274
combined_s3_train_centre_frozen_rel,resolution_max_b1_gaussian_conv,3,train_probe,centre_frozen,relative,min,0.012610780556829546,0.016560217532225446,0.06976358865138045,0.07685675842910367,0.35374361167493745,0.3535432250131188,0.559302948776299,0.5448825524380105,0.004579070340553426,0.008157246587541552
combined_s3_train_saved_ord,resolution_max_b1_gaussian_conv,3,train_probe,saved,ordinary,top1,0.004041579014282486,0.004884429088110186,0.11652984240752368,0.1276632428205198,0.3946449939592029,0.397705870256588,0.48322764236467175,0.4672379200562155,0.0015559422543191682,0.00250853777856654
combined_s3_train_saved_ord,resolution_max_b1_gaussian_conv,3,train_probe,saved,ordinary,top2,0.0027871663005544023,0.003514138883561037,0.1504853329258286,0.1617067572485336,0.3822248252621248,0.3848707609775789,0.4624847293955366,0.44670774121238205,0.002017946115955541,0.00320060167794435
combined_s3_train_saved_ord,resolution_max_b1_gaussian_conv,3,train_probe,saved,ordinary,min,0.007504923731559902,0.009735744521925797,0.09316304809374673,0.10266734299546176,0.28605241757707695,0.2878789209872207,0.611532901599332,0.596598169466418,0.001746708998284299,0.003119822028973729
combined_s3_train_saved_rel,resolution_max_b1_gaussian_conv,3,train_probe,saved,relative,top1,0.006763673616184416,0.0098972841145372,0.1487120810781713,0.16505704435517918,0.404620788101877,0.40409551669816773,0.43594151177304896,0.4146642471406692,0.0039619454307183045,0.00628590769144669
combined_s3_train_saved_rel,resolution_max_b1_gaussian_conv,3,train_probe,saved,relative,top2,0.006767434645174789,0.01194440967836489,0.19429158776193645,0.20858037302852347,0.385881084623307,0.38413442334229336,0.40806027626867786,0.3869330583488189,0.00499961670090395,0.008407735601999469
combined_s3_train_saved_rel,resolution_max_b1_gaussian_conv,3,train_probe,saved,relative,min,0.012225978661496936,0.016989086091765682,0.12252223043000601,0.13581992016154285,0.2998217167112109,0.2994110157273131,0.5599933481357093,0.5379907925201862,0.005436726061576757,0.00978918549919205
combined_s4_test_centre_frozen_ord,resolution_max_b1_gaussian_conv,4,test_probe,centre_frozen,ordinary,top1,0.002332771032112451,0.003048462949949431,0.14485833949173138,0.15351699030624627,0.4264662274748714,0.42921417400231365,0.42499111876374335,0.41199730644169297,0.0013515432375413874,0.0022230662997977683
combined_s4_test_centre_frozen_ord,resolution_max_b1_gaussian_conv,4,test_probe,centre_frozen,ordinary,top2,0.0006163180220445499,0.0008289046952320587,0.06821161955841433,0.07177945343410758,0.4230882663175412,0.42472030976703495,0.5060365035091485,0.4993119453020495,0.0020472925928514047,0.0033593868015759907
combined_s4_test_centre_frozen_ord,resolution_max_b1_gaussian_conv,4,test_probe,centre_frozen,ordinary,min,0.0031824875322078758,0.0039438017231659805,0.08622229605277952,0.0933192591336852,0.40517848552631885,0.40944793050841044,0.5045141120610755,0.4917298020032321,0.0009026188276180881,0.001559206631506368
combined_s4_test_centre_frozen_rel,resolution_max_b1_gaussian_conv,4,test_probe,centre_frozen,relative,top1,0.00437142746943808,0.006438437552147358,0.16782950875580652,0.1819627853378346,0.43054411880379123,0.42905853200654037,0.393634962254893,0.37664292613614153,0.0036199827160712118,0.005897318967336112
combined_s4_test_centre_frozen_rel,resolution_max_b1_gaussian_conv,4,test_probe,centre_frozen,relative,top2,0.0012340324527484391,0.0017818556385978145,0.0714249612031458,0.07650718253737286,0.42458991832966986,0.42388396558799263,0.4971461505419735,0.4885211847965356,0.005604937472462358,0.009305811439501033
combined_s4_test_centre_frozen_rel,resolution_max_b1_gaussian_conv,4,test_probe,centre_frozen,relative,min,0.004628374657815108,0.006145517374304022,0.10243275439557337,0.11241652772308833,0.41558905961044873,0.4179580590306501,0.4746080862424266,0.45869028803686396,0.0027417250937361247,0.004789607835093728
combined_s4_test_saved_ord,resolution_max_b1_gaussian_conv,4,test_probe,saved,ordinary,top1,0.002322093332248479,0.003018085234398528,0.15406467161451115,0.1634660751879533,0.41226763453465914,0.4146722022791699,0.43005723389701106,0.4166812856266687,0.0012883666215701176,0.002162351671809541
combined_s4_test_saved_ord,resolution_max_b1_gaussian_conv,4,test_probe,saved,ordinary,top2,0.0007405527261567487,0.000952045799479672,0.0713742865550212,0.07570310636658387,0.39429437644023235,0.3976045125473195,0.5318466924797598,0.5226364546695089,0.0017440917988299867,0.0031038806171082645
combined_s4_test_saved_ord,resolution_max_b1_gaussian_conv,4,test_probe,saved,ordinary,min,0.004608932172744085,0.006220059958602705,0.034265947792574844,0.03709413443933809,0.35681561637581366,0.359340708403088,0.603312367340208,0.5956202630846723,0.0009971363186594062,0.0017248341142987904
combined_s4_test_saved_rel,resolution_max_b1_gaussian_conv,4,test_probe,saved,relative,top1,0.004286758352772009,0.006259184053400175,0.1781285652664274,0.1933890411940263,0.41596184418408655,0.41399504821041416,0.3980239872691366,0.3803741536076962,0.0035988449275774536,0.005982572934463175
combined_s4_test_saved_rel,resolution_max_b1_gaussian_conv,4,test_probe,saved,relative,top2,0.0013915412275532645,0.0019158914062609004,0.0800876276457006,0.08623130964384139,0.39910847721868425,0.40039901238540154,0.5138378754781615,0.5014428046706608,0.005574478429900295,0.010010981893835336
combined_s4_test_saved_rel,resolution_max_b1_gaussian_conv,4,test_probe,saved,relative,min,0.006842237828957925,0.009577684947264646,0.03986945574173711,0.04414822422187135,0.3620919090548934,0.36323649617833476,0.588187649520197,0.5777967525041312,0.00300874785421456,0.005240842148398105
combined_s4_train_centre_frozen_ord,resolution_max_b1_gaussian_conv,4,train_probe,centre_frozen,ordinary,top1,0.002103205584514295,0.0028267708572455425,0.14528808468960433,0.15382182382905787,0.4252359457247947,0.4284007835499581,0.42587527818350723,0.41247495599158385,0.0014974858175796396,0.0024756657721545536
combined_s4_train_centre_frozen_ord,resolution_max_b1_gaussian_conv,4,train_probe,centre_frozen,ordinary,top2,0.000866408556363909,0.0011430924722031683,0.062224042704392815,0.06517127729125458,0.4277273868233387,0.42988776267517076,0.5068446896981263,0.50013854967891,0.002337472217778145,0.0036593178824613783
combined_s4_train_centre_frozen_ord,resolution_max_b1_gaussian_conv,4,train_probe,centre_frozen,ordinary,min,0.007003129424918474,0.008671664240004534,0.0898963969833304,0.09681723446076906,0.2997854188568321,0.302282124636484,0.6018925788385081,0.5897035749216031,0.0014224758964109443,0.0025254017411393327
combined_s4_train_centre_frozen_rel,resolution_max_b1_gaussian_conv,4,train_probe,centre_frozen,relative,top1,0.004097465585414957,0.0060099035529012895,0.16762012216938516,0.18180594007888534,0.42948620844227625,0.42821712819304547,0.39473946171864993,0.3773529396020029,0.004056742084273652,0.006614088573165088
combined_s4_train_centre_frozen_rel,resolution_max_b1_gaussian_conv,4,train_probe,centre_frozen,relative,top2,0.001632076022951731,0.0023576201166341597,0.06663091707338953,0.07076888828403734,0.4286206228889526,0.4287736332478822,0.49738816400638075,0.48896497485558565,0.005728220008325478,0.009134883495860571
combined_s4_train_centre_frozen_rel,resolution_max_b1_gaussian_conv,4,train_probe,centre_frozen,relative,min,0.009840946175057493,0.012959765893169833,0.10741972659280843,0.11839646855479682,0.30490842741459034,0.305390842330031,0.57328430712801,0.555121880370238,0.004546592689533656,0.008131042851764327
combined_s4_train_saved_ord,resolution_max_b1_gaussian_conv,4,train_probe,saved,ordinary,top1,0.0022079066224001964,0.002934524306586214,0.1514386261166907,0.16042344241213757,0.41168921778833534,0.4145057159286617,0.4332339763829714,0.4197489597780075,0.0014302730896024766,0.0023873575746070014
combined_s4_train_saved_ord,resolution_max_b1_gaussian_conv,4,train_probe,saved,ordinary,top2,0.0008002850669901303,0.0010574703536467974,0.08155144491894205,0.0860524438812951,0.40676214518365034,0.4091136239996762,0.5088513883402285,0.5004976099782461,0.002034736490188903,0.0032788517871358116
combined_s4_train_saved_ord,resolution_max_b1_gaussian_conv,4,train_probe,saved,ordinary,min,0.00395925503999072,0.004812618970257907,0.04090972183881821,0.043610815457605714,0.312918684324016,0.31625006279339885,0.6409765986286705,0.6331369309283968,0.0012357401685046422,0.0021895718503406546
combined_s4_train_saved_rel,resolution_max_b1_gaussian_conv,4,train_probe,saved,relative,top1,0.0042007409370839926,0.006106010372867363,0.17437624023125423,0.18925887037756017,0.4155250048529987,0.41393336756585575,0.40194484578961637,0.38419073158141964,0.003953168189046696,0.006511020102296985
combined_s4_train_saved_rel,resolution_max_b1_gaussian_conv,4,train_probe,saved,relative,top2,0.0014832897202895856,0.0021277690762009274,0.09147036559067208,0.09785063725816348,0.4092087396446575,0.4094792782760701,0.49250983099707524,0.48169347680446833,0.005327774047305742,0.008848838585097052
combined_s4_train_saved_rel,resolution_max_b1_gaussian_conv,4,train_probe,saved,relative,min,0.0054768295844726785,0.007171094666772409,0.04830148375814577,0.052813048754293344,0.3162791645460003,0.3181761663936068,0.6259714564617634,0.6147507174722604,0.003971065649617798,0.0070889727130670835
gaussian_s0_test_centre_frozen_ord,gaussian_postrelu,0,test_probe,centre_frozen,ordinary,top1,0.0039057969776130123,0.004915353618156242,0.09391742848736222,0.09973628029312606,0.369747666242208,0.37509266160222593,0.531206660697656,0.5182344834688485,0.001222447595160686,0.00202122101764326
gaussian_s0_test_centre_frozen_ord,gaussian_postrelu,0,test_probe,centre_frozen,ordinary,top2,0.00555432117784412,0.010760088629632032,0.10457563111498559,0.1111533520989917,0.36944049344180124,0.36991952514392495,0.5194018510051329,0.5062659055815987,0.0010277032602361974,0.0019011285458526662
gaussian_s0_test_centre_frozen_ord,gaussian_postrelu,0,test_probe,centre_frozen,ordinary,min,0.004866144240827099,0.006311827234297887,0.06465047493151355,0.0680806280174243,0.29876231398372666,0.3022685331816733,0.6308951683255379,0.6219341927604694,0.0008258985183947772,0.0014048188061350747
gaussian_s0_test_centre_frozen_rel,gaussian_postrelu,0,test_probe,centre_frozen,relative,top1,0.007561104353057639,0.013280313747458106,0.10793424039304778,0.11541923727385797,0.37760670947299896,0.38068990910777983,0.5035698857236327,0.48512219046617716,0.0033280600572629816,0.00548834940472691
gaussian_s0_test_centre_frozen_rel,gaussian_postrelu,0,test_probe,centre_frozen,relative,top2,0.028071915170388772,0.06202652413764571,0.12300244388858782,0.12788419947244717,0.3695475129838687,0.35737881107930236,0.47594040699261514,0.446604581069845,0.003437720964539592,0.006105884240759618
gaussian_s0_test_centre_frozen_rel,gaussian_postrelu,0,test_probe,centre_frozen,relative,min,0.007316725719652009,0.012702600700484498,0.07674800108009995,0.08132521996219502,0.3062407901745552,0.30866977603790235,0.607311069771916,0.5930854922477202,0.002383413253776992,0.004216911051697955
gaussian_s0_test_saved_ord,gaussian_postrelu,0,test_probe,saved,ordinary,top1,0.0036559206662724,0.004837497783600496,0.09905300981520673,0.10501076388119765,0.3560975697423854,0.3615011155882382,0.5399734037688081,0.5266480036767802,0.0012200960073275589,0.002002619070183386
gaussian_s0_test_saved_ord,gaussian_postrelu,0,test_probe,saved,ordinary,top2,0.004904580579351618,0.009452812528316404,0.10107992486345586,0.1073859190036322,0.3927584222796643,0.3936513924903608,0.5001840204511899,0.4875274770658861,0.0010730518263382413,0.0019823989118045136
gaussian_s0_test_saved_ord,gaussian_postrelu,0,test_probe,saved,ordinary,min,0.004479907230232788,0.005736002102880292,0.059893278529718263,0.06262188151531413,0.2969835520194474,0.29970616974871445,0.6378998050820668,0.6306215336628306,0.0007434571385348535,0.0013144129702605367
gaussian_s0_test_saved_rel,gaussian_postrelu,0,test_probe,saved,relative,top1,0.00840688050640883,0.015496741363766218,0.11458905842170765,0.12221156111371369,0.36159219154684336,0.3643722876847641,0.5121540698848442,0.49259400934988434,0.0032577996401958083,0.005325400487871585
gaussian_s0_test_saved_rel,gaussian_postrelu,0,test_probe,saved,relative,top2,0.024290157067739192,0.0541113218327087,0.117317775107559,0.12243278810993702,0.39657922414054125,0.3854492771951384,0.4582116316284631,0.4316109907662575,0.0036012120556973702,0.00639562209595847
gaussian_s0_test_saved_rel,gaussian_postrelu,0,test_probe,saved,relative,min,0.006666142133440362,0.011613029360762002,0.06699593349121016,0.07056245074505323,0.302791326180669,0.304315241903236,0.6212096181059469,0.6092543700384209,0.0023369800887335862,0.004254907952527931
gaussian_s0_train_centre_frozen_ord,gaussian_postrelu,0,train_probe,centre_frozen,ordinary,top1,0.0034573164520770206,0.005589416014961751,0.08185569422079439,0.08700478813210825,0.4068265727930566,0.41005821888209104,0.5067719895855061,0.49535290488066264,0.0010884269485660013,0.001994672090176255
gaussian_s0_train_centre_frozen_ord,gaussian_postrelu,0,train_probe,centre_frozen,ordinary,top2,0.0024672492181776495,0.0035611327282397826,0.07572563341258338,0.08007672464885368,0.36424933463166004,0.36911612460289134,0.5559527334106209,0.5446453868453384,0.0016050493269581464,0.0026006311746768146
gaussian_s0_train_centre_frozen_ord,gaussian_postrelu,0,train_probe,centre_frozen,ordinary,min,0.005025023517635845,0.006241281781209127,0.07495574796286503,0.07982465673569208,0.35374871207932246,0.35843548232732947,0.5656168654028256,0.5543648225429558,0.0006536510373510191,0.0011337566128136346
gaussian_s0_train_centre_frozen_rel,gaussian_postrelu,0,train_probe,centre_frozen,relative,top1,0.012298374476608582,0.025971049818406967,0.095612201639546,0.10173406131429666,0.4135236242268663,0.4101756292778858,0.474944655332114,0.45561484292733867,0.003621144324865147,0.006504416662071883
gaussian_s0_train_centre_frozen_rel,gaussian_postrelu,0,train_probe,centre_frozen,relative,top2,0.007050414424468874,0.01475062149943949,0.08682448972295946,0.09240375471168136,0.37328823962916496,0.37517431220386366,0.5286539294322868,0.5109167536014684,0.004182926791119805,0.00675455798354709
gaussian_s0_train_centre_frozen_rel,gaussian_postrelu,0,train_probe,centre_frozen,relative,min,0.0070094758657235304,0.010799528395819234,0.08796823379499806,0.094005773768354,0.3810302746542379,0.38477721793343717,0.5219975816318554,0.5068634384122097,0.001994434053185072,0.003554041490179868
gaussian_s0_train_saved_ord,gaussian_postrelu,0,train_probe,saved,ordinary,top1,0.0032378701212490957,0.005221519868594722,0.08210748736081493,0.087159826648863,0.41113885560169344,0.4144129694286773,0.5024181722875042,0.4912012305752377,0.0010976146287383912,0.002004453478627333
gaussian_s0_train_saved_ord,gaussian_postrelu,0,train_probe,saved,ordinary,top2,0.002322962202509254,0.0034801824186580675,0.07875927998631231,0.08309009399867201,0.364097874816963,0.36920835066444063,0.5532880928135526,0.5417273721107987,0.0015317901806628296,0.0024940008074304985
gaussian_s0_train_saved_ord,gaussian_postrelu,0,train_probe,saved,ordinary,min,0.0037681655913607086,0.004881748451211743,0.05851588850609938,0.06234590627633716,0.3203292182195014,0.3267466467005178,0.6165726612030594,0.6045644666457866,0.0008140664799791217,0.0014612319261467902
gaussian_s0_train_saved_rel,gaussian_postrelu,0,train_probe,saved,relative,top1,0.011503372000853884,0.024279151190974853,0.09532827637280583,0.10143749747948459,0.4176819617136266,0.4146700023571257,0.4718565104533256,0.45310353241322704,0.003629879459388048,0.006509816559187783
gaussian_s0_train_saved_rel,gaussian_postrelu,0,train_probe,saved,relative,top2,0.0074441008583236426,0.016291469183897962,0.0906853570136119,0.0962306233866332,0.3743071758747013,0.3759719259839061,0.5235413688467986,0.505000728562859,0.004021997406564554,0.006505252882703628
gaussian_s0_train_saved_rel,gaussian_postrelu,0,train_probe,saved,relative,min,0.006161254201509186,0.010590160715839772,0.06841905115620006,0.0732774267854332,0.33797506380408426,0.3433465247057683,0.584753919254916,0.5678156220683128,0.00269071158329047,0.004970265724645904
gaussian_s1_test_centre_frozen_ord,gaussian_postrelu,1,test_probe,centre_frozen,ordinary,top1,0.005458168884673649,0.008933298590566022,0.12586181673312727,0.1318235234239793,0.31962642572278244,0.32580696961399286,0.5479580678261159,0.5316332212182515,0.0010955208333006563,0.0018029871532102637
gaussian_s1_test_centre_frozen_ord,gaussian_postrelu,1,test_probe,centre_frozen,ordinary,top2,0.006332678448074482,0.008682760851316917,0.13964105725447046,0.14371125587582953,0.35779103497349257,0.3627787327981342,0.4950960463665371,0.4829491063937092,0.0011391829574254513,0.0018781440810101112
gaussian_s1_test_centre_frozen_ord,gaussian_postrelu,1,test_probe,centre_frozen,ordinary,min,0.006498129428649544,0.008783063065563748,0.04759402840530807,0.05104919752559953,0.24388030644648395,0.24935269066778212,0.7007968460518974,0.6887498476246162,0.0012306896676609015,0.0020652011164383963
gaussian_s1_test_centre_frozen_rel,gaussian_postrelu,1,test_probe,centre_frozen,relative,top1,0.019604282350729436,0.042085174264655224,0.13869193147236536,0.14365871144927436,0.33317278644429116,0.3320162149402503,0.5055897452525246,0.47742019958567117,0.002941254480089383,0.004819699760148864
gaussian_s1_test_centre_frozen_rel,gaussian_postrelu,1,test_probe,centre_frozen,relative,top2,0.014560263095437119,0.025945652110816394,0.15424710259973654,0.15904873647556192,0.36544907783253877,0.3659816876306871,0.4625507582612752,0.4435354707391357,0.0031927982110125284,0.005488453043798911
gaussian_s1_test_centre_frozen_rel,gaussian_postrelu,1,test_probe,centre_frozen,relative,min,0.010627002547339798,0.017322529779088974,0.054793087759327216,0.059993023016202275,0.253438076727778,0.25775628463333694,0.6775676537304679,0.658732214623604,0.0035741792350870998,0.006195947947767796
gaussian_s1_test_saved_ord,gaussian_postrelu,1,test_probe,saved,ordinary,top1,0.005393658927606426,0.0088868692740721,0.1151133582713574,0.1203039337673581,0.3196675433501919,0.32598849331487134,0.5587793958359798,0.5430611568280485,0.001046043614864472,0.0017595468156500606
gaussian_s1_test_saved_ord,gaussian_postrelu,1,test_probe,saved,ordinary,top2,0.006087175874253155,0.00805233035833233,0.1352945045424167,0.1393654721472301,0.35323253101077773,0.35846220958822067,0.5042721492079232,0.49226278093428666,0.001113639364629292,0.0018572069719301372
gaussian_s1_test_saved_ord,gaussian_postrelu,1,test_probe,saved,ordinary,min,0.009047208175768234,0.011376034256320233,0.06940090030015073,0.07377692063258194,0.27215220694063086,0.2779348144649396,0.6483868641666162,0.6350744934428739,0.0010128204168340404,0.0018377372032843367
gaussian_s1_test_saved_rel,gaussian_postrelu,1,test_probe,saved,relative,top1,0.01962934895980487,0.04231194853135363,0.12660022186162387,0.13097517717575272,0.3329860856351964,0.33216690442357444,0.5178521126158322,0.48968383058250425,0.0029322309275427423,0.004862139286814966
gaussian_s1_test_saved_rel,gaussian_postrelu,1,test_probe,saved,relative,top2,0.012492499915695246,0.020373569010938685,0.15021334184858368,0.15550212365319543,0.36212876757671,0.3641451301797621,0.47198517217863645,0.4544518889569923,0.0031802184803746756,0.005527288199111529
gaussian_s1_test_saved_rel,gaussian_postrelu,1,test_probe,saved,relative,min,0.011943628609695297,0.017828023961070867,0.07915963419150619,0.08499939584181179,0.28786061844573946,0.2921339874120485,0.6177312357351248,0.5989746296346834,0.0033048830179340997,0.006063963150385406
gaussian_s1_train_centre_frozen_ord,gaussian_postrelu,1,train_probe,centre_frozen,ordinary,top1,0.004576363530423742,0.007062670241690738,0.14194651404900382,0.14901092542279828,0.33481281364408266,0.33995109392662215,0.5175845560338107,0.5022004530500077,0.0010797527426789763,0.0017748573588809477
gaussian_s1_train_centre_frozen_ord,gaussian_postrelu,1,train_probe,centre_frozen,ordinary,top2,0.0034555003852125635,0.0048688493528065415,0.11125454570175632,0.11442258854696763,0.33687179630309444,0.34367771586809615,0.5473225149790778,0.5351394409470828,0.0010956426308587424,0.0018914052850470108
gaussian_s1_train_centre_frozen_ord,gaussian_postrelu,1,train_probe,centre_frozen,ordinary,min,0.0042383440023778035,0.005613650681616844,0.05376429370657651,0.05732445697094161,0.28199496877620295,0.28585246624628036,0.6586672908532406,0.6490049138781844,0.001335102661602288,0.0022045122229768107
gaussian_s1_train_centre_frozen_rel,gaussian_postrelu,1,train_probe,centre_frozen,relative,top1,0.016511341286368948,0.03673888536052037,0.15630975123485977,0.1623440891973994,0.3467383517092974,0.3445383049878994,0.4775335945811512,0.4516500793622025,0.002906961188322619,0.0047286410919783915
gaussian_s1_train_centre_frozen_rel,gaussian_postrelu,1,train_probe,centre_frozen,relative,top2,0.010061630284319199,0.021016138209590442,0.1227391335550408,0.1267781917266912,0.34849395024330726,0.3512283726898697,0.5153493341396111,0.4949449532349791,0.0033559517777215124,0.006032344138869561
gaussian_s1_train_centre_frozen_rel,gaussian_postrelu,1,train_probe,centre_frozen,relative,min,0.007318601714119227,0.011302772037990513,0.061607064567176455,0.06685075653004825,0.28629577361727887,0.28908468653076663,0.6410040220448529,0.6263111720754194,0.0037745380565726333,0.006450612825775252
gaussian_s1_train_saved_ord,gaussian_postrelu,1,train_probe,saved,ordinary,top1,0.00467093659983019,0.007495486019403168,0.133798597155699,0.1403063497868313,0.3392499766046948,0.34448249823226645,0.5212289782468761,0.5059587668364804,0.001051511392899799,0.0017568991250186763
gaussian_s1_train_saved_ord,gaussian_postrelu,1,train_probe,saved,ordinary,top2,0.0035337368720534577,0.00483616433442441,0.109509178587652,0.11261403605767904,0.3289206105260821,0.3359235849444316,0.556971453940994,0.5447574304632932,0.0010650200732183674,0.0018687842001718108
gaussian_s1_train_saved_ord,gaussian_postrelu,1,train_probe,saved,ordinary,min,0.003763198792495505,0.0051665520204762045,0.05767634736019399,0.06129685799009311,0.2638132762803896,0.2692415508750715,0.673518832645628,0.6620944651301591,0.0012283449212929145,0.0022005739842000803
gaussian_s1_train_saved_rel,gaussian_postrelu,1,train_probe,saved,relative,top1,0.018742260978131326,0.04293900711213038,0.14691940131223563,0.1519819620405578,0.35042465296014985,0.34705420236151224,0.4809915727321788,0.4532427791894995,0.002922112017304357,0.004782049296300043
gaussian_s1_train_saved_rel,gaussian_postrelu,1,train_probe,saved,relative,top2,0.00957994175557102,0.01935912885595344,0.1209460090126026,0.12499120239996529,0.3413652734559328,0.3448265562537274,0.5247715344519298,0.5047576596615796,0.0033372413239637307,0.006065452828774298
gaussian_s1_train_saved_rel,gaussian_postrelu,1,train_probe,saved,relative,min,0.00624769161608514,0.009979150861472384,0.0652548990537829,0.07069388570546245,0.27734994399604807,0.2822471318209863,0.647150604163216,0.629831849913652,0.003996861170867952,0.007247981698426818
gaussian_s2_test_centre_frozen_ord,gaussian_postrelu,2,test_probe,centre_frozen,ordinary,top1,0.0028517183799715005,0.0041743699376489436,0.0736402438827009,0.07914330756469187,0.2525250350341948,0.25328548961471337,0.6696870865180354,0.661256487806898,0.0012959161850972652,0.002140345076047682
gaussian_s2_test_centre_frozen_ord,gaussian_postrelu,2,test_probe,centre_frozen,ordinary,top2,0.002864587869094493,0.005191860879751921,0.09617254972161952,0.10303382628667532,0.3335412522475672,0.33191771725693986,0.566009227952692,0.5574028940634081,0.001412382209026678,0.002453701513224712
gaussian_s2_test_centre_frozen_ord,gaussian_postrelu,2,test_probe,centre_frozen,ordinary,min,0.003708539850953309,0.005698136866329209,0.04078629612017954,0.044619062865531404,0.24153264397083493,0.2438403622773915,0.7130542827269195,0.704229398828684,0.0009182373311126798,0.0016130391620638636
gaussian_s2_test_centre_frozen_rel,gaussian_postrelu,2,test_probe,centre_frozen,relative,top1,0.006939781836925172,0.01138598216504517,0.0870281308337548,0.09482805322467897,0.25231259358254726,0.25149422245478276,0.6501220949649783,0.636104805086233,0.003597398781794393,0.00618693706926008
gaussian_s2_test_centre_frozen_rel,gaussian_postrelu,2,test_probe,centre_frozen,relative,top2,0.012551503464737108,0.025826572092967143,0.11037720158864966,0.11731067981018864,0.30912901582837427,0.30239731299049966,0.563728187620755,0.5470505102956329,0.004214091497483956,0.007414924810711619
gaussian_s2_test_centre_frozen_rel,gaussian_postrelu,2,test_probe,centre_frozen,relative,min,0.0073171177435784225,0.012286342052980181,0.04846470596536665,0.05345068208304872,0.2456723028788563,0.2470652634177779,0.6956515226143762,0.6819453753209116,0.0028943507978224266,0.0052523371252816255
gaussian_s2_test_saved_ord,gaussian_postrelu,2,test_probe,saved,ordinary,top1,0.0028733608055149925,0.004182522660278223,0.0701972636411847,0.07567779524165746,0.2564649157924568,0.2574002566660288,0.6692269698240433,0.6606765561401096,0.0012374899368003858,0.0020628692919259124
gaussian_s2_test_saved_ord,gaussian_postrelu,2,test_probe,saved,ordinary,top2,0.002411120250183654,0.0037171872404127516,0.09174993184412816,0.09902043924258823,0.3616734441273465,0.3641147263889949,0.5425150122355712,0.5304876837466057,0.001650491542770594,0.002659963381398299
gaussian_s2_test_saved_ord,gaussian_postrelu,2,test_probe,saved,ordinary,min,0.005298848007115189,0.008569954746776276,0.047983182614998045,0.05279316473700756,0.2552417857665625,0.25739399658599593,0.6904505841337034,0.679422947320498,0.0010255994776208201,0.0018199366097223701
gaussian_s2_test_saved_rel,gaussian_postrelu,2,test_probe,saved,relative,top1,0.006929139938574402,0.011337112693959456,0.08399102761119066,0.0917922889495255,0.2569552224698649,0.25629300997666615,0.6486292414381393,0.6345067209677477,0.0034953685422306753,0.006070867412101205
gaussian_s2_test_saved_rel,gaussian_postrelu,2,test_probe,saved,relative,top2,0.010015800790913677,0.019407242848556234,0.12342673978170121,0.13326168899952104,0.36455054050571145,0.35883344514209725,0.49775816054372124,0.481292021082156,0.004248758377952464,0.007205601927669545
gaussian_s2_test_saved_rel,gaussian_postrelu,2,test_probe,saved,relative,min,0.011230878289933546,0.019899769434889334,0.05880490067715708,0.06491126767375321,0.26126145531451916,0.26134077003202083,0.6654390260202664,0.6478964339041628,0.0032637396981237484,0.005951758955173739
gaussian_s2_train_centre_frozen_ord,gaussian_postrelu,2,train_probe,centre_frozen,ordinary,top1,0.0026966523494216933,0.004069370123326744,0.09304123235947544,0.0995854637960857,0.2756104433228432,0.2764302604553138,0.6273248942229607,0.6177744351755933,0.0013267777452990255,0.0021404704496805734
gaussian_s2_train_centre_frozen_ord,gaussian_postrelu,2,train_probe,centre_frozen,ordinary,top2,0.0016255634424488677,0.002513826735760267,0.09218728671727008,0.0989172214312964,0.3747143071180479,0.3767326296782825,0.5286432366410666,0.5176531195725503,0.002829606081166486,0.004183202582110515
gaussian_s2_train_centre_frozen_ord,gaussian_postrelu,2,train_probe,centre_frozen,ordinary,min,0.004845192357905398,0.007741442635731784,0.06578789419479793,0.07101637997493948,0.2915333339125437,0.2923907653254246,0.6369627713594727,0.6274332771389214,0.0008708081752802156,0.0014181349249828069
gaussian_s2_train_centre_frozen_rel,gaussian_postrelu,2,train_probe,centre_frozen,relative,top1,0.0070678948723626915,0.011757950569117765,0.10854339087350123,0.11724056599675689,0.2759525540543563,0.27515076745132316,0.6049379896325616,0.5899507093544962,0.0034981705672180886,0.005900006628306
gaussian_s2_train_centre_frozen_rel,gaussian_postrelu,2,train_probe,centre_frozen,relative,top2,0.00433554857332847,0.007751422224617167,0.10529009919620376,0.11379334167829483,0.37406257623371625,0.37297097770842724,0.5101405051168957,0.49608696889864207,0.006171270879855847,0.009397289490018645
gaussian_s2_train_centre_frozen_rel,gaussian_postrelu,2,train_probe,centre_frozen,relative,min,0.009065942298170296,0.015715592840180967,0.07559732698287569,0.08231345286493016,0.29491952891307344,0.29393512036168884,0.6180359392101699,0.6039643485550084,0.0023812625957106634,0.0040714853781917085
gaussian_s2_train_saved_ord,gaussian_postrelu,2,train_probe,saved,ordinary,top1,0.002918692064087035,0.004427680065220401,0.09508679955218136,0.10186934561498383,0.2812097873307364,0.2821128440040369,0.6195606072689993,0.6095640874283474,0.001224113783995727,0.0020260428874113215
gaussian_s2_train_saved_ord,gaussian_postrelu,2,train_probe,saved,ordinary,top2,0.0013993491207004206,0.0021494724578619844,0.0941280414935408,0.10109921924003583,0.38067939905500864,0.38267000823655156,0.5209718314515589,0.5099862570019504,0.002821378879191276,0.004095043063600331
gaussian_s2_train_saved_ord,gaussian_postrelu,2,train_probe,saved,ordinary,min,0.0062000063272415334,0.009110652888252892,0.0547991095794136,0.05995324685691119,0.27515035400747584,0.27803785527700053,0.6631005134071811,0.6516440938016238,0.0007500166786879186,0.001254151176211545
gaussian_s2_train_saved_rel,gaussian_postrelu,2,train_probe,saved,relative,top1,0.007741963248529318,0.012920615668390017,0.1116393287631912,0.12071797795285732,0.28341980385152127,0.28247192791720077,0.5938042334278746,0.5780853263653283,0.0033946707088837115,0.005804152096223563
gaussian_s2_train_saved_rel,gaussian_postrelu,2,train_probe,saved,relative,top2,0.0034787282975900593,0.006258713672167505,0.10723131194984624,0.11601718125150608,0.3795580026382647,0.37871320603945346,0.503771700995132,0.490068835160166,0.005960256119166908,0.008942063876706905
gaussian_s2_train_saved_rel,gaussian_postrelu,2,train_probe,saved,relative,min,0.011259459861741828,0.018165900561681554,0.06445098328842548,0.07105735701964129,0.28346682116630384,0.2846696837225897,0.6386621684012459,0.6223318538846175,0.0021605672822830007,0.0037752048114699263
gaussian_s3_test_centre_frozen_ord,gaussian_postrelu,3,test_probe,centre_frozen,ordinary,top1,0.002928013803682235,0.006375802891906516,0.0883503206503133,0.09518279733883539,0.3620951803817837,0.36655398849309034,0.5455143948083127,0.5300106673351735,0.0011120903559081608,0.0018767439409943065
gaussian_s3_test_centre_frozen_ord,gaussian_postrelu,3,test_probe,centre_frozen,ordinary,top2,0.0064641140083260265,0.011507543847951803,0.16277776030543886,0.17084126228451588,0.38234292509648726,0.38304194963297983,0.44672100406638143,0.4319640157791498,0.0016941965233663798,0.0026452284554026326
gaussian_s3_test_centre_frozen_ord,gaussian_postrelu,3,test_probe,centre_frozen,ordinary,min,0.0032787615325098633,0.00496675196132382,0.06087371814664876,0.06406722402257457,0.3330779193775693,0.3387257493724571,0.6017686971395524,0.5905053448117206,0.0010009038037196623,0.0017349298319239545
gaussian_s3_test_centre_frozen_rel,gaussian_postrelu,3,test_probe,centre_frozen,relative,top1,0.02297819945419379,0.06577064364054946,0.10224971077230548,0.1068839650335573,0.3659559333247936,0.35403743440705426,0.5056907609297534,0.4681766705029837,0.003125395518953868,0.005131286415855271
gaussian_s3_test_centre_frozen_rel,gaussian_postrelu,3,test_probe,centre_frozen,relative,top2,0.03065972028149878,0.0776684609513396,0.18021166884148318,0.1813167558117133,0.39524011158000627,0.37778124223702714,0.3898219619162682,0.3569102263848502,0.004066537380743492,0.0063233146150697694
gaussian_s3_test_centre_frozen_rel,gaussian_postrelu,3,test_probe,centre_frozen,relative,min,0.005974235510023358,0.010444567294672734,0.06817141829744042,0.07236172666769754,0.3408079863284412,0.34551378584988235,0.5819419771051025,0.5661363712278042,0.0031043827589925157,0.005543548959943061
gaussian_s3_test_saved_ord,gaussian_postrelu,3,test_probe,saved,ordinary,top1,0.0026914954922499235,0.005760759742739216,0.08314826436147603,0.08953798353762256,0.3497624013892381,0.35435057703601264,0.5632935803564845,0.5484792141875429,0.001104258400551462,0.0018714654960826744
gaussian_s3_test_saved_ord,gaussian_postrelu,3,test_probe,saved,ordinary,top2,0.005661556044371967,0.010525170865198923,0.15207232697488768,0.15959687807581016,0.3892077820067603,0.3906329588107509,0.4512269669370264,0.436435550042075,0.00183136803695373,0.002809442206164919
gaussian_s3_test_saved_ord,gaussian_postrelu,3,test_probe,saved,ordinary,min,0.0031683149035657645,0.005042471239418409,0.061307536708360214,0.06547817377944166,0.3387211944730233,0.3434247606168725,0.5958613947967405,0.5844291426928164,0.000941559118310332,0.0016254516714511163
gaussian_s3_test_saved_rel,gaussian_postrelu,3,test_probe,saved,relative,top1,0.020049098044126152,0.05713557236921525,0.09676281086642216,0.10172004479013522,0.35517786575295907,0.3459781641156001,0.5248756893176656,0.48996931228882173,0.0031345360188269455,0.005196906436227724
gaussian_s3_test_saved_rel,gaussian_postrelu,3,test_probe,saved,relative,top2,0.03151790322519398,0.08327270463753463,0.16947601021987496,0.16958276149916643,0.4065666116196573,0.38713034269496854,0.38825303713174,0.35361771246054097,0.004186437803533779,0.006396478707789508
gaussian_s3_test_saved_rel,gaussian_postrelu,3,test_probe,saved,relative,min,0.0060994053455869545,0.011018241138719381,0.07088371243626042,0.07626394297650378,0.3451674293538109,0.348643405677847,0.5749622926135978,0.5589400700761198,0.0028871602507440264,0.00513434013081004
gaussian_s3_train_centre_frozen_ord,gaussian_postrelu,3,train_probe,centre_frozen,ordinary,top1,0.0030713833555288737,0.006031116403425151,0.0975066394113277,0.10514513609216473,0.35047800068038293,0.35502787744617775,0.5478223391109601,0.5318782867947551,0.001121637441800314,0.0019175832634772613
gaussian_s3_train_centre_frozen_ord,gaussian_postrelu,3,train_probe,centre_frozen,ordinary,top2,0.004244631477684233,0.008642961054364144,0.14235356943047453,0.1496033049106307,0.45782211274731244,0.4593879975499452,0.3933249074349695,0.37906314476751135,0.002254778909559327,0.0033025917175486083
gaussian_s3_train_centre_frozen_ord,gaussian_postrelu,3,train_probe,centre_frozen,ordinary,min,0.007465218401501726,0.0108668152403858,0.05128969820883057,0.0552406503455166,0.27676061150565,0.2786089247173911,0.6634140421017107,0.653416873072418,0.0010704297823069537,0.0018667366242884008
gaussian_s3_train_centre_frozen_rel,gaussian_postrelu,3,train_probe,centre_frozen,relative,top1,0.01980463477109806,0.053833994319376494,0.11269631339725142,0.11891923200848249,0.3539670203980343,0.34553718082204254,0.5102694650064761,0.4762753883111152,0.0032625664271401867,0.0054342045389833
gaussian_s3_train_centre_frozen_rel,gaussian_postrelu,3,train_probe,centre_frozen,relative,top2,0.030906872774050544,0.08612407604549249,0.1603370694411686,0.16021620202948575,0.4604354180490183,0.4361638334716323,0.34367027516991017,0.31072222743858713,0.0046503645658525,0.006773661014802309
gaussian_s3_train_centre_frozen_rel,gaussian_postrelu,3,train_probe,centre_frozen,relative,min,0.012263368222602804,0.019392802413184678,0.05925310993016579,0.06451921114368539,0.28069318590335757,0.28110022224546144,0.6443907032407988,0.6289350177495016,0.0033996327030749868,0.0060527464481670125
gaussian_s3_train_saved_ord,gaussian_postrelu,3,train_probe,saved,ordinary,top1,0.0030619593175494567,0.006064603478139656,0.0927273169308239,0.09993646261737607,0.34076898727602906,0.34523416121470807,0.5623380788712515,0.5468797758104248,0.0011036576043461687,0.001884996879351371
gaussian_s3_train_saved_ord,gaussian_postrelu,3,train_probe,saved,ordinary,top2,0.0044941286223892365,0.009276218556914939,0.13892141980929837,0.14585300000875434,0.4538143575875318,0.45547520726156193,0.40045237505983844,0.38600921825377693,0.00231771892094223,0.003386355918991824
gaussian_s3_train_saved_ord,gaussian_postrelu,3,train_probe,saved,ordinary,min,0.006614604339550507,0.009865481356013457,0.05664563544499238,0.060885954146109186,0.278785716333983,0.281584376227563,0.6567556489068141,0.6455507974254838,0.0011983949746597706,0.0021133908448305264
gaussian_s3_train_saved_rel,gaussian_postrelu,3,train_probe,saved,relative,top1,0.019755220076703224,0.053744530624207525,0.10680736954320502,0.11267737111145433,0.344474664983854,0.3364903214083798,0.5257624167401952,0.4917412482343021,0.0032003286560425767,0.005346528621656276
gaussian_s3_train_saved_rel,gaussian_postrelu,3,train_probe,saved,relative,top2,0.03291173585365702,0.09133203302385802,0.15658063061978397,0.1558388547432057,0.45598956042578115,0.43065592278831905,0.349751357479427,0.31528753022152806,0.00476671562135097,0.0068856592230891805
gaussian_s3_train_saved_rel,gaussian_postrelu,3,train_probe,saved,relative,min,0.011270622967131164,0.01871458553882836,0.06472723524557346,0.07027462154309981,0.2846289221453518,0.28583545907698904,0.6355303736593613,0.6182837753221937,0.0038428459825823836,0.00689155851888907
gaussian_s4_test_centre_frozen_ord,gaussian_postrelu,4,test_probe,centre_frozen,ordinary,top1,0.0036037723646660633,0.006629262237607386,0.05982641888834005,0.06399529829470568,0.3833734422850898,0.3844860447867259,0.5521558850134013,0.5432054585044139,0.0010404814485027052,0.0016839361765471322
gaussian_s4_test_centre_frozen_ord,gaussian_postrelu,4,test_probe,centre_frozen,ordinary,top2,0.0012107937769643923,0.0020374474884638843,0.0488802223064355,0.05245848892153314,0.4256442696935298,0.42979190386313604,0.5227950288717369,0.5132858556606043,0.0014696853513333024,0.0024263040662626336
gaussian_s4_test_centre_frozen_ord,gaussian_postrelu,4,test_probe,centre_frozen,ordinary,min,0.004394251028096647,0.005415141869174589,0.06238998875376579,0.06701148957033878,0.376891284242446,0.3771117068353122,0.5554430484647601,0.5489983424536732,0.0008814275109314433,0.0014633192715012957
gaussian_s4_test_centre_frozen_rel,gaussian_postrelu,4,test_probe,centre_frozen,relative,top1,0.016897097075893885,0.03792362935714959,0.07182443887338866,0.07730163184060802,0.3860687041350671,0.37941607408945227,0.5224722910452793,0.5007578448964809,0.0027374688703710836,0.004600819816309228
gaussian_s4_test_centre_frozen_rel,gaussian_postrelu,4,test_probe,centre_frozen,relative,top2,0.0046735067917225365,0.010910276852692285,0.06294344938247193,0.06837393258952004,0.4287793032823863,0.42903354834605845,0.4996464954127169,0.4849035451708596,0.003957245130702426,0.006778697040869601
gaussian_s4_test_centre_frozen_rel,gaussian_postrelu,4,test_probe,centre_frozen,relative,min,0.005981588036504229,0.009728953717551093,0.0760030291902437,0.0824400598597863,0.38449952337588633,0.38430579509639134,0.5311726452230685,0.5194202972357328,0.0023432141742972946,0.004104894090538472
gaussian_s4_test_saved_ord,gaussian_postrelu,4,test_probe,saved,ordinary,top1,0.004037636938927613,0.007401257471248146,0.0636563292203984,0.06806222609919177,0.38917708002702367,0.39026140624627886,0.5421666703093565,0.5326839532994316,0.0009622835042937722,0.0015911568838496463
gaussian_s4_test_saved_ord,gaussian_postrelu,4,test_probe,saved,ordinary,top2,0.0017530275635503458,0.0025032839107965443,0.06466932307883072,0.06947615586415669,0.33282515714535804,0.3370593408749159,0.5989999837929825,0.588094694234979,0.001752508419278243,0.0028665251151519483
gaussian_s4_test_saved_ord,gaussian_postrelu,4,test_probe,saved,ordinary,min,0.0018766858650372039,0.0030426944009086087,0.06948836069874892,0.07337174696960383,0.3412606562059327,0.3441026260851869,0.5867195499689195,0.5783307123083754,0.0006547472613615772,0.0011522202359252433
gaussian_s4_test_saved_rel,gaussian_postrelu,4,test_probe,saved,relative,top1,0.019069748331053817,0.04302111235498576,0.07616033190648083,0.08171660324491643,0.39096106848735485,0.3829794125504284,0.5111727614419443,0.48780494391155865,0.0026360898331660733,0.004477927938110729
gaussian_s4_test_saved_rel,gaussian_postrelu,4,test_probe,saved,relative,top2,0.004730637027560409,0.01009122374100218,0.07984848544072862,0.08697205991857977,0.34013326790562176,0.34279980750926214,0.5705557152531074,0.5521787424625813,0.004731894372981775,0.007958166368574613
gaussian_s4_test_saved_rel,gaussian_postrelu,4,test_probe,saved,relative,min,0.00442042792510817,0.009646347102662501,0.08066056819152825,0.0865248166068188,0.3538829203878993,0.3548729563196804,0.5590226238615599,0.5453597741221349,0.0020134596339045625,0.003596105848703321
gaussian_s4_train_centre_frozen_ord,gaussian_postrelu,4,train_probe,centre_frozen,ordinary,top1,0.0030814705054349367,0.005803418286511786,0.06536906965041238,0.06983806604027398,0.3928657301220313,0.3933169903752548,0.5377068585739574,0.5294487944051939,0.0009768711481640939,0.0015927308927655077
gaussian_s4_train_centre_frozen_ord,gaussian_postrelu,4,train_probe,centre_frozen,ordinary,top2,0.0014626779411457337,0.0023555710104727636,0.03950894374316427,0.04170709331568467,0.42571408639305097,0.43197107077310015,0.5306714024051754,0.5201268681538762,0.002642889517463593,0.0038393967468661437
gaussian_s4_train_centre_frozen_ord,gaussian_postrelu,4,train_probe,centre_frozen,ordinary,min,0.003729705985845085,0.00577506238695453,0.07118995371762973,0.07549832885278243,0.2652445893158999,0.26787792625414486,0.6584911814773446,0.6485416075446951,0.0013445695032806633,0.00230707496142297
gaussian_s4_train_centre_frozen_rel,gaussian_postrelu,4,train_probe,centre_frozen,relative,top1,0.015582900284707915,0.036882558124323166,0.07742865767298386,0.08316162683498456,0.39460895655632133,0.38678186897859074,0.5097763613110803,0.4887879255213761,0.002603124174906586,0.004386020540725435
gaussian_s4_train_centre_frozen_rel,gaussian_postrelu,4,train_probe,centre_frozen,relative,top2,0.006491415715515616,0.017150194629491328,0.04276846289817788,0.045750792929587426,0.4416960255227397,0.44413173337828477,0.5034528176556484,0.4848216232185122,0.005591278207918344,0.008145655844124284
gaussian_s4_train_centre_frozen_rel,gaussian_postrelu,4,train_probe,centre_frozen,relative,min,0.007513685181406881,0.015258626650982592,0.08021114867670577,0.08596448292409614,0.268710961653359,0.26922525434147326,0.6394167713793069,0.6221411824418225,0.00414743310922152,0.007410453641625372
gaussian_s4_train_saved_ord,gaussian_postrelu,4,train_probe,saved,ordinary,top1,0.0035301198551245406,0.006473730030917273,0.0692253597550633,0.07401903159729223,0.40080322498071114,0.40083928625073423,0.5255232271706468,0.5171466963557312,0.0009180682384541553,0.0015212557653250405
gaussian_s4_train_saved_ord,gaussian_postrelu,4,train_probe,saved,ordinary,top2,0.0012955891890943853,0.0020703466831842473,0.04146019930569602,0.043870430787664234,0.38847519591152907,0.3948816921188709,0.5663287553849261,0.5555497495875273,0.0024402602087544084,0.0036277808227534007
gaussian_s4_train_saved_ord,gaussian_postrelu,4,train_probe,saved,ordinary,min,0.0017989733116639411,0.002689209574683962,0.038219440437184324,0.040389069589931145,0.2359400028462912,0.23956212112870795,0.7231337142329137,0.7157185193505529,0.0009078691719466823,0.001641080356124102
gaussian_s4_train_saved_rel,gaussian_postrelu,4,train_probe,saved,relative,top1,0.016966035437370984,0.039351439465213474,0.08197380211812176,0.08802197684484667,0.400934637781352,0.39202876498423417,0.4975997062857863,0.4763120769175527,0.0025258183773688744,0.004285741788153019
gaussian_s4_train_saved_rel,gaussian_postrelu,4,train_probe,saved,relative,top2,0.005186894498846831,0.01305961982502899,0.045869582052155265,0.04927538493574168,0.40644575787571047,0.41066115700273115,0.5370641118327435,0.51885143345985,0.005433653740543975,0.008152404776648137
gaussian_s4_train_saved_rel,gaussian_postrelu,4,train_probe,saved,relative,min,0.0034215632729979748,0.006746641676322276,0.042401944284955036,0.04574657905645387,0.24097478333846029,0.24395362032208007,0.7101865173681114,0.6980328445710186,0.0030151917354752636,0.005520314374125311
plain_s0_test_centre_frozen_ord,plain,0,test_probe,centre_frozen,ordinary,top1,0.0012998431413116223,0.001456118178115112,0.13160359465819535,0.14648097278166633,0.3755144724037146,0.37519929377137734,0.49109061812917204,0.47592757786569173,0.0004914716676063313,0.00093603740314944
plain_s0_test_centre_frozen_ord,plain,0,test_probe,centre_frozen,ordinary,top2,0.001685476532437125,0.001991548847786053,0.11476833009542836,0.125222022139917,0.35861514259023997,0.3606603702301787,0.52439264060475,0.5110313665606578,0.0005384101771444812,0.0010946922214604114
plain_s0_test_centre_frozen_ord,plain,0,test_probe,centre_frozen,ordinary,min,0.004095444137663336,0.005059962264500235,0.07092364037169605,0.07812457814308384,0.3822770057299973,0.3836241494495573,0.5423135266985837,0.5323884282149838,0.0003903830620596461,0.0008028819278749145
plain_s0_test_centre_frozen_rel,plain,0,test_probe,centre_frozen,relative,top1,0.0016920698985005219,0.0019640067130500204,0.16705716999924244,0.1861641435379225,0.3764527320049428,0.3742814795513821,0.45302564806628226,0.4342195165468113,0.0017723800310319759,0.0033708536508340508
plain_s0_test_centre_frozen_rel,plain,0,test_probe,centre_frozen,relative,top2,0.0025321008265284262,0.003230706957019484,0.14244225698930016,0.15555374104879935,0.3605639563497793,0.3617546390398351,0.49225531843828,0.47490810692916025,0.0022063673961121915,0.0045528060251857705
plain_s0_test_centre_frozen_rel,plain,0,test_probe,centre_frozen,relative,min,0.005888743684159462,0.007567602726380488,0.08780954502451611,0.09723224220507407,0.38420896242114905,0.3849531422960798,0.5204108432875113,0.5067205346819598,0.001681905582664041,0.003526478090505905
plain_s0_test_saved_ord,plain,0,test_probe,saved,ordinary,top1,0.00120964098820404,0.0013495220129889102,0.1316997440899409,0.14664818839614405,0.37570626451896216,0.3753909252153829,0.4908962159540203,0.4756742455557649,0.0004881344488726919,0.0009371188197192619
plain_s0_test_saved_ord,plain,0,test_probe,saved,ordinary,top2,0.001996709412279521,0.0022486724566770553,0.14010242943615123,0.15082208669905478,0.30790907075005536,0.30763816792215565,0.5493927549393942,0.5380407256554772,0.000599035462119602,0.001250347266635354
plain_s0_test_saved_ord,plain,0,test_probe,saved,ordinary,min,0.0037075576010230458,0.004474326228514262,0.06382916466869228,0.06998292258491495,0.41537751024931424,0.41718722193578267,0.5167046022695818,0.5075514900186104,0.0003811652113885488,0.0008040392321776624
plain_s0_test_saved_rel,plain,0,test_probe,saved,relative,top1,0.0015678231347079111,0.0018122528672000113,0.16750052533896972,0.18672753349765123,0.3769259357905873,0.37469656957621494,0.45221834604311884,0.43333547849897913,0.0017873696926162135,0.0034281655599547973
plain_s0_test_saved_rel,plain,0,test_probe,saved,relative,top2,0.0027431455278760473,0.0033578387869270566,0.16882159023025464,0.18278528366542546,0.3142507337293901,0.31321408701120523,0.5116827802513567,0.49537415223952247,0.002501750261122413,0.005268638296919816
plain_s0_test_saved_rel,plain,0,test_probe,saved,relative,min,0.004942393130833585,0.006373640745662858,0.07632067696492317,0.08403890586483743,0.4218558533579513,0.4233623176481288,0.49514451075540733,0.48251285631211005,0.0017365657908846332,0.0037122794292608835
plain_s0_train_centre_frozen_ord,plain,0,train_probe,centre_frozen,ordinary,top1,0.0009193114856383994,0.0010245455047829329,0.1280013917166309,0.1425295608687374,0.40055918911903393,0.39987338342834716,0.4700036598244762,0.45560069908724404,0.0005164478542204864,0.0009718111108884658
plain_s0_train_centre_frozen_ord,plain,0,train_probe,centre_frozen,ordinary,top2,0.0015608476674800296,0.0018331374190344483,0.08907936338923236,0.09696053596207896,0.35597424639414754,0.3596457406952806,0.5527628923951424,0.5403251674119575,0.0006226501539977262,0.0012354185116486248
plain_s0_train_centre_frozen_ord,plain,0,train_probe,centre_frozen,ordinary,min,0.004955989406692445,0.0057255148349835885,0.06428479011913958,0.07089386056020934,0.2443739364482333,0.2449605561199071,0.685849406069042,0.6773109616952256,0.0005358779568927499,0.00110910678967434
plain_s0_train_centre_frozen_rel,plain,0,train_probe,centre_frozen,relative,top1,0.0011862747765513967,0.0013873812555917381,0.16198039121183722,0.18042534828038115,0.40108049589171685,0.39881167388868777,0.4339325909056897,0.4159800862632411,0.0018202472142048968,0.0033955103120983264
plain_s0_train_centre_frozen_rel,plain,0,train_probe,centre_frozen,relative,top2,0.002261781433550596,0.002916100781911396,0.10777575292326717,0.11758589730929996,0.3615559867616481,0.36504484161404166,0.5259697536795416,0.5095351562667604,0.0024367252019924543,0.00491800402798664
plain_s0_train_centre_frozen_rel,plain,0,train_probe,centre_frozen,relative,min,0.006328250881172556,0.007898962936210022,0.07698556703247941,0.08519342271690708,0.2430070063381305,0.24354084460240788,0.6713215779375227,0.6584484721031716,0.0023575978106946836,0.0049182976413034004
plain_s0_train_saved_ord,plain,0,train_probe,saved,ordinary,top1,0.0008871960202163706,0.0009936005795803035,0.13156231999513918,0.14645990988263488,0.40569520331361625,0.40469470400784746,0.4613367058018005,0.4468756457363992,0.0005185748692277249,0.0009761397935380753
plain_s0_train_saved_ord,plain,0,train_probe,saved,ordinary,top2,0.0016661411084145845,0.0019265785017648141,0.09489145324246044,0.1026802493321328,0.3485907625862214,0.35168398955166197,0.5542348647419328,0.5424877953230076,0.0006167783209706705,0.0012213872914327714
plain_s0_train_saved_ord,plain,0,train_probe,saved,ordinary,min,0.005812171485941326,0.006703890521893968,0.08747618002690136,0.09531760164317965,0.5168150122279309,0.5182506459114942,0.38957676068823854,0.3790747880435466,0.00031987557098781693,0.0006530738798857371
plain_s0_train_saved_rel,plain,0,train_probe,saved,relative,top1,0.0011511348108353989,0.0013392617729625625,0.16638852549351016,0.1852474284106424,0.4055208364608323,0.402858340739553,0.4251107884837551,0.40714548081075114,0.0018287147510670906,0.0034094882660908234
plain_s0_train_saved_rel,plain,0,train_probe,saved,relative,top2,0.0023469953205298272,0.0029784902846143923,0.11353804700948783,0.1233239393030373,0.3533341412384982,0.35622563867676893,0.5283816154367476,0.5126224056389806,0.0023992009947365936,0.004849526096598686
plain_s0_train_saved_rel,plain,0,train_probe,saved,relative,min,0.0072579256303729875,0.008899872193600632,0.10153778920146589,0.11085744427827839,0.5227590134778825,0.5227404530483178,0.367078080682175,0.35469377859903284,0.0013671910081036443,0.0028084518807702866
plain_s1_test_centre_frozen_ord,plain,1,test_probe,centre_frozen,ordinary,top1,0.005489230141357891,0.0072101350806338125,0.18142743063764052,0.18780294930927388,0.3764909556215961,0.3805168941508579,0.43607837814327116,0.4234973827637272,0.0005140054561342559,0.0009726386955071296
plain_s1_test_centre_frozen_ord,plain,1,test_probe,centre_frozen,ordinary,top2,0.0027147460048546437,0.003337193870028917,0.09758383026443306,0.10460035334615839,0.4171547506836835,0.41858877019426816,0.4821283898181153,0.47260546081649163,0.000418283228913541,0.0008682217730528989
plain_s1_test_centre_frozen_ord,plain,1,test_probe,centre_frozen,ordinary,min,0.004622103183653978,0.005487204532437747,0.07508648284810808,0.08077061393821788,0.36036862595200064,0.3616530165203147,0.5595049661457036,0.5512427208360086,0.00041782187053368314,0.0008464441730210318
plain_s1_test_centre_frozen_rel,plain,1,test_probe,centre_frozen,relative,top1,0.00983185022742485,0.013461218068107631,0.1951481914722485,0.20382581893922044,0.38508471927869853,0.3879676490190875,0.4081020365582178,0.3913005932403768,0.0018332024634102667,0.0034447207332076084
plain_s1_test_centre_frozen_rel,plain,1,test_probe,centre_frozen,relative,top2,0.004436400810138639,0.00611709984601705,0.1164369112777462,0.12565251668552543,0.42038378662559905,0.4205398216861124,0.45693500779736956,0.44392988355727137,0.0018078934891467115,0.003760678225073706
plain_s1_test_centre_frozen_rel,plain,1,test_probe,centre_frozen,relative,min,0.006413774432643983,0.008420821609841516,0.08540750841254997,0.09291839346226477,0.36462476973649194,0.3653418228090606,0.5418073210564498,0.5297145143712376,0.0017466263618642504,0.0036044477475955326
plain_s1_test_saved_ord,plain,1,test_probe,saved,ordinary,top1,0.004485952862191548,0.0055004636219628715,0.11214938715867397,0.1161609861748851,0.3905720831700361,0.39618325041108976,0.4923361993920065,0.48126155994938097,0.00045637741709191,0.0008937398426812714
plain_s1_test_saved_ord,plain,1,test_probe,saved,ordinary,top2,0.0040541461709558725,0.0055351609030010705,0.16066619190007875,0.17003329943923462,0.4038108783045379,0.40401760555781574,0.4310088976420313,0.4194865099129686,0.0004598859823962303,0.000927424186980024
plain_s1_test_saved_ord,plain,1,test_probe,saved,ordinary,min,0.004558091584145731,0.005357332642741938,0.07663006836432511,0.08241073606316582,0.3619919888414634,0.3644929466170501,0.5560835750816607,0.5462328919511314,0.0007362761284050116,0.0015060927259106611
plain_s1_test_saved_rel,plain,1,test_probe,saved,relative,top1,0.009543248449448984,0.012776657565972925,0.16674689752858374,0.17315333250473203,0.3873582374458112,0.39262326693815813,0.43456457716999425,0.4180611327373612,0.00178703940616184,0.003385610253775754
plain_s1_test_saved_rel,plain,1,test_probe,saved,relative,top2,0.005414252852818061,0.007771624422004002,0.13815586255215573,0.1495310550119599,0.41948241414693543,0.4175247135683749,0.4351174323402779,0.42137383072491447,0.0018300381078127682,0.00379877627274671
plain_s1_test_saved_rel,plain,1,test_probe,saved,relative,min,0.0061816377284871805,0.008333019497680044,0.09043657850769887,0.09821924301226555,0.37788733159753124,0.3790850194195576,0.5223857885486677,0.5079776395709695,0.003108663617615076,0.006385078499527229
plain_s1_train_centre_frozen_ord,plain,1,train_probe,centre_frozen,ordinary,top1,0.0037832127696729697,0.005114034596846297,0.15996860621294712,0.16773346925761726,0.403126383552982,0.403993524819638,0.4325788662834537,0.4220948765256589,0.0005429311809442116,0.0010640948002395977
plain_s1_train_centre_frozen_ord,plain,1,train_probe,centre_frozen,ordinary,top2,0.003688099851006393,0.004192561457396209,0.1058014031607037,0.11001027141691135,0.4425754511463367,0.4469992368293347,0.44741940507543404,0.4378267422678606,0.0005156407665191721,0.0009711880284971299
plain_s1_train_centre_frozen_ord,plain,1,train_probe,centre_frozen,ordinary,min,0.005986570724551653,0.0062966146582094495,0.0566904055534413,0.060769589466025335,0.3287751823776237,0.331862056359217,0.6079054402405277,0.5998048958381091,0.0006424011038555138,0.0012668436784390702
plain_s1_train_centre_frozen_rel,plain,1,train_probe,centre_frozen,relative,top1,0.007328242184582609,0.01033400321772791,0.18057096330426597,0.1909708108000788,0.40125875132918654,0.40092692301154564,0.40878243748335774,0.39381152635537314,0.0020596056986071933,0.003956736615274547
plain_s1_train_centre_frozen_rel,plain,1,train_probe,centre_frozen,relative,top2,0.004917829910775791,0.006121769143584131,0.11261331422128361,0.11825108345980465,0.45485050467923765,0.45856758773269846,0.42575022519351685,0.4133921162329645,0.0018681259951860735,0.003667443430948268
plain_s1_train_centre_frozen_rel,plain,1,train_probe,centre_frozen,relative,min,0.006676855832131836,0.008051476423876098,0.06510212986387322,0.07075390365243424,0.3352449645749656,0.3374482764972293,0.5904266863110308,0.5786050267542189,0.0025493634179984902,0.0051413166722415
plain_s1_train_saved_ord,plain,1,train_probe,saved,ordinary,top1,0.0034344134229629944,0.004527223255152803,0.11914150310094075,0.12665702272494989,0.4342712960777948,0.4343677315512731,0.4426695428148176,0.4334651707877798,0.00048324458348394657,0.00098285168084436
plain_s1_train_saved_ord,plain,1,train_probe,saved,ordinary,top2,0.00471591672999599,0.005679536599833558,0.1340894315161785,0.13810957216527056,0.40994471801877896,0.41565392827211106,0.4507139587831659,0.4395612806112778,0.0005359749518806917,0.0009956823515070423
plain_s1_train_saved_ord,plain,1,train_probe,saved,ordinary,min,0.006219368863944602,0.006219045181861203,0.05648968064251268,0.06092973116306714,0.3876058694443628,0.3902363126581051,0.5490564755459854,0.5414359633210685,0.0006286055031946366,0.0011789476758980407
plain_s1_train_saved_rel,plain,1,train_probe,saved,relative,top1,0.006555325341048594,0.009296191386044072,0.14375848421742854,0.15409863893593007,0.4281282831205932,0.42633575622213776,0.4195586620259456,0.4062469529273086,0.001999245294983944,0.004022460528579491
plain_s1_train_saved_rel,plain,1,train_probe,saved,relative,top2,0.0069252431761704465,0.008937974156300295,0.1360083168519073,0.14155215460268464,0.42772240689406915,0.43292178232831996,0.4274852629050774,0.4130596715561018,0.0018587701727756977,0.0035284173565933146
plain_s1_train_saved_rel,plain,1,train_probe,saved,relative,min,0.006479806457851515,0.00745008938094748,0.065437663936731,0.07149874420599409,0.3894120585201294,0.3915419661150083,0.5364111955092634,0.5251279431809875,0.002259275576024705,0.004381257117062665
plain_s2_test_centre_frozen_ord,plain,2,test_probe,centre_frozen,ordinary,top1,0.0015693571525249913,0.001828159579225537,0.08441821491540243,0.09392182522641643,0.40654860461888853,0.4114506515777249,0.5070735223658236,0.4919685787396128,0.0003903009473604978,0.0008307848770203178
plain_s2_test_centre_frozen_ord,plain,2,test_probe,centre_frozen,ordinary,top2,0.0007892482942720054,0.0009089490415151388,0.06428843803879009,0.06906441621952432,0.34392727601786766,0.34701356735064287,0.59035144523721,0.5817129607412479,0.0006435924118602564,0.001300106647069792
plain_s2_test_centre_frozen_ord,plain,2,test_probe,centre_frozen,ordinary,min,0.0028729369667693317,0.004042578268315005,0.054988960463170686,0.060243726253282434,0.342407143969844,0.3431204790112764,0.5992370973935495,0.5915149505195891,0.0004938612066664707,0.0010782659475370012
plain_s2_test_centre_frozen_rel,plain,2,test_probe,centre_frozen,relative,top1,0.0023080461994561567,0.003051845171890255,0.10717653392310135,0.12127986745901043,0.42034302154864733,0.4229789368084239,0.46842103139714014,0.4489551541438176,0.001751366931654993,0.003734196416857892
plain_s2_test_centre_frozen_rel,plain,2,test_probe,centre_frozen,relative,top2,0.0010864906640082497,0.001341595860801314,0.0760431365577312,0.08209151495827685,0.35501304363395114,0.35803912697085927,0.5651577364359465,0.5529140487888056,0.0026995927083630486,0.00561371342125706
plain_s2_test_centre_frozen_rel,plain,2,test_probe,centre_frozen,relative,min,0.005157362333994621,0.007777145215589592,0.06716829054316738,0.07463286867533465,0.34128049279999384,0.34122575564602764,0.583989695734423,0.571012829027996,0.002404158588421146,0.005351401435052186
plain_s2_test_saved_ord,plain,2,test_probe,saved,ordinary,top1,0.0014406748334203979,0.0016855029533578139,0.081037277069989,0.09016600396129763,0.41144232732746877,0.41654974910949133,0.5057000059974868,0.4907907047489497,0.0003797147716350641,0.0008080392269034824
plain_s2_test_saved_ord,plain,2,test_probe,saved,ordinary,top2,0.0007027743181865376,0.0008243242710711858,0.064113003726139,0.06860868125099263,0.3352253562341245,0.33856362880500235,0.599289251896342,0.5906603931010277,0.0006696138252079796,0.001342972571906147
plain_s2_test_saved_ord,plain,2,test_probe,saved,ordinary,min,0.0025997605804992468,0.0035610046315916314,0.050743663239748826,0.05553723845246091,0.33706408102386204,0.3376009488241513,0.6091532350044586,0.6023488590042834,0.0004392601514312709,0.0009519490875127272
plain_s2_test_saved_rel,plain,2,test_probe,saved,relative,top1,0.002133028435622637,0.002818987312224402,0.10269264634505221,0.11618202814614084,0.4251682424265921,0.4282030864349406,0.46830067083071225,0.4491608392314227,0.001705411962020793,0.0036350588752713906
plain_s2_test_saved_rel,plain,2,test_probe,saved,relative,top2,0.001030768553111859,0.001319975315935191,0.07569313804117105,0.08141456274813239,0.34744639450848025,0.35060815399632494,0.5730697972763997,0.5609443766160134,0.0027599016208370688,0.005712931323594159
plain_s2_test_saved_rel,plain,2,test_probe,saved,relative,min,0.004494603193389493,0.0065889945818372875,0.06020015518842189,0.06697230287878628,0.3368983399978085,0.3370394699278638,0.5962843129027756,0.5847002873538723,0.002122588717604462,0.004698945257640256
plain_s2_train_centre_frozen_ord,plain,2,train_probe,centre_frozen,ordinary,top1,0.0019243345684041195,0.002117226531436392,0.08421603183617261,0.09331705266269441,0.39634939903012967,0.4010718245379851,0.5170757054664114,0.5025896574481067,0.000434529098882288,0.0009042388197773362
plain_s2_train_centre_frozen_ord,plain,2,train_probe,centre_frozen,ordinary,top2,0.0005435305966341803,0.0006677139414255033,0.047655521891491234,0.05130074358891627,0.3718098255512096,0.37676123379100473,0.579120895836182,0.5696718530437687,0.0008702261244830175,0.0015984556348849126
plain_s2_train_centre_frozen_ord,plain,2,train_probe,centre_frozen,ordinary,min,0.0085346548059312,0.010460562208668799,0.0666269181913576,0.07426930145315427,0.3031890447553697,0.30688549097544593,0.6210187933093279,0.607124907889808,0.0006305889380137261,0.001259737472922952
plain_s2_train_centre_frozen_rel,plain,2,train_probe,centre_frozen,relative,top1,0.0024991316728117953,0.0029898336862023687,0.10737747453392815,0.12148813361141471,0.41256559579736507,0.4149191659351887,0.47570896822883957,0.4567389956589802,0.0018488297670554161,0.0038638711082140537
plain_s2_train_centre_frozen_rel,plain,2,train_probe,centre_frozen,relative,top2,0.0008294045830986014,0.001091983464782862,0.055600623684769375,0.06026895807211157,0.3785840730159776,0.38312880780344305,0.5619596217249765,0.54970495065731,0.0030262769911779137,0.0058053000023525645
plain_s2_train_centre_frozen_rel,plain,2,train_probe,centre_frozen,relative,min,0.011851083312654885,0.015022300918774179,0.08139151368319134,0.09270447588085472,0.31033696333032923,0.3116370529696753,0.593784535773884,0.5751167831769751,0.002635903899940556,0.005519387053720602
plain_s2_train_saved_ord,plain,2,train_probe,saved,ordinary,top1,0.0018699975605738263,0.002051342406076841,0.08323357732542853,0.09231179275103779,0.4037795010703642,0.40856804398463137,0.5107036900727062,0.49620833813873827,0.00041323397092721595,0.0008604827195157154
plain_s2_train_saved_ord,plain,2,train_probe,saved,ordinary,top2,0.0005367484611392332,0.0006267955741831505,0.05046904693721644,0.054034174571605725,0.3727653316607954,0.37749728718530906,0.5753356150204934,0.5662093993426319,0.0008932579203556821,0.0016323433262700913
plain_s2_train_saved_ord,plain,2,train_probe,saved,ordinary,min,0.004265657500851269,0.00514307987253805,0.0499942410797079,0.05546606328059367,0.3045821988508676,0.31086129097038045,0.6407115900764649,0.6275851907154643,0.00044631249210827707,0.0009443751610236067
plain_s2_train_saved_rel,plain,2,train_probe,saved,relative,top1,0.0023933303069070383,0.0028505398996215552,0.10583599396016048,0.11992952058908543,0.41919633232085046,0.4216446795587369,0.4708085687028911,0.451884711359635,0.0017657747091908858,0.003690548592921181
plain_s2_train_saved_rel,plain,2,train_probe,saved,relative,top2,0.0007609367217176183,0.0009610470174299699,0.0589482142120727,0.0634974620919766,0.3798630245144356,0.3841288206478059,0.5573661059204098,0.5455726844494401,0.0030617186313641183,0.0058399857933474925
plain_s2_train_saved_rel,plain,2,train_probe,saved,relative,min,0.005707408278728113,0.007168902108365692,0.06031830803949517,0.06845167057827323,0.31647300400197137,0.3213314929416159,0.6154441028039049,0.5984984414617732,0.0020571768759004424,0.004549492909971964
plain_s3_test_centre_frozen_ord,plain,3,test_probe,centre_frozen,ordinary,top1,0.002019290028718755,0.002296255824951116,0.12805725902314535,0.13783678768135532,0.46372356220051186,0.46711728293742094,0.40580755729862983,0.3919811024281601,0.00039233144899419257,0.0007685711281125604
plain_s3_test_centre_frozen_ord,plain,3,test_probe,centre_frozen,ordinary,top2,0.0007646507956907885,0.0009428689017445691,0.06155833237263368,0.0686558077469106,0.355711541835787,0.3588691254625691,0.581494601482237,0.5705622838730438,0.0004708735136515135,0.0009699140157320641
plain_s3_test_centre_frozen_ord,plain,3,test_probe,centre_frozen,ordinary,min,0.003207671934650652,0.003700431035939051,0.054761357658754194,0.060291478883723645,0.3682315636667675,0.3736268083114782,0.5733895234400676,0.5615326442556187,0.000409883299760185,0.0008486375132405265
plain_s3_test_centre_frozen_rel,plain,3,test_probe,centre_frozen,relative,top1,0.0027389331805218902,0.0033085459703410093,0.1515729785357972,0.16440023019054822,0.4704716094804411,0.47104569416013564,0.37371976084389463,0.35832493752405487,0.001496717959345064,0.0029205921549203323
plain_s3_test_centre_frozen_rel,plain,3,test_probe,centre_frozen,relative,top2,0.0012431302402817386,0.0017362003870433876,0.07655081819079201,0.08588574840493401,0.3654686741687326,0.3687575035275691,0.5547498716086617,0.5395246620855929,0.001987505791531876,0.004095885594860638
plain_s3_test_centre_frozen_rel,plain,3,test_probe,centre_frozen,relative,min,0.004093543538638544,0.005176460433739335,0.06683034277741441,0.07430137210677062,0.3798938141424785,0.38437995164351657,0.5473866469745723,0.5322924156336672,0.0017956525668962318,0.0038498001823061173
plain_s3_test_saved_ord,plain,3,test_probe,saved,ordinary,top1,0.002327957797831218,0.002666388605816511,0.1348840946809245,0.14548817808527742,0.45826403208531047,0.4599018091651665,0.4041374901225033,0.3911826629522459,0.0003864253134305046,0.0007609611914937011
plain_s3_test_saved_ord,plain,3,test_probe,saved,ordinary,top2,0.0006241869614511402,0.0007767939287448392,0.05186717581782373,0.05776174008464514,0.3610843844213566,0.3660378601163788,0.5859500294991555,0.5744535671648427,0.00047422330021299684,0.0009700387053884818
plain_s3_test_saved_ord,plain,3,test_probe,saved,ordinary,min,0.004325341219827517,0.0048690140131698,0.0660022003944265,0.07399295882284919,0.3484513020993695,0.34966256584009786,0.5807919175667797,0.5705850657466516,0.00042923871959682226,0.0008903955772315641
plain_s3_test_saved_rel,plain,3,test_probe,saved,relative,top1,0.0031596505234915413,0.003854321821056552,0.1579024121286941,0.17147157887223075,0.4622283052052242,0.46148193720662894,0.3752200723627378,0.36027188371482705,0.0014895597798523495,0.0029202783852566557
plain_s3_test_saved_rel,plain,3,test_probe,saved,relative,top2,0.00107354051639377,0.0015003511241373673,0.06659315578717291,0.07470406618402167,0.37330517053316015,0.37799497317791747,0.5570509595882821,0.5417486448231601,0.0019771735749911264,0.00405196469076338
plain_s3_test_saved_rel,plain,3,test_probe,saved,relative,min,0.00552893527293726,0.006914780748161058,0.08962893908167485,0.10122211002933523,0.3569785519233569,0.35646433541794587,0.5459931958318263,0.5314285332529916,0.0018703778902046432,0.003970240551566264
plain_s3_train_centre_frozen_ord,plain,3,train_probe,centre_frozen,ordinary,top1,0.0010988809919757064,0.0012525936660461572,0.08548600542534357,0.09269086409693288,0.45060431821227603,0.4574429938452501,0.4623295809991198,0.44767933647329333,0.0004812143712849085,0.0009342119184774477
plain_s3_train_centre_frozen_ord,plain,3,train_probe,centre_frozen,ordinary,top2,0.002048378246199272,0.0023435123667295576,0.10008917391002933,0.11037692565996875,0.36122980455959525,0.3609523180020401,0.5361190289634244,0.5252842484283821,0.0005136143207516972,0.0010429955428794004
plain_s3_train_centre_frozen_ord,plain,3,train_probe,centre_frozen,ordinary,min,0.003419044934401862,0.004206955254438027,0.04151143117224563,0.04548694383895265,0.25745775421491596,0.25864373330197,0.6972006533843057,0.6907625574351898,0.00041111629413084603,0.0008998101694495428
plain_s3_train_centre_frozen_rel,plain,3,train_probe,centre_frozen,relative,top1,0.0016398735301727866,0.0020475412824755516,0.10687838803968609,0.1169902077331185,0.46870743118973923,0.47306362460979834,0.4209871843690416,0.4044596547618291,0.001787122871360324,0.003438971612778391
plain_s3_train_centre_frozen_rel,plain,3,train_probe,centre_frozen,relative,top2,0.0027465443521225777,0.003529044021807705,0.11779343990963158,0.1308123884666139,0.3574587673497648,0.35671900319973066,0.5198768074339853,0.5046364002941794,0.0021244409544957234,0.004303164017668241
plain_s3_train_centre_frozen_rel,plain,3,train_probe,centre_frozen,relative,min,0.004586600521646638,0.006283173804899644,0.04992957228138776,0.055395365468697416,0.2576081541390216,0.2588669418117713,0.6858203123266204,0.6748402711385094,0.0020553607313234913,0.004614247776122236
plain_s3_train_saved_ord,plain,3,train_probe,saved,ordinary,top1,0.0012477561108835834,0.0014066802136877277,0.08751825106698452,0.09496985949957014,0.4558398417590126,0.46248714236152183,0.4549146592053468,0.4402080444280332,0.0004794918577725582,0.0009282734971871823
plain_s3_train_saved_ord,plain,3,train_probe,saved,ordinary,top2,0.0019984890159441032,0.0022900326414218575,0.09313594889750965,0.1026897826633697,0.36010736954943673,0.3602032172338435,0.5442517610563284,0.5337850983369423,0.000506431480781061,0.0010318691244225963
plain_s3_train_saved_ord,plain,3,train_probe,saved,ordinary,min,0.0029057559648445167,0.003406901542727237,0.043073934560333,0.04694992845958794,0.2577224561881667,0.2590259113205118,0.6958825119922957,0.6897048853093333,0.00041534129435997135,0.0009123733678397504
plain_s3_train_saved_rel,plain,3,train_probe,saved,relative,top1,0.0018196400869472183,0.0022357669044481207,0.10981844996267681,0.12027882868935033,0.47288220201383563,0.47686248743832754,0.41371065027791026,0.3972307314304376,0.0017690576586299903,0.0033921855374364532
plain_s3_train_saved_rel,plain,3,train_probe,saved,relative,top2,0.0026315268765090593,0.0033317308997925805,0.10889779058635557,0.12095422473202763,0.35785939999867544,0.357699177780915,0.5285016267376296,0.5137291900209768,0.002109655800830369,0.0042856765662879675
plain_s3_train_saved_rel,plain,3,train_probe,saved,relative,min,0.003843247429932667,0.005131573655406652,0.05061070969063778,0.05580921475578272,0.2584412015600497,0.25973419140024884,0.685007924029172,0.6745930005126153,0.0020969172902077947,0.0047320196759466256
plain_s4_test_centre_frozen_ord,plain,4,test_probe,centre_frozen,ordinary,top1,0.002775170546541762,0.003125584051447096,0.05828046232084328,0.061481437634971,0.38246452739801223,0.3879187476568461,0.5560943627249924,0.5467062299274907,0.0003854770096102934,0.0007680007292451929
plain_s4_test_centre_frozen_ord,plain,4,test_probe,centre_frozen,ordinary,top2,0.0012207838271980512,0.0015966077524773342,0.08427285335690847,0.0877203809897078,0.3074289479305266,0.3111498594125501,0.6066527068140852,0.5986313443829003,0.00042470807128157557,0.0009018074623645363
plain_s4_test_centre_frozen_ord,plain,4,test_probe,centre_frozen,ordinary,min,0.003429017196893381,0.004223676500313591,0.052530692527749695,0.05643797800413461,0.30308833897749793,0.3025959094734474,0.6405369617855423,0.6358630596512749,0.00041498951231662586,0.0008793763708293863
plain_s4_test_centre_frozen_rel,plain,4,test_probe,centre_frozen,relative,top1,0.0038095488698143094,0.0049089286634005115,0.06732618529787947,0.07209343426105672,0.40355251548769916,0.40900379266255577,0.5237805484538802,0.5108994386221224,0.0015312018907269321,0.0030944057908646977
plain_s4_test_centre_frozen_rel,plain,4,test_probe,centre_frozen,relative,top2,0.00230859198485135,0.0034993056848562076,0.08955576579068489,0.09483814742283117,0.30598453511426793,0.30923956961765686,0.6002235567529117,0.5883330410175877,0.0019275503572842424,0.004089936257068104
plain_s4_test_centre_frozen_rel,plain,4,test_probe,centre_frozen,relative,min,0.004896920147693285,0.006467831090241511,0.06071911349407637,0.06627120623513602,0.29979299021797345,0.29889917319858883,0.6326911414706452,0.624296874331369,0.0018998346696115834,0.004064915144664715
plain_s4_test_saved_ord,plain,4,test_probe,saved,ordinary,top1,0.0025161329829270387,0.002872212719627917,0.05670781201319567,0.05966487076163498,0.39130334233899083,0.3973157415250114,0.5490999339007796,0.5393778050044334,0.000372778764106871,0.0007693699892921545
plain_s4_test_saved_ord,plain,4,test_probe,saved,ordinary,top2,0.0011852802234952964,0.0015800066773365654,0.085686793266046,0.08981965699197228,0.2845685745061343,0.2868407820963968,0.628154155819886,0.6208826677895992,0.00040519618443844306,0.0008768864446950908
plain_s4_test_saved_ord,plain,4,test_probe,saved,ordinary,min,0.004570555860771126,0.005313230720043134,0.0441794681124487,0.04779784901854219,0.28223534850026044,0.2835978067610119,0.6686121026314399,0.6624284666796797,0.0004025248950798931,0.0008626468207231135
plain_s4_test_saved_rel,plain,4,test_probe,saved,relative,top1,0.0035889445075320404,0.004758913393482923,0.06595835420209921,0.07041638684707135,0.41502992742773864,0.42098600028287747,0.5138413923499268,0.500544500897675,0.00158138151270332,0.0032941985788933403
plain_s4_test_saved_rel,plain,4,test_probe,saved,relative,top2,0.002300321631930256,0.003515644770827421,0.0918291905501137,0.09806806819372446,0.2780078355991062,0.27968619288905394,0.625945275694427,0.614577902183737,0.0019173765244229436,0.004152191962657274
plain_s4_test_saved_rel,plain,4,test_probe,saved,relative,min,0.0060318034438120605,0.0076969737746646625,0.050744103577690616,0.05589369208904821,0.2833945300177201,0.28460644415534736,0.6579508713812471,0.6477650447864918,0.0018786915795301845,0.004037845194447935
plain_s4_train_centre_frozen_ord,plain,4,train_probe,centre_frozen,ordinary,top1,0.0026524105202134153,0.0029369249278165554,0.05772306723538448,0.060897891465163466,0.3807730961234532,0.3869106313659578,0.5584337299804193,0.548426203708732,0.00041769614052959665,0.0008283485323301961
plain_s4_train_centre_frozen_ord,plain,4,train_probe,centre_frozen,ordinary,top2,0.001103098407969484,0.001636991253069445,0.06115095510032815,0.06300126377173754,0.4236245884442736,0.43008853293747223,0.5132377093887985,0.5036351804012051,0.0008836486586303124,0.001638031636515619
plain_s4_train_centre_frozen_ord,plain,4,train_probe,centre_frozen,ordinary,min,0.004276321098384217,0.0050842664151919785,0.04736173285761842,0.050989551095319594,0.2969272361064271,0.2979698178052047,0.6509285568590076,0.6449034537717473,0.0005061530785626547,0.0010529109125364086
plain_s4_train_centre_frozen_rel,plain,4,train_probe,centre_frozen,relative,top1,0.0035745056226617585,0.00450387496987356,0.06542178029490424,0.07001933453975098,0.4024197452829348,0.4085783131732476,0.5269261196452394,0.5135981304496536,0.0016578491542597414,0.003300346867474261
plain_s4_train_centre_frozen_rel,plain,4,train_probe,centre_frozen,relative,top2,0.002496842940808802,0.0038996309599183933,0.06548325257377213,0.06886259461353088,0.42470510616784685,0.4299139940372634,0.5043141743316463,0.4916185945838715,0.0030006239859259438,0.005705185805415812
plain_s4_train_centre_frozen_rel,plain,4,train_probe,centre_frozen,relative,min,0.005519495150533894,0.007288028162086595,0.05407561300437887,0.059190003735750264,0.29961347580761605,0.2994178751717154,0.6386215373610442,0.6295330762308687,0.0021698786764269232,0.00457101669957895
plain_s4_train_saved_ord,plain,4,train_probe,saved,ordinary,top1,0.0024719641327280643,0.002749495465346775,0.05516109233195474,0.058063709306097985,0.39109662672004125,0.3976932034086373,0.5508436655466394,0.5406276068093718,0.00042665126863662223,0.0008659850105462185
plain_s4_train_saved_ord,plain,4,train_probe,saved,ordinary,top2,0.0012885730247565205,0.0018611046856476649,0.06445116307352483,0.06701750149594929,0.3929717697792924,0.39853017033629357,0.5405810971663063,0.5312381865670053,0.0007073969561199302,0.0013530369151041155
plain_s4_train_saved_ord,plain,4,train_probe,saved,ordinary,min,0.0038496805714697564,0.004957555246582984,0.039184377295185174,0.04235805504133639,0.25283064726457494,0.2553228864536941,0.7034765250733098,0.6960629192948987,0.0006587697954602393,0.001298583963487916
plain_s4_train_saved_rel,plain,4,train_probe,saved,relative,top1,0.0033877853750155975,0.004332621813499483,0.06228604590391562,0.06654943146180643,0.4145609389262957,0.4211022719568052,0.5179906208766055,0.5044097262803614,0.0017746089181675795,0.0036059484875274926
plain_s4_train_saved_rel,plain,4,train_probe,saved,relative,top2,0.0027646012549775506,0.004232884779500366,0.07018843695553238,0.07447393104577206,0.39220812841905345,0.3967298585225961,0.5322545098992825,0.5194379411322331,0.002584323471154149,0.005125384519898404
plain_s4_train_saved_rel,plain,4,train_probe,saved,relative,min,0.005333069789653027,0.007195750279771903,0.04517442968718479,0.049886353034604564,0.25903563601084983,0.2609956495932487,0.6878697893151806,0.6767386322409195,0.002587075197131661,0.005183614851455258
resolution_s0_test_centre_frozen_ord,resolution_max_b1,0,test_probe,centre_frozen,ordinary,top1,0.0031712150379990425,0.003565155589940024,0.12430548213282977,0.1334440451270242,0.4444318656006355,0.44328058500265044,0.42717623486267897,0.41806567811079726,0.0009152023658566781,0.0016445361695880823
resolution_s0_test_centre_frozen_ord,resolution_max_b1,0,test_probe,centre_frozen,ordinary,top2,0.0010749085835861868,0.0012878148142162846,0.08020916373515313,0.08700554960560407,0.3475923578787305,0.34745467408387376,0.5695587465187067,0.5614211710831812,0.0015648232838233462,0.0028307904131246123
resolution_s0_test_centre_frozen_ord,resolution_max_b1,0,test_probe,centre_frozen,ordinary,min,0.006918570274721121,0.00858119434364639,0.14683248256038176,0.15710699336053524,0.5801261232017789,0.574123661600267,0.26553548732860904,0.25912052209560993,0.0005873366345090336,0.0010676285999415096
resolution_s0_test_centre_frozen_rel,resolution_max_b1,0,test_probe,centre_frozen,relative,top1,0.004309316643600732,0.005332057436799481,0.14480871027377365,0.1555792977217246,0.44294703127578455,0.44047089792626426,0.4049916967318209,0.39332499470307547,0.002943245075020167,0.005292752212136113
resolution_s0_test_centre_frozen_rel,resolution_max_b1,0,test_probe,centre_frozen,relative,top2,0.0018226388355490166,0.0022654199743640502,0.10567322614887974,0.1153698456157822,0.3501233555982433,0.34769434476340394,0.5373378446348592,0.5255960262320278,0.005042934782468735,0.009074363414421993
resolution_s0_test_centre_frozen_rel,resolution_max_b1,0,test_probe,centre_frozen,relative,min,0.009453272370437507,0.012273353047722544,0.1707370667767247,0.1836577018448297,0.5678686510418437,0.5590131881602559,0.2499907455137449,0.24147546167304457,0.0019502642972491393,0.0035802952741472637
resolution_s0_test_saved_ord,resolution_max_b1,0,test_probe,saved,ordinary,top1,0.003343982124452579,0.0037830073937399414,0.1269385078112982,0.13614611375002067,0.4463639302530025,0.4450488285027715,0.4224545292411694,0.4134043365328976,0.0008990505700773138,0.0016177138205703974
resolution_s0_test_saved_ord,resolution_max_b1,0,test_probe,saved,ordinary,top2,0.0008843904289205887,0.00106629057152949,0.07532409092068831,0.08197782092665586,0.3449709003142521,0.34577571212301905,0.577278467857332,0.5683346990712749,0.001542150478807128,0.0028454773075207566
resolution_s0_test_saved_ord,resolution_max_b1,0,test_probe,saved,ordinary,min,0.006148602004823656,0.007437958199895264,0.1407635174444154,0.150028384681532,0.5979506528659652,0.5934296013093782,0.2546504531706288,0.2481992692685413,0.00048677451416700724,0.0009047865406532125
resolution_s0_test_saved_rel,resolution_max_b1,0,test_probe,saved,relative,top1,0.00458979357727664,0.005687314730560589,0.14750415328243907,0.1583123580002014,0.4444808055384732,0.4418366975080364,0.40052497607218257,0.38894241894698384,0.0029002715296286433,0.005221210814217778
resolution_s0_test_saved_rel,resolution_max_b1,0,test_probe,saved,relative,top2,0.0014831634482629138,0.0018568686480669027,0.09661212394967672,0.10587325606318336,0.34796590749098727,0.3467077688491001,0.5487451234645012,0.5360446801128268,0.005193681646571799,0.00951742632682286
resolution_s0_test_saved_rel,resolution_max_b1,0,test_probe,saved,relative,min,0.007868149265875705,0.009917012016653737,0.15839655899720087,0.16989519680057388,0.5954012954363856,0.5884159922344765,0.23666505377079713,0.2286446353050854,0.0016689425297404714,0.0031271636432105687
resolution_s0_train_centre_frozen_ord,resolution_max_b1,0,train_probe,centre_frozen,ordinary,top1,0.0033169598327374415,0.0037841422857124826,0.13758472262178875,0.1480336716517412,0.44835088007862806,0.44683557913202954,0.40986900452365904,0.3997769337669092,0.000878432943186676,0.001569673163607562
resolution_s0_train_centre_frozen_ord,resolution_max_b1,0,train_probe,centre_frozen,ordinary,top2,0.001395931992364498,0.0017075054096934725,0.09721964632125515,0.10506881679339021,0.38048588520436816,0.3782003709107301,0.5193529417944232,0.5122669260399513,0.0015455946875890772,0.0027563808462349407
resolution_s0_train_centre_frozen_ord,resolution_max_b1,0,train_probe,centre_frozen,ordinary,min,0.011301925774711973,0.011815117497469963,0.2351183002957385,0.25310097323028274,0.40973847331674035,0.401702631228712,0.34294056711894283,0.331782115792267,0.0009007334938662652,0.0015991622512682804
resolution_s0_train_centre_frozen_rel,resolution_max_b1,0,train_probe,centre_frozen,relative,top1,0.004636170081151746,0.005778498928596734,0.16116408814291527,0.1736131396576752,0.4458460099296653,0.44251067240615216,0.38555709165667046,0.3730892861200602,0.00279664018959729,0.005008402887515756
resolution_s0_train_centre_frozen_rel,resolution_max_b1,0,train_probe,centre_frozen,relative,top2,0.0025879308507325755,0.0032764606919958752,0.13472191038953146,0.14593557148332947,0.38136670801950634,0.3761538721432121,0.4765387696774346,0.46616219888528987,0.004784681062795001,0.008471896796172745
resolution_s0_train_centre_frozen_rel,resolution_max_b1,0,train_probe,centre_frozen,relative,min,0.01358945345136872,0.014597578889110502,0.3352127302763403,0.36009768463717307,0.3635765793330873,0.3504986737606144,0.2850682228154501,0.2702396859296272,0.0025530141237536065,0.004566376783474787
resolution_s0_train_saved_ord,resolution_max_b1,0,train_probe,saved,ordinary,top1,0.003131021112180892,0.003532070244625542,0.13992554021053355,0.15053457990019847,0.45393256210846983,0.45212625922930477,0.4021585032689208,0.39227562031147306,0.0008523732998949894,0.0015314703143981005
resolution_s0_train_saved_ord,resolution_max_b1,0,train_probe,saved,ordinary,top2,0.0011824299463534884,0.0014603616353569726,0.08375991480226687,0.09117337062701346,0.37003966587379294,0.36963760593217104,0.5435018569074928,0.5349539636134314,0.0015161324700939172,0.002774698192027138
resolution_s0_train_saved_ord,resolution_max_b1,0,train_probe,saved,ordinary,min,0.005151339275581749,0.005697112995141594,0.1152271930045962,0.12365115295293018,0.5903781936213307,0.588101363266306,0.28860469821374907,0.2814056716878886,0.0006385758847422749,0.0011446990977337162
resolution_s0_train_saved_rel,resolution_max_b1,0,train_probe,saved,relative,top1,0.004282103819790583,0.005301840935945021,0.16380077427908002,0.17643790917590144,0.4508764162207858,0.4472468935406147,0.3782972454966745,0.36607606015918365,0.002743460183669058,0.004937296188355108
resolution_s0_train_saved_rel,resolution_max_b1,0,train_probe,saved,relative,top2,0.0020605319999858376,0.002643093831971575,0.10840146909081619,0.11867668461258674,0.3706560945624593,0.36778930897964607,0.5138634044159746,0.5017793787625032,0.005018499930764173,0.00911153381329242
resolution_s0_train_saved_rel,resolution_max_b1,0,train_probe,saved,relative,min,0.006082226723482948,0.007261478358121907,0.1301895779936482,0.14036508295020259,0.5915740305395665,0.5872742588383014,0.27009907846316883,0.26136426283018716,0.0020550862801335156,0.0037349170231869345
resolution_s1_test_centre_frozen_ord,resolution_max_b1,1,test_probe,centre_frozen,ordinary,top1,0.0034676707358912815,0.004011806260863374,0.13514941771460454,0.14618037071201515,0.383548199925588,0.38381104763414675,0.4766871508421029,0.46405647811786693,0.0011475607818134295,0.0019402972751078056
resolution_s1_test_centre_frozen_ord,resolution_max_b1,1,test_probe,centre_frozen,ordinary,top2,0.002411993507103876,0.0028729666205566965,0.1855770140627657,0.19977159002602812,0.3282533021977944,0.32731562442222156,0.4829437395734415,0.4684955802779205,0.0008139506588945722,0.0015442386532731511
resolution_s1_test_centre_frozen_ord,resolution_max_b1,1,test_probe,centre_frozen,ordinary,min,0.0038428354127954946,0.004639208803811046,0.04874341462499947,0.05276021625310516,0.31968482206462406,0.3250233551949353,0.6265839828414038,0.6155963666292538,0.0011449450561772578,0.0019808531188947763
resolution_s1_test_centre_frozen_rel,resolution_max_b1,1,test_probe,centre_frozen,relative,top1,0.004967101807307895,0.006590963302084282,0.15895663756263959,0.17318661070396588,0.38598693637334386,0.38470386268130125,0.4467999220753347,0.4299206314910229,0.003289402181373962,0.0055979318216257835
resolution_s1_test_centre_frozen_rel,resolution_max_b1,1,test_probe,centre_frozen,relative,top2,0.003765604830536386,0.004821037306787622,0.22839624319330204,0.24748414530764817,0.31973441438636446,0.31569217388069637,0.4451887640849163,0.42647314737557407,0.0029149735048808675,0.005529496129293729
resolution_s1_test_centre_frozen_rel,resolution_max_b1,1,test_probe,centre_frozen,relative,min,0.0053115800118022,0.0069003167347463,0.058253846569250214,0.0636818188426483,0.3323217574158626,0.3375808043733032,0.6006233013209679,0.5855913188662412,0.0034895146821172047,0.006245741183061
resolution_s1_test_saved_ord,resolution_max_b1,1,test_probe,saved,ordinary,top1,0.003947668780476987,0.004681251951326543,0.1951994711703303,0.2102101021813901,0.29282054580861727,0.2904078838257546,0.5071573619322279,0.4930995046232924,0.000874952308347503,0.0016012574182363826
resolution_s1_test_saved_ord,resolution_max_b1,1,test_probe,saved,ordinary,top2,0.001827100872748744,0.0020826979647753513,0.1132595904434472,0.12266338954367946,0.41963265312433845,0.4217433236115964,0.4641867058533917,0.4516069283360569,0.0010939497060738373,0.001903660543891971
resolution_s1_test_saved_ord,resolution_max_b1,1,test_probe,saved,ordinary,min,0.005859580019964145,0.006776706146356535,0.0680405836254154,0.07458664851032545,0.3075233629407238,0.3110189481919681,0.6169630420059038,0.6045448961850391,0.0016134314079927613,0.0030728009663106262
resolution_s1_test_saved_rel,resolution_max_b1,1,test_probe,saved,relative,top1,0.00593100066098401,0.00764797094302927,0.2337959814572372,0.2538799031959175,0.28756616709169247,0.2826634565600269,0.4698070965175153,0.4505319340065732,0.002899754272571072,0.005276735294453115
resolution_s1_test_saved_rel,resolution_max_b1,1,test_probe,saved,relative,top2,0.002635279007994569,0.0035510081612465274,0.13730915775043584,0.1494017558103306,0.4204818272368716,0.4207318836421509,0.43623317876302187,0.4203945808911621,0.003340557241676152,0.005920771495109799
resolution_s1_test_saved_rel,resolution_max_b1,1,test_probe,saved,relative,min,0.011441780668557177,0.013866036114536255,0.10264687474224009,0.11248884239532815,0.32834008927247754,0.33023740066979146,0.5517700130565354,0.5323061320075445,0.005801242260189885,0.011101588812799589
resolution_s1_train_centre_frozen_ord,resolution_max_b1,1,train_probe,centre_frozen,ordinary,top1,0.001945340636842849,0.0023397659129025896,0.11528971384131599,0.12485655875111983,0.4175810136973828,0.42007357970570985,0.4640073053807176,0.4507233697388681,0.0011766264437407922,0.0020067258913995987
resolution_s1_train_centre_frozen_ord,resolution_max_b1,1,train_probe,centre_frozen,ordinary,top2,0.003610381823712754,0.004377209363153981,0.18946650099881454,0.20422287711529052,0.30779054180614823,0.3053477891916171,0.49830410902327094,0.4844686496942629,0.0008284663480536302,0.0015834746356754813
resolution_s1_train_centre_frozen_ord,resolution_max_b1,1,train_probe,centre_frozen,ordinary,min,0.00815934529619403,0.00886705847129338,0.06766172999914852,0.07360358421198965,0.2965239440334013,0.3017687729578928,0.6261665631012944,0.6131963771236857,0.0014884175699616108,0.0025642072351384723
resolution_s1_train_centre_frozen_rel,resolution_max_b1,1,train_probe,centre_frozen,relative,top1,0.003051079281081581,0.00420745842201774,0.13790536225424496,0.15006721656477945,0.4209798321663673,0.42168554377001577,0.4346185114388251,0.4180515830159124,0.0034452148594811124,0.005988198227274679
resolution_s1_train_centre_frozen_rel,resolution_max_b1,1,train_probe,centre_frozen,relative,top2,0.0056819877937179875,0.007375167663981137,0.22669764675320744,0.2462174324057127,0.30232445101202693,0.29712512791712437,0.46228982825606507,0.4435915447920718,0.0030060861849826185,0.005690727221109898
resolution_s1_train_centre_frozen_rel,resolution_max_b1,1,train_probe,centre_frozen,relative,min,0.009203962007837983,0.011144069140370617,0.08347359085774858,0.0916080397253157,0.3092616937997474,0.313567012741217,0.5935798440991794,0.5757140505366187,0.0044809092354866475,0.007966827856477947
resolution_s1_train_saved_ord,resolution_max_b1,1,train_probe,saved,ordinary,top1,0.0015586801828337987,0.0018498173049015592,0.1223030065449768,0.13226268846429354,0.4057496329543776,0.40821321766321655,0.469317765124217,0.4557815662122423,0.0010709151935947452,0.0018927103553460056
resolution_s1_train_saved_ord,resolution_max_b1,1,train_probe,saved,ordinary,top2,0.004099860766849627,0.005027641643952933,0.1794360880482609,0.19340150199090506,0.3152308688769833,0.31320635569137967,0.500297749608281,0.48666810767904795,0.0009354326996251153,0.0016963929947143629
resolution_s1_train_saved_ord,resolution_max_b1,1,train_probe,saved,ordinary,min,0.005654403747694205,0.0057891323084342155,0.08569298285322963,0.09341147493174382,0.30574549369375925,0.30928522135848857,0.6015764601148855,0.589091272784438,0.0013306595904312632,0.0024228986168954823
resolution_s1_train_saved_rel,resolution_max_b1,1,train_probe,saved,relative,top1,0.0023797784302719296,0.003237195551126879,0.1474679799006289,0.16013737930154198,0.4079647041709774,0.40825320036716223,0.43881255154655546,0.42225588456248137,0.00337498595156624,0.006116340217687588
resolution_s1_train_saved_rel,resolution_max_b1,1,train_probe,saved,relative,top2,0.006601272815223686,0.008736965100438466,0.21257143637587364,0.2310977449987876,0.3118381572697444,0.3074428068024277,0.46593402047840543,0.44722578916527544,0.0030551130607527903,0.005496693933070865
resolution_s1_train_saved_rel,resolution_max_b1,1,train_probe,saved,relative,min,0.00757059077898062,0.008636817913205391,0.11753478675189351,0.12927524307309654,0.31814145840391245,0.31964602921785473,0.5524685841993595,0.5345224241442003,0.004284579865853943,0.007919485651643092
resolution_s2_test_centre_frozen_ord,resolution_max_b1,2,test_probe,centre_frozen,ordinary,top1,0.0024894396551187847,0.0030753165387497534,0.08677440754498918,0.09235398359832818,0.2688168286149167,0.2712602760636843,0.6408359769795121,0.6314493550719861,0.0010833472054633507,0.0018610687272516834
resolution_s2_test_centre_frozen_ord,resolution_max_b1,2,test_probe,centre_frozen,ordinary,top2,0.00290786640829437,0.003425628859368837,0.19090891139207766,0.20473173844052886,0.3321143141456112,0.33170755930609364,0.4730764259176495,0.45823971793232965,0.0009924821363672843,0.0018953554616790622
resolution_s2_test_centre_frozen_ord,resolution_max_b1,2,test_probe,centre_frozen,ordinary,min,0.005550373414521161,0.0064773956392508445,0.08419313281416743,0.09121927893007052,0.2841014480520909,0.2851851139922971,0.6253260845572866,0.6155228613032802,0.0008289611619339819,0.0015953501351013983
resolution_s2_test_centre_frozen_rel,resolution_max_b1,2,test_probe,centre_frozen,relative,top1,0.004156796469434612,0.005833084705483126,0.1020539769591668,0.10964383250832037,0.2747938991815945,0.27645550277530917,0.6157907031042616,0.6024458792512909,0.0032046242855424388,0.005621700759596454
resolution_s2_test_centre_frozen_rel,resolution_max_b1,2,test_probe,centre_frozen,relative,top2,0.004266461078822217,0.005411885326571731,0.22206941149320103,0.23706515039570872,0.33404121428682076,0.3326238587618162,0.4359371185404834,0.4178245788589216,0.003685794600672614,0.007074526656981712
resolution_s2_test_centre_frozen_rel,resolution_max_b1,2,test_probe,centre_frozen,relative,min,0.007400928390229721,0.009291442344178589,0.1018212234368182,0.11095911405098122,0.28855290432422126,0.2887321292276532,0.5991337543276628,0.5849268736812379,0.0030911895210680557,0.006090440695949173
resolution_s2_test_saved_ord,resolution_max_b1,2,test_probe,saved,ordinary,top1,0.0022806374744188014,0.0027913848031906694,0.08644193671419452,0.09202324321206207,0.270407578924578,0.27302153873646406,0.6398085601143464,0.6303270166512907,0.0010612867724623016,0.001836816596992523
resolution_s2_test_saved_ord,resolution_max_b1,2,test_probe,saved,ordinary,top2,0.002877403764957637,0.0033699418557455196,0.1927791142570466,0.20675061102809936,0.33323096228260246,0.33284833789611257,0.4700634080005511,0.45507478446418065,0.0010491116948422342,0.0019563247558619825
resolution_s2_test_saved_ord,resolution_max_b1,2,test_probe,saved,ordinary,min,0.005031325248563782,0.005731641224591885,0.06879792501832374,0.07418565671015294,0.27018413163436983,0.2719008964275966,0.6551822685814989,0.6466198632905,0.0008043495172438367,0.0015619423471586631
resolution_s2_test_saved_rel,resolution_max_b1,2,test_probe,saved,relative,top1,0.0037310420596390614,0.005191317539451944,0.10281314688055808,0.11049168390759401,0.2773771111687339,0.27925419914163463,0.6128913464787539,0.5994085385333537,0.003187353412315084,0.005654260877965625
resolution_s2_test_saved_rel,resolution_max_b1,2,test_probe,saved,relative,top2,0.0041639321829597805,0.005237492668182574,0.22173383599486698,0.23676380203833575,0.3333094491329848,0.33211381392940376,0.43705609824915476,0.41883157434898527,0.0037366844400335926,0.007053317015092589
resolution_s2_test_saved_rel,resolution_max_b1,2,test_probe,saved,relative,min,0.006171601418054784,0.00741295567106614,0.08060714852527676,0.08764054838390861,0.2747183035075085,0.2759114741044823,0.6354423678050518,0.6229573352043029,0.003060578744108257,0.0060776866362400785
resolution_s2_train_centre_frozen_ord,resolution_max_b1,2,train_probe,centre_frozen,ordinary,top1,0.0026603861777969267,0.0032358152375290446,0.12291365967002789,0.13020380705906326,0.3018275821510189,0.3030058308770746,0.5715771906383194,0.5617720888402795,0.0010211813628368564,0.001782457986053578
resolution_s2_train_centre_frozen_ord,resolution_max_b1,2,train_probe,centre_frozen,ordinary,top2,0.002094926635345871,0.002421224303937379,0.17315447119689903,0.184972170188628,0.36753454974059097,0.36804809307160335,0.45564453749637307,0.441997801295403,0.001571514930791023,0.0025607111404283216
resolution_s2_train_centre_frozen_ord,resolution_max_b1,2,train_probe,centre_frozen,ordinary,min,0.006813510947410985,0.008829714342203166,0.06699246865200814,0.07299151007598766,0.31272665095109475,0.31408624299403887,0.6119450873783752,0.6015099051607141,0.0015222820711110548,0.002582627427056206
resolution_s2_train_centre_frozen_rel,resolution_max_b1,2,train_probe,centre_frozen,relative,top1,0.004365647506502277,0.006075343829537282,0.1462698754900545,0.1563018306437219,0.3068019716465456,0.30645465775616204,0.5394365994497355,0.525550537440008,0.0031259059071622078,0.0056176303305706205
resolution_s2_train_centre_frozen_rel,resolution_max_b1,2,train_probe,centre_frozen,relative,top2,0.002886814488871985,0.0035145537270415655,0.19395339040217127,0.20695593525813916,0.3655745706483548,0.36569092797732883,0.43325770090835286,0.4164372676763568,0.004327523552249,0.007401315361133634
resolution_s2_train_centre_frozen_rel,resolution_max_b1,2,train_probe,centre_frozen,relative,min,0.011239127333753512,0.015041073824230035,0.08177182479336165,0.08926005540763066,0.31681656758032795,0.3168275282335162,0.585560476313125,0.5705495220762224,0.004612003979432029,0.00832182045840064
resolution_s2_train_saved_ord,resolution_max_b1,2,train_probe,saved,ordinary,top1,0.0025031328479056267,0.003083163758677961,0.12903001878538634,0.13667625652311952,0.3092494505610962,0.31046965202722715,0.5582573739662798,0.5480520369570183,0.0009600238393320785,0.0017188907339570397
resolution_s2_train_saved_ord,resolution_max_b1,2,train_probe,saved,ordinary,top2,0.001987909476233491,0.002265960464209008,0.1619217897098539,0.17332024381240133,0.36016093351729217,0.3611344448066152,0.4743086569522552,0.46068529540473047,0.0016207103443651532,0.0025940555120440023
resolution_s2_train_saved_ord,resolution_max_b1,2,train_probe,saved,ordinary,min,0.003647423843384278,0.004399363239321057,0.05471660915628047,0.06026229569708632,0.3204281784053632,0.32287231086111967,0.6202256221874443,0.6107584792336066,0.0009821664075279025,0.0017075509688664382
resolution_s2_train_saved_rel,resolution_max_b1,2,train_probe,saved,relative,top1,0.00420289494959356,0.005910971012102682,0.1548024840266482,0.1652832812422934,0.3151546022491677,0.31476704842123426,0.5227517569558305,0.508369245175721,0.003088261818760044,0.005669454148648634
resolution_s2_train_saved_rel,resolution_max_b1,2,train_probe,saved,relative,top2,0.002661837746220983,0.0031592705924372625,0.1798315458153197,0.19230121149206067,0.35782910932655193,0.35865377114316666,0.45538286874374656,0.438671340260967,0.004294638368160931,0.007214406511368399
resolution_s2_train_saved_rel,resolution_max_b1,2,train_probe,saved,relative,min,0.005025847192464345,0.00627593731810558,0.06514439360769234,0.07205894580507465,0.32381167664775884,0.32591699309341987,0.6029851672816686,0.5902446102698654,0.00303291527041578,0.005503513513534452
resolution_s3_test_centre_frozen_ord,resolution_max_b1,3,test_probe,centre_frozen,ordinary,top1,0.0024199210677162664,0.003194016129999026,0.15371763375049383,0.1687544528860239,0.3792906406282,0.37458332564840385,0.4634652525371205,0.451522422896907,0.0011065520164694736,0.0019457824386662098
resolution_s3_test_centre_frozen_ord,resolution_max_b1,3,test_probe,centre_frozen,ordinary,top2,0.0025327662955231286,0.0030660565407543026,0.09742958205031255,0.1066732339843709,0.364490896839269,0.3629624946804327,0.534441254963306,0.5251847022098186,0.0011054998515894366,0.00211351258462359
resolution_s3_test_centre_frozen_ord,resolution_max_b1,3,test_probe,centre_frozen,ordinary,min,0.010261604139647372,0.011376352493375489,0.10203160707888256,0.11178154777968001,0.296470874322233,0.29731476832477466,0.5902431873254954,0.5777704444385837,0.0009927271337415514,0.001756886963586143
resolution_s3_test_centre_frozen_rel,resolution_max_b1,3,test_probe,centre_frozen,relative,top1,0.004688824033019268,0.006944205424749079,0.1932061844366398,0.21462990265318915,0.3685014940866538,0.36047283472569003,0.4302293753791402,0.4120622880545633,0.0033741220645469522,0.005890769141808366
resolution_s3_test_centre_frozen_rel,resolution_max_b1,3,test_probe,centre_frozen,relative,top2,0.004072765763000969,0.005400965732181133,0.12663943335711245,0.13949519787316753,0.34383001174382627,0.3411062609948668,0.5212552404799842,0.5060637096739724,0.004202548656076283,0.007933865725812147
resolution_s3_test_centre_frozen_rel,resolution_max_b1,3,test_probe,centre_frozen,relative,min,0.016685524645412047,0.02201438387470557,0.14896486439078138,0.16263942464543205,0.30846999550459936,0.30627953760745963,0.5228867635024463,0.5036953641075986,0.0029928519567608276,0.00537128976480406
resolution_s3_test_saved_ord,resolution_max_b1,3,test_probe,saved,ordinary,top1,0.0024012613538127955,0.0031149873573202,0.15212861711928266,0.1671927197777798,0.3741215498641679,0.36950818909333727,0.4702794937385684,0.4582966902060729,0.0010690779241681974,0.0018874135654897465
resolution_s3_test_saved_ord,resolution_max_b1,3,test_probe,saved,ordinary,top2,0.002347636085530902,0.0028562373735112347,0.09296700953144153,0.10173114009763636,0.3639399258816829,0.36249466651985335,0.5396371717965385,0.5307973106286253,0.0011082567048062925,0.0021206453803736913
resolution_s3_test_saved_ord,resolution_max_b1,3,test_probe,saved,ordinary,min,0.01199935277603695,0.014656731911678787,0.1307892568893175,0.142558753015335,0.3212628735746817,0.3204750095779651,0.5350165644122052,0.5206432578850954,0.000931952347758555,0.0016662476099255931
resolution_s3_test_saved_rel,resolution_max_b1,3,test_probe,saved,relative,top1,0.0045469425248573225,0.00671289778470213,0.19178830701999555,0.21336956157461795,0.3637642267687673,0.3558770962537641,0.4366142695783594,0.4182872982499544,0.003286254108020327,0.0057531461369614
resolution_s3_test_saved_rel,resolution_max_b1,3,test_probe,saved,relative,top2,0.003773860580305607,0.0050686934464428445,0.11934563722044517,0.13151505513280695,0.3443061056289716,0.34172457667059264,0.5283528140503823,0.5137298097961689,0.004221582519895348,0.007961864953988653
resolution_s3_test_saved_rel,resolution_max_b1,3,test_probe,saved,relative,min,0.01670396144267479,0.02242645083659455,0.1601793265565779,0.176171863293744,0.3225332698590591,0.31840649866896154,0.49751521045751446,0.47742190648692334,0.003068231684173792,0.005573280713776615
resolution_s3_train_centre_frozen_ord,resolution_max_b1,3,train_probe,centre_frozen,ordinary,top1,0.002451798146210542,0.0029235088020117977,0.19627209134395027,0.21522055217295907,0.3976332388613521,0.3913972100994456,0.4025143772833786,0.3885317843119877,0.0011284943651084782,0.0019269446135959177
resolution_s3_train_centre_frozen_ord,resolution_max_b1,3,train_probe,centre_frozen,ordinary,top2,0.002216557733310666,0.002431976633340381,0.16857949961340948,0.18233823623758086,0.41328101878016626,0.41169306143165413,0.41317861809851136,0.3994819292051068,0.00274430577460235,0.004054796492317856
resolution_s3_train_centre_frozen_ord,resolution_max_b1,3,train_probe,centre_frozen,ordinary,min,0.0055906854381319055,0.007301912619378398,0.07254395068416687,0.08028227802706993,0.28118624705365164,0.282754655480518,0.6392854513075809,0.6271212481760632,0.0013936655164686585,0.002539905696970547
resolution_s3_train_centre_frozen_rel,resolution_max_b1,3,train_probe,centre_frozen,relative,top1,0.0038944683361331893,0.00541267864880055,0.24382110100018944,0.26926218671606145,0.38245987369460294,0.3722770526520161,0.36655118567686945,0.3474951815509763,0.00327337129220506,0.005552900432145588
resolution_s3_train_centre_frozen_rel,resolution_max_b1,3,train_probe,centre_frozen,relative,top2,0.003513967746833563,0.004539401162871335,0.21125949824988768,0.22830931100094035,0.39792697717190184,0.39454466377086955,0.38161491685058097,0.36403416963066976,0.005684639980796004,0.008572454434649034
resolution_s3_train_centre_frozen_rel,resolution_max_b1,3,train_probe,centre_frozen,relative,min,0.008653195934511667,0.011791248414688558,0.09142573813558606,0.10209525447076422,0.2836743466569487,0.28360298457783956,0.6114815025207984,0.5936395021326539,0.004765216752155283,0.008871010404053862
resolution_s3_train_saved_ord,resolution_max_b1,3,train_probe,saved,ordinary,top1,0.0023745744737436038,0.002812501610910959,0.19640355112408678,0.21573377252741732,0.3907376876140353,0.38439255410583856,0.40937426362076357,0.3951684152982437,0.001109923167370752,0.001892756457589466
resolution_s3_train_saved_ord,resolution_max_b1,3,train_probe,saved,ordinary,top2,0.0018402260515546498,0.002075966835271475,0.14969567336536704,0.16209344305586176,0.4171694144374754,0.41645523081420094,0.42850773143343823,0.4152309062602524,0.002786954712164651,0.0041444530344133855
resolution_s3_train_saved_ord,resolution_max_b1,3,train_probe,saved,ordinary,min,0.005141319207894646,0.0061845500219554475,0.061373532525193286,0.06699790816538401,0.2878396486742791,0.28816382795547435,0.6442614599661048,0.6361798480471298,0.0013840396265281782,0.002473865810056343
resolution_s3_train_saved_rel,resolution_max_b1,3,train_probe,saved,relative,top1,0.003760702094486284,0.00525657559858223,0.2442967894737393,0.27017026808775235,0.3756702901277566,0.3654482846386403,0.373055637611345,0.3536732928957227,0.0032165806926728107,0.005451578779302351
resolution_s3_train_saved_rel,resolution_max_b1,3,train_probe,saved,relative,top2,0.003154238652472364,0.004111766111391459,0.1931479779994288,0.20894960646013905,0.40433299512610404,0.40170561340808464,0.39348247640245476,0.3763194003283374,0.005882311819539951,0.008913613692047458
resolution_s3_train_saved_rel,resolution_max_b1,3,train_probe,saved,relative,min,0.006354534709956121,0.008166744348082872,0.07551874009918211,0.08348055096196928,0.28883612611941173,0.2885483284367362,0.6249138889208183,0.6117733694678239,0.004376710150631675,0.008031006785387823
resolution_s4_test_centre_frozen_ord,resolution_max_b1,4,test_probe,centre_frozen,ordinary,top1,0.0032176364723279878,0.004261710926023444,0.16321771602654664,0.1719306596434512,0.3587199151963306,0.35838927362723305,0.47395155506769737,0.4638709122426882,0.0008931772370973135,0.001547443560604118
resolution_s4_test_centre_frozen_ord,resolution_max_b1,4,test_probe,centre_frozen,ordinary,top2,0.004406532750919106,0.0049810420375512605,0.1518517859031337,0.16265628335838592,0.38101705384441825,0.3817324620454987,0.46153765984102835,0.4485750690123785,0.0011869676605005635,0.0020551435461857834
resolution_s4_test_centre_frozen_ord,resolution_max_b1,4,test_probe,centre_frozen,ordinary,min,0.005983211947428325,0.006817977947211582,0.10414874219959566,0.11087777189486692,0.31941905838844414,0.3177808027363785,0.5692045255287884,0.5623073239892694,0.0012444619357433644,0.002216123432273571
resolution_s4_test_centre_frozen_rel,resolution_max_b1,4,test_probe,centre_frozen,relative,top1,0.00599172054272335,0.008387422821265011,0.1868554434657956,0.19761284823525094,0.35559935483609467,0.354125856624943,0.4489055775784723,0.4353123543354999,0.0026479035769140036,0.004561517983041134
resolution_s4_test_centre_frozen_rel,resolution_max_b1,4,test_probe,centre_frozen,relative,top2,0.005726583311850095,0.006605764756009471,0.17805178834970828,0.19207954944164946,0.3824826608041455,0.3806058915625193,0.43009924115656534,0.41423281574327847,0.00363972637773078,0.006475978496543227
resolution_s4_test_centre_frozen_rel,resolution_max_b1,4,test_probe,centre_frozen,relative,min,0.007817366415335073,0.00920309652424975,0.1238215332455733,0.13452811688162078,0.3123150547077091,0.3087357523721734,0.5519940583222301,0.5401343306876347,0.004051987309152344,0.007398703534321405
resolution_s4_test_saved_ord,resolution_max_b1,4,test_probe,saved,ordinary,top1,0.003153102336862694,0.004245549293810567,0.1723005402887965,0.181144127211391,0.35027742768405973,0.35075427344926846,0.4734372633654549,0.4623865708404959,0.000831666324826261,0.0014694792050341367
resolution_s4_test_saved_ord,resolution_max_b1,4,test_probe,saved,ordinary,top2,0.003915351042791369,0.004393848892460068,0.13208562499522916,0.1420348961081822,0.39179518772904076,0.3925879717457097,0.4710122433897846,0.4588568311167875,0.0011915928431540934,0.002126452136860646
resolution_s4_test_saved_ord,resolution_max_b1,4,test_probe,saved,ordinary,min,0.002908174276220605,0.003469224782602382,0.0635366353230551,0.06738965512247404,0.31350295833455616,0.3132020431545342,0.6189756054763651,0.613993668913231,0.001076626589803053,0.0019454080271584656
resolution_s4_test_saved_rel,resolution_max_b1,4,test_probe,saved,relative,top1,0.006060484979559293,0.008565487961648832,0.1960454829802829,0.20679532084364483,0.34924718773081415,0.3486457234336159,0.44607689533597855,0.4314747643105682,0.002569948973365171,0.004518703450522206
resolution_s4_test_saved_rel,resolution_max_b1,4,test_probe,saved,relative,top2,0.005002941110351819,0.005746791103597325,0.1591481872804829,0.17246709607572275,0.3925599757186165,0.3905071552497245,0.43944708771906466,0.42428802453593095,0.003841808171484086,0.00699093303502438
resolution_s4_test_saved_rel,resolution_max_b1,4,test_probe,saved,relative,min,0.0039250567247484346,0.004870049445851402,0.06948707652923498,0.07502251480976865,0.31001502771413864,0.30854054289588645,0.612973757711718,0.6049187448302421,0.0035990813201600045,0.006648148018251352
resolution_s4_train_centre_frozen_ord,resolution_max_b1,4,train_probe,centre_frozen,ordinary,top1,0.0035579681515000377,0.004852242286263314,0.15320620385706102,0.16137144089471833,0.3752735724095322,0.37497531603809897,0.46697102191041856,0.4571063494314871,0.0009912336714880993,0.001694651349432269
resolution_s4_train_centre_frozen_ord,resolution_max_b1,4,train_probe,centre_frozen,ordinary,top2,0.001648002484737057,0.0019562424509992184,0.14174308019012777,0.1486415535599097,0.3476637565920581,0.3493293962147889,0.5078438035558208,0.49801918041498117,0.0011013571772561994,0.0020536273593210015
resolution_s4_train_centre_frozen_ord,resolution_max_b1,4,train_probe,centre_frozen,ordinary,min,0.004485808206858164,0.0052157483458676514,0.07252712074312753,0.07732966337454332,0.2809627650103834,0.2823965135581284,0.6409431835108154,0.6331429988576065,0.0010811225288153846,0.0019150758638540669
resolution_s4_train_centre_frozen_rel,resolution_max_b1,4,train_probe,centre_frozen,relative,top1,0.00698550486705529,0.010091938631501955,0.17444421007937216,0.184197721604983,0.3725620403165498,0.3709593782348055,0.4431442280939607,0.429895478605041,0.002864016643061968,0.00485548292366858
resolution_s4_train_centre_frozen_rel,resolution_max_b1,4,train_probe,centre_frozen,relative,top2,0.00271626389164336,0.003347286347214584,0.16841260492843957,0.17834866581127232,0.34723132591657924,0.3471039868402524,0.4779579058377818,0.4644240485021778,0.0036818994255560862,0.006776012499083024
resolution_s4_train_centre_frozen_rel,resolution_max_b1,4,train_probe,centre_frozen,relative,min,0.005555165351546002,0.006776788213766338,0.08178600200278038,0.08873631591715037,0.282344030023252,0.2828115139865213,0.6268198269681905,0.6153142941183027,0.003494975654231163,0.006361087764259182
resolution_s4_train_saved_ord,resolution_max_b1,4,train_probe,saved,ordinary,top1,0.003197421837459627,0.004455184293788139,0.15488045211648993,0.16273217288791425,0.3707178622186359,0.3712149830418967,0.47022609677392746,0.45990605700710135,0.000978167053487037,0.0016916027692994533
resolution_s4_train_saved_ord,resolution_max_b1,4,train_probe,saved,ordinary,top2,0.001892726083587116,0.0022318797841233964,0.15062839910273143,0.15763278719357765,0.34803822058751666,0.34861663898010586,0.4983396553662056,0.4894837736576477,0.0011009988599592487,0.0020349203845453573
resolution_s4_train_saved_ord,resolution_max_b1,4,train_probe,saved,ordinary,min,0.002088726396718859,0.0023785622613585688,0.05901074982649743,0.061980000097184774,0.29656888031065787,0.29883795698229987,0.6412441731962024,0.6349456018933902,0.001087470269923317,0.001857878765766653
resolution_s4_train_saved_rel,resolution_max_b1,4,train_probe,saved,relative,top1,0.006552796198761936,0.009628211958126135,0.17527551179088022,0.18447993854642966,0.36979023815042583,0.36906970589373794,0.4454821039280733,0.431835745278693,0.002899349931858714,0.004986398323013221
resolution_s4_train_saved_rel,resolution_max_b1,4,train_probe,saved,relative,top2,0.00444848001839815,0.005308192782191543,0.2390727400893051,0.2545687243176908,0.33885721042149947,0.3356699937508784,0.41425494017199915,0.39865377123193263,0.0033666292987980986,0.0057993179173066135
resolution_s4_train_saved_rel,resolution_max_b1,4,train_probe,saved,relative,min,0.002598899419622761,0.0031781597835404568,0.06458690376365571,0.06918040534250113,0.298837866735348,0.30017720795648073,0.6307064663781305,0.6216659874126915,0.003269863703242991,0.005798239504786125
