method,seed,vector,t,test_probe_ce_centre_frozen,test_probe_ce_pointwise,train_probe_ce_centre_frozen,train_probe_ce_pointwise,train_probe_rise_centre_frozen,train_probe_rise_pointwise,test_probe_rise_centre_frozen,test_probe_rise_pointwise
plain,0,min,-0.5,1721532284.928,7.7208623046875,1725396877.312,7.8705576171875,1725396877.0898197,7.648377304077148,1721532284.1709695,6.963831909179687
plain,0,min,-0.35,34778468.352,7.298326171875,34954338.304,7.415847900390625,34954338.08181968,7.193667587280273,34778467.5949696,6.541295776367187
plain,0,min,-0.2,260231.992,6.725236328125,261531.376,6.967212158203125,261531.15381968688,6.7450318450927735,260231.2349696045,5.968205932617187
plain,0,min,-0.1,4450.54725,5.033251953125,4460.22425,5.20787451171875,4460.00206968689,4.985694198608399,4449.7902196044915,4.276221557617188
plain,0,min,-0.05,465.761109375,2.923415283203125,466.7866875,2.66727880859375,466.56450718688967,2.4450984954833985,465.0040789794922,2.1663848876953122
plain,0,min,-0.02,59.864455078125,1.3332113647460937,59.585689453125,0.7850969543457031,59.36350914001465,0.5629166412353517,59.107424682617186,0.5761809692382812
plain,0,min,-0.01,9.0399677734375,0.9261599426269532,8.20476953125,0.3664617309570313,7.982589218139648,0.14428141784667978,8.282937377929688,0.16912954711914074
plain,0,min,-0.005,1.088968780517578,0.8064136047363282,0.484836669921875,0.2626734924316406,0.26265635681152355,0.040493179321289124,0.3319383850097656,0.04938320922851569
plain,0,min,-0.002,0.7599281005859375,0.7685694274902344,0.2241813354492187,0.2308348617553711,0.0020010223388672033,0.008654548645019605,0.0028977050781250346,0.011539031982421899
plain,0,min,-0.001,0.7551310424804687,0.7615175170898437,0.2213954010009765,0.22521337890625,-0.0007849121093750078,0.003033065795898515,-0.0018993530273437864,0.004487121582031239
plain,0,min,-0.0005,0.7558011779785156,0.7589729614257813,0.2217239685058593,0.2233790740966796,-0.0004563446044922037,0.0011987609863280957,-0.0012292175292968333,0.0019425659179688193
plain,0,min,0.0,0.7570303955078125,0.7570303955078125,0.2221803131103515,0.2221803131103515,0.0,0.0,0.0,0.0
plain,0,min,0.0005,0.7582190246582031,0.7558236694335938,0.2226442642211914,0.2216300048828125,0.0004639511108399108,-0.000550308227538987,0.001188629150390641,-0.001206726074218678
plain,0,min,0.001,0.7598471069335937,0.7553593444824219,0.2232978057861328,0.2217051086425781,0.0011174926757813175,-0.00047520446777338243,0.0028167114257812154,-0.0016710510253905575
plain,0,min,0.002,0.767642333984375,0.7567442321777343,0.2273112564086914,0.2236965408325195,0.005130943298339907,0.001516227722168001,0.010611938476562499,-0.00028616333007813743
plain,0,min,0.005,0.9936881103515623,0.7819190673828125,0.4167124328613281,0.2439896011352539,0.1945321197509766,0.021809288024902396,0.23665771484374987,0.02488867187499999
plain,0,min,0.01,5.345990234375,0.9009042358398438,4.6451845703125,0.3352031555175781,4.423004257202148,0.11302284240722663,4.588959838867187,0.14387384033203132
plain,0,min,0.02,35.926962890625,1.4167181396484374,35.57783984375,0.7943505859375,35.35565953063965,0.5721702728271485,35.16993249511719,0.6596877441406249
plain,0,min,0.05,227.3071796875,2.7317325439453124,227.176703125,2.1881407470703125,226.95452281188963,1.965960433959961,226.55014929199217,1.9747021484374998
plain,0,min,0.1,1290.2771875,4.084587646484375,1293.711625,3.600414306640625,1293.4894446868896,3.3782339935302734,1289.5201571044922,3.3275572509765627
plain,0,min,0.2,20851.697,6.278553955078125,20988.421,5.72601123046875,20988.198819686888,5.503830917358398,20850.939969604493,5.521523559570312
plain,0,min,0.35,1009091.712,7.56216259765625,1009657.12,7.338958984375,1009656.8978196869,7.116778671264648,1009090.9549696045,6.805132202148437
plain,0,min,0.5,45635868.672,7.18568359375,45245749.248,7.34006494140625,45245749.02581969,7.117884628295898,45635867.9149696,6.428653198242188
plain,0,top1,-0.5,6775989514272.768,6.7750546875,6849730881519.616,8.46914599609375,6849730881519.394,8.246965682983399,6775989514272.011,6.018024291992187
plain,0,top1,-0.35,51469084524.544,6.431671630859375,51905631879.168,7.66247021484375,51905631878.945816,7.440289901733398,51469084523.78697,5.6746412353515625
plain,0,top1,-0.2,82024964.096,5.937845458984375,82448195.584,6.8307451171875,82448195.3618197,6.608564804077148,82024963.3389696,5.180815063476563
plain,0,top1,-0.1,239617.184,5.06563427734375,240067.128,5.50086181640625,240066.9058196869,5.278681503295898,239616.4269696045,4.308603881835937
plain,0,top1,-0.05,5241.49475,3.667332153320313,5244.1205,3.680155517578125,5243.898319686889,3.457975204467773,5240.737719604492,2.9103017578125003
plain,0,top1,-0.02,305.4988125,1.7853078002929688,305.1358125,1.38651220703125,304.91363218688963,1.1643318939208986,304.7417821044922,1.0282774047851562
plain,0,top1,-0.01,89.35525390625,1.1067109985351562,89.12565234375,0.58682861328125,88.90347203063965,0.36464830017089855,88.59822351074219,0.3496806030273437
plain,0,top1,-0.005,35.93012109375,0.8668380737304687,35.684599609375,0.3163065643310547,35.46241929626465,0.0941262512207032,35.17309069824219,0.10980767822265625
plain,0,top1,-0.002,9.4979326171875,0.7810794982910156,8.92023046875,0.2359659042358398,8.698050155639649,0.0137855911254883,8.740902221679688,0.024049102783203158
plain,0,top1,-0.001,2.82446142578125,0.7653177795410157,2.27389697265625,0.2253985290527344,2.051716659545898,0.0032182159423828904,2.0674310302734376,0.008287384033203171
plain,0,top1,-0.0005,1.2075482177734376,0.7602962036132812,0.6533286437988282,0.2229029235839843,0.4311483306884767,0.0007226104736328121,0.4505178222656251,0.003265808105468726
plain,0,top1,0.0,0.7570303955078125,0.7570303955078125,0.2221803131103515,0.2221803131103515,0.0,0.0,0.0,0.0
plain,0,top1,0.0005,1.1457887573242187,0.7557737121582031,0.5604367980957031,0.2234629745483398,0.33825648498535166,0.0012826614379883028,0.3887583618164062,-0.0012566833496093777
plain,0,top1,0.001,2.1587081298828124,0.7563521118164063,1.4997070922851563,0.2266733779907226,1.2775267791748048,0.0044930648803711,1.4016777343749998,-0.0006782836914062118
plain,0,top1,0.002,5.16432275390625,0.7636248168945312,4.4751552734375,0.238318260192871,4.2529749603271485,0.016137947082519505,4.407292358398437,0.00659442138671873
plain,0,top1,0.005,16.35458349609375,0.83208935546875,15.897998046875,0.3195271759033203,15.675817733764648,0.09734686279296881,15.597553100585937,0.07505895996093748
plain,0,top1,0.01,41.35676953125,1.0604179077148437,41.23491796875,0.5978805847167968,41.01273765563965,0.37570027160644537,40.59973913574219,0.3033875122070312
plain,0,top1,0.02,118.48684765625,1.6300379638671876,118.960234375,1.28759326171875,118.73805406188964,1.0654129486083985,117.7298172607422,0.8730075683593751
plain,0,top1,0.05,1320.895125,3.2203741455078125,1322.12325,3.106682373046875,1321.9010696868897,2.884502059936523,1320.1380946044922,2.46334375
plain,0,top1,0.1,39061.406,4.6498291015625,39078.356,4.9030009765625,39078.13381968689,4.680820663452148,39060.648969604496,3.8927987060546876
plain,0,top1,0.2,8951226.368,5.367185302734375,8953477.12,5.9241904296875,8953476.897819687,5.702010116577148,8951225.610969605,4.610154907226563
plain,0,top1,0.35,4144260186.112,5.99714306640625,4145837637.632,6.605337158203125,4145837637.4098196,6.383156845092773,4144260185.3549695,5.240112670898437
plain,0,top1,0.5,468126336548.864,6.482797119140625,468340178944.0,7.00022705078125,468340178943.77783,6.778046737670898,468126336548.107,5.7257667236328125
plain,1,min,-0.5,224762970.112,7.891546142578125,227688898.56,8.07529541015625,227688898.36094865,7.876244056701661,224762969.3974687,7.177014831542969
plain,1,min,-0.35,5718373.632,7.875056640625,5800905.984,7.927244140625,5800905.784948647,7.72819278717041,5718372.917468689,7.160525329589844
plain,1,min,-0.2,65164.116,7.06671826171875,65745.84,7.0729248046875,65745.64094864654,6.87387345123291,65163.401468688964,6.352186950683594
plain,1,min,-0.1,1699.606875,5.478741943359375,1703.7891875,5.31182177734375,1703.5901361465455,5.1127704238891605,1698.8923436889647,4.764210632324219
plain,1,min,-0.05,188.57921875,3.3220587158203125,188.12478125,2.8605933837890625,187.92572989654542,2.6615420303344726,187.86468743896484,2.607527404785156
plain,1,min,-0.02,34.498625,1.23686376953125,34.02544921875,0.6641800537109375,33.826397865295405,0.46512870025634767,33.78409368896484,0.5223324584960939
plain,1,min,-0.01,7.134011474609375,0.832644775390625,6.424590576171875,0.2969969177246094,6.225539222717285,0.0979455642700196,6.419480163574219,0.11811346435546877
plain,1,min,-0.005,1.053018524169922,0.7419607543945312,0.4905719299316406,0.2218427658081054,0.2915205764770508,0.022791412353515617,0.3384872131347657,0.027429443359375028
plain,1,min,-0.002,0.7142449951171875,0.7180034484863281,0.2024298782348632,0.2027395401000976,0.0033785247802733953,0.003688186645507796,-0.0002863159179686825,0.0034721374511719194
plain,1,min,-0.001,0.7099079284667968,0.7151025085449219,0.1983857650756836,0.1999911193847656,-0.0006655883789062067,0.0009397659301758066,-0.004623382568359369,0.0005711975097656419
plain,1,min,-0.0005,0.7119324645996093,0.7145227355957031,0.1986454162597656,0.1992879791259765,-0.0004059371948242074,0.0002366256713867143,-0.0025988464355468643,-8.57543945309569e-06
plain,1,min,0.0,0.7145313110351562,0.7145313110351562,0.1990513534545898,0.1990513534545898,0.0,0.0,0.0,0.0
plain,1,min,0.0005,0.7171119384765625,0.7150911254882812,0.1992006378173828,0.1992999114990234,0.00014928436279298962,0.0002485580444336055,0.0025806274414063024,0.0005598144531250293
plain,1,min,0.001,0.7198622436523437,0.7161336669921875,0.1997501907348632,0.2000372772216797,0.0006988372802733955,0.0009859237670898913,0.005330932617187534,0.0016023559570312873
plain,1,min,0.002,0.7316701965332031,0.7198295288085937,0.2057154083251953,0.2029561157226562,0.006664054870605507,0.0039047622680664085,0.017138885498046874,0.00529821777343753
plain,1,min,0.005,1.1594933471679687,0.7437477111816406,0.5224042663574219,0.2243345642089843,0.3233529129028321,0.02528321075439449,0.4449620361328125,0.02921640014648441
plain,1,min,0.01,8.327427734375,0.834529541015625,7.492156005859375,0.312909683227539,7.293104652404785,0.11385832977294918,7.612896423339844,0.11999822998046883
plain,1,min,0.02,45.326115234375,1.181728271484375,45.036666015625,0.69200048828125,44.83761466217041,0.49294913482666025,44.61158392333984,0.4671969604492189
plain,1,min,0.05,251.5834453125,2.843970703125,252.341390625,2.50350927734375,252.1423392715454,2.30445792388916,250.86891400146484,2.129439392089844
plain,1,min,0.1,2523.730375,4.620654052734375,2531.201,4.418409912109375,2531.0019486465453,4.219358558654785,2523.015843688965,3.906122741699219
plain,1,min,0.2,116608.664,5.500172119140625,116686.78,5.28987646484375,116686.58094864654,5.09082511138916,116607.94946868897,4.7856408081054695
plain,1,min,0.35,12607625.728,6.68679931640625,12685434.368,6.21506689453125,12685434.168948647,6.01601554107666,12607625.013468688,5.972268005371094
plain,1,min,0.5,786122571.776,7.081143798828125,794440597.504,6.72935986328125,794440597.3049486,6.53030850982666,786122571.0614687,6.3666124877929695
plain,1,top1,-0.5,22264769012563.97,8.1872275390625,22860501377613.824,8.59274658203125,22860501377613.625,8.39369522857666,22264769012563.254,7.472696228027344
plain,1,top1,-0.35,145118707318.784,6.662965576171875,148718577778.688,7.59834423828125,148718577778.48892,7.39929288482666,145118707318.06946,5.9484342651367195
plain,1,top1,-0.2,177660854.272,5.418969970703125,181340839.936,6.59465087890625,181340839.73694864,6.39559952545166,177660853.5574687,4.704438659667969
plain,1,top1,-0.1,333906.72,4.548488037109375,339227.344,5.175736083984375,339227.14494864654,4.976684730529785,333906.00546868896,3.8339567260742187
plain,1,top1,-0.05,4443.45,3.4066759033203127,4482.6475,3.3961142578125,4482.448448646545,3.19706290435791,4442.735468688965,2.6921445922851563
plain,1,top1,-0.02,232.7284765625,1.7269381103515624,233.623171875,1.37090478515625,233.4241205215454,1.1718534317016602,232.01394525146483,1.0124067993164063
plain,1,top1,-0.01,81.41955078125,1.073429443359375,81.35663671875,0.5775421905517578,81.1575853652954,0.378490837097168,80.70501947021484,0.35889813232421874
plain,1,top1,-0.005,32.945080078125,0.8170115356445312,32.5159453125,0.3023650360107421,32.31689395904541,0.10331368255615231,32.23054876708984,0.102480224609375
plain,1,top1,-0.002,7.74755322265625,0.7273724365234375,7.11834619140625,0.215415786743164,6.91929483795166,0.016364433288574204,7.033021911621094,0.012841125488281313
plain,1,top1,-0.001,2.46037353515625,0.7160920715332031,1.7655504150390624,0.2028102111816406,1.5664990615844725,0.0037588577270508128,1.7458422241210938,0.0015607604980468759
plain,1,top1,-0.0005,1.1331043701171877,0.7140986938476562,0.5388983764648437,0.1997517776489258,0.33984702301025393,0.0007004241943359968,0.41857305908203146,-0.000432617187499984
plain,1,top1,0.0,0.7145313110351562,0.7145313110351562,0.1990513534545898,0.1990513534545898,0.0,0.0,0.0,0.0
plain,1,top1,0.0005,1.0982815856933594,0.717222412109375,0.5314832763671875,0.2005711822509765,0.3324319229125977,0.0015198287963867074,0.3837502746582032,0.0026911010742187713
plain,1,top1,0.001,2.278335205078125,0.7223154602050781,1.647445556640625,0.2043254165649414,1.448394203186035,0.005274063110351612,1.5638038940429686,0.007784149169921872
plain,1,top1,0.002,5.642376708984375,0.7406623229980469,5.039950439453125,0.2192105484008789,4.840899085998535,0.020159194946289094,4.927845397949219,0.026131011962890693
plain,1,top1,0.005,14.1505712890625,0.8677086791992188,13.84192626953125,0.3353244323730469,13.64287491607666,0.13627307891845708,13.436039978027344,0.15317736816406258
plain,1,top1,0.01,23.3575380859375,1.2935266723632812,23.1694609375,0.7515011596679687,22.97040958404541,0.5524498062133789,22.643006774902343,0.578995361328125
plain,1,top1,0.02,43.70240625,2.198092407226562,43.53421484375,1.739505859375,43.33516349029541,1.54045450592041,42.98787493896484,1.4835610961914059
plain,1,top1,0.05,466.17203125,3.724120361328125,467.586671875,3.6008555908203124,467.3876205215454,3.4018042373657225,465.4574999389648,3.0095890502929685
plain,1,top1,0.1,17347.189,4.890545654296875,17381.335,5.143599365234375,17381.135948646544,4.944548011779785,17346.474468688964,4.176014343261719
plain,1,top1,0.2,4581054.464,6.300139892578125,4593096.96,6.191027587890625,4593096.760948647,5.991976234436035,4581053.749468689,5.585608581542969
plain,1,top1,0.35,2956308381.696,9.16773388671875,2961492803.584,7.2368447265625,2961492803.3849487,7.0377933731079105,2956308380.9814687,8.453202575683594
plain,1,top1,0.5,461611458363.392,10.3978271484375,461591476699.136,8.18676220703125,461591476698.93695,7.987710853576661,461611458362.6775,9.683295837402344
plain,2,min,-0.5,405280571.392,7.42848193359375,402728321.024,7.05052197265625,402728320.8295825,6.856104522705078,405280570.6567675,6.693249389648438
plain,2,min,-0.35,6534020.608,6.96143310546875,6533210.368,6.71294873046875,6533210.17358255,6.518531280517578,6534019.872767456,6.226200561523437
plain,2,min,-0.2,61907.156,6.6148681640625,62279.614,6.066865966796875,62279.41958255005,5.8724485168457035,61906.42076745606,5.879635620117187
plain,2,min,-0.1,1140.9795,5.44972998046875,1144.2993125,4.762621826171875,1144.104895050049,4.568204376220703,1140.2442674560546,4.714497436523438
plain,2,min,-0.05,119.7910859375,3.8011700439453127,120.02666796875,3.06479931640625,119.83225051879883,2.870381866455078,119.05585339355468,3.0659375000000004
plain,2,min,-0.02,15.66534375,1.4470843505859374,15.4093955078125,0.8355355224609375,15.214978057861329,0.6411180725097657,14.930111206054688,0.711851806640625
plain,2,min,-0.01,3.355251831054688,0.88554736328125,2.811120971679688,0.3208660278320313,2.616703521728516,0.12644857788085948,2.6200192871093755,0.1503148193359376
plain,2,min,-0.005,0.9504417724609376,0.7747632751464844,0.3672975769042969,0.2245881271362304,0.17288012695312507,0.030170677185058586,0.21520922851562518,0.0395307312011719
plain,2,min,-0.002,0.7475490112304688,0.7435768737792968,0.1993705596923828,0.1999984436035156,0.004953109741210993,0.005580993652343796,0.01231646728515634,0.008344329833984365
plain,2,min,-0.001,0.7390705261230469,0.7382153015136719,0.1946460876464843,0.1961969451904296,0.00022863769531250577,0.0017794952392578,0.003837982177734456,0.0029827575683594176
plain,2,min,-0.0005,0.7369132690429687,0.7363946228027344,0.1941675186157226,0.1950538482666015,-0.000249931335449205,0.0006363983154296926,0.001680725097656266,0.001162078857421922
plain,2,min,0.0,0.7352325439453125,0.7352325439453125,0.1944174499511718,0.1944174499511718,0.0,0.0,0.0,0.0
plain,2,min,0.0005,0.7343166198730469,0.7345862731933593,0.194946922302246,0.1943150482177734,0.0005294723510742005,-0.00010240173339839953,-0.0009159240722655948,-0.0006462707519531152
plain,2,min,0.001,0.7347234497070313,0.7346624145507813,0.1957973327636718,0.1947093353271484,0.0013798828125000107,0.0002918853759766027,-0.0005090942382811603,-0.0005701293945311603
plain,2,min,0.002,0.7429117431640625,0.7369790344238282,0.200657241821289,0.1970406951904297,0.006239791870117195,0.0026232452392578876,0.0076791992187500435,0.0017464904785157165
plain,2,min,0.005,0.993207275390625,0.7633544311523438,0.3858009033203125,0.2173976669311523,0.19138345336914073,0.02298021697998051,0.2579747314453126,0.02812188720703135
plain,2,min,0.01,4.16187841796875,0.8917980651855468,3.4276505126953123,0.3116229248046875,3.2332330627441404,0.1172054748535157,3.4266458740234373,0.15656552124023437
plain,2,min,0.02,24.521970703125,1.51989794921875,24.2117724609375,0.8258348693847656,24.01735501098633,0.6314174194335938,23.786738159179688,0.7846654052734376
plain,2,min,0.05,155.564578125,3.4582235107421875,155.8475390625,2.779020385742188,155.65312161254883,2.584602935791016,154.8293455810547,2.722990966796875
plain,2,min,0.1,637.84096875,5.033868896484375,639.2471875,4.581343505859375,639.0527700500488,4.386926055908203,637.1057362060546,4.298636352539062
plain,2,min,0.2,8919.144,6.40907958984375,8937.525,6.28532763671875,8937.330582550048,6.090910186767578,8918.408767456054,5.673847045898437
plain,2,min,0.35,699392.288,6.69736865234375,705088.928,6.46383447265625,705088.73358255,6.2694170227050785,699391.552767456,5.962136108398437
plain,2,min,0.5,36062236.672,6.134917236328125,36512421.888,5.72951904296875,36512421.69358255,5.535101593017578,36062235.93676745,5.399684692382812
plain,2,top1,-0.5,18986749040525.312,7.82823779296875,19362202196639.742,8.18479052734375,19362202196639.547,7.9903730773925785,18986749040524.58,7.093005249023437
plain,2,top1,-0.35,151830273196.032,6.15295947265625,154650070220.8,7.121486572265625,154650070220.60556,6.927069122314453,151830273195.29678,5.4177269287109375
plain,2,top1,-0.2,241901142.016,5.0828408203125,245970337.792,6.070328369140625,245970337.59758255,5.875910919189453,241901141.28076747,4.347608276367187
plain,2,top1,-0.1,642919.552,4.200040771484375,652479.232,4.911210693359375,652479.03758255,4.716793243408203,642918.8167674561,3.464808227539062
plain,2,top1,-0.05,13667.7325,3.1023916015625,13819.643,3.43782421875,13819.448582550049,3.243406768798828,13666.997267456054,2.3671590576171875
plain,2,top1,-0.02,640.95171875,1.6130833740234376,644.6789375,1.4363763427734375,644.4845200500488,1.2419588928222658,640.2164862060547,0.8778508300781251
plain,2,top1,-0.01,138.2067421875,1.033003631591797,138.4981796875,0.6193162841796875,138.30376223754882,0.4248988342285157,137.4715096435547,0.2977710876464845
plain,2,top1,-0.005,39.937572265625,0.8178899841308593,39.6696015625,0.3056042327880859,39.475184112548824,0.1111867828369141,39.202339721679685,0.08265744018554688
plain,2,top1,-0.002,8.07295458984375,0.7454414672851563,7.5194541015625,0.2086849594116211,7.325036651611328,0.014267509460449301,7.337722045898437,0.0102089233398438
plain,2,top1,-0.001,2.7604495849609374,0.7361547546386719,2.20234521484375,0.1967502288818359,2.007927764892578,0.002332778930664109,2.025217041015625,0.0009222106933594043
plain,2,top1,-0.0005,1.2423201904296874,0.7345267028808594,0.6736310119628907,0.1944502258300781,0.47921356201171883,3.277587890629374e-05,0.507087646484375,-0.0007058410644530388
plain,2,top1,0.0,0.7352325439453125,0.7352325439453125,0.1944174499511718,0.1944174499511718,0.0,0.0,0.0,0.0
plain,2,top1,0.0005,1.1809283447265626,0.7383212280273438,0.5406004638671875,0.1966714172363281,0.3461830139160157,0.002253967285156311,0.44569580078125015,0.0030886840820313344
plain,2,top1,0.001,2.2920677490234374,0.7438294067382812,1.5993314208984375,0.2010822448730468,1.4049139709472658,0.006664794921874995,1.556835205078125,0.008596862792968785
plain,2,top1,0.002,5.122298828125,0.7618895263671875,4.47994970703125,0.2161947174072265,4.285532257080078,0.02177726745605471,4.387066284179688,0.026656982421875086
plain,2,top1,0.005,12.8520244140625,0.8646824035644531,12.53094677734375,0.3118542785644531,12.33652932739258,0.11743682861328128,12.116791870117188,0.12944985961914068
plain,2,top1,0.01,23.836748046875,1.1164599609375,23.7394921875,0.5889185180664063,23.54507473754883,0.39450106811523444,23.10151550292969,0.38122741699218765
plain,2,top1,0.02,50.944435546875,1.5393356323242189,51.001115234375,1.1327822875976563,50.806697784423825,0.9383648376464845,50.209203002929684,0.8041030883789064
plain,2,top1,0.05,251.9248828125,2.1400131225585937,252.540109375,1.986910888671875,252.3456919250488,1.7924934387207032,251.1896502685547,1.4047805786132812
plain,2,top1,0.1,2447.602125,3.31129296875,2463.097,3.2070498046875,2462.902582550049,3.012632354736328,2446.8668924560548,2.5760604248046874
plain,2,top1,0.2,288119.808,5.002005126953125,290549.04,4.598089599609375,290548.84558255004,4.403672149658203,288119.07276745606,4.266772583007812
plain,2,top1,0.35,128094756.864,4.168994750976562,129234190.336,4.742656494140625,129234190.14158255,4.548239044189453,128094756.12876745,3.4337622070312497
plain,2,top1,0.5,13176648761.344,4.50106982421875,13288271249.408,5.196025146484375,13288271249.213583,5.0016076965332035,13176648760.608767,3.7658372802734377
plain,3,min,-0.5,2311460880.384,6.1996044921875,2326639542.272,6.737808349609375,2326639542.0949545,6.560763069152832,2311460879.6228523,5.438456970214844
plain,3,min,-0.35,35197405.184,6.073214111328125,35376527.36,6.44970068359375,35376527.18295472,6.272655403137207,35197404.42285248,5.312066589355468
plain,3,min,-0.2,197295.528,6.4584296875,198168.352,6.70354443359375,198168.17495471955,6.526499153137207,197294.76685247803,5.697282165527343
plain,3,min,-0.1,5587.767,5.50987890625,5613.632,5.6079990234375,5613.454954719543,5.430953742980957,5587.005852478027,4.7487313842773435
plain,3,min,-0.05,584.0933125,3.802496826171875,588.0704375,3.700177001953125,587.8933922195434,3.523131721496582,583.3321649780273,3.041349304199219
plain,3,min,-0.02,72.65108203125,1.7866958618164062,73.19827734375,1.315094482421875,73.02123206329345,1.138049201965332,71.88993450927734,1.02554833984375
plain,3,min,-0.01,12.9370107421875,0.9890585021972657,12.67665185546875,0.4174378967285156,12.499606575012207,0.24039261627197273,12.175863220214843,0.22791098022460943
plain,3,min,-0.005,1.596074401855469,0.8028954467773437,0.911339874267578,0.2199553680419922,0.7342945938110351,0.042910087585449314,0.8349268798828127,0.041747924804687475
plain,3,min,-0.002,0.7840650024414062,0.7641337585449218,0.1855382537841796,0.1834096527099609,0.00849297332763671,0.006364372253418016,0.022917480468749973,0.0029862365722655992
plain,3,min,-0.001,0.762512451171875,0.7609085693359375,0.176195068359375,0.1789101943969726,-0.0008502120971678739,0.0018649139404297022,0.0013649291992188228,-0.00023895263671869227
plain,3,min,-0.0005,0.76071044921875,0.7606116943359374,0.1766917266845703,0.1776467742919922,-0.00035355377197257565,0.0006014938354493016,-0.00043707275390625355,-0.0005358276367187775
plain,3,min,0.0,0.7611475219726562,0.7611475219726562,0.1770452804565429,0.1770452804565429,0.0,0.0,0.0,0.0
plain,3,min,0.0005,0.7622222595214844,0.7624548950195312,0.1768738250732421,0.1770907363891601,-0.0001714553833007948,4.5455932617205486e-05,0.0010747375488281419,0.0013073730468750044
plain,3,min,0.001,0.764947998046875,0.7644415893554688,0.1770547637939453,0.1777329864501953,9.483337402416137e-06,0.000687705993652421,0.0038004760742187393,0.003294067382812571
plain,3,min,0.002,0.7850708618164063,0.7705132446289062,0.1851192626953125,0.180684715270996,0.008073982238769623,0.003639434814453113,0.023923339843750058,0.00936572265625002
plain,3,min,0.005,1.4007022705078125,0.8038230895996094,0.6548536682128906,0.2027017517089843,0.4778083877563477,0.025656471252441415,0.6395547485351563,0.042675567626953126
plain,3,min,0.01,7.617576171875,0.9055301818847656,7.0780625,0.2922322082519531,6.901017219543457,0.11518692779541023,6.856428649902344,0.1443826599121094
plain,3,min,0.02,37.9631875,1.3035203857421875,37.78829296875,0.7394899597167969,37.61124768829346,0.562444679260254,37.202039978027344,0.5423728637695313
plain,3,min,0.05,248.1947890625,3.18805126953125,249.0349609375,2.8964677734375,248.85791565704343,2.719422492980957,247.43364154052736,2.426903747558594
plain,3,min,0.1,1786.8949375,4.503614013671875,1795.4775625,4.429640869140625,1795.3005172195435,4.252595588684082,1786.1337899780274,3.7424664916992185
plain,3,min,0.2,31177.381,5.45094140625,31347.994,5.490408447265625,31347.816954719543,5.313363166809082,31176.61985247803,4.689793884277344
plain,3,min,0.35,920239.104,7.3722783203125,926416.192,7.26727197265625,926416.0149547196,7.090226692199707,920238.342852478,6.611130798339843
plain,3,min,0.5,23438490.624,7.9906669921875,23576564.736,7.90790673828125,23576564.55895472,7.730861457824707,23438489.86285248,7.229519470214844
plain,3,top1,-0.5,3222591540035.584,7.85431884765625,3250089531277.312,9.8043955078125,3250089531277.135,9.627350227355956,3222591540034.8228,7.093171325683594
plain,3,top1,-0.35,25204554203.136,7.21519873046875,25388256329.728,8.69693212890625,25388256329.550957,8.519886848449707,25204554202.374855,6.454051208496094
plain,3,top1,-0.2,44378865.664,6.533276611328125,44706127.872,7.500351806640625,44706127.69495472,7.323306526184082,44378864.902852476,5.772129089355468
plain,3,top1,-0.1,178933.208,5.621903564453125,180295.424,6.13205322265625,180295.24695471954,5.955007942199707,178932.44685247805,4.860756042480468
plain,3,top1,-0.05,5246.9585,3.9650189208984377,5281.019,3.911418212890625,5280.8419547195435,3.734372932434082,5246.197352478027,3.2038713989257817
plain,3,top1,-0.02,353.70565625,2.0428807373046878,355.042875,1.6006010131835935,354.86582971954346,1.4235557327270505,352.94450872802736,1.2817332153320316
plain,3,top1,-0.01,127.1956640625,1.248843505859375,127.13501953125,0.6963115234375,126.95797425079346,0.5192662429809571,126.43451654052734,0.48769598388671875
plain,3,top1,-0.005,58.4974921875,0.9115070495605468,58.13333203125,0.3040709533691406,57.95628675079346,0.1270256729125977,57.73634466552735,0.15035952758789062
plain,3,top1,-0.002,16.8471162109375,0.7894114074707032,16.18448486328125,0.1929754028320312,16.007439582824706,0.015930122375488326,16.085968688964844,0.028263885498046926
plain,3,top1,-0.001,4.451895263671875,0.7692999267578124,3.724249267578125,0.1800419235229492,3.547203987121582,0.002996643066406318,3.6907477416992185,0.00815240478515622
plain,3,top1,-0.0005,1.4616412353515624,0.7637132568359375,0.8138750915527344,0.1773345718383789,0.6368298110961915,0.00028929138183600434,0.7004937133789062,0.002565734863281266
plain,3,top1,0.0,0.7611475219726562,0.7611475219726562,0.1770452804565429,0.1770452804565429,0.0,0.0,0.0,0.0
plain,3,top1,0.0005,1.0906158447265626,0.7616279296875,0.4391934509277344,0.1793451843261718,0.2621481704711915,0.0022999038696289165,0.32946832275390636,0.0004804077148438113
plain,3,top1,0.001,1.7589127807617186,0.7651512756347656,1.0760054931640626,0.1842927169799804,0.8989602127075197,0.0072474365234375115,0.9977652587890624,0.004003753662109366
plain,3,top1,0.002,3.33581982421875,0.7817041931152344,2.6752943115234373,0.2022166671752929,2.4982490310668943,0.025171386718750022,2.5746723022460936,0.020556671142578198
plain,3,top1,0.005,8.23687646484375,0.8956103515625,7.79200830078125,0.3258644714355468,7.614963020324707,0.14881919097900392,7.475728942871093,0.1344628295898438
plain,3,top1,0.01,15.149578125,1.2087465209960937,14.879201171875,0.6913308715820312,14.702155891418457,0.5142855911254883,14.388430603027343,0.44759899902343747
plain,3,top1,0.02,51.58926171875,1.7553284912109377,51.518203125,1.3792366943359375,51.34115784454346,1.2021914138793948,50.82811419677735,0.9941809692382815
plain,3,top1,0.05,871.35446875,2.6060843505859377,874.5204375,2.4490606689453127,874.3433922195434,2.2720153884887697,870.5933212280273,1.8449368286132815
plain,3,top1,0.1,30159.008,3.917268310546875,30316.946,3.952494140625,30316.768954719544,3.775448860168457,30158.24685247803,3.156120788574219
plain,3,top1,0.2,5310559.232,4.472133544921875,5342886.656,4.77327783203125,5342886.47895472,4.596232551574707,5310558.4708524775,3.7109860229492186
plain,3,top1,0.35,1621574877.184,4.700324462890625,1632704069.632,5.23800439453125,1632704069.4549546,5.060959114074707,1621574876.4228525,3.939176940917968
plain,3,top1,0.5,134592061243.392,4.7535615234375,135401322840.064,5.3460283203125,135401322839.88695,5.168983039855957,134592061242.63084,3.9924140014648435
plain,4,min,-0.5,159411363.84,9.2419560546875,158739292.16,8.4833359375,158739291.9954277,8.318763641357421,159411363.10385787,8.505813934326174
plain,4,min,-0.35,4894053.12,8.979076171875,4868641.28,8.241747314453125,4868641.1154277045,8.077175018310546,4894052.38385788,8.242934051513672
plain,4,min,-0.2,66869.85,8.266923095703126,66750.184,7.509093505859375,66750.01942770385,7.344521209716797,66869.11385787964,7.530780975341798
plain,4,min,-0.1,2373.28425,6.69779345703125,2373.104125,6.2474404296875,2372.9395527038573,6.082868133544922,2372.548107879639,5.961651336669922
plain,4,min,-0.05,264.05515625,4.346530029296875,264.48415625,3.7778779296875,264.31958395385743,3.613305633544922,263.3190141296387,3.6103879089355466
plain,4,min,-0.02,31.2376513671875,1.6674371337890626,31.0474248046875,1.1137449951171876,30.88285250854492,0.9491726989746095,30.50150924682617,0.9312950134277345
plain,4,min,-0.01,5.30427880859375,0.9465472717285156,4.766576416015625,0.3800811462402343,4.6020041198730475,0.21550885009765622,4.568136688232422,0.21040515136718752
plain,4,min,-0.005,1.0588753356933591,0.7690278930664063,0.4076125183105469,0.2086365737915039,0.2430402221679688,0.044064277648925815,0.32273321533203103,0.0328857727050782
plain,4,min,-0.002,0.7598692626953125,0.7371170959472656,0.1674730224609375,0.1715082244873046,0.0029007263183594145,0.006935928344726505,0.02372714233398443,0.0009749755859375098
plain,4,min,-0.001,0.7424253234863282,0.7351129455566406,0.1636502456665039,0.1665573348999023,-0.0009220504760741877,0.001985038757324198,0.006283203125000081,-0.0010291748046874494
plain,4,min,-0.0005,0.7385030822753906,0.7353002319335937,0.1640492858886718,0.165214973449707,-0.0005230102539063031,0.0006426773071289138,0.0023609619140625426,-0.0008418884277343608
plain,4,min,0.0,0.7361421203613281,0.7361421203613281,0.1645722961425781,0.1645722961425781,0.0,0.0,0.0,0.0
plain,4,min,0.0005,0.7344577941894531,0.7374908142089843,0.1651960830688476,0.1645362319946289,0.0006237869262694928,-3.6064147949183e-05,-0.0016843261718749725,0.001348693847656235
plain,4,min,0.001,0.7336329956054688,0.7393237915039063,0.1661566848754883,0.1651483917236328,0.0015843887329101969,0.000576095581054703,-0.0025091247558592933,0.0031816711425781685
plain,4,min,0.002,0.7401722717285156,0.7442085571289062,0.1723605880737304,0.1680978240966797,0.007788291931152297,0.003525527954101604,0.00403015136718754,0.008066436767578122
plain,4,min,0.005,0.9850997924804688,0.7675684204101563,0.4073624420166015,0.1893913269042968,0.2427901458740234,0.024819030761718708,0.24895767211914066,0.03142630004882818
plain,4,min,0.01,3.3727022705078125,0.8299049682617188,2.8868375244140627,0.2576834030151367,2.7222652282714845,0.09311110687255861,2.6365601501464844,0.09376284790039069
plain,4,min,0.02,17.0682763671875,1.06874365234375,16.71340625,0.516907958984375,16.54883395385742,0.35233566284179696,16.332134246826172,0.3326015319824218
plain,4,min,0.05,86.3265703125,2.6172880859375,86.34956640625,2.0784697265625,86.18499411010743,1.9138974304199219,85.59042819213867,1.881145965576172
plain,4,min,0.1,397.875125,4.290737060546875,398.76478125,3.9872001953125,398.6002089538574,3.822627899169922,397.1389828796387,3.554594940185547
plain,4,min,0.2,10779.7975,6.330939697265625,10795.4305,6.33711767578125,10795.265927703858,6.172545379638672,10779.06135787964,5.594797576904297
plain,4,min,0.35,584924.8,7.12802734375,583370.048,7.5403525390625,583369.8834277038,7.375780242919922,584924.0638578797,6.391885223388672
plain,4,min,0.5,21278846.976,7.540880615234375,21434707.968,8.28307568359375,21434707.803427704,8.118503387451172,21278846.23985788,6.804738494873047
plain,4,top1,-0.5,1932606501289.984,6.6364326171875,1968555713101.824,7.81532177734375,1968555713101.6594,7.6507494812011725,1932606501289.2478,5.900290496826172
plain,4,top1,-0.35,16945824399.36,5.92866552734375,17179566145.536,6.853847412109375,17179566145.371428,6.689275115966797,16945824398.62386,5.1925234069824215
plain,4,top1,-0.2,35726452.736,5.41987255859375,35998472.192,6.207225341796875,35998472.0274277,6.042653045654297,35726451.99985788,4.683730438232422
plain,4,top1,-0.1,140450.08,4.790239501953125,141469.744,5.246534423828125,141469.57942770387,5.081962127685547,140449.34385787963,4.054097381591797
plain,4,top1,-0.05,4128.949,3.657738403320312,4149.496,3.7403876953125,4149.331427703857,3.575815399169922,4128.212857879638,2.921596282958984
plain,4,top1,-0.02,323.69728125,1.896737609863281,323.5148125,1.5956019897460938,323.3502402038574,1.4310296936035156,322.9611391296387,1.160595489501953
plain,4,top1,-0.01,92.91319140625,1.1461109619140626,92.3760546875,0.6589448852539063,92.21148239135742,0.4943725891113282,92.17704928588867,0.4099688415527345
plain,4,top1,-0.005,32.1414619140625,0.8468253173828125,31.4503623046875,0.2885102386474609,31.28579000854492,0.1239379425048828,31.405319793701175,0.11068319702148444
plain,4,top1,-0.002,7.92562060546875,0.75187646484375,7.228627197265625,0.1805494689941406,7.064054901123047,0.0159771728515625,7.189478485107422,0.015734344482421947
plain,4,top1,-0.001,2.709689453125,0.7389919128417969,1.9945923461914064,0.1674784240722656,1.8300200500488282,0.002906127929687502,1.9735473327636721,0.0028497924804687935
plain,4,top1,-0.0005,1.2311130981445313,0.736305908203125,0.5916564331054688,0.1648224182128906,0.4270841369628907,0.00025012207031249734,0.4949709777832032,0.00016378784179693628
plain,4,top1,0.0,0.7361421203613281,0.7361421203613281,0.1645722961425781,0.1645722961425781,0.0,0.0,0.0,0.0
plain,4,top1,0.0005,1.13723388671875,0.7384925842285156,0.530248046875,0.1666896362304687,0.365675750732422,0.002117340087890607,0.40109176635742183,0.0023504638671875133
plain,4,top1,0.001,2.29413330078125,0.7433878479003906,1.7177493896484377,0.1712063369750976,1.5531770935058595,0.0066340408325195055,1.557991180419922,0.0072457275390624964
plain,4,top1,0.002,5.319117919921875,0.7605625610351563,4.91115087890625,0.1875051727294922,4.746578582763672,0.02293287658691409,4.582975799560547,0.024420440673828203
plain,4,top1,0.005,11.23795703125,0.8689421081542968,11.13703125,0.296328384399414,10.972458953857421,0.1317560882568359,10.501814910888672,0.13279998779296875
plain,4,top1,0.01,16.55463720703125,1.1753709106445311,16.52215185546875,0.6304976806640625,16.357579559326172,0.46592538452148446,15.81849508666992,0.43922879028320305
plain,4,top1,0.02,36.37782421875,1.74589013671875,36.31133984375,1.3377893676757813,36.14676754760742,1.173217071533203,35.64168209838867,1.009748016357422
plain,4,top1,0.05,379.9931875,2.61389453125,380.19540625,2.50619287109375,380.03083395385744,2.341620574951172,379.25704537963867,1.877752410888672
plain,4,top1,0.1,11201.4105,4.229351318359375,11208.898,4.21587451171875,11208.733427703857,4.051302215576173,11200.67435787964,3.4932091979980466
plain,4,top1,0.2,1810934.4,6.155059814453125,1808929.664,5.85909912109375,1808929.499427704,5.694526824951172,1810933.6638578796,5.418917694091797
plain,4,top1,0.35,649299034.112,7.678046630859375,644977688.576,6.62885986328125,644977688.4114277,6.464287567138673,649299033.3758578,6.941904510498047
plain,4,top1,0.5,67111902773.248,8.54478955078125,66377243164.672,7.078369140625,66377243164.50742,6.913796844482422,67111902772.511856,7.808647430419922
resolution_max_b1,0,min,-0.5,20244631.552,7.55917333984375,20396484.608,7.348763671875,20396484.2898976,7.030661270141602,20244630.9915871,6.998760437011718
resolution_max_b1,0,min,-0.35,537157.616,7.10826025390625,538649.024,7.054544677734375,538648.7058975983,6.736442276000977,537157.0555870972,6.5478473510742194
resolution_max_b1,0,min,-0.2,9401.2705,6.187123291015625,9352.189,5.684376953125,9351.870897598266,5.3662745513916015,9400.710087097168,5.626710388183593
resolution_max_b1,0,min,-0.1,304.056453125,4.85393701171875,302.452078125,4.70158935546875,302.1339757232666,4.383486953735352,303.496040222168,4.293524108886718
resolution_max_b1,0,min,-0.05,52.36740234375,2.994109130859375,51.96184765625,2.7484356689453127,51.6437452545166,2.4303332672119144,51.80698944091797,2.4336962280273435
resolution_max_b1,0,min,-0.02,5.36595849609375,1.016020782470703,5.149785888671875,0.7782844543457031,4.831683486938477,0.46018205261230477,4.805545593261719,0.4556078796386718
resolution_max_b1,0,min,-0.01,0.9541336975097656,0.6388027954101563,0.7143482971191406,0.4001378326416016,0.39624589538574223,0.0820354309082032,0.39372079467773435,0.07838989257812501
resolution_max_b1,0,min,-0.005,0.585100830078125,0.5673646240234375,0.3531744079589843,0.3297721862792969,0.03507200622558593,0.01166978454589851,0.0246879272460937,0.0069517211914061905
resolution_max_b1,0,min,-0.002,0.5578666381835937,0.558008544921875,0.3197512817382812,0.3179412536621094,0.0016488800048828356,-0.00016114807128897457,-0.002546264648437546,-0.0024043579101562518
resolution_max_b1,0,min,-0.001,0.5584143676757812,0.5583913879394531,0.3188060607910156,0.3173690490722656,0.0007036590576172119,-0.0007333526611327801,-0.0019985351562500364,-0.00202151489257818
resolution_max_b1,0,min,-0.0005,0.5591200866699219,0.5592087097167969,0.3185893249511718,0.3175852661132812,0.0004869232177734384,-0.0005171356201171817,-0.0012928161621094114,-0.0012041931152343421
resolution_max_b1,0,min,0.0,0.5604129028320313,0.5604129028320313,0.3181024017333984,0.3181024017333984,0.0,0.0,0.0,0.0
resolution_max_b1,0,min,0.0005,0.562387451171875,0.5620292358398438,0.3173465270996093,0.3188381652832031,-0.0007558746337890665,0.0007357635498047022,0.0019745483398437846,0.0016163330078124982
resolution_max_b1,0,min,0.001,0.5651697082519531,0.5638897705078125,0.3166208190917969,0.3198753509521484,-0.0014815826416014755,0.0017729492187500417,0.00475680541992185,0.003476867675781259
resolution_max_b1,0,min,0.002,0.5721732177734375,0.5685767822265625,0.3151535491943359,0.3226843109130859,-0.002948852539062463,0.004581909179687538,0.01176031494140628,0.008163879394531226
resolution_max_b1,0,min,0.005,0.6431545104980468,0.5897857971191406,0.3392350006103515,0.3365929718017578,0.021132598876953124,0.018490570068359413,0.08274160766601557,0.02937289428710932
resolution_max_b1,0,min,0.01,1.517242919921875,0.6496351623535156,1.0525130004882812,0.3827274169921875,0.7344105987548828,0.06462501525878911,0.9568300170898438,0.08922225952148433
resolution_max_b1,0,min,0.02,12.22843310546875,0.9904872436523438,11.61893994140625,0.6718345336914062,11.300837539672852,0.35373213195800784,11.668020202636718,0.4300743408203125
resolution_max_b1,0,min,0.05,128.01875390625,2.578552734375,126.22954296875,2.24036572265625,125.9114405670166,1.9222633209228517,127.45834100341797,2.018139831542969
resolution_max_b1,0,min,0.1,1194.226,4.647482177734375,1182.024875,4.451544921875,1181.7067725982668,4.133442520141601,1193.665587097168,4.087069274902344
resolution_max_b1,0,min,0.2,63505.28,6.744377685546875,63521.392,7.2612333984375,63521.07389759827,6.9431309967041015,63504.71958709717,6.183964782714844
resolution_max_b1,0,min,0.35,9332030.976,8.91066552734375,9416674.816,9.14519287109375,9416674.497897597,8.827090469360352,9332030.415587097,8.35025262451172
resolution_max_b1,0,min,0.5,528889905.152,9.73235693359375,536421974.016,9.74176953125,536421973.69789755,9.423667129516602,528889904.5915871,9.171944030761718
resolution_max_b1,0,top1,-0.5,2017511763607.552,5.467619140625,2063036470788.096,6.916650634765625,2063036470787.7778,6.5985482330322265,2017511763606.9917,4.907206237792968
resolution_max_b1,0,top1,-0.35,13070169538.56,4.74726123046875,13343060393.984,6.073078369140625,13343060393.665897,5.754975967407227,13070169537.999586,4.186848327636719
resolution_max_b1,0,top1,-0.2,17806643.2,4.11982861328125,18100165.632,5.184478271484375,18100165.3138976,4.866375869750977,17806642.639587097,3.5594157104492186
resolution_max_b1,0,top1,-0.1,56775.618,4.149793823242187,57279.118,4.5608251953125,57278.79989759827,4.242722793579102,56775.05758709717,3.589380920410156
resolution_max_b1,0,top1,-0.05,1817.9658125,3.286704833984375,1822.9870625,3.30450341796875,1822.6689600982668,2.9864010162353516,1817.405399597168,2.726291931152344
resolution_max_b1,0,top1,-0.02,150.89390625,1.743707763671875,150.76971875,1.56239697265625,150.4516163482666,1.2442945709228517,150.33349334716794,1.1832948608398437
resolution_max_b1,0,top1,-0.01,45.81210546875,1.0100591430664063,45.755,0.7758465881347656,45.436897598266604,0.4577441864013672,45.25169256591796,0.44964624023437505
resolution_max_b1,0,top1,-0.005,16.9666689453125,0.6997145690917969,16.8260908203125,0.4373305358886719,16.507988418579103,0.1192281341552735,16.406256042480468,0.1393016662597656
resolution_max_b1,0,top1,-0.002,4.03302490234375,0.5866113891601562,3.8124381103515614,0.3333575134277344,3.4943357086181632,0.015255111694336021,3.472611999511719,0.026198486328124937
resolution_max_b1,0,top1,-0.001,1.4515643310546875,0.5681127624511719,1.2309781494140626,0.3202010498046875,0.9128757476806642,0.002098648071289122,0.8911514282226562,0.007699859619140659
resolution_max_b1,0,top1,-0.0005,0.7630098876953125,0.5629027099609375,0.5348064575195313,0.3177331390380859,0.2167040557861329,-0.0003692626953124556,0.20259698486328126,0.0024898071289062296
resolution_max_b1,0,top1,0.0,0.5604129028320313,0.5604129028320313,0.3181024017333984,0.3181024017333984,0.0,0.0,0.0,0.0
resolution_max_b1,0,top1,0.0005,0.8209025268554687,0.5608965759277343,0.5515718841552735,0.3211392669677734,0.2334694824218751,0.003036865234375019,0.26048962402343745,0.0004836730957030744
resolution_max_b1,0,top1,0.001,1.583720947265625,0.5641175231933594,1.260667724609375,0.3268340454101562,0.9425653228759765,0.008731643676757828,1.0233080444335938,0.003704620361328126
resolution_max_b1,0,top1,0.002,3.956658935546875,0.5780671997070312,3.6151861572265616,0.3462324066162109,3.2970837554931633,0.02813000488281253,3.396246032714844,0.017654296874999975
resolution_max_b1,0,top1,0.005,11.714736328125,0.6709031982421875,11.5922373046875,0.4606333770751953,11.274134902954101,0.14253097534179693,11.154323425292969,0.1104902954101562
resolution_max_b1,0,top1,0.01,25.677423828125,0.970847412109375,25.704955078125,0.773115966796875,25.3868526763916,0.4550135650634766,25.11701092529297,0.4104345092773437
resolution_max_b1,0,top1,0.02,82.33590625,1.6016216430664063,82.57287890625,1.4927601928710938,82.2547765045166,1.1746577911376954,81.77549334716797,1.041208740234375
resolution_max_b1,0,top1,0.05,1512.163125,2.9662308349609376,1511.3901875,3.01569482421875,1511.0720850982666,2.697592422485352,1511.602712097168,2.4058179321289064
resolution_max_b1,0,top1,0.1,48269.14,4.236286254882812,48300.222,4.50440576171875,48299.90389759827,4.186303359985351,48268.57958709717,3.675873352050781
resolution_max_b1,0,top1,0.2,11014836.736,5.360702880859375,11030600.704,5.70064404296875,11030600.385897597,5.382541641235352,11014836.175587097,4.800289978027344
resolution_max_b1,0,top1,0.35,6679001300.992,6.436684326171875,6692676304.896,6.34983642578125,6692676304.577897,6.031734024047852,6679001300.431586,5.876271423339844
resolution_max_b1,0,top1,0.5,1031817842917.376,8.63521826171875,1033567471665.152,7.104545166015625,1033567471664.8339,6.786442764282227,1031817842916.8156,8.074805358886719
resolution_max_b1,1,min,-0.5,3478201958.4,5.879794677734375,3524923752.448,6.175589111328125,3524923752.1430736,5.870662750244141,3478201957.8368974,5.316692138671875
resolution_max_b1,1,min,-0.35,41840398.336,5.273404296875,42310780.928,5.32372119140625,42310780.623073645,5.018794830322266,41840397.77289747,4.7103017578125
resolution_max_b1,1,min,-0.2,158025.072,5.522281494140625,159408.888,5.500944091796875,159408.58307363893,5.1960177307128905,158024.5088974609,4.959178955078125
resolution_max_b1,1,min,-0.1,3496.334375,5.3606767578125,3521.429,5.42594384765625,3521.124073638916,5.121017486572266,3495.7712724609373,4.7975742187499995
resolution_max_b1,1,min,-0.05,319.401609375,3.7050390625,321.387828125,3.5377587890625,321.082901763916,3.232832427978516,318.8385068359375,3.1419365234375
resolution_max_b1,1,min,-0.02,25.5930146484375,1.1162208251953123,25.4087373046875,0.8332008666992188,25.103810943603513,0.5282745056152345,25.029912109375,0.5531182861328123
resolution_max_b1,1,min,-0.01,2.8137568359375,0.64207373046875,2.5188306884765623,0.3886319732666015,2.2139043273925783,0.08370561218261718,2.250654296875,0.07897119140625009
resolution_max_b1,1,min,-0.005,0.7240468444824218,0.5742086791992187,0.4410915222167968,0.3244720764160156,0.13616516113281252,0.01954571533203131,0.16094430541992188,0.011106140136718734
resolution_max_b1,1,min,-0.002,0.5663055114746094,0.5626178283691406,0.3075277099609375,0.309688735961914,0.00260134887695318,0.004762374877929687,0.0032029724121094283,-0.0004847106933593137
resolution_max_b1,1,min,-0.001,0.561905517578125,0.5621451110839844,0.3049783172607422,0.3068274078369141,5.195617675790576e-05,0.0019010467529297914,-0.0011970214843749494,-0.0009574279785156126
resolution_max_b1,1,min,-0.0005,0.5620117797851563,0.562455810546875,0.3049231567382812,0.3057313842773437,-3.2043457031116773e-06,0.0008050231933593999,-0.0010907592773437003,-0.0006467285156249725
resolution_max_b1,1,min,0.0,0.5631025390625,0.5631025390625,0.3049263610839843,0.3049263610839843,0.0,0.0,0.0,0.0
resolution_max_b1,1,min,0.0005,0.5649528198242187,0.5641622009277344,0.3046586608886719,0.3043735961914062,-0.00026770019531241473,-0.0005527648925781059,0.001850280761718781,0.0010596618652344292
resolution_max_b1,1,min,0.001,0.5676286315917969,0.5656264038085937,0.3043301849365234,0.3041038055419922,-0.0005961761474608807,-0.0008225555419921204,0.004526092529296921,0.0025238647460937846
resolution_max_b1,1,min,0.002,0.5785350036621094,0.5698702697753906,0.3070024108886718,0.304504165649414,0.0020760498046875075,-0.00042219543457028275,0.015432464599609452,0.006767730712890607
resolution_max_b1,1,min,0.005,0.8642671203613281,0.5948528137207031,0.5489076538085937,0.3159307250976562,0.24398129272460944,0.011004364013671886,0.30116458129882817,0.031750274658203126
resolution_max_b1,1,min,0.01,5.161757568359375,0.7130930480957032,4.837302490234375,0.4085262603759765,4.532376129150391,0.1035998992919922,4.598655029296875,0.1499905090332032
resolution_max_b1,1,min,0.02,31.8904755859375,1.3338804931640624,31.671787109375,1.0535311889648438,31.366860748291014,0.7486048278808595,31.327373046875003,0.7707779541015625
resolution_max_b1,1,min,0.05,223.6588046875,3.446085693359375,224.0345078125,3.2949136962890626,223.72958145141604,2.989987335205078,223.0957021484375,2.882983154296875
resolution_max_b1,1,min,0.1,1614.312375,5.5366533203125,1617.8684375,5.47503173828125,1617.563511138916,5.170105377197266,1613.7492724609374,4.97355078125
resolution_max_b1,1,min,0.2,55289.272,6.796862060546875,55527.092,6.634935302734375,55526.787073638916,6.330008941650391,55288.708897460936,6.233759521484375
resolution_max_b1,1,min,0.35,6533846.528,7.443788330078125,6560947.456,7.13880029296875,6560947.151073639,6.833873931884766,6533845.964897461,6.880685791015625
resolution_max_b1,1,min,0.5,418840166.4,7.83866259765625,420553261.056,7.794994140625,420553260.75107366,7.4900677795410155,418840165.83689743,7.27556005859375
resolution_max_b1,1,top1,-0.5,597528902893.568,6.5494755859375,603672450957.312,5.86855078125,603672450957.0071,5.563624420166016,597528902893.0049,5.986373046874999
resolution_max_b1,1,top1,-0.35,4383421890.56,5.47665380859375,4428084543.488,5.09739501953125,4428084543.183074,4.792468658447266,4383421889.996898,4.91355126953125
resolution_max_b1,1,top1,-0.2,7046123.008,4.198837890625,7107975.936,4.546380126953125,7107975.631073639,4.241453765869141,7046122.444897462,3.6357353515624995
resolution_max_b1,1,top1,-0.1,30878.806,3.406919189453125,31083.023,3.7351885986328126,31082.718073638916,3.4302622375488285,30878.24289746094,2.8438166503906253
resolution_max_b1,1,top1,-0.05,1243.1228125,2.4336771240234376,1248.7584375,2.5161806640625,1248.453511138916,2.2112543029785154,1242.5597099609374,1.8705745849609376
resolution_max_b1,1,top1,-0.02,106.74647265625,1.437275634765625,107.2670859375,1.3079520874023438,106.96215957641601,1.0030257263183595,106.18337011718751,0.8741730957031251
resolution_max_b1,1,top1,-0.01,29.74291796875,0.9429776000976564,29.8116826171875,0.7277549438476563,29.506756256103515,0.42282858276367197,29.1798154296875,0.37987506103515645
resolution_max_b1,1,top1,-0.005,8.897396484375,0.6757690124511718,8.8660009765625,0.4333478698730468,8.561074615478516,0.1284215087890625,8.3342939453125,0.11266647338867186
resolution_max_b1,1,top1,-0.002,2.3480394287109374,0.5776361083984375,2.26198876953125,0.3259299774169922,1.9570624084472656,0.021003616333007902,1.7849368896484374,0.014533569335937524
resolution_max_b1,1,top1,-0.001,1.1375083618164064,0.5646646118164063,0.9309262084960938,0.3102206726074218,0.6259998474121095,0.0052943115234375115,0.5744058227539064,0.0015620727539062962
resolution_max_b1,1,top1,-0.0005,0.7133610534667969,0.5624532165527344,0.4682953338623047,0.3062931976318359,0.1633689727783204,0.0013668365478515798,0.15025851440429694,-0.0006493225097655708
resolution_max_b1,1,top1,0.0,0.5631025390625,0.5631025390625,0.3049263610839843,0.3049263610839843,0.0,0.0,0.0,0.0
resolution_max_b1,1,top1,0.0005,0.8419808044433593,0.5664528198242188,0.558880859375,0.306219482421875,0.2539544982910157,0.0012931213378907236,0.27887826538085936,0.003350280761718838
resolution_max_b1,1,top1,0.001,1.7345821533203123,0.5725939636230468,1.4045225830078123,0.3101250305175781,1.099596221923828,0.005198669433593817,1.1714796142578123,0.009491424560546857
resolution_max_b1,1,top1,0.002,5.3677392578125,0.5924288940429687,4.94578759765625,0.3253307037353515,4.640861236572266,0.020404342651367202,4.804636718749999,0.02932635498046876
resolution_max_b1,1,top1,0.005,21.4983173828125,0.708621826171875,20.9674521484375,0.4223362579345703,20.662525787353513,0.117409896850586,20.93521484375,0.145519287109375
resolution_max_b1,1,top1,0.01,49.292080078125,1.0256263732910156,48.7400625,0.7229013671875,48.435136138916015,0.4179750061035157,48.7289775390625,0.4625238342285156
resolution_max_b1,1,top1,0.02,129.5182734375,1.8094440307617188,129.3220234375,1.5094822387695312,129.01709707641604,1.204555877685547,128.9551708984375,1.2463414916992188
resolution_max_b1,1,top1,0.05,1401.7848125,3.84381640625,1409.36925,3.7126861572265626,1409.064323638916,3.407759796142578,1401.2217099609375,3.2807138671875
resolution_max_b1,1,top1,0.1,54924.636,5.580756103515625,55227.992,5.785577392578125,55227.68707363892,5.480651031494141,54924.07289746094,5.017653564453124
resolution_max_b1,1,top1,0.2,14835783.168,6.39016748046875,14954792.96,7.173080810546875,14954792.655073639,6.8681544494628906,14835782.60489746,5.82706494140625
resolution_max_b1,1,top1,0.35,6643340017.664,8.16790869140625,6729178808.32,7.8857216796875,6729178808.015074,7.580795318603516,6643340017.100897,7.60480615234375
resolution_max_b1,1,top1,0.5,712347404468.224,9.9484736328125,723859057672.192,8.46225927734375,723859057671.8871,8.157332916259765,712347404467.6609,9.385371093749999
resolution_max_b1,2,min,-0.5,350331207.68,7.801012451171875,346982481.92,7.505416259765625,346982481.6305901,7.216006301879883,350331207.1274689,7.248481353759765
resolution_max_b1,2,min,-0.35,9209640.96,7.805177001953125,9196717.056,7.615337646484375,9196716.766590042,7.325927688598632,9209640.407468904,7.252645904541016
resolution_max_b1,2,min,-0.2,119036.552,7.64005517578125,120029.328,7.598974609375,120029.03859004211,7.309564651489258,119035.99946890258,7.087524078369141
resolution_max_b1,2,min,-0.1,2936.297375,6.347011962890625,2965.15425,6.218453857421875,2964.8648400421143,5.929043899536133,2935.744843902588,5.794480865478516
resolution_max_b1,2,min,-0.05,298.6623125,4.103853271484375,300.530859375,3.8353857421875,300.2414494171142,3.5459757843017576,298.1097814025879,3.551322174072266
resolution_max_b1,2,min,-0.02,28.173671875,1.32189404296875,28.03190625,1.0376110229492188,27.742496292114257,0.7482010650634766,27.62114077758789,0.7693629455566406
resolution_max_b1,2,min,-0.01,3.2515882568359373,0.6952808837890625,2.891551025390625,0.40625390625,2.6021410675048826,0.11684394836425782,2.6990571594238277,0.14274978637695312
resolution_max_b1,2,min,-0.005,0.7111190185546875,0.5832363586425782,0.3973828735351562,0.3083101348876953,0.10797291564941403,0.018900177001953122,0.15858792114257814,0.030705261230468794
resolution_max_b1,2,min,-0.002,0.5602149658203125,0.5586620483398438,0.2915079193115234,0.2907525939941406,0.002097961425781225,0.0013426361083984095,0.0076838684082031206,0.006130950927734413
resolution_max_b1,2,min,-0.001,0.5536224670410156,0.5547830200195313,0.2894459991455078,0.2892700805664062,3.604125976558459e-05,-0.00013987731933601255,0.0010913696289062136,0.002251922607421908
resolution_max_b1,2,min,-0.0005,0.5526021118164063,0.5534544677734375,0.2893314819335937,0.2891619873046875,-7.847595214849346e-05,-0.0002479705810546906,7.101440429690964e-05,0.0009233703613281685
resolution_max_b1,2,min,0.0,0.5525310974121094,0.5525310974121094,0.2894099578857422,0.2894099578857422,0.0,0.0,0.0,0.0
resolution_max_b1,2,min,0.0005,0.5537453002929688,0.5520130004882813,0.2891714935302734,0.2899811248779297,-0.00023846435546881484,0.0005711669921875107,0.001214202880859383,-0.000518096923828093
resolution_max_b1,2,min,0.001,0.5560315551757813,0.5519270629882812,0.2890261840820312,0.2908663635253906,-0.0003837738037110183,0.0014564056396483838,0.003500457763671916,-0.0006040344238281703
resolution_max_b1,2,min,0.002,0.5638064575195313,0.5529151306152343,0.2898737487792969,0.2936806030273437,0.00046379089355469416,0.004270645141601526,0.011275360107421917,0.00038403320312496714
resolution_max_b1,2,min,0.005,0.6417196960449219,0.5653873291015625,0.3404739837646484,0.3102416381835937,0.05106402587890618,0.020831680297851485,0.08918859863281248,0.012856231689453157
resolution_max_b1,2,min,0.01,1.2866519165039063,0.6222963562011719,0.9654951171875,0.368893798828125,0.6760851593017578,0.07948384094238281,0.7341208190917969,0.06976525878906248
resolution_max_b1,2,min,0.02,6.02024853515625,0.9611773681640624,5.7178916015625,0.69527978515625,5.428481643676758,0.4058698272705078,5.46771743774414,0.40864627075195303
resolution_max_b1,2,min,0.05,25.6544833984375,2.8832796630859376,25.580904296875,2.6618072509765627,25.29149433898926,2.3723972930908204,25.10195230102539,2.3307485656738285
resolution_max_b1,2,min,0.1,164.65325,4.630469482421875,165.175984375,4.529883544921875,164.88657441711428,4.240473587036132,164.10071890258791,4.077938385009765
resolution_max_b1,2,min,0.2,6211.2045,6.18889404296875,6226.722,6.166183349609375,6226.432590042114,5.876773391723633,6210.651968902588,5.63636294555664
resolution_max_b1,2,min,0.35,1232129.152,6.2603232421875,1232368.576,6.10368505859375,1232368.286590042,5.814275100708008,1232128.5994689027,5.70779214477539
resolution_max_b1,2,min,0.5,97032380.416,6.503083984375,97111162.88,6.228474365234375,97111162.59059003,5.939064407348632,97032379.8634689,5.950552886962891
resolution_max_b1,2,top1,-0.5,3583074990292.992,5.911852783203125,3666659483058.176,7.27261962890625,3666659483057.886,6.983209671020508,3583074990292.4395,5.3593216857910155
resolution_max_b1,2,top1,-0.35,27412519714.816,5.18331396484375,28020941258.752,6.324566162109375,28020941258.46259,6.035156204223632,27412519714.26347,4.63078286743164
resolution_max_b1,2,top1,-0.2,45741060.096,4.60601513671875,46631041.024,5.390509765625,46631040.73459004,5.101099807739257,45741059.5434689,4.053484039306641
resolution_max_b1,2,top1,-0.1,143540.128,4.040953369140625,145574.992,4.5823037109375,145574.7025900421,4.292893753051758,143539.5754689026,3.488422271728515
resolution_max_b1,2,top1,-0.05,3113.98875,3.1606368408203127,3140.7035,3.3914703369140624,3140.4140900421144,3.10206037902832,3113.436218902588,2.6081057434082036
resolution_max_b1,2,top1,-0.02,137.730140625,1.712279968261719,138.48178125,1.5894571533203126,138.19237129211427,1.3000471954345705,137.1776095275879,1.1597488708496095
resolution_max_b1,2,top1,-0.01,38.010130859375,0.9868353881835936,38.161990234375,0.7457429504394532,37.87258027648925,0.45633299255371096,37.457599761962896,0.43430429077148425
resolution_max_b1,2,top1,-0.005,13.31334814453125,0.6824130249023438,13.301076171875,0.4055318908691406,13.011666213989258,0.1161219329833984,12.760817047119142,0.12988192749023442
resolution_max_b1,2,top1,-0.002,3.511423828125,0.5778916015625,3.2892261962890625,0.3065789031982422,2.9998162384033202,0.017168945312500017,2.9588927307128907,0.025360504150390595
resolution_max_b1,2,top1,-0.001,1.3515631103515624,0.5608211975097657,1.09421826171875,0.2932987365722656,0.8048083038330077,0.0038887786865233753,0.799032012939453,0.008290100097656294
resolution_max_b1,2,top1,-0.0005,0.753861572265625,0.5555057983398437,0.491269287109375,0.2902143859863281,0.2018593292236328,0.0008044281005858966,0.20133047485351563,0.0029747009277343306
resolution_max_b1,2,top1,0.0,0.5525310974121094,0.5525310974121094,0.2894099578857422,0.2894099578857422,0.0,0.0,0.0,0.0
resolution_max_b1,2,top1,0.0005,0.7861298217773437,0.5519852600097657,0.4811065063476562,0.2907515411376953,0.19169654846191403,0.0013415832519531046,0.23359872436523432,-0.0005458374023437074
resolution_max_b1,2,top1,0.001,1.55799365234375,0.5537167663574218,1.2150446166992188,0.2943555297851562,0.9256346588134766,0.004945571899414025,1.0054625549316407,0.001185668945312468
resolution_max_b1,2,top1,0.002,4.51825439453125,0.56397216796875,4.194188354492187,0.3082589111328125,3.904778396606445,0.01884895324707031,3.9657232971191405,0.011441070556640676
resolution_max_b1,2,top1,0.005,14.77553125,0.646703857421875,14.787654296875,0.4043954467773437,14.49824433898926,0.11498548889160148,14.223000152587892,0.0941727600097656
resolution_max_b1,2,top1,0.01,29.223705078125,0.9179375610351562,29.48144921875,0.7057822570800781,29.19203926086426,0.41637229919433594,28.67117398071289,0.36540646362304685
resolution_max_b1,2,top1,0.02,71.62975390625,1.464430358886719,72.15425,1.33764697265625,71.86484004211427,1.0482370147705078,71.07722280883789,0.9118992614746095
resolution_max_b1,2,top1,0.05,679.92940625,2.522776123046875,684.29453125,2.603936645507813,684.0051212921143,2.3145266876220707,679.3768751525879,1.9702450256347654
resolution_max_b1,2,top1,0.1,13091.442,4.00909521484375,13111.9195,4.613979736328125,13111.630090042114,4.324569778442383,13090.889468902587,3.4565641174316406
resolution_max_b1,2,top1,0.2,1759075.84,5.97408251953125,1752310.08,6.498048583984375,1752309.7905900422,6.208638626098633,1759075.2874689028,5.4215514221191405
resolution_max_b1,2,top1,0.35,677852774.4,6.799742431640625,675437805.568,6.764171142578125,675437805.27859,6.474761184692382,677852773.8474689,6.247211334228515
resolution_max_b1,2,top1,0.5,79373130530.816,6.025853515625,79341706805.248,6.176260986328125,79341706804.95859,5.886851028442383,79373130530.26346,5.473322418212891
resolution_max_b1,3,min,-0.5,106727329.792,5.4512724609375,105216557.056,5.462577392578125,105216556.77164437,5.178221771240235,106727329.21936266,4.878635131835938
resolution_max_b1,3,min,-0.35,1287312.448,5.436505859375,1273258.88,5.282405029296875,1273258.5956443786,4.998049407958984,1287311.875362671,4.863868530273438
resolution_max_b1,3,min,-0.2,5599.36275,5.564216796875,5576.6925,5.177607666015625,5576.408144378663,4.893252044677734,5598.790112670898,4.9915794677734375
resolution_max_b1,3,min,-0.1,173.713625,4.443171875,174.2300078125,3.8912890625,173.9456521911621,3.6069334411621092,173.14098767089845,3.8705345458984377
resolution_max_b1,3,min,-0.05,35.959927734375,2.357475830078125,35.982896484375,1.8862454223632807,35.69854086303711,1.6018898010253901,35.38729040527344,1.7848385009765624
resolution_max_b1,3,min,-0.02,5.8274501953125,0.8301787109375,5.538820556640625,0.4445507202148437,5.2544649353027335,0.1601950988769531,5.254812866210938,0.25754138183593744
resolution_max_b1,3,min,-0.01,1.2147971801757813,0.6287832641601563,0.8239541931152343,0.3181897583007812,0.5395985717773437,0.033834136962890615,0.6421598510742188,0.05614593505859378
resolution_max_b1,3,min,-0.005,0.6495086364746093,0.5852020874023437,0.3228460540771484,0.2938707427978516,0.038490432739257785,0.009515121459960973,0.07687130737304682,0.012564758300781187
resolution_max_b1,3,min,-0.002,0.5796783447265625,0.5739978637695312,0.28481982421875,0.2863354034423828,0.0004642028808594101,0.001979782104492178,0.0070410156250000355,0.0013605346679687047
resolution_max_b1,3,min,-0.001,0.574462646484375,0.572690673828125,0.2842581024169922,0.2850136260986328,-9.751892089843173e-05,0.0006580047607421813,0.0018253173828124414,5.3344726562487566e-05
resolution_max_b1,3,min,-0.0005,0.5732589721679687,0.5725289916992188,0.2843430938720703,0.2846155853271484,-1.2527465820311168e-05,0.0002599639892578165,0.0006216430664062189,-0.0001083374023437278
resolution_max_b1,3,min,0.0,0.5726373291015625,0.5726373291015625,0.2843556213378906,0.2843556213378906,0.0,0.0,0.0,0.0
resolution_max_b1,3,min,0.0005,0.5727088012695313,0.5730846252441406,0.2842086334228516,0.2842562103271484,-0.00014698791503903186,-9.941101074223413e-05,7.147216796876688e-05,0.0004472961425781019
resolution_max_b1,3,min,0.001,0.5734798889160156,0.5739134521484375,0.2840546569824219,0.2843461151123047,-0.0003009643554687247,-9.506225585931283e-06,0.0008425598144531365,0.0012761230468749662
resolution_max_b1,3,min,0.002,0.5787740783691406,0.57671826171875,0.2849060668945312,0.2852417602539062,0.0005504455566405775,0.0008861389160155775,0.006136749267578123,0.004080932617187449
resolution_max_b1,3,min,0.005,0.7106731567382812,0.595982421875,0.3779785003662109,0.2965091705322266,0.09362287902832028,0.012153549194335977,0.13803582763671873,0.023345092773437437
resolution_max_b1,3,min,0.01,2.703198974609375,0.6855601501464844,2.3537779541015627,0.3706823272705078,2.069422332763672,0.08632670593261721,2.1305616455078127,0.1129228210449219
resolution_max_b1,3,min,0.02,19.9792197265625,1.184961669921875,19.705294921875,0.827699462890625,19.42093930053711,0.5433438415527344,19.406582397460937,0.6123243408203125
resolution_max_b1,3,min,0.05,183.2395390625,2.90213916015625,184.4798203125,2.63897509765625,184.19546469116213,2.3546194763183594,182.66690173339845,2.3295018310546878
resolution_max_b1,3,min,0.1,1082.3676875,4.44897314453125,1085.249875,4.361316650390625,1084.965519378662,4.076961029052734,1081.7950501708985,3.8763358154296874
resolution_max_b1,3,min,0.2,28831.54,5.427214599609375,28813.888,5.5611767578125,28813.60364437866,5.276821136474609,28830.9673626709,4.8545772705078125
resolution_max_b1,3,min,0.35,1350276.032,6.14680712890625,1342363.072,6.38901416015625,1342362.7876443786,6.104658538818359,1350275.4593626708,5.574169799804688
resolution_max_b1,3,min,0.5,53557125.12,7.369213623046875,53323384.832,7.58366845703125,53323384.547644384,7.2993128356933585,53557124.54736267,6.7965762939453125
resolution_max_b1,3,top1,-0.5,4097905606524.928,6.324666259765625,4166295578738.688,8.1665771484375,4166295578738.404,7.88222152709961,4097905606524.3555,5.752028930664062
resolution_max_b1,3,top1,-0.35,27712964001.792,5.316083740234375,28114212093.952,6.831121337890625,28114212093.667645,6.546765716552734,27712964001.219364,4.743446411132813
resolution_max_b1,3,top1,-0.2,39227682.816,4.403852783203125,39637710.848,5.482910888671875,39637710.56364438,5.198555267333985,39227682.24336267,3.831215454101563
resolution_max_b1,3,top1,-0.1,119284.364,3.6992628173828126,120027.696,4.29766552734375,120027.41164437866,4.01330990600586,119283.7913626709,3.12662548828125
resolution_max_b1,3,top1,-0.05,3034.18475,2.730865600585937,3050.938375,2.8348056640625,3050.6540193786623,2.5504500427246093,3033.612112670898,2.158228271484375
resolution_max_b1,3,top1,-0.02,192.3956015625,1.3245365600585937,193.041796875,1.1790657348632811,192.7574412536621,0.8947101135253905,191.82296423339844,0.7518992309570312
resolution_max_b1,3,top1,-0.01,54.772494140625,0.8277963256835937,54.75226171875,0.6028040771484375,54.46790609741211,0.3184484558105469,54.19985681152344,0.25515899658203123
resolution_max_b1,3,top1,-0.005,18.3140400390625,0.6516940307617187,18.0794306640625,0.3782464904785156,17.79507504272461,0.093890869140625,17.741402709960937,0.07905670166015621
resolution_max_b1,3,top1,-0.002,4.20609375,0.5885210266113281,3.956161987304688,0.3002405853271484,3.6718063659667974,0.015884963989257816,3.6334564208984377,0.015883697509765593
resolution_max_b1,3,top1,-0.001,1.4867206420898438,0.5774585266113281,1.1930753173828126,0.2885228576660156,0.908719696044922,0.00416723632812499,0.9140833129882813,0.004821197509765618
resolution_max_b1,3,top1,-0.0005,0.791991943359375,0.5742274169921875,0.4985846557617187,0.285509048461914,0.21422903442382807,0.0011534271240233873,0.21935461425781244,0.0015900878906249805
resolution_max_b1,3,top1,0.0,0.5726373291015625,0.5726373291015625,0.2843556213378906,0.2843556213378906,0.0,0.0,0.0,0.0
resolution_max_b1,3,top1,0.0005,0.8049801635742188,0.572608154296875,0.4891272735595703,0.2849896545410156,0.2047716522216797,0.0006340332031249951,0.23234283447265625,-2.9174804687559508e-05
resolution_max_b1,3,top1,0.001,1.509257080078125,0.5743834228515625,1.17273046875,0.2875871276855469,0.8883748474121094,0.0032315063476562877,0.9366197509765626,0.0017460937500000107
resolution_max_b1,3,top1,0.002,3.84023828125,0.5829707641601563,3.476982177734375,0.2987733459472656,3.192626556396484,0.014417724609375016,3.2676009521484373,0.010333435058593743
resolution_max_b1,3,top1,0.005,11.6348154296875,0.6540702819824219,11.38649853515625,0.3828825378417969,11.102142913818358,0.09852691650390627,11.062178100585937,0.08143295288085939
resolution_max_b1,3,top1,0.01,24.7860888671875,0.9112977905273436,24.80322265625,0.6687498779296875,24.51886703491211,0.38439425659179693,24.213451538085938,0.3386604614257811
resolution_max_b1,3,top1,0.02,64.860453125,1.6324386596679688,65.010572265625,1.4270291137695312,64.7262166442871,1.1426734924316406,64.28781579589844,1.0598013305664062
resolution_max_b1,3,top1,0.05,648.54553125,3.195096435546875,649.85475,3.073414306640625,649.5703943786621,2.7890586853027344,647.9728939208984,2.622459106445312
resolution_max_b1,3,top1,0.1,15098.4215,4.827983642578125,15153.114,4.977340087890625,15152.829644378662,4.692984466552735,15097.848862670899,4.255346313476562
resolution_max_b1,3,top1,0.2,5104195.84,5.872560546875,5136772.096,6.371335693359375,5136771.811644378,6.086980072021484,5104195.267362671,5.299923217773438
resolution_max_b1,3,top1,0.35,4327358595.072,6.40054296875,4360889040.896,7.113455322265625,4360889040.611645,6.829099700927735,4327358594.499362,5.827905639648438
resolution_max_b1,3,top1,0.5,724924847095.808,7.79743798828125,730940485664.768,8.17133349609375,730940485664.4836,7.886977874755859,724924847095.2354,7.224800659179688
resolution_max_b1,4,min,-0.5,99172585.472,8.07647998046875,100951408.64,7.88663330078125,100951408.33798192,7.584615219116211,99172584.90960513,7.514085113525391
resolution_max_b1,4,min,-0.35,1418745.152,8.30980615234375,1441572.352,8.204746337890626,1441572.0499819182,7.902728256225586,1418744.589605133,7.747411285400391
resolution_max_b1,4,min,-0.2,12083.54,7.751767578125,12212.0425,7.624082763671875,12211.740481918334,7.322064682006836,12082.977605133057,7.189372711181641
resolution_max_b1,4,min,-0.1,574.51709375,6.215062255859375,578.15921875,5.72217041015625,577.857200668335,5.420152328491211,573.9546988830566,5.652667388916016
resolution_max_b1,4,min,-0.05,81.89458203125,3.716896484375,82.14043359375,3.25988720703125,81.83841551208496,2.957869125366211,81.33218716430663,3.1545016174316407
resolution_max_b1,4,min,-0.02,9.160138671875,1.237161376953125,9.09236181640625,0.8649825744628906,8.79034373474121,0.5629644927978515,8.59774380493164,0.6747665100097655
resolution_max_b1,4,min,-0.01,1.6179595947265626,0.7040384216308594,1.3897415161132811,0.4068958435058594,1.087723434448242,0.10487776184082032,1.0555647277832032,0.1416435546875
resolution_max_b1,4,min,-0.005,0.6401339111328125,0.599730712890625,0.3738523712158203,0.3248191375732422,0.07183428955078125,0.02280105590820314,0.0777390441894531,0.03733584594726558
resolution_max_b1,4,min,-0.002,0.5682927856445312,0.570545654296875,0.3037420654296875,0.305319580078125,0.0017239837646484402,0.0033014984130859126,0.005897918701171845,0.008150787353515598
resolution_max_b1,4,min,-0.001,0.56445068359375,0.5652957763671875,0.3019561157226562,0.3027127838134765,-6.19659423828911e-05,0.0006947021484374205,0.002055816650390563,0.0029009094238281463
resolution_max_b1,4,min,-0.0005,0.5632904663085937,0.5635636291503906,0.3019069213867187,0.3021189880371093,-0.00011116027832036579,0.00010090637207021969,0.0008955993652343119,0.0011687622070312154
resolution_max_b1,4,min,0.0,0.5623948669433594,0.5623948669433594,0.3020180816650391,0.3020180816650391,0.0,0.0,0.0,0.0
resolution_max_b1,4,min,0.0005,0.5613677978515625,0.5618262329101562,0.3021028747558594,0.3023895721435546,8.479309082032316e-05,0.00037149047851553485,-0.0010270690917968395,-0.0005686340332031747
resolution_max_b1,4,min,0.001,0.5603704833984375,0.5618800354003907,0.3021898345947265,0.3032235870361328,0.00017175292968740763,0.001205505371093707,-0.0020243835449218484,-0.0005148315429687189
resolution_max_b1,4,min,0.002,0.5594303894042969,0.5638920593261719,0.3042763061523437,0.3063609924316406,0.0022582244873046164,0.004342910766601538,-0.0029644775390624822,0.00149719238281254
resolution_max_b1,4,min,0.005,0.6644820861816406,0.5858037109375,0.4112191162109375,0.328908935546875,0.10920103454589841,0.02689085388183593,0.10208721923828123,0.02340884399414067
resolution_max_b1,4,min,0.01,2.572345947265625,0.6847784118652344,2.3948900146484373,0.4272558288574218,2.0928719329833982,0.12523774719238273,2.0099510803222653,0.12238354492187498
resolution_max_b1,4,min,0.02,17.3135400390625,1.158057373046875,17.4612783203125,0.879005615234375,17.15926023864746,0.576987533569336,16.751145172119138,0.5956625061035157
resolution_max_b1,4,min,0.05,104.0539453125,2.89195458984375,104.9054453125,2.6769415283203126,104.60342723083497,2.3749234466552736,103.49155044555664,2.329559722900391
resolution_max_b1,4,min,0.1,1034.3165,4.444615478515625,1040.95109375,4.30950146484375,1040.649075668335,4.007483383178711,1033.7541051330566,3.882220611572266
resolution_max_b1,4,min,0.2,60323.996,5.22580126953125,61031.106,5.284236572265625,61030.80398191833,4.9822184906005855,60323.433605133054,4.663406402587891
resolution_max_b1,4,min,0.35,9034789.888,5.197033935546875,9146302.464,5.626310546875,9146302.161981918,5.324292465209961,9034789.325605134,4.634639068603516
resolution_max_b1,4,min,0.5,506128646.144,5.17371484375,511714492.416,5.770763671875,511714492.1139819,5.468745590209961,506128645.58160514,4.611319976806641
resolution_max_b1,4,top1,-0.5,3258290502893.568,6.39614404296875,3316698300022.784,6.662311767578125,3316698300022.482,6.360293685913087,3258290502893.0054,5.833749176025391
resolution_max_b1,4,top1,-0.35,24568547770.368,4.469986328125,24985117655.04,5.4921103515625,24985117654.737984,5.190092269897461,24568547769.805607,3.9075914611816405
resolution_max_b1,4,top1,-0.2,37745522.688,4.122347412109375,38312097.792,4.890265380859375,38312097.48998192,4.588247299194336,37745522.125605136,3.5599525451660154
resolution_max_b1,4,top1,-0.1,114248.168,3.8974329833984376,115421.044,4.078032958984375,115420.74198191833,3.776014877319336,114247.60560513307,3.3350381164550784
resolution_max_b1,4,top1,-0.05,2999.671,3.0914566650390625,3017.063625,2.87514404296875,3016.7616069183346,2.573125961303711,2999.1086051330562,2.529061798095703
resolution_max_b1,4,top1,-0.02,182.4614140625,1.6591619873046874,182.637390625,1.361332824707031,182.33537254333496,1.059314743041992,181.89901919555666,1.096767120361328
resolution_max_b1,4,top1,-0.01,53.67328125,0.9570014038085938,53.6489453125,0.6878716735839844,53.34692723083496,0.3858535919189453,53.110886383056645,0.3946065368652344
resolution_max_b1,4,top1,-0.005,19.229705078125,0.6766746826171876,19.0718017578125,0.4131829223632812,18.769783676147462,0.11116484069824212,18.66731021118164,0.11427981567382817
resolution_max_b1,4,top1,-0.002,4.184900390625,0.584173095703125,3.997534912109375,0.3200965118408203,3.695516830444336,0.0180784301757812,3.6225055236816406,0.02177822875976565
resolution_max_b1,4,top1,-0.001,1.471562744140625,0.5688060913085937,1.2261954345703123,0.3061478729248046,0.9241773529052733,0.004129791259765536,0.9091678771972656,0.006411224365234336
resolution_max_b1,4,top1,-0.0005,0.7971513061523438,0.5644250183105469,0.5334508361816406,0.3028480377197265,0.2314327545166015,0.0008299560546874418,0.23475643920898437,0.002030151367187538
resolution_max_b1,4,top1,0.0,0.5623948669433594,0.5623948669433594,0.3020180816650391,0.3020180816650391,0.0,0.0,0.0,0.0
resolution_max_b1,4,top1,0.0005,0.8232940063476563,0.5627477722167968,0.5501000671386719,0.3038470153808594,0.2480819854736328,0.0018289337158203245,0.2608991394042969,0.0003529052734374538
resolution_max_b1,4,top1,0.001,1.7361015625,0.565810791015625,1.433549560546875,0.3084355926513671,1.131531478881836,0.006417510986328034,1.1737066955566406,0.0034159240722656525
resolution_max_b1,4,top1,0.002,5.0482607421875,0.5797882690429688,4.816496826171875,0.3258987426757812,4.514478744506835,0.0238806610107421,4.485865875244141,0.01739340209960938
resolution_max_b1,4,top1,0.005,18.113015625,0.6882689208984375,18.171560546875,0.4406373291015625,17.86954246520996,0.13861924743652343,17.55062075805664,0.1258740539550781
resolution_max_b1,4,top1,0.01,40.67588671875,1.04601025390625,40.9445234375,0.7885841979980469,40.64250535583496,0.48656611633300784,40.11349185180664,0.4836153869628905
resolution_max_b1,4,top1,0.02,105.409015625,1.8596775512695312,106.05715625,1.6568682250976563,105.75513816833497,1.3548501434326172,104.84662075805663,1.2972826843261718
resolution_max_b1,4,top1,0.05,843.35509375,3.62481396484375,849.0918125,3.60651416015625,848.789794418335,3.3044960784912107,842.7926988830567,3.0624190979003902
resolution_max_b1,4,top1,0.1,21886.63,5.467214111328125,21970.512,5.751884765625,21970.209981918335,5.449866683959961,21886.06760513306,4.904819244384766
resolution_max_b1,4,top1,0.2,6259046.656,6.5037041015625,6279312.384,7.27340234375,6279312.081981918,6.97138426208496,6259046.093605134,5.9413092346191405
resolution_max_b1,4,top1,0.35,4921413337.088,8.2919404296875,4937015099.392,8.31562255859375,4937015099.089982,8.01360447692871,4921413336.525605,7.729545562744141
resolution_max_b1,4,top1,0.5,807367012777.984,10.97745654296875,808806397247.488,9.18575048828125,808806397247.186,8.883732406616211,807367012777.4216,10.41506167602539
gaussian_postrelu,0,min,-0.5,52193896.448,5.1747509765625,53182945.28,4.887360107421875,53182944.99756551,4.604925613403321,52193895.87963908,4.606390060424804
gaussian_postrelu,0,min,-0.35,973835.84,5.32501171875,984046.016,5.11852783203125,984045.733565506,4.836093338012696,973835.2716390839,4.756650802612304
gaussian_postrelu,0,min,-0.2,7408.94375,5.5359736328125,7454.70525,5.51330517578125,7454.422815505982,5.2308706817626955,7408.3753890838625,4.967612716674805
gaussian_postrelu,0,min,-0.1,201.8457109375,4.520156005859375,202.9899453125,4.3343994140625,202.70751081848144,4.051964920043946,201.2773500213623,3.95179508972168
gaussian_postrelu,0,min,-0.05,84.1992578125,2.308693603515625,84.4490859375,1.963618225097656,84.16665144348144,1.6811837310791011,83.6308968963623,1.7403326873779297
gaussian_postrelu,0,min,-0.02,17.5252998046875,0.8160963745117188,17.1470673828125,0.477020523071289,16.864632888793945,0.1945860290527343,16.956938888549804,0.24773545837402344
gaussian_postrelu,0,min,-0.01,1.635939453125,0.6188968505859375,1.273347412109375,0.3292493591308594,0.9909129180908204,0.046814865112304704,1.0675785369873045,0.050535934448242115
gaussian_postrelu,0,min,-0.005,0.6383251647949219,0.5797171936035156,0.3441529693603515,0.2969691925048828,0.06171847534179681,0.014534698486328101,0.0699642486572265,0.011356277465820241
gaussian_postrelu,0,min,-0.002,0.5695111541748047,0.569804916381836,0.2882420959472656,0.2860393981933594,0.0058076019287108815,0.0036049041748046906,0.0011502380371093412,0.0014440002441405975
gaussian_postrelu,0,min,-0.001,0.5670377197265625,0.5686015014648438,0.2851582641601562,0.2837436981201172,0.0027237701416015225,0.001309204101562489,-0.0013231964111328764,0.00024058532714843484
gaussian_postrelu,0,min,-0.0005,0.5674037017822265,0.5683975677490234,0.2838427734375,0.2829703674316406,0.0014082794189452796,0.0005358734130859188,-0.0009572143554688051,3.66516113280424e-05
gaussian_postrelu,0,min,0.0,0.5683609161376953,0.5683609161376953,0.2824344940185547,0.2824344940185547,0.0,0.0,0.0,0.0
gaussian_postrelu,0,min,0.0005,0.5699882202148437,0.5686363830566407,0.2808152160644531,0.2821063995361328,-0.0016192779541016056,-0.0003280944824218812,0.0016273040771483949,0.0002754669189453107
gaussian_postrelu,0,min,0.001,0.5721151428222656,0.5692052764892578,0.2793212890625,0.2820297088623046,-0.003113204956054716,-0.00040478515625008704,0.003754226684570261,0.0008443603515624343
gaussian_postrelu,0,min,0.002,0.5797599487304688,0.5711607818603516,0.2780446472167969,0.2826208801269531,-0.004389846801757802,0.0001863861083983842,0.011399032592773417,0.002799865722656225
gaussian_postrelu,0,min,0.005,0.7175201416015625,0.58425244140625,0.379246597290039,0.2920339813232422,0.09681210327148432,0.009599487304687515,0.14915922546386717,0.01589152526855464
gaussian_postrelu,0,min,0.01,3.585159545898437,0.6370051879882812,3.115114013671875,0.3450648803710937,2.83267951965332,0.06263038635253898,3.016798629760742,0.06864427185058586
gaussian_postrelu,0,min,0.02,43.2358828125,0.9170397033691406,43.27555859375,0.6595996704101562,42.993124099731446,0.3771651763916015,42.66752189636231,0.3486787872314453
gaussian_postrelu,0,min,0.05,444.429828125,2.4287593994140626,446.22334375,2.28036279296875,445.94090925598147,1.9979282989501952,443.8614672088623,1.8603984832763674
gaussian_postrelu,0,min,0.1,3900.305,4.16743994140625,3914.43125,4.1209296875,3914.1488155059815,3.8384951934814455,3899.736639083862,3.5990790252685545
gaussian_postrelu,0,min,0.2,77998.664,5.498066162109375,78236.856,5.54421142578125,78236.57356550598,5.261776931762696,77998.09563908387,4.92970524597168
gaussian_postrelu,0,min,0.35,6906819.84,5.778542724609375,6920849.664,6.13694384765625,6920849.381565506,5.854509353637695,6906819.2716390835,5.210181808471679
gaussian_postrelu,0,min,0.5,280914821.12,5.685130859375,281666551.808,6.22147900390625,281666551.5255655,5.939044509887696,280914820.5516391,5.116769943237304
gaussian_postrelu,0,top1,-0.5,247618512879.616,4.63208349609375,251972796022.784,5.58346533203125,251972796022.50156,5.301030838012696,247618512879.04764,4.063722579956054
gaussian_postrelu,0,top1,-0.35,2127304785.92,3.8310396728515625,2162621415.424,4.781341064453125,2162621415.1415653,4.4989065704345705,2127304785.3516393,3.2626787567138673
gaussian_postrelu,0,top1,-0.2,4850365.44,3.445707885742188,4919505.152,4.270739379882812,4919504.869565506,3.9883048858642574,4850364.871639084,2.877346969604493
gaussian_postrelu,0,top1,-0.1,25863.877,3.18470703125,26127.215,3.6123248291015626,26126.93256550598,3.329890335083008,25863.30863908386,2.6163461151123046
gaussian_postrelu,0,top1,-0.05,1003.35078125,2.297548583984375,1010.95128125,2.4430260009765625,1010.6688467559815,2.1605915069580077,1002.7824203338622,1.7291876678466798
gaussian_postrelu,0,top1,-0.02,84.48306640625,1.21127734375,84.823453125,1.1151666259765625,84.54101863098144,0.8327321319580078,83.91470549011231,0.6429164276123046
gaussian_postrelu,0,top1,-0.01,27.3015009765625,0.7826986694335938,27.361140625,0.5720127258300781,27.078706130981445,0.2895782318115234,26.733140060424805,0.21433775329589844
gaussian_postrelu,0,top1,-0.005,9.9609404296875,0.6267024536132813,9.9604794921875,0.36023046875,9.678044998168946,0.07779597473144528,9.392579513549805,0.0583415374755859
gaussian_postrelu,0,top1,-0.002,2.371283935546875,0.5792494964599609,2.154548583984375,0.2933331604003906,1.8721140899658204,0.010898666381835898,1.8029230194091799,0.010888580322265584
gaussian_postrelu,0,top1,-0.001,1.0950768127441406,0.5719044952392578,0.8238392639160156,0.2846924438476562,0.5414047698974609,0.002257949829101491,0.5267158966064452,0.003543579101562444
gaussian_postrelu,0,top1,-0.0005,0.7241958923339844,0.5695750885009766,0.4294172210693359,0.2827681732177734,0.1469827270507812,0.00033367919921872824,0.15583497619628905,0.0012141723632812518
gaussian_postrelu,0,top1,0.0,0.5683609161376953,0.5683609161376953,0.2824344940185547,0.2824344940185547,0.0,0.0,0.0,0.0
gaussian_postrelu,0,top1,0.0005,0.8224464111328125,0.5684973602294922,0.5602986145019532,0.2838138885498046,0.2778641204833985,0.0013793945312499112,0.2540854949951171,0.00013644409179680572
gaussian_postrelu,0,top1,0.001,1.9809722900390625,0.569940673828125,1.6745021362304688,0.2871819610595703,1.3920676422119143,0.004747467041015585,1.4126113739013673,0.0015797576904296173
gaussian_postrelu,0,top1,0.002,6.715586181640625,0.5769921722412109,6.41017333984375,0.2998404541015625,6.127738845825196,0.01740596008300782,6.14722526550293,0.008631256103515561
gaussian_postrelu,0,top1,0.005,23.101814453125,0.6398100280761718,23.01198828125,0.3852711181640625,22.729553787231445,0.10283662414550782,22.533453536987306,0.07144911193847647
gaussian_postrelu,0,top1,0.01,47.92727734375,0.9086262817382812,47.96610546875,0.721496826171875,47.68367097473145,0.43906233215332036,47.35891642761231,0.34026536560058585
gaussian_postrelu,0,top1,0.02,125.7945546875,1.683342041015625,125.86335546875,1.582127685546875,125.58092097473144,1.2996931915283203,125.2261937713623,1.1149811248779296
gaussian_postrelu,0,top1,0.05,1442.779125,3.4617972412109377,1442.4733125,3.517611572265625,1442.1908780059814,3.2351770782470703,1442.2107640838624,2.8934363250732424
gaussian_postrelu,0,top1,0.1,39847.896,5.008537841796875,39882.256,5.37970849609375,39881.973565505985,5.097274002075196,39847.327639083866,4.44017692565918
gaussian_postrelu,0,top1,0.2,7937184.0,6.6946484375,7961954.304,7.71687841796875,7961954.021565505,7.434443923950195,7937183.431639084,6.126287521362304
gaussian_postrelu,0,top1,0.35,3395517022.208,8.38568359375,3410706169.856,9.76247412109375,3410706169.5735655,9.480039627075195,3395517021.6396394,7.817322677612305
gaussian_postrelu,0,top1,0.5,360463418261.504,9.8056533203125,362372212457.472,11.54886962890625,362372212457.1896,11.266435134887695,360463418260.93567,9.237292404174804
gaussian_postrelu,1,min,-0.5,586184425.472,6.516512939453125,586632101.888,7.121151123046875,586632101.5969657,6.830116806030274,586184424.9029579,5.94747085571289
gaussian_postrelu,1,min,-0.35,12167308.288,6.26023681640625,12224663.04,7.147357421875,12224662.748965682,6.856323104858399,12167307.718957918,5.691194732666016
gaussian_postrelu,1,min,-0.2,106785.304,5.800715576171875,107599.104,6.593956298828125,107598.81296568298,6.302921981811524,106784.73495791627,5.231673492431641
gaussian_postrelu,1,min,-0.1,2069.8861875,4.318508544921875,2078.07,4.433482666015625,2077.7789656829837,4.142448348999023,2069.3171454162593,3.749466461181641
gaussian_postrelu,1,min,-0.05,164.7041015625,2.418216796875,165.62740625,2.287310302734375,165.3363719329834,1.9962759857177736,164.13505947875976,1.8491747131347656
gaussian_postrelu,1,min,-0.02,13.0795888671875,0.9049029235839844,13.0575908203125,0.6166768798828125,12.766556503295899,0.325642562866211,12.510546783447266,0.33586083984375004
gaussian_postrelu,1,min,-0.01,2.2672509765625,0.6103213195800781,1.892876220703125,0.3438743896484375,1.6018419036865235,0.05284007263183599,1.6982088928222656,0.04127923583984372
gaussian_postrelu,1,min,-0.005,0.7137255249023438,0.5676946411132813,0.3960826721191406,0.3019644012451172,0.10504835510253913,0.010930084228515713,0.1446834411621094,-0.001347442626953077
gaussian_postrelu,1,min,-0.002,0.577557388305664,0.564852783203125,0.2910934600830078,0.293111328125,5.914306640630862e-05,0.00207701110839853,0.008515304565429704,-0.004189300537109308
gaussian_postrelu,1,min,-0.001,0.5716484985351562,0.5664371337890625,0.2904601745605469,0.2917470550537109,-0.0005741424560545827,0.0007127380371094172,0.002606414794921852,-0.0026049499511718865
gaussian_postrelu,1,min,-0.0005,0.5701858215332031,0.5676007995605469,0.2907984008789062,0.2913049011230468,-0.00023591613769530229,0.00027058410644531516,0.0011437377929687242,-0.0014412841796874742
gaussian_postrelu,1,min,0.0,0.5690420837402344,0.5690420837402344,0.2910343170166015,0.2910343170166015,0.0,0.0,0.0,0.0
gaussian_postrelu,1,min,0.0005,0.567779052734375,0.5707405548095703,0.2911745147705078,0.290912612915039,0.00014019775390633482,-0.0001217041015624809,-0.0012630310058593386,0.0016984710693359606
gaussian_postrelu,1,min,0.001,0.5668402709960938,0.5726269836425781,0.2912181854248047,0.291000259399414,0.00018386840820322492,-3.4057617187499556e-05,-0.002201812744140552,0.0035848999023437855
gaussian_postrelu,1,min,0.002,0.5681521301269531,0.5771482543945312,0.2935562438964844,0.2917955017089844,0.0025219268798828964,0.0007611846923828991,-0.000889953613281258,0.008106170654296863
gaussian_postrelu,1,min,0.005,0.7228856811523438,0.5965225219726562,0.4403842926025391,0.2989346923828125,0.1493499755859376,0.007900375366211021,0.1538435974121094,0.027480438232421855
gaussian_postrelu,1,min,0.01,3.476781005859375,0.6575216064453125,3.09225048828125,0.3399012603759765,2.8012161712646484,0.048866943359375026,2.9077389221191408,0.0884795227050782
gaussian_postrelu,1,min,0.02,27.742458984375,0.9759599609375,27.7770849609375,0.6183685302734375,27.486050643920898,0.32733421325683604,27.173416900634763,0.4069178771972657
gaussian_postrelu,1,min,0.05,209.3159296875,2.764763916015625,210.9292109375,2.41557470703125,210.6381766204834,2.1245403900146482,208.74688760375975,2.1957218322753906
gaussian_postrelu,1,min,0.1,1769.6228125,4.875365966796875,1781.9738125,4.727384521484375,1781.6827781829834,4.436350204467773,1769.0537704162598,4.30632388305664
gaussian_postrelu,1,min,0.2,78216.304,5.91058349609375,78528.124,5.950900146484375,78527.83296568297,5.6598658294677735,78215.73495791627,5.341541412353516
gaussian_postrelu,1,min,0.35,7793291.52,6.4146796875,7798013.696,6.474163330078125,7798013.404965684,6.1831290130615235,7793290.950957916,5.845637603759766
gaussian_postrelu,1,min,0.5,343035117.568,7.263857421875,342608576.512,6.838030029296875,342608576.2209657,6.546995712280274,343035116.99895793,6.694815338134765
gaussian_postrelu,1,top1,-0.5,4373427221692.416,7.599952392578125,4492785839243.264,7.561007568359375,4492785839242.973,7.2699732513427735,4373427221691.847,7.030910308837891
gaussian_postrelu,1,top1,-0.35,27673581584.384,6.00779248046875,28416862584.832,6.600932861328125,28416862584.540966,6.309898544311523,27673581583.814957,5.438750396728516
gaussian_postrelu,1,top1,-0.2,31919941.632,4.773090576171875,32714120.192,5.804424560546875,32714119.900965683,5.5133902435302735,31919941.062957916,4.204048492431641
gaussian_postrelu,1,top1,-0.1,71347.78,4.167482177734375,72742.836,4.976333740234375,72742.54496568297,4.685299423217773,71347.21095791626,3.598440093994141
gaussian_postrelu,1,top1,-0.05,1416.7725,3.0805419921875,1435.2635,3.401792236328125,1434.9724656829835,3.1107579193115233,1416.2034579162598,2.5114999084472656
gaussian_postrelu,1,top1,-0.02,106.93171875,1.6592237548828126,106.93241015625,1.5501814575195312,106.6413758392334,1.2591471405029298,106.36267666625977,1.0901816711425782
gaussian_postrelu,1,top1,-0.01,39.402970703125,0.984207763671875,38.94087109375,0.7586515197753906,38.649836776733395,0.4676172027587891,38.833928619384764,0.41516567993164066
gaussian_postrelu,1,top1,-0.005,14.88873583984375,0.6869360656738281,14.4848359375,0.4142574462890625,14.193801620483399,0.12322312927246104,14.319693756103517,0.1178939819335938
gaussian_postrelu,1,top1,-0.002,3.4962174072265624,0.5876070404052735,3.2248486328125,0.3084850158691406,2.9338143157958982,0.017450698852539137,2.927175323486328,0.0185649566650391
gaussian_postrelu,1,top1,-0.001,1.353067626953125,0.5735729675292969,1.0696397094726562,0.2948709106445312,0.7786053924560548,0.0038365936279297075,0.7840255432128906,0.004530883789062523
gaussian_postrelu,1,top1,-0.0005,0.7695566711425781,0.5700114440917968,0.4927288818359375,0.291657241821289,0.201694564819336,0.000622924804687508,0.20051458740234374,0.000969360351562476
gaussian_postrelu,1,top1,0.0,0.5690420837402344,0.5690420837402344,0.2910343170166015,0.2910343170166015,0.0,0.0,0.0,0.0
gaussian_postrelu,1,top1,0.0005,0.8195401000976562,0.5706186218261718,0.502763671875,0.2926557769775391,0.21172935485839856,0.001621459960937599,0.25049801635742186,0.0015765380859374956
gaussian_postrelu,1,top1,0.001,1.6633304443359376,0.5745325927734375,1.2926439819335938,0.2965692596435547,1.0016096649169923,0.005534942626953199,1.0942883605957032,0.005490509033203139
gaussian_postrelu,1,top1,0.002,4.728404541015625,0.5903582153320313,4.36459375,0.311011734008789,4.073559432983399,0.019977416992187524,4.159362457275391,0.021316131591796905
gaussian_postrelu,1,top1,0.005,16.78944140625,0.6976188049316406,16.6903896484375,0.4241150665283203,16.399355331420896,0.13308074951171883,16.220399322509763,0.12857672119140628
gaussian_postrelu,1,top1,0.01,39.935701171875,1.0660836791992188,40.070052734375,0.8364968566894532,39.779018417358394,0.5454625396728516,39.36665908813477,0.4970415954589844
gaussian_postrelu,1,top1,0.02,124.4671015625,1.9975870361328123,125.06845703125,1.907170654296875,124.77742271423341,1.6161363372802735,123.89805947875978,1.428544952392578
gaussian_postrelu,1,top1,0.05,1356.6331875,3.784399658203125,1360.920625,3.953383911132813,1360.6295906829835,3.662349594116211,1356.0641454162599,3.2153575744628906
gaussian_postrelu,1,top1,0.1,31338.294,5.926064453125,31270.238,5.645790283203125,31269.946965682986,5.354755966186524,31337.72495791626,5.357022369384765
gaussian_postrelu,1,top1,0.2,5701123.84,7.960791748046875,5655699.712,6.694853515625,5655699.420965684,6.4038191986083985,5701123.270957916,7.391749664306641
gaussian_postrelu,1,top1,0.35,2408995356.672,8.629123046875,2392302026.752,6.65812109375,2392302026.4609656,6.367086776733399,2408995356.1029577,8.060080963134766
gaussian_postrelu,1,top1,0.5,276701548380.16,9.22151611328125,275426312192.0,6.890026611328125,275426312191.709,6.598992294311524,276701548379.59094,8.652474029541017
gaussian_postrelu,2,min,-0.5,79959588.864,5.230584716796875,79632265.216,5.1960341796875,79632264.96416722,4.944201400756835,79959588.2659064,4.632491119384765
gaussian_postrelu,2,min,-0.35,2450481.536,5.4862998046875,2438813.824,5.577853271484375,2438813.572167221,5.3260204925537105,2450480.9379064026,4.88820620727539
gaussian_postrelu,2,min,-0.2,40100.022,5.860445556640625,40109.104,5.9110859375,40108.85216722107,5.659253158569336,40099.42390640258,5.262351959228515
gaussian_postrelu,2,min,-0.1,1351.031375,5.1435283203125,1359.1953125,5.02647607421875,1358.9434797210693,4.774643295288086,1350.433281402588,4.54543472290039
gaussian_postrelu,2,min,-0.05,149.3948203125,3.145108154296875,150.50625,2.87646826171875,150.25441722106933,2.6246354827880856,148.79672671508789,2.5470145568847657
gaussian_postrelu,2,min,-0.02,17.490548828125,1.1030416870117188,17.4754677734375,0.7471988525390625,17.22363499450684,0.4953660736083984,16.89245523071289,0.5049480895996095
gaussian_postrelu,2,min,-0.01,2.5400213623046874,0.6811847534179688,2.1287769165039063,0.3280903167724609,1.8769441375732423,0.07625753784179684,1.9419277648925781,0.08309115600585948
gaussian_postrelu,2,min,-0.005,0.7275266418457031,0.6134818725585938,0.3477114562988281,0.2663445205688476,0.09587867736816402,0.014511741638183528,0.12943304443359382,0.015388275146484443
gaussian_postrelu,2,min,-0.002,0.6073356018066406,0.5993455200195312,0.2524601898193359,0.253950942993164,0.0006274108886717977,0.0021181640624999276,0.009242004394531267,0.001251922607421907
gaussian_postrelu,2,min,-0.001,0.6004002380371094,0.5979258728027343,0.2510334930419922,0.2523981628417969,-0.0007992858886718968,0.0005653839111328107,0.002306640625000078,-0.00016772460937497513
gaussian_postrelu,2,min,-0.0005,0.5987584838867187,0.5978076782226562,0.2513904571533203,0.251992431640625,-0.0004423217773437682,0.0001596527099609335,0.000664886474609383,-0.0002859191894530877
gaussian_postrelu,2,min,0.0,0.5980935974121093,0.5980935974121093,0.2518327789306641,0.2518327789306641,0.0,0.0,0.0,0.0
gaussian_postrelu,2,min,0.0005,0.5987798767089844,0.5987841796875,0.2522450790405273,0.2520011444091797,0.0004123001098632062,0.00016836547851561967,0.0006862792968750364,0.0006905822753906499
gaussian_postrelu,2,min,0.001,0.6007289123535157,0.5999703369140625,0.2527315063476562,0.2524472198486328,0.0008987274169920956,0.0006144409179686949,0.0026353149414063415,0.0018767395019532174
gaussian_postrelu,2,min,0.002,0.6090606384277344,0.6036421203613281,0.2548572845458984,0.2543403854370117,0.0030245056152343186,0.002507606506347626,0.010967041015625068,0.005548522949218815
gaussian_postrelu,2,min,0.005,0.7486668395996093,0.62519091796875,0.3374996032714843,0.2692778625488281,0.08566682434082024,0.017445083618163992,0.1505732421875,0.027097320556640714
gaussian_postrelu,2,min,0.01,2.350661376953125,0.7136840209960937,1.8017197875976565,0.3373169555664062,1.5498870086669925,0.08548417663574209,1.7525677795410155,0.11559042358398441
gaussian_postrelu,2,min,0.02,13.9762958984375,1.1652320556640623,13.63167578125,0.7753226318359375,13.379843002319335,0.5234898529052734,13.378202301025391,0.567138458251953
gaussian_postrelu,2,min,0.05,101.1534140625,3.47931884765625,101.92878515625,2.98841162109375,101.67695237731934,2.7365788421630857,100.5553204650879,2.8812252502441407
gaussian_postrelu,2,min,0.1,814.3796875,5.86795849609375,824.56821875,5.430789306640625,824.3163859710694,5.1789565277099605,813.7815939025879,5.26986489868164
gaussian_postrelu,2,min,0.2,28177.311,6.5806201171875,28633.747,6.47434716796875,28633.49516722107,6.222514389038086,28176.71290640259,5.982526519775391
gaussian_postrelu,2,min,0.35,1430782.016,6.398544921875,1463336.64,6.29724169921875,1463336.3881672209,6.045408920288086,1430781.4179064026,5.80045132446289
gaussian_postrelu,2,min,0.5,85858107.392,6.6735078125,87988310.016,6.495960693359375,87988309.76416722,6.244127914428711,85858106.7939064,6.07541421508789
gaussian_postrelu,2,top1,-0.5,297132145770.496,8.0456904296875,301715446300.672,10.1388212890625,301715446300.42017,9.886988510131836,297132145769.8979,7.447596832275391
gaussian_postrelu,2,top1,-0.35,1851343634.432,7.196945556640625,1878003154.944,8.98231494140625,1878003154.6921673,8.730482162475585,1851343633.8339064,6.598851959228515
gaussian_postrelu,2,top1,-0.2,3029529.344,6.73197119140625,3059100.544,8.035064208984375,3059100.292167221,7.783231430053711,3029528.745906403,6.13387759399414
gaussian_postrelu,2,top1,-0.1,17519.245,5.288485595703125,17614.694,5.837054931640625,17614.44216722107,5.585222152709961,17518.646906402588,4.690391998291015
gaussian_postrelu,2,top1,-0.05,889.0125625,3.517370849609375,892.97734375,3.6096083984375,892.7255109710694,3.357775619506836,888.4144689025878,2.919277252197266
gaussian_postrelu,2,top1,-0.02,106.367703125,1.6714357299804687,107.138390625,1.4764434204101562,106.88655784606934,1.2246106414794922,105.7696095275879,1.0733421325683594
gaussian_postrelu,2,top1,-0.01,42.978689453125,0.9483153076171876,43.172529296875,0.6284918823242187,42.920696517944336,0.37665910339355463,42.38059585571289,0.3502217102050783
gaussian_postrelu,2,top1,-0.005,19.4681083984375,0.6900584106445312,19.235982421875,0.3407958831787109,18.984149642944338,0.08896310424804682,18.87001480102539,0.0919648132324219
gaussian_postrelu,2,top1,-0.002,5.29120849609375,0.6158869018554688,4.83037451171875,0.2642813873291015,4.578541732788086,0.012448608398437422,4.693114898681641,0.01779330444335947
gaussian_postrelu,2,top1,-0.001,1.7705086669921877,0.6040870971679687,1.2883031616210938,0.2543296966552734,1.0364703826904298,0.0024969177246093044,1.1724150695800784,0.005993499755859388
gaussian_postrelu,2,top1,-0.0005,0.8588568725585938,0.6003583984375,0.4526412506103515,0.2522115631103516,0.2008084716796874,0.000378784179687508,0.26076327514648445,0.002264801025390728
gaussian_postrelu,2,top1,0.0,0.5980935974121093,0.5980935974121093,0.2518327789306641,0.2518327789306641,0.0,0.0,0.0,0.0
gaussian_postrelu,2,top1,0.0005,0.7621329345703125,0.5971177673339844,0.4302289123535156,0.2530608139038086,0.17839613342285154,0.0012280349731444984,0.16403933715820318,-0.0009758300781249618
gaussian_postrelu,2,top1,0.001,1.2310498657226563,0.5975101928710937,0.8977176513671875,0.2557625274658203,0.6458848724365234,0.003929748535156208,0.632956268310547,-0.0005834045410155753
gaussian_postrelu,2,top1,0.002,2.7410513916015624,0.6020707092285156,2.45148046875,0.2654691925048828,2.1996476898193356,0.013636413574218742,2.142957794189453,0.0039771118164062536
gaussian_postrelu,2,top1,0.005,9.30211328125,0.6402318725585937,9.17665625,0.3257880554199219,8.924823471069336,0.07395527648925782,8.70401968383789,0.04213827514648438
gaussian_postrelu,2,top1,0.01,23.37849609375,0.7705523986816406,23.4120849609375,0.4932659301757812,23.160252182006836,0.2414331512451171,22.780402496337892,0.17245880126953128
gaussian_postrelu,2,top1,0.02,60.659451171875,1.1193719482421876,61.097208984375,0.9323796997070312,60.84537620544434,0.680546920776367,60.06135757446289,0.5212783508300782
gaussian_postrelu,2,top1,0.05,612.92034375,2.1680484008789063,619.576875,2.218750610351562,619.3250422210693,1.9669178314208982,612.3222501525879,1.569954803466797
gaussian_postrelu,2,top1,0.1,21587.217,3.3645091552734376,21937.286,3.748841064453125,21937.03416722107,3.497008285522461,21586.61890640259,2.766415557861328
gaussian_postrelu,2,top1,0.2,7181855.488,3.827617309570313,7348389.888,4.575893310546875,7348389.636167222,4.324060531616211,7181854.889906403,3.229523712158204
gaussian_postrelu,2,top1,0.35,4660128907.264,4.465669677734375,4783719841.792,5.340653076171875,4783719841.540167,5.08882029724121,4660128906.665906,3.867576080322266
gaussian_postrelu,2,top1,0.5,622903603232.768,5.94429443359375,639779066609.664,6.082309814453125,639779066609.4121,5.830477035522461,622903603232.1698,5.346200836181641
gaussian_postrelu,3,min,-0.5,805364891.648,6.399447021484375,810968416.256,6.3734150390625,810968415.9998263,6.117241271972657,805364891.0897324,5.841179382324219
gaussian_postrelu,3,min,-0.35,9663110.656,6.288203857421875,9689624.064,6.2722919921875,9689623.807826232,6.016118225097657,9663110.09773236,5.729936218261718
gaussian_postrelu,3,min,-0.2,76452.396,6.355583984375,76592.732,6.2904326171875,76592.47582623291,6.034258850097657,76451.83773236083,5.797316345214844
gaussian_postrelu,3,min,-0.1,2006.2625,5.71811376953125,2008.422625,5.5248974609375,2008.16645123291,5.268723693847656,2005.7042323608398,5.159846130371093
gaussian_postrelu,3,min,-0.05,208.1461484375,3.355930419921875,208.332296875,3.0059947509765625,208.07612310791015,2.749820983886719,207.58788079833982,2.7976627807617187
gaussian_postrelu,3,min,-0.02,21.8750517578125,0.9795420837402344,21.781623046875,0.6536643676757813,21.525449279785157,0.3974906005859376,21.316784118652343,0.42127444458007823
gaussian_postrelu,3,min,-0.01,2.93045947265625,0.6423147583007812,2.5074022216796874,0.3287631530761719,2.2512284545898438,0.07258938598632819,2.372191833496094,0.08404711914062502
gaussian_postrelu,3,min,-0.005,0.72197509765625,0.5772997741699218,0.3884944152832031,0.270977798461914,0.13232064819335942,0.014804031372070314,0.1637074584960938,0.01903213500976564
gaussian_postrelu,3,min,-0.002,0.5627354736328125,0.5604197387695312,0.2602098693847656,0.2572860412597656,0.004036102294921906,0.001112274169921934,0.004467834472656307,0.0021520996093750133
gaussian_postrelu,3,min,-0.001,0.5564801025390625,0.558298095703125,0.2570426635742187,0.2558334503173828,0.0008688964843749925,-0.0003403167724608802,-0.001787536621093655,3.0456542968848588e-05
gaussian_postrelu,3,min,-0.0005,0.5565426330566406,0.5580509643554687,0.2566029357910156,0.2557846527099609,0.0004291687011719336,-0.0003891143798827601,-0.0017250061035155584,-0.0002166748046874556
gaussian_postrelu,3,min,0.0,0.5582676391601562,0.5582676391601562,0.2561737670898437,0.2561737670898437,0.0,0.0,0.0,0.0
gaussian_postrelu,3,min,0.0005,0.5611686401367187,0.5589117431640624,0.2554971542358398,0.2569791107177734,-0.0006766128540038885,0.0008053436279297221,0.00290100097656254,0.0006441040039062429
gaussian_postrelu,3,min,0.001,0.5657314758300781,0.5599974365234375,0.2547388763427734,0.2582646331787109,-0.001434890747070261,0.002090866088867216,0.007463836669921897,0.0017297973632812713
gaussian_postrelu,3,min,0.002,0.5811414794921875,0.563790283203125,0.2553184204101562,0.2624232482910156,-0.0008553466796875075,0.006249481201171914,0.022873840332031325,0.005522644042968761
gaussian_postrelu,3,min,0.005,0.8218662109375,0.5916400756835938,0.4194627990722656,0.2916714935302734,0.1632890319824219,0.0354977264404297,0.2635985717773438,0.033372436523437576
gaussian_postrelu,3,min,0.01,4.136079345703125,0.7249034423828125,3.74437841796875,0.4227594757080078,3.4882046508789064,0.16658570861816413,3.577811706542969,0.16663580322265625
gaussian_postrelu,3,min,0.02,29.266671875,1.3134747314453126,29.1833125,1.0495191040039062,28.927138732910155,0.7933453369140626,28.708404235839843,0.7552070922851564
gaussian_postrelu,3,min,0.05,234.659875,3.0731939697265624,235.950671875,2.926427001953125,235.69449810791016,2.6702532348632815,234.10160736083984,2.5149263305664062
gaussian_postrelu,3,min,0.1,1518.8580625,4.6085068359375,1523.087,4.45712744140625,1522.83082623291,4.200953674316406,1518.2997948608397,4.050239196777344
gaussian_postrelu,3,min,0.2,30869.742,5.607087890625,30798.598,5.402731201171875,30798.34182623291,5.146557434082031,30869.183732360838,5.048820251464845
gaussian_postrelu,3,min,0.35,2901260.416,6.346314453125,2868386.56,5.9159111328125,2868386.303826233,5.659737365722656,2901259.857732361,5.7880468139648436
gaussian_postrelu,3,min,0.5,164974632.96,6.60540185546875,162855346.176,6.01905029296875,162855345.91982624,5.762876525878906,164974632.40173236,6.047134216308594
gaussian_postrelu,3,top1,-0.5,3822413653475.328,6.1530234375,3927731217629.184,6.8934765625,3927731217628.9277,6.637302795410156,3822413653474.77,5.594755798339843
gaussian_postrelu,3,top1,-0.35,21476472258.56,4.852954833984375,22050528821.248,5.736740234375,22050528820.99183,5.480566467285156,21476472258.00173,4.294687194824219
gaussian_postrelu,3,top1,-0.2,21724205.056,4.31244921875,22259546.112,4.98985205078125,22259545.855826233,4.733678283691407,21724204.497732364,3.754181579589844
gaussian_postrelu,3,top1,-0.1,46204.338,3.9199306640625,47112.544,4.206703369140625,47112.28782623291,3.950529602050781,46203.77973236085,3.361663024902344
gaussian_postrelu,3,top1,-0.05,1064.0740625,3.046009765625,1074.8449375,3.0880352783203127,1074.5887637329101,2.831861511230469,1063.5157948608398,2.487742126464844
gaussian_postrelu,3,top1,-0.02,86.3866328125,1.6590465087890625,86.72551953125,1.540203125,86.46934576416015,1.2840293579101563,85.82836517333985,1.1007788696289063
gaussian_postrelu,3,top1,-0.01,31.7595859375,0.9775852355957032,31.697458984375,0.7406340942382813,31.441285217285156,0.4844603271484376,31.201318298339842,0.419317596435547
gaussian_postrelu,3,top1,-0.005,13.208361328125,0.675953125,13.15663427734375,0.3908891296386719,12.900460510253906,0.1347153625488282,12.650093688964843,0.11768548583984384
gaussian_postrelu,3,top1,-0.002,3.35699462890625,0.5739096374511719,3.071440185546875,0.2712781524658203,2.8152664184570315,0.015104385375976637,2.798726989746094,0.015641998291015646
gaussian_postrelu,3,top1,-0.001,1.29234765625,0.5628093872070312,0.97844287109375,0.2587222595214843,0.7222691040039064,0.0025484924316406254,0.7340800170898438,0.004541748046875016
gaussian_postrelu,3,top1,-0.0005,0.735784912109375,0.5596640319824219,0.4343566436767578,0.2562395324707031,0.17818287658691412,6.576538085939498e-05,0.17751727294921882,0.0013963928222656685
gaussian_postrelu,3,top1,0.0,0.5582676391601562,0.5582676391601562,0.2561737670898437,0.2561737670898437,0.0,0.0,0.0,0.0
gaussian_postrelu,3,top1,0.0005,0.7953184509277343,0.5588655395507812,0.4405695953369141,0.2585626525878906,0.1843958282470704,0.0023888854980468888,0.23705081176757814,0.0005979003906250169
gaussian_postrelu,3,top1,0.001,1.6056256103515625,0.5614287414550782,1.2007269897460937,0.2632512969970703,0.9445532226562501,0.0070775299072265985,1.0473579711914063,0.003161102294921947
gaussian_postrelu,3,top1,0.002,4.799113525390625,0.5734449157714844,4.34691015625,0.2792656707763672,4.090736389160156,0.02309190368652353,4.240845886230469,0.015177276611328172
gaussian_postrelu,3,top1,0.005,16.8088583984375,0.685635009765625,16.6527626953125,0.3965442810058593,16.396588928222656,0.14037051391601563,16.250590759277344,0.12736737060546877
gaussian_postrelu,3,top1,0.01,33.1831328125,1.0295118713378906,33.4911015625,0.7721707458496094,33.23492779541016,0.5159969787597658,32.62486517333984,0.47124423217773437
gaussian_postrelu,3,top1,0.02,75.37248046875,1.8306416015625,75.8015390625,1.6799226684570312,75.54536529541015,1.4237489013671876,74.81421282958985,1.2723739624023438
gaussian_postrelu,3,top1,0.05,614.854,3.155783203125,615.621625,3.0411678466796874,615.3654512329101,2.784994079589844,614.2957323608399,2.5975155639648437
gaussian_postrelu,3,top1,0.1,12035.858,4.73026708984375,12037.626,4.51156884765625,12037.36982623291,4.255395080566406,12035.29973236084,4.171999450683593
gaussian_postrelu,3,top1,0.2,2194720.64,6.4147021484375,2193030.656,6.21326806640625,2193030.399826233,5.957094299316406,2194720.081732361,5.856434509277344
gaussian_postrelu,3,top1,0.35,1214069473.28,8.73492138671875,1208751161.344,7.000771728515625,1208751161.0878263,6.744597961425781,1214069472.7217324,8.176653747558593
gaussian_postrelu,3,top1,0.5,143344449617.92,10.18395361328125,142692377952.256,7.88953173828125,142692377951.99985,7.633357971191407,143344449617.36176,9.625685974121094
gaussian_postrelu,4,min,-0.5,485801361.408,7.57623046875,490844323.84,8.050000732421875,490844323.57724255,7.7872433166503905,485801360.81603706,6.984267517089844
gaussian_postrelu,4,min,-0.35,7477999.104,7.37376025390625,7534419.456,7.58603662109375,7534419.193242584,7.323279205322265,7477998.512037049,6.781797302246093
gaussian_postrelu,4,min,-0.2,54083.35,6.68376416015625,54806.52,6.662079345703125,54806.25724258422,6.399321929931641,54082.75803704834,6.0918012084960935
gaussian_postrelu,4,min,-0.1,915.31190625,4.96532373046875,929.8453125,4.6838857421875,929.5825550842285,4.4211283264160155,914.7199432983398,4.3733607788085935
gaussian_postrelu,4,min,-0.05,140.8881015625,3.262456909179688,142.1788828125,2.93118603515625,141.91612539672852,2.6684286193847657,140.29613861083985,2.6704939575195317
gaussian_postrelu,4,min,-0.02,12.72384228515625,1.166933349609375,12.58867431640625,0.7869349975585938,12.325916900634766,0.5241775817871095,12.131879333496094,0.5749703979492188
gaussian_postrelu,4,min,-0.01,1.4348841552734375,0.6954884643554687,1.0401820678710938,0.3333282775878906,0.7774246520996095,0.07057086181640626,0.8429212036132813,0.10352551269531252
gaussian_postrelu,4,min,-0.005,0.6707837219238282,0.6159869079589844,0.3134646759033203,0.2743393859863281,0.05070726013183596,0.011581970214843806,0.07882077026367196,0.024023956298828142
gaussian_postrelu,4,min,-0.002,0.5989100646972656,0.5964342651367187,0.2626308517456054,0.2641482009887695,-0.0001265640258789058,0.0013907852172851953,0.006947113037109376,0.0044713134765624885
gaussian_postrelu,4,min,-0.001,0.5935049438476563,0.593455810546875,0.2616599807739257,0.2629846115112305,-0.0010974349975585995,0.00022719573974616658,0.001541992187500063,0.0014928588867187953
gaussian_postrelu,4,min,-0.0005,0.5924613037109375,0.5925451049804688,0.2620645675659179,0.2627536010742187,-0.0006928482055664209,-3.814697265625e-06,0.0004983520507813033,0.0005821533203125284
gaussian_postrelu,4,min,0.0,0.5919629516601562,0.5919629516601562,0.2627574157714843,0.2627574157714843,0.0,0.0,0.0,0.0
gaussian_postrelu,4,min,0.0005,0.5919635925292969,0.591722412109375,0.2633933868408203,0.2629464950561523,0.0006359710693359943,0.0001890792846679923,6.408691406445399e-07,-0.0002405395507811825
gaussian_postrelu,4,min,0.001,0.5927048950195313,0.591861572265625,0.2643004302978515,0.2633404159545898,0.0015430145263671813,0.0005830001831054754,0.0007419433593750524,-0.00010137939453125355
gaussian_postrelu,4,min,0.002,0.5981205444335937,0.593414306640625,0.2674767608642578,0.2647144622802734,0.004719345092773497,0.0019570465087890843,0.006157592773437526,0.0014513549804687775
gaussian_postrelu,4,min,0.005,0.6892103881835937,0.6072903137207031,0.3334553527832031,0.2750435333251953,0.07069793701171878,0.012286117553711007,0.09724743652343748,0.015327362060546856
gaussian_postrelu,4,min,0.01,1.8743585205078128,0.6625542297363282,1.4253152465820311,0.3211105194091797,1.1625578308105469,0.05835310363769536,1.2823955688476567,0.07059127807617194
gaussian_postrelu,4,min,0.02,11.06403564453125,0.9139254150390624,10.776224609375,0.5672470703125,10.513467193603516,0.3044896545410157,10.472072692871095,0.3219624633789062
gaussian_postrelu,4,min,0.05,44.702818359375,2.231763916015625,44.645599609375,1.964513671875,44.382842193603516,1.7017562561035158,44.110855407714844,1.639800964355469
gaussian_postrelu,4,min,0.1,108.26127734375,3.9952376708984376,107.63683203125,3.6635146484375,107.3740746154785,3.4007572326660154,107.66931439208985,3.4032747192382815
gaussian_postrelu,4,min,0.2,1437.4198125,5.66172412109375,1446.8281875,5.13827978515625,1446.5654300842286,4.875522369384766,1436.8278495483398,5.069761169433593
gaussian_postrelu,4,min,0.35,91744.464,6.10262451171875,92269.612,5.82138232421875,92269.34924258423,5.558624908447266,91743.87203704835,5.510661560058593
gaussian_postrelu,4,min,0.5,3482650.496,6.325401611328125,3494289.92,6.103953125,3494289.657242584,5.841195709228516,3482649.904037048,5.733438659667969
gaussian_postrelu,4,top1,-0.5,843816856715.264,4.98432958984375,863457272397.824,5.652167724609375,863457272397.5612,5.38941030883789,843816856714.6721,4.392366638183593
gaussian_postrelu,4,top1,-0.35,6254579679.232,4.421748046875,6395545255.936,5.00236767578125,6395545255.673243,4.739610260009766,6254579678.640038,3.829785095214844
gaussian_postrelu,4,top1,-0.2,10456797.184,4.019646362304687,10669467.136,4.554447021484375,10669466.873242585,4.29168960571289,10456796.592037048,3.4276834106445313
gaussian_postrelu,4,top1,-0.1,34373.446,3.5111282958984376,34841.27,3.862791748046875,34841.00724258422,3.6000343322753907,34372.854037048346,2.9191653442382814
gaussian_postrelu,4,top1,-0.05,848.56521875,2.892947998046875,852.696875,2.929123657226562,852.4341175842285,2.6663662414550777,847.9732557983398,2.3009850463867187
gaussian_postrelu,4,top1,-0.02,83.747703125,1.643948974609375,83.964765625,1.4970855712890625,83.70200820922851,1.2343281555175782,83.15574017333985,1.0519860229492188
gaussian_postrelu,4,top1,-0.01,28.49093359375,0.9868316040039062,28.6095908203125,0.7546542053222656,28.346833404541016,0.49189678955078125,27.898970642089843,0.39486865234375
gaussian_postrelu,4,top1,-0.005,10.8765908203125,0.6954846801757812,10.623392578125,0.4102127685546875,10.360635162353516,0.1474553527832032,10.284627868652345,0.10352172851562502
gaussian_postrelu,4,top1,-0.002,3.362990478515625,0.6086221618652343,3.032606689453125,0.2875720443725585,2.7698492736816407,0.024814628601074196,2.7710275268554687,0.0166592102050781
gaussian_postrelu,4,top1,-0.001,1.4307542724609374,0.5959789733886719,1.0793236389160157,0.269790283203125,0.8165662231445314,0.007032867431640666,0.8387913208007812,0.004016021728515673
gaussian_postrelu,4,top1,-0.0005,0.8159395141601562,0.5926778564453125,0.4733344573974609,0.2650081939697266,0.21057704162597657,0.0022507781982422648,0.22397656249999998,0.000714904785156234
gaussian_postrelu,4,top1,0.0,0.5919629516601562,0.5919629516601562,0.2627574157714843,0.2627574157714843,0.0,0.0,0.0,0.0
gaussian_postrelu,4,top1,0.0005,0.846004150390625,0.5937951049804687,0.5048580474853516,0.2632197113037109,0.24210063171386725,0.0004622955322265976,0.2540411987304688,0.0018321533203125018
gaussian_postrelu,4,top1,0.001,1.7417699584960935,0.59810791015625,1.3700593872070312,0.2664374542236328,1.107301971435547,0.003680038452148482,1.1498070068359372,0.006144958496093755
gaussian_postrelu,4,top1,0.002,4.793624755859375,0.6133336181640625,4.505979736328125,0.2810153045654296,4.24322232055664,0.0182578887939453,4.201661804199219,0.021370666503906288
gaussian_postrelu,4,top1,0.005,13.7996962890625,0.7110412902832032,13.7859912109375,0.3867571411132812,13.523233795166016,0.12399972534179687,13.207733337402344,0.11907833862304695
gaussian_postrelu,4,top1,0.01,24.85826953125,1.0011807556152343,24.929291015625,0.7407933349609375,24.666533599853516,0.47803591918945315,24.26630657958984,0.4092178039550781
gaussian_postrelu,4,top1,0.02,65.811453125,1.72495849609375,66.08943359375,1.5863123779296875,65.82667617797851,1.3235549621582032,65.21949017333985,1.132995544433594
gaussian_postrelu,4,top1,0.05,780.75753125,3.1524967041015626,781.6145,3.197395263671875,781.3517425842285,2.9346378479003907,780.1655682983398,2.5605337524414065
gaussian_postrelu,4,top1,0.1,15986.408,4.3238564453125,16001.5635,4.73095166015625,16001.300742584228,4.468194244384765,15985.81603704834,3.731893493652344
gaussian_postrelu,4,top1,0.2,2029339.136,5.92883984375,2040066.368,5.9363134765625,2040066.1052425841,5.673556060791015,2029338.5440370482,5.336876892089843
gaussian_postrelu,4,top1,0.35,791325278.208,7.68838818359375,796600926.208,6.9761884765625,796600925.9452425,6.713431060791016,791325277.616037,7.096425231933593
gaussian_postrelu,4,top1,0.5,90289171595.264,9.23103564453125,90853049630.72,7.318544677734375,90853049630.45724,7.05578726196289,90289171594.67204,8.639072692871094
resolution_max_b1_gaussian_conv,0,min,-0.5,59428890.624,8.70825390625,59537633.28,8.66738525390625,59537632.97337408,8.360759338378907,59428890.09597418,8.180228088378907
resolution_max_b1_gaussian_conv,0,min,-0.35,1714534.4,7.98308251953125,1723329.344,8.258056640625,1723329.0373740846,7.951430725097656,1714533.871974182,7.455056701660156
resolution_max_b1_gaussian_conv,0,min,-0.2,27251.491,7.36525,27333.085,7.314323486328125,27332.77837408447,7.007697570800781,27250.96297418213,6.837224182128906
resolution_max_b1_gaussian_conv,0,min,-0.1,1185.7528125,5.77914306640625,1184.618,5.54695849609375,1184.3113740844726,5.240332580566406,1185.2247866821288,5.251117248535156
resolution_max_b1_gaussian_conv,0,min,-0.05,160.006109375,3.3339166259765625,159.6567734375,3.0628966064453125,159.35014752197264,2.756270690917969,159.4780835571289,2.8058908081054685
resolution_max_b1_gaussian_conv,0,min,-0.02,14.90616162109375,1.0275720825195314,14.3323466796875,0.7615524597167969,14.025720764160157,0.45492654418945316,14.378135803222657,0.49954626464843765
resolution_max_b1_gaussian_conv,0,min,-0.01,1.4417341918945312,0.6396558227539062,1.1282305297851565,0.3882802276611328,0.8216046142578128,0.0816543121337891,0.9137083740234375,0.1116300048828125
resolution_max_b1_gaussian_conv,0,min,-0.005,0.5817110595703125,0.5582501831054687,0.3486081390380859,0.3262576599121093,0.04198222351074221,0.019631744384765615,0.053685241699218844,0.030224365234374995
resolution_max_b1_gaussian_conv,0,min,-0.002,0.5271578979492187,0.5352640991210937,0.306850341796875,0.310758316040039,0.00022442626953128597,0.004132400512695311,-0.00086791992187496,0.007238281250000034
resolution_max_b1_gaussian_conv,0,min,-0.001,0.5264539947509765,0.5309056396484375,0.3064822387695312,0.3081001281738281,-0.00014367675781251643,0.0014742126464843963,-0.0015718231201171662,0.002879821777343805
resolution_max_b1_gaussian_conv,0,min,-0.0005,0.5270141448974609,0.5292817077636719,0.3065164031982422,0.3072055816650391,-0.0001095123291015021,0.0005796661376953893,-0.0010116729736328045,0.001255889892578188
resolution_max_b1_gaussian_conv,0,min,0.0,0.5280258178710937,0.5280258178710937,0.3066259155273437,0.3066259155273437,0.0,0.0,0.0,0.0
resolution_max_b1_gaussian_conv,0,min,0.0005,0.5292010803222656,0.5271342163085937,0.3066417541503906,0.3063078002929687,1.5838623046882105e-05,-0.0003181152343749716,0.0011752624511719434,-0.0008916015625000107
resolution_max_b1_gaussian_conv,0,min,0.001,0.53062255859375,0.5265466766357422,0.3065836791992187,0.3062569274902343,-4.2236328125000444e-05,-0.00036898803710938566,0.0025967407226562544,-0.0014791412353515332
resolution_max_b1_gaussian_conv,0,min,0.002,0.5365236511230469,0.5263539123535156,0.3085458221435547,0.3070685424804688,0.001919906616210998,0.0004426269531250804,0.00849783325195319,-0.0016719055175781206
resolution_max_b1_gaussian_conv,0,min,0.005,0.6893377380371094,0.5347904052734375,0.4238968353271484,0.3179743347167968,0.1172709197998047,0.011348419189453118,0.1613119201660157,0.006764587402343758
resolution_max_b1_gaussian_conv,0,min,0.01,4.345420043945312,0.5925107116699219,3.767998046875,0.3771173248291015,3.461372131347656,0.07049140930175779,3.817394226074218,0.06448489379882816
resolution_max_b1_gaussian_conv,0,min,0.02,34.205109375,1.007627685546875,33.772240234375,0.7434214172363282,33.465614318847656,0.43679550170898446,33.6770835571289,0.4796018676757814
resolution_max_b1_gaussian_conv,0,min,0.05,264.735921875,3.867994750976562,264.658859375,3.673953491210937,264.3522334594727,3.367327575683593,264.2078960571289,3.3399689331054683
resolution_max_b1_gaussian_conv,0,min,0.1,2525.8045,6.86498291015625,2529.561,6.938287109375,2529.2543740844726,6.6316611938476555,2525.2764741821293,6.336957092285156
resolution_max_b1_gaussian_conv,0,min,0.2,100682.832,8.13657666015625,101389.696,8.50302001953125,101389.38937408447,8.196394104003907,100682.30397418213,7.6085508422851555
resolution_max_b1_gaussian_conv,0,min,0.35,8600998.4,8.0472412109375,8697081.856,8.68502880859375,8697081.549374085,8.378402893066406,8600997.871974183,7.519215393066406
resolution_max_b1_gaussian_conv,0,min,0.5,439831871.488,8.096896728515626,444449751.04,8.63342724609375,444449750.7333741,8.326801330566406,439831870.95997417,7.568870910644532
resolution_max_b1_gaussian_conv,0,top1,-0.5,909941569224.704,9.34752490234375,899246194688.0,7.712441162109375,899246194687.6934,7.405815246582031,909941569224.1759,8.819499084472657
resolution_max_b1_gaussian_conv,0,top1,-0.35,5650185977.856,8.2395029296875,5596816343.04,7.00681298828125,5596816342.733374,6.700187072753906,5650185977.327974,7.711477111816406
resolution_max_b1_gaussian_conv,0,top1,-0.2,8091564.288,6.7652705078125,8045125.632,6.426197998046875,8045125.3253740845,6.1195720825195306,8091563.759974182,6.237244689941406
resolution_max_b1_gaussian_conv,0,top1,-0.1,34368.344,4.912171875,34320.538,5.15789599609375,34320.23137408448,4.8512700805664055,34367.81597418213,4.384146057128906
resolution_max_b1_gaussian_conv,0,top1,-0.05,1207.9989375,3.3103748779296875,1209.090875,3.3770784912109373,1208.7842490844728,3.0704525756835936,1207.4709116821289,2.7823490600585936
resolution_max_b1_gaussian_conv,0,top1,-0.02,67.686140625,1.7237659912109375,68.10633203125,1.5954790649414063,67.79970611572266,1.2888531494140627,67.1581148071289,1.1957401733398438
resolution_max_b1_gaussian_conv,0,top1,-0.01,22.7803662109375,1.0006932373046875,22.94450390625,0.80790625,22.637877990722654,0.5012803344726564,22.252340393066408,0.4726674194335938
resolution_max_b1_gaussian_conv,0,top1,-0.005,10.620486328125,0.6550548400878906,10.5345732421875,0.4499320068359375,10.227947326660157,0.14330609130859379,10.092460510253908,0.1270290222167969
resolution_max_b1_gaussian_conv,0,top1,-0.002,3.346924560546875,0.5475576782226562,3.0692542724609373,0.3300066833496093,2.7626283569335937,0.023380767822265613,2.818898742675781,0.019531860351562513
resolution_max_b1_gaussian_conv,0,top1,-0.001,1.337613037109375,0.5327327728271485,1.0534879150390626,0.3127838592529297,0.7468619995117189,0.006157943725585979,0.8095872192382814,0.004706954956054776
resolution_max_b1_gaussian_conv,0,top1,-0.0005,0.7447465209960937,0.5291359252929687,0.482086181640625,0.3083958129882812,0.1754602661132813,0.0017698974609375306,0.21672070312500002,0.0011101074218750062
resolution_max_b1_gaussian_conv,0,top1,0.0,0.5280258178710937,0.5280258178710937,0.3066259155273437,0.3066259155273437,0.0,0.0,0.0,0.0
resolution_max_b1_gaussian_conv,0,top1,0.0005,0.6843792114257813,0.5294029846191406,0.4890648956298828,0.3074377288818359,0.18243898010253912,0.0008118133544922079,0.15635339355468758,0.0013771667480468874
resolution_max_b1_gaussian_conv,0,top1,0.001,1.2654800415039062,0.5332796325683594,1.0548014221191406,0.3109146118164062,0.748175506591797,0.004288696289062477,0.7374542236328125,0.005253814697265713
resolution_max_b1_gaussian_conv,0,top1,0.002,3.387008056640625,0.5484486694335937,3.166504150390625,0.3254266052246093,2.8598782348632814,0.018800689697265616,2.8589822387695314,0.02042285156250001
resolution_max_b1_gaussian_conv,0,top1,0.005,12.08964208984375,0.6488603515625,11.8266630859375,0.4169844665527343,11.520037170410157,0.1103585510253906,11.561616271972657,0.12083453369140629
resolution_max_b1_gaussian_conv,0,top1,0.01,30.6547080078125,0.9188828735351564,30.48184765625,0.6861264953613281,30.175221740722655,0.3795005798339844,30.126682189941405,0.3908570556640627
resolution_max_b1_gaussian_conv,0,top1,0.02,96.3526328125,1.4914351806640624,96.41659375,1.30603076171875,96.10996783447266,0.9994048461914065,95.82460699462891,0.9634093627929687
resolution_max_b1_gaussian_conv,0,top1,0.05,1190.1090625,2.53464794921875,1196.95675,2.521751953125,1196.6501240844727,2.2151260375976562,1189.5810366821288,2.0066221313476564
resolution_max_b1_gaussian_conv,0,top1,0.1,36848.916,3.3619140625,37263.864,3.650993408203125,37263.55737408448,3.344367492675781,36848.38797418213,2.8338882446289064
resolution_max_b1_gaussian_conv,0,top1,0.2,9525510.656,4.110458984375,9690575.872,4.8784111328125,9690575.565374084,4.571785217285156,9525510.127974182,3.5824331665039058
resolution_max_b1_gaussian_conv,0,top1,0.35,6026174660.608,4.8413642578125,6158677704.704,5.64682568359375,6158677704.397374,5.340199768066406,6026174660.079974,4.313338439941406
resolution_max_b1_gaussian_conv,0,top1,0.5,871650492940.288,5.5497158203125,892606879891.456,6.53507958984375,892606879891.1494,6.228453674316406,871650492939.7599,5.021690002441406
resolution_max_b1_gaussian_conv,1,min,-0.5,6194022580.224,7.0505673828125,6307478241.28,7.366728515625,6307478240.984911,7.071639373779297,6194022579.671932,6.498499816894531
resolution_max_b1_gaussian_conv,1,min,-0.35,71296397.312,6.28202294921875,72531943.424,6.430027587890625,72531943.12891085,6.134938446044922,71296396.75993244,5.729955383300782
resolution_max_b1_gaussian_conv,1,min,-0.2,172123.576,6.13226708984375,174524.024,6.171516845703125,174523.72891085816,5.876427703857422,172123.0239324341,5.580199523925781
resolution_max_b1_gaussian_conv,1,min,-0.1,1981.63675,4.9381044921875,1991.3995625,4.910186279296875,1991.1044733581543,4.615097137451172,1981.084682434082,4.386036926269531
resolution_max_b1_gaussian_conv,1,min,-0.05,118.96350390625,2.8027532958984374,119.5895078125,2.6865921630859373,119.2944186706543,2.391503021240234,118.41143634033203,2.250685729980469
resolution_max_b1_gaussian_conv,1,min,-0.02,12.34003955078125,0.9209997863769532,12.40718408203125,0.6343340148925781,12.112094940185546,0.339244873046875,11.787971984863281,0.36893222045898444
resolution_max_b1_gaussian_conv,1,min,-0.01,1.3758330688476563,0.6167860107421875,1.1296648559570313,0.3470191192626953,0.8345757141113281,0.05192997741699218,0.8237655029296875,0.06471844482421873
resolution_max_b1_gaussian_conv,1,min,-0.005,0.5947246704101562,0.5639901123046875,0.3297945098876953,0.3014271240234375,0.0347053680419922,0.0063379821777344025,0.0426571044921874,0.011922546386718746
resolution_max_b1_gaussian_conv,1,min,-0.002,0.5486334228515625,0.5528323364257812,0.2916282348632812,0.2938320617675781,-0.0034609069824219074,-0.001257080078125028,-0.0034341430664063255,0.0007647705078124289
resolution_max_b1_gaussian_conv,1,min,-0.001,0.549465087890625,0.5518031616210938,0.2926759338378906,0.2939035034179687,-0.0024132080078125284,-0.0011856384277343923,-0.002602478027343813,-0.00026440429687502043
resolution_max_b1_gaussian_conv,1,min,-0.0005,0.5507051696777344,0.5517942810058594,0.293873779296875,0.2943467712402344,-0.0012153625488280917,-0.0007423706054687229,-0.0013623962402343759,-0.0002732849121094283
resolution_max_b1_gaussian_conv,1,min,0.0,0.5520675659179688,0.5520675659179688,0.2950891418457031,0.2950891418457031,0.0,0.0,0.0,0.0
resolution_max_b1_gaussian_conv,1,min,0.0005,0.5533842468261718,0.5526755676269531,0.295887954711914,0.2960887603759766,0.0007988128662108629,0.0009996185302734717,0.0013166809082030273,0.0006080017089843404
resolution_max_b1_gaussian_conv,1,min,0.001,0.5547180480957031,0.553564453125,0.2966895141601562,0.2973408050537109,0.0016003723144530912,0.0022516632080077925,0.002650482177734337,0.0014968872070312278
resolution_max_b1_gaussian_conv,1,min,0.002,0.5589108276367187,0.5561630249023437,0.2991895446777344,0.3006779174804687,0.00410040283203128,0.005588775634765564,0.006843261718749938,0.004095458984374911
resolution_max_b1_gaussian_conv,1,min,0.005,0.6254195556640625,0.570579345703125,0.3465695037841796,0.3176666259765625,0.05148036193847649,0.02257748413085936,0.0733519897460937,0.01851177978515617
resolution_max_b1_gaussian_conv,1,min,0.01,1.656525146484375,0.618175048828125,1.2716474609375,0.3692760314941406,0.9765583190917968,0.0741868896484375,1.1044575805664063,0.06610748291015622
resolution_max_b1_gaussian_conv,1,min,0.02,10.70197314453125,0.8459153747558594,10.45437744140625,0.5918410339355469,10.159288299560547,0.29675189208984376,10.14990557861328,0.29384780883789063
resolution_max_b1_gaussian_conv,1,min,0.05,64.355666015625,2.21208984375,64.45189453125,1.9862719116210936,64.1568053894043,1.6911827697753905,63.80359844970704,1.660022277832031
resolution_max_b1_gaussian_conv,1,min,0.1,415.178484375,4.062970092773438,416.734359375,3.929526611328125,416.4392702331543,3.634437469482422,414.626416809082,3.510902526855469
resolution_max_b1_gaussian_conv,1,min,0.2,8134.3915,6.1765,8176.82325,6.602779052734375,8176.5281608581545,6.307689910888672,8133.839432434082,5.624432434082031
resolution_max_b1_gaussian_conv,1,min,0.35,403379.552,6.490353515625,405721.376,7.0933486328125,405721.0809108581,6.798259490966797,403378.9999324341,5.938285949707032
resolution_max_b1_gaussian_conv,1,min,0.5,14224983.04,6.099064453125,14322600.96,6.337272705078125,14322600.664910858,6.042183563232422,14224982.487932432,5.546996887207031
resolution_max_b1_gaussian_conv,1,top1,-0.5,1911450566131.712,6.5832197265625,1955699936460.8,7.954157958984375,1955699936460.505,7.659068817138672,1911450566131.16,6.031152160644531
resolution_max_b1_gaussian_conv,1,top1,-0.35,14726370689.024,5.30941455078125,15040962363.392,6.51942431640625,15040962363.09691,6.224335174560547,14726370688.471933,4.757346984863282
resolution_max_b1_gaussian_conv,1,top1,-0.2,24874956.8,4.27068115234375,25317426.176,5.26170166015625,25317425.88091086,4.966612518310547,24874956.247932434,3.718613586425781
resolution_max_b1_gaussian_conv,1,top1,-0.1,76620.296,3.512630859375,77753.58,3.914921142578125,77753.28491085816,3.619832000732422,76619.74393243408,2.9605632934570316
resolution_max_b1_gaussian_conv,1,top1,-0.05,1774.044125,2.3951448974609373,1796.1838125,2.372310546875,1795.8887233581543,2.077221405029297,1773.492057434082,1.8430773315429685
resolution_max_b1_gaussian_conv,1,top1,-0.02,139.57840625,1.258195556640625,140.083609375,1.0735638427734375,139.78852023315432,0.7784747009277344,139.02633868408202,0.7061279907226563
resolution_max_b1_gaussian_conv,1,top1,-0.01,42.193162109375,0.8307665100097656,42.0197421875,0.5774280090332031,41.7246530456543,0.2823388671875,41.64109454345704,0.27869894409179685
resolution_max_b1_gaussian_conv,1,top1,-0.005,13.33542919921875,0.6455032653808593,13.1526474609375,0.3737081756591797,12.857558319091797,0.07861903381347657,12.78336163330078,0.09343569946289054
resolution_max_b1_gaussian_conv,1,top1,-0.002,2.971989868164062,0.5701883239746094,2.80346142578125,0.3065867919921875,2.5083722839355467,0.011497650146484406,2.4199223022460936,0.018120758056640596
resolution_max_b1_gaussian_conv,1,top1,-0.001,1.1559507446289063,0.5572843322753906,0.9223704223632812,0.2973884429931641,0.627281280517578,0.0022993011474609637,0.6038831787109376,0.005216766357421854
resolution_max_b1_gaussian_conv,1,top1,-0.0005,0.7001302490234375,0.5536250610351563,0.4475199127197266,0.2953023986816406,0.15243077087402346,0.0002132568359374809,0.14806268310546866,0.0015574951171875018
resolution_max_b1_gaussian_conv,1,top1,0.0,0.5520675659179688,0.5520675659179688,0.2950891418457031,0.2950891418457031,0.0,0.0,0.0,0.0
resolution_max_b1_gaussian_conv,1,top1,0.0005,0.7571497497558594,0.5527680969238281,0.4763603210449219,0.2969608001708984,0.18127117919921876,0.0018716583251952579,0.20508218383789056,0.0007005310058593173
resolution_max_b1_gaussian_conv,1,top1,0.001,1.45630859375,0.5559442443847656,1.1400503540039062,0.3010710754394531,0.8449612121582031,0.0059819335937499885,0.9042410278320312,0.0038766784667968457
resolution_max_b1_gaussian_conv,1,top1,0.002,4.272851196289063,0.5697390441894531,3.96087890625,0.3165047302246094,3.665789764404297,0.02141558837890628,3.720783630371095,0.017671478271484298
resolution_max_b1_gaussian_conv,1,top1,0.005,16.44177880859375,0.6737020874023437,16.40402734375,0.423601318359375,16.108938201904294,0.12851217651367186,15.88971124267578,0.12163452148437492
resolution_max_b1_gaussian_conv,1,top1,0.01,40.80153515625,1.0016846618652344,41.089826171875,0.7761623840332031,40.7947370300293,0.4810732421875,40.24946759033203,0.4496170959472656
resolution_max_b1_gaussian_conv,1,top1,0.02,121.914171875,1.8170084228515624,122.54209765625,1.7092421875,122.24700851440429,1.4141530456542968,121.36210430908203,1.2649408569335936
resolution_max_b1_gaussian_conv,1,top1,0.05,1161.6885,3.927250122070312,1165.58625,4.171675537109375,1165.2911608581544,3.876586395263672,1161.136432434082,3.3751825561523434
resolution_max_b1_gaussian_conv,1,top1,0.1,23053.491,5.821357177734375,23172.057,6.3504033203125,23171.761910858157,6.055314178466797,23052.938932434085,5.269289611816406
resolution_max_b1_gaussian_conv,1,top1,0.2,3192619.392,7.10582080078125,3206089.088,7.86733251953125,3206088.792910858,7.572243377685547,3192618.8399324343,6.553753234863281
resolution_max_b1_gaussian_conv,1,top1,0.35,1132480954.368,10.07420068359375,1134343094.272,9.0807783203125,1134343093.9769108,8.785689178466797,1132480953.8159325,9.52213311767578
resolution_max_b1_gaussian_conv,1,top1,0.5,134420732313.6,12.94920458984375,134471965736.96,10.6757744140625,134471965736.66492,10.380685272216798,134420732313.04794,12.397137023925781
resolution_max_b1_gaussian_conv,2,min,-0.5,207182979.072,5.78635791015625,204315410.432,5.655982421875,204315410.13942835,5.363410751342773,207182978.53120488,5.245562805175781
resolution_max_b1_gaussian_conv,2,min,-0.35,5306313.216,5.553190185546875,5282946.048,5.49628662109375,5282945.75542833,5.2037149505615234,5306312.675204895,5.012395080566406
resolution_max_b1_gaussian_conv,2,min,-0.2,62067.44,5.345003173828125,62386.36,5.270594970703125,62386.067428329465,4.978023300170898,62066.899204895024,4.8042080688476565
resolution_max_b1_gaussian_conv,2,min,-0.1,2053.567375,4.61649560546875,2058.567125,4.531841796875,2058.274553329468,4.239270126342773,2053.0265798950195,4.075700500488281
resolution_max_b1_gaussian_conv,2,min,-0.05,169.9826875,2.781956298828125,170.614125,2.6820692138671878,170.32155332946778,2.3894975433349614,169.44189239501952,2.241161193847656
resolution_max_b1_gaussian_conv,2,min,-0.02,15.4056875,0.9315755615234376,15.21991748046875,0.7133009033203125,14.927345809936524,0.420729232788086,14.864892395019533,0.3907804565429688
resolution_max_b1_gaussian_conv,2,min,-0.01,2.040317749023437,0.5994918823242188,1.6844014282226565,0.3711185150146484,1.39182975769043,0.07854684448242188,1.499522644042968,0.058696777343750006
resolution_max_b1_gaussian_conv,2,min,-0.005,0.645700927734375,0.5477355346679688,0.3617710571289062,0.311054458618164,0.06919938659667974,0.018482788085937507,0.10490582275390625,0.006940429687499972
resolution_max_b1_gaussian_conv,2,min,-0.002,0.5427832336425781,0.5397340698242188,0.290100845336914,0.2960904541015625,-0.0024708251953124982,0.0035187835693359926,0.0019881286621092897,-0.0010610351562500009
resolution_max_b1_gaussian_conv,2,min,-0.001,0.5400599365234375,0.5397232055664063,0.2905310668945312,0.2937105712890625,-0.002040603637695315,0.0011389007568360365,-0.0007351684570312544,-0.0010718994140624938
resolution_max_b1_gaussian_conv,2,min,-0.0005,0.5402269897460937,0.5401184997558593,0.291439224243164,0.2929930877685547,-0.0011324462890625053,0.00042141723632821426,-0.0005681152343750551,-0.000676605224609439
resolution_max_b1_gaussian_conv,2,min,0.0,0.5407951049804688,0.5407951049804688,0.2925716705322265,0.2925716705322265,0.0,0.0,0.0,0.0
resolution_max_b1_gaussian_conv,2,min,0.0005,0.5417934875488282,0.5417798156738282,0.2935299987792968,0.2923943176269531,0.0009583282470703169,-0.00017735290527337577,0.0009983825683593794,0.0009847106933593697
resolution_max_b1_gaussian_conv,2,min,0.001,0.5433492431640625,0.5430287780761719,0.2943423309326172,0.29250146484375,0.0017706604003907,-7.020568847648789e-05,0.002554138183593735,0.0022336730957031037
resolution_max_b1_gaussian_conv,2,min,0.002,0.5493498840332032,0.54625537109375,0.297607437133789,0.2935229187011718,0.005035766601562519,0.0009512481689453178,0.008554779052734385,0.005460266113281209
resolution_max_b1_gaussian_conv,2,min,0.005,0.67054638671875,0.5618201904296874,0.3905454711914062,0.3022898712158203,0.09797380065917971,0.009718200683593803,0.1297512817382812,0.02102508544921866
resolution_max_b1_gaussian_conv,2,min,0.01,2.221655822753906,0.6109660949707031,1.869119873046875,0.3408013305664062,1.5765482025146484,0.04822966003417972,1.6808607177734372,0.0701709899902343
resolution_max_b1_gaussian_conv,2,min,0.02,18.963384765625,0.8389505310058594,18.77101953125,0.5482254943847656,18.478447860717775,0.25565382385253915,18.422589660644533,0.2981554260253906
resolution_max_b1_gaussian_conv,2,min,0.05,147.912546875,2.499204956054688,148.377625,2.3000810546875,148.08505332946777,2.0075093841552736,147.37175177001953,1.9584098510742192
resolution_max_b1_gaussian_conv,2,min,0.1,1003.78115625,4.60525,1006.3625,4.6311923828125,1006.0699283294678,4.338620712280274,1003.2403611450195,4.064454895019531
resolution_max_b1_gaussian_conv,2,min,0.2,39989.036,5.639773681640625,40166.43,5.674947509765625,40166.137428329464,5.382375839233398,39988.49520489502,5.098978576660156
resolution_max_b1_gaussian_conv,2,min,0.35,4824140.288,5.950875244140625,4853790.72,6.2123056640625,4853790.427428329,5.919733993530273,4824139.747204895,5.410080139160156
resolution_max_b1_gaussian_conv,2,min,0.5,246342426.624,6.411023193359375,248338399.232,6.726782958984375,248338398.93942833,6.434211288452148,246342426.0832049,5.870228088378906
resolution_max_b1_gaussian_conv,2,top1,-0.5,2508987555643.392,6.61963232421875,2563873076936.704,7.48453662109375,2563873076936.4116,7.191964950561523,2508987555642.851,6.078837219238281
resolution_max_b1_gaussian_conv,2,top1,-0.35,14757180473.344,5.76865673828125,15056691003.392,6.7356767578125,15056691003.099428,6.443105087280273,14757180472.803205,5.2278616333007815
resolution_max_b1_gaussian_conv,2,top1,-0.2,18141787.136,4.788169921875,18448457.728,5.9163505859375,18448457.43542833,5.623778915405273,18141786.595204893,4.247374816894531
resolution_max_b1_gaussian_conv,2,top1,-0.1,51022.608,3.844929931640625,51672.844,4.4139326171875,51672.55142832946,4.121360946655273,51022.06720489502,3.3041348266601562
resolution_max_b1_gaussian_conv,2,top1,-0.05,1273.703125,2.639871826171875,1284.0821875,2.79293310546875,1283.7896158294677,2.5003614349365235,1273.1623298950196,2.0990767211914063
resolution_max_b1_gaussian_conv,2,top1,-0.02,87.1921171875,1.379211975097656,87.26078515625,1.254231689453125,86.96821348571777,0.9616600189208984,86.65132208251953,0.8384168701171871
resolution_max_b1_gaussian_conv,2,top1,-0.01,27.2990771484375,0.8626190795898437,27.3803583984375,0.6202034301757813,27.087786727905275,0.3276317596435548,26.758282043457033,0.32182397460937495
resolution_max_b1_gaussian_conv,2,top1,-0.005,10.26451513671875,0.6360115966796875,10.2017509765625,0.3788634948730469,9.909179306030275,0.08629182434082039,9.723720031738281,0.09521649169921875
resolution_max_b1_gaussian_conv,2,top1,-0.002,2.7296986083984374,0.5557146606445312,2.5388173828125,0.3041572875976562,2.2462457122802735,0.01158561706542971,2.1889035034179685,0.014919555664062445
resolution_max_b1_gaussian_conv,2,top1,-0.001,1.1591497802734374,0.5443055114746094,0.9055623779296876,0.2940210723876953,0.6129907073974612,0.0014494018554688237,0.6183546752929686,0.0035104064941405833
resolution_max_b1_gaussian_conv,2,top1,-0.0005,0.7023053894042969,0.5416325073242187,0.4572615203857422,0.2921860656738281,0.1646898498535157,-0.00038560485839839176,0.1615102844238281,0.00083740234374996
resolution_max_b1_gaussian_conv,2,top1,0.0,0.5407951049804688,0.5407951049804688,0.2925716705322265,0.2925716705322265,0.0,0.0,0.0,0.0
resolution_max_b1_gaussian_conv,2,top1,0.0005,0.7555867004394531,0.5418934020996093,0.4772918090820312,0.2952291259765625,0.18472013854980474,0.0026574554443359877,0.2147915954589843,0.0010982971191405566
resolution_max_b1_gaussian_conv,2,top1,0.001,1.55535888671875,0.5448766021728516,1.2222105102539065,0.3002642974853515,0.9296388397216799,0.0076926269531250036,1.014563781738281,0.004081497192382821
resolution_max_b1_gaussian_conv,2,top1,0.002,4.7882353515625,0.5564180755615235,4.48640380859375,0.3169614868164062,4.1938321380615236,0.02438981628417969,4.247440246582031,0.015622970581054663
resolution_max_b1_gaussian_conv,2,top1,0.005,18.164404296875,0.6387628479003906,18.2646103515625,0.4180220184326172,17.972038681030273,0.12545034790039072,17.62360919189453,0.09796774291992183
resolution_max_b1_gaussian_conv,2,top1,0.01,40.429865234375,0.9364725036621092,41.098537109375,0.7358220825195313,40.805965438842776,0.4432504119873048,39.88907012939453,0.3956773986816404
resolution_max_b1_gaussian_conv,2,top1,0.02,105.67477734375,1.6221961669921876,107.1366875,1.4833200073242188,106.84411582946777,1.1907483367919922,105.13398223876952,1.081401062011719
resolution_max_b1_gaussian_conv,2,top1,0.05,1179.0925,2.9243883056640625,1187.8579375,2.94907666015625,1187.5653658294677,2.6565049896240236,1178.5517048950196,2.3835932006835936
resolution_max_b1_gaussian_conv,2,top1,0.1,33122.687,4.358988525390625,33318.66,4.579283203125,33318.36742832947,4.286711532592773,33122.14620489502,3.8181934204101564
resolution_max_b1_gaussian_conv,2,top1,0.2,7475696.896,4.8164033203125,7523002.112,5.4076181640625,7523001.819428329,5.115046493530273,7475696.355204895,4.275608215332031
resolution_max_b1_gaussian_conv,2,top1,0.35,4473319981.056,5.006930419921875,4506048004.096,6.260739013671875,4506048003.803428,5.9681673431396485,4473319980.515204,4.466135314941406
resolution_max_b1_gaussian_conv,2,top1,0.5,630329266143.232,6.191149169921875,634566654033.92,7.45935009765625,634566654033.6274,7.166778427124023,630329266142.6913,5.650354064941406
resolution_max_b1_gaussian_conv,3,min,-0.5,568515952.64,6.933395263671875,577025736.704,6.453381591796875,577025736.4008242,6.150205764770508,568515952.1032319,6.396627197265626
resolution_max_b1_gaussian_conv,3,min,-0.35,9145968.128,6.8586455078125,9264042.496,6.596185791015625,9264042.192824172,6.293009963989258,9145967.591231935,6.32187744140625
resolution_max_b1_gaussian_conv,3,min,-0.2,52286.826,6.451180908203125,52677.776,6.3781650390625,52677.47282417297,6.074989212036133,52286.289231933595,5.914412841796875
resolution_max_b1_gaussian_conv,3,min,-0.1,1007.49090625,5.103146728515625,1007.312875,5.031031494140625,1007.0096991729736,4.727855667114258,1006.9541381835937,4.566378662109376
resolution_max_b1_gaussian_conv,3,min,-0.05,116.33223828125,2.832679321289062,116.37946875,2.58190673828125,116.07629292297364,2.2787309112548826,115.79547021484375,2.295911254882812
resolution_max_b1_gaussian_conv,3,min,-0.02,14.0593583984375,0.8155013427734376,13.764134765625,0.5831856079101563,13.460958938598633,0.2800097808837891,13.52259033203125,0.2787332763671876
resolution_max_b1_gaussian_conv,3,min,-0.01,1.628719970703125,0.5727179260253906,1.2567984619140624,0.3548057708740234,0.9536226348876953,0.05162994384765618,1.091951904296875,0.035949859619140656
resolution_max_b1_gaussian_conv,3,min,-0.005,0.5912246704101562,0.5388292999267578,0.3370461883544922,0.3161286926269531,0.03387036132812499,0.012952865600585894,0.054456604003906284,0.002061233520507799
resolution_max_b1_gaussian_conv,3,min,-0.002,0.5358733215332031,0.5350020751953125,0.3009168701171875,0.3056325988769531,-0.00225895690917971,0.0024567718505859037,-0.0008947448730468599,-0.0017659912109374565
resolution_max_b1_gaussian_conv,3,min,-0.001,0.5358947296142578,0.5354820861816406,0.3019233703613281,0.3039546356201172,-0.0012524566650390923,0.0007788085937500133,-0.0008733367919921964,-0.001285980224609351
resolution_max_b1_gaussian_conv,3,min,-0.0005,0.5363509826660157,0.5360096282958985,0.3025729217529297,0.3034687957763672,-0.0006029052734374818,0.0002929687500000111,-0.00041708374023430306,-0.0007584381103514781
resolution_max_b1_gaussian_conv,3,min,0.0,0.53676806640625,0.53676806640625,0.3031758270263672,0.3031758270263672,0.0,0.0,0.0,0.0
resolution_max_b1_gaussian_conv,3,min,0.0005,0.537476821899414,0.537830810546875,0.3035973205566406,0.3030845489501953,0.0004214935302734313,-9.127807617187456e-05,0.0007087554931640705,0.001062744140625016
resolution_max_b1_gaussian_conv,3,min,0.001,0.5382487945556641,0.5391764526367188,0.3041790313720703,0.3032040405273437,0.0010032043457031126,2.8213500976481676e-05,0.0014807281494141344,0.0024083862304687953
resolution_max_b1_gaussian_conv,3,min,0.002,0.5409252014160156,0.5424872589111328,0.3059586029052734,0.3039984588623047,0.002782775878906185,0.000822631835937504,0.004157135009765667,0.005719192504882842
resolution_max_b1_gaussian_conv,3,min,0.005,0.6202439575195312,0.5588008422851563,0.3689772338867187,0.3106783752441406,0.06580140686035152,0.007502548217773408,0.08347589111328124,0.022032775878906286
resolution_max_b1_gaussian_conv,3,min,0.01,2.662412353515625,0.6139198303222656,2.294747314453125,0.3404730834960937,1.9915714874267578,0.03729725646972648,2.125644287109375,0.07715176391601564
resolution_max_b1_gaussian_conv,3,min,0.02,26.3246552734375,0.8724724731445312,26.1072353515625,0.552043212890625,25.804059524536132,0.24886738586425777,25.78788720703125,0.3357044067382813
resolution_max_b1_gaussian_conv,3,min,0.05,146.8817265625,2.6628316650390627,147.213453125,2.494328735351562,146.91027729797364,2.191152908325195,146.34495849609377,2.126063598632813
resolution_max_b1_gaussian_conv,3,min,0.1,1856.8046875,5.140968017578125,1861.4661875,5.0453310546875,1861.1630116729737,4.742155227661133,1856.2679194335938,4.604199951171875
resolution_max_b1_gaussian_conv,3,min,0.2,56253.456,6.872553466796875,56234.006,6.73251513671875,56233.70282417297,6.429339309692383,56252.91923193359,6.335785400390625
resolution_max_b1_gaussian_conv,3,min,0.35,2953004.672,7.929367431640625,2952033.536,7.47611865234375,2952033.232824173,7.172942825317383,2953004.1352319336,7.392599365234375
resolution_max_b1_gaussian_conv,3,min,0.5,112826540.032,8.3668486328125,113727512.576,7.634482666015625,113727512.27282418,7.331306838989258,112826539.49523194,7.8300805664062505
resolution_max_b1_gaussian_conv,3,top1,-0.5,5739692557336.576,7.477661865234375,5822132038664.192,8.92880078125,5822132038663.89,8.625624954223634,5739692557336.039,6.940893798828125
resolution_max_b1_gaussian_conv,3,top1,-0.35,36743212433.408,5.77577294921875,37198478966.784,7.542114501953125,37198478966.48082,7.238938674926758,36743212432.87123,5.2390048828125
resolution_max_b1_gaussian_conv,3,top1,-0.2,45056059.392,5.335881103515625,45471285.248,6.45890869140625,45471284.944824174,6.155732864379883,45056058.85523193,4.799113037109375
resolution_max_b1_gaussian_conv,3,top1,-0.1,105979.42,4.67870068359375,106707.904,5.167744873046875,106707.60082417297,4.864569046020508,105978.88323193359,4.1419326171875
resolution_max_b1_gaussian_conv,3,top1,-0.05,1968.1731875,3.00650927734375,1980.35625,3.118606811523437,1980.0530741729738,2.8154309844970697,1967.6364194335938,2.4697412109375003
resolution_max_b1_gaussian_conv,3,top1,-0.02,117.4908359375,1.297672119140625,118.1090859375,1.2074720458984376,117.80591011047363,0.9042962188720705,116.95406787109374,0.7609040527343751
resolution_max_b1_gaussian_conv,3,top1,-0.01,39.287427734375,0.7862044982910156,39.44753125,0.5964755859375,39.14435542297363,0.29329975891113286,38.75065966796875,0.2494364318847656
resolution_max_b1_gaussian_conv,3,top1,-0.005,14.6774951171875,0.6094753723144531,14.650076171875,0.380644302368164,14.346900344848633,0.0774684753417968,14.14072705078125,0.07270730590820318
resolution_max_b1_gaussian_conv,3,top1,-0.002,3.3088734130859376,0.5490422821044922,3.039865966796875,0.3137988586425781,2.7366901397705075,0.01062303161621092,2.7721053466796874,0.012274215698242275
resolution_max_b1_gaussian_conv,3,top1,-0.001,1.246041809082031,0.5398234405517578,0.9630768127441406,0.3051256561279297,0.6599009857177733,0.0019498291015624947,0.7092737426757811,0.0030553741455078276
resolution_max_b1_gaussian_conv,3,top1,-0.0005,0.7285704345703125,0.5375885467529297,0.4655841369628906,0.3033093109130859,0.1624083099365234,0.00013348388671868827,0.1918023681640625,0.0008204803466796973
resolution_max_b1_gaussian_conv,3,top1,0.0,0.53676806640625,0.53676806640625,0.3031758270263672,0.3031758270263672,0.0,0.0,0.0,0.0
resolution_max_b1_gaussian_conv,3,top1,0.0005,0.6713514709472657,0.5375867614746094,0.4567616424560546,0.3047879333496093,0.1535858154296874,0.0016121063232421018,0.1345834045410157,0.0008186950683594096
resolution_max_b1_gaussian_conv,3,top1,0.001,1.1973927001953124,0.5399622192382812,0.9994517822265624,0.3081112976074219,0.6962759552001951,0.004935470581054702,0.6606246337890624,0.003194152832031283
resolution_max_b1_gaussian_conv,3,top1,0.002,3.266253662109375,0.5496016082763672,3.028606323242188,0.3202994537353515,2.7254304962158207,0.01712362670898432,2.7294855957031254,0.012833541870117204
resolution_max_b1_gaussian_conv,3,top1,0.005,12.32689794921875,0.6187315979003907,12.24311328125,0.4022872924804687,11.939937454223633,0.09911146545410149,11.7901298828125,0.0819635314941407
resolution_max_b1_gaussian_conv,3,top1,0.01,29.9058662109375,0.8490404968261719,30.08225,0.6696331176757813,29.77907417297363,0.36645729064941407,29.36909814453125,0.3122724304199219
resolution_max_b1_gaussian_conv,3,top1,0.02,88.715046875,1.394292175292969,89.24176953125,1.2823125610351562,88.93859370422363,0.9791367340087891,88.17827880859375,0.8575241088867189
resolution_max_b1_gaussian_conv,3,top1,0.05,1029.91909375,2.633342651367188,1034.313625,2.5991744384765627,1034.0104491729737,2.2959986114501953,1029.3823256835938,2.096574584960938
resolution_max_b1_gaussian_conv,3,top1,0.1,25279.706,4.46321484375,25431.94,4.6602421875,25431.636824172972,4.357066360473633,25279.169231933593,3.9264467773437506
resolution_max_b1_gaussian_conv,3,top1,0.2,5321643.52,4.677707763671875,5362594.816,5.3891572265625,5362594.512824172,5.085981399536133,5321642.983231933,4.140939697265625
resolution_max_b1_gaussian_conv,3,top1,0.35,2610276466.688,4.827653564453125,2635139514.368,5.2052529296875,2635139514.064824,4.902077102661133,2610276466.1512322,4.290885498046875
resolution_max_b1_gaussian_conv,3,top1,0.5,321155642687.488,7.02983544921875,324199381991.424,6.4339365234375,324199381991.12085,6.130760696411133,321155642686.95123,6.4930673828125
resolution_max_b1_gaussian_conv,4,min,-0.5,78729035.776,7.100680419921875,79817785.344,7.272986083984375,79817785.04881898,6.977805068969727,78729035.2772438,6.601924224853516
resolution_max_b1_gaussian_conv,4,min,-0.35,1447173.312,7.07178662109375,1459906.24,6.79316796875,1459905.944818985,6.497986953735351,1447172.813243805,6.573030426025391
resolution_max_b1_gaussian_conv,4,min,-0.2,12034.231,7.15020458984375,12066.231,6.44176171875,12065.935818984985,6.146580703735351,12033.732243804932,6.651448394775391
resolution_max_b1_gaussian_conv,4,min,-0.1,289.1244375,5.676924560546875,289.17565625,4.959231201171875,288.88047523498534,4.664050186157226,288.6256813049316,5.178168365478516
resolution_max_b1_gaussian_conv,4,min,-0.05,34.159228515625,2.799472412109375,33.778232421875,2.3616590576171874,33.483051406860355,2.066478042602539,33.66047232055664,2.3007162170410154
resolution_max_b1_gaussian_conv,4,min,-0.02,3.508224609375,0.8929441223144531,3.20792822265625,0.6115315551757813,2.9127472076416017,0.3163505401611329,3.0094684143066406,0.3941879272460937
resolution_max_b1_gaussian_conv,4,min,-0.01,0.9221126708984376,0.6029472961425781,0.6445169982910156,0.375100341796875,0.3493359832763672,0.07991932678222663,0.42335647583007824,0.10419110107421875
resolution_max_b1_gaussian_conv,4,min,-0.005,0.5435444946289063,0.5307261962890625,0.3309130401611328,0.3181880798339844,0.035732025146484436,0.02300706481933601,0.04478829956054692,0.03197000122070309
resolution_max_b1_gaussian_conv,4,min,-0.002,0.4988165283203125,0.5070192718505859,0.2995513458251953,0.3000644378662109,0.004370330810546941,0.004883422851562513,6.0333251953093026e-05,0.008263076782226542
resolution_max_b1_gaussian_conv,4,min,-0.001,0.4969774169921875,0.5020282287597656,0.2968907775878906,0.2968434448242187,0.001709762573242235,0.0016624298095703205,-0.001778778076171883,0.0032720336914062176
resolution_max_b1_gaussian_conv,4,min,-0.0005,0.4974754943847656,0.5001417846679688,0.2960606079101562,0.2958153991699219,0.0008795928955078192,0.0006343841552735041,-0.0012807006835937607,0.0013855895996093825
resolution_max_b1_gaussian_conv,4,min,0.0,0.4987561950683594,0.4987561950683594,0.2951810150146484,0.2951810150146484,0.0,0.0,0.0,0.0
resolution_max_b1_gaussian_conv,4,min,0.0005,0.5006868133544922,0.4977937622070312,0.2941218872070312,0.2949802856445312,-0.0010591278076171884,-0.00020072937011716974,0.0019306182861327792,-0.0009624328613281885
resolution_max_b1_gaussian_conv,4,min,0.001,0.5031170349121094,0.4972875366210937,0.2930829925537109,0.2952143096923828,-0.0020980224609374876,3.329467773444117e-05,0.004360839843749964,-0.0014686584472656805
resolution_max_b1_gaussian_conv,4,min,0.002,0.5100084838867187,0.4976152038574218,0.2920187377929688,0.2970328521728516,-0.0031622772216796102,0.0018518371582031956,0.011252288818359324,-0.0011409912109375808
resolution_max_b1_gaussian_conv,4,min,0.005,0.5872900390625,0.5115425567626953,0.3370425415039062,0.3147539978027344,0.04186152648925784,0.019572982788086002,0.0885338439941406,0.012786361694335946
resolution_max_b1_gaussian_conv,4,min,0.01,1.8927103271484376,0.5953780212402344,1.5551534423828124,0.3964991760253906,1.259972427368164,0.1013181610107422,1.3939541320800781,0.09662182617187504
resolution_max_b1_gaussian_conv,4,min,0.02,16.3948212890625,1.0059234619140625,16.03262255859375,0.7981272583007812,15.737441543579102,0.5029462432861329,15.896065093994139,0.507167266845703
resolution_max_b1_gaussian_conv,4,min,0.05,113.97133203125,2.7063779296875,114.37940234375,2.7070933837890623,114.08422132873535,2.4119123687744137,113.47257583618165,2.2076217346191407
resolution_max_b1_gaussian_conv,4,min,0.1,1506.259,4.930981689453125,1515.913,5.11245263671875,1515.6178189849854,4.817271621704101,1505.7602438049316,4.432225494384766
resolution_max_b1_gaussian_conv,4,min,0.2,117408.176,5.961635986328125,118259.076,6.2554912109375,118258.78081898499,5.960310195922851,117407.67724380494,5.462879791259766
resolution_max_b1_gaussian_conv,4,min,0.35,19856692.224,5.80879345703125,19964604.416,6.182872802734375,19964604.120818987,5.887691787719726,19856691.725243803,5.310037261962891
resolution_max_b1_gaussian_conv,4,min,0.5,1375493095.424,6.843272705078125,1382041387.008,6.788432373046875,1382041386.7128189,6.493251358032227,1375493094.9252439,6.344516510009766
resolution_max_b1_gaussian_conv,4,top1,-0.5,14510481511284.736,7.803606689453125,14754118362988.545,9.63827978515625,14754118362988.25,9.343098770141602,14510481511284.238,7.304850494384766
resolution_max_b1_gaussian_conv,4,top1,-0.35,99287555899.392,5.9773505859375,100814299332.608,7.7307890625,100814299332.31282,7.435608047485352,99287555898.89325,5.478594390869141
resolution_max_b1_gaussian_conv,4,top1,-0.2,133690945.536,4.72532373046875,135465480.192,5.891903076171875,135465479.896819,5.596722061157227,133690945.0372438,4.226567535400391
resolution_max_b1_gaussian_conv,4,top1,-0.1,308987.296,4.103390502929687,312138.608,4.559349609375,312138.31281898497,4.264168594360352,308986.7972438049,3.604634307861328
resolution_max_b1_gaussian_conv,4,top1,-0.05,5144.84875,2.7979132080078126,5178.35225,2.780228759765625,5178.057068984986,2.4850477447509762,5144.349993804932,2.299157012939453
resolution_max_b1_gaussian_conv,4,top1,-0.02,206.872421875,1.3314999389648436,207.5885546875,1.20135302734375,207.29337367248536,0.9061720123291017,206.37366567993163,0.8327437438964842
resolution_max_b1_gaussian_conv,4,top1,-0.01,54.728029296875,0.8062549438476563,54.8097890625,0.6071446533203125,54.51460804748535,0.31196363830566415,54.22927310180664,0.3074987487792969
resolution_max_b1_gaussian_conv,4,top1,-0.005,17.917044921875,0.593876708984375,17.7482900390625,0.3840701904296875,17.45310902404785,0.0888891754150391,17.41828872680664,0.09512051391601556
resolution_max_b1_gaussian_conv,4,top1,-0.002,3.750713623046875,0.516162841796875,3.5774378662109374,0.3100409545898437,3.282256851196289,0.014859939575195324,3.2519574279785157,0.017406646728515607
resolution_max_b1_gaussian_conv,4,top1,-0.001,1.2872147216796874,0.5036311798095703,1.0898834838867189,0.2984543151855469,0.7947024688720705,0.0032733001708984966,0.788458526611328,0.004874984741210897
resolution_max_b1_gaussian_conv,4,top1,-0.0005,0.6775673522949218,0.5002301025390625,0.4803471221923828,0.2957209167480469,0.1851661071777344,0.0005399017333985179,0.17881115722656243,0.0014739074707031397
resolution_max_b1_gaussian_conv,4,top1,0.0,0.4987561950683594,0.4987561950683594,0.2951810150146484,0.2951810150146484,0.0,0.0,0.0,0.0
resolution_max_b1_gaussian_conv,4,top1,0.0005,0.6901917114257813,0.4993842010498047,0.4552562713623047,0.2967899780273437,0.1600752563476563,0.001608963012695308,0.1914355163574219,0.000628005981445301
resolution_max_b1_gaussian_conv,4,top1,0.001,1.2466970825195312,0.5020588073730469,0.979919464111328,0.3006375885009765,0.6847384490966797,0.005456573486328109,0.7479408874511717,0.00330261230468748
resolution_max_b1_gaussian_conv,4,top1,0.002,3.1870006103515625,0.5137537841796875,2.9392149658203124,0.3149280090332031,2.644033950805664,0.01974699401855473,2.688244415283203,0.014997589111328147
resolution_max_b1_gaussian_conv,4,top1,0.005,10.84944482421875,0.601345703125,10.85427685546875,0.4138199310302734,10.559095840454102,0.11863891601562504,10.35068862915039,0.10258950805664063
resolution_max_b1_gaussian_conv,4,top1,0.01,24.8277080078125,0.9058368530273436,25.080724609375,0.7477291870117188,24.78554359436035,0.45254817199707037,24.32895181274414,0.40708065795898424
resolution_max_b1_gaussian_conv,4,top1,0.02,73.92928125,1.6331161499023437,74.6989296875,1.5509512329101562,74.40374867248535,1.255770217895508,73.43052505493165,1.1343599548339842
resolution_max_b1_gaussian_conv,4,top1,0.05,716.23059375,3.0219854736328124,720.2681875,3.077802978515625,719.9730064849853,2.7826219635009766,715.7318375549316,2.523229278564453
resolution_max_b1_gaussian_conv,4,top1,0.1,14289.574,4.363365966796875,14381.568,4.66244140625,14381.272818984984,4.367260391235352,14289.075243804933,3.864609771728516
resolution_max_b1_gaussian_conv,4,top1,0.2,2618366.976,6.03882666015625,2638146.56,6.365008544921875,2638146.264818985,6.069827529907227,2618366.477243805,5.540070465087891
resolution_max_b1_gaussian_conv,4,top1,0.35,1249973567.488,7.98209912109375,1258471030.784,7.14373583984375,1258471030.488819,6.848554824829101,1249973566.9892437,7.483342926025391
resolution_max_b1_gaussian_conv,4,top1,0.5,146877848748.032,9.37665234375,147732597571.584,7.78063671875,147732597571.28885,7.485455703735352,146877848747.53326,8.87789614868164
