problem,method,seed,probe,policy,coords,vector,t,C_fd,quad_r1_f64,ratio_C_fd_over_quad,sign_agrees
plain_s0_test_centre_frozen_ord,plain,0,test_probe,centre_frozen,ordinary,top1,1e-05,3253138.6102152555,3331426.981793655,0.9765000487760207,True
plain_s0_test_centre_frozen_ord,plain,0,test_probe,centre_frozen,ordinary,top1,3e-05,3238577.140487476,3331426.981793655,0.9721291080928364,True
plain_s0_test_centre_frozen_ord,plain,0,test_probe,centre_frozen,ordinary,top1,0.0001,3249157.4792506085,3331426.981793655,0.9753050260466005,True
plain_s0_test_centre_frozen_ord,plain,0,test_probe,centre_frozen,ordinary,top1,0.0003,3286317.691929032,3331426.981793655,0.9864594691370555,True
plain_s0_test_centre_frozen_ord,plain,0,test_probe,centre_frozen,ordinary,top1,0.001,3341292.063866361,3331426.981793655,1.0029612181586507,True
plain_s0_test_centre_frozen_ord,plain,0,test_probe,centre_frozen,ordinary,top1,0.003,2554494.254963269,3331426.981793655,0.7667868060514771,True
plain_s0_test_centre_frozen_ord,plain,0,test_probe,centre_frozen,ordinary,top1,0.01,1145085.548823949,3331426.981793655,0.3437222412743472,True
plain_s0_test_centre_frozen_ord,plain,0,test_probe,centre_frozen,ordinary,min,1e-05,-8079.461488730287,-10235.211766154936,0.7893790254000284,True
plain_s0_test_centre_frozen_ord,plain,0,test_probe,centre_frozen,ordinary,min,3e-05,-10968.944392046134,-10235.211766154936,1.0716870977029955,True
plain_s0_test_centre_frozen_ord,plain,0,test_probe,centre_frozen,ordinary,min,0.0001,-14214.30067563012,-10235.211766154936,1.3887646880578426,True
plain_s0_test_centre_frozen_ord,plain,0,test_probe,centre_frozen,ordinary,min,0.0003,-12863.560598187622,-10235.211766154936,1.2567947681086502,True
plain_s0_test_centre_frozen_ord,plain,0,test_probe,centre_frozen,ordinary,min,0.001,-11818.01507073499,-10235.211766154936,1.1546429464033128,True
plain_s0_test_centre_frozen_ord,plain,0,test_probe,centre_frozen,ordinary,min,0.003,-1586.6649077538566,-10235.211766154936,0.15502023250759953,True
plain_s0_test_centre_frozen_ord,plain,0,test_probe,centre_frozen,ordinary,min,0.01,67963.82847463097,-10235.211766154936,-6.640197587251578,False
plain_s0_test_centre_frozen_rel,plain,0,test_probe,centre_frozen,relative,top1,1e-05,3279456.0493321074,3361909.864855907,0.9754741147626415,True
plain_s0_test_centre_frozen_rel,plain,0,test_probe,centre_frozen,relative,top1,3e-05,3258795.9100014195,3361909.864855907,0.9693287568675173,True
plain_s0_test_centre_frozen_rel,plain,0,test_probe,centre_frozen,relative,top1,0.0001,3273811.9802687704,3361909.864855907,0.9737952865696735,True
plain_s0_test_centre_frozen_rel,plain,0,test_probe,centre_frozen,relative,top1,0.0003,3314059.837167372,3361909.864855907,0.985767010535071,True
plain_s0_test_centre_frozen_rel,plain,0,test_probe,centre_frozen,relative,top1,0.001,3379031.9127795277,3361909.864855907,1.0050929527000732,True
plain_s0_test_centre_frozen_rel,plain,0,test_probe,centre_frozen,relative,top1,0.003,2580231.350079661,3361909.864855907,0.7674897465432943,True
plain_s0_test_centre_frozen_rel,plain,0,test_probe,centre_frozen,relative,top1,0.01,1147385.7338721526,3361909.864855907,0.3412898560626134,True
plain_s0_test_centre_frozen_rel,plain,0,test_probe,centre_frozen,relative,min,1e-05,-5788.203736312169,-10308.496095471815,0.5614983682105421,True
plain_s0_test_centre_frozen_rel,plain,0,test_probe,centre_frozen,relative,min,3e-05,-10359.357212053055,-10308.496095471815,1.0049339026866957,True
plain_s0_test_centre_frozen_rel,plain,0,test_probe,centre_frozen,relative,min,0.0001,-13792.70041812486,-10308.496095471815,1.3379934658154007,True
plain_s0_test_centre_frozen_rel,plain,0,test_probe,centre_frozen,relative,min,0.0003,-12843.51813458034,-10308.496095471815,1.2459157975742046,True
plain_s0_test_centre_frozen_rel,plain,0,test_probe,centre_frozen,relative,min,0.001,-11861.308009917691,-10308.496095471815,1.1506341856333413,True
plain_s0_test_centre_frozen_rel,plain,0,test_probe,centre_frozen,relative,min,0.003,-1642.4350493313946,-10308.496095471815,0.15932828941487037,True
plain_s0_test_centre_frozen_rel,plain,0,test_probe,centre_frozen,relative,min,0.01,68547.00686057287,-10308.496095471815,-6.649564226025494,False
plain_s0_test_saved_ord,plain,0,test_probe,saved,ordinary,top1,1e-05,3129697.7515493645,3308212.5073549105,0.9460389091061512,True
plain_s0_test_saved_ord,plain,0,test_probe,saved,ordinary,top1,3e-05,3193386.0433610817,3308212.5073549105,0.9652904812678922,True
plain_s0_test_saved_ord,plain,0,test_probe,saved,ordinary,top1,0.0001,3214943.0294825085,3308212.5073549105,0.97180668482903,True
plain_s0_test_saved_ord,plain,0,test_probe,saved,ordinary,top1,0.0003,3229989.517572124,3308212.5073549105,0.9763549077911776,True
plain_s0_test_saved_ord,plain,0,test_probe,saved,ordinary,top1,0.001,3244118.4395977734,3308212.5073549105,0.980625770679894,True
plain_s0_test_saved_ord,plain,0,test_probe,saved,ordinary,top1,0.003,2454640.9733726173,3308212.5073549105,0.7419840678056173,True
plain_s0_test_saved_ord,plain,0,test_probe,saved,ordinary,top1,0.01,1107075.0636590417,3308212.5073549105,0.3346444828431552,True
plain_s0_test_saved_ord,plain,0,test_probe,saved,ordinary,min,1e-05,-19028.27168720477,-11601.417289268786,1.640167853009284,True
plain_s0_test_saved_ord,plain,0,test_probe,saved,ordinary,min,3e-05,-16526.05780271759,-11601.417289268786,1.4244861115377736,True
plain_s0_test_saved_ord,plain,0,test_probe,saved,ordinary,min,0.0001,-15616.713169408493,-11601.417289268786,1.3461039095502427,True
plain_s0_test_saved_ord,plain,0,test_probe,saved,ordinary,min,0.0003,-12610.093641339685,-11601.417289268786,1.0869442350809946,True
plain_s0_test_saved_ord,plain,0,test_probe,saved,ordinary,min,0.001,-12883.58373272347,-11601.417289268786,1.1105180868410516,True
plain_s0_test_saved_ord,plain,0,test_probe,saved,ordinary,min,0.003,-1312.71700765249,-11601.417289268786,0.11315143442575265,True
plain_s0_test_saved_ord,plain,0,test_probe,saved,ordinary,min,0.01,89361.26688478234,-11601.417289268786,-7.702616383555203,False
plain_s0_test_saved_rel,plain,0,test_probe,saved,relative,top1,1e-05,3139713.165145607,3338651.559821656,0.9404135498684159,True
plain_s0_test_saved_rel,plain,0,test_probe,saved,relative,top1,3e-05,3213577.465058669,3338651.559821656,0.9625375417224826,True
plain_s0_test_saved_rel,plain,0,test_probe,saved,relative,top1,0.0001,3237279.778193125,3338651.559821656,0.9696369088501269,True
plain_s0_test_saved_rel,plain,0,test_probe,saved,relative,top1,0.0003,3257107.8866998227,3338651.559821656,0.9755758659863897,True
plain_s0_test_saved_rel,plain,0,test_probe,saved,relative,top1,0.001,3284774.97758556,3338651.559821656,0.9838627717595742,True
plain_s0_test_saved_rel,plain,0,test_probe,saved,relative,top1,0.003,2484541.308769898,3338651.559821656,0.7441750851360533,True
plain_s0_test_saved_rel,plain,0,test_probe,saved,relative,top1,0.01,1109176.048024516,3338651.559821656,0.3322227636368756,True
plain_s0_test_saved_rel,plain,0,test_probe,saved,relative,min,1e-05,-20775.795210870023,-11681.167649378314,1.7785717861840409,True
plain_s0_test_saved_rel,plain,0,test_probe,saved,relative,min,3e-05,-16734.1549121384,-11681.167649378314,1.432575527929266,True
plain_s0_test_saved_rel,plain,0,test_probe,saved,relative,min,0.0001,-16058.727158263508,-11681.167649378314,1.3747535897336576,True
plain_s0_test_saved_rel,plain,0,test_probe,saved,relative,min,0.0003,-12866.6687827418,-11681.167649378314,1.1014882389284586,True
plain_s0_test_saved_rel,plain,0,test_probe,saved,relative,min,0.001,-13056.115890852205,-11681.167649378314,1.117706404252067,True
plain_s0_test_saved_rel,plain,0,test_probe,saved,relative,min,0.003,-1235.4189085474538,-11681.167649378314,0.10576159384316382,True
plain_s0_test_saved_rel,plain,0,test_probe,saved,relative,min,0.01,89707.57008786987,-11681.167649378314,-7.679674907554658,False
plain_s0_train_centre_frozen_ord,plain,0,train_probe,centre_frozen,ordinary,top1,1e-05,2769121.146182218,2646094.9042598046,1.046493510767267,True
plain_s0_train_centre_frozen_ord,plain,0,train_probe,centre_frozen,ordinary,top1,3e-05,2749032.4350308725,2646094.9042598046,1.0389016775646838,True
plain_s0_train_centre_frozen_ord,plain,0,train_probe,centre_frozen,ordinary,top1,0.0001,2755841.5319543337,2646094.9042598046,1.0414749401156602,True
plain_s0_train_centre_frozen_ord,plain,0,train_probe,centre_frozen,ordinary,top1,0.0003,2886800.0623121047,2646094.9042598046,1.0909661847973788,True
plain_s0_train_centre_frozen_ord,plain,0,train_probe,centre_frozen,ordinary,top1,0.001,3286380.7158967475,2646094.9042598046,1.2419738651875947,True
plain_s0_train_centre_frozen_ord,plain,0,train_probe,centre_frozen,ordinary,top1,0.003,2790053.614102205,2646094.9042598046,1.0544042126420519,True
plain_s0_train_centre_frozen_ord,plain,0,train_probe,centre_frozen,ordinary,top1,0.01,1293020.6244973538,2646094.9042598046,0.48865239958543816,True
plain_s0_train_centre_frozen_ord,plain,0,train_probe,centre_frozen,ordinary,min,1e-05,1384.7912450071217,-3904.9803673104734,-0.35462182002233383,False
plain_s0_train_centre_frozen_ord,plain,0,train_probe,centre_frozen,ordinary,min,3e-05,-1260.4739917253405,-3904.9803673104734,0.3227862557971022,True
plain_s0_train_centre_frozen_ord,plain,0,train_probe,centre_frozen,ordinary,min,0.0001,-306.503963753979,-3904.9803673104734,0.07849052618030994,True
plain_s0_train_centre_frozen_ord,plain,0,train_probe,centre_frozen,ordinary,min,0.0003,167.34378985490872,-3904.9803673104734,-0.04285393884583485,False
plain_s0_train_centre_frozen_ord,plain,0,train_probe,centre_frozen,ordinary,min,0.001,274.41906265668337,-3904.9803673104734,-0.07027412095433594,False
plain_s0_train_centre_frozen_ord,plain,0,train_probe,centre_frozen,ordinary,min,0.003,4784.282262584637,-3904.9803673104734,-1.2251744727412741,False
plain_s0_train_centre_frozen_ord,plain,0,train_probe,centre_frozen,ordinary,min,0.01,125585.73877612046,-3904.9803673104734,-32.16040209252491,False
plain_s0_train_centre_frozen_rel,plain,0,train_probe,centre_frozen,relative,top1,1e-05,2803604.5279994365,2670360.0447883373,1.0498975722285646,True
plain_s0_train_centre_frozen_rel,plain,0,train_probe,centre_frozen,relative,top1,3e-05,2779683.918884526,2670360.0447883373,1.0409397505439586,True
plain_s0_train_centre_frozen_rel,plain,0,train_probe,centre_frozen,relative,top1,0.0001,2786003.182958663,2670360.0447883373,1.0433061970036672,True
plain_s0_train_centre_frozen_rel,plain,0,train_probe,centre_frozen,relative,top1,0.0003,2917178.3233329207,2670360.0447883373,1.092428838959859,True
plain_s0_train_centre_frozen_rel,plain,0,train_probe,centre_frozen,relative,top1,0.001,3329242.9636485954,2670360.0447883373,1.2467393564198133,True
plain_s0_train_centre_frozen_rel,plain,0,train_probe,centre_frozen,relative,top1,0.003,2812417.6417804784,2670360.0447883373,1.0531979188609382,True
plain_s0_train_centre_frozen_rel,plain,0,train_probe,centre_frozen,relative,top1,0.01,1299162.0135352286,2670360.0447883373,0.4865119278843183,True
plain_s0_train_centre_frozen_rel,plain,0,train_probe,centre_frozen,relative,min,1e-05,1447.021334977094,-3931.2956409649178,-0.36807746532690927,False
plain_s0_train_centre_frozen_rel,plain,0,train_probe,centre_frozen,relative,min,3e-05,-1143.7777650928165,-3931.2956409649178,0.29094168171287205,True
plain_s0_train_centre_frozen_rel,plain,0,train_probe,centre_frozen,relative,min,0.0001,-289.3834408990159,-3931.2956409649178,0.07361019555069334,True
plain_s0_train_centre_frozen_rel,plain,0,train_probe,centre_frozen,relative,min,0.0003,222.5567353026432,-3931.2956409649178,-0.05661154887044255,False
plain_s0_train_centre_frozen_rel,plain,0,train_probe,centre_frozen,relative,min,0.001,332.7090028201196,-3931.2956409649178,-0.08463087826649887,False
plain_s0_train_centre_frozen_rel,plain,0,train_probe,centre_frozen,relative,min,0.003,4776.089117036974,-3931.2956409649178,-1.214889327393527,False
plain_s0_train_centre_frozen_rel,plain,0,train_probe,centre_frozen,relative,min,0.01,124055.944532998,-3931.2956409649178,-31.555994731179528,False
plain_s0_train_saved_ord,plain,0,train_probe,saved,ordinary,top1,1e-05,2649301.576144736,2604391.8060863614,1.0172438609096457,True
plain_s0_train_saved_ord,plain,0,train_probe,saved,ordinary,top1,3e-05,2668908.5096222158,2604391.8060863614,1.0247722725071862,True
plain_s0_train_saved_ord,plain,0,train_probe,saved,ordinary,top1,0.0001,2687605.064895371,2604391.8060863614,1.0319511290945331,True
plain_s0_train_saved_ord,plain,0,train_probe,saved,ordinary,top1,0.0003,2821057.6200540643,2604391.8060863614,1.0831924802794124,True
plain_s0_train_saved_ord,plain,0,train_probe,saved,ordinary,top1,0.001,3231454.889540328,2604391.8060863614,1.24077140850641,True
plain_s0_train_saved_ord,plain,0,train_probe,saved,ordinary,top1,0.003,2774684.6733244904,2604391.8060863614,1.0653868080985975,True
plain_s0_train_saved_ord,plain,0,train_probe,saved,ordinary,top1,0.01,1289301.7576228862,2604391.8060863614,0.4950490761834831,True
plain_s0_train_saved_ord,plain,0,train_probe,saved,ordinary,min,1e-05,-2458.891414924835,-3468.0959628902583,0.709003280542339,True
plain_s0_train_saved_ord,plain,0,train_probe,saved,ordinary,min,3e-05,-1939.4845887952013,-3468.0959628902583,0.5592361369317083,True
plain_s0_train_saved_ord,plain,0,train_probe,saved,ordinary,min,0.0001,270.7852144678835,-3468.0959628902583,-0.07807892785129719,False
plain_s0_train_saved_ord,plain,0,train_probe,saved,ordinary,min,0.0003,534.6589616342071,-3468.0959628902583,-0.15416498486640218,False
plain_s0_train_saved_ord,plain,0,train_probe,saved,ordinary,min,0.001,1284.1114374381734,-3468.0959628902583,-0.37026410202560095,False
plain_s0_train_saved_ord,plain,0,train_probe,saved,ordinary,min,0.003,3778.691106829299,-3468.0959628902583,-1.089557828636378,False
plain_s0_train_saved_ord,plain,0,train_probe,saved,ordinary,min,0.01,40785.79470210504,-3468.0959628902583,-11.760284357332138,False
plain_s0_train_saved_rel,plain,0,train_probe,saved,relative,top1,1e-05,2680947.6677180915,2628442.241874731,1.0199758720229328,True
plain_s0_train_saved_rel,plain,0,train_probe,saved,relative,top1,3e-05,2701317.258438486,2628442.241874731,1.0277255537149552,True
plain_s0_train_saved_rel,plain,0,train_probe,saved,relative,top1,0.0001,2716413.468788476,2628442.241874731,1.0334689594894806,True
plain_s0_train_saved_rel,plain,0,train_probe,saved,relative,top1,0.0003,2851917.842357908,2628442.241874731,1.08502207007744,True
plain_s0_train_saved_rel,plain,0,train_probe,saved,relative,top1,0.001,3273307.0621729214,2628442.241874731,1.2453410655271777,True
plain_s0_train_saved_rel,plain,0,train_probe,saved,relative,top1,0.003,2794738.1745565496,2628442.241874731,1.0632678664314907,True
plain_s0_train_saved_rel,plain,0,train_probe,saved,relative,top1,0.01,1294251.596379684,2628442.241874731,0.49240252487213176,True
plain_s0_train_saved_rel,plain,0,train_probe,saved,relative,min,1e-05,-2110.308879310629,-3492.283635979097,0.6042776301355552,True
plain_s0_train_saved_rel,plain,0,train_probe,saved,relative,min,3e-05,-1817.1990463623624,-3492.283635979097,0.5203469236120314,True
plain_s0_train_saved_rel,plain,0,train_probe,saved,relative,min,0.0001,358.7540184313287,-3492.283635979097,-0.10272762920379128,False
plain_s0_train_saved_rel,plain,0,train_probe,saved,relative,min,0.0003,573.7128493277233,-3492.283635979097,-0.16428014134277988,False
plain_s0_train_saved_rel,plain,0,train_probe,saved,relative,min,0.001,1390.5829203756937,-3492.283635979097,-0.3981872795351657,False
plain_s0_train_saved_rel,plain,0,train_probe,saved,relative,min,0.003,3841.7420203903,-3492.283635979097,-1.1000658654442965,False
plain_s0_train_saved_rel,plain,0,train_probe,saved,relative,min,0.01,41400.96266936994,-3492.283635979097,-11.854982866465472,False
plain_s1_test_centre_frozen_ord,plain,1,test_probe,centre_frozen,ordinary,top1,1e-05,3076507.161905439,3172287.319607026,0.9698072248659204,True
plain_s1_test_centre_frozen_ord,plain,1,test_probe,centre_frozen,ordinary,top1,3e-05,3071608.476915936,3172287.319607026,0.9682630126001444,True
plain_s1_test_centre_frozen_ord,plain,1,test_probe,centre_frozen,ordinary,top1,0.0001,3095111.3938954445,3172287.319607026,0.9756718361434102,True
plain_s1_test_centre_frozen_ord,plain,1,test_probe,centre_frozen,ordinary,top1,0.0003,3159686.34811315,3172287.319607026,0.9960277962793619,True
plain_s1_test_centre_frozen_ord,plain,1,test_probe,centre_frozen,ordinary,top1,0.001,3300836.452327729,3172287.319607026,1.040522537768309,True
plain_s1_test_centre_frozen_ord,plain,1,test_probe,centre_frozen,ordinary,top1,0.003,2615424.077947547,3172287.319607026,0.8244600234607812,True
plain_s1_test_centre_frozen_ord,plain,1,test_probe,centre_frozen,ordinary,top1,0.01,1081173.0190146193,3172287.319607026,0.34081812587787663,True
plain_s1_test_centre_frozen_ord,plain,1,test_probe,centre_frozen,ordinary,min,1e-05,-22679.104989542506,-10445.001598487048,2.171287842869029,True
plain_s1_test_centre_frozen_ord,plain,1,test_probe,centre_frozen,ordinary,min,3e-05,-20443.72430256816,-10445.001598487048,1.9572734489125805,True
plain_s1_test_centre_frozen_ord,plain,1,test_probe,centre_frozen,ordinary,min,0.0001,-13558.522657852734,-10445.001598487048,1.2980871788297934,True
plain_s1_test_centre_frozen_ord,plain,1,test_probe,centre_frozen,ordinary,min,0.0003,-10897.384347938498,-10445.001598487048,1.043310931567208,True
plain_s1_test_centre_frozen_ord,plain,1,test_probe,centre_frozen,ordinary,min,0.001,-9694.99599546708,-10445.001598487048,0.9281947833183093,True
plain_s1_test_centre_frozen_ord,plain,1,test_probe,centre_frozen,ordinary,min,0.003,4194.015431486934,-10445.001598487048,-0.40153324936727963,False
plain_s1_test_centre_frozen_ord,plain,1,test_probe,centre_frozen,ordinary,min,0.01,79057.96536403074,-10445.001598487048,-7.5689758990063,False
plain_s1_test_centre_frozen_rel,plain,1,test_probe,centre_frozen,relative,top1,1e-05,3107187.007995726,3205709.8947048103,0.9692664370934424,True
plain_s1_test_centre_frozen_rel,plain,1,test_probe,centre_frozen,relative,top1,3e-05,3102911.3228470744,3205709.8947048103,0.9679326653894856,True
plain_s1_test_centre_frozen_rel,plain,1,test_probe,centre_frozen,relative,top1,0.0001,3124860.6935019963,3205709.8947048103,0.974779626398396,True
plain_s1_test_centre_frozen_rel,plain,1,test_probe,centre_frozen,relative,top1,0.0003,3190905.689698317,3205709.8947048103,0.9953819261590243,True
plain_s1_test_centre_frozen_rel,plain,1,test_probe,centre_frozen,relative,top1,0.001,3327664.8939350345,3205709.8947048103,1.0380430554342017,True
plain_s1_test_centre_frozen_rel,plain,1,test_probe,centre_frozen,relative,top1,0.003,2618852.736240657,3205709.8947048103,0.8169337907233828,True
plain_s1_test_centre_frozen_rel,plain,1,test_probe,centre_frozen,relative,top1,0.01,1068883.296950952,3205709.8947048103,0.3334310751938386,True
plain_s1_test_centre_frozen_rel,plain,1,test_probe,centre_frozen,relative,min,1e-05,-22019.296708197795,-10525.87890802706,2.0919200097775996,True
plain_s1_test_centre_frozen_rel,plain,1,test_probe,centre_frozen,relative,min,3e-05,-20376.535349401573,-10525.87890802706,1.9358512032531914,True
plain_s1_test_centre_frozen_rel,plain,1,test_probe,centre_frozen,relative,min,0.0001,-13589.760471122148,-10525.87890802706,1.291080829436349,True
plain_s1_test_centre_frozen_rel,plain,1,test_probe,centre_frozen,relative,min,0.0003,-10982.182055354866,-10525.87890802706,1.043350598207987,True
plain_s1_test_centre_frozen_rel,plain,1,test_probe,centre_frozen,relative,min,0.001,-9787.715720910084,-10525.87890802706,0.9298715866326326,True
plain_s1_test_centre_frozen_rel,plain,1,test_probe,centre_frozen,relative,min,0.003,4052.860501826627,-10525.87890802706,-0.3850377281783003,False
plain_s1_test_centre_frozen_rel,plain,1,test_probe,centre_frozen,relative,min,0.01,77940.30333043447,-10525.87890802706,-7.404636136465243,False
plain_s1_test_saved_ord,plain,1,test_probe,saved,ordinary,top1,1e-05,3022102.270577864,3161797.842019152,0.9558176776564319,True
plain_s1_test_saved_ord,plain,1,test_probe,saved,ordinary,top1,3e-05,3058290.792697309,3161797.842019152,0.9672632298161914,True
plain_s1_test_saved_ord,plain,1,test_probe,saved,ordinary,top1,0.0001,3063136.6439335616,3161797.842019152,0.9687958550751036,True
plain_s1_test_saved_ord,plain,1,test_probe,saved,ordinary,top1,0.0003,3122207.4830574864,3161797.842019152,0.9874785293241952,True
plain_s1_test_saved_ord,plain,1,test_probe,saved,ordinary,top1,0.001,3150775.3704449674,3161797.842019152,0.9965138594796606,True
plain_s1_test_saved_ord,plain,1,test_probe,saved,ordinary,top1,0.003,2037979.9499284965,3161797.842019152,0.6445636475692654,True
plain_s1_test_saved_ord,plain,1,test_probe,saved,ordinary,top1,0.01,851467.7266251737,3161797.842019152,0.26929859819292523,True
plain_s1_test_saved_ord,plain,1,test_probe,saved,ordinary,min,1e-05,-16384.968657412453,-6462.563406744343,2.535366792736311,True
plain_s1_test_saved_ord,plain,1,test_probe,saved,ordinary,min,3e-05,-14404.87510236584,-6462.563406744343,2.2289723435955593,True
plain_s1_test_saved_ord,plain,1,test_probe,saved,ordinary,min,0.0001,-13480.985720648598,-6462.563406744343,2.0860121397926736,True
plain_s1_test_saved_ord,plain,1,test_probe,saved,ordinary,min,0.0003,-11140.41557365781,-6462.563406744343,1.723838494494561,True
plain_s1_test_saved_ord,plain,1,test_probe,saved,ordinary,min,0.001,-9131.31680954238,-6462.563406744343,1.4129558558780129,True
plain_s1_test_saved_ord,plain,1,test_probe,saved,ordinary,min,0.003,-2344.6947797898,-6462.563406744343,0.3628118800881508,True
plain_s1_test_saved_ord,plain,1,test_probe,saved,ordinary,min,0.01,36174.41296189623,-6462.563406744343,-5.597533159078107,False
plain_s1_test_saved_rel,plain,1,test_probe,saved,relative,top1,1e-05,3066713.21520735,3199046.130615888,0.9586336332752222,True
plain_s1_test_saved_rel,plain,1,test_probe,saved,relative,top1,3e-05,3075292.1479357574,3199046.130615888,0.9613153491299279,True
plain_s1_test_saved_rel,plain,1,test_probe,saved,relative,top1,0.0001,3061726.907630136,3199046.130615888,0.9570749475377789,True
plain_s1_test_saved_rel,plain,1,test_probe,saved,relative,top1,0.0003,3123511.09567628,3199046.130615888,0.9763882632961389,True
plain_s1_test_saved_rel,plain,1,test_probe,saved,relative,top1,0.001,3160508.3242214606,3199046.130615888,0.9879533445843095,True
plain_s1_test_saved_rel,plain,1,test_probe,saved,relative,top1,0.003,2402278.531488241,3199046.130615888,0.7509358831989549,True
plain_s1_test_saved_rel,plain,1,test_probe,saved,relative,top1,0.01,1095135.7780157449,3199046.130615888,0.3423319743766579,True
plain_s1_test_saved_rel,plain,1,test_probe,saved,relative,min,1e-05,-16367.904158709476,-6519.587671321712,2.510573518430993,True
plain_s1_test_saved_rel,plain,1,test_probe,saved,relative,min,3e-05,-13999.38398760625,-6519.587671321712,2.147280578676253,True
plain_s1_test_saved_rel,plain,1,test_probe,saved,relative,min,0.0001,-13652.931304153348,-6519.587671321712,2.0941403034136203,True
plain_s1_test_saved_rel,plain,1,test_probe,saved,relative,min,0.0003,-11540.768751492102,-6519.587671321712,1.770168503486425,True
plain_s1_test_saved_rel,plain,1,test_probe,saved,relative,min,0.001,-9208.638948800864,-6519.587671321712,1.4124572615700408,True
plain_s1_test_saved_rel,plain,1,test_probe,saved,relative,min,0.003,-2574.2481349734103,-6519.587671321712,0.3948483040264929,True
plain_s1_test_saved_rel,plain,1,test_probe,saved,relative,min,0.01,35438.13954961389,-6519.587671321712,-5.435641230119317,False
plain_s1_train_centre_frozen_ord,plain,1,train_probe,centre_frozen,ordinary,top1,1e-05,2427597.1491255485,2345680.2626455706,1.0349224435164868,True
plain_s1_train_centre_frozen_ord,plain,1,train_probe,centre_frozen,ordinary,top1,3e-05,2413270.758063129,2345680.2626455706,1.028814880055872,True
plain_s1_train_centre_frozen_ord,plain,1,train_probe,centre_frozen,ordinary,top1,0.0001,2437451.2282986483,2345680.2626455706,1.0391233908195032,True
plain_s1_train_centre_frozen_ord,plain,1,train_probe,centre_frozen,ordinary,top1,0.0003,2519367.493462756,2345680.2626455706,1.0740455694593656,True
plain_s1_train_centre_frozen_ord,plain,1,train_probe,centre_frozen,ordinary,top1,0.001,2962842.7763540014,2345680.2626455706,1.2631059840237413,True
plain_s1_train_centre_frozen_ord,plain,1,train_probe,centre_frozen,ordinary,top1,0.003,2456375.562866366,2345680.2626455706,1.0471911291507172,True
plain_s1_train_centre_frozen_ord,plain,1,train_probe,centre_frozen,ordinary,top1,0.01,1014813.2408060502,2345680.2626455706,0.4326306773206572,True
plain_s1_train_centre_frozen_ord,plain,1,train_probe,centre_frozen,ordinary,min,1e-05,-2312.970223128374,-4313.028874257991,0.5362751538560694,True
plain_s1_train_centre_frozen_ord,plain,1,train_probe,centre_frozen,ordinary,min,3e-05,-1578.7852632022216,-4313.028874257991,0.36605024200628244,True
plain_s1_train_centre_frozen_ord,plain,1,train_probe,centre_frozen,ordinary,min,0.0001,-2350.77830290642,-4313.028874257991,0.5450411697767372,True
plain_s1_train_centre_frozen_ord,plain,1,train_probe,centre_frozen,ordinary,min,0.0003,-1238.8717675596945,-4313.028874257991,0.28723938644459657,True
plain_s1_train_centre_frozen_ord,plain,1,train_probe,centre_frozen,ordinary,min,0.001,-4.788713055148275,-4313.028874257991,0.0011102900524801423,True
plain_s1_train_centre_frozen_ord,plain,1,train_probe,centre_frozen,ordinary,min,0.003,6819.078935947335,-4313.028874257991,-1.581041800263969,False
plain_s1_train_centre_frozen_ord,plain,1,train_probe,centre_frozen,ordinary,min,0.01,133071.79816109248,-4313.028874257991,-30.85344476948024,False
plain_s1_train_centre_frozen_rel,plain,1,train_probe,centre_frozen,relative,top1,1e-05,2450896.402313995,2370449.678687378,1.0339373260482645,True
plain_s1_train_centre_frozen_rel,plain,1,train_probe,centre_frozen,relative,top1,3e-05,2438015.445383345,2370449.678687378,1.0285033541540443,True
plain_s1_train_centre_frozen_rel,plain,1,train_probe,centre_frozen,relative,top1,0.0001,2465110.59246386,2370449.678687378,1.039933736888648,True
plain_s1_train_centre_frozen_rel,plain,1,train_probe,centre_frozen,relative,top1,0.0003,2547786.069999842,2370449.678687378,1.0748112870342235,True
plain_s1_train_centre_frozen_rel,plain,1,train_probe,centre_frozen,relative,top1,0.001,3014892.478869764,2370449.678687378,1.2718652102073909,True
plain_s1_train_centre_frozen_rel,plain,1,train_probe,centre_frozen,relative,top1,0.003,2544796.5542994807,2370449.678687378,1.0735501272942636,True
plain_s1_train_centre_frozen_rel,plain,1,train_probe,centre_frozen,relative,top1,0.01,1041279.9762157254,2370449.678687378,0.4392752926070668,True
plain_s1_train_centre_frozen_rel,plain,1,train_probe,centre_frozen,relative,min,1e-05,-2473.454610019132,-4346.229260212507,0.5691035750604176,True
plain_s1_train_centre_frozen_rel,plain,1,train_probe,centre_frozen,relative,min,3e-05,-1283.865696964802,-4346.229260212507,0.29539760102347384,True
plain_s1_train_centre_frozen_rel,plain,1,train_probe,centre_frozen,relative,min,0.0001,-2357.311000289464,-4346.229260212507,0.5423807303193675,True
plain_s1_train_centre_frozen_rel,plain,1,train_probe,centre_frozen,relative,min,0.0003,-1182.6710418667071,-4346.229260212507,0.2721142790817438,True
plain_s1_train_centre_frozen_rel,plain,1,train_probe,centre_frozen,relative,min,0.001,33.2141069010472,-4346.229260212507,-0.007642051284571034,False
plain_s1_train_centre_frozen_rel,plain,1,train_probe,centre_frozen,relative,min,0.003,6883.216776553143,-4346.229260212507,-1.583721512246363,False
plain_s1_train_centre_frozen_rel,plain,1,train_probe,centre_frozen,relative,min,0.01,135186.40354940903,-4346.229260212507,-31.104296496038764,False
plain_s1_train_saved_ord,plain,1,train_probe,saved,ordinary,top1,1e-05,2451890.927920863,2408173.107545783,1.0181539359600416,True
plain_s1_train_saved_ord,plain,1,train_probe,saved,ordinary,top1,3e-05,2453619.519137202,2408173.107545783,1.0188717378534862,True
plain_s1_train_saved_ord,plain,1,train_probe,saved,ordinary,top1,0.0001,2485495.304620017,2408173.107545783,1.0321082387441136,True
plain_s1_train_saved_ord,plain,1,train_probe,saved,ordinary,top1,0.0003,2590519.5741584846,2408173.107545783,1.0757198334460825,True
plain_s1_train_saved_ord,plain,1,train_probe,saved,ordinary,top1,0.001,3103439.331310228,2408173.107545783,1.2887110654902234,True
plain_s1_train_saved_ord,plain,1,train_probe,saved,ordinary,top1,0.003,2608442.2564761573,2408173.107545783,1.0831622728045796,True
plain_s1_train_saved_ord,plain,1,train_probe,saved,ordinary,top1,0.01,1126758.073518837,2408173.107545783,0.4678891521495059,True
plain_s1_train_saved_ord,plain,1,train_probe,saved,ordinary,min,1e-05,-4051.001176175184,-4964.921879684406,0.8159244544715142,True
plain_s1_train_saved_ord,plain,1,train_probe,saved,ordinary,min,3e-05,-5068.653660246348,-4964.921879684406,1.0208929330764285,True
plain_s1_train_saved_ord,plain,1,train_probe,saved,ordinary,min,0.0001,-1794.997295889722,-4964.921879684406,0.3615358588489655,True
plain_s1_train_saved_ord,plain,1,train_probe,saved,ordinary,min,0.0003,-963.4977638099213,-4964.921879684406,0.1940610118665484,True
plain_s1_train_saved_ord,plain,1,train_probe,saved,ordinary,min,0.001,306.7951254560053,-4964.921879684406,-0.0617925383098891,False
plain_s1_train_saved_ord,plain,1,train_probe,saved,ordinary,min,0.003,8509.51675302656,-4964.921879684406,-1.7139276224759987,False
plain_s1_train_saved_ord,plain,1,train_probe,saved,ordinary,min,0.01,114487.69192297071,-4964.921879684406,-23.05931386180201,False
plain_s1_train_saved_rel,plain,1,train_probe,saved,relative,top1,1e-05,2474440.2704035547,2431017.393889308,1.0178620180272655,True
plain_s1_train_saved_rel,plain,1,train_probe,saved,relative,top1,3e-05,2479718.5549450973,2431017.393889308,1.0200332425338487,True
plain_s1_train_saved_rel,plain,1,train_probe,saved,relative,top1,0.0001,2510606.2303172583,2431017.393889308,1.0327389004406171,True
plain_s1_train_saved_rel,plain,1,train_probe,saved,relative,top1,0.0003,2608405.272391106,2431017.393889308,1.0729685764271726,True
plain_s1_train_saved_rel,plain,1,train_probe,saved,relative,top1,0.001,3110342.345637761,2431017.393889308,1.2794405969517242,True
plain_s1_train_saved_rel,plain,1,train_probe,saved,relative,top1,0.003,2511068.770350426,2431017.393889308,1.0329291664725797,True
plain_s1_train_saved_rel,plain,1,train_probe,saved,relative,top1,0.01,1057111.711185729,2431017.393889308,0.4348433350756447,True
plain_s1_train_saved_rel,plain,1,train_probe,saved,relative,min,1e-05,-4077.836279203772,-5003.367747045193,0.8150183007459313,True
plain_s1_train_saved_rel,plain,1,train_probe,saved,relative,min,3e-05,-4898.339967282814,-5003.367747045193,0.9790085828041712,True
plain_s1_train_saved_rel,plain,1,train_probe,saved,relative,min,0.0001,-1610.3678216083938,-5003.367747045193,0.3218567778791432,True
plain_s1_train_saved_rel,plain,1,train_probe,saved,relative,min,0.0003,-872.335063688433,-5003.367747045193,0.1743495796813261,True
plain_s1_train_saved_rel,plain,1,train_probe,saved,relative,min,0.001,379.9508058224821,-5003.367747045193,-0.07593901248751248,False
plain_s1_train_saved_rel,plain,1,train_probe,saved,relative,min,0.003,8591.831124921277,-5003.367747045193,-1.7172095994733347,False
plain_s1_train_saved_rel,plain,1,train_probe,saved,relative,min,0.01,115646.12346786218,-5003.367747045193,-23.11365650389352,False
plain_s2_test_centre_frozen_ord,plain,2,test_probe,centre_frozen,ordinary,top1,1e-05,3818434.1975799887,3887373.858245223,0.982265749789151,True
plain_s2_test_centre_frozen_ord,plain,2,test_probe,centre_frozen,ordinary,top1,3e-05,3824468.958369841,3887373.858245223,0.9838181502039072,True
plain_s2_test_centre_frozen_ord,plain,2,test_probe,centre_frozen,ordinary,top1,0.0001,3816375.501508573,3887373.858245223,0.9817361644838815,True
plain_s2_test_centre_frozen_ord,plain,2,test_probe,centre_frozen,ordinary,top1,0.0003,3830930.895171348,3887373.858245223,0.9854804386889217,True
plain_s2_test_centre_frozen_ord,plain,2,test_probe,centre_frozen,ordinary,top1,0.001,3567165.8108819863,3887373.858245223,0.9176286976658891,True
plain_s2_test_centre_frozen_ord,plain,2,test_probe,centre_frozen,ordinary,top1,0.003,2337620.2066665464,3887373.858245223,0.6013366071566263,True
plain_s2_test_centre_frozen_ord,plain,2,test_probe,centre_frozen,ordinary,top1,0.01,1389373.348145295,3887373.858245223,0.3574066706237676,True
plain_s2_test_centre_frozen_ord,plain,2,test_probe,centre_frozen,ordinary,min,1e-05,-6679.034081358281,-9801.840971421409,0.6814060849213843,True
plain_s2_test_centre_frozen_ord,plain,2,test_probe,centre_frozen,ordinary,min,3e-05,-14289.004811719587,-9801.840971421409,1.457787863869768,True
plain_s2_test_centre_frozen_ord,plain,2,test_probe,centre_frozen,ordinary,min,0.0001,-15973.236076338717,-9801.840971421409,1.6296159183678702,True
plain_s2_test_centre_frozen_ord,plain,2,test_probe,centre_frozen,ordinary,min,0.0003,-11353.745129473304,-9801.840971421409,1.1583278245971018,True
plain_s2_test_centre_frozen_ord,plain,2,test_probe,centre_frozen,ordinary,min,0.001,-10118.907625589867,-9801.840971421409,1.0323476635759454,True
plain_s2_test_centre_frozen_ord,plain,2,test_probe,centre_frozen,ordinary,min,0.003,1417.2340629823802,-9801.840971421409,-0.1445885591405245,False
plain_s2_test_centre_frozen_ord,plain,2,test_probe,centre_frozen,ordinary,min,0.01,80312.29479365665,-9801.840971421409,-8.193592920739889,False
plain_s2_test_centre_frozen_rel,plain,2,test_probe,centre_frozen,relative,top1,1e-05,3842877.2967469264,3925124.470123623,0.9790459706430389,True
plain_s2_test_centre_frozen_rel,plain,2,test_probe,centre_frozen,relative,top1,3e-05,3855967.933405541,3925124.470123623,0.9823810589334243,True
plain_s2_test_centre_frozen_rel,plain,2,test_probe,centre_frozen,relative,top1,0.0001,3849189.267047004,3925124.470123623,0.9806540649463207,True
plain_s2_test_centre_frozen_rel,plain,2,test_probe,centre_frozen,relative,top1,0.0003,3864226.032544856,3925124.470123623,0.9844849665170365,True
plain_s2_test_centre_frozen_rel,plain,2,test_probe,centre_frozen,relative,top1,0.001,3607991.078496911,3925124.470123623,0.919204245867718,True
plain_s2_test_centre_frozen_rel,plain,2,test_probe,centre_frozen,relative,top1,0.003,2349259.1836043834,3925124.470123623,0.5985183913238789,True
plain_s2_test_centre_frozen_rel,plain,2,test_probe,centre_frozen,relative,top1,0.01,1410453.1307708288,3925124.470123623,0.35933972069079534,True
plain_s2_test_centre_frozen_rel,plain,2,test_probe,centre_frozen,relative,min,1e-05,-7764.387368602853,-9883.31616329098,0.7856054830504826,True
plain_s2_test_centre_frozen_rel,plain,2,test_probe,centre_frozen,relative,min,3e-05,-15272.606046254665,-9883.31616329098,1.5452916606048492,True
plain_s2_test_centre_frozen_rel,plain,2,test_probe,centre_frozen,relative,min,0.0001,-16680.99238658627,-9883.31616329098,1.6877930555883154,True
plain_s2_test_centre_frozen_rel,plain,2,test_probe,centre_frozen,relative,min,0.0003,-11417.518550429744,-9883.31616329098,1.1552315398790096,True
plain_s2_test_centre_frozen_rel,plain,2,test_probe,centre_frozen,relative,min,0.001,-10447.057943275162,-9883.31616329098,1.0570397395641409,True
plain_s2_test_centre_frozen_rel,plain,2,test_probe,centre_frozen,relative,min,0.003,1395.552802884096,-9883.31616329098,-0.14120288978182402,False
plain_s2_test_centre_frozen_rel,plain,2,test_probe,centre_frozen,relative,min,0.01,81385.9251177727,-9883.31616329098,-8.234677892837189,False
plain_s2_test_saved_ord,plain,2,test_probe,saved,ordinary,top1,1e-05,3872055.433329357,3934736.514622813,0.984069814824827,True
plain_s2_test_saved_ord,plain,2,test_probe,saved,ordinary,top1,3e-05,3892823.231927473,3934736.514622813,0.9893478807184227,True
plain_s2_test_saved_ord,plain,2,test_probe,saved,ordinary,top1,0.0001,3886195.1918549575,3934736.514622813,0.9876633867128181,True
plain_s2_test_saved_ord,plain,2,test_probe,saved,ordinary,top1,0.0003,3892573.034434,3934736.514622813,0.98928429387022,True
plain_s2_test_saved_ord,plain,2,test_probe,saved,ordinary,top1,0.001,3635264.6672554472,3934736.514622813,0.9238902411242971,True
plain_s2_test_saved_ord,plain,2,test_probe,saved,ordinary,top1,0.003,2333399.8568682536,3934736.514622813,0.5930256951632085,True
plain_s2_test_saved_ord,plain,2,test_probe,saved,ordinary,top1,0.01,1344236.694566436,3934736.514622813,0.34163321726138396,True
plain_s2_test_saved_ord,plain,2,test_probe,saved,ordinary,min,1e-05,-25059.761585843884,-11815.25645000375,2.1209663702082344,True
plain_s2_test_saved_ord,plain,2,test_probe,saved,ordinary,min,3e-05,-10578.48074815916,-11815.25645000375,0.8953238376942553,True
plain_s2_test_saved_ord,plain,2,test_probe,saved,ordinary,min,0.0001,-11778.65413217738,-11815.25645000375,0.9969021139760061,True
plain_s2_test_saved_ord,plain,2,test_probe,saved,ordinary,min,0.0003,-11459.630701211096,-11815.25645000375,0.9699011400812598,True
plain_s2_test_saved_ord,plain,2,test_probe,saved,ordinary,min,0.001,-10821.486874820874,-11815.25645000375,0.9158909855754709,True
plain_s2_test_saved_ord,plain,2,test_probe,saved,ordinary,min,0.003,1754.7347836809952,-11815.25645000375,-0.14851432054024002,False
plain_s2_test_saved_ord,plain,2,test_probe,saved,ordinary,min,0.01,108584.6231436934,-11815.25645000375,-9.190204512544367,False
plain_s2_test_saved_rel,plain,2,test_probe,saved,relative,top1,1e-05,3917072.6457538046,3972142.446562252,0.9861359954862373,True
plain_s2_test_saved_rel,plain,2,test_probe,saved,relative,top1,3e-05,3931058.371500207,3972142.446562252,0.9896569482049664,True
plain_s2_test_saved_rel,plain,2,test_probe,saved,relative,top1,0.0001,3921566.7726727687,3972142.446562252,0.987267406803788,True
plain_s2_test_saved_rel,plain,2,test_probe,saved,relative,top1,0.0003,3928094.7844150094,3972142.446562252,0.9889108553532957,True
plain_s2_test_saved_rel,plain,2,test_probe,saved,relative,top1,0.001,3680166.4600842646,3972142.446562252,0.9264940796041485,True
plain_s2_test_saved_rel,plain,2,test_probe,saved,relative,top1,0.003,2342918.669007165,3972142.446562252,0.5898375248437723,True
plain_s2_test_saved_rel,plain,2,test_probe,saved,relative,top1,0.01,1358455.9467752504,3972142.446562252,0.3419957781098575,True
plain_s2_test_saved_rel,plain,2,test_probe,saved,relative,min,1e-05,-25968.239367735176,-11905.23988148686,2.1812445298239527,True
plain_s2_test_saved_rel,plain,2,test_probe,saved,relative,min,3e-05,-11402.300299501178,-11905.23988148686,0.9577547712610333,True
plain_s2_test_saved_rel,plain,2,test_probe,saved,relative,min,0.0001,-12221.896104724903,-11905.23988148686,1.0265980548388998,True
plain_s2_test_saved_rel,plain,2,test_probe,saved,relative,min,0.0003,-11613.019701255884,-11905.23988148686,0.975454490363912,True
plain_s2_test_saved_rel,plain,2,test_probe,saved,relative,min,0.001,-11041.84775978978,-11905.23988148686,0.9274779735400637,True
plain_s2_test_saved_rel,plain,2,test_probe,saved,relative,min,0.003,1856.941667992057,-11905.23988148686,-0.155976837634299,False
plain_s2_test_saved_rel,plain,2,test_probe,saved,relative,min,0.01,110697.64756858256,-11905.23988148686,-9.298229071446261,False
plain_s2_train_centre_frozen_ord,plain,2,train_probe,centre_frozen,ordinary,top1,1e-05,2918653.124333592,2808309.5045475853,1.039291830051967,True
plain_s2_train_centre_frozen_ord,plain,2,train_probe,centre_frozen,ordinary,top1,3e-05,2891481.413283794,2808309.5045475853,1.0296163612313836,True
plain_s2_train_centre_frozen_ord,plain,2,train_probe,centre_frozen,ordinary,top1,0.0001,2894514.810367288,2808309.5045475853,1.0306965117912068,True
plain_s2_train_centre_frozen_ord,plain,2,train_probe,centre_frozen,ordinary,top1,0.0003,3070804.9672798985,2808309.5045475853,1.0934709875486466,True
plain_s2_train_centre_frozen_ord,plain,2,train_probe,centre_frozen,ordinary,top1,0.001,3379705.0163533324,2808309.5045475853,1.203466003615509,True
plain_s2_train_centre_frozen_ord,plain,2,train_probe,centre_frozen,ordinary,top1,0.003,2502615.9327485505,2808309.5045475853,0.8911467659444177,True
plain_s2_train_centre_frozen_ord,plain,2,train_probe,centre_frozen,ordinary,top1,0.01,1582468.3375167856,2808309.5045475853,0.5634949904753177,True
plain_s2_train_centre_frozen_ord,plain,2,train_probe,centre_frozen,ordinary,min,1e-05,7682.589763802204,-3596.8773529596247,-2.135905400688941,False
plain_s2_train_centre_frozen_ord,plain,2,train_probe,centre_frozen,ordinary,min,3e-05,6767.415637814405,-3596.8773529596247,-1.8814696676398937,False
plain_s2_train_centre_frozen_ord,plain,2,train_probe,centre_frozen,ordinary,min,0.0001,1306.9904062690264,-3596.8773529596247,-0.3633680768107351,False
plain_s2_train_centre_frozen_ord,plain,2,train_probe,centre_frozen,ordinary,min,0.0003,678.3315786012485,-3596.8773529596247,-0.188589020985966,False
plain_s2_train_centre_frozen_ord,plain,2,train_probe,centre_frozen,ordinary,min,0.001,1468.4527952461003,-3596.8773529596247,-0.4082576777431154,False
plain_s2_train_centre_frozen_ord,plain,2,train_probe,centre_frozen,ordinary,min,0.003,5155.125994053569,-3596.8773529596247,-1.4332226228986562,False
plain_s2_train_centre_frozen_ord,plain,2,train_probe,centre_frozen,ordinary,min,0.01,60737.2833528711,-3596.8773529596247,-16.886114646887957,False
plain_s2_train_centre_frozen_rel,plain,2,train_probe,centre_frozen,relative,top1,1e-05,2948837.735220477,2836225.851037925,1.039704836672771,True
plain_s2_train_centre_frozen_rel,plain,2,train_probe,centre_frozen,relative,top1,3e-05,2922547.025080559,2836225.851037925,1.0304352257458778,True
plain_s2_train_centre_frozen_rel,plain,2,train_probe,centre_frozen,relative,top1,0.0001,2923617.2507588253,2836225.851037925,1.030812567232232,True
plain_s2_train_centre_frozen_rel,plain,2,train_probe,centre_frozen,relative,top1,0.0003,3104804.758761651,2836225.851037925,1.094695881720928,True
plain_s2_train_centre_frozen_rel,plain,2,train_probe,centre_frozen,relative,top1,0.001,3412841.74063727,2836225.851037925,1.2033039397720497,True
plain_s2_train_centre_frozen_rel,plain,2,train_probe,centre_frozen,relative,top1,0.003,2508607.943380901,2836225.851037925,0.884488075046234,True
plain_s2_train_centre_frozen_rel,plain,2,train_probe,centre_frozen,relative,top1,0.01,1618488.037925457,2836225.851037925,0.5706485036560706,True
plain_s2_train_centre_frozen_rel,plain,2,train_probe,centre_frozen,relative,min,1e-05,8575.290950663115,-3627.557931965837,-2.363929428968765,False
plain_s2_train_centre_frozen_rel,plain,2,train_probe,centre_frozen,relative,min,3e-05,7258.157664644414,-3627.557931965837,-2.0008385257437067,False
plain_s2_train_centre_frozen_rel,plain,2,train_probe,centre_frozen,relative,min,0.0001,1482.2932573932412,-3627.557931965837,-0.4086201475464682,False
plain_s2_train_centre_frozen_rel,plain,2,train_probe,centre_frozen,relative,min,0.0003,791.5721612319596,-3627.557931965837,-0.21821075667921666,False
plain_s2_train_centre_frozen_rel,plain,2,train_probe,centre_frozen,relative,min,0.001,1608.6304468977964,-3627.557931965837,-0.44344721078680377,False
plain_s2_train_centre_frozen_rel,plain,2,train_probe,centre_frozen,relative,min,0.003,5180.401269615399,-3627.557931965837,-1.4280685151754555,False
plain_s2_train_centre_frozen_rel,plain,2,train_probe,centre_frozen,relative,min,0.01,58499.36816661729,-3627.557931965837,-16.126377376670995,False
plain_s2_train_saved_ord,plain,2,train_probe,saved,ordinary,top1,1e-05,2886330.8453153097,2856396.5417786352,1.0104797436556323,True
plain_s2_train_saved_ord,plain,2,train_probe,saved,ordinary,top1,3e-05,2935986.5684304894,2856396.5417786352,1.027863787638636,True
plain_s2_train_saved_ord,plain,2,train_probe,saved,ordinary,top1,0.0001,2947112.497626825,2856396.5417786352,1.0317588802959767,True
plain_s2_train_saved_ord,plain,2,train_probe,saved,ordinary,top1,0.0003,3109207.9406983275,2856396.5417786352,1.0885071085971385,True
plain_s2_train_saved_ord,plain,2,train_probe,saved,ordinary,top1,0.001,3405030.8738798657,2856396.5417786352,1.1920721874840263,True
plain_s2_train_saved_ord,plain,2,train_probe,saved,ordinary,top1,0.003,2464953.037323868,2856396.5417786352,0.8629589769034585,True
plain_s2_train_saved_ord,plain,2,train_probe,saved,ordinary,top1,0.01,1552961.7338329789,2856396.5417786352,0.5436786213394492,True
plain_s2_train_saved_ord,plain,2,train_probe,saved,ordinary,min,1e-05,-674.3706920664393,-5543.924912794758,0.12164138271607311,True
plain_s2_train_saved_ord,plain,2,train_probe,saved,ordinary,min,3e-05,3762.177527042196,-5543.924912794758,-0.6786126410838487,False
plain_s2_train_saved_ord,plain,2,train_probe,saved,ordinary,min,0.0001,2312.506573665107,-5543.924912794758,-0.4171244398220656,False
plain_s2_train_saved_ord,plain,2,train_probe,saved,ordinary,min,0.0003,809.2646863423605,-5543.924912794758,-0.1459732408125998,False
plain_s2_train_saved_ord,plain,2,train_probe,saved,ordinary,min,0.001,131.9182639011318,-5543.924912794758,-0.02379510292368485,False
plain_s2_train_saved_ord,plain,2,train_probe,saved,ordinary,min,0.003,7337.07922074457,-5543.924912794758,-1.3234449124322396,False
plain_s2_train_saved_ord,plain,2,train_probe,saved,ordinary,min,0.01,131899.47228898326,-5543.924912794758,-23.791713337345904,False
plain_s2_train_saved_rel,plain,2,train_probe,saved,relative,top1,1e-05,2918461.9176447764,2884622.498482505,1.0117309697127002,True
plain_s2_train_saved_rel,plain,2,train_probe,saved,relative,top1,3e-05,2968172.2509222743,2884622.498482505,1.0289638427502115,True
plain_s2_train_saved_rel,plain,2,train_probe,saved,relative,top1,0.0001,2978989.564626688,2884622.498482505,1.0327138355863987,True
plain_s2_train_saved_rel,plain,2,train_probe,saved,relative,top1,0.0003,3145122.0592122767,2884622.498482505,1.0903062916783084,True
plain_s2_train_saved_rel,plain,2,train_probe,saved,relative,top1,0.001,3443447.3848120337,2884622.498482505,1.193725482839958,True
plain_s2_train_saved_rel,plain,2,train_probe,saved,relative,top1,0.003,2472234.647532013,2884622.498482505,0.8570392308985199,True
plain_s2_train_saved_rel,plain,2,train_probe,saved,relative,top1,0.01,1576997.2651785973,2884622.498482505,0.5466910370449507,True
plain_s2_train_saved_rel,plain,2,train_probe,saved,relative,min,1e-05,48.75388537328717,-5586.406833201464,-0.00872723502404626,False
plain_s2_train_saved_rel,plain,2,train_probe,saved,relative,min,3e-05,4306.654048442167,-5586.406833201464,-0.7709166512625979,False
plain_s2_train_saved_rel,plain,2,train_probe,saved,relative,min,0.0001,2610.867643182413,-5586.406833201464,-0.4673608136925062,False
plain_s2_train_saved_rel,plain,2,train_probe,saved,relative,min,0.0003,984.751528051072,-5586.406833201464,-0.1762763718171112,False
plain_s2_train_saved_rel,plain,2,train_probe,saved,relative,min,0.001,254.840165676562,-5586.406833201464,-0.045617903114750044,False
plain_s2_train_saved_rel,plain,2,train_probe,saved,relative,min,0.003,7544.229872259981,-5586.406833201464,-1.3504619512174922,False
plain_s2_train_saved_rel,plain,2,train_probe,saved,relative,min,0.01,132598.71393356432,-5586.406833201464,-23.73595727856693,False
plain_s3_test_centre_frozen_ord,plain,3,test_probe,centre_frozen,ordinary,top1,1e-05,3729145.617765716,3924802.923149036,0.9501485019211269,True
plain_s3_test_centre_frozen_ord,plain,3,test_probe,centre_frozen,ordinary,top1,3e-05,3699469.367004,3924802.923149036,0.9425872940483235,True
plain_s3_test_centre_frozen_ord,plain,3,test_probe,centre_frozen,ordinary,top1,0.0001,3752200.572083631,3924802.923149036,0.9560226705785985,True
plain_s3_test_centre_frozen_ord,plain,3,test_probe,centre_frozen,ordinary,top1,0.0003,3857339.3904307354,3924802.923149036,0.9828109757255858,True
plain_s3_test_centre_frozen_ord,plain,3,test_probe,centre_frozen,ordinary,top1,0.001,3977055.6068563904,3924802.923149036,1.0133134541352793,True
plain_s3_test_centre_frozen_ord,plain,3,test_probe,centre_frozen,ordinary,top1,0.003,3061759.8644633805,3924802.923149036,0.780105377114528,True
plain_s3_test_centre_frozen_ord,plain,3,test_probe,centre_frozen,ordinary,top1,0.01,1073051.3375161786,3924802.923149036,0.27340260352619794,True
plain_s3_test_centre_frozen_ord,plain,3,test_probe,centre_frozen,ordinary,min,1e-05,-19753.00661705148,-11523.069020053335,1.7142140329694955,True
plain_s3_test_centre_frozen_ord,plain,3,test_probe,centre_frozen,ordinary,min,3e-05,-19042.75871877914,-11523.069020053335,1.6525769901785243,True
plain_s3_test_centre_frozen_ord,plain,3,test_probe,centre_frozen,ordinary,min,0.0001,-15779.12301784501,-11523.069020053335,1.3693507337658883,True
plain_s3_test_centre_frozen_ord,plain,3,test_probe,centre_frozen,ordinary,min,0.0003,-15474.288128141608,-11523.069020053335,1.3428964194531905,True
plain_s3_test_centre_frozen_ord,plain,3,test_probe,centre_frozen,ordinary,min,0.001,-12932.563147725064,-11523.069020053335,1.1223193339568494,True
plain_s3_test_centre_frozen_ord,plain,3,test_probe,centre_frozen,ordinary,min,0.003,2644.3104764979357,-11523.069020053335,-0.22947970474672175,False
plain_s3_test_centre_frozen_ord,plain,3,test_probe,centre_frozen,ordinary,min,0.01,131593.2836337315,-11523.069020053335,-11.419985717756502,False
plain_s3_test_centre_frozen_rel,plain,3,test_probe,centre_frozen,relative,top1,1e-05,3753047.0623536864,3957691.640082373,0.94829193470858,True
plain_s3_test_centre_frozen_rel,plain,3,test_probe,centre_frozen,relative,top1,3e-05,3721823.717058006,3957691.640082373,0.940402652739399,True
plain_s3_test_centre_frozen_rel,plain,3,test_probe,centre_frozen,relative,top1,0.0001,3775990.701316734,3957691.640082373,0.9540891622466431,True
plain_s3_test_centre_frozen_rel,plain,3,test_probe,centre_frozen,relative,top1,0.0003,3882586.085802079,3957691.640082373,0.981022888817399,True
plain_s3_test_centre_frozen_rel,plain,3,test_probe,centre_frozen,relative,top1,0.001,3969543.843598329,3957691.640082373,1.0029947263692605,True
plain_s3_test_centre_frozen_rel,plain,3,test_probe,centre_frozen,relative,top1,0.003,3015388.942417121,3957691.640082373,0.7619059837502552,True
plain_s3_test_centre_frozen_rel,plain,3,test_probe,centre_frozen,relative,top1,0.01,1042219.7561633282,3957691.640082373,0.263340313229061,True
plain_s3_test_centre_frozen_rel,plain,3,test_probe,centre_frozen,relative,min,1e-05,-19943.907616504217,-11606.745716954903,1.7183031405065206,True
plain_s3_test_centre_frozen_rel,plain,3,test_probe,centre_frozen,relative,min,3e-05,-19031.66234853673,-11606.745716954903,1.6397070128568128,True
plain_s3_test_centre_frozen_rel,plain,3,test_probe,centre_frozen,relative,min,0.0001,-16463.357165763526,-11606.745716954903,1.4184300722392997,True
plain_s3_test_centre_frozen_rel,plain,3,test_probe,centre_frozen,relative,min,0.0003,-16061.478992347573,-11606.745716954903,1.3838055372304128,True
plain_s3_test_centre_frozen_rel,plain,3,test_probe,centre_frozen,relative,min,0.001,-13162.696788583173,-11606.745716954903,1.1340557559863973,True
plain_s3_test_centre_frozen_rel,plain,3,test_probe,centre_frozen,relative,min,0.003,2673.4972741388533,-11606.745716954903,-0.23033995396603388,False
plain_s3_test_centre_frozen_rel,plain,3,test_probe,centre_frozen,relative,min,0.01,132031.04110985968,-11606.745716954903,-11.375371213396306,False
plain_s3_test_saved_ord,plain,3,test_probe,saved,ordinary,top1,1e-05,3889091.9325051946,3990092.393312988,0.9746871874503307,True
plain_s3_test_saved_ord,plain,3,test_probe,saved,ordinary,top1,3e-05,3880117.464568992,3990092.393312988,0.9724379994487589,True
plain_s3_test_saved_ord,plain,3,test_probe,saved,ordinary,top1,0.0001,3861274.991566188,3990092.393312988,0.9677156844882376,True
plain_s3_test_saved_ord,plain,3,test_probe,saved,ordinary,top1,0.0003,3877437.951732245,3990092.393312988,0.9717664578971803,True
plain_s3_test_saved_ord,plain,3,test_probe,saved,ordinary,top1,0.001,3717384.7553745382,3990092.393312988,0.9316538037075328,True
plain_s3_test_saved_ord,plain,3,test_probe,saved,ordinary,top1,0.003,2600212.4347869367,3990092.393312988,0.6516672243341141,True
plain_s3_test_saved_ord,plain,3,test_probe,saved,ordinary,top1,0.01,918130.4467010364,3990092.393312988,0.23010255307364186,True
plain_s3_test_saved_ord,plain,3,test_probe,saved,ordinary,min,1e-05,-12630.43829080601,-10095.215864645475,1.2511310763585706,True
plain_s3_test_saved_ord,plain,3,test_probe,saved,ordinary,min,3e-05,-3241.4408944624206,-10095.215864645475,0.32108683339940186,True
plain_s3_test_saved_ord,plain,3,test_probe,saved,ordinary,min,0.0001,-7308.493835900264,-10095.215864645475,0.7239561722989392,True
plain_s3_test_saved_ord,plain,3,test_probe,saved,ordinary,min,0.0003,-11414.467371840945,-10095.215864645475,1.1306808615965933,True
plain_s3_test_saved_ord,plain,3,test_probe,saved,ordinary,min,0.001,-10838.84225318199,-10095.215864645475,1.0736612667333618,True
plain_s3_test_saved_ord,plain,3,test_probe,saved,ordinary,min,0.003,-979.2588080913667,-10095.215864645475,0.0970022653523275,True
plain_s3_test_saved_ord,plain,3,test_probe,saved,ordinary,min,0.01,103127.66569953266,-10095.215864645475,-10.215498814710518,False
plain_s3_test_saved_rel,plain,3,test_probe,saved,relative,top1,1e-05,3912415.067193197,4024575.1351878345,0.9721312028656156,True
plain_s3_test_saved_rel,plain,3,test_probe,saved,relative,top1,3e-05,3905985.804929389,4024575.1351878345,0.9705337019995999,True
plain_s3_test_saved_rel,plain,3,test_probe,saved,relative,top1,0.0001,3887733.3797096456,4024575.1351878345,0.9659984592456112,True
plain_s3_test_saved_rel,plain,3,test_probe,saved,relative,top1,0.0003,3908013.090427269,4024575.1351878345,0.9710374285868252,True
plain_s3_test_saved_rel,plain,3,test_probe,saved,relative,top1,0.001,3766409.3418608536,4024575.1351878345,0.9358526590621269,True
plain_s3_test_saved_rel,plain,3,test_probe,saved,relative,top1,0.003,2652835.117570572,4024575.1351878345,0.6591590487095625,True
plain_s3_test_saved_rel,plain,3,test_probe,saved,relative,top1,0.01,922744.0682752068,4024575.1351878345,0.22927738637736741,True
plain_s3_test_saved_rel,plain,3,test_probe,saved,relative,min,1e-05,-11230.32705052651,-10181.481895441057,1.103014980123384,True
plain_s3_test_saved_rel,plain,3,test_probe,saved,relative,min,3e-05,-3065.6334547450747,-10181.481895441057,0.3010989447535891,True
plain_s3_test_saved_rel,plain,3,test_probe,saved,relative,min,0.0001,-8612.461685442164,-10181.481895441057,0.8458947109947276,True
plain_s3_test_saved_rel,plain,3,test_probe,saved,relative,min,0.0003,-12192.07216842655,-10181.481895441057,1.1974752097615349,True
plain_s3_test_saved_rel,plain,3,test_probe,saved,relative,min,0.001,-11518.645886799295,-10181.481895441057,1.131332943975177,True
plain_s3_test_saved_rel,plain,3,test_probe,saved,relative,min,0.003,-1657.752999659608,-10181.481895441057,0.16282040440516787,True
plain_s3_test_saved_rel,plain,3,test_probe,saved,relative,min,0.01,98814.6060679627,-10181.481895441057,-9.705326501853206,False
plain_s3_train_centre_frozen_ord,plain,3,train_probe,centre_frozen,ordinary,top1,1e-05,2848719.9878896023,2724882.5449983454,1.045446892057262,True
plain_s3_train_centre_frozen_ord,plain,3,train_probe,centre_frozen,ordinary,top1,3e-05,2845897.3323014504,2724882.5449983454,1.0444110104948316,True
plain_s3_train_centre_frozen_ord,plain,3,train_probe,centre_frozen,ordinary,top1,0.0001,2874425.7238770053,2724882.5449983454,1.0548805962859404,True
plain_s3_train_centre_frozen_ord,plain,3,train_probe,centre_frozen,ordinary,top1,0.0003,3144112.620100008,2724882.5449983454,1.1538525305874852,True
plain_s3_train_centre_frozen_ord,plain,3,train_probe,centre_frozen,ordinary,top1,0.001,4378160.75742997,2724882.5449983454,1.6067337527873624,True
plain_s3_train_centre_frozen_ord,plain,3,train_probe,centre_frozen,ordinary,top1,0.003,3796371.360492208,2724882.5449983454,1.393223853798995,True
plain_s3_train_centre_frozen_ord,plain,3,train_probe,centre_frozen,ordinary,top1,0.01,1421632.6089298858,2724882.5449983454,0.5217225276514621,True
plain_s3_train_centre_frozen_ord,plain,3,train_probe,centre_frozen,ordinary,min,1e-05,8250.862540970515,-7149.5711412388255,-1.1540360083109635,False
plain_s3_train_centre_frozen_ord,plain,3,train_probe,centre_frozen,ordinary,min,3e-05,2970.4918812983256,-7149.5711412388255,-0.41547833046439486,False
plain_s3_train_centre_frozen_ord,plain,3,train_probe,centre_frozen,ordinary,min,0.0001,893.7625517901893,-7149.5711412388255,-0.1250092535809532,False
plain_s3_train_centre_frozen_ord,plain,3,train_probe,centre_frozen,ordinary,min,0.0003,-1609.9737659369675,-7149.5711412388255,0.22518466270663656,True
plain_s3_train_centre_frozen_ord,plain,3,train_probe,centre_frozen,ordinary,min,0.001,-920.0184505393504,-7149.5711412388255,0.1286816275220581,True
plain_s3_train_centre_frozen_ord,plain,3,train_probe,centre_frozen,ordinary,min,0.003,13032.903387374876,-7149.5711412388255,-1.8228930281147786,False
plain_s3_train_centre_frozen_ord,plain,3,train_probe,centre_frozen,ordinary,min,0.01,198258.2746887457,-7149.5711412388255,-27.730093284223614,False
plain_s3_train_centre_frozen_rel,plain,3,train_probe,centre_frozen,relative,top1,1e-05,2876580.411558804,2746955.6029848373,1.0471885342570213,True
plain_s3_train_centre_frozen_rel,plain,3,train_probe,centre_frozen,relative,top1,3e-05,2871866.9828160023,2746955.6029848373,1.045472660604866,True
plain_s3_train_centre_frozen_rel,plain,3,train_probe,centre_frozen,relative,top1,0.0001,2900761.335899072,2746955.6029848373,1.0559913428331749,True
plain_s3_train_centre_frozen_rel,plain,3,train_probe,centre_frozen,relative,top1,0.0003,3180515.197829615,2746955.6029848373,1.1578327637962813,True
plain_s3_train_centre_frozen_rel,plain,3,train_probe,centre_frozen,relative,top1,0.001,4446162.493824475,2746955.6029848373,1.6185782140029066,True
plain_s3_train_centre_frozen_rel,plain,3,train_probe,centre_frozen,relative,top1,0.003,3851609.755753649,2746955.6029848373,1.402137607017928,True
plain_s3_train_centre_frozen_rel,plain,3,train_probe,centre_frozen,relative,top1,0.01,1416601.100702383,2746955.6029848373,0.5156985788787801,True
plain_s3_train_centre_frozen_rel,plain,3,train_probe,centre_frozen,relative,min,1e-05,9472.03562418064,-7196.028939779102,-1.3162864829267078,False
plain_s3_train_centre_frozen_rel,plain,3,train_probe,centre_frozen,relative,min,3e-05,3355.207787405748,-7196.028939779102,-0.4662582398548197,False
plain_s3_train_centre_frozen_rel,plain,3,train_probe,centre_frozen,relative,min,0.0001,833.2209349259933,-7196.028939779102,-0.11578899166455699,False
plain_s3_train_centre_frozen_rel,plain,3,train_probe,centre_frozen,relative,min,0.0003,-1523.329459217503,-7196.028939779102,0.21169029084870036,True
plain_s3_train_centre_frozen_rel,plain,3,train_probe,centre_frozen,relative,min,0.001,-840.7860458214956,-7196.028939779102,0.11684028133540349,True
plain_s3_train_centre_frozen_rel,plain,3,train_probe,centre_frozen,relative,min,0.003,13145.540854278104,-7196.028939779102,-1.8267770966860002,False
plain_s3_train_centre_frozen_rel,plain,3,train_probe,centre_frozen,relative,min,0.01,194006.17615709503,-7196.028939779102,-26.960171753151744,False
plain_s3_train_saved_ord,plain,3,train_probe,saved,ordinary,top1,1e-05,2844160.034243259,2754639.563146644,1.0324980706348221,True
plain_s3_train_saved_ord,plain,3,train_probe,saved,ordinary,top1,3e-05,2860718.72066017,2754639.563146644,1.0385092695729496,True
plain_s3_train_saved_ord,plain,3,train_probe,saved,ordinary,top1,0.0001,2881965.1742938766,2754639.563146644,1.046222240052992,True
plain_s3_train_saved_ord,plain,3,train_probe,saved,ordinary,top1,0.0003,3157934.749175054,2754639.563146644,1.146405791677414,True
plain_s3_train_saved_ord,plain,3,train_probe,saved,ordinary,top1,0.001,4424769.3319953,2754639.563146644,1.606297023825816,True
plain_s3_train_saved_ord,plain,3,train_probe,saved,ordinary,top1,0.003,3909516.968782173,2754639.563146644,1.4192481009443954,True
plain_s3_train_saved_ord,plain,3,train_probe,saved,ordinary,top1,0.01,1475549.029182437,2754639.563146644,0.5356595646571297,True
plain_s3_train_saved_ord,plain,3,train_probe,saved,ordinary,min,1e-05,-4444.633613931436,-8120.189896977388,0.5473558710229031,True
plain_s3_train_saved_ord,plain,3,train_probe,saved,ordinary,min,3e-05,-3538.0248230514826,-8120.189896977388,0.43570715315025527,True
plain_s3_train_saved_ord,plain,3,train_probe,saved,ordinary,min,0.0001,-2322.742810406675,-8120.189896977388,0.28604538069624197,True
plain_s3_train_saved_ord,plain,3,train_probe,saved,ordinary,min,0.0003,-3163.224770133841,-8120.189896977388,0.38955059059780134,True
plain_s3_train_saved_ord,plain,3,train_probe,saved,ordinary,min,0.001,-1725.8162126240206,-8120.189896977388,0.2125339720523566,True
plain_s3_train_saved_ord,plain,3,train_probe,saved,ordinary,min,0.003,11823.951164975268,-8120.189896977388,-1.4561175680603906,False
plain_s3_train_saved_ord,plain,3,train_probe,saved,ordinary,min,0.01,169042.60342928476,-8120.189896977388,-20.81756776306527,False
plain_s3_train_saved_rel,plain,3,train_probe,saved,relative,top1,1e-05,2868631.9233439667,2777184.8805654654,1.032927963643487,True
plain_s3_train_saved_rel,plain,3,train_probe,saved,relative,top1,3e-05,2887900.509601576,2777184.8805654654,1.0398661356004384,True
plain_s3_train_saved_rel,plain,3,train_probe,saved,relative,top1,0.0001,2909187.796362234,2777184.8805654654,1.0475311948874975,True
plain_s3_train_saved_rel,plain,3,train_probe,saved,relative,top1,0.0003,3190410.6726207933,2777184.8805654654,1.148793043973072,True
plain_s3_train_saved_rel,plain,3,train_probe,saved,relative,top1,0.001,4484937.016005514,2777184.8805654654,1.6149220195568441,True
plain_s3_train_saved_rel,plain,3,train_probe,saved,relative,top1,0.003,3963302.558061399,2777184.8805654654,1.4270935240200597,True
plain_s3_train_saved_rel,plain,3,train_probe,saved,relative,top1,0.01,1472939.6261488749,2777184.8805654654,0.5303714694892651,True
plain_s3_train_saved_rel,plain,3,train_probe,saved,relative,min,1e-05,-4451.785741155233,-8172.814959505525,0.54470653785909,True
plain_s3_train_saved_rel,plain,3,train_probe,saved,relative,min,3e-05,-3555.9962227285328,-8172.814959505525,0.43510054251169283,True
plain_s3_train_saved_rel,plain,3,train_probe,saved,relative,min,0.0001,-2348.0654448404525,-8172.814959505525,0.2873019218561283,True
plain_s3_train_saved_rel,plain,3,train_probe,saved,relative,min,0.0003,-3173.149860429147,-8172.814959505525,0.38825666262498254,True
plain_s3_train_saved_rel,plain,3,train_probe,saved,relative,min,0.001,-1605.4272450493067,-8172.814959505525,0.19643504141520893,True
plain_s3_train_saved_rel,plain,3,train_probe,saved,relative,min,0.003,11986.637145457507,-8172.814959505525,-1.4666473185614284,False
plain_s3_train_saved_rel,plain,3,train_probe,saved,relative,min,0.01,163465.52222858564,-8172.814959505525,-20.00112850205478,False
plain_s4_test_centre_frozen_ord,plain,4,test_probe,centre_frozen,ordinary,top1,1e-05,3565805.0966058667,3646988.893937198,0.9777394997099409,True
plain_s4_test_centre_frozen_ord,plain,4,test_probe,centre_frozen,ordinary,top1,3e-05,3535855.518406677,3646988.893937198,0.9695273611292674,True
plain_s4_test_centre_frozen_ord,plain,4,test_probe,centre_frozen,ordinary,top1,0.0001,3551289.5453581493,3646988.893937198,0.9737593528902322,True
plain_s4_test_centre_frozen_ord,plain,4,test_probe,centre_frozen,ordinary,top1,0.0003,3605454.597782267,3646988.893937198,0.9886113455886915,True
plain_s4_test_centre_frozen_ord,plain,4,test_probe,centre_frozen,ordinary,top1,0.001,3481556.9060603874,3646988.893937198,0.9546387464596268,True
plain_s4_test_centre_frozen_ord,plain,4,test_probe,centre_frozen,ordinary,top1,0.003,2100699.3638279065,3646988.893937198,0.5760092572039736,True
plain_s4_test_centre_frozen_ord,plain,4,test_probe,centre_frozen,ordinary,top1,0.01,807735.73321683,3646988.893937198,0.2214801735644494,True
plain_s4_test_centre_frozen_ord,plain,4,test_probe,centre_frozen,ordinary,min,1e-05,-22492.29458461954,-10419.475214688597,2.158678255975079,True
plain_s4_test_centre_frozen_ord,plain,4,test_probe,centre_frozen,ordinary,min,3e-05,-18170.95490420763,-10419.475214688597,1.7439414682412773,True
plain_s4_test_centre_frozen_ord,plain,4,test_probe,centre_frozen,ordinary,min,0.0001,-17080.58044724847,-10419.475214688597,1.63929373555873,True
plain_s4_test_centre_frozen_ord,plain,4,test_probe,centre_frozen,ordinary,min,0.0003,-13624.584445584258,-10419.475214688597,1.3076075488309946,True
plain_s4_test_centre_frozen_ord,plain,4,test_probe,centre_frozen,ordinary,min,0.001,-10051.920993274563,-10419.475214688597,0.9647243057984454,True
plain_s4_test_centre_frozen_ord,plain,4,test_probe,centre_frozen,ordinary,min,0.003,1865.7924286119933,-10419.475214688597,-0.179067792779212,False
plain_s4_test_centre_frozen_ord,plain,4,test_probe,centre_frozen,ordinary,min,0.01,68484.96748023223,-10419.475214688597,-6.57278471987603,False
plain_s4_test_centre_frozen_rel,plain,4,test_probe,centre_frozen,relative,top1,1e-05,3586893.089353448,3676340.332460485,0.9756694878552845,True
plain_s4_test_centre_frozen_rel,plain,4,test_probe,centre_frozen,relative,top1,3e-05,3559456.615852922,3676340.332460485,0.9682065026527793,True
plain_s4_test_centre_frozen_rel,plain,4,test_probe,centre_frozen,relative,top1,0.0001,3578256.28251478,3676340.332460485,0.9733201931606642,True
plain_s4_test_centre_frozen_rel,plain,4,test_probe,centre_frozen,relative,top1,0.0003,3634038.971616768,3676340.332460485,0.9884936221844821,True
plain_s4_test_centre_frozen_rel,plain,4,test_probe,centre_frozen,relative,top1,0.001,3503202.960922428,3676340.332460485,0.9529049663848231,True
plain_s4_test_centre_frozen_rel,plain,4,test_probe,centre_frozen,relative,top1,0.003,2108733.9921220723,3676340.332460485,0.5735959681161369,True
plain_s4_test_centre_frozen_rel,plain,4,test_probe,centre_frozen,relative,top1,0.01,819764.5926278012,3676340.332460485,0.22298386941753914,True
plain_s4_test_centre_frozen_rel,plain,4,test_probe,centre_frozen,relative,min,1e-05,-22434.042734609247,-10497.97948973547,2.1369867179245694,True
plain_s4_test_centre_frozen_rel,plain,4,test_probe,centre_frozen,relative,min,3e-05,-18193.7634062083,-10497.97948973547,1.7330728664499184,True
plain_s4_test_centre_frozen_rel,plain,4,test_probe,centre_frozen,relative,min,0.0001,-17113.892618825234,-10497.97948973547,1.6302082353617242,True
plain_s4_test_centre_frozen_rel,plain,4,test_probe,centre_frozen,relative,min,0.0003,-14083.27053599538,-10497.97948973547,1.3415220090461668,True
plain_s4_test_centre_frozen_rel,plain,4,test_probe,centre_frozen,relative,min,0.001,-10195.38654640706,-10497.97948973547,0.9711760778705776,True
plain_s4_test_centre_frozen_rel,plain,4,test_probe,centre_frozen,relative,min,0.003,1858.2586821181844,-10497.97948973547,-0.177011079506787,False
plain_s4_test_centre_frozen_rel,plain,4,test_probe,centre_frozen,relative,min,0.01,70371.77443495726,-10497.97948973547,-6.703363680960145,False
plain_s4_test_saved_ord,plain,4,test_probe,saved,ordinary,top1,1e-05,3544634.857015616,3608515.892621886,0.9822971444474212,True
plain_s4_test_saved_ord,plain,4,test_probe,saved,ordinary,top1,3e-05,3513015.995181896,3608515.892621886,0.9735348546932402,True
plain_s4_test_saved_ord,plain,4,test_probe,saved,ordinary,top1,0.0001,3524594.7462731795,3608515.892621886,0.9767435841088313,True
plain_s4_test_saved_ord,plain,4,test_probe,saved,ordinary,top1,0.0003,3571767.154596124,3608515.892621886,0.9898161074748486,True
plain_s4_test_saved_ord,plain,4,test_probe,saved,ordinary,top1,0.001,3435345.895065712,3608515.892621886,0.9520107427238316,True
plain_s4_test_saved_ord,plain,4,test_probe,saved,ordinary,top1,0.003,2057369.0852552804,3608515.892621886,0.5701427252854445,True
plain_s4_test_saved_ord,plain,4,test_probe,saved,ordinary,top1,0.01,807298.1272927766,3608515.892621886,0.22372026376367365,True
plain_s4_test_saved_ord,plain,4,test_probe,saved,ordinary,min,1e-05,1798.790580931353,-13386.029322534268,-0.13437820414028515,False
plain_s4_test_saved_ord,plain,4,test_probe,saved,ordinary,min,3e-05,-9471.380880328914,-13386.029322534268,0.707557159193177,True
plain_s4_test_saved_ord,plain,4,test_probe,saved,ordinary,min,0.0001,-15615.440521754565,-13386.029322534268,1.166547610609762,True
plain_s4_test_saved_ord,plain,4,test_probe,saved,ordinary,min,0.0003,-16410.706231610267,-13386.029322534268,1.225957738190832,True
plain_s4_test_saved_ord,plain,4,test_probe,saved,ordinary,min,0.001,-13229.553497305036,-13386.029322534268,0.9883105122916608,True
plain_s4_test_saved_ord,plain,4,test_probe,saved,ordinary,min,0.003,2504.7243675020177,-13386.029322534268,-0.18711481255203305,False
plain_s4_test_saved_ord,plain,4,test_probe,saved,ordinary,min,0.01,122497.3432023816,-13386.029322534268,-9.15113363722934,False
plain_s4_test_saved_rel,plain,4,test_probe,saved,relative,top1,1e-05,3563351.1595967165,3638252.782386289,0.9794127491217239,True
plain_s4_test_saved_rel,plain,4,test_probe,saved,relative,top1,3e-05,3535327.2115160963,3638252.782386289,0.9717101650087422,True
plain_s4_test_saved_rel,plain,4,test_probe,saved,relative,top1,0.0001,3553021.351379137,3638252.782386289,0.9765735268808756,True
plain_s4_test_saved_rel,plain,4,test_probe,saved,relative,top1,0.0003,3599633.0791057902,3638252.782386289,0.9893850962012682,True
plain_s4_test_saved_rel,plain,4,test_probe,saved,relative,top1,0.001,3456054.6675739973,3638252.782386289,0.9499215349482149,True
plain_s4_test_saved_rel,plain,4,test_probe,saved,relative,top1,0.003,2065504.5286391024,3638252.782386289,0.5677188068511175,True
plain_s4_test_saved_rel,plain,4,test_probe,saved,relative,top1,0.01,817222.8243625973,3638252.782386289,0.2246195834217407,True
plain_s4_test_saved_rel,plain,4,test_probe,saved,relative,min,1e-05,1899.3411110557188,-13480.241107664837,-0.1408981557440955,False
plain_s4_test_saved_rel,plain,4,test_probe,saved,relative,min,3e-05,-10152.761899343925,-13480.241107664837,0.7531587764829433,True
plain_s4_test_saved_rel,plain,4,test_probe,saved,relative,min,0.0001,-16391.319070696576,-13480.241107664837,1.2159514759254941,True
plain_s4_test_saved_rel,plain,4,test_probe,saved,relative,min,0.0003,-16827.396073865806,-13480.241107664837,1.248300823365673,True
plain_s4_test_saved_rel,plain,4,test_probe,saved,relative,min,0.001,-13577.362765610837,-13480.241107664837,1.00720474190115,True
plain_s4_test_saved_rel,plain,4,test_probe,saved,relative,min,0.003,2710.497229053699,-13480.241107664837,-0.20107186565917695,False
plain_s4_test_saved_rel,plain,4,test_probe,saved,relative,min,0.01,124552.90385485714,-13480.241107664837,-9.239664399180265,False
plain_s4_train_centre_frozen_ord,plain,4,train_probe,centre_frozen,ordinary,top1,1e-05,2568450.411659095,2530868.1729231616,1.0148495441753989,True
plain_s4_train_centre_frozen_ord,plain,4,train_probe,centre_frozen,ordinary,top1,3e-05,2603347.4791231635,2530868.1729231616,1.0286381199050316,True
plain_s4_train_centre_frozen_ord,plain,4,train_probe,centre_frozen,ordinary,top1,0.0001,2635211.116555175,2530868.1729231616,1.0412281227241862,True
plain_s4_train_centre_frozen_ord,plain,4,train_probe,centre_frozen,ordinary,top1,0.0003,2888651.802856298,2530868.1729231616,1.1413679439177962,True
plain_s4_train_centre_frozen_ord,plain,4,train_probe,centre_frozen,ordinary,top1,0.001,3349311.899576102,2530868.1729231616,1.323384574277385,True
plain_s4_train_centre_frozen_ord,plain,4,train_probe,centre_frozen,ordinary,top1,0.003,2364292.562218278,2530868.1729231616,0.9341824230566351,True
plain_s4_train_centre_frozen_ord,plain,4,train_probe,centre_frozen,ordinary,top1,0.01,1054757.057741658,2530868.1729231616,0.41675701209020694,True
plain_s4_train_centre_frozen_ord,plain,4,train_probe,centre_frozen,ordinary,min,1e-05,3991.6682370577655,-4470.252054807413,-0.8929403058525599,False
plain_s4_train_centre_frozen_ord,plain,4,train_probe,centre_frozen,ordinary,min,3e-05,3084.995930318573,-4470.252054807413,-0.6901167747355312,False
plain_s4_train_centre_frozen_ord,plain,4,train_probe,centre_frozen,ordinary,min,0.0001,1784.7322137831688,-4470.252054807413,-0.3992464388811871,False
plain_s4_train_centre_frozen_ord,plain,4,train_probe,centre_frozen,ordinary,min,0.0003,691.6369339767434,-4470.252054807413,-0.1547198962154586,False
plain_s4_train_centre_frozen_ord,plain,4,train_probe,centre_frozen,ordinary,min,0.001,622.3013792225896,-4470.252054807413,-0.13920946103102896,False
plain_s4_train_centre_frozen_ord,plain,4,train_probe,centre_frozen,ordinary,min,0.003,6276.3899637516215,-4470.252054807413,-1.4040349149891551,False
plain_s4_train_centre_frozen_ord,plain,4,train_probe,centre_frozen,ordinary,min,0.01,71483.78377968055,-4470.252054807413,-15.990996235392418,False
plain_s4_train_centre_frozen_rel,plain,4,train_probe,centre_frozen,relative,top1,1e-05,2589212.74197188,2550839.1527460576,1.0150435158502693,True
plain_s4_train_centre_frozen_rel,plain,4,train_probe,centre_frozen,relative,top1,3e-05,2624845.57722906,2550839.1527460576,1.0290125798027416,True
plain_s4_train_centre_frozen_rel,plain,4,train_probe,centre_frozen,relative,top1,0.0001,2657880.9537965986,2550839.1527460576,1.041963367598191,True
plain_s4_train_centre_frozen_rel,plain,4,train_probe,centre_frozen,relative,top1,0.0003,2913062.240289909,2550839.1527460576,1.1420015398281411,True
plain_s4_train_centre_frozen_rel,plain,4,train_probe,centre_frozen,relative,top1,0.001,3383195.79730647,2550839.1527460576,1.3263069894722115,True
plain_s4_train_centre_frozen_rel,plain,4,train_probe,centre_frozen,relative,top1,0.003,2394814.85427791,2550839.1527460576,0.9388341290354657,True
plain_s4_train_centre_frozen_rel,plain,4,train_probe,centre_frozen,relative,top1,0.01,1085690.5152266314,2550839.1527460576,0.42562092323926104,True
plain_s4_train_centre_frozen_rel,plain,4,train_probe,centre_frozen,relative,min,1e-05,4272.458205001328,-4501.08414943302,-0.9492064718540107,False
plain_s4_train_centre_frozen_rel,plain,4,train_probe,centre_frozen,relative,min,3e-05,2895.6256664041607,-4501.08414943302,-0.6433173809400806,False
plain_s4_train_centre_frozen_rel,plain,4,train_probe,centre_frozen,relative,min,0.0001,1777.950314191257,-4501.08414943302,-0.3950049044106889,False
plain_s4_train_centre_frozen_rel,plain,4,train_probe,centre_frozen,relative,min,0.0003,666.9812702956673,-4501.08414943302,-0.1481823596609905,False
plain_s4_train_centre_frozen_rel,plain,4,train_probe,centre_frozen,relative,min,0.001,662.3270405413107,-4501.08414943302,-0.14714833550151266,False
plain_s4_train_centre_frozen_rel,plain,4,train_probe,centre_frozen,relative,min,0.003,6440.035701095791,-4501.08414943302,-1.4307743395348456,False
plain_s4_train_centre_frozen_rel,plain,4,train_probe,centre_frozen,relative,min,0.01,73242.68765720948,-4501.08414943302,-16.27223247235569,False
plain_s4_train_saved_ord,plain,4,train_probe,saved,ordinary,top1,1e-05,2645680.4566854504,2583743.1329789017,1.0239719354900185,True
plain_s4_train_saved_ord,plain,4,train_probe,saved,ordinary,top1,3e-05,2657495.781072661,2583743.1329789017,1.0285448840298326,True
plain_s4_train_saved_ord,plain,4,train_probe,saved,ordinary,top1,0.0001,2687746.8155452944,2583743.1329789017,1.0402531045903478,True
plain_s4_train_saved_ord,plain,4,train_probe,saved,ordinary,top1,0.0003,2901920.0495286807,2583743.1329789017,1.1231457231520303,True
plain_s4_train_saved_ord,plain,4,train_probe,saved,ordinary,top1,0.001,3337327.0590779376,2583743.1329789017,1.2916636396553083,True
plain_s4_train_saved_ord,plain,4,train_probe,saved,ordinary,top1,0.003,2376527.0570281497,2583743.1329789017,0.9198000477269409,True
plain_s4_train_saved_ord,plain,4,train_probe,saved,ordinary,top1,0.01,1102042.7530399822,2583743.1329789017,0.4265295334406531,True
plain_s4_train_saved_ord,plain,4,train_probe,saved,ordinary,min,1e-05,-4380.687956273554,-8024.014114167289,0.5459471897661499,True
plain_s4_train_saved_ord,plain,4,train_probe,saved,ordinary,min,3e-05,-2416.495958335041,-8024.014114167289,0.3011579894991023,True
plain_s4_train_saved_ord,plain,4,train_probe,saved,ordinary,min,0.0001,-2337.1082110146267,-8024.014114167289,0.2912642198482929,True
plain_s4_train_saved_ord,plain,4,train_probe,saved,ordinary,min,0.0003,-2517.072840347363,-8024.014114167289,0.31369247418236607,True
plain_s4_train_saved_ord,plain,4,train_probe,saved,ordinary,min,0.001,-597.3452388070011,-8024.014114167289,0.07444468944194922,True
plain_s4_train_saved_ord,plain,4,train_probe,saved,ordinary,min,0.003,8897.785732801785,-8024.014114167289,-1.1088945764803373,False
plain_s4_train_saved_ord,plain,4,train_probe,saved,ordinary,min,0.01,74964.00970037046,-8024.014114167289,-9.34245735784701,False
plain_s4_train_saved_rel,plain,4,train_probe,saved,relative,top1,1e-05,2663396.4151351326,2604346.9997903733,1.0226734054062352,True
plain_s4_train_saved_rel,plain,4,train_probe,saved,relative,top1,3e-05,2677478.221450529,2604346.9997903733,1.0280804446051321,True
plain_s4_train_saved_rel,plain,4,train_probe,saved,relative,top1,0.0001,2710689.1632555253,2604346.9997903733,1.0408325632005688,True
plain_s4_train_saved_rel,plain,4,train_probe,saved,relative,top1,0.0003,2928397.622657737,2604346.9997903733,1.1244268228824528,True
plain_s4_train_saved_rel,plain,4,train_probe,saved,relative,top1,0.001,3375089.8241522475,2604346.9997903733,1.2959447509966653,True
plain_s4_train_saved_rel,plain,4,train_probe,saved,relative,top1,0.003,2389424.9551038346,2604346.9997903733,0.9174756494799511,True
plain_s4_train_saved_rel,plain,4,train_probe,saved,relative,top1,0.01,1119751.5111789268,2604346.9997903733,0.4299548068168554,True
plain_s4_train_saved_rel,plain,4,train_probe,saved,relative,min,1e-05,-4452.061829751663,-8077.555271811583,0.5511645145020695,True
plain_s4_train_saved_rel,plain,4,train_probe,saved,relative,min,3e-05,-2455.609405384153,-8077.555271811583,0.30400403621545563,True
plain_s4_train_saved_rel,plain,4,train_probe,saved,relative,min,0.0001,-2397.863703190728,-8077.555271811583,0.2968551278823933,True
plain_s4_train_saved_rel,plain,4,train_probe,saved,relative,min,0.0003,-2494.070504803646,-8077.555271811583,0.3087655139305895,True
plain_s4_train_saved_rel,plain,4,train_probe,saved,relative,min,0.001,-548.3820054335564,-8077.555271811583,0.06788960112068274,True
plain_s4_train_saved_rel,plain,4,train_probe,saved,relative,min,0.003,9158.731626944304,-8077.555271811583,-1.133849453052426,False
plain_s4_train_saved_rel,plain,4,train_probe,saved,relative,min,0.01,75814.92901179472,-8077.555271811583,-9.385875609711727,False
resolution_s0_test_centre_frozen_ord,resolution_max_b1,0,test_probe,centre_frozen,ordinary,top1,1e-05,1773581.6357178355,1807630.830204468,0.9811636347877619,True
resolution_s0_test_centre_frozen_ord,resolution_max_b1,0,test_probe,centre_frozen,ordinary,top1,3e-05,1809581.868023664,1807630.830204468,1.0010793342238886,True
resolution_s0_test_centre_frozen_ord,resolution_max_b1,0,test_probe,centre_frozen,ordinary,top1,0.0001,1813179.5086036015,1807630.830204468,1.003069586060615,True
resolution_s0_test_centre_frozen_ord,resolution_max_b1,0,test_probe,centre_frozen,ordinary,top1,0.0003,1832881.47762126,1807630.830204468,1.0139689183183138,True
resolution_s0_test_centre_frozen_ord,resolution_max_b1,0,test_probe,centre_frozen,ordinary,top1,0.001,1955721.660661833,1807630.830204468,1.081925373247044,True
resolution_s0_test_centre_frozen_ord,resolution_max_b1,0,test_probe,centre_frozen,ordinary,top1,0.003,1502023.2929931043,1807630.830204468,0.8309347616201063,True
resolution_s0_test_centre_frozen_ord,resolution_max_b1,0,test_probe,centre_frozen,ordinary,top1,0.01,763763.6864333313,1807630.830204468,0.4225219406923587,True
resolution_s0_test_centre_frozen_ord,resolution_max_b1,0,test_probe,centre_frozen,ordinary,min,1e-05,-10627.68296700156,-5086.0624445454205,2.0895698947619654,True
resolution_s0_test_centre_frozen_ord,resolution_max_b1,0,test_probe,centre_frozen,ordinary,min,3e-05,-7647.761817657855,-5086.0624445454205,1.503670452544236,True
resolution_s0_test_centre_frozen_ord,resolution_max_b1,0,test_probe,centre_frozen,ordinary,min,0.0001,-6627.543500825616,-5086.0624445454205,1.303079459422164,True
resolution_s0_test_centre_frozen_ord,resolution_max_b1,0,test_probe,centre_frozen,ordinary,min,0.0003,-3283.657694303561,-5086.0624445454205,0.6456188318775246,True
resolution_s0_test_centre_frozen_ord,resolution_max_b1,0,test_probe,centre_frozen,ordinary,min,0.001,-2600.0984719856124,-5086.0624445454205,0.5112203203037949,True
resolution_s0_test_centre_frozen_ord,resolution_max_b1,0,test_probe,centre_frozen,ordinary,min,0.003,-864.1393700759251,-5086.0624445454205,0.16990341339648252,True
resolution_s0_test_centre_frozen_ord,resolution_max_b1,0,test_probe,centre_frozen,ordinary,min,0.01,33129.58724928209,-5086.0624445454205,-6.513798760927941,False
resolution_s0_test_centre_frozen_rel,resolution_max_b1,0,test_probe,centre_frozen,relative,top1,1e-05,1783669.467301241,1821145.9443730891,0.9794214861320468,True
resolution_s0_test_centre_frozen_rel,resolution_max_b1,0,test_probe,centre_frozen,relative,top1,3e-05,1820297.600434204,1821145.9443730891,0.9995341702615838,True
resolution_s0_test_centre_frozen_rel,resolution_max_b1,0,test_probe,centre_frozen,relative,top1,0.0001,1826796.310530976,1821145.9443730891,1.0031026432424843,True
resolution_s0_test_centre_frozen_rel,resolution_max_b1,0,test_probe,centre_frozen,relative,top1,0.0003,1847238.9926144136,1821145.9443730891,1.0143278183288638,True
resolution_s0_test_centre_frozen_rel,resolution_max_b1,0,test_probe,centre_frozen,relative,top1,0.001,1972866.502268486,1821145.9443730891,1.0833104883022568,True
resolution_s0_test_centre_frozen_rel,resolution_max_b1,0,test_probe,centre_frozen,relative,top1,0.003,1513365.0608695373,1821145.9443730891,0.8309960360648074,True
resolution_s0_test_centre_frozen_rel,resolution_max_b1,0,test_probe,centre_frozen,relative,top1,0.01,769552.0968042195,1821145.9443730891,0.42256475884426165,True
resolution_s0_test_centre_frozen_rel,resolution_max_b1,0,test_probe,centre_frozen,relative,min,1e-05,-10851.860585692206,-5132.248215003037,2.1144457810846125,True
resolution_s0_test_centre_frozen_rel,resolution_max_b1,0,test_probe,centre_frozen,relative,min,3e-05,-7699.853826882553,-5132.248215003037,1.5002886657690613,True
resolution_s0_test_centre_frozen_rel,resolution_max_b1,0,test_probe,centre_frozen,relative,min,0.0001,-6562.66170351305,-5132.248215003037,1.278710894053897,True
resolution_s0_test_centre_frozen_rel,resolution_max_b1,0,test_probe,centre_frozen,relative,min,0.0003,-3293.5518516241664,-5132.248215003037,0.6417366646445835,True
resolution_s0_test_centre_frozen_rel,resolution_max_b1,0,test_probe,centre_frozen,relative,min,0.001,-2536.848759952859,-5132.248215003037,0.4942958044267852,True
resolution_s0_test_centre_frozen_rel,resolution_max_b1,0,test_probe,centre_frozen,relative,min,0.003,-910.3963059713392,-5132.248215003037,0.1773874270753291,True
resolution_s0_test_centre_frozen_rel,resolution_max_b1,0,test_probe,centre_frozen,relative,min,0.01,32005.46288786212,-5132.248215003037,-6.236148671512213,False
resolution_s0_test_saved_ord,resolution_max_b1,0,test_probe,saved,ordinary,top1,1e-05,1781325.1573461916,1805053.386495972,0.9868545554789144,True
resolution_s0_test_saved_ord,resolution_max_b1,0,test_probe,saved,ordinary,top1,3e-05,1781606.1983272964,1805053.386495972,0.9870102522484434,True
resolution_s0_test_saved_ord,resolution_max_b1,0,test_probe,saved,ordinary,top1,0.0001,1781239.1094706336,1805053.386495972,0.9868068849356486,True
resolution_s0_test_saved_ord,resolution_max_b1,0,test_probe,saved,ordinary,top1,0.0003,1811059.5872748524,1805053.386495972,1.0033274366419376,True
resolution_s0_test_saved_ord,resolution_max_b1,0,test_probe,saved,ordinary,top1,0.001,1927487.5615896827,1805053.386495972,1.06782856175317,True
resolution_s0_test_saved_ord,resolution_max_b1,0,test_probe,saved,ordinary,top1,0.003,1472604.8100131806,1805053.386495972,0.815823410559534,True
resolution_s0_test_saved_ord,resolution_max_b1,0,test_probe,saved,ordinary,top1,0.01,744370.867184538,1805053.386495972,0.41238163522106946,True
resolution_s0_test_saved_ord,resolution_max_b1,0,test_probe,saved,ordinary,min,1e-05,-6448.510041501264,-6261.937829187042,1.029794644629751,True
resolution_s0_test_saved_ord,resolution_max_b1,0,test_probe,saved,ordinary,min,3e-05,-752.4514816164501,-6261.937829187042,0.12016271993459529,True
resolution_s0_test_saved_ord,resolution_max_b1,0,test_probe,saved,ordinary,min,0.0001,-3547.86118819117,-6261.937829187042,0.5665756008714274,True
resolution_s0_test_saved_ord,resolution_max_b1,0,test_probe,saved,ordinary,min,0.0003,-2614.3193222077307,-6261.937829187042,0.4174936566796186,True
resolution_s0_test_saved_ord,resolution_max_b1,0,test_probe,saved,ordinary,min,0.001,-2792.501219295529,-6261.937829187042,0.4459484101358551,True
resolution_s0_test_saved_ord,resolution_max_b1,0,test_probe,saved,ordinary,min,0.003,-338.9732925794685,-6261.937829187042,0.05413233120895993,True
resolution_s0_test_saved_ord,resolution_max_b1,0,test_probe,saved,ordinary,min,0.01,50623.97184532853,-6261.937829187042,-8.084393877142789,False
resolution_s0_test_saved_rel,resolution_max_b1,0,test_probe,saved,relative,top1,1e-05,1789082.770635719,1818615.9970076915,0.9837606034365881,True
resolution_s0_test_saved_rel,resolution_max_b1,0,test_probe,saved,relative,top1,3e-05,1792532.469073244,1818615.9970076915,0.9856574846051256,True
resolution_s0_test_saved_rel,resolution_max_b1,0,test_probe,saved,relative,top1,0.0001,1792071.276809581,1818615.9970076915,0.9854038894182243,True
resolution_s0_test_saved_rel,resolution_max_b1,0,test_probe,saved,relative,top1,0.0003,1824720.1586065944,1818615.9970076915,1.0033564873557401,True
resolution_s0_test_saved_rel,resolution_max_b1,0,test_probe,saved,relative,top1,0.001,1944676.8064134528,1818615.9970076915,1.06931689241334,True
resolution_s0_test_saved_rel,resolution_max_b1,0,test_probe,saved,relative,top1,0.003,1483255.8536899742,1818615.9970076915,0.815595956557343,True
resolution_s0_test_saved_rel,resolution_max_b1,0,test_probe,saved,relative,top1,0.01,749519.0687406086,1818615.9970076915,0.41213707015326484,True
resolution_s0_test_saved_rel,resolution_max_b1,0,test_probe,saved,relative,min,1e-05,-6278.331439180106,-6313.457911316202,0.9944362546437293,True
resolution_s0_test_saved_rel,resolution_max_b1,0,test_probe,saved,relative,min,3e-05,-455.778804574357,-6313.457911316202,0.07219162794408149,True
resolution_s0_test_saved_rel,resolution_max_b1,0,test_probe,saved,relative,min,0.0001,-3383.6972968215305,-6313.457911316202,0.5359499254373127,True
resolution_s0_test_saved_rel,resolution_max_b1,0,test_probe,saved,relative,min,0.0003,-2358.151842440925,-6313.457911316202,0.3735119288930696,True
resolution_s0_test_saved_rel,resolution_max_b1,0,test_probe,saved,relative,min,0.001,-2706.470401904415,-6313.457911316202,0.4286827345523845,True
resolution_s0_test_saved_rel,resolution_max_b1,0,test_probe,saved,relative,min,0.003,-363.5182239913141,-6313.457911316202,0.05757830797283788,True
resolution_s0_test_saved_rel,resolution_max_b1,0,test_probe,saved,relative,min,0.01,50083.90025710332,-6313.457911316202,-7.932879407865103,False
resolution_s0_train_centre_frozen_ord,resolution_max_b1,0,train_probe,centre_frozen,ordinary,top1,1e-05,1686443.8593033878,1673880.581191146,1.0075054805303385,True
resolution_s0_train_centre_frozen_ord,resolution_max_b1,0,train_probe,centre_frozen,ordinary,top1,3e-05,1717221.6339949523,1673880.581191146,1.025892559654981,True
resolution_s0_train_centre_frozen_ord,resolution_max_b1,0,train_probe,centre_frozen,ordinary,top1,0.0001,1717123.5072475532,1673880.581191146,1.0258339373443446,True
resolution_s0_train_centre_frozen_ord,resolution_max_b1,0,train_probe,centre_frozen,ordinary,top1,0.0003,1744351.3737380046,1673880.581191146,1.0421002509609802,True
resolution_s0_train_centre_frozen_ord,resolution_max_b1,0,train_probe,centre_frozen,ordinary,top1,0.001,1838238.7139825388,1673880.581191146,1.0981898796355198,True
resolution_s0_train_centre_frozen_ord,resolution_max_b1,0,train_probe,centre_frozen,ordinary,top1,0.003,1444364.8035811116,1673880.581191146,0.8628840192131811,True
resolution_s0_train_centre_frozen_ord,resolution_max_b1,0,train_probe,centre_frozen,ordinary,top1,0.01,702910.483333187,1673880.581191146,0.4199286921848335,True
resolution_s0_train_centre_frozen_ord,resolution_max_b1,0,train_probe,centre_frozen,ordinary,min,1e-05,6648.600636705026,-2997.6755800959813,-2.21791867033595,False
resolution_s0_train_centre_frozen_ord,resolution_max_b1,0,train_probe,centre_frozen,ordinary,min,3e-05,1751.5278040293304,-2997.6755800959813,-0.5842953172315094,False
resolution_s0_train_centre_frozen_ord,resolution_max_b1,0,train_probe,centre_frozen,ordinary,min,0.0001,-322.97521177504507,-2997.6755800959813,0.10774188305083496,True
resolution_s0_train_centre_frozen_ord,resolution_max_b1,0,train_probe,centre_frozen,ordinary,min,0.0003,-1170.3497998826074,-2997.6755800959813,0.390419099269286,True
resolution_s0_train_centre_frozen_ord,resolution_max_b1,0,train_probe,centre_frozen,ordinary,min,0.001,-497.7258537282037,-2997.6755800959813,0.16603726468368107,True
resolution_s0_train_centre_frozen_ord,resolution_max_b1,0,train_probe,centre_frozen,ordinary,min,0.003,455.5676828153067,-2997.6755800959813,-0.15197364445979175,False
resolution_s0_train_centre_frozen_ord,resolution_max_b1,0,train_probe,centre_frozen,ordinary,min,0.01,13067.318373851938,-2997.6755800959813,-4.359150289850091,False
resolution_s0_train_centre_frozen_rel,resolution_max_b1,0,train_probe,centre_frozen,relative,top1,1e-05,1701400.712258438,1687043.4175401595,1.0085103291172035,True
resolution_s0_train_centre_frozen_rel,resolution_max_b1,0,train_probe,centre_frozen,relative,top1,3e-05,1732252.7921427423,1687043.4175401595,1.0267979911675904,True
resolution_s0_train_centre_frozen_rel,resolution_max_b1,0,train_probe,centre_frozen,relative,top1,0.0001,1732069.2186017835,1687043.4175401595,1.0266891774055673,True
resolution_s0_train_centre_frozen_rel,resolution_max_b1,0,train_probe,centre_frozen,relative,top1,0.0003,1758773.2108433084,1687043.4175401595,1.0425180481766951,True
resolution_s0_train_centre_frozen_rel,resolution_max_b1,0,train_probe,centre_frozen,relative,top1,0.001,1855441.402158099,1687043.4175401595,1.099818405897032,True
resolution_s0_train_centre_frozen_rel,resolution_max_b1,0,train_probe,centre_frozen,relative,top1,0.003,1462143.4531025237,1687043.4175401595,0.8666898776289009,True
resolution_s0_train_centre_frozen_rel,resolution_max_b1,0,train_probe,centre_frozen,relative,top1,0.01,708237.4571977247,1687043.4175401595,0.41980985778681973,True
resolution_s0_train_centre_frozen_rel,resolution_max_b1,0,train_probe,centre_frozen,relative,min,1e-05,5461.529630768068,-3038.126672036243,-1.797663567170354,False
resolution_s0_train_centre_frozen_rel,resolution_max_b1,0,train_probe,centre_frozen,relative,min,3e-05,1414.643178401478,-3038.126672036243,-0.46563008429577496,False
resolution_s0_train_centre_frozen_rel,resolution_max_b1,0,train_probe,centre_frozen,relative,min,0.0001,-907.5099978272938,-3038.126672036243,0.29870709677126583,True
resolution_s0_train_centre_frozen_rel,resolution_max_b1,0,train_probe,centre_frozen,relative,min,0.0003,-1471.680650504897,-3038.126672036243,0.4844039796137048,True
resolution_s0_train_centre_frozen_rel,resolution_max_b1,0,train_probe,centre_frozen,relative,min,0.001,-777.9341436989773,-3038.126672036243,0.2560571785433761,True
resolution_s0_train_centre_frozen_rel,resolution_max_b1,0,train_probe,centre_frozen,relative,min,0.003,223.818116542645,-3038.126672036243,-0.07366977769647617,False
resolution_s0_train_centre_frozen_rel,resolution_max_b1,0,train_probe,centre_frozen,relative,min,0.01,11306.562754246916,-3038.126672036243,-3.721557385449278,False
resolution_s0_train_saved_ord,resolution_max_b1,0,train_probe,saved,ordinary,top1,1e-05,1684323.8443842165,1676982.6646691514,1.0043776121660228,True
resolution_s0_train_saved_ord,resolution_max_b1,0,train_probe,saved,ordinary,top1,3e-05,1713888.057448543,1676982.6646691514,1.0220070210366023,True
resolution_s0_train_saved_ord,resolution_max_b1,0,train_probe,saved,ordinary,top1,0.0001,1717720.768641584,1676982.6646691514,1.0242925015450113,True
resolution_s0_train_saved_ord,resolution_max_b1,0,train_probe,saved,ordinary,top1,0.0003,1737924.8347716045,1676982.6646691514,1.0363403697524067,True
resolution_s0_train_saved_ord,resolution_max_b1,0,train_probe,saved,ordinary,top1,0.001,1826139.9997671708,1676982.6646691514,1.088943874161899,True
resolution_s0_train_saved_ord,resolution_max_b1,0,train_probe,saved,ordinary,top1,0.003,1439988.988644608,1676982.6646691514,0.8586785176629722,True
resolution_s0_train_saved_ord,resolution_max_b1,0,train_probe,saved,ordinary,top1,0.01,693748.5164391035,1676982.6646691514,0.41368854374888353,True
resolution_s0_train_saved_ord,resolution_max_b1,0,train_probe,saved,ordinary,min,1e-05,2877.6739346980658,-3973.526034246347,-0.7242116724280806,False
resolution_s0_train_saved_ord,resolution_max_b1,0,train_probe,saved,ordinary,min,3e-05,2829.119385921391,-3973.526034246347,-0.7119921604988265,False
resolution_s0_train_saved_ord,resolution_max_b1,0,train_probe,saved,ordinary,min,0.0001,2604.557059593393,-3973.526034246347,-0.6554775373674872,False
resolution_s0_train_saved_ord,resolution_max_b1,0,train_probe,saved,ordinary,min,0.0003,358.5124017929037,-3973.526034246347,-0.09022525552947641,False
resolution_s0_train_saved_ord,resolution_max_b1,0,train_probe,saved,ordinary,min,0.001,21.853032373897463,-3973.526034246347,-0.005499657529749216,False
resolution_s0_train_saved_ord,resolution_max_b1,0,train_probe,saved,ordinary,min,0.003,2574.413414660211,-3973.526034246347,-0.6478914174645634,False
resolution_s0_train_saved_ord,resolution_max_b1,0,train_probe,saved,ordinary,min,0.01,43494.58556114184,-3973.526034246347,-10.946093013177247,False
resolution_s0_train_saved_rel,resolution_max_b1,0,train_probe,saved,relative,top1,1e-05,1696819.5033650876,1690244.4899655604,1.0038899777153902,True
resolution_s0_train_saved_rel,resolution_max_b1,0,train_probe,saved,relative,top1,3e-05,1727608.8673607365,1690244.4899655604,1.022105901020235,True
resolution_s0_train_saved_rel,resolution_max_b1,0,train_probe,saved,relative,top1,0.0001,1731115.1669715974,1690244.4899655604,1.0241803344123723,True
resolution_s0_train_saved_rel,resolution_max_b1,0,train_probe,saved,relative,top1,0.0003,1751994.9110302946,1690244.4899655604,1.0365334254489966,True
resolution_s0_train_saved_rel,resolution_max_b1,0,train_probe,saved,relative,top1,0.001,1842515.6217729612,1690244.4899655604,1.0900882284849238,True
resolution_s0_train_saved_rel,resolution_max_b1,0,train_probe,saved,relative,top1,0.003,1456379.4011172785,1690244.4899655604,0.8616383072172908,True
resolution_s0_train_saved_rel,resolution_max_b1,0,train_probe,saved,relative,top1,0.01,697307.4039988545,1690244.4899655604,0.4125482485750109,True
resolution_s0_train_saved_rel,resolution_max_b1,0,train_probe,saved,relative,min,1e-05,3146.7689831643493,-4003.33734458063,-0.7860364271884734,False
resolution_s0_train_saved_rel,resolution_max_b1,0,train_probe,saved,relative,min,3e-05,3032.810381103306,-4003.33734458063,-0.7575705268028089,False
resolution_s0_train_saved_rel,resolution_max_b1,0,train_probe,saved,relative,min,0.0001,2840.194336295454,-4003.33734458063,-0.7094566587400539,False
resolution_s0_train_saved_rel,resolution_max_b1,0,train_probe,saved,relative,min,0.0003,424.5814817196683,-4003.33734458063,-0.10605688333870485,False
resolution_s0_train_saved_rel,resolution_max_b1,0,train_probe,saved,relative,min,0.001,93.84037737736328,-4003.33734458063,-0.02344053705701225,False
resolution_s0_train_saved_rel,resolution_max_b1,0,train_probe,saved,relative,min,0.003,2583.9246657503404,-4003.33734458063,-0.6454426503048095,False
resolution_s0_train_saved_rel,resolution_max_b1,0,train_probe,saved,relative,min,0.01,42580.38725387818,-4003.33734458063,-10.63622262848266,False
resolution_s1_test_centre_frozen_ord,resolution_max_b1,1,test_probe,centre_frozen,ordinary,top1,1e-05,1750327.426564002,1756603.855099662,0.9964269527717142,True
resolution_s1_test_centre_frozen_ord,resolution_max_b1,1,test_probe,centre_frozen,ordinary,top1,3e-05,1758132.829665637,1756603.855099662,1.0008704151260606,True
resolution_s1_test_centre_frozen_ord,resolution_max_b1,1,test_probe,centre_frozen,ordinary,top1,0.0001,1750203.7369039103,1756603.855099662,0.9963565386827706,True
resolution_s1_test_centre_frozen_ord,resolution_max_b1,1,test_probe,centre_frozen,ordinary,top1,0.0003,1760325.379278485,1756603.855099662,1.0021185904653567,True
resolution_s1_test_centre_frozen_ord,resolution_max_b1,1,test_probe,centre_frozen,ordinary,top1,0.001,1796501.892783322,1756603.855099662,1.0227131675521663,True
resolution_s1_test_centre_frozen_ord,resolution_max_b1,1,test_probe,centre_frozen,ordinary,top1,0.003,1515895.292554001,1756603.855099662,0.8629693531373901,True
resolution_s1_test_centre_frozen_ord,resolution_max_b1,1,test_probe,centre_frozen,ordinary,top1,0.01,758979.8216408495,1756603.855099662,0.4320722736873353,True
resolution_s1_test_centre_frozen_ord,resolution_max_b1,1,test_probe,centre_frozen,ordinary,min,1e-05,-377.1143797237641,-6483.818600203371,0.05816238901438969,True
resolution_s1_test_centre_frozen_ord,resolution_max_b1,1,test_probe,centre_frozen,ordinary,min,3e-05,2879.680974417672,-6483.818600203371,-0.4441334886092199,False
resolution_s1_test_centre_frozen_ord,resolution_max_b1,1,test_probe,centre_frozen,ordinary,min,0.0001,-1786.886708754487,-6483.818600203371,0.2755917182350598,True
resolution_s1_test_centre_frozen_ord,resolution_max_b1,1,test_probe,centre_frozen,ordinary,min,0.0003,-4217.041777495231,-6483.818600203371,0.6503947808414874,True
resolution_s1_test_centre_frozen_ord,resolution_max_b1,1,test_probe,centre_frozen,ordinary,min,0.001,-3833.989782102476,-6483.818600203371,0.5913166327605494,True
resolution_s1_test_centre_frozen_ord,resolution_max_b1,1,test_probe,centre_frozen,ordinary,min,0.003,2047.3738428408408,-6483.818600203371,-0.3157666753318211,False
resolution_s1_test_centre_frozen_ord,resolution_max_b1,1,test_probe,centre_frozen,ordinary,min,0.01,59811.32696434603,-6483.818600203371,-9.224707021024615,False
resolution_s1_test_centre_frozen_rel,resolution_max_b1,1,test_probe,centre_frozen,relative,top1,1e-05,1769857.9065283935,1774440.5987454825,0.9974173876429964,True
resolution_s1_test_centre_frozen_rel,resolution_max_b1,1,test_probe,centre_frozen,relative,top1,3e-05,1777339.3412344616,1774440.5987454825,1.0016336092011355,True
resolution_s1_test_centre_frozen_rel,resolution_max_b1,1,test_probe,centre_frozen,relative,top1,0.0001,1767547.878570852,1774440.5987454825,0.99611555316109,True
resolution_s1_test_centre_frozen_rel,resolution_max_b1,1,test_probe,centre_frozen,relative,top1,0.0003,1777209.2072916478,1774440.5987454825,1.0015602711908884,True
resolution_s1_test_centre_frozen_rel,resolution_max_b1,1,test_probe,centre_frozen,relative,top1,0.001,1812537.438473044,1774440.5987454825,1.0214697746176995,True
resolution_s1_test_centre_frozen_rel,resolution_max_b1,1,test_probe,centre_frozen,relative,top1,0.003,1525288.1714479292,1774440.5987454825,0.8595881837500211,True
resolution_s1_test_centre_frozen_rel,resolution_max_b1,1,test_probe,centre_frozen,relative,top1,0.01,765629.6334303478,1774440.5987454825,0.4314766208413191,True
resolution_s1_test_centre_frozen_rel,resolution_max_b1,1,test_probe,centre_frozen,relative,min,1e-05,-1026.0058758149169,-6533.606867599701,0.15703514101879965,True
resolution_s1_test_centre_frozen_rel,resolution_max_b1,1,test_probe,centre_frozen,relative,min,3e-05,2945.109540932991,-6533.606867599701,-0.45076320026811734,False
resolution_s1_test_centre_frozen_rel,resolution_max_b1,1,test_probe,centre_frozen,relative,min,0.0001,-1841.294636029112,-6533.606867599701,0.2818190125824883,True
resolution_s1_test_centre_frozen_rel,resolution_max_b1,1,test_probe,centre_frozen,relative,min,0.0003,-4368.466566343858,-6533.606867599701,0.6686148485620063,True
resolution_s1_test_centre_frozen_rel,resolution_max_b1,1,test_probe,centre_frozen,relative,min,0.001,-3799.339863666651,-6533.606867599701,0.5815072655362324,True
resolution_s1_test_centre_frozen_rel,resolution_max_b1,1,test_probe,centre_frozen,relative,min,0.003,2016.0755415578665,-6533.606867599701,-0.3085700720004488,False
resolution_s1_test_centre_frozen_rel,resolution_max_b1,1,test_probe,centre_frozen,relative,min,0.01,58593.480524458726,-6533.606867599701,-8.968014407941357,False
resolution_s1_test_saved_ord,resolution_max_b1,1,test_probe,saved,ordinary,top1,1e-05,1783314.7062296104,1808092.0095391143,0.9862964366974777,True
resolution_s1_test_saved_ord,resolution_max_b1,1,test_probe,saved,ordinary,top1,3e-05,1748901.6931674744,1808092.0095391143,0.967263659117255,True
resolution_s1_test_saved_ord,resolution_max_b1,1,test_probe,saved,ordinary,top1,0.0001,1771211.659403127,1808092.0095391143,0.979602614279907,True
resolution_s1_test_saved_ord,resolution_max_b1,1,test_probe,saved,ordinary,top1,0.0003,1809054.3992912655,1808092.0095391143,1.0005322681296493,True
resolution_s1_test_saved_ord,resolution_max_b1,1,test_probe,saved,ordinary,top1,0.001,1954568.2963321283,1808092.0095391143,1.081011522654951,True
resolution_s1_test_saved_ord,resolution_max_b1,1,test_probe,saved,ordinary,top1,0.003,1685465.2796308512,1808092.0095391143,0.9321789326752675,True
resolution_s1_test_saved_ord,resolution_max_b1,1,test_probe,saved,ordinary,top1,0.01,701003.8749370003,1808092.0095391143,0.3877036518267051,True
resolution_s1_test_saved_ord,resolution_max_b1,1,test_probe,saved,ordinary,min,1e-05,7543.102542584278,-4203.326187981675,-1.7945555984096193,False
resolution_s1_test_saved_ord,resolution_max_b1,1,test_probe,saved,ordinary,min,3e-05,-569.934968108754,-4203.326187981675,0.1355914203704523,True
resolution_s1_test_saved_ord,resolution_max_b1,1,test_probe,saved,ordinary,min,0.0001,-3253.711791462166,-4203.326187981675,0.7740802511985185,True
resolution_s1_test_saved_ord,resolution_max_b1,1,test_probe,saved,ordinary,min,0.0003,-3866.986241297789,-4203.326187981675,0.9199824301893195,True
resolution_s1_test_saved_ord,resolution_max_b1,1,test_probe,saved,ordinary,min,0.001,-3610.0855899863222,-4203.326187981675,0.8588640111510807,True
resolution_s1_test_saved_ord,resolution_max_b1,1,test_probe,saved,ordinary,min,0.003,-866.0911527440282,-4203.326187981675,0.20604899881917138,True
resolution_s1_test_saved_ord,resolution_max_b1,1,test_probe,saved,ordinary,min,0.01,23486.34530327649,-4203.326187981675,-5.5875619100010905,False
resolution_s1_test_saved_rel,resolution_max_b1,1,test_probe,saved,relative,top1,1e-05,1807002.3798655297,1828282.728681681,0.9883604715603829,True
resolution_s1_test_saved_rel,resolution_max_b1,1,test_probe,saved,relative,top1,3e-05,1763007.6124995777,1828282.728681681,0.9642970339553713,True
resolution_s1_test_saved_rel,resolution_max_b1,1,test_probe,saved,relative,top1,0.0001,1788790.5501381196,1828282.728681681,0.9783993044817318,True
resolution_s1_test_saved_rel,resolution_max_b1,1,test_probe,saved,relative,top1,0.0003,1828374.8803366104,1828282.728681681,1.000050403394116,True
resolution_s1_test_saved_rel,resolution_max_b1,1,test_probe,saved,relative,top1,0.001,1979741.2742030225,1828282.728681681,1.0828419714004265,True
resolution_s1_test_saved_rel,resolution_max_b1,1,test_probe,saved,relative,top1,0.003,1697617.388370451,1828282.728681681,0.9285311083119794,True
resolution_s1_test_saved_rel,resolution_max_b1,1,test_probe,saved,relative,top1,0.01,698961.8215144351,1828282.728681681,0.38230510552294894,True
resolution_s1_test_saved_rel,resolution_max_b1,1,test_probe,saved,relative,min,1e-05,7784.868507609842,-4248.137318297307,-1.8325369272032126,False
resolution_s1_test_saved_rel,resolution_max_b1,1,test_probe,saved,relative,min,3e-05,-534.9396242020848,-4248.137318297307,0.1259233363050735,True
resolution_s1_test_saved_rel,resolution_max_b1,1,test_probe,saved,relative,min,0.0001,-3455.6732201762584,-4248.137318297307,0.8134561011698475,True
resolution_s1_test_saved_rel,resolution_max_b1,1,test_probe,saved,relative,min,0.0003,-3730.108482165781,-4248.137318297307,0.8780574173296365,True
resolution_s1_test_saved_rel,resolution_max_b1,1,test_probe,saved,relative,min,0.001,-3465.971617938824,-4248.137318297307,0.8158803160647401,True
resolution_s1_test_saved_rel,resolution_max_b1,1,test_probe,saved,relative,min,0.003,-1002.0079060058468,-4248.137318297307,0.23586994273703493,True
resolution_s1_test_saved_rel,resolution_max_b1,1,test_probe,saved,relative,min,0.01,21476.258572852767,-4248.137318297307,-5.055453005332853,False
resolution_s1_train_centre_frozen_ord,resolution_max_b1,1,train_probe,centre_frozen,ordinary,top1,1e-05,1653258.4475181797,1579427.6483188823,1.0467452873057412,True
resolution_s1_train_centre_frozen_ord,resolution_max_b1,1,train_probe,centre_frozen,ordinary,top1,3e-05,1659027.193709534,1579427.6483188823,1.050397715574611,True
resolution_s1_train_centre_frozen_ord,resolution_max_b1,1,train_probe,centre_frozen,ordinary,top1,0.0001,1636906.5643496497,1579427.6483188823,1.0363922437928366,True
resolution_s1_train_centre_frozen_ord,resolution_max_b1,1,train_probe,centre_frozen,ordinary,top1,0.0003,1636067.6334279762,1579427.6483188823,1.0358610824429852,True
resolution_s1_train_centre_frozen_ord,resolution_max_b1,1,train_probe,centre_frozen,ordinary,top1,0.001,1706918.089394327,1579427.6483188823,1.0807193930099575,True
resolution_s1_train_centre_frozen_ord,resolution_max_b1,1,train_probe,centre_frozen,ordinary,top1,0.003,1460309.7715754018,1579427.6483188823,0.9245816186197148,True
resolution_s1_train_centre_frozen_ord,resolution_max_b1,1,train_probe,centre_frozen,ordinary,top1,0.01,780721.5714500387,1579427.6483188823,0.4943066384085566,True
resolution_s1_train_centre_frozen_ord,resolution_max_b1,1,train_probe,centre_frozen,ordinary,min,1e-05,-4239.644382231233,-3877.772694183565,1.093319468825611,True
resolution_s1_train_centre_frozen_ord,resolution_max_b1,1,train_probe,centre_frozen,ordinary,min,3e-05,-4042.3349206224975,-3877.772694183565,1.0424373060044922,True
resolution_s1_train_centre_frozen_ord,resolution_max_b1,1,train_probe,centre_frozen,ordinary,min,0.0001,-1901.644393420554,-3877.772694183565,0.49039604520216223,True
resolution_s1_train_centre_frozen_ord,resolution_max_b1,1,train_probe,centre_frozen,ordinary,min,0.0003,-1065.1618590213416,-3877.772694183565,0.27468393405808,True
resolution_s1_train_centre_frozen_ord,resolution_max_b1,1,train_probe,centre_frozen,ordinary,min,0.001,-554.7334901954138,-3877.772694183565,0.14305466925059376,True
resolution_s1_train_centre_frozen_ord,resolution_max_b1,1,train_probe,centre_frozen,ordinary,min,0.003,4097.640494230189,-3877.772694183565,-1.056699507007312,False
resolution_s1_train_centre_frozen_ord,resolution_max_b1,1,train_probe,centre_frozen,ordinary,min,0.01,69045.7903521437,-3877.772694183565,-17.805528017593293,False
resolution_s1_train_centre_frozen_rel,resolution_max_b1,1,train_probe,centre_frozen,relative,top1,1e-05,1673006.9840109604,1594421.174094515,1.0492879868840648,True
resolution_s1_train_centre_frozen_rel,resolution_max_b1,1,train_probe,centre_frozen,relative,top1,3e-05,1679405.6834040163,1594421.174094515,1.05330116702556,True
resolution_s1_train_centre_frozen_rel,resolution_max_b1,1,train_probe,centre_frozen,relative,top1,0.0001,1653501.1067583594,1594421.174094515,1.0370541570971024,True
resolution_s1_train_centre_frozen_rel,resolution_max_b1,1,train_probe,centre_frozen,relative,top1,0.0003,1653184.5525819685,1594421.174094515,1.0368556184791171,True
resolution_s1_train_centre_frozen_rel,resolution_max_b1,1,train_probe,centre_frozen,relative,top1,0.001,1725595.4921514008,1594421.174094515,1.0822708078568894,True
resolution_s1_train_centre_frozen_rel,resolution_max_b1,1,train_probe,centre_frozen,relative,top1,0.003,1476554.6599548268,1594421.174094515,0.9260756718144906,True
resolution_s1_train_centre_frozen_rel,resolution_max_b1,1,train_probe,centre_frozen,relative,top1,0.01,779418.848935873,1594421.174094515,0.4888412557481943,True
resolution_s1_train_centre_frozen_rel,resolution_max_b1,1,train_probe,centre_frozen,relative,min,1e-05,-4869.41383659456,-3911.502039856749,1.2448961516514747,True
resolution_s1_train_centre_frozen_rel,resolution_max_b1,1,train_probe,centre_frozen,relative,min,3e-05,-4683.639948099838,-3911.502039856749,1.1974018932817345,True
resolution_s1_train_centre_frozen_rel,resolution_max_b1,1,train_probe,centre_frozen,relative,min,0.0001,-1874.3116830366448,-3911.502039856749,0.47917952334885855,True
resolution_s1_train_centre_frozen_rel,resolution_max_b1,1,train_probe,centre_frozen,relative,min,0.0003,-980.5260658030732,-3911.502039856749,0.2506776312045546,True
resolution_s1_train_centre_frozen_rel,resolution_max_b1,1,train_probe,centre_frozen,relative,min,0.001,-544.1654927561545,-3911.502039856749,0.13911931713477607,True
resolution_s1_train_centre_frozen_rel,resolution_max_b1,1,train_probe,centre_frozen,relative,min,0.003,4121.960456168293,-3911.502039856749,-1.0538050125417424,False
resolution_s1_train_centre_frozen_rel,resolution_max_b1,1,train_probe,centre_frozen,relative,min,0.01,67462.81101231821,-3911.502039856749,-17.247290254459102,False
resolution_s1_train_saved_ord,resolution_max_b1,1,train_probe,saved,ordinary,top1,1e-05,1608271.970491293,1573917.022245035,1.021827674369551,True
resolution_s1_train_saved_ord,resolution_max_b1,1,train_probe,saved,ordinary,top1,3e-05,1597133.490727086,1573917.022245035,1.014750757602796,True
resolution_s1_train_saved_ord,resolution_max_b1,1,train_probe,saved,ordinary,top1,0.0001,1607772.133827445,1573917.022245035,1.0215100993914654,True
resolution_s1_train_saved_ord,resolution_max_b1,1,train_probe,saved,ordinary,top1,0.0003,1631380.968423313,1573917.022245035,1.0365101497512947,True
resolution_s1_train_saved_ord,resolution_max_b1,1,train_probe,saved,ordinary,top1,0.001,1810059.9098059004,1573917.022245035,1.1500351570148413,True
resolution_s1_train_saved_ord,resolution_max_b1,1,train_probe,saved,ordinary,top1,0.003,1679032.4929513345,1573917.022245035,1.0667859037170604,True
resolution_s1_train_saved_ord,resolution_max_b1,1,train_probe,saved,ordinary,top1,0.01,861130.740820083,1573917.022245035,0.5471258831623577,True
resolution_s1_train_saved_ord,resolution_max_b1,1,train_probe,saved,ordinary,min,1e-05,-3938.1555538842144,-3557.0628926600543,1.1071368915097168,True
resolution_s1_train_saved_ord,resolution_max_b1,1,train_probe,saved,ordinary,min,3e-05,-3581.211622928472,-3557.0628926600543,1.0067889522893307,True
resolution_s1_train_saved_ord,resolution_max_b1,1,train_probe,saved,ordinary,min,0.0001,-2757.845517808999,-3557.0628926600543,0.7753153658035599,True
resolution_s1_train_saved_ord,resolution_max_b1,1,train_probe,saved,ordinary,min,0.0003,-2365.9431478615134,-3557.0628926600543,0.6651395320402126,True
resolution_s1_train_saved_ord,resolution_max_b1,1,train_probe,saved,ordinary,min,0.001,-1277.9561721739665,-3557.0628926600543,0.35927286380317025,True
resolution_s1_train_saved_ord,resolution_max_b1,1,train_probe,saved,ordinary,min,0.003,2707.571830863799,-3557.0628926600543,-0.7611818830785456,False
resolution_s1_train_saved_ord,resolution_max_b1,1,train_probe,saved,ordinary,min,0.01,33465.230521242105,-3557.0628926600543,-9.408107624494665,False
resolution_s1_train_saved_rel,resolution_max_b1,1,train_probe,saved,relative,top1,1e-05,1621093.9483984886,1588577.5032017678,1.0204689070134658,True
resolution_s1_train_saved_rel,resolution_max_b1,1,train_probe,saved,relative,top1,3e-05,1611027.3187864968,1588577.5032017678,1.0141320241155887,True
resolution_s1_train_saved_rel,resolution_max_b1,1,train_probe,saved,relative,top1,0.0001,1623441.73546779,1588577.5032017678,1.021946824876818,True
resolution_s1_train_saved_rel,resolution_max_b1,1,train_probe,saved,relative,top1,0.0003,1647510.381168886,1588577.5032017678,1.0370978928307493,True
resolution_s1_train_saved_rel,resolution_max_b1,1,train_probe,saved,relative,top1,0.001,1826246.917063532,1588577.5032017678,1.1496114689920656,True
resolution_s1_train_saved_rel,resolution_max_b1,1,train_probe,saved,relative,top1,0.003,1689796.5183204217,1588577.5032017678,1.0637167622697965,True
resolution_s1_train_saved_rel,resolution_max_b1,1,train_probe,saved,relative,top1,0.01,846907.8025511743,1588577.5032017678,0.5331233766336468,True
resolution_s1_train_saved_rel,resolution_max_b1,1,train_probe,saved,relative,min,1e-05,-3756.846224112208,-3590.225313984569,1.0464095970463527,True
resolution_s1_train_saved_rel,resolution_max_b1,1,train_probe,saved,relative,min,3e-05,-4253.009902156614,-3590.225313984569,1.1846080761534328,True
resolution_s1_train_saved_rel,resolution_max_b1,1,train_probe,saved,relative,min,0.0001,-2821.1220149176875,-3590.225313984569,0.7857785426248635,True
resolution_s1_train_saved_rel,resolution_max_b1,1,train_probe,saved,relative,min,0.0003,-2180.6926037111957,-3590.225313984569,0.6073971444680668,True
resolution_s1_train_saved_rel,resolution_max_b1,1,train_probe,saved,relative,min,0.001,-1168.7045164908704,-3590.225313984569,0.32552400317009567,True
resolution_s1_train_saved_rel,resolution_max_b1,1,train_probe,saved,relative,min,0.003,2366.3731289522952,-3590.225313984569,-0.6591154933187199,False
resolution_s1_train_saved_rel,resolution_max_b1,1,train_probe,saved,relative,min,0.01,30991.05395851186,-3590.225313984569,-8.632063797722157,False
resolution_s2_test_centre_frozen_ord,resolution_max_b1,2,test_probe,centre_frozen,ordinary,top1,1e-05,1738190.162718922,1785694.3362067076,0.9733973656495448,True
resolution_s2_test_centre_frozen_ord,resolution_max_b1,2,test_probe,centre_frozen,ordinary,top1,3e-05,1746318.820237125,1785694.3362067076,0.9779494647145341,True
resolution_s2_test_centre_frozen_ord,resolution_max_b1,2,test_probe,centre_frozen,ordinary,top1,0.0001,1769398.765802399,1785694.3362067076,0.9908743786246617,True
resolution_s2_test_centre_frozen_ord,resolution_max_b1,2,test_probe,centre_frozen,ordinary,top1,0.0003,1778823.1196177553,1785694.3362067076,0.9961520757222377,True
resolution_s2_test_centre_frozen_ord,resolution_max_b1,2,test_probe,centre_frozen,ordinary,top1,0.001,1943117.5638959112,1785694.3362067076,1.0881579923827347,True
resolution_s2_test_centre_frozen_ord,resolution_max_b1,2,test_probe,centre_frozen,ordinary,top1,0.003,1670633.6310274615,1785694.3362067076,0.9355652852527573,True
resolution_s2_test_centre_frozen_ord,resolution_max_b1,2,test_probe,centre_frozen,ordinary,top1,0.01,696129.3540223414,1785694.3362067076,0.38983679340166716,True
resolution_s2_test_centre_frozen_ord,resolution_max_b1,2,test_probe,centre_frozen,ordinary,min,1e-05,-5667.3666359863255,-5556.507487124386,1.0199512281984364,True
resolution_s2_test_centre_frozen_ord,resolution_max_b1,2,test_probe,centre_frozen,ordinary,min,3e-05,-10264.45737714907,-5556.507487124386,1.8472857997463352,True
resolution_s2_test_centre_frozen_ord,resolution_max_b1,2,test_probe,centre_frozen,ordinary,min,0.0001,-6518.680180822578,-5556.507487124386,1.1731614140586963,True
resolution_s2_test_centre_frozen_ord,resolution_max_b1,2,test_probe,centre_frozen,ordinary,min,0.0003,-3856.237935748495,-5556.507487124386,0.6940039124727577,True
resolution_s2_test_centre_frozen_ord,resolution_max_b1,2,test_probe,centre_frozen,ordinary,min,0.001,-3875.046106058156,-5556.507487124386,0.6973888031353265,True
resolution_s2_test_centre_frozen_ord,resolution_max_b1,2,test_probe,centre_frozen,ordinary,min,0.003,1585.9999606575086,-5556.507487124386,-0.28543108496346115,False
resolution_s2_test_centre_frozen_ord,resolution_max_b1,2,test_probe,centre_frozen,ordinary,min,0.01,39439.842675418375,-5556.507487124386,-7.097955463356958,False
resolution_s2_test_centre_frozen_rel,resolution_max_b1,2,test_probe,centre_frozen,relative,top1,1e-05,1748366.258331746,1799064.050773975,0.9718199069008031,True
resolution_s2_test_centre_frozen_rel,resolution_max_b1,2,test_probe,centre_frozen,relative,top1,3e-05,1756753.738817945,1799064.050773975,0.9764820424610076,True
resolution_s2_test_centre_frozen_rel,resolution_max_b1,2,test_probe,centre_frozen,relative,top1,0.0001,1781273.3774510424,1799064.050773975,0.9901111506756645,True
resolution_s2_test_centre_frozen_rel,resolution_max_b1,2,test_probe,centre_frozen,relative,top1,0.0003,1787513.4694364762,1799064.050773975,0.9935796719785882,True
resolution_s2_test_centre_frozen_rel,resolution_max_b1,2,test_probe,centre_frozen,relative,top1,0.001,1945544.9079949227,1799064.050773975,1.0814205904219643,True
resolution_s2_test_centre_frozen_rel,resolution_max_b1,2,test_probe,centre_frozen,relative,top1,0.003,1668085.4704738867,1799064.050773975,0.9271962661675441,True
resolution_s2_test_centre_frozen_rel,resolution_max_b1,2,test_probe,centre_frozen,relative,top1,0.01,688420.0748092046,1799064.050773975,0.3826545666970776,True
resolution_s2_test_centre_frozen_rel,resolution_max_b1,2,test_probe,centre_frozen,relative,min,1e-05,-7061.844713440733,-5599.979406306938,1.2610483362648406,True
resolution_s2_test_centre_frozen_rel,resolution_max_b1,2,test_probe,centre_frozen,relative,min,3e-05,-10816.378032993707,-5599.979406306938,1.9315031803173843,True
resolution_s2_test_centre_frozen_rel,resolution_max_b1,2,test_probe,centre_frozen,relative,min,0.0001,-6738.317283327966,-5599.979406306938,1.203275368430638,True
resolution_s2_test_centre_frozen_rel,resolution_max_b1,2,test_probe,centre_frozen,relative,min,0.0003,-4299.724257441876,-5599.979406306938,0.7678107266964842,True
resolution_s2_test_centre_frozen_rel,resolution_max_b1,2,test_probe,centre_frozen,relative,min,0.001,-4055.983526684015,-5599.979406306938,0.7242854361421387,True
resolution_s2_test_centre_frozen_rel,resolution_max_b1,2,test_probe,centre_frozen,relative,min,0.003,1412.8238595531398,-5599.979406306938,-0.2522909027061701,False
resolution_s2_test_centre_frozen_rel,resolution_max_b1,2,test_probe,centre_frozen,relative,min,0.01,39409.31326988066,-5599.979406306938,-7.037403249286274,False
resolution_s2_test_saved_ord,resolution_max_b1,2,test_probe,saved,ordinary,top1,1e-05,1714823.4355590648,1756199.932928287,0.9764397568901902,True
resolution_s2_test_saved_ord,resolution_max_b1,2,test_probe,saved,ordinary,top1,3e-05,1736830.5839165426,1756199.932928287,0.9889708747571537,True
resolution_s2_test_saved_ord,resolution_max_b1,2,test_probe,saved,ordinary,top1,0.0001,1733784.1311129364,1756199.932928287,0.9872361902565533,True
resolution_s2_test_saved_ord,resolution_max_b1,2,test_probe,saved,ordinary,top1,0.0003,1750686.4142043206,1756199.932928287,0.9968605404085324,True
resolution_s2_test_saved_ord,resolution_max_b1,2,test_probe,saved,ordinary,top1,0.001,1896690.800040738,1756199.932928287,1.079997080331393,True
resolution_s2_test_saved_ord,resolution_max_b1,2,test_probe,saved,ordinary,top1,0.003,1630664.366090804,1756199.932928287,0.9285186359003187,True
resolution_s2_test_saved_ord,resolution_max_b1,2,test_probe,saved,ordinary,top1,0.01,689960.5918615827,1756199.932928287,0.392871323432488,True
resolution_s2_test_saved_ord,resolution_max_b1,2,test_probe,saved,ordinary,min,1e-05,-5560.632867496195,-7401.155805470433,0.7513195254430601,True
resolution_s2_test_saved_ord,resolution_max_b1,2,test_probe,saved,ordinary,min,3e-05,-5775.120076230896,-7401.155805470433,0.7802997569598952,True
resolution_s2_test_saved_ord,resolution_max_b1,2,test_probe,saved,ordinary,min,0.0001,-6275.111656295351,-7401.155805470433,0.847855635150555,True
resolution_s2_test_saved_ord,resolution_max_b1,2,test_probe,saved,ordinary,min,0.0003,-6827.553469410417,-7401.155805470433,0.9224982757914585,True
resolution_s2_test_saved_ord,resolution_max_b1,2,test_probe,saved,ordinary,min,0.001,-6551.033407449892,-7401.155805470433,0.8851365353784084,True
resolution_s2_test_saved_ord,resolution_max_b1,2,test_probe,saved,ordinary,min,0.003,4202.368487191071,-7401.155805470433,-0.5677989489269993,False
resolution_s2_test_saved_ord,resolution_max_b1,2,test_probe,saved,ordinary,min,0.01,83523.36491087957,-7401.155805470433,-11.28517857293921,False
resolution_s2_test_saved_rel,resolution_max_b1,2,test_probe,saved,relative,top1,1e-05,1727252.7421963166,1769388.001321188,0.9761865350655654,True
resolution_s2_test_saved_rel,resolution_max_b1,2,test_probe,saved,relative,top1,3e-05,1749453.9874987304,1769388.001321188,0.9887339499264305,True
resolution_s2_test_saved_rel,resolution_max_b1,2,test_probe,saved,relative,top1,0.0001,1744955.7972552432,1769388.001321188,0.9861917205001383,True
resolution_s2_test_saved_rel,resolution_max_b1,2,test_probe,saved,relative,top1,0.0003,1759420.2379576715,1769388.001321188,0.9943665474412205,True
resolution_s2_test_saved_rel,resolution_max_b1,2,test_probe,saved,relative,top1,0.001,1898281.0497187455,1769388.001321188,1.072846118715236,True
resolution_s2_test_saved_rel,resolution_max_b1,2,test_probe,saved,relative,top1,0.003,1625363.3656989697,1769388.001321188,0.9186020050352572,True
resolution_s2_test_saved_rel,resolution_max_b1,2,test_probe,saved,relative,top1,0.01,689348.9278011614,1769388.001321188,0.38959737902960234,True
resolution_s2_test_saved_rel,resolution_max_b1,2,test_probe,saved,relative,min,1e-05,-5184.7056181664175,-7455.460988314717,0.6954238814062125,True
resolution_s2_test_saved_rel,resolution_max_b1,2,test_probe,saved,relative,min,3e-05,-5778.943330289918,-7455.460988314717,0.7751289074340968,True
resolution_s2_test_saved_rel,resolution_max_b1,2,test_probe,saved,relative,min,0.0001,-6545.299162374896,-7455.460988314717,0.8779201142134123,True
resolution_s2_test_saved_rel,resolution_max_b1,2,test_probe,saved,relative,min,0.0003,-7140.018838268525,-7455.460988314717,0.9576897859782784,True
resolution_s2_test_saved_rel,resolution_max_b1,2,test_probe,saved,relative,min,0.001,-6740.6513624990175,-7455.460988314717,0.9041226790756396,True
resolution_s2_test_saved_rel,resolution_max_b1,2,test_probe,saved,relative,min,0.003,4110.117889933527,-7455.460988314717,-0.5512895710104985,False
resolution_s2_test_saved_rel,resolution_max_b1,2,test_probe,saved,relative,min,0.01,83762.23982499162,-7455.460988314717,-11.23501819086385,False
resolution_s2_train_centre_frozen_ord,resolution_max_b1,2,train_probe,centre_frozen,ordinary,top1,1e-05,1456211.9589967,1438182.960019093,1.012535956466462,True
resolution_s2_train_centre_frozen_ord,resolution_max_b1,2,train_probe,centre_frozen,ordinary,top1,3e-05,1455426.2222032931,1438182.960019093,1.0119896165255435,True
resolution_s2_train_centre_frozen_ord,resolution_max_b1,2,train_probe,centre_frozen,ordinary,top1,0.0001,1465279.8363755993,1438182.960019093,1.0188410495116327,True
resolution_s2_train_centre_frozen_ord,resolution_max_b1,2,train_probe,centre_frozen,ordinary,top1,0.0003,1502900.3080687888,1438182.960019093,1.044999384535078,True
resolution_s2_train_centre_frozen_ord,resolution_max_b1,2,train_probe,centre_frozen,ordinary,top1,0.001,1734231.846661904,1438182.960019093,1.2058492520582225,True
resolution_s2_train_centre_frozen_ord,resolution_max_b1,2,train_probe,centre_frozen,ordinary,top1,0.003,1524992.8742131845,1438182.960019093,1.060360827938706,True
resolution_s2_train_centre_frozen_ord,resolution_max_b1,2,train_probe,centre_frozen,ordinary,top1,0.01,697163.7228312178,1438182.960019093,0.484753151867383,True
resolution_s2_train_centre_frozen_ord,resolution_max_b1,2,train_probe,centre_frozen,ordinary,min,1e-05,-7281.760453503592,-3462.599121862412,2.102975307631622,True
resolution_s2_train_centre_frozen_ord,resolution_max_b1,2,train_probe,centre_frozen,ordinary,min,3e-05,-3035.5426482319026,-3462.599121862412,0.8766659210030612,True
resolution_s2_train_centre_frozen_ord,resolution_max_b1,2,train_probe,centre_frozen,ordinary,min,0.0001,-1883.832567040056,-3462.599121862412,0.5440515926737738,True
resolution_s2_train_centre_frozen_ord,resolution_max_b1,2,train_probe,centre_frozen,ordinary,min,0.0003,-2008.445983042112,-3462.599121862412,0.58003999664906,True
resolution_s2_train_centre_frozen_ord,resolution_max_b1,2,train_probe,centre_frozen,ordinary,min,0.001,-432.7484448036767,-3462.599121862412,0.124977922529743,True
resolution_s2_train_centre_frozen_ord,resolution_max_b1,2,train_probe,centre_frozen,ordinary,min,0.003,1919.667497886499,-3462.599121862412,-0.5544007349178718,False
resolution_s2_train_centre_frozen_ord,resolution_max_b1,2,train_probe,centre_frozen,ordinary,min,0.01,34074.7596012879,-3462.599121862412,-9.840804090240821,False
resolution_s2_train_centre_frozen_rel,resolution_max_b1,2,train_probe,centre_frozen,relative,top1,1e-05,1469160.1893268568,1450137.5645969256,1.013117807023514,True
resolution_s2_train_centre_frozen_rel,resolution_max_b1,2,train_probe,centre_frozen,relative,top1,3e-05,1467213.343944297,1450137.5645969256,1.0117752824037198,True
resolution_s2_train_centre_frozen_rel,resolution_max_b1,2,train_probe,centre_frozen,relative,top1,0.0001,1477160.8462321728,1450137.5645969256,1.0186349780151778,True
resolution_s2_train_centre_frozen_rel,resolution_max_b1,2,train_probe,centre_frozen,relative,top1,0.0003,1512966.2225402363,1450137.5645969256,1.0433259984964076,True
resolution_s2_train_centre_frozen_rel,resolution_max_b1,2,train_probe,centre_frozen,relative,top1,0.001,1730442.7308861758,1450137.5645969256,1.1932955694221759,True
resolution_s2_train_centre_frozen_rel,resolution_max_b1,2,train_probe,centre_frozen,relative,top1,0.003,1500045.0478799194,1450137.5645969256,1.0344156888983604,True
resolution_s2_train_centre_frozen_rel,resolution_max_b1,2,train_probe,centre_frozen,relative,top1,0.01,670646.0670712842,1450137.5645969256,0.46247065343603744,True
resolution_s2_train_centre_frozen_rel,resolution_max_b1,2,train_probe,centre_frozen,relative,min,1e-05,-7695.45833168017,-3490.0696257308555,2.2049583982350107,True
resolution_s2_train_centre_frozen_rel,resolution_max_b1,2,train_probe,centre_frozen,relative,min,3e-05,-3139.9576948408658,-3490.0696257308555,0.8996833964833373,True
resolution_s2_train_centre_frozen_rel,resolution_max_b1,2,train_probe,centre_frozen,relative,min,0.0001,-1882.0475611636132,-3490.0696257308555,0.5392578839367692,True
resolution_s2_train_centre_frozen_rel,resolution_max_b1,2,train_probe,centre_frozen,relative,min,0.0003,-1956.181369248504,-3490.0696257308555,0.5604992389912165,True
resolution_s2_train_centre_frozen_rel,resolution_max_b1,2,train_probe,centre_frozen,relative,min,0.001,-347.7326376863932,-3490.0696257308555,0.09963487121365795,True
resolution_s2_train_centre_frozen_rel,resolution_max_b1,2,train_probe,centre_frozen,relative,min,0.003,1951.6128861319307,-3490.0696257308555,-0.5591902441554425,False
resolution_s2_train_centre_frozen_rel,resolution_max_b1,2,train_probe,centre_frozen,relative,min,0.01,32782.26059930908,-3490.0696257308555,-9.393010488277621,False
resolution_s2_train_saved_ord,resolution_max_b1,2,train_probe,saved,ordinary,top1,1e-05,1489732.072131877,1460103.5977450782,1.0202920357381187,True
resolution_s2_train_saved_ord,resolution_max_b1,2,train_probe,saved,ordinary,top1,3e-05,1475888.4717055073,1460103.5977450782,1.0108107904020007,True
resolution_s2_train_saved_ord,resolution_max_b1,2,train_probe,saved,ordinary,top1,0.0001,1481914.859399713,1460103.5977450782,1.0149381603389782,True
resolution_s2_train_saved_ord,resolution_max_b1,2,train_probe,saved,ordinary,top1,0.0003,1515507.3680675805,1460103.5977450782,1.0379450954083433,True
resolution_s2_train_saved_ord,resolution_max_b1,2,train_probe,saved,ordinary,top1,0.001,1715897.048587425,1460103.5977450782,1.1751885628097782,True
resolution_s2_train_saved_ord,resolution_max_b1,2,train_probe,saved,ordinary,top1,0.003,1487279.759137977,1460103.5977450782,1.0186124884801795,True
resolution_s2_train_saved_ord,resolution_max_b1,2,train_probe,saved,ordinary,top1,0.01,661478.2023109446,1460103.5977450782,0.4530351156811772,True
resolution_s2_train_saved_ord,resolution_max_b1,2,train_probe,saved,ordinary,min,1e-05,-3746.440982999032,-4279.957546391031,0.8753453608805363,True
resolution_s2_train_saved_ord,resolution_max_b1,2,train_probe,saved,ordinary,min,3e-05,-5006.569745323751,-4279.957546391031,1.1697708893270256,True
resolution_s2_train_saved_ord,resolution_max_b1,2,train_probe,saved,ordinary,min,0.0001,-1989.670699620305,-4279.957546391031,0.4648809428724464,True
resolution_s2_train_saved_ord,resolution_max_b1,2,train_probe,saved,ordinary,min,0.0003,-460.610415164986,-4279.957546391031,0.10762032337292327,True
resolution_s2_train_saved_ord,resolution_max_b1,2,train_probe,saved,ordinary,min,0.001,-109.47554611939748,-4279.957546391031,0.025578652342407002,True
resolution_s2_train_saved_ord,resolution_max_b1,2,train_probe,saved,ordinary,min,0.003,2587.1486163261648,-4279.957546391031,-0.6044799716547922,False
resolution_s2_train_saved_ord,resolution_max_b1,2,train_probe,saved,ordinary,min,0.01,70468.82220835389,-4279.957546391031,-16.4648414019375,False
resolution_s2_train_saved_rel,resolution_max_b1,2,train_probe,saved,relative,top1,1e-05,1500803.0068919263,1472561.7920799756,1.0191782884520317,True
resolution_s2_train_saved_rel,resolution_max_b1,2,train_probe,saved,relative,top1,3e-05,1488579.3302134145,1472561.7920799756,1.0108773283536132,True
resolution_s2_train_saved_rel,resolution_max_b1,2,train_probe,saved,relative,top1,0.0001,1495769.7332573682,1472561.7920799756,1.0157602494524944,True
resolution_s2_train_saved_rel,resolution_max_b1,2,train_probe,saved,relative,top1,0.0003,1527781.5011680217,1472561.7920799756,1.0374990777195494,True
resolution_s2_train_saved_rel,resolution_max_b1,2,train_probe,saved,relative,top1,0.001,1718466.975204243,1472561.7920799756,1.166991418931853,True
resolution_s2_train_saved_rel,resolution_max_b1,2,train_probe,saved,relative,top1,0.003,1472137.2866335418,1472561.7920799756,0.9997117231692979,True
resolution_s2_train_saved_rel,resolution_max_b1,2,train_probe,saved,relative,top1,0.01,641884.3419374608,1472561.7920799756,0.4358963714730144,True
resolution_s2_train_saved_rel,resolution_max_b1,2,train_probe,saved,relative,min,1e-05,-3634.061519486309,-4310.140585856214,0.8431422240405643,True
resolution_s2_train_saved_rel,resolution_max_b1,2,train_probe,saved,relative,min,3e-05,-5047.552627720127,-4310.140585856214,1.17108770054595,True
resolution_s2_train_saved_rel,resolution_max_b1,2,train_probe,saved,relative,min,0.0001,-2101.598388692949,-4310.140585856214,0.48759393036723053,True
resolution_s2_train_saved_rel,resolution_max_b1,2,train_probe,saved,relative,min,0.0003,-653.6243988657869,-4310.140585856214,0.15164804624022346,True
resolution_s2_train_saved_rel,resolution_max_b1,2,train_probe,saved,relative,min,0.001,-138.22924352291378,-4310.140585856214,0.0320707041381701,True
resolution_s2_train_saved_rel,resolution_max_b1,2,train_probe,saved,relative,min,0.003,2646.960079138561,-4310.140585856214,-0.6141238380540527,False
resolution_s2_train_saved_rel,resolution_max_b1,2,train_probe,saved,relative,min,0.01,70941.4948930266,-4310.140585856214,-16.459206719572464,False
resolution_s3_test_centre_frozen_ord,resolution_max_b1,3,test_probe,centre_frozen,ordinary,top1,1e-05,1769390.592964992,1848504.8789897752,0.9572009319942829,True
resolution_s3_test_centre_frozen_ord,resolution_max_b1,3,test_probe,centre_frozen,ordinary,top1,3e-05,1799167.260688862,1848504.8789897752,0.9733094465361235,True
resolution_s3_test_centre_frozen_ord,resolution_max_b1,3,test_probe,centre_frozen,ordinary,top1,0.0001,1823844.8035357457,1848504.8789897752,0.9866594480034554,True
resolution_s3_test_centre_frozen_ord,resolution_max_b1,3,test_probe,centre_frozen,ordinary,top1,0.0003,1842697.3902244165,1848504.8789897752,0.9968582778269255,True
resolution_s3_test_centre_frozen_ord,resolution_max_b1,3,test_probe,centre_frozen,ordinary,top1,0.001,1932600.6029474828,1848504.8789897752,1.0454939150626785,True
resolution_s3_test_centre_frozen_ord,resolution_max_b1,3,test_probe,centre_frozen,ordinary,top1,0.003,1536010.8472985928,1848504.8789897752,0.8309476835884992,True
resolution_s3_test_centre_frozen_ord,resolution_max_b1,3,test_probe,centre_frozen,ordinary,top1,0.01,741555.1158879544,1848504.8789897752,0.40116481396209297,True
resolution_s3_test_centre_frozen_ord,resolution_max_b1,3,test_probe,centre_frozen,ordinary,min,1e-05,-7052.549304553678,-4920.924191715142,1.433175767354298,True
resolution_s3_test_centre_frozen_ord,resolution_max_b1,3,test_probe,centre_frozen,ordinary,min,3e-05,-2352.267469943017,-4920.924191715142,0.4780133524314985,True
resolution_s3_test_centre_frozen_ord,resolution_max_b1,3,test_probe,centre_frozen,ordinary,min,0.0001,-5510.1070388863245,-4920.924191715142,1.1197301206474852,True
resolution_s3_test_centre_frozen_ord,resolution_max_b1,3,test_probe,centre_frozen,ordinary,min,0.0003,-5151.1663084073225,-4920.924191715142,1.0467883892785457,True
resolution_s3_test_centre_frozen_ord,resolution_max_b1,3,test_probe,centre_frozen,ordinary,min,0.001,-4919.86784496401,-4920.924191715142,0.9997853356991537,True
resolution_s3_test_centre_frozen_ord,resolution_max_b1,3,test_probe,centre_frozen,ordinary,min,0.003,-842.9996452999541,-4920.924191715142,0.17130921194015272,True
resolution_s3_test_centre_frozen_ord,resolution_max_b1,3,test_probe,centre_frozen,ordinary,min,0.01,43573.67636513266,-4920.924191715142,-8.854774970623042,False
resolution_s3_test_centre_frozen_rel,resolution_max_b1,3,test_probe,centre_frozen,relative,top1,1e-05,1779607.851626341,1869289.33413238,0.9520237553018167,True
resolution_s3_test_centre_frozen_rel,resolution_max_b1,3,test_probe,centre_frozen,relative,top1,3e-05,1814951.8659958828,1869289.33413238,0.9709314833480727,True
resolution_s3_test_centre_frozen_rel,resolution_max_b1,3,test_probe,centre_frozen,relative,top1,0.0001,1842447.684067161,1869289.33413238,0.9856407194033033,True
resolution_s3_test_centre_frozen_rel,resolution_max_b1,3,test_probe,centre_frozen,relative,top1,0.0003,1862049.4139374564,1869289.33413238,0.9961269130130227,True
resolution_s3_test_centre_frozen_rel,resolution_max_b1,3,test_probe,centre_frozen,relative,top1,0.001,1946238.297972188,1869289.33413238,1.041164822606514,True
resolution_s3_test_centre_frozen_rel,resolution_max_b1,3,test_probe,centre_frozen,relative,top1,0.003,1549071.2534605565,1869289.33413238,0.8286952828410317,True
resolution_s3_test_centre_frozen_rel,resolution_max_b1,3,test_probe,centre_frozen,relative,top1,0.01,754947.7368571497,1869289.33413238,0.4038688516925361,True
resolution_s3_test_centre_frozen_rel,resolution_max_b1,3,test_probe,centre_frozen,relative,min,1e-05,-3376.533999066566,-4974.919951868165,0.6787112218355636,True
resolution_s3_test_centre_frozen_rel,resolution_max_b1,3,test_probe,centre_frozen,relative,min,3e-05,239.56486498259247,-4974.919951868165,-0.04815451651491033,False
resolution_s3_test_centre_frozen_rel,resolution_max_b1,3,test_probe,centre_frozen,relative,min,0.0001,-5450.701943243707,-4974.919951868165,1.0956361099231111,True
resolution_s3_test_centre_frozen_rel,resolution_max_b1,3,test_probe,centre_frozen,relative,min,0.0003,-4591.61552223512,-4974.919951868165,0.9229526437929704,True
resolution_s3_test_centre_frozen_rel,resolution_max_b1,3,test_probe,centre_frozen,relative,min,0.001,-4383.6234518568335,-4974.919951868165,0.8811445197647271,True
resolution_s3_test_centre_frozen_rel,resolution_max_b1,3,test_probe,centre_frozen,relative,min,0.003,-862.0783033962039,-4974.919951868165,0.17328485920109712,True
resolution_s3_test_centre_frozen_rel,resolution_max_b1,3,test_probe,centre_frozen,relative,min,0.01,34327.09551444078,-4974.919951868165,-6.900029718377756,False
resolution_s3_test_saved_ord,resolution_max_b1,3,test_probe,saved,ordinary,top1,1e-05,1823470.3643282831,1873463.3511468533,0.9733152042776996,True
resolution_s3_test_saved_ord,resolution_max_b1,3,test_probe,saved,ordinary,top1,3e-05,1843769.1169026492,1873463.3511468533,0.9841500853347216,True
resolution_s3_test_saved_ord,resolution_max_b1,3,test_probe,saved,ordinary,top1,0.0001,1849724.8451755375,1873463.3511468533,0.9873290790787105,True
resolution_s3_test_saved_ord,resolution_max_b1,3,test_probe,saved,ordinary,top1,0.0003,1858292.694041036,1873463.3511468533,0.9919023464768978,True
resolution_s3_test_saved_ord,resolution_max_b1,3,test_probe,saved,ordinary,top1,0.001,1944600.9637755372,1873463.3511468533,1.0379711791987478,True
resolution_s3_test_saved_ord,resolution_max_b1,3,test_probe,saved,ordinary,top1,0.003,1543037.361591202,1873463.3511468533,0.8236282608072484,True
resolution_s3_test_saved_ord,resolution_max_b1,3,test_probe,saved,ordinary,top1,0.01,743401.3435814374,1873463.3511468533,0.3968059173008958,True
resolution_s3_test_saved_ord,resolution_max_b1,3,test_probe,saved,ordinary,min,1e-05,-150.94478111876694,-4103.952611125431,0.03678034212909033,True
resolution_s3_test_saved_ord,resolution_max_b1,3,test_probe,saved,ordinary,min,3e-05,-4078.6255701203486,-4103.952611125431,0.9938286224513355,True
resolution_s3_test_saved_ord,resolution_max_b1,3,test_probe,saved,ordinary,min,0.0001,-2890.0507416107503,-4103.952611125431,0.7042115286068591,True
resolution_s3_test_saved_ord,resolution_max_b1,3,test_probe,saved,ordinary,min,0.0003,-2820.889760611777,-4103.952611125431,0.6873592431268843,True
resolution_s3_test_saved_ord,resolution_max_b1,3,test_probe,saved,ordinary,min,0.001,-2902.7177085578783,-4103.952611125431,0.7072980571678344,True
resolution_s3_test_saved_ord,resolution_max_b1,3,test_probe,saved,ordinary,min,0.003,-356.9032037501104,-4103.952611125431,0.08696572245561004,True
resolution_s3_test_saved_ord,resolution_max_b1,3,test_probe,saved,ordinary,min,0.01,24734.86626414809,-4103.952611125431,-6.027083791633994,False
resolution_s3_test_saved_rel,resolution_max_b1,3,test_probe,saved,relative,top1,1e-05,1838235.547344524,1894574.7370401355,0.9702628834882336,True
resolution_s3_test_saved_rel,resolution_max_b1,3,test_probe,saved,relative,top1,3e-05,1860783.660767091,1894574.7370401355,0.9821642949141,True
resolution_s3_test_saved_rel,resolution_max_b1,3,test_probe,saved,relative,top1,0.0001,1868275.7030371588,1894574.7370401355,0.9861187666610274,True
resolution_s3_test_saved_rel,resolution_max_b1,3,test_probe,saved,relative,top1,0.0003,1878106.695207849,1894574.7370401355,0.9913077898114411,True
resolution_s3_test_saved_rel,resolution_max_b1,3,test_probe,saved,relative,top1,0.001,1957306.1925667487,1894574.7370401355,1.0331111010297844,True
resolution_s3_test_saved_rel,resolution_max_b1,3,test_probe,saved,relative,top1,0.003,1554481.012242466,1894574.7370401355,0.8204907316937031,True
resolution_s3_test_saved_rel,resolution_max_b1,3,test_probe,saved,relative,top1,0.01,758869.9224710393,1894574.7370401355,0.40054895045027883,True
resolution_s3_test_saved_rel,resolution_max_b1,3,test_probe,saved,relative,min,1e-05,588.9367860056892,-4145.85463523335,-0.1420543742659566,False
resolution_s3_test_saved_rel,resolution_max_b1,3,test_probe,saved,relative,min,3e-05,-4557.565655242494,-4145.85463523335,1.0993066704534786,True
resolution_s3_test_saved_rel,resolution_max_b1,3,test_probe,saved,relative,min,0.0001,-3522.707343650566,-4145.85463523335,0.8496938878929822,True
resolution_s3_test_saved_rel,resolution_max_b1,3,test_probe,saved,relative,min,0.0003,-3091.715999439496,-4145.85463523335,0.7457367108737228,True
resolution_s3_test_saved_rel,resolution_max_b1,3,test_probe,saved,relative,min,0.001,-2986.485771836689,-4145.85463523335,0.72035467583841,True
resolution_s3_test_saved_rel,resolution_max_b1,3,test_probe,saved,relative,min,0.003,-578.7744133286902,-4145.85463523335,0.13960316129031713,True
resolution_s3_test_saved_rel,resolution_max_b1,3,test_probe,saved,relative,min,0.01,22568.125606662103,-4145.85463523335,-5.443540015819164,False
resolution_s3_train_centre_frozen_ord,resolution_max_b1,3,train_probe,centre_frozen,ordinary,top1,1e-05,1552994.743114766,1521758.5034537762,1.0205264104587528,True
resolution_s3_train_centre_frozen_ord,resolution_max_b1,3,train_probe,centre_frozen,ordinary,top1,3e-05,1542311.2229989094,1521758.5034537762,1.013505900902467,True
resolution_s3_train_centre_frozen_ord,resolution_max_b1,3,train_probe,centre_frozen,ordinary,top1,0.0001,1551912.0680246302,1521758.5034537762,1.0198149473141878,True
resolution_s3_train_centre_frozen_ord,resolution_max_b1,3,train_probe,centre_frozen,ordinary,top1,0.0003,1596964.407490651,1521758.5034537762,1.0494203934896291,True
resolution_s3_train_centre_frozen_ord,resolution_max_b1,3,train_probe,centre_frozen,ordinary,top1,0.001,1784710.6624913567,1521758.5034537762,1.1727949332570085,True
resolution_s3_train_centre_frozen_ord,resolution_max_b1,3,train_probe,centre_frozen,ordinary,top1,0.003,1482465.6275580276,1521758.5034537762,0.9741792959877867,True
resolution_s3_train_centre_frozen_ord,resolution_max_b1,3,train_probe,centre_frozen,ordinary,top1,0.01,779548.4841839249,1521758.5034537762,0.5122681965730207,True
resolution_s3_train_centre_frozen_ord,resolution_max_b1,3,train_probe,centre_frozen,ordinary,min,1e-05,1776.02797801768,-2779.5191933896617,-0.6389694959622817,False
resolution_s3_train_centre_frozen_ord,resolution_max_b1,3,train_probe,centre_frozen,ordinary,min,3e-05,843.7337717381865,-2779.5191933896617,-0.30355385699252596,False
resolution_s3_train_centre_frozen_ord,resolution_max_b1,3,train_probe,centre_frozen,ordinary,min,0.0001,388.2447636271991,-2779.5191933896617,-0.13968054782659345,False
resolution_s3_train_centre_frozen_ord,resolution_max_b1,3,train_probe,centre_frozen,ordinary,min,0.0003,-609.2594879442755,-2779.5191933896617,0.21919599957907657,True
resolution_s3_train_centre_frozen_ord,resolution_max_b1,3,train_probe,centre_frozen,ordinary,min,0.001,-435.4331060784089,-2779.5191933896617,0.15665770796401382,True
resolution_s3_train_centre_frozen_ord,resolution_max_b1,3,train_probe,centre_frozen,ordinary,min,0.003,1273.5561894739765,-2779.5191933896617,-0.4581929826218819,False
resolution_s3_train_centre_frozen_ord,resolution_max_b1,3,train_probe,centre_frozen,ordinary,min,0.01,26344.505356642323,-2779.5191933896617,-9.47808002883939,False
resolution_s3_train_centre_frozen_rel,resolution_max_b1,3,train_probe,centre_frozen,relative,top1,1e-05,1571705.129005396,1540030.9982647437,1.020567203372102,True
resolution_s3_train_centre_frozen_rel,resolution_max_b1,3,train_probe,centre_frozen,relative,top1,3e-05,1561219.7392871834,1540030.9982647437,1.013758645797594,True
resolution_s3_train_centre_frozen_rel,resolution_max_b1,3,train_probe,centre_frozen,relative,top1,0.0001,1570402.067104837,1540030.9982647437,1.0197210763123044,True
resolution_s3_train_centre_frozen_rel,resolution_max_b1,3,train_probe,centre_frozen,relative,top1,0.0003,1616047.1049184045,1540030.9982647437,1.0493601146595837,True
resolution_s3_train_centre_frozen_rel,resolution_max_b1,3,train_probe,centre_frozen,relative,top1,0.001,1797095.1753573047,1540030.9982647437,1.1669214304012143,True
resolution_s3_train_centre_frozen_rel,resolution_max_b1,3,train_probe,centre_frozen,relative,top1,0.003,1484242.8667905123,1540030.9982647437,0.963774669771523,True
resolution_s3_train_centre_frozen_rel,resolution_max_b1,3,train_probe,centre_frozen,relative,top1,0.01,789867.7221554057,1540030.9982647437,0.5128907944355683,True
resolution_s3_train_centre_frozen_rel,resolution_max_b1,3,train_probe,centre_frozen,relative,min,1e-05,1155.8172552383892,-2801.7845504424936,-0.412528955895573,False
resolution_s3_train_centre_frozen_rel,resolution_max_b1,3,train_probe,centre_frozen,relative,min,3e-05,798.7637942432871,-2801.7845504424936,-0.2850910838655085,False
resolution_s3_train_centre_frozen_rel,resolution_max_b1,3,train_probe,centre_frozen,relative,min,0.0001,388.9782964172639,-2801.7845504424936,-0.13883233682469678,False
resolution_s3_train_centre_frozen_rel,resolution_max_b1,3,train_probe,centre_frozen,relative,min,0.0003,-557.0259367969498,-2801.7845504424936,0.19881112439890397,True
resolution_s3_train_centre_frozen_rel,resolution_max_b1,3,train_probe,centre_frozen,relative,min,0.001,-398.5279016377463,-2801.7845504424936,0.14224073780933857,True
resolution_s3_train_centre_frozen_rel,resolution_max_b1,3,train_probe,centre_frozen,relative,min,0.003,1293.0994859108066,-2801.7845504424936,-0.4615270955457956,False
resolution_s3_train_centre_frozen_rel,resolution_max_b1,3,train_probe,centre_frozen,relative,min,0.01,26090.19092895868,-2801.7845504424936,-9.311990432968225,False
resolution_s3_train_saved_ord,resolution_max_b1,3,train_probe,saved,ordinary,top1,1e-05,1625270.8345221295,1537368.1864086385,1.057177356010492,True
resolution_s3_train_saved_ord,resolution_max_b1,3,train_probe,saved,ordinary,top1,3e-05,1607443.1170027333,1537368.1864086385,1.0455810984080482,True
resolution_s3_train_saved_ord,resolution_max_b1,3,train_probe,saved,ordinary,top1,0.0001,1596659.3332196632,1537368.1864086385,1.0385666539318286,True
resolution_s3_train_saved_ord,resolution_max_b1,3,train_probe,saved,ordinary,top1,0.0003,1613224.656462129,1537368.1864086385,1.0493417716875582,True
resolution_s3_train_saved_ord,resolution_max_b1,3,train_probe,saved,ordinary,top1,0.001,1794733.6076110934,1537368.1864086385,1.1674064960350663,True
resolution_s3_train_saved_ord,resolution_max_b1,3,train_probe,saved,ordinary,top1,0.003,1484020.6137824964,1537368.1864086385,0.9652994168230029,True
resolution_s3_train_saved_ord,resolution_max_b1,3,train_probe,saved,ordinary,top1,0.01,778733.5947923862,1537368.1864086385,0.5065368216130081,True
resolution_s3_train_saved_ord,resolution_max_b1,3,train_probe,saved,ordinary,min,1e-05,5130.7199477879085,-3611.331831309024,-1.4207279163067499,False
resolution_s3_train_saved_ord,resolution_max_b1,3,train_probe,saved,ordinary,min,3e-05,4641.2820748415525,-3611.331831309024,-1.2851995584020302,False
resolution_s3_train_saved_ord,resolution_max_b1,3,train_probe,saved,ordinary,min,0.0001,33.70046164352658,-3611.331831309024,-0.00933186514497366,False
resolution_s3_train_saved_ord,resolution_max_b1,3,train_probe,saved,ordinary,min,0.0003,-1000.1595913491616,-3611.331831309024,0.27695034354863673,True
resolution_s3_train_saved_ord,resolution_max_b1,3,train_probe,saved,ordinary,min,0.001,-853.1703520391343,-3611.331831309024,0.23624811894671,True
resolution_s3_train_saved_ord,resolution_max_b1,3,train_probe,saved,ordinary,min,0.003,1487.8517074396036,-3611.331831309024,-0.4119952906405424,False
resolution_s3_train_saved_ord,resolution_max_b1,3,train_probe,saved,ordinary,min,0.01,33932.92476666326,-3611.331831309024,-9.396235613818783,False
resolution_s3_train_saved_rel,resolution_max_b1,3,train_probe,saved,relative,top1,1e-05,1654529.6335013225,1555926.6863030065,1.0633724892479373,True
resolution_s3_train_saved_rel,resolution_max_b1,3,train_probe,saved,relative,top1,3e-05,1633574.2135425373,1555926.6863030065,1.0499043611264403,True
resolution_s3_train_saved_rel,resolution_max_b1,3,train_probe,saved,relative,top1,0.0001,1616835.1823909744,1555926.6863030065,1.0391461221304013,True
resolution_s3_train_saved_rel,resolution_max_b1,3,train_probe,saved,relative,top1,0.0003,1631987.333015873,1555926.6863030065,1.0488844669754924,True
resolution_s3_train_saved_rel,resolution_max_b1,3,train_probe,saved,relative,top1,0.001,1807072.261775036,1555926.6863030065,1.1614122167084682,True
resolution_s3_train_saved_rel,resolution_max_b1,3,train_probe,saved,relative,top1,0.003,1486472.4514249768,1555926.6863030065,0.9553614990414119,True
resolution_s3_train_saved_rel,resolution_max_b1,3,train_probe,saved,relative,top1,0.01,791030.4485704878,1555926.6863030065,0.5083982783597811,True
resolution_s3_train_saved_rel,resolution_max_b1,3,train_probe,saved,relative,min,1e-05,5553.840238814444,-3637.458684025891,-1.5268462740771331,False
resolution_s3_train_saved_rel,resolution_max_b1,3,train_probe,saved,relative,min,3e-05,4540.811277850862,-3637.458684025891,-1.2483471765032261,False
resolution_s3_train_saved_rel,resolution_max_b1,3,train_probe,saved,relative,min,0.0001,34.205246057794625,-3637.458684025891,-0.00940361088031293,False
resolution_s3_train_saved_rel,resolution_max_b1,3,train_probe,saved,relative,min,0.0003,-1083.7911652005084,-3637.458684025891,0.29795284547424267,True
resolution_s3_train_saved_rel,resolution_max_b1,3,train_probe,saved,relative,min,0.001,-826.7254381792989,-3637.458684025891,0.22728105251336905,True
resolution_s3_train_saved_rel,resolution_max_b1,3,train_probe,saved,relative,min,0.003,1474.169086012056,-3637.458684025891,-0.40527445507105114,False
resolution_s3_train_saved_rel,resolution_max_b1,3,train_probe,saved,relative,min,0.01,32490.51404395075,-3637.458684025891,-8.932201535823543,False
resolution_s4_test_centre_frozen_ord,resolution_max_b1,4,test_probe,centre_frozen,ordinary,top1,1e-05,1947059.81056531,1979812.73719198,0.9834565532328455,True
resolution_s4_test_centre_frozen_ord,resolution_max_b1,4,test_probe,centre_frozen,ordinary,top1,3e-05,1991690.4004407204,1979812.73719198,1.0059993872276964,True
resolution_s4_test_centre_frozen_ord,resolution_max_b1,4,test_probe,centre_frozen,ordinary,top1,0.0001,1974191.80643581,1979812.73719198,0.997160877566561,True
resolution_s4_test_centre_frozen_ord,resolution_max_b1,4,test_probe,centre_frozen,ordinary,top1,0.0003,1975737.208698972,1979812.73719198,0.9979414575851308,True
resolution_s4_test_centre_frozen_ord,resolution_max_b1,4,test_probe,centre_frozen,ordinary,top1,0.001,2099676.042195339,1979812.73719198,1.0605427486911536,True
resolution_s4_test_centre_frozen_ord,resolution_max_b1,4,test_probe,centre_frozen,ordinary,top1,0.003,1866260.708678516,1979812.73719198,0.9426450661821089,True
resolution_s4_test_centre_frozen_ord,resolution_max_b1,4,test_probe,centre_frozen,ordinary,top1,0.01,959749.3639608978,1979812.73719198,0.48476774895495184,True
resolution_s4_test_centre_frozen_ord,resolution_max_b1,4,test_probe,centre_frozen,ordinary,min,1e-05,-5101.170208465787,-3779.210938497463,1.3497976936142941,True
resolution_s4_test_centre_frozen_ord,resolution_max_b1,4,test_probe,centre_frozen,ordinary,min,3e-05,-5903.791058741664,-3779.210938497463,1.5621755850148153,True
resolution_s4_test_centre_frozen_ord,resolution_max_b1,4,test_probe,centre_frozen,ordinary,min,0.0001,-3943.756820512512,-3779.210938497463,1.0435397453841169,True
resolution_s4_test_centre_frozen_ord,resolution_max_b1,4,test_probe,centre_frozen,ordinary,min,0.0003,-3749.346545170143,-3779.210938497463,0.9920977172713219,True
resolution_s4_test_centre_frozen_ord,resolution_max_b1,4,test_probe,centre_frozen,ordinary,min,0.001,-3476.476789797678,-3779.210938497463,0.9198948792151449,True
resolution_s4_test_centre_frozen_ord,resolution_max_b1,4,test_probe,centre_frozen,ordinary,min,0.003,-981.9771592138376,-3779.210938497463,0.2598365572058414,True
resolution_s4_test_centre_frozen_ord,resolution_max_b1,4,test_probe,centre_frozen,ordinary,min,0.01,23777.973230842945,-3779.210938497463,-6.291782495818183,False
resolution_s4_test_centre_frozen_rel,resolution_max_b1,4,test_probe,centre_frozen,relative,top1,1e-05,1969468.3904591943,1996916.116889414,0.9862549427098747,True
resolution_s4_test_centre_frozen_rel,resolution_max_b1,4,test_probe,centre_frozen,relative,top1,3e-05,2011533.3179648863,1996916.116889414,1.0073198873762617,True
resolution_s4_test_centre_frozen_rel,resolution_max_b1,4,test_probe,centre_frozen,relative,top1,0.0001,1993202.548687023,1996916.116889414,0.9981403484247624,True
resolution_s4_test_centre_frozen_rel,resolution_max_b1,4,test_probe,centre_frozen,relative,top1,0.0003,1991320.014888085,1996916.116889414,0.9971976279053494,True
resolution_s4_test_centre_frozen_rel,resolution_max_b1,4,test_probe,centre_frozen,relative,top1,0.001,2107805.7872464946,1996916.116889414,1.0555304599022481,True
resolution_s4_test_centre_frozen_rel,resolution_max_b1,4,test_probe,centre_frozen,relative,top1,0.003,1865786.7228016795,1996916.116889414,0.9343340498989041,True
resolution_s4_test_centre_frozen_rel,resolution_max_b1,4,test_probe,centre_frozen,relative,top1,0.01,947163.8303585304,1996916.116889414,0.47431327853366356,True
resolution_s4_test_centre_frozen_rel,resolution_max_b1,4,test_probe,centre_frozen,relative,min,1e-05,-4371.694541926984,-3811.56984839384,1.1469538053380224,True
resolution_s4_test_centre_frozen_rel,resolution_max_b1,4,test_probe,centre_frozen,relative,min,3e-05,-5926.852717990588,-3811.56984839384,1.5549636904825732,True
resolution_s4_test_centre_frozen_rel,resolution_max_b1,4,test_probe,centre_frozen,relative,min,0.0001,-4106.103787293591,-3811.56984839384,1.0772736564237082,True
resolution_s4_test_centre_frozen_rel,resolution_max_b1,4,test_probe,centre_frozen,relative,min,0.0003,-3801.118036937822,-3811.56984839384,0.9972578722490362,True
resolution_s4_test_centre_frozen_rel,resolution_max_b1,4,test_probe,centre_frozen,relative,min,0.001,-3459.352715120989,-3811.56984839384,0.9075926331452979,True
resolution_s4_test_centre_frozen_rel,resolution_max_b1,4,test_probe,centre_frozen,relative,min,0.003,-1000.1235147856224,-3811.56984839384,0.26239149604120865,True
resolution_s4_test_centre_frozen_rel,resolution_max_b1,4,test_probe,centre_frozen,relative,min,0.01,23579.46606189987,-3811.56984839384,-6.186287277887886,False
resolution_s4_test_saved_ord,resolution_max_b1,4,test_probe,saved,ordinary,top1,1e-05,2078862.602203912,2003531.5465741167,1.0375991362644654,True
resolution_s4_test_saved_ord,resolution_max_b1,4,test_probe,saved,ordinary,top1,3e-05,2029256.662731744,2003531.5465741167,1.0128398857515448,True
resolution_s4_test_saved_ord,resolution_max_b1,4,test_probe,saved,ordinary,top1,0.0001,2012832.1369069945,2003531.5465741167,1.004642098273312,True
resolution_s4_test_saved_ord,resolution_max_b1,4,test_probe,saved,ordinary,top1,0.0003,2007162.484396102,2003531.5465741167,1.0018122688550595,True
resolution_s4_test_saved_ord,resolution_max_b1,4,test_probe,saved,ordinary,top1,0.001,2135289.085253306,2003531.5465741167,1.0657626474135058,True
resolution_s4_test_saved_ord,resolution_max_b1,4,test_probe,saved,ordinary,top1,0.003,1981078.9544838755,2003531.5465741167,0.9887934921071578,True
resolution_s4_test_saved_ord,resolution_max_b1,4,test_probe,saved,ordinary,top1,0.01,972065.0083450616,2003531.5465741167,0.4851757937164589,True
resolution_s4_test_saved_ord,resolution_max_b1,4,test_probe,saved,ordinary,min,1e-05,1514.9956622551028,-7652.38386724444,-0.19797695574838436,False
resolution_s4_test_saved_ord,resolution_max_b1,4,test_probe,saved,ordinary,min,3e-05,-2031.7386439927527,-7652.38386724444,0.26550401538133567,True
resolution_s4_test_saved_ord,resolution_max_b1,4,test_probe,saved,ordinary,min,0.0001,-4221.364052936494,-7652.38386724444,0.551640394179098,True
resolution_s4_test_saved_ord,resolution_max_b1,4,test_probe,saved,ordinary,min,0.0003,-5909.1259732444205,-7652.38386724444,0.7721941392064859,True
resolution_s4_test_saved_ord,resolution_max_b1,4,test_probe,saved,ordinary,min,0.001,-6020.278530158407,-7652.38386724444,0.7867193589082535,True
resolution_s4_test_saved_ord,resolution_max_b1,4,test_probe,saved,ordinary,min,0.003,1325.8256077017804,-7652.38386724444,-0.17325654733251108,False
resolution_s4_test_saved_ord,resolution_max_b1,4,test_probe,saved,ordinary,min,0.01,49878.9429395209,-7652.38386724444,-6.518092114148201,False
resolution_s4_test_saved_rel,resolution_max_b1,4,test_probe,saved,relative,top1,1e-05,2099049.5170902787,2021012.6809558251,1.0386127394794704,True
resolution_s4_test_saved_rel,resolution_max_b1,4,test_probe,saved,relative,top1,3e-05,2050930.27669381,2021012.6809558251,1.0148032696775735,True
resolution_s4_test_saved_rel,resolution_max_b1,4,test_probe,saved,relative,top1,0.0001,2032439.8369669705,2021012.6809558251,1.0056541733353899,True
resolution_s4_test_saved_rel,resolution_max_b1,4,test_probe,saved,relative,top1,0.0003,2024128.772129403,2021012.6809558251,1.001541846423301,True
resolution_s4_test_saved_rel,resolution_max_b1,4,test_probe,saved,relative,top1,0.001,2151214.154908643,2021012.6809558251,1.064423877781529,True
resolution_s4_test_saved_rel,resolution_max_b1,4,test_probe,saved,relative,top1,0.003,1988994.5388666184,2021012.6809558251,0.984157376947252,True
resolution_s4_test_saved_rel,resolution_max_b1,4,test_probe,saved,relative,top1,0.01,956706.1227691527,2021012.6809558251,0.47337957440063394,True
resolution_s4_test_saved_rel,resolution_max_b1,4,test_probe,saved,relative,min,1e-05,1108.4695117347107,-7702.69530409051,-0.14390670641561779,False
resolution_s4_test_saved_rel,resolution_max_b1,4,test_probe,saved,relative,min,3e-05,-2334.692397928014,-7702.69530409051,0.30310070770788217,True
resolution_s4_test_saved_rel,resolution_max_b1,4,test_probe,saved,relative,min,0.0001,-4466.4711281061645,-7702.69530409051,0.5798582121941457,True
resolution_s4_test_saved_rel,resolution_max_b1,4,test_probe,saved,relative,min,0.0003,-6034.5185204073,-7702.69530409051,0.7834294726941455,True
resolution_s4_test_saved_rel,resolution_max_b1,4,test_probe,saved,relative,min,0.001,-6027.55081063533,-7702.69530409051,0.7825248919601434,True
resolution_s4_test_saved_rel,resolution_max_b1,4,test_probe,saved,relative,min,0.003,1348.7086734860702,-7702.69530409051,-0.17509568017961707,False
resolution_s4_test_saved_rel,resolution_max_b1,4,test_probe,saved,relative,min,0.01,50282.62564518503,-7702.69530409051,-6.52792609081687,False
resolution_s4_train_centre_frozen_ord,resolution_max_b1,4,train_probe,centre_frozen,ordinary,top1,1e-05,1804710.3411944483,1730230.8518485152,1.0430459838734016,True
resolution_s4_train_centre_frozen_ord,resolution_max_b1,4,train_probe,centre_frozen,ordinary,top1,3e-05,1775921.555629371,1730230.8518485152,1.0264072876356594,True
resolution_s4_train_centre_frozen_ord,resolution_max_b1,4,train_probe,centre_frozen,ordinary,top1,0.0001,1786854.6808881946,1730230.8518485152,1.0327261700247596,True
resolution_s4_train_centre_frozen_ord,resolution_max_b1,4,train_probe,centre_frozen,ordinary,top1,0.0003,1833616.683672278,1730230.8518485152,1.059752623017506,True
resolution_s4_train_centre_frozen_ord,resolution_max_b1,4,train_probe,centre_frozen,ordinary,top1,0.001,2045738.830965779,1730230.8518485152,1.1823502215211263,True
resolution_s4_train_centre_frozen_ord,resolution_max_b1,4,train_probe,centre_frozen,ordinary,top1,0.003,1853785.2067422091,1730230.8518485152,1.0714091733838251,True
resolution_s4_train_centre_frozen_ord,resolution_max_b1,4,train_probe,centre_frozen,ordinary,top1,0.01,952237.2912403976,1730230.8518485152,0.5503527406317268,True
resolution_s4_train_centre_frozen_ord,resolution_max_b1,4,train_probe,centre_frozen,ordinary,min,1e-05,4546.328694621237,-3089.6702990358635,-1.4714607885637268,False
resolution_s4_train_centre_frozen_ord,resolution_max_b1,4,train_probe,centre_frozen,ordinary,min,3e-05,3312.643517149204,-3089.6702990358635,-1.0721673177176605,False
resolution_s4_train_centre_frozen_ord,resolution_max_b1,4,train_probe,centre_frozen,ordinary,min,0.0001,1448.0704584207692,-3089.6702990358635,-0.4686812242952401,False
resolution_s4_train_centre_frozen_ord,resolution_max_b1,4,train_probe,centre_frozen,ordinary,min,0.0003,85.12224807367811,-3089.6702990358635,-0.02755059272836996,False
resolution_s4_train_centre_frozen_ord,resolution_max_b1,4,train_probe,centre_frozen,ordinary,min,0.001,68.98534541088797,-3089.6702990358635,-0.02232773685671735,False
resolution_s4_train_centre_frozen_ord,resolution_max_b1,4,train_probe,centre_frozen,ordinary,min,0.003,2316.601040749229,-3089.6702990358635,-0.7497890766766047,False
resolution_s4_train_centre_frozen_ord,resolution_max_b1,4,train_probe,centre_frozen,ordinary,min,0.01,31751.99576642408,-3089.6702990358635,-10.276823315527336,False
resolution_s4_train_centre_frozen_rel,resolution_max_b1,4,train_probe,centre_frozen,relative,top1,1e-05,1826371.1597910067,1745120.318850386,1.0465588762350468,True
resolution_s4_train_centre_frozen_rel,resolution_max_b1,4,train_probe,centre_frozen,relative,top1,3e-05,1795175.7663322203,1745120.318850386,1.0286830924728496,True
resolution_s4_train_centre_frozen_rel,resolution_max_b1,4,train_probe,centre_frozen,relative,top1,0.0001,1805307.2053529017,1745120.318850386,1.0344886744211221,True
resolution_s4_train_centre_frozen_rel,resolution_max_b1,4,train_probe,centre_frozen,relative,top1,0.0003,1850424.2100753845,1745120.318850386,1.0603419088572463,True
resolution_s4_train_centre_frozen_rel,resolution_max_b1,4,train_probe,centre_frozen,relative,top1,0.001,2055707.465469641,1745120.318850386,1.1779746320436273,True
resolution_s4_train_centre_frozen_rel,resolution_max_b1,4,train_probe,centre_frozen,relative,top1,0.003,1851061.8561436497,1745120.318850386,1.0607072968831477,True
resolution_s4_train_centre_frozen_rel,resolution_max_b1,4,train_probe,centre_frozen,relative,top1,0.01,939894.3029719738,1745120.318850386,0.5385842413382349,True
resolution_s4_train_centre_frozen_rel,resolution_max_b1,4,train_probe,centre_frozen,relative,min,1e-05,4630.66402001111,-3111.755255831464,-1.488119610735193,False
resolution_s4_train_centre_frozen_rel,resolution_max_b1,4,train_probe,centre_frozen,relative,min,3e-05,3554.90981108887,-3111.755255831464,-1.1424130494925426,False
resolution_s4_train_centre_frozen_rel,resolution_max_b1,4,train_probe,centre_frozen,relative,min,0.0001,1574.863917030989,-3111.755255831464,-0.5061014724984159,False
resolution_s4_train_centre_frozen_rel,resolution_max_b1,4,train_probe,centre_frozen,relative,min,0.0003,123.67906267401416,-3111.755255831464,-0.039745755210741016,False
resolution_s4_train_centre_frozen_rel,resolution_max_b1,4,train_probe,centre_frozen,relative,min,0.001,109.71378767676843,-3111.755255831464,-0.0352578460247359,False
resolution_s4_train_centre_frozen_rel,resolution_max_b1,4,train_probe,centre_frozen,relative,min,0.003,2363.683886890973,-3111.755255831464,-0.7595982628972516,False
resolution_s4_train_centre_frozen_rel,resolution_max_b1,4,train_probe,centre_frozen,relative,min,0.01,31805.95302107361,-3111.755255831464,-10.221225773289495,False
resolution_s4_train_saved_ord,resolution_max_b1,4,train_probe,saved,ordinary,top1,1e-05,1778809.105775769,1733399.2011790455,1.026197026377903,True
resolution_s4_train_saved_ord,resolution_max_b1,4,train_probe,saved,ordinary,top1,3e-05,1792237.192598862,1733399.2011790455,1.0339437051660088,True
resolution_s4_train_saved_ord,resolution_max_b1,4,train_probe,saved,ordinary,top1,0.0001,1791635.272154468,1733399.2011790455,1.033596456566849,True
resolution_s4_train_saved_ord,resolution_max_b1,4,train_probe,saved,ordinary,top1,0.0003,1845571.4838121145,1733399.2011790455,1.064712319330002,True
resolution_s4_train_saved_ord,resolution_max_b1,4,train_probe,saved,ordinary,top1,0.001,2059560.4037166832,1733399.2011790455,1.1881627742275322,True
resolution_s4_train_saved_ord,resolution_max_b1,4,train_probe,saved,ordinary,top1,0.003,1901419.6670345096,1733399.2011790455,1.0969312006958223,True
resolution_s4_train_saved_ord,resolution_max_b1,4,train_probe,saved,ordinary,top1,0.01,987724.8964600328,1733399.2011790455,0.5698196328855981,True
resolution_s4_train_saved_ord,resolution_max_b1,4,train_probe,saved,ordinary,min,1e-05,-677.9415495650197,-6884.414192321211,0.0984748346956212,True
resolution_s4_train_saved_ord,resolution_max_b1,4,train_probe,saved,ordinary,min,3e-05,-1873.5438947173025,-6884.414192321211,0.2721428203443991,True
resolution_s4_train_saved_ord,resolution_max_b1,4,train_probe,saved,ordinary,min,0.0001,-2452.33873686912,-6884.414192321211,0.35621603645004796,True
resolution_s4_train_saved_ord,resolution_max_b1,4,train_probe,saved,ordinary,min,0.0003,-1750.464645035156,-6884.414192321211,0.2542648649739294,True
resolution_s4_train_saved_ord,resolution_max_b1,4,train_probe,saved,ordinary,min,0.001,-772.2215719648817,-6884.414192321211,0.11216953983190145,True
resolution_s4_train_saved_ord,resolution_max_b1,4,train_probe,saved,ordinary,min,0.003,6749.869069744804,-6884.414192321211,-0.9804565619066794,False
resolution_s4_train_saved_ord,resolution_max_b1,4,train_probe,saved,ordinary,min,0.01,72279.82117425157,-6884.414192321211,-10.49905179366918,False
resolution_s4_train_saved_rel,resolution_max_b1,4,train_probe,saved,relative,top1,1e-05,1795656.984133753,1748116.580373093,1.0271952135769535,True
resolution_s4_train_saved_rel,resolution_max_b1,4,train_probe,saved,relative,top1,3e-05,1809158.1738969667,1748116.580373093,1.034918491254654,True
resolution_s4_train_saved_rel,resolution_max_b1,4,train_probe,saved,relative,top1,0.0001,1808158.521914127,1748116.580373093,1.0343466461076751,True
resolution_s4_train_saved_rel,resolution_max_b1,4,train_probe,saved,relative,top1,0.0003,1862794.065869569,1748116.580373093,1.0656005936812298,True
resolution_s4_train_saved_rel,resolution_max_b1,4,train_probe,saved,relative,top1,0.001,2074171.0457873424,1748116.580373093,1.18651757501474,True
resolution_s4_train_saved_rel,resolution_max_b1,4,train_probe,saved,relative,top1,0.003,1901213.8148177064,1748116.580373093,1.0875783893153959,True
resolution_s4_train_saved_rel,resolution_max_b1,4,train_probe,saved,relative,top1,0.01,974197.5786205884,1748116.580373093,0.5572841019634226,True
resolution_s4_train_saved_rel,resolution_max_b1,4,train_probe,saved,relative,min,1e-05,-857.7734600390129,-6927.560692338122,0.12382041791242765,True
resolution_s4_train_saved_rel,resolution_max_b1,4,train_probe,saved,relative,min,3e-05,-1838.8927528848835,-6927.560692338122,0.265445924554468,True
resolution_s4_train_saved_rel,resolution_max_b1,4,train_probe,saved,relative,min,0.0001,-2348.686155373425,-6927.560692338122,0.33903508892691053,True
resolution_s4_train_saved_rel,resolution_max_b1,4,train_probe,saved,relative,min,0.0003,-1725.0122952616746,-6927.560692338122,0.2490071717696443,True
resolution_s4_train_saved_rel,resolution_max_b1,4,train_probe,saved,relative,min,0.001,-732.1405205057418,-6927.560692338122,0.10568518314325111,True
resolution_s4_train_saved_rel,resolution_max_b1,4,train_probe,saved,relative,min,0.003,6867.88747616988,-6927.560692338122,-0.9913861142733487,False
resolution_s4_train_saved_rel,resolution_max_b1,4,train_probe,saved,relative,min,0.01,73053.24387374775,-6927.560692338122,-10.545305500469247,False
gaussian_s0_test_centre_frozen_ord,gaussian_postrelu,0,test_probe,centre_frozen,ordinary,top1,1e-05,1533281.6895141653,1532133.5467284997,1.0007493751364671,True
gaussian_s0_test_centre_frozen_ord,gaussian_postrelu,0,test_probe,centre_frozen,ordinary,top1,3e-05,1539633.5655198316,1532133.5467284997,1.0048951469063165,True
gaussian_s0_test_centre_frozen_ord,gaussian_postrelu,0,test_probe,centre_frozen,ordinary,top1,0.0001,1525229.834837183,1532133.5467284997,0.9954940534354476,True
gaussian_s0_test_centre_frozen_ord,gaussian_postrelu,0,test_probe,centre_frozen,ordinary,top1,0.0003,1525663.7722731056,1532133.5467284997,0.9957772777254249,True
gaussian_s0_test_centre_frozen_ord,gaussian_postrelu,0,test_probe,centre_frozen,ordinary,top1,0.001,1613427.8636138414,1532133.5467284997,1.053059550232371,True
gaussian_s0_test_centre_frozen_ord,gaussian_postrelu,0,test_probe,centre_frozen,ordinary,top1,0.003,1551415.1377465485,1532133.5467284997,1.0125847978847666,True
gaussian_s0_test_centre_frozen_ord,gaussian_postrelu,0,test_probe,centre_frozen,ordinary,top1,0.01,757703.8680099613,1532133.5467284997,0.4945416603062145,True
gaussian_s0_test_centre_frozen_ord,gaussian_postrelu,0,test_probe,centre_frozen,ordinary,min,1e-05,-6668.994922964798,-6209.430962008319,1.0740106402290754,True
gaussian_s0_test_centre_frozen_ord,gaussian_postrelu,0,test_probe,centre_frozen,ordinary,min,3e-05,-1073.658153247534,-6209.430962008319,0.1729076560825922,True
gaussian_s0_test_centre_frozen_ord,gaussian_postrelu,0,test_probe,centre_frozen,ordinary,min,0.0001,-3218.5206314094826,-6209.430962008319,0.5183277905981445,True
gaussian_s0_test_centre_frozen_ord,gaussian_postrelu,0,test_probe,centre_frozen,ordinary,min,0.0003,-5725.122501513507,-6209.430962008319,0.9220043731127704,True
gaussian_s0_test_centre_frozen_ord,gaussian_postrelu,0,test_probe,centre_frozen,ordinary,min,0.001,-5592.712396509381,-6209.430962008319,0.9006803410373255,True
gaussian_s0_test_centre_frozen_ord,gaussian_postrelu,0,test_probe,centre_frozen,ordinary,min,0.003,-795.8431784647057,-6209.430962008319,0.12816684545395218,True
gaussian_s0_test_centre_frozen_ord,gaussian_postrelu,0,test_probe,centre_frozen,ordinary,min,0.01,35311.362510759005,-6209.430962008319,-5.686730833599322,False
gaussian_s0_test_centre_frozen_rel,gaussian_postrelu,0,test_probe,centre_frozen,relative,top1,1e-05,1550223.4821229696,1544867.6794814563,1.0034668358414431,True
gaussian_s0_test_centre_frozen_rel,gaussian_postrelu,0,test_probe,centre_frozen,relative,top1,3e-05,1550113.8013905722,1544867.6794814563,1.0033958389956588,True
gaussian_s0_test_centre_frozen_rel,gaussian_postrelu,0,test_probe,centre_frozen,relative,top1,0.0001,1535132.7443986265,1544867.6794814563,0.9936985314586312,True
gaussian_s0_test_centre_frozen_rel,gaussian_postrelu,0,test_probe,centre_frozen,relative,top1,0.0003,1536564.382008981,1544867.6794814563,0.9946252371107521,True
gaussian_s0_test_centre_frozen_rel,gaussian_postrelu,0,test_probe,centre_frozen,relative,top1,0.001,1631478.3310238712,1544867.6794814563,1.0560634756573368,True
gaussian_s0_test_centre_frozen_rel,gaussian_postrelu,0,test_probe,centre_frozen,relative,top1,0.003,1587216.7755194097,1544867.6794814563,1.0274127658960204,True
gaussian_s0_test_centre_frozen_rel,gaussian_postrelu,0,test_probe,centre_frozen,relative,top1,0.01,770891.7226482357,1544867.6794814563,0.4990017804676903,True
gaussian_s0_test_centre_frozen_rel,gaussian_postrelu,0,test_probe,centre_frozen,relative,min,1e-05,-6582.327438664492,-6254.245710124122,1.0524574415119772,True
gaussian_s0_test_centre_frozen_rel,gaussian_postrelu,0,test_probe,centre_frozen,relative,min,3e-05,-254.79216243024575,-6254.245710124122,0.040739071382788566,True
gaussian_s0_test_centre_frozen_rel,gaussian_postrelu,0,test_probe,centre_frozen,relative,min,0.0001,-2661.4486153819785,-6254.245710124122,0.42554270150815027,True
gaussian_s0_test_centre_frozen_rel,gaussian_postrelu,0,test_probe,centre_frozen,relative,min,0.0003,-5335.141756451162,-6254.245710124122,0.8530431971700199,True
gaussian_s0_test_centre_frozen_rel,gaussian_postrelu,0,test_probe,centre_frozen,relative,min,0.001,-5654.99248581447,-6254.245710124122,0.9041845728351214,True
gaussian_s0_test_centre_frozen_rel,gaussian_postrelu,0,test_probe,centre_frozen,relative,min,0.003,-791.6328087149211,-6254.245710124122,0.12657526509287248,True
gaussian_s0_test_centre_frozen_rel,gaussian_postrelu,0,test_probe,centre_frozen,relative,min,0.01,35556.24270393492,-6254.245710124122,-5.685136841742227,False
gaussian_s0_test_saved_ord,gaussian_postrelu,0,test_probe,saved,ordinary,top1,1e-05,1405370.9834982438,1502061.7785848456,0.9356279505509433,True
gaussian_s0_test_saved_ord,gaussian_postrelu,0,test_probe,saved,ordinary,top1,3e-05,1445826.7658125202,1502061.7785848456,0.9625614514835024,True
gaussian_s0_test_saved_ord,gaussian_postrelu,0,test_probe,saved,ordinary,top1,0.0001,1472626.144084943,1502061.7785848456,0.9804031798694491,True
gaussian_s0_test_saved_ord,gaussian_postrelu,0,test_probe,saved,ordinary,top1,0.0003,1489493.251642276,1502061.7785848456,0.9916324833493794,True
gaussian_s0_test_saved_ord,gaussian_postrelu,0,test_probe,saved,ordinary,top1,0.001,1619398.3833985426,1502061.7785848456,1.0781170298629426,True
gaussian_s0_test_saved_ord,gaussian_postrelu,0,test_probe,saved,ordinary,top1,0.003,1665734.6054085616,1502061.7785848456,1.1089654428048352,True
gaussian_s0_test_saved_ord,gaussian_postrelu,0,test_probe,saved,ordinary,top1,0.01,807580.8864738315,1502061.7785848456,0.5376482498840273,True
gaussian_s0_test_saved_ord,gaussian_postrelu,0,test_probe,saved,ordinary,min,1e-05,-7747.914940736677,-6704.680559434029,1.1555979247713348,True
gaussian_s0_test_saved_ord,gaussian_postrelu,0,test_probe,saved,ordinary,min,3e-05,-13202.748303520197,-6704.680559434029,1.9691837942887314,True
gaussian_s0_test_saved_ord,gaussian_postrelu,0,test_probe,saved,ordinary,min,0.0001,-12067.66375976276,-6704.680559434029,1.7998864603299523,True
gaussian_s0_test_saved_ord,gaussian_postrelu,0,test_probe,saved,ordinary,min,0.0003,-8562.326651049034,-6704.680559434029,1.27706705414938,True
gaussian_s0_test_saved_ord,gaussian_postrelu,0,test_probe,saved,ordinary,min,0.001,-6673.8749337234,-6704.680559434029,0.9954053551936516,True
gaussian_s0_test_saved_ord,gaussian_postrelu,0,test_probe,saved,ordinary,min,0.003,-540.4762830491825,-6704.680559434029,0.08061178728175028,True
gaussian_s0_test_saved_ord,gaussian_postrelu,0,test_probe,saved,ordinary,min,0.01,57085.02036401191,-6704.680559434029,-8.514204346945158,False
gaussian_s0_test_saved_rel,gaussian_postrelu,0,test_probe,saved,relative,top1,1e-05,1417510.3764979544,1515054.7143564075,0.9356166236544864,True
gaussian_s0_test_saved_rel,gaussian_postrelu,0,test_probe,saved,relative,top1,3e-05,1456757.203181564,1515054.7143564075,0.9615211842698315,True
gaussian_s0_test_saved_rel,gaussian_postrelu,0,test_probe,saved,relative,top1,0.0001,1484100.5633833949,1515054.7143564075,0.9795689550484902,True
gaussian_s0_test_saved_rel,gaussian_postrelu,0,test_probe,saved,relative,top1,0.0003,1500345.2486569402,1515054.7143564075,0.9902911323531204,True
gaussian_s0_test_saved_rel,gaussian_postrelu,0,test_probe,saved,relative,top1,0.001,1641299.511013535,1515054.7143564075,1.0833268894257433,True
gaussian_s0_test_saved_rel,gaussian_postrelu,0,test_probe,saved,relative,top1,0.003,1708331.578101711,1515054.7143564075,1.127570880387252,True
gaussian_s0_test_saved_rel,gaussian_postrelu,0,test_probe,saved,relative,top1,0.01,814490.1203639829,1515054.7143564075,0.5375978257722374,True
gaussian_s0_test_saved_rel,gaussian_postrelu,0,test_probe,saved,relative,min,1e-05,-8167.67917077854,-6750.646115843587,1.2099107301165164,True
gaussian_s0_test_saved_rel,gaussian_postrelu,0,test_probe,saved,relative,min,3e-05,-13423.64759349124,-6750.646115843587,1.9884981916006967,True
gaussian_s0_test_saved_rel,gaussian_postrelu,0,test_probe,saved,relative,min,0.0001,-11994.987139729574,-6750.646115843587,1.7768650487510607,True
gaussian_s0_test_saved_rel,gaussian_postrelu,0,test_probe,saved,relative,min,0.0003,-8486.40432497858,-6750.646115843587,1.2571247521124258,True
gaussian_s0_test_saved_rel,gaussian_postrelu,0,test_probe,saved,relative,min,0.001,-6727.59279997548,-6750.646115843587,0.9965850208302283,True
gaussian_s0_test_saved_rel,gaussian_postrelu,0,test_probe,saved,relative,min,0.003,-506.9183952101961,-6750.646115843587,0.07509183365729571,True
gaussian_s0_test_saved_rel,gaussian_postrelu,0,test_probe,saved,relative,min,0.01,56872.861720336994,-6750.646115843587,-8.42480271434432,False
gaussian_s0_train_centre_frozen_ord,gaussian_postrelu,0,train_probe,centre_frozen,ordinary,top1,1e-05,1527747.34631933,1487688.342123988,1.0269270135827973,True
gaussian_s0_train_centre_frozen_ord,gaussian_postrelu,0,train_probe,centre_frozen,ordinary,top1,3e-05,1506529.5841498738,1487688.342123988,1.0126647776233737,True
gaussian_s0_train_centre_frozen_ord,gaussian_postrelu,0,train_probe,centre_frozen,ordinary,top1,0.0001,1531522.6203948318,1487688.342123988,1.029464691649234,True
gaussian_s0_train_centre_frozen_ord,gaussian_postrelu,0,train_probe,centre_frozen,ordinary,top1,0.0003,1591089.1244530752,1487688.342123988,1.0695043305787157,True
gaussian_s0_train_centre_frozen_ord,gaussian_postrelu,0,train_probe,centre_frozen,ordinary,top1,0.001,1908601.0634636497,1487688.342123988,1.282930711642682,True
gaussian_s0_train_centre_frozen_ord,gaussian_postrelu,0,train_probe,centre_frozen,ordinary,top1,0.003,1742821.0235322155,1487688.342123988,1.1714960547744644,True
gaussian_s0_train_centre_frozen_ord,gaussian_postrelu,0,train_probe,centre_frozen,ordinary,top1,0.01,747892.2177897635,1487688.342123988,0.5027210314238196,True
gaussian_s0_train_centre_frozen_ord,gaussian_postrelu,0,train_probe,centre_frozen,ordinary,min,1e-05,3716.7354716149953,-3251.0933225297854,-1.1432263250821966,False
gaussian_s0_train_centre_frozen_ord,gaussian_postrelu,0,train_probe,centre_frozen,ordinary,min,3e-05,2107.2044689398854,-3251.0933225297854,-0.6481525628123768,False
gaussian_s0_train_centre_frozen_ord,gaussian_postrelu,0,train_probe,centre_frozen,ordinary,min,0.0001,-366.261226170117,-3251.0933225297854,0.11265786301240864,True
gaussian_s0_train_centre_frozen_ord,gaussian_postrelu,0,train_probe,centre_frozen,ordinary,min,0.0003,-1166.950407085723,-3251.0933225297854,0.3589409135071151,True
gaussian_s0_train_centre_frozen_ord,gaussian_postrelu,0,train_probe,centre_frozen,ordinary,min,0.001,-494.0507533455208,-3251.0933225297854,0.15196449450460045,True
gaussian_s0_train_centre_frozen_ord,gaussian_postrelu,0,train_probe,centre_frozen,ordinary,min,0.003,1732.52908867336,-3251.0933225297854,-0.5329065999634919,False
gaussian_s0_train_centre_frozen_ord,gaussian_postrelu,0,train_probe,centre_frozen,ordinary,min,0.01,40486.0229186992,-3251.0933225297854,-12.453048529285422,False
gaussian_s0_train_centre_frozen_rel,gaussian_postrelu,0,train_probe,centre_frozen,relative,top1,1e-05,1547857.8154370922,1503427.7428635168,1.0295525160982804,True
gaussian_s0_train_centre_frozen_rel,gaussian_postrelu,0,train_probe,centre_frozen,relative,top1,3e-05,1526946.5298264583,1503427.7428635168,1.0156434435073989,True
gaussian_s0_train_centre_frozen_rel,gaussian_postrelu,0,train_probe,centre_frozen,relative,top1,0.0001,1549498.8639200956,1503427.7428635168,1.0306440540792663,True
gaussian_s0_train_centre_frozen_rel,gaussian_postrelu,0,train_probe,centre_frozen,relative,top1,0.0003,1608690.660104063,1503427.7428635168,1.070015281905106,True
gaussian_s0_train_centre_frozen_rel,gaussian_postrelu,0,train_probe,centre_frozen,relative,top1,0.001,1933472.2936310484,1503427.7428635168,1.2860427132656496,True
gaussian_s0_train_centre_frozen_rel,gaussian_postrelu,0,train_probe,centre_frozen,relative,top1,0.003,1763843.7285374072,1503427.7428635168,1.173214833177075,True
gaussian_s0_train_centre_frozen_rel,gaussian_postrelu,0,train_probe,centre_frozen,relative,top1,0.01,747623.7063979539,1503427.7428635168,0.4972794402303538,True
gaussian_s0_train_centre_frozen_rel,gaussian_postrelu,0,train_probe,centre_frozen,relative,min,1e-05,4101.717367976931,-3274.7814923568862,-1.2525163518695999,False
gaussian_s0_train_centre_frozen_rel,gaussian_postrelu,0,train_probe,centre_frozen,relative,min,3e-05,2336.8846206276808,-3274.7814923568862,-0.7136001672422444,False
gaussian_s0_train_centre_frozen_rel,gaussian_postrelu,0,train_probe,centre_frozen,relative,min,0.0001,-478.2218642418457,-3274.7814923568862,0.14603168649816256,True
gaussian_s0_train_centre_frozen_rel,gaussian_postrelu,0,train_probe,centre_frozen,relative,min,0.0003,-1077.2581316715386,-3274.7814923568862,0.3289557285534271,True
gaussian_s0_train_centre_frozen_rel,gaussian_postrelu,0,train_probe,centre_frozen,relative,min,0.001,-389.5028728245764,-3274.7814923568862,0.11894011057948421,True
gaussian_s0_train_centre_frozen_rel,gaussian_postrelu,0,train_probe,centre_frozen,relative,min,0.003,1728.2133210072054,-3274.7814923568862,-0.527733934322255,False
gaussian_s0_train_centre_frozen_rel,gaussian_postrelu,0,train_probe,centre_frozen,relative,min,0.01,38235.91625854606,-3274.7814923568862,-11.675867946544233,False
gaussian_s0_train_saved_ord,gaussian_postrelu,0,train_probe,saved,ordinary,top1,1e-05,1475159.6911632966,1467640.276998605,1.0051234722040123,True
gaussian_s0_train_saved_ord,gaussian_postrelu,0,train_probe,saved,ordinary,top1,3e-05,1480763.1111878206,1467640.276998605,1.0089414513862023,True
gaussian_s0_train_saved_ord,gaussian_postrelu,0,train_probe,saved,ordinary,top1,0.0001,1490347.2916492634,1467640.276998605,1.0154717848825294,True
gaussian_s0_train_saved_ord,gaussian_postrelu,0,train_probe,saved,ordinary,top1,0.0003,1550520.5090998202,1467640.276998605,1.0564717617798751,True
gaussian_s0_train_saved_ord,gaussian_postrelu,0,train_probe,saved,ordinary,top1,0.001,1856338.467396252,1467640.276998605,1.264845682208009,True
gaussian_s0_train_saved_ord,gaussian_postrelu,0,train_probe,saved,ordinary,top1,0.003,1684175.767027194,1467640.276998605,1.147539893407269,True
gaussian_s0_train_saved_ord,gaussian_postrelu,0,train_probe,saved,ordinary,top1,0.01,711093.8416911768,1467640.276998605,0.48451507691339585,True
gaussian_s0_train_saved_ord,gaussian_postrelu,0,train_probe,saved,ordinary,min,1e-05,-3236.4903534976,-3242.0314393616186,0.9982908599229656,True
gaussian_s0_train_saved_ord,gaussian_postrelu,0,train_probe,saved,ordinary,min,3e-05,109.64621815428504,-3242.0314393616186,-0.03382022050220316,False
gaussian_s0_train_saved_ord,gaussian_postrelu,0,train_probe,saved,ordinary,min,0.0001,-2159.75725896822,-3242.0314393616186,0.6661740638127474,True
gaussian_s0_train_saved_ord,gaussian_postrelu,0,train_probe,saved,ordinary,min,0.0003,-2102.451994657874,-3242.0314393616186,0.6484983362998673,True
gaussian_s0_train_saved_ord,gaussian_postrelu,0,train_probe,saved,ordinary,min,0.001,-1088.2285971381966,-3242.0314393616186,0.33566256758832586,True
gaussian_s0_train_saved_ord,gaussian_postrelu,0,train_probe,saved,ordinary,min,0.003,2664.1099446346675,-3242.0314393616186,-0.8217409344923724,False
gaussian_s0_train_saved_ord,gaussian_postrelu,0,train_probe,saved,ordinary,min,0.01,74135.61269228125,-3242.0314393616186,-22.86702460444959,False
gaussian_s0_train_saved_rel,gaussian_postrelu,0,train_probe,saved,relative,top1,1e-05,1487447.0881076627,1482847.952864973,1.00310155551269,True
gaussian_s0_train_saved_rel,gaussian_postrelu,0,train_probe,saved,relative,top1,3e-05,1493988.9786837036,1482847.952864973,1.0075132624334175,True
gaussian_s0_train_saved_rel,gaussian_postrelu,0,train_probe,saved,relative,top1,0.0001,1504906.5356398162,1482847.952864973,1.0148758223877399,True
gaussian_s0_train_saved_rel,gaussian_postrelu,0,train_probe,saved,relative,top1,0.0003,1567198.4602183197,1482847.952864973,1.0568841243570355,True
gaussian_s0_train_saved_rel,gaussian_postrelu,0,train_probe,saved,relative,top1,0.001,1880569.7630511348,1482847.952864973,1.2682148290509039,True
gaussian_s0_train_saved_rel,gaussian_postrelu,0,train_probe,saved,relative,top1,0.003,1706746.8553897173,1482847.952864973,1.1509924885367746,True
gaussian_s0_train_saved_rel,gaussian_postrelu,0,train_probe,saved,relative,top1,0.01,712258.3205143915,1482847.952864973,0.48033132401623185,True
gaussian_s0_train_saved_rel,gaussian_postrelu,0,train_probe,saved,relative,min,1e-05,-3149.5991081875723,-3266.0640697620247,0.9643408827607787,True
gaussian_s0_train_saved_rel,gaussian_postrelu,0,train_probe,saved,relative,min,3e-05,-12.540771754387947,-3266.0640697620247,0.0038397200687191988,True
gaussian_s0_train_saved_rel,gaussian_postrelu,0,train_probe,saved,relative,min,0.0001,-2307.2543773094976,-3266.0640697620247,0.7064326749345157,True
gaussian_s0_train_saved_rel,gaussian_postrelu,0,train_probe,saved,relative,min,0.0003,-2178.48802273293,-3266.0640697620247,0.66700713035665,True
gaussian_s0_train_saved_rel,gaussian_postrelu,0,train_probe,saved,relative,min,0.001,-1044.4761787627988,-3266.0640697620247,0.3197965981233499,True
gaussian_s0_train_saved_rel,gaussian_postrelu,0,train_probe,saved,relative,min,0.003,2668.8068937258267,-3266.0640697620247,-0.8171324373071114,False
gaussian_s0_train_saved_rel,gaussian_postrelu,0,train_probe,saved,relative,min,0.01,75114.11190765683,-3266.0640697620247,-22.998358361393034,False
gaussian_s1_test_centre_frozen_ord,gaussian_postrelu,1,test_probe,centre_frozen,ordinary,top1,1e-05,1770507.6605678543,1768537.1946374224,1.0011141783935371,True
gaussian_s1_test_centre_frozen_ord,gaussian_postrelu,1,test_probe,centre_frozen,ordinary,top1,3e-05,1720582.354586152,1768537.1946374224,0.972884460560581,True
gaussian_s1_test_centre_frozen_ord,gaussian_postrelu,1,test_probe,centre_frozen,ordinary,top1,0.0001,1744924.230746392,1768537.1946374224,0.9866483080126163,True
gaussian_s1_test_centre_frozen_ord,gaussian_postrelu,1,test_probe,centre_frozen,ordinary,top1,0.0003,1774200.0423106367,1768537.1946374224,1.003201995236733,True
gaussian_s1_test_centre_frozen_ord,gaussian_postrelu,1,test_probe,centre_frozen,ordinary,top1,0.001,1883855.3139040591,1768537.1946374224,1.0652053683780616,True
gaussian_s1_test_centre_frozen_ord,gaussian_postrelu,1,test_probe,centre_frozen,ordinary,top1,0.003,1527376.8600914094,1768537.1946374224,0.8636385283401096,True
gaussian_s1_test_centre_frozen_ord,gaussian_postrelu,1,test_probe,centre_frozen,ordinary,top1,0.01,729655.711142062,1768537.1946374224,0.41257583575540957,True
gaussian_s1_test_centre_frozen_ord,gaussian_postrelu,1,test_probe,centre_frozen,ordinary,min,1e-05,-8241.600677472148,-4838.718441541765,1.7032610549759784,True
gaussian_s1_test_centre_frozen_ord,gaussian_postrelu,1,test_probe,centre_frozen,ordinary,min,3e-05,-6965.346271857618,-4838.718441541765,1.4395022888825588,True
gaussian_s1_test_centre_frozen_ord,gaussian_postrelu,1,test_probe,centre_frozen,ordinary,min,0.0001,-6795.220208810626,-4838.718441541765,1.404342966201906,True
gaussian_s1_test_centre_frozen_ord,gaussian_postrelu,1,test_probe,centre_frozen,ordinary,min,0.0003,-6037.158728439747,-4838.718441541765,1.2476772106864151,True
gaussian_s1_test_centre_frozen_ord,gaussian_postrelu,1,test_probe,centre_frozen,ordinary,min,0.001,-4496.7838663050325,-4838.718441541765,0.9293336491123089,True
gaussian_s1_test_centre_frozen_ord,gaussian_postrelu,1,test_probe,centre_frozen,ordinary,min,0.003,-176.2669431027122,-4838.718441541765,0.03642843559348498,True
gaussian_s1_test_centre_frozen_ord,gaussian_postrelu,1,test_probe,centre_frozen,ordinary,min,0.01,54531.7464633894,-4838.718441541765,-11.26987385651931,False
gaussian_s1_test_centre_frozen_rel,gaussian_postrelu,1,test_probe,centre_frozen,relative,top1,1e-05,1785573.5263982983,1793459.9917805947,0.9956026532967337,True
gaussian_s1_test_centre_frozen_rel,gaussian_postrelu,1,test_probe,centre_frozen,relative,top1,3e-05,1741465.0803592044,1793459.9917805947,0.9710086025561304,True
gaussian_s1_test_centre_frozen_rel,gaussian_postrelu,1,test_probe,centre_frozen,relative,top1,0.0001,1771875.6326763562,1793459.9917805947,0.9879649620269427,True
gaussian_s1_test_centre_frozen_rel,gaussian_postrelu,1,test_probe,centre_frozen,relative,top1,0.0003,1797147.509935192,1793459.9917805947,1.0020560916727985,True
gaussian_s1_test_centre_frozen_rel,gaussian_postrelu,1,test_probe,centre_frozen,relative,top1,0.001,1906013.5588807284,1793459.9917805947,1.0627577797196288,True
gaussian_s1_test_centre_frozen_rel,gaussian_postrelu,1,test_probe,centre_frozen,relative,top1,0.003,1534914.2312123328,1793459.9917805947,0.8558396832083381,True
gaussian_s1_test_centre_frozen_rel,gaussian_postrelu,1,test_probe,centre_frozen,relative,top1,0.01,704337.2950449022,1793459.9917805947,0.3927254013319904,True
gaussian_s1_test_centre_frozen_rel,gaussian_postrelu,1,test_probe,centre_frozen,relative,min,1e-05,-7595.108268976246,-4884.293597548551,1.5550064952664324,True
gaussian_s1_test_centre_frozen_rel,gaussian_postrelu,1,test_probe,centre_frozen,relative,min,3e-05,-6779.315074990756,-4884.293597548551,1.3879827122581914,True
gaussian_s1_test_centre_frozen_rel,gaussian_postrelu,1,test_probe,centre_frozen,relative,min,0.0001,-6916.567554782205,-4884.293597548551,1.4160834963429842,True
gaussian_s1_test_centre_frozen_rel,gaussian_postrelu,1,test_probe,centre_frozen,relative,min,0.0003,-6140.467652040707,-4884.293597548551,1.25718643431317,True
gaussian_s1_test_centre_frozen_rel,gaussian_postrelu,1,test_probe,centre_frozen,relative,min,0.001,-4601.39839520779,-4884.293597548551,0.942080631171978,True
gaussian_s1_test_centre_frozen_rel,gaussian_postrelu,1,test_probe,centre_frozen,relative,min,0.003,-245.53395757936292,-4884.293597548551,0.05027010614239028,True
gaussian_s1_test_centre_frozen_rel,gaussian_postrelu,1,test_probe,centre_frozen,relative,min,0.01,54571.93008330248,-4884.293597548551,-11.172942206154925,False
gaussian_s1_test_saved_ord,gaussian_postrelu,1,test_probe,saved,ordinary,top1,1e-05,1758579.2034591206,1846149.25759291,0.9525661027819782,True
gaussian_s1_test_saved_ord,gaussian_postrelu,1,test_probe,saved,ordinary,top1,3e-05,1778374.8569261744,1846149.25759291,0.9632887750608513,True
gaussian_s1_test_saved_ord,gaussian_postrelu,1,test_probe,saved,ordinary,top1,0.0001,1801504.3406175207,1846149.25759291,0.9758172765328849,True
gaussian_s1_test_saved_ord,gaussian_postrelu,1,test_probe,saved,ordinary,top1,0.0003,1838178.4179206395,1846149.25759291,0.9956824511130464,True
gaussian_s1_test_saved_ord,gaussian_postrelu,1,test_probe,saved,ordinary,top1,0.001,1995918.2358729984,1846149.25759291,1.081125064869004,True
gaussian_s1_test_saved_ord,gaussian_postrelu,1,test_probe,saved,ordinary,top1,0.003,1630788.785907399,1846149.25759291,0.883346121230573,True
gaussian_s1_test_saved_ord,gaussian_postrelu,1,test_probe,saved,ordinary,top1,0.01,736788.121268429,1846149.25759291,0.3990945576248182,True
gaussian_s1_test_saved_ord,gaussian_postrelu,1,test_probe,saved,ordinary,min,1e-05,-8782.281377683885,-4195.357716276817,2.0933331485920936,True
gaussian_s1_test_saved_ord,gaussian_postrelu,1,test_probe,saved,ordinary,min,3e-05,-12530.275740206696,-4195.357716276817,2.9867002023671843,True
gaussian_s1_test_saved_ord,gaussian_postrelu,1,test_probe,saved,ordinary,min,0.0001,-9265.54652971312,-4195.357716276817,2.208523600684963,True
gaussian_s1_test_saved_ord,gaussian_postrelu,1,test_probe,saved,ordinary,min,0.0003,-7397.946046477306,-4195.357716276817,1.7633647824058816,True
gaussian_s1_test_saved_ord,gaussian_postrelu,1,test_probe,saved,ordinary,min,0.001,-5560.029510363496,-4195.357716276817,1.3252813910938115,True
gaussian_s1_test_saved_ord,gaussian_postrelu,1,test_probe,saved,ordinary,min,0.003,-1571.3659207485796,-4195.357716276817,0.37454873386651116,True
gaussian_s1_test_saved_ord,gaussian_postrelu,1,test_probe,saved,ordinary,min,0.01,28975.67930882709,-4195.357716276817,-6.906605173716067,False
gaussian_s1_test_saved_rel,gaussian_postrelu,1,test_probe,saved,relative,top1,1e-05,1769351.1664962354,1871700.0346993164,0.9453176971172504,True
gaussian_s1_test_saved_rel,gaussian_postrelu,1,test_probe,saved,relative,top1,3e-05,1801714.4088607517,1871700.0346993164,0.9626085245813399,True
gaussian_s1_test_saved_rel,gaussian_postrelu,1,test_probe,saved,relative,top1,0.0001,1828996.9979258024,1871700.0346993164,0.9771848928878317,True
gaussian_s1_test_saved_rel,gaussian_postrelu,1,test_probe,saved,relative,top1,0.0003,1863332.250150664,1871700.0346993164,0.9955293132481046,True
gaussian_s1_test_saved_rel,gaussian_postrelu,1,test_probe,saved,relative,top1,0.001,2015913.7069315675,1871700.0346993164,1.0770495643311877,True
gaussian_s1_test_saved_rel,gaussian_postrelu,1,test_probe,saved,relative,top1,0.003,1636185.1058575625,1871700.0346993164,0.8741705805013843,True
gaussian_s1_test_saved_rel,gaussian_postrelu,1,test_probe,saved,relative,top1,0.01,722226.3292132978,1871700.0346993164,0.38586649346796725,True
gaussian_s1_test_saved_rel,gaussian_postrelu,1,test_probe,saved,relative,min,1e-05,-9177.074220545475,-4236.080495254986,2.1664069487879436,True
gaussian_s1_test_saved_rel,gaussian_postrelu,1,test_probe,saved,relative,min,3e-05,-12963.729310773904,-4236.080495254986,3.0603123159003065,True
gaussian_s1_test_saved_rel,gaussian_postrelu,1,test_probe,saved,relative,min,0.0001,-9507.608500980425,-4236.080495254986,2.2444352772876486,True
gaussian_s1_test_saved_rel,gaussian_postrelu,1,test_probe,saved,relative,min,0.0003,-7506.407521616787,-4236.080495254986,1.7720172055335193,True
gaussian_s1_test_saved_rel,gaussian_postrelu,1,test_probe,saved,relative,min,0.001,-5587.239702321334,-4236.080495254986,1.3189644787392116,True
gaussian_s1_test_saved_rel,gaussian_postrelu,1,test_probe,saved,relative,min,0.003,-1714.3328131568787,-4236.080495254986,0.40469788406456764,True
gaussian_s1_test_saved_rel,gaussian_postrelu,1,test_probe,saved,relative,min,0.01,28056.786588481697,-4236.080495254986,-6.623289292993675,False
gaussian_s1_train_centre_frozen_ord,gaussian_postrelu,1,train_probe,centre_frozen,ordinary,top1,1e-05,1469391.867116032,1463294.7168516975,1.0041667274501287,True
gaussian_s1_train_centre_frozen_ord,gaussian_postrelu,1,train_probe,centre_frozen,ordinary,top1,3e-05,1486285.4639505516,1463294.7168516975,1.0157116313167036,True
gaussian_s1_train_centre_frozen_ord,gaussian_postrelu,1,train_probe,centre_frozen,ordinary,top1,0.0001,1508653.0972540646,1463294.7168516975,1.0309974333126524,True
gaussian_s1_train_centre_frozen_ord,gaussian_postrelu,1,train_probe,centre_frozen,ordinary,top1,0.0003,1563352.6492478182,1463294.7168516975,1.0683785236451868,True
gaussian_s1_train_centre_frozen_ord,gaussian_postrelu,1,train_probe,centre_frozen,ordinary,top1,0.001,1751658.1587912757,1463294.7168516975,1.1970645001438922,True
gaussian_s1_train_centre_frozen_ord,gaussian_postrelu,1,train_probe,centre_frozen,ordinary,top1,0.003,1546863.2536652305,1463294.7168516975,1.0571098466024207,True
gaussian_s1_train_centre_frozen_ord,gaussian_postrelu,1,train_probe,centre_frozen,ordinary,top1,0.01,787719.0037605317,1463294.7168516975,0.5383187642851072,True
gaussian_s1_train_centre_frozen_ord,gaussian_postrelu,1,train_probe,centre_frozen,ordinary,min,1e-05,-3683.392504338911,-3358.258115819771,1.0968163784038896,True
gaussian_s1_train_centre_frozen_ord,gaussian_postrelu,1,train_probe,centre_frozen,ordinary,min,3e-05,-1895.9905284048832,-3358.258115819771,0.5645755814520114,True
gaussian_s1_train_centre_frozen_ord,gaussian_postrelu,1,train_probe,centre_frozen,ordinary,min,0.0001,-1120.8626689573898,-3358.258115819771,0.33376310882041316,True
gaussian_s1_train_centre_frozen_ord,gaussian_postrelu,1,train_probe,centre_frozen,ordinary,min,0.0003,-293.9357408014864,-3358.258115819771,0.08752625041441608,True
gaussian_s1_train_centre_frozen_ord,gaussian_postrelu,1,train_probe,centre_frozen,ordinary,min,0.001,-395.47742984780143,-3358.258115819771,0.11776266630156361,True
gaussian_s1_train_centre_frozen_ord,gaussian_postrelu,1,train_probe,centre_frozen,ordinary,min,0.003,2778.0620977528997,-3358.258115819771,-0.8272330481883636,False
gaussian_s1_train_centre_frozen_ord,gaussian_postrelu,1,train_probe,centre_frozen,ordinary,min,0.01,44133.124266880885,-3358.258115819771,-13.141671290536799,False
gaussian_s1_train_centre_frozen_rel,gaussian_postrelu,1,train_probe,centre_frozen,relative,top1,1e-05,1483767.0646083986,1483539.432243613,1.000153438701957,True
gaussian_s1_train_centre_frozen_rel,gaussian_postrelu,1,train_probe,centre_frozen,relative,top1,3e-05,1508646.9957656695,1483539.432243613,1.0169240958321446,True
gaussian_s1_train_centre_frozen_rel,gaussian_postrelu,1,train_probe,centre_frozen,relative,top1,0.0001,1531913.2629748045,1483539.432243613,1.0326070407566006,True
gaussian_s1_train_centre_frozen_rel,gaussian_postrelu,1,train_probe,centre_frozen,relative,top1,0.0003,1586784.5420886856,1483539.432243613,1.069593775265502,True
gaussian_s1_train_centre_frozen_rel,gaussian_postrelu,1,train_probe,centre_frozen,relative,top1,0.001,1780215.6158169336,1483539.432243613,1.1999786302441897,True
gaussian_s1_train_centre_frozen_rel,gaussian_postrelu,1,train_probe,centre_frozen,relative,top1,0.003,1561850.8344513378,1483539.432243613,1.052786869365037,True
gaussian_s1_train_centre_frozen_rel,gaussian_postrelu,1,train_probe,centre_frozen,relative,top1,0.01,784288.4383166397,1483539.432243613,0.5286603249436589,True
gaussian_s1_train_centre_frozen_rel,gaussian_postrelu,1,train_probe,centre_frozen,relative,min,1e-05,-3822.6825116449695,-3388.3113697430244,1.1281969377964483,True
gaussian_s1_train_centre_frozen_rel,gaussian_postrelu,1,train_probe,centre_frozen,relative,min,3e-05,-1802.0897243589372,-3388.3113697430244,0.5318548172553608,True
gaussian_s1_train_centre_frozen_rel,gaussian_postrelu,1,train_probe,centre_frozen,relative,min,0.0001,-1126.1658830918898,-3388.3113697430244,0.3323678848255614,True
gaussian_s1_train_centre_frozen_rel,gaussian_postrelu,1,train_probe,centre_frozen,relative,min,0.0003,-253.9283751872784,-3388.3113697430244,0.07494245583650028,True
gaussian_s1_train_centre_frozen_rel,gaussian_postrelu,1,train_probe,centre_frozen,relative,min,0.001,-390.1471814578006,-3388.3113697430244,0.11514502030177648,True
gaussian_s1_train_centre_frozen_rel,gaussian_postrelu,1,train_probe,centre_frozen,relative,min,0.003,2744.872332480466,-3388.3113697430244,-0.8101003812670976,False
gaussian_s1_train_centre_frozen_rel,gaussian_postrelu,1,train_probe,centre_frozen,relative,min,0.01,44030.564774839135,-3388.3113697430244,-12.99484019326668,False
gaussian_s1_train_saved_ord,gaussian_postrelu,1,train_probe,saved,ordinary,top1,1e-05,1460591.6609855548,1500035.301920239,0.9737048582228756,True
gaussian_s1_train_saved_ord,gaussian_postrelu,1,train_probe,saved,ordinary,top1,3e-05,1491050.9457281376,1500035.301920239,0.9940105701641819,True
gaussian_s1_train_saved_ord,gaussian_postrelu,1,train_probe,saved,ordinary,top1,0.0001,1532998.4958781465,1500035.301920239,1.0219749454667568,True
gaussian_s1_train_saved_ord,gaussian_postrelu,1,train_probe,saved,ordinary,top1,0.0003,1606906.6594186588,1500035.301920239,1.0712458949210133,True
gaussian_s1_train_saved_ord,gaussian_postrelu,1,train_probe,saved,ordinary,top1,0.001,1828638.6551732444,1500035.301920239,1.219063746588064,True
gaussian_s1_train_saved_ord,gaussian_postrelu,1,train_probe,saved,ordinary,top1,0.003,1608237.8910981682,1500035.301920239,1.0721333618211624,True
gaussian_s1_train_saved_ord,gaussian_postrelu,1,train_probe,saved,ordinary,top1,0.01,813030.1412507162,1500035.301920239,0.5420073382339285,True
gaussian_s1_train_saved_ord,gaussian_postrelu,1,train_probe,saved,ordinary,min,1e-05,-3750.072282704408,-3802.5189816987577,0.9862073800954652,True
gaussian_s1_train_saved_ord,gaussian_postrelu,1,train_probe,saved,ordinary,min,3e-05,-969.8494438412396,-3802.5189816987577,0.2550544648189932,True
gaussian_s1_train_saved_ord,gaussian_postrelu,1,train_probe,saved,ordinary,min,0.0001,-1639.43611796169,-3802.5189816987577,0.43114475584531586,True
gaussian_s1_train_saved_ord,gaussian_postrelu,1,train_probe,saved,ordinary,min,0.0003,-445.6371883300294,-3802.5189816987577,0.11719525674292441,True
gaussian_s1_train_saved_ord,gaussian_postrelu,1,train_probe,saved,ordinary,min,0.001,-285.2800916693932,-3802.5189816987577,0.0750239756967487,True
gaussian_s1_train_saved_ord,gaussian_postrelu,1,train_probe,saved,ordinary,min,0.003,3032.454455312922,-3802.5189816987577,-0.7974856851229148,False
gaussian_s1_train_saved_ord,gaussian_postrelu,1,train_probe,saved,ordinary,min,0.01,87450.95061421275,-3802.5189816987577,-22.998162806052434,False
gaussian_s1_train_saved_rel,gaussian_postrelu,1,train_probe,saved,relative,top1,1e-05,1472920.1231677977,1521760.2745734253,0.9679054893062455,True
gaussian_s1_train_saved_rel,gaussian_postrelu,1,train_probe,saved,relative,top1,3e-05,1511997.654673901,1521760.2745734253,0.9935846532054722,True
gaussian_s1_train_saved_rel,gaussian_postrelu,1,train_probe,saved,relative,top1,0.0001,1559410.5250371748,1521760.2745734253,1.0247412493891677,True
gaussian_s1_train_saved_rel,gaussian_postrelu,1,train_probe,saved,relative,top1,0.0003,1630666.350783541,1521760.2745734253,1.0715658556934298,True
gaussian_s1_train_saved_rel,gaussian_postrelu,1,train_probe,saved,relative,top1,0.001,1856468.965736399,1521760.2745734253,1.2199483695004445,True
gaussian_s1_train_saved_rel,gaussian_postrelu,1,train_probe,saved,relative,top1,0.003,1621401.4971403482,1521760.2745734253,1.0654776078938282,True
gaussian_s1_train_saved_rel,gaussian_postrelu,1,train_probe,saved,relative,top1,0.01,807274.8397770575,1521760.2745734253,0.530487523735202,True
gaussian_s1_train_saved_rel,gaussian_postrelu,1,train_probe,saved,relative,min,1e-05,-3515.129710640607,-3833.7786707277137,0.9168838403426607,True
gaussian_s1_train_saved_rel,gaussian_postrelu,1,train_probe,saved,relative,min,3e-05,-1203.490834890254,-3833.7786707277137,0.31391766146526445,True
gaussian_s1_train_saved_rel,gaussian_postrelu,1,train_probe,saved,relative,min,0.0001,-1580.8927107729965,-3833.7786707277137,0.4123588883322044,True
gaussian_s1_train_saved_rel,gaussian_postrelu,1,train_probe,saved,relative,min,0.0003,-371.9706791089412,-3833.7786707277137,0.09702455750747216,True
gaussian_s1_train_saved_rel,gaussian_postrelu,1,train_probe,saved,relative,min,0.001,-225.6966346824152,-3833.7786707277137,0.058870543676840456,True
gaussian_s1_train_saved_rel,gaussian_postrelu,1,train_probe,saved,relative,min,0.003,3069.308533758592,-3833.7786707277137,-0.8005961734812373,False
gaussian_s1_train_saved_rel,gaussian_postrelu,1,train_probe,saved,relative,min,0.01,86682.18590526155,-3833.7786707277137,-22.610117419430438,False
gaussian_s2_test_centre_frozen_ord,gaussian_postrelu,2,test_probe,centre_frozen,ordinary,top1,1e-05,1676961.0976075097,1645174.896161972,1.0193208646203462,True
gaussian_s2_test_centre_frozen_ord,gaussian_postrelu,2,test_probe,centre_frozen,ordinary,top1,3e-05,1649897.1062410087,1645174.896161972,1.0028703392508924,True
gaussian_s2_test_centre_frozen_ord,gaussian_postrelu,2,test_probe,centre_frozen,ordinary,top1,0.0001,1644463.35290096,1645174.896161972,0.9995674968888281,True
gaussian_s2_test_centre_frozen_ord,gaussian_postrelu,2,test_probe,centre_frozen,ordinary,top1,0.0003,1671834.2587903936,1645174.896161972,1.0162045766019254,True
gaussian_s2_test_centre_frozen_ord,gaussian_postrelu,2,test_probe,centre_frozen,ordinary,top1,0.001,1839958.0288187824,1645174.896161972,1.1183966112728925,True
gaussian_s2_test_centre_frozen_ord,gaussian_postrelu,2,test_probe,centre_frozen,ordinary,top1,0.003,1525567.598418723,1645174.896161972,0.92729812616137,True
gaussian_s2_test_centre_frozen_ord,gaussian_postrelu,2,test_probe,centre_frozen,ordinary,top1,0.01,650863.5761559309,1645174.896161972,0.39561968619526733,True
gaussian_s2_test_centre_frozen_ord,gaussian_postrelu,2,test_probe,centre_frozen,ordinary,min,1e-05,-5367.984992066254,-5375.767416040537,0.9985523138610757,True
gaussian_s2_test_centre_frozen_ord,gaussian_postrelu,2,test_probe,centre_frozen,ordinary,min,3e-05,-2121.6570293229133,-5375.767416040537,0.3946705400594873,True
gaussian_s2_test_centre_frozen_ord,gaussian_postrelu,2,test_probe,centre_frozen,ordinary,min,0.0001,-3314.086556960305,-5375.767416040537,0.616486224287073,True
gaussian_s2_test_centre_frozen_ord,gaussian_postrelu,2,test_probe,centre_frozen,ordinary,min,0.0003,-4384.1427714260335,-5375.767416040537,0.8155380305971508,True
gaussian_s2_test_centre_frozen_ord,gaussian_postrelu,2,test_probe,centre_frozen,ordinary,min,0.001,-4746.20470804954,-5375.767416040537,0.8828887748914751,True
gaussian_s2_test_centre_frozen_ord,gaussian_postrelu,2,test_probe,centre_frozen,ordinary,min,0.003,1172.211043194772,-5375.767416040537,-0.21805464270962663,False
gaussian_s2_test_centre_frozen_ord,gaussian_postrelu,2,test_probe,centre_frozen,ordinary,min,0.01,93133.97846484976,-5375.767416040537,-17.324778260858352,False
gaussian_s2_test_centre_frozen_rel,gaussian_postrelu,2,test_probe,centre_frozen,relative,top1,1e-05,1692585.77713105,1660239.4438671384,1.019482932647696,True
gaussian_s2_test_centre_frozen_rel,gaussian_postrelu,2,test_probe,centre_frozen,relative,top1,3e-05,1660604.0861316056,1660239.4438671384,1.000219632334248,True
gaussian_s2_test_centre_frozen_rel,gaussian_postrelu,2,test_probe,centre_frozen,relative,top1,0.0001,1655854.2732974412,1660239.4438671384,0.9973587119701945,True
gaussian_s2_test_centre_frozen_rel,gaussian_postrelu,2,test_probe,centre_frozen,relative,top1,0.0003,1686727.32402575,1660239.4438671384,1.0159542530184167,True
gaussian_s2_test_centre_frozen_rel,gaussian_postrelu,2,test_probe,centre_frozen,relative,top1,0.001,1876321.3761370832,1660239.4438671384,1.1301510652985287,True
gaussian_s2_test_centre_frozen_rel,gaussian_postrelu,2,test_probe,centre_frozen,relative,top1,0.003,1567309.5111353828,1660239.4438671384,0.9440261866593791,True
gaussian_s2_test_centre_frozen_rel,gaussian_postrelu,2,test_probe,centre_frozen,relative,top1,0.01,653611.4015862471,1660239.4438671384,0.3936850217603629,True
gaussian_s2_test_centre_frozen_rel,gaussian_postrelu,2,test_probe,centre_frozen,relative,min,1e-05,-5440.164474457276,-5419.716194750402,1.0037729428944417,True
gaussian_s2_test_centre_frozen_rel,gaussian_postrelu,2,test_probe,centre_frozen,relative,min,3e-05,-2166.7569240059315,-5419.716194750402,0.39979158430928113,True
gaussian_s2_test_centre_frozen_rel,gaussian_postrelu,2,test_probe,centre_frozen,relative,min,0.0001,-3241.6513394917247,-5419.716194750402,0.598121972259659,True
gaussian_s2_test_centre_frozen_rel,gaussian_postrelu,2,test_probe,centre_frozen,relative,min,0.0003,-4418.811940837882,-5419.716194750402,0.815321648229107,True
gaussian_s2_test_centre_frozen_rel,gaussian_postrelu,2,test_probe,centre_frozen,relative,min,0.001,-4758.455097206626,-5419.716194750402,0.8779897186896464,True
gaussian_s2_test_centre_frozen_rel,gaussian_postrelu,2,test_probe,centre_frozen,relative,min,0.003,1163.0874688297845,-5419.716194750402,-0.2146030210874075,False
gaussian_s2_test_centre_frozen_rel,gaussian_postrelu,2,test_probe,centre_frozen,relative,min,0.01,93236.73546776985,-5419.716194750402,-17.203250524092017,False
gaussian_s2_test_saved_ord,gaussian_postrelu,2,test_probe,saved,ordinary,top1,1e-05,1683131.052065967,1658595.6392622115,1.014792883945281,True
gaussian_s2_test_saved_ord,gaussian_postrelu,2,test_probe,saved,ordinary,top1,3e-05,1664088.3949150778,1658595.6392622115,1.0033116906392625,True
gaussian_s2_test_saved_ord,gaussian_postrelu,2,test_probe,saved,ordinary,top1,0.0001,1650725.21399241,1658595.6392622115,0.9952547654874443,True
gaussian_s2_test_saved_ord,gaussian_postrelu,2,test_probe,saved,ordinary,top1,0.0003,1672990.202588877,1658595.6392622115,1.008678765930597,True
gaussian_s2_test_saved_ord,gaussian_postrelu,2,test_probe,saved,ordinary,top1,0.001,1816146.8766373324,1658595.6392622115,1.0949907461743984,True
gaussian_s2_test_saved_ord,gaussian_postrelu,2,test_probe,saved,ordinary,top1,0.003,1488011.330658337,1658595.6392622115,0.8971513583143418,True
gaussian_s2_test_saved_ord,gaussian_postrelu,2,test_probe,saved,ordinary,top1,0.01,623765.9622014535,1658595.6392622115,0.3760807923496782,True
gaussian_s2_test_saved_ord,gaussian_postrelu,2,test_probe,saved,ordinary,min,1e-05,4842.229435197964,-5238.358554737341,-0.9243791513314538,False
gaussian_s2_test_saved_ord,gaussian_postrelu,2,test_probe,saved,ordinary,min,3e-05,345.45003450385065,-5238.358554737341,-0.06594623695459731,False
gaussian_s2_test_saved_ord,gaussian_postrelu,2,test_probe,saved,ordinary,min,0.0001,-5198.0307564925,-5238.358554737341,0.9923014437016017,True
gaussian_s2_test_saved_ord,gaussian_postrelu,2,test_probe,saved,ordinary,min,0.0003,-5488.4725031876005,-5238.358554737341,1.047746626321344,True
gaussian_s2_test_saved_ord,gaussian_postrelu,2,test_probe,saved,ordinary,min,0.001,-5138.797875369417,-5238.358554737341,0.9809939166386604,True
gaussian_s2_test_saved_ord,gaussian_postrelu,2,test_probe,saved,ordinary,min,0.003,-973.3682630772812,-5238.358554737341,0.18581550936352184,True
gaussian_s2_test_saved_ord,gaussian_postrelu,2,test_probe,saved,ordinary,min,0.01,43140.19098676832,-5238.358554737341,-8.235440651108968,False
gaussian_s2_test_saved_rel,gaussian_postrelu,2,test_probe,saved,relative,top1,1e-05,1702217.521191151,1673870.5691831368,1.0169349724703314,True
gaussian_s2_test_saved_rel,gaussian_postrelu,2,test_probe,saved,relative,top1,3e-05,1676150.671896279,1673870.5691831368,1.0013621738473215,True
gaussian_s2_test_saved_rel,gaussian_postrelu,2,test_probe,saved,relative,top1,0.0001,1663714.0955897411,1673870.5691831368,0.9939323423325663,True
gaussian_s2_test_saved_rel,gaussian_postrelu,2,test_probe,saved,relative,top1,0.0003,1688132.7983949382,1673870.5691831368,1.0085205089774423,True
gaussian_s2_test_saved_rel,gaussian_postrelu,2,test_probe,saved,relative,top1,0.001,1852805.868708456,1673870.5691831368,1.106899125189017,True
gaussian_s2_test_saved_rel,gaussian_postrelu,2,test_probe,saved,relative,top1,0.003,1533339.30241794,1673870.5691831368,0.9160441259005007,True
gaussian_s2_test_saved_rel,gaussian_postrelu,2,test_probe,saved,relative,top1,0.01,629105.7062214969,1673870.5691831368,0.3758389195698123,True
gaussian_s2_test_saved_rel,gaussian_postrelu,2,test_probe,saved,relative,min,1e-05,3337.655720692112,-5288.870525323977,-0.6310715500995667,False
gaussian_s2_test_saved_rel,gaussian_postrelu,2,test_probe,saved,relative,min,3e-05,305.8671173129647,-5288.870525323977,-0.05783221877873979,False
gaussian_s2_test_saved_rel,gaussian_postrelu,2,test_probe,saved,relative,min,0.0001,-5588.683096613422,-5288.870525323977,1.0566874476986898,True
gaussian_s2_test_saved_rel,gaussian_postrelu,2,test_probe,saved,relative,min,0.0003,-5640.462296252481,-5288.870525323977,1.0664776664970386,True
gaussian_s2_test_saved_rel,gaussian_postrelu,2,test_probe,saved,relative,min,0.001,-5170.467899259457,-5288.870525323977,0.9776128711229385,True
gaussian_s2_test_saved_rel,gaussian_postrelu,2,test_probe,saved,relative,min,0.003,-1100.287292701359,-5288.870525323977,0.2080382356559881,True
gaussian_s2_test_saved_rel,gaussian_postrelu,2,test_probe,saved,relative,min,0.01,41413.33220546952,-5288.870525323977,-7.830279075121185,False
gaussian_s2_train_centre_frozen_ord,gaussian_postrelu,2,train_probe,centre_frozen,ordinary,top1,1e-05,1358330.802090357,1322089.3504588285,1.0274122559257821,True
gaussian_s2_train_centre_frozen_ord,gaussian_postrelu,2,train_probe,centre_frozen,ordinary,top1,3e-05,1357202.3101586043,1322089.3504588285,1.0265586888568385,True
gaussian_s2_train_centre_frozen_ord,gaussian_postrelu,2,train_probe,centre_frozen,ordinary,top1,0.0001,1366169.8256975275,1322089.3504588285,1.0333415250817966,True
gaussian_s2_train_centre_frozen_ord,gaussian_postrelu,2,train_probe,centre_frozen,ordinary,top1,0.0003,1423239.0162718825,1322089.3504588285,1.0765074355813775,True
gaussian_s2_train_centre_frozen_ord,gaussian_postrelu,2,train_probe,centre_frozen,ordinary,top1,0.001,1652307.2333826362,1322089.3504588285,1.2497697170083144,True
gaussian_s2_train_centre_frozen_ord,gaussian_postrelu,2,train_probe,centre_frozen,ordinary,top1,0.003,1455833.2500223382,1322089.3504588285,1.1011610142061081,True
gaussian_s2_train_centre_frozen_ord,gaussian_postrelu,2,train_probe,centre_frozen,ordinary,top1,0.01,662787.9707504718,1322089.3504588285,0.5013185913043264,True
gaussian_s2_train_centre_frozen_ord,gaussian_postrelu,2,train_probe,centre_frozen,ordinary,min,1e-05,2578.283970766648,-3737.096031341732,-0.6899164348851279,False
gaussian_s2_train_centre_frozen_ord,gaussian_postrelu,2,train_probe,centre_frozen,ordinary,min,3e-05,-1228.4750003674658,-3737.096031341732,0.32872449358129163,True
gaussian_s2_train_centre_frozen_ord,gaussian_postrelu,2,train_probe,centre_frozen,ordinary,min,0.0001,-418.80721968201584,-3737.096031341732,0.11206755624410625,True
gaussian_s2_train_centre_frozen_ord,gaussian_postrelu,2,train_probe,centre_frozen,ordinary,min,0.0003,-249.76623094690677,-3737.096031341732,0.06683430900683413,True
gaussian_s2_train_centre_frozen_ord,gaussian_postrelu,2,train_probe,centre_frozen,ordinary,min,0.001,171.4175289626585,-3737.096031341732,-0.04586917957821768,False
gaussian_s2_train_centre_frozen_ord,gaussian_postrelu,2,train_probe,centre_frozen,ordinary,min,0.003,2160.0004243661483,-3737.096031341732,-0.5779890070394156,False
gaussian_s2_train_centre_frozen_ord,gaussian_postrelu,2,train_probe,centre_frozen,ordinary,min,0.01,34494.02497372033,-3737.096031341732,-9.230168206658558,False
gaussian_s2_train_centre_frozen_rel,gaussian_postrelu,2,train_probe,centre_frozen,relative,top1,1e-05,1370534.0619973857,1333964.6676647975,1.0274140651690615,True
gaussian_s2_train_centre_frozen_rel,gaussian_postrelu,2,train_probe,centre_frozen,relative,top1,3e-05,1368770.8125511813,1333964.6676647975,1.0260922539630037,True
gaussian_s2_train_centre_frozen_rel,gaussian_postrelu,2,train_probe,centre_frozen,relative,top1,0.0001,1377689.8962599149,1333964.6676647975,1.0327784008489982,True
gaussian_s2_train_centre_frozen_rel,gaussian_postrelu,2,train_probe,centre_frozen,relative,top1,0.0003,1437102.1972079517,1333964.6676647975,1.0773165377188767,True
gaussian_s2_train_centre_frozen_rel,gaussian_postrelu,2,train_probe,centre_frozen,relative,top1,0.001,1682354.767740237,1333964.6676647975,1.2611689113815299,True
gaussian_s2_train_centre_frozen_rel,gaussian_postrelu,2,train_probe,centre_frozen,relative,top1,0.003,1483158.3336600962,1333964.6676647975,1.1118422920874456,True
gaussian_s2_train_centre_frozen_rel,gaussian_postrelu,2,train_probe,centre_frozen,relative,top1,0.01,660809.4007466158,1333964.6676647975,0.49537249131448957,True
gaussian_s2_train_centre_frozen_rel,gaussian_postrelu,2,train_probe,centre_frozen,relative,min,1e-05,2733.3676733132247,-3767.983425758362,-0.7254192400708595,False
gaussian_s2_train_centre_frozen_rel,gaussian_postrelu,2,train_probe,centre_frozen,relative,min,3e-05,-1276.7770820845371,-3767.983425758362,0.33884891142470114,True
gaussian_s2_train_centre_frozen_rel,gaussian_postrelu,2,train_probe,centre_frozen,relative,min,0.0001,-362.1322339331101,-3767.983425758362,0.09610770351523658,True
gaussian_s2_train_centre_frozen_rel,gaussian_postrelu,2,train_probe,centre_frozen,relative,min,0.0003,-303.2488547457154,-3767.983425758362,0.08048041099986582,True
gaussian_s2_train_centre_frozen_rel,gaussian_postrelu,2,train_probe,centre_frozen,relative,min,0.001,99.38559758726484,-3767.983425758362,-0.02637633618764181,False
gaussian_s2_train_centre_frozen_rel,gaussian_postrelu,2,train_probe,centre_frozen,relative,min,0.003,2175.6334486400733,-3767.983425758362,-0.5773999518594473,False
gaussian_s2_train_centre_frozen_rel,gaussian_postrelu,2,train_probe,centre_frozen,relative,min,0.01,34268.30497578553,-3767.983425758362,-9.09460077279627,False
gaussian_s2_train_saved_ord,gaussian_postrelu,2,train_probe,saved,ordinary,top1,1e-05,1328777.8397763623,1322866.816096928,1.0044683437572912,True
gaussian_s2_train_saved_ord,gaussian_postrelu,2,train_probe,saved,ordinary,top1,3e-05,1338214.9062610455,1322866.816096928,1.0116021431465048,True
gaussian_s2_train_saved_ord,gaussian_postrelu,2,train_probe,saved,ordinary,top1,0.0001,1356817.620119355,1322866.816096928,1.0256645669914055,True
gaussian_s2_train_saved_ord,gaussian_postrelu,2,train_probe,saved,ordinary,top1,0.0003,1416868.837811531,1322866.816096928,1.0710593240156652,True
gaussian_s2_train_saved_ord,gaussian_postrelu,2,train_probe,saved,ordinary,top1,0.001,1627429.3885657417,1322866.816096928,1.230229202791113,True
gaussian_s2_train_saved_ord,gaussian_postrelu,2,train_probe,saved,ordinary,top1,0.003,1417468.3286873775,1322866.816096928,1.0715124995497036,True
gaussian_s2_train_saved_ord,gaussian_postrelu,2,train_probe,saved,ordinary,top1,0.01,652759.8300937096,1322866.816096928,0.4934433475469999,True
gaussian_s2_train_saved_ord,gaussian_postrelu,2,train_probe,saved,ordinary,min,1e-05,-6004.194796904726,-3829.169481963541,1.5680148985794864,True
gaussian_s2_train_saved_ord,gaussian_postrelu,2,train_probe,saved,ordinary,min,3e-05,-3891.732374879572,-3829.169481963541,1.016338501915551,True
gaussian_s2_train_saved_ord,gaussian_postrelu,2,train_probe,saved,ordinary,min,0.0001,-1124.7643189715716,-3829.169481963541,0.29373584122341045,True
gaussian_s2_train_saved_ord,gaussian_postrelu,2,train_probe,saved,ordinary,min,0.0003,-557.0021657217181,-3829.169481963541,0.14546291783253631,True
gaussian_s2_train_saved_ord,gaussian_postrelu,2,train_probe,saved,ordinary,min,0.001,-166.46182160262592,-3829.169481963541,0.043472043320805634,True
gaussian_s2_train_saved_ord,gaussian_postrelu,2,train_probe,saved,ordinary,min,0.003,2440.165135349861,-3829.169481963541,-0.6372570205742318,False
gaussian_s2_train_saved_ord,gaussian_postrelu,2,train_probe,saved,ordinary,min,0.01,56223.76133826238,-3829.169481963541,-14.683017192916642,False
gaussian_s2_train_saved_rel,gaussian_postrelu,2,train_probe,saved,relative,top1,1e-05,1337099.6245010146,1334973.5765411544,1.0015925768099236,True
gaussian_s2_train_saved_rel,gaussian_postrelu,2,train_probe,saved,relative,top1,3e-05,1349586.0828342347,1334973.5765411544,1.0109459142486854,True
gaussian_s2_train_saved_rel,gaussian_postrelu,2,train_probe,saved,relative,top1,0.0001,1368715.1010926436,1334973.5765411544,1.0252750504911952,True
gaussian_s2_train_saved_rel,gaussian_postrelu,2,train_probe,saved,relative,top1,0.0003,1430439.7871127252,1334973.5765411544,1.0715116855113482,True
gaussian_s2_train_saved_rel,gaussian_postrelu,2,train_probe,saved,relative,top1,0.001,1650953.6370245165,1334973.5765411544,1.236693868729634,True
gaussian_s2_train_saved_rel,gaussian_postrelu,2,train_probe,saved,relative,top1,0.003,1448923.20386428,1334973.5765411544,1.0853572155475637,True
gaussian_s2_train_saved_rel,gaussian_postrelu,2,train_probe,saved,relative,top1,0.01,668925.1362015117,1334973.5765411544,0.5010774355059979,True
gaussian_s2_train_saved_rel,gaussian_postrelu,2,train_probe,saved,relative,min,1e-05,-6008.797004408705,-3859.8677217319705,1.556736509538333,True
gaussian_s2_train_saved_rel,gaussian_postrelu,2,train_probe,saved,relative,min,3e-05,-3927.7009599035673,-3859.8677217319705,1.0175739800070556,True
gaussian_s2_train_saved_rel,gaussian_postrelu,2,train_probe,saved,relative,min,0.0001,-1035.4559703884547,-3859.8677217319705,0.26826203513622815,True
gaussian_s2_train_saved_rel,gaussian_postrelu,2,train_probe,saved,relative,min,0.0003,-588.9487560170912,-3859.8677217319705,0.1525826267830812,True
gaussian_s2_train_saved_rel,gaussian_postrelu,2,train_probe,saved,relative,min,0.001,-122.32571459280804,-3859.8677217319705,0.03169168567722807,True
gaussian_s2_train_saved_rel,gaussian_postrelu,2,train_probe,saved,relative,min,0.003,2418.4719969339267,-3859.8677217319705,-0.6265686213331498,False
gaussian_s2_train_saved_rel,gaussian_postrelu,2,train_probe,saved,relative,min,0.01,55640.38401514428,-3859.8677217319705,-14.415101248645316,False
gaussian_s3_test_centre_frozen_ord,gaussian_postrelu,3,test_probe,centre_frozen,ordinary,top1,1e-05,1511595.8600642183,1605221.7786005763,0.9416741538244139,True
gaussian_s3_test_centre_frozen_ord,gaussian_postrelu,3,test_probe,centre_frozen,ordinary,top1,3e-05,1528776.015175599,1605221.7786005763,0.9523768214186439,True
gaussian_s3_test_centre_frozen_ord,gaussian_postrelu,3,test_probe,centre_frozen,ordinary,top1,0.0001,1567447.9581824662,1605221.7786005763,0.9764681610219361,True
gaussian_s3_test_centre_frozen_ord,gaussian_postrelu,3,test_probe,centre_frozen,ordinary,top1,0.0003,1621963.4172438695,1605221.7786005763,1.01042948635913,True
gaussian_s3_test_centre_frozen_ord,gaussian_postrelu,3,test_probe,centre_frozen,ordinary,top1,0.001,1834631.1733182264,1605221.7786005763,1.1429144544236423,True
gaussian_s3_test_centre_frozen_ord,gaussian_postrelu,3,test_probe,centre_frozen,ordinary,top1,0.003,1635909.8370559306,1605221.7786005763,1.0191176439694882,True
gaussian_s3_test_centre_frozen_ord,gaussian_postrelu,3,test_probe,centre_frozen,ordinary,top1,0.01,689940.9322118507,1605221.7786005763,0.42981034858207406,True
gaussian_s3_test_centre_frozen_ord,gaussian_postrelu,3,test_probe,centre_frozen,ordinary,min,1e-05,-11327.155515772343,-6999.056243192906,1.618383267999715,True
gaussian_s3_test_centre_frozen_ord,gaussian_postrelu,3,test_probe,centre_frozen,ordinary,min,3e-05,-12651.5486896671,-6999.056243192906,1.8076078045481712,True
gaussian_s3_test_centre_frozen_ord,gaussian_postrelu,3,test_probe,centre_frozen,ordinary,min,0.0001,-11371.356271672184,-6999.056243192906,1.6246985131362046,True
gaussian_s3_test_centre_frozen_ord,gaussian_postrelu,3,test_probe,centre_frozen,ordinary,min,0.0003,-9507.684684326478,-6999.056243192906,1.3584238151498491,True
gaussian_s3_test_centre_frozen_ord,gaussian_postrelu,3,test_probe,centre_frozen,ordinary,min,0.001,-7712.412688259729,-6999.056243192906,1.1019218049234303,True
gaussian_s3_test_centre_frozen_ord,gaussian_postrelu,3,test_probe,centre_frozen,ordinary,min,0.003,-1070.548923554836,-6999.056243192906,0.15295618242759845,True
gaussian_s3_test_centre_frozen_ord,gaussian_postrelu,3,test_probe,centre_frozen,ordinary,min,0.01,58242.19007327615,-6999.056243192906,-8.321434783428257,False
gaussian_s3_test_centre_frozen_rel,gaussian_postrelu,3,test_probe,centre_frozen,relative,top1,1e-05,1529535.9640399294,1631137.3515144004,0.9377113230960342,True
gaussian_s3_test_centre_frozen_rel,gaussian_postrelu,3,test_probe,centre_frozen,relative,top1,3e-05,1558895.016986719,1631137.3515144004,0.9557104529176471,True
gaussian_s3_test_centre_frozen_rel,gaussian_postrelu,3,test_probe,centre_frozen,relative,top1,0.0001,1594265.2100418897,1631137.3515144004,0.9773948273342662,True
gaussian_s3_test_centre_frozen_rel,gaussian_postrelu,3,test_probe,centre_frozen,relative,top1,0.0003,1647005.8900720535,1631137.3515144004,1.0097285115462045,True
gaussian_s3_test_centre_frozen_rel,gaussian_postrelu,3,test_probe,centre_frozen,relative,top1,0.001,1864467.3413246684,1631137.3515144004,1.143047420006437,True
gaussian_s3_test_centre_frozen_rel,gaussian_postrelu,3,test_probe,centre_frozen,relative,top1,0.003,1659213.7049833736,1631137.3515144004,1.0172127463348848,True
gaussian_s3_test_centre_frozen_rel,gaussian_postrelu,3,test_probe,centre_frozen,relative,top1,0.01,676945.4017868974,1631137.3515144004,0.41501434637518386,True
gaussian_s3_test_centre_frozen_rel,gaussian_postrelu,3,test_probe,centre_frozen,relative,min,1e-05,-11949.566114388686,-7051.782108992479,1.6945455673042593,True
gaussian_s3_test_centre_frozen_rel,gaussian_postrelu,3,test_probe,centre_frozen,relative,min,3e-05,-13061.279808823656,-7051.782108992479,1.8521956020404864,True
gaussian_s3_test_centre_frozen_rel,gaussian_postrelu,3,test_probe,centre_frozen,relative,min,0.0001,-11502.12715921306,-7051.782108992479,1.6310950879417376,True
gaussian_s3_test_centre_frozen_rel,gaussian_postrelu,3,test_probe,centre_frozen,relative,min,0.0003,-9521.501953536752,-7051.782108992479,1.3502263408557207,True
gaussian_s3_test_centre_frozen_rel,gaussian_postrelu,3,test_probe,centre_frozen,relative,min,0.001,-7794.60814255728,-7051.782108992479,1.1053387671490225,True
gaussian_s3_test_centre_frozen_rel,gaussian_postrelu,3,test_probe,centre_frozen,relative,min,0.003,-982.2336200563756,-7051.782108992479,0.13928870814142497,True
gaussian_s3_test_centre_frozen_rel,gaussian_postrelu,3,test_probe,centre_frozen,relative,min,0.01,60239.80955637432,-7051.782108992479,-8.542494453927628,False
gaussian_s3_test_saved_ord,gaussian_postrelu,3,test_probe,saved,ordinary,top1,1e-05,1641083.6190883236,1658505.8458373751,0.9894952274103953,True
gaussian_s3_test_saved_ord,gaussian_postrelu,3,test_probe,saved,ordinary,top1,3e-05,1630548.6261606698,1658505.8458373751,0.9831431286498784,True
gaussian_s3_test_saved_ord,gaussian_postrelu,3,test_probe,saved,ordinary,top1,0.0001,1630884.603246896,1658505.8458373751,0.9833457068241245,True
gaussian_s3_test_saved_ord,gaussian_postrelu,3,test_probe,saved,ordinary,top1,0.0003,1679720.1720537338,1658505.8458373751,1.0127912278811702,True
gaussian_s3_test_saved_ord,gaussian_postrelu,3,test_probe,saved,ordinary,top1,0.001,1911396.7221436664,1658505.8458373751,1.152481148583837,True
gaussian_s3_test_saved_ord,gaussian_postrelu,3,test_probe,saved,ordinary,top1,0.003,1666281.9065599495,1658505.8458373751,1.0046885940993764,True
gaussian_s3_test_saved_ord,gaussian_postrelu,3,test_probe,saved,ordinary,top1,0.01,701339.498427758,1658505.8458373751,0.42287429989350056,True
gaussian_s3_test_saved_ord,gaussian_postrelu,3,test_probe,saved,ordinary,min,1e-05,-7983.665535338246,-7465.877940008215,1.069353879006688,True
gaussian_s3_test_saved_ord,gaussian_postrelu,3,test_probe,saved,ordinary,min,3e-05,-8391.634415004666,-7465.877940008215,1.1239983405080196,True
gaussian_s3_test_saved_ord,gaussian_postrelu,3,test_probe,saved,ordinary,min,0.0001,-6442.202509870931,-7465.877940008215,0.8628861282808278,True
gaussian_s3_test_saved_ord,gaussian_postrelu,3,test_probe,saved,ordinary,min,0.0003,-7634.856177390287,-7465.877940008215,1.0226334047703285,True
gaussian_s3_test_saved_ord,gaussian_postrelu,3,test_probe,saved,ordinary,min,0.001,-6812.979012642551,-7465.877940008215,0.9125489416499963,True
gaussian_s3_test_saved_ord,gaussian_postrelu,3,test_probe,saved,ordinary,min,0.003,-1076.8189464339537,-7465.877940008215,0.1442320588531841,True
gaussian_s3_test_saved_ord,gaussian_postrelu,3,test_probe,saved,ordinary,min,0.01,61152.11144553363,-7465.877940008215,-8.19088015326786,False
gaussian_s3_test_saved_rel,gaussian_postrelu,3,test_probe,saved,relative,top1,1e-05,1661443.5451622887,1683051.349508983,0.9871615299479732,True
gaussian_s3_test_saved_rel,gaussian_postrelu,3,test_probe,saved,relative,top1,3e-05,1647372.9803070626,1683051.349508983,0.9788013780967947,True
gaussian_s3_test_saved_rel,gaussian_postrelu,3,test_probe,saved,relative,top1,0.0001,1650682.757627564,1683051.349508983,0.980767911869794,True
gaussian_s3_test_saved_rel,gaussian_postrelu,3,test_probe,saved,relative,top1,0.0003,1704953.8193784915,1683051.349508983,1.0130135482057028,True
gaussian_s3_test_saved_rel,gaussian_postrelu,3,test_probe,saved,relative,top1,0.001,1937734.3450107623,1683051.349508983,1.1513221777672327,True
gaussian_s3_test_saved_rel,gaussian_postrelu,3,test_probe,saved,relative,top1,0.003,1681532.6889818462,1683051.349508983,0.9990976742762008,True
gaussian_s3_test_saved_rel,gaussian_postrelu,3,test_probe,saved,relative,top1,0.01,691566.8392215391,1683051.349508983,0.4109006177519766,True
gaussian_s3_test_saved_rel,gaussian_postrelu,3,test_probe,saved,relative,min,1e-05,-8830.462305819963,-7523.616267345891,1.173699188267491,True
gaussian_s3_test_saved_rel,gaussian_postrelu,3,test_probe,saved,relative,min,3e-05,-8578.328730567286,-7523.616267345891,1.1401869029125093,True
gaussian_s3_test_saved_rel,gaussian_postrelu,3,test_probe,saved,relative,min,0.0001,-6330.141451571513,-7523.616267345891,0.8413695258549649,True
gaussian_s3_test_saved_rel,gaussian_postrelu,3,test_probe,saved,relative,min,0.0003,-7860.655268232543,-7523.616267345891,1.0447974735699206,True
gaussian_s3_test_saved_rel,gaussian_postrelu,3,test_probe,saved,relative,min,0.001,-6879.474142663656,-7523.616267345891,0.9143839741697154,True
gaussian_s3_test_saved_rel,gaussian_postrelu,3,test_probe,saved,relative,min,0.003,-1020.3748917313336,-7523.616267345891,0.13562293124384606,True
gaussian_s3_test_saved_rel,gaussian_postrelu,3,test_probe,saved,relative,min,0.01,63612.29735822416,-7523.616267345891,-8.455016191391257,False
gaussian_s3_train_centre_frozen_ord,gaussian_postrelu,3,train_probe,centre_frozen,ordinary,top1,1e-05,1306459.9778778162,1280914.947110649,1.0199428001248552,True
gaussian_s3_train_centre_frozen_ord,gaussian_postrelu,3,train_probe,centre_frozen,ordinary,top1,3e-05,1297710.8678270525,1280914.947110649,1.0131124402555298,True
gaussian_s3_train_centre_frozen_ord,gaussian_postrelu,3,train_probe,centre_frozen,ordinary,top1,0.0001,1308954.743406765,1280914.947110649,1.0218904435141187,True
gaussian_s3_train_centre_frozen_ord,gaussian_postrelu,3,train_probe,centre_frozen,ordinary,top1,0.0003,1350716.3331561682,1280914.947110649,1.054493380847003,True
gaussian_s3_train_centre_frozen_ord,gaussian_postrelu,3,train_probe,centre_frozen,ordinary,top1,0.001,1636868.39574505,1280914.947110649,1.2778899953016574,True
gaussian_s3_train_centre_frozen_ord,gaussian_postrelu,3,train_probe,centre_frozen,ordinary,top1,0.003,1536949.9911641828,1280914.947110649,1.1998845002402934,True
gaussian_s3_train_centre_frozen_ord,gaussian_postrelu,3,train_probe,centre_frozen,ordinary,top1,0.01,667857.3358483397,1280914.947110649,0.5213908521832936,True
gaussian_s3_train_centre_frozen_ord,gaussian_postrelu,3,train_probe,centre_frozen,ordinary,min,1e-05,-973.0541239427736,-4085.149654018117,0.23819301772352114,True
gaussian_s3_train_centre_frozen_ord,gaussian_postrelu,3,train_probe,centre_frozen,ordinary,min,3e-05,-1398.3638024060872,-4085.149654018117,0.3423041799780013,True
gaussian_s3_train_centre_frozen_ord,gaussian_postrelu,3,train_probe,centre_frozen,ordinary,min,0.0001,-3266.6774364087382,-4085.149654018117,0.7996469439487152,True
gaussian_s3_train_centre_frozen_ord,gaussian_postrelu,3,train_probe,centre_frozen,ordinary,min,0.0003,-1811.036070695524,-4085.149654018117,0.4433218423012251,True
gaussian_s3_train_centre_frozen_ord,gaussian_postrelu,3,train_probe,centre_frozen,ordinary,min,0.001,-593.9575030750044,-4085.149654018117,0.14539430703371983,True
gaussian_s3_train_centre_frozen_ord,gaussian_postrelu,3,train_probe,centre_frozen,ordinary,min,0.003,3039.0192413093623,-4085.149654018117,-0.743918705235244,False
gaussian_s3_train_centre_frozen_ord,gaussian_postrelu,3,train_probe,centre_frozen,ordinary,min,0.01,57925.26795934197,-4085.149654018117,-14.17947269137795,False
gaussian_s3_train_centre_frozen_rel,gaussian_postrelu,3,train_probe,centre_frozen,relative,top1,1e-05,1318005.5863148964,1299379.920609685,1.0143342723785296,True
gaussian_s3_train_centre_frozen_rel,gaussian_postrelu,3,train_probe,centre_frozen,relative,top1,3e-05,1314924.785651798,1299379.920609685,1.0119632947958894,True
gaussian_s3_train_centre_frozen_rel,gaussian_postrelu,3,train_probe,centre_frozen,relative,top1,0.0001,1325121.935366169,1299379.920609685,1.0198109993452922,True
gaussian_s3_train_centre_frozen_rel,gaussian_postrelu,3,train_probe,centre_frozen,relative,top1,0.0003,1370471.441148116,1299379.920609685,1.054711881729767,True
gaussian_s3_train_centre_frozen_rel,gaussian_postrelu,3,train_probe,centre_frozen,relative,top1,0.001,1666822.072500823,1299379.920609685,1.2827826920079923,True
gaussian_s3_train_centre_frozen_rel,gaussian_postrelu,3,train_probe,centre_frozen,relative,top1,0.003,1557208.3159075629,1299379.920609685,1.1984241800326587,True
gaussian_s3_train_centre_frozen_rel,gaussian_postrelu,3,train_probe,centre_frozen,relative,top1,0.01,646762.104876714,1299379.920609685,0.4977467287421567,True
gaussian_s3_train_centre_frozen_rel,gaussian_postrelu,3,train_probe,centre_frozen,relative,min,1e-05,-1096.757354934752,-4117.651016076015,0.2663551016472312,True
gaussian_s3_train_centre_frozen_rel,gaussian_postrelu,3,train_probe,centre_frozen,relative,min,3e-05,-1464.1664199584643,-4117.651016076015,0.35558293168656296,True
gaussian_s3_train_centre_frozen_rel,gaussian_postrelu,3,train_probe,centre_frozen,relative,min,0.0001,-3229.1620474356187,-4117.651016076015,0.7842243149864854,True
gaussian_s3_train_centre_frozen_rel,gaussian_postrelu,3,train_probe,centre_frozen,relative,min,0.0003,-1715.4164257244315,-4117.651016076015,0.4166007315887509,True
gaussian_s3_train_centre_frozen_rel,gaussian_postrelu,3,train_probe,centre_frozen,relative,min,0.001,-565.9062680628547,-4117.651016076015,0.13743424730591777,True
gaussian_s3_train_centre_frozen_rel,gaussian_postrelu,3,train_probe,centre_frozen,relative,min,0.003,3077.1143333447017,-4117.651016076015,-0.7472984770518725,False
gaussian_s3_train_centre_frozen_rel,gaussian_postrelu,3,train_probe,centre_frozen,relative,min,0.01,57394.31209802583,-4117.651016076015,-13.938605256722486,False
gaussian_s3_train_saved_ord,gaussian_postrelu,3,train_probe,saved,ordinary,top1,1e-05,1328308.1997561562,1313605.954287052,1.0111922798622544,True
gaussian_s3_train_saved_ord,gaussian_postrelu,3,train_probe,saved,ordinary,top1,3e-05,1322728.9249072447,1313605.954287052,1.006944982694711,True
gaussian_s3_train_saved_ord,gaussian_postrelu,3,train_probe,saved,ordinary,top1,0.0001,1340637.4339566485,1313605.954287052,1.02057807334184,True
gaussian_s3_train_saved_ord,gaussian_postrelu,3,train_probe,saved,ordinary,top1,0.0003,1386521.526341795,1313605.954287052,1.0555079488006107,True
gaussian_s3_train_saved_ord,gaussian_postrelu,3,train_probe,saved,ordinary,top1,0.001,1697909.8090367487,1313605.954287052,1.2925564195986567,True
gaussian_s3_train_saved_ord,gaussian_postrelu,3,train_probe,saved,ordinary,top1,0.003,1561534.2443800652,1313605.954287052,1.1887387075887412,True
gaussian_s3_train_saved_ord,gaussian_postrelu,3,train_probe,saved,ordinary,top1,0.01,676049.3130665675,1313605.954287052,0.5146515291440555,True
gaussian_s3_train_saved_ord,gaussian_postrelu,3,train_probe,saved,ordinary,min,1e-05,-492.64554213834793,-4550.430196572042,0.10826350935115336,True
gaussian_s3_train_saved_ord,gaussian_postrelu,3,train_probe,saved,ordinary,min,3e-05,-5088.0333279934575,-4550.430196572042,1.1181433640771823,True
gaussian_s3_train_saved_ord,gaussian_postrelu,3,train_probe,saved,ordinary,min,0.0001,-4725.303622521437,-4550.430196572042,1.0384300864742704,True
gaussian_s3_train_saved_ord,gaussian_postrelu,3,train_probe,saved,ordinary,min,0.0003,-2583.3061704931088,-4550.430196572042,0.5677059220552775,True
gaussian_s3_train_saved_ord,gaussian_postrelu,3,train_probe,saved,ordinary,min,0.001,-1394.3776779302698,-4550.430196572042,0.3064276601761062,True
gaussian_s3_train_saved_ord,gaussian_postrelu,3,train_probe,saved,ordinary,min,0.003,2723.194444798935,-4550.430196572042,-0.5984476911326732,False
gaussian_s3_train_saved_ord,gaussian_postrelu,3,train_probe,saved,ordinary,min,0.01,63125.3350536137,-4550.430196572042,-13.872388395534044,False
gaussian_s3_train_saved_rel,gaussian_postrelu,3,train_probe,saved,relative,top1,1e-05,1338270.622893711,1332305.4914350112,1.0044773000614708,True
gaussian_s3_train_saved_rel,gaussian_postrelu,3,train_probe,saved,relative,top1,3e-05,1335450.2959152097,1332305.4914350112,1.0023604229663658,True
gaussian_s3_train_saved_rel,gaussian_postrelu,3,train_probe,saved,relative,top1,0.0001,1357394.0559475694,1332305.4914350112,1.0188309398061068,True
gaussian_s3_train_saved_rel,gaussian_postrelu,3,train_probe,saved,relative,top1,0.0003,1406810.902314346,1332305.4914350112,1.0559221675196173,True
gaussian_s3_train_saved_rel,gaussian_postrelu,3,train_probe,saved,relative,top1,0.001,1730198.133413712,1332305.4914350112,1.2986497049938113,True
gaussian_s3_train_saved_rel,gaussian_postrelu,3,train_probe,saved,relative,top1,0.003,1584469.502629051,1332305.4914350112,1.1892689122841014,True
gaussian_s3_train_saved_rel,gaussian_postrelu,3,train_probe,saved,relative,top1,0.01,660404.4967120306,1332305.4914350112,0.4956854872681763,True
gaussian_s3_train_saved_rel,gaussian_postrelu,3,train_probe,saved,relative,min,1e-05,-394.6940818622124,-4587.5963126603865,0.08603505081146207,True
gaussian_s3_train_saved_rel,gaussian_postrelu,3,train_probe,saved,relative,min,3e-05,-5838.49393609448,-4587.5963126603865,1.2726695066830516,True
gaussian_s3_train_saved_rel,gaussian_postrelu,3,train_probe,saved,relative,min,0.0001,-4840.173480791244,-4587.5963126603865,1.0550565374363523,True
gaussian_s3_train_saved_rel,gaussian_postrelu,3,train_probe,saved,relative,min,0.0003,-2507.374983373723,-4587.5963126603865,0.5465552791674633,True
gaussian_s3_train_saved_rel,gaussian_postrelu,3,train_probe,saved,relative,min,0.001,-1378.3323547076343,-4587.5963126603865,0.30044761150928895,True
gaussian_s3_train_saved_rel,gaussian_postrelu,3,train_probe,saved,relative,min,0.003,2821.751169136065,-4587.5963126603865,-0.6150827092935096,False
gaussian_s3_train_saved_rel,gaussian_postrelu,3,train_probe,saved,relative,min,0.01,63961.37197955601,-4587.5963126603865,-13.942240689975675,False
gaussian_s4_test_centre_frozen_ord,gaussian_postrelu,4,test_probe,centre_frozen,ordinary,top1,1e-05,1837945.4947492487,1831035.5291110456,1.003773802052633,True
gaussian_s4_test_centre_frozen_ord,gaussian_postrelu,4,test_probe,centre_frozen,ordinary,top1,3e-05,1815038.654979784,1831035.5291110456,0.9912634823972925,True
gaussian_s4_test_centre_frozen_ord,gaussian_postrelu,4,test_probe,centre_frozen,ordinary,top1,0.0001,1822105.8301542525,1831035.5291110456,0.9951231427163357,True
gaussian_s4_test_centre_frozen_ord,gaussian_postrelu,4,test_probe,centre_frozen,ordinary,top1,0.0003,1860748.5277439957,1831035.5291110456,1.016227428774894,True
gaussian_s4_test_centre_frozen_ord,gaussian_postrelu,4,test_probe,centre_frozen,ordinary,top1,0.001,1982709.462311971,1831035.5291110456,1.0828350574248888,True
gaussian_s4_test_centre_frozen_ord,gaussian_postrelu,4,test_probe,centre_frozen,ordinary,top1,0.003,1420915.7427145012,1831035.5291110456,0.776017570453341,True
gaussian_s4_test_centre_frozen_ord,gaussian_postrelu,4,test_probe,centre_frozen,ordinary,top1,0.01,586605.3674617839,1831035.5291110456,0.3203680967056803,True
gaussian_s4_test_centre_frozen_ord,gaussian_postrelu,4,test_probe,centre_frozen,ordinary,min,1e-05,10080.333001649677,-5019.060726494963,-2.0084102486421256,False
gaussian_s4_test_centre_frozen_ord,gaussian_postrelu,4,test_probe,centre_frozen,ordinary,min,3e-05,-1296.383176856924,-5019.060726494963,0.2582919887805874,True
gaussian_s4_test_centre_frozen_ord,gaussian_postrelu,4,test_probe,centre_frozen,ordinary,min,0.0001,-1646.8814457715198,-5019.060726494963,0.32812542734895567,True
gaussian_s4_test_centre_frozen_ord,gaussian_postrelu,4,test_probe,centre_frozen,ordinary,min,0.0003,-4116.086687639471,-5019.060726494963,0.820091031357957,True
gaussian_s4_test_centre_frozen_ord,gaussian_postrelu,4,test_probe,centre_frozen,ordinary,min,0.001,-3806.422648312546,-5019.060726494963,0.7583934237374216,True
gaussian_s4_test_centre_frozen_ord,gaussian_postrelu,4,test_probe,centre_frozen,ordinary,min,0.003,-1166.8371005155473,-5019.060726494963,0.23248116811099082,True
gaussian_s4_test_centre_frozen_ord,gaussian_postrelu,4,test_probe,centre_frozen,ordinary,min,0.01,22628.105149881834,-5019.060726494963,-4.5084342236448816,False
gaussian_s4_test_centre_frozen_rel,gaussian_postrelu,4,test_probe,centre_frozen,relative,top1,1e-05,1872689.653310555,1852704.9579993128,1.0107867662495076,True
gaussian_s4_test_centre_frozen_rel,gaussian_postrelu,4,test_probe,centre_frozen,relative,top1,3e-05,1834454.811507285,1852704.9579993128,0.990149458815215,True
gaussian_s4_test_centre_frozen_rel,gaussian_postrelu,4,test_probe,centre_frozen,relative,top1,0.0001,1849331.1260080915,1852704.9579993128,0.9981789696321294,True
gaussian_s4_test_centre_frozen_rel,gaussian_postrelu,4,test_probe,centre_frozen,relative,top1,0.0003,1884636.4052835356,1852704.9579993128,1.0172350417406475,True
gaussian_s4_test_centre_frozen_rel,gaussian_postrelu,4,test_probe,centre_frozen,relative,top1,0.001,2000551.006644568,1852704.9579993128,1.0798001041703424,True
gaussian_s4_test_centre_frozen_rel,gaussian_postrelu,4,test_probe,centre_frozen,relative,top1,0.003,1401523.31190765,1852704.9579993128,0.7564740979703093,True
gaussian_s4_test_centre_frozen_rel,gaussian_postrelu,4,test_probe,centre_frozen,relative,top1,0.01,542155.8297538402,1852704.9579993128,0.29262934036690874,True
gaussian_s4_test_centre_frozen_rel,gaussian_postrelu,4,test_probe,centre_frozen,relative,min,1e-05,8715.477226584055,-5063.1490873119365,-1.7213550453066289,False
gaussian_s4_test_centre_frozen_rel,gaussian_postrelu,4,test_probe,centre_frozen,relative,min,3e-05,-903.462032593912,-5063.1490873119365,0.17843875758230274,True
gaussian_s4_test_centre_frozen_rel,gaussian_postrelu,4,test_probe,centre_frozen,relative,min,0.0001,-1621.7277353680615,-5063.1490873119365,0.32030021383965385,True
gaussian_s4_test_centre_frozen_rel,gaussian_postrelu,4,test_probe,centre_frozen,relative,min,0.0003,-3923.1318594648255,-5063.1490873119365,0.7748402805866508,True
gaussian_s4_test_centre_frozen_rel,gaussian_postrelu,4,test_probe,centre_frozen,relative,min,0.001,-3617.819430037139,-5063.1490873119365,0.7145393840175989,True
gaussian_s4_test_centre_frozen_rel,gaussian_postrelu,4,test_probe,centre_frozen,relative,min,0.003,-1053.9489614938002,-5063.1490873119365,0.20816075989841126,True
gaussian_s4_test_centre_frozen_rel,gaussian_postrelu,4,test_probe,centre_frozen,relative,min,0.01,23259.78784245613,-5063.1490873119365,-4.593936982962697,False
gaussian_s4_test_saved_ord,gaussian_postrelu,4,test_probe,saved,ordinary,top1,1e-05,1807142.2600018925,1820224.5561038293,0.9928128119917581,True
gaussian_s4_test_saved_ord,gaussian_postrelu,4,test_probe,saved,ordinary,top1,3e-05,1795444.8863815526,1820224.5561038293,0.9863864765261066,True
gaussian_s4_test_saved_ord,gaussian_postrelu,4,test_probe,saved,ordinary,top1,0.0001,1794163.8658484083,1820224.5561038293,0.9856827059232716,True
gaussian_s4_test_saved_ord,gaussian_postrelu,4,test_probe,saved,ordinary,top1,0.0003,1823434.455817198,1820224.5561038293,1.0017634635806911,True
gaussian_s4_test_saved_ord,gaussian_postrelu,4,test_probe,saved,ordinary,top1,0.001,1948958.701334481,1820224.5561038293,1.0707243206883252,True
gaussian_s4_test_saved_ord,gaussian_postrelu,4,test_probe,saved,ordinary,top1,0.003,1391640.4239932613,1820224.5561038293,0.7645432643607734,True
gaussian_s4_test_saved_ord,gaussian_postrelu,4,test_probe,saved,ordinary,top1,0.01,544483.3862912423,1820224.5561038293,0.2991297883908912,True
gaussian_s4_test_saved_ord,gaussian_postrelu,4,test_probe,saved,ordinary,min,1e-05,-6169.647408515998,-7020.0313871400695,0.8788632227226388,True
gaussian_s4_test_saved_ord,gaussian_postrelu,4,test_probe,saved,ordinary,min,3e-05,-4229.75453008413,-7020.0313871400695,0.6025264413820968,True
gaussian_s4_test_saved_ord,gaussian_postrelu,4,test_probe,saved,ordinary,min,0.0001,-8236.508825487654,-7020.0313871400695,1.1732866095977916,True
gaussian_s4_test_saved_ord,gaussian_postrelu,4,test_probe,saved,ordinary,min,0.0003,-7521.417000819518,-7020.0313871400695,1.0714221327554079,True
gaussian_s4_test_saved_ord,gaussian_postrelu,4,test_probe,saved,ordinary,min,0.001,-6117.0443613731695,-7020.0313871400695,0.8713699446670461,True
gaussian_s4_test_saved_ord,gaussian_postrelu,4,test_probe,saved,ordinary,min,0.003,-1498.5258159402945,-7020.0313871400695,0.21346426152530174,True
gaussian_s4_test_saved_ord,gaussian_postrelu,4,test_probe,saved,ordinary,min,0.01,55531.43721793047,-7020.0313871400695,-7.9104257738302985,False
gaussian_s4_test_saved_rel,gaussian_postrelu,4,test_probe,saved,relative,top1,1e-05,1839843.2619814996,1843184.0562349076,0.9981874874394083,True
gaussian_s4_test_saved_rel,gaussian_postrelu,4,test_probe,saved,relative,top1,3e-05,1820798.0902388657,1843184.0562349076,0.9878547310995246,True
gaussian_s4_test_saved_rel,gaussian_postrelu,4,test_probe,saved,relative,top1,0.0001,1820077.0940010047,1843184.0562349076,0.9874635622222646,True
gaussian_s4_test_saved_rel,gaussian_postrelu,4,test_probe,saved,relative,top1,0.0003,1847110.8294679995,1843184.0562349076,1.0021304292535567,True
gaussian_s4_test_saved_rel,gaussian_postrelu,4,test_probe,saved,relative,top1,0.001,1968526.3975756108,1843184.0562349076,1.0680031605724398,True
gaussian_s4_test_saved_rel,gaussian_postrelu,4,test_probe,saved,relative,top1,0.003,1379105.4607127742,1843184.0562349076,0.7482190701724537,True
gaussian_s4_test_saved_rel,gaussian_postrelu,4,test_probe,saved,relative,top1,0.01,500283.7350231434,1843184.0562349076,0.27142364504013694,True
gaussian_s4_test_saved_rel,gaussian_postrelu,4,test_probe,saved,relative,min,1e-05,-6880.166922851315,-7075.385165406402,0.9724088176132707,True
gaussian_s4_test_saved_rel,gaussian_postrelu,4,test_probe,saved,relative,min,3e-05,-4348.171379249995,-7075.385165406402,0.6145490708420311,True
gaussian_s4_test_saved_rel,gaussian_postrelu,4,test_probe,saved,relative,min,0.0001,-8328.106028754333,-7075.385165406402,1.1770533807082115,True
gaussian_s4_test_saved_rel,gaussian_postrelu,4,test_probe,saved,relative,min,0.0003,-7665.97314450933,-7075.385165406402,1.0834707885572765,True
gaussian_s4_test_saved_rel,gaussian_postrelu,4,test_probe,saved,relative,min,0.001,-6163.09469127585,-7075.385165406402,0.8710613694091167,True
gaussian_s4_test_saved_rel,gaussian_postrelu,4,test_probe,saved,relative,min,0.003,-1453.9174180147668,-7075.385165406402,0.20548950820704268,True
gaussian_s4_test_saved_rel,gaussian_postrelu,4,test_probe,saved,relative,min,0.01,56943.59267916395,-7075.385165406402,-8.048126193550225,False
gaussian_s4_train_centre_frozen_ord,gaussian_postrelu,4,train_probe,centre_frozen,ordinary,top1,1e-05,1667424.5728853785,1654241.6053823738,1.0079691911145938,True
gaussian_s4_train_centre_frozen_ord,gaussian_postrelu,4,train_probe,centre_frozen,ordinary,top1,3e-05,1681267.3710357256,1654241.6053823738,1.0163372542229736,True
gaussian_s4_train_centre_frozen_ord,gaussian_postrelu,4,train_probe,centre_frozen,ordinary,top1,0.0001,1696150.398272955,1654241.6053823738,1.0253341426997262,True
gaussian_s4_train_centre_frozen_ord,gaussian_postrelu,4,train_probe,centre_frozen,ordinary,top1,0.0003,1732398.7512784833,1654241.6053823738,1.0472465120220718,True
gaussian_s4_train_centre_frozen_ord,gaussian_postrelu,4,train_probe,centre_frozen,ordinary,top1,0.001,1898632.8099744355,1654241.6053823738,1.1477361008191855,True
gaussian_s4_train_centre_frozen_ord,gaussian_postrelu,4,train_probe,centre_frozen,ordinary,top1,0.003,1417581.4101591809,1654241.6053823738,0.856937345516413,True
gaussian_s4_train_centre_frozen_ord,gaussian_postrelu,4,train_probe,centre_frozen,ordinary,top1,0.01,570023.9330186163,1654241.6053823738,0.344583240539919,True
gaussian_s4_train_centre_frozen_ord,gaussian_postrelu,4,train_probe,centre_frozen,ordinary,min,1e-05,3409.8601586762807,-2777.433552695621,-1.2277017951939342,False
gaussian_s4_train_centre_frozen_ord,gaussian_postrelu,4,train_probe,centre_frozen,ordinary,min,3e-05,1488.7017348493478,-2777.433552695621,-0.5359990460994098,False
gaussian_s4_train_centre_frozen_ord,gaussian_postrelu,4,train_probe,centre_frozen,ordinary,min,0.0001,-906.6324863415964,-2777.433552695621,0.3264281463949587,True
gaussian_s4_train_centre_frozen_ord,gaussian_postrelu,4,train_probe,centre_frozen,ordinary,min,0.0003,-538.4435230719002,-2777.433552695621,0.1938636920942059,True
gaussian_s4_train_centre_frozen_ord,gaussian_postrelu,4,train_probe,centre_frozen,ordinary,min,0.001,444.8916819939086,-2777.433552695621,-0.1601808552943136,False
gaussian_s4_train_centre_frozen_ord,gaussian_postrelu,4,train_probe,centre_frozen,ordinary,min,0.003,1951.67112076026,-2777.433552695621,-0.7026886813785618,False
gaussian_s4_train_centre_frozen_ord,gaussian_postrelu,4,train_probe,centre_frozen,ordinary,min,0.01,19337.948228920763,-2777.433552695621,-6.962524165574523,False
gaussian_s4_train_centre_frozen_rel,gaussian_postrelu,4,train_probe,centre_frozen,relative,top1,1e-05,1686426.5220317696,1673527.034292959,1.0077079649593235,True
gaussian_s4_train_centre_frozen_rel,gaussian_postrelu,4,train_probe,centre_frozen,relative,top1,3e-05,1702205.3192127116,1673527.034292959,1.0171364336112256,True
gaussian_s4_train_centre_frozen_rel,gaussian_postrelu,4,train_probe,centre_frozen,relative,top1,0.0001,1717578.393667185,1673527.034292959,1.0263224665461332,True
gaussian_s4_train_centre_frozen_rel,gaussian_postrelu,4,train_probe,centre_frozen,relative,top1,0.0003,1752585.8418633055,1673527.034292959,1.0472408308621963,True
gaussian_s4_train_centre_frozen_rel,gaussian_postrelu,4,train_probe,centre_frozen,relative,top1,0.001,1923868.3364508185,1673527.034292959,1.1495890398111346,True
gaussian_s4_train_centre_frozen_rel,gaussian_postrelu,4,train_probe,centre_frozen,relative,top1,0.003,1414198.1927206991,1673527.034292959,0.845040542364574,True
gaussian_s4_train_centre_frozen_rel,gaussian_postrelu,4,train_probe,centre_frozen,relative,top1,0.01,530133.6370286968,1673527.034292959,0.3167762612527324,True
gaussian_s4_train_centre_frozen_rel,gaussian_postrelu,4,train_probe,centre_frozen,relative,min,1e-05,3623.0508582146817,-2801.0179159299446,-1.2934765028133781,False
gaussian_s4_train_centre_frozen_rel,gaussian_postrelu,4,train_probe,centre_frozen,relative,min,3e-05,1623.0302547616384,-2801.0179159299446,-0.579443010889414,False
gaussian_s4_train_centre_frozen_rel,gaussian_postrelu,4,train_probe,centre_frozen,relative,min,0.0001,-909.0511735143637,-2801.0179159299446,0.3245431485262587,True
gaussian_s4_train_centre_frozen_rel,gaussian_postrelu,4,train_probe,centre_frozen,relative,min,0.0003,-506.8308689391998,-2801.0179159299446,0.18094524353334268,True
gaussian_s4_train_centre_frozen_rel,gaussian_postrelu,4,train_probe,centre_frozen,relative,min,0.001,445.2884923356049,-2801.0179159299446,-0.15897381084325127,False
gaussian_s4_train_centre_frozen_rel,gaussian_postrelu,4,train_probe,centre_frozen,relative,min,0.003,1936.8820431943595,-2801.0179159299446,-0.6914922008099009,False
gaussian_s4_train_centre_frozen_rel,gaussian_postrelu,4,train_probe,centre_frozen,relative,min,0.01,19399.82000024129,-2801.0179159299446,-6.9259892590870855,False
gaussian_s4_train_saved_ord,gaussian_postrelu,4,train_probe,saved,ordinary,top1,1e-05,1693225.7282376017,1642128.164274518,1.0311166723004586,True
gaussian_s4_train_saved_ord,gaussian_postrelu,4,train_probe,saved,ordinary,top1,3e-05,1702512.20210576,1642128.164274518,1.0367718179037015,True
gaussian_s4_train_saved_ord,gaussian_postrelu,4,train_probe,saved,ordinary,top1,0.0001,1681160.6577451287,1642128.164274518,1.0237694561970168,True
gaussian_s4_train_saved_ord,gaussian_postrelu,4,train_probe,saved,ordinary,top1,0.0003,1700361.0110618798,1642128.164274518,1.0354618159862625,True
gaussian_s4_train_saved_ord,gaussian_postrelu,4,train_probe,saved,ordinary,top1,0.001,1846611.5189539976,1642128.164274518,1.1245233832097503,True
gaussian_s4_train_saved_ord,gaussian_postrelu,4,train_probe,saved,ordinary,top1,0.003,1373489.3673666392,1642128.164274518,0.8364081423409715,True
gaussian_s4_train_saved_ord,gaussian_postrelu,4,train_probe,saved,ordinary,top1,0.01,513975.758262024,1642128.164274518,0.31299369284558576,True
gaussian_s4_train_saved_ord,gaussian_postrelu,4,train_probe,saved,ordinary,min,1e-05,374.5124310672309,-4723.734904627235,-0.07928311783550117,False
gaussian_s4_train_saved_ord,gaussian_postrelu,4,train_probe,saved,ordinary,min,3e-05,-1993.6419893963453,-4723.734904627235,0.4220478137846878,True
gaussian_s4_train_saved_ord,gaussian_postrelu,4,train_probe,saved,ordinary,min,0.0001,-2155.7550724415896,-4723.734904627235,0.4563666496885492,True
gaussian_s4_train_saved_ord,gaussian_postrelu,4,train_probe,saved,ordinary,min,0.0003,-1317.7026245074037,-4723.734904627235,0.27895355076268574,True
gaussian_s4_train_saved_ord,gaussian_postrelu,4,train_probe,saved,ordinary,min,0.001,-185.2197864066208,-4723.734904627235,0.03921045319990012,True
gaussian_s4_train_saved_ord,gaussian_postrelu,4,train_probe,saved,ordinary,min,0.003,3110.386532687914,-4723.734904627235,-0.6584591632441247,False
gaussian_s4_train_saved_ord,gaussian_postrelu,4,train_probe,saved,ordinary,min,0.01,47765.489706236185,-4723.734904627235,-10.111805736483324,False
gaussian_s4_train_saved_rel,gaussian_postrelu,4,train_probe,saved,relative,top1,1e-05,1717942.5744184847,1661772.5011773529,1.0338013014424874,True
gaussian_s4_train_saved_rel,gaussian_postrelu,4,train_probe,saved,relative,top1,3e-05,1724971.313740658,1661772.5011773529,1.0380309654411355,True
gaussian_s4_train_saved_rel,gaussian_postrelu,4,train_probe,saved,relative,top1,0.0001,1704735.3353458417,1661772.5011773529,1.0258536196368937,True
gaussian_s4_train_saved_rel,gaussian_postrelu,4,train_probe,saved,relative,top1,0.0003,1722274.0044319886,1661772.5011773529,1.036407813471321,True
gaussian_s4_train_saved_rel,gaussian_postrelu,4,train_probe,saved,relative,top1,0.001,1874228.485112294,1661772.5011773529,1.1278490189146937,True
gaussian_s4_train_saved_rel,gaussian_postrelu,4,train_probe,saved,relative,top1,0.003,1380251.060470098,1661772.5011773529,0.8305896622384839,True
gaussian_s4_train_saved_rel,gaussian_postrelu,4,train_probe,saved,relative,top1,0.01,481343.78639623127,1661772.5011773529,0.28965684897012256,True
gaussian_s4_train_saved_rel,gaussian_postrelu,4,train_probe,saved,relative,min,1e-05,627.5789476983816,-4753.682540096703,-0.13201953273169456,False
gaussian_s4_train_saved_rel,gaussian_postrelu,4,train_probe,saved,relative,min,3e-05,-1832.678571739916,-4753.682540096703,0.38552817868705097,True
gaussian_s4_train_saved_rel,gaussian_postrelu,4,train_probe,saved,relative,min,0.0001,-2142.9940933681555,-4753.682540096703,0.4508071532527204,True
gaussian_s4_train_saved_rel,gaussian_postrelu,4,train_probe,saved,relative,min,0.0003,-1322.846640194886,-4753.682540096703,0.27827828826112055,True
gaussian_s4_train_saved_rel,gaussian_postrelu,4,train_probe,saved,relative,min,0.001,-200.00404746056688,-4753.682540096703,0.04207349686765121,True
gaussian_s4_train_saved_rel,gaussian_postrelu,4,train_probe,saved,relative,min,0.003,3152.7771041012725,-4753.682540096703,-0.6632283661157433,False
gaussian_s4_train_saved_rel,gaussian_postrelu,4,train_probe,saved,relative,min,0.01,48005.22670235652,-4753.682540096703,-10.098534409363392,False
combined_s0_test_centre_frozen_ord,resolution_max_b1_gaussian_conv,0,test_probe,centre_frozen,ordinary,top1,1e-05,1366162.0015881225,1462632.9554381454,0.934042950768107,True
combined_s0_test_centre_frozen_ord,resolution_max_b1_gaussian_conv,0,test_probe,centre_frozen,ordinary,top1,3e-05,1408532.5344242388,1462632.9554381454,0.9630116217382095,True
combined_s0_test_centre_frozen_ord,resolution_max_b1_gaussian_conv,0,test_probe,centre_frozen,ordinary,top1,0.0001,1423031.691480725,1462632.9554381454,0.972924674088478,True
combined_s0_test_centre_frozen_ord,resolution_max_b1_gaussian_conv,0,test_probe,centre_frozen,ordinary,top1,0.0003,1456552.6560774308,1462632.9554381454,0.9958429082716154,True
combined_s0_test_centre_frozen_ord,resolution_max_b1_gaussian_conv,0,test_probe,centre_frozen,ordinary,top1,0.001,1545011.5353333503,1462632.9554381454,1.0563221138898293,True
combined_s0_test_centre_frozen_ord,resolution_max_b1_gaussian_conv,0,test_probe,centre_frozen,ordinary,top1,0.003,1181113.7453525777,1462632.9554381454,0.8075257301984994,True
combined_s0_test_centre_frozen_ord,resolution_max_b1_gaussian_conv,0,test_probe,centre_frozen,ordinary,top1,0.01,493723.7253582291,1462632.9554381454,0.3375581847260713,True
combined_s0_test_centre_frozen_ord,resolution_max_b1_gaussian_conv,0,test_probe,centre_frozen,ordinary,min,1e-05,-1969.6965547488785,-5560.642164565846,0.3542210587295838,True
combined_s0_test_centre_frozen_ord,resolution_max_b1_gaussian_conv,0,test_probe,centre_frozen,ordinary,min,3e-05,-5911.09362494772,-5560.642164565846,1.0630235591520456,True
combined_s0_test_centre_frozen_ord,resolution_max_b1_gaussian_conv,0,test_probe,centre_frozen,ordinary,min,0.0001,-5908.898043305299,-5560.642164565846,1.0626287159707288,True
combined_s0_test_centre_frozen_ord,resolution_max_b1_gaussian_conv,0,test_probe,centre_frozen,ordinary,min,0.0003,-5227.939474101225,-5560.642164565846,0.9401682970026903,True
combined_s0_test_centre_frozen_ord,resolution_max_b1_gaussian_conv,0,test_probe,centre_frozen,ordinary,min,0.001,-4445.527191381693,-5560.642164565846,0.7994629145011318,True
combined_s0_test_centre_frozen_ord,resolution_max_b1_gaussian_conv,0,test_probe,centre_frozen,ordinary,min,0.003,516.2928043988114,-5560.642164565846,-0.09284769440637468,False
combined_s0_test_centre_frozen_ord,resolution_max_b1_gaussian_conv,0,test_probe,centre_frozen,ordinary,min,0.01,67757.02209890878,-5560.642164565846,-12.185107419908759,False
combined_s0_test_centre_frozen_rel,resolution_max_b1_gaussian_conv,0,test_probe,centre_frozen,relative,top1,1e-05,1370822.0808572588,1475672.9711783268,0.9289470686466904,True
combined_s0_test_centre_frozen_rel,resolution_max_b1_gaussian_conv,0,test_probe,centre_frozen,relative,top1,3e-05,1419574.1240167574,1475672.9711783268,0.9619842280388354,True
combined_s0_test_centre_frozen_rel,resolution_max_b1_gaussian_conv,0,test_probe,centre_frozen,relative,top1,0.0001,1434301.4354801564,1475672.9711783268,0.9719642925592551,True
combined_s0_test_centre_frozen_rel,resolution_max_b1_gaussian_conv,0,test_probe,centre_frozen,relative,top1,0.0003,1470636.1669863872,1475672.9711783268,0.9965867747866131,True
combined_s0_test_centre_frozen_rel,resolution_max_b1_gaussian_conv,0,test_probe,centre_frozen,relative,top1,0.001,1566271.947439006,1475672.9711783268,1.0613950231726044,True
combined_s0_test_centre_frozen_rel,resolution_max_b1_gaussian_conv,0,test_probe,centre_frozen,relative,top1,0.003,1203978.2597530368,1475672.9711783268,0.8158841987812914,True
combined_s0_test_centre_frozen_rel,resolution_max_b1_gaussian_conv,0,test_probe,centre_frozen,relative,top1,0.01,506351.9509851196,1475672.9711783268,0.34313290334293844,True
combined_s0_test_centre_frozen_rel,resolution_max_b1_gaussian_conv,0,test_probe,centre_frozen,relative,min,1e-05,-2378.917391965273,-5597.414383494139,0.42500290830357534,True
combined_s0_test_centre_frozen_rel,resolution_max_b1_gaussian_conv,0,test_probe,centre_frozen,relative,min,3e-05,-6344.36186055767,-5597.414383494139,1.133445091945695,True
combined_s0_test_centre_frozen_rel,resolution_max_b1_gaussian_conv,0,test_probe,centre_frozen,relative,min,0.0001,-6105.651587651195,-5597.414383494139,1.0907985668625437,True
combined_s0_test_centre_frozen_rel,resolution_max_b1_gaussian_conv,0,test_probe,centre_frozen,relative,min,0.0003,-5336.951234418624,-5597.414383494139,0.9534672384014344,True
combined_s0_test_centre_frozen_rel,resolution_max_b1_gaussian_conv,0,test_probe,centre_frozen,relative,min,0.001,-4467.004226781591,-5597.414383494139,0.7980477986325359,True
combined_s0_test_centre_frozen_rel,resolution_max_b1_gaussian_conv,0,test_probe,centre_frozen,relative,min,0.003,625.2676748398479,-5597.414383494139,-0.11170651876045844,False
combined_s0_test_centre_frozen_rel,resolution_max_b1_gaussian_conv,0,test_probe,centre_frozen,relative,min,0.01,69327.12442473815,-5597.414383494139,-12.385562274819696,False
combined_s0_test_saved_ord,resolution_max_b1_gaussian_conv,0,test_probe,saved,ordinary,top1,1e-05,1373692.584030195,1424440.519515589,0.9643734260643947,True
combined_s0_test_saved_ord,resolution_max_b1_gaussian_conv,0,test_probe,saved,ordinary,top1,3e-05,1387985.4808982215,1424440.519515589,0.9744074686742519,True
combined_s0_test_saved_ord,resolution_max_b1_gaussian_conv,0,test_probe,saved,ordinary,top1,0.0001,1393409.6972243902,1424440.519515589,0.978215431345809,True
combined_s0_test_saved_ord,resolution_max_b1_gaussian_conv,0,test_probe,saved,ordinary,top1,0.0003,1415846.9149688622,1424440.519515589,0.9939670316668264,True
combined_s0_test_saved_ord,resolution_max_b1_gaussian_conv,0,test_probe,saved,ordinary,top1,0.001,1498752.48422089,1424440.519515589,1.0521692297341922,True
combined_s0_test_saved_ord,resolution_max_b1_gaussian_conv,0,test_probe,saved,ordinary,top1,0.003,1148578.3861206318,1424440.519515589,0.8063365022157822,True
combined_s0_test_saved_ord,resolution_max_b1_gaussian_conv,0,test_probe,saved,ordinary,top1,0.01,494332.27392406337,1424440.519515589,0.34703609392701873,True
combined_s0_test_saved_ord,resolution_max_b1_gaussian_conv,0,test_probe,saved,ordinary,min,1e-05,-11919.013336303406,-6676.572255698891,1.7851994825832593,True
combined_s0_test_saved_ord,resolution_max_b1_gaussian_conv,0,test_probe,saved,ordinary,min,3e-05,-12482.879504381748,-6676.572255698891,1.8696539221494672,True
combined_s0_test_saved_ord,resolution_max_b1_gaussian_conv,0,test_probe,saved,ordinary,min,0.0001,-8961.645440486165,-6676.572255698891,1.342252445906927,True
combined_s0_test_saved_ord,resolution_max_b1_gaussian_conv,0,test_probe,saved,ordinary,min,0.0003,-6507.364694960692,-6676.572255698891,0.9746565222006293,True
combined_s0_test_saved_ord,resolution_max_b1_gaussian_conv,0,test_probe,saved,ordinary,min,0.001,-5607.477975188458,-6676.572255698891,0.839873779603315,True
combined_s0_test_saved_ord,resolution_max_b1_gaussian_conv,0,test_probe,saved,ordinary,min,0.003,137.07763145763707,-6676.572255698891,-0.020531138765199814,False
combined_s0_test_saved_ord,resolution_max_b1_gaussian_conv,0,test_probe,saved,ordinary,min,0.01,80314.82366413946,-6676.572255698891,-12.029349880185226,False
combined_s0_test_saved_rel,resolution_max_b1_gaussian_conv,0,test_probe,saved,relative,top1,1e-05,1389875.5476038358,1436881.76775793,0.9672859512808479,True
combined_s0_test_saved_rel,resolution_max_b1_gaussian_conv,0,test_probe,saved,relative,top1,3e-05,1401771.8466075023,1436881.76775793,0.9755651982381178,True
combined_s0_test_saved_rel,resolution_max_b1_gaussian_conv,0,test_probe,saved,relative,top1,0.0001,1405786.9050730253,1436881.76775793,0.9783594841394471,True
combined_s0_test_saved_rel,resolution_max_b1_gaussian_conv,0,test_probe,saved,relative,top1,0.0003,1429792.6516496716,1436881.76775793,0.9950663191173201,True
combined_s0_test_saved_rel,resolution_max_b1_gaussian_conv,0,test_probe,saved,relative,top1,0.001,1517434.2648088476,1436881.76775793,1.0560606299407704,True
combined_s0_test_saved_rel,resolution_max_b1_gaussian_conv,0,test_probe,saved,relative,top1,0.003,1163793.3144130327,1436881.76775793,0.8099436853659735,True
combined_s0_test_saved_rel,resolution_max_b1_gaussian_conv,0,test_probe,saved,relative,top1,0.01,502034.7088761241,1436881.76775793,0.34939180114971113,True
combined_s0_test_saved_rel,resolution_max_b1_gaussian_conv,0,test_probe,saved,relative,min,1e-05,-11494.379719145796,-6720.9806345737525,1.7102236033856353,True
combined_s0_test_saved_rel,resolution_max_b1_gaussian_conv,0,test_probe,saved,relative,min,3e-05,-12001.054715179056,-6720.9806345737525,1.785610667205883,True
combined_s0_test_saved_rel,resolution_max_b1_gaussian_conv,0,test_probe,saved,relative,min,0.0001,-8992.956972497801,-6720.9806345737525,1.338042387183301,True
combined_s0_test_saved_rel,resolution_max_b1_gaussian_conv,0,test_probe,saved,relative,min,0.0003,-6551.144848939336,-6720.9806345737525,0.974730505134808,True
combined_s0_test_saved_rel,resolution_max_b1_gaussian_conv,0,test_probe,saved,relative,min,0.001,-5649.354463436396,-6720.9806345737525,0.8405550872108235,True
combined_s0_test_saved_rel,resolution_max_b1_gaussian_conv,0,test_probe,saved,relative,min,0.003,189.3695154369348,-6720.9806345737525,-0.028175875773661516,False
combined_s0_test_saved_rel,resolution_max_b1_gaussian_conv,0,test_probe,saved,relative,min,0.01,83031.68299720559,-6720.9806345737525,-12.354102401378439,False
combined_s0_train_centre_frozen_ord,resolution_max_b1_gaussian_conv,0,train_probe,centre_frozen,ordinary,top1,1e-05,1370624.7867895092,1356248.820685295,1.0105997998928768,True
combined_s0_train_centre_frozen_ord,resolution_max_b1_gaussian_conv,0,train_probe,centre_frozen,ordinary,top1,3e-05,1370553.863482529,1356248.820685295,1.0105475061648392,True
combined_s0_train_centre_frozen_ord,resolution_max_b1_gaussian_conv,0,train_probe,centre_frozen,ordinary,top1,0.0001,1383434.1173715624,1356248.820685295,1.0200444758156775,True
combined_s0_train_centre_frozen_ord,resolution_max_b1_gaussian_conv,0,train_probe,centre_frozen,ordinary,top1,0.0003,1398200.2804228123,1356248.820685295,1.0309319787768145,True
combined_s0_train_centre_frozen_ord,resolution_max_b1_gaussian_conv,0,train_probe,centre_frozen,ordinary,top1,0.001,1481814.491001726,1356248.820685295,1.092583063226543,True
combined_s0_train_centre_frozen_ord,resolution_max_b1_gaussian_conv,0,train_probe,centre_frozen,ordinary,top1,0.003,1171778.2715472856,1356248.820685295,0.8639847302910105,True
combined_s0_train_centre_frozen_ord,resolution_max_b1_gaussian_conv,0,train_probe,centre_frozen,ordinary,top1,0.01,516640.2788781105,1356248.820685295,0.3809332557554291,True
combined_s0_train_centre_frozen_ord,resolution_max_b1_gaussian_conv,0,train_probe,centre_frozen,ordinary,min,1e-05,-473.79769663180576,-3269.1662882743312,0.14492921278773666,True
combined_s0_train_centre_frozen_ord,resolution_max_b1_gaussian_conv,0,train_probe,centre_frozen,ordinary,min,3e-05,-2271.601845145928,-3269.1662882743312,0.6948566224035733,True
combined_s0_train_centre_frozen_ord,resolution_max_b1_gaussian_conv,0,train_probe,centre_frozen,ordinary,min,0.0001,-961.1847738622004,-3269.1662882743312,0.2940152592756526,True
combined_s0_train_centre_frozen_ord,resolution_max_b1_gaussian_conv,0,train_probe,centre_frozen,ordinary,min,0.0003,-369.779154082058,-3269.1662882743312,0.1131111486767626,True
combined_s0_train_centre_frozen_ord,resolution_max_b1_gaussian_conv,0,train_probe,centre_frozen,ordinary,min,0.001,-165.1976442433867,-3269.1662882743312,0.050532040794593,True
combined_s0_train_centre_frozen_ord,resolution_max_b1_gaussian_conv,0,train_probe,centre_frozen,ordinary,min,0.003,1605.7161008815724,-3269.1662882743312,-0.4911699067254144,False
combined_s0_train_centre_frozen_ord,resolution_max_b1_gaussian_conv,0,train_probe,centre_frozen,ordinary,min,0.01,42439.76702783508,-3269.1662882743312,-12.98183184503515,False
combined_s0_train_centre_frozen_rel,resolution_max_b1_gaussian_conv,0,train_probe,centre_frozen,relative,top1,1e-05,1382322.3731956878,1367972.8921149268,1.0104895946136594,True
combined_s0_train_centre_frozen_rel,resolution_max_b1_gaussian_conv,0,train_probe,centre_frozen,relative,top1,3e-05,1382084.3834369236,1367972.8921149268,1.0103156220443668,True
combined_s0_train_centre_frozen_rel,resolution_max_b1_gaussian_conv,0,train_probe,centre_frozen,relative,top1,0.0001,1396188.5784326778,1367972.8921149268,1.020625910411228,True
combined_s0_train_centre_frozen_rel,resolution_max_b1_gaussian_conv,0,train_probe,centre_frozen,relative,top1,0.0003,1409882.8668254332,1367972.8921149268,1.0306365535107296,True
combined_s0_train_centre_frozen_rel,resolution_max_b1_gaussian_conv,0,train_probe,centre_frozen,relative,top1,0.001,1495037.2843834446,1367972.8921149268,1.0928851682668013,True
combined_s0_train_centre_frozen_rel,resolution_max_b1_gaussian_conv,0,train_probe,centre_frozen,relative,top1,0.003,1190869.6430934092,1367972.8921149268,0.870535995236199,True
combined_s0_train_centre_frozen_rel,resolution_max_b1_gaussian_conv,0,train_probe,centre_frozen,relative,top1,0.01,528130.9327125408,1367972.8921149268,0.3860682735430778,True
combined_s0_train_centre_frozen_rel,resolution_max_b1_gaussian_conv,0,train_probe,centre_frozen,relative,min,1e-05,-70.91067955045104,-3295.385707698425,0.021518172936416818,True
combined_s0_train_centre_frozen_rel,resolution_max_b1_gaussian_conv,0,train_probe,centre_frozen,relative,min,3e-05,-2368.209633334888,-3295.385707698425,0.7186441416561528,True
combined_s0_train_centre_frozen_rel,resolution_max_b1_gaussian_conv,0,train_probe,centre_frozen,relative,min,0.0001,-960.123827309367,-3295.385707698425,0.2913540060170802,True
combined_s0_train_centre_frozen_rel,resolution_max_b1_gaussian_conv,0,train_probe,centre_frozen,relative,min,0.0003,-330.75527856091867,-3295.385707698425,0.10036921559386319,True
combined_s0_train_centre_frozen_rel,resolution_max_b1_gaussian_conv,0,train_probe,centre_frozen,relative,min,0.001,-185.88347063008823,-3295.385707698425,0.056407196946882926,True
combined_s0_train_centre_frozen_rel,resolution_max_b1_gaussian_conv,0,train_probe,centre_frozen,relative,min,0.003,1642.9022358825189,-3295.385707698425,-0.4985462648710583,False
combined_s0_train_centre_frozen_rel,resolution_max_b1_gaussian_conv,0,train_probe,centre_frozen,relative,min,0.01,42829.76047687232,-3295.385707698425,-12.996888460375594,False
combined_s0_train_saved_ord,resolution_max_b1_gaussian_conv,0,train_probe,saved,ordinary,top1,1e-05,1354953.455917629,1354087.5479639587,1.0006394770817975,True
combined_s0_train_saved_ord,resolution_max_b1_gaussian_conv,0,train_probe,saved,ordinary,top1,3e-05,1361929.86580852,1354087.5479639587,1.0057915884806365,True
combined_s0_train_saved_ord,resolution_max_b1_gaussian_conv,0,train_probe,saved,ordinary,top1,0.0001,1378539.821825564,1354087.5479639587,1.0180581188405227,True
combined_s0_train_saved_ord,resolution_max_b1_gaussian_conv,0,train_probe,saved,ordinary,top1,0.0003,1388067.7538627295,1354087.5479639587,1.0250945413019006,True
combined_s0_train_saved_ord,resolution_max_b1_gaussian_conv,0,train_probe,saved,ordinary,top1,0.001,1452190.7982498002,1354087.5479639587,1.0724497100895376,True
combined_s0_train_saved_ord,resolution_max_b1_gaussian_conv,0,train_probe,saved,ordinary,top1,0.003,1137108.1192180172,1354087.5479639587,0.8397596750134824,True
combined_s0_train_saved_ord,resolution_max_b1_gaussian_conv,0,train_probe,saved,ordinary,top1,0.01,504909.6279041467,1354087.5479639587,0.37287812642789747,True
combined_s0_train_saved_ord,resolution_max_b1_gaussian_conv,0,train_probe,saved,ordinary,min,1e-05,-7363.442716679102,-2551.732325622871,2.8856642378748347,True
combined_s0_train_saved_ord,resolution_max_b1_gaussian_conv,0,train_probe,saved,ordinary,min,3e-05,-4766.344667469132,-2551.732325622871,1.8678858356766241,True
combined_s0_train_saved_ord,resolution_max_b1_gaussian_conv,0,train_probe,saved,ordinary,min,0.0001,-1256.0638766423438,-2551.732325622871,0.49223966950990516,True
combined_s0_train_saved_ord,resolution_max_b1_gaussian_conv,0,train_probe,saved,ordinary,min,0.0003,-934.0906615874624,-2551.732325622871,0.36606138199054766,True
combined_s0_train_saved_ord,resolution_max_b1_gaussian_conv,0,train_probe,saved,ordinary,min,0.001,-454.3807404087109,-2551.732325622871,0.17806755663441218,True
combined_s0_train_saved_ord,resolution_max_b1_gaussian_conv,0,train_probe,saved,ordinary,min,0.003,540.9296249300322,-2551.732325622871,-0.21198525389922815,False
combined_s0_train_saved_ord,resolution_max_b1_gaussian_conv,0,train_probe,saved,ordinary,min,0.01,19551.38579118948,-2551.732325622871,-7.662004981818397,False
combined_s0_train_saved_rel,resolution_max_b1_gaussian_conv,0,train_probe,saved,relative,top1,1e-05,1366498.6611183758,1365576.1398114169,1.00067555464691,True
combined_s0_train_saved_rel,resolution_max_b1_gaussian_conv,0,train_probe,saved,relative,top1,3e-05,1372504.1108389767,1365576.1398114169,1.0050732953114694,True
combined_s0_train_saved_rel,resolution_max_b1_gaussian_conv,0,train_probe,saved,relative,top1,0.0001,1389785.292279222,1365576.1398114169,1.017728160123791,True
combined_s0_train_saved_rel,resolution_max_b1_gaussian_conv,0,train_probe,saved,relative,top1,0.0003,1399010.1892937098,1365576.1398114169,1.0244834751483796,True
combined_s0_train_saved_rel,resolution_max_b1_gaussian_conv,0,train_probe,saved,relative,top1,0.001,1464620.7162105793,1365576.1398114169,1.07252951593958,True
combined_s0_train_saved_rel,resolution_max_b1_gaussian_conv,0,train_probe,saved,relative,top1,0.003,1155607.3047355155,1365576.1398114169,0.846241576024536,True
combined_s0_train_saved_rel,resolution_max_b1_gaussian_conv,0,train_probe,saved,relative,top1,0.01,516465.2944676788,1365576.1398114169,0.37820322090498854,True
combined_s0_train_saved_rel,resolution_max_b1_gaussian_conv,0,train_probe,saved,relative,min,1e-05,-8623.571062793544,-2579.181117697837,3.343530628237111,True
combined_s0_train_saved_rel,resolution_max_b1_gaussian_conv,0,train_probe,saved,relative,min,3e-05,-5737.400178901848,-2579.181117697837,2.2245045683426143,True
combined_s0_train_saved_rel,resolution_max_b1_gaussian_conv,0,train_probe,saved,relative,min,0.0001,-1514.3838151709942,-2579.181117697837,0.5871568323680676,True
combined_s0_train_saved_rel,resolution_max_b1_gaussian_conv,0,train_probe,saved,relative,min,0.0003,-1028.1422280766783,-2579.181117697837,0.39863126362928414,True
combined_s0_train_saved_rel,resolution_max_b1_gaussian_conv,0,train_probe,saved,relative,min,0.001,-521.9140126442312,-2579.181117697837,0.20235648014905164,True
combined_s0_train_saved_rel,resolution_max_b1_gaussian_conv,0,train_probe,saved,relative,min,0.003,536.3218883216447,-2579.181117697837,-0.20794270113157567,False
combined_s0_train_saved_rel,resolution_max_b1_gaussian_conv,0,train_probe,saved,relative,min,0.01,14940.86594341344,-2579.181117697837,-5.792871947182048,False
combined_s1_test_centre_frozen_ord,resolution_max_b1_gaussian_conv,1,test_probe,centre_frozen,ordinary,top1,1e-05,1415394.9795248087,1406878.1900643366,1.0060536793594637,True
combined_s1_test_centre_frozen_ord,resolution_max_b1_gaussian_conv,1,test_probe,centre_frozen,ordinary,top1,3e-05,1427615.378024358,1406878.1900643366,1.0147398602853266,True
combined_s1_test_centre_frozen_ord,resolution_max_b1_gaussian_conv,1,test_probe,centre_frozen,ordinary,top1,0.0001,1405564.713933649,1406878.1900643366,0.999066389585137,True
combined_s1_test_centre_frozen_ord,resolution_max_b1_gaussian_conv,1,test_probe,centre_frozen,ordinary,top1,0.0003,1414674.934247737,1406878.1900643366,1.0055418757917087,True
combined_s1_test_centre_frozen_ord,resolution_max_b1_gaussian_conv,1,test_probe,centre_frozen,ordinary,top1,0.001,1559248.906344334,1406878.1900643366,1.1083041284995891,True
combined_s1_test_centre_frozen_ord,resolution_max_b1_gaussian_conv,1,test_probe,centre_frozen,ordinary,top1,0.003,1457278.1321556235,1406878.1900643366,1.0358239557960467,True
combined_s1_test_centre_frozen_ord,resolution_max_b1_gaussian_conv,1,test_probe,centre_frozen,ordinary,top1,0.01,765633.8815498609,1406878.1900643366,0.5442076556143417,True
combined_s1_test_centre_frozen_ord,resolution_max_b1_gaussian_conv,1,test_probe,centre_frozen,ordinary,min,1e-05,-1320.80841153126,-3560.12852718322,0.37100020447191157,True
combined_s1_test_centre_frozen_ord,resolution_max_b1_gaussian_conv,1,test_probe,centre_frozen,ordinary,min,3e-05,-1914.0049414525763,-3560.12852718322,0.537622427628179,True
combined_s1_test_centre_frozen_ord,resolution_max_b1_gaussian_conv,1,test_probe,centre_frozen,ordinary,min,0.0001,-3807.674690659013,-3560.12852718322,1.0695329288214355,True
combined_s1_test_centre_frozen_ord,resolution_max_b1_gaussian_conv,1,test_probe,centre_frozen,ordinary,min,0.0003,-3926.5167910788414,-3560.12852718322,1.102914336125249,True
combined_s1_test_centre_frozen_ord,resolution_max_b1_gaussian_conv,1,test_probe,centre_frozen,ordinary,min,0.001,-3589.9693581458173,-3560.12852718322,1.0083819532735263,True
combined_s1_test_centre_frozen_ord,resolution_max_b1_gaussian_conv,1,test_probe,centre_frozen,ordinary,min,0.003,-1194.2376069498846,-3560.12852718322,0.33544789122958085,True
combined_s1_test_centre_frozen_ord,resolution_max_b1_gaussian_conv,1,test_probe,centre_frozen,ordinary,min,0.01,26962.134504431757,-3560.12852718322,-7.573359865679975,False
combined_s1_test_centre_frozen_rel,resolution_max_b1_gaussian_conv,1,test_probe,centre_frozen,relative,top1,1e-05,1431392.3936715154,1419198.765828012,1.0085919098417402,True
combined_s1_test_centre_frozen_rel,resolution_max_b1_gaussian_conv,1,test_probe,centre_frozen,relative,top1,3e-05,1439731.8425123866,1419198.765828012,1.0144680767618868,True
combined_s1_test_centre_frozen_rel,resolution_max_b1_gaussian_conv,1,test_probe,centre_frozen,relative,top1,0.0001,1417125.961477073,1419198.765828012,0.9985394545141605,True
combined_s1_test_centre_frozen_rel,resolution_max_b1_gaussian_conv,1,test_probe,centre_frozen,relative,top1,0.0003,1427345.410573137,1419198.765828012,1.0057403127322846,True
combined_s1_test_centre_frozen_rel,resolution_max_b1_gaussian_conv,1,test_probe,centre_frozen,relative,top1,0.001,1582706.886416039,1419198.765828012,1.1152115718566247,True
combined_s1_test_centre_frozen_rel,resolution_max_b1_gaussian_conv,1,test_probe,centre_frozen,relative,top1,0.003,1491057.272905952,1419198.765828012,1.0506331521758443,True
combined_s1_test_centre_frozen_rel,resolution_max_b1_gaussian_conv,1,test_probe,centre_frozen,relative,top1,0.01,778652.0916092272,1419198.765828012,0.5486561222838532,True
combined_s1_test_centre_frozen_rel,resolution_max_b1_gaussian_conv,1,test_probe,centre_frozen,relative,min,1e-05,-2165.509405127608,-3591.71759748536,0.602917502936124,True
combined_s1_test_centre_frozen_rel,resolution_max_b1_gaussian_conv,1,test_probe,centre_frozen,relative,min,3e-05,-2888.310876149171,-3591.71759748536,0.8041586783357746,True
combined_s1_test_centre_frozen_rel,resolution_max_b1_gaussian_conv,1,test_probe,centre_frozen,relative,min,0.0001,-4277.24557239273,-3591.71759748536,1.190863551017297,True
combined_s1_test_centre_frozen_rel,resolution_max_b1_gaussian_conv,1,test_probe,centre_frozen,relative,min,0.0003,-4153.824735089432,-3591.71759748536,1.156500928134666,True
combined_s1_test_centre_frozen_rel,resolution_max_b1_gaussian_conv,1,test_probe,centre_frozen,relative,min,0.001,-3719.4934272071214,-3591.71759748536,1.0355751325803622,True
combined_s1_test_centre_frozen_rel,resolution_max_b1_gaussian_conv,1,test_probe,centre_frozen,relative,min,0.003,-1233.512821709705,-3591.71759748536,0.3434325745914195,True
combined_s1_test_centre_frozen_rel,resolution_max_b1_gaussian_conv,1,test_probe,centre_frozen,relative,min,0.01,26740.03651763533,-3591.71759748536,-7.444916197296974,False
combined_s1_test_saved_ord,resolution_max_b1_gaussian_conv,1,test_probe,saved,ordinary,top1,1e-05,1448852.054188876,1472575.7146619705,0.9838896837446893,True
combined_s1_test_saved_ord,resolution_max_b1_gaussian_conv,1,test_probe,saved,ordinary,top1,3e-05,1464794.429199618,1472575.7146619705,0.9947158673167861,True
combined_s1_test_saved_ord,resolution_max_b1_gaussian_conv,1,test_probe,saved,ordinary,top1,0.0001,1470243.8768522174,1472575.7146619705,0.9984164903804024,True
combined_s1_test_saved_ord,resolution_max_b1_gaussian_conv,1,test_probe,saved,ordinary,top1,0.0003,1480778.9289429905,1472575.7146619705,1.005570657046251,True
combined_s1_test_saved_ord,resolution_max_b1_gaussian_conv,1,test_probe,saved,ordinary,top1,0.001,1640935.0277037364,1472575.7146619705,1.1143298177237786,True
combined_s1_test_saved_ord,resolution_max_b1_gaussian_conv,1,test_probe,saved,ordinary,top1,0.003,1518294.512059216,1472575.7146619705,1.031046822884581,True
combined_s1_test_saved_ord,resolution_max_b1_gaussian_conv,1,test_probe,saved,ordinary,top1,0.01,768030.3580805886,1472575.7146619705,0.521555768191444,True
combined_s1_test_saved_ord,resolution_max_b1_gaussian_conv,1,test_probe,saved,ordinary,min,1e-05,-6989.407732582718,-3337.4555581599416,2.0942324506745575,True
combined_s1_test_saved_ord,resolution_max_b1_gaussian_conv,1,test_probe,saved,ordinary,min,3e-05,-4395.97275371363,-3337.4555581599416,1.3171629335904285,True
combined_s1_test_saved_ord,resolution_max_b1_gaussian_conv,1,test_probe,saved,ordinary,min,0.0001,-5636.984359158603,-3337.4555581599416,1.6890065683051294,True
combined_s1_test_saved_ord,resolution_max_b1_gaussian_conv,1,test_probe,saved,ordinary,min,0.0003,-3720.6891400150735,-3337.4555581599416,1.1148280704197369,True
combined_s1_test_saved_ord,resolution_max_b1_gaussian_conv,1,test_probe,saved,ordinary,min,0.001,-3529.0855208540697,-3337.4555581599416,1.0574179818591445,True
combined_s1_test_saved_ord,resolution_max_b1_gaussian_conv,1,test_probe,saved,ordinary,min,0.003,-1769.1990730224695,-3337.4555581599416,0.530104159348834,True
combined_s1_test_saved_ord,resolution_max_b1_gaussian_conv,1,test_probe,saved,ordinary,min,0.01,14069.605656259298,-3337.4555581599416,-4.215668317098543,False
combined_s1_test_saved_rel,resolution_max_b1_gaussian_conv,1,test_probe,saved,relative,top1,1e-05,1462875.951514508,1485731.0450493651,0.9846169374928168,True
combined_s1_test_saved_rel,resolution_max_b1_gaussian_conv,1,test_probe,saved,relative,top1,3e-05,1477914.5088628095,1485731.0450493651,0.9947389292210045,True
combined_s1_test_saved_rel,resolution_max_b1_gaussian_conv,1,test_probe,saved,relative,top1,0.0001,1482973.509141372,1485731.0450493651,0.9981439871521959,True
combined_s1_test_saved_rel,resolution_max_b1_gaussian_conv,1,test_probe,saved,relative,top1,0.0003,1494986.7627791346,1485731.0450493651,1.0062297397369535,True
combined_s1_test_saved_rel,resolution_max_b1_gaussian_conv,1,test_probe,saved,relative,top1,0.001,1666259.0815640637,1485731.0450493651,1.1215078846984046,True
combined_s1_test_saved_rel,resolution_max_b1_gaussian_conv,1,test_probe,saved,relative,top1,0.003,1552063.4993838407,1485731.0450493651,1.0446463406385047,True
combined_s1_test_saved_rel,resolution_max_b1_gaussian_conv,1,test_probe,saved,relative,top1,0.01,783674.6508728017,1485731.0450493651,0.5274673727012033,True
combined_s1_test_saved_rel,resolution_max_b1_gaussian_conv,1,test_probe,saved,relative,min,1e-05,-6385.511850393044,-3371.6318280863,1.8938935731952051,True
combined_s1_test_saved_rel,resolution_max_b1_gaussian_conv,1,test_probe,saved,relative,min,3e-05,-5097.065378656396,-3371.6318280863,1.5117502854839973,True
combined_s1_test_saved_rel,resolution_max_b1_gaussian_conv,1,test_probe,saved,relative,min,0.0001,-5467.059675323682,-3371.6318280863,1.621487740678591,True
combined_s1_test_saved_rel,resolution_max_b1_gaussian_conv,1,test_probe,saved,relative,min,0.0003,-3901.1321724075688,-3371.6318280863,1.157045718903955,True
combined_s1_test_saved_rel,resolution_max_b1_gaussian_conv,1,test_probe,saved,relative,min,0.001,-3587.6520313387064,-3371.6318280863,1.0640699264530957,True
combined_s1_test_saved_rel,resolution_max_b1_gaussian_conv,1,test_probe,saved,relative,min,0.003,-1825.3261170469373,-3371.6318280863,0.5413776503833075,True
combined_s1_test_saved_rel,resolution_max_b1_gaussian_conv,1,test_probe,saved,relative,min,0.01,15332.230101538958,-3371.6318280863,-4.547421214208123,False
combined_s1_train_centre_frozen_ord,resolution_max_b1_gaussian_conv,1,train_probe,centre_frozen,ordinary,top1,1e-05,1252313.402730909,1233679.9725440452,1.015103941542018,True
combined_s1_train_centre_frozen_ord,resolution_max_b1_gaussian_conv,1,train_probe,centre_frozen,ordinary,top1,3e-05,1252844.3276386503,1233679.9725440452,1.0155343002408357,True
combined_s1_train_centre_frozen_ord,resolution_max_b1_gaussian_conv,1,train_probe,centre_frozen,ordinary,top1,0.0001,1257782.653997197,1233679.9725440452,1.0195372235827485,True
combined_s1_train_centre_frozen_ord,resolution_max_b1_gaussian_conv,1,train_probe,centre_frozen,ordinary,top1,0.0003,1278009.1657784858,1233679.9725440452,1.0359324899657947,True
combined_s1_train_centre_frozen_ord,resolution_max_b1_gaussian_conv,1,train_probe,centre_frozen,ordinary,top1,0.001,1450028.3788304094,1233679.9725440452,1.1753683379006463,True
combined_s1_train_centre_frozen_ord,resolution_max_b1_gaussian_conv,1,train_probe,centre_frozen,ordinary,top1,0.003,1393424.9469723376,1233679.9725440452,1.129486558899771,True
combined_s1_train_centre_frozen_ord,resolution_max_b1_gaussian_conv,1,train_probe,centre_frozen,ordinary,top1,0.01,812035.5067099414,1233679.9725440452,0.6582221684570225,True
combined_s1_train_centre_frozen_ord,resolution_max_b1_gaussian_conv,1,train_probe,centre_frozen,ordinary,min,1e-05,-1301.420593513569,-2434.160708976489,0.5346485910787656,True
combined_s1_train_centre_frozen_ord,resolution_max_b1_gaussian_conv,1,train_probe,centre_frozen,ordinary,min,3e-05,-3340.0890700166187,-2434.160708976489,1.3721727812380362,True
combined_s1_train_centre_frozen_ord,resolution_max_b1_gaussian_conv,1,train_probe,centre_frozen,ordinary,min,0.0001,-3252.4467278971515,-2434.160708976489,1.3361676227469526,True
combined_s1_train_centre_frozen_ord,resolution_max_b1_gaussian_conv,1,train_probe,centre_frozen,ordinary,min,0.0003,-2110.429681823068,-2434.160708976489,0.8670050724425905,True
combined_s1_train_centre_frozen_ord,resolution_max_b1_gaussian_conv,1,train_probe,centre_frozen,ordinary,min,0.001,-853.1336271186963,-2434.160708976489,0.35048368991109885,True
combined_s1_train_centre_frozen_ord,resolution_max_b1_gaussian_conv,1,train_probe,centre_frozen,ordinary,min,0.003,1019.102349569355,-2434.160708976489,-0.418666830752463,False
combined_s1_train_centre_frozen_ord,resolution_max_b1_gaussian_conv,1,train_probe,centre_frozen,ordinary,min,0.01,18961.327995941698,-2434.160708976489,-7.789677947728652,False
combined_s1_train_centre_frozen_rel,resolution_max_b1_gaussian_conv,1,train_probe,centre_frozen,relative,top1,1e-05,1264178.0240640885,1245159.0012957654,1.015274372789765,True
combined_s1_train_centre_frozen_rel,resolution_max_b1_gaussian_conv,1,train_probe,centre_frozen,relative,top1,3e-05,1264317.592633753,1245159.0012957654,1.0153864617434805,True
combined_s1_train_centre_frozen_rel,resolution_max_b1_gaussian_conv,1,train_probe,centre_frozen,relative,top1,0.0001,1270056.5617674852,1245159.0012957654,1.0199954868782304,True
combined_s1_train_centre_frozen_rel,resolution_max_b1_gaussian_conv,1,train_probe,centre_frozen,relative,top1,0.0003,1290983.3863563384,1245159.0012957654,1.0368020349311904,True
combined_s1_train_centre_frozen_rel,resolution_max_b1_gaussian_conv,1,train_probe,centre_frozen,relative,top1,0.001,1472242.736657389,1245159.0012957654,1.1823732833520142,True
combined_s1_train_centre_frozen_rel,resolution_max_b1_gaussian_conv,1,train_probe,centre_frozen,relative,top1,0.003,1429756.5419200116,1245159.0012957654,1.1482521834015946,True
combined_s1_train_centre_frozen_rel,resolution_max_b1_gaussian_conv,1,train_probe,centre_frozen,relative,top1,0.01,825193.8138328444,1245159.0012957654,0.6627216387418093,True
combined_s1_train_centre_frozen_rel,resolution_max_b1_gaussian_conv,1,train_probe,centre_frozen,relative,min,1e-05,-1428.2578608693084,-2453.7486722910194,0.5820717814330066,True
combined_s1_train_centre_frozen_rel,resolution_max_b1_gaussian_conv,1,train_probe,centre_frozen,relative,min,3e-05,-3397.376138315601,-2453.7486722910194,1.3845656552688155,True
combined_s1_train_centre_frozen_rel,resolution_max_b1_gaussian_conv,1,train_probe,centre_frozen,relative,min,0.0001,-3215.073495499432,-2453.7486722910194,1.310270090741436,True
combined_s1_train_centre_frozen_rel,resolution_max_b1_gaussian_conv,1,train_probe,centre_frozen,relative,min,0.0003,-2061.2549625820266,-2453.7486722910194,0.8400432309383468,True
combined_s1_train_centre_frozen_rel,resolution_max_b1_gaussian_conv,1,train_probe,centre_frozen,relative,min,0.001,-812.8840523776715,-2453.7486722910194,0.3312825235759361,True
combined_s1_train_centre_frozen_rel,resolution_max_b1_gaussian_conv,1,train_probe,centre_frozen,relative,min,0.003,1002.8805213102812,-2453.7486722910194,-0.40871362769762004,False
combined_s1_train_centre_frozen_rel,resolution_max_b1_gaussian_conv,1,train_probe,centre_frozen,relative,min,0.01,18111.34352846112,-2453.7486722910194,-7.381091524565511,False
combined_s1_train_saved_ord,resolution_max_b1_gaussian_conv,1,train_probe,saved,ordinary,top1,1e-05,1325726.4261146148,1288510.9451486138,1.0288825493536717,True
combined_s1_train_saved_ord,resolution_max_b1_gaussian_conv,1,train_probe,saved,ordinary,top1,3e-05,1324794.7576011666,1288510.9451486138,1.0281594910692575,True
combined_s1_train_saved_ord,resolution_max_b1_gaussian_conv,1,train_probe,saved,ordinary,top1,0.0001,1317361.8536380772,1288510.9451486138,1.0223908912827557,True
combined_s1_train_saved_ord,resolution_max_b1_gaussian_conv,1,train_probe,saved,ordinary,top1,0.0003,1339806.509730067,1288510.9451486138,1.0398099564265144,True
combined_s1_train_saved_ord,resolution_max_b1_gaussian_conv,1,train_probe,saved,ordinary,top1,0.001,1519599.0919923706,1288510.9451486138,1.1793451174891678,True
combined_s1_train_saved_ord,resolution_max_b1_gaussian_conv,1,train_probe,saved,ordinary,top1,0.003,1414125.8252013845,1288510.9451486138,1.0974884074719928,True
combined_s1_train_saved_ord,resolution_max_b1_gaussian_conv,1,train_probe,saved,ordinary,top1,0.01,773902.2828647363,1288510.9451486138,0.600617546772547,True
combined_s1_train_saved_ord,resolution_max_b1_gaussian_conv,1,train_probe,saved,ordinary,min,1e-05,1838.0809452267497,-3413.587729511559,-0.5384601454170788,False
combined_s1_train_saved_ord,resolution_max_b1_gaussian_conv,1,train_probe,saved,ordinary,min,3e-05,-486.1338604506611,-3413.587729511559,0.1424114154875465,True
combined_s1_train_saved_ord,resolution_max_b1_gaussian_conv,1,train_probe,saved,ordinary,min,0.0001,-1302.725177954045,-3413.587729511559,0.3816293240954579,True
combined_s1_train_saved_ord,resolution_max_b1_gaussian_conv,1,train_probe,saved,ordinary,min,0.0003,-1228.8558676483894,-3413.587729511559,0.35998953740797024,True
combined_s1_train_saved_ord,resolution_max_b1_gaussian_conv,1,train_probe,saved,ordinary,min,0.001,-874.3942797239113,-3413.587729511559,0.2561511081623867,True
combined_s1_train_saved_ord,resolution_max_b1_gaussian_conv,1,train_probe,saved,ordinary,min,0.003,2398.071676416776,-3413.587729511559,-0.702507703459524,False
combined_s1_train_saved_ord,resolution_max_b1_gaussian_conv,1,train_probe,saved,ordinary,min,0.01,50122.51755771343,-3413.587729511559,-14.683236972171015,False
combined_s1_train_saved_rel,resolution_max_b1_gaussian_conv,1,train_probe,saved,relative,top1,1e-05,1341386.899710306,1300989.357132245,1.0310514012713436,True
combined_s1_train_saved_rel,resolution_max_b1_gaussian_conv,1,train_probe,saved,relative,top1,3e-05,1339359.0037447112,1300989.357132245,1.0294926675626646,True
combined_s1_train_saved_rel,resolution_max_b1_gaussian_conv,1,train_probe,saved,relative,top1,0.0001,1331199.068166733,1300989.357132245,1.0232205673850236,True
combined_s1_train_saved_rel,resolution_max_b1_gaussian_conv,1,train_probe,saved,relative,top1,0.0003,1354150.9017099326,1300989.357132245,1.040862397748488,True
combined_s1_train_saved_rel,resolution_max_b1_gaussian_conv,1,train_probe,saved,relative,top1,0.001,1542780.4792027045,1300989.357132245,1.1858517294894992,True
combined_s1_train_saved_rel,resolution_max_b1_gaussian_conv,1,train_probe,saved,relative,top1,0.003,1452197.1081278296,1300989.357132245,1.1162252021253194,True
combined_s1_train_saved_rel,resolution_max_b1_gaussian_conv,1,train_probe,saved,relative,top1,0.01,792469.0450335247,1300989.357132245,0.6091279999248838,True
combined_s1_train_saved_rel,resolution_max_b1_gaussian_conv,1,train_probe,saved,relative,min,1e-05,1670.8412065025154,-3439.801702711244,-0.4857376531866828,False
combined_s1_train_saved_rel,resolution_max_b1_gaussian_conv,1,train_probe,saved,relative,min,3e-05,-515.3662527599165,-3439.801702711244,0.14982440771330102,True
combined_s1_train_saved_rel,resolution_max_b1_gaussian_conv,1,train_probe,saved,relative,min,0.0001,-1296.015864460376,-3439.801702711244,0.376770516579156,True
combined_s1_train_saved_rel,resolution_max_b1_gaussian_conv,1,train_probe,saved,relative,min,0.0003,-1177.452221674042,-3439.801702711244,0.34230235444850693,True
combined_s1_train_saved_rel,resolution_max_b1_gaussian_conv,1,train_probe,saved,relative,min,0.001,-807.8058926888066,-3439.801702711244,0.2348408316828542,True
combined_s1_train_saved_rel,resolution_max_b1_gaussian_conv,1,train_probe,saved,relative,min,0.003,2486.573364551615,-3439.801702711244,-0.7228827646057921,False
combined_s1_train_saved_rel,resolution_max_b1_gaussian_conv,1,train_probe,saved,relative,min,0.01,49778.49098780428,-3439.801702711244,-14.471325759438106,False
combined_s2_test_centre_frozen_ord,resolution_max_b1_gaussian_conv,2,test_probe,centre_frozen,ordinary,top1,1e-05,1466692.276410608,1486800.095298285,0.9864757750882154,True
combined_s2_test_centre_frozen_ord,resolution_max_b1_gaussian_conv,2,test_probe,centre_frozen,ordinary,top1,3e-05,1465464.174979441,1486800.095298285,0.9856497720263037,True
combined_s2_test_centre_frozen_ord,resolution_max_b1_gaussian_conv,2,test_probe,centre_frozen,ordinary,top1,0.0001,1461802.0014830923,1486800.095298285,0.9831866476910756,True
combined_s2_test_centre_frozen_ord,resolution_max_b1_gaussian_conv,2,test_probe,centre_frozen,ordinary,top1,0.0003,1476111.8941223193,1486800.095298285,0.9928112722014446,True
combined_s2_test_centre_frozen_ord,resolution_max_b1_gaussian_conv,2,test_probe,centre_frozen,ordinary,top1,0.001,1580714.1096677112,1486800.095298285,1.0631651925947618,True
combined_s2_test_centre_frozen_ord,resolution_max_b1_gaussian_conv,2,test_probe,centre_frozen,ordinary,top1,0.003,1479719.1190077,1486800.095298285,0.995237438904546,True
combined_s2_test_centre_frozen_ord,resolution_max_b1_gaussian_conv,2,test_probe,centre_frozen,ordinary,top1,0.01,756517.9137980341,1486800.095298285,0.5088228849260733,True
combined_s2_test_centre_frozen_ord,resolution_max_b1_gaussian_conv,2,test_probe,centre_frozen,ordinary,min,1e-05,-7797.905905437829,-4731.219251303637,1.648181048318401,True
combined_s2_test_centre_frozen_ord,resolution_max_b1_gaussian_conv,2,test_probe,centre_frozen,ordinary,min,3e-05,-4531.157809209121,-4731.219251303637,0.9577146119281217,True
combined_s2_test_centre_frozen_ord,resolution_max_b1_gaussian_conv,2,test_probe,centre_frozen,ordinary,min,0.0001,-4219.363584012647,-4731.219251303637,0.8918131584897585,True
combined_s2_test_centre_frozen_ord,resolution_max_b1_gaussian_conv,2,test_probe,centre_frozen,ordinary,min,0.0003,-4472.501063814941,-4731.219251303637,0.9453168044542832,True
combined_s2_test_centre_frozen_ord,resolution_max_b1_gaussian_conv,2,test_probe,centre_frozen,ordinary,min,0.001,-4392.624957477498,-4731.219251303637,0.9284340302485786,True
combined_s2_test_centre_frozen_ord,resolution_max_b1_gaussian_conv,2,test_probe,centre_frozen,ordinary,min,0.003,-594.547727454363,-4731.219251303637,0.12566480137028985,True
combined_s2_test_centre_frozen_ord,resolution_max_b1_gaussian_conv,2,test_probe,centre_frozen,ordinary,min,0.01,45128.11677277731,-4731.219251303637,-9.538369366488933,False
combined_s2_test_centre_frozen_rel,resolution_max_b1_gaussian_conv,2,test_probe,centre_frozen,relative,top1,1e-05,1475705.0459146546,1499894.4347990733,0.9838726057493112,True
combined_s2_test_centre_frozen_rel,resolution_max_b1_gaussian_conv,2,test_probe,centre_frozen,relative,top1,3e-05,1479203.9806398193,1499894.4347990733,0.9862053930735294,True
combined_s2_test_centre_frozen_rel,resolution_max_b1_gaussian_conv,2,test_probe,centre_frozen,relative,top1,0.0001,1473460.362277268,1499894.4347990733,0.9823760446678726,True
combined_s2_test_centre_frozen_rel,resolution_max_b1_gaussian_conv,2,test_probe,centre_frozen,relative,top1,0.0003,1489072.1058229888,1499894.4347990733,0.9927846062196142,True
combined_s2_test_centre_frozen_rel,resolution_max_b1_gaussian_conv,2,test_probe,centre_frozen,relative,top1,0.001,1588259.6319462413,1499894.4347990733,1.0589142776298157,True
combined_s2_test_centre_frozen_rel,resolution_max_b1_gaussian_conv,2,test_probe,centre_frozen,relative,top1,0.003,1458204.9489474962,1499894.4347990733,0.9722050533128608,True
combined_s2_test_centre_frozen_rel,resolution_max_b1_gaussian_conv,2,test_probe,centre_frozen,relative,top1,0.01,733111.8469487849,1499894.4347990733,0.4887756297642327,True
combined_s2_test_centre_frozen_rel,resolution_max_b1_gaussian_conv,2,test_probe,centre_frozen,relative,min,1e-05,-7273.061741752683,-4778.656347544969,1.521988863143342,True
combined_s2_test_centre_frozen_rel,resolution_max_b1_gaussian_conv,2,test_probe,centre_frozen,relative,min,3e-05,-4134.755480469623,-4778.656347544969,0.8652548289214917,True
combined_s2_test_centre_frozen_rel,resolution_max_b1_gaussian_conv,2,test_probe,centre_frozen,relative,min,0.0001,-3945.524373061282,-4778.656347544969,0.8256555998399616,True
combined_s2_test_centre_frozen_rel,resolution_max_b1_gaussian_conv,2,test_probe,centre_frozen,relative,min,0.0003,-4428.475382970792,-4778.656347544969,0.926719784996868,True
combined_s2_test_centre_frozen_rel,resolution_max_b1_gaussian_conv,2,test_probe,centre_frozen,relative,min,0.001,-4401.668543712045,-4778.656347544969,0.9211100827481346,True
combined_s2_test_centre_frozen_rel,resolution_max_b1_gaussian_conv,2,test_probe,centre_frozen,relative,min,0.003,-735.2706635829333,-4778.656347544969,0.15386556598920906,True
combined_s2_test_centre_frozen_rel,resolution_max_b1_gaussian_conv,2,test_probe,centre_frozen,relative,min,0.01,43630.27613193316,-4778.656347544969,-9.1302393306328,False
combined_s2_test_saved_ord,resolution_max_b1_gaussian_conv,2,test_probe,saved,ordinary,top1,1e-05,1495144.4759359052,1514481.2663155275,0.987232070274025,True
combined_s2_test_saved_ord,resolution_max_b1_gaussian_conv,2,test_probe,saved,ordinary,top1,3e-05,1497738.727126564,1514481.2663155275,0.98894503381366,True
combined_s2_test_saved_ord,resolution_max_b1_gaussian_conv,2,test_probe,saved,ordinary,top1,0.0001,1491051.1583856144,1514481.2663155275,0.9845292850753351,True
combined_s2_test_saved_ord,resolution_max_b1_gaussian_conv,2,test_probe,saved,ordinary,top1,0.0003,1503974.4713789355,1514481.2663155275,0.9930624464162879,True
combined_s2_test_saved_ord,resolution_max_b1_gaussian_conv,2,test_probe,saved,ordinary,top1,0.001,1610350.544744745,1514481.2663155275,1.0633017261827549,True
combined_s2_test_saved_ord,resolution_max_b1_gaussian_conv,2,test_probe,saved,ordinary,top1,0.003,1644322.3754361116,1514481.2663155275,1.085733057257595,True
combined_s2_test_saved_ord,resolution_max_b1_gaussian_conv,2,test_probe,saved,ordinary,top1,0.01,793631.0475731787,1514481.2663155275,0.5240283027758715,True
combined_s2_test_saved_ord,resolution_max_b1_gaussian_conv,2,test_probe,saved,ordinary,min,1e-05,835.7792036228772,-6186.045670434833,-0.13510718286761828,False
combined_s2_test_saved_ord,resolution_max_b1_gaussian_conv,2,test_probe,saved,ordinary,min,3e-05,-923.8037298094544,-6186.045670434833,0.14933671347184185,True
combined_s2_test_saved_ord,resolution_max_b1_gaussian_conv,2,test_probe,saved,ordinary,min,0.0001,-4168.882897448434,-6186.045670434833,0.6739172517546889,True
combined_s2_test_saved_ord,resolution_max_b1_gaussian_conv,2,test_probe,saved,ordinary,min,0.0003,-5304.094851150195,-6186.045670434833,0.8574289835104558,True
combined_s2_test_saved_ord,resolution_max_b1_gaussian_conv,2,test_probe,saved,ordinary,min,0.001,-5504.98757992779,-6186.045670434833,0.889904128292805,True
combined_s2_test_saved_ord,resolution_max_b1_gaussian_conv,2,test_probe,saved,ordinary,min,0.003,233.01255983741876,-6186.045670434833,-0.03766744900560033,False
combined_s2_test_saved_ord,resolution_max_b1_gaussian_conv,2,test_probe,saved,ordinary,min,0.01,62706.84072673794,-6186.045670434833,-10.13682149590889,False
combined_s2_test_saved_rel,resolution_max_b1_gaussian_conv,2,test_probe,saved,relative,top1,1e-05,1505673.3562990308,1527747.8884658518,0.9855509326286892,True
combined_s2_test_saved_rel,resolution_max_b1_gaussian_conv,2,test_probe,saved,relative,top1,3e-05,1511134.2419429598,1527747.8884658518,0.9891254004352935,True
combined_s2_test_saved_rel,resolution_max_b1_gaussian_conv,2,test_probe,saved,relative,top1,0.0001,1502822.840410878,1527747.8884658518,0.9836851039080778,True
combined_s2_test_saved_rel,resolution_max_b1_gaussian_conv,2,test_probe,saved,relative,top1,0.0003,1517220.7725017203,1527747.8884658518,0.9931093892888946,True
combined_s2_test_saved_rel,resolution_max_b1_gaussian_conv,2,test_probe,saved,relative,top1,0.001,1618989.3262403845,1527747.8884658518,1.0597228367739107,True
combined_s2_test_saved_rel,resolution_max_b1_gaussian_conv,2,test_probe,saved,relative,top1,0.003,1620319.1437209938,1527747.8884658518,1.0605932797904902,True
combined_s2_test_saved_rel,resolution_max_b1_gaussian_conv,2,test_probe,saved,relative,top1,0.01,781513.7906216793,1527747.8884658518,0.5115463071635904,True
combined_s2_test_saved_rel,resolution_max_b1_gaussian_conv,2,test_probe,saved,relative,min,1e-05,2401.4659816273816,-6252.646172386519,-0.3840719457680086,False
combined_s2_test_saved_rel,resolution_max_b1_gaussian_conv,2,test_probe,saved,relative,min,3e-05,1246.6256143422388,-6252.646172386519,-0.19937568510556308,False
combined_s2_test_saved_rel,resolution_max_b1_gaussian_conv,2,test_probe,saved,relative,min,0.0001,-3744.951500483928,-6252.646172386519,0.5989386568878164,True
combined_s2_test_saved_rel,resolution_max_b1_gaussian_conv,2,test_probe,saved,relative,min,0.0003,-5863.247860510908,-6252.646172386519,0.9377226375617886,True
combined_s2_test_saved_rel,resolution_max_b1_gaussian_conv,2,test_probe,saved,relative,min,0.001,-5634.286558055868,-6252.646172386519,0.9011043329044423,True
combined_s2_test_saved_rel,resolution_max_b1_gaussian_conv,2,test_probe,saved,relative,min,0.003,805.5311745603551,-6252.646172386519,-0.12883044272004582,False
combined_s2_test_saved_rel,resolution_max_b1_gaussian_conv,2,test_probe,saved,relative,min,0.01,80271.54162082281,-6252.646172386519,-12.838011204811972,False
combined_s2_train_centre_frozen_ord,resolution_max_b1_gaussian_conv,2,train_probe,centre_frozen,ordinary,top1,1e-05,1304405.0297705831,1294527.1686649227,1.007630478019127,True
combined_s2_train_centre_frozen_ord,resolution_max_b1_gaussian_conv,2,train_probe,centre_frozen,ordinary,top1,3e-05,1327235.180142377,1294527.1686649227,1.0252663769978554,True
combined_s2_train_centre_frozen_ord,resolution_max_b1_gaussian_conv,2,train_probe,centre_frozen,ordinary,top1,0.0001,1334203.3346049553,1294527.1686649227,1.0306491566190545,True
combined_s2_train_centre_frozen_ord,resolution_max_b1_gaussian_conv,2,train_probe,centre_frozen,ordinary,top1,0.0003,1347224.0269203193,1294527.1686649227,1.0407074177591376,True
combined_s2_train_centre_frozen_ord,resolution_max_b1_gaussian_conv,2,train_probe,centre_frozen,ordinary,top1,0.001,1537711.8140209247,1294527.1686649227,1.1878559610354136,True
combined_s2_train_centre_frozen_ord,resolution_max_b1_gaussian_conv,2,train_probe,centre_frozen,ordinary,top1,0.003,1444399.7070748894,1294527.1686649227,1.1157739613642361,True
combined_s2_train_centre_frozen_ord,resolution_max_b1_gaussian_conv,2,train_probe,centre_frozen,ordinary,top1,0.01,685807.0863252984,1294527.1686649227,0.5297741931771026,True
combined_s2_train_centre_frozen_ord,resolution_max_b1_gaussian_conv,2,train_probe,centre_frozen,ordinary,min,1e-05,-8452.526435442918,-3345.72601722961,2.5263653963040094,True
combined_s2_train_centre_frozen_ord,resolution_max_b1_gaussian_conv,2,train_probe,centre_frozen,ordinary,min,3e-05,-2827.669619565043,-3345.72601722961,0.8451587502991241,True
combined_s2_train_centre_frozen_ord,resolution_max_b1_gaussian_conv,2,train_probe,centre_frozen,ordinary,min,0.0001,-983.294031431381,-3345.72601722961,0.2938955629862323,True
combined_s2_train_centre_frozen_ord,resolution_max_b1_gaussian_conv,2,train_probe,centre_frozen,ordinary,min,0.0003,-1156.85777372211,-3345.72601722961,0.34577181985751265,True
combined_s2_train_centre_frozen_ord,resolution_max_b1_gaussian_conv,2,train_probe,centre_frozen,ordinary,min,0.001,-394.0606275433245,-3345.72601722961,0.1177803040398454,True
combined_s2_train_centre_frozen_ord,resolution_max_b1_gaussian_conv,2,train_probe,centre_frozen,ordinary,min,0.003,1801.0906507125446,-3345.72601722961,-0.5383258047543047,False
combined_s2_train_centre_frozen_ord,resolution_max_b1_gaussian_conv,2,train_probe,centre_frozen,ordinary,min,0.01,27874.39777628298,-3345.72601722961,-8.331345015323178,False
combined_s2_train_centre_frozen_rel,resolution_max_b1_gaussian_conv,2,train_probe,centre_frozen,relative,top1,1e-05,1316443.6108403786,1306033.2576539875,1.0079709709728917,True
combined_s2_train_centre_frozen_rel,resolution_max_b1_gaussian_conv,2,train_probe,centre_frozen,relative,top1,3e-05,1339704.039890662,1306033.2576539875,1.0257809531567037,True
combined_s2_train_centre_frozen_rel,resolution_max_b1_gaussian_conv,2,train_probe,centre_frozen,relative,top1,0.0001,1346475.7192233389,1306033.2576539875,1.0309658742090517,True
combined_s2_train_centre_frozen_rel,resolution_max_b1_gaussian_conv,2,train_probe,centre_frozen,relative,top1,0.0003,1358200.2591637704,1306033.2576539875,1.039943088128927,True
combined_s2_train_centre_frozen_rel,resolution_max_b1_gaussian_conv,2,train_probe,centre_frozen,relative,top1,0.001,1542629.49545062,1306033.2576539875,1.1811563652074433,True
combined_s2_train_centre_frozen_rel,resolution_max_b1_gaussian_conv,2,train_probe,centre_frozen,relative,top1,0.003,1442220.1516703942,1306033.2576539875,1.1042752113840024,True
combined_s2_train_centre_frozen_rel,resolution_max_b1_gaussian_conv,2,train_probe,centre_frozen,relative,top1,0.01,678937.4566042119,1306033.2576539875,0.5198469890604314,True
combined_s2_train_centre_frozen_rel,resolution_max_b1_gaussian_conv,2,train_probe,centre_frozen,relative,min,1e-05,-9021.871042458328,-3374.409961539048,2.673614393416355,True
combined_s2_train_centre_frozen_rel,resolution_max_b1_gaussian_conv,2,train_probe,centre_frozen,relative,min,3e-05,-3140.3111855343723,-3374.409961539048,0.930625271181364,True
combined_s2_train_centre_frozen_rel,resolution_max_b1_gaussian_conv,2,train_probe,centre_frozen,relative,min,0.0001,-1178.2770041990354,-3374.409961539048,0.34918015819916276,True
combined_s2_train_centre_frozen_rel,resolution_max_b1_gaussian_conv,2,train_probe,centre_frozen,relative,min,0.0003,-924.8531605850671,-3374.409961539048,0.27407848220174386,True
combined_s2_train_centre_frozen_rel,resolution_max_b1_gaussian_conv,2,train_probe,centre_frozen,relative,min,0.001,-269.9424744003753,-3374.409961539048,0.07999694093993731,True
combined_s2_train_centre_frozen_rel,resolution_max_b1_gaussian_conv,2,train_probe,centre_frozen,relative,min,0.003,1970.9104741932388,-3374.409961539048,-0.5840755855563912,False
combined_s2_train_centre_frozen_rel,resolution_max_b1_gaussian_conv,2,train_probe,centre_frozen,relative,min,0.01,29683.7765715018,-3374.409961539048,-8.796730957362161,False
combined_s2_train_saved_ord,resolution_max_b1_gaussian_conv,2,train_probe,saved,ordinary,top1,1e-05,1303556.2077690074,1291100.3092797587,1.009647506394137,True
combined_s2_train_saved_ord,resolution_max_b1_gaussian_conv,2,train_probe,saved,ordinary,top1,3e-05,1311204.732318642,1291100.3092797587,1.0155715422685465,True
combined_s2_train_saved_ord,resolution_max_b1_gaussian_conv,2,train_probe,saved,ordinary,top1,0.0001,1324613.5587392405,1291100.3092797587,1.0259571229428155,True
combined_s2_train_saved_ord,resolution_max_b1_gaussian_conv,2,train_probe,saved,ordinary,top1,0.0003,1337976.977079705,1291100.3092797587,1.036307533553374,True
combined_s2_train_saved_ord,resolution_max_b1_gaussian_conv,2,train_probe,saved,ordinary,top1,0.001,1476955.4803925238,1291100.3092797587,1.1439509926354556,True
combined_s2_train_saved_ord,resolution_max_b1_gaussian_conv,2,train_probe,saved,ordinary,top1,0.003,1368375.858014428,1291100.3092797587,1.0598524748071492,True
combined_s2_train_saved_ord,resolution_max_b1_gaussian_conv,2,train_probe,saved,ordinary,top1,0.01,673975.1298026872,1291100.3092797587,0.5220160857824167,True
combined_s2_train_saved_ord,resolution_max_b1_gaussian_conv,2,train_probe,saved,ordinary,min,1e-05,-2654.132700286026,-4170.6066057420485,0.6363900869077039,True
combined_s2_train_saved_ord,resolution_max_b1_gaussian_conv,2,train_probe,saved,ordinary,min,3e-05,-2681.338821962519,-4170.6066057420485,0.6429133877721479,True
combined_s2_train_saved_ord,resolution_max_b1_gaussian_conv,2,train_probe,saved,ordinary,min,0.0001,-1960.670634859607,-4170.6066057420485,0.4701164171562419,True
combined_s2_train_saved_ord,resolution_max_b1_gaussian_conv,2,train_probe,saved,ordinary,min,0.0003,-1769.4639993101923,-4170.6066057420485,0.42427017615950935,True
combined_s2_train_saved_ord,resolution_max_b1_gaussian_conv,2,train_probe,saved,ordinary,min,0.001,-1108.2814551176546,-4170.6066057420485,0.2657362728941598,True
combined_s2_train_saved_ord,resolution_max_b1_gaussian_conv,2,train_probe,saved,ordinary,min,0.003,2172.2534384503383,-4170.6066057420485,-0.5208483186737397,False
combined_s2_train_saved_ord,resolution_max_b1_gaussian_conv,2,train_probe,saved,ordinary,min,0.01,57421.16797815804,-4170.6066057420485,-13.768061437178266,False
combined_s2_train_saved_rel,resolution_max_b1_gaussian_conv,2,train_probe,saved,relative,top1,1e-05,1317404.3120101062,1302384.858078171,1.0115322700803648,True
combined_s2_train_saved_rel,resolution_max_b1_gaussian_conv,2,train_probe,saved,relative,top1,3e-05,1322730.5302804864,1302384.858078171,1.0156218586818784,True
combined_s2_train_saved_rel,resolution_max_b1_gaussian_conv,2,train_probe,saved,relative,top1,0.0001,1336903.5483783097,1302384.858078171,1.0265042165424705,True
combined_s2_train_saved_rel,resolution_max_b1_gaussian_conv,2,train_probe,saved,relative,top1,0.0003,1349544.7881706734,1302384.858078171,1.0362104410228576,True
combined_s2_train_saved_rel,resolution_max_b1_gaussian_conv,2,train_probe,saved,relative,top1,0.001,1483586.9166041545,1302384.858078171,1.1391309622513344,True
combined_s2_train_saved_rel,resolution_max_b1_gaussian_conv,2,train_probe,saved,relative,top1,0.003,1363144.8753540032,1302384.858078171,1.0466528898113043,True
combined_s2_train_saved_rel,resolution_max_b1_gaussian_conv,2,train_probe,saved,relative,top1,0.01,666187.5307169126,1302384.858078171,0.5115135718791711,True
combined_s2_train_saved_rel,resolution_max_b1_gaussian_conv,2,train_probe,saved,relative,min,1e-05,-2241.161802807312,-4199.796389081422,0.5336358230684365,True
combined_s2_train_saved_rel,resolution_max_b1_gaussian_conv,2,train_probe,saved,relative,min,3e-05,-2563.8860072045118,-4199.796389081422,0.6104786446005027,True
combined_s2_train_saved_rel,resolution_max_b1_gaussian_conv,2,train_probe,saved,relative,min,0.0001,-1957.7024477079876,-4199.796389081422,0.4661422284179295,True
combined_s2_train_saved_rel,resolution_max_b1_gaussian_conv,2,train_probe,saved,relative,min,0.0003,-1764.3465422644158,-4199.796389081422,0.4201028761421249,True
combined_s2_train_saved_rel,resolution_max_b1_gaussian_conv,2,train_probe,saved,relative,min,0.001,-972.9321865823426,-4199.796389081422,0.2316617512962675,True
combined_s2_train_saved_rel,resolution_max_b1_gaussian_conv,2,train_probe,saved,relative,min,0.003,2288.1834071668304,-4199.796389081422,-0.5448319859304659,False
combined_s2_train_saved_rel,resolution_max_b1_gaussian_conv,2,train_probe,saved,relative,min,0.01,58956.01635665214,-4199.796389081422,-14.037827288466948,False
combined_s3_test_centre_frozen_ord,resolution_max_b1_gaussian_conv,3,test_probe,centre_frozen,ordinary,top1,1e-05,1369609.5297088814,1296883.522592113,1.0560775164846024,True
combined_s3_test_centre_frozen_ord,resolution_max_b1_gaussian_conv,3,test_probe,centre_frozen,ordinary,top1,3e-05,1301317.5235910958,1296883.522592113,1.0034189662539013,True
combined_s3_test_centre_frozen_ord,resolution_max_b1_gaussian_conv,3,test_probe,centre_frozen,ordinary,top1,0.0001,1288247.1133843332,1296883.522592113,0.9933406438918139,True
combined_s3_test_centre_frozen_ord,resolution_max_b1_gaussian_conv,3,test_probe,centre_frozen,ordinary,top1,0.0003,1295113.927281421,1296883.522592113,0.9986355017394661,True
combined_s3_test_centre_frozen_ord,resolution_max_b1_gaussian_conv,3,test_probe,centre_frozen,ordinary,top1,0.001,1380671.3470831483,1296883.522592113,1.0646070545514887,True
combined_s3_test_centre_frozen_ord,resolution_max_b1_gaussian_conv,3,test_probe,centre_frozen,ordinary,top1,0.003,1287570.9124449312,1296883.522592113,0.9928192393650215,True
combined_s3_test_centre_frozen_ord,resolution_max_b1_gaussian_conv,3,test_probe,centre_frozen,ordinary,top1,0.01,663393.3842681822,1296883.522592113,0.511528886528099,True
combined_s3_test_centre_frozen_ord,resolution_max_b1_gaussian_conv,3,test_probe,centre_frozen,ordinary,min,1e-05,9841.47446647654,-5440.141193831723,-1.8090476176675794,False
combined_s3_test_centre_frozen_ord,resolution_max_b1_gaussian_conv,3,test_probe,centre_frozen,ordinary,min,3e-05,1318.468225955074,-5440.141193831723,-0.24235919234045114,False
combined_s3_test_centre_frozen_ord,resolution_max_b1_gaussian_conv,3,test_probe,centre_frozen,ordinary,min,0.0001,-3701.689888879756,-5440.141193831723,0.6804400395116396,True
combined_s3_test_centre_frozen_ord,resolution_max_b1_gaussian_conv,3,test_probe,centre_frozen,ordinary,min,0.0003,-4512.661121995147,-5440.141193831723,0.829511764715189,True
combined_s3_test_centre_frozen_ord,resolution_max_b1_gaussian_conv,3,test_probe,centre_frozen,ordinary,min,0.001,-4073.5732656931314,-5440.141193831723,0.7487991801227387,True
combined_s3_test_centre_frozen_ord,resolution_max_b1_gaussian_conv,3,test_probe,centre_frozen,ordinary,min,0.003,240.74255214080588,-5440.141193831723,-0.04425299703871117,False
combined_s3_test_centre_frozen_ord,resolution_max_b1_gaussian_conv,3,test_probe,centre_frozen,ordinary,min,0.01,56615.70150819541,-5440.141193831723,-10.407027959566351,False
combined_s3_test_centre_frozen_rel,resolution_max_b1_gaussian_conv,3,test_probe,centre_frozen,relative,top1,1e-05,1384969.4383982755,1310337.615962944,1.056956177954554,True
combined_s3_test_centre_frozen_rel,resolution_max_b1_gaussian_conv,3,test_probe,centre_frozen,relative,top1,3e-05,1312970.9910934356,1310337.615962944,1.002009692081194,True
combined_s3_test_centre_frozen_rel,resolution_max_b1_gaussian_conv,3,test_probe,centre_frozen,relative,top1,0.0001,1300052.5864195644,1310337.615962944,0.9921508553077588,True
combined_s3_test_centre_frozen_rel,resolution_max_b1_gaussian_conv,3,test_probe,centre_frozen,relative,top1,0.0003,1307061.2055962891,1310337.615962944,0.997499567800893,True
combined_s3_test_centre_frozen_rel,resolution_max_b1_gaussian_conv,3,test_probe,centre_frozen,relative,top1,0.001,1387451.7284578714,1310337.615962944,1.058850567636538,True
combined_s3_test_centre_frozen_rel,resolution_max_b1_gaussian_conv,3,test_probe,centre_frozen,relative,top1,0.003,1294255.5489580364,1310337.615962944,0.9877267760545139,True
combined_s3_test_centre_frozen_rel,resolution_max_b1_gaussian_conv,3,test_probe,centre_frozen,relative,top1,0.01,670090.1906589451,1310337.615962944,0.5113874336626654,True
combined_s3_test_centre_frozen_rel,resolution_max_b1_gaussian_conv,3,test_probe,centre_frozen,relative,min,1e-05,9641.19008628472,-5480.112405180312,-1.759305169939757,False
combined_s3_test_centre_frozen_rel,resolution_max_b1_gaussian_conv,3,test_probe,centre_frozen,relative,min,3e-05,1028.9172699036917,-5480.112405180312,-0.187754774688757,False
combined_s3_test_centre_frozen_rel,resolution_max_b1_gaussian_conv,3,test_probe,centre_frozen,relative,min,0.0001,-3979.957231958764,-5480.112405180312,0.7262546710167,True
combined_s3_test_centre_frozen_rel,resolution_max_b1_gaussian_conv,3,test_probe,centre_frozen,relative,min,0.0003,-4587.364713142744,-5480.112405180312,0.8370931787469068,True
combined_s3_test_centre_frozen_rel,resolution_max_b1_gaussian_conv,3,test_probe,centre_frozen,relative,min,0.001,-4085.612441878883,-5480.112405180312,0.7455344233481018,True
combined_s3_test_centre_frozen_rel,resolution_max_b1_gaussian_conv,3,test_probe,centre_frozen,relative,min,0.003,207.38048538918957,-5480.112405180312,-0.037842378049244806,False
combined_s3_test_centre_frozen_rel,resolution_max_b1_gaussian_conv,3,test_probe,centre_frozen,relative,min,0.01,56027.66591344127,-5480.112405180312,-10.223816916689284,False
combined_s3_test_saved_ord,resolution_max_b1_gaussian_conv,3,test_probe,saved,ordinary,top1,1e-05,1352493.4513298168,1354666.6455321887,0.9983957719712526,True
combined_s3_test_saved_ord,resolution_max_b1_gaussian_conv,3,test_probe,saved,ordinary,top1,3e-05,1343151.4896295522,1354666.6455321887,0.9914996387187841,True
combined_s3_test_saved_ord,resolution_max_b1_gaussian_conv,3,test_probe,saved,ordinary,top1,0.0001,1338789.284409203,1354666.6455321887,0.9882795068621859,True
combined_s3_test_saved_ord,resolution_max_b1_gaussian_conv,3,test_probe,saved,ordinary,top1,0.0003,1346830.588447665,1354666.6455321887,0.9942155089516911,True
combined_s3_test_saved_ord,resolution_max_b1_gaussian_conv,3,test_probe,saved,ordinary,top1,0.001,1453589.99541526,1354666.6455321887,1.0730241275293293,True
combined_s3_test_saved_ord,resolution_max_b1_gaussian_conv,3,test_probe,saved,ordinary,top1,0.003,1343731.239513557,1354666.6455321887,0.9919276036988895,True
combined_s3_test_saved_ord,resolution_max_b1_gaussian_conv,3,test_probe,saved,ordinary,top1,0.01,673193.7434997803,1354666.6455321887,0.4969442081710901,True
combined_s3_test_saved_ord,resolution_max_b1_gaussian_conv,3,test_probe,saved,ordinary,min,1e-05,275.26459778215434,-4964.445103342669,-0.055447203474324386,False
combined_s3_test_saved_ord,resolution_max_b1_gaussian_conv,3,test_probe,saved,ordinary,min,3e-05,133.71534274892522,-4964.445103342669,-0.02693459993321142,False
combined_s3_test_saved_ord,resolution_max_b1_gaussian_conv,3,test_probe,saved,ordinary,min,0.0001,-2512.3976355789778,-4964.445103342669,0.5060782390135256,True
combined_s3_test_saved_ord,resolution_max_b1_gaussian_conv,3,test_probe,saved,ordinary,min,0.0003,-3582.4037600360216,-4964.445103342669,0.721612120884147,True
combined_s3_test_saved_ord,resolution_max_b1_gaussian_conv,3,test_probe,saved,ordinary,min,0.001,-3384.821915867642,-4964.445103342669,0.681812739471843,True
combined_s3_test_saved_ord,resolution_max_b1_gaussian_conv,3,test_probe,saved,ordinary,min,0.003,-1128.5207603801448,-4964.445103342669,0.22732062433730751,True
combined_s3_test_saved_ord,resolution_max_b1_gaussian_conv,3,test_probe,saved,ordinary,min,0.01,29357.278503353744,-4964.445103342669,-5.9135065233346715,False
combined_s3_test_saved_rel,resolution_max_b1_gaussian_conv,3,test_probe,saved,relative,top1,1e-05,1375153.30444371,1368646.0597208198,1.004754512444377,True
combined_s3_test_saved_rel,resolution_max_b1_gaussian_conv,3,test_probe,saved,relative,top1,3e-05,1358123.1971933802,1368646.0597208198,0.99231148005527,True
combined_s3_test_saved_rel,resolution_max_b1_gaussian_conv,3,test_probe,saved,relative,top1,0.0001,1351260.4010052388,1368646.0597208198,0.9872971842558569,True
combined_s3_test_saved_rel,resolution_max_b1_gaussian_conv,3,test_probe,saved,relative,top1,0.0003,1357860.5826979391,1368646.0597208198,0.9921196010127843,True
combined_s3_test_saved_rel,resolution_max_b1_gaussian_conv,3,test_probe,saved,relative,top1,0.001,1460203.400922092,1368646.0597208198,1.0668962881608326,True
combined_s3_test_saved_rel,resolution_max_b1_gaussian_conv,3,test_probe,saved,relative,top1,0.003,1351856.9683962024,1368646.0597208198,0.9877330656780307,True
combined_s3_test_saved_rel,resolution_max_b1_gaussian_conv,3,test_probe,saved,relative,top1,0.01,681256.0343811132,1368646.0597208198,0.49775910253968636,True
combined_s3_test_saved_rel,resolution_max_b1_gaussian_conv,3,test_probe,saved,relative,min,1e-05,1249.6170098685864,-5008.867018860402,-0.2494809714778362,False
combined_s3_test_saved_rel,resolution_max_b1_gaussian_conv,3,test_probe,saved,relative,min,3e-05,263.2936577404463,-5008.867018860402,-0.05256551167140985,False
combined_s3_test_saved_rel,resolution_max_b1_gaussian_conv,3,test_probe,saved,relative,min,0.0001,-2510.402767885722,-5008.867018860402,0.5011917382579821,True
combined_s3_test_saved_rel,resolution_max_b1_gaussian_conv,3,test_probe,saved,relative,min,0.0003,-3631.824017127608,-5008.867018860402,0.7250789456881821,True
combined_s3_test_saved_rel,resolution_max_b1_gaussian_conv,3,test_probe,saved,relative,min,0.001,-3420.088129843402,-5008.867018860402,0.682806733931125,True
combined_s3_test_saved_rel,resolution_max_b1_gaussian_conv,3,test_probe,saved,relative,min,0.003,-1200.7129322723692,-5008.867018860402,0.2397174705878997,True
combined_s3_test_saved_rel,resolution_max_b1_gaussian_conv,3,test_probe,saved,relative,min,0.01,28928.27267793879,-5008.867018860402,-5.775412397456788,False
combined_s3_train_centre_frozen_ord,resolution_max_b1_gaussian_conv,3,train_probe,centre_frozen,ordinary,top1,1e-05,1216735.956365289,1162528.9415505074,1.0466285293013726,True
combined_s3_train_centre_frozen_ord,resolution_max_b1_gaussian_conv,3,train_probe,centre_frozen,ordinary,top1,3e-05,1206336.472894871,1162528.9415505074,1.037682959777273,True
combined_s3_train_centre_frozen_ord,resolution_max_b1_gaussian_conv,3,train_probe,centre_frozen,ordinary,top1,0.0001,1199500.2110753215,1162528.9415505074,1.0318024508495283,True
combined_s3_train_centre_frozen_ord,resolution_max_b1_gaussian_conv,3,train_probe,centre_frozen,ordinary,top1,0.0003,1217015.3868619197,1162528.9415505074,1.0468688936369546,True
combined_s3_train_centre_frozen_ord,resolution_max_b1_gaussian_conv,3,train_probe,centre_frozen,ordinary,top1,0.001,1351583.179091759,1162528.9415505074,1.1626232524491846,True
combined_s3_train_centre_frozen_ord,resolution_max_b1_gaussian_conv,3,train_probe,centre_frozen,ordinary,top1,0.003,1273675.8611368572,1162528.9415505074,1.095607873158073,True
combined_s3_train_centre_frozen_ord,resolution_max_b1_gaussian_conv,3,train_probe,centre_frozen,ordinary,top1,0.01,683900.3245320634,1162528.9415505074,0.5882867084753353,True
combined_s3_train_centre_frozen_ord,resolution_max_b1_gaussian_conv,3,train_probe,centre_frozen,ordinary,min,1e-05,-696.5445265016966,-2449.0186441384017,0.2844178128936828,True
combined_s3_train_centre_frozen_ord,resolution_max_b1_gaussian_conv,3,train_probe,centre_frozen,ordinary,min,3e-05,-1088.305745769149,-2449.0186441384017,0.44438442654324095,True
combined_s3_train_centre_frozen_ord,resolution_max_b1_gaussian_conv,3,train_probe,centre_frozen,ordinary,min,0.0001,-181.43824536132055,-2449.0186441384017,0.0740861021191421,True
combined_s3_train_centre_frozen_ord,resolution_max_b1_gaussian_conv,3,train_probe,centre_frozen,ordinary,min,0.0003,-883.2267747171942,-2449.0186441384017,0.3606451820328732,True
combined_s3_train_centre_frozen_ord,resolution_max_b1_gaussian_conv,3,train_probe,centre_frozen,ordinary,min,0.001,-310.57811881074485,-2449.0186441384017,0.1268173762392938,True
combined_s3_train_centre_frozen_ord,resolution_max_b1_gaussian_conv,3,train_probe,centre_frozen,ordinary,min,0.003,892.2606190682685,-2449.0186441384017,-0.3643339429872646,False
combined_s3_train_centre_frozen_ord,resolution_max_b1_gaussian_conv,3,train_probe,centre_frozen,ordinary,min,0.01,28454.52474612662,-2449.0186441384017,-11.61874566134114,False
combined_s3_train_centre_frozen_rel,resolution_max_b1_gaussian_conv,3,train_probe,centre_frozen,relative,top1,1e-05,1231010.6690793796,1175412.5920312852,1.0473009030403637,True
combined_s3_train_centre_frozen_rel,resolution_max_b1_gaussian_conv,3,train_probe,centre_frozen,relative,top1,3e-05,1220208.4247176566,1175412.5920312852,1.0381107306405128,True
combined_s3_train_centre_frozen_rel,resolution_max_b1_gaussian_conv,3,train_probe,centre_frozen,relative,top1,0.0001,1214257.9445075574,1175412.5920312852,1.0330482698072359,True
combined_s3_train_centre_frozen_rel,resolution_max_b1_gaussian_conv,3,train_probe,centre_frozen,relative,top1,0.0003,1230223.1427411567,1175412.5920312852,1.0466309031241114,True
combined_s3_train_centre_frozen_rel,resolution_max_b1_gaussian_conv,3,train_probe,centre_frozen,relative,top1,0.001,1356176.6569729724,1175412.5920312852,1.1537877560332244,True
combined_s3_train_centre_frozen_rel,resolution_max_b1_gaussian_conv,3,train_probe,centre_frozen,relative,top1,0.003,1280139.9643251612,1175412.5920312852,1.0890983923465476,True
combined_s3_train_centre_frozen_rel,resolution_max_b1_gaussian_conv,3,train_probe,centre_frozen,relative,top1,0.01,689234.2205992512,1175412.5920312852,0.5863764139264099,True
combined_s3_train_centre_frozen_rel,resolution_max_b1_gaussian_conv,3,train_probe,centre_frozen,relative,min,1e-05,76.10155505766157,-2470.1535353494137,-0.030808431123248655,False
combined_s3_train_centre_frozen_rel,resolution_max_b1_gaussian_conv,3,train_probe,centre_frozen,relative,min,3e-05,-522.7855412768021,-2470.1535353494137,0.21164090968250354,True
combined_s3_train_centre_frozen_rel,resolution_max_b1_gaussian_conv,3,train_probe,centre_frozen,relative,min,0.0001,-116.49534408242346,-2470.1535353494137,0.04716117537444679,True
combined_s3_train_centre_frozen_rel,resolution_max_b1_gaussian_conv,3,train_probe,centre_frozen,relative,min,0.0003,-823.8704347506165,-2470.1535353494137,0.33353005105169564,True
combined_s3_train_centre_frozen_rel,resolution_max_b1_gaussian_conv,3,train_probe,centre_frozen,relative,min,0.001,-249.19954253077583,-2470.1535353494137,0.10088423207892845,True
combined_s3_train_centre_frozen_rel,resolution_max_b1_gaussian_conv,3,train_probe,centre_frozen,relative,min,0.003,938.5398648738984,-2470.1535353494137,-0.37995203595356186,False
combined_s3_train_centre_frozen_rel,resolution_max_b1_gaussian_conv,3,train_probe,centre_frozen,relative,min,0.01,29451.92992915752,-2470.1535353494137,-11.923117129231976,False
combined_s3_train_saved_ord,resolution_max_b1_gaussian_conv,3,train_probe,saved,ordinary,top1,1e-05,1267566.6568806586,1196722.695398516,1.0591983103141125,True
combined_s3_train_saved_ord,resolution_max_b1_gaussian_conv,3,train_probe,saved,ordinary,top1,3e-05,1236894.4046181608,1196722.695398516,1.0335681017616762,True
combined_s3_train_saved_ord,resolution_max_b1_gaussian_conv,3,train_probe,saved,ordinary,top1,0.0001,1228393.259017746,1196722.695398516,1.0264644129680214,True
combined_s3_train_saved_ord,resolution_max_b1_gaussian_conv,3,train_probe,saved,ordinary,top1,0.0003,1252474.709847651,1196722.695398516,1.0465872458703303,True
combined_s3_train_saved_ord,resolution_max_b1_gaussian_conv,3,train_probe,saved,ordinary,top1,0.001,1418311.4242565169,1196722.695398516,1.185162970260383,True
combined_s3_train_saved_ord,resolution_max_b1_gaussian_conv,3,train_probe,saved,ordinary,top1,0.003,1327910.2283076614,1196722.695398516,1.1096223322358394,True
combined_s3_train_saved_ord,resolution_max_b1_gaussian_conv,3,train_probe,saved,ordinary,top1,0.01,693490.0346810856,1196722.695398516,0.5794910026755606,True
combined_s3_train_saved_ord,resolution_max_b1_gaussian_conv,3,train_probe,saved,ordinary,min,1e-05,4186.28847032032,-2636.378986485261,-1.5878932777799712,False
combined_s3_train_saved_ord,resolution_max_b1_gaussian_conv,3,train_probe,saved,ordinary,min,3e-05,2006.0332914548535,-2636.378986485261,-0.7609047491799481,False
combined_s3_train_saved_ord,resolution_max_b1_gaussian_conv,3,train_probe,saved,ordinary,min,0.0001,395.23140299424495,-2636.378986485261,-0.14991448688534542,False
combined_s3_train_saved_ord,resolution_max_b1_gaussian_conv,3,train_probe,saved,ordinary,min,0.0003,-649.2631480485105,-2636.378986485261,0.24627079466829163,True
combined_s3_train_saved_ord,resolution_max_b1_gaussian_conv,3,train_probe,saved,ordinary,min,0.001,-681.7293936033365,-2636.378986485261,0.2585855057630379,True
combined_s3_train_saved_ord,resolution_max_b1_gaussian_conv,3,train_probe,saved,ordinary,min,0.003,893.2376289037967,-2636.378986485261,-0.3388123003114334,False
combined_s3_train_saved_ord,resolution_max_b1_gaussian_conv,3,train_probe,saved,ordinary,min,0.01,17028.68772911202,-2636.378986485261,-6.459119806524532,False
combined_s3_train_saved_rel,resolution_max_b1_gaussian_conv,3,train_probe,saved,relative,top1,1e-05,1286759.4762433486,1209906.5808052556,1.063519693716306,True
combined_s3_train_saved_rel,resolution_max_b1_gaussian_conv,3,train_probe,saved,relative,top1,3e-05,1253141.8625606596,1209906.5808052556,1.0357343967222896,True
combined_s3_train_saved_rel,resolution_max_b1_gaussian_conv,3,train_probe,saved,relative,top1,0.0001,1243036.726985225,1209906.5808052556,1.02738240018326,True
combined_s3_train_saved_rel,resolution_max_b1_gaussian_conv,3,train_probe,saved,relative,top1,0.0003,1265491.7566790334,1209906.5808052556,1.0459417088522511,True
combined_s3_train_saved_rel,resolution_max_b1_gaussian_conv,3,train_probe,saved,relative,top1,0.001,1421298.9946478785,1209906.5808052556,1.1747179635157703,True
combined_s3_train_saved_rel,resolution_max_b1_gaussian_conv,3,train_probe,saved,relative,top1,0.003,1337929.198429569,1209906.5808052556,1.1058119855328894,True
combined_s3_train_saved_rel,resolution_max_b1_gaussian_conv,3,train_probe,saved,relative,top1,0.01,702260.4156497215,1209906.5808052556,0.5804253210874601,True
combined_s3_train_saved_rel,resolution_max_b1_gaussian_conv,3,train_probe,saved,relative,min,1e-05,4117.428472616424,-2662.801250048068,-1.5462770541143833,False
combined_s3_train_saved_rel,resolution_max_b1_gaussian_conv,3,train_probe,saved,relative,min,3e-05,1842.5773458859612,-2662.801250048068,-0.6919695361614764,False
combined_s3_train_saved_rel,resolution_max_b1_gaussian_conv,3,train_probe,saved,relative,min,0.0001,213.37337784421703,-2662.801250048068,-0.0801311693241714,False
combined_s3_train_saved_rel,resolution_max_b1_gaussian_conv,3,train_probe,saved,relative,min,0.0003,-755.134710237224,-2662.801250048068,0.28358658394936254,True
combined_s3_train_saved_rel,resolution_max_b1_gaussian_conv,3,train_probe,saved,relative,min,0.001,-692.522040054322,-2662.801250048068,0.2600727485920404,True
combined_s3_train_saved_rel,resolution_max_b1_gaussian_conv,3,train_probe,saved,relative,min,0.003,896.718610401575,-2662.801250048068,-0.3367576195877885,False
combined_s3_train_saved_rel,resolution_max_b1_gaussian_conv,3,train_probe,saved,relative,min,0.01,15835.523632940216,-2662.801250048068,-5.946941639994482,False
combined_s4_test_centre_frozen_ord,resolution_max_b1_gaussian_conv,4,test_probe,centre_frozen,ordinary,top1,1e-05,1434392.0295478704,1444134.429131128,0.9932538139201355,True
combined_s4_test_centre_frozen_ord,resolution_max_b1_gaussian_conv,4,test_probe,centre_frozen,ordinary,top1,3e-05,1446836.8104884424,1444134.429131128,1.0018712810267534,True
combined_s4_test_centre_frozen_ord,resolution_max_b1_gaussian_conv,4,test_probe,centre_frozen,ordinary,top1,0.0001,1443227.6497402752,1444134.429131128,0.9993720948877327,True
combined_s4_test_centre_frozen_ord,resolution_max_b1_gaussian_conv,4,test_probe,centre_frozen,ordinary,top1,0.0003,1454970.374228003,1444134.429131128,1.007503418572601,True
combined_s4_test_centre_frozen_ord,resolution_max_b1_gaussian_conv,4,test_probe,centre_frozen,ordinary,top1,0.001,1527749.824032564,1444134.429131128,1.0579000079319096,True
combined_s4_test_centre_frozen_ord,resolution_max_b1_gaussian_conv,4,test_probe,centre_frozen,ordinary,top1,0.003,1331729.8554747454,1444134.429131128,0.9221647435384451,True
combined_s4_test_centre_frozen_ord,resolution_max_b1_gaussian_conv,4,test_probe,centre_frozen,ordinary,top1,0.01,780530.4553728775,1444134.429131128,0.5404832400834654,True
combined_s4_test_centre_frozen_ord,resolution_max_b1_gaussian_conv,4,test_probe,centre_frozen,ordinary,min,1e-05,-8133.436988355667,-5112.847566323423,1.5907841731734451,True
combined_s4_test_centre_frozen_ord,resolution_max_b1_gaussian_conv,4,test_probe,centre_frozen,ordinary,min,3e-05,-6033.016615663516,-5112.847566323423,1.1799719309843955,True
combined_s4_test_centre_frozen_ord,resolution_max_b1_gaussian_conv,4,test_probe,centre_frozen,ordinary,min,0.0001,-5183.450630186215,-5112.847566323423,1.0138089514594235,True
combined_s4_test_centre_frozen_ord,resolution_max_b1_gaussian_conv,4,test_probe,centre_frozen,ordinary,min,0.0003,-3138.500342001225,-5112.847566323423,0.6138458659854154,True
combined_s4_test_centre_frozen_ord,resolution_max_b1_gaussian_conv,4,test_probe,centre_frozen,ordinary,min,0.001,-2710.979099471933,-5112.847566323423,0.5302288136513641,True
combined_s4_test_centre_frozen_ord,resolution_max_b1_gaussian_conv,4,test_probe,centre_frozen,ordinary,min,0.003,-31.775148882368715,-5112.847566323423,0.0062147655431115814,True
combined_s4_test_centre_frozen_ord,resolution_max_b1_gaussian_conv,4,test_probe,centre_frozen,ordinary,min,0.01,40459.00852428424,-5112.847566323423,-7.913204530245314,False
combined_s4_test_centre_frozen_rel,resolution_max_b1_gaussian_conv,4,test_probe,centre_frozen,relative,top1,1e-05,1451494.7399191232,1458127.682772114,0.9954510548483789,True
combined_s4_test_centre_frozen_rel,resolution_max_b1_gaussian_conv,4,test_probe,centre_frozen,relative,top1,3e-05,1461591.2711423028,1458127.682772114,1.0023753669936533,True
combined_s4_test_centre_frozen_rel,resolution_max_b1_gaussian_conv,4,test_probe,centre_frozen,relative,top1,0.0001,1456983.534024725,1458127.682772114,0.999215330206739,True
combined_s4_test_centre_frozen_rel,resolution_max_b1_gaussian_conv,4,test_probe,centre_frozen,relative,top1,0.0003,1468658.7533974955,1458127.682772114,1.0072223240459715,True
combined_s4_test_centre_frozen_rel,resolution_max_b1_gaussian_conv,4,test_probe,centre_frozen,relative,top1,0.001,1541287.478162621,1458127.682772114,1.0570319021941947,True
combined_s4_test_centre_frozen_rel,resolution_max_b1_gaussian_conv,4,test_probe,centre_frozen,relative,top1,0.003,1336467.3603358276,1458127.682772114,0.9165640129642197,True
combined_s4_test_centre_frozen_rel,resolution_max_b1_gaussian_conv,4,test_probe,centre_frozen,relative,top1,0.01,769328.6364193863,1458127.682772114,0.5276140392292532,True
combined_s4_test_centre_frozen_rel,resolution_max_b1_gaussian_conv,4,test_probe,centre_frozen,relative,min,1e-05,-7612.210271012997,-5153.336313054693,1.4771421480351203,True
combined_s4_test_centre_frozen_rel,resolution_max_b1_gaussian_conv,4,test_probe,centre_frozen,relative,min,3e-05,-6033.253446712116,-5153.336313054693,1.170747081153693,True
combined_s4_test_centre_frozen_rel,resolution_max_b1_gaussian_conv,4,test_probe,centre_frozen,relative,min,0.0001,-5184.962804993809,-5153.336313054693,1.0061370906181688,True
combined_s4_test_centre_frozen_rel,resolution_max_b1_gaussian_conv,4,test_probe,centre_frozen,relative,min,0.0003,-3213.19358462925,-5153.336313054693,0.6235171526627177,True
combined_s4_test_centre_frozen_rel,resolution_max_b1_gaussian_conv,4,test_probe,centre_frozen,relative,min,0.001,-2717.598822158385,-5153.336313054693,0.5273474613473267,True
combined_s4_test_centre_frozen_rel,resolution_max_b1_gaussian_conv,4,test_probe,centre_frozen,relative,min,0.003,-51.35657668090913,-5153.336313054693,0.009965694757939637,True
combined_s4_test_centre_frozen_rel,resolution_max_b1_gaussian_conv,4,test_probe,centre_frozen,relative,min,0.01,39368.69778880921,-5153.336313054693,-7.639458284350359,False
combined_s4_test_saved_ord,resolution_max_b1_gaussian_conv,4,test_probe,saved,ordinary,top1,1e-05,1398958.6656037995,1402601.0159899774,0.9974031457665763,True
combined_s4_test_saved_ord,resolution_max_b1_gaussian_conv,4,test_probe,saved,ordinary,top1,3e-05,1405718.5482643477,1402601.0159899774,1.0022226793213678,True
combined_s4_test_saved_ord,resolution_max_b1_gaussian_conv,4,test_probe,saved,ordinary,top1,0.0001,1410783.429557716,1402601.0159899774,1.005833742792467,True
combined_s4_test_saved_ord,resolution_max_b1_gaussian_conv,4,test_probe,saved,ordinary,top1,0.0003,1411644.7639358982,1402601.0159899774,1.0064478407207895,True
combined_s4_test_saved_ord,resolution_max_b1_gaussian_conv,4,test_probe,saved,ordinary,top1,0.001,1467834.7195954486,1402601.0159899774,1.0465090947901732,True
combined_s4_test_saved_ord,resolution_max_b1_gaussian_conv,4,test_probe,saved,ordinary,top1,0.003,1257862.9903078373,1402601.0159899774,0.8968074142025473,True
combined_s4_test_saved_ord,resolution_max_b1_gaussian_conv,4,test_probe,saved,ordinary,top1,0.01,706351.6876460346,1402601.0159899774,0.5036012947327582,True
combined_s4_test_saved_ord,resolution_max_b1_gaussian_conv,4,test_probe,saved,ordinary,min,1e-05,-7640.916386275619,-6790.531652499984,1.1252309505784512,True
combined_s4_test_saved_ord,resolution_max_b1_gaussian_conv,4,test_probe,saved,ordinary,min,3e-05,-6281.990792247585,-6790.531652499984,0.9251103026572041,True
combined_s4_test_saved_ord,resolution_max_b1_gaussian_conv,4,test_probe,saved,ordinary,min,0.0001,-6349.838546571007,-6790.531652499984,0.9351018258243841,True
combined_s4_test_saved_ord,resolution_max_b1_gaussian_conv,4,test_probe,saved,ordinary,min,0.0003,-5257.827946442757,-6790.531652499984,0.7742881140252176,True
combined_s4_test_saved_ord,resolution_max_b1_gaussian_conv,4,test_probe,saved,ordinary,min,0.001,-4866.006609724805,-6790.531652499984,0.7165869859296434,True
combined_s4_test_saved_ord,resolution_max_b1_gaussian_conv,4,test_probe,saved,ordinary,min,0.003,764.2294427850792,-6790.531652499984,-0.11254338863198178,False
combined_s4_test_saved_ord,resolution_max_b1_gaussian_conv,4,test_probe,saved,ordinary,min,0.01,53590.907450075225,-6790.531652499984,-7.892004660687405,False
combined_s4_test_saved_rel,resolution_max_b1_gaussian_conv,4,test_probe,saved,relative,top1,1e-05,1417173.0863532517,1416675.808895736,1.0003510171165437,True
combined_s4_test_saved_rel,resolution_max_b1_gaussian_conv,4,test_probe,saved,relative,top1,3e-05,1419856.2303868737,1416675.808895736,1.0022449889178362,True
combined_s4_test_saved_rel,resolution_max_b1_gaussian_conv,4,test_probe,saved,relative,top1,0.0001,1425279.2694091853,1416675.808895736,1.0060729917596005,True
combined_s4_test_saved_rel,resolution_max_b1_gaussian_conv,4,test_probe,saved,relative,top1,0.0003,1425505.305607475,1416675.808895736,1.0062325456934438,True
combined_s4_test_saved_rel,resolution_max_b1_gaussian_conv,4,test_probe,saved,relative,top1,0.001,1484813.0300547574,1416675.808895736,1.0480965516112912,True
combined_s4_test_saved_rel,resolution_max_b1_gaussian_conv,4,test_probe,saved,relative,top1,0.003,1268360.0351451214,1416675.808895736,0.8953071882647428,True
combined_s4_test_saved_rel,resolution_max_b1_gaussian_conv,4,test_probe,saved,relative,top1,0.01,698775.4582872547,1416675.808895736,0.4932500815637792,True
combined_s4_test_saved_rel,resolution_max_b1_gaussian_conv,4,test_probe,saved,relative,min,1e-05,-8548.653818163386,-6836.378968587454,1.250465174245559,True
combined_s4_test_saved_rel,resolution_max_b1_gaussian_conv,4,test_probe,saved,relative,min,3e-05,-6433.839206090555,-6836.378968587454,0.9411179859474536,True
combined_s4_test_saved_rel,resolution_max_b1_gaussian_conv,4,test_probe,saved,relative,min,0.0001,-6409.747598112858,-6836.378968587454,0.9375939554499643,True
combined_s4_test_saved_rel,resolution_max_b1_gaussian_conv,4,test_probe,saved,relative,min,0.0003,-5287.89014593794,-6836.378968587454,0.7734928344720676,True
combined_s4_test_saved_rel,resolution_max_b1_gaussian_conv,4,test_probe,saved,relative,min,0.001,-4849.534264294686,-6836.378968587454,0.7093717721878584,True
combined_s4_test_saved_rel,resolution_max_b1_gaussian_conv,4,test_probe,saved,relative,min,0.003,742.2644804801789,-6836.378968587454,-0.10857567783922123,False
combined_s4_test_saved_rel,resolution_max_b1_gaussian_conv,4,test_probe,saved,relative,min,0.01,53529.79044801957,-6836.378968587454,-7.830137956655729,False
combined_s4_train_centre_frozen_ord,resolution_max_b1_gaussian_conv,4,train_probe,centre_frozen,ordinary,top1,1e-05,1326682.3773094846,1308119.40025376,1.0141905831013007,True
combined_s4_train_centre_frozen_ord,resolution_max_b1_gaussian_conv,4,train_probe,centre_frozen,ordinary,top1,3e-05,1326868.9117699554,1308119.40025376,1.014333180528137,True
combined_s4_train_centre_frozen_ord,resolution_max_b1_gaussian_conv,4,train_probe,centre_frozen,ordinary,top1,0.0001,1328843.5321784697,1308119.40025376,1.0158426913634104,True
combined_s4_train_centre_frozen_ord,resolution_max_b1_gaussian_conv,4,train_probe,centre_frozen,ordinary,top1,0.0003,1337669.9559046167,1308119.40025376,1.0225901058000701,True
combined_s4_train_centre_frozen_ord,resolution_max_b1_gaussian_conv,4,train_probe,centre_frozen,ordinary,top1,0.001,1463568.0817591844,1308119.40025376,1.1188337100384484,True
combined_s4_train_centre_frozen_ord,resolution_max_b1_gaussian_conv,4,train_probe,centre_frozen,ordinary,top1,0.003,1356338.4689434338,1308119.40025376,1.0368613665391095,True
combined_s4_train_centre_frozen_ord,resolution_max_b1_gaussian_conv,4,train_probe,centre_frozen,ordinary,top1,0.01,801484.1063195346,1308119.40025376,0.6126995029383832,True
combined_s4_train_centre_frozen_ord,resolution_max_b1_gaussian_conv,4,train_probe,centre_frozen,ordinary,min,1e-05,7268.007021776767,-2610.7467397664013,-2.783880531601115,False
combined_s4_train_centre_frozen_ord,resolution_max_b1_gaussian_conv,4,train_probe,centre_frozen,ordinary,min,3e-05,2982.69204372185,-2610.7467397664013,-1.1424670184549301,False
combined_s4_train_centre_frozen_ord,resolution_max_b1_gaussian_conv,4,train_probe,centre_frozen,ordinary,min,0.0001,-879.8821161337678,-2610.7467397664013,0.3370231599762511,True
combined_s4_train_centre_frozen_ord,resolution_max_b1_gaussian_conv,4,train_probe,centre_frozen,ordinary,min,0.0003,-980.3929598878944,-2610.7467397664013,0.3755220469893667,True
combined_s4_train_centre_frozen_ord,resolution_max_b1_gaussian_conv,4,train_probe,centre_frozen,ordinary,min,0.001,-371.5822298131499,-2610.7467397664013,0.14232794937681223,True
combined_s4_train_centre_frozen_ord,resolution_max_b1_gaussian_conv,4,train_probe,centre_frozen,ordinary,min,0.003,942.2346577310472,-2610.7467397664013,-0.3609061895507162,False
combined_s4_train_centre_frozen_ord,resolution_max_b1_gaussian_conv,4,train_probe,centre_frozen,ordinary,min,0.01,16094.866568934764,-2610.7467397664013,-6.164851735245244,False
combined_s4_train_centre_frozen_rel,resolution_max_b1_gaussian_conv,4,train_probe,centre_frozen,relative,top1,1e-05,1336715.1339493953,1321168.4250829036,1.0117673935974636,True
combined_s4_train_centre_frozen_rel,resolution_max_b1_gaussian_conv,4,train_probe,centre_frozen,relative,top1,3e-05,1338474.3568604456,1321168.4250829036,1.0130989595641116,True
combined_s4_train_centre_frozen_rel,resolution_max_b1_gaussian_conv,4,train_probe,centre_frozen,relative,top1,0.0001,1342682.6658205714,1321168.4250829036,1.016284252884955,True
combined_s4_train_centre_frozen_rel,resolution_max_b1_gaussian_conv,4,train_probe,centre_frozen,relative,top1,0.0003,1351024.096745937,1321168.4250829036,1.0225979300566164,True
combined_s4_train_centre_frozen_rel,resolution_max_b1_gaussian_conv,4,train_probe,centre_frozen,relative,top1,0.001,1479440.855459675,1321168.4250829036,1.1197973152944825,True
combined_s4_train_centre_frozen_rel,resolution_max_b1_gaussian_conv,4,train_probe,centre_frozen,relative,top1,0.003,1364930.6267680184,1321168.4250829036,1.0331238628279877,True
combined_s4_train_centre_frozen_rel,resolution_max_b1_gaussian_conv,4,train_probe,centre_frozen,relative,top1,0.01,793001.4906218316,1321168.4250829036,0.6002274014170984,True
combined_s4_train_centre_frozen_rel,resolution_max_b1_gaussian_conv,4,train_probe,centre_frozen,relative,min,1e-05,7681.760736399921,-2634.625750470815,-2.915693333304424,False
combined_s4_train_centre_frozen_rel,resolution_max_b1_gaussian_conv,4,train_probe,centre_frozen,relative,min,3e-05,2922.604954096957,-2634.625750470815,-1.1093055450379163,False
combined_s4_train_centre_frozen_rel,resolution_max_b1_gaussian_conv,4,train_probe,centre_frozen,relative,min,0.0001,-876.6223103306992,-2634.625750470815,0.33273124661976916,True
combined_s4_train_centre_frozen_rel,resolution_max_b1_gaussian_conv,4,train_probe,centre_frozen,relative,min,0.0003,-878.885133288105,-2634.625750470815,0.3335901249469856,True
combined_s4_train_centre_frozen_rel,resolution_max_b1_gaussian_conv,4,train_probe,centre_frozen,relative,min,0.001,-388.33669435289767,-2634.625750470815,0.14739728945695638,True
combined_s4_train_centre_frozen_rel,resolution_max_b1_gaussian_conv,4,train_probe,centre_frozen,relative,min,0.003,970.720078468496,-2634.625750470815,-0.368447047287466,False
combined_s4_train_centre_frozen_rel,resolution_max_b1_gaussian_conv,4,train_probe,centre_frozen,relative,min,0.01,16093.084795073615,-2634.625750470815,-6.108300122777489,False
combined_s4_train_saved_ord,resolution_max_b1_gaussian_conv,4,train_probe,saved,ordinary,top1,1e-05,1279787.9708981162,1294533.9817374137,0.9886090198887583,True
combined_s4_train_saved_ord,resolution_max_b1_gaussian_conv,4,train_probe,saved,ordinary,top1,3e-05,1317912.4708358657,1294533.9817374137,1.0180593861793226,True
combined_s4_train_saved_ord,resolution_max_b1_gaussian_conv,4,train_probe,saved,ordinary,top1,0.0001,1318067.0036079923,1294533.9817374137,1.0181787594629186,True
combined_s4_train_saved_ord,resolution_max_b1_gaussian_conv,4,train_probe,saved,ordinary,top1,0.0003,1316161.492971783,1294533.9817374137,1.0167067929768385,True
combined_s4_train_saved_ord,resolution_max_b1_gaussian_conv,4,train_probe,saved,ordinary,top1,0.001,1427844.0536425216,1294533.9817374137,1.1029791985268633,True
combined_s4_train_saved_ord,resolution_max_b1_gaussian_conv,4,train_probe,saved,ordinary,top1,0.003,1311957.065690623,1294533.9817374137,1.0134589622203856,True
combined_s4_train_saved_ord,resolution_max_b1_gaussian_conv,4,train_probe,saved,ordinary,top1,0.01,773036.6337622922,1294533.9817374137,0.5971543773032424,True
combined_s4_train_saved_ord,resolution_max_b1_gaussian_conv,4,train_probe,saved,ordinary,min,1e-05,-1014.684651856612,-3723.3565431703855,0.2725187985872077,True
combined_s4_train_saved_ord,resolution_max_b1_gaussian_conv,4,train_probe,saved,ordinary,min,3e-05,-1568.3790677289978,-3723.3565431703855,0.4212272044174274,True
combined_s4_train_saved_ord,resolution_max_b1_gaussian_conv,4,train_probe,saved,ordinary,min,0.0001,-2844.374489896495,-3723.3565431703855,0.7639275092023688,True
combined_s4_train_saved_ord,resolution_max_b1_gaussian_conv,4,train_probe,saved,ordinary,min,0.0003,-3033.796527971176,-3723.3565431703855,0.8148015084765268,True
combined_s4_train_saved_ord,resolution_max_b1_gaussian_conv,4,train_probe,saved,ordinary,min,0.001,-1693.146859361172,-3723.3565431703855,0.4547366978504512,True
combined_s4_train_saved_ord,resolution_max_b1_gaussian_conv,4,train_probe,saved,ordinary,min,0.003,2027.52930690036,-3723.3565431703855,-0.5445434202693754,False
combined_s4_train_saved_ord,resolution_max_b1_gaussian_conv,4,train_probe,saved,ordinary,min,0.01,76127.91356617537,-3723.3565431703855,-20.44604449869674,False
combined_s4_train_saved_rel,resolution_max_b1_gaussian_conv,4,train_probe,saved,relative,top1,1e-05,1294118.0487513468,1307719.41333179,0.9895991720840255,True
combined_s4_train_saved_rel,resolution_max_b1_gaussian_conv,4,train_probe,saved,relative,top1,3e-05,1334329.0775479232,1307719.41333179,1.0203481449803804,True
combined_s4_train_saved_rel,resolution_max_b1_gaussian_conv,4,train_probe,saved,relative,top1,0.0001,1332913.5273507985,1307719.41333179,1.0192656878548736,True
combined_s4_train_saved_rel,resolution_max_b1_gaussian_conv,4,train_probe,saved,relative,top1,0.0003,1330173.4798353198,1307719.41333179,1.0171704008326388,True
combined_s4_train_saved_rel,resolution_max_b1_gaussian_conv,4,train_probe,saved,relative,top1,0.001,1444715.1754224305,1307719.41333179,1.1047592936940538,True
combined_s4_train_saved_rel,resolution_max_b1_gaussian_conv,4,train_probe,saved,relative,top1,0.003,1324605.1019808222,1307719.41333179,1.0129123177930128,True
combined_s4_train_saved_rel,resolution_max_b1_gaussian_conv,4,train_probe,saved,relative,top1,0.01,771563.4872105494,1307719.41333179,0.5900069077087189,True
combined_s4_train_saved_rel,resolution_max_b1_gaussian_conv,4,train_probe,saved,relative,min,1e-05,-995.3914004157126,-3747.504037729833,0.26561449711437857,True
combined_s4_train_saved_rel,resolution_max_b1_gaussian_conv,4,train_probe,saved,relative,min,3e-05,-1838.875454870011,-3747.504037729833,0.4906933885477458,True
combined_s4_train_saved_rel,resolution_max_b1_gaussian_conv,4,train_probe,saved,relative,min,0.0001,-2945.282227595492,-3747.504037729833,0.7859317022590023,True
combined_s4_train_saved_rel,resolution_max_b1_gaussian_conv,4,train_probe,saved,relative,min,0.0003,-3147.047602255112,-3747.504037729833,0.8397716374874232,True
combined_s4_train_saved_rel,resolution_max_b1_gaussian_conv,4,train_probe,saved,relative,min,0.001,-1755.2892949488364,-3747.504037729833,0.4683889002591062,True
combined_s4_train_saved_rel,resolution_max_b1_gaussian_conv,4,train_probe,saved,relative,min,0.003,2084.051111710049,-3747.504037729833,-0.5561171090752254,False
combined_s4_train_saved_rel,resolution_max_b1_gaussian_conv,4,train_probe,saved,relative,min,0.01,77691.22377377925,-3747.504037729833,-20.731458323082453,False
