problem,method,seed,probe,policy,coords,vector,radial_fraction_ordinary_metric,radial_fraction_r_metric,radial_fraction_bn_followed_r_metric,fc_share_r_metric,random_direction_expected_radial_fraction_r_metric,random_direction_expected_radial_fraction_ordinary_metric
plain_s0_train_saved_ord,plain,0,train_probe,saved,ordinary,top1,0.005283773770421909,0.0051440371428336734,0.005117724227763295,0.0005185748692277253,0.004256539849304894,0.004612985084944124
plain_s0_train_saved_ord,plain,0,train_probe,saved,ordinary,top2,0.006156103670924018,0.005959290151454846,0.005927292963964823,0.000616778320970671,0.004256539849304894,0.004612985084944124
plain_s0_train_saved_ord,plain,0,train_probe,saved,ordinary,min,0.0046411501693081475,0.004554926008103248,0.004521381175483647,0.000319875570987817,0.004256539849304894,0.004612985084944124
plain_s0_train_saved_rel,plain,0,train_probe,saved,relative,top1,0.005727834220843766,0.005497493453107515,0.005403970752501436,0.0018287147510670906,0.004256539849304894,0.004612985084944124
plain_s0_train_saved_rel,plain,0,train_probe,saved,relative,top2,0.006778771386694382,0.006438674611249722,0.006321903429091583,0.002399200994736593,0.004256539849304894,0.004612985084944124
plain_s0_train_saved_rel,plain,0,train_probe,saved,relative,min,0.004964717702119583,0.004758790822757848,0.004620941150141535,0.0013671910081036443,0.004256539849304894,0.004612985084944124
plain_s0_train_centre_frozen_ord,plain,0,train_probe,centre_frozen,ordinary,top1,0.0052472469613020515,0.005110420140140676,0.005083829150300992,0.0005164478542204868,0.004256539849304894,0.004612985084944124
plain_s0_train_centre_frozen_ord,plain,0,train_probe,centre_frozen,ordinary,top2,0.006193447275347008,0.005996497299481565,0.005962250910669988,0.0006226501539977268,0.004256539849304894,0.004612985084944124
plain_s0_train_centre_frozen_ord,plain,0,train_probe,centre_frozen,ordinary,min,0.003149497591004516,0.0030775071309718078,0.00303454954954675,0.0005358779568927502,0.004256539849304894,0.004612985084944124
plain_s0_train_centre_frozen_rel,plain,0,train_probe,centre_frozen,relative,top1,0.0056803908279482165,0.005454412437968523,0.005359860687846076,0.0018202472142048972,0.004256539849304894,0.004612985084944124
plain_s0_train_centre_frozen_rel,plain,0,train_probe,centre_frozen,relative,top2,0.00682436872329345,0.006474527328930679,0.0063485358180634084,0.002436725201992454,0.004256539849304894,0.004612985084944124
plain_s0_train_centre_frozen_rel,plain,0,train_probe,centre_frozen,relative,min,0.0035392712216239,0.003309322990260955,0.0031368007821670142,0.002357597810694685,0.004256539849304894,0.004612985084944124
plain_s0_test_saved_ord,plain,0,test_probe,saved,ordinary,top1,0.004906651305785382,0.0047521382856809714,0.0047291568942763994,0.0004881344488726923,0.004256539849304894,0.004612985084944124
plain_s0_test_saved_ord,plain,0,test_probe,saved,ordinary,top2,0.006068219394494381,0.005862666234239417,0.005830845465630262,0.0005990354621196025,0.004256539849304894,0.004612985084944124
plain_s0_test_saved_ord,plain,0,test_probe,saved,ordinary,min,0.004883170042926246,0.004838894456727378,0.0048220702228675685,0.0003811652113885491,0.004256539849304894,0.004612985084944124
plain_s0_test_saved_rel,plain,0,test_probe,saved,relative,top1,0.0053938664798424026,0.005142074806059719,0.005057428026293448,0.001787369692616213,0.004256539849304894,0.004612985084944124
plain_s0_test_saved_rel,plain,0,test_probe,saved,relative,top2,0.006839071224786519,0.0064848079281523245,0.006360629513410663,0.0025017502611224133,0.004256539849304894,0.004612985084944124
plain_s0_test_saved_rel,plain,0,test_probe,saved,relative,min,0.005141756473196398,0.005028476899453081,0.004958060423325063,0.0017365657908846336,0.004256539849304894,0.004612985084944124
plain_s0_test_centre_frozen_ord,plain,0,test_probe,centre_frozen,ordinary,top1,0.004925700523045891,0.004776412196135668,0.004752759864450959,0.0004914716676063318,0.004256539849304894,0.004612985084944124
plain_s0_test_centre_frozen_ord,plain,0,test_probe,centre_frozen,ordinary,top2,0.006450057387292085,0.006229590444284737,0.006201032824423391,0.0005384101771444817,0.004256539849304894,0.004612985084944124
plain_s0_test_centre_frozen_ord,plain,0,test_probe,centre_frozen,ordinary,min,0.004428345505860862,0.004390629656894143,0.004383712254323092,0.00039038306205964617,0.004256539849304894,0.004612985084944124
plain_s0_test_centre_frozen_rel,plain,0,test_probe,centre_frozen,relative,top1,0.005394148836685496,0.005151858730967113,0.005066835300537057,0.0017723800310319754,0.004256539849304894,0.004612985084944124
plain_s0_test_centre_frozen_rel,plain,0,test_probe,centre_frozen,relative,top2,0.007142732540876136,0.006774712037725183,0.00666664289748266,0.0022063673961121907,0.004256539849304894,0.004612985084944124
plain_s0_test_centre_frozen_rel,plain,0,test_probe,centre_frozen,relative,min,0.00466536024661495,0.004579213223216849,0.004544162454124236,0.0016819055826640412,0.004256539849304894,0.004612985084944124
plain_s1_train_saved_ord,plain,1,train_probe,saved,ordinary,top1,0.00645576841912614,0.006439347436945929,0.006410759576315062,0.0004832445834839469,0.004256539849304894,0.004604703463809203
plain_s1_train_saved_ord,plain,1,train_probe,saved,ordinary,top2,0.005858830532217558,0.005817562048178753,0.005791002355173076,0.0005359749518806924,0.004256539849304894,0.004604703463809203
plain_s1_train_saved_ord,plain,1,train_probe,saved,ordinary,min,0.005494598085591517,0.005431951204321751,0.005407209790014998,0.0006286055031946367,0.004256539849304894,0.004604703463809203
plain_s1_train_saved_rel,plain,1,train_probe,saved,relative,top1,0.006619365783564032,0.006520057686935843,0.006405179815609768,0.0019992452949839446,0.004256539849304894,0.004604703463809203
plain_s1_train_saved_rel,plain,1,train_probe,saved,relative,top2,0.006012951424202604,0.005914835989744441,0.005822072588414534,0.0018587701727756977,0.004256539849304894,0.004604703463809203
plain_s1_train_saved_rel,plain,1,train_probe,saved,relative,min,0.005745395425948773,0.005613661594659712,0.005537701340935485,0.0022592755760247043,0.004256539849304894,0.004604703463809203
plain_s1_train_centre_frozen_ord,plain,1,train_probe,centre_frozen,ordinary,top1,0.006472235691740336,0.00644879859444027,0.006416964492921778,0.0005429311809442123,0.004256539849304894,0.004604703463809203
plain_s1_train_centre_frozen_ord,plain,1,train_probe,centre_frozen,ordinary,top2,0.006004929824646885,0.005986653668740984,0.005958420713766859,0.0005156407665191724,0.004256539849304894,0.004604703463809203
plain_s1_train_centre_frozen_ord,plain,1,train_probe,centre_frozen,ordinary,min,0.00425985354168641,0.004194182333846838,0.004125004742140278,0.000642401103855514,0.004256539849304894,0.004604703463809203
plain_s1_train_centre_frozen_rel,plain,1,train_probe,centre_frozen,relative,top1,0.006592027394033059,0.006490499355669241,0.006371661076865248,0.0020596056986071937,0.004256539849304894,0.004604703463809203
plain_s1_train_centre_frozen_rel,plain,1,train_probe,centre_frozen,relative,top2,0.006162546067971308,0.006085722667572998,0.005988633695885001,0.0018681259951860737,0.004256539849304894,0.004604703463809203
plain_s1_train_centre_frozen_rel,plain,1,train_probe,centre_frozen,relative,min,0.0045707255291996636,0.004350607247206974,0.00411071566644183,0.0025493634179984902,0.004256539849304894,0.004604703463809203
plain_s1_test_saved_ord,plain,1,test_probe,saved,ordinary,top1,0.005480874278418016,0.005448978576313123,0.005424550954447848,0.0004563774170919105,0.004256539849304894,0.004604703463809203
plain_s1_test_saved_ord,plain,1,test_probe,saved,ordinary,top2,0.006555400332702012,0.006555781005074802,0.006531720965499898,0.0004598859823962309,0.004256539849304894,0.004604703463809203
plain_s1_test_saved_ord,plain,1,test_probe,saved,ordinary,min,0.004485962986773694,0.004454015797550727,0.004416578729080952,0.0007362761284050118,0.004256539849304894,0.004604703463809203
plain_s1_test_saved_rel,plain,1,test_probe,saved,relative,top1,0.005820680308922452,0.005718475874233693,0.005625756413122545,0.00178703940616184,0.004256539849304894,0.004604703463809203
plain_s1_test_saved_rel,plain,1,test_probe,saved,relative,top2,0.006510669234598802,0.006432330695262612,0.0063328582799733095,0.0018300381078127687,0.004256539849304894,0.004604703463809203
plain_s1_test_saved_rel,plain,1,test_probe,saved,relative,min,0.004703362694835159,0.004506140688426361,0.00435559105275835,0.003108663617615076,0.004256539849304894,0.004604703463809203
plain_s1_test_centre_frozen_ord,plain,1,test_probe,centre_frozen,ordinary,top1,0.006029659849628993,0.005995141005925503,0.005968067850781556,0.0005140054561342564,0.004256539849304894,0.004604703463809203
plain_s1_test_centre_frozen_ord,plain,1,test_probe,centre_frozen,ordinary,top2,0.006042199287455343,0.0060525221009016155,0.006030694948665689,0.0004182832289135413,0.004256539849304894,0.004604703463809203
plain_s1_test_centre_frozen_ord,plain,1,test_probe,centre_frozen,ordinary,min,0.006057624724768865,0.0061149596279737855,0.0060737508538653085,0.0004178218705336835,0.004256539849304894,0.004604703463809203
plain_s1_test_centre_frozen_rel,plain,1,test_probe,centre_frozen,relative,top1,0.006171461924108704,0.006078877532511589,0.005982483374633441,0.0018332024634102671,0.004256539849304894,0.004604703463809203
plain_s1_test_centre_frozen_rel,plain,1,test_probe,centre_frozen,relative,top2,0.006169461536872357,0.006096587704585286,0.006004248339792831,0.0018078934891467106,0.004256539849304894,0.004604703463809203
plain_s1_test_centre_frozen_rel,plain,1,test_probe,centre_frozen,relative,min,0.0061343453459052006,0.006059706746410836,0.005910260264066196,0.0017466263618642504,0.004256539849304894,0.004604703463809203
plain_s2_train_saved_ord,plain,2,train_probe,saved,ordinary,top1,0.005922420575083894,0.005861196759854645,0.005840207378137125,0.00041323397092721644,0.004256539849304894,0.0047134488321586895
plain_s2_train_saved_ord,plain,2,train_probe,saved,ordinary,top2,0.004291173852667964,0.004205963268898369,0.004144459202926036,0.0008932579203556831,0.004256539849304894,0.0047134488321586895
plain_s2_train_saved_ord,plain,2,train_probe,saved,ordinary,min,0.004086349206046878,0.004022850254925579,0.004008177217025073,0.00044631249210827723,0.004256539849304894,0.0047134488321586895
plain_s2_train_saved_rel,plain,2,train_probe,saved,relative,top1,0.006191977726862258,0.00604925662619262,0.005961675636628468,0.001765774709190886,0.004256539849304894,0.0047134488321586895
plain_s2_train_saved_rel,plain,2,train_probe,saved,relative,top2,0.004639191161295558,0.004437769801167507,0.004241574039729099,0.0030617186313641174,0.004256539849304894,0.0047134488321586895
plain_s2_train_saved_rel,plain,2,train_probe,saved,relative,min,0.004326267940610387,0.004178842134202165,0.004110769868037034,0.0020571768759004424,0.004256539849304894,0.0047134488321586895
plain_s2_train_centre_frozen_ord,plain,2,train_probe,centre_frozen,ordinary,top1,0.00600122219136736,0.00593360857144566,0.005910828377611625,0.00043452909888228866,0.004256539849304894,0.0047134488321586895
plain_s2_train_centre_frozen_ord,plain,2,train_probe,centre_frozen,ordinary,top2,0.004297584657007553,0.00421661069063574,0.004158692474804329,0.0008702261244830178,0.004256539849304894,0.0047134488321586895
plain_s2_train_centre_frozen_ord,plain,2,train_probe,centre_frozen,ordinary,min,0.00405985878875849,0.00399343199686617,0.00398210574359471,0.0006305889380137263,0.004256539849304894,0.0047134488321586895
plain_s2_train_centre_frozen_rel,plain,2,train_probe,centre_frozen,relative,top1,0.006299058135163608,0.00614648244203587,0.006052780388169081,0.0018488297670554161,0.004256539849304894,0.0047134488321586895
plain_s2_train_centre_frozen_rel,plain,2,train_probe,centre_frozen,relative,top2,0.004618016771303916,0.004423213245150718,0.004235292275871492,0.003026276991177915,0.004256539849304894,0.0047134488321586895
plain_s2_train_centre_frozen_rel,plain,2,train_probe,centre_frozen,relative,min,0.004282874486638601,0.004160451637512595,0.004115998409412378,0.002635903899940556,0.004256539849304894,0.0047134488321586895
plain_s2_test_saved_ord,plain,2,test_probe,saved,ordinary,top1,0.00593943981346806,0.005875204405781776,0.005856314550250102,0.0003797147716350644,0.004256539849304894,0.0047134488321586895
plain_s2_test_saved_ord,plain,2,test_probe,saved,ordinary,top2,0.004945900784253516,0.004872684653549376,0.004834894919325904,0.0006696138252079803,0.004256539849304894,0.0047134488321586895
plain_s2_test_saved_ord,plain,2,test_probe,saved,ordinary,min,0.004974646116609213,0.004935004958399267,0.004885247137815298,0.00043926015143127113,0.004256539849304894,0.0047134488321586895
plain_s2_test_saved_rel,plain,2,test_probe,saved,relative,top1,0.006192967313542428,0.006054094784425648,0.005972935881351158,0.0017054119620207933,0.004256539849304894,0.0047134488321586895
plain_s2_test_saved_rel,plain,2,test_probe,saved,relative,top2,0.005252416928682159,0.005065345097008002,0.004920532349353446,0.0027599016208370683,0.004256539849304894,0.0047134488321586895
plain_s2_test_saved_rel,plain,2,test_probe,saved,relative,min,0.00530817024021142,0.005068615294569885,0.004855659527872761,0.0021225887176044614,0.004256539849304894,0.0047134488321586895
plain_s2_test_centre_frozen_ord,plain,2,test_probe,centre_frozen,ordinary,top1,0.006046869888123464,0.005977581622115328,0.005957827618446747,0.00039030094736049805,0.004256539849304894,0.0047134488321586895
plain_s2_test_centre_frozen_ord,plain,2,test_probe,centre_frozen,ordinary,top2,0.005141385774825859,0.0050678445472532516,0.005033124783168518,0.0006435924118602571,0.004256539849304894,0.0047134488321586895
plain_s2_test_centre_frozen_ord,plain,2,test_probe,centre_frozen,ordinary,min,0.004934864664887911,0.004870127992244652,0.004821424610232546,0.000493861206666471,0.004256539849304894,0.0047134488321586895
plain_s2_test_centre_frozen_rel,plain,2,test_probe,centre_frozen,relative,top1,0.006319504028410188,0.006173423706352054,0.006089292803131145,0.001751366931654993,0.004256539849304894,0.0047134488321586895
plain_s2_test_centre_frozen_rel,plain,2,test_probe,centre_frozen,relative,top2,0.0054267399980674515,0.005241614663253114,0.0051047599192594485,0.002699592708363049,0.004256539849304894,0.0047134488321586895
plain_s2_test_centre_frozen_rel,plain,2,test_probe,centre_frozen,relative,min,0.005329170933202734,0.005067828130687488,0.00485824686629896,0.002404158588421146,0.004256539849304894,0.0047134488321586895
plain_s3_train_saved_ord,plain,3,train_probe,saved,ordinary,top1,0.006311165526505223,0.0063599355483142115,0.0063260333808903575,0.0004794918577725588,0.004256539849304894,0.004690607479627255
plain_s3_train_saved_ord,plain,3,train_probe,saved,ordinary,top2,0.0057811812183813285,0.005847802397626985,0.005818875002797377,0.0005064314807810613,0.004256539849304894,0.004690607479627255
plain_s3_train_saved_ord,plain,3,train_probe,saved,ordinary,min,0.004609729996922505,0.004638115768742565,0.004620983616395466,0.0004153412943599716,0.004256539849304894,0.004690607479627255
plain_s3_train_saved_rel,plain,3,train_probe,saved,relative,top1,0.006508704953634349,0.0064443052755562705,0.006322243775651654,0.0017690576586299911,0.004256539849304894,0.004690607479627255
plain_s3_train_saved_rel,plain,3,train_probe,saved,relative,top2,0.00576590088787203,0.005670999017108832,0.0055505526229514745,0.0021096558008303684,0.004256539849304894,0.004690607479627255
plain_s3_train_saved_rel,plain,3,train_probe,saved,relative,min,0.004642483335160769,0.004578361326657299,0.004497222753904038,0.002096917290207795,0.004256539849304894,0.004690607479627255
plain_s3_train_centre_frozen_ord,plain,3,train_probe,centre_frozen,ordinary,top1,0.006309508207583906,0.006353326051779688,0.006318745171092437,0.00048121437128490895,0.004256539849304894,0.004690607479627255
plain_s3_train_centre_frozen_ord,plain,3,train_probe,centre_frozen,ordinary,top2,0.005881806838404849,0.005952505797996116,0.005922967262602537,0.0005136143207516977,0.004256539849304894,0.004690607479627255
plain_s3_train_centre_frozen_ord,plain,3,train_probe,centre_frozen,ordinary,min,0.004619665503390754,0.004669011781828884,0.004648321453459313,0.0004111162941308462,0.004256539849304894,0.004690607479627255
plain_s3_train_centre_frozen_rel,plain,3,train_probe,centre_frozen,relative,top1,0.006513833836025422,0.006442794899458009,0.006317499035884766,0.0017871228713603232,0.004256539849304894,0.004690607479627255
plain_s3_train_centre_frozen_rel,plain,3,train_probe,centre_frozen,relative,top2,0.005864620604416214,0.005771960194972002,0.005650208880289568,0.002124440954495723,0.004256539849304894,0.004690607479627255
plain_s3_train_centre_frozen_rel,plain,3,train_probe,centre_frozen,relative,min,0.004605403913940353,0.0045495028186926054,0.004455207907494408,0.002055360731323491,0.004256539849304894,0.004690607479627255
plain_s3_test_saved_ord,plain,3,test_probe,saved,ordinary,top1,0.0069592632874131335,0.007085540429267579,0.007064191482955585,0.0003864253134305051,0.004256539849304894,0.004690607479627255
plain_s3_test_saved_ord,plain,3,test_probe,saved,ordinary,top2,0.00489042383280244,0.00488150642196143,0.004852424140369555,0.00047422330021299733,0.004256539849304894,0.004690607479627255
plain_s3_test_saved_ord,plain,3,test_probe,saved,ordinary,min,0.004862905053663372,0.004784994411210463,0.004736586880538553,0.00042923871959682237,0.004256539849304894,0.004690607479627255
plain_s3_test_saved_rel,plain,3,test_probe,saved,relative,top1,0.006936101565559038,0.006921170305442542,0.006838783228362866,0.0014895597798523495,0.004256539849304894,0.004690607479627255
plain_s3_test_saved_rel,plain,3,test_probe,saved,relative,top2,0.005076735606363406,0.0049544122088497605,0.004838368766678195,0.0019771735749911264,0.004256539849304894,0.004690607479627255
plain_s3_test_saved_rel,plain,3,test_probe,saved,relative,min,0.005356570869925603,0.005009866874079036,0.004780192813316852,0.0018703778902046432,0.004256539849304894,0.004690607479627255
plain_s3_test_centre_frozen_ord,plain,3,test_probe,centre_frozen,ordinary,top1,0.006987876996451462,0.00709849419034843,0.007075347709091923,0.000392331448994193,0.004256539849304894,0.004690607479627255
plain_s3_test_centre_frozen_ord,plain,3,test_probe,centre_frozen,ordinary,top2,0.004950012440296442,0.004951715387672532,0.004923700396295154,0.0004708735136515138,0.004256539849304894,0.004690607479627255
plain_s3_test_centre_frozen_ord,plain,3,test_probe,centre_frozen,ordinary,min,0.004534870771900575,0.004495218693749008,0.004462909061947914,0.0004098832997601851,0.004256539849304894,0.004690607479627255
plain_s3_test_centre_frozen_rel,plain,3,test_probe,centre_frozen,relative,top1,0.006997772334883344,0.00697524679536323,0.006887751436398668,0.0014967179593450635,0.004256539849304894,0.004690607479627255
plain_s3_test_centre_frozen_rel,plain,3,test_probe,centre_frozen,relative,top2,0.005114854713099411,0.004992707501019025,0.004878925212267678,0.0019875057915318753,0.004256539849304894,0.004690607479627255
plain_s3_test_centre_frozen_rel,plain,3,test_probe,centre_frozen,relative,min,0.004880150499751675,0.004666080075328638,0.0045052132079318845,0.001795652566896232,0.004256539849304894,0.004690607479627255
plain_s4_train_saved_ord,plain,4,train_probe,saved,ordinary,top1,0.005716628579404234,0.005660234028481501,0.005634138279915203,0.0004266512686366228,0.004256539849304894,0.00463139353988398
plain_s4_train_saved_ord,plain,4,train_probe,saved,ordinary,top2,0.0058195022811359486,0.005687203221771668,0.0056413014111953924,0.0007073969561199307,0.004256539849304894,0.00463139353988398
plain_s4_train_saved_ord,plain,4,train_probe,saved,ordinary,min,0.004389543638649743,0.004418509529048104,0.004400060329302537,0.0006587697954602398,0.004256539849304894,0.00463139353988398
plain_s4_train_saved_rel,plain,4,train_probe,saved,relative,top1,0.006051551964327561,0.005881861955813529,0.005771542323861597,0.0017746089181675802,0.004256539849304894,0.00463139353988398
plain_s4_train_saved_rel,plain,4,train_probe,saved,relative,top2,0.006183943354587724,0.0059250342198269,0.005769797595733448,0.002584323471154148,0.004256539849304894,0.00463139353988398
plain_s4_train_saved_rel,plain,4,train_probe,saved,relative,min,0.0044343391275570385,0.00438997025646128,0.0043043152931877045,0.002587075197131661,0.004256539849304894,0.00463139353988398
plain_s4_train_centre_frozen_ord,plain,4,train_probe,centre_frozen,ordinary,top1,0.005781027419263079,0.005733899899212038,0.005710784999319516,0.000417696140529597,0.004256539849304894,0.00463139353988398
plain_s4_train_centre_frozen_ord,plain,4,train_probe,centre_frozen,ordinary,top2,0.006081226971087985,0.005945383869261021,0.005878925005942237,0.0008836486586303133,0.004256539849304894,0.00463139353988398
plain_s4_train_centre_frozen_ord,plain,4,train_probe,centre_frozen,ordinary,min,0.0035679439614395674,0.0035261874292765506,0.003513305892002995,0.000506153078562655,0.004256539849304894,0.00463139353988398
plain_s4_train_centre_frozen_rel,plain,4,train_probe,centre_frozen,relative,top1,0.006050751458400151,0.005909248504025337,0.005815787331858818,0.0016578491542597416,0.004256539849304894,0.00463139353988398
plain_s4_train_centre_frozen_rel,plain,4,train_probe,centre_frozen,relative,top2,0.006506326653147763,0.006223037123902944,0.006013051252932115,0.0030006239859259438,0.004256539849304894,0.00463139353988398
plain_s4_train_centre_frozen_rel,plain,4,train_probe,centre_frozen,relative,min,0.003830342985653474,0.0037316996002951515,0.0036651919970864645,0.0025944738213809462,0.004256539849304894,0.00463139353988398
plain_s4_test_saved_ord,plain,4,test_probe,saved,ordinary,top1,0.00581361956517912,0.005770057413988848,0.005749688759253809,0.0003727787641068714,0.004256539849304894,0.00463139353988398
plain_s4_test_saved_ord,plain,4,test_probe,saved,ordinary,top2,0.005248837771511775,0.005147725881267032,0.00512494369804234,0.0004051961844384435,0.004256539849304894,0.00463139353988398
plain_s4_test_saved_ord,plain,4,test_probe,saved,ordinary,min,0.0043512248154713015,0.004364338480806162,0.004345786380024728,0.0004025248950798933,0.004256539849304894,0.00463139353988398
plain_s4_test_saved_rel,plain,4,test_probe,saved,relative,top1,0.006144129205180003,0.005998674852093464,0.005909092310353154,0.0015813815127033203,0.004256539849304894,0.00463139353988398
plain_s4_test_saved_rel,plain,4,test_probe,saved,relative,top2,0.005484298582045707,0.005275577859031368,0.0051684221762197165,0.0019173765244229436,0.004256539849304894,0.00463139353988398
plain_s4_test_saved_rel,plain,4,test_probe,saved,relative,min,0.004375304818248521,0.004316860095815744,0.004239354325277241,0.0018786915795301847,0.004256539849304894,0.00463139353988398
plain_s4_test_centre_frozen_ord,plain,4,test_probe,centre_frozen,ordinary,top1,0.005842340369208014,0.00580564458690808,0.005785514683429347,0.00038547700961029385,0.004256539849304894,0.00463139353988398
plain_s4_test_centre_frozen_ord,plain,4,test_probe,centre_frozen,ordinary,top2,0.00553495375700365,0.005434324086810556,0.0054098069330229944,0.00042470807128157606,0.004256539849304894,0.00463139353988398
plain_s4_test_centre_frozen_ord,plain,4,test_probe,centre_frozen,ordinary,min,0.003599096946288629,0.003607301976321147,0.0035867366987109408,0.0004149895123166262,0.004256539849304894,0.00463139353988398
plain_s4_test_centre_frozen_rel,plain,4,test_probe,centre_frozen,relative,top1,0.006108257374805886,0.005985240735798777,0.005903714284220717,0.001531201890726932,0.004256539849304894,0.00463139353988398
plain_s4_test_centre_frozen_rel,plain,4,test_probe,centre_frozen,relative,top2,0.005801619289284588,0.005599103403461699,0.005491348412133292,0.001927550357284243,0.004256539849304894,0.00463139353988398
plain_s4_test_centre_frozen_rel,plain,4,test_probe,centre_frozen,relative,min,0.0036583216640687383,0.003586143575421279,0.003504233814629813,0.0018998346696115825,0.004256539849304894,0.00463139353988398
resolution_s0_train_saved_ord,resolution_max_b1,0,train_probe,saved,ordinary,top1,0.007027712319797282,0.007003732541402755,0.006967961382159137,0.0008523732998949899,0.004256539849304894,0.004567041184895761
resolution_s0_train_saved_ord,resolution_max_b1,0,train_probe,saved,ordinary,top2,0.006362739342180604,0.006312460632397785,0.0062370725583459396,0.0015161324700939188,0.004256539849304894,0.004567041184895761
resolution_s0_train_saved_ord,resolution_max_b1,0,train_probe,saved,ordinary,min,0.006380492249964998,0.006362752748839759,0.006342946645916745,0.0006385758847422753,0.004256539849304894,0.004567041184895761
resolution_s0_train_saved_rel,resolution_max_b1,0,train_probe,saved,relative,top1,0.007171744251001612,0.00709287975191799,0.006978359510957779,0.002743460183669058,0.004256539849304894,0.004567041184895761
resolution_s0_train_saved_rel,resolution_max_b1,0,train_probe,saved,relative,top2,0.006615130802617222,0.0064400497419434795,0.00619267722682762,0.005018499930764172,0.004256539849304894,0.004567041184895761
resolution_s0_train_saved_rel,resolution_max_b1,0,train_probe,saved,relative,min,0.006560950217151886,0.0064557985975751365,0.00637879530937052,0.0020550862801335164,0.004256539849304894,0.004567041184895761
resolution_s0_train_centre_frozen_ord,resolution_max_b1,0,train_probe,centre_frozen,ordinary,top1,0.007018968441646179,0.006987040841274642,0.006948512234580102,0.0008784329431866768,0.004256539849304894,0.004567041184895761
resolution_s0_train_centre_frozen_ord,resolution_max_b1,0,train_probe,centre_frozen,ordinary,top2,0.006384671071151831,0.0063606804409784955,0.006285557591790885,0.001545594687589078,0.004256539849304894,0.004567041184895761
resolution_s0_train_centre_frozen_ord,resolution_max_b1,0,train_probe,centre_frozen,ordinary,min,0.005763107549144932,0.005701545023585505,0.005679556555853575,0.0009007334938662658,0.004256539849304894,0.004567041184895761
resolution_s0_train_centre_frozen_rel,resolution_max_b1,0,train_probe,centre_frozen,relative,top1,0.007185489149993952,0.007094014754913766,0.0069728608190363,0.0027966401895972892,0.004256539849304894,0.004567041184895761
resolution_s0_train_centre_frozen_rel,resolution_max_b1,0,train_probe,centre_frozen,relative,top2,0.006635396259206755,0.006516311845235798,0.006291478322127392,0.004784681062795001,0.004256539849304894,0.004567041184895761
resolution_s0_train_centre_frozen_rel,resolution_max_b1,0,train_probe,centre_frozen,relative,min,0.005996300550809597,0.0058798759470540946,0.005829355030732097,0.0025530141237536065,0.004256539849304894,0.004567041184895761
resolution_s0_test_saved_ord,resolution_max_b1,0,test_probe,saved,ordinary,top1,0.007102181351599253,0.007073092036712534,0.007034842561639658,0.0008990505700773141,0.004256539849304894,0.004567041184895761
resolution_s0_test_saved_ord,resolution_max_b1,0,test_probe,saved,ordinary,top2,0.006192579408029904,0.006130656055887765,0.0060524904363801766,0.0015421504788071289,0.004256539849304894,0.004567041184895761
resolution_s0_test_saved_ord,resolution_max_b1,0,test_probe,saved,ordinary,min,0.007311240848124115,0.007447392198319176,0.007424100910564666,0.0004867745141670076,0.004256539849304894,0.004567041184895761
resolution_s0_test_saved_rel,resolution_max_b1,0,test_probe,saved,relative,top1,0.00725646965336987,0.00717165206894612,0.007048595084753277,0.0029002715296286433,0.004256539849304894,0.004567041184895761
resolution_s0_test_saved_rel,resolution_max_b1,0,test_probe,saved,relative,top2,0.006531482213986298,0.0063249915237981605,0.006061952064151823,0.005193681646571801,0.004256539849304894,0.004567041184895761
resolution_s0_test_saved_rel,resolution_max_b1,0,test_probe,saved,relative,min,0.007110111697874937,0.007183588469206107,0.007110770029282192,0.0016689425297404714,0.004256539849304894,0.004567041184895761
resolution_s0_test_centre_frozen_ord,resolution_max_b1,0,test_probe,centre_frozen,ordinary,top1,0.007128502806461553,0.007093665666289949,0.007053339285055329,0.0009152023658566789,0.004256539849304894,0.004567041184895761
resolution_s0_test_centre_frozen_ord,resolution_max_b1,0,test_probe,centre_frozen,ordinary,top2,0.0061808994626822164,0.0061364217074764095,0.006059224000952543,0.0015648232838233473,0.004256539849304894,0.004567041184895761
resolution_s0_test_centre_frozen_ord,resolution_max_b1,0,test_probe,centre_frozen,ordinary,min,0.0064459793247924,0.006537321364118503,0.006500466903330292,0.0005873366345090338,0.004256539849304894,0.004567041184895761
resolution_s0_test_centre_frozen_rel,resolution_max_b1,0,test_probe,centre_frozen,relative,top1,0.007299717020664996,0.007205474326203099,0.0070768216394023215,0.002943245075020166,0.004256539849304894,0.004567041184895761
resolution_s0_test_centre_frozen_rel,resolution_max_b1,0,test_probe,centre_frozen,relative,top2,0.006480123509433616,0.006311730929257409,0.0060675285761807255,0.005042934782468736,0.004256539849304894,0.004567041184895761
resolution_s0_test_centre_frozen_rel,resolution_max_b1,0,test_probe,centre_frozen,relative,min,0.006364939404272381,0.006343730817084514,0.006226330668681553,0.0019502642972491393,0.004256539849304894,0.004567041184895761
resolution_s1_train_saved_ord,resolution_max_b1,1,train_probe,saved,ordinary,top1,0.007653816354944918,0.007592704885831606,0.0075396164182932645,0.0010709151935947465,0.004256539849304894,0.004514150103926055
resolution_s1_train_saved_ord,resolution_max_b1,1,train_probe,saved,ordinary,top2,0.008118793107496408,0.008109607970199778,0.008064469741386129,0.0009354326996251161,0.004256539849304894,0.004514150103926055
resolution_s1_train_saved_ord,resolution_max_b1,1,train_probe,saved,ordinary,min,0.004288894368745835,0.004270912844544525,0.004233491746942723,0.001330659590431264,0.004256539849304894,0.004514150103926055
resolution_s1_train_saved_rel,resolution_max_b1,1,train_probe,saved,relative,top1,0.007937198886202727,0.007779262989814161,0.007614372189961555,0.00337498595156624,0.004256539849304894,0.004514150103926055
resolution_s1_train_saved_rel,resolution_max_b1,1,train_probe,saved,relative,top2,0.008282174704462814,0.008196992835092691,0.008049721612569194,0.0030551130607527903,0.004256539849304894,0.004514150103926055
resolution_s1_train_saved_rel,resolution_max_b1,1,train_probe,saved,relative,min,0.004696080104278306,0.004537463843879164,0.004405019379178955,0.004284579865853943,0.004256539849304894,0.004514150103926055
resolution_s1_train_centre_frozen_ord,resolution_max_b1,1,train_probe,centre_frozen,ordinary,top1,0.007241965941692124,0.0071721507924711195,0.007112728374929666,0.0011766264437407935,0.004256539849304894,0.004514150103926055
resolution_s1_train_centre_frozen_ord,resolution_max_b1,1,train_probe,centre_frozen,ordinary,top2,0.00864697297389551,0.008635428131443863,0.008598571642616114,0.0008284663480536309,0.004256539849304894,0.004514150103926055
resolution_s1_train_centre_frozen_ord,resolution_max_b1,1,train_probe,centre_frozen,ordinary,min,0.004211321078957348,0.004195720262279006,0.004154663268364603,0.001488417569961611,0.004256539849304894,0.004514150103926055
resolution_s1_train_centre_frozen_rel,resolution_max_b1,1,train_probe,centre_frozen,relative,top1,0.007532122202174124,0.0073607005504491355,0.007190429009183843,0.0034452148594811124,0.004256539849304894,0.004514150103926055
resolution_s1_train_centre_frozen_rel,resolution_max_b1,1,train_probe,centre_frozen,relative,top2,0.008825882851731215,0.008750094424198227,0.008616907970802017,0.0030060861849826185,0.004256539849304894,0.004514150103926055
resolution_s1_train_centre_frozen_rel,resolution_max_b1,1,train_probe,centre_frozen,relative,min,0.004415528452624135,0.004344233411978126,0.004232543180642048,0.004480909235486648,0.004256539849304894,0.004514150103926055
resolution_s1_test_saved_ord,resolution_max_b1,1,test_probe,saved,ordinary,top1,0.00827542019647586,0.008284295330235102,0.008243397412421642,0.0008749523083475038,0.004256539849304894,0.004514150103926055
resolution_s1_test_saved_ord,resolution_max_b1,1,test_probe,saved,ordinary,top2,0.007410837976241645,0.007340384205700484,0.007288194243791925,0.0010939497060738384,0.004256539849304894,0.004514150103926055
resolution_s1_test_saved_ord,resolution_max_b1,1,test_probe,saved,ordinary,min,0.004725710948301423,0.004614798360627216,0.004493182367583977,0.0016134314079927618,0.004256539849304894,0.004514150103926055
resolution_s1_test_saved_rel,resolution_max_b1,1,test_probe,saved,relative,top1,0.008424594021784837,0.008365926939173426,0.008230872496431105,0.002899754272571072,0.004256539849304894,0.004514150103926055
resolution_s1_test_saved_rel,resolution_max_b1,1,test_probe,saved,relative,top2,0.007683795561414337,0.007506819742785223,0.007351083154306954,0.003340557241676152,0.004256539849304894,0.004514150103926055
resolution_s1_test_saved_rel,resolution_max_b1,1,test_probe,saved,relative,min,0.005492989025558534,0.005138314252315053,0.004707442246299409,0.005801242260189886,0.004256539849304894,0.004514150103926055
resolution_s1_test_centre_frozen_ord,resolution_max_b1,1,test_probe,centre_frozen,ordinary,top1,0.007272113150834076,0.007212803348407558,0.007156503189969477,0.0011475607818134306,0.004256539849304894,0.004514150103926055
resolution_s1_test_centre_frozen_ord,resolution_max_b1,1,test_probe,centre_frozen,ordinary,top2,0.008602383457244652,0.008594758124554498,0.008558774669138833,0.0008139506588945728,0.004256539849304894,0.004514150103926055
resolution_s1_test_centre_frozen_ord,resolution_max_b1,1,test_probe,centre_frozen,ordinary,min,0.0047449950060727145,0.004617013566189652,0.004561663635016656,0.001144945056177258,0.004256539849304894,0.004514150103926055
resolution_s1_test_centre_frozen_rel,resolution_max_b1,1,test_probe,centre_frozen,relative,top1,0.007538386779596116,0.007366748895062908,0.007207941931626506,0.003289402181373963,0.004256539849304894,0.004514150103926055
resolution_s1_test_centre_frozen_rel,resolution_max_b1,1,test_probe,centre_frozen,relative,top2,0.008772012902838487,0.008710003241621675,0.008584820851873568,0.002914973504880868,0.004256539849304894,0.004514150103926055
resolution_s1_test_centre_frozen_rel,resolution_max_b1,1,test_probe,centre_frozen,relative,min,0.005256683674018467,0.004975992153337555,0.0047904225912940995,0.0034895146821172047,0.004256539849304894,0.004514150103926055
resolution_s2_train_saved_ord,resolution_max_b1,2,train_probe,saved,ordinary,top1,0.00784487447607638,0.007723261606037543,0.007679499306090659,0.0009600238393320792,0.004256539849304894,0.004641726961994496
resolution_s2_train_saved_ord,resolution_max_b1,2,train_probe,saved,ordinary,top2,0.006822234073580079,0.00657346002616514,0.006476158633506454,0.0016207103443651547,0.004256539849304894,0.004641726961994496
resolution_s2_train_saved_ord,resolution_max_b1,2,train_probe,saved,ordinary,min,0.004109071278884219,0.004034166763963296,0.003983895156875468,0.000982166407527903,0.004256539849304894,0.004641726961994496
resolution_s2_train_saved_rel,resolution_max_b1,2,train_probe,saved,relative,top1,0.008387830405211615,0.008160864782082089,0.00802668938858594,0.003088261818760044,0.004256539849304894,0.004641726961994496
resolution_s2_train_saved_rel,resolution_max_b1,2,train_probe,saved,relative,top2,0.007364879676790882,0.007012455506729584,0.0067809264372774925,0.004294638368160931,0.004256539849304894,0.004641726961994496
resolution_s2_train_saved_rel,resolution_max_b1,2,train_probe,saved,relative,min,0.004422251463465349,0.004204950038186893,0.004024313222240106,0.00303291527041578,0.004256539849304894,0.004641726961994496
resolution_s2_train_centre_frozen_ord,resolution_max_b1,2,train_probe,centre_frozen,ordinary,top1,0.0076633405312210795,0.007554124457257197,0.007505736736458141,0.0010211813628368573,0.004256539849304894,0.004641726961994496
resolution_s2_train_centre_frozen_ord,resolution_max_b1,2,train_probe,centre_frozen,ordinary,top2,0.007064043949630392,0.006812617428001011,0.006719498748627223,0.0015715149307910243,0.004256539849304894,0.004641726961994496
resolution_s2_train_centre_frozen_ord,resolution_max_b1,2,train_probe,centre_frozen,ordinary,min,0.0038454548941948153,0.0037469065842522962,0.003671123518855233,0.0015222820711110548,0.004256539849304894,0.004641726961994496
resolution_s2_train_centre_frozen_rel,resolution_max_b1,2,train_probe,centre_frozen,relative,top1,0.008154625411988883,0.00794787011963186,0.0078080001364032574,0.003125905907162206,0.004256539849304894,0.004641726961994496
resolution_s2_train_centre_frozen_rel,resolution_max_b1,2,train_probe,centre_frozen,relative,top2,0.007637582696203478,0.007275144791744203,0.007047485106153704,0.004327523552249,0.004256539849304894,0.004641726961994496
resolution_s2_train_centre_frozen_rel,resolution_max_b1,2,train_probe,centre_frozen,relative,min,0.0042690721709555636,0.00402709580352501,0.003785802497401467,0.004612003979432031,0.004256539849304894,0.004641726961994496
resolution_s2_test_saved_ord,resolution_max_b1,2,test_probe,saved,ordinary,top1,0.006610854424563955,0.006507712545004401,0.00646319787417438,0.0010612867724623025,0.004256539849304894,0.004641726961994496
resolution_s2_test_saved_ord,resolution_max_b1,2,test_probe,saved,ordinary,top2,0.0075139306900811505,0.007239074394209797,0.007188055050035348,0.001049111694842235,0.004256539849304894,0.004641726961994496
resolution_s2_test_saved_ord,resolution_max_b1,2,test_probe,saved,ordinary,min,0.003686264705704295,0.0036648404455322968,0.0036486836953817155,0.000804349517243837,0.004256539849304894,0.004641726961994496
resolution_s2_test_saved_rel,resolution_max_b1,2,test_probe,saved,relative,top1,0.007015715553062002,0.006827945624108395,0.006698636095890297,0.003187353412315085,0.004256539849304894,0.004641726961994496
resolution_s2_test_saved_rel,resolution_max_b1,2,test_probe,saved,relative,top2,0.00822012948100159,0.007820167055973134,0.0076398353883448695,0.0037366844400335917,0.004256539849304894,0.004641726961994496
resolution_s2_test_saved_rel,resolution_max_b1,2,test_probe,saved,relative,min,0.0038038595738507015,0.003717183528779937,0.003655122915341517,0.003060578744108257,0.004256539849304894,0.004641726961994496
resolution_s2_test_centre_frozen_ord,resolution_max_b1,2,test_probe,centre_frozen,ordinary,top1,0.006522112277184758,0.006421068316240889,0.006374737022075542,0.0010833472054633513,0.004256539849304894,0.004641726961994496
resolution_s2_test_centre_frozen_ord,resolution_max_b1,2,test_probe,centre_frozen,ordinary,top2,0.007541302173791571,0.0072769886319879835,0.007230292582699705,0.0009924821363672851,0.004256539849304894,0.004641726961994496
resolution_s2_test_centre_frozen_ord,resolution_max_b1,2,test_probe,centre_frozen,ordinary,min,0.003947902401503106,0.003956212446423436,0.003942566769927103,0.0008289611619339823,0.004256539849304894,0.004641726961994496
resolution_s2_test_centre_frozen_rel,resolution_max_b1,2,test_probe,centre_frozen,relative,top1,0.00689431290510716,0.006713951235853101,0.006581598630640743,0.0032046242855424388,0.004256539849304894,0.004641726961994496
resolution_s2_test_centre_frozen_rel,resolution_max_b1,2,test_probe,centre_frozen,relative,top2,0.008273009269291922,0.007881384112682407,0.00770962871417368,0.0036857946006726137,0.004256539849304894,0.004641726961994496
resolution_s2_test_centre_frozen_rel,resolution_max_b1,2,test_probe,centre_frozen,relative,min,0.004028521049898799,0.003978552667333219,0.003932478799950781,0.0030911895210680553,0.004256539849304894,0.004641726961994496
resolution_s3_train_saved_ord,resolution_max_b1,3,train_probe,saved,ordinary,top1,0.007807937990878562,0.007692863757237703,0.007630987263452746,0.0011099231673707532,0.004256539849304894,0.0046382815357091005
resolution_s3_train_saved_ord,resolution_max_b1,3,train_probe,saved,ordinary,top2,0.007727718339535647,0.007635843501642149,0.0074383665082058195,0.002786954712164654,0.004256539849304894,0.0046382815357091005
resolution_s3_train_saved_ord,resolution_max_b1,3,train_probe,saved,ordinary,min,0.003791786811155701,0.0037831844511173433,0.0037492492533211185,0.0013840396265281786,0.004256539849304894,0.0046382815357091005
resolution_s3_train_saved_rel,resolution_max_b1,3,train_probe,saved,relative,top1,0.008334850137280022,0.008075584999465969,0.007904564249350687,0.00321658069267281,0.004256539849304894,0.0046382815357091005
resolution_s3_train_saved_rel,resolution_max_b1,3,train_probe,saved,relative,top2,0.008385250968003341,0.008179834832232937,0.0077897289223357175,0.00588231181953995,0.004256539849304894,0.0046382815357091005
resolution_s3_train_saved_rel,resolution_max_b1,3,train_probe,saved,relative,min,0.0038751337420582337,0.003796037452282542,0.003687323543587904,0.004376710150631677,0.004256539849304894,0.0046382815357091005
resolution_s3_train_centre_frozen_ord,resolution_max_b1,3,train_probe,centre_frozen,ordinary,top1,0.0077701727173845785,0.00766146559096774,0.007599860560235922,0.0011284943651084791,0.004256539849304894,0.0046382815357091005
resolution_s3_train_centre_frozen_ord,resolution_max_b1,3,train_probe,centre_frozen,ordinary,top2,0.008157683910620377,0.008071874653485224,0.007874446995289226,0.002744305774602353,0.004256539849304894,0.0046382815357091005
resolution_s3_train_centre_frozen_ord,resolution_max_b1,3,train_probe,centre_frozen,ordinary,min,0.005067823562751776,0.005025091910811661,0.004934024184036871,0.0013936655164686596,0.004256539849304894,0.0046382815357091005
resolution_s3_train_centre_frozen_rel,resolution_max_b1,3,train_probe,centre_frozen,relative,top1,0.00828973698821131,0.008038714081896424,0.007867298882206273,0.0032733712922050594,0.004256539849304894,0.0046382815357091005
resolution_s3_train_centre_frozen_rel,resolution_max_b1,3,train_probe,centre_frozen,relative,top2,0.008694514297732875,0.008506005067358614,0.008125709148728563,0.005684639980796003,0.004256539849304894,0.0046382815357091005
resolution_s3_train_centre_frozen_rel,resolution_max_b1,3,train_probe,centre_frozen,relative,min,0.0053734900804135325,0.005183940299689104,0.004895659347012182,0.004765216752155283,0.004256539849304894,0.0046382815357091005
resolution_s3_test_saved_ord,resolution_max_b1,3,test_probe,saved,ordinary,top1,0.006683101518605198,0.0065962038200082646,0.006547917812290602,0.0010690779241681984,0.004256539849304894,0.0046382815357091005
resolution_s3_test_saved_ord,resolution_max_b1,3,test_probe,saved,ordinary,top2,0.0064631204578665,0.006481258946495738,0.006430389434313621,0.0011082567048062934,0.004256539849304894,0.0046382815357091005
resolution_s3_test_saved_ord,resolution_max_b1,3,test_probe,saved,ordinary,min,0.0043385252817954405,0.004318159679226049,0.004262928393069731,0.0009319523477585553,0.004256539849304894,0.0046382815357091005
resolution_s3_test_saved_rel,resolution_max_b1,3,test_probe,saved,relative,top1,0.007138097506079036,0.006910932547591581,0.006765137842921014,0.003286254108020327,0.004256539849304894,0.0046382815357091005
resolution_s3_test_saved_rel,resolution_max_b1,3,test_probe,saved,relative,top2,0.006553903636710605,0.006389822462436743,0.006197427598508621,0.004221582519895348,0.004256539849304894,0.0046382815357091005
resolution_s3_test_saved_rel,resolution_max_b1,3,test_probe,saved,relative,min,0.0045211438146748354,0.004405363503818157,0.004245915229342878,0.0030682316841737925,0.004256539849304894,0.0046382815357091005
resolution_s3_test_centre_frozen_ord,resolution_max_b1,3,test_probe,centre_frozen,ordinary,top1,0.006644715748906282,0.0065595827944324465,0.006509014582344003,0.0011065520164694749,0.004256539849304894,0.0046382815357091005
resolution_s3_test_centre_frozen_ord,resolution_max_b1,3,test_probe,centre_frozen,ordinary,top2,0.006539576843850981,0.006553762069892499,0.006501472790128145,0.0011054998515894377,0.004256539849304894,0.0046382815357091005
resolution_s3_test_centre_frozen_ord,resolution_max_b1,3,test_probe,centre_frozen,ordinary,min,0.005009942894062126,0.0049791684812828104,0.004951645636064081,0.000992727133741552,0.004256539849304894,0.0046382815357091005
resolution_s3_test_centre_frozen_rel,resolution_max_b1,3,test_probe,centre_frozen,relative,top1,0.007091585606991139,0.006867597017263092,0.006716389497338341,0.0033741220645469513,0.004256539849304894,0.0046382815357091005
resolution_s3_test_centre_frozen_rel,resolution_max_b1,3,test_probe,centre_frozen,relative,top2,0.006676260545710253,0.006507025669573803,0.0063115804226332025,0.004202548656076284,0.004256539849304894,0.0046382815357091005
resolution_s3_test_centre_frozen_rel,resolution_max_b1,3,test_probe,centre_frozen,relative,min,0.005513438973300168,0.005429644262300355,0.005355255549468594,0.0029928519567608276,0.004256539849304894,0.0046382815357091005
resolution_s4_train_saved_ord,resolution_max_b1,4,train_probe,saved,ordinary,top1,0.005785572928494658,0.005742235387544671,0.005688534600542532,0.000978167053487038,0.004256539849304894,0.004568874352030301
resolution_s4_train_saved_ord,resolution_max_b1,4,train_probe,saved,ordinary,top2,0.007989256260237594,0.008013333323532483,0.007958136032861732,0.0011009988599592496,0.004256539849304894,0.004568874352030301
resolution_s4_train_saved_ord,resolution_max_b1,4,train_probe,saved,ordinary,min,0.004449115821115695,0.004382022498898847,0.004352331661193153,0.0010874702699233175,0.004256539849304894,0.004568874352030301
resolution_s4_train_saved_rel,resolution_max_b1,4,train_probe,saved,relative,top1,0.006003935552707644,0.005879090304885934,0.00572232941208442,0.0028993499318587146,0.004256539849304894,0.004568874352030301
resolution_s4_train_saved_rel,resolution_max_b1,4,train_probe,saved,relative,top2,0.008826898499187384,0.00869806629979781,0.00852954114908535,0.0033666292987980986,0.004256539849304894,0.004568874352030301
resolution_s4_train_saved_rel,resolution_max_b1,4,train_probe,saved,relative,min,0.00466281615918169,0.004528874036648532,0.004431011429681797,0.003269863703242991,0.004256539849304894,0.004568874352030301
resolution_s4_train_centre_frozen_ord,resolution_max_b1,4,train_probe,centre_frozen,ordinary,top1,0.005837978812183856,0.005793499916311664,0.005742641472454176,0.0009912336714881002,0.004256539849304894,0.004568874352030301
resolution_s4_train_centre_frozen_ord,resolution_max_b1,4,train_probe,centre_frozen,ordinary,top2,0.007575973134476973,0.007635843482364988,0.007581885416892389,0.0011013571772562,0.004256539849304894,0.004568874352030301
resolution_s4_train_centre_frozen_ord,resolution_max_b1,4,train_probe,centre_frozen,ordinary,min,0.004507871368945914,0.00444867086947411,0.004396046673835289,0.0010811225288153855,0.004256539849304894,0.004568874352030301
resolution_s4_train_centre_frozen_rel,resolution_max_b1,4,train_probe,centre_frozen,relative,top1,0.006045654992488871,0.005928013740633362,0.005782438926178405,0.0028640166430619674,0.004256539849304894,0.004568874352030301
resolution_s4_train_centre_frozen_rel,resolution_max_b1,4,train_probe,centre_frozen,relative,top2,0.007928361252265056,0.007870638608930398,0.007692071897139426,0.0036818994255560875,0.004256539849304894,0.004568874352030301
resolution_s4_train_centre_frozen_rel,resolution_max_b1,4,train_probe,centre_frozen,relative,min,0.004778326307429841,0.004629635279871048,0.004463268725745561,0.003494975654231164,0.004256539849304894,0.004568874352030301
resolution_s4_test_saved_ord,resolution_max_b1,4,test_probe,saved,ordinary,top1,0.0059985725887586215,0.005963841040687158,0.005924343816752347,0.0008316663248262616,0.004256539849304894,0.004568874352030301
resolution_s4_test_saved_ord,resolution_max_b1,4,test_probe,saved,ordinary,top2,0.006481667027887091,0.0064885619302761524,0.006427597339364885,0.001191592843154095,0.004256539849304894,0.004568874352030301
resolution_s4_test_saved_ord,resolution_max_b1,4,test_probe,saved,ordinary,min,0.004184530017484017,0.00409378592233382,0.0040453091474101826,0.0010766265898030534,0.004256539849304894,0.004568874352030301
resolution_s4_test_saved_rel,resolution_max_b1,4,test_probe,saved,relative,top1,0.0062033959146619725,0.0060953089470772775,0.005974357140959138,0.002569948973365171,0.004256539849304894,0.004568874352030301
resolution_s4_test_saved_rel,resolution_max_b1,4,test_probe,saved,relative,top2,0.0067228563044916725,0.0065961904358771166,0.006398749122213601,0.003841808171484086,0.004256539849304894,0.004568874352030301
resolution_s4_test_saved_rel,resolution_max_b1,4,test_probe,saved,relative,min,0.004491266241912779,0.004294649673607977,0.004129201631732033,0.0035990813201600045,0.004256539849304894,0.004568874352030301
resolution_s4_test_centre_frozen_ord,resolution_max_b1,4,test_probe,centre_frozen,ordinary,top1,0.005873644200138964,0.005837586058374143,0.005795998064361174,0.0008931772370973142,0.004256539849304894,0.004568874352030301
resolution_s4_test_centre_frozen_ord,resolution_max_b1,4,test_probe,centre_frozen,ordinary,top2,0.007044835233168032,0.007051497508418508,0.00699460196739252,0.0011869676605005648,0.004256539849304894,0.004568874352030301
resolution_s4_test_centre_frozen_ord,resolution_max_b1,4,test_probe,centre_frozen,ordinary,min,0.004949458627222905,0.004819994587138292,0.004729600194019804,0.0012444619357433644,0.004256539849304894,0.004568874352030301
resolution_s4_test_centre_frozen_rel,resolution_max_b1,4,test_probe,centre_frozen,relative,top1,0.0060730837074706775,0.005967588278196293,0.0058457916172446455,0.0026479035769140027,0.004256539849304894,0.004568874352030301
resolution_s4_test_centre_frozen_rel,resolution_max_b1,4,test_probe,centre_frozen,relative,top2,0.007178540527593976,0.007080154342653371,0.006910200084114607,0.003639726377730779,0.004256539849304894,0.004568874352030301
resolution_s4_test_centre_frozen_rel,resolution_max_b1,4,test_probe,centre_frozen,relative,min,0.005575092555302939,0.005213330236676079,0.004881291080689204,0.004051987309152344,0.004256539849304894,0.004568874352030301
gaussian_s0_train_saved_ord,gaussian_postrelu,0,train_probe,saved,ordinary,top1,0.005678442153471905,0.005643013421807524,0.005589674149336452,0.0010976146287383925,0.004256539849304894,0.004710878724783962
gaussian_s0_train_saved_ord,gaussian_postrelu,0,train_probe,saved,ordinary,top2,0.006941050638824722,0.006850652567815762,0.006750396060065152,0.0015317901806628314,0.004256539849304894,0.004710878724783962
gaussian_s0_train_saved_ord,gaussian_postrelu,0,train_probe,saved,ordinary,min,0.004365266071567909,0.004341415007205205,0.004322401353834906,0.000814066479979122,0.004256539849304894,0.004710878724783962
gaussian_s0_train_saved_rel,gaussian_postrelu,0,train_probe,saved,relative,top1,0.006135106765358981,0.005803674114425252,0.00562718789099803,0.0036298794593880475,0.004256539849304894,0.004710878724783962
gaussian_s0_train_saved_rel,gaussian_postrelu,0,train_probe,saved,relative,top2,0.007442516371775068,0.007132285023359453,0.006883937374872259,0.004021997406564555,0.004256539849304894,0.004710878724783962
gaussian_s0_train_saved_rel,gaussian_postrelu,0,train_probe,saved,relative,min,0.004575874409942302,0.004444095381586224,0.004379419197389637,0.00269071158329047,0.004256539849304894,0.004710878724783962
gaussian_s0_train_centre_frozen_ord,gaussian_postrelu,0,train_probe,centre_frozen,ordinary,top1,0.0056552870111262615,0.005617501072073877,0.005563498219551876,0.0010884269485660024,0.004256539849304894,0.004710878724783962
gaussian_s0_train_centre_frozen_ord,gaussian_postrelu,0,train_probe,centre_frozen,ordinary,top2,0.0068761556596211824,0.006797453182436463,0.006689545726214871,0.001605049326958148,0.004256539849304894,0.004710878724783962
gaussian_s0_train_centre_frozen_ord,gaussian_postrelu,0,train_probe,centre_frozen,ordinary,min,0.004310474104567646,0.004283761925718384,0.004258310949651745,0.0006536510373510193,0.004256539849304894,0.004710878724783962
gaussian_s0_train_centre_frozen_rel,gaussian_postrelu,0,train_probe,centre_frozen,relative,top1,0.0061221993950545325,0.005785740931279648,0.005605855306543359,0.003621144324865147,0.004256539849304894,0.004710878724783962
gaussian_s0_train_centre_frozen_rel,gaussian_postrelu,0,train_probe,centre_frozen,relative,top2,0.007360750758916714,0.007050593698350171,0.006785647126138441,0.004182926791119806,0.004256539849304894,0.004710878724783962
gaussian_s0_train_centre_frozen_rel,gaussian_postrelu,0,train_probe,centre_frozen,relative,min,0.004488316256672395,0.0043997859270166525,0.004324873390993675,0.0019944340531850716,0.004256539849304894,0.004710878724783962
gaussian_s0_test_saved_ord,gaussian_postrelu,0,test_probe,saved,ordinary,top1,0.007031116513148674,0.006937272134561873,0.006868845287408484,0.0012200960073275604,0.004256539849304894,0.004710878724783962
gaussian_s0_test_saved_ord,gaussian_postrelu,0,test_probe,saved,ordinary,top2,0.006048547005073789,0.005988878156443381,0.005944961280384027,0.0010730518263382428,0.004256539849304894,0.004710878724783962
gaussian_s0_test_saved_ord,gaussian_postrelu,0,test_probe,saved,ordinary,min,0.004390077127999533,0.004360356077382108,0.004339024580986831,0.0007434571385348537,0.004256539849304894,0.004710878724783962
gaussian_s0_test_saved_rel,gaussian_postrelu,0,test_probe,saved,relative,top1,0.007602999207064155,0.007239620957441697,0.007058305115178794,0.0032577996401958074,0.004256539849304894,0.004710878724783962
gaussian_s0_test_saved_rel,gaussian_postrelu,0,test_probe,saved,relative,top2,0.006496626963043657,0.006182076989632136,0.006035098786557553,0.003601212055697371,0.004256539849304894,0.004710878724783962
gaussian_s0_test_saved_rel,gaussian_postrelu,0,test_probe,saved,relative,min,0.004491716992199408,0.004396950790055982,0.004325584836268015,0.0023369800887335862,0.004256539849304894,0.004710878724783962
gaussian_s0_test_centre_frozen_ord,gaussian_postrelu,0,test_probe,centre_frozen,ordinary,top1,0.006857680730125772,0.006780059264064947,0.0067132930451151715,0.001222447595160687,0.004256539849304894,0.004710878724783962
gaussian_s0_test_centre_frozen_ord,gaussian_postrelu,0,test_probe,centre_frozen,ordinary,top2,0.006075929521513265,0.0060022832323336555,0.005959105964212878,0.0010277032602361987,0.004256539849304894,0.004710878724783962
gaussian_s0_test_centre_frozen_ord,gaussian_postrelu,0,test_probe,centre_frozen,ordinary,min,0.0041302192335743925,0.004066439547580979,0.004025478808923378,0.0008258985183947773,0.004256539849304894,0.004710878724783962
gaussian_s0_test_centre_frozen_rel,gaussian_postrelu,0,test_probe,centre_frozen,relative,top1,0.00750386390024101,0.007064733363534887,0.006884717672660405,0.0033280600572629803,0.004256539849304894,0.004710878724783962
gaussian_s0_test_centre_frozen_rel,gaussian_postrelu,0,test_probe,centre_frozen,relative,top2,0.006496422535482699,0.006220350600750663,0.006076850174275276,0.0034377209645395906,0.004256539849304894,0.004710878724783962
gaussian_s0_test_centre_frozen_rel,gaussian_postrelu,0,test_probe,centre_frozen,relative,min,0.004196618085604701,0.004086852516772993,0.003993716243623123,0.0023834132537769916,0.004256539849304894,0.004710878724783962
gaussian_s1_train_saved_ord,gaussian_postrelu,1,train_probe,saved,ordinary,top1,0.00700117090909837,0.00683346698099319,0.006780126069893964,0.0010515113928998001,0.004256539849304894,0.004695841019367086
gaussian_s1_train_saved_ord,gaussian_postrelu,1,train_probe,saved,ordinary,top2,0.006711336225278687,0.006585232471359727,0.0065345725988407944,0.0010650200732183685,0.004256539849304894,0.004695841019367086
gaussian_s1_train_saved_ord,gaussian_postrelu,1,train_probe,saved,ordinary,min,0.004559550976243118,0.004437080723651383,0.004386550005964194,0.0012283449212929151,0.004256539849304894,0.004695841019367086
gaussian_s1_train_saved_rel,gaussian_postrelu,1,train_probe,saved,relative,top1,0.007393563559811889,0.007216195942562919,0.00706823487785303,0.002922112017304356,0.004256539849304894,0.004695841019367086
gaussian_s1_train_saved_rel,gaussian_postrelu,1,train_probe,saved,relative,top2,0.007408707330247436,0.0069694155806213935,0.006818598701383465,0.0033372413239637307,0.004256539849304894,0.004695841019367086
gaussian_s1_train_saved_rel,gaussian_postrelu,1,train_probe,saved,relative,min,0.005100875879514943,0.004783074898172889,0.004620223401420547,0.003996861170867952,0.004256539849304894,0.004695841019367086
gaussian_s1_train_centre_frozen_ord,gaussian_postrelu,1,train_probe,centre_frozen,ordinary,top1,0.007019372418970836,0.006850128981570508,0.006797090154343091,0.0010797527426789774,0.004256539849304894,0.004695841019367086
gaussian_s1_train_centre_frozen_ord,gaussian_postrelu,1,train_probe,centre_frozen,ordinary,top2,0.006576687381490242,0.0064627357383584974,0.006408510202405389,0.0010956426308587433,0.004256539849304894,0.004695841019367086
gaussian_s1_train_centre_frozen_ord,gaussian_postrelu,1,train_probe,centre_frozen,ordinary,min,0.00427892617078341,0.004239061416687381,0.0042079885917527555,0.0013351026616022887,0.004256539849304894,0.004695841019367086
gaussian_s1_train_centre_frozen_rel,gaussian_postrelu,1,train_probe,centre_frozen,relative,top1,0.00744553037900034,0.007247618010345206,0.007108167523228608,0.0029069611883226192,0.004256539849304894,0.004695841019367086
gaussian_s1_train_centre_frozen_rel,gaussian_postrelu,1,train_probe,centre_frozen,relative,top2,0.007233154537663679,0.006814118428847687,0.006663113580309374,0.0033559517777215107,0.004256539849304894,0.004695841019367086
gaussian_s1_train_centre_frozen_rel,gaussian_postrelu,1,train_probe,centre_frozen,relative,min,0.004568296534097676,0.004387672034653295,0.004292587154283941,0.003774538056572634,0.004256539849304894,0.004695841019367086
gaussian_s1_test_saved_ord,gaussian_postrelu,1,test_probe,saved,ordinary,top1,0.00663192878451534,0.006492961848246064,0.006442803675463908,0.0010460436148644731,0.004256539849304894,0.004695841019367086
gaussian_s1_test_saved_ord,gaussian_postrelu,1,test_probe,saved,ordinary,top2,0.007039528036397146,0.006895569231700165,0.0068458048090246195,0.0011136393646292932,0.004256539849304894,0.004695841019367086
gaussian_s1_test_saved_ord,gaussian_postrelu,1,test_probe,saved,ordinary,min,0.004396073931595938,0.004347555769722372,0.004325049470500407,0.0010128204168340406,0.004256539849304894,0.004695841019367086
gaussian_s1_test_saved_rel,gaussian_postrelu,1,test_probe,saved,relative,top1,0.007050169356548321,0.006825496347886163,0.006688055706006416,0.002932230927542742,0.004256539849304894,0.004695841019367086
gaussian_s1_test_saved_rel,gaussian_postrelu,1,test_probe,saved,relative,top2,0.007823805521106758,0.007356238757774648,0.007219710692400861,0.0031802184803746756,0.004256539849304894,0.004695841019367086
gaussian_s1_test_saved_rel,gaussian_postrelu,1,test_probe,saved,relative,min,0.004598927806100952,0.004472901045932214,0.0044004403570246705,0.0033048830179340997,0.004256539849304894,0.004695841019367086
gaussian_s1_test_centre_frozen_ord,gaussian_postrelu,1,test_probe,centre_frozen,ordinary,top1,0.006677339090943068,0.006534311503278944,0.00648145648782439,0.0010955208333006574,0.004256539849304894,0.004695841019367086
gaussian_s1_test_centre_frozen_ord,gaussian_postrelu,1,test_probe,centre_frozen,ordinary,top2,0.006984178129079592,0.00685083913439923,0.006796612428254325,0.0011391829574254526,0.004256539849304894,0.004695841019367086
gaussian_s1_test_centre_frozen_ord,gaussian_postrelu,1,test_probe,centre_frozen,ordinary,min,0.0045466587964368265,0.004498005118084473,0.004447380748649093,0.001230689667660902,0.004256539849304894,0.004695841019367086
gaussian_s1_test_centre_frozen_rel,gaussian_postrelu,1,test_probe,centre_frozen,relative,top1,0.00709372060158739,0.006875820703921526,0.006740966856320585,0.002941254480089383,0.004256539849304894,0.004695841019367086
gaussian_s1_test_centre_frozen_rel,gaussian_postrelu,1,test_probe,centre_frozen,relative,top2,0.007741302625338446,0.007280066805817662,0.007140605387573134,0.003192798211012529,0.004256539849304894,0.004695841019367086
gaussian_s1_test_centre_frozen_rel,gaussian_postrelu,1,test_probe,centre_frozen,relative,min,0.004857854968327985,0.004623035604378245,0.004475727599039808,0.0035741792350870998,0.004256539849304894,0.004695841019367086
gaussian_s2_train_saved_ord,gaussian_postrelu,2,train_probe,saved,ordinary,top1,0.005470281854760699,0.005286058817007294,0.005225513496076133,0.0012241137839957281,0.004256539849304894,0.004819468246205299
gaussian_s2_train_saved_ord,gaussian_postrelu,2,train_probe,saved,ordinary,top2,0.007141999827725893,0.00691515640232292,0.006687273913732712,0.002821378879191279,0.004256539849304894,0.004819468246205299
gaussian_s2_train_saved_ord,gaussian_postrelu,2,train_probe,saved,ordinary,min,0.004294393808718681,0.0042621773729287805,0.004230170689496689,0.0007500166786879194,0.004256539849304894,0.004819468246205299
gaussian_s2_train_saved_rel,gaussian_postrelu,2,train_probe,saved,relative,top1,0.006125209447661112,0.005707955341074977,0.00554865792551561,0.003394670708883711,0.004256539849304894,0.004819468246205299
gaussian_s2_train_saved_rel,gaussian_postrelu,2,train_probe,saved,relative,top2,0.007970997779313004,0.0074795701073253245,0.0070282954218305535,0.005960256119166909,0.004256539849304894,0.004819468246205299
gaussian_s2_train_saved_rel,gaussian_postrelu,2,train_probe,saved,relative,min,0.004416761366423644,0.004328256583290583,0.004254801837983428,0.002160567282283001,0.004256539849304894,0.004819468246205299
gaussian_s2_train_centre_frozen_ord,gaussian_postrelu,2,train_probe,centre_frozen,ordinary,top1,0.00554677323458611,0.005373072636103837,0.005302988486540219,0.001326777745299027,0.004256539849304894,0.004819468246205299
gaussian_s2_train_centre_frozen_ord,gaussian_postrelu,2,train_probe,centre_frozen,ordinary,top2,0.006867998538795092,0.006638550009582171,0.006414311495079977,0.0028296060811664886,0.004256539849304894,0.004819468246205299
gaussian_s2_train_centre_frozen_ord,gaussian_postrelu,2,train_probe,centre_frozen,ordinary,min,0.0042463849201371485,0.004195002369108313,0.004168882774104905,0.0008708081752802163,0.004256539849304894,0.004819468246205299
gaussian_s2_train_centre_frozen_rel,gaussian_postrelu,2,train_probe,centre_frozen,relative,top1,0.006116656157822645,0.005744475636251485,0.005573365282871969,0.0034981705672180907,0.004256539849304894,0.004819468246205299
gaussian_s2_train_centre_frozen_rel,gaussian_postrelu,2,train_probe,centre_frozen,relative,top2,0.007734324856215319,0.007223533919093555,0.006768833380476287,0.006171270879855846,0.004256539849304894,0.004819468246205299
gaussian_s2_train_centre_frozen_rel,gaussian_postrelu,2,train_probe,centre_frozen,relative,min,0.004545271928990356,0.00434189062743585,0.00426317318378648,0.002381262595710663,0.004256539849304894,0.004819468246205299
gaussian_s2_test_saved_ord,gaussian_postrelu,2,test_probe,saved,ordinary,top1,0.004955631307199875,0.004822572445365848,0.004762846874548206,0.0012374899368003869,0.004256539849304894,0.004819468246205299
gaussian_s2_test_saved_ord,gaussian_postrelu,2,test_probe,saved,ordinary,top2,0.007229405613242873,0.007062668212086889,0.006954113327747401,0.0016504915427705956,0.004256539849304894,0.004819468246205299
gaussian_s2_test_saved_ord,gaussian_postrelu,2,test_probe,saved,ordinary,min,0.004273661892154339,0.004232578958801518,0.004162970542189943,0.0010255994776208204,0.004256539849304894,0.004819468246205299
gaussian_s2_test_saved_rel,gaussian_postrelu,2,test_probe,saved,relative,top1,0.005454611955061436,0.0051379746649597114,0.0049844007280992735,0.003495368542230677,0.004256539849304894,0.004819468246205299
gaussian_s2_test_saved_rel,gaussian_postrelu,2,test_probe,saved,relative,top2,0.008400598053412001,0.007910410658039045,0.0076609812192874865,0.0042487583779524645,0.004256539849304894,0.004819468246205299
gaussian_s2_test_saved_rel,gaussian_postrelu,2,test_probe,saved,relative,min,0.004435715860977976,0.004346123584468281,0.004220129935365591,0.0032637396981237484,0.004256539849304894,0.004819468246205299
gaussian_s2_test_centre_frozen_ord,gaussian_postrelu,2,test_probe,centre_frozen,ordinary,top1,0.005026765991100827,0.004894608921486757,0.004831342703117643,0.0012959161850972672,0.004256539849304894,0.004819468246205299
gaussian_s2_test_centre_frozen_ord,gaussian_postrelu,2,test_probe,centre_frozen,ordinary,top2,0.006771052196876371,0.006617951976345876,0.006539219753007343,0.0014123822090266794,0.004256539849304894,0.004819468246205299
gaussian_s2_test_centre_frozen_ord,gaussian_postrelu,2,test_probe,centre_frozen,ordinary,min,0.004500342293375607,0.004461920729914138,0.0043834096304334515,0.0009182373311126799,0.004256539849304894,0.004819468246205299
gaussian_s2_test_centre_frozen_rel,gaussian_postrelu,2,test_probe,centre_frozen,relative,top1,0.005498857531464555,0.005196804048795351,0.005036631560689677,0.003597398781794392,0.004256539849304894,0.004819468246205299
gaussian_s2_test_centre_frozen_rel,gaussian_postrelu,2,test_probe,centre_frozen,relative,top2,0.007089160060789082,0.006637451181642627,0.006420594094334592,0.0042140914974839565,0.004256539849304894,0.004819468246205299
gaussian_s2_test_centre_frozen_rel,gaussian_postrelu,2,test_probe,centre_frozen,relative,min,0.004657669954693015,0.004508913745474892,0.00431173307158699,0.002894350797822426,0.004256539849304894,0.004819468246205299
gaussian_s3_train_saved_ord,gaussian_postrelu,3,train_probe,saved,ordinary,top1,0.005827571529583302,0.005788612359810307,0.0057328978253251605,0.0011036576043461693,0.004256539849304894,0.0048476401369842
gaussian_s3_train_saved_ord,gaussian_postrelu,3,train_probe,saved,ordinary,top2,0.007001958775539208,0.0069758918135277076,0.006804525061592259,0.002317718920942232,0.004256539849304894,0.0048476401369842
gaussian_s3_train_saved_ord,gaussian_postrelu,3,train_probe,saved,ordinary,min,0.0046907400374200554,0.004633371099257554,0.0045626389470202235,0.0011983949746597713,0.004256539849304894,0.0048476401369842
gaussian_s3_train_saved_rel,gaussian_postrelu,3,train_probe,saved,relative,top1,0.005879190740945908,0.005866642294918955,0.005706113586277946,0.003200328656042577,0.004256539849304894,0.0048476401369842
gaussian_s3_train_saved_rel,gaussian_postrelu,3,train_probe,saved,relative,top2,0.007517213021874196,0.007185110064795969,0.0068615705924774525,0.0047667156213509684,0.004256539849304894,0.0048476401369842
gaussian_s3_train_saved_rel,gaussian_postrelu,3,train_probe,saved,relative,min,0.0050764175033295505,0.004841399406781587,0.004617732257933185,0.0038428459825823836,0.004256539849304894,0.0048476401369842
gaussian_s3_train_centre_frozen_ord,gaussian_postrelu,3,train_probe,centre_frozen,ordinary,top1,0.005912000659008496,0.005874074281914622,0.005817236202587362,0.0011216374418003153,0.004256539849304894,0.0048476401369842
gaussian_s3_train_centre_frozen_ord,gaussian_postrelu,3,train_probe,centre_frozen,ordinary,top2,0.0070112285451319764,0.006985960524522408,0.006823206000010062,0.002254778909559329,0.004256539849304894,0.0048476401369842
gaussian_s3_train_centre_frozen_ord,gaussian_postrelu,3,train_probe,centre_frozen,ordinary,min,0.004720451267986549,0.004618865200429951,0.00455712580324129,0.0010704297823069548,0.004256539849304894,0.0048476401369842
gaussian_s3_train_centre_frozen_rel,gaussian_postrelu,3,train_probe,centre_frozen,relative,top1,0.005969467111096204,0.005955553994043142,0.005790989068122702,0.0032625664271401854,0.004256539849304894,0.0048476401369842
gaussian_s3_train_centre_frozen_rel,gaussian_postrelu,3,train_probe,centre_frozen,relative,top2,0.007511413404531018,0.007189476587948375,0.006882227742106557,0.004650364565852499,0.004256539849304894,0.0048476401369842
gaussian_s3_train_centre_frozen_rel,gaussian_postrelu,3,train_probe,centre_frozen,relative,min,0.005162948458304018,0.00492302393914264,0.004767090591749521,0.003399632703074986,0.004256539849304894,0.0048476401369842
gaussian_s3_test_saved_ord,gaussian_postrelu,3,test_probe,saved,ordinary,top1,0.005592499519067844,0.005533877879636551,0.005475205788539995,0.001104258400551463,0.004256539849304894,0.0048476401369842
gaussian_s3_test_saved_ord,gaussian_postrelu,3,test_probe,saved,ordinary,top2,0.007102342573295848,0.007042714358877607,0.00691483353983125,0.001831368036953732,0.004256539849304894,0.0048476401369842
gaussian_s3_test_saved_ord,gaussian_postrelu,3,test_probe,saved,ordinary,min,0.004379176840465437,0.004368892750103091,0.004339947178271809,0.0009415591183103324,0.004256539849304894,0.0048476401369842
gaussian_s3_test_saved_rel,gaussian_postrelu,3,test_probe,saved,relative,top1,0.005797314633413465,0.005686012218871317,0.005525346276565961,0.0031345360188269463,0.004256539849304894,0.0048476401369842
gaussian_s3_test_saved_rel,gaussian_postrelu,3,test_probe,saved,relative,top2,0.007679859828683401,0.007309515453278497,0.007052604773676589,0.004186437803533778,0.004256539849304894,0.0048476401369842
gaussian_s3_test_saved_rel,gaussian_postrelu,3,test_probe,saved,relative,min,0.004640934379520788,0.00443438742561946,0.004333456747959285,0.002887160250744026,0.004256539849304894,0.0048476401369842
gaussian_s3_test_centre_frozen_ord,gaussian_postrelu,3,test_probe,centre_frozen,ordinary,top1,0.005661812214710435,0.005614711974205875,0.005556999975484272,0.001112090355908162,0.004256539849304894,0.0048476401369842
gaussian_s3_test_centre_frozen_ord,gaussian_postrelu,3,test_probe,centre_frozen,ordinary,top2,0.007133005222888778,0.007063670189951203,0.006947987254491807,0.0016941965233663815,0.004256539849304894,0.0048476401369842
gaussian_s3_test_centre_frozen_ord,gaussian_postrelu,3,test_probe,centre_frozen,ordinary,min,0.004174754399914805,0.0041528923912162955,0.004129661718449941,0.0010009038037196631,0.004256539849304894,0.0048476401369842
gaussian_s3_test_centre_frozen_rel,gaussian_postrelu,3,test_probe,centre_frozen,relative,top1,0.0057502486759779085,0.005721594327018613,0.005564677605964587,0.003125395518953868,0.004256539849304894,0.0048476401369842
gaussian_s3_test_centre_frozen_rel,gaussian_postrelu,3,test_probe,centre_frozen,relative,top2,0.007704635835707157,0.00734972126693238,0.007102066964648186,0.004066537380743493,0.004256539849304894,0.0048476401369842
gaussian_s3_test_centre_frozen_rel,gaussian_postrelu,3,test_probe,centre_frozen,relative,min,0.004506026690287046,0.004260470462751002,0.004182134131324569,0.003104382758992515,0.004256539849304894,0.0048476401369842
gaussian_s4_train_saved_ord,gaussian_postrelu,4,train_probe,saved,ordinary,top1,0.005766397695496739,0.005650702772639343,0.0056027967096439184,0.0009180682384541563,0.004256539849304894,0.00475738713186306
gaussian_s4_train_saved_ord,gaussian_postrelu,4,train_probe,saved,ordinary,top2,0.006549832560071049,0.0064638453215251504,0.0062805520017290145,0.0024402602087544105,0.004256539849304894,0.00475738713186306
gaussian_s4_train_saved_ord,gaussian_postrelu,4,train_probe,saved,ordinary,min,0.004559307200002167,0.004501204973580945,0.004481478832782388,0.0009078691719466829,0.004256539849304894,0.00475738713186306
gaussian_s4_train_saved_rel,gaussian_postrelu,4,train_probe,saved,relative,top1,0.006456404868419822,0.005995741796586548,0.005870713487748003,0.002525818377368874,0.004256539849304894,0.00475738713186306
gaussian_s4_train_saved_rel,gaussian_postrelu,4,train_probe,saved,relative,top2,0.006950667078505442,0.006740863542721354,0.006342861820715151,0.005433653740543976,0.004256539849304894,0.00475738713186306
gaussian_s4_train_saved_rel,gaussian_postrelu,4,train_probe,saved,relative,min,0.004967317671081811,0.0046849160579300496,0.0046223986440255636,0.0030151917354752644,0.004256539849304894,0.00475738713186306
gaussian_s4_train_centre_frozen_ord,gaussian_postrelu,4,train_probe,centre_frozen,ordinary,top1,0.0057587845378133965,0.00566695945984181,0.005613940208270445,0.0009768711481640947,0.004256539849304894,0.00475738713186306
gaussian_s4_train_centre_frozen_ord,gaussian_postrelu,4,train_probe,centre_frozen,ordinary,top2,0.0067305941112244475,0.00666465135699928,0.006466973307182574,0.002642889517463596,0.004256539849304894,0.00475738713186306
gaussian_s4_train_centre_frozen_ord,gaussian_postrelu,4,train_probe,centre_frozen,ordinary,min,0.004455987608828254,0.0043785606501166915,0.0043399726793033055,0.0013445695032806638,0.004256539849304894,0.00475738713186306
gaussian_s4_train_centre_frozen_rel,gaussian_postrelu,4,train_probe,centre_frozen,relative,top1,0.006368178842848036,0.005950920022916161,0.00581971856992285,0.002603124174906587,0.004256539849304894,0.00475738713186306
gaussian_s4_train_centre_frozen_rel,gaussian_postrelu,4,train_probe,centre_frozen,relative,top2,0.0070139125164618175,0.0068788319799615106,0.006473247696145338,0.005591278207918344,0.004256539849304894,0.00475738713186306
gaussian_s4_train_centre_frozen_rel,gaussian_postrelu,4,train_probe,centre_frozen,relative,min,0.00498597846368911,0.0045752151232105,0.00442921123936909,0.004147433109221521,0.004256539849304894,0.00475738713186306
gaussian_s4_test_saved_ord,gaussian_postrelu,4,test_probe,saved,ordinary,top1,0.005772294450558812,0.005675643527384344,0.005625476005121189,0.0009622835042937731,0.004256539849304894,0.00475738713186306
gaussian_s4_test_saved_ord,gaussian_postrelu,4,test_probe,saved,ordinary,top2,0.0059692095655871314,0.005834896901322886,0.005714150015942925,0.0017525084192782446,0.004256539849304894,0.00475738713186306
gaussian_s4_test_saved_ord,gaussian_postrelu,4,test_probe,saved,ordinary,min,0.005038184240550178,0.004997184516564403,0.004966142925660289,0.0006547472613615779,0.004256539849304894,0.00475738713186306
gaussian_s4_test_saved_rel,gaussian_postrelu,4,test_probe,saved,relative,top1,0.006534919861411986,0.006026088823898221,0.005898833551831188,0.0026360898331660738,0.004256539849304894,0.00475738713186306
gaussian_s4_test_saved_rel,gaussian_postrelu,4,test_probe,saved,relative,top2,0.006482311106655035,0.006179855100842018,0.0058766671758464905,0.004731894372981776,0.004256539849304894,0.00475738713186306
gaussian_s4_test_saved_rel,gaussian_postrelu,4,test_probe,saved,relative,min,0.005457710482218988,0.005205893938323715,0.005099333407182237,0.0020134596339045625,0.004256539849304894,0.00475738713186306
gaussian_s4_test_centre_frozen_ord,gaussian_postrelu,4,test_probe,centre_frozen,ordinary,top1,0.005741021229301142,0.005663363989736453,0.005606407954892034,0.0010404814485027061,0.004256539849304894,0.00475738713186306
gaussian_s4_test_centre_frozen_ord,gaussian_postrelu,4,test_probe,centre_frozen,ordinary,top2,0.006434898368244221,0.006433084957543511,0.0063342106530393525,0.001469685351333304,0.004256539849304894,0.00475738713186306
gaussian_s4_test_centre_frozen_ord,gaussian_postrelu,4,test_probe,centre_frozen,ordinary,min,0.0044138620299330605,0.004366850741960072,0.004324590193027811,0.0008814275109314437,0.004256539849304894,0.00475738713186306
gaussian_s4_test_centre_frozen_rel,gaussian_postrelu,4,test_probe,centre_frozen,relative,top1,0.0064071465040742865,0.0059604658708061736,0.005824361573201998,0.0027374688703710836,0.004256539849304894,0.00475738713186306
gaussian_s4_test_centre_frozen_rel,gaussian_postrelu,4,test_probe,centre_frozen,relative,top2,0.006655600971530646,0.006447452941058948,0.006207566607369728,0.003957245130702425,0.004256539849304894,0.00475738713186306
gaussian_s4_test_centre_frozen_rel,gaussian_postrelu,4,test_probe,centre_frozen,relative,min,0.004897953344601957,0.004644764523702636,0.004537380716872894,0.002343214174297294,0.004256539849304894,0.00475738713186306
combined_s0_train_saved_ord,resolution_max_b1_gaussian_conv,0,train_probe,saved,ordinary,top1,0.009555598213247437,0.009409656288283738,0.009349385261146833,0.0012110773100355696,0.004256539849304894,0.0045437603258281205
combined_s0_train_saved_ord,resolution_max_b1_gaussian_conv,0,train_probe,saved,ordinary,top2,0.006067006787144992,0.005926065560278334,0.005837160093543149,0.001647802252214865,0.004256539849304894,0.0045437603258281205
combined_s0_train_saved_ord,resolution_max_b1_gaussian_conv,0,train_probe,saved,ordinary,min,0.005269644064772064,0.005221259456288113,0.00510747603121496,0.0010973332481685584,0.004256539849304894,0.0045437603258281205
combined_s0_train_saved_rel,resolution_max_b1_gaussian_conv,0,train_probe,saved,relative,top1,0.010128091082510858,0.009905949125712103,0.009747398346012275,0.0031475594712419303,0.004256539849304894,0.0045437603258281205
combined_s0_train_saved_rel,resolution_max_b1_gaussian_conv,0,train_probe,saved,relative,top2,0.006507341554350724,0.0062870589390478385,0.006081711739173866,0.00398688211611336,0.004256539849304894,0.0045437603258281205
combined_s0_train_saved_rel,resolution_max_b1_gaussian_conv,0,train_probe,saved,relative,min,0.005727437155094064,0.005595803208631799,0.005301561796042466,0.0027217615695801682,0.004256539849304894,0.0045437603258281205
combined_s0_train_centre_frozen_ord,resolution_max_b1_gaussian_conv,0,train_probe,centre_frozen,ordinary,top1,0.009475775641094378,0.00933155145936998,0.009269842343122808,0.0012208563587153025,0.004256539849304894,0.0045437603258281205
combined_s0_train_centre_frozen_ord,resolution_max_b1_gaussian_conv,0,train_probe,centre_frozen,ordinary,top2,0.00606420408886206,0.005915715125855844,0.005822220427547481,0.0016892252163262453,0.004256539849304894,0.0045437603258281205
combined_s0_train_centre_frozen_ord,resolution_max_b1_gaussian_conv,0,train_probe,centre_frozen,ordinary,min,0.004637950389081666,0.004544529305666565,0.00432403527461475,0.001428646306116364,0.004256539849304894,0.0045437603258281205
combined_s0_train_centre_frozen_rel,resolution_max_b1_gaussian_conv,0,train_probe,centre_frozen,relative,top1,0.010047856214529494,0.009829614904127332,0.00966698633389592,0.00317800790050638,0.004256539849304894,0.0045437603258281205
combined_s0_train_centre_frozen_rel,resolution_max_b1_gaussian_conv,0,train_probe,centre_frozen,relative,top2,0.006530952787992515,0.006295996709096485,0.006078114437762298,0.004108517493648449,0.004256539849304894,0.0045437603258281205
combined_s0_train_centre_frozen_rel,resolution_max_b1_gaussian_conv,0,train_probe,centre_frozen,relative,min,0.005091883128645185,0.004835612766220682,0.0043115033426088375,0.003921396647898546,0.004256539849304894,0.0045437603258281205
combined_s0_test_saved_ord,resolution_max_b1_gaussian_conv,0,test_probe,saved,ordinary,top1,0.009728716133749113,0.009566324685324794,0.0095069690764801,0.0012323960056584494,0.004256539849304894,0.0045437603258281205
combined_s0_test_saved_ord,resolution_max_b1_gaussian_conv,0,test_probe,saved,ordinary,top2,0.006262488311348034,0.006179870374544898,0.006120276269340614,0.001302545008177314,0.004256539849304894,0.0045437603258281205
combined_s0_test_saved_ord,resolution_max_b1_gaussian_conv,0,test_probe,saved,ordinary,min,0.004724811584874407,0.004706301815875905,0.004666222848482851,0.0006660309086331526,0.004256539849304894,0.0045437603258281205
combined_s0_test_saved_rel,resolution_max_b1_gaussian_conv,0,test_probe,saved,relative,top1,0.010364552714702211,0.010137981529453855,0.009989669062362698,0.0030506998543254893,0.004256539849304894,0.0045437603258281205
combined_s0_test_saved_rel,resolution_max_b1_gaussian_conv,0,test_probe,saved,relative,top2,0.006389594784508306,0.006261854779887099,0.006099617498970803,0.0036370275004295126,0.004256539849304894,0.0045437603258281205
combined_s0_test_saved_rel,resolution_max_b1_gaussian_conv,0,test_probe,saved,relative,min,0.004898382878678315,0.004811802673796962,0.004694869657060834,0.0018995502579142328,0.004256539849304894,0.0045437603258281205
combined_s0_test_centre_frozen_ord,resolution_max_b1_gaussian_conv,0,test_probe,centre_frozen,ordinary,top1,0.009727465182195312,0.00956673058671813,0.009509008103979609,0.0011911570431836196,0.004256539849304894,0.0045437603258281205
combined_s0_test_centre_frozen_ord,resolution_max_b1_gaussian_conv,0,test_probe,centre_frozen,ordinary,top2,0.006069769052241583,0.005986139822691014,0.005922612051406647,0.0013782338325033353,0.004256539849304894,0.0045437603258281205
combined_s0_test_centre_frozen_ord,resolution_max_b1_gaussian_conv,0,test_probe,centre_frozen,ordinary,min,0.004704763318978379,0.004652824706059559,0.004579144916619468,0.000768423718286216,0.004256539849304894,0.0045437603258281205
combined_s0_test_centre_frozen_rel,resolution_max_b1_gaussian_conv,0,test_probe,centre_frozen,relative,top1,0.010344320148740638,0.010122295088152529,0.009974771953991551,0.003027665400522453,0.004256539849304894,0.0045437603258281205
combined_s0_test_centre_frozen_rel,resolution_max_b1_gaussian_conv,0,test_probe,centre_frozen,relative,top2,0.006225414224903871,0.006092272793996089,0.005923740850183312,0.0037502668478939503,0.004256539849304894,0.0045437603258281205
combined_s0_test_centre_frozen_rel,resolution_max_b1_gaussian_conv,0,test_probe,centre_frozen,relative,min,0.005006810962199403,0.004834616350405344,0.004618054339116424,0.0023324133409337615,0.004256539849304894,0.0045437603258281205
combined_s1_train_saved_ord,resolution_max_b1_gaussian_conv,1,train_probe,saved,ordinary,top1,0.005509312993248796,0.00544904119669391,0.005377485256506879,0.0014086504381955306,0.004256539849304894,0.004550632762776893
combined_s1_train_saved_ord,resolution_max_b1_gaussian_conv,1,train_probe,saved,ordinary,top2,0.006862857844278239,0.006723861660816768,0.006637913803009608,0.001778227841672429,0.004256539849304894,0.004550632762776893
combined_s1_train_saved_ord,resolution_max_b1_gaussian_conv,1,train_probe,saved,ordinary,min,0.004470866670824534,0.004407103911196099,0.004334912486070406,0.0015343350455387858,0.004256539849304894,0.004550632762776893
combined_s1_train_saved_rel,resolution_max_b1_gaussian_conv,1,train_probe,saved,relative,top1,0.005831716595284539,0.005656590951034968,0.005453664839701421,0.004026030500676075,0.004256539849304894,0.004550632762776893
combined_s1_train_saved_rel,resolution_max_b1_gaussian_conv,1,train_probe,saved,relative,top2,0.007381783234569525,0.007112541337471933,0.006884510375755321,0.004873219186544514,0.004256539849304894,0.004550632762776893
combined_s1_train_saved_rel,resolution_max_b1_gaussian_conv,1,train_probe,saved,relative,min,0.004769960204333198,0.004561114585642004,0.004361549000316991,0.004566597517776234,0.004256539849304894,0.004550632762776893
combined_s1_train_centre_frozen_ord,resolution_max_b1_gaussian_conv,1,train_probe,centre_frozen,ordinary,top1,0.00566576373102184,0.005592659319005437,0.005521940846875706,0.0014778259882145984,0.004256539849304894,0.004550632762776893
combined_s1_train_centre_frozen_ord,resolution_max_b1_gaussian_conv,1,train_probe,centre_frozen,ordinary,top2,0.006909512735658666,0.006760136391228829,0.0066330650872485665,0.002187957336478245,0.004256539849304894,0.004550632762776893
combined_s1_train_centre_frozen_ord,resolution_max_b1_gaussian_conv,1,train_probe,centre_frozen,ordinary,min,0.004397972817869357,0.004294037400428066,0.004229387800442889,0.00115412323626097,0.004256539849304894,0.004550632762776893
combined_s1_train_centre_frozen_rel,resolution_max_b1_gaussian_conv,1,train_probe,centre_frozen,relative,top1,0.005991037319182639,0.0058096880475192545,0.005612910933227772,0.00409965749209023,0.004256539849304894,0.004550632762776893
combined_s1_train_centre_frozen_rel,resolution_max_b1_gaussian_conv,1,train_probe,centre_frozen,relative,top2,0.007441068353233675,0.0071760692635221045,0.006906138854338691,0.005080575403079932,0.004256539849304894,0.004550632762776893
combined_s1_train_centre_frozen_rel,resolution_max_b1_gaussian_conv,1,train_probe,centre_frozen,relative,min,0.0049246451631231765,0.004643033938280847,0.00441909937574029,0.0037421940951846222,0.004256539849304894,0.004550632762776893
combined_s1_test_saved_ord,resolution_max_b1_gaussian_conv,1,test_probe,saved,ordinary,top1,0.005524108689172025,0.0054159340197820725,0.0053485588371573215,0.0014559408643325864,0.004256539849304894,0.004550632762776893
combined_s1_test_saved_ord,resolution_max_b1_gaussian_conv,1,test_probe,saved,ordinary,top2,0.007021463029565389,0.006913735724760489,0.006835826631927195,0.001589080113878527,0.004256539849304894,0.004550632762776893
combined_s1_test_saved_ord,resolution_max_b1_gaussian_conv,1,test_probe,saved,ordinary,min,0.005398386598884823,0.005428864651630415,0.005392735907185581,0.001136132042401251,0.004256539849304894,0.004550632762776893
combined_s1_test_saved_rel,resolution_max_b1_gaussian_conv,1,test_probe,saved,relative,top1,0.005916384676874347,0.005710261168220752,0.005525970946641828,0.00397674102822261,0.004256539849304894,0.004550632762776893
combined_s1_test_saved_rel,resolution_max_b1_gaussian_conv,1,test_probe,saved,relative,top2,0.007506712064760418,0.007262313155765757,0.007059212205110432,0.004431719655632174,0.004256539849304894,0.004550632762776893
combined_s1_test_saved_rel,resolution_max_b1_gaussian_conv,1,test_probe,saved,relative,min,0.005474675185660826,0.005413287731445408,0.005297285450473941,0.003599197334041769,0.004256539849304894,0.004550632762776893
combined_s1_test_centre_frozen_ord,resolution_max_b1_gaussian_conv,1,test_probe,centre_frozen,ordinary,top1,0.005651116160426935,0.005536908971310094,0.005467912311744204,0.0015355789344187404,0.004256539849304894,0.004550632762776893
combined_s1_test_centre_frozen_ord,resolution_max_b1_gaussian_conv,1,test_probe,centre_frozen,ordinary,top2,0.007026370583851429,0.006868041612520481,0.00675131303575749,0.0019655923544164167,0.004256539849304894,0.004550632762776893
combined_s1_test_centre_frozen_ord,resolution_max_b1_gaussian_conv,1,test_probe,centre_frozen,ordinary,min,0.0047275863731192575,0.004712831210223414,0.004670602802002955,0.0015040538689974402,0.004256539849304894,0.004550632762776893
combined_s1_test_centre_frozen_rel,resolution_max_b1_gaussian_conv,1,test_probe,centre_frozen,relative,top1,0.006042668092232577,0.005832310161727016,0.005649823575759548,0.004085405943774769,0.004256539849304894,0.004550632762776893
combined_s1_test_centre_frozen_rel,resolution_max_b1_gaussian_conv,1,test_probe,centre_frozen,relative,top2,0.007593523325286922,0.007319247450153947,0.00708367366595196,0.004415202050228762,0.004256539849304894,0.004550632762776893
combined_s1_test_centre_frozen_rel,resolution_max_b1_gaussian_conv,1,test_probe,centre_frozen,relative,min,0.00493070921594846,0.004810525567096956,0.0047065432262171835,0.00413816943379341,0.004256539849304894,0.004550632762776893
combined_s2_train_saved_ord,resolution_max_b1_gaussian_conv,2,train_probe,saved,ordinary,top1,0.00736197866880555,0.007200022398078824,0.007140078703546481,0.001326475542642918,0.004256539849304894,0.0046811243293019885
combined_s2_train_saved_ord,resolution_max_b1_gaussian_conv,2,train_probe,saved,ordinary,top2,0.006940974765891901,0.006873071089664665,0.006657225398299539,0.0029051018435728164,0.004256539849304894,0.0046811243293019885
combined_s2_train_saved_ord,resolution_max_b1_gaussian_conv,2,train_probe,saved,ordinary,min,0.004425537083570054,0.004402889357625057,0.004363454320269436,0.0010405851549619202,0.004256539849304894,0.0046811243293019885
combined_s2_train_saved_rel,resolution_max_b1_gaussian_conv,2,train_probe,saved,relative,top1,0.007885648924015788,0.00764083777676174,0.0074802485695637105,0.003588632907983132,0.004256539849304894,0.0046811243293019885
combined_s2_train_saved_rel,resolution_max_b1_gaussian_conv,2,train_probe,saved,relative,top2,0.007153957737907445,0.007024061896929765,0.006647466701825504,0.005433844414484176,0.004256539849304894,0.0046811243293019885
combined_s2_train_saved_rel,resolution_max_b1_gaussian_conv,2,train_probe,saved,relative,min,0.004536613886354476,0.004458605494268256,0.004368294683487434,0.0028144257095456225,0.004256539849304894,0.0046811243293019885
combined_s2_train_centre_frozen_ord,resolution_max_b1_gaussian_conv,2,train_probe,centre_frozen,ordinary,top1,0.006982130821509723,0.006822051748032857,0.006756855596617188,0.0013959691702569565,0.004256539849304894,0.0046811243293019885
combined_s2_train_centre_frozen_ord,resolution_max_b1_gaussian_conv,2,train_probe,centre_frozen,ordinary,top2,0.007053294452323529,0.006984072319881724,0.0067648408118915464,0.002955184313330578,0.004256539849304894,0.0046811243293019885
combined_s2_train_centre_frozen_ord,resolution_max_b1_gaussian_conv,2,train_probe,centre_frozen,ordinary,min,0.0037931409213302313,0.0036587325735418378,0.003590260080201142,0.0017328804904613146,0.004256539849304894,0.0046811243293019885
combined_s2_train_centre_frozen_rel,resolution_max_b1_gaussian_conv,2,train_probe,centre_frozen,relative,top1,0.007494013148605041,0.007246920662216037,0.0070757339481428375,0.0037005935663913915,0.004256539849304894,0.0046811243293019885
combined_s2_train_centre_frozen_rel,resolution_max_b1_gaussian_conv,2,train_probe,centre_frozen,relative,top2,0.007278701715944713,0.007143756881556539,0.006757767338673582,0.005592402381991996,0.004256539849304894,0.0046811243293019885
combined_s2_train_centre_frozen_rel,resolution_max_b1_gaussian_conv,2,train_probe,centre_frozen,relative,min,0.004182335498791168,0.003972364301828385,0.003786335251381956,0.00439981938682445,0.004256539849304894,0.0046811243293019885
combined_s2_test_saved_ord,resolution_max_b1_gaussian_conv,2,test_probe,saved,ordinary,top1,0.007934893155274764,0.007760437623934602,0.007717742609302927,0.0010159885614617165,0.004256539849304894,0.0046811243293019885
combined_s2_test_saved_ord,resolution_max_b1_gaussian_conv,2,test_probe,saved,ordinary,top2,0.0066394993941638605,0.0065628684619640455,0.006458267710009065,0.001990072087924631,0.004256539849304894,0.0046811243293019885
combined_s2_test_saved_ord,resolution_max_b1_gaussian_conv,2,test_probe,saved,ordinary,min,0.004268449355530677,0.004199057064170015,0.004152269348525842,0.0013153573492015922,0.004256539849304894,0.0046811243293019885
combined_s2_test_saved_rel,resolution_max_b1_gaussian_conv,2,test_probe,saved,relative,top1,0.008487564291496545,0.008225198833687908,0.008088274888731725,0.0032677720840088124,0.004256539849304894,0.0046811243293019885
combined_s2_test_saved_rel,resolution_max_b1_gaussian_conv,2,test_probe,saved,relative,top2,0.006874871074655101,0.0067488548210486625,0.006543365320264815,0.004251630322219024,0.004256539849304894,0.0046811243293019885
combined_s2_test_saved_rel,resolution_max_b1_gaussian_conv,2,test_probe,saved,relative,min,0.004568358639649305,0.004344549181149884,0.004121859076809959,0.0032636884429149498,0.004256539849304894,0.0046811243293019885
combined_s2_test_centre_frozen_ord,resolution_max_b1_gaussian_conv,2,test_probe,centre_frozen,ordinary,top1,0.007559703000073284,0.0074046478752568395,0.007358596348544949,0.0011391267424403276,0.004256539849304894,0.0046811243293019885
combined_s2_test_centre_frozen_ord,resolution_max_b1_gaussian_conv,2,test_probe,centre_frozen,ordinary,top2,0.006778226524277385,0.006676012804974562,0.006583271478356682,0.0018029555525380606,0.004256539849304894,0.0046811243293019885
combined_s2_test_centre_frozen_ord,resolution_max_b1_gaussian_conv,2,test_probe,centre_frozen,ordinary,min,0.00437325530547709,0.00425604313272492,0.004147731314149569,0.001138838799854972,0.004256539849304894,0.0046811243293019885
combined_s2_test_centre_frozen_rel,resolution_max_b1_gaussian_conv,2,test_probe,centre_frozen,relative,top1,0.008062716219255873,0.007829868677253687,0.007696077066557128,0.0033447455733127416,0.004256539849304894,0.0046811243293019885
combined_s2_test_centre_frozen_rel,resolution_max_b1_gaussian_conv,2,test_probe,centre_frozen,relative,top2,0.007081466633922191,0.006918291309851121,0.006722831207282632,0.004200075085362072,0.004256539849304894,0.0046811243293019885
combined_s2_test_centre_frozen_rel,resolution_max_b1_gaussian_conv,2,test_probe,centre_frozen,relative,min,0.004907477280876203,0.004646470208968362,0.004366924488407197,0.0029559573848097053,0.004256539849304894,0.0046811243293019885
combined_s3_train_saved_ord,resolution_max_b1_gaussian_conv,3,train_probe,saved,ordinary,top1,0.007297316815162148,0.007123331692000111,0.007047613878363833,0.0015559422543191695,0.004256539849304894,0.004716841979332456
combined_s3_train_saved_ord,resolution_max_b1_gaussian_conv,3,train_probe,saved,ordinary,top2,0.008364942698705434,0.008301858786888862,0.00817663361587498,0.0020179461159555425,0.004256539849304894,0.004716841979332456
combined_s3_train_saved_ord,resolution_max_b1_gaussian_conv,3,train_probe,saved,ordinary,min,0.005130434589349373,0.00504193027721812,0.004952682044269127,0.0017467089982843003,0.004256539849304894,0.004716841979332456
combined_s3_train_saved_rel,resolution_max_b1_gaussian_conv,3,train_probe,saved,relative,top1,0.00796330177891347,0.0076569780989076,0.007464586681482746,0.003961945430718306,0.004256539849304894,0.004716841979332456
combined_s3_train_saved_rel,resolution_max_b1_gaussian_conv,3,train_probe,saved,relative,top2,0.009093486648383458,0.008943495067565694,0.008668201276869288,0.00499961670090395,0.004256539849304894,0.004716841979332456
combined_s3_train_saved_rel,resolution_max_b1_gaussian_conv,3,train_probe,saved,relative,min,0.0056721859916242425,0.005387335496057386,0.00509653933379263,0.005436726061576758,0.004256539849304894,0.004716841979332456
combined_s3_train_centre_frozen_ord,resolution_max_b1_gaussian_conv,3,train_probe,centre_frozen,ordinary,top1,0.007462037541536957,0.007283174008436888,0.007206860766033893,0.0015976188086649233,0.004256539849304894,0.004716841979332456
combined_s3_train_centre_frozen_ord,resolution_max_b1_gaussian_conv,3,train_probe,centre_frozen,ordinary,top2,0.008624680110750736,0.00855112537011814,0.008433044263323617,0.0019269925132821288,0.004256539849304894,0.004716841979332456
combined_s3_train_centre_frozen_ord,resolution_max_b1_gaussian_conv,3,train_probe,centre_frozen,ordinary,min,0.0045106234277470115,0.004518609292381264,0.004476225875490486,0.0014759371931715164,0.004256539849304894,0.004716841979332456
combined_s3_train_centre_frozen_rel,resolution_max_b1_gaussian_conv,3,train_probe,centre_frozen,relative,top1,0.00811763282259401,0.007800241286721412,0.007611399984239749,0.003965291683585649,0.004256539849304894,0.004716841979332456
combined_s3_train_centre_frozen_rel,resolution_max_b1_gaussian_conv,3,train_probe,centre_frozen,relative,top2,0.009308912100438639,0.00915615071469583,0.008884488338888894,0.00496780149481397,0.004256539849304894,0.004716841979332456
combined_s3_train_centre_frozen_rel,resolution_max_b1_gaussian_conv,3,train_probe,centre_frozen,relative,min,0.004697942156819692,0.004621575318395581,0.004484037537542729,0.004579070340553427,0.004256539849304894,0.004716841979332456
combined_s3_test_saved_ord,resolution_max_b1_gaussian_conv,3,test_probe,saved,ordinary,top1,0.007057412585077618,0.006886623900261366,0.006808751226715204,0.0015477388354886166,0.004256539849304894,0.004716841979332456
combined_s3_test_saved_ord,resolution_max_b1_gaussian_conv,3,test_probe,saved,ordinary,top2,0.00972887385066081,0.009702029257611869,0.009642430953124195,0.0012050610842754396,0.004256539849304894,0.004716841979332456
combined_s3_test_saved_ord,resolution_max_b1_gaussian_conv,3,test_probe,saved,ordinary,min,0.004081312398769704,0.0040894561539467295,0.004066446107454177,0.0013227863271287072,0.004256539849304894,0.004716841979332456
combined_s3_test_saved_rel,resolution_max_b1_gaussian_conv,3,test_probe,saved,relative,top1,0.007699452816471716,0.007398851822289356,0.0071994646078776215,0.003996484419428298,0.004256539849304894,0.004716841979332456
combined_s3_test_saved_rel,resolution_max_b1_gaussian_conv,3,test_probe,saved,relative,top2,0.01013177234554695,0.010045457085983214,0.00986146464256427,0.0038822650378066478,0.004256539849304894,0.004716841979332456
combined_s3_test_saved_rel,resolution_max_b1_gaussian_conv,3,test_probe,saved,relative,min,0.004189194538506472,0.004149566949277469,0.004073454481383007,0.003968585896015652,0.004256539849304894,0.004716841979332456
combined_s3_test_centre_frozen_ord,resolution_max_b1_gaussian_conv,3,test_probe,centre_frozen,ordinary,top1,0.007246453178975179,0.007065176211751584,0.006986153428096978,0.0015846820844254937,0.004256539849304894,0.004716841979332456
combined_s3_test_centre_frozen_ord,resolution_max_b1_gaussian_conv,3,test_probe,centre_frozen,ordinary,top2,0.010395351913043605,0.010391409125331045,0.01033267036555938,0.0012017226637348777,0.004256539849304894,0.004716841979332456
combined_s3_test_centre_frozen_ord,resolution_max_b1_gaussian_conv,3,test_probe,centre_frozen,ordinary,min,0.004648355931585143,0.004606963104809313,0.00454476639833913,0.0011505754413404772,0.004256539849304894,0.004716841979332456
combined_s3_test_centre_frozen_rel,resolution_max_b1_gaussian_conv,3,test_probe,centre_frozen,relative,top1,0.007897963410869163,0.00758465882595173,0.0073872999818272,0.004012743378051767,0.004256539849304894,0.004716841979332456
combined_s3_test_centre_frozen_rel,resolution_max_b1_gaussian_conv,3,test_probe,centre_frozen,relative,top2,0.010503032794766371,0.010435112905833537,0.010254667600699516,0.003866974509114015,0.004256539849304894,0.004716841979332456
combined_s3_test_centre_frozen_rel,resolution_max_b1_gaussian_conv,3,test_probe,centre_frozen,relative,min,0.004874693361092482,0.004762695961188978,0.004610376139665143,0.0031994445969368078,0.004256539849304894,0.004716841979332456
combined_s4_train_saved_ord,resolution_max_b1_gaussian_conv,4,train_probe,saved,ordinary,top1,0.0065191622518792425,0.006424398613341379,0.006349393414088379,0.0014302730896024783,0.004256539849304894,0.004607915046801
combined_s4_train_saved_ord,resolution_max_b1_gaussian_conv,4,train_probe,saved,ordinary,top2,0.00633784776391747,0.006233303845323483,0.006120512395461755,0.002034736490188905,0.004256539849304894,0.004607915046801
combined_s4_train_saved_ord,resolution_max_b1_gaussian_conv,4,train_probe,saved,ordinary,min,0.004503243810621111,0.004469103987646217,0.004413386579637177,0.0012357401685046431,0.004256539849304894,0.004607915046801
combined_s4_train_saved_rel,resolution_max_b1_gaussian_conv,4,train_probe,saved,relative,top1,0.0068549833510730095,0.006666533038979586,0.006459510217106545,0.003953168189046697,0.004256539849304894,0.004607915046801
combined_s4_train_saved_rel,resolution_max_b1_gaussian_conv,4,train_probe,saved,relative,top2,0.006746221679088947,0.006519877626664709,0.006229105417538822,0.005327774047305741,0.004256539849304894,0.004607915046801
combined_s4_train_saved_rel,resolution_max_b1_gaussian_conv,4,train_probe,saved,relative,min,0.004743434435620527,0.004592578110723495,0.004404134905901137,0.003971065649617799,0.004256539849304894,0.004607915046801
combined_s4_train_centre_frozen_ord,resolution_max_b1_gaussian_conv,4,train_probe,centre_frozen,ordinary,top1,0.00652004758060314,0.006424128598178372,0.00634541687333489,0.001497485817579641,0.004256539849304894,0.004607915046801
combined_s4_train_centre_frozen_ord,resolution_max_b1_gaussian_conv,4,train_probe,centre_frozen,ordinary,top2,0.005874620734114442,0.005776328048723631,0.005640351262722242,0.002337472217778148,0.004256539849304894,0.004607915046801
combined_s4_train_centre_frozen_ord,resolution_max_b1_gaussian_conv,4,train_probe,centre_frozen,ordinary,min,0.004155586987357181,0.004092249228264447,0.004003291032006375,0.0014224758964109453,0.004256539849304894,0.004607915046801
combined_s4_train_centre_frozen_rel,resolution_max_b1_gaussian_conv,4,train_probe,centre_frozen,relative,top1,0.00685544693839975,0.006667142120231164,0.0064544919247361025,0.004056742084273652,0.004256539849304894,0.004607915046801
combined_s4_train_centre_frozen_rel,resolution_max_b1_gaussian_conv,4,train_probe,centre_frozen,relative,top2,0.006227298250375005,0.006027978696669698,0.005706995345624174,0.0057282200083254775,0.004256539849304894,0.004607915046801
combined_s4_train_centre_frozen_rel,resolution_max_b1_gaussian_conv,4,train_probe,centre_frozen,relative,min,0.004591421934825014,0.004335139124242152,0.004024937729887058,0.004546592689533656,0.004256539849304894,0.004607915046801
combined_s4_test_saved_ord,resolution_max_b1_gaussian_conv,4,test_probe,saved,ordinary,top1,0.006533102782059823,0.006445585446069467,0.006386613258480501,0.001288366621570119,0.004256539849304894,0.004607915046801
combined_s4_test_saved_ord,resolution_max_b1_gaussian_conv,4,test_probe,saved,ordinary,top2,0.006797785786932651,0.0067035518555052685,0.006608525693419348,0.0017440917988299888,0.004256539849304894,0.004607915046801
combined_s4_test_saved_ord,resolution_max_b1_gaussian_conv,4,test_probe,saved,ordinary,min,0.00459611193610616,0.0045164056562411225,0.004426569539585553,0.0009971363186594068,0.004256539849304894,0.004607915046801
combined_s4_test_saved_rel,resolution_max_b1_gaussian_conv,4,test_probe,saved,relative,top1,0.006864672122036459,0.0066820555691438155,0.00651505372659264,0.0035988449275774527,0.004256539849304894,0.004607915046801
combined_s4_test_saved_rel,resolution_max_b1_gaussian_conv,4,test_probe,saved,relative,top2,0.007223222357987856,0.006972372068184569,0.0066668707887821265,0.005574478429900295,0.004256539849304894,0.004607915046801
combined_s4_test_saved_rel,resolution_max_b1_gaussian_conv,4,test_probe,saved,relative,min,0.004901815070910865,0.004731179720631836,0.004505443277677046,0.00300874785421456,0.004256539849304894,0.004607915046801
combined_s4_test_centre_frozen_ord,resolution_max_b1_gaussian_conv,4,test_probe,centre_frozen,ordinary,top1,0.0065041541493272076,0.006422193864443485,0.0063613283008944164,0.0013515432375413889,0.004256539849304894,0.004607915046801
combined_s4_test_centre_frozen_ord,resolution_max_b1_gaussian_conv,4,test_probe,centre_frozen,ordinary,top2,0.006358741230044973,0.006262082165995962,0.006149553473073841,0.0020472925928514073,0.004256539849304894,0.004607915046801
combined_s4_test_centre_frozen_ord,resolution_max_b1_gaussian_conv,4,test_probe,centre_frozen,ordinary,min,0.006281777696276446,0.006139178455586678,0.006010420427696944,0.0009026188276180882,0.004256539849304894,0.004607915046801
combined_s4_test_centre_frozen_rel,resolution_max_b1_gaussian_conv,4,test_probe,centre_frozen,relative,top1,0.006815332590727769,0.0066440358569376514,0.006479763059340913,0.0036199827160712113,0.004256539849304894,0.004607915046801
combined_s4_test_centre_frozen_rel,resolution_max_b1_gaussian_conv,4,test_probe,centre_frozen,relative,top2,0.006669954321792797,0.006470686805891186,0.006173483062211634,0.005604937472462359,0.004256539849304894,0.004607915046801
combined_s4_test_centre_frozen_rel,resolution_max_b1_gaussian_conv,4,test_probe,centre_frozen,relative,min,0.006811192406594879,0.006496923437303181,0.006146236038071127,0.0027417250937361243,0.004256539849304894,0.004607915046801
