pair,seed,alpha,policy,train_probe_ce,test_probe_ce,source
plain_combined,0,0.0,recalibrated,0.22218031311035155,0.7570303955078125,v2:interp__plain_combined__seed0.jsonl
plain_combined,0,0.02,recalibrated,0.23089710998535157,0.7525887451171875,v2:interp__plain_combined__seed0.jsonl
plain_combined,0,0.04,recalibrated,0.2479368591308594,0.7537328491210937,v2:interp__plain_combined__seed0.jsonl
plain_combined,0,0.06,recalibrated,0.2723266754150391,0.7595768432617187,v2:interp__plain_combined__seed0.jsonl
plain_combined,0,0.08,recalibrated,0.3051060333251953,0.7703210754394532,v2:interp__plain_combined__seed0.jsonl
plain_combined,0,0.1,recalibrated,0.34650875854492186,0.7870093078613282,v2:interp__plain_combined__seed0.jsonl
plain_combined,0,0.12,recalibrated,0.3947998046875,0.8077884521484375,v2:interp__plain_combined__seed0.jsonl
plain_combined,0,0.14,recalibrated,0.44962841796875,0.8331248474121093,v2:interp__plain_combined__seed0.jsonl
plain_combined,0,0.16,recalibrated,0.5097136688232422,0.862866943359375,v2:interp__plain_combined__seed0.jsonl
plain_combined,0,0.18,recalibrated,0.5759032592773438,0.8953414306640625,v2:interp__plain_combined__seed0.jsonl
plain_combined,0,0.2,recalibrated,0.645523681640625,0.9331873168945313,v2:interp__plain_combined__seed0.jsonl
plain_combined,0,0.22,recalibrated,0.718483642578125,0.9752151794433593,v2:interp__plain_combined__seed0.jsonl
plain_combined,0,0.24,recalibrated,0.7934215087890625,1.020031005859375,v2:interp__plain_combined__seed0.jsonl
plain_combined,0,0.26,recalibrated,0.8681346740722656,1.0669125366210936,v2:interp__plain_combined__seed0.jsonl
plain_combined,0,0.28,recalibrated,0.9435355834960938,1.1177504272460939,v2:interp__plain_combined__seed0.jsonl
plain_combined,0,0.3,recalibrated,1.0175683288574218,1.1686837158203125,v2:interp__plain_combined__seed0.jsonl
plain_combined,0,0.32,recalibrated,1.089201416015625,1.21950830078125,v2:interp__plain_combined__seed0.jsonl
plain_combined,0,0.34,recalibrated,1.1570809936523438,1.27030322265625,v2:interp__plain_combined__seed0.jsonl
plain_combined,0,0.36,recalibrated,1.2208543090820312,1.3192634887695311,v2:interp__plain_combined__seed0.jsonl
plain_combined,0,0.38,recalibrated,1.2777247314453124,1.3648438110351562,v2:interp__plain_combined__seed0.jsonl
plain_combined,0,0.4,recalibrated,1.3268187255859376,1.4048905029296874,v2:interp__plain_combined__seed0.jsonl
plain_combined,0,0.42,recalibrated,1.3679223022460938,1.4416837158203124,v2:interp__plain_combined__seed0.jsonl
plain_combined,0,0.44,recalibrated,1.4003368530273437,1.47197119140625,v2:interp__plain_combined__seed0.jsonl
plain_combined,0,0.46,recalibrated,1.4230929565429689,1.4933558349609375,v2:interp__plain_combined__seed0.jsonl
plain_combined,0,0.48,recalibrated,1.4344414672851562,1.506528564453125,v2:interp__plain_combined__seed0.jsonl
plain_combined,0,0.5,recalibrated,1.433974609375,1.5098715209960938,v2:interp__plain_combined__seed0.jsonl
plain_combined,0,0.52,recalibrated,1.4231476440429687,1.5033907470703125,v2:interp__plain_combined__seed0.jsonl
plain_combined,0,0.54,recalibrated,1.403180419921875,1.4882239990234376,v2:interp__plain_combined__seed0.jsonl
plain_combined,0,0.56,recalibrated,1.3731372680664062,1.4621613159179687,v2:interp__plain_combined__seed0.jsonl
plain_combined,0,0.58,recalibrated,1.3345745239257814,1.4273958740234376,v2:interp__plain_combined__seed0.jsonl
plain_combined,0,0.6,recalibrated,1.2867798461914062,1.3842213745117187,v2:interp__plain_combined__seed0.jsonl
plain_combined,0,0.62,recalibrated,1.2313430786132813,1.3335118408203126,v2:interp__plain_combined__seed0.jsonl
plain_combined,0,0.64,recalibrated,1.1704025268554688,1.2747225341796875,v2:interp__plain_combined__seed0.jsonl
plain_combined,0,0.66,recalibrated,1.1032238159179688,1.2095203247070312,v2:interp__plain_combined__seed0.jsonl
plain_combined,0,0.68,recalibrated,1.033881805419922,1.1411148681640626,v2:interp__plain_combined__seed0.jsonl
plain_combined,0,0.7000000000000001,recalibrated,0.9623456726074219,1.0710811462402343,v2:interp__plain_combined__seed0.jsonl
plain_combined,0,0.72,recalibrated,0.8906807250976563,1.0019073486328125,v2:interp__plain_combined__seed0.jsonl
plain_combined,0,0.74,recalibrated,0.8191631469726562,0.9362073974609375,v2:interp__plain_combined__seed0.jsonl
plain_combined,0,0.76,recalibrated,0.7498708801269531,0.8747512817382812,v2:interp__plain_combined__seed0.jsonl
plain_combined,0,0.78,recalibrated,0.6835302429199219,0.816337890625,v2:interp__plain_combined__seed0.jsonl
plain_combined,0,0.8,recalibrated,0.6207198486328125,0.7632881469726562,v2:interp__plain_combined__seed0.jsonl
plain_combined,0,0.8200000000000001,recalibrated,0.5626909484863282,0.7173031005859375,v2:interp__plain_combined__seed0.jsonl
plain_combined,0,0.84,recalibrated,0.5105474090576172,0.6774990234375,v2:interp__plain_combined__seed0.jsonl
plain_combined,0,0.86,recalibrated,0.4652201385498047,0.6426167602539062,v2:interp__plain_combined__seed0.jsonl
plain_combined,0,0.88,recalibrated,0.42627218627929686,0.6126349182128906,v2:interp__plain_combined__seed0.jsonl
plain_combined,0,0.9,recalibrated,0.3926857147216797,0.5871936950683594,v2:interp__plain_combined__seed0.jsonl
plain_combined,0,0.92,recalibrated,0.3645777282714844,0.5665960998535157,v2:interp__plain_combined__seed0.jsonl
plain_combined,0,0.9400000000000001,recalibrated,0.34181976318359375,0.5507418060302735,v2:interp__plain_combined__seed0.jsonl
plain_combined,0,0.96,recalibrated,0.3247733154296875,0.5390735321044922,v2:interp__plain_combined__seed0.jsonl
plain_combined,0,0.98,recalibrated,0.313358642578125,0.5317748107910156,v2:interp__plain_combined__seed0.jsonl
plain_combined,0,1.0,recalibrated,0.30662591552734375,0.5280258178710937,v2:interp__plain_combined__seed0.jsonl
plain_gaussian,0,0.0,recalibrated,0.22218031311035155,0.7570303955078125,v2:interp__plain_gaussian__seed0.jsonl
plain_gaussian,0,0.02,recalibrated,0.2364078369140625,0.754727294921875,v2:interp__plain_gaussian__seed0.jsonl
plain_gaussian,0,0.04,recalibrated,0.26082074737548827,0.7585413513183594,v2:interp__plain_gaussian__seed0.jsonl
plain_gaussian,0,0.06,recalibrated,0.2947008514404297,0.7705478210449219,v2:interp__plain_gaussian__seed0.jsonl
plain_gaussian,0,0.08,recalibrated,0.33975169372558595,0.7895990600585937,v2:interp__plain_gaussian__seed0.jsonl
plain_gaussian,0,0.1,recalibrated,0.3961494445800781,0.8155034790039063,v2:interp__plain_gaussian__seed0.jsonl
plain_gaussian,0,0.12,recalibrated,0.4628878479003906,0.8456751098632812,v2:interp__plain_gaussian__seed0.jsonl
plain_gaussian,0,0.14,recalibrated,0.5369229431152344,0.8793403015136719,v2:interp__plain_gaussian__seed0.jsonl
plain_gaussian,0,0.16,recalibrated,0.6161689453125,0.9188881530761719,v2:interp__plain_gaussian__seed0.jsonl
plain_gaussian,0,0.18,recalibrated,0.6996854248046875,0.9672609558105468,v2:interp__plain_gaussian__seed0.jsonl
plain_gaussian,0,0.2,recalibrated,0.7904715576171875,1.0233306274414062,v2:interp__plain_gaussian__seed0.jsonl
plain_gaussian,0,0.22,recalibrated,0.8880038452148438,1.0878570251464843,v2:interp__plain_gaussian__seed0.jsonl
plain_gaussian,0,0.24,recalibrated,0.9893925476074219,1.1578968505859375,v2:interp__plain_gaussian__seed0.jsonl
plain_gaussian,0,0.26,recalibrated,1.0930726928710937,1.2321195068359374,v2:interp__plain_gaussian__seed0.jsonl
plain_gaussian,0,0.28,recalibrated,1.19794921875,1.311331298828125,v2:interp__plain_gaussian__seed0.jsonl
plain_gaussian,0,0.3,recalibrated,1.3015938720703124,1.3937532958984375,v2:interp__plain_gaussian__seed0.jsonl
plain_gaussian,0,0.32,recalibrated,1.4025706787109375,1.4760358276367187,v2:interp__plain_gaussian__seed0.jsonl
plain_gaussian,0,0.34,recalibrated,1.5003135375976562,1.5564739990234375,v2:interp__plain_gaussian__seed0.jsonl
plain_gaussian,0,0.36,recalibrated,1.5926389770507812,1.6339584350585938,v2:interp__plain_gaussian__seed0.jsonl
plain_gaussian,0,0.38,recalibrated,1.6796141357421874,1.708101806640625,v2:interp__plain_gaussian__seed0.jsonl
plain_gaussian,0,0.4,recalibrated,1.7488564453125,1.7710831909179687,v2:interp__plain_gaussian__seed0.jsonl
plain_gaussian,0,0.42,recalibrated,1.7944207763671876,1.8174608154296874,v2:interp__plain_gaussian__seed0.jsonl
plain_gaussian,0,0.44,recalibrated,1.8264389038085938,1.846201416015625,v2:interp__plain_gaussian__seed0.jsonl
plain_gaussian,0,0.46,recalibrated,1.8411221313476562,1.8548470458984374,v2:interp__plain_gaussian__seed0.jsonl
plain_gaussian,0,0.48,recalibrated,1.8361585083007812,1.847358154296875,v2:interp__plain_gaussian__seed0.jsonl
plain_gaussian,0,0.5,recalibrated,1.81483056640625,1.827169921875,v2:interp__plain_gaussian__seed0.jsonl
plain_gaussian,0,0.52,recalibrated,1.7814583129882813,1.7928524169921876,v2:interp__plain_gaussian__seed0.jsonl
plain_gaussian,0,0.54,recalibrated,1.7384491577148438,1.7475617065429687,v2:interp__plain_gaussian__seed0.jsonl
plain_gaussian,0,0.56,recalibrated,1.6850291748046875,1.6919678955078126,v2:interp__plain_gaussian__seed0.jsonl
plain_gaussian,0,0.58,recalibrated,1.622370361328125,1.6260908813476562,v2:interp__plain_gaussian__seed0.jsonl
plain_gaussian,0,0.6,recalibrated,1.549207275390625,1.5535377197265625,v2:interp__plain_gaussian__seed0.jsonl
plain_gaussian,0,0.62,recalibrated,1.4692832641601563,1.4741281127929688,v2:interp__plain_gaussian__seed0.jsonl
plain_gaussian,0,0.64,recalibrated,1.3839632568359375,1.3922015380859376,v2:interp__plain_gaussian__seed0.jsonl
plain_gaussian,0,0.66,recalibrated,1.29438134765625,1.3067708129882813,v2:interp__plain_gaussian__seed0.jsonl
plain_gaussian,0,0.68,recalibrated,1.2024212646484376,1.223501953125,v2:interp__plain_gaussian__seed0.jsonl
plain_gaussian,0,0.7000000000000001,recalibrated,1.1104119262695313,1.1407031860351562,v2:interp__plain_gaussian__seed0.jsonl
plain_gaussian,0,0.72,recalibrated,1.0187274169921876,1.0601102294921876,v2:interp__plain_gaussian__seed0.jsonl
plain_gaussian,0,0.74,recalibrated,0.9295816040039062,0.986582763671875,v2:interp__plain_gaussian__seed0.jsonl
plain_gaussian,0,0.76,recalibrated,0.8438594970703125,0.918571533203125,v2:interp__plain_gaussian__seed0.jsonl
plain_gaussian,0,0.78,recalibrated,0.7603968200683594,0.8551609191894531,v2:interp__plain_gaussian__seed0.jsonl
plain_gaussian,0,0.8,recalibrated,0.6820790710449218,0.7960442810058593,v2:interp__plain_gaussian__seed0.jsonl
plain_gaussian,0,0.8200000000000001,recalibrated,0.6107901000976562,0.7432148132324219,v2:interp__plain_gaussian__seed0.jsonl
plain_gaussian,0,0.84,recalibrated,0.5474383239746093,0.6979938659667969,v2:interp__plain_gaussian__seed0.jsonl
plain_gaussian,0,0.86,recalibrated,0.4901480255126953,0.6622429809570313,v2:interp__plain_gaussian__seed0.jsonl
plain_gaussian,0,0.88,recalibrated,0.4400313873291016,0.6313315124511719,v2:interp__plain_gaussian__seed0.jsonl
plain_gaussian,0,0.9,recalibrated,0.39778321838378905,0.6075318603515625,v2:interp__plain_gaussian__seed0.jsonl
plain_gaussian,0,0.92,recalibrated,0.362551513671875,0.5892926940917969,v2:interp__plain_gaussian__seed0.jsonl
plain_gaussian,0,0.9400000000000001,recalibrated,0.3331810760498047,0.5770806884765625,v2:interp__plain_gaussian__seed0.jsonl
plain_gaussian,0,0.96,recalibrated,0.3095518493652344,0.5688905944824219,v2:interp__plain_gaussian__seed0.jsonl
plain_gaussian,0,0.98,recalibrated,0.2926997375488281,0.5661234130859375,v2:interp__plain_gaussian__seed0.jsonl
plain_gaussian,0,1.0,recalibrated,0.2824344940185547,0.5683609161376953,v2:interp__plain_gaussian__seed0.jsonl
plain_resolution,0,0.0,recalibrated,0.22218031311035155,0.7570303955078125,v2:interp__plain_resolution__seed0.jsonl
plain_resolution,0,0.02,recalibrated,0.23242023468017578,0.7529168090820313,v2:interp__plain_resolution__seed0.jsonl
plain_resolution,0,0.04,recalibrated,0.2496934814453125,0.7524932250976563,v2:interp__plain_resolution__seed0.jsonl
plain_resolution,0,0.06,recalibrated,0.27407308959960935,0.7555877685546875,v2:interp__plain_resolution__seed0.jsonl
plain_resolution,0,0.08,recalibrated,0.30487153625488284,0.7619039916992187,v2:interp__plain_resolution__seed0.jsonl
plain_resolution,0,0.1,recalibrated,0.3417687072753906,0.7703341979980469,v2:interp__plain_resolution__seed0.jsonl
plain_resolution,0,0.12,recalibrated,0.38297674560546874,0.7813804321289063,v2:interp__plain_resolution__seed0.jsonl
plain_resolution,0,0.14,recalibrated,0.4291009063720703,0.79551171875,v2:interp__plain_resolution__seed0.jsonl
plain_resolution,0,0.16,recalibrated,0.4787416381835938,0.8126608276367188,v2:interp__plain_resolution__seed0.jsonl
plain_resolution,0,0.18,recalibrated,0.5310220947265625,0.8332247619628906,v2:interp__plain_resolution__seed0.jsonl
plain_resolution,0,0.2,recalibrated,0.5866915283203125,0.8580271301269531,v2:interp__plain_resolution__seed0.jsonl
plain_resolution,0,0.22,recalibrated,0.6459053039550782,0.885815673828125,v2:interp__plain_resolution__seed0.jsonl
plain_resolution,0,0.24,recalibrated,0.7043814086914062,0.9162832336425781,v2:interp__plain_resolution__seed0.jsonl
plain_resolution,0,0.26,recalibrated,0.7620859375,0.9499307250976563,v2:interp__plain_resolution__seed0.jsonl
plain_resolution,0,0.28,recalibrated,0.8209096374511718,0.9840393371582031,v2:interp__plain_resolution__seed0.jsonl
plain_resolution,0,0.3,recalibrated,0.8783556213378906,1.0186426391601562,v2:interp__plain_resolution__seed0.jsonl
plain_resolution,0,0.32,recalibrated,0.9348583068847657,1.053079132080078,v2:interp__plain_resolution__seed0.jsonl
plain_resolution,0,0.34,recalibrated,0.9883950805664062,1.0886436462402345,v2:interp__plain_resolution__seed0.jsonl
plain_resolution,0,0.36,recalibrated,1.0402034301757812,1.121651611328125,v2:interp__plain_resolution__seed0.jsonl
plain_resolution,0,0.38,recalibrated,1.0871317138671874,1.1527020263671874,v2:interp__plain_resolution__seed0.jsonl
plain_resolution,0,0.4,recalibrated,1.1285680541992187,1.183435791015625,v2:interp__plain_resolution__seed0.jsonl
plain_resolution,0,0.42,recalibrated,1.1647261352539062,1.2112015380859376,v2:interp__plain_resolution__seed0.jsonl
plain_resolution,0,0.44,recalibrated,1.1936032104492187,1.2356331787109376,v2:interp__plain_resolution__seed0.jsonl
plain_resolution,0,0.46,recalibrated,1.21425,1.254370849609375,v2:interp__plain_resolution__seed0.jsonl
plain_resolution,0,0.48,recalibrated,1.2282247924804688,1.2699030151367188,v2:interp__plain_resolution__seed0.jsonl
plain_resolution,0,0.5,recalibrated,1.2365460815429687,1.2800455322265625,v2:interp__plain_resolution__seed0.jsonl
plain_resolution,0,0.52,recalibrated,1.2376979370117187,1.2838489990234374,v2:interp__plain_resolution__seed0.jsonl
plain_resolution,0,0.54,recalibrated,1.229604736328125,1.2818994750976562,v2:interp__plain_resolution__seed0.jsonl
plain_resolution,0,0.56,recalibrated,1.2135785522460938,1.2726512451171874,v2:interp__plain_resolution__seed0.jsonl
plain_resolution,0,0.58,recalibrated,1.1891669921875,1.2551851806640626,v2:interp__plain_resolution__seed0.jsonl
plain_resolution,0,0.6,recalibrated,1.1568660278320313,1.2300745849609376,v2:interp__plain_resolution__seed0.jsonl
plain_resolution,0,0.62,recalibrated,1.11828759765625,1.198038818359375,v2:interp__plain_resolution__seed0.jsonl
plain_resolution,0,0.64,recalibrated,1.0739317321777344,1.1599615478515626,v2:interp__plain_resolution__seed0.jsonl
plain_resolution,0,0.66,recalibrated,1.0247118530273438,1.1181104125976562,v2:interp__plain_resolution__seed0.jsonl
plain_resolution,0,0.68,recalibrated,0.9717254333496094,1.0737648315429686,v2:interp__plain_resolution__seed0.jsonl
plain_resolution,0,0.7000000000000001,recalibrated,0.9160459594726562,1.0260501708984375,v2:interp__plain_resolution__seed0.jsonl
plain_resolution,0,0.72,recalibrated,0.85782373046875,0.9772491455078125,v2:interp__plain_resolution__seed0.jsonl
plain_resolution,0,0.74,recalibrated,0.7985889282226563,0.9288433227539062,v2:interp__plain_resolution__seed0.jsonl
plain_resolution,0,0.76,recalibrated,0.7393884582519531,0.8821948852539062,v2:interp__plain_resolution__seed0.jsonl
plain_resolution,0,0.78,recalibrated,0.684346923828125,0.83753857421875,v2:interp__plain_resolution__seed0.jsonl
plain_resolution,0,0.8,recalibrated,0.632142822265625,0.7950299682617188,v2:interp__plain_resolution__seed0.jsonl
plain_resolution,0,0.8200000000000001,recalibrated,0.5822398376464843,0.7552457275390625,v2:interp__plain_resolution__seed0.jsonl
plain_resolution,0,0.84,recalibrated,0.5346947326660156,0.7183490905761719,v2:interp__plain_resolution__seed0.jsonl
plain_resolution,0,0.86,recalibrated,0.49028558349609375,0.6839435424804687,v2:interp__plain_resolution__seed0.jsonl
plain_resolution,0,0.88,recalibrated,0.4500314331054687,0.6526242980957031,v2:interp__plain_resolution__seed0.jsonl
plain_resolution,0,0.9,recalibrated,0.4141508941650391,0.6267222290039063,v2:interp__plain_resolution__seed0.jsonl
plain_resolution,0,0.92,recalibrated,0.38343235778808593,0.6053411560058594,v2:interp__plain_resolution__seed0.jsonl
plain_resolution,0,0.9400000000000001,recalibrated,0.35858596801757814,0.5875571899414063,v2:interp__plain_resolution__seed0.jsonl
plain_resolution,0,0.96,recalibrated,0.33949899291992186,0.5742253112792969,v2:interp__plain_resolution__seed0.jsonl
plain_resolution,0,0.98,recalibrated,0.32587147521972654,0.5645946655273437,v2:interp__plain_resolution__seed0.jsonl
plain_resolution,0,1.0,recalibrated,0.31810240173339843,0.5604129028320313,v2:interp__plain_resolution__seed0.jsonl
resolution_combined,0,0.0,recalibrated,0.31810240173339843,0.5604129028320313,v2:interp__resolution_combined__seed0.jsonl
resolution_combined,0,0.02,recalibrated,0.32603605651855466,0.5620946655273438,v2:interp__resolution_combined__seed0.jsonl
resolution_combined,0,0.04,recalibrated,0.34011880493164065,0.5680879516601562,v2:interp__resolution_combined__seed0.jsonl
resolution_combined,0,0.06,recalibrated,0.35899087524414064,0.5789474487304688,v2:interp__resolution_combined__seed0.jsonl
resolution_combined,0,0.08,recalibrated,0.38251939392089845,0.5943449096679687,v2:interp__resolution_combined__seed0.jsonl
resolution_combined,0,0.1,recalibrated,0.4123270263671875,0.6143655395507812,v2:interp__resolution_combined__seed0.jsonl
resolution_combined,0,0.12,recalibrated,0.4470337371826172,0.63918505859375,v2:interp__resolution_combined__seed0.jsonl
resolution_combined,0,0.14,recalibrated,0.48660482788085935,0.668382568359375,v2:interp__resolution_combined__seed0.jsonl
resolution_combined,0,0.16,recalibrated,0.531027587890625,0.7016835327148437,v2:interp__resolution_combined__seed0.jsonl
resolution_combined,0,0.18,recalibrated,0.5801649169921875,0.7389588928222657,v2:interp__resolution_combined__seed0.jsonl
resolution_combined,0,0.2,recalibrated,0.6334480590820313,0.7793665771484375,v2:interp__resolution_combined__seed0.jsonl
resolution_combined,0,0.22,recalibrated,0.6884019165039063,0.8231115417480469,v2:interp__resolution_combined__seed0.jsonl
resolution_combined,0,0.24,recalibrated,0.7456290893554688,0.870839599609375,v2:interp__resolution_combined__seed0.jsonl
resolution_combined,0,0.26,recalibrated,0.804917724609375,0.9222530822753906,v2:interp__resolution_combined__seed0.jsonl
resolution_combined,0,0.28,recalibrated,0.8655438842773437,0.9757017211914063,v2:interp__resolution_combined__seed0.jsonl
resolution_combined,0,0.3,recalibrated,0.92544384765625,1.0301205139160157,v2:interp__resolution_combined__seed0.jsonl
resolution_combined,0,0.32,recalibrated,0.9841178283691406,1.0838364868164063,v2:interp__resolution_combined__seed0.jsonl
resolution_combined,0,0.34,recalibrated,1.0414990234375,1.1332315063476563,v2:interp__resolution_combined__seed0.jsonl
resolution_combined,0,0.36,recalibrated,1.09674365234375,1.1811943969726562,v2:interp__resolution_combined__seed0.jsonl
resolution_combined,0,0.38,recalibrated,1.14779736328125,1.2267178344726561,v2:interp__resolution_combined__seed0.jsonl
resolution_combined,0,0.4,recalibrated,1.1933397827148438,1.267817138671875,v2:interp__resolution_combined__seed0.jsonl
resolution_combined,0,0.42,recalibrated,1.233702392578125,1.3036400146484375,v2:interp__resolution_combined__seed0.jsonl
resolution_combined,0,0.44,recalibrated,1.2661050415039063,1.3321649169921874,v2:interp__resolution_combined__seed0.jsonl
resolution_combined,0,0.46,recalibrated,1.2897825317382812,1.3536422729492188,v2:interp__resolution_combined__seed0.jsonl
resolution_combined,0,0.48,recalibrated,1.3037601318359375,1.3671876831054688,v2:interp__resolution_combined__seed0.jsonl
resolution_combined,0,0.5,recalibrated,1.3082142944335937,1.370307373046875,v2:interp__resolution_combined__seed0.jsonl
resolution_combined,0,0.52,recalibrated,1.3014888916015626,1.362140869140625,v2:interp__resolution_combined__seed0.jsonl
resolution_combined,0,0.54,recalibrated,1.2855404663085936,1.343260498046875,v2:interp__resolution_combined__seed0.jsonl
resolution_combined,0,0.56,recalibrated,1.260119140625,1.31566455078125,v2:interp__resolution_combined__seed0.jsonl
resolution_combined,0,0.58,recalibrated,1.223212158203125,1.2802105712890626,v2:interp__resolution_combined__seed0.jsonl
resolution_combined,0,0.6,recalibrated,1.17736474609375,1.23667138671875,v2:interp__resolution_combined__seed0.jsonl
resolution_combined,0,0.62,recalibrated,1.1234309692382813,1.1871602172851563,v2:interp__resolution_combined__seed0.jsonl
resolution_combined,0,0.64,recalibrated,1.0645768432617186,1.1343945922851562,v2:interp__resolution_combined__seed0.jsonl
resolution_combined,0,0.66,recalibrated,1.0026378479003906,1.0796255798339844,v2:interp__resolution_combined__seed0.jsonl
resolution_combined,0,0.68,recalibrated,0.9381956176757813,1.0240495300292969,v2:interp__resolution_combined__seed0.jsonl
resolution_combined,0,0.7000000000000001,recalibrated,0.8737159423828125,0.9663673706054687,v2:interp__resolution_combined__seed0.jsonl
resolution_combined,0,0.72,recalibrated,0.8102291259765625,0.9098464660644531,v2:interp__resolution_combined__seed0.jsonl
resolution_combined,0,0.74,recalibrated,0.7486740112304687,0.856789794921875,v2:interp__resolution_combined__seed0.jsonl
resolution_combined,0,0.76,recalibrated,0.689367919921875,0.8060873413085937,v2:interp__resolution_combined__seed0.jsonl
resolution_combined,0,0.78,recalibrated,0.6332340698242187,0.7589299011230469,v2:interp__resolution_combined__seed0.jsonl
resolution_combined,0,0.8,recalibrated,0.5807503051757813,0.7153421936035156,v2:interp__resolution_combined__seed0.jsonl
resolution_combined,0,0.8200000000000001,recalibrated,0.5322687072753907,0.6770384521484375,v2:interp__resolution_combined__seed0.jsonl
resolution_combined,0,0.84,recalibrated,0.48855006408691404,0.6438460693359375,v2:interp__resolution_combined__seed0.jsonl
resolution_combined,0,0.86,recalibrated,0.4499021911621094,0.6149955749511719,v2:interp__resolution_combined__seed0.jsonl
resolution_combined,0,0.88,recalibrated,0.41648326110839845,0.5904285888671875,v2:interp__resolution_combined__seed0.jsonl
resolution_combined,0,0.9,recalibrated,0.38716612243652343,0.5707061157226563,v2:interp__resolution_combined__seed0.jsonl
resolution_combined,0,0.92,recalibrated,0.3620240936279297,0.555087875366211,v2:interp__resolution_combined__seed0.jsonl
resolution_combined,0,0.9400000000000001,recalibrated,0.34203150939941407,0.5430079650878906,v2:interp__resolution_combined__seed0.jsonl
resolution_combined,0,0.96,recalibrated,0.32597811889648437,0.534202392578125,v2:interp__resolution_combined__seed0.jsonl
resolution_combined,0,0.98,recalibrated,0.3141237030029297,0.5292086486816406,v2:interp__resolution_combined__seed0.jsonl
resolution_combined,0,1.0,recalibrated,0.30662591552734375,0.5280258178710937,v2:interp__resolution_combined__seed0.jsonl
plain_combined,1,0.0,recalibrated,0.19905135345458985,0.7145313110351562,v2:interp__plain_combined__seed1.jsonl
plain_combined,1,0.02,recalibrated,0.2096890106201172,0.7195404357910157,v2:interp__plain_combined__seed1.jsonl
plain_combined,1,0.04,recalibrated,0.23046682739257812,0.7288174438476562,v2:interp__plain_combined__seed1.jsonl
plain_combined,1,0.06,recalibrated,0.26045156860351565,0.7444611511230469,v2:interp__plain_combined__seed1.jsonl
plain_combined,1,0.08,recalibrated,0.2991950988769531,0.764740966796875,v2:interp__plain_combined__seed1.jsonl
plain_combined,1,0.1,recalibrated,0.3468971405029297,0.788505859375,v2:interp__plain_combined__seed1.jsonl
plain_combined,1,0.12,recalibrated,0.40245283508300783,0.8195235595703125,v2:interp__plain_combined__seed1.jsonl
plain_combined,1,0.14,recalibrated,0.4645822448730469,0.8567018432617187,v2:interp__plain_combined__seed1.jsonl
plain_combined,1,0.16,recalibrated,0.5322159729003906,0.8993179321289062,v2:interp__plain_combined__seed1.jsonl
plain_combined,1,0.18,recalibrated,0.6043211975097657,0.94512890625,v2:interp__plain_combined__seed1.jsonl
plain_combined,1,0.2,recalibrated,0.6807193603515626,0.9949539184570313,v2:interp__plain_combined__seed1.jsonl
plain_combined,1,0.22,recalibrated,0.7592767028808594,1.050281005859375,v2:interp__plain_combined__seed1.jsonl
plain_combined,1,0.24,recalibrated,0.837175537109375,1.1081151733398438,v2:interp__plain_combined__seed1.jsonl
plain_combined,1,0.26,recalibrated,0.9161268310546875,1.1662417602539064,v2:interp__plain_combined__seed1.jsonl
plain_combined,1,0.28,recalibrated,0.99702783203125,1.2250781860351563,v2:interp__plain_combined__seed1.jsonl
plain_combined,1,0.3,recalibrated,1.0773690185546876,1.2825885620117188,v2:interp__plain_combined__seed1.jsonl
plain_combined,1,0.32,recalibrated,1.1549097900390626,1.3359205322265626,v2:interp__plain_combined__seed1.jsonl
plain_combined,1,0.34,recalibrated,1.2296315307617187,1.3833312377929687,v2:interp__plain_combined__seed1.jsonl
plain_combined,1,0.36,recalibrated,1.299032470703125,1.4280208129882812,v2:interp__plain_combined__seed1.jsonl
plain_combined,1,0.38,recalibrated,1.36071875,1.4695343627929687,v2:interp__plain_combined__seed1.jsonl
plain_combined,1,0.4,recalibrated,1.4134218139648438,1.5024693603515624,v2:interp__plain_combined__seed1.jsonl
plain_combined,1,0.42,recalibrated,1.4575784301757813,1.5278582763671875,v2:interp__plain_combined__seed1.jsonl
plain_combined,1,0.44,recalibrated,1.489947509765625,1.54417431640625,v2:interp__plain_combined__seed1.jsonl
plain_combined,1,0.46,recalibrated,1.5090804443359376,1.5503707275390626,v2:interp__plain_combined__seed1.jsonl
plain_combined,1,0.48,recalibrated,1.5170205078125,1.54647216796875,v2:interp__plain_combined__seed1.jsonl
plain_combined,1,0.5,recalibrated,1.514640380859375,1.5346771240234376,v2:interp__plain_combined__seed1.jsonl
plain_combined,1,0.52,recalibrated,1.5011060791015625,1.5149241333007812,v2:interp__plain_combined__seed1.jsonl
plain_combined,1,0.54,recalibrated,1.4756600952148438,1.4855588989257813,v2:interp__plain_combined__seed1.jsonl
plain_combined,1,0.56,recalibrated,1.4402000122070313,1.4475762939453125,v2:interp__plain_combined__seed1.jsonl
plain_combined,1,0.58,recalibrated,1.395156982421875,1.401771240234375,v2:interp__plain_combined__seed1.jsonl
plain_combined,1,0.6,recalibrated,1.34149169921875,1.349106201171875,v2:interp__plain_combined__seed1.jsonl
plain_combined,1,0.62,recalibrated,1.2836187133789063,1.2913603515625,v2:interp__plain_combined__seed1.jsonl
plain_combined,1,0.64,recalibrated,1.2211456298828125,1.2294061889648438,v2:interp__plain_combined__seed1.jsonl
plain_combined,1,0.66,recalibrated,1.154044921875,1.1664219970703125,v2:interp__plain_combined__seed1.jsonl
plain_combined,1,0.68,recalibrated,1.0845809326171876,1.10289404296875,v2:interp__plain_combined__seed1.jsonl
plain_combined,1,0.7000000000000001,recalibrated,1.0122503051757812,1.0406285400390625,v2:interp__plain_combined__seed1.jsonl
plain_combined,1,0.72,recalibrated,0.9381708984375,0.9801270141601562,v2:interp__plain_combined__seed1.jsonl
plain_combined,1,0.74,recalibrated,0.8643941345214844,0.9224188537597656,v2:interp__plain_combined__seed1.jsonl
plain_combined,1,0.76,recalibrated,0.7919567565917969,0.8681474914550781,v2:interp__plain_combined__seed1.jsonl
plain_combined,1,0.78,recalibrated,0.7233345336914062,0.8174341430664063,v2:interp__plain_combined__seed1.jsonl
plain_combined,1,0.8,recalibrated,0.6585111083984375,0.7710836181640625,v2:interp__plain_combined__seed1.jsonl
plain_combined,1,0.8200000000000001,recalibrated,0.5976035766601563,0.7294457092285156,v2:interp__plain_combined__seed1.jsonl
plain_combined,1,0.84,recalibrated,0.5409762268066406,0.6926262817382812,v2:interp__plain_combined__seed1.jsonl
plain_combined,1,0.86,recalibrated,0.48960797119140625,0.6606463012695313,v2:interp__plain_combined__seed1.jsonl
plain_combined,1,0.88,recalibrated,0.4444225769042969,0.6328036499023437,v2:interp__plain_combined__seed1.jsonl
plain_combined,1,0.9,recalibrated,0.4053539428710938,0.6090418090820312,v2:interp__plain_combined__seed1.jsonl
plain_combined,1,0.92,recalibrated,0.3720702209472656,0.588897216796875,v2:interp__plain_combined__seed1.jsonl
plain_combined,1,0.9400000000000001,recalibrated,0.3445852203369141,0.5728583374023437,v2:interp__plain_combined__seed1.jsonl
plain_combined,1,0.96,recalibrated,0.3224551849365234,0.5614226684570313,v2:interp__plain_combined__seed1.jsonl
plain_combined,1,0.98,recalibrated,0.30592405700683595,0.5548653564453125,v2:interp__plain_combined__seed1.jsonl
plain_combined,1,1.0,recalibrated,0.2950891418457031,0.5520675659179688,v2:interp__plain_combined__seed1.jsonl
plain_gaussian,1,0.0,recalibrated,0.19905135345458985,0.7145313110351562,v2:interp__plain_gaussian__seed1.jsonl
plain_gaussian,1,0.02,recalibrated,0.20916026306152344,0.7108939208984375,v2:interp__plain_gaussian__seed1.jsonl
plain_gaussian,1,0.04,recalibrated,0.22856956481933594,0.7119605712890625,v2:interp__plain_gaussian__seed1.jsonl
plain_gaussian,1,0.06,recalibrated,0.2565839538574219,0.7188502197265625,v2:interp__plain_gaussian__seed1.jsonl
plain_gaussian,1,0.08,recalibrated,0.29273521423339843,0.7328268127441406,v2:interp__plain_gaussian__seed1.jsonl
plain_gaussian,1,0.1,recalibrated,0.3369198455810547,0.7548647155761719,v2:interp__plain_gaussian__seed1.jsonl
plain_gaussian,1,0.12,recalibrated,0.39003973388671875,0.7832460021972656,v2:interp__plain_gaussian__seed1.jsonl
plain_gaussian,1,0.14,recalibrated,0.45084930419921876,0.8179385375976562,v2:interp__plain_gaussian__seed1.jsonl
plain_gaussian,1,0.16,recalibrated,0.5207487487792969,0.8596403198242187,v2:interp__plain_gaussian__seed1.jsonl
plain_gaussian,1,0.18,recalibrated,0.5968052368164063,0.9056984558105469,v2:interp__plain_gaussian__seed1.jsonl
plain_gaussian,1,0.2,recalibrated,0.6757626953125,0.9563812866210938,v2:interp__plain_gaussian__seed1.jsonl
plain_gaussian,1,0.22,recalibrated,0.7575314025878906,1.0098055419921874,v2:interp__plain_gaussian__seed1.jsonl
plain_gaussian,1,0.24,recalibrated,0.8407686462402344,1.0672659301757812,v2:interp__plain_gaussian__seed1.jsonl
plain_gaussian,1,0.26,recalibrated,0.926419677734375,1.1292423095703126,v2:interp__plain_gaussian__seed1.jsonl
plain_gaussian,1,0.28,recalibrated,1.01362744140625,1.1942280883789063,v2:interp__plain_gaussian__seed1.jsonl
plain_gaussian,1,0.3,recalibrated,1.0984562377929687,1.2619058837890624,v2:interp__plain_gaussian__seed1.jsonl
plain_gaussian,1,0.32,recalibrated,1.1822471313476564,1.3299381103515624,v2:interp__plain_gaussian__seed1.jsonl
plain_gaussian,1,0.34,recalibrated,1.2663585205078125,1.3974490966796875,v2:interp__plain_gaussian__seed1.jsonl
plain_gaussian,1,0.36,recalibrated,1.3502999267578124,1.4616268920898436,v2:interp__plain_gaussian__seed1.jsonl
plain_gaussian,1,0.38,recalibrated,1.4281454467773438,1.5214464111328125,v2:interp__plain_gaussian__seed1.jsonl
plain_gaussian,1,0.4,recalibrated,1.4942232666015625,1.5745948486328125,v2:interp__plain_gaussian__seed1.jsonl
plain_gaussian,1,0.42,recalibrated,1.5476368408203125,1.617716552734375,v2:interp__plain_gaussian__seed1.jsonl
plain_gaussian,1,0.44,recalibrated,1.5899186401367187,1.6499100952148438,v2:interp__plain_gaussian__seed1.jsonl
plain_gaussian,1,0.46,recalibrated,1.618885009765625,1.6726254272460936,v2:interp__plain_gaussian__seed1.jsonl
plain_gaussian,1,0.48,recalibrated,1.63691259765625,1.684494384765625,v2:interp__plain_gaussian__seed1.jsonl
plain_gaussian,1,0.5,recalibrated,1.643766845703125,1.6843367919921874,v2:interp__plain_gaussian__seed1.jsonl
plain_gaussian,1,0.52,recalibrated,1.6384329833984375,1.6732220458984375,v2:interp__plain_gaussian__seed1.jsonl
plain_gaussian,1,0.54,recalibrated,1.622013916015625,1.6500980834960937,v2:interp__plain_gaussian__seed1.jsonl
plain_gaussian,1,0.56,recalibrated,1.5952488403320313,1.6165769653320312,v2:interp__plain_gaussian__seed1.jsonl
plain_gaussian,1,0.58,recalibrated,1.5554241943359375,1.5722221069335938,v2:interp__plain_gaussian__seed1.jsonl
plain_gaussian,1,0.6,recalibrated,1.5043359985351563,1.518887451171875,v2:interp__plain_gaussian__seed1.jsonl
plain_gaussian,1,0.62,recalibrated,1.4399356079101562,1.4572308349609375,v2:interp__plain_gaussian__seed1.jsonl
plain_gaussian,1,0.64,recalibrated,1.3664445190429688,1.3865904541015626,v2:interp__plain_gaussian__seed1.jsonl
plain_gaussian,1,0.66,recalibrated,1.2868177490234376,1.308891845703125,v2:interp__plain_gaussian__seed1.jsonl
plain_gaussian,1,0.68,recalibrated,1.20334423828125,1.2296421508789062,v2:interp__plain_gaussian__seed1.jsonl
plain_gaussian,1,0.7000000000000001,recalibrated,1.1198383178710938,1.1504564819335938,v2:interp__plain_gaussian__seed1.jsonl
plain_gaussian,1,0.72,recalibrated,1.0351534118652344,1.0748209533691406,v2:interp__plain_gaussian__seed1.jsonl
plain_gaussian,1,0.74,recalibrated,0.95145849609375,1.0036820068359376,v2:interp__plain_gaussian__seed1.jsonl
plain_gaussian,1,0.76,recalibrated,0.8705195007324219,0.936605224609375,v2:interp__plain_gaussian__seed1.jsonl
plain_gaussian,1,0.78,recalibrated,0.7920353393554688,0.8756865844726562,v2:interp__plain_gaussian__seed1.jsonl
plain_gaussian,1,0.8,recalibrated,0.7175596008300781,0.8205181884765625,v2:interp__plain_gaussian__seed1.jsonl
plain_gaussian,1,0.8200000000000001,recalibrated,0.6476338806152344,0.7717168579101562,v2:interp__plain_gaussian__seed1.jsonl
plain_gaussian,1,0.84,recalibrated,0.5823988037109376,0.7281322326660157,v2:interp__plain_gaussian__seed1.jsonl
plain_gaussian,1,0.86,recalibrated,0.5226893005371094,0.6916241149902344,v2:interp__plain_gaussian__seed1.jsonl
plain_gaussian,1,0.88,recalibrated,0.46871089172363284,0.6614598999023438,v2:interp__plain_gaussian__seed1.jsonl
plain_gaussian,1,0.9,recalibrated,0.4199901885986328,0.6357848815917969,v2:interp__plain_gaussian__seed1.jsonl
plain_gaussian,1,0.92,recalibrated,0.379095458984375,0.6130531921386718,v2:interp__plain_gaussian__seed1.jsonl
plain_gaussian,1,0.9400000000000001,recalibrated,0.34558924865722657,0.5948255920410156,v2:interp__plain_gaussian__seed1.jsonl
plain_gaussian,1,0.96,recalibrated,0.32011354064941405,0.5825541076660157,v2:interp__plain_gaussian__seed1.jsonl
plain_gaussian,1,0.98,recalibrated,0.30211309814453124,0.5741452331542969,v2:interp__plain_gaussian__seed1.jsonl
plain_gaussian,1,1.0,recalibrated,0.29103431701660154,0.5690420837402344,v2:interp__plain_gaussian__seed1.jsonl
plain_resolution,1,0.0,recalibrated,0.19905135345458985,0.7145313110351562,v2:interp__plain_resolution__seed1.jsonl
plain_resolution,1,0.02,recalibrated,0.20752970886230468,0.7135125122070313,v2:interp__plain_resolution__seed1.jsonl
plain_resolution,1,0.04,recalibrated,0.22366081237792967,0.7179066772460938,v2:interp__plain_resolution__seed1.jsonl
plain_resolution,1,0.06,recalibrated,0.24643928527832032,0.72606005859375,v2:interp__plain_resolution__seed1.jsonl
plain_resolution,1,0.08,recalibrated,0.2760005035400391,0.7380570068359374,v2:interp__plain_resolution__seed1.jsonl
plain_resolution,1,0.1,recalibrated,0.3115571746826172,0.7543541870117187,v2:interp__plain_resolution__seed1.jsonl
plain_resolution,1,0.12,recalibrated,0.3522756958007813,0.7747472534179688,v2:interp__plain_resolution__seed1.jsonl
plain_resolution,1,0.14,recalibrated,0.3972962951660156,0.8003895874023438,v2:interp__plain_resolution__seed1.jsonl
plain_resolution,1,0.16,recalibrated,0.4475948638916016,0.8287183532714844,v2:interp__plain_resolution__seed1.jsonl
plain_resolution,1,0.18,recalibrated,0.5023399658203125,0.8600357971191406,v2:interp__plain_resolution__seed1.jsonl
plain_resolution,1,0.2,recalibrated,0.5603028869628907,0.8929892578125,v2:interp__plain_resolution__seed1.jsonl
plain_resolution,1,0.22,recalibrated,0.6197519226074218,0.9280513000488281,v2:interp__plain_resolution__seed1.jsonl
plain_resolution,1,0.24,recalibrated,0.6809098510742188,0.9664153747558594,v2:interp__plain_resolution__seed1.jsonl
plain_resolution,1,0.26,recalibrated,0.74239208984375,1.007568328857422,v2:interp__plain_resolution__seed1.jsonl
plain_resolution,1,0.28,recalibrated,0.8042008666992188,1.0509179077148438,v2:interp__plain_resolution__seed1.jsonl
plain_resolution,1,0.3,recalibrated,0.8651583862304687,1.0934366760253906,v2:interp__plain_resolution__seed1.jsonl
plain_resolution,1,0.32,recalibrated,0.9231456909179687,1.1346265869140626,v2:interp__plain_resolution__seed1.jsonl
plain_resolution,1,0.34,recalibrated,0.9757806396484375,1.173765625,v2:interp__plain_resolution__seed1.jsonl
plain_resolution,1,0.36,recalibrated,1.0239717407226563,1.2080167236328125,v2:interp__plain_resolution__seed1.jsonl
plain_resolution,1,0.38,recalibrated,1.0661445922851562,1.2390142822265624,v2:interp__plain_resolution__seed1.jsonl
plain_resolution,1,0.4,recalibrated,1.1022678833007813,1.2645592651367188,v2:interp__plain_resolution__seed1.jsonl
plain_resolution,1,0.42,recalibrated,1.1311023559570312,1.284802734375,v2:interp__plain_resolution__seed1.jsonl
plain_resolution,1,0.44,recalibrated,1.1522266845703124,1.2995840454101562,v2:interp__plain_resolution__seed1.jsonl
plain_resolution,1,0.46,recalibrated,1.16652685546875,1.3070740356445312,v2:interp__plain_resolution__seed1.jsonl
plain_resolution,1,0.48,recalibrated,1.1735233154296876,1.3078757934570313,v2:interp__plain_resolution__seed1.jsonl
plain_resolution,1,0.5,recalibrated,1.172329833984375,1.30155517578125,v2:interp__plain_resolution__seed1.jsonl
plain_resolution,1,0.52,recalibrated,1.1647467041015624,1.28774365234375,v2:interp__plain_resolution__seed1.jsonl
plain_resolution,1,0.54,recalibrated,1.15046337890625,1.266431640625,v2:interp__plain_resolution__seed1.jsonl
plain_resolution,1,0.56,recalibrated,1.128726318359375,1.238541015625,v2:interp__plain_resolution__seed1.jsonl
plain_resolution,1,0.58,recalibrated,1.1023814086914063,1.206197998046875,v2:interp__plain_resolution__seed1.jsonl
plain_resolution,1,0.6,recalibrated,1.0701224975585937,1.1690738525390625,v2:interp__plain_resolution__seed1.jsonl
plain_resolution,1,0.62,recalibrated,1.0319293823242188,1.1281258544921875,v2:interp__plain_resolution__seed1.jsonl
plain_resolution,1,0.64,recalibrated,0.9903038940429687,1.0853000183105468,v2:interp__plain_resolution__seed1.jsonl
plain_resolution,1,0.66,recalibrated,0.9459511108398437,1.04067578125,v2:interp__plain_resolution__seed1.jsonl
plain_resolution,1,0.68,recalibrated,0.8972587585449219,0.9949896850585938,v2:interp__plain_resolution__seed1.jsonl
plain_resolution,1,0.7000000000000001,recalibrated,0.8458317260742187,0.9480791015625,v2:interp__plain_resolution__seed1.jsonl
plain_resolution,1,0.72,recalibrated,0.7927431640625,0.9022233581542969,v2:interp__plain_resolution__seed1.jsonl
plain_resolution,1,0.74,recalibrated,0.7402030639648437,0.859281494140625,v2:interp__plain_resolution__seed1.jsonl
plain_resolution,1,0.76,recalibrated,0.6884277954101562,0.8181597290039062,v2:interp__plain_resolution__seed1.jsonl
plain_resolution,1,0.78,recalibrated,0.63764453125,0.7790591735839844,v2:interp__plain_resolution__seed1.jsonl
plain_resolution,1,0.8,recalibrated,0.5884051513671875,0.7430877075195312,v2:interp__plain_resolution__seed1.jsonl
plain_resolution,1,0.8200000000000001,recalibrated,0.5425086669921875,0.7094439086914063,v2:interp__plain_resolution__seed1.jsonl
plain_resolution,1,0.84,recalibrated,0.4994614562988281,0.6785219116210938,v2:interp__plain_resolution__seed1.jsonl
plain_resolution,1,0.86,recalibrated,0.4591644744873047,0.6506707763671875,v2:interp__plain_resolution__seed1.jsonl
plain_resolution,1,0.88,recalibrated,0.4234973602294922,0.6273012390136719,v2:interp__plain_resolution__seed1.jsonl
plain_resolution,1,0.9,recalibrated,0.39235317993164065,0.607899169921875,v2:interp__plain_resolution__seed1.jsonl
plain_resolution,1,0.92,recalibrated,0.3653628387451172,0.5915311889648438,v2:interp__plain_resolution__seed1.jsonl
plain_resolution,1,0.9400000000000001,recalibrated,0.3428927001953125,0.5786615600585937,v2:interp__plain_resolution__seed1.jsonl
plain_resolution,1,0.96,recalibrated,0.32521058654785157,0.5694002380371094,v2:interp__plain_resolution__seed1.jsonl
plain_resolution,1,0.98,recalibrated,0.31253001403808595,0.5640676574707031,v2:interp__plain_resolution__seed1.jsonl
plain_resolution,1,1.0,recalibrated,0.30492636108398435,0.5631025390625,v2:interp__plain_resolution__seed1.jsonl
resolution_combined,1,0.0,recalibrated,0.30492636108398435,0.5631025390625,v2:interp__resolution_combined__seed1.jsonl
resolution_combined,1,0.02,recalibrated,0.31151943969726564,0.5644515991210938,v2:interp__resolution_combined__seed1.jsonl
resolution_combined,1,0.04,recalibrated,0.3219289855957031,0.5687442016601563,v2:interp__resolution_combined__seed1.jsonl
resolution_combined,1,0.06,recalibrated,0.3361611175537109,0.5762175598144531,v2:interp__resolution_combined__seed1.jsonl
resolution_combined,1,0.08,recalibrated,0.35488856506347655,0.5870191345214844,v2:interp__resolution_combined__seed1.jsonl
resolution_combined,1,0.1,recalibrated,0.3780064544677734,0.6010771484375,v2:interp__resolution_combined__seed1.jsonl
resolution_combined,1,0.12,recalibrated,0.4048469696044922,0.6172631225585937,v2:interp__resolution_combined__seed1.jsonl
resolution_combined,1,0.14,recalibrated,0.43391407775878904,0.6351695861816407,v2:interp__resolution_combined__seed1.jsonl
resolution_combined,1,0.16,recalibrated,0.4657446899414063,0.654857421875,v2:interp__resolution_combined__seed1.jsonl
resolution_combined,1,0.18,recalibrated,0.5004002532958984,0.6756208190917968,v2:interp__resolution_combined__seed1.jsonl
resolution_combined,1,0.2,recalibrated,0.5370745239257813,0.6970475463867187,v2:interp__resolution_combined__seed1.jsonl
resolution_combined,1,0.22,recalibrated,0.5751446838378906,0.7195329895019531,v2:interp__resolution_combined__seed1.jsonl
resolution_combined,1,0.24,recalibrated,0.6132134399414062,0.743849609375,v2:interp__resolution_combined__seed1.jsonl
resolution_combined,1,0.26,recalibrated,0.6513098449707031,0.7693814697265625,v2:interp__resolution_combined__seed1.jsonl
resolution_combined,1,0.28,recalibrated,0.6890386962890624,0.7956504516601562,v2:interp__resolution_combined__seed1.jsonl
resolution_combined,1,0.3,recalibrated,0.7253950805664062,0.82228369140625,v2:interp__resolution_combined__seed1.jsonl
resolution_combined,1,0.32,recalibrated,0.7587267761230468,0.8493937377929688,v2:interp__resolution_combined__seed1.jsonl
resolution_combined,1,0.34,recalibrated,0.7894129028320312,0.8767039184570312,v2:interp__resolution_combined__seed1.jsonl
resolution_combined,1,0.36,recalibrated,0.8166961975097656,0.9021242370605469,v2:interp__resolution_combined__seed1.jsonl
resolution_combined,1,0.38,recalibrated,0.8411639709472656,0.9255524291992188,v2:interp__resolution_combined__seed1.jsonl
resolution_combined,1,0.4,recalibrated,0.8633761291503906,0.9453121337890625,v2:interp__resolution_combined__seed1.jsonl
resolution_combined,1,0.42,recalibrated,0.8815520629882813,0.9620223388671875,v2:interp__resolution_combined__seed1.jsonl
resolution_combined,1,0.44,recalibrated,0.8946632080078125,0.9769334106445312,v2:interp__resolution_combined__seed1.jsonl
resolution_combined,1,0.46,recalibrated,0.9031458129882812,0.9877836303710937,v2:interp__resolution_combined__seed1.jsonl
resolution_combined,1,0.48,recalibrated,0.9076381225585938,0.9953082275390625,v2:interp__resolution_combined__seed1.jsonl
resolution_combined,1,0.5,recalibrated,0.9077465209960938,0.9986152954101563,v2:interp__resolution_combined__seed1.jsonl
resolution_combined,1,0.52,recalibrated,0.9029791564941406,0.99696337890625,v2:interp__resolution_combined__seed1.jsonl
resolution_combined,1,0.54,recalibrated,0.8928334655761718,0.9904302368164063,v2:interp__resolution_combined__seed1.jsonl
resolution_combined,1,0.56,recalibrated,0.8776929931640625,0.98026318359375,v2:interp__resolution_combined__seed1.jsonl
resolution_combined,1,0.58,recalibrated,0.8584486694335938,0.9667063598632812,v2:interp__resolution_combined__seed1.jsonl
resolution_combined,1,0.6,recalibrated,0.8360580749511719,0.9501657104492187,v2:interp__resolution_combined__seed1.jsonl
resolution_combined,1,0.62,recalibrated,0.8097213134765625,0.9305927734375,v2:interp__resolution_combined__seed1.jsonl
resolution_combined,1,0.64,recalibrated,0.779684814453125,0.9087802429199219,v2:interp__resolution_combined__seed1.jsonl
resolution_combined,1,0.66,recalibrated,0.7475072631835937,0.8843917236328125,v2:interp__resolution_combined__seed1.jsonl
resolution_combined,1,0.68,recalibrated,0.7130160217285156,0.8588318481445313,v2:interp__resolution_combined__seed1.jsonl
resolution_combined,1,0.7000000000000001,recalibrated,0.6774183044433594,0.8323651123046875,v2:interp__resolution_combined__seed1.jsonl
resolution_combined,1,0.72,recalibrated,0.6408165893554687,0.8058701782226563,v2:interp__resolution_combined__seed1.jsonl
resolution_combined,1,0.74,recalibrated,0.6035971374511718,0.7794797058105469,v2:interp__resolution_combined__seed1.jsonl
resolution_combined,1,0.76,recalibrated,0.5670209045410156,0.7529129028320313,v2:interp__resolution_combined__seed1.jsonl
resolution_combined,1,0.78,recalibrated,0.5319507446289062,0.7269459838867187,v2:interp__resolution_combined__seed1.jsonl
resolution_combined,1,0.8,recalibrated,0.4979059143066406,0.7016870727539063,v2:interp__resolution_combined__seed1.jsonl
resolution_combined,1,0.8200000000000001,recalibrated,0.4658299560546875,0.6776876831054688,v2:interp__resolution_combined__seed1.jsonl
resolution_combined,1,0.84,recalibrated,0.4360689239501953,0.655109130859375,v2:interp__resolution_combined__seed1.jsonl
resolution_combined,1,0.86,recalibrated,0.40845538330078124,0.6344887390136719,v2:interp__resolution_combined__seed1.jsonl
resolution_combined,1,0.88,recalibrated,0.3832639465332031,0.6156585083007813,v2:interp__resolution_combined__seed1.jsonl
resolution_combined,1,0.9,recalibrated,0.36078706359863283,0.59936474609375,v2:interp__resolution_combined__seed1.jsonl
resolution_combined,1,0.92,recalibrated,0.3413400115966797,0.5850497436523437,v2:interp__resolution_combined__seed1.jsonl
resolution_combined,1,0.9400000000000001,recalibrated,0.3248725280761719,0.5731268615722657,v2:interp__resolution_combined__seed1.jsonl
resolution_combined,1,0.96,recalibrated,0.31163400268554686,0.5634042053222656,v2:interp__resolution_combined__seed1.jsonl
resolution_combined,1,0.98,recalibrated,0.30171737670898435,0.5564984436035156,v2:interp__resolution_combined__seed1.jsonl
resolution_combined,1,1.0,recalibrated,0.2950891418457031,0.5520675659179688,v2:interp__resolution_combined__seed1.jsonl
plain_combined,2,0.0,recalibrated,0.19441744995117188,0.7352325439453125,v2:interp__plain_combined__seed2.jsonl
plain_combined,2,0.02,recalibrated,0.20085301208496092,0.733489990234375,v2:interp__plain_combined__seed2.jsonl
plain_combined,2,0.04,recalibrated,0.21502804565429687,0.7358055114746094,v2:interp__plain_combined__seed2.jsonl
plain_combined,2,0.06,recalibrated,0.23822833251953124,0.7424352722167968,v2:interp__plain_combined__seed2.jsonl
plain_combined,2,0.08,recalibrated,0.26990887451171874,0.7517039794921875,v2:interp__plain_combined__seed2.jsonl
plain_combined,2,0.1,recalibrated,0.30840484619140623,0.7624616088867188,v2:interp__plain_combined__seed2.jsonl
plain_combined,2,0.12,recalibrated,0.3525913543701172,0.7748958740234375,v2:interp__plain_combined__seed2.jsonl
plain_combined,2,0.14,recalibrated,0.4006593933105469,0.7922334899902344,v2:interp__plain_combined__seed2.jsonl
plain_combined,2,0.16,recalibrated,0.4520017852783203,0.8138849182128907,v2:interp__plain_combined__seed2.jsonl
plain_combined,2,0.18,recalibrated,0.5068790435791015,0.8389420166015625,v2:interp__plain_combined__seed2.jsonl
plain_combined,2,0.2,recalibrated,0.5657593078613281,0.8660443725585938,v2:interp__plain_combined__seed2.jsonl
plain_combined,2,0.22,recalibrated,0.6260269470214844,0.8959703674316406,v2:interp__plain_combined__seed2.jsonl
plain_combined,2,0.24,recalibrated,0.68802392578125,0.9302709655761718,v2:interp__plain_combined__seed2.jsonl
plain_combined,2,0.26,recalibrated,0.7488305969238281,0.9673537292480469,v2:interp__plain_combined__seed2.jsonl
plain_combined,2,0.28,recalibrated,0.8095296020507813,1.0062861938476562,v2:interp__plain_combined__seed2.jsonl
plain_combined,2,0.3,recalibrated,0.868800048828125,1.0474794921875,v2:interp__plain_combined__seed2.jsonl
plain_combined,2,0.32,recalibrated,0.9250300598144531,1.0877015380859374,v2:interp__plain_combined__seed2.jsonl
plain_combined,2,0.34,recalibrated,0.9764051208496094,1.1262822265625,v2:interp__plain_combined__seed2.jsonl
plain_combined,2,0.36,recalibrated,1.0228875732421876,1.1631116943359374,v2:interp__plain_combined__seed2.jsonl
plain_combined,2,0.38,recalibrated,1.0656624755859374,1.197171630859375,v2:interp__plain_combined__seed2.jsonl
plain_combined,2,0.4,recalibrated,1.1048782958984376,1.2278142700195311,v2:interp__plain_combined__seed2.jsonl
plain_combined,2,0.42,recalibrated,1.1387430419921876,1.254146484375,v2:interp__plain_combined__seed2.jsonl
plain_combined,2,0.44,recalibrated,1.1673421630859375,1.2741177368164063,v2:interp__plain_combined__seed2.jsonl
plain_combined,2,0.46,recalibrated,1.1897833251953125,1.2875636596679687,v2:interp__plain_combined__seed2.jsonl
plain_combined,2,0.48,recalibrated,1.2033325805664064,1.2908814086914062,v2:interp__plain_combined__seed2.jsonl
plain_combined,2,0.5,recalibrated,1.2073253784179687,1.28603466796875,v2:interp__plain_combined__seed2.jsonl
plain_combined,2,0.52,recalibrated,1.2008886108398438,1.2741168212890626,v2:interp__plain_combined__seed2.jsonl
plain_combined,2,0.54,recalibrated,1.1852110595703125,1.2543373413085936,v2:interp__plain_combined__seed2.jsonl
plain_combined,2,0.56,recalibrated,1.16314794921875,1.2289802856445313,v2:interp__plain_combined__seed2.jsonl
plain_combined,2,0.58,recalibrated,1.1339677124023437,1.1993074340820313,v2:interp__plain_combined__seed2.jsonl
plain_combined,2,0.6,recalibrated,1.0976339721679687,1.164095947265625,v2:interp__plain_combined__seed2.jsonl
plain_combined,2,0.62,recalibrated,1.0559125366210937,1.1249888916015625,v2:interp__plain_combined__seed2.jsonl
plain_combined,2,0.64,recalibrated,1.0092074584960937,1.0826900634765626,v2:interp__plain_combined__seed2.jsonl
plain_combined,2,0.66,recalibrated,0.9592970886230469,1.0375391845703126,v2:interp__plain_combined__seed2.jsonl
plain_combined,2,0.68,recalibrated,0.9048887634277344,0.9906564331054688,v2:interp__plain_combined__seed2.jsonl
plain_combined,2,0.7000000000000001,recalibrated,0.8463818359375,0.944474365234375,v2:interp__plain_combined__seed2.jsonl
plain_combined,2,0.72,recalibrated,0.7874828796386719,0.8988744201660156,v2:interp__plain_combined__seed2.jsonl
plain_combined,2,0.74,recalibrated,0.7286695251464844,0.8543607177734375,v2:interp__plain_combined__seed2.jsonl
plain_combined,2,0.76,recalibrated,0.6713975830078125,0.812513916015625,v2:interp__plain_combined__seed2.jsonl
plain_combined,2,0.78,recalibrated,0.6157226867675781,0.7746101684570312,v2:interp__plain_combined__seed2.jsonl
plain_combined,2,0.8,recalibrated,0.5633563232421875,0.7394068298339844,v2:interp__plain_combined__seed2.jsonl
plain_combined,2,0.8200000000000001,recalibrated,0.5151005249023437,0.7065976867675782,v2:interp__plain_combined__seed2.jsonl
plain_combined,2,0.84,recalibrated,0.471369873046875,0.6767896728515626,v2:interp__plain_combined__seed2.jsonl
plain_combined,2,0.86,recalibrated,0.43348710632324217,0.6498499450683594,v2:interp__plain_combined__seed2.jsonl
plain_combined,2,0.88,recalibrated,0.3992205810546875,0.6258187561035157,v2:interp__plain_combined__seed2.jsonl
plain_combined,2,0.9,recalibrated,0.3694021301269531,0.6032918395996094,v2:interp__plain_combined__seed2.jsonl
plain_combined,2,0.92,recalibrated,0.3445402984619141,0.5840664672851562,v2:interp__plain_combined__seed2.jsonl
plain_combined,2,0.9400000000000001,recalibrated,0.3247990264892578,0.5679840393066407,v2:interp__plain_combined__seed2.jsonl
plain_combined,2,0.96,recalibrated,0.3090536193847656,0.5556314239501953,v2:interp__plain_combined__seed2.jsonl
plain_combined,2,0.98,recalibrated,0.29819914245605467,0.5464836120605469,v2:interp__plain_combined__seed2.jsonl
plain_combined,2,1.0,recalibrated,0.29257167053222655,0.5407951049804688,v2:interp__plain_combined__seed2.jsonl
plain_gaussian,2,0.0,recalibrated,0.19441744995117188,0.7352325439453125,v2:interp__plain_gaussian__seed2.jsonl
plain_gaussian,2,0.02,recalibrated,0.20283815002441405,0.7382987365722656,v2:interp__plain_gaussian__seed2.jsonl
plain_gaussian,2,0.04,recalibrated,0.22194883728027343,0.7460190734863281,v2:interp__plain_gaussian__seed2.jsonl
plain_gaussian,2,0.06,recalibrated,0.25151043701171877,0.7584689331054687,v2:interp__plain_gaussian__seed2.jsonl
plain_gaussian,2,0.08,recalibrated,0.2913481140136719,0.7751875305175782,v2:interp__plain_gaussian__seed2.jsonl
plain_gaussian,2,0.1,recalibrated,0.33949803161621095,0.7957433471679688,v2:interp__plain_gaussian__seed2.jsonl
plain_gaussian,2,0.12,recalibrated,0.3942077026367187,0.8208926086425781,v2:interp__plain_gaussian__seed2.jsonl
plain_gaussian,2,0.14,recalibrated,0.4565537109375,0.8505104675292968,v2:interp__plain_gaussian__seed2.jsonl
plain_gaussian,2,0.16,recalibrated,0.526170166015625,0.8806534729003906,v2:interp__plain_gaussian__seed2.jsonl
plain_gaussian,2,0.18,recalibrated,0.6022224731445313,0.9142443542480468,v2:interp__plain_gaussian__seed2.jsonl
plain_gaussian,2,0.2,recalibrated,0.6834012756347656,0.9568063354492188,v2:interp__plain_gaussian__seed2.jsonl
plain_gaussian,2,0.22,recalibrated,0.7678073120117187,1.0050257263183593,v2:interp__plain_gaussian__seed2.jsonl
plain_gaussian,2,0.24,recalibrated,0.853985595703125,1.0585247497558594,v2:interp__plain_gaussian__seed2.jsonl
plain_gaussian,2,0.26,recalibrated,0.9395914001464843,1.1158757629394531,v2:interp__plain_gaussian__seed2.jsonl
plain_gaussian,2,0.28,recalibrated,1.0226083374023438,1.1774024658203126,v2:interp__plain_gaussian__seed2.jsonl
plain_gaussian,2,0.3,recalibrated,1.1027523803710937,1.2381088256835937,v2:interp__plain_gaussian__seed2.jsonl
plain_gaussian,2,0.32,recalibrated,1.1758191528320312,1.29947705078125,v2:interp__plain_gaussian__seed2.jsonl
plain_gaussian,2,0.34,recalibrated,1.2410636596679687,1.3581463623046874,v2:interp__plain_gaussian__seed2.jsonl
plain_gaussian,2,0.36,recalibrated,1.3004788208007811,1.408417236328125,v2:interp__plain_gaussian__seed2.jsonl
plain_gaussian,2,0.38,recalibrated,1.3517413330078125,1.4519016723632812,v2:interp__plain_gaussian__seed2.jsonl
plain_gaussian,2,0.4,recalibrated,1.3942549438476564,1.4869699096679687,v2:interp__plain_gaussian__seed2.jsonl
plain_gaussian,2,0.42,recalibrated,1.429351318359375,1.516902099609375,v2:interp__plain_gaussian__seed2.jsonl
plain_gaussian,2,0.44,recalibrated,1.4562903442382813,1.53801220703125,v2:interp__plain_gaussian__seed2.jsonl
plain_gaussian,2,0.46,recalibrated,1.4739359741210938,1.54744775390625,v2:interp__plain_gaussian__seed2.jsonl
plain_gaussian,2,0.48,recalibrated,1.4825753173828125,1.5487567138671876,v2:interp__plain_gaussian__seed2.jsonl
plain_gaussian,2,0.5,recalibrated,1.4800625,1.5437105712890624,v2:interp__plain_gaussian__seed2.jsonl
plain_gaussian,2,0.52,recalibrated,1.4673325805664061,1.5321316528320312,v2:interp__plain_gaussian__seed2.jsonl
plain_gaussian,2,0.54,recalibrated,1.4449557495117187,1.5112093505859374,v2:interp__plain_gaussian__seed2.jsonl
plain_gaussian,2,0.56,recalibrated,1.4126527099609374,1.480898193359375,v2:interp__plain_gaussian__seed2.jsonl
plain_gaussian,2,0.58,recalibrated,1.3714791259765624,1.4409061889648438,v2:interp__plain_gaussian__seed2.jsonl
plain_gaussian,2,0.6,recalibrated,1.3261009521484375,1.3927175903320312,v2:interp__plain_gaussian__seed2.jsonl
plain_gaussian,2,0.62,recalibrated,1.2739893798828126,1.3371314697265626,v2:interp__plain_gaussian__seed2.jsonl
plain_gaussian,2,0.64,recalibrated,1.2143961791992188,1.277837158203125,v2:interp__plain_gaussian__seed2.jsonl
plain_gaussian,2,0.66,recalibrated,1.1504671020507813,1.2159935913085937,v2:interp__plain_gaussian__seed2.jsonl
plain_gaussian,2,0.68,recalibrated,1.0842844848632813,1.1507427978515625,v2:interp__plain_gaussian__seed2.jsonl
plain_gaussian,2,0.7000000000000001,recalibrated,1.0133990478515624,1.0840928344726561,v2:interp__plain_gaussian__seed2.jsonl
plain_gaussian,2,0.72,recalibrated,0.9377440185546875,1.017826416015625,v2:interp__plain_gaussian__seed2.jsonl
plain_gaussian,2,0.74,recalibrated,0.8577590942382812,0.9556669921875,v2:interp__plain_gaussian__seed2.jsonl
plain_gaussian,2,0.76,recalibrated,0.778564697265625,0.8965242004394531,v2:interp__plain_gaussian__seed2.jsonl
plain_gaussian,2,0.78,recalibrated,0.7028037414550782,0.8435054931640625,v2:interp__plain_gaussian__seed2.jsonl
plain_gaussian,2,0.8,recalibrated,0.6301271362304688,0.7957210998535156,v2:interp__plain_gaussian__seed2.jsonl
plain_gaussian,2,0.8200000000000001,recalibrated,0.5615904235839844,0.7528128051757812,v2:interp__plain_gaussian__seed2.jsonl
plain_gaussian,2,0.84,recalibrated,0.49979779052734374,0.7166955871582031,v2:interp__plain_gaussian__seed2.jsonl
plain_gaussian,2,0.86,recalibrated,0.4443637847900391,0.6866891174316406,v2:interp__plain_gaussian__seed2.jsonl
plain_gaussian,2,0.88,recalibrated,0.395375,0.6613946228027344,v2:interp__plain_gaussian__seed2.jsonl
plain_gaussian,2,0.9,recalibrated,0.35376116943359376,0.6409395141601563,v2:interp__plain_gaussian__seed2.jsonl
plain_gaussian,2,0.92,recalibrated,0.319999755859375,0.6249434814453125,v2:interp__plain_gaussian__seed2.jsonl
plain_gaussian,2,0.9400000000000001,recalibrated,0.29303369140625,0.6123043212890625,v2:interp__plain_gaussian__seed2.jsonl
plain_gaussian,2,0.96,recalibrated,0.2725655822753906,0.6039246826171875,v2:interp__plain_gaussian__seed2.jsonl
plain_gaussian,2,0.98,recalibrated,0.258888801574707,0.5993912658691406,v2:interp__plain_gaussian__seed2.jsonl
plain_gaussian,2,1.0,recalibrated,0.2518327789306641,0.5980935974121093,v2:interp__plain_gaussian__seed2.jsonl
plain_resolution,2,0.0,recalibrated,0.19441744995117188,0.7352325439453125,v2:interp__plain_resolution__seed2.jsonl
plain_resolution,2,0.02,recalibrated,0.199358154296875,0.7346222534179687,v2:interp__plain_resolution__seed2.jsonl
plain_resolution,2,0.04,recalibrated,0.21130435943603515,0.7363345336914062,v2:interp__plain_resolution__seed2.jsonl
plain_resolution,2,0.06,recalibrated,0.23060537719726562,0.7409606323242187,v2:interp__plain_resolution__seed2.jsonl
plain_resolution,2,0.08,recalibrated,0.25654562377929685,0.7474744873046875,v2:interp__plain_resolution__seed2.jsonl
plain_resolution,2,0.1,recalibrated,0.28821751403808593,0.7561612243652344,v2:interp__plain_resolution__seed2.jsonl
plain_resolution,2,0.12,recalibrated,0.32635084533691405,0.7686636352539062,v2:interp__plain_resolution__seed2.jsonl
plain_resolution,2,0.14,recalibrated,0.36998672485351564,0.78409619140625,v2:interp__plain_resolution__seed2.jsonl
plain_resolution,2,0.16,recalibrated,0.4173724060058594,0.8017571105957031,v2:interp__plain_resolution__seed2.jsonl
plain_resolution,2,0.18,recalibrated,0.46782722473144533,0.8220230102539062,v2:interp__plain_resolution__seed2.jsonl
plain_resolution,2,0.2,recalibrated,0.5196966400146484,0.8438936767578125,v2:interp__plain_resolution__seed2.jsonl
plain_resolution,2,0.22,recalibrated,0.572953369140625,0.8664525451660157,v2:interp__plain_resolution__seed2.jsonl
plain_resolution,2,0.24,recalibrated,0.6268529663085938,0.891887939453125,v2:interp__plain_resolution__seed2.jsonl
plain_resolution,2,0.26,recalibrated,0.6808148803710937,0.919522705078125,v2:interp__plain_resolution__seed2.jsonl
plain_resolution,2,0.28,recalibrated,0.732375244140625,0.948778564453125,v2:interp__plain_resolution__seed2.jsonl
plain_resolution,2,0.3,recalibrated,0.7835938110351562,0.978984619140625,v2:interp__plain_resolution__seed2.jsonl
plain_resolution,2,0.32,recalibrated,0.8343654174804688,1.0111669006347657,v2:interp__plain_resolution__seed2.jsonl
plain_resolution,2,0.34,recalibrated,0.8823099365234375,1.0433233642578126,v2:interp__plain_resolution__seed2.jsonl
plain_resolution,2,0.36,recalibrated,0.9279848937988281,1.0748992309570313,v2:interp__plain_resolution__seed2.jsonl
plain_resolution,2,0.38,recalibrated,0.9680016174316406,1.104616455078125,v2:interp__plain_resolution__seed2.jsonl
plain_resolution,2,0.4,recalibrated,1.0029085693359374,1.1322359619140625,v2:interp__plain_resolution__seed2.jsonl
plain_resolution,2,0.42,recalibrated,1.0325033569335937,1.1566748046875,v2:interp__plain_resolution__seed2.jsonl
plain_resolution,2,0.44,recalibrated,1.0578999938964844,1.1762935791015625,v2:interp__plain_resolution__seed2.jsonl
plain_resolution,2,0.46,recalibrated,1.0786441650390626,1.189281005859375,v2:interp__plain_resolution__seed2.jsonl
plain_resolution,2,0.48,recalibrated,1.0917555541992188,1.1971676635742188,v2:interp__plain_resolution__seed2.jsonl
plain_resolution,2,0.5,recalibrated,1.0975667724609375,1.2001690063476562,v2:interp__plain_resolution__seed2.jsonl
plain_resolution,2,0.52,recalibrated,1.0952479553222656,1.1953265991210937,v2:interp__plain_resolution__seed2.jsonl
plain_resolution,2,0.54,recalibrated,1.0843731384277344,1.1851195068359375,v2:interp__plain_resolution__seed2.jsonl
plain_resolution,2,0.56,recalibrated,1.0670235900878906,1.169135986328125,v2:interp__plain_resolution__seed2.jsonl
plain_resolution,2,0.58,recalibrated,1.04432421875,1.1457874755859374,v2:interp__plain_resolution__seed2.jsonl
plain_resolution,2,0.6,recalibrated,1.0152083740234374,1.1186016845703124,v2:interp__plain_resolution__seed2.jsonl
plain_resolution,2,0.62,recalibrated,0.98106201171875,1.08925439453125,v2:interp__plain_resolution__seed2.jsonl
plain_resolution,2,0.64,recalibrated,0.9421799621582031,1.0566282043457031,v2:interp__plain_resolution__seed2.jsonl
plain_resolution,2,0.66,recalibrated,0.8978230590820313,1.0205933532714844,v2:interp__plain_resolution__seed2.jsonl
plain_resolution,2,0.68,recalibrated,0.8505999145507812,0.9813632202148438,v2:interp__plain_resolution__seed2.jsonl
plain_resolution,2,0.7000000000000001,recalibrated,0.8006253967285156,0.9410497131347656,v2:interp__plain_resolution__seed2.jsonl
plain_resolution,2,0.72,recalibrated,0.7494294738769531,0.899917236328125,v2:interp__plain_resolution__seed2.jsonl
plain_resolution,2,0.74,recalibrated,0.6978548889160157,0.8587594299316407,v2:interp__plain_resolution__seed2.jsonl
plain_resolution,2,0.76,recalibrated,0.6468519287109376,0.8182508239746094,v2:interp__plain_resolution__seed2.jsonl
plain_resolution,2,0.78,recalibrated,0.5966494445800781,0.7798720703125,v2:interp__plain_resolution__seed2.jsonl
plain_resolution,2,0.8,recalibrated,0.5484394226074218,0.7441847229003906,v2:interp__plain_resolution__seed2.jsonl
plain_resolution,2,0.8200000000000001,recalibrated,0.5025560302734375,0.7118216552734375,v2:interp__plain_resolution__seed2.jsonl
plain_resolution,2,0.84,recalibrated,0.4613441772460937,0.6818477172851563,v2:interp__plain_resolution__seed2.jsonl
plain_resolution,2,0.86,recalibrated,0.4244272918701172,0.6549666137695312,v2:interp__plain_resolution__seed2.jsonl
plain_resolution,2,0.88,recalibrated,0.391822265625,0.6306888122558594,v2:interp__plain_resolution__seed2.jsonl
plain_resolution,2,0.9,recalibrated,0.36297825622558594,0.6088881530761718,v2:interp__plain_resolution__seed2.jsonl
plain_resolution,2,0.92,recalibrated,0.3387152099609375,0.5903847961425781,v2:interp__plain_resolution__seed2.jsonl
plain_resolution,2,0.9400000000000001,recalibrated,0.3189176330566406,0.5753638610839844,v2:interp__plain_resolution__seed2.jsonl
plain_resolution,2,0.96,recalibrated,0.30360986328125,0.5642772216796875,v2:interp__plain_resolution__seed2.jsonl
plain_resolution,2,0.98,recalibrated,0.2937784118652344,0.5566221008300781,v2:interp__plain_resolution__seed2.jsonl
plain_resolution,2,1.0,recalibrated,0.2894099578857422,0.5525310974121094,v2:interp__plain_resolution__seed2.jsonl
resolution_combined,2,0.0,recalibrated,0.2894099578857422,0.5525310974121094,v2:interp__resolution_combined__seed2.jsonl
resolution_combined,2,0.02,recalibrated,0.2934071807861328,0.5570438537597656,v2:interp__resolution_combined__seed2.jsonl
resolution_combined,2,0.04,recalibrated,0.30226263427734373,0.5640408935546875,v2:interp__resolution_combined__seed2.jsonl
resolution_combined,2,0.06,recalibrated,0.31586956787109377,0.5736764831542969,v2:interp__resolution_combined__seed2.jsonl
resolution_combined,2,0.08,recalibrated,0.33484080505371094,0.58652490234375,v2:interp__resolution_combined__seed2.jsonl
resolution_combined,2,0.1,recalibrated,0.35847552490234375,0.6020734252929687,v2:interp__resolution_combined__seed2.jsonl
resolution_combined,2,0.12,recalibrated,0.3859395446777344,0.6207340087890625,v2:interp__resolution_combined__seed2.jsonl
resolution_combined,2,0.14,recalibrated,0.4170201416015625,0.6424948425292969,v2:interp__resolution_combined__seed2.jsonl
resolution_combined,2,0.16,recalibrated,0.45219989013671874,0.6668529968261718,v2:interp__resolution_combined__seed2.jsonl
resolution_combined,2,0.18,recalibrated,0.49075564575195313,0.6944781494140625,v2:interp__resolution_combined__seed2.jsonl
resolution_combined,2,0.2,recalibrated,0.5332388916015625,0.7247102355957031,v2:interp__resolution_combined__seed2.jsonl
resolution_combined,2,0.22,recalibrated,0.5787200927734375,0.7574161682128906,v2:interp__resolution_combined__seed2.jsonl
resolution_combined,2,0.24,recalibrated,0.6266382141113281,0.792551025390625,v2:interp__resolution_combined__seed2.jsonl
resolution_combined,2,0.26,recalibrated,0.6763517456054687,0.8304831848144532,v2:interp__resolution_combined__seed2.jsonl
resolution_combined,2,0.28,recalibrated,0.7270055541992188,0.869723388671875,v2:interp__resolution_combined__seed2.jsonl
resolution_combined,2,0.3,recalibrated,0.7775263366699219,0.9099966430664063,v2:interp__resolution_combined__seed2.jsonl
resolution_combined,2,0.32,recalibrated,0.827687255859375,0.9496828918457031,v2:interp__resolution_combined__seed2.jsonl
resolution_combined,2,0.34,recalibrated,0.8762734985351562,0.9884187927246094,v2:interp__resolution_combined__seed2.jsonl
resolution_combined,2,0.36,recalibrated,0.9210779113769532,1.025231201171875,v2:interp__resolution_combined__seed2.jsonl
resolution_combined,2,0.38,recalibrated,0.9615328979492187,1.0587898559570312,v2:interp__resolution_combined__seed2.jsonl
resolution_combined,2,0.4,recalibrated,0.997067626953125,1.0869786376953126,v2:interp__resolution_combined__seed2.jsonl
resolution_combined,2,0.42,recalibrated,1.0276904296875,1.1097478637695313,v2:interp__resolution_combined__seed2.jsonl
resolution_combined,2,0.44,recalibrated,1.0522005615234375,1.1269111938476561,v2:interp__resolution_combined__seed2.jsonl
resolution_combined,2,0.46,recalibrated,1.0707937622070312,1.1386639404296874,v2:interp__resolution_combined__seed2.jsonl
resolution_combined,2,0.48,recalibrated,1.082936279296875,1.1444251098632812,v2:interp__resolution_combined__seed2.jsonl
resolution_combined,2,0.5,recalibrated,1.087635986328125,1.1447314453125,v2:interp__resolution_combined__seed2.jsonl
resolution_combined,2,0.52,recalibrated,1.0846576538085937,1.139989013671875,v2:interp__resolution_combined__seed2.jsonl
resolution_combined,2,0.54,recalibrated,1.0727220458984374,1.1297225952148438,v2:interp__resolution_combined__seed2.jsonl
resolution_combined,2,0.56,recalibrated,1.0529473266601563,1.113580322265625,v2:interp__resolution_combined__seed2.jsonl
resolution_combined,2,0.58,recalibrated,1.0255928039550781,1.0932047729492187,v2:interp__resolution_combined__seed2.jsonl
resolution_combined,2,0.6,recalibrated,0.9920156860351562,1.0686995849609375,v2:interp__resolution_combined__seed2.jsonl
resolution_combined,2,0.62,recalibrated,0.9531983032226562,1.0402216491699219,v2:interp__resolution_combined__seed2.jsonl
resolution_combined,2,0.64,recalibrated,0.9106804809570312,1.007763427734375,v2:interp__resolution_combined__seed2.jsonl
resolution_combined,2,0.66,recalibrated,0.8650484313964844,0.9718374633789062,v2:interp__resolution_combined__seed2.jsonl
resolution_combined,2,0.68,recalibrated,0.8167839050292969,0.9327100830078126,v2:interp__resolution_combined__seed2.jsonl
resolution_combined,2,0.7000000000000001,recalibrated,0.7666708374023438,0.8921278381347656,v2:interp__resolution_combined__seed2.jsonl
resolution_combined,2,0.72,recalibrated,0.7164311828613281,0.8503040466308593,v2:interp__resolution_combined__seed2.jsonl
resolution_combined,2,0.74,recalibrated,0.6669324951171876,0.810147216796875,v2:interp__resolution_combined__seed2.jsonl
resolution_combined,2,0.76,recalibrated,0.6194969482421875,0.7714713134765625,v2:interp__resolution_combined__seed2.jsonl
resolution_combined,2,0.78,recalibrated,0.57473681640625,0.7345901489257812,v2:interp__resolution_combined__seed2.jsonl
resolution_combined,2,0.8,recalibrated,0.5328067626953125,0.7004765014648437,v2:interp__resolution_combined__seed2.jsonl
resolution_combined,2,0.8200000000000001,recalibrated,0.49325152587890625,0.6699517822265625,v2:interp__resolution_combined__seed2.jsonl
resolution_combined,2,0.84,recalibrated,0.4566514892578125,0.642231689453125,v2:interp__resolution_combined__seed2.jsonl
resolution_combined,2,0.86,recalibrated,0.4228027648925781,0.6178092346191406,v2:interp__resolution_combined__seed2.jsonl
resolution_combined,2,0.88,recalibrated,0.39191871643066406,0.5973218383789063,v2:interp__resolution_combined__seed2.jsonl
resolution_combined,2,0.9,recalibrated,0.36524516296386716,0.5799635009765625,v2:interp__resolution_combined__seed2.jsonl
resolution_combined,2,0.92,recalibrated,0.3427059478759766,0.5655468139648437,v2:interp__resolution_combined__seed2.jsonl
resolution_combined,2,0.9400000000000001,recalibrated,0.3245675048828125,0.5545805206298828,v2:interp__resolution_combined__seed2.jsonl
resolution_combined,2,0.96,recalibrated,0.30960133361816405,0.5465979309082031,v2:interp__resolution_combined__seed2.jsonl
resolution_combined,2,0.98,recalibrated,0.29902105712890625,0.5421527709960937,v2:interp__resolution_combined__seed2.jsonl
resolution_combined,2,1.0,recalibrated,0.29257167053222655,0.5407951049804688,v2:interp__resolution_combined__seed2.jsonl
plain_combined,3,0.0,recalibrated,0.17704528045654297,0.7611475219726562,v2:interp__plain_combined__seed3.jsonl
plain_combined,3,0.02,recalibrated,0.18845539093017577,0.7514594421386719,v2:interp__plain_combined__seed3.jsonl
plain_combined,3,0.04,recalibrated,0.208427734375,0.7456417846679687,v2:interp__plain_combined__seed3.jsonl
plain_combined,3,0.06,recalibrated,0.2365653076171875,0.746828857421875,v2:interp__plain_combined__seed3.jsonl
plain_combined,3,0.08,recalibrated,0.27186737060546873,0.7534617309570313,v2:interp__plain_combined__seed3.jsonl
plain_combined,3,0.1,recalibrated,0.31421690368652344,0.764260986328125,v2:interp__plain_combined__seed3.jsonl
plain_combined,3,0.12,recalibrated,0.3613481140136719,0.7785256958007812,v2:interp__plain_combined__seed3.jsonl
plain_combined,3,0.14,recalibrated,0.4140799560546875,0.7953666687011719,v2:interp__plain_combined__seed3.jsonl
plain_combined,3,0.16,recalibrated,0.47074581909179686,0.8149445190429687,v2:interp__plain_combined__seed3.jsonl
plain_combined,3,0.18,recalibrated,0.5294007110595703,0.8386104125976562,v2:interp__plain_combined__seed3.jsonl
plain_combined,3,0.2,recalibrated,0.5894887084960938,0.8680279235839844,v2:interp__plain_combined__seed3.jsonl
plain_combined,3,0.22,recalibrated,0.6505595703125,0.9006240234375,v2:interp__plain_combined__seed3.jsonl
plain_combined,3,0.24,recalibrated,0.7151660766601563,0.9368214111328125,v2:interp__plain_combined__seed3.jsonl
plain_combined,3,0.26,recalibrated,0.7805782470703125,0.9756768798828125,v2:interp__plain_combined__seed3.jsonl
plain_combined,3,0.28,recalibrated,0.843640625,1.01696435546875,v2:interp__plain_combined__seed3.jsonl
plain_combined,3,0.3,recalibrated,0.9064031677246094,1.0607702941894532,v2:interp__plain_combined__seed3.jsonl
plain_combined,3,0.32,recalibrated,0.9670708618164062,1.1054285583496093,v2:interp__plain_combined__seed3.jsonl
plain_combined,3,0.34,recalibrated,1.0236013793945313,1.14795166015625,v2:interp__plain_combined__seed3.jsonl
plain_combined,3,0.36,recalibrated,1.07875,1.186515869140625,v2:interp__plain_combined__seed3.jsonl
plain_combined,3,0.38,recalibrated,1.1311058959960938,1.2188833618164063,v2:interp__plain_combined__seed3.jsonl
plain_combined,3,0.4,recalibrated,1.1779932250976564,1.2444487915039062,v2:interp__plain_combined__seed3.jsonl
plain_combined,3,0.42,recalibrated,1.2168634643554688,1.264405517578125,v2:interp__plain_combined__seed3.jsonl
plain_combined,3,0.44,recalibrated,1.246636474609375,1.2800950317382813,v2:interp__plain_combined__seed3.jsonl
plain_combined,3,0.46,recalibrated,1.2663463134765625,1.2892069091796876,v2:interp__plain_combined__seed3.jsonl
plain_combined,3,0.48,recalibrated,1.2759849243164063,1.291505615234375,v2:interp__plain_combined__seed3.jsonl
plain_combined,3,0.5,recalibrated,1.2759515991210937,1.2876063232421875,v2:interp__plain_combined__seed3.jsonl
plain_combined,3,0.52,recalibrated,1.2663817749023438,1.2764674072265625,v2:interp__plain_combined__seed3.jsonl
plain_combined,3,0.54,recalibrated,1.2503878173828125,1.257519775390625,v2:interp__plain_combined__seed3.jsonl
plain_combined,3,0.56,recalibrated,1.2251118774414063,1.2318726806640625,v2:interp__plain_combined__seed3.jsonl
plain_combined,3,0.58,recalibrated,1.1925192260742188,1.1995725708007812,v2:interp__plain_combined__seed3.jsonl
plain_combined,3,0.6,recalibrated,1.1531997680664063,1.1607155151367188,v2:interp__plain_combined__seed3.jsonl
plain_combined,3,0.62,recalibrated,1.1080921630859375,1.1189598999023438,v2:interp__plain_combined__seed3.jsonl
plain_combined,3,0.64,recalibrated,1.0573447265625,1.0735257568359375,v2:interp__plain_combined__seed3.jsonl
plain_combined,3,0.66,recalibrated,1.0024639587402344,1.02540966796875,v2:interp__plain_combined__seed3.jsonl
plain_combined,3,0.68,recalibrated,0.9434373474121094,0.9765606079101562,v2:interp__plain_combined__seed3.jsonl
plain_combined,3,0.7000000000000001,recalibrated,0.8813317260742187,0.9271338195800781,v2:interp__plain_combined__seed3.jsonl
plain_combined,3,0.72,recalibrated,0.8190965576171875,0.8792355041503906,v2:interp__plain_combined__seed3.jsonl
plain_combined,3,0.74,recalibrated,0.758373291015625,0.83286328125,v2:interp__plain_combined__seed3.jsonl
plain_combined,3,0.76,recalibrated,0.6992276000976563,0.7896359558105469,v2:interp__plain_combined__seed3.jsonl
plain_combined,3,0.78,recalibrated,0.64418017578125,0.7502389526367188,v2:interp__plain_combined__seed3.jsonl
plain_combined,3,0.8,recalibrated,0.5916036376953125,0.7139646606445312,v2:interp__plain_combined__seed3.jsonl
plain_combined,3,0.8200000000000001,recalibrated,0.5417510681152343,0.6816162414550782,v2:interp__plain_combined__seed3.jsonl
plain_combined,3,0.84,recalibrated,0.4954532623291016,0.652972412109375,v2:interp__plain_combined__seed3.jsonl
plain_combined,3,0.86,recalibrated,0.45397325134277344,0.6278275146484374,v2:interp__plain_combined__seed3.jsonl
plain_combined,3,0.88,recalibrated,0.4175980529785156,0.605773193359375,v2:interp__plain_combined__seed3.jsonl
plain_combined,3,0.9,recalibrated,0.38594277954101563,0.5868613891601563,v2:interp__plain_combined__seed3.jsonl
plain_combined,3,0.92,recalibrated,0.3593334197998047,0.5710503540039062,v2:interp__plain_combined__seed3.jsonl
plain_combined,3,0.9400000000000001,recalibrated,0.3378658447265625,0.5583033599853515,v2:interp__plain_combined__seed3.jsonl
plain_combined,3,0.96,recalibrated,0.32114219665527344,0.5482869110107422,v2:interp__plain_combined__seed3.jsonl
plain_combined,3,0.98,recalibrated,0.3097752380371094,0.5413721923828125,v2:interp__plain_combined__seed3.jsonl
plain_combined,3,1.0,recalibrated,0.3031758270263672,0.53676806640625,v2:interp__plain_combined__seed3.jsonl
plain_gaussian,3,0.0,recalibrated,0.17704528045654297,0.7611475219726562,v2:interp__plain_gaussian__seed3.jsonl
plain_gaussian,3,0.02,recalibrated,0.1875443115234375,0.7578416137695313,v2:interp__plain_gaussian__seed3.jsonl
plain_gaussian,3,0.04,recalibrated,0.20671357727050782,0.7612173156738281,v2:interp__plain_gaussian__seed3.jsonl
plain_gaussian,3,0.06,recalibrated,0.23492356872558592,0.7706625671386719,v2:interp__plain_gaussian__seed3.jsonl
plain_gaussian,3,0.08,recalibrated,0.27245828247070314,0.7848092956542969,v2:interp__plain_gaussian__seed3.jsonl
plain_gaussian,3,0.1,recalibrated,0.31948753356933596,0.8039701843261718,v2:interp__plain_gaussian__seed3.jsonl
plain_gaussian,3,0.12,recalibrated,0.3738178405761719,0.82750341796875,v2:interp__plain_gaussian__seed3.jsonl
plain_gaussian,3,0.14,recalibrated,0.43485833740234375,0.8538954162597656,v2:interp__plain_gaussian__seed3.jsonl
plain_gaussian,3,0.16,recalibrated,0.502149429321289,0.8825626831054687,v2:interp__plain_gaussian__seed3.jsonl
plain_gaussian,3,0.18,recalibrated,0.57504541015625,0.9147077026367187,v2:interp__plain_gaussian__seed3.jsonl
plain_gaussian,3,0.2,recalibrated,0.6522295532226563,0.9548250427246093,v2:interp__plain_gaussian__seed3.jsonl
plain_gaussian,3,0.22,recalibrated,0.7318262939453125,0.9994346008300782,v2:interp__plain_gaussian__seed3.jsonl
plain_gaussian,3,0.24,recalibrated,0.814964599609375,1.0500521240234375,v2:interp__plain_gaussian__seed3.jsonl
plain_gaussian,3,0.26,recalibrated,0.9014666748046875,1.1051553344726563,v2:interp__plain_gaussian__seed3.jsonl
plain_gaussian,3,0.28,recalibrated,0.9895056762695312,1.164347412109375,v2:interp__plain_gaussian__seed3.jsonl
plain_gaussian,3,0.3,recalibrated,1.077011474609375,1.2252557373046875,v2:interp__plain_gaussian__seed3.jsonl
plain_gaussian,3,0.32,recalibrated,1.1625254516601562,1.2852428588867189,v2:interp__plain_gaussian__seed3.jsonl
plain_gaussian,3,0.34,recalibrated,1.241174560546875,1.3443416137695312,v2:interp__plain_gaussian__seed3.jsonl
plain_gaussian,3,0.36,recalibrated,1.313929931640625,1.39990185546875,v2:interp__plain_gaussian__seed3.jsonl
plain_gaussian,3,0.38,recalibrated,1.3806851806640625,1.4490245971679687,v2:interp__plain_gaussian__seed3.jsonl
plain_gaussian,3,0.4,recalibrated,1.438999755859375,1.4925198974609375,v2:interp__plain_gaussian__seed3.jsonl
plain_gaussian,3,0.42,recalibrated,1.4881739501953124,1.530581787109375,v2:interp__plain_gaussian__seed3.jsonl
plain_gaussian,3,0.44,recalibrated,1.527552001953125,1.5597823486328124,v2:interp__plain_gaussian__seed3.jsonl
plain_gaussian,3,0.46,recalibrated,1.5540950927734376,1.5785335083007812,v2:interp__plain_gaussian__seed3.jsonl
plain_gaussian,3,0.48,recalibrated,1.5663543090820313,1.5879701538085937,v2:interp__plain_gaussian__seed3.jsonl
plain_gaussian,3,0.5,recalibrated,1.5671622924804687,1.5861969604492188,v2:interp__plain_gaussian__seed3.jsonl
plain_gaussian,3,0.52,recalibrated,1.556948486328125,1.576606201171875,v2:interp__plain_gaussian__seed3.jsonl
plain_gaussian,3,0.54,recalibrated,1.5361176147460938,1.5584614868164062,v2:interp__plain_gaussian__seed3.jsonl
plain_gaussian,3,0.56,recalibrated,1.5055858154296875,1.5314259033203126,v2:interp__plain_gaussian__seed3.jsonl
plain_gaussian,3,0.58,recalibrated,1.4635726318359374,1.4958732299804687,v2:interp__plain_gaussian__seed3.jsonl
plain_gaussian,3,0.6,recalibrated,1.411926513671875,1.4507621459960938,v2:interp__plain_gaussian__seed3.jsonl
plain_gaussian,3,0.62,recalibrated,1.351306640625,1.3985892944335938,v2:interp__plain_gaussian__seed3.jsonl
plain_gaussian,3,0.64,recalibrated,1.2829723510742188,1.341923095703125,v2:interp__plain_gaussian__seed3.jsonl
plain_gaussian,3,0.66,recalibrated,1.2083583984375,1.2794798583984375,v2:interp__plain_gaussian__seed3.jsonl
plain_gaussian,3,0.68,recalibrated,1.1300054931640624,1.2128928833007813,v2:interp__plain_gaussian__seed3.jsonl
plain_gaussian,3,0.7000000000000001,recalibrated,1.0483428344726562,1.1417704467773437,v2:interp__plain_gaussian__seed3.jsonl
plain_gaussian,3,0.72,recalibrated,0.9636514282226563,1.0689073181152344,v2:interp__plain_gaussian__seed3.jsonl
plain_gaussian,3,0.74,recalibrated,0.8790912780761718,0.9995058288574219,v2:interp__plain_gaussian__seed3.jsonl
plain_gaussian,3,0.76,recalibrated,0.7955666198730469,0.93265380859375,v2:interp__plain_gaussian__seed3.jsonl
plain_gaussian,3,0.78,recalibrated,0.7149049682617188,0.8705358581542969,v2:interp__plain_gaussian__seed3.jsonl
plain_gaussian,3,0.8,recalibrated,0.6387820434570313,0.8130713806152344,v2:interp__plain_gaussian__seed3.jsonl
plain_gaussian,3,0.8200000000000001,recalibrated,0.5678812866210937,0.7603235473632812,v2:interp__plain_gaussian__seed3.jsonl
plain_gaussian,3,0.84,recalibrated,0.5039402313232422,0.7144364013671874,v2:interp__plain_gaussian__seed3.jsonl
plain_gaussian,3,0.86,recalibrated,0.4474880981445313,0.673334716796875,v2:interp__plain_gaussian__seed3.jsonl
plain_gaussian,3,0.88,recalibrated,0.39920668029785156,0.6412659912109375,v2:interp__plain_gaussian__seed3.jsonl
plain_gaussian,3,0.9,recalibrated,0.3596400909423828,0.6159060974121093,v2:interp__plain_gaussian__seed3.jsonl
plain_gaussian,3,0.92,recalibrated,0.3263418426513672,0.5956856079101562,v2:interp__plain_gaussian__seed3.jsonl
plain_gaussian,3,0.9400000000000001,recalibrated,0.29878240966796876,0.5793511962890625,v2:interp__plain_gaussian__seed3.jsonl
plain_gaussian,3,0.96,recalibrated,0.27794354248046876,0.567563720703125,v2:interp__plain_gaussian__seed3.jsonl
plain_gaussian,3,0.98,recalibrated,0.26373733520507814,0.5599331359863281,v2:interp__plain_gaussian__seed3.jsonl
plain_gaussian,3,1.0,recalibrated,0.25617376708984374,0.5582676391601562,v2:interp__plain_gaussian__seed3.jsonl
plain_resolution,3,0.0,recalibrated,0.17704528045654297,0.7611475219726562,v2:interp__plain_resolution__seed3.jsonl
plain_resolution,3,0.02,recalibrated,0.1866268768310547,0.7548727416992187,v2:interp__plain_resolution__seed3.jsonl
plain_resolution,3,0.04,recalibrated,0.20288975524902345,0.7514354248046875,v2:interp__plain_resolution__seed3.jsonl
plain_resolution,3,0.06,recalibrated,0.22642410278320313,0.7529599609375,v2:interp__plain_resolution__seed3.jsonl
plain_resolution,3,0.08,recalibrated,0.25600140380859376,0.7585566101074219,v2:interp__plain_resolution__seed3.jsonl
plain_resolution,3,0.1,recalibrated,0.2909070587158203,0.7682766723632812,v2:interp__plain_resolution__seed3.jsonl
plain_resolution,3,0.12,recalibrated,0.33218797302246095,0.7820775756835937,v2:interp__plain_resolution__seed3.jsonl
plain_resolution,3,0.14,recalibrated,0.3791650238037109,0.7980949096679687,v2:interp__plain_resolution__seed3.jsonl
plain_resolution,3,0.16,recalibrated,0.4304123992919922,0.8171554870605469,v2:interp__plain_resolution__seed3.jsonl
plain_resolution,3,0.18,recalibrated,0.485013916015625,0.8388041076660157,v2:interp__plain_resolution__seed3.jsonl
plain_resolution,3,0.2,recalibrated,0.5432859954833984,0.8631426391601562,v2:interp__plain_resolution__seed3.jsonl
plain_resolution,3,0.22,recalibrated,0.6034328002929688,0.8887891540527344,v2:interp__plain_resolution__seed3.jsonl
plain_resolution,3,0.24,recalibrated,0.6639766235351563,0.9180732727050781,v2:interp__plain_resolution__seed3.jsonl
plain_resolution,3,0.26,recalibrated,0.7236016845703125,0.9494711608886719,v2:interp__plain_resolution__seed3.jsonl
plain_resolution,3,0.28,recalibrated,0.7814783935546875,0.9821072998046875,v2:interp__plain_resolution__seed3.jsonl
plain_resolution,3,0.3,recalibrated,0.8375979614257812,1.011874481201172,v2:interp__plain_resolution__seed3.jsonl
plain_resolution,3,0.32,recalibrated,0.8906952819824219,1.0401340942382813,v2:interp__plain_resolution__seed3.jsonl
plain_resolution,3,0.34,recalibrated,0.9412059326171875,1.067622802734375,v2:interp__plain_resolution__seed3.jsonl
plain_resolution,3,0.36,recalibrated,0.986383056640625,1.094956817626953,v2:interp__plain_resolution__seed3.jsonl
plain_resolution,3,0.38,recalibrated,1.0277850036621095,1.1195130004882812,v2:interp__plain_resolution__seed3.jsonl
plain_resolution,3,0.4,recalibrated,1.0630639953613281,1.142500732421875,v2:interp__plain_resolution__seed3.jsonl
plain_resolution,3,0.42,recalibrated,1.092784912109375,1.1632957763671874,v2:interp__plain_resolution__seed3.jsonl
plain_resolution,3,0.44,recalibrated,1.1156952514648437,1.1824408569335938,v2:interp__plain_resolution__seed3.jsonl
plain_resolution,3,0.46,recalibrated,1.1298466186523437,1.1991743774414063,v2:interp__plain_resolution__seed3.jsonl
plain_resolution,3,0.48,recalibrated,1.1381127319335937,1.2113668212890625,v2:interp__plain_resolution__seed3.jsonl
plain_resolution,3,0.5,recalibrated,1.1388706665039063,1.2175637817382812,v2:interp__plain_resolution__seed3.jsonl
plain_resolution,3,0.52,recalibrated,1.1294077758789063,1.217201171875,v2:interp__plain_resolution__seed3.jsonl
plain_resolution,3,0.54,recalibrated,1.11234814453125,1.2087899169921874,v2:interp__plain_resolution__seed3.jsonl
plain_resolution,3,0.56,recalibrated,1.0899297485351562,1.1915050659179687,v2:interp__plain_resolution__seed3.jsonl
plain_resolution,3,0.58,recalibrated,1.061549835205078,1.169763671875,v2:interp__plain_resolution__seed3.jsonl
plain_resolution,3,0.6,recalibrated,1.0276516723632811,1.14349462890625,v2:interp__plain_resolution__seed3.jsonl
plain_resolution,3,0.62,recalibrated,0.9889408264160157,1.112577850341797,v2:interp__plain_resolution__seed3.jsonl
plain_resolution,3,0.64,recalibrated,0.9480215454101563,1.0789461059570313,v2:interp__plain_resolution__seed3.jsonl
plain_resolution,3,0.66,recalibrated,0.9033543701171876,1.042192626953125,v2:interp__plain_resolution__seed3.jsonl
plain_resolution,3,0.68,recalibrated,0.8557621459960938,1.003824981689453,v2:interp__plain_resolution__seed3.jsonl
plain_resolution,3,0.7000000000000001,recalibrated,0.8073390197753906,0.9641220703125,v2:interp__plain_resolution__seed3.jsonl
plain_resolution,3,0.72,recalibrated,0.7588229064941406,0.9228268737792968,v2:interp__plain_resolution__seed3.jsonl
plain_resolution,3,0.74,recalibrated,0.7089179077148438,0.8815978088378906,v2:interp__plain_resolution__seed3.jsonl
plain_resolution,3,0.76,recalibrated,0.6582777404785156,0.8424520568847657,v2:interp__plain_resolution__seed3.jsonl
plain_resolution,3,0.78,recalibrated,0.6089901733398437,0.8052403259277344,v2:interp__plain_resolution__seed3.jsonl
plain_resolution,3,0.8,recalibrated,0.5616041564941406,0.7695440063476563,v2:interp__plain_resolution__seed3.jsonl
plain_resolution,3,0.8200000000000001,recalibrated,0.5162115936279297,0.7361937561035157,v2:interp__plain_resolution__seed3.jsonl
plain_resolution,3,0.84,recalibrated,0.47396031188964843,0.7063179931640625,v2:interp__plain_resolution__seed3.jsonl
plain_resolution,3,0.86,recalibrated,0.435239501953125,0.6787525634765625,v2:interp__plain_resolution__seed3.jsonl
plain_resolution,3,0.88,recalibrated,0.4003591003417969,0.6528606262207032,v2:interp__plain_resolution__seed3.jsonl
plain_resolution,3,0.9,recalibrated,0.3689968414306641,0.6304896240234374,v2:interp__plain_resolution__seed3.jsonl
plain_resolution,3,0.92,recalibrated,0.3421573028564453,0.61224267578125,v2:interp__plain_resolution__seed3.jsonl
plain_resolution,3,0.9400000000000001,recalibrated,0.32085243225097654,0.5977784423828125,v2:interp__plain_resolution__seed3.jsonl
plain_resolution,3,0.96,recalibrated,0.3037965087890625,0.5863605651855469,v2:interp__plain_resolution__seed3.jsonl
plain_resolution,3,0.98,recalibrated,0.2913262176513672,0.5777015686035156,v2:interp__plain_resolution__seed3.jsonl
plain_resolution,3,1.0,recalibrated,0.2843556213378906,0.5726373291015625,v2:interp__plain_resolution__seed3.jsonl
resolution_combined,3,0.0,recalibrated,0.2843556213378906,0.5726373291015625,v2:interp__resolution_combined__seed3.jsonl
resolution_combined,3,0.02,recalibrated,0.2913764343261719,0.5771343994140625,v2:interp__resolution_combined__seed3.jsonl
resolution_combined,3,0.04,recalibrated,0.303932373046875,0.5853399353027344,v2:interp__resolution_combined__seed3.jsonl
resolution_combined,3,0.06,recalibrated,0.32145481872558596,0.5977208251953126,v2:interp__resolution_combined__seed3.jsonl
resolution_combined,3,0.08,recalibrated,0.343777587890625,0.6145891418457031,v2:interp__resolution_combined__seed3.jsonl
resolution_combined,3,0.1,recalibrated,0.3708092041015625,0.6344896240234374,v2:interp__resolution_combined__seed3.jsonl
resolution_combined,3,0.12,recalibrated,0.40302525329589844,0.6578119506835938,v2:interp__resolution_combined__seed3.jsonl
resolution_combined,3,0.14,recalibrated,0.4403734436035156,0.6840459594726562,v2:interp__resolution_combined__seed3.jsonl
resolution_combined,3,0.16,recalibrated,0.4827125549316406,0.7139468994140625,v2:interp__resolution_combined__seed3.jsonl
resolution_combined,3,0.18,recalibrated,0.5299880065917969,0.7463204956054688,v2:interp__resolution_combined__seed3.jsonl
resolution_combined,3,0.2,recalibrated,0.5820738220214844,0.7807602233886719,v2:interp__resolution_combined__seed3.jsonl
resolution_combined,3,0.22,recalibrated,0.638337158203125,0.8184541015625,v2:interp__resolution_combined__seed3.jsonl
resolution_combined,3,0.24,recalibrated,0.6968731079101562,0.8584418029785156,v2:interp__resolution_combined__seed3.jsonl
resolution_combined,3,0.26,recalibrated,0.756513671875,0.9006619262695312,v2:interp__resolution_combined__seed3.jsonl
resolution_combined,3,0.28,recalibrated,0.8156310424804688,0.9443123779296875,v2:interp__resolution_combined__seed3.jsonl
resolution_combined,3,0.3,recalibrated,0.8740270690917968,0.987586181640625,v2:interp__resolution_combined__seed3.jsonl
resolution_combined,3,0.32,recalibrated,0.9307702941894531,1.0321007080078124,v2:interp__resolution_combined__seed3.jsonl
resolution_combined,3,0.34,recalibrated,0.98573193359375,1.0748274536132814,v2:interp__resolution_combined__seed3.jsonl
resolution_combined,3,0.36,recalibrated,1.0360330810546876,1.1160318908691407,v2:interp__resolution_combined__seed3.jsonl
resolution_combined,3,0.38,recalibrated,1.08054296875,1.1537785034179688,v2:interp__resolution_combined__seed3.jsonl
resolution_combined,3,0.4,recalibrated,1.119118896484375,1.1868482055664062,v2:interp__resolution_combined__seed3.jsonl
resolution_combined,3,0.42,recalibrated,1.1504244384765625,1.2143865966796874,v2:interp__resolution_combined__seed3.jsonl
resolution_combined,3,0.44,recalibrated,1.173281982421875,1.2333277587890625,v2:interp__resolution_combined__seed3.jsonl
resolution_combined,3,0.46,recalibrated,1.1873480224609374,1.2452676391601563,v2:interp__resolution_combined__seed3.jsonl
resolution_combined,3,0.48,recalibrated,1.1929297485351562,1.250851806640625,v2:interp__resolution_combined__seed3.jsonl
resolution_combined,3,0.5,recalibrated,1.1894742431640626,1.2506031494140626,v2:interp__resolution_combined__seed3.jsonl
resolution_combined,3,0.52,recalibrated,1.1759979248046875,1.2451513671875,v2:interp__resolution_combined__seed3.jsonl
resolution_combined,3,0.54,recalibrated,1.1540768432617188,1.2313676147460937,v2:interp__resolution_combined__seed3.jsonl
resolution_combined,3,0.56,recalibrated,1.1262490234375,1.210719970703125,v2:interp__resolution_combined__seed3.jsonl
resolution_combined,3,0.58,recalibrated,1.0928611450195314,1.1847756958007813,v2:interp__resolution_combined__seed3.jsonl
resolution_combined,3,0.6,recalibrated,1.0540313110351562,1.1537166137695312,v2:interp__resolution_combined__seed3.jsonl
resolution_combined,3,0.62,recalibrated,1.0101514587402343,1.1183448486328125,v2:interp__resolution_combined__seed3.jsonl
resolution_combined,3,0.64,recalibrated,0.9611021118164063,1.0796611938476564,v2:interp__resolution_combined__seed3.jsonl
resolution_combined,3,0.66,recalibrated,0.9103717956542968,1.0371882934570313,v2:interp__resolution_combined__seed3.jsonl
resolution_combined,3,0.68,recalibrated,0.8585995483398438,0.9927479858398438,v2:interp__resolution_combined__seed3.jsonl
resolution_combined,3,0.7000000000000001,recalibrated,0.8057848205566406,0.948160400390625,v2:interp__resolution_combined__seed3.jsonl
resolution_combined,3,0.72,recalibrated,0.7520025634765625,0.9036226196289062,v2:interp__resolution_combined__seed3.jsonl
resolution_combined,3,0.74,recalibrated,0.6999535522460938,0.8595836791992187,v2:interp__resolution_combined__seed3.jsonl
resolution_combined,3,0.76,recalibrated,0.6504469604492188,0.817105224609375,v2:interp__resolution_combined__seed3.jsonl
resolution_combined,3,0.78,recalibrated,0.6036854858398437,0.7765949096679687,v2:interp__resolution_combined__seed3.jsonl
resolution_combined,3,0.8,recalibrated,0.5588334350585937,0.7384072570800781,v2:interp__resolution_combined__seed3.jsonl
resolution_combined,3,0.8200000000000001,recalibrated,0.5173177337646484,0.7033395385742187,v2:interp__resolution_combined__seed3.jsonl
resolution_combined,3,0.84,recalibrated,0.4783143920898438,0.6721891784667968,v2:interp__resolution_combined__seed3.jsonl
resolution_combined,3,0.86,recalibrated,0.44222149658203125,0.6446362915039062,v2:interp__resolution_combined__seed3.jsonl
resolution_combined,3,0.88,recalibrated,0.4097848815917969,0.6202148742675782,v2:interp__resolution_combined__seed3.jsonl
resolution_combined,3,0.9,recalibrated,0.3818377685546875,0.5987731018066407,v2:interp__resolution_combined__seed3.jsonl
resolution_combined,3,0.92,recalibrated,0.3581756286621094,0.5797579345703125,v2:interp__resolution_combined__seed3.jsonl
resolution_combined,3,0.9400000000000001,recalibrated,0.3377195129394531,0.5646221618652344,v2:interp__resolution_combined__seed3.jsonl
resolution_combined,3,0.96,recalibrated,0.3216524658203125,0.552598892211914,v2:interp__resolution_combined__seed3.jsonl
resolution_combined,3,0.98,recalibrated,0.3100105285644531,0.5439018096923828,v2:interp__resolution_combined__seed3.jsonl
resolution_combined,3,1.0,recalibrated,0.3031758270263672,0.53676806640625,v2:interp__resolution_combined__seed3.jsonl
plain_combined,4,0.0,recalibrated,0.16457229614257812,0.7361421203613281,v2:interp__plain_combined__seed4.jsonl
plain_combined,4,0.02,recalibrated,0.1738912887573242,0.7267044982910156,v2:interp__plain_combined__seed4.jsonl
plain_combined,4,0.04,recalibrated,0.18999946594238282,0.7214318237304688,v2:interp__plain_combined__seed4.jsonl
plain_combined,4,0.06,recalibrated,0.21376840209960937,0.71988525390625,v2:interp__plain_combined__seed4.jsonl
plain_combined,4,0.08,recalibrated,0.2449366226196289,0.7227875671386719,v2:interp__plain_combined__seed4.jsonl
plain_combined,4,0.1,recalibrated,0.28278671264648436,0.7323033447265626,v2:interp__plain_combined__seed4.jsonl
plain_combined,4,0.12,recalibrated,0.32569476318359375,0.7481061706542969,v2:interp__plain_combined__seed4.jsonl
plain_combined,4,0.14,recalibrated,0.37370561218261716,0.7700263671875,v2:interp__plain_combined__seed4.jsonl
plain_combined,4,0.16,recalibrated,0.4265482177734375,0.7971595153808594,v2:interp__plain_combined__seed4.jsonl
plain_combined,4,0.18,recalibrated,0.4832972412109375,0.8282130126953124,v2:interp__plain_combined__seed4.jsonl
plain_combined,4,0.2,recalibrated,0.5428387756347657,0.8631975402832032,v2:interp__plain_combined__seed4.jsonl
plain_combined,4,0.22,recalibrated,0.60424658203125,0.9006012573242187,v2:interp__plain_combined__seed4.jsonl
plain_combined,4,0.24,recalibrated,0.6684381713867188,0.9399679565429687,v2:interp__plain_combined__seed4.jsonl
plain_combined,4,0.26,recalibrated,0.7327596130371093,0.9801454467773437,v2:interp__plain_combined__seed4.jsonl
plain_combined,4,0.28,recalibrated,0.7974633483886718,1.0196017456054687,v2:interp__plain_combined__seed4.jsonl
plain_combined,4,0.3,recalibrated,0.8598240966796875,1.0601666259765625,v2:interp__plain_combined__seed4.jsonl
plain_combined,4,0.32,recalibrated,0.9216044311523437,1.1007178955078125,v2:interp__plain_combined__seed4.jsonl
plain_combined,4,0.34,recalibrated,0.9791515502929687,1.1397924194335938,v2:interp__plain_combined__seed4.jsonl
plain_combined,4,0.36,recalibrated,1.031976318359375,1.1761528930664062,v2:interp__plain_combined__seed4.jsonl
plain_combined,4,0.38,recalibrated,1.0786360473632812,1.2103717041015625,v2:interp__plain_combined__seed4.jsonl
plain_combined,4,0.4,recalibrated,1.1182158203125,1.243845947265625,v2:interp__plain_combined__seed4.jsonl
plain_combined,4,0.42,recalibrated,1.1487420654296876,1.2738402709960936,v2:interp__plain_combined__seed4.jsonl
plain_combined,4,0.44,recalibrated,1.1738584594726562,1.2962589111328124,v2:interp__plain_combined__seed4.jsonl
plain_combined,4,0.46,recalibrated,1.19295703125,1.3098153076171875,v2:interp__plain_combined__seed4.jsonl
plain_combined,4,0.48,recalibrated,1.2033490600585937,1.315492919921875,v2:interp__plain_combined__seed4.jsonl
plain_combined,4,0.5,recalibrated,1.2067232666015626,1.3160577392578126,v2:interp__plain_combined__seed4.jsonl
plain_combined,4,0.52,recalibrated,1.2040682983398439,1.3075619506835938,v2:interp__plain_combined__seed4.jsonl
plain_combined,4,0.54,recalibrated,1.1936519775390626,1.2901089477539063,v2:interp__plain_combined__seed4.jsonl
plain_combined,4,0.56,recalibrated,1.174950439453125,1.2649254150390625,v2:interp__plain_combined__seed4.jsonl
plain_combined,4,0.58,recalibrated,1.148996337890625,1.2302286987304687,v2:interp__plain_combined__seed4.jsonl
plain_combined,4,0.6,recalibrated,1.1148724975585937,1.188203369140625,v2:interp__plain_combined__seed4.jsonl
plain_combined,4,0.62,recalibrated,1.0746887817382813,1.1419652099609374,v2:interp__plain_combined__seed4.jsonl
plain_combined,4,0.64,recalibrated,1.0298038024902343,1.092292236328125,v2:interp__plain_combined__seed4.jsonl
plain_combined,4,0.66,recalibrated,0.9807041015625,1.0410716247558593,v2:interp__plain_combined__seed4.jsonl
plain_combined,4,0.68,recalibrated,0.9268112182617188,0.9887655639648437,v2:interp__plain_combined__seed4.jsonl
plain_combined,4,0.7000000000000001,recalibrated,0.8681553955078125,0.9359233093261718,v2:interp__plain_combined__seed4.jsonl
plain_combined,4,0.72,recalibrated,0.8103621826171875,0.8836926879882813,v2:interp__plain_combined__seed4.jsonl
plain_combined,4,0.74,recalibrated,0.7531503601074219,0.8320053405761719,v2:interp__plain_combined__seed4.jsonl
plain_combined,4,0.76,recalibrated,0.697910888671875,0.7825506286621093,v2:interp__plain_combined__seed4.jsonl
plain_combined,4,0.78,recalibrated,0.6447860717773437,0.7371195068359375,v2:interp__plain_combined__seed4.jsonl
plain_combined,4,0.8,recalibrated,0.5945068054199218,0.6950713806152343,v2:interp__plain_combined__seed4.jsonl
plain_combined,4,0.8200000000000001,recalibrated,0.5467860412597656,0.6577334899902344,v2:interp__plain_combined__seed4.jsonl
plain_combined,4,0.84,recalibrated,0.5024027404785156,0.6255931396484375,v2:interp__plain_combined__seed4.jsonl
plain_combined,4,0.86,recalibrated,0.4613503875732422,0.5964961242675781,v2:interp__plain_combined__seed4.jsonl
plain_combined,4,0.88,recalibrated,0.42324688720703124,0.5716434020996094,v2:interp__plain_combined__seed4.jsonl
plain_combined,4,0.9,recalibrated,0.3888051910400391,0.5501107177734375,v2:interp__plain_combined__seed4.jsonl
plain_combined,4,0.92,recalibrated,0.35954290771484376,0.5321657257080078,v2:interp__plain_combined__seed4.jsonl
plain_combined,4,0.9400000000000001,recalibrated,0.33520878601074217,0.5184361419677734,v2:interp__plain_combined__seed4.jsonl
plain_combined,4,0.96,recalibrated,0.3160697021484375,0.5082433624267578,v2:interp__plain_combined__seed4.jsonl
plain_combined,4,0.98,recalibrated,0.30285552978515623,0.5019622955322266,v2:interp__plain_combined__seed4.jsonl
plain_combined,4,1.0,recalibrated,0.29518101501464844,0.4987561950683594,v2:interp__plain_combined__seed4.jsonl
plain_gaussian,4,0.0,recalibrated,0.16457229614257812,0.7361421203613281,v2:interp__plain_gaussian__seed4.jsonl
plain_gaussian,4,0.02,recalibrated,0.17344766235351564,0.7369208068847656,v2:interp__plain_gaussian__seed4.jsonl
plain_gaussian,4,0.04,recalibrated,0.19349845886230468,0.7406068725585937,v2:interp__plain_gaussian__seed4.jsonl
plain_gaussian,4,0.06,recalibrated,0.2246061782836914,0.7507550964355468,v2:interp__plain_gaussian__seed4.jsonl
plain_gaussian,4,0.08,recalibrated,0.26585806274414064,0.7674208068847657,v2:interp__plain_gaussian__seed4.jsonl
plain_gaussian,4,0.1,recalibrated,0.31669635009765623,0.7895607604980469,v2:interp__plain_gaussian__seed4.jsonl
plain_gaussian,4,0.12,recalibrated,0.37603302001953126,0.8153507080078125,v2:interp__plain_gaussian__seed4.jsonl
plain_gaussian,4,0.14,recalibrated,0.44253126525878905,0.8483275451660156,v2:interp__plain_gaussian__seed4.jsonl
plain_gaussian,4,0.16,recalibrated,0.5151040344238281,0.8851897583007813,v2:interp__plain_gaussian__seed4.jsonl
plain_gaussian,4,0.18,recalibrated,0.5951277465820313,0.9299671630859375,v2:interp__plain_gaussian__seed4.jsonl
plain_gaussian,4,0.2,recalibrated,0.6814810180664063,0.9782966003417969,v2:interp__plain_gaussian__seed4.jsonl
plain_gaussian,4,0.22,recalibrated,0.77326806640625,1.0302172546386719,v2:interp__plain_gaussian__seed4.jsonl
plain_gaussian,4,0.24,recalibrated,0.8671318359375,1.09014501953125,v2:interp__plain_gaussian__seed4.jsonl
plain_gaussian,4,0.26,recalibrated,0.9617461547851562,1.15470458984375,v2:interp__plain_gaussian__seed4.jsonl
plain_gaussian,4,0.28,recalibrated,1.0527085571289063,1.2209884033203124,v2:interp__plain_gaussian__seed4.jsonl
plain_gaussian,4,0.3,recalibrated,1.1386941528320313,1.2875939331054687,v2:interp__plain_gaussian__seed4.jsonl
plain_gaussian,4,0.32,recalibrated,1.2166617431640625,1.3500968627929688,v2:interp__plain_gaussian__seed4.jsonl
plain_gaussian,4,0.34,recalibrated,1.2906967163085938,1.405673583984375,v2:interp__plain_gaussian__seed4.jsonl
plain_gaussian,4,0.36,recalibrated,1.3595972290039062,1.4543723754882814,v2:interp__plain_gaussian__seed4.jsonl
plain_gaussian,4,0.38,recalibrated,1.4150599365234375,1.4958937377929689,v2:interp__plain_gaussian__seed4.jsonl
plain_gaussian,4,0.4,recalibrated,1.4602505493164062,1.5322354736328125,v2:interp__plain_gaussian__seed4.jsonl
plain_gaussian,4,0.42,recalibrated,1.4977451171875,1.5635789794921875,v2:interp__plain_gaussian__seed4.jsonl
plain_gaussian,4,0.44,recalibrated,1.518701171875,1.588620849609375,v2:interp__plain_gaussian__seed4.jsonl
plain_gaussian,4,0.46,recalibrated,1.5288340454101563,1.6045375366210937,v2:interp__plain_gaussian__seed4.jsonl
plain_gaussian,4,0.48,recalibrated,1.5262515869140625,1.611963623046875,v2:interp__plain_gaussian__seed4.jsonl
plain_gaussian,4,0.5,recalibrated,1.5103439331054687,1.607732666015625,v2:interp__plain_gaussian__seed4.jsonl
plain_gaussian,4,0.52,recalibrated,1.4828978881835937,1.5929080810546874,v2:interp__plain_gaussian__seed4.jsonl
plain_gaussian,4,0.54,recalibrated,1.444855224609375,1.56670556640625,v2:interp__plain_gaussian__seed4.jsonl
plain_gaussian,4,0.56,recalibrated,1.3990859985351562,1.5310354614257813,v2:interp__plain_gaussian__seed4.jsonl
plain_gaussian,4,0.58,recalibrated,1.34481298828125,1.48447607421875,v2:interp__plain_gaussian__seed4.jsonl
plain_gaussian,4,0.6,recalibrated,1.2862025146484375,1.432644287109375,v2:interp__plain_gaussian__seed4.jsonl
plain_gaussian,4,0.62,recalibrated,1.2209061889648438,1.3754263305664063,v2:interp__plain_gaussian__seed4.jsonl
plain_gaussian,4,0.64,recalibrated,1.1509315185546876,1.3133472290039063,v2:interp__plain_gaussian__seed4.jsonl
plain_gaussian,4,0.66,recalibrated,1.0796199340820312,1.246873779296875,v2:interp__plain_gaussian__seed4.jsonl
plain_gaussian,4,0.68,recalibrated,1.0079802856445312,1.1790659790039062,v2:interp__plain_gaussian__seed4.jsonl
plain_gaussian,4,0.7000000000000001,recalibrated,0.9354142456054687,1.1130411987304687,v2:interp__plain_gaussian__seed4.jsonl
plain_gaussian,4,0.72,recalibrated,0.8628425598144531,1.0476213684082032,v2:interp__plain_gaussian__seed4.jsonl
plain_gaussian,4,0.74,recalibrated,0.7918434143066406,0.9852467041015625,v2:interp__plain_gaussian__seed4.jsonl
plain_gaussian,4,0.76,recalibrated,0.7230460510253907,0.9274598388671875,v2:interp__plain_gaussian__seed4.jsonl
plain_gaussian,4,0.78,recalibrated,0.6588045654296875,0.8758531188964844,v2:interp__plain_gaussian__seed4.jsonl
plain_gaussian,4,0.8,recalibrated,0.5987984619140625,0.8284733276367188,v2:interp__plain_gaussian__seed4.jsonl
plain_gaussian,4,0.8200000000000001,recalibrated,0.5433531646728516,0.7857590026855469,v2:interp__plain_gaussian__seed4.jsonl
plain_gaussian,4,0.84,recalibrated,0.49181275939941405,0.7479983215332031,v2:interp__plain_gaussian__seed4.jsonl
plain_gaussian,4,0.86,recalibrated,0.4448092956542969,0.7140374145507813,v2:interp__plain_gaussian__seed4.jsonl
plain_gaussian,4,0.88,recalibrated,0.40271897888183594,0.6847192687988282,v2:interp__plain_gaussian__seed4.jsonl
plain_gaussian,4,0.9,recalibrated,0.3663208618164063,0.6590902099609375,v2:interp__plain_gaussian__seed4.jsonl
plain_gaussian,4,0.92,recalibrated,0.33531008911132815,0.6383487548828125,v2:interp__plain_gaussian__seed4.jsonl
plain_gaussian,4,0.9400000000000001,recalibrated,0.3090361328125,0.6210626831054687,v2:interp__plain_gaussian__seed4.jsonl
plain_gaussian,4,0.96,recalibrated,0.2882745056152344,0.6075314636230469,v2:interp__plain_gaussian__seed4.jsonl
plain_gaussian,4,0.98,recalibrated,0.27283486938476564,0.5978219604492188,v2:interp__plain_gaussian__seed4.jsonl
plain_gaussian,4,1.0,recalibrated,0.26275741577148437,0.5919629516601562,v2:interp__plain_gaussian__seed4.jsonl
plain_resolution,4,0.0,recalibrated,0.16457229614257812,0.7361421203613281,v2:interp__plain_resolution__seed4.jsonl
plain_resolution,4,0.02,recalibrated,0.17306620025634767,0.7283330688476563,v2:interp__plain_resolution__seed4.jsonl
plain_resolution,4,0.04,recalibrated,0.18738328552246095,0.7246702270507812,v2:interp__plain_resolution__seed4.jsonl
plain_resolution,4,0.06,recalibrated,0.20878657531738282,0.7258788757324218,v2:interp__plain_resolution__seed4.jsonl
plain_resolution,4,0.08,recalibrated,0.23662561798095702,0.7304476013183594,v2:interp__plain_resolution__seed4.jsonl
plain_resolution,4,0.1,recalibrated,0.27062306213378906,0.7385311889648437,v2:interp__plain_resolution__seed4.jsonl
plain_resolution,4,0.12,recalibrated,0.3102310333251953,0.7518531799316406,v2:interp__plain_resolution__seed4.jsonl
plain_resolution,4,0.14,recalibrated,0.35448419189453123,0.7694851989746094,v2:interp__plain_resolution__seed4.jsonl
plain_resolution,4,0.16,recalibrated,0.4034918212890625,0.7901297607421875,v2:interp__plain_resolution__seed4.jsonl
plain_resolution,4,0.18,recalibrated,0.45701625061035156,0.8150746459960938,v2:interp__plain_resolution__seed4.jsonl
plain_resolution,4,0.2,recalibrated,0.5140141143798828,0.8440467834472656,v2:interp__plain_resolution__seed4.jsonl
plain_resolution,4,0.22,recalibrated,0.5743859558105469,0.8777835693359375,v2:interp__plain_resolution__seed4.jsonl
plain_resolution,4,0.24,recalibrated,0.6385758056640625,0.9142247924804687,v2:interp__plain_resolution__seed4.jsonl
plain_resolution,4,0.26,recalibrated,0.7030974731445313,0.9538854675292969,v2:interp__plain_resolution__seed4.jsonl
plain_resolution,4,0.28,recalibrated,0.7665895080566406,0.9949423217773438,v2:interp__plain_resolution__seed4.jsonl
plain_resolution,4,0.3,recalibrated,0.827203857421875,1.0349236145019531,v2:interp__plain_resolution__seed4.jsonl
plain_resolution,4,0.32,recalibrated,0.884261962890625,1.0752164001464843,v2:interp__plain_resolution__seed4.jsonl
plain_resolution,4,0.34,recalibrated,0.9373741455078125,1.113872802734375,v2:interp__plain_resolution__seed4.jsonl
plain_resolution,4,0.36,recalibrated,0.9862021484375,1.1499671020507813,v2:interp__plain_resolution__seed4.jsonl
plain_resolution,4,0.38,recalibrated,1.0309151916503907,1.1824681396484376,v2:interp__plain_resolution__seed4.jsonl
plain_resolution,4,0.4,recalibrated,1.0701553039550782,1.2115259399414062,v2:interp__plain_resolution__seed4.jsonl
plain_resolution,4,0.42,recalibrated,1.1017935791015625,1.2366631469726563,v2:interp__plain_resolution__seed4.jsonl
plain_resolution,4,0.44,recalibrated,1.126257568359375,1.258313232421875,v2:interp__plain_resolution__seed4.jsonl
plain_resolution,4,0.46,recalibrated,1.1402027587890624,1.272574462890625,v2:interp__plain_resolution__seed4.jsonl
plain_resolution,4,0.48,recalibrated,1.146296630859375,1.2782784423828124,v2:interp__plain_resolution__seed4.jsonl
plain_resolution,4,0.5,recalibrated,1.1437982788085939,1.2753697509765625,v2:interp__plain_resolution__seed4.jsonl
plain_resolution,4,0.52,recalibrated,1.1366357421875,1.2637614135742188,v2:interp__plain_resolution__seed4.jsonl
plain_resolution,4,0.54,recalibrated,1.1220771484375,1.2442929077148437,v2:interp__plain_resolution__seed4.jsonl
plain_resolution,4,0.56,recalibrated,1.099792724609375,1.220705322265625,v2:interp__plain_resolution__seed4.jsonl
plain_resolution,4,0.58,recalibrated,1.0694296264648437,1.1899013671875,v2:interp__plain_resolution__seed4.jsonl
plain_resolution,4,0.6,recalibrated,1.03146875,1.1537814331054688,v2:interp__plain_resolution__seed4.jsonl
plain_resolution,4,0.62,recalibrated,0.9876430969238281,1.1127891845703124,v2:interp__plain_resolution__seed4.jsonl
plain_resolution,4,0.64,recalibrated,0.9431253356933593,1.0692751159667968,v2:interp__plain_resolution__seed4.jsonl
plain_resolution,4,0.66,recalibrated,0.89600439453125,1.0256365356445312,v2:interp__plain_resolution__seed4.jsonl
plain_resolution,4,0.68,recalibrated,0.8453870849609375,0.9809736328125,v2:interp__plain_resolution__seed4.jsonl
plain_resolution,4,0.7000000000000001,recalibrated,0.792430419921875,0.9357568359375,v2:interp__plain_resolution__seed4.jsonl
plain_resolution,4,0.72,recalibrated,0.7393312683105469,0.891182861328125,v2:interp__plain_resolution__seed4.jsonl
plain_resolution,4,0.74,recalibrated,0.6871737365722657,0.8493394775390625,v2:interp__plain_resolution__seed4.jsonl
plain_resolution,4,0.76,recalibrated,0.6356627807617188,0.8095021057128906,v2:interp__plain_resolution__seed4.jsonl
plain_resolution,4,0.78,recalibrated,0.5858721923828125,0.77292236328125,v2:interp__plain_resolution__seed4.jsonl
plain_resolution,4,0.8,recalibrated,0.5397577514648437,0.7394653930664062,v2:interp__plain_resolution__seed4.jsonl
plain_resolution,4,0.8200000000000001,recalibrated,0.49788983154296873,0.7092764587402344,v2:interp__plain_resolution__seed4.jsonl
plain_resolution,4,0.84,recalibrated,0.45935653686523437,0.6822893676757813,v2:interp__plain_resolution__seed4.jsonl
plain_resolution,4,0.86,recalibrated,0.4243686981201172,0.6579898071289062,v2:interp__plain_resolution__seed4.jsonl
plain_resolution,4,0.88,recalibrated,0.39342723083496095,0.636653564453125,v2:interp__plain_resolution__seed4.jsonl
plain_resolution,4,0.9,recalibrated,0.3668518524169922,0.617599609375,v2:interp__plain_resolution__seed4.jsonl
plain_resolution,4,0.92,recalibrated,0.3447529602050781,0.6011879272460937,v2:interp__plain_resolution__seed4.jsonl
plain_resolution,4,0.9400000000000001,recalibrated,0.3272494201660156,0.5876605529785156,v2:interp__plain_resolution__seed4.jsonl
plain_resolution,4,0.96,recalibrated,0.3146204528808594,0.5764580383300781,v2:interp__plain_resolution__seed4.jsonl
plain_resolution,4,0.98,recalibrated,0.305956298828125,0.5682451171875,v2:interp__plain_resolution__seed4.jsonl
plain_resolution,4,1.0,recalibrated,0.3020180816650391,0.5623948669433594,v2:interp__plain_resolution__seed4.jsonl
resolution_combined,4,0.0,recalibrated,0.3020180816650391,0.5623948669433594,v2:interp__resolution_combined__seed4.jsonl
resolution_combined,4,0.02,recalibrated,0.3075774841308594,0.5670866394042968,v2:interp__resolution_combined__seed4.jsonl
resolution_combined,4,0.04,recalibrated,0.317976806640625,0.5746855163574218,v2:interp__resolution_combined__seed4.jsonl
resolution_combined,4,0.06,recalibrated,0.3336201171875,0.5854965209960937,v2:interp__resolution_combined__seed4.jsonl
resolution_combined,4,0.08,recalibrated,0.35303640747070314,0.6000000610351562,v2:interp__resolution_combined__seed4.jsonl
resolution_combined,4,0.1,recalibrated,0.3772516632080078,0.6173699951171875,v2:interp__resolution_combined__seed4.jsonl
resolution_combined,4,0.12,recalibrated,0.4065297393798828,0.6390022583007813,v2:interp__resolution_combined__seed4.jsonl
resolution_combined,4,0.14,recalibrated,0.4395248260498047,0.6643486633300781,v2:interp__resolution_combined__seed4.jsonl
resolution_combined,4,0.16,recalibrated,0.4764501495361328,0.6943358764648437,v2:interp__resolution_combined__seed4.jsonl
resolution_combined,4,0.18,recalibrated,0.516945083618164,0.7290319213867188,v2:interp__resolution_combined__seed4.jsonl
resolution_combined,4,0.2,recalibrated,0.5606918640136719,0.7670872802734375,v2:interp__resolution_combined__seed4.jsonl
resolution_combined,4,0.22,recalibrated,0.6084125671386719,0.8077923583984375,v2:interp__resolution_combined__seed4.jsonl
resolution_combined,4,0.24,recalibrated,0.6592249450683594,0.8494282531738281,v2:interp__resolution_combined__seed4.jsonl
resolution_combined,4,0.26,recalibrated,0.7133076171875,0.8918987426757813,v2:interp__resolution_combined__seed4.jsonl
resolution_combined,4,0.28,recalibrated,0.7689441223144531,0.9367718200683594,v2:interp__resolution_combined__seed4.jsonl
resolution_combined,4,0.3,recalibrated,0.8230641479492188,0.9828998107910156,v2:interp__resolution_combined__seed4.jsonl
resolution_combined,4,0.32,recalibrated,0.8757911071777343,1.0290546264648437,v2:interp__resolution_combined__seed4.jsonl
resolution_combined,4,0.34,recalibrated,0.9272533874511719,1.072405517578125,v2:interp__resolution_combined__seed4.jsonl
resolution_combined,4,0.36,recalibrated,0.975162109375,1.1132949829101562,v2:interp__resolution_combined__seed4.jsonl
resolution_combined,4,0.38,recalibrated,1.0187618408203125,1.14871435546875,v2:interp__resolution_combined__seed4.jsonl
resolution_combined,4,0.4,recalibrated,1.0568929443359374,1.1811627197265624,v2:interp__resolution_combined__seed4.jsonl
resolution_combined,4,0.42,recalibrated,1.0878348388671875,1.2070291748046875,v2:interp__resolution_combined__seed4.jsonl
resolution_combined,4,0.44,recalibrated,1.1106158447265626,1.2234330444335937,v2:interp__resolution_combined__seed4.jsonl
resolution_combined,4,0.46,recalibrated,1.1249381103515625,1.232330322265625,v2:interp__resolution_combined__seed4.jsonl
resolution_combined,4,0.48,recalibrated,1.131333251953125,1.23458349609375,v2:interp__resolution_combined__seed4.jsonl
resolution_combined,4,0.5,recalibrated,1.1311236572265626,1.2298106689453125,v2:interp__resolution_combined__seed4.jsonl
resolution_combined,4,0.52,recalibrated,1.1227681884765626,1.2184169311523438,v2:interp__resolution_combined__seed4.jsonl
resolution_combined,4,0.54,recalibrated,1.1055723876953125,1.1984298706054688,v2:interp__resolution_combined__seed4.jsonl
resolution_combined,4,0.56,recalibrated,1.0794852294921875,1.1712246704101563,v2:interp__resolution_combined__seed4.jsonl
resolution_combined,4,0.58,recalibrated,1.0463646850585937,1.13745654296875,v2:interp__resolution_combined__seed4.jsonl
resolution_combined,4,0.6,recalibrated,1.0066104736328125,1.1005382080078125,v2:interp__resolution_combined__seed4.jsonl
resolution_combined,4,0.62,recalibrated,0.9630073547363281,1.0606265869140625,v2:interp__resolution_combined__seed4.jsonl
resolution_combined,4,0.64,recalibrated,0.9157067260742188,1.0174985961914063,v2:interp__resolution_combined__seed4.jsonl
resolution_combined,4,0.66,recalibrated,0.8641206665039063,0.9718690490722657,v2:interp__resolution_combined__seed4.jsonl
resolution_combined,4,0.68,recalibrated,0.81161865234375,0.9240208740234375,v2:interp__resolution_combined__seed4.jsonl
resolution_combined,4,0.7000000000000001,recalibrated,0.7585798950195313,0.8751129150390625,v2:interp__resolution_combined__seed4.jsonl
resolution_combined,4,0.72,recalibrated,0.7068832702636719,0.8259409484863282,v2:interp__resolution_combined__seed4.jsonl
resolution_combined,4,0.74,recalibrated,0.6569759521484375,0.7793941040039063,v2:interp__resolution_combined__seed4.jsonl
resolution_combined,4,0.76,recalibrated,0.6101343688964844,0.7363757629394532,v2:interp__resolution_combined__seed4.jsonl
resolution_combined,4,0.78,recalibrated,0.5656317138671875,0.6979088134765625,v2:interp__resolution_combined__seed4.jsonl
resolution_combined,4,0.8,recalibrated,0.5247950439453125,0.6627021484375,v2:interp__resolution_combined__seed4.jsonl
resolution_combined,4,0.8200000000000001,recalibrated,0.48604515075683596,0.6304031066894531,v2:interp__resolution_combined__seed4.jsonl
resolution_combined,4,0.84,recalibrated,0.44945266723632815,0.6017440490722656,v2:interp__resolution_combined__seed4.jsonl
resolution_combined,4,0.86,recalibrated,0.41628857421875,0.576475830078125,v2:interp__resolution_combined__seed4.jsonl
resolution_combined,4,0.88,recalibrated,0.38650094604492186,0.5555088500976563,v2:interp__resolution_combined__seed4.jsonl
resolution_combined,4,0.9,recalibrated,0.3604198760986328,0.5382778930664063,v2:interp__resolution_combined__seed4.jsonl
resolution_combined,4,0.92,recalibrated,0.33854229736328123,0.5244548034667968,v2:interp__resolution_combined__seed4.jsonl
resolution_combined,4,0.9400000000000001,recalibrated,0.3213193054199219,0.5135328674316406,v2:interp__resolution_combined__seed4.jsonl
resolution_combined,4,0.96,recalibrated,0.3084136199951172,0.5055547332763672,v2:interp__resolution_combined__seed4.jsonl
resolution_combined,4,0.98,recalibrated,0.2995875701904297,0.5007158050537109,v2:interp__resolution_combined__seed4.jsonl
resolution_combined,4,1.0,recalibrated,0.29518101501464844,0.4987561950683594,v2:interp__resolution_combined__seed4.jsonl
