method,seed,policy,split,amplitude,S_mean,S_direction_sd,n_directions
gaussian_postrelu,0,centre_frozen,test_probe,0.005,0.001086480712890589,0.0003564395112801198,20
gaussian_postrelu,0,centre_frozen,test_probe,0.01,0.004108962249755826,0.0013834534660460876,20
gaussian_postrelu,0,centre_frozen,test_probe,0.02,0.016695347976684528,0.00594757030001627,20
gaussian_postrelu,0,centre_frozen,test_probe,0.025,0.026598442077636675,0.009482428796777388,20
gaussian_postrelu,0,centre_frozen,test_probe,0.05,0.12062309112548826,0.044733575242828456,20
gaussian_postrelu,0,centre_frozen,test_probe,0.1,0.6110621963500976,0.24158161503141504,20
gaussian_postrelu,0,centre_frozen,test_probe,0.2,2.855716011047363,0.8548517399104529,20
gaussian_postrelu,0,centre_frozen,test_probe,0.25,4.38613229675293,1.16880112687427,20
gaussian_postrelu,0,centre_frozen,test_probe,0.35,8.025525949096679,2.0354331599152946,20
gaussian_postrelu,0,centre_frozen,test_probe,0.5,16.25614627380371,4.143748863845614,20
gaussian_postrelu,0,centre_frozen,train_probe,0.005,0.001471039199829094,0.0004197976146248215,20
gaussian_postrelu,0,centre_frozen,train_probe,0.01,0.006017462921142571,0.0016750054753538516,20
gaussian_postrelu,0,centre_frozen,train_probe,0.02,0.023586950683593743,0.006521102425021918,20
gaussian_postrelu,0,centre_frozen,train_probe,0.025,0.03686681175231933,0.010417232550901483,20
gaussian_postrelu,0,centre_frozen,train_probe,0.05,0.15539556312561034,0.050413522117602694,20
gaussian_postrelu,0,centre_frozen,train_probe,0.1,0.7020957527160644,0.2435737602935056,20
gaussian_postrelu,0,centre_frozen,train_probe,0.2,3.023672866821289,0.86594550689352,20
gaussian_postrelu,0,centre_frozen,train_probe,0.25,4.5835734375,1.1925409856287357,20
gaussian_postrelu,0,centre_frozen,train_probe,0.35,8.273402243041993,2.05974043203704,20
gaussian_postrelu,0,centre_frozen,train_probe,0.5,16.54464121398926,4.172141809157485,20
gaussian_postrelu,0,recalibrated,test_probe,0.005,0.00033949203491206726,0.00012132274526246122,20
gaussian_postrelu,0,recalibrated,test_probe,0.01,0.0011923984527587612,0.0003680769123452553,20
gaussian_postrelu,0,recalibrated,test_probe,0.02,0.004890883636474575,0.0018948920976988185,20
gaussian_postrelu,0,recalibrated,test_probe,0.025,0.007818035888671837,0.0031543378528148245,20
gaussian_postrelu,0,recalibrated,test_probe,0.05,0.035612410354614224,0.013765302867756261,20
gaussian_postrelu,0,recalibrated,test_probe,0.1,0.16882646789550776,0.0681910596421352,20
gaussian_postrelu,0,recalibrated,test_probe,0.2,0.6609234962463378,0.16924302804257754,20
gaussian_postrelu,0,recalibrated,test_probe,0.25,0.9795753433227539,0.19643362173696605,20
gaussian_postrelu,0,recalibrated,test_probe,0.35,1.6592477600097655,0.2172907169108213,20
gaussian_postrelu,0,recalibrated,test_probe,0.5,2.5303368164062503,0.2416977079322392,20
gaussian_postrelu,0,recalibrated,train_probe,0.005,0.0006034698486328052,0.00019145443928285865,20
gaussian_postrelu,0,recalibrated,train_probe,0.01,0.0025269897460937453,0.000719544999840306,20
gaussian_postrelu,0,recalibrated,train_probe,0.02,0.00964785766601562,0.002712976396258099,20
gaussian_postrelu,0,recalibrated,train_probe,0.025,0.014969784545898434,0.004327990825702738,20
gaussian_postrelu,0,recalibrated,train_probe,0.05,0.060320378494262694,0.019244142256340392,20
gaussian_postrelu,0,recalibrated,train_probe,0.1,0.23927366790771484,0.07414636355183744,20
gaussian_postrelu,0,recalibrated,train_probe,0.2,0.8182881034851075,0.17940219174816968,20
gaussian_postrelu,0,recalibrated,train_probe,0.25,1.1635692680358887,0.21145385627091998,20
gaussian_postrelu,0,recalibrated,train_probe,0.35,1.8806198852539062,0.24450473690144414,20
gaussian_postrelu,0,recalibrated,train_probe,0.5,2.7932598663330075,0.2701432034248223,20
gaussian_postrelu,0,saved,test_probe,0.005,0.0007735050201415905,0.00032983671930197136,20
gaussian_postrelu,0,saved,test_probe,0.01,0.003617238235473624,0.0013584422383735363,20
gaussian_postrelu,0,saved,test_probe,0.02,0.01627828102111815,0.005656010846247288,20
gaussian_postrelu,0,saved,test_probe,0.025,0.026144742202758774,0.009151986253145398,20
gaussian_postrelu,0,saved,test_probe,0.05,0.11858350601196288,0.043100397630687966,20
gaussian_postrelu,0,saved,test_probe,0.1,0.5984596382141113,0.2331059733235857,20
gaussian_postrelu,0,saved,test_probe,0.2,2.8042023941040037,0.8379318459944266,20
gaussian_postrelu,0,saved,test_probe,0.25,4.317133792114257,1.1553676661507952,20
gaussian_postrelu,0,saved,test_probe,0.35,7.9265958648681645,2.022661718674581,20
gaussian_postrelu,0,saved,test_probe,0.5,16.047288723754882,4.08224500012138,20
gaussian_postrelu,0,saved,train_probe,0.005,0.0013641761779785142,0.00039113397717948815,20
gaussian_postrelu,0,saved,train_probe,0.01,0.005611668395996092,0.0015656965794291278,20
gaussian_postrelu,0,saved,train_probe,0.02,0.022548855972290036,0.006218486176374363,20
gaussian_postrelu,0,saved,train_probe,0.025,0.035471990966796874,0.009950257019269925,20
gaussian_postrelu,0,saved,train_probe,0.05,0.1508229793548584,0.048341010051575775,20
gaussian_postrelu,0,saved,train_probe,0.1,0.6856595066070557,0.23632180881509302,20
gaussian_postrelu,0,saved,train_probe,0.2,2.970710043334961,0.8500090552768549,20
gaussian_postrelu,0,saved,train_probe,0.25,4.512523796081543,1.1797016149490978,20
gaussian_postrelu,0,saved,train_probe,0.35,8.172192950439452,2.049183409479642,20
gaussian_postrelu,0,saved,train_probe,0.5,16.332534298706054,4.109853063941408,20
gaussian_postrelu,1,centre_frozen,test_probe,0.005,0.0011345317840576324,0.00039692703972110617,20
gaussian_postrelu,1,centre_frozen,test_probe,0.01,0.00444916687011721,0.0015447986519419375,20
gaussian_postrelu,1,centre_frozen,test_probe,0.02,0.018552968215942416,0.0062386061143284285,20
gaussian_postrelu,1,centre_frozen,test_probe,0.025,0.029580728912353544,0.009988398883822065,20
gaussian_postrelu,1,centre_frozen,test_probe,0.05,0.13294531631469728,0.04823326379043619,20
gaussian_postrelu,1,centre_frozen,test_probe,0.1,0.6192020805358887,0.2089821451205693,20
gaussian_postrelu,1,centre_frozen,test_probe,0.2,2.6508831146240235,0.7349304549917269,20
gaussian_postrelu,1,centre_frozen,test_probe,0.25,4.113316583251953,1.1114960734406578,20
gaussian_postrelu,1,centre_frozen,test_probe,0.35,7.873771276855469,2.0926573586056483,20
gaussian_postrelu,1,centre_frozen,test_probe,0.5,16.85935372924805,4.092873170107085,20
gaussian_postrelu,1,centre_frozen,train_probe,0.005,0.0015319004058838154,0.00037617981343070244,20
gaussian_postrelu,1,centre_frozen,train_probe,0.01,0.006105278778076191,0.0016030559073345462,20
gaussian_postrelu,1,centre_frozen,train_probe,0.02,0.024300868988037135,0.006658843377694094,20
gaussian_postrelu,1,centre_frozen,train_probe,0.025,0.03804000549316408,0.010500245060384808,20
gaussian_postrelu,1,centre_frozen,train_probe,0.05,0.15889171371459962,0.047216373193951576,20
gaussian_postrelu,1,centre_frozen,train_probe,0.1,0.676634009552002,0.19828677718888987,20
gaussian_postrelu,1,centre_frozen,train_probe,0.2,2.7950875228881835,0.6912596276933404,20
gaussian_postrelu,1,centre_frozen,train_probe,0.25,4.304346243286133,1.067375566878524,20
gaussian_postrelu,1,centre_frozen,train_probe,0.35,8.141311810302735,2.064737046880535,20
gaussian_postrelu,1,centre_frozen,train_probe,0.5,17.195633517456052,4.07335913383365,20
gaussian_postrelu,1,recalibrated,test_probe,0.005,0.0004708103179931894,0.0001944975349532481,20
gaussian_postrelu,1,recalibrated,test_probe,0.01,0.001694673919677764,0.0007675694440939598,20
gaussian_postrelu,1,recalibrated,test_probe,0.02,0.007096252059936544,0.0033484258617777736,20
gaussian_postrelu,1,recalibrated,test_probe,0.025,0.011369956970214859,0.0052998396394963,20
gaussian_postrelu,1,recalibrated,test_probe,0.05,0.05025964660644535,0.024750034882142006,20
gaussian_postrelu,1,recalibrated,test_probe,0.1,0.21799902801513676,0.0894646500362979,20
gaussian_postrelu,1,recalibrated,test_probe,0.2,0.7564304016113281,0.19480984920783068,20
gaussian_postrelu,1,recalibrated,test_probe,0.25,1.084013331604004,0.2289841935465673,20
gaussian_postrelu,1,recalibrated,test_probe,0.35,1.7556593185424805,0.24724643341526945,20
gaussian_postrelu,1,recalibrated,test_probe,0.5,2.585156329345703,0.24722875119388485,20
gaussian_postrelu,1,recalibrated,train_probe,0.005,0.0007097232818603736,0.0002044350329865131,20
gaussian_postrelu,1,recalibrated,train_probe,0.01,0.0027775787353515866,0.00085883318867808,20
gaussian_postrelu,1,recalibrated,train_probe,0.02,0.010978629684448262,0.0036108455714609967,20
gaussian_postrelu,1,recalibrated,train_probe,0.025,0.017113348770141618,0.005766272798080138,20
gaussian_postrelu,1,recalibrated,train_probe,0.05,0.0707335948944092,0.02675487171299532,20
gaussian_postrelu,1,recalibrated,train_probe,0.1,0.272630818939209,0.09042511530411025,20
gaussian_postrelu,1,recalibrated,train_probe,0.2,0.8728888389587401,0.2049937158933772,20
gaussian_postrelu,1,recalibrated,train_probe,0.25,1.2263080467224121,0.24236648537369107,20
gaussian_postrelu,1,recalibrated,train_probe,0.35,1.9425138275146483,0.2635110247751166,20
gaussian_postrelu,1,recalibrated,train_probe,0.5,2.815381951904297,0.2521969227081098,20
gaussian_postrelu,1,saved,test_probe,0.005,0.0010428688049317013,0.000385187791116665,20
gaussian_postrelu,1,saved,test_probe,0.01,0.004471603775024461,0.0016240215377401443,20
gaussian_postrelu,1,saved,test_probe,0.02,0.01908214492797857,0.006571837841019817,20
gaussian_postrelu,1,saved,test_probe,0.025,0.030387908172607486,0.010408115523240846,20
gaussian_postrelu,1,saved,test_probe,0.05,0.13556189727783208,0.04976398961226225,20
gaussian_postrelu,1,saved,test_probe,0.1,0.624653231048584,0.21273241376937083,20
gaussian_postrelu,1,saved,test_probe,0.2,2.6750964324951174,0.7414278461223641,20
gaussian_postrelu,1,saved,test_probe,0.25,4.158368615722656,1.119352352414914,20
gaussian_postrelu,1,saved,test_probe,0.35,7.9876198577880855,2.112962241901785,20
gaussian_postrelu,1,saved,test_probe,0.5,17.126036285400392,4.174208573434967,20
gaussian_postrelu,1,saved,train_probe,0.005,0.0014937507629394302,0.00039483736179405076,20
gaussian_postrelu,1,saved,train_probe,0.01,0.006112804794311502,0.0016760031897197847,20
gaussian_postrelu,1,saved,train_probe,0.02,0.024358306884765604,0.006797967606844693,20
gaussian_postrelu,1,saved,train_probe,0.025,0.038180718612670875,0.01070896787230343,20
gaussian_postrelu,1,saved,train_probe,0.05,0.15997901344299315,0.047963697055819904,20
gaussian_postrelu,1,saved,train_probe,0.1,0.68097783203125,0.2016557025998838,20
gaussian_postrelu,1,saved,train_probe,0.2,2.817241082763672,0.7003145017507562,20
gaussian_postrelu,1,saved,train_probe,0.25,4.34804958190918,1.0786843507335466,20
gaussian_postrelu,1,saved,train_probe,0.35,8.256091571044923,2.08732340544972,20
gaussian_postrelu,1,saved,train_probe,0.5,17.46246937866211,4.153916607477409,20
gaussian_postrelu,2,centre_frozen,test_probe,0.005,0.001045786285400452,0.000327912902427686,20
gaussian_postrelu,2,centre_frozen,test_probe,0.01,0.0040259231567383365,0.0012952277171900859,20
gaussian_postrelu,2,centre_frozen,test_probe,0.02,0.016051731872558647,0.004882195244571524,20
gaussian_postrelu,2,centre_frozen,test_probe,0.025,0.025249560546875043,0.007632023893907575,20
gaussian_postrelu,2,centre_frozen,test_probe,0.05,0.11172762527465825,0.03415228316860092,20
gaussian_postrelu,2,centre_frozen,test_probe,0.1,0.5401456451416016,0.1593858535593405,20
gaussian_postrelu,2,centre_frozen,test_probe,0.2,2.500629978942871,0.6149951583029216,20
gaussian_postrelu,2,centre_frozen,test_probe,0.25,3.9474135498046876,0.9275293256087189,20
gaussian_postrelu,2,centre_frozen,test_probe,0.35,7.785783486938476,1.8485545413894977,20
gaussian_postrelu,2,centre_frozen,test_probe,0.5,17.740930053710937,4.911297690755276,20
gaussian_postrelu,2,centre_frozen,train_probe,0.005,0.0012698291778564282,0.0002742847541279723,20
gaussian_postrelu,2,centre_frozen,train_probe,0.01,0.005158050918579083,0.001125353562507624,20
gaussian_postrelu,2,centre_frozen,train_probe,0.02,0.020738127517700176,0.004702338973800444,20
gaussian_postrelu,2,centre_frozen,train_probe,0.025,0.03263515205383299,0.007586142769977539,20
gaussian_postrelu,2,centre_frozen,train_probe,0.05,0.13718381805419919,0.0346351875226126,20
gaussian_postrelu,2,centre_frozen,train_probe,0.1,0.6128272567749024,0.15817593921525946,20
gaussian_postrelu,2,centre_frozen,train_probe,0.2,2.683055284118652,0.5872173113996318,20
gaussian_postrelu,2,centre_frozen,train_probe,0.25,4.178414436340331,0.8904453761666278,20
gaussian_postrelu,2,centre_frozen,train_probe,0.35,8.095001727294921,1.7964283634591698,20
gaussian_postrelu,2,centre_frozen,train_probe,0.5,18.179045907592773,4.94684583907921,20
gaussian_postrelu,2,recalibrated,test_probe,0.005,0.0003971168518066892,0.00019976252162263214,20
gaussian_postrelu,2,recalibrated,test_probe,0.01,0.0015156990051270053,0.000711483228485599,20
gaussian_postrelu,2,recalibrated,test_probe,0.02,0.005754994964599663,0.002481447717911014,20
gaussian_postrelu,2,recalibrated,test_probe,0.025,0.00903907699584966,0.00374438109544661,20
gaussian_postrelu,2,recalibrated,test_probe,0.05,0.039736358642578185,0.01771506709850887,20
gaussian_postrelu,2,recalibrated,test_probe,0.1,0.17949187316894538,0.07021202091279606,20
gaussian_postrelu,2,recalibrated,test_probe,0.2,0.7094660987854005,0.1759826151393847,20
gaussian_postrelu,2,recalibrated,test_probe,0.25,1.0406131759643555,0.2131961567593431,20
gaussian_postrelu,2,recalibrated,test_probe,0.35,1.7263090255737303,0.24616097883146223,20
gaussian_postrelu,2,recalibrated,test_probe,0.5,2.587735293579102,0.2991357427509476,20
gaussian_postrelu,2,recalibrated,train_probe,0.005,0.0005857154846191232,0.00017939228453513727,20
gaussian_postrelu,2,recalibrated,train_probe,0.01,0.0024328071594238096,0.0007652956281774343,20
gaussian_postrelu,2,recalibrated,train_probe,0.02,0.00977986240386961,0.003098849806617581,20
gaussian_postrelu,2,recalibrated,train_probe,0.025,0.01534829044342039,0.004968384182734803,20
gaussian_postrelu,2,recalibrated,train_probe,0.05,0.061858924293518046,0.02102863101697869,20
gaussian_postrelu,2,recalibrated,train_probe,0.1,0.24229242706298826,0.07334457465631333,20
gaussian_postrelu,2,recalibrated,train_probe,0.2,0.8610873291015626,0.17690597880729503,20
gaussian_postrelu,2,recalibrated,train_probe,0.25,1.231380534362793,0.21012535223548245,20
gaussian_postrelu,2,recalibrated,train_probe,0.35,1.9658466690063476,0.22815305556928855,20
gaussian_postrelu,2,recalibrated,train_probe,0.5,2.8791360717773435,0.27783944188186677,20
gaussian_postrelu,2,saved,test_probe,0.005,0.0011344696044922442,0.0003508793231607776,20
gaussian_postrelu,2,saved,test_probe,0.01,0.004182116699218802,0.0012673888676526049,20
gaussian_postrelu,2,saved,test_probe,0.02,0.01651406555175786,0.00503543856145235,20
gaussian_postrelu,2,saved,test_probe,0.025,0.02595077285766607,0.007961626081967805,20
gaussian_postrelu,2,saved,test_probe,0.05,0.11409453735351568,0.03519702921042157,20
gaussian_postrelu,2,saved,test_probe,0.1,0.5461786415100098,0.16254359775426228,20
gaussian_postrelu,2,saved,test_probe,0.2,2.5218291809082034,0.6272297354460046,20
gaussian_postrelu,2,saved,test_probe,0.25,3.9800650054931643,0.9386634426361027,20
gaussian_postrelu,2,saved,test_probe,0.35,7.860119451904296,1.845348304504625,20
gaussian_postrelu,2,saved,test_probe,0.5,17.966798071289062,4.944293699979929,20
gaussian_postrelu,2,saved,train_probe,0.005,0.0012814611434936417,0.0002862378656181207,20
gaussian_postrelu,2,saved,train_probe,0.01,0.005202201652526844,0.0011207236682521445,20
gaussian_postrelu,2,saved,train_probe,0.02,0.020931061553955067,0.004910072378546914,20
gaussian_postrelu,2,saved,train_probe,0.025,0.032959823417663556,0.00793527193002288,20
gaussian_postrelu,2,saved,train_probe,0.05,0.13867854537963867,0.035866980181045616,20
gaussian_postrelu,2,saved,train_probe,0.1,0.6188186714172363,0.1622006360273458,20
gaussian_postrelu,2,saved,train_probe,0.2,2.7046518600463867,0.5996799084965541,20
gaussian_postrelu,2,saved,train_probe,0.25,4.212016137695313,0.9016695605499675,20
gaussian_postrelu,2,saved,train_probe,0.35,8.170435345458984,1.791200016420073,20
gaussian_postrelu,2,saved,train_probe,0.5,18.40811085205078,4.984177523973159,20
gaussian_postrelu,3,centre_frozen,test_probe,0.005,0.0013441230773926283,0.0005276219802500722,20
gaussian_postrelu,3,centre_frozen,test_probe,0.01,0.005200985717773487,0.0019317003393768655,20
gaussian_postrelu,3,centre_frozen,test_probe,0.02,0.022016562271118208,0.009208117949275162,20
gaussian_postrelu,3,centre_frozen,test_probe,0.025,0.03600023727416997,0.015608988061550047,20
gaussian_postrelu,3,centre_frozen,test_probe,0.05,0.1693587295532227,0.07011123088056205,20
gaussian_postrelu,3,centre_frozen,test_probe,0.1,0.749393685913086,0.2659779397110751,20
gaussian_postrelu,3,centre_frozen,test_probe,0.2,2.938904364013672,0.8215874410340299,20
gaussian_postrelu,3,centre_frozen,test_probe,0.25,4.3510816955566405,1.162086875511579,20
gaussian_postrelu,3,centre_frozen,test_probe,0.35,7.767714123535155,2.1491507154927505,20
gaussian_postrelu,3,centre_frozen,test_probe,0.5,16.553505505371096,5.195899532714151,20
gaussian_postrelu,3,centre_frozen,train_probe,0.005,0.001436517333984387,0.0005342680846236747,20
gaussian_postrelu,3,centre_frozen,train_probe,0.01,0.0059284673690796,0.002207984990463441,20
gaussian_postrelu,3,centre_frozen,train_probe,0.02,0.02549546432495118,0.010158687428948342,20
gaussian_postrelu,3,centre_frozen,train_probe,0.025,0.04128806114196778,0.016883747845923183,20
gaussian_postrelu,3,centre_frozen,train_probe,0.05,0.18721861381530763,0.07080915065555904,20
gaussian_postrelu,3,centre_frozen,train_probe,0.1,0.8186009765625,0.26061519436187974,20
gaussian_postrelu,3,centre_frozen,train_probe,0.2,3.1072865234375002,0.8275651958473482,20
gaussian_postrelu,3,centre_frozen,train_probe,0.25,4.558054818725586,1.1736855010654916,20
gaussian_postrelu,3,centre_frozen,train_probe,0.35,8.020459149169922,2.193413592038392,20
gaussian_postrelu,3,centre_frozen,train_probe,0.5,16.88550637817383,5.326252094804352,20
gaussian_postrelu,3,recalibrated,test_probe,0.005,0.0005388137817383231,0.00025511586461770186,20
gaussian_postrelu,3,recalibrated,test_probe,0.01,0.002036481475830118,0.0008849259923935312,20
gaussian_postrelu,3,recalibrated,test_probe,0.02,0.008519144439697302,0.004492943513242104,20
gaussian_postrelu,3,recalibrated,test_probe,0.025,0.014193187332153362,0.007863462316199126,20
gaussian_postrelu,3,recalibrated,test_probe,0.05,0.06957568511962894,0.03255579392769591,20
gaussian_postrelu,3,recalibrated,test_probe,0.1,0.27927715606689457,0.09065358576082298,20
gaussian_postrelu,3,recalibrated,test_probe,0.2,0.9089584121704102,0.1832759376940767,20
gaussian_postrelu,3,recalibrated,test_probe,0.25,1.273068522644043,0.2114482609840383,20
gaussian_postrelu,3,recalibrated,test_probe,0.35,1.9792230392456056,0.22858168948595117,20
gaussian_postrelu,3,recalibrated,test_probe,0.5,2.7933780426025394,0.2743472726002669,20
gaussian_postrelu,3,recalibrated,train_probe,0.005,0.0006747734069824318,0.00027246809177261283,20
gaussian_postrelu,3,recalibrated,train_probe,0.01,0.002858125877380381,0.0011349910297134141,20
gaussian_postrelu,3,recalibrated,train_probe,0.02,0.012435431671142588,0.005378720880523981,20
gaussian_postrelu,3,recalibrated,train_probe,0.025,0.020266228866577158,0.009101930492746038,20
gaussian_postrelu,3,recalibrated,train_probe,0.05,0.0896708839416504,0.03776727094946712,20
gaussian_postrelu,3,recalibrated,train_probe,0.1,0.33722506217956544,0.0983314014227266,20
gaussian_postrelu,3,recalibrated,train_probe,0.2,1.0436152420043947,0.19127927022496516,20
gaussian_postrelu,3,recalibrated,train_probe,0.25,1.4353501358032228,0.21684369423895905,20
gaussian_postrelu,3,recalibrated,train_probe,0.35,2.1797977294921873,0.2399776625828653,20
gaussian_postrelu,3,recalibrated,train_probe,0.5,3.028957794189453,0.27964445882855193,20
gaussian_postrelu,3,saved,test_probe,0.005,0.0014302497863769692,0.0005484653710224122,20
gaussian_postrelu,3,saved,test_probe,0.01,0.005234638214111359,0.00195769675244509,20
gaussian_postrelu,3,saved,test_probe,0.02,0.021648580169677755,0.00889827127508236,20
gaussian_postrelu,3,saved,test_probe,0.025,0.03543147964477541,0.015169092994844023,20
gaussian_postrelu,3,saved,test_probe,0.05,0.1693453453063965,0.07088353864745721,20
gaussian_postrelu,3,saved,test_probe,0.1,0.7582806617736817,0.27268525260779036,20
gaussian_postrelu,3,saved,test_probe,0.2,2.9881719482421873,0.8495556875202775,20
gaussian_postrelu,3,saved,test_probe,0.25,4.428231530761719,1.2016835990270252,20
gaussian_postrelu,3,saved,test_probe,0.35,7.93156675415039,2.220330274340861,20
gaussian_postrelu,3,saved,test_probe,0.5,16.983520977783204,5.406523375679606,20
gaussian_postrelu,3,saved,train_probe,0.005,0.0013216655731201246,0.00048178141693672915,20
gaussian_postrelu,3,saved,train_probe,0.01,0.005719310951232922,0.0020851161384560536,20
gaussian_postrelu,3,saved,train_probe,0.02,0.025137715911865238,0.00986792718309483,20
gaussian_postrelu,3,saved,train_probe,0.025,0.040892635726928715,0.01641574790730285,20
gaussian_postrelu,3,saved,train_probe,0.05,0.18786048774719238,0.0706434022052476,20
gaussian_postrelu,3,saved,train_probe,0.1,0.8274587921142578,0.2676778456940004,20
gaussian_postrelu,3,saved,train_probe,0.2,3.158526773071289,0.8576658716277369,20
gaussian_postrelu,3,saved,train_probe,0.25,4.639424145507813,1.2151351770180936,20
gaussian_postrelu,3,saved,train_probe,0.35,8.18936795349121,2.2701292930126065,20
gaussian_postrelu,3,saved,train_probe,0.5,17.320467068481445,5.544449359811763,20
gaussian_postrelu,4,centre_frozen,test_probe,0.005,0.0014223037719726743,0.0005661459328678166,20
gaussian_postrelu,4,centre_frozen,test_probe,0.01,0.005410718536376979,0.0019484180621158987,20
gaussian_postrelu,4,centre_frozen,test_probe,0.02,0.02111921157836917,0.007505779025705188,20
gaussian_postrelu,4,centre_frozen,test_probe,0.025,0.033558104705810575,0.012257640604248133,20
gaussian_postrelu,4,centre_frozen,test_probe,0.05,0.14932418594360355,0.06127777222459429,20
gaussian_postrelu,4,centre_frozen,test_probe,0.1,0.6660644218444824,0.2400711631133739,20
gaussian_postrelu,4,centre_frozen,test_probe,0.2,2.6786837921142577,0.6186944575988728,20
gaussian_postrelu,4,centre_frozen,test_probe,0.25,4.031790267944336,0.8817496823112989,20
gaussian_postrelu,4,centre_frozen,test_probe,0.35,7.316030627441407,1.6874799744133855,20
gaussian_postrelu,4,centre_frozen,test_probe,0.5,15.153700323486328,3.9277426653608543,20
gaussian_postrelu,4,centre_frozen,train_probe,0.005,0.0015192985534667983,0.0005235086329092958,20
gaussian_postrelu,4,centre_frozen,train_probe,0.01,0.0062143913269043,0.002177407173449205,20
gaussian_postrelu,4,centre_frozen,train_probe,0.02,0.025590867614746098,0.009234054322349578,20
gaussian_postrelu,4,centre_frozen,train_probe,0.025,0.04064552783966065,0.015100324099686606,20
gaussian_postrelu,4,centre_frozen,train_probe,0.05,0.17538685455322264,0.0695625645194953,20
gaussian_postrelu,4,centre_frozen,train_probe,0.1,0.747215648651123,0.2529161351299273,20
gaussian_postrelu,4,centre_frozen,train_probe,0.2,2.8790916244506835,0.6461852589559739,20
gaussian_postrelu,4,centre_frozen,train_probe,0.25,4.276998251342773,0.9097013437611394,20
gaussian_postrelu,4,centre_frozen,train_probe,0.35,7.609458551025391,1.751391689185937,20
gaussian_postrelu,4,centre_frozen,train_probe,0.5,15.47001575317383,4.058866076122483,20
gaussian_postrelu,4,recalibrated,test_probe,0.005,0.0006074478149414337,0.000328277127852557,20
gaussian_postrelu,4,recalibrated,test_probe,0.01,0.002249736785888706,0.001007681780930358,20
gaussian_postrelu,4,recalibrated,test_probe,0.02,0.00828375930786136,0.0034014548218182458,20
gaussian_postrelu,4,recalibrated,test_probe,0.025,0.012947454071044948,0.00561037333458395,20
gaussian_postrelu,4,recalibrated,test_probe,0.05,0.05603503341674807,0.030965081041511796,20
gaussian_postrelu,4,recalibrated,test_probe,0.1,0.2335267272949219,0.12174530053297142,20
gaussian_postrelu,4,recalibrated,test_probe,0.2,0.7692023010253907,0.2525150401066675,20
gaussian_postrelu,4,recalibrated,test_probe,0.25,1.0896999649047852,0.28251422812201554,20
gaussian_postrelu,4,recalibrated,test_probe,0.35,1.7415768966674807,0.29362506953989675,20
gaussian_postrelu,4,recalibrated,test_probe,0.5,2.5531410125732426,0.30260463315277775,20
gaussian_postrelu,4,recalibrated,train_probe,0.005,0.0006662439346313567,0.00029516547523935434,20
gaussian_postrelu,4,recalibrated,train_probe,0.01,0.002770553016662604,0.0012373782277379833,20
gaussian_postrelu,4,recalibrated,train_probe,0.02,0.01168104457855225,0.005523386562070743,20
gaussian_postrelu,4,recalibrated,train_probe,0.025,0.01867030811309815,0.009150656606301436,20
gaussian_postrelu,4,recalibrated,train_probe,0.05,0.07742734222412109,0.03903440590748405,20
gaussian_postrelu,4,recalibrated,train_probe,0.1,0.2947167381286621,0.13133372403169946,20
gaussian_postrelu,4,recalibrated,train_probe,0.2,0.9163812385559081,0.2748548242005734,20
gaussian_postrelu,4,recalibrated,train_probe,0.25,1.2671885437011718,0.3034528871500684,20
gaussian_postrelu,4,recalibrated,train_probe,0.35,1.9646809631347655,0.30408272378503143,20
gaussian_postrelu,4,recalibrated,train_probe,0.5,2.8137306884765625,0.291850881584285,20
gaussian_postrelu,4,saved,test_probe,0.005,0.001360831451415989,0.00048798360020458714,20
gaussian_postrelu,4,saved,test_probe,0.01,0.005177799224853494,0.0018387509477007433,20
gaussian_postrelu,4,saved,test_probe,0.02,0.0206954635620117,0.007543173199200757,20
gaussian_postrelu,4,saved,test_probe,0.025,0.0331138359069824,0.012373401673909861,20
gaussian_postrelu,4,saved,test_probe,0.05,0.14811826477050777,0.06134536303072356,20
gaussian_postrelu,4,saved,test_probe,0.1,0.6626323753356933,0.2384696666823536,20
gaussian_postrelu,4,saved,test_probe,0.2,2.6709133865356445,0.6082595747474058,20
gaussian_postrelu,4,saved,test_probe,0.25,4.02362839050293,0.854172998679332,20
gaussian_postrelu,4,saved,test_probe,0.35,7.30789620361328,1.630722313467776,20
gaussian_postrelu,4,saved,test_probe,0.5,15.080208270263672,3.88441981678747,20
gaussian_postrelu,4,saved,train_probe,0.005,0.0015105131149291864,0.0005341463408755922,20
gaussian_postrelu,4,saved,train_probe,0.01,0.0061718372344970575,0.002184733338846381,20
gaussian_postrelu,4,saved,train_probe,0.02,0.025498709106445305,0.00929294778002668,20
gaussian_postrelu,4,saved,train_probe,0.025,0.040417619323730454,0.015082187265858929,20
gaussian_postrelu,4,saved,train_probe,0.05,0.1734377281188965,0.06894237228113607,20
gaussian_postrelu,4,saved,train_probe,0.1,0.7405336059570312,0.25188899684714644,20
gaussian_postrelu,4,saved,train_probe,0.2,2.8665653350830076,0.6340727669394494,20
gaussian_postrelu,4,saved,train_probe,0.25,4.265108052062988,0.879874035963636,20
gaussian_postrelu,4,saved,train_probe,0.35,7.601796968078614,1.693791763415747,20
gaussian_postrelu,4,saved,train_probe,0.5,15.392398377990725,4.012221399430153,20
plain,0,centre_frozen,test_probe,0.005,0.0010359008789062735,0.0003431329128369538,20
plain,0,centre_frozen,test_probe,0.01,0.004364289855957051,0.0013439506157990743,20
plain,0,centre_frozen,test_probe,0.02,0.018783665466308608,0.00514672374914909,20
plain,0,centre_frozen,test_probe,0.025,0.02994106292724612,0.00812151167089204,20
plain,0,centre_frozen,test_probe,0.05,0.12790127563476564,0.03411013039075115,20
plain,0,centre_frozen,test_probe,0.1,0.5893791793823242,0.1710659446700343,20
plain,0,centre_frozen,test_probe,0.2,3.006834379577637,1.0751852643587174,20
plain,0,centre_frozen,test_probe,0.25,4.945696209716797,1.776879386337324,20
plain,0,centre_frozen,test_probe,0.35,9.986532415771485,3.473556036735819,20
plain,0,centre_frozen,test_probe,0.5,21.851294549560546,7.2692352231567705,20
plain,0,centre_frozen,train_probe,0.005,0.0015583850860595814,0.0002712058040231494,20
plain,0,centre_frozen,train_probe,0.01,0.00610971260070802,0.0010961365470535576,20
plain,0,centre_frozen,train_probe,0.02,0.02410445919036866,0.004379937577958142,20
plain,0,centre_frozen,train_probe,0.025,0.03765661449432374,0.006956344596354677,20
plain,0,centre_frozen,train_probe,0.05,0.15494802932739257,0.031802105323979084,20
plain,0,centre_frozen,train_probe,0.1,0.6926625160217286,0.17242394304681685,20
plain,0,centre_frozen,train_probe,0.2,3.355722129821777,1.0954488486259617,20
plain,0,centre_frozen,train_probe,0.25,5.392771322631836,1.8003635649142598,20
plain,0,centre_frozen,train_probe,0.35,10.522756619262696,3.488803844200639,20
plain,0,centre_frozen,train_probe,0.5,22.40614108581543,7.3024884308898494,20
plain,0,recalibrated,test_probe,0.005,0.00016269836425783225,0.00010590436916497694,20
plain,0,recalibrated,test_probe,0.01,0.0006327911376953377,0.0003397972296059526,20
plain,0,recalibrated,test_probe,0.02,0.0029808158874511854,0.0012690523540756357,20
plain,0,recalibrated,test_probe,0.025,0.004956983184814467,0.0020536129081492717,20
plain,0,recalibrated,test_probe,0.05,0.021817236328125017,0.006639253498367111,20
plain,0,recalibrated,test_probe,0.1,0.09096402359008791,0.019568537262951616,20
plain,0,recalibrated,test_probe,0.2,0.382791194152832,0.061018908541743765,20
plain,0,recalibrated,test_probe,0.25,0.6163014587402345,0.09556604577342702,20
plain,0,recalibrated,test_probe,0.35,1.2211476867675781,0.16474127595066781,20
plain,0,recalibrated,test_probe,0.5,2.220445587158203,0.25660758464347516,20
plain,0,recalibrated,train_probe,0.005,0.0005355802536010874,6.844203036491533e-05,20
plain,0,recalibrated,train_probe,0.01,0.0020846288681030376,0.000273682127184944,20
plain,0,recalibrated,train_probe,0.02,0.008066945648193371,0.0011752774220831382,20
plain,0,recalibrated,train_probe,0.025,0.012399027633667004,0.0018498278248701263,20
plain,0,recalibrated,train_probe,0.05,0.04635681114196778,0.00697706105780551,20
plain,0,recalibrated,train_probe,0.1,0.17226018295288087,0.024277076845616193,20
plain,0,recalibrated,train_probe,0.2,0.6232255348205566,0.07146595681718182,20
plain,0,recalibrated,train_probe,0.25,0.9355115524291993,0.10302131022443944,20
plain,0,recalibrated,train_probe,0.35,1.6691335281372073,0.16440852813334278,20
plain,0,recalibrated,train_probe,0.5,2.760580569458008,0.2499276430512346,20
plain,0,saved,test_probe,0.005,0.0010281806945800442,0.00035609833305162887,20
plain,0,saved,test_probe,0.01,0.004302430725097622,0.0013185517930353523,20
plain,0,saved,test_probe,0.02,0.018121926116943313,0.005067558862518669,20
plain,0,saved,test_probe,0.025,0.028961108398437463,0.007954303209376729,20
plain,0,saved,test_probe,0.05,0.12397481765747068,0.03325381037925013,20
plain,0,saved,test_probe,0.1,0.5734753532409668,0.165415130513971,20
plain,0,saved,test_probe,0.2,2.938939015197754,1.0459625508422399,20
plain,0,saved,test_probe,0.25,4.845928305053711,1.7390962504873428,20
plain,0,saved,test_probe,0.35,9.829694747924805,3.4175901040038537,20
plain,0,saved,test_probe,0.5,21.570463598632813,7.151796671331124,20
plain,0,saved,train_probe,0.005,0.0014294296264648425,0.00025749271038011867,20
plain,0,saved,train_probe,0.01,0.005783020210266113,0.0010629624056949334,20
plain,0,saved,train_probe,0.02,0.023325078201293946,0.004261989449475832,20
plain,0,saved,train_probe,0.025,0.036593294715881346,0.00678386146989883,20
plain,0,saved,train_probe,0.05,0.15155132026672363,0.030879110493852613,20
plain,0,saved,train_probe,0.1,0.678169100189209,0.16734943750286566,20
plain,0,saved,train_probe,0.2,3.292234831237793,1.0686546351540183,20
plain,0,saved,train_probe,0.25,5.297419009399414,1.7651193745670917,20
plain,0,saved,train_probe,0.35,10.37160915222168,3.432613254853458,20
plain,0,saved,train_probe,0.5,22.12906711730957,7.1832518144003314,20
plain,1,centre_frozen,test_probe,0.005,0.0013751670837402695,0.0005632504008384492,20
plain,1,centre_frozen,test_probe,0.01,0.005564568328857464,0.0022080559081694767,20
plain,1,centre_frozen,test_probe,0.02,0.02334774780273441,0.008824881400577746,20
plain,1,centre_frozen,test_probe,0.025,0.03681438827514652,0.013698725614655974,20
plain,1,centre_frozen,test_probe,0.05,0.1543806289672852,0.05313398397732232,20
plain,1,centre_frozen,test_probe,0.1,0.711688070678711,0.22405349200832692,20
plain,1,centre_frozen,test_probe,0.2,3.4267766571044924,0.897860211391667,20
plain,1,centre_frozen,test_probe,0.25,5.4199819732666015,1.3321222638715202,20
plain,1,centre_frozen,test_probe,0.35,10.23151332397461,2.3597847439608732,20
plain,1,centre_frozen,test_probe,0.5,21.220599670410156,5.124833224835073,20
plain,1,centre_frozen,train_probe,0.005,0.0018858129501342692,0.0005093616051603311,20
plain,1,centre_frozen,train_probe,0.01,0.007360011863708488,0.001852755143250805,20
plain,1,centre_frozen,train_probe,0.02,0.029039551734924306,0.007428747688043355,20
plain,1,centre_frozen,train_probe,0.025,0.04527974376678466,0.01172965711597969,20
plain,1,centre_frozen,train_probe,0.05,0.18506541366577148,0.050446627387636854,20
plain,1,centre_frozen,train_probe,0.1,0.8191649467468262,0.22281799949782874,20
plain,1,centre_frozen,train_probe,0.2,3.755091673278809,0.9142049210933767,20
plain,1,centre_frozen,train_probe,0.25,5.844732109069824,1.3383105515518539,20
plain,1,centre_frozen,train_probe,0.35,10.752861964416505,2.3173274684659098,20
plain,1,centre_frozen,train_probe,0.5,21.85584492340088,5.160530903927482,20
plain,1,recalibrated,test_probe,0.005,0.00015161514282230337,0.0001172495682705702,20
plain,1,recalibrated,test_probe,0.01,0.0008530570983887098,0.00033211805027186627,20
plain,1,recalibrated,test_probe,0.02,0.004010863494873088,0.0012510846428449196,20
plain,1,recalibrated,test_probe,0.025,0.006521459960937536,0.002041960559567768,20
plain,1,recalibrated,test_probe,0.05,0.02698312377929691,0.006861794440553019,20
plain,1,recalibrated,test_probe,0.1,0.11143043518066409,0.02498083465194071,20
plain,1,recalibrated,test_probe,0.2,0.4971150711059571,0.09697418055087281,20
plain,1,recalibrated,test_probe,0.25,0.7965117141723633,0.14204627615806176,20
plain,1,recalibrated,test_probe,0.35,1.5004411407470701,0.23868817308770632,20
plain,1,recalibrated,test_probe,0.5,2.4989121002197265,0.32709297257035924,20
plain,1,recalibrated,train_probe,0.005,0.0007067239761352463,0.00019156104225464854,20
plain,1,recalibrated,train_probe,0.01,0.0026745706558227453,0.0006056510278416761,20
plain,1,recalibrated,train_probe,0.02,0.010116654586791982,0.0020847586984115755,20
plain,1,recalibrated,train_probe,0.025,0.015537424659728996,0.0030862383945250583,20
plain,1,recalibrated,train_probe,0.05,0.05793953323364257,0.010540186934801108,20
plain,1,recalibrated,train_probe,0.1,0.21060129203796385,0.03699454975978644,20
plain,1,recalibrated,train_probe,0.2,0.7504387809753418,0.1110791902438266,20
plain,1,recalibrated,train_probe,0.25,1.1110167343139647,0.15357093807322297,20
plain,1,recalibrated,train_probe,0.35,1.9104695053100584,0.2467710783753569,20
plain,1,recalibrated,train_probe,0.5,2.9701227462768554,0.3236517664150552,20
plain,1,saved,test_probe,0.005,0.0012489349365234436,0.0006287316693012195,20
plain,1,saved,test_probe,0.01,0.005529227447509772,0.00236429821427661,20
plain,1,saved,test_probe,0.02,0.023628968811035152,0.009202321086200881,20
plain,1,saved,test_probe,0.025,0.037173369598388684,0.014225164038930274,20
plain,1,saved,test_probe,0.05,0.1546098899841309,0.05477551074434201,20
plain,1,saved,test_probe,0.1,0.7120375671386718,0.2297831722696423,20
plain,1,saved,test_probe,0.2,3.4327272186279294,0.9112733656441212,20
plain,1,saved,test_probe,0.25,5.432685577392578,1.3479514363366114,20
plain,1,saved,test_probe,0.35,10.267566931152343,2.375063307103936,20
plain,1,saved,test_probe,0.5,21.3637878112793,5.1695843084666455,20
plain,1,saved,train_probe,0.005,0.0018998756408691476,0.0005134223721516305,20
plain,1,saved,train_probe,0.01,0.007397433853149418,0.0019225279500457548,20
plain,1,saved,train_probe,0.02,0.029070834350585946,0.007589357969472361,20
plain,1,saved,train_probe,0.025,0.04530290336608887,0.011983528263324297,20
plain,1,saved,train_probe,0.05,0.18505035972595216,0.051542771942640946,20
plain,1,saved,train_probe,0.1,0.8195357368469238,0.2267614652291397,20
plain,1,saved,train_probe,0.2,3.7645762863159176,0.9265283509320067,20
plain,1,saved,train_probe,0.25,5.8613732727050785,1.3545732542148257,20
plain,1,saved,train_probe,0.35,10.792948937988282,2.3372573041360725,20
plain,1,saved,train_probe,0.5,22.002804919433594,5.207546194110251,20
plain,2,centre_frozen,test_probe,0.005,0.0014172500610351996,0.0004225274322882882,20
plain,2,centre_frozen,test_probe,0.01,0.00553037643432622,0.001727333725188702,20
plain,2,centre_frozen,test_probe,0.02,0.022622805786132856,0.007146295014377036,20
plain,2,centre_frozen,test_probe,0.025,0.03561122894287113,0.011288260798470683,20
plain,2,centre_frozen,test_probe,0.05,0.14663674621582037,0.04862362704144622,20
plain,2,centre_frozen,test_probe,0.1,0.6569712463378907,0.23495922192237473,20
plain,2,centre_frozen,test_probe,0.2,3.13164151763916,1.0207257752641412,20
plain,2,centre_frozen,test_probe,0.25,4.903606774902344,1.4551226432997413,20
plain,2,centre_frozen,test_probe,0.35,9.050207720947267,2.412615407150145,20
plain,2,centre_frozen,test_probe,0.5,19.65276328125,5.624149576760969,20
plain,2,centre_frozen,train_probe,0.005,0.0018251056671142504,0.00044366287119944553,20
plain,2,centre_frozen,train_probe,0.01,0.006920928382873526,0.0017216854904212077,20
plain,2,centre_frozen,train_probe,0.02,0.027002166557312003,0.006963286981164489,20
plain,2,centre_frozen,train_probe,0.025,0.04210902709960936,0.010978462254405356,20
plain,2,centre_frozen,train_probe,0.05,0.17158220672607422,0.04767524489321628,20
plain,2,centre_frozen,train_probe,0.1,0.7488361221313476,0.23832733882425808,20
plain,2,centre_frozen,train_probe,0.2,3.3696841369628907,1.039371594377603,20
plain,2,centre_frozen,train_probe,0.25,5.222611666870117,1.485985711918381,20
plain,2,centre_frozen,train_probe,0.35,9.480815563964844,2.450643513753679,20
plain,2,centre_frozen,train_probe,0.5,20.253513958740236,5.667019624982774,20
plain,2,recalibrated,test_probe,0.005,0.0002607536315918285,0.0001639524707897486,20
plain,2,recalibrated,test_probe,0.01,0.0010169136047363803,0.0004956754715238886,20
plain,2,recalibrated,test_probe,0.02,0.00424828872680669,0.001689823838631486,20
plain,2,recalibrated,test_probe,0.025,0.006867514038085989,0.002587611105375628,20
plain,2,recalibrated,test_probe,0.05,0.028520932006835982,0.008980897505290141,20
plain,2,recalibrated,test_probe,0.1,0.11107870788574223,0.02312225190095132,20
plain,2,recalibrated,test_probe,0.2,0.4733646980285645,0.07238439687637001,20
plain,2,recalibrated,test_probe,0.25,0.7576317810058594,0.10661145948158374,20
plain,2,recalibrated,test_probe,0.35,1.4694226593017579,0.17212232775323316,20
plain,2,recalibrated,test_probe,0.5,2.560313983154297,0.2894316533302775,20
plain,2,recalibrated,train_probe,0.005,0.0007532436370849514,0.00014009342755986155,20
plain,2,recalibrated,train_probe,0.01,0.002731353187561029,0.0004647754184006264,20
plain,2,recalibrated,train_probe,0.02,0.010037889862060539,0.0014269077981898877,20
plain,2,recalibrated,train_probe,0.025,0.015356618690490714,0.0021087754820981407,20
plain,2,recalibrated,train_probe,0.05,0.056547052764892566,0.0075046546919149085,20
plain,2,recalibrated,train_probe,0.1,0.20448145294189451,0.023825773225933794,20
plain,2,recalibrated,train_probe,0.2,0.709022646331787,0.07793999030299127,20
plain,2,recalibrated,train_probe,0.25,1.0452871444702148,0.107949194773853,20
plain,2,recalibrated,train_probe,0.35,1.842307456970215,0.16601283611848416,20
plain,2,recalibrated,train_probe,0.5,3.0281396270751952,0.2622791415222774,20
plain,2,saved,test_probe,0.005,0.0013965332031249723,0.00046800678177776755,20
plain,2,saved,test_probe,0.01,0.005690791320800759,0.0018219716529013974,20
plain,2,saved,test_probe,0.02,0.022717514801025365,0.0071540110307951625,20
plain,2,saved,test_probe,0.025,0.03567714157104489,0.011233904401701009,20
plain,2,saved,test_probe,0.05,0.14709371948242184,0.049225700575484234,20
plain,2,saved,test_probe,0.1,0.6613982505798339,0.24080576744621493,20
plain,2,saved,test_probe,0.2,3.1633876342773437,1.046436154992941,20
plain,2,saved,test_probe,0.25,4.9572024871826175,1.4865794094200655,20
plain,2,saved,test_probe,0.35,9.158306182861327,2.4604865840093892,20
plain,2,saved,test_probe,0.5,19.889270642089844,5.736724888281574,20
plain,2,saved,train_probe,0.005,0.0018365333557128966,0.0004598888405388905,20
plain,2,saved,train_probe,0.01,0.007027452278137211,0.0017485707876899316,20
plain,2,saved,train_probe,0.02,0.027387297439575197,0.007064089115074386,20
plain,2,saved,train_probe,0.025,0.04259127273559571,0.011151494477976991,20
plain,2,saved,train_probe,0.05,0.1729559268951416,0.04827479382192954,20
plain,2,saved,train_probe,0.1,0.7534807876586914,0.2428721943355169,20
plain,2,saved,train_probe,0.2,3.4010032135009767,1.0654080288164884,20
plain,2,saved,train_probe,0.25,5.277018142700195,1.5194930192395173,20
plain,2,saved,train_probe,0.35,9.590650268554688,2.5002422334782417,20
plain,2,saved,train_probe,0.5,20.492511968994144,5.782855187365447,20
plain,3,centre_frozen,test_probe,0.005,0.0013194274902343928,0.000691671407762494,20
plain,3,centre_frozen,test_probe,0.01,0.005496101379394549,0.0025666583240919003,20
plain,3,centre_frozen,test_probe,0.02,0.022194338226318385,0.010189380001155046,20
plain,3,centre_frozen,test_probe,0.025,0.03496569442749027,0.01593732251252085,20
plain,3,centre_frozen,test_probe,0.05,0.14303290328979495,0.06371305584550123,20
plain,3,centre_frozen,test_probe,0.1,0.6111615249633788,0.26613440079733397,20
plain,3,centre_frozen,test_probe,0.2,2.8649124053955077,1.1744474963847653,20
plain,3,centre_frozen,test_probe,0.25,4.614643017578125,1.892168879841024,20
plain,3,centre_frozen,test_probe,0.35,9.136837872314453,4.156481781543462,20
plain,3,centre_frozen,test_probe,0.5,20.789888256835937,9.512352404177266,20
plain,3,centre_frozen,train_probe,0.005,0.0015631235122680657,0.0005419801870649206,20
plain,3,centre_frozen,train_probe,0.01,0.006136523818969725,0.002129186567138767,20
plain,3,centre_frozen,train_probe,0.02,0.024508297157287598,0.00863180682316113,20
plain,3,centre_frozen,train_probe,0.025,0.0385782096862793,0.013661426546461826,20
plain,3,centre_frozen,train_probe,0.05,0.16199202327728274,0.05945838961363893,20
plain,3,centre_frozen,train_probe,0.1,0.715334954071045,0.27526942708601404,20
plain,3,centre_frozen,train_probe,0.2,3.204970008850098,1.1964026641295495,20
plain,3,centre_frozen,train_probe,0.25,5.02306316986084,1.9083125939847565,20
plain,3,centre_frozen,train_probe,0.35,9.625463398742676,4.1512167810886105,20
plain,3,centre_frozen,train_probe,0.5,21.437453730773928,9.503720877102927,20
plain,3,recalibrated,test_probe,0.005,0.00027913055419925283,0.00018394027287925034,20
plain,3,recalibrated,test_probe,0.01,0.0011302879333496302,0.0004598650063513767,20
plain,3,recalibrated,test_probe,0.02,0.0047253524780273585,0.0015085364049628076,20
plain,3,recalibrated,test_probe,0.025,0.0074404251098632995,0.0023508329551654335,20
plain,3,recalibrated,test_probe,0.05,0.02947522201538088,0.007608392198689151,20
plain,3,recalibrated,test_probe,0.1,0.11346654739379884,0.023833080019072583,20
plain,3,recalibrated,test_probe,0.2,0.44857624282836916,0.07334360059749222,20
plain,3,recalibrated,test_probe,0.25,0.7036232070922852,0.10687577962006563,20
plain,3,recalibrated,test_probe,0.35,1.3427212371826172,0.16713213964071003,20
plain,3,recalibrated,test_probe,0.5,2.3323985260009765,0.22572438489426105,20
plain,3,recalibrated,train_probe,0.005,0.0005946659088134764,9.78587346926394e-05,20
plain,3,recalibrated,train_probe,0.01,0.0023137289047241204,0.0004156990887979877,20
plain,3,recalibrated,train_probe,0.02,0.008864674186706542,0.0016134023780641808,20
plain,3,recalibrated,train_probe,0.025,0.01367249774932861,0.0024867795883998555,20
plain,3,recalibrated,train_probe,0.05,0.051703713798522954,0.009105253241208465,20
plain,3,recalibrated,train_probe,0.1,0.18923549308776855,0.02868846379212792,20
plain,3,recalibrated,train_probe,0.2,0.6781453186035156,0.08011850013899519,20
plain,3,recalibrated,train_probe,0.25,1.0084147712707519,0.11276614285175206,20
plain,3,recalibrated,train_probe,0.35,1.7707469268798828,0.1674481587639698,20
plain,3,recalibrated,train_probe,0.5,2.8491452957153323,0.21686667386373173,20
plain,3,saved,test_probe,0.005,0.0014765487670898609,0.0007124187825630838,20
plain,3,saved,test_probe,0.01,0.005769989776611348,0.002718030881086427,20
plain,3,saved,test_probe,0.02,0.02269686660766603,0.010301314552133308,20
plain,3,saved,test_probe,0.025,0.035614411163330105,0.016096989806254257,20
plain,3,saved,test_probe,0.05,0.14589284057617188,0.06463331939438582,20
plain,3,saved,test_probe,0.1,0.6235915771484375,0.27047689995581886,20
plain,3,saved,test_probe,0.2,2.924853108215332,1.2024508970846302,20
plain,3,saved,test_probe,0.25,4.70780966796875,1.9447611343924338,20
plain,3,saved,test_probe,0.35,9.319384014892577,4.274766659029454,20
plain,3,saved,test_probe,0.5,21.23300802612305,9.71439224012573,20
plain,3,saved,train_probe,0.005,0.0014917013168334846,0.0005232318351972209,20
plain,3,saved,train_probe,0.01,0.00606370391845702,0.0020933361487429727,20
plain,3,saved,train_probe,0.02,0.02472127246856688,0.008538981588249084,20
plain,3,saved,train_probe,0.025,0.03902458496093749,0.013554757850418313,20
plain,3,saved,train_probe,0.05,0.16401084060668944,0.05966757329248556,20
plain,3,saved,train_probe,0.1,0.7263895709991455,0.2791280793579901,20
plain,3,saved,train_probe,0.2,3.268336853027344,1.2257964725063248,20
plain,3,saved,train_probe,0.25,5.121758851623535,1.961049499319979,20
plain,3,saved,train_probe,0.35,9.814017962646485,4.267022387912608,20
plain,3,saved,train_probe,0.5,21.88665871582031,9.702692028049343,20
plain,4,centre_frozen,test_probe,0.005,0.0011688827514648836,0.0006250507800141225,20
plain,4,centre_frozen,test_probe,0.01,0.004809363555908238,0.002429739101946166,20
plain,4,centre_frozen,test_probe,0.02,0.01953800582885746,0.009389003000521375,20
plain,4,centre_frozen,test_probe,0.025,0.030887771606445354,0.01467858780244002,20
plain,4,centre_frozen,test_probe,0.05,0.1300612327575684,0.060329389963716014,20
plain,4,centre_frozen,test_probe,0.1,0.5829645050048828,0.2578283960113959,20
plain,4,centre_frozen,test_probe,0.2,2.7664757247924805,0.9902878778763174,20
plain,4,centre_frozen,test_probe,0.25,4.462734951782227,1.5033646356006052,20
plain,4,centre_frozen,test_probe,0.35,8.90925082397461,2.9154516147768,20
plain,4,centre_frozen,test_probe,0.5,19.242085028076172,6.447275062382945,20
plain,4,centre_frozen,train_probe,0.005,0.0015018095016479508,0.0004582610717932863,20
plain,4,centre_frozen,train_probe,0.01,0.0060449447631835945,0.0018076487873853258,20
plain,4,centre_frozen,train_probe,0.02,0.024330990982055663,0.007493090258573618,20
plain,4,centre_frozen,train_probe,0.025,0.03832097816467285,0.012078691284001653,20
plain,4,centre_frozen,train_probe,0.05,0.1607803979873657,0.05501908549726223,20
plain,4,centre_frozen,train_probe,0.1,0.7095411819458007,0.25667076394645805,20
plain,4,centre_frozen,train_probe,0.2,3.124786747741699,1.0059071935228123,20
plain,4,centre_frozen,train_probe,0.25,4.918430416870118,1.532139866407522,20
plain,4,centre_frozen,train_probe,0.35,9.481451513671875,2.9800242328757243,20
plain,4,centre_frozen,train_probe,0.5,19.922384747314453,6.5169415764085095,20
plain,4,recalibrated,test_probe,0.005,0.00016786804199221683,0.0001711229381666835,20
plain,4,recalibrated,test_probe,0.01,0.0009082038879394821,0.00047316111926369613,20
plain,4,recalibrated,test_probe,0.02,0.00353366012573246,0.0015621242717877926,20
plain,4,recalibrated,test_probe,0.025,0.005475897979736366,0.002295142885319571,20
plain,4,recalibrated,test_probe,0.05,0.022420020294189488,0.006799578276309405,20
plain,4,recalibrated,test_probe,0.1,0.09528635940551762,0.021711390193512127,20
plain,4,recalibrated,test_probe,0.2,0.42071414566040044,0.07961443177920835,20
plain,4,recalibrated,test_probe,0.25,0.6793300796508789,0.11586588463467812,20
plain,4,recalibrated,test_probe,0.35,1.3422460983276367,0.19901590006270267,20
plain,4,recalibrated,test_probe,0.5,2.3970169860839845,0.30737018361691465,20
plain,4,recalibrated,train_probe,0.005,0.0005513689041137693,0.00010927529213047983,20
plain,4,recalibrated,train_probe,0.01,0.0022151622772216806,0.0003863368467761302,20
plain,4,recalibrated,train_probe,0.02,0.008706684494018558,0.0015450152450288467,20
plain,4,recalibrated,train_probe,0.025,0.013447791671752935,0.00236395715695394,20
plain,4,recalibrated,train_probe,0.05,0.05146595993041993,0.008641516757587897,20
plain,4,recalibrated,train_probe,0.1,0.19197876052856447,0.03037597672857728,20
plain,4,recalibrated,train_probe,0.2,0.6867645973205566,0.09862709873376653,20
plain,4,recalibrated,train_probe,0.25,1.0211390838623047,0.13823965119076492,20
plain,4,recalibrated,train_probe,0.35,1.7936174880981444,0.21054935099462768,20
plain,4,recalibrated,train_probe,0.5,2.9296318420410157,0.2982752418849595,20
plain,4,saved,test_probe,0.005,0.0011519866943359852,0.0005794534891228123,20
plain,4,saved,test_probe,0.01,0.004493524169921928,0.002346280037655599,20
plain,4,saved,test_probe,0.02,0.0188593742370606,0.009303625326345582,20
plain,4,saved,test_probe,0.025,0.03003549118041996,0.014445927376371525,20
plain,4,saved,test_probe,0.05,0.126997445678711,0.05984680365744645,20
plain,4,saved,test_probe,0.1,0.5711698097229003,0.25728321526422,20
plain,4,saved,test_probe,0.2,2.7496309432983397,1.001844572473724,20
plain,4,saved,test_probe,0.25,4.45336462097168,1.5221768995271705,20
plain,4,saved,test_probe,0.35,8.913238684082032,2.932363204979401,20
plain,4,saved,test_probe,0.5,19.221044921875,6.43820650565304,20
plain,4,saved,train_probe,0.005,0.0014633022308349556,0.00045210485506224176,20
plain,4,saved,train_probe,0.01,0.005875876426696775,0.0018193193067214991,20
plain,4,saved,train_probe,0.02,0.02406090469360351,0.007557290182514026,20
plain,4,saved,train_probe,0.025,0.037911844444274895,0.012104745602846762,20
plain,4,saved,train_probe,0.05,0.15873204402923585,0.054353433750751676,20
plain,4,saved,train_probe,0.1,0.6979450706481933,0.2544816186255127,20
plain,4,saved,train_probe,0.2,3.103362031555176,1.0146373780523792,20
plain,4,saved,train_probe,0.25,4.904269625854492,1.547136149471931,20
plain,4,saved,train_probe,0.35,9.482637759399413,2.9966379872199864,20
plain,4,saved,train_probe,0.5,19.89883048400879,6.510085878620523,20
resolution_max_b1,0,centre_frozen,test_probe,0.005,0.000915322875976543,0.00026204172992170193,20
resolution_max_b1,0,centre_frozen,test_probe,0.01,0.0034886642456054577,0.0009247460717856431,20
resolution_max_b1,0,centre_frozen,test_probe,0.02,0.013295791625976544,0.0037671395674548384,20
resolution_max_b1,0,centre_frozen,test_probe,0.025,0.02061437377929687,0.005871448116299741,20
resolution_max_b1,0,centre_frozen,test_probe,0.05,0.08493962326049802,0.025437146934902892,20
resolution_max_b1,0,centre_frozen,test_probe,0.1,0.3915441825866699,0.1260854274833957,20
resolution_max_b1,0,centre_frozen,test_probe,0.2,2.0365607177734377,0.6419945127982534,20
resolution_max_b1,0,centre_frozen,test_probe,0.25,3.392744651794433,1.025150404807847,20
resolution_max_b1,0,centre_frozen,test_probe,0.35,7.0192290069580086,2.004694722700721,20
resolution_max_b1,0,centre_frozen,test_probe,0.5,16.565386157226563,4.564297634633398,20
resolution_max_b1,0,centre_frozen,train_probe,0.005,0.0010059871673584035,0.00022895315115166877,20
resolution_max_b1,0,centre_frozen,train_probe,0.01,0.00402166328430176,0.0009058676233119845,20
resolution_max_b1,0,centre_frozen,train_probe,0.02,0.01581617660522461,0.003634200806349256,20
resolution_max_b1,0,centre_frozen,train_probe,0.025,0.024651453399658206,0.0057517459217510045,20
resolution_max_b1,0,centre_frozen,train_probe,0.05,0.10029276733398437,0.025908463333561366,20
resolution_max_b1,0,centre_frozen,train_probe,0.1,0.4395532249450683,0.12985353322971768,20
resolution_max_b1,0,centre_frozen,train_probe,0.2,2.150605366516113,0.6593853177665985,20
resolution_max_b1,0,centre_frozen,train_probe,0.25,3.5365842285156246,1.0432821436404587,20
resolution_max_b1,0,centre_frozen,train_probe,0.35,7.217323321533203,2.032175943879515,20
resolution_max_b1,0,centre_frozen,train_probe,0.5,16.83922320251465,4.585027532608693,20
resolution_max_b1,0,recalibrated,test_probe,0.005,0.00027532043457029475,8.995330738239249e-05,20
resolution_max_b1,0,recalibrated,test_probe,0.01,0.0010339340209960745,0.00024946982339641045,20
resolution_max_b1,0,recalibrated,test_probe,0.02,0.003664596557617167,0.0007118956035400554,20
resolution_max_b1,0,recalibrated,test_probe,0.025,0.0055870559692382665,0.0010809080038295638,20
resolution_max_b1,0,recalibrated,test_probe,0.05,0.021602412414550767,0.003752428925045126,20
resolution_max_b1,0,recalibrated,test_probe,0.1,0.09012813644409177,0.01497794424044055,20
resolution_max_b1,0,recalibrated,test_probe,0.2,0.39090280990600584,0.06454828035570963,20
resolution_max_b1,0,recalibrated,test_probe,0.25,0.6153166976928711,0.08859611170171411,20
resolution_max_b1,0,recalibrated,test_probe,0.35,1.1969159866333006,0.13055684369812004,20
resolution_max_b1,0,recalibrated,test_probe,0.5,2.175453369140625,0.1931634327151316,20
resolution_max_b1,0,recalibrated,train_probe,0.005,0.0003392314910888719,8.709886717148955e-05,20
resolution_max_b1,0,recalibrated,train_probe,0.01,0.0013799541473388743,0.00031652846719804593,20
resolution_max_b1,0,recalibrated,train_probe,0.02,0.005481265258789067,0.0011149226568760843,20
resolution_max_b1,0,recalibrated,train_probe,0.025,0.008495226669311526,0.001658714256629818,20
resolution_max_b1,0,recalibrated,train_probe,0.05,0.033060627365112304,0.005642139893199752,20
resolution_max_b1,0,recalibrated,train_probe,0.1,0.1276066207885742,0.01833976232424727,20
resolution_max_b1,0,recalibrated,train_probe,0.2,0.4836103637695313,0.06313882377788999,20
resolution_max_b1,0,recalibrated,train_probe,0.25,0.7372964172363281,0.0872970293088394,20
resolution_max_b1,0,recalibrated,train_probe,0.35,1.3653990997314454,0.1368274680118307,20
resolution_max_b1,0,recalibrated,train_probe,0.5,2.378597543334961,0.19397166419592318,20
resolution_max_b1,0,saved,test_probe,0.005,0.0008508949279785044,0.00027186034603731086,20
resolution_max_b1,0,saved,test_probe,0.01,0.0033760162353515697,0.0009647581289283534,20
resolution_max_b1,0,saved,test_probe,0.02,0.013184769439697264,0.0037919652650922463,20
resolution_max_b1,0,saved,test_probe,0.025,0.02045600738525391,0.005866977271572377,20
resolution_max_b1,0,saved,test_probe,0.05,0.0841158935546875,0.02496442603333862,20
resolution_max_b1,0,saved,test_probe,0.1,0.3864473091125488,0.12387517237734898,20
resolution_max_b1,0,saved,test_probe,0.2,2.005909959411621,0.6347112680445439,20
resolution_max_b1,0,saved,test_probe,0.25,3.337556492614746,1.0116117237577156,20
resolution_max_b1,0,saved,test_probe,0.35,6.903779254150391,1.9690298115528428,20
resolution_max_b1,0,saved,test_probe,0.5,16.310109033203126,4.500099523414824,20
resolution_max_b1,0,saved,train_probe,0.005,0.0009901054382324289,0.00023425681399163385,20
resolution_max_b1,0,saved,train_probe,0.01,0.003933711624145517,0.000926480206621541,20
resolution_max_b1,0,saved,train_probe,0.02,0.015527569961547857,0.003613813971302198,20
resolution_max_b1,0,saved,train_probe,0.025,0.024211091995239263,0.005708732184180378,20
resolution_max_b1,0,saved,train_probe,0.05,0.09873520317077637,0.0255676133238802,20
resolution_max_b1,0,saved,train_probe,0.1,0.4337452308654785,0.1287813556202828,20
resolution_max_b1,0,saved,train_probe,0.2,2.1201375030517577,0.6510042947413168,20
resolution_max_b1,0,saved,train_probe,0.25,3.482548472595215,1.029302290408853,20
resolution_max_b1,0,saved,train_probe,0.35,7.103127160644531,1.9961076897836834,20
resolution_max_b1,0,saved,train_probe,0.5,16.58380122680664,4.520894257936677,20
resolution_max_b1,1,centre_frozen,test_probe,0.005,0.001058360290527377,0.000392948429759757,20
resolution_max_b1,1,centre_frozen,test_probe,0.01,0.004112522888183629,0.0015549494054677478,20
resolution_max_b1,1,centre_frozen,test_probe,0.02,0.01611817626953128,0.006314747407035258,20
resolution_max_b1,1,centre_frozen,test_probe,0.025,0.025070518493652383,0.01005367548284324,20
resolution_max_b1,1,centre_frozen,test_probe,0.05,0.1016776275634766,0.0426275055370381,20
resolution_max_b1,1,centre_frozen,test_probe,0.1,0.4531699188232422,0.1919985543278887,20
resolution_max_b1,1,centre_frozen,test_probe,0.2,2.407327426147461,0.8443890416546238,20
resolution_max_b1,1,centre_frozen,test_probe,0.25,4.032879025268555,1.2436501914981128,20
resolution_max_b1,1,centre_frozen,test_probe,0.35,8.28433013305664,2.1537444267881365,20
resolution_max_b1,1,centre_frozen,test_probe,0.5,18.59746798095703,5.268487290314617,20
resolution_max_b1,1,centre_frozen,train_probe,0.005,0.0010708774566650578,0.00033270423712490594,20
resolution_max_b1,1,centre_frozen,train_probe,0.01,0.004329077529907249,0.0013448431999525305,20
resolution_max_b1,1,centre_frozen,train_probe,0.02,0.01740156173706057,0.0055533479358955305,20
resolution_max_b1,1,centre_frozen,train_probe,0.025,0.027199362564086938,0.008799143005277487,20
resolution_max_b1,1,centre_frozen,train_probe,0.05,0.110459729385376,0.037678866489509036,20
resolution_max_b1,1,centre_frozen,train_probe,0.1,0.49551306762695313,0.1830571999227156,20
resolution_max_b1,1,centre_frozen,train_probe,0.2,2.538777780151367,0.8431686465781923,20
resolution_max_b1,1,centre_frozen,train_probe,0.25,4.203210015869141,1.2557458395959675,20
resolution_max_b1,1,centre_frozen,train_probe,0.35,8.522473541259766,2.168349009965334,20
resolution_max_b1,1,centre_frozen,train_probe,0.5,18.968414990234372,5.285630236052131,20
resolution_max_b1,1,recalibrated,test_probe,0.005,0.00031781692504885827,0.00010922502471183627,20
resolution_max_b1,1,recalibrated,test_probe,0.01,0.0012388488769531664,0.000357074553387723,20
resolution_max_b1,1,recalibrated,test_probe,0.02,0.0045639358520508265,0.001128043215637307,20
resolution_max_b1,1,recalibrated,test_probe,0.025,0.006960727691650429,0.0016473344977564,20
resolution_max_b1,1,recalibrated,test_probe,0.05,0.025574848175048858,0.005629900737760977,20
resolution_max_b1,1,recalibrated,test_probe,0.1,0.09640161743164066,0.019867792841516158,20
resolution_max_b1,1,recalibrated,test_probe,0.2,0.3936639373779297,0.07700102697560358,20
resolution_max_b1,1,recalibrated,test_probe,0.25,0.6317660263061524,0.12169679772051621,20
resolution_max_b1,1,recalibrated,test_probe,0.35,1.2431722732543946,0.2219906434687786,20
resolution_max_b1,1,recalibrated,test_probe,0.5,2.2082738403320312,0.3317127482186189,20
resolution_max_b1,1,recalibrated,train_probe,0.005,0.00031693344116213025,6.759812179244334e-05,20
resolution_max_b1,1,recalibrated,train_probe,0.01,0.0012995357513427939,0.00023360681739883032,20
resolution_max_b1,1,recalibrated,train_probe,0.02,0.005353822326660174,0.0008871644650629281,20
resolution_max_b1,1,recalibrated,train_probe,0.025,0.008378232192993187,0.0013572958094914738,20
resolution_max_b1,1,recalibrated,train_probe,0.05,0.033189323043823264,0.005386734840671633,20
resolution_max_b1,1,recalibrated,train_probe,0.1,0.12750959548950197,0.02093217231901642,20
resolution_max_b1,1,recalibrated,train_probe,0.2,0.4964131401062012,0.08068131118011247,20
resolution_max_b1,1,recalibrated,train_probe,0.25,0.7698377937316895,0.12575774890982683,20
resolution_max_b1,1,recalibrated,train_probe,0.35,1.437902848815918,0.22522249110293005,20
resolution_max_b1,1,recalibrated,train_probe,0.5,2.44775352935791,0.33236684659282095,20
resolution_max_b1,1,saved,test_probe,0.005,0.0009671104431152405,0.0003626919438904408,20
resolution_max_b1,1,saved,test_probe,0.01,0.003988505554199209,0.0015247992030782778,20
resolution_max_b1,1,saved,test_probe,0.02,0.016073107147216804,0.006282389071830857,20
resolution_max_b1,1,saved,test_probe,0.025,0.025140747070312507,0.009992905092582716,20
resolution_max_b1,1,saved,test_probe,0.05,0.10281216354370118,0.04229566366756764,20
resolution_max_b1,1,saved,test_probe,0.1,0.459289469909668,0.1905593857977034,20
resolution_max_b1,1,saved,test_probe,0.2,2.4413972412109377,0.8534701358367123,20
resolution_max_b1,1,saved,test_probe,0.25,4.0895110076904295,1.2694288978049335,20
resolution_max_b1,1,saved,test_probe,0.35,8.397582196044922,2.213360281628121,20
resolution_max_b1,1,saved,test_probe,0.5,18.90386004638672,5.380080335403769,20
resolution_max_b1,1,saved,train_probe,0.005,0.001095273971557613,0.00034055948095898465,20
resolution_max_b1,1,saved,train_probe,0.01,0.00437379531860351,0.0013509167841267587,20
resolution_max_b1,1,saved,train_probe,0.02,0.017549743270874014,0.005517189251946621,20
resolution_max_b1,1,saved,train_probe,0.025,0.027395166397094724,0.00870477778886884,20
resolution_max_b1,1,saved,train_probe,0.05,0.11127819213867188,0.03705733948499755,20
resolution_max_b1,1,saved,train_probe,0.1,0.500111173248291,0.18105806112817316,20
resolution_max_b1,1,saved,train_probe,0.2,2.5700424530029298,0.8510571389929966,20
resolution_max_b1,1,saved,train_probe,0.25,4.258087414550781,1.2809299648876755,20
resolution_max_b1,1,saved,train_probe,0.35,8.636901065063476,2.2286301872494727,20
resolution_max_b1,1,saved,train_probe,0.5,19.283840145874024,5.396210739061248,20
resolution_max_b1,2,centre_frozen,test_probe,0.005,0.0009900413513183604,0.00035272300518802757,20
resolution_max_b1,2,centre_frozen,test_probe,0.01,0.003734026336669921,0.0014318058644586693,20
resolution_max_b1,2,centre_frozen,test_probe,0.02,0.014134191894531254,0.005644632550477981,20
resolution_max_b1,2,centre_frozen,test_probe,0.025,0.02191987991333008,0.008775229512197441,20
resolution_max_b1,2,centre_frozen,test_probe,0.05,0.09015416641235352,0.03706844024997125,20
resolution_max_b1,2,centre_frozen,test_probe,0.1,0.4154079742431641,0.18372485901900473,20
resolution_max_b1,2,centre_frozen,test_probe,0.2,2.183590496826172,0.8992224471185406,20
resolution_max_b1,2,centre_frozen,test_probe,0.25,3.7027674041748044,1.3204819008435507,20
resolution_max_b1,2,centre_frozen,test_probe,0.35,7.944917858886718,2.2046093184106517,20
resolution_max_b1,2,centre_frozen,test_probe,0.5,19.31856959838867,5.969990088438185,20
resolution_max_b1,2,centre_frozen,train_probe,0.005,0.0009000942230224504,0.0003360851179227902,20
resolution_max_b1,2,centre_frozen,train_probe,0.01,0.0038314723968505813,0.0013866674562033033,20
resolution_max_b1,2,centre_frozen,train_probe,0.02,0.015914496994018548,0.005692490859684722,20
resolution_max_b1,2,centre_frozen,train_probe,0.025,0.025023495101928705,0.008973227586886286,20
resolution_max_b1,2,centre_frozen,train_probe,0.05,0.10339861335754393,0.03771988912577146,20
resolution_max_b1,2,centre_frozen,train_probe,0.1,0.4626175949096679,0.18734581896315766,20
resolution_max_b1,2,centre_frozen,train_probe,0.2,2.3254318817138673,0.9254441082144583,20
resolution_max_b1,2,centre_frozen,train_probe,0.25,3.8910261566162108,1.3725636978924611,20
resolution_max_b1,2,centre_frozen,train_probe,0.35,8.22574839477539,2.281443769801854,20
resolution_max_b1,2,centre_frozen,train_probe,0.5,19.802508212280273,6.119533504531415,20
resolution_max_b1,2,recalibrated,test_probe,0.005,0.0003223678588867157,7.713580792173514e-05,20
resolution_max_b1,2,recalibrated,test_probe,0.01,0.0011538375854492188,0.00021914110224933122,20
resolution_max_b1,2,recalibrated,test_probe,0.02,0.0041431388854980405,0.000855183799185741,20
resolution_max_b1,2,recalibrated,test_probe,0.025,0.00626970481872558,0.001298898064397982,20
resolution_max_b1,2,recalibrated,test_probe,0.05,0.024206492614746097,0.005393653049274999,20
resolution_max_b1,2,recalibrated,test_probe,0.1,0.09681775741577149,0.019713768145987683,20
resolution_max_b1,2,recalibrated,test_probe,0.2,0.39963134536743167,0.06798770757378782,20
resolution_max_b1,2,recalibrated,test_probe,0.25,0.6372648178100586,0.10208613276658496,20
resolution_max_b1,2,recalibrated,test_probe,0.35,1.2535870178222657,0.16626206264860838,20
resolution_max_b1,2,recalibrated,test_probe,0.5,2.280008969116211,0.2439522360412629,20
resolution_max_b1,2,recalibrated,train_probe,0.005,0.0002746356964111227,5.998542417407018e-05,20
resolution_max_b1,2,recalibrated,train_probe,0.01,0.0012440063476562388,0.00026492671797902066,20
resolution_max_b1,2,recalibrated,train_probe,0.02,0.0053786483764648296,0.0011653418541721489,20
resolution_max_b1,2,recalibrated,train_probe,0.025,0.008494845199584952,0.001835984408990839,20
resolution_max_b1,2,recalibrated,train_probe,0.05,0.0338915615081787,0.0071387015419106335,20
resolution_max_b1,2,recalibrated,train_probe,0.1,0.130527819442749,0.02352864422928524,20
resolution_max_b1,2,recalibrated,train_probe,0.2,0.5005344985961914,0.07774588630731613,20
resolution_max_b1,2,recalibrated,train_probe,0.25,0.7695142700195312,0.11191627711651794,20
resolution_max_b1,2,recalibrated,train_probe,0.35,1.4317955749511717,0.17357572742972557,20
resolution_max_b1,2,recalibrated,train_probe,0.5,2.513661715698242,0.237251213425648,20
resolution_max_b1,2,saved,test_probe,0.005,0.0008961708068847746,0.0003436615728885771,20
resolution_max_b1,2,saved,test_probe,0.01,0.00341024856567384,0.0013427843452765756,20
resolution_max_b1,2,saved,test_probe,0.02,0.01344232482910158,0.005463875591942118,20
resolution_max_b1,2,saved,test_probe,0.025,0.021095660400390643,0.008588606226777673,20
resolution_max_b1,2,saved,test_probe,0.05,0.08796348648071291,0.036472860496356736,20
resolution_max_b1,2,saved,test_probe,0.1,0.4076847724914551,0.18251087937714558,20
resolution_max_b1,2,saved,test_probe,0.2,2.1634592422485355,0.9091361288781913,20
resolution_max_b1,2,saved,test_probe,0.25,3.6792689361572264,1.3435777686495667,20
resolution_max_b1,2,saved,test_probe,0.35,7.94087724609375,2.2466461788532293,20
resolution_max_b1,2,saved,test_probe,0.5,19.421212341308593,6.010562771602248,20
resolution_max_b1,2,saved,train_probe,0.005,0.000927300643920885,0.0003433302462403885,20
resolution_max_b1,2,saved,train_probe,0.01,0.003859950256347641,0.0013910904276594942,20
resolution_max_b1,2,saved,train_probe,0.02,0.01575224990844725,0.005640590242008347,20
resolution_max_b1,2,saved,train_probe,0.025,0.02473286590576171,0.008815789708556072,20
resolution_max_b1,2,saved,train_probe,0.05,0.10211292648315429,0.03731583527464141,20
resolution_max_b1,2,saved,train_probe,0.1,0.4567653533935546,0.18719510364335168,20
resolution_max_b1,2,saved,train_probe,0.2,2.3083675460815427,0.9373653261007713,20
resolution_max_b1,2,saved,train_probe,0.25,3.8726374999999997,1.397245796002979,20
resolution_max_b1,2,saved,train_probe,0.35,8.228581484985352,2.3231421221288544,20
resolution_max_b1,2,saved,train_probe,0.5,19.914867132568357,6.162924219578512,20
resolution_max_b1,3,centre_frozen,test_probe,0.005,0.0008254600524902151,0.0002794735618800216,20
resolution_max_b1,3,centre_frozen,test_probe,0.01,0.0034273345947265555,0.0011702689579664194,20
resolution_max_b1,3,centre_frozen,test_probe,0.02,0.014248526763916008,0.0047025927411534245,20
resolution_max_b1,3,centre_frozen,test_probe,0.025,0.02257420120239257,0.007329127065673233,20
resolution_max_b1,3,centre_frozen,test_probe,0.05,0.09431035079956053,0.02908934523069676,20
resolution_max_b1,3,centre_frozen,test_probe,0.1,0.41548416519165043,0.12937717527148115,20
resolution_max_b1,3,centre_frozen,test_probe,0.2,2.0936232604980467,0.6578272838359995,20
resolution_max_b1,3,centre_frozen,test_probe,0.25,3.514136303710937,1.0785494880937214,20
resolution_max_b1,3,centre_frozen,test_probe,0.35,7.400735949707031,2.162045390234739,20
resolution_max_b1,3,centre_frozen,test_probe,0.5,16.439582263183592,5.146073250053034,20
resolution_max_b1,3,centre_frozen,train_probe,0.005,0.0010918697357177876,0.00028305244812582106,20
resolution_max_b1,3,centre_frozen,train_probe,0.01,0.0044351200103759925,0.0010961426329610738,20
resolution_max_b1,3,centre_frozen,train_probe,0.02,0.01768920516967775,0.00449192241594495,20
resolution_max_b1,3,centre_frozen,train_probe,0.025,0.0276139675140381,0.0070483614021129804,20
resolution_max_b1,3,centre_frozen,train_probe,0.05,0.1101860805511475,0.028603415683600638,20
resolution_max_b1,3,centre_frozen,train_probe,0.1,0.4613518112182617,0.13040928555216033,20
resolution_max_b1,3,centre_frozen,train_probe,0.2,2.2289381896972658,0.6805073913346046,20
resolution_max_b1,3,centre_frozen,train_probe,0.25,3.710336810302734,1.1018177704452492,20
resolution_max_b1,3,centre_frozen,train_probe,0.35,7.688570602416992,2.195087126563703,20
resolution_max_b1,3,centre_frozen,train_probe,0.5,16.831794537353517,5.2258452203943015,20
resolution_max_b1,3,recalibrated,test_probe,0.005,0.00018716430664061923,9.772584405466384e-05,20
resolution_max_b1,3,recalibrated,test_probe,0.01,0.0008645874023437472,0.0003389301235601961,20
resolution_max_b1,3,recalibrated,test_probe,0.02,0.0037540367126464606,0.0014211862660093223,20
resolution_max_b1,3,recalibrated,test_probe,0.025,0.006013800811767564,0.002249541454563141,20
resolution_max_b1,3,recalibrated,test_probe,0.05,0.024711631011962883,0.007574168771701211,20
resolution_max_b1,3,recalibrated,test_probe,0.1,0.10076698837280271,0.022972306256259078,20
resolution_max_b1,3,recalibrated,test_probe,0.2,0.41037218780517576,0.0730966750133563,20
resolution_max_b1,3,recalibrated,test_probe,0.25,0.6506780464172363,0.10471271637221101,20
resolution_max_b1,3,recalibrated,test_probe,0.35,1.251867558288574,0.16011222736258987,20
resolution_max_b1,3,recalibrated,test_probe,0.5,2.177330111694336,0.2415930133342573,20
resolution_max_b1,3,recalibrated,train_probe,0.005,0.00040701560974123194,0.00010295841496557588,20
resolution_max_b1,3,recalibrated,train_probe,0.01,0.0016979743957519695,0.0004392655734216612,20
resolution_max_b1,3,recalibrated,train_probe,0.02,0.00678397102355959,0.001746249836803648,20
resolution_max_b1,3,recalibrated,train_probe,0.025,0.01052461166381838,0.002643275008409697,20
resolution_max_b1,3,recalibrated,train_probe,0.05,0.03990290298461916,0.008664502111380014,20
resolution_max_b1,3,recalibrated,train_probe,0.1,0.14222774429321292,0.025233709647324173,20
resolution_max_b1,3,recalibrated,train_probe,0.2,0.5117033645629883,0.07322614325725045,20
resolution_max_b1,3,recalibrated,train_probe,0.25,0.7808683212280274,0.10190171848692685,20
resolution_max_b1,3,recalibrated,train_probe,0.35,1.4371555450439453,0.15549866395139914,20
resolution_max_b1,3,recalibrated,train_probe,0.5,2.4239359588623044,0.23072455601287553,20
resolution_max_b1,3,saved,test_probe,0.005,0.0008255798339843829,0.0002610233440652514,20
resolution_max_b1,3,saved,test_probe,0.01,0.0033783554077148475,0.0011156551593820073,20
resolution_max_b1,3,saved,test_probe,0.02,0.014153490447998057,0.004672890309690126,20
resolution_max_b1,3,saved,test_probe,0.025,0.022440262603759777,0.007293653557806554,20
resolution_max_b1,3,saved,test_probe,0.05,0.09416161422729494,0.028650709560685397,20
resolution_max_b1,3,saved,test_probe,0.1,0.41604517364501953,0.12725508772849603,20
resolution_max_b1,3,saved,test_probe,0.2,2.116509414672852,0.6663243179925696,20
resolution_max_b1,3,saved,test_probe,0.25,3.5637530426025394,1.097905872992835,20
resolution_max_b1,3,saved,test_probe,0.35,7.524925708007812,2.2086268703898386,20
resolution_max_b1,3,saved,test_probe,0.5,16.724057183837893,5.227928801272715,20
resolution_max_b1,3,saved,train_probe,0.005,0.0011966453552245987,0.00029009913122446444,20
resolution_max_b1,3,saved,train_probe,0.01,0.004692053985595695,0.0011067574403571475,20
resolution_max_b1,3,saved,train_probe,0.02,0.0182138645172119,0.004321304762914311,20
resolution_max_b1,3,saved,train_probe,0.025,0.02826213264465331,0.006772869802487162,20
resolution_max_b1,3,saved,train_probe,0.05,0.11129710311889647,0.027870429415644906,20
resolution_max_b1,3,saved,train_probe,0.1,0.46417634353637693,0.12878097594979515,20
resolution_max_b1,3,saved,train_probe,0.2,2.253583734130859,0.6892894341934384,20
resolution_max_b1,3,saved,train_probe,0.25,3.7625522399902342,1.1212482353560551,20
resolution_max_b1,3,saved,train_probe,0.35,7.816122970581054,2.241992508165853,20
resolution_max_b1,3,saved,train_probe,0.5,17.118368206787107,5.30771175783987,20
resolution_max_b1,4,centre_frozen,test_probe,0.005,0.0009280555725097561,0.00037066978022220245,20
resolution_max_b1,4,centre_frozen,test_probe,0.01,0.0034949127197265507,0.001389961493939072,20
resolution_max_b1,4,centre_frozen,test_probe,0.02,0.013438782501220695,0.005501493666446215,20
resolution_max_b1,4,centre_frozen,test_probe,0.025,0.021042139434814443,0.008639296968497788,20
resolution_max_b1,4,centre_frozen,test_probe,0.05,0.08900451736450193,0.03737199280572593,20
resolution_max_b1,4,centre_frozen,test_probe,0.1,0.41513796157836913,0.18386651134569404,20
resolution_max_b1,4,centre_frozen,test_probe,0.2,2.1142975051879884,0.7654347107095558,20
resolution_max_b1,4,centre_frozen,test_probe,0.25,3.523783355712891,1.1161376889899242,20
resolution_max_b1,4,centre_frozen,test_probe,0.35,7.499364297485352,2.1374383586687156,20
resolution_max_b1,4,centre_frozen,test_probe,0.5,17.377479492187497,5.024876431338542,20
resolution_max_b1,4,centre_frozen,train_probe,0.005,0.0011372058868408072,0.00036090026609547637,20
resolution_max_b1,4,centre_frozen,train_probe,0.01,0.0044047187805175666,0.0014593031300558662,20
resolution_max_b1,4,centre_frozen,train_probe,0.02,0.017611273574829094,0.005846709510978263,20
resolution_max_b1,4,centre_frozen,train_probe,0.025,0.027547151184082026,0.009145002648787438,20
resolution_max_b1,4,centre_frozen,train_probe,0.05,0.11141174964904785,0.03865359794547621,20
resolution_max_b1,4,centre_frozen,train_probe,0.1,0.4851343719482422,0.18739565024433358,20
resolution_max_b1,4,centre_frozen,train_probe,0.2,2.298009310913086,0.7646108454511809,20
resolution_max_b1,4,centre_frozen,train_probe,0.25,3.7495167327880856,1.1159482694795235,20
resolution_max_b1,4,centre_frozen,train_probe,0.35,7.7782074676513675,2.1600183609796706,20
resolution_max_b1,4,centre_frozen,train_probe,0.5,17.728754861450195,5.071628599714155,20
resolution_max_b1,4,recalibrated,test_probe,0.005,0.0002805358886718706,9.473653721154818e-05,20
resolution_max_b1,4,recalibrated,test_probe,0.01,0.0010197547912597555,0.00032968962210418764,20
resolution_max_b1,4,recalibrated,test_probe,0.02,0.0034914146423339703,0.0010064040665453537,20
resolution_max_b1,4,recalibrated,test_probe,0.025,0.0052635467529296796,0.0014379625320566425,20
resolution_max_b1,4,recalibrated,test_probe,0.05,0.020560852813720696,0.005063271073902452,20
resolution_max_b1,4,recalibrated,test_probe,0.1,0.09024477386474608,0.024320182382593716,20
resolution_max_b1,4,recalibrated,test_probe,0.2,0.39527130126953125,0.09784992826222903,20
resolution_max_b1,4,recalibrated,test_probe,0.25,0.6361116653442382,0.14315771538281705,20
resolution_max_b1,4,recalibrated,test_probe,0.35,1.2666701904296875,0.23569479723792788,20
resolution_max_b1,4,recalibrated,test_probe,0.5,2.2790189834594727,0.3310704649903286,20
resolution_max_b1,4,recalibrated,train_probe,0.005,0.0004373764038085828,0.00010104586064984049,20
resolution_max_b1,4,recalibrated,train_probe,0.01,0.0015972003936767453,0.00036708223354471104,20
resolution_max_b1,4,recalibrated,train_probe,0.02,0.006143731689453115,0.001467619683626108,20
resolution_max_b1,4,recalibrated,train_probe,0.025,0.009513094329833976,0.002229379183565473,20
resolution_max_b1,4,recalibrated,train_probe,0.05,0.03647861175537108,0.008290860391020996,20
resolution_max_b1,4,recalibrated,train_probe,0.1,0.13441104736328124,0.029540165247530406,20
resolution_max_b1,4,recalibrated,train_probe,0.2,0.5068849609374999,0.10820125504270468,20
resolution_max_b1,4,recalibrated,train_probe,0.25,0.7788164962768555,0.15383425457895644,20
resolution_max_b1,4,recalibrated,train_probe,0.35,1.4529082122802734,0.2328385705540549,20
resolution_max_b1,4,recalibrated,train_probe,0.5,2.492992886352539,0.3198624596361364,20
resolution_max_b1,4,saved,test_probe,0.005,0.0008931449890136444,0.0003396328388833615,20
resolution_max_b1,4,saved,test_probe,0.01,0.003446868133544892,0.0013553339548969341,20
resolution_max_b1,4,saved,test_probe,0.02,0.013469172668457,0.005427716902914847,20
resolution_max_b1,4,saved,test_probe,0.025,0.021040343475341772,0.00850185029243092,20
resolution_max_b1,4,saved,test_probe,0.05,0.088195832824707,0.036848599455721436,20
resolution_max_b1,4,saved,test_probe,0.1,0.41099729766845694,0.18346334932857455,20
resolution_max_b1,4,saved,test_probe,0.2,2.1076355224609378,0.7827169078072603,20
resolution_max_b1,4,saved,test_probe,0.25,3.512214712524414,1.1425909517134742,20
resolution_max_b1,4,saved,test_probe,0.35,7.458142129516601,2.1582332303835883,20
resolution_max_b1,4,saved,test_probe,0.5,17.232682580566408,5.007407792796912,20
resolution_max_b1,4,saved,train_probe,0.005,0.0010079311370849568,0.0003747188906341799,20
resolution_max_b1,4,saved,train_probe,0.01,0.004110049057006827,0.0014672081863003517,20
resolution_max_b1,4,saved,train_probe,0.02,0.01689681015014647,0.005746075649718338,20
resolution_max_b1,4,saved,train_probe,0.025,0.02654444580078124,0.009002570109357167,20
resolution_max_b1,4,saved,train_probe,0.05,0.10901003265380857,0.0380652820750293,20
resolution_max_b1,4,saved,train_probe,0.1,0.47984382400512693,0.18727993007641278,20
resolution_max_b1,4,saved,train_probe,0.2,2.2895171371459964,0.7834792257995796,20
resolution_max_b1,4,saved,train_probe,0.25,3.735518846130371,1.1426934489489184,20
resolution_max_b1,4,saved,train_probe,0.35,7.7357433227539065,2.180025366953152,20
resolution_max_b1,4,saved,train_probe,0.5,17.581723596191406,5.050946949580906,20
resolution_max_b1_gaussian_conv,0,centre_frozen,test_probe,0.005,0.0006834442138672348,0.00023163740760019899,20
resolution_max_b1_gaussian_conv,0,centre_frozen,test_probe,0.01,0.0027682632446289547,0.0008562103043302265,20
resolution_max_b1_gaussian_conv,0,centre_frozen,test_probe,0.02,0.011153016281127966,0.0034731720870729466,20
resolution_max_b1_gaussian_conv,0,centre_frozen,test_probe,0.025,0.017397443008422893,0.005492644892776469,20
resolution_max_b1_gaussian_conv,0,centre_frozen,test_probe,0.05,0.07171954689025883,0.02443935314984694,20
resolution_max_b1_gaussian_conv,0,centre_frozen,test_probe,0.1,0.32769445343017584,0.11600527188024898,20
resolution_max_b1_gaussian_conv,0,centre_frozen,test_probe,0.2,1.7103921035766603,0.5707732167229799,20
resolution_max_b1_gaussian_conv,0,centre_frozen,test_probe,0.25,2.915283674621582,0.9436898373840882,20
resolution_max_b1_gaussian_conv,0,centre_frozen,test_probe,0.35,6.313448553466797,2.131467049936879,20
resolution_max_b1_gaussian_conv,0,centre_frozen,test_probe,0.5,14.896355700683594,5.451301283564837,20
resolution_max_b1_gaussian_conv,0,centre_frozen,train_probe,0.005,0.0008228096008300767,0.00022785171924651177,20
resolution_max_b1_gaussian_conv,0,centre_frozen,train_probe,0.01,0.0032728431701660107,0.0008784153736445773,20
resolution_max_b1_gaussian_conv,0,centre_frozen,train_probe,0.02,0.012912764739990234,0.003425929517978464,20
resolution_max_b1_gaussian_conv,0,centre_frozen,train_probe,0.025,0.020050315856933593,0.0053502988625660376,20
resolution_max_b1_gaussian_conv,0,centre_frozen,train_probe,0.05,0.08023634376525879,0.02209382478796317,20
resolution_max_b1_gaussian_conv,0,centre_frozen,train_probe,0.1,0.34741480712890627,0.10307479828589358,20
resolution_max_b1_gaussian_conv,0,centre_frozen,train_probe,0.2,1.773971555328369,0.5461428497470704,20
resolution_max_b1_gaussian_conv,0,centre_frozen,train_probe,0.25,3.0077093017578127,0.9289566339600281,20
resolution_max_b1_gaussian_conv,0,centre_frozen,train_probe,0.35,6.46399451599121,2.139036807188678,20
resolution_max_b1_gaussian_conv,0,centre_frozen,train_probe,0.5,15.12599200439453,5.49350719588986,20
resolution_max_b1_gaussian_conv,0,recalibrated,test_probe,0.005,0.00017645874023442253,7.01508623766954e-05,20
resolution_max_b1_gaussian_conv,0,recalibrated,test_probe,0.01,0.0006990386962891059,0.00020021828370588385,20
resolution_max_b1_gaussian_conv,0,recalibrated,test_probe,0.02,0.0028745708465576668,0.0006693336238886887,20
resolution_max_b1_gaussian_conv,0,recalibrated,test_probe,0.025,0.004432316207885789,0.0009333779539207501,20
resolution_max_b1_gaussian_conv,0,recalibrated,test_probe,0.05,0.016659165954589886,0.003117451395370765,20
resolution_max_b1_gaussian_conv,0,recalibrated,test_probe,0.1,0.06861350021362309,0.011991140710890176,20
resolution_max_b1_gaussian_conv,0,recalibrated,test_probe,0.2,0.31030537414550785,0.04529826866164104,20
resolution_max_b1_gaussian_conv,0,recalibrated,test_probe,0.25,0.5106200881958008,0.06917390202428493,20
resolution_max_b1_gaussian_conv,0,recalibrated,test_probe,0.35,1.0550159515380861,0.12477352824569685,20
resolution_max_b1_gaussian_conv,0,recalibrated,test_probe,0.5,2.002108824157715,0.17716270478515497,20
resolution_max_b1_gaussian_conv,0,recalibrated,train_probe,0.005,0.0002735996246337899,7.239158692513347e-05,20
resolution_max_b1_gaussian_conv,0,recalibrated,train_probe,0.01,0.0011152973175048834,0.00021783163688557074,20
resolution_max_b1_gaussian_conv,0,recalibrated,train_probe,0.02,0.004313636016845704,0.0007306471370904114,20
resolution_max_b1_gaussian_conv,0,recalibrated,train_probe,0.025,0.006635658264160155,0.0011410844755669232,20
resolution_max_b1_gaussian_conv,0,recalibrated,train_probe,0.05,0.025390794754028324,0.004409854213980479,20
resolution_max_b1_gaussian_conv,0,recalibrated,train_probe,0.1,0.09677053833007812,0.014844948979137369,20
resolution_max_b1_gaussian_conv,0,recalibrated,train_probe,0.2,0.3872781204223633,0.05230003900815112,20
resolution_max_b1_gaussian_conv,0,recalibrated,train_probe,0.25,0.6159002105712891,0.07800748396908692,20
resolution_max_b1_gaussian_conv,0,recalibrated,train_probe,0.35,1.211617367553711,0.13047495266314485,20
resolution_max_b1_gaussian_conv,0,recalibrated,train_probe,0.5,2.204276316833496,0.1784161802368184,20
resolution_max_b1_gaussian_conv,0,saved,test_probe,0.005,0.0007077190399169625,0.00022268250984621433,20
resolution_max_b1_gaussian_conv,0,saved,test_probe,0.01,0.002807362365722638,0.0008852652807420238,20
resolution_max_b1_gaussian_conv,0,saved,test_probe,0.02,0.01124342269897459,0.0034237673759240344,20
resolution_max_b1_gaussian_conv,0,saved,test_probe,0.025,0.01753032569885251,0.00541330996236828,20
resolution_max_b1_gaussian_conv,0,saved,test_probe,0.05,0.07222434082031247,0.023652866847238056,20
resolution_max_b1_gaussian_conv,0,saved,test_probe,0.1,0.3284506851196289,0.11230049428567222,20
resolution_max_b1_gaussian_conv,0,saved,test_probe,0.2,1.712744808959961,0.5541721227093712,20
resolution_max_b1_gaussian_conv,0,saved,test_probe,0.25,2.9186692474365232,0.9164087094603492,20
resolution_max_b1_gaussian_conv,0,saved,test_probe,0.35,6.305434338378906,2.069787609701364,20
resolution_max_b1_gaussian_conv,0,saved,test_probe,0.5,14.809509460449217,5.336425580714996,20
resolution_max_b1_gaussian_conv,0,saved,train_probe,0.005,0.000830648803710915,0.00023457113976054321,20
resolution_max_b1_gaussian_conv,0,saved,train_probe,0.01,0.0032625896453857247,0.0008549770991765512,20
resolution_max_b1_gaussian_conv,0,saved,train_probe,0.02,0.012852927017211895,0.0033631775358646835,20
resolution_max_b1_gaussian_conv,0,saved,train_probe,0.025,0.02002742233276365,0.005247923678138933,20
resolution_max_b1_gaussian_conv,0,saved,train_probe,0.05,0.08047396850585935,0.021433876309229282,20
resolution_max_b1_gaussian_conv,0,saved,train_probe,0.1,0.3485693943023681,0.09972387758392405,20
resolution_max_b1_gaussian_conv,0,saved,train_probe,0.2,1.7819649085998535,0.5302748856203049,20
resolution_max_b1_gaussian_conv,0,saved,train_probe,0.25,3.018059425354004,0.9019632808874207,20
resolution_max_b1_gaussian_conv,0,saved,train_probe,0.35,6.462646505737306,2.0796139196923082,20
resolution_max_b1_gaussian_conv,0,saved,train_probe,0.5,15.044979278564455,5.381630347731339,20
resolution_max_b1_gaussian_conv,1,centre_frozen,test_probe,0.005,0.0008137390136718381,0.00037000327682962676,20
resolution_max_b1_gaussian_conv,1,centre_frozen,test_probe,0.01,0.0032891944885253517,0.0014481880462822675,20
resolution_max_b1_gaussian_conv,1,centre_frozen,test_probe,0.02,0.013366413879394487,0.00567519780097247,20
resolution_max_b1_gaussian_conv,1,centre_frozen,test_probe,0.025,0.02113323516845699,0.008907275225242005,20
resolution_max_b1_gaussian_conv,1,centre_frozen,test_probe,0.05,0.08909107131958004,0.03856212757021231,20
resolution_max_b1_gaussian_conv,1,centre_frozen,test_probe,0.1,0.4076042251586913,0.18021454308484872,20
resolution_max_b1_gaussian_conv,1,centre_frozen,test_probe,0.2,2.139122506713867,0.8197305148241305,20
resolution_max_b1_gaussian_conv,1,centre_frozen,test_probe,0.25,3.5500299407958984,1.2312870058934697,20
resolution_max_b1_gaussian_conv,1,centre_frozen,test_probe,0.35,7.085593881225586,2.1422741387588884,20
resolution_max_b1_gaussian_conv,1,centre_frozen,test_probe,0.5,15.784802545166016,4.933105147878454,20
resolution_max_b1_gaussian_conv,1,centre_frozen,train_probe,0.005,0.0009050060272216872,0.0003529584115963231,20
resolution_max_b1_gaussian_conv,1,centre_frozen,train_probe,0.01,0.0038437957763671968,0.0014747241774744082,20
resolution_max_b1_gaussian_conv,1,centre_frozen,train_probe,0.02,0.015969102478027346,0.005885066628957098,20
resolution_max_b1_gaussian_conv,1,centre_frozen,train_probe,0.025,0.02512772407531739,0.00928606496202339,20
resolution_max_b1_gaussian_conv,1,centre_frozen,train_probe,0.05,0.10356646385192872,0.039237769465955356,20
resolution_max_b1_gaussian_conv,1,centre_frozen,train_probe,0.1,0.45825037765502924,0.1859550741109791,20
resolution_max_b1_gaussian_conv,1,centre_frozen,train_probe,0.2,2.2910328018188477,0.8537621928703146,20
resolution_max_b1_gaussian_conv,1,centre_frozen,train_probe,0.25,3.7397804443359375,1.2720813326722422,20
resolution_max_b1_gaussian_conv,1,centre_frozen,train_probe,0.35,7.322798489379883,2.2012689456833927,20
resolution_max_b1_gaussian_conv,1,centre_frozen,train_probe,0.5,16.078160787963867,5.10870821326626,20
resolution_max_b1_gaussian_conv,1,recalibrated,test_probe,0.005,0.00018669967651363252,7.686908292959352e-05,20
resolution_max_b1_gaussian_conv,1,recalibrated,test_probe,0.01,0.0007331222534179282,0.0002682179097877135,20
resolution_max_b1_gaussian_conv,1,recalibrated,test_probe,0.02,0.003030084228515584,0.0009315399758202989,20
resolution_max_b1_gaussian_conv,1,recalibrated,test_probe,0.025,0.004804856109619099,0.0013769822044573034,20
resolution_max_b1_gaussian_conv,1,recalibrated,test_probe,0.05,0.019729074096679643,0.005499713840912736,20
resolution_max_b1_gaussian_conv,1,recalibrated,test_probe,0.1,0.08277341537475583,0.019899440941500486,20
resolution_max_b1_gaussian_conv,1,recalibrated,test_probe,0.2,0.35480104522705075,0.06508387268088446,20
resolution_max_b1_gaussian_conv,1,recalibrated,test_probe,0.25,0.5764079444885254,0.0990313739240025,20
resolution_max_b1_gaussian_conv,1,recalibrated,test_probe,0.35,1.1764837020874022,0.18882180479099844,20
resolution_max_b1_gaussian_conv,1,recalibrated,test_probe,0.5,2.155922155761719,0.3109887821521381,20
resolution_max_b1_gaussian_conv,1,recalibrated,train_probe,0.005,0.0003010440826416064,7.685157955534835e-05,20
resolution_max_b1_gaussian_conv,1,recalibrated,train_probe,0.01,0.0012826911926269516,0.00029830205464997266,20
resolution_max_b1_gaussian_conv,1,recalibrated,train_probe,0.02,0.005343942642211924,0.00127049360727998,20
resolution_max_b1_gaussian_conv,1,recalibrated,train_probe,0.025,0.00839927215576173,0.0020264375559941,20
resolution_max_b1_gaussian_conv,1,recalibrated,train_probe,0.05,0.03283593177795411,0.008249871016068808,20
resolution_max_b1_gaussian_conv,1,recalibrated,train_probe,0.1,0.12131051177978516,0.027861759616929792,20
resolution_max_b1_gaussian_conv,1,recalibrated,train_probe,0.2,0.45520739593505855,0.08754312499870658,20
resolution_max_b1_gaussian_conv,1,recalibrated,train_probe,0.25,0.7055268432617188,0.128958162351922,20
resolution_max_b1_gaussian_conv,1,recalibrated,train_probe,0.35,1.3514451400756837,0.2254726365669246,20
resolution_max_b1_gaussian_conv,1,recalibrated,train_probe,0.5,2.3769954010009764,0.32841197405477807,20
resolution_max_b1_gaussian_conv,1,saved,test_probe,0.005,0.0008281257629394162,0.00036168354335084165,20
resolution_max_b1_gaussian_conv,1,saved,test_probe,0.01,0.0033190177917480053,0.0014453535072890178,20
resolution_max_b1_gaussian_conv,1,saved,test_probe,0.02,0.013582886505126911,0.005762183105495677,20
resolution_max_b1_gaussian_conv,1,saved,test_probe,0.025,0.02145573959350581,0.009043084587654305,20
resolution_max_b1_gaussian_conv,1,saved,test_probe,0.05,0.09012307357788081,0.03885479008359724,20
resolution_max_b1_gaussian_conv,1,saved,test_probe,0.1,0.4130840927124023,0.18121522777555893,20
resolution_max_b1_gaussian_conv,1,saved,test_probe,0.2,2.176922720336914,0.8315454603305585,20
resolution_max_b1_gaussian_conv,1,saved,test_probe,0.25,3.614455346679688,1.2551812096848742,20
resolution_max_b1_gaussian_conv,1,saved,test_probe,0.35,7.2156887725830074,2.1785297009415743,20
resolution_max_b1_gaussian_conv,1,saved,test_probe,0.5,16.095384210205076,4.96575122782939,20
resolution_max_b1_gaussian_conv,1,saved,train_probe,0.005,0.0010327156066894522,0.0003536917284343515,20
resolution_max_b1_gaussian_conv,1,saved,train_probe,0.01,0.004043708801269532,0.0014660140157854665,20
resolution_max_b1_gaussian_conv,1,saved,train_probe,0.02,0.01630600242614746,0.0059852897620875575,20
resolution_max_b1_gaussian_conv,1,saved,train_probe,0.025,0.025586125946044924,0.009464625986301359,20
resolution_max_b1_gaussian_conv,1,saved,train_probe,0.05,0.10501655731201173,0.03984173946206214,20
resolution_max_b1_gaussian_conv,1,saved,train_probe,0.1,0.46541232681274414,0.18793739759009143,20
resolution_max_b1_gaussian_conv,1,saved,train_probe,0.2,2.330781413269043,0.8647033618513332,20
resolution_max_b1_gaussian_conv,1,saved,train_probe,0.25,3.8075760391235347,1.2959891119390827,20
resolution_max_b1_gaussian_conv,1,saved,train_probe,0.35,7.455461358642578,2.2396749223944554,20
resolution_max_b1_gaussian_conv,1,saved,train_probe,0.5,16.39420157775879,5.147891333583536,20
resolution_max_b1_gaussian_conv,2,centre_frozen,test_probe,0.005,0.0008066074371337522,0.0003051973647092083,20
resolution_max_b1_gaussian_conv,2,centre_frozen,test_probe,0.01,0.0030655563354491794,0.0011017662191727898,20
resolution_max_b1_gaussian_conv,2,centre_frozen,test_probe,0.02,0.012365544891357383,0.004248761569399302,20
resolution_max_b1_gaussian_conv,2,centre_frozen,test_probe,0.025,0.019525683212280237,0.006543665976073248,20
resolution_max_b1_gaussian_conv,2,centre_frozen,test_probe,0.05,0.08276072463989255,0.026815485941932442,20
resolution_max_b1_gaussian_conv,2,centre_frozen,test_probe,0.1,0.3862773712158203,0.12497541478176431,20
resolution_max_b1_gaussian_conv,2,centre_frozen,test_probe,0.2,2.1386960708618163,0.684513630357148,20
resolution_max_b1_gaussian_conv,2,centre_frozen,test_probe,0.25,3.6755290222167973,1.1983127124716604,20
resolution_max_b1_gaussian_conv,2,centre_frozen,test_probe,0.35,7.817619799804687,2.745220200270712,20
resolution_max_b1_gaussian_conv,2,centre_frozen,test_probe,0.5,17.46889524536133,6.041591988462527,20
resolution_max_b1_gaussian_conv,2,centre_frozen,train_probe,0.005,0.0008822971343994304,0.0002831622513561826,20
resolution_max_b1_gaussian_conv,2,centre_frozen,train_probe,0.01,0.003639353179931655,0.0011030791834556067,20
resolution_max_b1_gaussian_conv,2,centre_frozen,train_probe,0.02,0.015043350601196303,0.004271368435355509,20
resolution_max_b1_gaussian_conv,2,centre_frozen,train_probe,0.025,0.023702032852172865,0.006590923387508501,20
resolution_max_b1_gaussian_conv,2,centre_frozen,train_probe,0.05,0.09753096618652345,0.026735750873380117,20
resolution_max_b1_gaussian_conv,2,centre_frozen,train_probe,0.1,0.4380594383239746,0.12517453960194475,20
resolution_max_b1_gaussian_conv,2,centre_frozen,train_probe,0.2,2.2928759033203123,0.686202451960302,20
resolution_max_b1_gaussian_conv,2,centre_frozen,train_probe,0.25,3.866516596984863,1.2090807700194812,20
resolution_max_b1_gaussian_conv,2,centre_frozen,train_probe,0.35,8.090532015991212,2.7959295522268337,20
resolution_max_b1_gaussian_conv,2,centre_frozen,train_probe,0.5,17.889378842163087,6.103518410369831,20
resolution_max_b1_gaussian_conv,2,recalibrated,test_probe,0.005,0.00023140678405756955,7.284917124364817e-05,20
resolution_max_b1_gaussian_conv,2,recalibrated,test_probe,0.01,0.0008177455902099284,0.0002226069169783403,20
resolution_max_b1_gaussian_conv,2,recalibrated,test_probe,0.02,0.003260663986206019,0.0009176932461482785,20
resolution_max_b1_gaussian_conv,2,recalibrated,test_probe,0.025,0.005177032470703088,0.0013304807786843485,20
resolution_max_b1_gaussian_conv,2,recalibrated,test_probe,0.05,0.021336899948120075,0.004203898330600382,20
resolution_max_b1_gaussian_conv,2,recalibrated,test_probe,0.1,0.08901502456665036,0.014916856715733137,20
resolution_max_b1_gaussian_conv,2,recalibrated,test_probe,0.2,0.3745176300048828,0.055157363872890275,20
resolution_max_b1_gaussian_conv,2,recalibrated,test_probe,0.25,0.6028090560913085,0.08381699442077445,20
resolution_max_b1_gaussian_conv,2,recalibrated,test_probe,0.35,1.1991064315795898,0.16229851896189063,20
resolution_max_b1_gaussian_conv,2,recalibrated,test_probe,0.5,2.1381378677368166,0.2780899634000043,20
resolution_max_b1_gaussian_conv,2,recalibrated,train_probe,0.005,0.0002700527191162233,5.883473493197951e-05,20
resolution_max_b1_gaussian_conv,2,recalibrated,train_probe,0.01,0.0011725879669189615,0.00018883505030333855,20
resolution_max_b1_gaussian_conv,2,recalibrated,train_probe,0.02,0.005068233871459972,0.0008874968233640144,20
resolution_max_b1_gaussian_conv,2,recalibrated,train_probe,0.025,0.008035400772094744,0.0014383335421250965,20
resolution_max_b1_gaussian_conv,2,recalibrated,train_probe,0.05,0.032262938308715836,0.005498245457737852,20
resolution_max_b1_gaussian_conv,2,recalibrated,train_probe,0.1,0.12508636322021488,0.019189672412609753,20
resolution_max_b1_gaussian_conv,2,recalibrated,train_probe,0.2,0.4797600517272949,0.06604704552923517,20
resolution_max_b1_gaussian_conv,2,recalibrated,train_probe,0.25,0.7385370674133301,0.09523024995584642,20
resolution_max_b1_gaussian_conv,2,recalibrated,train_probe,0.35,1.3798828674316406,0.17104518737159588,20
resolution_max_b1_gaussian_conv,2,recalibrated,train_probe,0.5,2.3673943481445314,0.28635924842162674,20
resolution_max_b1_gaussian_conv,2,saved,test_probe,0.005,0.0008566989898681459,0.0002839150798911283,20
resolution_max_b1_gaussian_conv,2,saved,test_probe,0.01,0.0031048404693603316,0.001074142520906509,20
resolution_max_b1_gaussian_conv,2,saved,test_probe,0.02,0.01226760025024412,0.004179653440605386,20
resolution_max_b1_gaussian_conv,2,saved,test_probe,0.025,0.019359255218505837,0.006445965882869988,20
resolution_max_b1_gaussian_conv,2,saved,test_probe,0.05,0.08189777832031248,0.026330756088630634,20
resolution_max_b1_gaussian_conv,2,saved,test_probe,0.1,0.3810617004394531,0.12211107513878015,20
resolution_max_b1_gaussian_conv,2,saved,test_probe,0.2,2.1168462020874026,0.6661710825711555,20
resolution_max_b1_gaussian_conv,2,saved,test_probe,0.25,3.6515903564453125,1.1713350651712333,20
resolution_max_b1_gaussian_conv,2,saved,test_probe,0.35,7.807722848510741,2.712941889489307,20
resolution_max_b1_gaussian_conv,2,saved,test_probe,0.5,17.507393029785156,6.020563455302978,20
resolution_max_b1_gaussian_conv,2,saved,train_probe,0.005,0.0008669494628906038,0.0002753619779449155,20
resolution_max_b1_gaussian_conv,2,saved,train_probe,0.01,0.003611106491088846,0.0010294547590877575,20
resolution_max_b1_gaussian_conv,2,saved,train_probe,0.02,0.014830785369873029,0.004115005020960911,20
resolution_max_b1_gaussian_conv,2,saved,train_probe,0.025,0.023311962127685527,0.006372603515868708,20
resolution_max_b1_gaussian_conv,2,saved,train_probe,0.05,0.09599412574768065,0.025996389831766893,20
resolution_max_b1_gaussian_conv,2,saved,train_probe,0.1,0.431810750579834,0.12139334142815034,20
resolution_max_b1_gaussian_conv,2,saved,train_probe,0.2,2.2712059524536135,0.6672015013776095,20
resolution_max_b1_gaussian_conv,2,saved,train_probe,0.25,3.843466285705566,1.1810423629506805,20
resolution_max_b1_gaussian_conv,2,saved,train_probe,0.35,8.08329877319336,2.7649834668408175,20
resolution_max_b1_gaussian_conv,2,saved,train_probe,0.5,17.928774664306637,6.082692378670766,20
resolution_max_b1_gaussian_conv,3,centre_frozen,test_probe,0.005,0.0008056468963623415,0.00032650248619970685,20
resolution_max_b1_gaussian_conv,3,centre_frozen,test_probe,0.01,0.0030686584472656513,0.0011506643678516665,20
resolution_max_b1_gaussian_conv,3,centre_frozen,test_probe,0.02,0.012215095520019568,0.004670541738177629,20
resolution_max_b1_gaussian_conv,3,centre_frozen,test_probe,0.025,0.019275499343872102,0.007369543159459475,20
resolution_max_b1_gaussian_conv,3,centre_frozen,test_probe,0.05,0.08418691177368168,0.032721865990183896,20
resolution_max_b1_gaussian_conv,3,centre_frozen,test_probe,0.1,0.40739745101928715,0.15402699877622344,20
resolution_max_b1_gaussian_conv,3,centre_frozen,test_probe,0.2,2.06242654876709,0.6197700141886564,20
resolution_max_b1_gaussian_conv,3,centre_frozen,test_probe,0.25,3.3487325576782228,0.858935163160397,20
resolution_max_b1_gaussian_conv,3,centre_frozen,test_probe,0.35,6.75417741394043,1.564544373870052,20
resolution_max_b1_gaussian_conv,3,centre_frozen,test_probe,0.5,14.912229913330076,4.429717997616815,20
resolution_max_b1_gaussian_conv,3,centre_frozen,train_probe,0.005,0.0011435775756835867,0.00034632830248116617,20
resolution_max_b1_gaussian_conv,3,centre_frozen,train_probe,0.01,0.004410308456420891,0.0013671938296254806,20
resolution_max_b1_gaussian_conv,3,centre_frozen,train_probe,0.02,0.017117700195312495,0.005260238738967918,20
resolution_max_b1_gaussian_conv,3,centre_frozen,train_probe,0.025,0.02651984100341796,0.00820188729857186,20
resolution_max_b1_gaussian_conv,3,centre_frozen,train_probe,0.05,0.10534634933471679,0.03387375702727306,20
resolution_max_b1_gaussian_conv,3,centre_frozen,train_probe,0.1,0.4540451774597168,0.15982526945921438,20
resolution_max_b1_gaussian_conv,3,centre_frozen,train_probe,0.2,2.18012442779541,0.6456636237890395,20
resolution_max_b1_gaussian_conv,3,centre_frozen,train_probe,0.25,3.510880690002441,0.88577342996053,20
resolution_max_b1_gaussian_conv,3,centre_frozen,train_probe,0.35,6.975030572509766,1.581017345756465,20
resolution_max_b1_gaussian_conv,3,centre_frozen,train_probe,0.5,15.195692605590818,4.472194828830182,20
resolution_max_b1_gaussian_conv,3,recalibrated,test_probe,0.005,0.0002937690734863635,9.172091295670298e-05,20
resolution_max_b1_gaussian_conv,3,recalibrated,test_probe,0.01,0.001072965621948277,0.00035326366307741376,20
resolution_max_b1_gaussian_conv,3,recalibrated,test_probe,0.02,0.004048106002807653,0.0014851900860152372,20
resolution_max_b1_gaussian_conv,3,recalibrated,test_probe,0.025,0.006363064956665066,0.0022747100104388795,20
resolution_max_b1_gaussian_conv,3,recalibrated,test_probe,0.05,0.02782978401184085,0.010790658676180757,20
resolution_max_b1_gaussian_conv,3,recalibrated,test_probe,0.1,0.12209963760375979,0.046966038957063444,20
resolution_max_b1_gaussian_conv,3,recalibrated,test_probe,0.2,0.5005763816833497,0.13130400775231074,20
resolution_max_b1_gaussian_conv,3,recalibrated,test_probe,0.25,0.7597527091979981,0.16606159231498163,20
resolution_max_b1_gaussian_conv,3,recalibrated,test_probe,0.35,1.3551904037475586,0.20494745226273264,20
resolution_max_b1_gaussian_conv,3,recalibrated,test_probe,0.5,2.231693411254883,0.2558527077940871,20
resolution_max_b1_gaussian_conv,3,recalibrated,train_probe,0.005,0.0005364048004150315,0.00012822657468493782,20
resolution_max_b1_gaussian_conv,3,recalibrated,train_probe,0.01,0.002062915039062492,0.000529538719477452,20
resolution_max_b1_gaussian_conv,3,recalibrated,train_probe,0.02,0.007838914489746088,0.001986641028896864,20
resolution_max_b1_gaussian_conv,3,recalibrated,train_probe,0.025,0.012016675949096677,0.0030113678981542715,20
resolution_max_b1_gaussian_conv,3,recalibrated,train_probe,0.05,0.044974700546264644,0.011631289629013086,20
resolution_max_b1_gaussian_conv,3,recalibrated,train_probe,0.1,0.16427076301574706,0.04172089139975614,20
resolution_max_b1_gaussian_conv,3,recalibrated,train_probe,0.2,0.5847204772949219,0.1241556746248583,20
resolution_max_b1_gaussian_conv,3,recalibrated,train_probe,0.25,0.8665767196655274,0.15922765164401964,20
resolution_max_b1_gaussian_conv,3,recalibrated,train_probe,0.35,1.5123192840576172,0.19782150983334795,20
resolution_max_b1_gaussian_conv,3,recalibrated,train_probe,0.5,2.4461243057250974,0.24908280001144537,20
resolution_max_b1_gaussian_conv,3,saved,test_probe,0.005,0.0007425453186035464,0.00029093056096009246,20
resolution_max_b1_gaussian_conv,3,saved,test_probe,0.01,0.003052191543579133,0.0011276379083019431,20
resolution_max_b1_gaussian_conv,3,saved,test_probe,0.02,0.012599240493774444,0.00465637858410616,20
resolution_max_b1_gaussian_conv,3,saved,test_probe,0.025,0.019931764984130882,0.007320246280244233,20
resolution_max_b1_gaussian_conv,3,saved,test_probe,0.05,0.08650973777771,0.03272307894645094,20
resolution_max_b1_gaussian_conv,3,saved,test_probe,0.1,0.416794679260254,0.15599883565293673,20
resolution_max_b1_gaussian_conv,3,saved,test_probe,0.2,2.1000417007446286,0.6284433000126608,20
resolution_max_b1_gaussian_conv,3,saved,test_probe,0.25,3.4080306991577145,0.8700127499183026,20
resolution_max_b1_gaussian_conv,3,saved,test_probe,0.35,6.874883178710938,1.5974116260416997,20
resolution_max_b1_gaussian_conv,3,saved,test_probe,0.5,15.209679986572265,4.493357563556106,20
resolution_max_b1_gaussian_conv,3,saved,train_probe,0.005,0.0011450649261474822,0.0003520036735162584,20
resolution_max_b1_gaussian_conv,3,saved,train_probe,0.01,0.004420440673828146,0.0013418216375058808,20
resolution_max_b1_gaussian_conv,3,saved,train_probe,0.02,0.01709949035644533,0.005168887310559934,20
resolution_max_b1_gaussian_conv,3,saved,train_probe,0.025,0.02650265350341799,0.008079893403996737,20
resolution_max_b1_gaussian_conv,3,saved,train_probe,0.05,0.10618796424865724,0.033508044659947556,20
resolution_max_b1_gaussian_conv,3,saved,train_probe,0.1,0.45970566329956053,0.1603959987815589,20
resolution_max_b1_gaussian_conv,3,saved,train_probe,0.2,2.2153254714965818,0.6539454490666927,20
resolution_max_b1_gaussian_conv,3,saved,train_probe,0.25,3.5703279541015625,0.89676016791077,20
resolution_max_b1_gaussian_conv,3,saved,train_probe,0.35,7.099202365112305,1.6148962490689203,20
resolution_max_b1_gaussian_conv,3,saved,train_probe,0.5,15.500012039184572,4.535924130764391,20
resolution_max_b1_gaussian_conv,4,centre_frozen,test_probe,0.005,0.0008204460144042858,0.0002887650489580209,20
resolution_max_b1_gaussian_conv,4,centre_frozen,test_probe,0.01,0.0032953601837158093,0.0011335292921856983,20
resolution_max_b1_gaussian_conv,4,centre_frozen,test_probe,0.02,0.013319288253784178,0.0044687775531190585,20
resolution_max_b1_gaussian_conv,4,centre_frozen,test_probe,0.025,0.02088318290710448,0.007097188352918068,20
resolution_max_b1_gaussian_conv,4,centre_frozen,test_probe,0.05,0.08598880805969236,0.030657879200958138,20
resolution_max_b1_gaussian_conv,4,centre_frozen,test_probe,0.1,0.38490474243164063,0.15011324534925877,20
resolution_max_b1_gaussian_conv,4,centre_frozen,test_probe,0.2,1.9516686721801757,0.6672808618147925,20
resolution_max_b1_gaussian_conv,4,centre_frozen,test_probe,0.25,3.299935502624512,1.026587068076175,20
resolution_max_b1_gaussian_conv,4,centre_frozen,test_probe,0.35,7.231568380737305,2.2499207943997046,20
resolution_max_b1_gaussian_conv,4,centre_frozen,test_probe,0.5,18.24277766723633,6.741598631193534,20
resolution_max_b1_gaussian_conv,4,centre_frozen,train_probe,0.005,0.0009698127746582006,0.00034695272539294225,20
resolution_max_b1_gaussian_conv,4,centre_frozen,train_probe,0.01,0.00394952239990234,0.0013606064126485413,20
resolution_max_b1_gaussian_conv,4,centre_frozen,train_probe,0.02,0.015708763504028313,0.005276452463854077,20
resolution_max_b1_gaussian_conv,4,centre_frozen,train_probe,0.025,0.024383702468872066,0.008164968465684316,20
resolution_max_b1_gaussian_conv,4,centre_frozen,train_probe,0.05,0.09686334075927734,0.03259251724088713,20
resolution_max_b1_gaussian_conv,4,centre_frozen,train_probe,0.1,0.41547616271972654,0.15057421684478536,20
resolution_max_b1_gaussian_conv,4,centre_frozen,train_probe,0.2,2.057149269104004,0.6819513373140283,20
resolution_max_b1_gaussian_conv,4,centre_frozen,train_probe,0.25,3.4531984527587887,1.0652160046203325,20
resolution_max_b1_gaussian_conv,4,centre_frozen,train_probe,0.35,7.477157690429688,2.324564403652218,20
resolution_max_b1_gaussian_conv,4,centre_frozen,train_probe,0.5,18.58288968811035,6.801928849456552,20
resolution_max_b1_gaussian_conv,4,recalibrated,test_probe,0.005,0.00022333869934080403,7.456562442679415e-05,20
resolution_max_b1_gaussian_conv,4,recalibrated,test_probe,0.01,0.0009243400573730367,0.0002898209229846948,20
resolution_max_b1_gaussian_conv,4,recalibrated,test_probe,0.02,0.0037730770111083834,0.0011341734207343933,20
resolution_max_b1_gaussian_conv,4,recalibrated,test_probe,0.025,0.005863804626464832,0.0017416148194820708,20
resolution_max_b1_gaussian_conv,4,recalibrated,test_probe,0.05,0.023525848388671874,0.0069946783271366934,20
resolution_max_b1_gaussian_conv,4,recalibrated,test_probe,0.1,0.09252888031005858,0.024512725710274755,20
resolution_max_b1_gaussian_conv,4,recalibrated,test_probe,0.2,0.3665179069519043,0.09011172338433333,20
resolution_max_b1_gaussian_conv,4,recalibrated,test_probe,0.25,0.5800961204528808,0.1287428352108664,20
resolution_max_b1_gaussian_conv,4,recalibrated,test_probe,0.35,1.154395520019531,0.1964681708302489,20
resolution_max_b1_gaussian_conv,4,recalibrated,test_probe,0.5,2.161217208862305,0.28086258655521185,20
resolution_max_b1_gaussian_conv,4,recalibrated,train_probe,0.005,0.00034891700744628384,0.00013433402952258273,20
resolution_max_b1_gaussian_conv,4,recalibrated,train_probe,0.01,0.0014592868804931616,0.0004924232070330684,20
resolution_max_b1_gaussian_conv,4,recalibrated,train_probe,0.02,0.005722214508056639,0.0017972354263832957,20
resolution_max_b1_gaussian_conv,4,recalibrated,train_probe,0.025,0.008793351745605464,0.0027406276496804915,20
resolution_max_b1_gaussian_conv,4,recalibrated,train_probe,0.05,0.03308769111633301,0.010005001257495923,20
resolution_max_b1_gaussian_conv,4,recalibrated,train_probe,0.1,0.12130445251464843,0.0335340247280499,20
resolution_max_b1_gaussian_conv,4,recalibrated,train_probe,0.2,0.4421464309692382,0.10565092433080794,20
resolution_max_b1_gaussian_conv,4,recalibrated,train_probe,0.25,0.6805017738342285,0.14744603874612444,20
resolution_max_b1_gaussian_conv,4,recalibrated,train_probe,0.35,1.2978981185913085,0.21021450802314026,20
resolution_max_b1_gaussian_conv,4,recalibrated,train_probe,0.5,2.334606327819824,0.274798969785184,20
resolution_max_b1_gaussian_conv,4,saved,test_probe,0.005,0.0008593936920166135,0.0002940632115592128,20
resolution_max_b1_gaussian_conv,4,saved,test_probe,0.01,0.003385987091064457,0.0011393067407870284,20
resolution_max_b1_gaussian_conv,4,saved,test_probe,0.02,0.013324239730834969,0.004497566688900005,20
resolution_max_b1_gaussian_conv,4,saved,test_probe,0.025,0.02077406425476075,0.007122004700170842,20
resolution_max_b1_gaussian_conv,4,saved,test_probe,0.05,0.08482177238464357,0.03081739468801454,20
resolution_max_b1_gaussian_conv,4,saved,test_probe,0.1,0.3792816589355469,0.1507870190293696,20
resolution_max_b1_gaussian_conv,4,saved,test_probe,0.2,1.9234014129638672,0.6505596440680949,20
resolution_max_b1_gaussian_conv,4,saved,test_probe,0.25,3.2551330688476563,0.9844175519051689,20
resolution_max_b1_gaussian_conv,4,saved,test_probe,0.35,7.149395153808594,2.1634834008567188,20
resolution_max_b1_gaussian_conv,4,saved,test_probe,0.5,18.053306561279296,6.637646311953583,20
resolution_max_b1_gaussian_conv,4,saved,train_probe,0.005,0.0009708293914794913,0.00035231739986778325,20
resolution_max_b1_gaussian_conv,4,saved,train_probe,0.01,0.0038812351226806567,0.0013316375970955883,20
resolution_max_b1_gaussian_conv,4,saved,train_probe,0.02,0.015348340606689445,0.005183872170923011,20
resolution_max_b1_gaussian_conv,4,saved,train_probe,0.025,0.02385234794616699,0.008015385374563273,20
resolution_max_b1_gaussian_conv,4,saved,train_probe,0.05,0.09508418769836426,0.03219445022073687,20
resolution_max_b1_gaussian_conv,4,saved,train_probe,0.1,0.4086433265686035,0.1499802232626794,20
resolution_max_b1_gaussian_conv,4,saved,train_probe,0.2,2.0256754989624026,0.663551533597695,20
resolution_max_b1_gaussian_conv,4,saved,train_probe,0.25,3.4057876129150393,1.0202597909431714,20
resolution_max_b1_gaussian_conv,4,saved,train_probe,0.35,7.392587805175781,2.2351719280647337,20
resolution_max_b1_gaussian_conv,4,saved,train_probe,0.5,18.391952969360354,6.694033897776544,20
