campaign,arm,seed,policy,split,acc,ce,n,source,state,buffers_sha256,checkpoint_sha256,account,tag,campaign_label,arm_short
adamw_long_aug_160,cbs_budget_matched,2,P0,train,0.9941,0.018020783801078796,50000,"new run, final checkpoint epoch 160","{""label"": ""native"", ""resolution"": null, ""sigma"": 0.0}",06b1f2869466aeb1d22441e7335e1032534194b10cabc6bb4d0243f220e28ea4,df4a5d346d946266b076e2160c33531e3cb80fb165c4d327e7a98bcb6889bc04,maxmonstre,t2,"AdamW lr 0.02, cosine, crop+flip, 160 ep",CBS-bm
adamw_long_aug_160,cbs_budget_matched,2,P0,test,0.8915,0.5698677947998047,10000,"new run, final checkpoint epoch 160","{""label"": ""native"", ""resolution"": null, ""sigma"": 0.0}",06b1f2869466aeb1d22441e7335e1032534194b10cabc6bb4d0243f220e28ea4,df4a5d346d946266b076e2160c33531e3cb80fb165c4d327e7a98bcb6889bc04,maxmonstre,t2,"AdamW lr 0.02, cosine, crop+flip, 160 ep",CBS-bm
adamw_long_aug_160,cbs_budget_matched,2,P1,train,0.96086,0.1150241459274292,50000,"new run, final checkpoint epoch 160","{""label"": ""native"", ""resolution"": null, ""sigma"": 0.0}",1144475f7b2ccacdaba2b6d4e3321634ac0f7331e5500d1240c2c0b17a3c96b1,df4a5d346d946266b076e2160c33531e3cb80fb165c4d327e7a98bcb6889bc04,maxmonstre,t2,"AdamW lr 0.02, cosine, crop+flip, 160 ep",CBS-bm
adamw_long_aug_160,cbs_budget_matched,2,P1,test,0.8681,0.6172512222290039,10000,"new run, final checkpoint epoch 160","{""label"": ""native"", ""resolution"": null, ""sigma"": 0.0}",1144475f7b2ccacdaba2b6d4e3321634ac0f7331e5500d1240c2c0b17a3c96b1,df4a5d346d946266b076e2160c33531e3cb80fb165c4d327e7a98bcb6889bc04,maxmonstre,t2,"AdamW lr 0.02, cosine, crop+flip, 160 ep",CBS-bm
adamw_long_aug_160,cbs_budget_matched,2,P2,train,0.96044,0.11654322341918945,50000,"new run, final checkpoint epoch 160","{""label"": ""native"", ""resolution"": null, ""sigma"": 0.0}",1cd390fa7a022b163797a5552a489415ade3643a5bd601301379f22b38777ff5,df4a5d346d946266b076e2160c33531e3cb80fb165c4d327e7a98bcb6889bc04,maxmonstre,t2,"AdamW lr 0.02, cosine, crop+flip, 160 ep",CBS-bm
adamw_long_aug_160,cbs_budget_matched,2,P2,test,0.8672,0.6219468688964844,10000,"new run, final checkpoint epoch 160","{""label"": ""native"", ""resolution"": null, ""sigma"": 0.0}",1cd390fa7a022b163797a5552a489415ade3643a5bd601301379f22b38777ff5,df4a5d346d946266b076e2160c33531e3cb80fb165c4d327e7a98bcb6889bc04,maxmonstre,t2,"AdamW lr 0.02, cosine, crop+flip, 160 ep",CBS-bm
adamw_long_aug_160,cbs_budget_matched,2,P3,train,0.99406,0.01829848042011261,50000,"new run, final checkpoint epoch 160","{""label"": ""native"", ""resolution"": null, ""sigma"": 0.0}",8951942942504bc429fbe5639e49899c6e39559c48fc760ecd89ebec8c01fb06,df4a5d346d946266b076e2160c33531e3cb80fb165c4d327e7a98bcb6889bc04,maxmonstre,t2,"AdamW lr 0.02, cosine, crop+flip, 160 ep",CBS-bm
adamw_long_aug_160,cbs_budget_matched,2,P3,test,0.8933,0.5670292190551758,10000,"new run, final checkpoint epoch 160","{""label"": ""native"", ""resolution"": null, ""sigma"": 0.0}",8951942942504bc429fbe5639e49899c6e39559c48fc760ecd89ebec8c01fb06,df4a5d346d946266b076e2160c33531e3cb80fb165c4d327e7a98bcb6889bc04,maxmonstre,t2,"AdamW lr 0.02, cosine, crop+flip, 160 ep",CBS-bm
adamw_long_aug_160,resolution_max_b1,1,P0,train,0.99672,0.010315364706516266,50000,"new run, final checkpoint epoch 160","{""label"": ""native"", ""resolution"": 32, ""sigma"": null}",ab66ecce95313ee0bc83c8eb317ae59c38e43b9483edb35c1e1de08f6d18f73a,27226579a036867b509d8ce319139d303c373ec78a32c3ac31bfb3d3678bf9b1,maxmonstre,t2,"AdamW lr 0.02, cosine, crop+flip, 160 ep",R
adamw_long_aug_160,resolution_max_b1,1,P0,test,0.9046,0.5095092758178711,10000,"new run, final checkpoint epoch 160","{""label"": ""native"", ""resolution"": 32, ""sigma"": null}",ab66ecce95313ee0bc83c8eb317ae59c38e43b9483edb35c1e1de08f6d18f73a,27226579a036867b509d8ce319139d303c373ec78a32c3ac31bfb3d3678bf9b1,maxmonstre,t2,"AdamW lr 0.02, cosine, crop+flip, 160 ep",R
adamw_long_aug_160,resolution_max_b1,1,P1,train,0.96256,0.11067355503082275,50000,"new run, final checkpoint epoch 160","{""label"": ""native"", ""resolution"": 32, ""sigma"": null}",e0b963bea3189b5cd6f4ce00d769dbf15c2a0cdbde09f64b80d16e1fe80062f1,27226579a036867b509d8ce319139d303c373ec78a32c3ac31bfb3d3678bf9b1,maxmonstre,t2,"AdamW lr 0.02, cosine, crop+flip, 160 ep",R
adamw_long_aug_160,resolution_max_b1,1,P1,test,0.8796,0.5743165771484375,10000,"new run, final checkpoint epoch 160","{""label"": ""native"", ""resolution"": 32, ""sigma"": null}",e0b963bea3189b5cd6f4ce00d769dbf15c2a0cdbde09f64b80d16e1fe80062f1,27226579a036867b509d8ce319139d303c373ec78a32c3ac31bfb3d3678bf9b1,maxmonstre,t2,"AdamW lr 0.02, cosine, crop+flip, 160 ep",R
adamw_long_aug_160,resolution_max_b1,1,P2,train,0.9618,0.11287661609649659,50000,"new run, final checkpoint epoch 160","{""label"": ""native"", ""resolution"": 32, ""sigma"": null}",35dcf66b8525e8c82393b55658bf3ff7c89b9f0e2f177ca06d84ddf5eb9d78b3,27226579a036867b509d8ce319139d303c373ec78a32c3ac31bfb3d3678bf9b1,maxmonstre,t2,"AdamW lr 0.02, cosine, crop+flip, 160 ep",R
adamw_long_aug_160,resolution_max_b1,1,P2,test,0.879,0.5793390655517578,10000,"new run, final checkpoint epoch 160","{""label"": ""native"", ""resolution"": 32, ""sigma"": null}",35dcf66b8525e8c82393b55658bf3ff7c89b9f0e2f177ca06d84ddf5eb9d78b3,27226579a036867b509d8ce319139d303c373ec78a32c3ac31bfb3d3678bf9b1,maxmonstre,t2,"AdamW lr 0.02, cosine, crop+flip, 160 ep",R
adamw_long_aug_160,resolution_max_b1,1,P3,train,0.99692,0.009942856471538544,50000,"new run, final checkpoint epoch 160","{""label"": ""native"", ""resolution"": 32, ""sigma"": null}",d45f517ae25bf6b0d282cee2719245704fb52fd83017281770e12ebb2b6f6c73,27226579a036867b509d8ce319139d303c373ec78a32c3ac31bfb3d3678bf9b1,maxmonstre,t2,"AdamW lr 0.02, cosine, crop+flip, 160 ep",R
adamw_long_aug_160,resolution_max_b1,1,P3,test,0.905,0.5068613693237305,10000,"new run, final checkpoint epoch 160","{""label"": ""native"", ""resolution"": 32, ""sigma"": null}",d45f517ae25bf6b0d282cee2719245704fb52fd83017281770e12ebb2b6f6c73,27226579a036867b509d8ce319139d303c373ec78a32c3ac31bfb3d3678bf9b1,maxmonstre,t2,"AdamW lr 0.02, cosine, crop+flip, 160 ep",R
adamw_long_aug_160,resolution_max_b1_gaussian_conv,1,P0,train,0.99132,0.025929753217697145,50000,"new run, final checkpoint epoch 160","{""label"": ""native"", ""resolution"": 32, ""sigma"": 0.0}",99434543f6f2cc03122877bad7db9f0ff4c37594ef9bbade085f12b1d250f779,92a169e29e33b06fae441eec03b7021034394eeaf6ad880f84eec1a07af14b14,maxmonstre,t2,"AdamW lr 0.02, cosine, crop+flip, 160 ep",RG
adamw_long_aug_160,resolution_max_b1_gaussian_conv,1,P0,test,0.8948,0.5013689849853515,10000,"new run, final checkpoint epoch 160","{""label"": ""native"", ""resolution"": 32, ""sigma"": 0.0}",99434543f6f2cc03122877bad7db9f0ff4c37594ef9bbade085f12b1d250f779,92a169e29e33b06fae441eec03b7021034394eeaf6ad880f84eec1a07af14b14,maxmonstre,t2,"AdamW lr 0.02, cosine, crop+flip, 160 ep",RG
adamw_long_aug_160,resolution_max_b1_gaussian_conv,1,P1,train,0.92302,0.24913114517211915,50000,"new run, final checkpoint epoch 160","{""label"": ""native"", ""resolution"": 32, ""sigma"": 0.0}",637f763685bf64a38112be9655e8304fcba8c57270b5834d9bef2f8e96767045,92a169e29e33b06fae441eec03b7021034394eeaf6ad880f84eec1a07af14b14,maxmonstre,t2,"AdamW lr 0.02, cosine, crop+flip, 160 ep",RG
adamw_long_aug_160,resolution_max_b1_gaussian_conv,1,P1,test,0.8526,0.6446465393066406,10000,"new run, final checkpoint epoch 160","{""label"": ""native"", ""resolution"": 32, ""sigma"": 0.0}",637f763685bf64a38112be9655e8304fcba8c57270b5834d9bef2f8e96767045,92a169e29e33b06fae441eec03b7021034394eeaf6ad880f84eec1a07af14b14,maxmonstre,t2,"AdamW lr 0.02, cosine, crop+flip, 160 ep",RG
adamw_long_aug_160,resolution_max_b1_gaussian_conv,1,P2,train,0.9224,0.2523832908630371,50000,"new run, final checkpoint epoch 160","{""label"": ""native"", ""resolution"": 32, ""sigma"": 0.0}",d56cb049be62592198723bb5bd4addbb4839f2c5bd2ce02701a630f1852086cb,92a169e29e33b06fae441eec03b7021034394eeaf6ad880f84eec1a07af14b14,maxmonstre,t2,"AdamW lr 0.02, cosine, crop+flip, 160 ep",RG
adamw_long_aug_160,resolution_max_b1_gaussian_conv,1,P2,test,0.8518,0.6521067443847657,10000,"new run, final checkpoint epoch 160","{""label"": ""native"", ""resolution"": 32, ""sigma"": 0.0}",d56cb049be62592198723bb5bd4addbb4839f2c5bd2ce02701a630f1852086cb,92a169e29e33b06fae441eec03b7021034394eeaf6ad880f84eec1a07af14b14,maxmonstre,t2,"AdamW lr 0.02, cosine, crop+flip, 160 ep",RG
adamw_long_aug_160,resolution_max_b1_gaussian_conv,1,P3,train,0.9914,0.024674921054840086,50000,"new run, final checkpoint epoch 160","{""label"": ""native"", ""resolution"": 32, ""sigma"": 0.0}",22905b19d2a947268fd1ebf0595099dcfcdfecb829ddd4a56c85fcf6f7fc2dad,92a169e29e33b06fae441eec03b7021034394eeaf6ad880f84eec1a07af14b14,maxmonstre,t2,"AdamW lr 0.02, cosine, crop+flip, 160 ep",RG
adamw_long_aug_160,resolution_max_b1_gaussian_conv,1,P3,test,0.8957,0.5037750305175781,10000,"new run, final checkpoint epoch 160","{""label"": ""native"", ""resolution"": 32, ""sigma"": 0.0}",22905b19d2a947268fd1ebf0595099dcfcdfecb829ddd4a56c85fcf6f7fc2dad,92a169e29e33b06fae441eec03b7021034394eeaf6ad880f84eec1a07af14b14,maxmonstre,t2,"AdamW lr 0.02, cosine, crop+flip, 160 ep",RG
adamw_long_noaug_160,gaussian_postrelu,1,P0,train,1.0,1.658931290730834e-05,50000,"new run, final checkpoint epoch 160","{""label"": ""native"", ""resolution"": null, ""sigma"": 0.0}",32ba3fbdd560769983143bf7a3c2d939347b343d1d34dca7c4f7ae9237955a80,26ff99eca2324d121a021fb6fe82bb1a9ed7f6d4b4f09bf26aa3cd805cfa3a5a,maxmonstre,t2,"AdamW lr 0.02, cosine, no aug, 160 ep",G
adamw_long_noaug_160,gaussian_postrelu,1,P0,test,0.8389,1.2429984619140626,10000,"new run, final checkpoint epoch 160","{""label"": ""native"", ""resolution"": null, ""sigma"": 0.0}",32ba3fbdd560769983143bf7a3c2d939347b343d1d34dca7c4f7ae9237955a80,26ff99eca2324d121a021fb6fe82bb1a9ed7f6d4b4f09bf26aa3cd805cfa3a5a,maxmonstre,t2,"AdamW lr 0.02, cosine, no aug, 160 ep",G
adamw_long_noaug_160,gaussian_postrelu,1,P1,train,1.0,1.3813359411433339e-05,50000,"new run, final checkpoint epoch 160","{""label"": ""native"", ""resolution"": null, ""sigma"": 0.0}",4b3a1c3b170af1cd5c05217b3ff38d9b2116f0bb04aca448c9d5aaa176127e95,26ff99eca2324d121a021fb6fe82bb1a9ed7f6d4b4f09bf26aa3cd805cfa3a5a,maxmonstre,t2,"AdamW lr 0.02, cosine, no aug, 160 ep",G
adamw_long_noaug_160,gaussian_postrelu,1,P1,test,0.8387,1.2366389984130859,10000,"new run, final checkpoint epoch 160","{""label"": ""native"", ""resolution"": null, ""sigma"": 0.0}",4b3a1c3b170af1cd5c05217b3ff38d9b2116f0bb04aca448c9d5aaa176127e95,26ff99eca2324d121a021fb6fe82bb1a9ed7f6d4b4f09bf26aa3cd805cfa3a5a,maxmonstre,t2,"AdamW lr 0.02, cosine, no aug, 160 ep",G
adamw_long_noaug_160,gaussian_postrelu,1,P2,train,1.0,1.3205807129852474e-05,50000,"new run, final checkpoint epoch 160","{""label"": ""native"", ""resolution"": null, ""sigma"": 0.0}",d1803d48d922af9b97eb17f6c3089a35abf8d113477b3435c970a658dc3461e2,26ff99eca2324d121a021fb6fe82bb1a9ed7f6d4b4f09bf26aa3cd805cfa3a5a,maxmonstre,t2,"AdamW lr 0.02, cosine, no aug, 160 ep",G
adamw_long_noaug_160,gaussian_postrelu,1,P2,test,0.8384,1.2457800323486328,10000,"new run, final checkpoint epoch 160","{""label"": ""native"", ""resolution"": null, ""sigma"": 0.0}",d1803d48d922af9b97eb17f6c3089a35abf8d113477b3435c970a658dc3461e2,26ff99eca2324d121a021fb6fe82bb1a9ed7f6d4b4f09bf26aa3cd805cfa3a5a,maxmonstre,t2,"AdamW lr 0.02, cosine, no aug, 160 ep",G
adamw_long_noaug_160,gaussian_postrelu,1,P3,train,1.0,1.530639685690403e-05,50000,"new run, final checkpoint epoch 160","{""label"": ""native"", ""resolution"": null, ""sigma"": 0.0}",4e2d238f1e4516274ba6743fa63acbd2f91174cefb6bfed585386e32aa67d13b,26ff99eca2324d121a021fb6fe82bb1a9ed7f6d4b4f09bf26aa3cd805cfa3a5a,maxmonstre,t2,"AdamW lr 0.02, cosine, no aug, 160 ep",G
adamw_long_noaug_160,gaussian_postrelu,1,P3,test,0.838,1.260170733642578,10000,"new run, final checkpoint epoch 160","{""label"": ""native"", ""resolution"": null, ""sigma"": 0.0}",4e2d238f1e4516274ba6743fa63acbd2f91174cefb6bfed585386e32aa67d13b,26ff99eca2324d121a021fb6fe82bb1a9ed7f6d4b4f09bf26aa3cd805cfa3a5a,maxmonstre,t2,"AdamW lr 0.02, cosine, no aug, 160 ep",G
adamw_long_noaug_160,gaussian_postrelu,2,P0,train,1.0,1.5623317239806056e-05,50000,"new run, final checkpoint epoch 160","{""label"": ""native"", ""resolution"": null, ""sigma"": 0.0}",ee6edc5754a3918b32a53a9cf247cd01e88af892c603ed9501a2121b0b68c9e5,62613592bb5555f0335ec67feecdcfcf9c7184c6fb46c6f974f7a50384c6efb2,maxmonstre,t2,"AdamW lr 0.02, cosine, no aug, 160 ep",G
adamw_long_noaug_160,gaussian_postrelu,2,P0,test,0.856,1.138316012573242,10000,"new run, final checkpoint epoch 160","{""label"": ""native"", ""resolution"": null, ""sigma"": 0.0}",ee6edc5754a3918b32a53a9cf247cd01e88af892c603ed9501a2121b0b68c9e5,62613592bb5555f0335ec67feecdcfcf9c7184c6fb46c6f974f7a50384c6efb2,maxmonstre,t2,"AdamW lr 0.02, cosine, no aug, 160 ep",G
adamw_long_noaug_160,gaussian_postrelu,2,P1,train,1.0,1.475007972214371e-05,50000,"new run, final checkpoint epoch 160","{""label"": ""native"", ""resolution"": null, ""sigma"": 0.0}",dd169194fa786be08d38d634de991e65d68221499cba8a321b0071e12674100d,62613592bb5555f0335ec67feecdcfcf9c7184c6fb46c6f974f7a50384c6efb2,maxmonstre,t2,"AdamW lr 0.02, cosine, no aug, 160 ep",G
adamw_long_noaug_160,gaussian_postrelu,2,P1,test,0.8553,1.118924154663086,10000,"new run, final checkpoint epoch 160","{""label"": ""native"", ""resolution"": null, ""sigma"": 0.0}",dd169194fa786be08d38d634de991e65d68221499cba8a321b0071e12674100d,62613592bb5555f0335ec67feecdcfcf9c7184c6fb46c6f974f7a50384c6efb2,maxmonstre,t2,"AdamW lr 0.02, cosine, no aug, 160 ep",G
adamw_long_noaug_160,gaussian_postrelu,2,P2,train,1.0,1.400343457236886e-05,50000,"new run, final checkpoint epoch 160","{""label"": ""native"", ""resolution"": null, ""sigma"": 0.0}",eb15d2e6d4c9b595b0385a654bb220ed3b23790f74266a223853d56a2bfe5901,62613592bb5555f0335ec67feecdcfcf9c7184c6fb46c6f974f7a50384c6efb2,maxmonstre,t2,"AdamW lr 0.02, cosine, no aug, 160 ep",G
adamw_long_noaug_160,gaussian_postrelu,2,P2,test,0.8561,1.1269208709716796,10000,"new run, final checkpoint epoch 160","{""label"": ""native"", ""resolution"": null, ""sigma"": 0.0}",eb15d2e6d4c9b595b0385a654bb220ed3b23790f74266a223853d56a2bfe5901,62613592bb5555f0335ec67feecdcfcf9c7184c6fb46c6f974f7a50384c6efb2,maxmonstre,t2,"AdamW lr 0.02, cosine, no aug, 160 ep",G
adamw_long_noaug_160,gaussian_postrelu,2,P3,train,1.0,1.581709889229387e-05,50000,"new run, final checkpoint epoch 160","{""label"": ""native"", ""resolution"": null, ""sigma"": 0.0}",5cdda35b427ac45d2c9bd1fa26229c0d6219d057714c1209574a93a70c7ca223,62613592bb5555f0335ec67feecdcfcf9c7184c6fb46c6f974f7a50384c6efb2,maxmonstre,t2,"AdamW lr 0.02, cosine, no aug, 160 ep",G
adamw_long_noaug_160,gaussian_postrelu,2,P3,test,0.8547,1.1387350555419922,10000,"new run, final checkpoint epoch 160","{""label"": ""native"", ""resolution"": null, ""sigma"": 0.0}",5cdda35b427ac45d2c9bd1fa26229c0d6219d057714c1209574a93a70c7ca223,62613592bb5555f0335ec67feecdcfcf9c7184c6fb46c6f974f7a50384c6efb2,maxmonstre,t2,"AdamW lr 0.02, cosine, no aug, 160 ep",G
adamw_long_noaug_160,sdpoint,0,P0,train,0.97856,0.06364595788955689,50000,"new run, final checkpoint epoch 160","{""label"": ""native"", ""resolution"": null, ""sd_point"": 0, ""sd_ratio"": null, ""sigma"": null}",3ea41024a979cd0887031a8aab88ad3a79ed26a4d98ebb9d07d140d67b2d697c,f2b11d4b9051e1a96f27987762c27964a1e7b05dab1698ed10d3699c4b7dc4cc,maxmonstre,t2,"AdamW lr 0.02, cosine, no aug, 160 ep",SDPoint
adamw_long_noaug_160,sdpoint,0,P0,test,0.8598,0.9258659790039062,10000,"new run, final checkpoint epoch 160","{""label"": ""native"", ""resolution"": null, ""sd_point"": 0, ""sd_ratio"": null, ""sigma"": null}",3ea41024a979cd0887031a8aab88ad3a79ed26a4d98ebb9d07d140d67b2d697c,f2b11d4b9051e1a96f27987762c27964a1e7b05dab1698ed10d3699c4b7dc4cc,maxmonstre,t2,"AdamW lr 0.02, cosine, no aug, 160 ep",SDPoint
adamw_long_noaug_160,sdpoint,0,P1,train,0.9999,0.0011981821674108505,50000,"new run, final checkpoint epoch 160","{""label"": ""native"", ""resolution"": null, ""sd_point"": 0, ""sd_ratio"": null, ""sigma"": null}",13bdbac5d2196d008b54f875a97dc12803e33034362f47cbb88ab7169244870c,f2b11d4b9051e1a96f27987762c27964a1e7b05dab1698ed10d3699c4b7dc4cc,maxmonstre,t2,"AdamW lr 0.02, cosine, no aug, 160 ep",SDPoint
adamw_long_noaug_160,sdpoint,0,P1,test,0.8892,0.6351188262939453,10000,"new run, final checkpoint epoch 160","{""label"": ""native"", ""resolution"": null, ""sd_point"": 0, ""sd_ratio"": null, ""sigma"": null}",13bdbac5d2196d008b54f875a97dc12803e33034362f47cbb88ab7169244870c,f2b11d4b9051e1a96f27987762c27964a1e7b05dab1698ed10d3699c4b7dc4cc,maxmonstre,t2,"AdamW lr 0.02, cosine, no aug, 160 ep",SDPoint
adamw_long_noaug_160,sdpoint,0,P2,train,0.9999,0.001165566516816616,50000,"new run, final checkpoint epoch 160","{""label"": ""native"", ""resolution"": null, ""sd_point"": 0, ""sd_ratio"": null, ""sigma"": null}",74173612c06804d4507bb4b816d0b43f4b6ac7319c00f463a681a989eba983ac,f2b11d4b9051e1a96f27987762c27964a1e7b05dab1698ed10d3699c4b7dc4cc,maxmonstre,t2,"AdamW lr 0.02, cosine, no aug, 160 ep",SDPoint
adamw_long_noaug_160,sdpoint,0,P2,test,0.8886,0.6380257308959961,10000,"new run, final checkpoint epoch 160","{""label"": ""native"", ""resolution"": null, ""sd_point"": 0, ""sd_ratio"": null, ""sigma"": null}",74173612c06804d4507bb4b816d0b43f4b6ac7319c00f463a681a989eba983ac,f2b11d4b9051e1a96f27987762c27964a1e7b05dab1698ed10d3699c4b7dc4cc,maxmonstre,t2,"AdamW lr 0.02, cosine, no aug, 160 ep",SDPoint
adamw_long_noaug_160,sdpoint,0,P3,train,0.9999,0.001231296724677086,50000,"new run, final checkpoint epoch 160","{""label"": ""native"", ""resolution"": null, ""sd_point"": 0, ""sd_ratio"": null, ""sigma"": null}",cdd58bbea30bf7a8609aec7d8c69e740dab792bce987e402bde5ffc396b6e397,f2b11d4b9051e1a96f27987762c27964a1e7b05dab1698ed10d3699c4b7dc4cc,maxmonstre,t2,"AdamW lr 0.02, cosine, no aug, 160 ep",SDPoint
adamw_long_noaug_160,sdpoint,0,P3,test,0.8887,0.640936831665039,10000,"new run, final checkpoint epoch 160","{""label"": ""native"", ""resolution"": null, ""sd_point"": 0, ""sd_ratio"": null, ""sigma"": null}",cdd58bbea30bf7a8609aec7d8c69e740dab792bce987e402bde5ffc396b6e397,f2b11d4b9051e1a96f27987762c27964a1e7b05dab1698ed10d3699c4b7dc4cc,maxmonstre,t2,"AdamW lr 0.02, cosine, no aug, 160 ep",SDPoint
adamw_long_noaug_160,sdpoint,2,P0,train,0.98776,0.0337165175819397,50000,"new run, final checkpoint epoch 160","{""label"": ""native"", ""resolution"": null, ""sd_point"": 0, ""sd_ratio"": null, ""sigma"": null}",48bb796be5e1b14a33afca239a2f60492daa1d43d100a405882c3bed6d2fe03d,1db78922838cf3e50a5b29fb1cece7efa6b2d702b7a0a563df4975d0c1985204,maxmonstre,t2,"AdamW lr 0.02, cosine, no aug, 160 ep",SDPoint
adamw_long_noaug_160,sdpoint,2,P0,test,0.8662,0.8199888549804687,10000,"new run, final checkpoint epoch 160","{""label"": ""native"", ""resolution"": null, ""sd_point"": 0, ""sd_ratio"": null, ""sigma"": null}",48bb796be5e1b14a33afca239a2f60492daa1d43d100a405882c3bed6d2fe03d,1db78922838cf3e50a5b29fb1cece7efa6b2d702b7a0a563df4975d0c1985204,maxmonstre,t2,"AdamW lr 0.02, cosine, no aug, 160 ep",SDPoint
adamw_long_noaug_160,sdpoint,2,P1,train,0.99994,0.0011747108176350593,50000,"new run, final checkpoint epoch 160","{""label"": ""native"", ""resolution"": null, ""sd_point"": 0, ""sd_ratio"": null, ""sigma"": null}",4513716a80c638b2fb603c643e57f10a38fbee5adb95eca89ed6fa7ce0d84a6e,1db78922838cf3e50a5b29fb1cece7efa6b2d702b7a0a563df4975d0c1985204,maxmonstre,t2,"AdamW lr 0.02, cosine, no aug, 160 ep",SDPoint
adamw_long_noaug_160,sdpoint,2,P1,test,0.8907,0.6094844863891602,10000,"new run, final checkpoint epoch 160","{""label"": ""native"", ""resolution"": null, ""sd_point"": 0, ""sd_ratio"": null, ""sigma"": null}",4513716a80c638b2fb603c643e57f10a38fbee5adb95eca89ed6fa7ce0d84a6e,1db78922838cf3e50a5b29fb1cece7efa6b2d702b7a0a563df4975d0c1985204,maxmonstre,t2,"AdamW lr 0.02, cosine, no aug, 160 ep",SDPoint
adamw_long_noaug_160,sdpoint,2,P2,train,0.99994,0.0011577850005030632,50000,"new run, final checkpoint epoch 160","{""label"": ""native"", ""resolution"": null, ""sd_point"": 0, ""sd_ratio"": null, ""sigma"": null}",c8ea5fc8affcf88ce4aca6b0205385547cda6e48da02d6b6accb3c50a2051359,1db78922838cf3e50a5b29fb1cece7efa6b2d702b7a0a563df4975d0c1985204,maxmonstre,t2,"AdamW lr 0.02, cosine, no aug, 160 ep",SDPoint
adamw_long_noaug_160,sdpoint,2,P2,test,0.8908,0.6116264495849609,10000,"new run, final checkpoint epoch 160","{""label"": ""native"", ""resolution"": null, ""sd_point"": 0, ""sd_ratio"": null, ""sigma"": null}",c8ea5fc8affcf88ce4aca6b0205385547cda6e48da02d6b6accb3c50a2051359,1db78922838cf3e50a5b29fb1cece7efa6b2d702b7a0a563df4975d0c1985204,maxmonstre,t2,"AdamW lr 0.02, cosine, no aug, 160 ep",SDPoint
adamw_long_noaug_160,sdpoint,2,P3,train,0.99994,0.0011826925447583198,50000,"new run, final checkpoint epoch 160","{""label"": ""native"", ""resolution"": null, ""sd_point"": 0, ""sd_ratio"": null, ""sigma"": null}",3dfaff67f10748a4585e411b1f3b2e8b94a84bf7c482161906c154bfd2762f60,1db78922838cf3e50a5b29fb1cece7efa6b2d702b7a0a563df4975d0c1985204,maxmonstre,t2,"AdamW lr 0.02, cosine, no aug, 160 ep",SDPoint
adamw_long_noaug_160,sdpoint,2,P3,test,0.8895,0.6157122589111328,10000,"new run, final checkpoint epoch 160","{""label"": ""native"", ""resolution"": null, ""sd_point"": 0, ""sd_ratio"": null, ""sigma"": null}",3dfaff67f10748a4585e411b1f3b2e8b94a84bf7c482161906c154bfd2762f60,1db78922838cf3e50a5b29fb1cece7efa6b2d702b7a0a563df4975d0c1985204,maxmonstre,t2,"AdamW lr 0.02, cosine, no aug, 160 ep",SDPoint
sgd_standard_aug_160,cbs_budget_matched,2,P0,train,0.99552,0.015934352054595948,50000,"new run, final checkpoint epoch 160","{""label"": ""native"", ""resolution"": null, ""sigma"": 0.0}",efa267ba1d5f222a1f957077476bbccc1462658ae8bb56683ad4c9005781c716,f2aad06a960669d937442ecf810ae92089e9e1974fb304e4f753b5dd7ee728fc,maxmonstre,t2,"SGD lr 0.1, steps 80/120, crop+flip, 160 ep",CBS-bm
sgd_standard_aug_160,cbs_budget_matched,2,P0,test,0.9124,0.3675329513549805,10000,"new run, final checkpoint epoch 160","{""label"": ""native"", ""resolution"": null, ""sigma"": 0.0}",efa267ba1d5f222a1f957077476bbccc1462658ae8bb56683ad4c9005781c716,f2aad06a960669d937442ecf810ae92089e9e1974fb304e4f753b5dd7ee728fc,maxmonstre,t2,"SGD lr 0.1, steps 80/120, crop+flip, 160 ep",CBS-bm
sgd_standard_aug_160,cbs_budget_matched,2,P1,train,0.96756,0.09445132781982422,50000,"new run, final checkpoint epoch 160","{""label"": ""native"", ""resolution"": null, ""sigma"": 0.0}",2d6cd58c2d2e1cbd448f5d3aba4118839786849c9adceee3da028186128cdfc1,f2aad06a960669d937442ecf810ae92089e9e1974fb304e4f753b5dd7ee728fc,maxmonstre,t2,"SGD lr 0.1, steps 80/120, crop+flip, 160 ep",CBS-bm
sgd_standard_aug_160,cbs_budget_matched,2,P1,test,0.8934,0.41949197845458985,10000,"new run, final checkpoint epoch 160","{""label"": ""native"", ""resolution"": null, ""sigma"": 0.0}",2d6cd58c2d2e1cbd448f5d3aba4118839786849c9adceee3da028186128cdfc1,f2aad06a960669d937442ecf810ae92089e9e1974fb304e4f753b5dd7ee728fc,maxmonstre,t2,"SGD lr 0.1, steps 80/120, crop+flip, 160 ep",CBS-bm
sgd_standard_aug_160,cbs_budget_matched,2,P2,train,0.9676,0.09437200359344483,50000,"new run, final checkpoint epoch 160","{""label"": ""native"", ""resolution"": null, ""sigma"": 0.0}",c1955384806881f90394eb7a1aeaafed78020c6816903ca6d81cff15b7a44866,f2aad06a960669d937442ecf810ae92089e9e1974fb304e4f753b5dd7ee728fc,maxmonstre,t2,"SGD lr 0.1, steps 80/120, crop+flip, 160 ep",CBS-bm
sgd_standard_aug_160,cbs_budget_matched,2,P2,test,0.8931,0.42552416534423826,10000,"new run, final checkpoint epoch 160","{""label"": ""native"", ""resolution"": null, ""sigma"": 0.0}",c1955384806881f90394eb7a1aeaafed78020c6816903ca6d81cff15b7a44866,f2aad06a960669d937442ecf810ae92089e9e1974fb304e4f753b5dd7ee728fc,maxmonstre,t2,"SGD lr 0.1, steps 80/120, crop+flip, 160 ep",CBS-bm
sgd_standard_aug_160,cbs_budget_matched,2,P3,train,0.99568,0.014984263072013854,50000,"new run, final checkpoint epoch 160","{""label"": ""native"", ""resolution"": null, ""sigma"": 0.0}",16f1fcf01e93fcc97f7a3b237e019ab2a4e366a53a048b50ae82057d045cad58,f2aad06a960669d937442ecf810ae92089e9e1974fb304e4f753b5dd7ee728fc,maxmonstre,t2,"SGD lr 0.1, steps 80/120, crop+flip, 160 ep",CBS-bm
sgd_standard_aug_160,cbs_budget_matched,2,P3,test,0.9132,0.3659529815673828,10000,"new run, final checkpoint epoch 160","{""label"": ""native"", ""resolution"": null, ""sigma"": 0.0}",16f1fcf01e93fcc97f7a3b237e019ab2a4e366a53a048b50ae82057d045cad58,f2aad06a960669d937442ecf810ae92089e9e1974fb304e4f753b5dd7ee728fc,maxmonstre,t2,"SGD lr 0.1, steps 80/120, crop+flip, 160 ep",CBS-bm
sgd_standard_aug_160,sdpoint,2,P0,train,0.95482,0.12910356674194337,50000,"new run, final checkpoint epoch 160","{""label"": ""native"", ""resolution"": null, ""sd_point"": 0, ""sd_ratio"": null, ""sigma"": null}",4b49950f40f9a11d06d0ba2e4ba7c139f96049e1090afdbbb361e997552383f4,beb06fd82d432187fdc5373e45770270c40ef20d1450db3a279610a9858591c4,maxmonstre,t2,"SGD lr 0.1, steps 80/120, crop+flip, 160 ep",SDPoint
sgd_standard_aug_160,sdpoint,2,P0,test,0.9044,0.2871140579223633,10000,"new run, final checkpoint epoch 160","{""label"": ""native"", ""resolution"": null, ""sd_point"": 0, ""sd_ratio"": null, ""sigma"": null}",4b49950f40f9a11d06d0ba2e4ba7c139f96049e1090afdbbb361e997552383f4,beb06fd82d432187fdc5373e45770270c40ef20d1450db3a279610a9858591c4,maxmonstre,t2,"SGD lr 0.1, steps 80/120, crop+flip, 160 ep",SDPoint
sgd_standard_aug_160,sdpoint,2,P1,train,0.92818,0.2032566926574707,50000,"new run, final checkpoint epoch 160","{""label"": ""native"", ""resolution"": null, ""sd_point"": 0, ""sd_ratio"": null, ""sigma"": null}",70091cc8444076dbdc9aa2f0e759ae9758819aac958b7ed3bfaa6fc0e5066bac,beb06fd82d432187fdc5373e45770270c40ef20d1450db3a279610a9858591c4,maxmonstre,t2,"SGD lr 0.1, steps 80/120, crop+flip, 160 ep",SDPoint
sgd_standard_aug_160,sdpoint,2,P1,test,0.8878,0.3411840621948242,10000,"new run, final checkpoint epoch 160","{""label"": ""native"", ""resolution"": null, ""sd_point"": 0, ""sd_ratio"": null, ""sigma"": null}",70091cc8444076dbdc9aa2f0e759ae9758819aac958b7ed3bfaa6fc0e5066bac,beb06fd82d432187fdc5373e45770270c40ef20d1450db3a279610a9858591c4,maxmonstre,t2,"SGD lr 0.1, steps 80/120, crop+flip, 160 ep",SDPoint
sgd_standard_aug_160,sdpoint,2,P2,train,0.92786,0.2044473941040039,50000,"new run, final checkpoint epoch 160","{""label"": ""native"", ""resolution"": null, ""sd_point"": 0, ""sd_ratio"": null, ""sigma"": null}",992f7174bf7282b648da4b3bfa65b3f9f4cfe4039e83a06c017f350950c9fc7f,beb06fd82d432187fdc5373e45770270c40ef20d1450db3a279610a9858591c4,maxmonstre,t2,"SGD lr 0.1, steps 80/120, crop+flip, 160 ep",SDPoint
sgd_standard_aug_160,sdpoint,2,P2,test,0.8866,0.34410457305908204,10000,"new run, final checkpoint epoch 160","{""label"": ""native"", ""resolution"": null, ""sd_point"": 0, ""sd_ratio"": null, ""sigma"": null}",992f7174bf7282b648da4b3bfa65b3f9f4cfe4039e83a06c017f350950c9fc7f,beb06fd82d432187fdc5373e45770270c40ef20d1450db3a279610a9858591c4,maxmonstre,t2,"SGD lr 0.1, steps 80/120, crop+flip, 160 ep",SDPoint
sgd_standard_aug_160,sdpoint,2,P3,train,0.97056,0.08814324584960938,50000,"new run, final checkpoint epoch 160","{""label"": ""native"", ""resolution"": null, ""sd_point"": 0, ""sd_ratio"": null, ""sigma"": null}",bb8f7f45065a9830b665cf7320a06101e9655e47b1926d8b324fcbc2f75fd093,beb06fd82d432187fdc5373e45770270c40ef20d1450db3a279610a9858591c4,maxmonstre,t2,"SGD lr 0.1, steps 80/120, crop+flip, 160 ep",SDPoint
sgd_standard_aug_160,sdpoint,2,P3,test,0.9226,0.2458220848083496,10000,"new run, final checkpoint epoch 160","{""label"": ""native"", ""resolution"": null, ""sd_point"": 0, ""sd_ratio"": null, ""sigma"": null}",bb8f7f45065a9830b665cf7320a06101e9655e47b1926d8b324fcbc2f75fd093,beb06fd82d432187fdc5373e45770270c40ef20d1450db3a279610a9858591c4,maxmonstre,t2,"SGD lr 0.1, steps 80/120, crop+flip, 160 ep",SDPoint
historical_adamw_30,plain,0,P0,train,1.0,0.0003555729788541,50000,reused from comparison-cbs-sdpoint (saved_native),"{""resolution"": null, ""sigma"": null, ""label"": ""native""}",,8683907ab48938baf614455e94943023b0eed668bcb325fee19ed621b9c9d609,maxnicaise,comparison-cbs-sdpoint,"AdamW lr 0.02, cosine, no aug, 30 ep (historical)",Plain
historical_adamw_30,plain,0,P0,test,0.8445,0.9518047180175782,10000,reused from comparison-cbs-sdpoint (saved_native),"{""resolution"": null, ""sigma"": null, ""label"": ""native""}",,8683907ab48938baf614455e94943023b0eed668bcb325fee19ed621b9c9d609,maxnicaise,comparison-cbs-sdpoint,"AdamW lr 0.02, cosine, no aug, 30 ep (historical)",Plain
historical_adamw_30,plain,0,P1,train,0.99998,0.0003208165396749,50000,reused from comparison-cbs-sdpoint (panelA),"{""resolution"": null, ""sigma"": null, ""label"": ""native""}",,8683907ab48938baf614455e94943023b0eed668bcb325fee19ed621b9c9d609,maxnicaise,comparison-cbs-sdpoint,"AdamW lr 0.02, cosine, no aug, 30 ep (historical)",Plain
historical_adamw_30,plain,0,P1,test,0.8449,0.9490204681396484,10000,reused from comparison-cbs-sdpoint (panelA),"{""resolution"": null, ""sigma"": null, ""label"": ""native""}",,8683907ab48938baf614455e94943023b0eed668bcb325fee19ed621b9c9d609,maxnicaise,comparison-cbs-sdpoint,"AdamW lr 0.02, cosine, no aug, 30 ep (historical)",Plain
historical_adamw_30,plain,0,P2,train,0.99998,0.00030907122313976286,50000,new evaluation of the historical final checkpoint,"{""resolution"": null, ""sigma"": null, ""label"": ""native""}",06a974eefceecf05ac2e2b5c211d3e0410108fd91356948fff0e2da09e0ca257,8683907ab48938baf614455e94943023b0eed668bcb325fee19ed621b9c9d609,maxmonstre,eval,"AdamW lr 0.02, cosine, no aug, 30 ep (historical)",Plain
historical_adamw_30,plain,0,P2,test,0.8448,0.9561553009033203,10000,new evaluation of the historical final checkpoint,"{""resolution"": null, ""sigma"": null, ""label"": ""native""}",06a974eefceecf05ac2e2b5c211d3e0410108fd91356948fff0e2da09e0ca257,8683907ab48938baf614455e94943023b0eed668bcb325fee19ed621b9c9d609,maxmonstre,eval,"AdamW lr 0.02, cosine, no aug, 30 ep (historical)",Plain
historical_adamw_30,plain,0,P3,train,0.99996,0.0003709008215367794,50000,new evaluation of the historical final checkpoint,"{""resolution"": null, ""sigma"": null, ""label"": ""native""}",1c100717beedbbb51915340bb7c2fbfbf10c010133cd4bd74e3ea5f01e9fd74c,8683907ab48938baf614455e94943023b0eed668bcb325fee19ed621b9c9d609,maxmonstre,eval,"AdamW lr 0.02, cosine, no aug, 30 ep (historical)",Plain
historical_adamw_30,plain,0,P3,test,0.8453,0.9602417053222656,10000,new evaluation of the historical final checkpoint,"{""resolution"": null, ""sigma"": null, ""label"": ""native""}",1c100717beedbbb51915340bb7c2fbfbf10c010133cd4bd74e3ea5f01e9fd74c,8683907ab48938baf614455e94943023b0eed668bcb325fee19ed621b9c9d609,maxmonstre,eval,"AdamW lr 0.02, cosine, no aug, 30 ep (historical)",Plain
historical_adamw_30,plain,1,P0,train,0.99996,0.0004347793486714,50000,reused from comparison-cbs-sdpoint (saved_native),"{""resolution"": null, ""sigma"": null, ""label"": ""native""}",,336abca0c7737a6303f51ee0421671d89a1cc0ab182a2dd2ec4c31d0e261318b,maxlefrr,comparison-cbs-sdpoint,"AdamW lr 0.02, cosine, no aug, 30 ep (historical)",Plain
historical_adamw_30,plain,1,P0,test,0.8416,0.9707822235107422,10000,reused from comparison-cbs-sdpoint (saved_native),"{""resolution"": null, ""sigma"": null, ""label"": ""native""}",,336abca0c7737a6303f51ee0421671d89a1cc0ab182a2dd2ec4c31d0e261318b,maxlefrr,comparison-cbs-sdpoint,"AdamW lr 0.02, cosine, no aug, 30 ep (historical)",Plain
historical_adamw_30,plain,1,P1,train,0.99996,0.000466206356585,50000,reused from comparison-cbs-sdpoint (panelA),"{""resolution"": null, ""sigma"": null, ""label"": ""native""}",,336abca0c7737a6303f51ee0421671d89a1cc0ab182a2dd2ec4c31d0e261318b,maxlefrr,comparison-cbs-sdpoint,"AdamW lr 0.02, cosine, no aug, 30 ep (historical)",Plain
historical_adamw_30,plain,1,P1,test,0.8409,0.9494252014160156,10000,reused from comparison-cbs-sdpoint (panelA),"{""resolution"": null, ""sigma"": null, ""label"": ""native""}",,336abca0c7737a6303f51ee0421671d89a1cc0ab182a2dd2ec4c31d0e261318b,maxlefrr,comparison-cbs-sdpoint,"AdamW lr 0.02, cosine, no aug, 30 ep (historical)",Plain
historical_adamw_30,plain,1,P2,train,0.99996,0.00047444757997989654,50000,new evaluation of the historical final checkpoint,"{""resolution"": null, ""sigma"": null, ""label"": ""native""}",b0d795b46b51bdd8dc11fedc662074e3564fc626a0341cb010a772d99312d9ac,336abca0c7737a6303f51ee0421671d89a1cc0ab182a2dd2ec4c31d0e261318b,maxmonstre,eval,"AdamW lr 0.02, cosine, no aug, 30 ep (historical)",Plain
historical_adamw_30,plain,1,P2,test,0.8411,0.956054379272461,10000,new evaluation of the historical final checkpoint,"{""resolution"": null, ""sigma"": null, ""label"": ""native""}",b0d795b46b51bdd8dc11fedc662074e3564fc626a0341cb010a772d99312d9ac,336abca0c7737a6303f51ee0421671d89a1cc0ab182a2dd2ec4c31d0e261318b,maxmonstre,eval,"AdamW lr 0.02, cosine, no aug, 30 ep (historical)",Plain
historical_adamw_30,plain,1,P3,train,0.99996,0.000502960084527731,50000,new evaluation of the historical final checkpoint,"{""resolution"": null, ""sigma"": null, ""label"": ""native""}",ceee6c0e0fa7937de7db97435d1c32c45759cbde321a2e7380cf1206d3827852,336abca0c7737a6303f51ee0421671d89a1cc0ab182a2dd2ec4c31d0e261318b,maxmonstre,eval,"AdamW lr 0.02, cosine, no aug, 30 ep (historical)",Plain
historical_adamw_30,plain,1,P3,test,0.8414,0.9614014343261719,10000,new evaluation of the historical final checkpoint,"{""resolution"": null, ""sigma"": null, ""label"": ""native""}",ceee6c0e0fa7937de7db97435d1c32c45759cbde321a2e7380cf1206d3827852,336abca0c7737a6303f51ee0421671d89a1cc0ab182a2dd2ec4c31d0e261318b,maxmonstre,eval,"AdamW lr 0.02, cosine, no aug, 30 ep (historical)",Plain
historical_adamw_30,plain,2,P0,train,1.0,0.0002343473656475,50000,reused from comparison-cbs-sdpoint (saved_native),"{""resolution"": null, ""sigma"": null, ""label"": ""native""}",,58b5aeb928ee8595676aa870a507e0c01c2513ae74739553387564573cf4b8c3,maxnikezz,comparison-cbs-sdpoint,"AdamW lr 0.02, cosine, no aug, 30 ep (historical)",Plain
historical_adamw_30,plain,2,P0,test,0.8413,0.9884797790527344,10000,reused from comparison-cbs-sdpoint (saved_native),"{""resolution"": null, ""sigma"": null, ""label"": ""native""}",,58b5aeb928ee8595676aa870a507e0c01c2513ae74739553387564573cf4b8c3,maxnikezz,comparison-cbs-sdpoint,"AdamW lr 0.02, cosine, no aug, 30 ep (historical)",Plain
historical_adamw_30,plain,2,P1,train,1.0,0.0002357580046355,50000,reused from comparison-cbs-sdpoint (panelA),"{""resolution"": null, ""sigma"": null, ""label"": ""native""}",,58b5aeb928ee8595676aa870a507e0c01c2513ae74739553387564573cf4b8c3,maxnikezz,comparison-cbs-sdpoint,"AdamW lr 0.02, cosine, no aug, 30 ep (historical)",Plain
historical_adamw_30,plain,2,P1,test,0.8426,0.9612845947265624,10000,reused from comparison-cbs-sdpoint (panelA),"{""resolution"": null, ""sigma"": null, ""label"": ""native""}",,58b5aeb928ee8595676aa870a507e0c01c2513ae74739553387564573cf4b8c3,maxnikezz,comparison-cbs-sdpoint,"AdamW lr 0.02, cosine, no aug, 30 ep (historical)",Plain
historical_adamw_30,plain,2,P2,train,1.0,0.00022921991288661956,50000,new evaluation of the historical final checkpoint,"{""resolution"": null, ""sigma"": null, ""label"": ""native""}",b15ca455d6838e65dff5b0dc4efb068a0d8649c954e8361368ca0df93a777baa,58b5aeb928ee8595676aa870a507e0c01c2513ae74739553387564573cf4b8c3,maxmonstre,eval,"AdamW lr 0.02, cosine, no aug, 30 ep (historical)",Plain
historical_adamw_30,plain,2,P2,test,0.8425,0.9690309661865234,10000,new evaluation of the historical final checkpoint,"{""resolution"": null, ""sigma"": null, ""label"": ""native""}",b15ca455d6838e65dff5b0dc4efb068a0d8649c954e8361368ca0df93a777baa,58b5aeb928ee8595676aa870a507e0c01c2513ae74739553387564573cf4b8c3,maxmonstre,eval,"AdamW lr 0.02, cosine, no aug, 30 ep (historical)",Plain
historical_adamw_30,plain,2,P3,train,1.0,0.00025400682412087916,50000,new evaluation of the historical final checkpoint,"{""resolution"": null, ""sigma"": null, ""label"": ""native""}",1f514bd12cb76222a3cd0952cb77c3b4937caa3948208f997bae4e8cc7256838,58b5aeb928ee8595676aa870a507e0c01c2513ae74739553387564573cf4b8c3,maxmonstre,eval,"AdamW lr 0.02, cosine, no aug, 30 ep (historical)",Plain
historical_adamw_30,plain,2,P3,test,0.8435,0.9792176239013672,10000,new evaluation of the historical final checkpoint,"{""resolution"": null, ""sigma"": null, ""label"": ""native""}",1f514bd12cb76222a3cd0952cb77c3b4937caa3948208f997bae4e8cc7256838,58b5aeb928ee8595676aa870a507e0c01c2513ae74739553387564573cf4b8c3,maxmonstre,eval,"AdamW lr 0.02, cosine, no aug, 30 ep (historical)",Plain
historical_adamw_30,resolution_max_b1,0,P0,train,1.0,0.0012378626090288,50000,reused from comparison-cbs-sdpoint (saved_native),"{""resolution"": 32, ""sigma"": null, ""label"": ""native""}",,38e9230714c5f5b7c434956ad7c8f55ee15c9ddccef3a3774318ddae995cb489,maxnicaise,comparison-cbs-sdpoint,"AdamW lr 0.02, cosine, no aug, 30 ep (historical)",R
historical_adamw_30,resolution_max_b1,0,P0,test,0.8653,0.7082962829589844,10000,reused from comparison-cbs-sdpoint (saved_native),"{""resolution"": 32, ""sigma"": null, ""label"": ""native""}",,38e9230714c5f5b7c434956ad7c8f55ee15c9ddccef3a3774318ddae995cb489,maxnicaise,comparison-cbs-sdpoint,"AdamW lr 0.02, cosine, no aug, 30 ep (historical)",R
historical_adamw_30,resolution_max_b1,0,P1,train,1.0,0.0011944174349308,50000,reused from comparison-cbs-sdpoint (panelA),"{""resolution"": 32, ""sigma"": null, ""label"": ""native""}",,38e9230714c5f5b7c434956ad7c8f55ee15c9ddccef3a3774318ddae995cb489,maxnicaise,comparison-cbs-sdpoint,"AdamW lr 0.02, cosine, no aug, 30 ep (historical)",R
historical_adamw_30,resolution_max_b1,0,P1,test,0.8653,0.6979648132324219,10000,reused from comparison-cbs-sdpoint (panelA),"{""resolution"": 32, ""sigma"": null, ""label"": ""native""}",,38e9230714c5f5b7c434956ad7c8f55ee15c9ddccef3a3774318ddae995cb489,maxnicaise,comparison-cbs-sdpoint,"AdamW lr 0.02, cosine, no aug, 30 ep (historical)",R
historical_adamw_30,resolution_max_b1,0,P2,train,1.0,0.0011542839688062669,50000,new evaluation of the historical final checkpoint,"{""resolution"": 32, ""sigma"": null, ""label"": ""native""}",a6e3036e9c6ce32b2cc6b53be2660ffe7d61c0e5457c10207fe9f4cb9df24b81,38e9230714c5f5b7c434956ad7c8f55ee15c9ddccef3a3774318ddae995cb489,maxmonstre,eval,"AdamW lr 0.02, cosine, no aug, 30 ep (historical)",R
historical_adamw_30,resolution_max_b1,0,P2,test,0.8651,0.7027683197021485,10000,new evaluation of the historical final checkpoint,"{""resolution"": 32, ""sigma"": null, ""label"": ""native""}",a6e3036e9c6ce32b2cc6b53be2660ffe7d61c0e5457c10207fe9f4cb9df24b81,38e9230714c5f5b7c434956ad7c8f55ee15c9ddccef3a3774318ddae995cb489,maxmonstre,eval,"AdamW lr 0.02, cosine, no aug, 30 ep (historical)",R
historical_adamw_30,resolution_max_b1,0,P3,train,1.0,0.0012361676543951035,50000,new evaluation of the historical final checkpoint,"{""resolution"": 32, ""sigma"": null, ""label"": ""native""}",e7b92a4a943c19072dff57734f2d41234e631785cc6666f72894be37a7f5bb30,38e9230714c5f5b7c434956ad7c8f55ee15c9ddccef3a3774318ddae995cb489,maxmonstre,eval,"AdamW lr 0.02, cosine, no aug, 30 ep (historical)",R
historical_adamw_30,resolution_max_b1,0,P3,test,0.8643,0.7098496826171875,10000,new evaluation of the historical final checkpoint,"{""resolution"": 32, ""sigma"": null, ""label"": ""native""}",e7b92a4a943c19072dff57734f2d41234e631785cc6666f72894be37a7f5bb30,38e9230714c5f5b7c434956ad7c8f55ee15c9ddccef3a3774318ddae995cb489,maxmonstre,eval,"AdamW lr 0.02, cosine, no aug, 30 ep (historical)",R
historical_adamw_30,resolution_max_b1,1,P0,train,0.99996,0.0011935279220342,50000,reused from comparison-cbs-sdpoint (saved_native),"{""resolution"": 32, ""sigma"": null, ""label"": ""native""}",,92ddc1593a400d8ba4dad97c38a636964d7d241b7ce010c6323c450724f7b89e,maxlefrr,comparison-cbs-sdpoint,"AdamW lr 0.02, cosine, no aug, 30 ep (historical)",R
historical_adamw_30,resolution_max_b1,1,P0,test,0.8646,0.730058755493164,10000,reused from comparison-cbs-sdpoint (saved_native),"{""resolution"": 32, ""sigma"": null, ""label"": ""native""}",,92ddc1593a400d8ba4dad97c38a636964d7d241b7ce010c6323c450724f7b89e,maxlefrr,comparison-cbs-sdpoint,"AdamW lr 0.02, cosine, no aug, 30 ep (historical)",R
historical_adamw_30,resolution_max_b1,1,P1,train,0.99996,0.0012095337295532,50000,reused from comparison-cbs-sdpoint (panelA),"{""resolution"": 32, ""sigma"": null, ""label"": ""native""}",,92ddc1593a400d8ba4dad97c38a636964d7d241b7ce010c6323c450724f7b89e,maxlefrr,comparison-cbs-sdpoint,"AdamW lr 0.02, cosine, no aug, 30 ep (historical)",R
historical_adamw_30,resolution_max_b1,1,P1,test,0.8662,0.7066481658935547,10000,reused from comparison-cbs-sdpoint (panelA),"{""resolution"": 32, ""sigma"": null, ""label"": ""native""}",,92ddc1593a400d8ba4dad97c38a636964d7d241b7ce010c6323c450724f7b89e,maxlefrr,comparison-cbs-sdpoint,"AdamW lr 0.02, cosine, no aug, 30 ep (historical)",R
historical_adamw_30,resolution_max_b1,1,P2,train,0.99996,0.0011833269369602203,50000,new evaluation of the historical final checkpoint,"{""resolution"": 32, ""sigma"": null, ""label"": ""native""}",6bb4d1e9d13da189284e10912407268a6e38a93a6688057ed5a30a93402727de,92ddc1593a400d8ba4dad97c38a636964d7d241b7ce010c6323c450724f7b89e,maxmonstre,eval,"AdamW lr 0.02, cosine, no aug, 30 ep (historical)",R
historical_adamw_30,resolution_max_b1,1,P2,test,0.8663,0.710995004272461,10000,new evaluation of the historical final checkpoint,"{""resolution"": 32, ""sigma"": null, ""label"": ""native""}",6bb4d1e9d13da189284e10912407268a6e38a93a6688057ed5a30a93402727de,92ddc1593a400d8ba4dad97c38a636964d7d241b7ce010c6323c450724f7b89e,maxmonstre,eval,"AdamW lr 0.02, cosine, no aug, 30 ep (historical)",R
historical_adamw_30,resolution_max_b1,1,P3,train,0.99996,0.0012663658499717713,50000,new evaluation of the historical final checkpoint,"{""resolution"": 32, ""sigma"": null, ""label"": ""native""}",1e129a3ab47e89cc3ddf66f995cb4d11988fd5da3df2b3bad40dfc45291c84d9,92ddc1593a400d8ba4dad97c38a636964d7d241b7ce010c6323c450724f7b89e,maxmonstre,eval,"AdamW lr 0.02, cosine, no aug, 30 ep (historical)",R
historical_adamw_30,resolution_max_b1,1,P3,test,0.8656,0.7099056854248047,10000,new evaluation of the historical final checkpoint,"{""resolution"": 32, ""sigma"": null, ""label"": ""native""}",1e129a3ab47e89cc3ddf66f995cb4d11988fd5da3df2b3bad40dfc45291c84d9,92ddc1593a400d8ba4dad97c38a636964d7d241b7ce010c6323c450724f7b89e,maxmonstre,eval,"AdamW lr 0.02, cosine, no aug, 30 ep (historical)",R
historical_adamw_30,resolution_max_b1,2,P0,train,1.0,0.0011423773050308,50000,reused from comparison-cbs-sdpoint (saved_native),"{""resolution"": 32, ""sigma"": null, ""label"": ""native""}",,f39ed5e9bff9fa0643ab73f33355a081a75d7e10e3bf20694b5b8e6203776a78,maxnikezz,comparison-cbs-sdpoint,"AdamW lr 0.02, cosine, no aug, 30 ep (historical)",R
historical_adamw_30,resolution_max_b1,2,P0,test,0.8683,0.6961928405761719,10000,reused from comparison-cbs-sdpoint (saved_native),"{""resolution"": 32, ""sigma"": null, ""label"": ""native""}",,f39ed5e9bff9fa0643ab73f33355a081a75d7e10e3bf20694b5b8e6203776a78,maxnikezz,comparison-cbs-sdpoint,"AdamW lr 0.02, cosine, no aug, 30 ep (historical)",R
historical_adamw_30,resolution_max_b1,2,P1,train,1.0,0.0010879166489839,50000,reused from comparison-cbs-sdpoint (panelA),"{""resolution"": 32, ""sigma"": null, ""label"": ""native""}",,f39ed5e9bff9fa0643ab73f33355a081a75d7e10e3bf20694b5b8e6203776a78,maxnikezz,comparison-cbs-sdpoint,"AdamW lr 0.02, cosine, no aug, 30 ep (historical)",R
historical_adamw_30,resolution_max_b1,2,P1,test,0.868,0.6831474090576172,10000,reused from comparison-cbs-sdpoint (panelA),"{""resolution"": 32, ""sigma"": null, ""label"": ""native""}",,f39ed5e9bff9fa0643ab73f33355a081a75d7e10e3bf20694b5b8e6203776a78,maxnikezz,comparison-cbs-sdpoint,"AdamW lr 0.02, cosine, no aug, 30 ep (historical)",R
historical_adamw_30,resolution_max_b1,2,P2,train,1.0,0.0010511012381315232,50000,new evaluation of the historical final checkpoint,"{""resolution"": 32, ""sigma"": null, ""label"": ""native""}",a826a3200c0ccbcddd028f9a6ffe078298ff485ef4f4b3bd3afb1f28d27328cd,f39ed5e9bff9fa0643ab73f33355a081a75d7e10e3bf20694b5b8e6203776a78,maxmonstre,eval,"AdamW lr 0.02, cosine, no aug, 30 ep (historical)",R
historical_adamw_30,resolution_max_b1,2,P2,test,0.8679,0.6877625030517578,10000,new evaluation of the historical final checkpoint,"{""resolution"": 32, ""sigma"": null, ""label"": ""native""}",a826a3200c0ccbcddd028f9a6ffe078298ff485ef4f4b3bd3afb1f28d27328cd,f39ed5e9bff9fa0643ab73f33355a081a75d7e10e3bf20694b5b8e6203776a78,maxmonstre,eval,"AdamW lr 0.02, cosine, no aug, 30 ep (historical)",R
historical_adamw_30,resolution_max_b1,2,P3,train,1.0,0.0011093299692869186,50000,new evaluation of the historical final checkpoint,"{""resolution"": 32, ""sigma"": null, ""label"": ""native""}",c066a7c22d67e79fe45a640d0914716ed5d6033bd3664b51f151d6c44697fed8,f39ed5e9bff9fa0643ab73f33355a081a75d7e10e3bf20694b5b8e6203776a78,maxmonstre,eval,"AdamW lr 0.02, cosine, no aug, 30 ep (historical)",R
historical_adamw_30,resolution_max_b1,2,P3,test,0.8675,0.7001004547119141,10000,new evaluation of the historical final checkpoint,"{""resolution"": 32, ""sigma"": null, ""label"": ""native""}",c066a7c22d67e79fe45a640d0914716ed5d6033bd3664b51f151d6c44697fed8,f39ed5e9bff9fa0643ab73f33355a081a75d7e10e3bf20694b5b8e6203776a78,maxmonstre,eval,"AdamW lr 0.02, cosine, no aug, 30 ep (historical)",R
historical_adamw_30,gaussian_postrelu,0,P0,train,0.99682,0.0217490077018737,50000,reused from comparison-cbs-sdpoint (saved_native),"{""resolution"": null, ""sigma"": 0.0, ""label"": ""native""}",,9eb7b901911e4a45434deb26c34106bc4d4ba428efa2e5938ed2e8ff82b3c5fb,maxnicaise,comparison-cbs-sdpoint,"AdamW lr 0.02, cosine, no aug, 30 ep (historical)",G
historical_adamw_30,gaussian_postrelu,0,P0,test,0.836,0.6768333343505859,10000,reused from comparison-cbs-sdpoint (saved_native),"{""resolution"": null, ""sigma"": 0.0, ""label"": ""native""}",,9eb7b901911e4a45434deb26c34106bc4d4ba428efa2e5938ed2e8ff82b3c5fb,maxnicaise,comparison-cbs-sdpoint,"AdamW lr 0.02, cosine, no aug, 30 ep (historical)",G
historical_adamw_30,gaussian_postrelu,0,P1,train,0.99696,0.0208920721054077,50000,reused from comparison-cbs-sdpoint (panelA),"{""resolution"": null, ""sigma"": 0.0, ""label"": ""native""}",,9eb7b901911e4a45434deb26c34106bc4d4ba428efa2e5938ed2e8ff82b3c5fb,maxnicaise,comparison-cbs-sdpoint,"AdamW lr 0.02, cosine, no aug, 30 ep (historical)",G
historical_adamw_30,gaussian_postrelu,0,P1,test,0.8364,0.6749316802978516,10000,reused from comparison-cbs-sdpoint (panelA),"{""resolution"": null, ""sigma"": 0.0, ""label"": ""native""}",,9eb7b901911e4a45434deb26c34106bc4d4ba428efa2e5938ed2e8ff82b3c5fb,maxnicaise,comparison-cbs-sdpoint,"AdamW lr 0.02, cosine, no aug, 30 ep (historical)",G
historical_adamw_30,gaussian_postrelu,0,P2,train,0.99702,0.020473121490478516,50000,new evaluation of the historical final checkpoint,"{""resolution"": null, ""sigma"": 0.0, ""label"": ""native""}",6e634ab0eca721b5ec56ac32ff79a0a7d0ada0b4a3309e67dd12fdaa6b027700,9eb7b901911e4a45434deb26c34106bc4d4ba428efa2e5938ed2e8ff82b3c5fb,maxmonstre,eval,"AdamW lr 0.02, cosine, no aug, 30 ep (historical)",G
historical_adamw_30,gaussian_postrelu,0,P2,test,0.8362,0.6802882080078125,10000,new evaluation of the historical final checkpoint,"{""resolution"": null, ""sigma"": 0.0, ""label"": ""native""}",6e634ab0eca721b5ec56ac32ff79a0a7d0ada0b4a3309e67dd12fdaa6b027700,9eb7b901911e4a45434deb26c34106bc4d4ba428efa2e5938ed2e8ff82b3c5fb,maxmonstre,eval,"AdamW lr 0.02, cosine, no aug, 30 ep (historical)",G
historical_adamw_30,gaussian_postrelu,0,P3,train,0.99686,0.021489965934753417,50000,new evaluation of the historical final checkpoint,"{""resolution"": null, ""sigma"": 0.0, ""label"": ""native""}",77a8e4484348c9484234c1be9f6d69c23af700642dc03be0d345e5c81947dac9,9eb7b901911e4a45434deb26c34106bc4d4ba428efa2e5938ed2e8ff82b3c5fb,maxmonstre,eval,"AdamW lr 0.02, cosine, no aug, 30 ep (historical)",G
historical_adamw_30,gaussian_postrelu,0,P3,test,0.8363,0.6828621215820313,10000,new evaluation of the historical final checkpoint,"{""resolution"": null, ""sigma"": 0.0, ""label"": ""native""}",77a8e4484348c9484234c1be9f6d69c23af700642dc03be0d345e5c81947dac9,9eb7b901911e4a45434deb26c34106bc4d4ba428efa2e5938ed2e8ff82b3c5fb,maxmonstre,eval,"AdamW lr 0.02, cosine, no aug, 30 ep (historical)",G
historical_adamw_30,gaussian_postrelu,1,P0,train,0.9944,0.0299000262451171,50000,reused from comparison-cbs-sdpoint (saved_native),"{""resolution"": null, ""sigma"": 0.0, ""label"": ""native""}",,d3b77ef641b98e16f2417b0e3d1c76f24a2498858ece7b20e43ec2cb9f3e6f19,maxlefrr,comparison-cbs-sdpoint,"AdamW lr 0.02, cosine, no aug, 30 ep (historical)",G
historical_adamw_30,gaussian_postrelu,1,P0,test,0.8329,0.7099740051269531,10000,reused from comparison-cbs-sdpoint (saved_native),"{""resolution"": null, ""sigma"": 0.0, ""label"": ""native""}",,d3b77ef641b98e16f2417b0e3d1c76f24a2498858ece7b20e43ec2cb9f3e6f19,maxlefrr,comparison-cbs-sdpoint,"AdamW lr 0.02, cosine, no aug, 30 ep (historical)",G
historical_adamw_30,gaussian_postrelu,1,P1,train,0.99512,0.0291323332214355,50000,reused from comparison-cbs-sdpoint (panelA),"{""resolution"": null, ""sigma"": 0.0, ""label"": ""native""}",,d3b77ef641b98e16f2417b0e3d1c76f24a2498858ece7b20e43ec2cb9f3e6f19,maxlefrr,comparison-cbs-sdpoint,"AdamW lr 0.02, cosine, no aug, 30 ep (historical)",G
historical_adamw_30,gaussian_postrelu,1,P1,test,0.836,0.6968898651123047,10000,reused from comparison-cbs-sdpoint (panelA),"{""resolution"": null, ""sigma"": 0.0, ""label"": ""native""}",,d3b77ef641b98e16f2417b0e3d1c76f24a2498858ece7b20e43ec2cb9f3e6f19,maxlefrr,comparison-cbs-sdpoint,"AdamW lr 0.02, cosine, no aug, 30 ep (historical)",G
historical_adamw_30,gaussian_postrelu,1,P2,train,0.99518,0.028642430362701417,50000,new evaluation of the historical final checkpoint,"{""resolution"": null, ""sigma"": 0.0, ""label"": ""native""}",b69c64791e3f0cb4d0c8e0fd42894e6d2acda72631a4c8a07a9abd0c73741b8e,d3b77ef641b98e16f2417b0e3d1c76f24a2498858ece7b20e43ec2cb9f3e6f19,maxmonstre,eval,"AdamW lr 0.02, cosine, no aug, 30 ep (historical)",G
historical_adamw_30,gaussian_postrelu,1,P2,test,0.835,0.7026807159423828,10000,new evaluation of the historical final checkpoint,"{""resolution"": null, ""sigma"": 0.0, ""label"": ""native""}",b69c64791e3f0cb4d0c8e0fd42894e6d2acda72631a4c8a07a9abd0c73741b8e,d3b77ef641b98e16f2417b0e3d1c76f24a2498858ece7b20e43ec2cb9f3e6f19,maxmonstre,eval,"AdamW lr 0.02, cosine, no aug, 30 ep (historical)",G
historical_adamw_30,gaussian_postrelu,1,P3,train,0.99468,0.029855636653900147,50000,new evaluation of the historical final checkpoint,"{""resolution"": null, ""sigma"": 0.0, ""label"": ""native""}",6fdc62a3ba494c4308e2d15398f01e35d7f89af093fc498f2ea24cb7949b7483,d3b77ef641b98e16f2417b0e3d1c76f24a2498858ece7b20e43ec2cb9f3e6f19,maxmonstre,eval,"AdamW lr 0.02, cosine, no aug, 30 ep (historical)",G
historical_adamw_30,gaussian_postrelu,1,P3,test,0.8344,0.7043807922363281,10000,new evaluation of the historical final checkpoint,"{""resolution"": null, ""sigma"": 0.0, ""label"": ""native""}",6fdc62a3ba494c4308e2d15398f01e35d7f89af093fc498f2ea24cb7949b7483,d3b77ef641b98e16f2417b0e3d1c76f24a2498858ece7b20e43ec2cb9f3e6f19,maxmonstre,eval,"AdamW lr 0.02, cosine, no aug, 30 ep (historical)",G
historical_adamw_30,gaussian_postrelu,2,P0,train,0.99602,0.0239141062355041,50000,reused from comparison-cbs-sdpoint (saved_native),"{""resolution"": null, ""sigma"": 0.0, ""label"": ""native""}",,7acd59744471bd6a104b1fe5d45141e3948cc87b2159c2cf4de1a0b71a752e80,maxnikezz,comparison-cbs-sdpoint,"AdamW lr 0.02, cosine, no aug, 30 ep (historical)",G
historical_adamw_30,gaussian_postrelu,2,P0,test,0.8393,0.6930372222900391,10000,reused from comparison-cbs-sdpoint (saved_native),"{""resolution"": null, ""sigma"": 0.0, ""label"": ""native""}",,7acd59744471bd6a104b1fe5d45141e3948cc87b2159c2cf4de1a0b71a752e80,maxnikezz,comparison-cbs-sdpoint,"AdamW lr 0.02, cosine, no aug, 30 ep (historical)",G
historical_adamw_30,gaussian_postrelu,2,P1,train,0.9965,0.0232221074962615,50000,reused from comparison-cbs-sdpoint (panelA),"{""resolution"": null, ""sigma"": 0.0, ""label"": ""native""}",,7acd59744471bd6a104b1fe5d45141e3948cc87b2159c2cf4de1a0b71a752e80,maxnikezz,comparison-cbs-sdpoint,"AdamW lr 0.02, cosine, no aug, 30 ep (historical)",G
historical_adamw_30,gaussian_postrelu,2,P1,test,0.8402,0.677785073852539,10000,reused from comparison-cbs-sdpoint (panelA),"{""resolution"": null, ""sigma"": 0.0, ""label"": ""native""}",,7acd59744471bd6a104b1fe5d45141e3948cc87b2159c2cf4de1a0b71a752e80,maxnikezz,comparison-cbs-sdpoint,"AdamW lr 0.02, cosine, no aug, 30 ep (historical)",G
historical_adamw_30,gaussian_postrelu,2,P2,train,0.99656,0.02282251853942871,50000,new evaluation of the historical final checkpoint,"{""resolution"": null, ""sigma"": 0.0, ""label"": ""native""}",14d2942a4c1a15eddd36ece3c0685d1d29584673d5458c446b723ee70ab94a42,7acd59744471bd6a104b1fe5d45141e3948cc87b2159c2cf4de1a0b71a752e80,maxmonstre,eval,"AdamW lr 0.02, cosine, no aug, 30 ep (historical)",G
historical_adamw_30,gaussian_postrelu,2,P2,test,0.8397,0.6837234069824218,10000,new evaluation of the historical final checkpoint,"{""resolution"": null, ""sigma"": 0.0, ""label"": ""native""}",14d2942a4c1a15eddd36ece3c0685d1d29584673d5458c446b723ee70ab94a42,7acd59744471bd6a104b1fe5d45141e3948cc87b2159c2cf4de1a0b71a752e80,maxmonstre,eval,"AdamW lr 0.02, cosine, no aug, 30 ep (historical)",G
historical_adamw_30,gaussian_postrelu,2,P3,train,0.99594,0.024094320459365846,50000,new evaluation of the historical final checkpoint,"{""resolution"": null, ""sigma"": 0.0, ""label"": ""native""}",ccf61ac5cdc2173a37e88a55fd2a3573fe2ef6c9845a78af7697af719e8465a0,7acd59744471bd6a104b1fe5d45141e3948cc87b2159c2cf4de1a0b71a752e80,maxmonstre,eval,"AdamW lr 0.02, cosine, no aug, 30 ep (historical)",G
historical_adamw_30,gaussian_postrelu,2,P3,test,0.8384,0.6851938018798828,10000,new evaluation of the historical final checkpoint,"{""resolution"": null, ""sigma"": 0.0, ""label"": ""native""}",ccf61ac5cdc2173a37e88a55fd2a3573fe2ef6c9845a78af7697af719e8465a0,7acd59744471bd6a104b1fe5d45141e3948cc87b2159c2cf4de1a0b71a752e80,maxmonstre,eval,"AdamW lr 0.02, cosine, no aug, 30 ep (historical)",G
historical_adamw_30,resolution_max_b1_gaussian_conv,0,P0,train,0.9997,0.0076115018415451,50000,reused from comparison-cbs-sdpoint (saved_native),"{""resolution"": 32, ""sigma"": 0.0, ""label"": ""native""}",,15a26ada3d32ed2cf46fec56eace11b78fed2bf45a0e7550f7d97ecd4a72d5da,maxnicaise,comparison-cbs-sdpoint,"AdamW lr 0.02, cosine, no aug, 30 ep (historical)",RG
historical_adamw_30,resolution_max_b1_gaussian_conv,0,P0,test,0.8634,0.6497211730957031,10000,reused from comparison-cbs-sdpoint (saved_native),"{""resolution"": 32, ""sigma"": 0.0, ""label"": ""native""}",,15a26ada3d32ed2cf46fec56eace11b78fed2bf45a0e7550f7d97ecd4a72d5da,maxnicaise,comparison-cbs-sdpoint,"AdamW lr 0.02, cosine, no aug, 30 ep (historical)",RG
historical_adamw_30,resolution_max_b1_gaussian_conv,0,P1,train,0.99968,0.0071988267040252,50000,reused from comparison-cbs-sdpoint (panelA),"{""resolution"": 32, ""sigma"": 0.0, ""label"": ""native""}",,15a26ada3d32ed2cf46fec56eace11b78fed2bf45a0e7550f7d97ecd4a72d5da,maxnicaise,comparison-cbs-sdpoint,"AdamW lr 0.02, cosine, no aug, 30 ep (historical)",RG
historical_adamw_30,resolution_max_b1_gaussian_conv,0,P1,test,0.8641,0.6447268173217774,10000,reused from comparison-cbs-sdpoint (panelA),"{""resolution"": 32, ""sigma"": 0.0, ""label"": ""native""}",,15a26ada3d32ed2cf46fec56eace11b78fed2bf45a0e7550f7d97ecd4a72d5da,maxnicaise,comparison-cbs-sdpoint,"AdamW lr 0.02, cosine, no aug, 30 ep (historical)",RG
historical_adamw_30,resolution_max_b1_gaussian_conv,0,P2,train,0.99968,0.007035542497634888,50000,new evaluation of the historical final checkpoint,"{""resolution"": 32, ""sigma"": 0.0, ""label"": ""native""}",6603ecc04c997089f3bf18b7ee75a3235b9d630a25c923521bea961da21e2458,15a26ada3d32ed2cf46fec56eace11b78fed2bf45a0e7550f7d97ecd4a72d5da,maxmonstre,eval,"AdamW lr 0.02, cosine, no aug, 30 ep (historical)",RG
historical_adamw_30,resolution_max_b1_gaussian_conv,0,P2,test,0.8643,0.649379135131836,10000,new evaluation of the historical final checkpoint,"{""resolution"": 32, ""sigma"": 0.0, ""label"": ""native""}",6603ecc04c997089f3bf18b7ee75a3235b9d630a25c923521bea961da21e2458,15a26ada3d32ed2cf46fec56eace11b78fed2bf45a0e7550f7d97ecd4a72d5da,maxmonstre,eval,"AdamW lr 0.02, cosine, no aug, 30 ep (historical)",RG
historical_adamw_30,resolution_max_b1_gaussian_conv,0,P3,train,0.99962,0.007583785276412964,50000,new evaluation of the historical final checkpoint,"{""resolution"": 32, ""sigma"": 0.0, ""label"": ""native""}",625bec5d6ed430bfdab07d3968363e4082396142e9016d9abc29fbe2a7a1fd16,15a26ada3d32ed2cf46fec56eace11b78fed2bf45a0e7550f7d97ecd4a72d5da,maxmonstre,eval,"AdamW lr 0.02, cosine, no aug, 30 ep (historical)",RG
historical_adamw_30,resolution_max_b1_gaussian_conv,0,P3,test,0.8624,0.6537932861328125,10000,new evaluation of the historical final checkpoint,"{""resolution"": 32, ""sigma"": 0.0, ""label"": ""native""}",625bec5d6ed430bfdab07d3968363e4082396142e9016d9abc29fbe2a7a1fd16,15a26ada3d32ed2cf46fec56eace11b78fed2bf45a0e7550f7d97ecd4a72d5da,maxmonstre,eval,"AdamW lr 0.02, cosine, no aug, 30 ep (historical)",RG
historical_adamw_30,resolution_max_b1_gaussian_conv,1,P0,train,0.99984,0.0056164533114433,50000,reused from comparison-cbs-sdpoint (saved_native),"{""resolution"": 32, ""sigma"": 0.0, ""label"": ""native""}",,268f4ce537637397631d4bf7cd9dcd1343029c51a95d9b4b6922a748ad357a9d,maxlefrr,comparison-cbs-sdpoint,"AdamW lr 0.02, cosine, no aug, 30 ep (historical)",RG
historical_adamw_30,resolution_max_b1_gaussian_conv,1,P0,test,0.8627,0.6541672653198242,10000,reused from comparison-cbs-sdpoint (saved_native),"{""resolution"": 32, ""sigma"": 0.0, ""label"": ""native""}",,268f4ce537637397631d4bf7cd9dcd1343029c51a95d9b4b6922a748ad357a9d,maxlefrr,comparison-cbs-sdpoint,"AdamW lr 0.02, cosine, no aug, 30 ep (historical)",RG
historical_adamw_30,resolution_max_b1_gaussian_conv,1,P1,train,0.9999,0.0053965057706832,50000,reused from comparison-cbs-sdpoint (panelA),"{""resolution"": 32, ""sigma"": 0.0, ""label"": ""native""}",,268f4ce537637397631d4bf7cd9dcd1343029c51a95d9b4b6922a748ad357a9d,maxlefrr,comparison-cbs-sdpoint,"AdamW lr 0.02, cosine, no aug, 30 ep (historical)",RG
historical_adamw_30,resolution_max_b1_gaussian_conv,1,P1,test,0.8648,0.6341557037353516,10000,reused from comparison-cbs-sdpoint (panelA),"{""resolution"": 32, ""sigma"": 0.0, ""label"": ""native""}",,268f4ce537637397631d4bf7cd9dcd1343029c51a95d9b4b6922a748ad357a9d,maxlefrr,comparison-cbs-sdpoint,"AdamW lr 0.02, cosine, no aug, 30 ep (historical)",RG
historical_adamw_30,resolution_max_b1_gaussian_conv,1,P2,train,0.9999,0.005237747225761414,50000,new evaluation of the historical final checkpoint,"{""resolution"": 32, ""sigma"": 0.0, ""label"": ""native""}",024670d1660e67e1bc2ecab4ebf93965c91e158181bf4d2d67f872dcca472e5c,268f4ce537637397631d4bf7cd9dcd1343029c51a95d9b4b6922a748ad357a9d,maxmonstre,eval,"AdamW lr 0.02, cosine, no aug, 30 ep (historical)",RG
historical_adamw_30,resolution_max_b1_gaussian_conv,1,P2,test,0.8647,0.6389401885986328,10000,new evaluation of the historical final checkpoint,"{""resolution"": 32, ""sigma"": 0.0, ""label"": ""native""}",024670d1660e67e1bc2ecab4ebf93965c91e158181bf4d2d67f872dcca472e5c,268f4ce537637397631d4bf7cd9dcd1343029c51a95d9b4b6922a748ad357a9d,maxmonstre,eval,"AdamW lr 0.02, cosine, no aug, 30 ep (historical)",RG
historical_adamw_30,resolution_max_b1_gaussian_conv,1,P3,train,0.99982,0.005656620087623596,50000,new evaluation of the historical final checkpoint,"{""resolution"": 32, ""sigma"": 0.0, ""label"": ""native""}",eff6e4f3149e66816a9ad36ecb1d60032d7d6f70a9be942e4e2935b1e278fdeb,268f4ce537637397631d4bf7cd9dcd1343029c51a95d9b4b6922a748ad357a9d,maxmonstre,eval,"AdamW lr 0.02, cosine, no aug, 30 ep (historical)",RG
historical_adamw_30,resolution_max_b1_gaussian_conv,1,P3,test,0.8613,0.6447781646728515,10000,new evaluation of the historical final checkpoint,"{""resolution"": 32, ""sigma"": 0.0, ""label"": ""native""}",eff6e4f3149e66816a9ad36ecb1d60032d7d6f70a9be942e4e2935b1e278fdeb,268f4ce537637397631d4bf7cd9dcd1343029c51a95d9b4b6922a748ad357a9d,maxmonstre,eval,"AdamW lr 0.02, cosine, no aug, 30 ep (historical)",RG
historical_adamw_30,resolution_max_b1_gaussian_conv,2,P0,train,0.99982,0.0052419525313377,50000,reused from comparison-cbs-sdpoint (saved_native),"{""resolution"": 32, ""sigma"": 0.0, ""label"": ""native""}",,c0a09cc738f00443f9cc3635c47a827fcc1fca5046753babe094c4fa111606f6,maxnikezz,comparison-cbs-sdpoint,"AdamW lr 0.02, cosine, no aug, 30 ep (historical)",RG
historical_adamw_30,resolution_max_b1_gaussian_conv,2,P0,test,0.8583,0.6483796844482422,10000,reused from comparison-cbs-sdpoint (saved_native),"{""resolution"": 32, ""sigma"": 0.0, ""label"": ""native""}",,c0a09cc738f00443f9cc3635c47a827fcc1fca5046753babe094c4fa111606f6,maxnikezz,comparison-cbs-sdpoint,"AdamW lr 0.02, cosine, no aug, 30 ep (historical)",RG
historical_adamw_30,resolution_max_b1_gaussian_conv,2,P1,train,0.9998,0.0050811824011802,50000,reused from comparison-cbs-sdpoint (panelA),"{""resolution"": 32, ""sigma"": 0.0, ""label"": ""native""}",,c0a09cc738f00443f9cc3635c47a827fcc1fca5046753babe094c4fa111606f6,maxnikezz,comparison-cbs-sdpoint,"AdamW lr 0.02, cosine, no aug, 30 ep (historical)",RG
historical_adamw_30,resolution_max_b1_gaussian_conv,2,P1,test,0.8583,0.641446240234375,10000,reused from comparison-cbs-sdpoint (panelA),"{""resolution"": 32, ""sigma"": 0.0, ""label"": ""native""}",,c0a09cc738f00443f9cc3635c47a827fcc1fca5046753babe094c4fa111606f6,maxnikezz,comparison-cbs-sdpoint,"AdamW lr 0.02, cosine, no aug, 30 ep (historical)",RG
historical_adamw_30,resolution_max_b1_gaussian_conv,2,P2,train,0.99982,0.0049471973371505735,50000,new evaluation of the historical final checkpoint,"{""resolution"": 32, ""sigma"": 0.0, ""label"": ""native""}",fce373ece41346f0900b6312a568e832c57d2d967498b885210f2180b70e49fc,c0a09cc738f00443f9cc3635c47a827fcc1fca5046753babe094c4fa111606f6,maxmonstre,eval,"AdamW lr 0.02, cosine, no aug, 30 ep (historical)",RG
historical_adamw_30,resolution_max_b1_gaussian_conv,2,P2,test,0.8579,0.6462398468017578,10000,new evaluation of the historical final checkpoint,"{""resolution"": 32, ""sigma"": 0.0, ""label"": ""native""}",fce373ece41346f0900b6312a568e832c57d2d967498b885210f2180b70e49fc,c0a09cc738f00443f9cc3635c47a827fcc1fca5046753babe094c4fa111606f6,maxmonstre,eval,"AdamW lr 0.02, cosine, no aug, 30 ep (historical)",RG
historical_adamw_30,resolution_max_b1_gaussian_conv,2,P3,train,0.9998,0.005175920145511628,50000,new evaluation of the historical final checkpoint,"{""resolution"": 32, ""sigma"": 0.0, ""label"": ""native""}",9c2ebc4bf780573e7329747a943e2f5169ee41e3ab5567c98e855cbe1401f95d,c0a09cc738f00443f9cc3635c47a827fcc1fca5046753babe094c4fa111606f6,maxmonstre,eval,"AdamW lr 0.02, cosine, no aug, 30 ep (historical)",RG
historical_adamw_30,resolution_max_b1_gaussian_conv,2,P3,test,0.8582,0.6561434783935547,10000,new evaluation of the historical final checkpoint,"{""resolution"": 32, ""sigma"": 0.0, ""label"": ""native""}",9c2ebc4bf780573e7329747a943e2f5169ee41e3ab5567c98e855cbe1401f95d,c0a09cc738f00443f9cc3635c47a827fcc1fca5046753babe094c4fa111606f6,maxmonstre,eval,"AdamW lr 0.02, cosine, no aug, 30 ep (historical)",RG
historical_adamw_30,cbs_published_schedule,0,P0,train,0.96372,0.1216415083312988,50000,reused from comparison-cbs-sdpoint (saved_native),"{""resolution"": null, ""sigma"": 0.5904900000000001, ""label"": ""native""}",,acf17826041e5caffb495081bd0535b0ec0fb0226dfc32db25c5569fe003436a,maxnicaise,comparison-cbs-sdpoint,"AdamW lr 0.02, cosine, no aug, 30 ep (historical)",CBS-pub
historical_adamw_30,cbs_published_schedule,0,P0,test,0.8069,0.7004058349609374,10000,reused from comparison-cbs-sdpoint (saved_native),"{""resolution"": null, ""sigma"": 0.5904900000000001, ""label"": ""native""}",,acf17826041e5caffb495081bd0535b0ec0fb0226dfc32db25c5569fe003436a,maxnicaise,comparison-cbs-sdpoint,"AdamW lr 0.02, cosine, no aug, 30 ep (historical)",CBS-pub
historical_adamw_30,cbs_published_schedule,0,P1,train,0.96474,0.1200813145446777,50000,reused from comparison-cbs-sdpoint (panelA),"{""resolution"": null, ""sigma"": 0.5904900000000001, ""label"": ""native""}",,acf17826041e5caffb495081bd0535b0ec0fb0226dfc32db25c5569fe003436a,maxnicaise,comparison-cbs-sdpoint,"AdamW lr 0.02, cosine, no aug, 30 ep (historical)",CBS-pub
historical_adamw_30,cbs_published_schedule,0,P1,test,0.8064,0.6963872680664063,10000,reused from comparison-cbs-sdpoint (panelA),"{""resolution"": null, ""sigma"": 0.5904900000000001, ""label"": ""native""}",,acf17826041e5caffb495081bd0535b0ec0fb0226dfc32db25c5569fe003436a,maxnicaise,comparison-cbs-sdpoint,"AdamW lr 0.02, cosine, no aug, 30 ep (historical)",CBS-pub
historical_adamw_30,cbs_published_schedule,0,P2,train,0.9649,0.11911451309204102,50000,new evaluation of the historical final checkpoint,"{""resolution"": null, ""sigma"": 0.5904900000000001, ""label"": ""native""}",e4de83ac71730a7a7d8f95aec358023e175d666b2ae50ed5a1b55650627dba2a,acf17826041e5caffb495081bd0535b0ec0fb0226dfc32db25c5569fe003436a,maxmonstre,eval,"AdamW lr 0.02, cosine, no aug, 30 ep (historical)",CBS-pub
historical_adamw_30,cbs_published_schedule,0,P2,test,0.8061,0.7026214416503906,10000,new evaluation of the historical final checkpoint,"{""resolution"": null, ""sigma"": 0.5904900000000001, ""label"": ""native""}",e4de83ac71730a7a7d8f95aec358023e175d666b2ae50ed5a1b55650627dba2a,acf17826041e5caffb495081bd0535b0ec0fb0226dfc32db25c5569fe003436a,maxmonstre,eval,"AdamW lr 0.02, cosine, no aug, 30 ep (historical)",CBS-pub
historical_adamw_30,cbs_published_schedule,0,P3,train,0.96366,0.12108643295288087,50000,new evaluation of the historical final checkpoint,"{""resolution"": null, ""sigma"": 0.5904900000000001, ""label"": ""native""}",156b1ece15ef63b673c9cbd039f2fce10588f54811a71ace04eaf0a7f2e036df,acf17826041e5caffb495081bd0535b0ec0fb0226dfc32db25c5569fe003436a,maxmonstre,eval,"AdamW lr 0.02, cosine, no aug, 30 ep (historical)",CBS-pub
historical_adamw_30,cbs_published_schedule,0,P3,test,0.8042,0.7094232330322265,10000,new evaluation of the historical final checkpoint,"{""resolution"": null, ""sigma"": 0.5904900000000001, ""label"": ""native""}",156b1ece15ef63b673c9cbd039f2fce10588f54811a71ace04eaf0a7f2e036df,acf17826041e5caffb495081bd0535b0ec0fb0226dfc32db25c5569fe003436a,maxmonstre,eval,"AdamW lr 0.02, cosine, no aug, 30 ep (historical)",CBS-pub
historical_adamw_30,cbs_published_schedule,1,P0,train,0.96338,0.1228381730651855,50000,reused from comparison-cbs-sdpoint (saved_native),"{""resolution"": null, ""sigma"": 0.5904900000000001, ""label"": ""native""}",,f076148c41843f0211ce742aac20b8012301f2d227e08a9625683d259140c9ba,maxlefrr,comparison-cbs-sdpoint,"AdamW lr 0.02, cosine, no aug, 30 ep (historical)",CBS-pub
historical_adamw_30,cbs_published_schedule,1,P0,test,0.7999,0.7092247772216796,10000,reused from comparison-cbs-sdpoint (saved_native),"{""resolution"": null, ""sigma"": 0.5904900000000001, ""label"": ""native""}",,f076148c41843f0211ce742aac20b8012301f2d227e08a9625683d259140c9ba,maxlefrr,comparison-cbs-sdpoint,"AdamW lr 0.02, cosine, no aug, 30 ep (historical)",CBS-pub
historical_adamw_30,cbs_published_schedule,1,P1,train,0.96462,0.1222697328186035,50000,reused from comparison-cbs-sdpoint (panelA),"{""resolution"": null, ""sigma"": 0.5904900000000001, ""label"": ""native""}",,f076148c41843f0211ce742aac20b8012301f2d227e08a9625683d259140c9ba,maxlefrr,comparison-cbs-sdpoint,"AdamW lr 0.02, cosine, no aug, 30 ep (historical)",CBS-pub
historical_adamw_30,cbs_published_schedule,1,P1,test,0.8029,0.6944550811767578,10000,reused from comparison-cbs-sdpoint (panelA),"{""resolution"": null, ""sigma"": 0.5904900000000001, ""label"": ""native""}",,f076148c41843f0211ce742aac20b8012301f2d227e08a9625683d259140c9ba,maxlefrr,comparison-cbs-sdpoint,"AdamW lr 0.02, cosine, no aug, 30 ep (historical)",CBS-pub
historical_adamw_30,cbs_published_schedule,1,P2,train,0.96454,0.12129330459594727,50000,new evaluation of the historical final checkpoint,"{""resolution"": null, ""sigma"": 0.5904900000000001, ""label"": ""native""}",8dcdcbec458669cb9d3994bea680e712afefeaac4000c5c97ddb856cf67c5f89,f076148c41843f0211ce742aac20b8012301f2d227e08a9625683d259140c9ba,maxmonstre,eval,"AdamW lr 0.02, cosine, no aug, 30 ep (historical)",CBS-pub
historical_adamw_30,cbs_published_schedule,1,P2,test,0.8028,0.7004465423583984,10000,new evaluation of the historical final checkpoint,"{""resolution"": null, ""sigma"": 0.5904900000000001, ""label"": ""native""}",8dcdcbec458669cb9d3994bea680e712afefeaac4000c5c97ddb856cf67c5f89,f076148c41843f0211ce742aac20b8012301f2d227e08a9625683d259140c9ba,maxmonstre,eval,"AdamW lr 0.02, cosine, no aug, 30 ep (historical)",CBS-pub
historical_adamw_30,cbs_published_schedule,1,P3,train,0.963,0.12414072662353516,50000,new evaluation of the historical final checkpoint,"{""resolution"": null, ""sigma"": 0.5904900000000001, ""label"": ""native""}",764d9f2d02191a2719450f43624a700616fbc73b5c0868847186ef0b636d56a0,f076148c41843f0211ce742aac20b8012301f2d227e08a9625683d259140c9ba,maxmonstre,eval,"AdamW lr 0.02, cosine, no aug, 30 ep (historical)",CBS-pub
historical_adamw_30,cbs_published_schedule,1,P3,test,0.803,0.7017023864746094,10000,new evaluation of the historical final checkpoint,"{""resolution"": null, ""sigma"": 0.5904900000000001, ""label"": ""native""}",764d9f2d02191a2719450f43624a700616fbc73b5c0868847186ef0b636d56a0,f076148c41843f0211ce742aac20b8012301f2d227e08a9625683d259140c9ba,maxmonstre,eval,"AdamW lr 0.02, cosine, no aug, 30 ep (historical)",CBS-pub
historical_adamw_30,cbs_published_schedule,2,P0,train,0.95644,0.1413022839355468,50000,reused from comparison-cbs-sdpoint (saved_native),"{""resolution"": null, ""sigma"": 0.5904900000000001, ""label"": ""native""}",,c4eb32ba86b39e4f86139f6ffb6f17c63b24ced1f8f554a65b14c282afff0bd9,maxnikezz,comparison-cbs-sdpoint,"AdamW lr 0.02, cosine, no aug, 30 ep (historical)",CBS-pub
historical_adamw_30,cbs_published_schedule,2,P0,test,0.8049,0.6799863555908203,10000,reused from comparison-cbs-sdpoint (saved_native),"{""resolution"": null, ""sigma"": 0.5904900000000001, ""label"": ""native""}",,c4eb32ba86b39e4f86139f6ffb6f17c63b24ced1f8f554a65b14c282afff0bd9,maxnikezz,comparison-cbs-sdpoint,"AdamW lr 0.02, cosine, no aug, 30 ep (historical)",CBS-pub
historical_adamw_30,cbs_published_schedule,2,P1,train,0.95816,0.1396127033233642,50000,reused from comparison-cbs-sdpoint (panelA),"{""resolution"": null, ""sigma"": 0.5904900000000001, ""label"": ""native""}",,c4eb32ba86b39e4f86139f6ffb6f17c63b24ced1f8f554a65b14c282afff0bd9,maxnikezz,comparison-cbs-sdpoint,"AdamW lr 0.02, cosine, no aug, 30 ep (historical)",CBS-pub
historical_adamw_30,cbs_published_schedule,2,P1,test,0.8074,0.6635278900146484,10000,reused from comparison-cbs-sdpoint (panelA),"{""resolution"": null, ""sigma"": 0.5904900000000001, ""label"": ""native""}",,c4eb32ba86b39e4f86139f6ffb6f17c63b24ced1f8f554a65b14c282afff0bd9,maxnikezz,comparison-cbs-sdpoint,"AdamW lr 0.02, cosine, no aug, 30 ep (historical)",CBS-pub
historical_adamw_30,cbs_published_schedule,2,P2,train,0.95814,0.1387119157409668,50000,new evaluation of the historical final checkpoint,"{""resolution"": null, ""sigma"": 0.5904900000000001, ""label"": ""native""}",1ff16ea324b831a6538dcb4c1f70dd3c4e2eca73fc836da583ddfbaa13bf5138,c4eb32ba86b39e4f86139f6ffb6f17c63b24ced1f8f554a65b14c282afff0bd9,maxmonstre,eval,"AdamW lr 0.02, cosine, no aug, 30 ep (historical)",CBS-pub
historical_adamw_30,cbs_published_schedule,2,P2,test,0.8082,0.6679833435058594,10000,new evaluation of the historical final checkpoint,"{""resolution"": null, ""sigma"": 0.5904900000000001, ""label"": ""native""}",1ff16ea324b831a6538dcb4c1f70dd3c4e2eca73fc836da583ddfbaa13bf5138,c4eb32ba86b39e4f86139f6ffb6f17c63b24ced1f8f554a65b14c282afff0bd9,maxmonstre,eval,"AdamW lr 0.02, cosine, no aug, 30 ep (historical)",CBS-pub
historical_adamw_30,cbs_published_schedule,2,P3,train,0.95678,0.1414945255279541,50000,new evaluation of the historical final checkpoint,"{""resolution"": null, ""sigma"": 0.5904900000000001, ""label"": ""native""}",0c0a42fbfe1b6481e8e89cd10dd30d786bc54a19daf486886d66b386c6393126,c4eb32ba86b39e4f86139f6ffb6f17c63b24ced1f8f554a65b14c282afff0bd9,maxmonstre,eval,"AdamW lr 0.02, cosine, no aug, 30 ep (historical)",CBS-pub
historical_adamw_30,cbs_published_schedule,2,P3,test,0.8054,0.6722868103027344,10000,new evaluation of the historical final checkpoint,"{""resolution"": null, ""sigma"": 0.5904900000000001, ""label"": ""native""}",0c0a42fbfe1b6481e8e89cd10dd30d786bc54a19daf486886d66b386c6393126,c4eb32ba86b39e4f86139f6ffb6f17c63b24ced1f8f554a65b14c282afff0bd9,maxmonstre,eval,"AdamW lr 0.02, cosine, no aug, 30 ep (historical)",CBS-pub
historical_adamw_30,cbs_budget_matched,0,P0,train,0.99996,0.0031035349428653,50000,reused from comparison-cbs-sdpoint (saved_native),"{""resolution"": null, ""sigma"": 0.0, ""label"": ""native""}",,7bf02b8d7396ad35d982e44c956d43559e926f2a5252f1aa5071a0c82453316e,maxnicaise,comparison-cbs-sdpoint,"AdamW lr 0.02, cosine, no aug, 30 ep (historical)",CBS-bm
historical_adamw_30,cbs_budget_matched,0,P0,test,0.8301,0.897450375366211,10000,reused from comparison-cbs-sdpoint (saved_native),"{""resolution"": null, ""sigma"": 0.0, ""label"": ""native""}",,7bf02b8d7396ad35d982e44c956d43559e926f2a5252f1aa5071a0c82453316e,maxnicaise,comparison-cbs-sdpoint,"AdamW lr 0.02, cosine, no aug, 30 ep (historical)",CBS-bm
historical_adamw_30,cbs_budget_matched,0,P1,train,0.99996,0.0027585373115539,50000,reused from comparison-cbs-sdpoint (panelA),"{""resolution"": null, ""sigma"": 0.0, ""label"": ""native""}",,7bf02b8d7396ad35d982e44c956d43559e926f2a5252f1aa5071a0c82453316e,maxnicaise,comparison-cbs-sdpoint,"AdamW lr 0.02, cosine, no aug, 30 ep (historical)",CBS-bm
historical_adamw_30,cbs_budget_matched,0,P1,test,0.8285,0.8954274963378906,10000,reused from comparison-cbs-sdpoint (panelA),"{""resolution"": null, ""sigma"": 0.0, ""label"": ""native""}",,7bf02b8d7396ad35d982e44c956d43559e926f2a5252f1aa5071a0c82453316e,maxnicaise,comparison-cbs-sdpoint,"AdamW lr 0.02, cosine, no aug, 30 ep (historical)",CBS-bm
historical_adamw_30,cbs_budget_matched,0,P2,train,0.99996,0.0026817444157600403,50000,new evaluation of the historical final checkpoint,"{""resolution"": null, ""sigma"": 0.0, ""label"": ""native""}",61233ce6de9cbd7e506425ebb5fdb6bcac9da1328a1783b134de772b7ecc2b9a,7bf02b8d7396ad35d982e44c956d43559e926f2a5252f1aa5071a0c82453316e,maxmonstre,eval,"AdamW lr 0.02, cosine, no aug, 30 ep (historical)",CBS-bm
historical_adamw_30,cbs_budget_matched,0,P2,test,0.8289,0.901261605834961,10000,new evaluation of the historical final checkpoint,"{""resolution"": null, ""sigma"": 0.0, ""label"": ""native""}",61233ce6de9cbd7e506425ebb5fdb6bcac9da1328a1783b134de772b7ecc2b9a,7bf02b8d7396ad35d982e44c956d43559e926f2a5252f1aa5071a0c82453316e,maxmonstre,eval,"AdamW lr 0.02, cosine, no aug, 30 ep (historical)",CBS-bm
historical_adamw_30,cbs_budget_matched,0,P3,train,0.99996,0.0027823543643951416,50000,new evaluation of the historical final checkpoint,"{""resolution"": null, ""sigma"": 0.0, ""label"": ""native""}",641d13a2ecd7f2faaec63f0d2683bfa05062ad5600a828bd90b5d0affa513779,7bf02b8d7396ad35d982e44c956d43559e926f2a5252f1aa5071a0c82453316e,maxmonstre,eval,"AdamW lr 0.02, cosine, no aug, 30 ep (historical)",CBS-bm
historical_adamw_30,cbs_budget_matched,0,P3,test,0.8288,0.9068129730224609,10000,new evaluation of the historical final checkpoint,"{""resolution"": null, ""sigma"": 0.0, ""label"": ""native""}",641d13a2ecd7f2faaec63f0d2683bfa05062ad5600a828bd90b5d0affa513779,7bf02b8d7396ad35d982e44c956d43559e926f2a5252f1aa5071a0c82453316e,maxmonstre,eval,"AdamW lr 0.02, cosine, no aug, 30 ep (historical)",CBS-bm
historical_adamw_30,cbs_budget_matched,1,P0,train,0.99998,0.0022013271212577,50000,reused from comparison-cbs-sdpoint (saved_native),"{""resolution"": null, ""sigma"": 0.0, ""label"": ""native""}",,57cc7c24e1ddd0bca397f98e0cc3b5b2ea8c81937ff3c79aa092fb9a3a261632,maxlefrr,comparison-cbs-sdpoint,"AdamW lr 0.02, cosine, no aug, 30 ep (historical)",CBS-bm
historical_adamw_30,cbs_budget_matched,1,P0,test,0.8324,0.8926022094726562,10000,reused from comparison-cbs-sdpoint (saved_native),"{""resolution"": null, ""sigma"": 0.0, ""label"": ""native""}",,57cc7c24e1ddd0bca397f98e0cc3b5b2ea8c81937ff3c79aa092fb9a3a261632,maxlefrr,comparison-cbs-sdpoint,"AdamW lr 0.02, cosine, no aug, 30 ep (historical)",CBS-bm
historical_adamw_30,cbs_budget_matched,1,P1,train,0.99998,0.0020636048495769,50000,reused from comparison-cbs-sdpoint (panelA),"{""resolution"": null, ""sigma"": 0.0, ""label"": ""native""}",,57cc7c24e1ddd0bca397f98e0cc3b5b2ea8c81937ff3c79aa092fb9a3a261632,maxlefrr,comparison-cbs-sdpoint,"AdamW lr 0.02, cosine, no aug, 30 ep (historical)",CBS-bm
historical_adamw_30,cbs_budget_matched,1,P1,test,0.8322,0.8745873321533203,10000,reused from comparison-cbs-sdpoint (panelA),"{""resolution"": null, ""sigma"": 0.0, ""label"": ""native""}",,57cc7c24e1ddd0bca397f98e0cc3b5b2ea8c81937ff3c79aa092fb9a3a261632,maxlefrr,comparison-cbs-sdpoint,"AdamW lr 0.02, cosine, no aug, 30 ep (historical)",CBS-bm
historical_adamw_30,cbs_budget_matched,1,P2,train,0.99998,0.0019924288547039032,50000,new evaluation of the historical final checkpoint,"{""resolution"": null, ""sigma"": 0.0, ""label"": ""native""}",a5ee645d2d94eff17539d775749b2a778c0ad637b4e3c07fb2c584fbe9e9f06b,57cc7c24e1ddd0bca397f98e0cc3b5b2ea8c81937ff3c79aa092fb9a3a261632,maxmonstre,eval,"AdamW lr 0.02, cosine, no aug, 30 ep (historical)",CBS-bm
historical_adamw_30,cbs_budget_matched,1,P2,test,0.8321,0.881490072631836,10000,new evaluation of the historical final checkpoint,"{""resolution"": null, ""sigma"": 0.0, ""label"": ""native""}",a5ee645d2d94eff17539d775749b2a778c0ad637b4e3c07fb2c584fbe9e9f06b,57cc7c24e1ddd0bca397f98e0cc3b5b2ea8c81937ff3c79aa092fb9a3a261632,maxmonstre,eval,"AdamW lr 0.02, cosine, no aug, 30 ep (historical)",CBS-bm
historical_adamw_30,cbs_budget_matched,1,P3,train,0.99996,0.0022027225410938263,50000,new evaluation of the historical final checkpoint,"{""resolution"": null, ""sigma"": 0.0, ""label"": ""native""}",286f548ee9e40ce5b2fa4b99f322b7767cf1437f259522fa6c98e17e3d62d04a,57cc7c24e1ddd0bca397f98e0cc3b5b2ea8c81937ff3c79aa092fb9a3a261632,maxmonstre,eval,"AdamW lr 0.02, cosine, no aug, 30 ep (historical)",CBS-bm
historical_adamw_30,cbs_budget_matched,1,P3,test,0.8313,0.8919407073974609,10000,new evaluation of the historical final checkpoint,"{""resolution"": null, ""sigma"": 0.0, ""label"": ""native""}",286f548ee9e40ce5b2fa4b99f322b7767cf1437f259522fa6c98e17e3d62d04a,57cc7c24e1ddd0bca397f98e0cc3b5b2ea8c81937ff3c79aa092fb9a3a261632,maxmonstre,eval,"AdamW lr 0.02, cosine, no aug, 30 ep (historical)",CBS-bm
historical_adamw_30,cbs_budget_matched,2,P0,train,0.99996,0.0023220164728164,50000,reused from comparison-cbs-sdpoint (saved_native),"{""resolution"": null, ""sigma"": 0.0, ""label"": ""native""}",,eecc837d4913e60bd6070e7cf707c69700606feef79c0de42bbb7f634051db62,maxnikezz,comparison-cbs-sdpoint,"AdamW lr 0.02, cosine, no aug, 30 ep (historical)",CBS-bm
historical_adamw_30,cbs_budget_matched,2,P0,test,0.8334,0.8907222412109375,10000,reused from comparison-cbs-sdpoint (saved_native),"{""resolution"": null, ""sigma"": 0.0, ""label"": ""native""}",,eecc837d4913e60bd6070e7cf707c69700606feef79c0de42bbb7f634051db62,maxnikezz,comparison-cbs-sdpoint,"AdamW lr 0.02, cosine, no aug, 30 ep (historical)",CBS-bm
historical_adamw_30,cbs_budget_matched,2,P1,train,0.99998,0.0023040689337253,50000,reused from comparison-cbs-sdpoint (panelA),"{""resolution"": null, ""sigma"": 0.0, ""label"": ""native""}",,eecc837d4913e60bd6070e7cf707c69700606feef79c0de42bbb7f634051db62,maxnikezz,comparison-cbs-sdpoint,"AdamW lr 0.02, cosine, no aug, 30 ep (historical)",CBS-bm
historical_adamw_30,cbs_budget_matched,2,P1,test,0.8361,0.8698068664550781,10000,reused from comparison-cbs-sdpoint (panelA),"{""resolution"": null, ""sigma"": 0.0, ""label"": ""native""}",,eecc837d4913e60bd6070e7cf707c69700606feef79c0de42bbb7f634051db62,maxnikezz,comparison-cbs-sdpoint,"AdamW lr 0.02, cosine, no aug, 30 ep (historical)",CBS-bm
historical_adamw_30,cbs_budget_matched,2,P2,train,0.99998,0.0022389966773986815,50000,new evaluation of the historical final checkpoint,"{""resolution"": null, ""sigma"": 0.0, ""label"": ""native""}",b25addab3df18062f8b9e45e46bc7244d43acdc7cb4bc96fc4994d367332b14c,eecc837d4913e60bd6070e7cf707c69700606feef79c0de42bbb7f634051db62,maxmonstre,eval,"AdamW lr 0.02, cosine, no aug, 30 ep (historical)",CBS-bm
historical_adamw_30,cbs_budget_matched,2,P2,test,0.8355,0.8768181182861328,10000,new evaluation of the historical final checkpoint,"{""resolution"": null, ""sigma"": 0.0, ""label"": ""native""}",b25addab3df18062f8b9e45e46bc7244d43acdc7cb4bc96fc4994d367332b14c,eecc837d4913e60bd6070e7cf707c69700606feef79c0de42bbb7f634051db62,maxmonstre,eval,"AdamW lr 0.02, cosine, no aug, 30 ep (historical)",CBS-bm
historical_adamw_30,cbs_budget_matched,2,P3,train,0.99996,0.0025947081995010375,50000,new evaluation of the historical final checkpoint,"{""resolution"": null, ""sigma"": 0.0, ""label"": ""native""}",d6ce2345a42aec83c3a44588781d77eab082c00bd542c87cf640a5376ba7b8b6,eecc837d4913e60bd6070e7cf707c69700606feef79c0de42bbb7f634051db62,maxmonstre,eval,"AdamW lr 0.02, cosine, no aug, 30 ep (historical)",CBS-bm
historical_adamw_30,cbs_budget_matched,2,P3,test,0.836,0.8817227416992187,10000,new evaluation of the historical final checkpoint,"{""resolution"": null, ""sigma"": 0.0, ""label"": ""native""}",d6ce2345a42aec83c3a44588781d77eab082c00bd542c87cf640a5376ba7b8b6,eecc837d4913e60bd6070e7cf707c69700606feef79c0de42bbb7f634051db62,maxmonstre,eval,"AdamW lr 0.02, cosine, no aug, 30 ep (historical)",CBS-bm
historical_adamw_30,sdpoint,0,P0,train,0.9554,0.1305387070465088,50000,reused from comparison-cbs-sdpoint (saved_native),"{""resolution"": null, ""sigma"": null, ""label"": ""native"", ""sd_point"": 0, ""sd_ratio"": null}",,dcc60257a43b2abe7597cfe35b872f6250db8c66bd0c225215000e553c309049,maxnicaise,comparison-cbs-sdpoint,"AdamW lr 0.02, cosine, no aug, 30 ep (historical)",SDPoint
historical_adamw_30,sdpoint,0,P0,test,0.867,0.4227607025146484,10000,reused from comparison-cbs-sdpoint (saved_native),"{""resolution"": null, ""sigma"": null, ""label"": ""native"", ""sd_point"": 0, ""sd_ratio"": null}",,dcc60257a43b2abe7597cfe35b872f6250db8c66bd0c225215000e553c309049,maxnicaise,comparison-cbs-sdpoint,"AdamW lr 0.02, cosine, no aug, 30 ep (historical)",SDPoint
historical_adamw_30,sdpoint,0,P1,train,0.96576,0.1095106439208984,50000,reused from comparison-cbs-sdpoint (panelA),"{""resolution"": null, ""sigma"": null, ""label"": ""native"", ""sd_point"": 0, ""sd_ratio"": null}",,dcc60257a43b2abe7597cfe35b872f6250db8c66bd0c225215000e553c309049,maxnicaise,comparison-cbs-sdpoint,"AdamW lr 0.02, cosine, no aug, 30 ep (historical)",SDPoint
historical_adamw_30,sdpoint,0,P1,test,0.8766,0.3796983901977539,10000,reused from comparison-cbs-sdpoint (panelA),"{""resolution"": null, ""sigma"": null, ""label"": ""native"", ""sd_point"": 0, ""sd_ratio"": null}",,dcc60257a43b2abe7597cfe35b872f6250db8c66bd0c225215000e553c309049,maxnicaise,comparison-cbs-sdpoint,"AdamW lr 0.02, cosine, no aug, 30 ep (historical)",SDPoint
historical_adamw_30,sdpoint,0,P2,train,0.96584,0.10899711708068847,50000,new evaluation of the historical final checkpoint,"{""resolution"": null, ""sigma"": null, ""label"": ""native"", ""sd_point"": 0, ""sd_ratio"": null}",302bfcad684e5e0073383f62630acea6ab9c76e2aefdeefa994d0265cac1a4dc,dcc60257a43b2abe7597cfe35b872f6250db8c66bd0c225215000e553c309049,maxmonstre,eval,"AdamW lr 0.02, cosine, no aug, 30 ep (historical)",SDPoint
historical_adamw_30,sdpoint,0,P2,test,0.8771,0.38084915618896487,10000,new evaluation of the historical final checkpoint,"{""resolution"": null, ""sigma"": null, ""label"": ""native"", ""sd_point"": 0, ""sd_ratio"": null}",302bfcad684e5e0073383f62630acea6ab9c76e2aefdeefa994d0265cac1a4dc,dcc60257a43b2abe7597cfe35b872f6250db8c66bd0c225215000e553c309049,maxmonstre,eval,"AdamW lr 0.02, cosine, no aug, 30 ep (historical)",SDPoint
historical_adamw_30,sdpoint,0,P3,train,0.96446,0.11140810798645019,50000,new evaluation of the historical final checkpoint,"{""resolution"": null, ""sigma"": null, ""label"": ""native"", ""sd_point"": 0, ""sd_ratio"": null}",1ee5fb12c4cffb22225ad81b93da065692647bbc99772a2a0e94987f74c74740,dcc60257a43b2abe7597cfe35b872f6250db8c66bd0c225215000e553c309049,maxmonstre,eval,"AdamW lr 0.02, cosine, no aug, 30 ep (historical)",SDPoint
historical_adamw_30,sdpoint,0,P3,test,0.8773,0.3833938766479492,10000,new evaluation of the historical final checkpoint,"{""resolution"": null, ""sigma"": null, ""label"": ""native"", ""sd_point"": 0, ""sd_ratio"": null}",1ee5fb12c4cffb22225ad81b93da065692647bbc99772a2a0e94987f74c74740,dcc60257a43b2abe7597cfe35b872f6250db8c66bd0c225215000e553c309049,maxmonstre,eval,"AdamW lr 0.02, cosine, no aug, 30 ep (historical)",SDPoint
historical_adamw_30,sdpoint,1,P0,train,0.94958,0.1442406172180176,50000,reused from comparison-cbs-sdpoint (saved_native),"{""resolution"": null, ""sigma"": null, ""label"": ""native"", ""sd_point"": 0, ""sd_ratio"": null}",,d9c5635925a1f5913c31099065375104549f3e764a22f20a25d53410d884d75e,maxlefrr,comparison-cbs-sdpoint,"AdamW lr 0.02, cosine, no aug, 30 ep (historical)",SDPoint
historical_adamw_30,sdpoint,1,P0,test,0.8582,0.4493821853637695,10000,reused from comparison-cbs-sdpoint (saved_native),"{""resolution"": null, ""sigma"": null, ""label"": ""native"", ""sd_point"": 0, ""sd_ratio"": null}",,d9c5635925a1f5913c31099065375104549f3e764a22f20a25d53410d884d75e,maxlefrr,comparison-cbs-sdpoint,"AdamW lr 0.02, cosine, no aug, 30 ep (historical)",SDPoint
historical_adamw_30,sdpoint,1,P1,train,0.96198,0.1200265966796875,50000,reused from comparison-cbs-sdpoint (panelA),"{""resolution"": null, ""sigma"": null, ""label"": ""native"", ""sd_point"": 0, ""sd_ratio"": null}",,d9c5635925a1f5913c31099065375104549f3e764a22f20a25d53410d884d75e,maxlefrr,comparison-cbs-sdpoint,"AdamW lr 0.02, cosine, no aug, 30 ep (historical)",SDPoint
historical_adamw_30,sdpoint,1,P1,test,0.8694,0.3940229309082031,10000,reused from comparison-cbs-sdpoint (panelA),"{""resolution"": null, ""sigma"": null, ""label"": ""native"", ""sd_point"": 0, ""sd_ratio"": null}",,d9c5635925a1f5913c31099065375104549f3e764a22f20a25d53410d884d75e,maxlefrr,comparison-cbs-sdpoint,"AdamW lr 0.02, cosine, no aug, 30 ep (historical)",SDPoint
historical_adamw_30,sdpoint,1,P2,train,0.962,0.11954605644226074,50000,new evaluation of the historical final checkpoint,"{""resolution"": null, ""sigma"": null, ""label"": ""native"", ""sd_point"": 0, ""sd_ratio"": null}",82fd5ee03265c5a946ef1d0f8708741e38011f8f701132fe78bc1af156041ec3,d9c5635925a1f5913c31099065375104549f3e764a22f20a25d53410d884d75e,maxmonstre,eval,"AdamW lr 0.02, cosine, no aug, 30 ep (historical)",SDPoint
historical_adamw_30,sdpoint,1,P2,test,0.8695,0.39502571868896486,10000,new evaluation of the historical final checkpoint,"{""resolution"": null, ""sigma"": null, ""label"": ""native"", ""sd_point"": 0, ""sd_ratio"": null}",82fd5ee03265c5a946ef1d0f8708741e38011f8f701132fe78bc1af156041ec3,d9c5635925a1f5913c31099065375104549f3e764a22f20a25d53410d884d75e,maxmonstre,eval,"AdamW lr 0.02, cosine, no aug, 30 ep (historical)",SDPoint
historical_adamw_30,sdpoint,1,P3,train,0.96052,0.1213460824584961,50000,new evaluation of the historical final checkpoint,"{""resolution"": null, ""sigma"": null, ""label"": ""native"", ""sd_point"": 0, ""sd_ratio"": null}",933110ffe9c315513e0750085e33bd1e3bd80b1f6f39dd11fe6bf504c60db0f0,d9c5635925a1f5913c31099065375104549f3e764a22f20a25d53410d884d75e,maxmonstre,eval,"AdamW lr 0.02, cosine, no aug, 30 ep (historical)",SDPoint
historical_adamw_30,sdpoint,1,P3,test,0.8681,0.3976663024902344,10000,new evaluation of the historical final checkpoint,"{""resolution"": null, ""sigma"": null, ""label"": ""native"", ""sd_point"": 0, ""sd_ratio"": null}",933110ffe9c315513e0750085e33bd1e3bd80b1f6f39dd11fe6bf504c60db0f0,d9c5635925a1f5913c31099065375104549f3e764a22f20a25d53410d884d75e,maxmonstre,eval,"AdamW lr 0.02, cosine, no aug, 30 ep (historical)",SDPoint
historical_adamw_30,sdpoint,2,P0,train,0.93996,0.1681649322509765,50000,reused from comparison-cbs-sdpoint (saved_native),"{""resolution"": null, ""sigma"": null, ""label"": ""native"", ""sd_point"": 0, ""sd_ratio"": null}",,f97876761c9660beade1bebcad3d3371f4a6da475266adb1b9ee8531dcbb92ea,maxnikezz,comparison-cbs-sdpoint,"AdamW lr 0.02, cosine, no aug, 30 ep (historical)",SDPoint
historical_adamw_30,sdpoint,2,P0,test,0.8534,0.4998555694580078,10000,reused from comparison-cbs-sdpoint (saved_native),"{""resolution"": null, ""sigma"": null, ""label"": ""native"", ""sd_point"": 0, ""sd_ratio"": null}",,f97876761c9660beade1bebcad3d3371f4a6da475266adb1b9ee8531dcbb92ea,maxnikezz,comparison-cbs-sdpoint,"AdamW lr 0.02, cosine, no aug, 30 ep (historical)",SDPoint
historical_adamw_30,sdpoint,2,P1,train,0.96582,0.1048007408142089,50000,reused from comparison-cbs-sdpoint (panelA),"{""resolution"": null, ""sigma"": null, ""label"": ""native"", ""sd_point"": 0, ""sd_ratio"": null}",,f97876761c9660beade1bebcad3d3371f4a6da475266adb1b9ee8531dcbb92ea,maxnikezz,comparison-cbs-sdpoint,"AdamW lr 0.02, cosine, no aug, 30 ep (historical)",SDPoint
historical_adamw_30,sdpoint,2,P1,test,0.8811,0.3849939895629883,10000,reused from comparison-cbs-sdpoint (panelA),"{""resolution"": null, ""sigma"": null, ""label"": ""native"", ""sd_point"": 0, ""sd_ratio"": null}",,f97876761c9660beade1bebcad3d3371f4a6da475266adb1b9ee8531dcbb92ea,maxnikezz,comparison-cbs-sdpoint,"AdamW lr 0.02, cosine, no aug, 30 ep (historical)",SDPoint
historical_adamw_30,sdpoint,2,P2,train,0.96586,0.1042612181854248,50000,new evaluation of the historical final checkpoint,"{""resolution"": null, ""sigma"": null, ""label"": ""native"", ""sd_point"": 0, ""sd_ratio"": null}",d75c038b9b76a17614ea823c7380eb84cf80691a7f434d38b507a319a7a47f02,f97876761c9660beade1bebcad3d3371f4a6da475266adb1b9ee8531dcbb92ea,maxmonstre,eval,"AdamW lr 0.02, cosine, no aug, 30 ep (historical)",SDPoint
historical_adamw_30,sdpoint,2,P2,test,0.8811,0.3862884826660156,10000,new evaluation of the historical final checkpoint,"{""resolution"": null, ""sigma"": null, ""label"": ""native"", ""sd_point"": 0, ""sd_ratio"": null}",d75c038b9b76a17614ea823c7380eb84cf80691a7f434d38b507a319a7a47f02,f97876761c9660beade1bebcad3d3371f4a6da475266adb1b9ee8531dcbb92ea,maxmonstre,eval,"AdamW lr 0.02, cosine, no aug, 30 ep (historical)",SDPoint
historical_adamw_30,sdpoint,2,P3,train,0.96558,0.10534500946044922,50000,new evaluation of the historical final checkpoint,"{""resolution"": null, ""sigma"": null, ""label"": ""native"", ""sd_point"": 0, ""sd_ratio"": null}",e25ca44965f89c6f2ef6659b9a8485026dff74999f5889ff8bdd51196c61547e,f97876761c9660beade1bebcad3d3371f4a6da475266adb1b9ee8531dcbb92ea,maxmonstre,eval,"AdamW lr 0.02, cosine, no aug, 30 ep (historical)",SDPoint
historical_adamw_30,sdpoint,2,P3,test,0.8797,0.3896180633544922,10000,new evaluation of the historical final checkpoint,"{""resolution"": null, ""sigma"": null, ""label"": ""native"", ""sd_point"": 0, ""sd_ratio"": null}",e25ca44965f89c6f2ef6659b9a8485026dff74999f5889ff8bdd51196c61547e,f97876761c9660beade1bebcad3d3371f4a6da475266adb1b9ee8531dcbb92ea,maxmonstre,eval,"AdamW lr 0.02, cosine, no aug, 30 ep (historical)",SDPoint
historical_sgd_30,plain,0,P0,train,0.93454,0.2273749816894531,50000,reused from comparison-cbs-sdpoint (saved_native),"{""resolution"": null, ""sigma"": null, ""label"": ""native""}",,912695496845934775ee1283212a857ceecc718f49b7044a4fdffa3d44d3b324,maximemonstrenikez,comparison-cbs-sdpoint,"SGD lr 0.005, cosine, no aug, 30 ep (historical)",Plain
historical_sgd_30,plain,0,P0,test,0.7453,0.7731327758789063,10000,reused from comparison-cbs-sdpoint (saved_native),"{""resolution"": null, ""sigma"": null, ""label"": ""native""}",,912695496845934775ee1283212a857ceecc718f49b7044a4fdffa3d44d3b324,maximemonstrenikez,comparison-cbs-sdpoint,"SGD lr 0.005, cosine, no aug, 30 ep (historical)",Plain
historical_sgd_30,plain,0,P1,train,0.9359,0.2245521604919433,50000,reused from comparison-cbs-sdpoint (panelA),"{""resolution"": null, ""sigma"": null, ""label"": ""native""}",,912695496845934775ee1283212a857ceecc718f49b7044a4fdffa3d44d3b324,maximemonstrenikez,comparison-cbs-sdpoint,"SGD lr 0.005, cosine, no aug, 30 ep (historical)",Plain
historical_sgd_30,plain,0,P1,test,0.7452,0.7711591278076172,10000,reused from comparison-cbs-sdpoint (panelA),"{""resolution"": null, ""sigma"": null, ""label"": ""native""}",,912695496845934775ee1283212a857ceecc718f49b7044a4fdffa3d44d3b324,maximemonstrenikez,comparison-cbs-sdpoint,"SGD lr 0.005, cosine, no aug, 30 ep (historical)",Plain
historical_sgd_30,plain,0,P2,train,0.93628,0.22335205154418944,50000,new evaluation of the historical final checkpoint,"{""resolution"": null, ""sigma"": null, ""label"": ""native""}",ad201f3e6ecc44bb412255888ec46099b5827e4bd0691593f728c0045848d96d,912695496845934775ee1283212a857ceecc718f49b7044a4fdffa3d44d3b324,maxmonstre,eval,"SGD lr 0.005, cosine, no aug, 30 ep (historical)",Plain
historical_sgd_30,plain,0,P2,test,0.7449,0.7733511535644532,10000,new evaluation of the historical final checkpoint,"{""resolution"": null, ""sigma"": null, ""label"": ""native""}",ad201f3e6ecc44bb412255888ec46099b5827e4bd0691593f728c0045848d96d,912695496845934775ee1283212a857ceecc718f49b7044a4fdffa3d44d3b324,maxmonstre,eval,"SGD lr 0.005, cosine, no aug, 30 ep (historical)",Plain
historical_sgd_30,plain,0,P3,train,0.93524,0.2262405891418457,50000,new evaluation of the historical final checkpoint,"{""resolution"": null, ""sigma"": null, ""label"": ""native""}",a0c550aae5f7a97111ab659aada6f141c0c08f4086b30ca022cc0f2cb60cf89a,912695496845934775ee1283212a857ceecc718f49b7044a4fdffa3d44d3b324,maxmonstre,eval,"SGD lr 0.005, cosine, no aug, 30 ep (historical)",Plain
historical_sgd_30,plain,0,P3,test,0.7437,0.7782350280761718,10000,new evaluation of the historical final checkpoint,"{""resolution"": null, ""sigma"": null, ""label"": ""native""}",a0c550aae5f7a97111ab659aada6f141c0c08f4086b30ca022cc0f2cb60cf89a,912695496845934775ee1283212a857ceecc718f49b7044a4fdffa3d44d3b324,maxmonstre,eval,"SGD lr 0.005, cosine, no aug, 30 ep (historical)",Plain
historical_sgd_30,plain,1,P0,train,0.94324,0.203640394744873,50000,reused from comparison-cbs-sdpoint (saved_native),"{""resolution"": null, ""sigma"": null, ""label"": ""native""}",,9e558ec9f5174e4f3c47df78ca5df5cbe271d4ae95a6aef07a7c3c533b225983,maxlebossdu91,comparison-cbs-sdpoint,"SGD lr 0.005, cosine, no aug, 30 ep (historical)",Plain
historical_sgd_30,plain,1,P0,test,0.7565,0.7512493560791016,10000,reused from comparison-cbs-sdpoint (saved_native),"{""resolution"": null, ""sigma"": null, ""label"": ""native""}",,9e558ec9f5174e4f3c47df78ca5df5cbe271d4ae95a6aef07a7c3c533b225983,maxlebossdu91,comparison-cbs-sdpoint,"SGD lr 0.005, cosine, no aug, 30 ep (historical)",Plain
historical_sgd_30,plain,1,P1,train,0.94486,0.2035434054565429,50000,reused from comparison-cbs-sdpoint (panelA),"{""resolution"": null, ""sigma"": null, ""label"": ""native""}",,9e558ec9f5174e4f3c47df78ca5df5cbe271d4ae95a6aef07a7c3c533b225983,maxlebossdu91,comparison-cbs-sdpoint,"SGD lr 0.005, cosine, no aug, 30 ep (historical)",Plain
historical_sgd_30,plain,1,P1,test,0.757,0.7449785186767578,10000,reused from comparison-cbs-sdpoint (panelA),"{""resolution"": null, ""sigma"": null, ""label"": ""native""}",,9e558ec9f5174e4f3c47df78ca5df5cbe271d4ae95a6aef07a7c3c533b225983,maxlebossdu91,comparison-cbs-sdpoint,"SGD lr 0.005, cosine, no aug, 30 ep (historical)",Plain
historical_sgd_30,plain,1,P2,train,0.94492,0.2023089012145996,50000,new evaluation of the historical final checkpoint,"{""resolution"": null, ""sigma"": null, ""label"": ""native""}",f17c1193b21a1703f6f4e8f2a2f6d9aa525ef94fd18567bdd7321eca4b2ddb0d,9e558ec9f5174e4f3c47df78ca5df5cbe271d4ae95a6aef07a7c3c533b225983,maxmonstre,eval,"SGD lr 0.005, cosine, no aug, 30 ep (historical)",Plain
historical_sgd_30,plain,1,P2,test,0.757,0.7470961303710938,10000,new evaluation of the historical final checkpoint,"{""resolution"": null, ""sigma"": null, ""label"": ""native""}",f17c1193b21a1703f6f4e8f2a2f6d9aa525ef94fd18567bdd7321eca4b2ddb0d,9e558ec9f5174e4f3c47df78ca5df5cbe271d4ae95a6aef07a7c3c533b225983,maxmonstre,eval,"SGD lr 0.005, cosine, no aug, 30 ep (historical)",Plain
historical_sgd_30,plain,1,P3,train,0.9429,0.20530265563964845,50000,new evaluation of the historical final checkpoint,"{""resolution"": null, ""sigma"": null, ""label"": ""native""}",a681da4a8bd4028e399f48ef87960e4a882cab3761e3fcb4c9e857e68f8ce9c7,9e558ec9f5174e4f3c47df78ca5df5cbe271d4ae95a6aef07a7c3c533b225983,maxmonstre,eval,"SGD lr 0.005, cosine, no aug, 30 ep (historical)",Plain
historical_sgd_30,plain,1,P3,test,0.7569,0.7511892944335937,10000,new evaluation of the historical final checkpoint,"{""resolution"": null, ""sigma"": null, ""label"": ""native""}",a681da4a8bd4028e399f48ef87960e4a882cab3761e3fcb4c9e857e68f8ce9c7,9e558ec9f5174e4f3c47df78ca5df5cbe271d4ae95a6aef07a7c3c533b225983,maxmonstre,eval,"SGD lr 0.005, cosine, no aug, 30 ep (historical)",Plain
historical_sgd_30,plain,2,P0,train,0.95142,0.1843990788269043,50000,reused from comparison-cbs-sdpoint (saved_native),"{""resolution"": null, ""sigma"": null, ""label"": ""native""}",,05c92855a89d14504c941532bc8390c07e6f9d9c700a88e1fd2693ea06693e71,maxlebossdu91,comparison-cbs-sdpoint,"SGD lr 0.005, cosine, no aug, 30 ep (historical)",Plain
historical_sgd_30,plain,2,P0,test,0.7624,0.751594076538086,10000,reused from comparison-cbs-sdpoint (saved_native),"{""resolution"": null, ""sigma"": null, ""label"": ""native""}",,05c92855a89d14504c941532bc8390c07e6f9d9c700a88e1fd2693ea06693e71,maxlebossdu91,comparison-cbs-sdpoint,"SGD lr 0.005, cosine, no aug, 30 ep (historical)",Plain
historical_sgd_30,plain,2,P1,train,0.95278,0.1831594326782226,50000,reused from comparison-cbs-sdpoint (panelA),"{""resolution"": null, ""sigma"": null, ""label"": ""native""}",,05c92855a89d14504c941532bc8390c07e6f9d9c700a88e1fd2693ea06693e71,maxlebossdu91,comparison-cbs-sdpoint,"SGD lr 0.005, cosine, no aug, 30 ep (historical)",Plain
historical_sgd_30,plain,2,P1,test,0.7616,0.7441833709716796,10000,reused from comparison-cbs-sdpoint (panelA),"{""resolution"": null, ""sigma"": null, ""label"": ""native""}",,05c92855a89d14504c941532bc8390c07e6f9d9c700a88e1fd2693ea06693e71,maxlebossdu91,comparison-cbs-sdpoint,"SGD lr 0.005, cosine, no aug, 30 ep (historical)",Plain
historical_sgd_30,plain,2,P2,train,0.9527,0.18198420989990235,50000,new evaluation of the historical final checkpoint,"{""resolution"": null, ""sigma"": null, ""label"": ""native""}",4f9ed26f782e8a01c26c336a59e23e092726321dc342d22f97a5e994f0ba01c5,05c92855a89d14504c941532bc8390c07e6f9d9c700a88e1fd2693ea06693e71,maxmonstre,eval,"SGD lr 0.005, cosine, no aug, 30 ep (historical)",Plain
historical_sgd_30,plain,2,P2,test,0.7619,0.746627896118164,10000,new evaluation of the historical final checkpoint,"{""resolution"": null, ""sigma"": null, ""label"": ""native""}",4f9ed26f782e8a01c26c336a59e23e092726321dc342d22f97a5e994f0ba01c5,05c92855a89d14504c941532bc8390c07e6f9d9c700a88e1fd2693ea06693e71,maxmonstre,eval,"SGD lr 0.005, cosine, no aug, 30 ep (historical)",Plain
historical_sgd_30,plain,2,P3,train,0.95038,0.1868057078552246,50000,new evaluation of the historical final checkpoint,"{""resolution"": null, ""sigma"": null, ""label"": ""native""}",6b63ba80519308acf0d3a56534a631940e1811742b57fc24ee6c0ffbf3846403,05c92855a89d14504c941532bc8390c07e6f9d9c700a88e1fd2693ea06693e71,maxmonstre,eval,"SGD lr 0.005, cosine, no aug, 30 ep (historical)",Plain
historical_sgd_30,plain,2,P3,test,0.7624,0.7510792999267578,10000,new evaluation of the historical final checkpoint,"{""resolution"": null, ""sigma"": null, ""label"": ""native""}",6b63ba80519308acf0d3a56534a631940e1811742b57fc24ee6c0ffbf3846403,05c92855a89d14504c941532bc8390c07e6f9d9c700a88e1fd2693ea06693e71,maxmonstre,eval,"SGD lr 0.005, cosine, no aug, 30 ep (historical)",Plain
historical_sgd_30,resolution_max_b1,0,P0,train,0.9005,0.3138185397338867,50000,reused from comparison-cbs-sdpoint (saved_native),"{""resolution"": 32, ""sigma"": null, ""label"": ""native""}",,687d40baae504b1e840be8be92f71dc22b240d8215f28be311693a48873c0bb1,maximemonstrenikez,comparison-cbs-sdpoint,"SGD lr 0.005, cosine, no aug, 30 ep (historical)",R
historical_sgd_30,resolution_max_b1,0,P0,test,0.8031,0.5855790832519531,10000,reused from comparison-cbs-sdpoint (saved_native),"{""resolution"": 32, ""sigma"": null, ""label"": ""native""}",,687d40baae504b1e840be8be92f71dc22b240d8215f28be311693a48873c0bb1,maximemonstrenikez,comparison-cbs-sdpoint,"SGD lr 0.005, cosine, no aug, 30 ep (historical)",R
historical_sgd_30,resolution_max_b1,0,P1,train,0.90184,0.3102699114990234,50000,reused from comparison-cbs-sdpoint (panelA),"{""resolution"": 32, ""sigma"": null, ""label"": ""native""}",,687d40baae504b1e840be8be92f71dc22b240d8215f28be311693a48873c0bb1,maximemonstrenikez,comparison-cbs-sdpoint,"SGD lr 0.005, cosine, no aug, 30 ep (historical)",R
historical_sgd_30,resolution_max_b1,0,P1,test,0.8034,0.5830239868164062,10000,reused from comparison-cbs-sdpoint (panelA),"{""resolution"": 32, ""sigma"": null, ""label"": ""native""}",,687d40baae504b1e840be8be92f71dc22b240d8215f28be311693a48873c0bb1,maximemonstrenikez,comparison-cbs-sdpoint,"SGD lr 0.005, cosine, no aug, 30 ep (historical)",R
historical_sgd_30,resolution_max_b1,0,P2,train,0.90196,0.30919642822265625,50000,new evaluation of the historical final checkpoint,"{""resolution"": 32, ""sigma"": null, ""label"": ""native""}",61546415939567ead1a4bb82f527c37e5887e0e27f64f0933362b7baf08daca6,687d40baae504b1e840be8be92f71dc22b240d8215f28be311693a48873c0bb1,maxmonstre,eval,"SGD lr 0.005, cosine, no aug, 30 ep (historical)",R
historical_sgd_30,resolution_max_b1,0,P2,test,0.8034,0.5838640991210937,10000,new evaluation of the historical final checkpoint,"{""resolution"": 32, ""sigma"": null, ""label"": ""native""}",61546415939567ead1a4bb82f527c37e5887e0e27f64f0933362b7baf08daca6,687d40baae504b1e840be8be92f71dc22b240d8215f28be311693a48873c0bb1,maxmonstre,eval,"SGD lr 0.005, cosine, no aug, 30 ep (historical)",R
historical_sgd_30,resolution_max_b1,0,P3,train,0.90052,0.31076188049316406,50000,new evaluation of the historical final checkpoint,"{""resolution"": 32, ""sigma"": null, ""label"": ""native""}",2736e74c2e37736b953c2d2d3c8c3631d1ce21596d76d522dd6f5c53db2ec7fb,687d40baae504b1e840be8be92f71dc22b240d8215f28be311693a48873c0bb1,maxmonstre,eval,"SGD lr 0.005, cosine, no aug, 30 ep (historical)",R
historical_sgd_30,resolution_max_b1,0,P3,test,0.8018,0.5876644775390625,10000,new evaluation of the historical final checkpoint,"{""resolution"": 32, ""sigma"": null, ""label"": ""native""}",2736e74c2e37736b953c2d2d3c8c3631d1ce21596d76d522dd6f5c53db2ec7fb,687d40baae504b1e840be8be92f71dc22b240d8215f28be311693a48873c0bb1,maxmonstre,eval,"SGD lr 0.005, cosine, no aug, 30 ep (historical)",R
historical_sgd_30,resolution_max_b1,1,P0,train,0.90552,0.2977865965270996,50000,reused from comparison-cbs-sdpoint (saved_native),"{""resolution"": 32, ""sigma"": null, ""label"": ""native""}",,f49d0ed8412c84bfea0f9655c55e8e3588cda1aae61acb3a8139af3a58ef7443,maxlebossdu91,comparison-cbs-sdpoint,"SGD lr 0.005, cosine, no aug, 30 ep (historical)",R
historical_sgd_30,resolution_max_b1,1,P0,test,0.8002,0.5798480804443359,10000,reused from comparison-cbs-sdpoint (saved_native),"{""resolution"": 32, ""sigma"": null, ""label"": ""native""}",,f49d0ed8412c84bfea0f9655c55e8e3588cda1aae61acb3a8139af3a58ef7443,maxlebossdu91,comparison-cbs-sdpoint,"SGD lr 0.005, cosine, no aug, 30 ep (historical)",R
historical_sgd_30,resolution_max_b1,1,P1,train,0.90586,0.2982831158447265,50000,reused from comparison-cbs-sdpoint (panelA),"{""resolution"": 32, ""sigma"": null, ""label"": ""native""}",,f49d0ed8412c84bfea0f9655c55e8e3588cda1aae61acb3a8139af3a58ef7443,maxlebossdu91,comparison-cbs-sdpoint,"SGD lr 0.005, cosine, no aug, 30 ep (historical)",R
historical_sgd_30,resolution_max_b1,1,P1,test,0.8002,0.5779071853637695,10000,reused from comparison-cbs-sdpoint (panelA),"{""resolution"": 32, ""sigma"": null, ""label"": ""native""}",,f49d0ed8412c84bfea0f9655c55e8e3588cda1aae61acb3a8139af3a58ef7443,maxlebossdu91,comparison-cbs-sdpoint,"SGD lr 0.005, cosine, no aug, 30 ep (historical)",R
historical_sgd_30,resolution_max_b1,1,P2,train,0.90578,0.2973055618286133,50000,new evaluation of the historical final checkpoint,"{""resolution"": 32, ""sigma"": null, ""label"": ""native""}",f433520d4317a50633b7268566ec9705dc168150bd903fcfc19dbb2b26a9eea3,f49d0ed8412c84bfea0f9655c55e8e3588cda1aae61acb3a8139af3a58ef7443,maxmonstre,eval,"SGD lr 0.005, cosine, no aug, 30 ep (historical)",R
historical_sgd_30,resolution_max_b1,1,P2,test,0.7998,0.578536181640625,10000,new evaluation of the historical final checkpoint,"{""resolution"": 32, ""sigma"": null, ""label"": ""native""}",f433520d4317a50633b7268566ec9705dc168150bd903fcfc19dbb2b26a9eea3,f49d0ed8412c84bfea0f9655c55e8e3588cda1aae61acb3a8139af3a58ef7443,maxmonstre,eval,"SGD lr 0.005, cosine, no aug, 30 ep (historical)",R
historical_sgd_30,resolution_max_b1,1,P3,train,0.90416,0.30003134552001953,50000,new evaluation of the historical final checkpoint,"{""resolution"": 32, ""sigma"": null, ""label"": ""native""}",4e2dcca45802bec5182f3b6403136d451d16162f3cace61a89e12075570834ad,f49d0ed8412c84bfea0f9655c55e8e3588cda1aae61acb3a8139af3a58ef7443,maxmonstre,eval,"SGD lr 0.005, cosine, no aug, 30 ep (historical)",R
historical_sgd_30,resolution_max_b1,1,P3,test,0.7986,0.5830096420288086,10000,new evaluation of the historical final checkpoint,"{""resolution"": 32, ""sigma"": null, ""label"": ""native""}",4e2dcca45802bec5182f3b6403136d451d16162f3cace61a89e12075570834ad,f49d0ed8412c84bfea0f9655c55e8e3588cda1aae61acb3a8139af3a58ef7443,maxmonstre,eval,"SGD lr 0.005, cosine, no aug, 30 ep (historical)",R
historical_sgd_30,resolution_max_b1,2,P0,train,0.9067,0.2926352249145508,50000,reused from comparison-cbs-sdpoint (saved_native),"{""resolution"": 32, ""sigma"": null, ""label"": ""native""}",,6aab6b89559c44074b0b7c6523ccf3854c1a208db35dd03afc6a41302f76db79,maxlebossdu91,comparison-cbs-sdpoint,"SGD lr 0.005, cosine, no aug, 30 ep (historical)",R
historical_sgd_30,resolution_max_b1,2,P0,test,0.8081,0.5689506484985352,10000,reused from comparison-cbs-sdpoint (saved_native),"{""resolution"": 32, ""sigma"": null, ""label"": ""native""}",,6aab6b89559c44074b0b7c6523ccf3854c1a208db35dd03afc6a41302f76db79,maxlebossdu91,comparison-cbs-sdpoint,"SGD lr 0.005, cosine, no aug, 30 ep (historical)",R
historical_sgd_30,resolution_max_b1,2,P1,train,0.90942,0.2898818449401855,50000,reused from comparison-cbs-sdpoint (panelA),"{""resolution"": 32, ""sigma"": null, ""label"": ""native""}",,6aab6b89559c44074b0b7c6523ccf3854c1a208db35dd03afc6a41302f76db79,maxlebossdu91,comparison-cbs-sdpoint,"SGD lr 0.005, cosine, no aug, 30 ep (historical)",R
historical_sgd_30,resolution_max_b1,2,P1,test,0.8102,0.5646580505371094,10000,reused from comparison-cbs-sdpoint (panelA),"{""resolution"": 32, ""sigma"": null, ""label"": ""native""}",,6aab6b89559c44074b0b7c6523ccf3854c1a208db35dd03afc6a41302f76db79,maxlebossdu91,comparison-cbs-sdpoint,"SGD lr 0.005, cosine, no aug, 30 ep (historical)",R
historical_sgd_30,resolution_max_b1,2,P2,train,0.9096,0.288931452331543,50000,new evaluation of the historical final checkpoint,"{""resolution"": 32, ""sigma"": null, ""label"": ""native""}",fe7ec246d29f9b84e25a983fcabb84027488d021bac9309558e45db932ae1e76,6aab6b89559c44074b0b7c6523ccf3854c1a208db35dd03afc6a41302f76db79,maxmonstre,eval,"SGD lr 0.005, cosine, no aug, 30 ep (historical)",R
historical_sgd_30,resolution_max_b1,2,P2,test,0.8101,0.5655267990112305,10000,new evaluation of the historical final checkpoint,"{""resolution"": 32, ""sigma"": null, ""label"": ""native""}",fe7ec246d29f9b84e25a983fcabb84027488d021bac9309558e45db932ae1e76,6aab6b89559c44074b0b7c6523ccf3854c1a208db35dd03afc6a41302f76db79,maxmonstre,eval,"SGD lr 0.005, cosine, no aug, 30 ep (historical)",R
historical_sgd_30,resolution_max_b1,2,P3,train,0.90906,0.2907496560668945,50000,new evaluation of the historical final checkpoint,"{""resolution"": 32, ""sigma"": null, ""label"": ""native""}",9ead146190482104597334aaa0cbf5b3fe5e5023db529725c41b152b9e8d4944,6aab6b89559c44074b0b7c6523ccf3854c1a208db35dd03afc6a41302f76db79,maxmonstre,eval,"SGD lr 0.005, cosine, no aug, 30 ep (historical)",R
historical_sgd_30,resolution_max_b1,2,P3,test,0.8081,0.5677872314453125,10000,new evaluation of the historical final checkpoint,"{""resolution"": 32, ""sigma"": null, ""label"": ""native""}",9ead146190482104597334aaa0cbf5b3fe5e5023db529725c41b152b9e8d4944,6aab6b89559c44074b0b7c6523ccf3854c1a208db35dd03afc6a41302f76db79,maxmonstre,eval,"SGD lr 0.005, cosine, no aug, 30 ep (historical)",R
historical_sgd_30,gaussian_postrelu,0,P0,train,0.91352,0.2791657766723633,50000,reused from comparison-cbs-sdpoint (saved_native),"{""resolution"": null, ""sigma"": 0.0, ""label"": ""native""}",,ba6a68e37fedfd3ae6e8c60cbbeb0f8525e8866dac9fec3ae8f53d8d519926ea,maximemonstrenikez,comparison-cbs-sdpoint,"SGD lr 0.005, cosine, no aug, 30 ep (historical)",G
historical_sgd_30,gaussian_postrelu,0,P0,test,0.7983,0.5883055130004883,10000,reused from comparison-cbs-sdpoint (saved_native),"{""resolution"": null, ""sigma"": 0.0, ""label"": ""native""}",,ba6a68e37fedfd3ae6e8c60cbbeb0f8525e8866dac9fec3ae8f53d8d519926ea,maximemonstrenikez,comparison-cbs-sdpoint,"SGD lr 0.005, cosine, no aug, 30 ep (historical)",G
historical_sgd_30,gaussian_postrelu,0,P1,train,0.91516,0.2767416998291016,50000,reused from comparison-cbs-sdpoint (panelA),"{""resolution"": null, ""sigma"": 0.0, ""label"": ""native""}",,ba6a68e37fedfd3ae6e8c60cbbeb0f8525e8866dac9fec3ae8f53d8d519926ea,maximemonstrenikez,comparison-cbs-sdpoint,"SGD lr 0.005, cosine, no aug, 30 ep (historical)",G
historical_sgd_30,gaussian_postrelu,0,P1,test,0.7998,0.5873259841918945,10000,reused from comparison-cbs-sdpoint (panelA),"{""resolution"": null, ""sigma"": 0.0, ""label"": ""native""}",,ba6a68e37fedfd3ae6e8c60cbbeb0f8525e8866dac9fec3ae8f53d8d519926ea,maximemonstrenikez,comparison-cbs-sdpoint,"SGD lr 0.005, cosine, no aug, 30 ep (historical)",G
historical_sgd_30,gaussian_postrelu,0,P2,train,0.91498,0.27544348022460935,50000,new evaluation of the historical final checkpoint,"{""resolution"": null, ""sigma"": 0.0, ""label"": ""native""}",02ef041078cd447d7bc50ed0cddba25b7e75731af5053bbd775cb37990853d18,ba6a68e37fedfd3ae6e8c60cbbeb0f8525e8866dac9fec3ae8f53d8d519926ea,maxmonstre,eval,"SGD lr 0.005, cosine, no aug, 30 ep (historical)",G
historical_sgd_30,gaussian_postrelu,0,P2,test,0.7995,0.5883349227905273,10000,new evaluation of the historical final checkpoint,"{""resolution"": null, ""sigma"": 0.0, ""label"": ""native""}",02ef041078cd447d7bc50ed0cddba25b7e75731af5053bbd775cb37990853d18,ba6a68e37fedfd3ae6e8c60cbbeb0f8525e8866dac9fec3ae8f53d8d519926ea,maxmonstre,eval,"SGD lr 0.005, cosine, no aug, 30 ep (historical)",G
historical_sgd_30,gaussian_postrelu,0,P3,train,0.914,0.27861241882324217,50000,new evaluation of the historical final checkpoint,"{""resolution"": null, ""sigma"": 0.0, ""label"": ""native""}",2100d90e009ee750e2a686a50b5b40d738436c3d4693d5359036a6784afe4e7f,ba6a68e37fedfd3ae6e8c60cbbeb0f8525e8866dac9fec3ae8f53d8d519926ea,maxmonstre,eval,"SGD lr 0.005, cosine, no aug, 30 ep (historical)",G
historical_sgd_30,gaussian_postrelu,0,P3,test,0.7984,0.5919330749511719,10000,new evaluation of the historical final checkpoint,"{""resolution"": null, ""sigma"": 0.0, ""label"": ""native""}",2100d90e009ee750e2a686a50b5b40d738436c3d4693d5359036a6784afe4e7f,ba6a68e37fedfd3ae6e8c60cbbeb0f8525e8866dac9fec3ae8f53d8d519926ea,maxmonstre,eval,"SGD lr 0.005, cosine, no aug, 30 ep (historical)",G
historical_sgd_30,gaussian_postrelu,1,P0,train,0.91422,0.2763461392211914,50000,reused from comparison-cbs-sdpoint (saved_native),"{""resolution"": null, ""sigma"": 0.0, ""label"": ""native""}",,bbd8e7a5cd3423aec5dff9f15d92708212b64cd4d1a6c0e23b9bec336f2f11d3,maxlebossdu91,comparison-cbs-sdpoint,"SGD lr 0.005, cosine, no aug, 30 ep (historical)",G
historical_sgd_30,gaussian_postrelu,1,P0,test,0.8008,0.5938298919677735,10000,reused from comparison-cbs-sdpoint (saved_native),"{""resolution"": null, ""sigma"": 0.0, ""label"": ""native""}",,bbd8e7a5cd3423aec5dff9f15d92708212b64cd4d1a6c0e23b9bec336f2f11d3,maxlebossdu91,comparison-cbs-sdpoint,"SGD lr 0.005, cosine, no aug, 30 ep (historical)",G
historical_sgd_30,gaussian_postrelu,1,P1,train,0.91508,0.2772206359863281,50000,reused from comparison-cbs-sdpoint (panelA),"{""resolution"": null, ""sigma"": 0.0, ""label"": ""native""}",,bbd8e7a5cd3423aec5dff9f15d92708212b64cd4d1a6c0e23b9bec336f2f11d3,maxlebossdu91,comparison-cbs-sdpoint,"SGD lr 0.005, cosine, no aug, 30 ep (historical)",G
historical_sgd_30,gaussian_postrelu,1,P1,test,0.7992,0.5896834594726562,10000,reused from comparison-cbs-sdpoint (panelA),"{""resolution"": null, ""sigma"": 0.0, ""label"": ""native""}",,bbd8e7a5cd3423aec5dff9f15d92708212b64cd4d1a6c0e23b9bec336f2f11d3,maxlebossdu91,comparison-cbs-sdpoint,"SGD lr 0.005, cosine, no aug, 30 ep (historical)",G
historical_sgd_30,gaussian_postrelu,1,P2,train,0.91536,0.2759976173400879,50000,new evaluation of the historical final checkpoint,"{""resolution"": null, ""sigma"": 0.0, ""label"": ""native""}",66ce554ffe36fc91f7152c5e0781f36059bd0d6ca993f7f143ae64fb3daed750,bbd8e7a5cd3423aec5dff9f15d92708212b64cd4d1a6c0e23b9bec336f2f11d3,maxmonstre,eval,"SGD lr 0.005, cosine, no aug, 30 ep (historical)",G
historical_sgd_30,gaussian_postrelu,1,P2,test,0.7997,0.5908090682983398,10000,new evaluation of the historical final checkpoint,"{""resolution"": null, ""sigma"": 0.0, ""label"": ""native""}",66ce554ffe36fc91f7152c5e0781f36059bd0d6ca993f7f143ae64fb3daed750,bbd8e7a5cd3423aec5dff9f15d92708212b64cd4d1a6c0e23b9bec336f2f11d3,maxmonstre,eval,"SGD lr 0.005, cosine, no aug, 30 ep (historical)",G
historical_sgd_30,gaussian_postrelu,1,P3,train,0.913,0.2787159385681152,50000,new evaluation of the historical final checkpoint,"{""resolution"": null, ""sigma"": 0.0, ""label"": ""native""}",e9dcdde139ed4e10307d0079cbeabb46c087b1cb1d68b5e649ef4cb06ca2f55a,bbd8e7a5cd3423aec5dff9f15d92708212b64cd4d1a6c0e23b9bec336f2f11d3,maxmonstre,eval,"SGD lr 0.005, cosine, no aug, 30 ep (historical)",G
historical_sgd_30,gaussian_postrelu,1,P3,test,0.8012,0.5944883117675781,10000,new evaluation of the historical final checkpoint,"{""resolution"": null, ""sigma"": 0.0, ""label"": ""native""}",e9dcdde139ed4e10307d0079cbeabb46c087b1cb1d68b5e649ef4cb06ca2f55a,bbd8e7a5cd3423aec5dff9f15d92708212b64cd4d1a6c0e23b9bec336f2f11d3,maxmonstre,eval,"SGD lr 0.005, cosine, no aug, 30 ep (historical)",G
historical_sgd_30,gaussian_postrelu,2,P0,train,0.9169,0.2698087467956543,50000,reused from comparison-cbs-sdpoint (saved_native),"{""resolution"": null, ""sigma"": 0.0, ""label"": ""native""}",,3f840c037b78714d81803bc90780c47b3c0ac01fd1a41fa60ada72700aa193b2,maxlebossdu91,comparison-cbs-sdpoint,"SGD lr 0.005, cosine, no aug, 30 ep (historical)",G
historical_sgd_30,gaussian_postrelu,2,P0,test,0.7987,0.5934026245117188,10000,reused from comparison-cbs-sdpoint (saved_native),"{""resolution"": null, ""sigma"": 0.0, ""label"": ""native""}",,3f840c037b78714d81803bc90780c47b3c0ac01fd1a41fa60ada72700aa193b2,maxlebossdu91,comparison-cbs-sdpoint,"SGD lr 0.005, cosine, no aug, 30 ep (historical)",G
historical_sgd_30,gaussian_postrelu,2,P1,train,0.91784,0.2689719160461425,50000,reused from comparison-cbs-sdpoint (panelA),"{""resolution"": null, ""sigma"": 0.0, ""label"": ""native""}",,3f840c037b78714d81803bc90780c47b3c0ac01fd1a41fa60ada72700aa193b2,maxlebossdu91,comparison-cbs-sdpoint,"SGD lr 0.005, cosine, no aug, 30 ep (historical)",G
historical_sgd_30,gaussian_postrelu,2,P1,test,0.7993,0.5888259033203125,10000,reused from comparison-cbs-sdpoint (panelA),"{""resolution"": null, ""sigma"": 0.0, ""label"": ""native""}",,3f840c037b78714d81803bc90780c47b3c0ac01fd1a41fa60ada72700aa193b2,maxlebossdu91,comparison-cbs-sdpoint,"SGD lr 0.005, cosine, no aug, 30 ep (historical)",G
historical_sgd_30,gaussian_postrelu,2,P2,train,0.9181,0.2676783312988281,50000,new evaluation of the historical final checkpoint,"{""resolution"": null, ""sigma"": 0.0, ""label"": ""native""}",8a970992a73c960fbcf3edb9418938887ce90067696d951880b6d2599944ece2,3f840c037b78714d81803bc90780c47b3c0ac01fd1a41fa60ada72700aa193b2,maxmonstre,eval,"SGD lr 0.005, cosine, no aug, 30 ep (historical)",G
historical_sgd_30,gaussian_postrelu,2,P2,test,0.7996,0.5900900802612304,10000,new evaluation of the historical final checkpoint,"{""resolution"": null, ""sigma"": 0.0, ""label"": ""native""}",8a970992a73c960fbcf3edb9418938887ce90067696d951880b6d2599944ece2,3f840c037b78714d81803bc90780c47b3c0ac01fd1a41fa60ada72700aa193b2,maxmonstre,eval,"SGD lr 0.005, cosine, no aug, 30 ep (historical)",G
historical_sgd_30,gaussian_postrelu,2,P3,train,0.91574,0.2717261651611328,50000,new evaluation of the historical final checkpoint,"{""resolution"": null, ""sigma"": 0.0, ""label"": ""native""}",30c7d344a08301692028c7649444b51c8d707b8ec998cb400b31a549d0622f64,3f840c037b78714d81803bc90780c47b3c0ac01fd1a41fa60ada72700aa193b2,maxmonstre,eval,"SGD lr 0.005, cosine, no aug, 30 ep (historical)",G
historical_sgd_30,gaussian_postrelu,2,P3,test,0.8007,0.5952323318481445,10000,new evaluation of the historical final checkpoint,"{""resolution"": null, ""sigma"": 0.0, ""label"": ""native""}",30c7d344a08301692028c7649444b51c8d707b8ec998cb400b31a549d0622f64,3f840c037b78714d81803bc90780c47b3c0ac01fd1a41fa60ada72700aa193b2,maxmonstre,eval,"SGD lr 0.005, cosine, no aug, 30 ep (historical)",G
historical_sgd_30,resolution_max_b1_gaussian_conv,0,P0,train,0.89756,0.3198434967041015,50000,reused from comparison-cbs-sdpoint (saved_native),"{""resolution"": 32, ""sigma"": 0.0, ""label"": ""native""}",,23208fd45a23aaac69c4d1436d28f740e424a4dccef20df9b302277cbac66151,maximemonstrenikez,comparison-cbs-sdpoint,"SGD lr 0.005, cosine, no aug, 30 ep (historical)",RG
historical_sgd_30,resolution_max_b1_gaussian_conv,0,P0,test,0.8134,0.5434872039794922,10000,reused from comparison-cbs-sdpoint (saved_native),"{""resolution"": 32, ""sigma"": 0.0, ""label"": ""native""}",,23208fd45a23aaac69c4d1436d28f740e424a4dccef20df9b302277cbac66151,maximemonstrenikez,comparison-cbs-sdpoint,"SGD lr 0.005, cosine, no aug, 30 ep (historical)",RG
historical_sgd_30,resolution_max_b1_gaussian_conv,0,P1,train,0.89898,0.3173013952636718,50000,reused from comparison-cbs-sdpoint (panelA),"{""resolution"": 32, ""sigma"": 0.0, ""label"": ""native""}",,23208fd45a23aaac69c4d1436d28f740e424a4dccef20df9b302277cbac66151,maximemonstrenikez,comparison-cbs-sdpoint,"SGD lr 0.005, cosine, no aug, 30 ep (historical)",RG
historical_sgd_30,resolution_max_b1_gaussian_conv,0,P1,test,0.8157,0.5417412292480469,10000,reused from comparison-cbs-sdpoint (panelA),"{""resolution"": 32, ""sigma"": 0.0, ""label"": ""native""}",,23208fd45a23aaac69c4d1436d28f740e424a4dccef20df9b302277cbac66151,maximemonstrenikez,comparison-cbs-sdpoint,"SGD lr 0.005, cosine, no aug, 30 ep (historical)",RG
historical_sgd_30,resolution_max_b1_gaussian_conv,0,P2,train,0.89892,0.31613034240722654,50000,new evaluation of the historical final checkpoint,"{""resolution"": 32, ""sigma"": 0.0, ""label"": ""native""}",ceef2b4e482b76ab28fea67b36dac7ac0d85483d60b52f420726b525a0fdb3fb,23208fd45a23aaac69c4d1436d28f740e424a4dccef20df9b302277cbac66151,maxmonstre,eval,"SGD lr 0.005, cosine, no aug, 30 ep (historical)",RG
historical_sgd_30,resolution_max_b1_gaussian_conv,0,P2,test,0.8155,0.542249626159668,10000,new evaluation of the historical final checkpoint,"{""resolution"": 32, ""sigma"": 0.0, ""label"": ""native""}",ceef2b4e482b76ab28fea67b36dac7ac0d85483d60b52f420726b525a0fdb3fb,23208fd45a23aaac69c4d1436d28f740e424a4dccef20df9b302277cbac66151,maxmonstre,eval,"SGD lr 0.005, cosine, no aug, 30 ep (historical)",RG
historical_sgd_30,resolution_max_b1_gaussian_conv,0,P3,train,0.89766,0.31834647552490236,50000,new evaluation of the historical final checkpoint,"{""resolution"": 32, ""sigma"": 0.0, ""label"": ""native""}",daea7f1ce0892f247495be69b5907fd9bfbb1ca1c8c657d51b63971c121048b2,23208fd45a23aaac69c4d1436d28f740e424a4dccef20df9b302277cbac66151,maxmonstre,eval,"SGD lr 0.005, cosine, no aug, 30 ep (historical)",RG
historical_sgd_30,resolution_max_b1_gaussian_conv,0,P3,test,0.8132,0.546376106262207,10000,new evaluation of the historical final checkpoint,"{""resolution"": 32, ""sigma"": 0.0, ""label"": ""native""}",daea7f1ce0892f247495be69b5907fd9bfbb1ca1c8c657d51b63971c121048b2,23208fd45a23aaac69c4d1436d28f740e424a4dccef20df9b302277cbac66151,maxmonstre,eval,"SGD lr 0.005, cosine, no aug, 30 ep (historical)",RG
historical_sgd_30,resolution_max_b1_gaussian_conv,1,P0,train,0.8984,0.3136508828735351,50000,reused from comparison-cbs-sdpoint (saved_native),"{""resolution"": 32, ""sigma"": 0.0, ""label"": ""native""}",,2f8f25cd1950b49c8d7af040978f5cc3c4f3e7f323f545675b5b5e6830e818e6,maxlebossdu91,comparison-cbs-sdpoint,"SGD lr 0.005, cosine, no aug, 30 ep (historical)",RG
historical_sgd_30,resolution_max_b1_gaussian_conv,1,P0,test,0.8124,0.5493452041625977,10000,reused from comparison-cbs-sdpoint (saved_native),"{""resolution"": 32, ""sigma"": 0.0, ""label"": ""native""}",,2f8f25cd1950b49c8d7af040978f5cc3c4f3e7f323f545675b5b5e6830e818e6,maxlebossdu91,comparison-cbs-sdpoint,"SGD lr 0.005, cosine, no aug, 30 ep (historical)",RG
historical_sgd_30,resolution_max_b1_gaussian_conv,1,P1,train,0.89882,0.3141641885375976,50000,reused from comparison-cbs-sdpoint (panelA),"{""resolution"": 32, ""sigma"": 0.0, ""label"": ""native""}",,2f8f25cd1950b49c8d7af040978f5cc3c4f3e7f323f545675b5b5e6830e818e6,maxlebossdu91,comparison-cbs-sdpoint,"SGD lr 0.005, cosine, no aug, 30 ep (historical)",RG
historical_sgd_30,resolution_max_b1_gaussian_conv,1,P1,test,0.8139,0.5467533309936523,10000,reused from comparison-cbs-sdpoint (panelA),"{""resolution"": 32, ""sigma"": 0.0, ""label"": ""native""}",,2f8f25cd1950b49c8d7af040978f5cc3c4f3e7f323f545675b5b5e6830e818e6,maxlebossdu91,comparison-cbs-sdpoint,"SGD lr 0.005, cosine, no aug, 30 ep (historical)",RG
historical_sgd_30,resolution_max_b1_gaussian_conv,1,P2,train,0.89878,0.31309628662109373,50000,new evaluation of the historical final checkpoint,"{""resolution"": 32, ""sigma"": 0.0, ""label"": ""native""}",56bc12fc524b26aa5ef8f889cd2ea3949259c1cee3e6d9518845ea00a1a51dd1,2f8f25cd1950b49c8d7af040978f5cc3c4f3e7f323f545675b5b5e6830e818e6,maxmonstre,eval,"SGD lr 0.005, cosine, no aug, 30 ep (historical)",RG
historical_sgd_30,resolution_max_b1_gaussian_conv,1,P2,test,0.8142,0.5472519149780274,10000,new evaluation of the historical final checkpoint,"{""resolution"": 32, ""sigma"": 0.0, ""label"": ""native""}",56bc12fc524b26aa5ef8f889cd2ea3949259c1cee3e6d9518845ea00a1a51dd1,2f8f25cd1950b49c8d7af040978f5cc3c4f3e7f323f545675b5b5e6830e818e6,maxmonstre,eval,"SGD lr 0.005, cosine, no aug, 30 ep (historical)",RG
historical_sgd_30,resolution_max_b1_gaussian_conv,1,P3,train,0.8973,0.3158416607666016,50000,new evaluation of the historical final checkpoint,"{""resolution"": 32, ""sigma"": 0.0, ""label"": ""native""}",f8078f02c21223f296457bc722ceda8e10469838918118f3d08410e7921bc249,2f8f25cd1950b49c8d7af040978f5cc3c4f3e7f323f545675b5b5e6830e818e6,maxmonstre,eval,"SGD lr 0.005, cosine, no aug, 30 ep (historical)",RG
historical_sgd_30,resolution_max_b1_gaussian_conv,1,P3,test,0.8138,0.5516440673828125,10000,new evaluation of the historical final checkpoint,"{""resolution"": 32, ""sigma"": 0.0, ""label"": ""native""}",f8078f02c21223f296457bc722ceda8e10469838918118f3d08410e7921bc249,2f8f25cd1950b49c8d7af040978f5cc3c4f3e7f323f545675b5b5e6830e818e6,maxmonstre,eval,"SGD lr 0.005, cosine, no aug, 30 ep (historical)",RG
historical_sgd_30,resolution_max_b1_gaussian_conv,2,P0,train,0.89904,0.3123751907348633,50000,reused from comparison-cbs-sdpoint (saved_native),"{""resolution"": 32, ""sigma"": 0.0, ""label"": ""native""}",,e011741c20d4afeb24572dfcfa34290559932c3ed70d1c8cbfbf8b802e5943fb,maxlebossdu91,comparison-cbs-sdpoint,"SGD lr 0.005, cosine, no aug, 30 ep (historical)",RG
historical_sgd_30,resolution_max_b1_gaussian_conv,2,P0,test,0.8187,0.5403551956176758,10000,reused from comparison-cbs-sdpoint (saved_native),"{""resolution"": 32, ""sigma"": 0.0, ""label"": ""native""}",,e011741c20d4afeb24572dfcfa34290559932c3ed70d1c8cbfbf8b802e5943fb,maxlebossdu91,comparison-cbs-sdpoint,"SGD lr 0.005, cosine, no aug, 30 ep (historical)",RG
historical_sgd_30,resolution_max_b1_gaussian_conv,2,P1,train,0.90128,0.3097763298034668,50000,reused from comparison-cbs-sdpoint (panelA),"{""resolution"": 32, ""sigma"": 0.0, ""label"": ""native""}",,e011741c20d4afeb24572dfcfa34290559932c3ed70d1c8cbfbf8b802e5943fb,maxlebossdu91,comparison-cbs-sdpoint,"SGD lr 0.005, cosine, no aug, 30 ep (historical)",RG
historical_sgd_30,resolution_max_b1_gaussian_conv,2,P1,test,0.8193,0.5369378341674804,10000,reused from comparison-cbs-sdpoint (panelA),"{""resolution"": 32, ""sigma"": 0.0, ""label"": ""native""}",,e011741c20d4afeb24572dfcfa34290559932c3ed70d1c8cbfbf8b802e5943fb,maxlebossdu91,comparison-cbs-sdpoint,"SGD lr 0.005, cosine, no aug, 30 ep (historical)",RG
historical_sgd_30,resolution_max_b1_gaussian_conv,2,P2,train,0.9016,0.30873984283447264,50000,new evaluation of the historical final checkpoint,"{""resolution"": 32, ""sigma"": 0.0, ""label"": ""native""}",c80cd952f53efc5323d81db7c116fdbc8d64f90d73927f35eb029a1e9a76b8ca,e011741c20d4afeb24572dfcfa34290559932c3ed70d1c8cbfbf8b802e5943fb,maxmonstre,eval,"SGD lr 0.005, cosine, no aug, 30 ep (historical)",RG
historical_sgd_30,resolution_max_b1_gaussian_conv,2,P2,test,0.8197,0.5374485763549804,10000,new evaluation of the historical final checkpoint,"{""resolution"": 32, ""sigma"": 0.0, ""label"": ""native""}",c80cd952f53efc5323d81db7c116fdbc8d64f90d73927f35eb029a1e9a76b8ca,e011741c20d4afeb24572dfcfa34290559932c3ed70d1c8cbfbf8b802e5943fb,maxmonstre,eval,"SGD lr 0.005, cosine, no aug, 30 ep (historical)",RG
historical_sgd_30,resolution_max_b1_gaussian_conv,2,P3,train,0.9003,0.311970188293457,50000,new evaluation of the historical final checkpoint,"{""resolution"": 32, ""sigma"": 0.0, ""label"": ""native""}",3d48c4d41474cdf4ffcf39233bf01d9f2b09c667ebd009bd5fcc74fbcf590200,e011741c20d4afeb24572dfcfa34290559932c3ed70d1c8cbfbf8b802e5943fb,maxmonstre,eval,"SGD lr 0.005, cosine, no aug, 30 ep (historical)",RG
historical_sgd_30,resolution_max_b1_gaussian_conv,2,P3,test,0.8189,0.541127490234375,10000,new evaluation of the historical final checkpoint,"{""resolution"": 32, ""sigma"": 0.0, ""label"": ""native""}",3d48c4d41474cdf4ffcf39233bf01d9f2b09c667ebd009bd5fcc74fbcf590200,e011741c20d4afeb24572dfcfa34290559932c3ed70d1c8cbfbf8b802e5943fb,maxmonstre,eval,"SGD lr 0.005, cosine, no aug, 30 ep (historical)",RG
historical_sgd_30,cbs_published_schedule,0,P0,train,0.87414,0.3818135208129883,50000,reused from comparison-cbs-sdpoint (saved_native),"{""resolution"": null, ""sigma"": 0.5904900000000001, ""label"": ""native""}",,256079483c6ed35b4222d205a32d14e30234f07ee4894b36d7e5aece10130cc8,maximemonstrenikez,comparison-cbs-sdpoint,"SGD lr 0.005, cosine, no aug, 30 ep (historical)",CBS-pub
historical_sgd_30,cbs_published_schedule,0,P0,test,0.7738,0.6596459655761718,10000,reused from comparison-cbs-sdpoint (saved_native),"{""resolution"": null, ""sigma"": 0.5904900000000001, ""label"": ""native""}",,256079483c6ed35b4222d205a32d14e30234f07ee4894b36d7e5aece10130cc8,maximemonstrenikez,comparison-cbs-sdpoint,"SGD lr 0.005, cosine, no aug, 30 ep (historical)",CBS-pub
historical_sgd_30,cbs_published_schedule,0,P1,train,0.87492,0.3804446398925781,50000,reused from comparison-cbs-sdpoint (panelA),"{""resolution"": null, ""sigma"": 0.5904900000000001, ""label"": ""native""}",,256079483c6ed35b4222d205a32d14e30234f07ee4894b36d7e5aece10130cc8,maximemonstrenikez,comparison-cbs-sdpoint,"SGD lr 0.005, cosine, no aug, 30 ep (historical)",CBS-pub
historical_sgd_30,cbs_published_schedule,0,P1,test,0.7752,0.6559895599365234,10000,reused from comparison-cbs-sdpoint (panelA),"{""resolution"": null, ""sigma"": 0.5904900000000001, ""label"": ""native""}",,256079483c6ed35b4222d205a32d14e30234f07ee4894b36d7e5aece10130cc8,maximemonstrenikez,comparison-cbs-sdpoint,"SGD lr 0.005, cosine, no aug, 30 ep (historical)",CBS-pub
historical_sgd_30,cbs_published_schedule,0,P2,train,0.87538,0.3787638592529297,50000,new evaluation of the historical final checkpoint,"{""resolution"": null, ""sigma"": 0.5904900000000001, ""label"": ""native""}",04263cb220fdfcef07cc57f6ced6b8195d140b0e5f464dde83b4b0fc1b5e88a8,256079483c6ed35b4222d205a32d14e30234f07ee4894b36d7e5aece10130cc8,maxmonstre,eval,"SGD lr 0.005, cosine, no aug, 30 ep (historical)",CBS-pub
historical_sgd_30,cbs_published_schedule,0,P2,test,0.7749,0.6575344970703125,10000,new evaluation of the historical final checkpoint,"{""resolution"": null, ""sigma"": 0.5904900000000001, ""label"": ""native""}",04263cb220fdfcef07cc57f6ced6b8195d140b0e5f464dde83b4b0fc1b5e88a8,256079483c6ed35b4222d205a32d14e30234f07ee4894b36d7e5aece10130cc8,maxmonstre,eval,"SGD lr 0.005, cosine, no aug, 30 ep (historical)",CBS-pub
historical_sgd_30,cbs_published_schedule,0,P3,train,0.87394,0.3814829666137695,50000,new evaluation of the historical final checkpoint,"{""resolution"": null, ""sigma"": 0.5904900000000001, ""label"": ""native""}",a2b880598c2d1018660d09e89b4778ca4936f49815a10edf21e7c563952ee493,256079483c6ed35b4222d205a32d14e30234f07ee4894b36d7e5aece10130cc8,maxmonstre,eval,"SGD lr 0.005, cosine, no aug, 30 ep (historical)",CBS-pub
historical_sgd_30,cbs_published_schedule,0,P3,test,0.7735,0.6609948852539063,10000,new evaluation of the historical final checkpoint,"{""resolution"": null, ""sigma"": 0.5904900000000001, ""label"": ""native""}",a2b880598c2d1018660d09e89b4778ca4936f49815a10edf21e7c563952ee493,256079483c6ed35b4222d205a32d14e30234f07ee4894b36d7e5aece10130cc8,maxmonstre,eval,"SGD lr 0.005, cosine, no aug, 30 ep (historical)",CBS-pub
historical_sgd_30,cbs_published_schedule,1,P0,train,0.87882,0.3680180456542968,50000,reused from comparison-cbs-sdpoint (saved_native),"{""resolution"": null, ""sigma"": 0.5904900000000001, ""label"": ""native""}",,94c538bff1338e388a0d8513c725ea8129cfa38a0ec5124806228787e67ebc24,maxlebossdu91,comparison-cbs-sdpoint,"SGD lr 0.005, cosine, no aug, 30 ep (historical)",CBS-pub
historical_sgd_30,cbs_published_schedule,1,P0,test,0.7781,0.6472990783691406,10000,reused from comparison-cbs-sdpoint (saved_native),"{""resolution"": null, ""sigma"": 0.5904900000000001, ""label"": ""native""}",,94c538bff1338e388a0d8513c725ea8129cfa38a0ec5124806228787e67ebc24,maxlebossdu91,comparison-cbs-sdpoint,"SGD lr 0.005, cosine, no aug, 30 ep (historical)",CBS-pub
historical_sgd_30,cbs_published_schedule,1,P1,train,0.87944,0.3681220346069336,50000,reused from comparison-cbs-sdpoint (panelA),"{""resolution"": null, ""sigma"": 0.5904900000000001, ""label"": ""native""}",,94c538bff1338e388a0d8513c725ea8129cfa38a0ec5124806228787e67ebc24,maxlebossdu91,comparison-cbs-sdpoint,"SGD lr 0.005, cosine, no aug, 30 ep (historical)",CBS-pub
historical_sgd_30,cbs_published_schedule,1,P1,test,0.7782,0.6446816802978516,10000,reused from comparison-cbs-sdpoint (panelA),"{""resolution"": null, ""sigma"": 0.5904900000000001, ""label"": ""native""}",,94c538bff1338e388a0d8513c725ea8129cfa38a0ec5124806228787e67ebc24,maxlebossdu91,comparison-cbs-sdpoint,"SGD lr 0.005, cosine, no aug, 30 ep (historical)",CBS-pub
historical_sgd_30,cbs_published_schedule,1,P2,train,0.87954,0.3663754263305664,50000,new evaluation of the historical final checkpoint,"{""resolution"": null, ""sigma"": 0.5904900000000001, ""label"": ""native""}",9cb8e18fbf4b3059035875dfd00e26a0e839b6ef54af312e462bbbdd430e30b8,94c538bff1338e388a0d8513c725ea8129cfa38a0ec5124806228787e67ebc24,maxmonstre,eval,"SGD lr 0.005, cosine, no aug, 30 ep (historical)",CBS-pub
historical_sgd_30,cbs_published_schedule,1,P2,test,0.7778,0.6460668701171876,10000,new evaluation of the historical final checkpoint,"{""resolution"": null, ""sigma"": 0.5904900000000001, ""label"": ""native""}",9cb8e18fbf4b3059035875dfd00e26a0e839b6ef54af312e462bbbdd430e30b8,94c538bff1338e388a0d8513c725ea8129cfa38a0ec5124806228787e67ebc24,maxmonstre,eval,"SGD lr 0.005, cosine, no aug, 30 ep (historical)",CBS-pub
historical_sgd_30,cbs_published_schedule,1,P3,train,0.87876,0.3690804736328125,50000,new evaluation of the historical final checkpoint,"{""resolution"": null, ""sigma"": 0.5904900000000001, ""label"": ""native""}",c668319f6aaa567c727cdda094fe0ca33b268ffdd9e37f10e5babd51623a00e2,94c538bff1338e388a0d8513c725ea8129cfa38a0ec5124806228787e67ebc24,maxmonstre,eval,"SGD lr 0.005, cosine, no aug, 30 ep (historical)",CBS-pub
historical_sgd_30,cbs_published_schedule,1,P3,test,0.7757,0.6513655090332031,10000,new evaluation of the historical final checkpoint,"{""resolution"": null, ""sigma"": 0.5904900000000001, ""label"": ""native""}",c668319f6aaa567c727cdda094fe0ca33b268ffdd9e37f10e5babd51623a00e2,94c538bff1338e388a0d8513c725ea8129cfa38a0ec5124806228787e67ebc24,maxmonstre,eval,"SGD lr 0.005, cosine, no aug, 30 ep (historical)",CBS-pub
historical_sgd_30,cbs_published_schedule,2,P0,train,0.88078,0.3623785284423828,50000,reused from comparison-cbs-sdpoint (saved_native),"{""resolution"": null, ""sigma"": 0.5904900000000001, ""label"": ""native""}",,4292d32ae02eb1261c2af7837eb99ceba70ad0e7bdc0477b6f8b6ad22779fce7,maxlebossdu91,comparison-cbs-sdpoint,"SGD lr 0.005, cosine, no aug, 30 ep (historical)",CBS-pub
historical_sgd_30,cbs_published_schedule,2,P0,test,0.7857,0.6318459838867188,10000,reused from comparison-cbs-sdpoint (saved_native),"{""resolution"": null, ""sigma"": 0.5904900000000001, ""label"": ""native""}",,4292d32ae02eb1261c2af7837eb99ceba70ad0e7bdc0477b6f8b6ad22779fce7,maxlebossdu91,comparison-cbs-sdpoint,"SGD lr 0.005, cosine, no aug, 30 ep (historical)",CBS-pub
historical_sgd_30,cbs_published_schedule,2,P1,train,0.88188,0.3612837014770508,50000,reused from comparison-cbs-sdpoint (panelA),"{""resolution"": null, ""sigma"": 0.5904900000000001, ""label"": ""native""}",,4292d32ae02eb1261c2af7837eb99ceba70ad0e7bdc0477b6f8b6ad22779fce7,maxlebossdu91,comparison-cbs-sdpoint,"SGD lr 0.005, cosine, no aug, 30 ep (historical)",CBS-pub
historical_sgd_30,cbs_published_schedule,2,P1,test,0.787,0.6275108215332031,10000,reused from comparison-cbs-sdpoint (panelA),"{""resolution"": null, ""sigma"": 0.5904900000000001, ""label"": ""native""}",,4292d32ae02eb1261c2af7837eb99ceba70ad0e7bdc0477b6f8b6ad22779fce7,maxlebossdu91,comparison-cbs-sdpoint,"SGD lr 0.005, cosine, no aug, 30 ep (historical)",CBS-pub
historical_sgd_30,cbs_published_schedule,2,P2,train,0.8822,0.35960112518310544,50000,new evaluation of the historical final checkpoint,"{""resolution"": null, ""sigma"": 0.5904900000000001, ""label"": ""native""}",bbf9b49b8007015ae0fd11c06134ec424c09ddb22197174356712ff2224a2ab2,4292d32ae02eb1261c2af7837eb99ceba70ad0e7bdc0477b6f8b6ad22779fce7,maxmonstre,eval,"SGD lr 0.005, cosine, no aug, 30 ep (historical)",CBS-pub
historical_sgd_30,cbs_published_schedule,2,P2,test,0.7868,0.6287733581542969,10000,new evaluation of the historical final checkpoint,"{""resolution"": null, ""sigma"": 0.5904900000000001, ""label"": ""native""}",bbf9b49b8007015ae0fd11c06134ec424c09ddb22197174356712ff2224a2ab2,4292d32ae02eb1261c2af7837eb99ceba70ad0e7bdc0477b6f8b6ad22779fce7,maxmonstre,eval,"SGD lr 0.005, cosine, no aug, 30 ep (historical)",CBS-pub
historical_sgd_30,cbs_published_schedule,2,P3,train,0.88044,0.3625769052124023,50000,new evaluation of the historical final checkpoint,"{""resolution"": null, ""sigma"": 0.5904900000000001, ""label"": ""native""}",fd0da17c56c391feb8efa0141bd74494bbfbae8207eb8fcd48925976cc69001f,4292d32ae02eb1261c2af7837eb99ceba70ad0e7bdc0477b6f8b6ad22779fce7,maxmonstre,eval,"SGD lr 0.005, cosine, no aug, 30 ep (historical)",CBS-pub
historical_sgd_30,cbs_published_schedule,2,P3,test,0.7865,0.6334708984375,10000,new evaluation of the historical final checkpoint,"{""resolution"": null, ""sigma"": 0.5904900000000001, ""label"": ""native""}",fd0da17c56c391feb8efa0141bd74494bbfbae8207eb8fcd48925976cc69001f,4292d32ae02eb1261c2af7837eb99ceba70ad0e7bdc0477b6f8b6ad22779fce7,maxmonstre,eval,"SGD lr 0.005, cosine, no aug, 30 ep (historical)",CBS-pub
historical_sgd_30,cbs_budget_matched,0,P0,train,0.94416,0.2042651605224609,50000,reused from comparison-cbs-sdpoint (saved_native),"{""resolution"": null, ""sigma"": 0.0, ""label"": ""native""}",,5037a73b8decfd78f9f8e5f9f28a141548df0e782d1931cda627d2ba187b7301,maximemonstrenikez,comparison-cbs-sdpoint,"SGD lr 0.005, cosine, no aug, 30 ep (historical)",CBS-bm
historical_sgd_30,cbs_budget_matched,0,P0,test,0.7824,0.6689102355957032,10000,reused from comparison-cbs-sdpoint (saved_native),"{""resolution"": null, ""sigma"": 0.0, ""label"": ""native""}",,5037a73b8decfd78f9f8e5f9f28a141548df0e782d1931cda627d2ba187b7301,maximemonstrenikez,comparison-cbs-sdpoint,"SGD lr 0.005, cosine, no aug, 30 ep (historical)",CBS-bm
historical_sgd_30,cbs_budget_matched,0,P1,train,0.94578,0.2023000874328613,50000,reused from comparison-cbs-sdpoint (panelA),"{""resolution"": null, ""sigma"": 0.0, ""label"": ""native""}",,5037a73b8decfd78f9f8e5f9f28a141548df0e782d1931cda627d2ba187b7301,maximemonstrenikez,comparison-cbs-sdpoint,"SGD lr 0.005, cosine, no aug, 30 ep (historical)",CBS-bm
historical_sgd_30,cbs_budget_matched,0,P1,test,0.7822,0.6668406890869141,10000,reused from comparison-cbs-sdpoint (panelA),"{""resolution"": null, ""sigma"": 0.0, ""label"": ""native""}",,5037a73b8decfd78f9f8e5f9f28a141548df0e782d1931cda627d2ba187b7301,maximemonstrenikez,comparison-cbs-sdpoint,"SGD lr 0.005, cosine, no aug, 30 ep (historical)",CBS-bm
historical_sgd_30,cbs_budget_matched,0,P2,train,0.9459,0.20086470581054688,50000,new evaluation of the historical final checkpoint,"{""resolution"": null, ""sigma"": 0.0, ""label"": ""native""}",cbab04f91ea413edc4363b382c359f98719f37ed16ccbc736027220a50c21aef,5037a73b8decfd78f9f8e5f9f28a141548df0e782d1931cda627d2ba187b7301,maxmonstre,eval,"SGD lr 0.005, cosine, no aug, 30 ep (historical)",CBS-bm
historical_sgd_30,cbs_budget_matched,0,P2,test,0.7821,0.6692041625976562,10000,new evaluation of the historical final checkpoint,"{""resolution"": null, ""sigma"": 0.0, ""label"": ""native""}",cbab04f91ea413edc4363b382c359f98719f37ed16ccbc736027220a50c21aef,5037a73b8decfd78f9f8e5f9f28a141548df0e782d1931cda627d2ba187b7301,maxmonstre,eval,"SGD lr 0.005, cosine, no aug, 30 ep (historical)",CBS-bm
historical_sgd_30,cbs_budget_matched,0,P3,train,0.94404,0.2044766828918457,50000,new evaluation of the historical final checkpoint,"{""resolution"": null, ""sigma"": 0.0, ""label"": ""native""}",c2fc01d2da416fd6b2706bbf1f7cdc004bab6bf20ce1229e1409f419004a0561,5037a73b8decfd78f9f8e5f9f28a141548df0e782d1931cda627d2ba187b7301,maxmonstre,eval,"SGD lr 0.005, cosine, no aug, 30 ep (historical)",CBS-bm
historical_sgd_30,cbs_budget_matched,0,P3,test,0.7811,0.67235595703125,10000,new evaluation of the historical final checkpoint,"{""resolution"": null, ""sigma"": 0.0, ""label"": ""native""}",c2fc01d2da416fd6b2706bbf1f7cdc004bab6bf20ce1229e1409f419004a0561,5037a73b8decfd78f9f8e5f9f28a141548df0e782d1931cda627d2ba187b7301,maxmonstre,eval,"SGD lr 0.005, cosine, no aug, 30 ep (historical)",CBS-bm
historical_sgd_30,cbs_budget_matched,1,P0,train,0.9473,0.1949364297485351,50000,reused from comparison-cbs-sdpoint (saved_native),"{""resolution"": null, ""sigma"": 0.0, ""label"": ""native""}",,fa6c0e5d616f3ed8723990d3ba8fc5bb1493104a5bff6bdfa871f4ccd796c01c,maxlebossdu91,comparison-cbs-sdpoint,"SGD lr 0.005, cosine, no aug, 30 ep (historical)",CBS-bm
historical_sgd_30,cbs_budget_matched,1,P0,test,0.7795,0.673045736694336,10000,reused from comparison-cbs-sdpoint (saved_native),"{""resolution"": null, ""sigma"": 0.0, ""label"": ""native""}",,fa6c0e5d616f3ed8723990d3ba8fc5bb1493104a5bff6bdfa871f4ccd796c01c,maxlebossdu91,comparison-cbs-sdpoint,"SGD lr 0.005, cosine, no aug, 30 ep (historical)",CBS-bm
historical_sgd_30,cbs_budget_matched,1,P1,train,0.94852,0.1943410031127929,50000,reused from comparison-cbs-sdpoint (panelA),"{""resolution"": null, ""sigma"": 0.0, ""label"": ""native""}",,fa6c0e5d616f3ed8723990d3ba8fc5bb1493104a5bff6bdfa871f4ccd796c01c,maxlebossdu91,comparison-cbs-sdpoint,"SGD lr 0.005, cosine, no aug, 30 ep (historical)",CBS-bm
historical_sgd_30,cbs_budget_matched,1,P1,test,0.7816,0.6682080108642579,10000,reused from comparison-cbs-sdpoint (panelA),"{""resolution"": null, ""sigma"": 0.0, ""label"": ""native""}",,fa6c0e5d616f3ed8723990d3ba8fc5bb1493104a5bff6bdfa871f4ccd796c01c,maxlebossdu91,comparison-cbs-sdpoint,"SGD lr 0.005, cosine, no aug, 30 ep (historical)",CBS-bm
historical_sgd_30,cbs_budget_matched,1,P2,train,0.94838,0.19298770889282227,50000,new evaluation of the historical final checkpoint,"{""resolution"": null, ""sigma"": 0.0, ""label"": ""native""}",980f5bd2290ce21bd1caaadfc3a21a9f9aafb5b847feab35509191dc10abd1b6,fa6c0e5d616f3ed8723990d3ba8fc5bb1493104a5bff6bdfa871f4ccd796c01c,maxmonstre,eval,"SGD lr 0.005, cosine, no aug, 30 ep (historical)",CBS-bm
historical_sgd_30,cbs_budget_matched,1,P2,test,0.7813,0.6705848876953125,10000,new evaluation of the historical final checkpoint,"{""resolution"": null, ""sigma"": 0.0, ""label"": ""native""}",980f5bd2290ce21bd1caaadfc3a21a9f9aafb5b847feab35509191dc10abd1b6,fa6c0e5d616f3ed8723990d3ba8fc5bb1493104a5bff6bdfa871f4ccd796c01c,maxmonstre,eval,"SGD lr 0.005, cosine, no aug, 30 ep (historical)",CBS-bm
historical_sgd_30,cbs_budget_matched,1,P3,train,0.9462,0.19682415145874024,50000,new evaluation of the historical final checkpoint,"{""resolution"": null, ""sigma"": 0.0, ""label"": ""native""}",8346d415ef8e09ea493aab6746a081e4215c3e700102d1c65b821ba8cd8b66d5,fa6c0e5d616f3ed8723990d3ba8fc5bb1493104a5bff6bdfa871f4ccd796c01c,maxmonstre,eval,"SGD lr 0.005, cosine, no aug, 30 ep (historical)",CBS-bm
historical_sgd_30,cbs_budget_matched,1,P3,test,0.7816,0.6763756408691406,10000,new evaluation of the historical final checkpoint,"{""resolution"": null, ""sigma"": 0.0, ""label"": ""native""}",8346d415ef8e09ea493aab6746a081e4215c3e700102d1c65b821ba8cd8b66d5,fa6c0e5d616f3ed8723990d3ba8fc5bb1493104a5bff6bdfa871f4ccd796c01c,maxmonstre,eval,"SGD lr 0.005, cosine, no aug, 30 ep (historical)",CBS-bm
historical_sgd_30,cbs_budget_matched,2,P0,train,0.95138,0.1787840631103515,50000,reused from comparison-cbs-sdpoint (saved_native),"{""resolution"": null, ""sigma"": 0.0, ""label"": ""native""}",,ee31f4bc912eb5a529a7a88a16ac69e6d662861d43a69449664531de3942fb19,maxlebossdu91,comparison-cbs-sdpoint,"SGD lr 0.005, cosine, no aug, 30 ep (historical)",CBS-bm
historical_sgd_30,cbs_budget_matched,2,P0,test,0.7963,0.6439658172607422,10000,reused from comparison-cbs-sdpoint (saved_native),"{""resolution"": null, ""sigma"": 0.0, ""label"": ""native""}",,ee31f4bc912eb5a529a7a88a16ac69e6d662861d43a69449664531de3942fb19,maxlebossdu91,comparison-cbs-sdpoint,"SGD lr 0.005, cosine, no aug, 30 ep (historical)",CBS-bm
historical_sgd_30,cbs_budget_matched,2,P1,train,0.95356,0.1779041287231445,50000,reused from comparison-cbs-sdpoint (panelA),"{""resolution"": null, ""sigma"": 0.0, ""label"": ""native""}",,ee31f4bc912eb5a529a7a88a16ac69e6d662861d43a69449664531de3942fb19,maxlebossdu91,comparison-cbs-sdpoint,"SGD lr 0.005, cosine, no aug, 30 ep (historical)",CBS-bm
historical_sgd_30,cbs_budget_matched,2,P1,test,0.7975,0.6358900604248047,10000,reused from comparison-cbs-sdpoint (panelA),"{""resolution"": null, ""sigma"": 0.0, ""label"": ""native""}",,ee31f4bc912eb5a529a7a88a16ac69e6d662861d43a69449664531de3942fb19,maxlebossdu91,comparison-cbs-sdpoint,"SGD lr 0.005, cosine, no aug, 30 ep (historical)",CBS-bm
historical_sgd_30,cbs_budget_matched,2,P2,train,0.95338,0.1766144467163086,50000,new evaluation of the historical final checkpoint,"{""resolution"": null, ""sigma"": 0.0, ""label"": ""native""}",4f16d939fb770e3c5898209c5f76b448ddcdf6654bee2c7d13127d5b3733c8fd,ee31f4bc912eb5a529a7a88a16ac69e6d662861d43a69449664531de3942fb19,maxmonstre,eval,"SGD lr 0.005, cosine, no aug, 30 ep (historical)",CBS-bm
historical_sgd_30,cbs_budget_matched,2,P2,test,0.7977,0.6382137084960937,10000,new evaluation of the historical final checkpoint,"{""resolution"": null, ""sigma"": 0.0, ""label"": ""native""}",4f16d939fb770e3c5898209c5f76b448ddcdf6654bee2c7d13127d5b3733c8fd,ee31f4bc912eb5a529a7a88a16ac69e6d662861d43a69449664531de3942fb19,maxmonstre,eval,"SGD lr 0.005, cosine, no aug, 30 ep (historical)",CBS-bm
historical_sgd_30,cbs_budget_matched,2,P3,train,0.95142,0.180639033203125,50000,new evaluation of the historical final checkpoint,"{""resolution"": null, ""sigma"": 0.0, ""label"": ""native""}",7188ca33e6fd163f6385728dc68cc301c5cfc630e2d7805d1bda5cef47f57230,ee31f4bc912eb5a529a7a88a16ac69e6d662861d43a69449664531de3942fb19,maxmonstre,eval,"SGD lr 0.005, cosine, no aug, 30 ep (historical)",CBS-bm
historical_sgd_30,cbs_budget_matched,2,P3,test,0.795,0.6419966949462891,10000,new evaluation of the historical final checkpoint,"{""resolution"": null, ""sigma"": 0.0, ""label"": ""native""}",7188ca33e6fd163f6385728dc68cc301c5cfc630e2d7805d1bda5cef47f57230,ee31f4bc912eb5a529a7a88a16ac69e6d662861d43a69449664531de3942fb19,maxmonstre,eval,"SGD lr 0.005, cosine, no aug, 30 ep (historical)",CBS-bm
historical_sgd_30,sdpoint,0,P0,train,0.83392,0.4845144384765625,50000,reused from comparison-cbs-sdpoint (saved_native),"{""resolution"": null, ""sigma"": null, ""label"": ""native"", ""sd_point"": 0, ""sd_ratio"": null}",,919e8b1d07ec84a4cb51a7f537f9179da713527ea57cdc5be2d57a379a6250a9,maximemonstrenikez,comparison-cbs-sdpoint,"SGD lr 0.005, cosine, no aug, 30 ep (historical)",SDPoint
historical_sgd_30,sdpoint,0,P0,test,0.7894,0.6076374389648438,10000,reused from comparison-cbs-sdpoint (saved_native),"{""resolution"": null, ""sigma"": null, ""label"": ""native"", ""sd_point"": 0, ""sd_ratio"": null}",,919e8b1d07ec84a4cb51a7f537f9179da713527ea57cdc5be2d57a379a6250a9,maximemonstrenikez,comparison-cbs-sdpoint,"SGD lr 0.005, cosine, no aug, 30 ep (historical)",SDPoint
historical_sgd_30,sdpoint,0,P1,train,0.84152,0.4803787045288086,50000,reused from comparison-cbs-sdpoint (panelA),"{""resolution"": null, ""sigma"": null, ""label"": ""native"", ""sd_point"": 0, ""sd_ratio"": null}",,919e8b1d07ec84a4cb51a7f537f9179da713527ea57cdc5be2d57a379a6250a9,maximemonstrenikez,comparison-cbs-sdpoint,"SGD lr 0.005, cosine, no aug, 30 ep (historical)",SDPoint
historical_sgd_30,sdpoint,0,P1,test,0.7969,0.5892258209228516,10000,reused from comparison-cbs-sdpoint (panelA),"{""resolution"": null, ""sigma"": null, ""label"": ""native"", ""sd_point"": 0, ""sd_ratio"": null}",,919e8b1d07ec84a4cb51a7f537f9179da713527ea57cdc5be2d57a379a6250a9,maximemonstrenikez,comparison-cbs-sdpoint,"SGD lr 0.005, cosine, no aug, 30 ep (historical)",SDPoint
historical_sgd_30,sdpoint,0,P2,train,0.84152,0.47920668365478514,50000,new evaluation of the historical final checkpoint,"{""resolution"": null, ""sigma"": null, ""label"": ""native"", ""sd_point"": 0, ""sd_ratio"": null}",b4569abae0c97b5015d5e5961c6f3e7a7ece4e0f9cee280430c41be8480946c3,919e8b1d07ec84a4cb51a7f537f9179da713527ea57cdc5be2d57a379a6250a9,maxmonstre,eval,"SGD lr 0.005, cosine, no aug, 30 ep (historical)",SDPoint
historical_sgd_30,sdpoint,0,P2,test,0.7973,0.5886238067626953,10000,new evaluation of the historical final checkpoint,"{""resolution"": null, ""sigma"": null, ""label"": ""native"", ""sd_point"": 0, ""sd_ratio"": null}",b4569abae0c97b5015d5e5961c6f3e7a7ece4e0f9cee280430c41be8480946c3,919e8b1d07ec84a4cb51a7f537f9179da713527ea57cdc5be2d57a379a6250a9,maxmonstre,eval,"SGD lr 0.005, cosine, no aug, 30 ep (historical)",SDPoint
historical_sgd_30,sdpoint,0,P3,train,0.84024,0.48025038330078124,50000,new evaluation of the historical final checkpoint,"{""resolution"": null, ""sigma"": null, ""label"": ""native"", ""sd_point"": 0, ""sd_ratio"": null}",d0e5a94267c1fd3f9c82d65b4f9d8704f490f94b94797787631b6287e8a87070,919e8b1d07ec84a4cb51a7f537f9179da713527ea57cdc5be2d57a379a6250a9,maxmonstre,eval,"SGD lr 0.005, cosine, no aug, 30 ep (historical)",SDPoint
historical_sgd_30,sdpoint,0,P3,test,0.7988,0.5895153991699219,10000,new evaluation of the historical final checkpoint,"{""resolution"": null, ""sigma"": null, ""label"": ""native"", ""sd_point"": 0, ""sd_ratio"": null}",d0e5a94267c1fd3f9c82d65b4f9d8704f490f94b94797787631b6287e8a87070,919e8b1d07ec84a4cb51a7f537f9179da713527ea57cdc5be2d57a379a6250a9,maxmonstre,eval,"SGD lr 0.005, cosine, no aug, 30 ep (historical)",SDPoint
historical_sgd_30,sdpoint,1,P0,train,0.82692,0.4975776174926757,50000,reused from comparison-cbs-sdpoint (saved_native),"{""resolution"": null, ""sigma"": null, ""label"": ""native"", ""sd_point"": 0, ""sd_ratio"": null}",,adcd4c8305a2b954a07e9d5f15fa8d5e7b68bf14db5121068628c5d177ef7eb8,maxlebossdu91,comparison-cbs-sdpoint,"SGD lr 0.005, cosine, no aug, 30 ep (historical)",SDPoint
historical_sgd_30,sdpoint,1,P0,test,0.7819,0.6335267974853516,10000,reused from comparison-cbs-sdpoint (saved_native),"{""resolution"": null, ""sigma"": null, ""label"": ""native"", ""sd_point"": 0, ""sd_ratio"": null}",,adcd4c8305a2b954a07e9d5f15fa8d5e7b68bf14db5121068628c5d177ef7eb8,maxlebossdu91,comparison-cbs-sdpoint,"SGD lr 0.005, cosine, no aug, 30 ep (historical)",SDPoint
historical_sgd_30,sdpoint,1,P1,train,0.83878,0.4844478909301757,50000,reused from comparison-cbs-sdpoint (panelA),"{""resolution"": null, ""sigma"": null, ""label"": ""native"", ""sd_point"": 0, ""sd_ratio"": null}",,adcd4c8305a2b954a07e9d5f15fa8d5e7b68bf14db5121068628c5d177ef7eb8,maxlebossdu91,comparison-cbs-sdpoint,"SGD lr 0.005, cosine, no aug, 30 ep (historical)",SDPoint
historical_sgd_30,sdpoint,1,P1,test,0.7958,0.59764765625,10000,reused from comparison-cbs-sdpoint (panelA),"{""resolution"": null, ""sigma"": null, ""label"": ""native"", ""sd_point"": 0, ""sd_ratio"": null}",,adcd4c8305a2b954a07e9d5f15fa8d5e7b68bf14db5121068628c5d177ef7eb8,maxlebossdu91,comparison-cbs-sdpoint,"SGD lr 0.005, cosine, no aug, 30 ep (historical)",SDPoint
historical_sgd_30,sdpoint,1,P2,train,0.83868,0.48328778350830076,50000,new evaluation of the historical final checkpoint,"{""resolution"": null, ""sigma"": null, ""label"": ""native"", ""sd_point"": 0, ""sd_ratio"": null}",e796ed84f012e998105114b958713a25d068cef6079f5394527637f76a529294,adcd4c8305a2b954a07e9d5f15fa8d5e7b68bf14db5121068628c5d177ef7eb8,maxmonstre,eval,"SGD lr 0.005, cosine, no aug, 30 ep (historical)",SDPoint
historical_sgd_30,sdpoint,1,P2,test,0.796,0.597076383972168,10000,new evaluation of the historical final checkpoint,"{""resolution"": null, ""sigma"": null, ""label"": ""native"", ""sd_point"": 0, ""sd_ratio"": null}",e796ed84f012e998105114b958713a25d068cef6079f5394527637f76a529294,adcd4c8305a2b954a07e9d5f15fa8d5e7b68bf14db5121068628c5d177ef7eb8,maxmonstre,eval,"SGD lr 0.005, cosine, no aug, 30 ep (historical)",SDPoint
historical_sgd_30,sdpoint,1,P3,train,0.83796,0.48555537841796875,50000,new evaluation of the historical final checkpoint,"{""resolution"": null, ""sigma"": null, ""label"": ""native"", ""sd_point"": 0, ""sd_ratio"": null}",8cd3c4eb700d3e71a4917ae8cab70d43adab8e21972b1319d0128baf65b43d5b,adcd4c8305a2b954a07e9d5f15fa8d5e7b68bf14db5121068628c5d177ef7eb8,maxmonstre,eval,"SGD lr 0.005, cosine, no aug, 30 ep (historical)",SDPoint
historical_sgd_30,sdpoint,1,P3,test,0.7944,0.5996330169677735,10000,new evaluation of the historical final checkpoint,"{""resolution"": null, ""sigma"": null, ""label"": ""native"", ""sd_point"": 0, ""sd_ratio"": null}",8cd3c4eb700d3e71a4917ae8cab70d43adab8e21972b1319d0128baf65b43d5b,adcd4c8305a2b954a07e9d5f15fa8d5e7b68bf14db5121068628c5d177ef7eb8,maxmonstre,eval,"SGD lr 0.005, cosine, no aug, 30 ep (historical)",SDPoint
historical_sgd_30,sdpoint,2,P0,train,0.807,0.5617955520629883,50000,reused from comparison-cbs-sdpoint (saved_native),"{""resolution"": null, ""sigma"": null, ""label"": ""native"", ""sd_point"": 0, ""sd_ratio"": null}",,215285755298c1e9ebd42797f86aa9076d44d5d28c62c4fa4298d5a8806dca0a,maxlebossdu91,comparison-cbs-sdpoint,"SGD lr 0.005, cosine, no aug, 30 ep (historical)",SDPoint
historical_sgd_30,sdpoint,2,P0,test,0.7664,0.7092096160888672,10000,reused from comparison-cbs-sdpoint (saved_native),"{""resolution"": null, ""sigma"": null, ""label"": ""native"", ""sd_point"": 0, ""sd_ratio"": null}",,215285755298c1e9ebd42797f86aa9076d44d5d28c62c4fa4298d5a8806dca0a,maxlebossdu91,comparison-cbs-sdpoint,"SGD lr 0.005, cosine, no aug, 30 ep (historical)",SDPoint
historical_sgd_30,sdpoint,2,P1,train,0.84604,0.465844094543457,50000,reused from comparison-cbs-sdpoint (panelA),"{""resolution"": null, ""sigma"": null, ""label"": ""native"", ""sd_point"": 0, ""sd_ratio"": null}",,215285755298c1e9ebd42797f86aa9076d44d5d28c62c4fa4298d5a8806dca0a,maxlebossdu91,comparison-cbs-sdpoint,"SGD lr 0.005, cosine, no aug, 30 ep (historical)",SDPoint
historical_sgd_30,sdpoint,2,P1,test,0.8021,0.577635855102539,10000,reused from comparison-cbs-sdpoint (panelA),"{""resolution"": null, ""sigma"": null, ""label"": ""native"", ""sd_point"": 0, ""sd_ratio"": null}",,215285755298c1e9ebd42797f86aa9076d44d5d28c62c4fa4298d5a8806dca0a,maxlebossdu91,comparison-cbs-sdpoint,"SGD lr 0.005, cosine, no aug, 30 ep (historical)",SDPoint
historical_sgd_30,sdpoint,2,P2,train,0.84624,0.4646755450439453,50000,new evaluation of the historical final checkpoint,"{""resolution"": null, ""sigma"": null, ""label"": ""native"", ""sd_point"": 0, ""sd_ratio"": null}",5efb744ebb42f00cd2c7a1c4a65810d8d73a55ca8cad6c7aebc8aa18d1ceab85,215285755298c1e9ebd42797f86aa9076d44d5d28c62c4fa4298d5a8806dca0a,maxmonstre,eval,"SGD lr 0.005, cosine, no aug, 30 ep (historical)",SDPoint
historical_sgd_30,sdpoint,2,P2,test,0.8021,0.5770825073242187,10000,new evaluation of the historical final checkpoint,"{""resolution"": null, ""sigma"": null, ""label"": ""native"", ""sd_point"": 0, ""sd_ratio"": null}",5efb744ebb42f00cd2c7a1c4a65810d8d73a55ca8cad6c7aebc8aa18d1ceab85,215285755298c1e9ebd42797f86aa9076d44d5d28c62c4fa4298d5a8806dca0a,maxmonstre,eval,"SGD lr 0.005, cosine, no aug, 30 ep (historical)",SDPoint
historical_sgd_30,sdpoint,2,P3,train,0.84512,0.4662097686767578,50000,new evaluation of the historical final checkpoint,"{""resolution"": null, ""sigma"": null, ""label"": ""native"", ""sd_point"": 0, ""sd_ratio"": null}",e799eab3710518de40067fd47fbfdde2d5d77b6558f07976805185c283141abc,215285755298c1e9ebd42797f86aa9076d44d5d28c62c4fa4298d5a8806dca0a,maxmonstre,eval,"SGD lr 0.005, cosine, no aug, 30 ep (historical)",SDPoint
historical_sgd_30,sdpoint,2,P3,test,0.8019,0.5788779754638672,10000,new evaluation of the historical final checkpoint,"{""resolution"": null, ""sigma"": null, ""label"": ""native"", ""sd_point"": 0, ""sd_ratio"": null}",e799eab3710518de40067fd47fbfdde2d5d77b6558f07976805185c283141abc,215285755298c1e9ebd42797f86aa9076d44d5d28c62c4fa4298d5a8806dca0a,maxmonstre,eval,"SGD lr 0.005, cosine, no aug, 30 ep (historical)",SDPoint
