method,seed,policy,split,amplitude,n_directions,S_mean,S_direction_sd,S_min,S_max,n_negative_S,C_mean,C_direction_sd
plain,0,saved,train_probe,0.005,20,0.0014294296264648412,0.00025749271038012273,0.0009257240295409974,0.0018463058471679672,0,114.35437011718727,20.59941683040982
plain,0,saved,train_probe,0.01,20,0.0057830202102661125,0.0010629624056949355,0.0038364410400390514,0.007337432861328125,0,115.66040420532222,21.259248113898717
plain,0,saved,train_probe,0.02,20,0.02332507820129394,0.004261989449475828,0.015361232757568344,0.02996712112426758,0,116.6253910064697,21.30994724737914
plain,0,saved,train_probe,0.025,20,0.03659329471588134,0.006783861469898829,0.023804313659667953,0.046932327270507834,0,117.09854309082027,21.708356703676248
plain,0,saved,train_probe,0.05,20,0.15155132026672363,0.030879110493852627,0.09493868255615234,0.19340144348144533,0,121.24105621337887,24.703288395082097
plain,0,saved,train_probe,0.1,20,0.678169100189209,0.16734943750286566,0.3913209533691407,0.918871368408203,0,135.63382003784176,33.46988750057313
plain,0,saved,train_probe,0.2,20,3.292234831237793,1.0686546351540183,1.8720573272705079,5.7778236846923825,0,164.61174156188963,53.432731757700914
plain,0,saved,train_probe,0.25,20,5.297419009399414,1.765119374567092,3.1388974761962887,9.665325881958008,0,169.51740830078126,56.48381998614694
plain,0,saved,train_probe,0.35,20,10.37160915222168,3.432613254853457,5.9673072052001945,19.29139094543457,0,169.33239432198664,56.042665385362575
plain,0,saved,train_probe,0.5,20,22.12906711730957,7.183251814400333,11.78439729309082,41.352940994262696,0,177.03253693847657,57.466014515202666
plain,0,saved,test_probe,0.005,20,0.001028180694580033,0.00035609833305164047,0.0004228820800780131,0.0016066131591796484,0,82.25445556640264,28.48786664413124
plain,0,saved,test_probe,0.01,20,0.004302430725097617,0.0013185517930353451,0.002177658081054634,0.006494583129882825,0,86.04861450195234,26.371035860706904
plain,0,saved,test_probe,0.02,20,0.018121926116943306,0.0050675588625186535,0.008785995483398423,0.02621936035156236,0,90.60963058471651,25.33779431259327
plain,0,saved,test_probe,0.025,20,0.028961108398437452,0.007954303209376725,0.014233062744140601,0.04096691894531246,0,92.67554687499984,25.453770270005514
plain,0,saved,test_probe,0.05,20,0.12397481765747065,0.03325381037925011,0.06446440124511721,0.17479524230957022,0,99.1798541259765,26.603048303400083
plain,0,saved,test_probe,0.1,20,0.5734753532409668,0.16541513051397103,0.298620880126953,0.7989196472167968,0,114.69507064819331,33.0830261027942
plain,0,saved,test_probe,0.2,20,2.938939015197754,1.0459625508422399,1.5672612304687499,5.295966491699219,0,146.94695075988767,52.29812754211199
plain,0,saved,test_probe,0.25,20,4.845928305053711,1.7390962504873426,2.7389517211914063,9.121361633300781,0,155.06970576171875,55.651080015594964
plain,0,saved,test_probe,0.35,20,9.829694747924805,3.4175901040038528,5.478613403320313,18.793850158691406,0,160.48481221101727,55.79738945312414
plain,0,saved,test_probe,0.5,20,21.570463598632816,7.151796671331125,11.324573547363283,40.76757940673828,0,172.56370878906253,57.214373370649
plain,0,recalibrated,train_probe,0.005,20,0.0005355802536010868,6.844203036491365e-05,0.0004536209106445477,0.0007260398864745998,0,42.84642028808693,5.4753624291930905
plain,0,recalibrated,train_probe,0.01,20,0.0020846288681030376,0.0002736821271849486,0.0016181068420410283,0.0027243423461914273,0,41.692577362060746,5.473642543698972
plain,0,recalibrated,train_probe,0.02,20,0.008066945648193371,0.0011752774220831366,0.006172767639160165,0.01053900527954102,0,40.334728240966854,5.876387110415683
plain,0,recalibrated,train_probe,0.025,20,0.012399027633667003,0.0018498278248701265,0.009453048706054706,0.01647334289550781,0,39.676888427734404,5.919449039584403
plain,0,recalibrated,train_probe,0.05,20,0.04635681114196778,0.0069770610578055135,0.03681932830810544,0.06369864654541016,0,37.08544891357422,5.581648846244409
plain,0,recalibrated,train_probe,0.1,20,0.17226018295288087,0.024277076845616193,0.13858336639404298,0.23181572723388674,0,34.45203659057617,4.855415369123238
plain,0,recalibrated,train_probe,0.2,20,0.6232255348205566,0.07146595681718185,0.5039412536621094,0.7547496948242188,0,31.161276741027827,3.5732978408590914
plain,0,recalibrated,train_probe,0.25,20,0.935511552429199,0.10302131022443942,0.7605728607177734,1.1318594818115235,0,29.93636967773437,3.2966819271820613
plain,0,recalibrated,train_probe,0.35,20,1.6691335281372068,0.16440852813334286,1.3945932159423828,2.0133317108154296,0,27.251159643056447,2.6842208674831496
plain,0,recalibrated,train_probe,0.5,20,2.760580569458008,0.2499276430512347,2.3985055389404293,3.2783370208740235,0,22.084644555664063,1.9994211444098775
plain,0,recalibrated,test_probe,0.005,20,0.00016269836425784613,0.00010590436916497162,-4.510498046872424e-05,0.0003369750976562891,3,13.015869140627691,8.472349533197729
plain,0,recalibrated,test_probe,0.01,20,0.0006327911376953321,0.00033979722960596654,-3.0899047851584704e-05,0.0011184539794921733,1,12.65582275390664,6.795944592119329
plain,0,recalibrated,test_probe,0.02,20,0.002980815887451188,0.0012690523540756474,0.0012350311279296644,0.005503097534179768,0,14.904079437255941,6.345261770378236
plain,0,recalibrated,test_probe,0.025,20,0.004956983184814467,0.002053612908149282,0.0020577697753906277,0.008858978271484408,0,15.862346191406292,6.571561306077701
plain,0,recalibrated,test_probe,0.05,20,0.021817236328125007,0.006639253498367104,0.010648300170898461,0.03270799255371093,0,17.4537890625,5.311402798693682
plain,0,recalibrated,test_probe,0.1,20,0.0909640235900879,0.01956853726295163,0.059319717407226524,0.12870423889160165,0,18.19280471801758,3.9137074525903253
plain,0,recalibrated,test_probe,0.2,20,0.382791194152832,0.06101890854174376,0.2806832275390626,0.5068106689453123,0,19.139559707641602,3.050945427087187
plain,0,recalibrated,test_probe,0.25,20,0.6163014587402345,0.09556604577342699,0.47261471557617185,0.8288229064941405,0,19.721646679687503,3.0581134647496637
plain,0,recalibrated,test_probe,0.35,20,1.2211476867675777,0.16474127595066784,0.9749740600585938,1.5891996459960938,0,19.937105090082913,2.6896534849088622
plain,0,recalibrated,test_probe,0.5,20,2.220445587158203,0.2566075846434751,1.8797875976562501,2.7331964111328126,0,17.763564697265625,2.052860677147801
plain,0,centre_frozen,train_probe,0.005,20,0.0015583850860595798,0.00027120580402315237,0.0010017700195312507,0.0020074806213379037,0,124.67080688476638,21.69646432185219
plain,0,centre_frozen,train_probe,0.01,20,0.006109712600708016,0.0010961365470535565,0.0040761070251464915,0.007902980804443377,0,122.1942520141603,21.922730941071126
plain,0,centre_frozen,train_probe,0.02,20,0.024104459190368657,0.004379937577958137,0.015703548431396486,0.031292972564697236,0,120.52229595184329,21.89968788979068
plain,0,centre_frozen,train_probe,0.025,20,0.03765661449432374,0.006956344596354678,0.02421624755859375,0.04896345520019532,0,120.50116638183594,22.260302708334965
plain,0,centre_frozen,train_probe,0.05,20,0.1549480293273926,0.03180210532397909,0.09541747283935545,0.19811334228515629,0,123.95842346191402,25.44168425918327
plain,0,centre_frozen,train_probe,0.1,20,0.6926625160217285,0.17242394304681682,0.39297598266601563,0.9663011016845703,0,138.5325032043457,34.48478860936336
plain,0,centre_frozen,train_probe,0.2,20,3.3557221298217774,1.0954488486259617,1.8808389739990237,5.98249266052246,0,167.78610649108884,54.772442431298074
plain,0,centre_frozen,train_probe,0.25,20,5.392771322631836,1.8003635649142595,3.154061386108398,9.917974838256836,0,172.56868232421874,57.611634077256305
plain,0,centre_frozen,train_probe,0.35,20,10.522756619262697,3.4888038442006395,6.085843734741211,19.6025604095459,0,171.80010806959507,56.96006276245943
plain,0,centre_frozen,train_probe,0.5,20,22.406141085815435,7.302488430889849,11.914203475952148,41.9536277923584,0,179.24912868652348,58.41990744711879
plain,0,centre_frozen,test_probe,0.005,20,0.0010359008789062763,0.0003431329128369642,0.00046777343750004086,0.0015081176757812953,0,82.8720703125021,27.450633026957135
plain,0,centre_frozen,test_probe,0.01,20,0.00436428985595706,0.001343950615799062,0.0023712463378906534,0.006439743041992241,0,87.2857971191412,26.879012315981235
plain,0,centre_frozen,test_probe,0.02,20,0.018783665466308615,0.005146723749149088,0.008992309570312496,0.027369293212890722,0,93.91832733154305,25.733618745745442
plain,0,centre_frozen,test_probe,0.025,20,0.029941062927246104,0.008121511670892033,0.01427960205078127,0.04314633178710936,0,95.81140136718753,25.988837346854503
plain,0,centre_frozen,test_probe,0.05,20,0.12790127563476564,0.03411013039075114,0.0644658966064453,0.17948486328125002,0,102.32102050781249,27.28810431260091
plain,0,centre_frozen,test_probe,0.1,20,0.5893791793823243,0.17106594467003433,0.2984725952148438,0.8427724609374999,0,117.87583587646483,34.213188934006865
plain,0,centre_frozen,test_probe,0.2,20,3.006834379577637,1.0751852643587172,1.578239776611328,5.516652587890625,0,150.3417189788818,53.75926321793585
plain,0,centre_frozen,test_probe,0.25,20,4.945696209716798,1.776879386337324,2.7645849609375004,9.392351318359376,0,158.26227871093752,56.86014036279437
plain,0,centre_frozen,test_probe,0.35,20,9.986532415771485,3.473556036735819,5.600537353515625,19.11736608886719,0,163.04542719626915,56.71111896711542
plain,0,centre_frozen,test_probe,0.5,20,21.85129454956055,7.2692352231567705,11.458329589843752,41.37356481933594,0,174.8103563964844,58.153881785254164
plain,1,saved,train_probe,0.005,20,0.001899875640869146,0.0005134223721516294,0.001250839233398443,0.003382099151611334,0,151.99005126953168,41.073789772130354
plain,1,saved,train_probe,0.01,20,0.007397433853149418,0.0019225279500457572,0.004853134155273442,0.013071151733398456,0,147.94867706298837,38.450559000915135
plain,1,saved,train_probe,0.02,20,0.02907083435058594,0.007589357969472363,0.01827370071411133,0.05073875427246094,0,145.3541717529297,37.94678984736182
plain,1,saved,train_probe,0.025,20,0.04530290336608887,0.011983528263324298,0.027982452392578128,0.07949404525756837,0,144.96929077148437,38.34729044263775
plain,1,saved,train_probe,0.05,20,0.18505035972595216,0.05154277194264094,0.1063791885375977,0.32911351013183593,0,148.0402877807617,41.23421755411274
plain,1,saved,train_probe,0.1,20,0.8195357368469237,0.22676146522913973,0.4621956481933594,1.344158477783203,0,163.90714736938475,45.35229304582794
plain,1,saved,train_probe,0.2,20,3.7645762863159185,0.9265283509320069,2.35481655883789,5.266847045898438,0,188.2288143157959,46.32641754660033
plain,1,saved,train_probe,0.25,20,5.8613732727050785,1.3545732542148254,3.83550146484375,7.7861435546874995,0,187.5639447265625,43.346344134874414
plain,1,saved,train_probe,0.35,20,10.792948937988282,2.3372573041360725,6.3821910400390625,16.015429077148436,0,176.21141123246178,38.15930292467058
plain,1,saved,train_probe,0.5,20,22.002804919433594,5.20754619411025,10.490936523437501,33.089915039062504,0,176.02243935546875,41.660369552882
plain,1,saved,test_probe,0.005,20,0.0012489349365234325,0.0006287316693012257,0.0002961730957031783,0.0028238983154297292,0,99.9147949218746,50.29853354409804
plain,1,saved,test_probe,0.01,20,0.005529227447509777,0.0023642982142765994,0.0022653961181641202,0.011688995361328058,0,110.58454895019554,47.28596428553198
plain,1,saved,test_probe,0.02,20,0.023628968811035156,0.009202321086200886,0.011310272216796924,0.0468467712402344,0,118.14484405517578,46.01160543100443
plain,1,saved,test_probe,0.025,20,0.03717336959838868,0.014225164038930274,0.018487426757812453,0.07276681518554684,0,118.95478271484376,45.520524924576875
plain,1,saved,test_probe,0.05,20,0.15460988998413083,0.054775510744342,0.08493562316894532,0.28955084228515615,0,123.68791198730472,43.82040859547359
plain,1,saved,test_probe,0.1,20,0.7120375671386718,0.2297831722696423,0.3958604736328125,1.1942420654296875,0,142.40751342773433,45.956634453928444
plain,1,saved,test_probe,0.2,20,3.4327272186279294,0.9112733656441212,1.9336307067871092,4.988776153564453,0,171.63636093139644,45.56366828220605
plain,1,saved,test_probe,0.25,20,5.4326855773925775,1.3479514363366114,3.284626495361328,7.277580841064454,0,173.84593847656248,43.134445962771565
plain,1,saved,test_probe,0.35,20,10.267566931152343,2.375063307103936,5.850536285400391,15.625390899658203,0,167.63374581473218,38.77654378945202
plain,1,saved,test_probe,0.5,20,21.363787811279295,5.169584308466646,9.88147659301758,32.39516165161133,0,170.91030249023436,41.35667446773317
plain,1,recalibrated,train_probe,0.005,20,0.0007067239761352443,0.00019156104225464835,0.0003969573974609286,0.0012064552307128884,0,56.53791809081953,15.324883380371864
plain,1,recalibrated,train_probe,0.01,20,0.002674570655822749,0.0006056510278416747,0.0016231994628906343,0.004137401580810551,0,53.49141311645498,12.113020556833494
plain,1,recalibrated,train_probe,0.02,20,0.010116654586791984,0.002084758698411576,0.006573200225830078,0.014989368438720702,0,50.58327293395992,10.423793492057879
plain,1,recalibrated,train_probe,0.025,20,0.015537424659728993,0.00308623839452506,0.010221473693847627,0.022348388671874997,0,49.71975891113277,9.87596286248019
plain,1,recalibrated,train_probe,0.05,20,0.05793953323364257,0.010540186934801108,0.03888762283325195,0.07493120956420896,0,46.35162658691404,8.432149547840886
plain,1,recalibrated,train_probe,0.1,20,0.21060129203796385,0.03699454975978644,0.14545795440673825,0.2644747085571289,0,42.12025840759276,7.398909951957286
plain,1,recalibrated,train_probe,0.2,20,0.7504387809753417,0.11107919024382662,0.5685141220092773,0.8941787185668946,0,37.521939048767074,5.55395951219133
plain,1,recalibrated,train_probe,0.25,20,1.1110167343139647,0.15357093807322297,0.8586384963989258,1.3174185256958006,0,35.55253549804687,4.914270018343135
plain,1,recalibrated,train_probe,0.35,20,1.9104695053100584,0.24677107837535675,1.5149040298461913,2.29352433013916,0,31.191338862205043,4.028915565311947
plain,1,recalibrated,train_probe,0.5,20,2.9701227462768554,0.32365176641505516,2.4783472061157226,3.5160392837524412,0,23.760981970214843,2.5892141313204413
plain,1,recalibrated,test_probe,0.005,20,0.00015161514282230337,0.00011724956827055286,-0.00010058593749995293,0.00042184448242188477,1,12.12921142578427,9.379965461644229
plain,1,recalibrated,test_probe,0.01,20,0.0008530570983887098,0.00033211805027187353,0.00023907470703121714,0.0014468841552733869,0,17.061141967774198,6.642361005437471
plain,1,recalibrated,test_probe,0.02,20,0.004010863494873079,0.00125108464284494,0.0018332214355468723,0.006757797241211061,0,20.054317474365398,6.255423214224699
plain,1,recalibrated,test_probe,0.025,20,0.006521459960937548,0.0020419605595677686,0.0031071777343750773,0.010941406250000063,0,20.86867187500015,6.534273790616858
plain,1,recalibrated,test_probe,0.05,20,0.02698312377929691,0.006861794440553016,0.015123260498046909,0.03865502929687503,0,21.586499023437522,5.489435552442412
plain,1,recalibrated,test_probe,0.1,20,0.11143043518066409,0.024980834651940707,0.06158029174804691,0.1453426666259766,0,22.286087036132816,4.996166930388141
plain,1,recalibrated,test_probe,0.2,20,0.497115071105957,0.0969741805508728,0.33864472961425796,0.652623260498047,0,24.855753555297852,4.848709027543639
plain,1,recalibrated,test_probe,0.25,20,0.7965117141723632,0.14204627615806178,0.5612108154296874,0.989721649169922,0,25.488374853515623,4.545480837057977
plain,1,recalibrated,test_probe,0.35,20,1.5004411407470701,0.23868817308770635,1.0752573852539062,1.8845361938476564,0,24.496998216278705,3.896949764697247
plain,1,recalibrated,test_probe,0.5,20,2.4989121002197265,0.3270929725703593,1.9355955200195312,3.0056214599609374,0,19.991296801757812,2.6167437805628744
plain,1,centre_frozen,train_probe,0.005,20,0.0018858129501342705,0.0005093616051603296,0.0012233810424804592,0.0033383560180663963,0,150.86503601074162,40.748928412826366
plain,1,centre_frozen,train_probe,0.01,20,0.007360011863708489,0.0018527551432508042,0.004834693908691401,0.012694179534912087,0,147.20023727416978,37.05510286501608
plain,1,centre_frozen,train_probe,0.02,20,0.029039551734924306,0.007428747688043356,0.01822719192504882,0.0499989356994629,0,145.19775867462155,37.14373844021678
plain,1,centre_frozen,train_probe,0.025,20,0.045279743766784654,0.011729657115979689,0.027943923950195293,0.07850765991210934,0,144.89518005371085,37.534902771134995
plain,1,centre_frozen,train_probe,0.05,20,0.18506541366577148,0.050446627387636854,0.10520547485351561,0.32561940765380865,0,148.05233093261717,40.35730191010948
plain,1,centre_frozen,train_probe,0.1,20,0.8191649467468262,0.22281799949782874,0.46115796661376957,1.3372172012329102,0,163.8329893493652,44.56359989956574
plain,1,centre_frozen,train_probe,0.2,20,3.755091673278809,0.9142049210933768,2.3429543838500977,5.147302284240722,0,187.7545836639404,45.71024605466883
plain,1,centre_frozen,train_probe,0.25,20,5.844732109069825,1.3383105515518539,3.8339442520141604,7.765436683654785,0,187.0314274902344,42.82593764965932
plain,1,centre_frozen,train_probe,0.35,20,10.752861964416505,2.3173274684659098,6.327615516662598,15.950916908264162,0,175.5569300312899,37.83391785250465
plain,1,centre_frozen,train_probe,0.5,20,21.85584492340088,5.160530903927482,10.267215980529787,32.962415687561034,0,174.84675938720704,41.284247231419855
plain,1,centre_frozen,test_probe,0.005,20,0.0013751670837402808,0.0005632504008384572,0.000666015625000016,0.0026735687255859952,0,110.01336669922246,45.06003206707657
plain,1,centre_frozen,test_probe,0.01,20,0.005564568328857466,0.0022080559081694667,0.0027264556884766256,0.011216339111328133,0,111.29136657714932,44.16111816338933
plain,1,centre_frozen,test_probe,0.02,20,0.023347747802734416,0.008824881400577729,0.011424423217773483,0.04550514221191404,0,116.73873901367206,44.12440700288864
plain,1,centre_frozen,test_probe,0.025,20,0.03681438827514651,0.013698725614655956,0.018510528564453232,0.07090853881835935,0,117.80604248046879,43.83592196689906
plain,1,centre_frozen,test_probe,0.05,20,0.1543806289672852,0.053133983977322316,0.08612322998046873,0.2849013366699219,0,123.50450317382813,42.507187181857844
plain,1,centre_frozen,test_probe,0.1,20,0.7116880706787108,0.22405349200832686,0.4001656188964845,1.1872940673828123,0,142.33761413574217,44.81069840166536
plain,1,centre_frozen,test_probe,0.2,20,3.4267766571044924,0.8978602113916672,1.9398305053710936,4.865251525878906,0,171.33883285522458,44.89301056958336
plain,1,centre_frozen,test_probe,0.25,20,5.419981973266602,1.3321222638715202,3.2867291259765623,7.266857360839845,0,173.43942314453128,42.62791244388865
plain,1,centre_frozen,test_probe,0.35,20,10.23151332397461,2.359784743960873,5.796962951660157,15.558225646972659,0,167.04511549346304,38.52709786058568
plain,1,centre_frozen,test_probe,0.5,20,21.22059967041016,5.124833224835074,9.665367126464844,32.270610534667966,0,169.76479736328128,40.99866579868059
plain,2,saved,train_probe,0.005,20,0.001836533355712898,0.00045988884053889184,0.001125095367431661,0.00295434951782228,0,146.92266845703185,36.79110724311135
plain,2,saved,train_probe,0.01,20,0.007027452278137213,0.0017485707876899294,0.004356132507324223,0.011520355224609369,0,140.54904556274425,34.97141575379858
plain,2,saved,train_probe,0.02,20,0.027387297439575197,0.007064089115074386,0.01634912109375003,0.046377151489257806,0,136.93648719787598,35.320445575371934
plain,2,saved,train_probe,0.025,20,0.04259127273559571,0.01115149447797699,0.024814968109130864,0.07319640731811522,0,136.2920727539062,35.68478232952636
plain,2,saved,train_probe,0.05,20,0.1729559268951416,0.048274793821929535,0.09238342285156254,0.3025086669921875,0,138.36474151611327,38.619835057543625
plain,2,saved,train_probe,0.1,20,0.7534807876586914,0.2428721943355169,0.34674336242675774,1.3449803161621092,0,150.69615753173827,48.574438867103375
plain,2,saved,train_probe,0.2,20,3.401003213500977,1.0654080288164884,1.691554412841797,5.845805206298829,0,170.0501606750488,53.270401440824415
plain,2,saved,train_probe,0.25,20,5.277018142700195,1.5194930192395173,2.9993526916503903,8.752376373291016,0,168.86458056640623,48.62377661566455
plain,2,saved,train_probe,0.35,20,9.590650268554686,2.5002422334782413,6.442308746337891,14.641202056884765,0,156.58204520089288,40.820281362910066
plain,2,saved,train_probe,0.5,20,20.492511968994144,5.782855187365448,11.301538970947266,34.38479238891601,0,163.94009575195315,46.262841498923585
plain,2,saved,test_probe,0.005,20,0.0013965332031249777,0.00046800678177777693,0.0006114501953123908,0.0026123046874999556,0,111.72265624999822,37.440542542222154
plain,2,saved,test_probe,0.01,20,0.005690791320800764,0.0018219716529013904,0.00213833618164061,0.010491165161132798,0,113.81582641601526,36.43943305802781
plain,2,saved,test_probe,0.02,20,0.022717514801025362,0.007154011030795164,0.008812149047851547,0.041295974731445306,0,113.5875740051268,35.770055153975825
plain,2,saved,test_probe,0.025,20,0.035677141571044894,0.011233904401701003,0.014668395996093708,0.06515869140624997,0,114.16685302734365,35.94849408544321
plain,2,saved,test_probe,0.05,20,0.14709371948242184,0.04922570057548422,0.060910598754882805,0.2778146057128906,0,117.67497558593746,39.38056046038737
plain,2,saved,test_probe,0.1,20,0.661398250579834,0.24080576744621493,0.2632476043701172,1.238104431152344,0,132.2796501159668,48.16115348924297
plain,2,saved,test_probe,0.2,20,3.1633876342773433,1.046436154992941,1.4821871337890626,5.4378511962890625,0,158.16938171386715,52.32180774964704
plain,2,saved,test_probe,0.25,20,4.957202487182617,1.4865794094200655,2.754542175292969,8.177671630859376,0,158.63047958984373,47.570541101442096
plain,2,saved,test_probe,0.35,20,9.158306182861327,2.4604865840093892,6.1706513671875,14.03600244140625,0,149.5233662507972,40.17120953484717
plain,2,saved,test_probe,0.5,20,19.889270642089844,5.736724888281575,10.806933349609375,33.257056884765625,0,159.11416513671875,45.8937991062526
plain,2,recalibrated,train_probe,0.005,20,0.0007532436370849494,0.00014009342755985977,0.0005144004821777126,0.0010237236022949125,0,60.259490966795944,11.20747420478878
plain,2,recalibrated,train_probe,0.01,20,0.0027313531875610324,0.0004647754184006286,0.0018097534179687402,0.0036375465393066464,0,54.627063751220646,9.295508368012571
plain,2,recalibrated,train_probe,0.02,20,0.010037889862060535,0.0014269077981898864,0.00749404525756836,0.012686679840087867,0,50.18944931030268,7.134538990949433
plain,2,recalibrated,train_probe,0.025,20,0.015356618690490714,0.002108775482098145,0.011761951446533192,0.019195777893066396,0,49.14117980957028,6.748081542714062
plain,2,recalibrated,train_probe,0.05,20,0.05654705276489258,0.007504654691914904,0.04655546569824218,0.06973815917968745,0,45.23764221191405,6.003723753531922
plain,2,recalibrated,train_probe,0.1,20,0.20448145294189451,0.023825773225933794,0.17069072723388673,0.24412340545654293,0,40.8962905883789,4.765154645186757
plain,2,recalibrated,train_probe,0.2,20,0.709022646331787,0.07793999030299129,0.601904541015625,0.8308837280273438,0,35.45113231658935,3.8969995151495636
plain,2,recalibrated,train_probe,0.25,20,1.0452871444702148,0.10794919477385297,0.9028978576660156,1.2088187255859375,0,33.44918862304687,3.454374232763295
plain,2,recalibrated,train_probe,0.35,20,1.842307456970215,0.1660128361184842,1.599494659423828,2.0913269958496095,0,30.078489093391266,2.710413650914029
plain,2,recalibrated,train_probe,0.5,20,3.0281396270751952,0.2622791415222774,2.6809880065917966,3.624488800048828,0,24.225117016601562,2.098233132178219
plain,2,recalibrated,test_probe,0.005,20,0.00026075363159180356,0.00016395247078975107,-6.227111816403674e-05,0.0005561370849609393,2,20.860290527344283,13.116197663180087
plain,2,recalibrated,test_probe,0.01,20,0.0010169136047363913,0.0004956754715238833,5.87005615235725e-05,0.0018842010498048012,0,20.338272094727824,9.913509430477667
plain,2,recalibrated,test_probe,0.02,20,0.004248288726806698,0.0016898238386314722,0.0010061340332032653,0.007861221313476552,0,21.241443634033487,8.449119193157358
plain,2,recalibrated,test_probe,0.025,20,0.006867514038085993,0.002587611105375641,0.0019022064208984446,0.011966491699218818,0,21.976044921875168,8.280355537202048
plain,2,recalibrated,test_probe,0.05,20,0.028520932006835982,0.008980897505290148,0.010284118652343799,0.045548141479492266,0,22.81674560546878,7.184718004232117
plain,2,recalibrated,test_probe,0.1,20,0.11107870788574226,0.023122251900951334,0.06076396179199217,0.16104589843750006,0,22.215741577148446,4.624450380190265
plain,2,recalibrated,test_probe,0.2,20,0.4733646980285645,0.07238439687637002,0.36538185119628896,0.635461181640625,0,23.66823490142822,3.6192198438184997
plain,2,recalibrated,test_probe,0.25,20,0.7576317810058593,0.10661145948158375,0.6030960693359375,0.9759825134277345,0,24.244216992187496,3.41156670341068
plain,2,recalibrated,test_probe,0.35,20,1.4694226593017579,0.17212232775323322,1.2434926757812501,1.7897186889648438,0,23.990574029416457,2.8101604531140123
plain,2,recalibrated,test_probe,0.5,20,2.5603139831542974,0.2894316533302773,2.156135070800781,3.1782361450195316,0,20.48251186523438,2.3154532266422185
plain,2,centre_frozen,train_probe,0.005,20,0.001825105667114249,0.0004436628711994481,0.001083271026611321,0.00297809600830079,0,146.00845336913991,35.49302969595584
plain,2,centre_frozen,train_probe,0.01,20,0.006920928382873526,0.001721685490421204,0.004182445526123013,0.011488708496093736,0,138.41856765747053,34.433709808424084
plain,2,centre_frozen,train_probe,0.02,20,0.027002166557312003,0.006963286981164489,0.01591184616088867,0.04630907058715819,0,135.01083278656,34.81643490582244
plain,2,centre_frozen,train_probe,0.025,20,0.04210902709960938,0.010978462254405354,0.02441486740112303,0.07312325286865234,0,134.74888671874993,35.13107921409713
plain,2,centre_frozen,train_probe,0.05,20,0.1715822067260742,0.047675244893216256,0.09151654052734376,0.3030063552856445,0,137.26576538085936,38.140195914573006
plain,2,centre_frozen,train_probe,0.1,20,0.7488361221313475,0.23832733882425813,0.3522830963134765,1.3446940612792968,0,149.76722442626948,47.66546776485162
plain,2,centre_frozen,train_probe,0.2,20,3.3696841369628907,1.0393715943776032,1.7168904724121092,5.770575103759765,0,168.48420684814448,51.96857971888014
plain,2,centre_frozen,train_probe,0.25,20,5.222611666870117,1.485985711918381,3.0261601867675783,8.643866119384766,0,167.12357333984374,47.55154278138819
plain,2,centre_frozen,train_probe,0.35,20,9.480815563964843,2.4506435137536786,6.402628936767578,14.443526397705078,0,154.78882553411992,40.01050634699884
plain,2,centre_frozen,train_probe,0.5,20,20.253513958740236,5.667019624982774,11.201042755126954,33.45643655395507,0,162.02811166992188,45.33615699986219
plain,2,centre_frozen,test_probe,0.005,20,0.0014172500610351913,0.00042252743228829155,0.0004848327636719496,0.00255398559570319,0,113.3800048828153,33.80219458306332
plain,2,centre_frozen,test_probe,0.01,20,0.005530376434326217,0.0017273337251887066,0.0020250854492187553,0.010138366699218748,0,110.60752868652435,34.54667450377412
plain,2,centre_frozen,test_probe,0.02,20,0.02262280578613287,0.007146295014377028,0.00889399719238293,0.041987808227539114,0,113.11402893066436,35.731475071885136
plain,2,centre_frozen,test_probe,0.025,20,0.03561122894287112,0.011288260798470695,0.014396835327148416,0.06619491577148451,0,113.95593261718757,36.122434555106224
plain,2,centre_frozen,test_probe,0.05,20,0.14663674621582037,0.048623627041446224,0.06086276245117195,0.2800507049560548,0,117.30939697265626,38.898901633156974
plain,2,centre_frozen,test_probe,0.1,20,0.6569712463378907,0.23495922192237473,0.2691510009765625,1.2366705932617188,0,131.39424926757812,46.99184438447493
plain,2,centre_frozen,test_probe,0.2,20,3.13164151763916,1.0207257752641414,1.5021551208496093,5.36673828125,0,156.58207588195796,51.036288763207054
plain,2,centre_frozen,test_probe,0.25,20,4.903606774902344,1.4551226432997417,2.7769003906250003,8.078247558593752,0,156.915416796875,46.563924585591735
plain,2,centre_frozen,test_probe,0.35,20,9.050207720947267,2.4126154071501444,6.125469360351562,13.845457641601563,0,147.7584934032207,39.389639300410536
plain,2,centre_frozen,test_probe,0.5,20,19.65276328125,5.624149576760968,10.692962280273438,32.34415710449218,0,157.22210625,44.99319661408774
plain,3,saved,train_probe,0.005,20,0.001491701316833488,0.000523231835197217,0.0008346252441406299,0.002820281982421874,0,119.33610534667903,41.85854681577736
plain,3,saved,train_probe,0.01,20,0.00606370391845702,0.0020933361487429744,0.0034220085144042733,0.011640636444091773,0,121.27407836914043,41.866722974859485
plain,3,saved,train_probe,0.02,20,0.02472127246856688,0.008538981588249086,0.01371395111083984,0.04683573913574218,0,123.6063623428344,42.69490794124543
plain,3,saved,train_probe,0.025,20,0.03902458496093749,0.01355475785041832,0.02144078445434569,0.07368946456909181,0,124.87867187499997,43.375225121338616
plain,3,saved,train_probe,0.05,20,0.16401084060668944,0.05966757329248559,0.08762892150878904,0.31820399475097655,0,131.20867248535154,47.73405863398846
plain,3,saved,train_probe,0.1,20,0.7263895709991456,0.27912807935799017,0.3988526077270507,1.5364548950195311,0,145.2779141998291,55.82561587159801
plain,3,saved,train_probe,0.2,20,3.268336853027344,1.2257964725063248,1.7477013549804687,7.245148193359376,0,163.41684265136715,61.28982362531623
plain,3,saved,train_probe,0.25,20,5.121758851623536,1.9610494993199792,2.7300299987792966,11.178462646484375,0,163.89628325195315,62.753583978239334
plain,3,saved,train_probe,0.35,20,9.814017962646483,4.267022387912608,4.9388713378906255,21.18017932128906,0,160.22886469626917,69.66567163938953
plain,3,saved,train_probe,0.5,20,21.88665871582031,9.702692028049345,10.037309204101561,43.877560668945314,0,175.09326972656248,77.62153622439476
plain,3,saved,test_probe,0.005,20,0.001476548767089858,0.0007124187825630691,0.000472320556640593,0.003216476440429661,0,118.12390136718864,56.99350260504553
plain,3,saved,test_probe,0.01,20,0.0057699897766113565,0.002718030881086415,0.0022026672363282263,0.012358673095703154,0,115.39979553222713,54.36061762172831
plain,3,saved,test_probe,0.02,20,0.022696866607666018,0.010301314552133298,0.009351364135742224,0.04655587768554681,0,113.48433303833008,51.506572760666494
plain,3,saved,test_probe,0.025,20,0.03561441116333012,0.01609698980625427,0.015192245483398481,0.0729590454101563,0,113.96611572265635,51.51036738001365
plain,3,saved,test_probe,0.05,20,0.14589284057617186,0.0646333193943858,0.06766712951660159,0.3017773895263671,0,116.71427246093745,51.70665551550863
plain,3,saved,test_probe,0.1,20,0.6235915771484375,0.27047689995581886,0.3163011169433594,1.4118343811035157,0,124.71831542968748,54.09537999116375
plain,3,saved,test_probe,0.2,20,2.9248531082153315,1.2024508970846297,1.454520324707031,6.823865081787108,0,146.2426554107666,60.122544854231464
plain,3,saved,test_probe,0.25,20,4.70780966796875,1.944761134392434,2.3563063049316404,10.665872894287109,0,150.649909375,62.23235630055789
plain,3,saved,test_probe,0.35,20,9.319384014892577,4.274766659029454,4.491261932373046,20.57233969116211,0,152.15320840640948,69.79210871884824
plain,3,saved,test_probe,0.5,20,21.23300802612305,9.714392240125731,9.541006927490233,43.05626937866211,0,169.8640642089844,77.71513792100585
plain,3,recalibrated,train_probe,0.005,20,0.0005946659088134756,9.785873469263932e-05,0.0004541091918945084,0.0008393096923828003,0,47.57327270507805,7.828698775411146
plain,3,recalibrated,train_probe,0.01,20,0.002313728904724123,0.0004156990887979832,0.0016799201965332078,0.0032790489196777295,0,46.27457809448246,8.313981775959663
plain,3,recalibrated,train_probe,0.02,20,0.00886467418670654,0.001613402378064184,0.0066973457336425846,0.012976104736328126,0,44.32337093353271,8.06701189032092
plain,3,recalibrated,train_probe,0.025,20,0.01367249774932861,0.0024867795883998576,0.010339046478271469,0.020415332794189445,0,43.75199279785154,7.957694682879543
plain,3,recalibrated,train_probe,0.05,20,0.051703713798522954,0.009105253241208464,0.039448070526123064,0.0785359191894531,0,41.362971038818344,7.2842025929667695
plain,3,recalibrated,train_probe,0.1,20,0.18923549308776855,0.028688463792127923,0.1551487045288086,0.27638573455810544,0,37.8470986175537,5.737692758425584
plain,3,recalibrated,train_probe,0.2,20,0.6781453186035156,0.08011850013899521,0.5758480606079102,0.864647102355957,0,33.90726593017577,4.005925006949759
plain,3,recalibrated,train_probe,0.25,20,1.008414771270752,0.11276614285175209,0.8666644821166991,1.2706192398071288,0,32.269272680664066,3.6085165712560667
plain,3,recalibrated,train_probe,0.35,20,1.7707469268798828,0.16744815876396976,1.498054298400879,2.221498725891113,0,28.91015390824299,2.7338474900239964
plain,3,recalibrated,train_probe,0.5,20,2.849145295715332,0.21686667386373173,2.480283576965332,3.255885627746582,0,22.793162365722655,1.7349333909098539
plain,3,recalibrated,test_probe,0.005,20,0.00027913055419925283,0.00018394027287924893,4.669189453121447e-05,0.0007811279296875417,0,22.33044433594023,14.715221830339914
plain,3,recalibrated,test_probe,0.01,20,0.001130287933349644,0.00045986500635137055,0.0004697418212891158,0.0022860717773437456,0,22.60575866699288,9.197300127027411
plain,3,recalibrated,test_probe,0.02,20,0.004725352478027372,0.0015085364049628128,0.002312011718750062,0.008255233764648429,0,23.626762390136857,7.542682024814064
plain,3,recalibrated,test_probe,0.025,20,0.007440425109863308,0.0023508329551654157,0.003569702148437548,0.012862976074218713,0,23.809360351562578,7.522665456529327
plain,3,recalibrated,test_probe,0.05,20,0.029475222015380876,0.007608392198689156,0.01688565063476566,0.048774566650390705,0,23.580177612304695,6.086713758951324
plain,3,recalibrated,test_probe,0.1,20,0.11346654739379884,0.023833080019072573,0.06793290710449229,0.16849696350097654,0,22.693309478759765,4.766616003814513
plain,3,recalibrated,test_probe,0.2,20,0.44857624282836916,0.07334360059749223,0.3363645629882812,0.6075676269531252,0,22.428812141418454,3.6671800298746113
plain,3,recalibrated,test_probe,0.25,20,0.7036232070922851,0.10687577962006566,0.5478479003906249,0.9630874633789064,0,22.515942626953123,3.420024947842101
plain,3,recalibrated,test_probe,0.35,20,1.3427212371826172,0.16713213964071003,1.1160735168457032,1.760980712890625,0,21.921979382573348,2.728687994134042
plain,3,recalibrated,test_probe,0.5,20,2.3323985260009765,0.225724384894261,1.9761179809570313,2.7551765136718744,0,18.659188208007812,1.805795079154088
plain,3,centre_frozen,train_probe,0.005,20,0.0015631235122680665,0.0005419801870649205,0.000839485168457027,0.0028850326538086,0,125.04988098144531,43.35841496519364
plain,3,centre_frozen,train_probe,0.01,20,0.006136523818969728,0.0021291865671387664,0.0033658332824706982,0.01154340362548828,0,122.73047637939453,42.58373134277533
plain,3,centre_frozen,train_probe,0.02,20,0.0245082971572876,0.008631806823161134,0.013355155944824199,0.04605390930175782,0,122.54148578643799,43.15903411580567
plain,3,centre_frozen,train_probe,0.025,20,0.0385782096862793,0.01366142654646183,0.02098955154418944,0.07238114166259765,0,123.45027099609369,43.71656494867784
plain,3,centre_frozen,train_probe,0.05,20,0.16199202327728274,0.05945838961363892,0.08578631973266601,0.31073694610595703,0,129.59361862182612,47.566711690911134
plain,3,centre_frozen,train_probe,0.1,20,0.715334954071045,0.27526942708601404,0.3919502944946288,1.4960223159790038,0,143.06699081420894,55.05388541720281
plain,3,centre_frozen,train_probe,0.2,20,3.204970008850098,1.1964026641295495,1.725930610656738,7.092743904113769,0,160.24850044250485,59.82013320647746
plain,3,centre_frozen,train_probe,0.25,20,5.02306316986084,1.9083125939847565,2.690471809387207,10.989812507629395,0,160.73802143554687,61.06600300751221
plain,3,centre_frozen,train_probe,0.35,20,9.625463398742676,4.1512167810886105,4.798053108215332,20.873550178527832,0,157.15042283661515,67.77496785450793
plain,3,centre_frozen,train_probe,0.5,20,21.437453730773925,9.503720877102925,9.681700325012208,43.41539319610596,0,171.4996298461914,76.0297670168234
plain,3,centre_frozen,test_probe,0.005,20,0.0013194274902343817,0.0006916714077625006,0.0005489196777344052,0.0029868469238281126,0,105.55419921875053,55.33371262100004
plain,3,centre_frozen,test_probe,0.01,20,0.0054961013793945355,0.0025666583240919185,0.0025028991699218572,0.01160929870605476,0,109.92202758789071,51.33316648183837
plain,3,centre_frozen,test_probe,0.02,20,0.02219433822631839,0.010189380001155057,0.009615447998046922,0.044895935058593794,0,110.97169113159195,50.94690000577528
plain,3,centre_frozen,test_probe,0.025,20,0.03496569442749027,0.01593732251252084,0.01517536926269536,0.07037075805664061,0,111.89022216796882,50.99943204006667
plain,3,centre_frozen,test_probe,0.05,20,0.14303290328979493,0.06371305584550122,0.0677664642333985,0.29128865051269526,0,114.42632263183596,50.970444676400966
plain,3,centre_frozen,test_probe,0.1,20,0.6111615249633792,0.266134400797334,0.3105534515380859,1.3701055908203126,0,122.23230499267576,53.226880159466795
plain,3,centre_frozen,test_probe,0.2,20,2.864912405395508,1.1744474963847653,1.4386882324218748,6.677543884277343,0,143.24562026977534,58.722374819238254
plain,3,centre_frozen,test_probe,0.25,20,4.614643017578125,1.8921688798410239,2.318623474121094,10.472035949707031,0,147.6685765625,60.549404154912764
plain,3,centre_frozen,test_probe,0.35,20,9.136837872314453,4.1564817815434605,4.356599792480469,20.262658386230466,0,149.1728632214605,67.86092704560753
plain,3,centre_frozen,test_probe,0.5,20,20.789888256835937,9.512352404177266,9.194495544433593,42.58220013427735,0,166.3191060546875,76.09881923341813
plain,4,saved,train_probe,0.005,20,0.001463302230834955,0.0004521048550622407,0.000933891296386713,0.0028778533935546746,0,117.06417846679639,36.168388404979254
plain,4,saved,train_probe,0.01,20,0.0058758764266967755,0.001819319306721498,0.0035017852783203185,0.011483516693115231,0,117.51752853393552,36.386386134429955
plain,4,saved,train_probe,0.02,20,0.02406090469360351,0.007557290182514025,0.014165790557861324,0.0474172897338867,0,120.30452346801755,37.786450912570125
plain,4,saved,train_probe,0.025,20,0.0379118444442749,0.012104745602846762,0.0223524055480957,0.07552417755126953,0,121.31790222167965,38.73518592910964
plain,4,saved,train_probe,0.05,20,0.15873204402923585,0.05435343375075167,0.09206915283203126,0.33108198547363277,0,126.98563522338864,43.48274700060133
plain,4,saved,train_probe,0.1,20,0.6979450706481933,0.25448161862551266,0.37293284606933597,1.4713568267822268,0,139.58901412963866,50.896323725102526
plain,4,saved,train_probe,0.2,20,3.103362031555176,1.0146373780523794,1.569173355102539,5.021336807250976,0,155.16810157775876,50.731868902618956
plain,4,saved,train_probe,0.25,20,4.904269625854492,1.5471361494719307,2.5845876007080077,7.913531387329102,0,156.93662802734374,49.50835678310178
plain,4,saved,train_probe,0.35,20,9.482637759399415,2.9966379872199864,5.689112808227539,16.87739295959473,0,154.81857566366392,48.92470183216306
plain,4,saved,train_probe,0.5,20,19.89883048400879,6.510085878620522,11.61510121154785,37.22180140686035,0,159.19064387207032,52.08068702896418
plain,4,saved,test_probe,0.005,20,0.0011519866943359824,0.0005794534891228007,0.000208251953125127,0.002704925537109437,0,92.1589355468786,46.35627912982405
plain,4,saved,test_probe,0.01,20,0.004493524169921925,0.0023462800376555996,0.0010813446044922737,0.010947235107421904,0,89.87048339843851,46.92560075311199
plain,4,saved,test_probe,0.02,20,0.0188593742370606,0.00930362532634558,0.005658172607421963,0.043992782592773505,0,94.296871185303,46.5181266317279
plain,4,saved,test_probe,0.025,20,0.03003549118041997,0.014445927376371518,0.010021697998046863,0.06959072875976569,0,96.11357177734388,46.22696760438885
plain,4,saved,test_probe,0.05,20,0.12699744567871102,0.05984680365744647,0.04780216979980467,0.3041371765136721,0,101.59795654296877,47.87744292595716
plain,4,saved,test_probe,0.1,20,0.5711698097229005,0.25728321526421993,0.23751269531250008,1.3414205322265627,0,114.23396194458005,51.45664305284398
plain,4,saved,test_probe,0.2,20,2.7496309432983397,1.0018445724737242,1.2365108642578124,4.6440783081054695,0,137.48154716491698,50.0922286236862
plain,4,saved,test_probe,0.25,20,4.453364620971679,1.52217689952717,2.146521789550781,7.433858337402344,0,142.50766787109373,48.70966078486944
plain,4,saved,test_probe,0.35,20,8.913238684082033,2.932363204979401,5.1247555541992185,16.203285583496093,0,145.52226422991072,47.87531763231675
plain,4,saved,test_probe,0.5,20,19.221044921875002,6.438206505653041,11.029473571777345,36.348415222167965,0,153.76835937500002,51.50565204522433
plain,4,recalibrated,train_probe,0.005,20,0.000551368904113772,0.00010927529213047794,0.0003793601989746098,0.0007715835571289187,0,44.10951232910177,8.742023370438236
plain,4,recalibrated,train_probe,0.01,20,0.002215162277221683,0.0003863368467761293,0.0015340461730957156,0.002942764282226562,0,44.30324554443366,7.726736935522585
plain,4,recalibrated,train_probe,0.02,20,0.008706684494018556,0.0015450152450288467,0.005939174652099616,0.01187224578857421,0,43.53342247009277,7.725076225144233
plain,4,recalibrated,train_probe,0.025,20,0.013447791671752928,0.002363957156953939,0.009154743194580095,0.018311786651611317,0,43.03293334960938,7.564662902252603
plain,4,recalibrated,train_probe,0.05,20,0.051465959930419934,0.008641516757587897,0.035725006103515644,0.06937169647216795,0,41.17276794433593,6.913213406070315
plain,4,recalibrated,train_probe,0.1,20,0.19197876052856447,0.03037597672857728,0.13459474945068362,0.26008746337890626,0,38.39575210571289,6.075195345715454
plain,4,recalibrated,train_probe,0.2,20,0.6867645973205566,0.09862709873376656,0.4886979522705078,0.91924267578125,0,34.338229866027824,4.931354936688328
plain,4,recalibrated,train_probe,0.25,20,1.0211390838623047,0.13823965119076495,0.7215596923828125,1.3254972229003905,0,32.67645068359375,4.423668838104478
plain,4,recalibrated,train_probe,0.35,20,1.7936174880981444,0.21054935099462768,1.2852330627441406,2.1728262939453127,0,29.283550826092164,3.4375404244020853
plain,4,recalibrated,train_probe,0.5,20,2.9296318420410157,0.29827524188495946,2.240747528076172,3.2909109802246093,0,23.437054736328125,2.3862019350796757
plain,4,recalibrated,test_probe,0.005,20,0.00016786804199222515,0.00017112293816668212,-8.563232421865408e-05,0.0004987487792968981,3,13.429443359378016,13.689835053334567
plain,4,recalibrated,test_probe,0.01,20,0.000908203887939485,0.0004731611192637079,0.0002500915527343661,0.0020241088867187784,0,18.1640777587897,9.46322238527416
plain,4,recalibrated,test_probe,0.02,20,0.0035336601257324684,0.0015621242717877904,0.0011825103759766087,0.007436706542968796,0,17.66830062866234,7.810621358938953
plain,4,recalibrated,test_probe,0.025,20,0.00547589797973636,0.002295142885319576,0.002384628295898472,0.010873748779296921,0,17.52287353515635,7.344457233022641
plain,4,recalibrated,test_probe,0.05,20,0.02242002029418948,0.006799578276309405,0.0129584045410156,0.04115785217285162,0,17.93601623535158,5.439662621047524
plain,4,recalibrated,test_probe,0.1,20,0.09528635940551762,0.02171139019351211,0.06267515563964854,0.15395544433593755,0,19.05727188110352,4.342278038702421
plain,4,recalibrated,test_probe,0.2,20,0.42071414566040033,0.07961443177920835,0.26659716796875,0.6343254699707033,0,21.035707283020017,3.9807215889604173
plain,4,recalibrated,test_probe,0.25,20,0.6793300796508788,0.11586588463467813,0.4318049621582032,0.9432066345214845,0,21.73856254882812,3.7077083083097
plain,4,recalibrated,test_probe,0.35,20,1.342246098327637,0.19901590006270267,0.8938711242675781,1.6305364685058592,0,21.91422201351244,3.2492391846971875
plain,4,recalibrated,test_probe,0.5,20,2.3970169860839845,0.30737018361691465,1.7621794738769534,2.788394622802734,0,19.176135888671876,2.458961468935317
plain,4,centre_frozen,train_probe,0.005,20,0.0015018095016479493,0.0004582610717932832,0.0008343048095703076,0.00283222198486327,0,120.14476013183597,36.66088574346266
plain,4,centre_frozen,train_probe,0.01,20,0.006044944763183594,0.0018076487873853312,0.0035975341796875004,0.011406890869140651,0,120.89889526367185,36.15297574770663
plain,4,centre_frozen,train_probe,0.02,20,0.024330990982055663,0.007493090258573616,0.01472217941284179,0.04714429473876952,0,121.65495491027832,37.465451292868075
plain,4,centre_frozen,train_probe,0.025,20,0.03832097816467285,0.012078691284001653,0.0230331153869629,0.07552603530883789,0,122.6271301269531,38.65181210880528
plain,4,centre_frozen,train_probe,0.05,20,0.16078039798736574,0.05501908549726223,0.09461343002319339,0.33566208648681645,0,128.62431838989252,44.01526839780977
plain,4,centre_frozen,train_probe,0.1,20,0.7095411819458007,0.25667076394645805,0.38382737731933597,1.484749298095703,0,141.9082363891601,51.3341527892916
plain,4,centre_frozen,train_probe,0.2,20,3.124786747741699,1.0059071935228123,1.6177007751464845,4.9999657897949215,0,156.23933738708496,50.295359676140606
plain,4,centre_frozen,train_probe,0.25,20,4.918430416870118,1.5321398664075223,2.6450309753417964,8.018276336669922,0,157.38977333984377,49.028475725040714
plain,4,centre_frozen,train_probe,0.35,20,9.481451513671875,2.9800242328757247,5.72401937866211,17.001881317138672,0,154.7992083864796,48.65345686327714
plain,4,centre_frozen,train_probe,0.5,20,19.922384747314457,6.5169415764085095,11.547592742919921,37.434525360107415,0,159.37907797851565,52.135532611268076
plain,4,centre_frozen,test_probe,0.005,20,0.0011688827514648836,0.0006250507800141205,0.0002504272460938095,0.002883773803710965,0,93.5106201171907,50.00406240112964
plain,4,centre_frozen,test_probe,0.01,20,0.004809363555908236,0.002429739101946176,0.0012323303222656623,0.011364410400390712,0,96.18727111816472,48.59478203892351
plain,4,centre_frozen,test_probe,0.02,20,0.019538005828857445,0.009389003000521381,0.006161315917968757,0.04507812500000008,0,97.69002914428724,46.945015002606915
plain,4,centre_frozen,test_probe,0.025,20,0.030887771606445336,0.014678587802440005,0.010558425903320345,0.07169924926757809,0,98.84086914062505,46.971480967808
plain,4,centre_frozen,test_probe,0.05,20,0.13006123275756837,0.06032938996371599,0.05036669921875003,0.3077164154052734,0,104.04898620605468,48.26351197097278
plain,4,centre_frozen,test_probe,0.1,20,0.582964505004883,0.25782839601139584,0.24743534851074223,1.3457279357910155,0,116.59290100097655,51.565679202279156
plain,4,centre_frozen,test_probe,0.2,20,2.766475724792481,0.9902878778763176,1.2749473876953124,4.610596527099609,0,138.32378623962398,49.514393893815864
plain,4,centre_frozen,test_probe,0.25,20,4.462734951782227,1.5033646356006054,2.198725311279297,7.531828094482422,0,142.80751845703125,48.10766833921937
plain,4,centre_frozen,test_probe,0.35,20,8.90925082397461,2.9154516147767993,5.195894134521484,16.327550506591795,0,145.45715630978955,47.59921003717224
plain,4,centre_frozen,test_probe,0.5,20,19.24208502807617,6.447275062382946,10.958392791748047,36.56476705932617,0,153.93668022460935,51.57820049906357
resolution_max_b1,0,saved,train_probe,0.005,20,0.0009901054382324248,0.00023425681399163304,0.0005913238525390718,0.0015110855102539178,0,79.20843505859399,18.74054511933064
resolution_max_b1,0,saved,train_probe,0.01,20,0.0039337116241455194,0.0009264802066215445,0.002384735107421876,0.006139221191406252,0,78.6742324829104,18.52960413243089
resolution_max_b1,0,saved,train_probe,0.02,20,0.01552756996154786,0.003613813971302203,0.00955817413330079,0.024963058471679733,0,77.6378498077393,18.069069856511014
resolution_max_b1,0,saved,train_probe,0.025,20,0.024211091995239263,0.005708732184180378,0.014754516601562517,0.0394612197875977,0,77.47549438476562,18.267942989377207
resolution_max_b1,0,saved,train_probe,0.05,20,0.09873520317077639,0.025567613323880196,0.056714256286621134,0.17145472717285154,0,78.9881625366211,20.454090659104153
resolution_max_b1,0,saved,train_probe,0.1,20,0.4337452308654786,0.12878135562028278,0.23055438232421882,0.8082489318847657,0,86.7490461730957,25.75627112405655
resolution_max_b1,0,saved,train_probe,0.2,20,2.1201375030517573,0.6510042947413168,1.0427604064941407,3.780453216552734,0,106.00687515258787,32.55021473706583
resolution_max_b1,0,saved,train_probe,0.25,20,3.4825484725952145,1.029302290408853,1.7467663269042972,5.830366241455078,0,111.44155112304686,32.93767329308329
resolution_max_b1,0,saved,train_probe,0.35,20,7.103127160644531,1.9961076897836834,3.593585662841797,10.491017913818359,0,115.96942303093113,32.58951330259075
resolution_max_b1,0,saved,train_probe,0.5,20,16.583801226806642,4.520894257936677,7.617115936279298,23.094459686279297,0,132.67040981445314,36.16715406349341
resolution_max_b1,0,saved,test_probe,0.005,20,0.0008508949279785128,0.00027186034603730007,0.0004842376708984464,0.0017932128906249512,0,68.07159423828101,21.748827682984
resolution_max_b1,0,saved,test_probe,0.01,20,0.0033760162353515867,0.0009647581289283597,0.0021557922363281135,0.006550369262695366,0,67.52032470703173,19.29516257856719
resolution_max_b1,0,saved,test_probe,0.02,20,0.013184769439697264,0.003791965265092251,0.008125701904296845,0.026099960327148453,0,65.9238471984863,18.95982632546125
resolution_max_b1,0,saved,test_probe,0.025,20,0.020456007385253917,0.005866977271572381,0.012409545898437457,0.040424377441406256,0,65.45922363281252,18.77432726903162
resolution_max_b1,0,saved,test_probe,0.05,20,0.08411589355468749,0.024964426033338625,0.04638392639160149,0.16515666198730472,0,67.29271484374996,19.9715408266709
resolution_max_b1,0,saved,test_probe,0.1,20,0.38644730911254876,0.12387517237734895,0.1960011291503907,0.7584346618652342,0,77.28946182250975,24.77503447546979
resolution_max_b1,0,saved,test_probe,0.2,20,2.005909959411621,0.6347112680445439,0.95555419921875,3.566082489013672,0,100.29549797058104,31.73556340222719
resolution_max_b1,0,saved,test_probe,0.25,20,3.337556492614746,1.0116117237577158,1.6078334350585937,5.575540802001953,0,106.80180776367187,32.371575160246906
resolution_max_b1,0,saved,test_probe,0.35,20,6.903779254150391,1.9690298115528424,3.444143035888672,10.22915365600586,0,112.71476333306764,32.14742549474029
resolution_max_b1,0,saved,test_probe,0.5,20,16.310109033203126,4.500099523414824,7.440001068115234,22.766175750732423,0,130.480872265625,36.00079618731859
resolution_max_b1,0,recalibrated,train_probe,0.005,20,0.00033923149108887053,8.709886717148781e-05,0.0002556304931640718,0.0006361846923828018,0,27.138519287109638,6.967909373719025
resolution_max_b1,0,recalibrated,train_probe,0.01,20,0.0013799541473388743,0.00031652846719804333,0.0010652084350585844,0.0022638473510742108,0,27.599082946777486,6.330569343960866
resolution_max_b1,0,recalibrated,train_probe,0.02,20,0.005481265258789061,0.0011149226568760854,0.004257804870605453,0.008286865234374996,0,27.406326293945305,5.574613284380426
resolution_max_b1,0,recalibrated,train_probe,0.025,20,0.008495226669311531,0.0016587142566298094,0.006512695312499983,0.01277688598632809,0,27.184725341796895,5.307885621215388
resolution_max_b1,0,recalibrated,train_probe,0.05,20,0.033060627365112304,0.005642139893199759,0.025464660644531234,0.04883214569091798,0,26.448501892089837,4.513711914559806
resolution_max_b1,0,recalibrated,train_probe,0.1,20,0.1276066207885742,0.018339762324247267,0.09797935485839843,0.16858524322509766,0,25.521324157714844,3.6679524648494524
resolution_max_b1,0,recalibrated,train_probe,0.2,20,0.4836103637695312,0.06313882377788997,0.36089933776855476,0.628531723022461,0,24.180518188476558,3.1569411888944985
resolution_max_b1,0,recalibrated,train_probe,0.25,20,0.7372964172363281,0.08729702930883941,0.5516880645751954,0.9166005401611328,0,23.5934853515625,2.793504937882861
resolution_max_b1,0,recalibrated,train_probe,0.35,20,1.3653990997314451,0.13682746801183068,1.064923110961914,1.6405113677978516,0,22.29223019969707,2.233917845091113
resolution_max_b1,0,recalibrated,train_probe,0.5,20,2.378597543334961,0.1939716641959234,2.0275432281494146,2.789755630493164,0,19.02878034667969,1.5517733135673872
resolution_max_b1,0,recalibrated,test_probe,0.005,20,0.0002753204345702975,8.99533073823843e-05,0.0001035766601562571,0.0005108032226561754,0,22.0256347656238,7.1962645905907445
resolution_max_b1,0,recalibrated,test_probe,0.01,20,0.0010339340209960745,0.0002494698233964165,0.0005767974853515545,0.0016195983886718723,0,20.678680419921488,4.989396467928329
resolution_max_b1,0,recalibrated,test_probe,0.02,20,0.0036645965576171725,0.0007118956035400681,0.0019595794677733647,0.004900573730468816,0,18.322982788085863,3.5594780177003402
resolution_max_b1,0,recalibrated,test_probe,0.025,20,0.005587055969238264,0.0010809080038295792,0.0028193817138670862,0.007286895751953182,0,17.878579101562437,3.4589056122546538
resolution_max_b1,0,recalibrated,test_probe,0.05,20,0.021602412414550777,0.003752428925045114,0.0133469543457031,0.028202331542968695,0,17.281929931640615,3.00194314003609
resolution_max_b1,0,recalibrated,test_probe,0.1,20,0.09012813644409176,0.014977944240440556,0.06524191284179692,0.11810379028320317,0,18.02562728881835,2.9955888480881105
resolution_max_b1,0,recalibrated,test_probe,0.2,20,0.3909028099060059,0.06454828035570957,0.2641952514648438,0.521802047729492,0,19.545140495300288,3.2274140177854775
resolution_max_b1,0,recalibrated,test_probe,0.25,20,0.6153166976928711,0.08859611170171412,0.42960366821289053,0.76856787109375,0,19.690134326171876,2.835075574454852
resolution_max_b1,0,recalibrated,test_probe,0.35,20,1.1969159866333006,0.13055684369811998,0.9268763122558594,1.4005925903320313,0,19.54148549605389,2.131540305275429
resolution_max_b1,0,recalibrated,test_probe,0.5,20,2.1754533691406253,0.19316343271513164,1.85540771484375,2.4862440795898437,0,17.403626953125002,1.5453074617210532
resolution_max_b1,0,centre_frozen,train_probe,0.005,20,0.0010059871673584048,0.00022895315115167183,0.0006679382324218386,0.0016346435546875093,0,80.47897338867237,18.31625209213374
resolution_max_b1,0,centre_frozen,train_probe,0.01,20,0.004021663284301749,0.0009058676233119845,0.0026899337768554465,0.006465583801269492,0,80.43326568603497,18.117352466239687
resolution_max_b1,0,centre_frozen,train_probe,0.02,20,0.01581617660522461,0.003634200806349261,0.010186996459960906,0.02598754119873048,0,79.08088302612305,18.171004031746307
resolution_max_b1,0,centre_frozen,train_probe,0.025,20,0.024651453399658206,0.005751745921750999,0.01573986053466797,0.040945800781249986,0,78.88465087890624,18.405586949603194
resolution_max_b1,0,centre_frozen,train_probe,0.05,20,0.10029276733398437,0.02590846333356137,0.059704063415527364,0.17626019287109373,0,80.23421386718749,20.726770666849088
resolution_max_b1,0,centre_frozen,train_probe,0.1,20,0.43955322494506843,0.12985353322971768,0.24144192504882822,0.8239714813232422,0,87.91064498901366,25.970706645943537
resolution_max_b1,0,centre_frozen,train_probe,0.2,20,2.150605366516113,0.6593853177665986,1.0823760528564452,3.871581863403321,0,107.53026832580565,32.96926588832992
resolution_max_b1,0,centre_frozen,train_probe,0.25,20,3.5365842285156255,1.0432821436404585,1.7990779571533204,5.9623790435791015,0,113.17069531250002,33.38502859649467
resolution_max_b1,0,centre_frozen,train_probe,0.35,20,7.217323321533202,2.0321759438795155,3.6461743927001953,10.696686294555665,0,117.83385014748087,33.17838275721658
resolution_max_b1,0,centre_frozen,train_probe,0.5,20,16.83922320251465,4.585027532608693,7.686598403930663,23.379742324829103,0,134.7137856201172,36.68022026086955
resolution_max_b1,0,centre_frozen,test_probe,0.005,20,0.0009153228759765375,0.0002620417299217041,0.0005974121093750284,0.0017500152587890394,0,73.22583007812298,20.963338393736333
resolution_max_b1,0,centre_frozen,test_probe,0.01,20,0.0034886642456054494,0.0009247460717856423,0.0022892913818359784,0.0066013336181640625,0,69.77328491210899,18.494921435712847
resolution_max_b1,0,centre_frozen,test_probe,0.02,20,0.01329579162597655,0.0037671395674548375,0.008396911621093794,0.0264708099365234,0,66.47895812988276,18.835697837274186
resolution_max_b1,0,centre_frozen,test_probe,0.025,20,0.020614373779296886,0.00587144811629974,0.012683807373046863,0.04099961853027345,0,65.96599609375001,18.788633972159168
resolution_max_b1,0,centre_frozen,test_probe,0.05,20,0.08493962326049805,0.025437146934902895,0.048337585449218734,0.16949713134765632,0,67.95169860839842,20.349717547922314
resolution_max_b1,0,centre_frozen,test_probe,0.1,20,0.3915441825866699,0.12608542748339574,0.20515110778808587,0.7787555541992188,0,78.30883651733396,25.217085496679132
resolution_max_b1,0,centre_frozen,test_probe,0.2,20,2.0365607177734377,0.6419945127982534,0.9979937744140623,3.6544749755859374,0,101.82803588867186,32.09972563991266
resolution_max_b1,0,centre_frozen,test_probe,0.25,20,3.392744651794434,1.0251504048078472,1.6633558044433596,5.708853088378907,0,108.56782885742189,32.80481295385111
resolution_max_b1,0,centre_frozen,test_probe,0.35,20,7.0192290069580086,2.0046947227007204,3.5032617187499997,10.442190734863281,0,114.59965725645729,32.729709758379116
resolution_max_b1,0,centre_frozen,test_probe,0.5,20,16.56538615722656,4.564297634633398,7.513039978027344,23.04124237060547,0,132.52308925781247,36.514381077067185
resolution_max_b1,1,saved,train_probe,0.005,20,0.0010952739715576142,0.000340559480958981,0.0006102600097656619,0.002298080444335937,0,87.62191772460913,27.24475847671848
resolution_max_b1,1,saved,train_probe,0.01,20,0.004373795318603516,0.0013509167841267544,0.002521896362304654,0.00919857025146481,0,87.47590637207031,27.01833568253508
resolution_max_b1,1,saved,train_probe,0.02,20,0.017549743270874017,0.0055171892519466186,0.0100248718261719,0.037430908203124946,0,87.74871635437006,27.585946259733092
resolution_max_b1,1,saved,train_probe,0.025,20,0.027395166397094717,0.008704777788868837,0.015514839172363237,0.05889921569824219,0,87.6645324707031,27.855288924380275
resolution_max_b1,1,saved,train_probe,0.05,20,0.11127819213867188,0.03705733948499754,0.06562669372558594,0.2459603195190429,0,89.02255371093749,29.645871587998027
resolution_max_b1,1,saved,train_probe,0.1,20,0.500111173248291,0.1810580611281732,0.2933397979736328,1.1340753936767578,0,100.02223464965819,36.211612225634624
resolution_max_b1,1,saved,train_probe,0.2,20,2.5700424530029298,0.8510571389929967,1.4903285980224612,4.852330551147461,0,128.50212265014648,42.55285694964983
resolution_max_b1,1,saved,train_probe,0.25,20,4.258087414550782,1.2809299648876755,2.4836141815185546,7.111075607299806,0,136.25879726562502,40.98975887640562
resolution_max_b1,1,saved,train_probe,0.35,20,8.636901065063475,2.2286301872494727,5.157623458862305,12.804319992065428,0,141.01062963368943,36.385798975501594
resolution_max_b1,1,saved,train_probe,0.5,20,19.283840145874024,5.396210739061249,10.420701583862305,33.72163688659668,0,154.2707211669922,43.16968591248999
resolution_max_b1,1,saved,test_probe,0.005,20,0.0009671104431152489,0.0003626919438904314,0.0005600891113282103,0.0022462310791016016,0,77.3688354492199,29.015355511234514
resolution_max_b1,1,saved,test_probe,0.01,20,0.003988505554199212,0.0015247992030782878,0.0021387176513671946,0.0093725891113281,0,79.77011108398423,30.495984061565753
resolution_max_b1,1,saved,test_probe,0.02,20,0.01607310714721682,0.00628238907183087,0.009228775024413993,0.03837159729003914,0,80.36553573608413,31.411945359154345
resolution_max_b1,1,saved,test_probe,0.025,20,0.025140747070312518,0.009992905092582703,0.014064620971679709,0.06081239318847653,0,80.45039062500004,31.97729629626465
resolution_max_b1,1,saved,test_probe,0.05,20,0.1028121635437012,0.04229566366756764,0.058546508789062424,0.25554887390136716,0,82.24973083496096,33.83653093405411
resolution_max_b1,1,saved,test_probe,0.1,20,0.459289469909668,0.1905593857977034,0.24205192565917977,1.1275198974609375,0,91.85789398193359,38.111877159540676
resolution_max_b1,1,saved,test_probe,0.2,20,2.4413972412109377,0.8534701358367123,1.3397810974121094,4.708256561279297,0,122.06986206054687,42.67350679183561
resolution_max_b1,1,saved,test_probe,0.25,20,4.08951100769043,1.2694288978049333,2.3348830261230473,6.91393344116211,0,130.86435224609377,40.621724729757865
resolution_max_b1,1,saved,test_probe,0.35,20,8.397582196044922,2.2133602816281215,5.092086883544923,12.528208099365234,0,137.10338279257016,36.136494393928515
resolution_max_b1,1,saved,test_probe,0.5,20,18.90386004638672,5.380080335403769,9.924734588623048,33.37752670288086,0,151.23088037109375,43.04064268323015
resolution_max_b1,1,recalibrated,train_probe,0.005,20,0.0003169334411621344,6.759812179244752e-05,0.00019087219238284048,0.00048207092285162956,0,25.354675292970754,5.407849743395801
resolution_max_b1,1,recalibrated,train_probe,0.01,20,0.001299535751342798,0.0002336068173988331,0.0009285736083984308,0.0019331893920898624,0,25.99071502685596,4.672136347976662
resolution_max_b1,1,recalibrated,train_probe,0.02,20,0.005353822326660174,0.0008871644650629291,0.00392940521240237,0.007658119201660207,0,26.769111633300867,4.435822325314646
resolution_max_b1,1,recalibrated,train_probe,0.025,20,0.008378232192993187,0.0013572958094914668,0.006144493103027393,0.011883804321289049,0,26.81034301757819,4.343346590372692
resolution_max_b1,1,recalibrated,train_probe,0.05,20,0.033189323043823285,0.005386734840671635,0.02462974548339847,0.04750254058837894,0,26.551458435058617,4.309387872537307
resolution_max_b1,1,recalibrated,train_probe,0.1,20,0.12750959548950197,0.02093217231901643,0.0970332794189453,0.1835276260375977,0,25.50191909790039,4.186434463803286
resolution_max_b1,1,recalibrated,train_probe,0.2,20,0.4964131401062012,0.08068131118011244,0.3531596069335938,0.6658551940917969,0,24.820657005310057,4.034065559005621
resolution_max_b1,1,recalibrated,train_probe,0.25,20,0.7698377937316895,0.12575774890982677,0.5357862243652345,0.9892472534179688,0,24.634809399414063,4.024247965114457
resolution_max_b1,1,recalibrated,train_probe,0.35,20,1.437902848815918,0.22522249110293002,1.0087759094238282,1.8428965148925782,0,23.475964878627234,3.6771018955580415
resolution_max_b1,1,recalibrated,train_probe,0.5,20,2.44775352935791,0.33236684659282095,1.82257861328125,3.3332498474121093,0,19.58202823486328,2.6589347727425676
resolution_max_b1,1,recalibrated,test_probe,0.005,20,0.00031781692504886385,0.0001092250247118298,0.00017002868652338243,0.0005140838623047816,0,25.425354003909103,8.738001976946384
resolution_max_b1,1,recalibrated,test_probe,0.01,20,0.0012388488769531692,0.00035707455338774056,0.0006796417236327734,0.0018621826171876243,0,24.77697753906338,7.141491067754811
resolution_max_b1,1,recalibrated,test_probe,0.02,20,0.0045639358520508325,0.0011280432156373086,0.002567825317382866,0.006527374267578212,0,22.819679260254162,5.640216078186542
resolution_max_b1,1,recalibrated,test_probe,0.025,20,0.00696072769165042,0.0016473344977563982,0.0040077667236328995,0.010237930297851583,0,22.274328613281345,5.271470392820474
resolution_max_b1,1,recalibrated,test_probe,0.05,20,0.025574848175048855,0.005629900737760963,0.015763458251953244,0.03954573059082034,0,20.459878540039078,4.50392059020877
resolution_max_b1,1,recalibrated,test_probe,0.1,20,0.09640161743164066,0.019867792841516137,0.06561741638183594,0.14875053405761718,0,19.28032348632813,3.973558568303227
resolution_max_b1,1,recalibrated,test_probe,0.2,20,0.3936639373779297,0.07700102697560357,0.26812789916992186,0.5450081176757813,0,19.68319686889648,3.850051348780178
resolution_max_b1,1,recalibrated,test_probe,0.25,20,0.6317660263061524,0.12169679772051623,0.41772447204589847,0.8360256652832032,0,20.216512841796877,3.894297527056519
resolution_max_b1,1,recalibrated,test_probe,0.35,20,1.2431722732543946,0.2219906434687786,0.830700439453125,1.6855634765625,0,20.296690175581958,3.624337036224957
resolution_max_b1,1,recalibrated,test_probe,0.5,20,2.208273840332031,0.33171274821861885,1.5841670532226562,3.1192049560546877,0,17.666190722656246,2.6537019857489508
resolution_max_b1,1,centre_frozen,train_probe,0.005,20,0.0010708774566650509,0.00033270423712491277,0.000600532531738307,0.0022721405029297315,0,85.67019653320406,26.61633896999302
resolution_max_b1,1,centre_frozen,train_probe,0.01,20,0.004329077529907246,0.0013448431999525392,0.0026025848388671613,0.00918354034423835,0,86.58155059814493,26.896863999050783
resolution_max_b1,1,centre_frozen,train_probe,0.02,20,0.017401561737060575,0.005553347935895527,0.010203277587890691,0.037606994628906265,0,87.00780868530288,27.766739679477638
resolution_max_b1,1,centre_frozen,train_probe,0.025,20,0.027199362564086938,0.008799143005277487,0.015623435974121136,0.05935965728759768,0,87.03796020507818,28.15725761688795
resolution_max_b1,1,centre_frozen,train_probe,0.05,20,0.11045972938537596,0.03767886648950903,0.06600852966308596,0.24890972137451167,0,88.36778350830079,30.143093191607214
resolution_max_b1,1,centre_frozen,train_probe,0.1,20,0.49551306762695313,0.18305719992271563,0.29359776306152346,1.14432568359375,0,99.10261352539064,36.61143998454311
resolution_max_b1,1,centre_frozen,train_probe,0.2,20,2.538777780151367,0.8431686465781925,1.4783332824707032,4.880078399658204,0,126.93888900756835,42.15843232890961
resolution_max_b1,1,centre_frozen,train_probe,0.25,20,4.203210015869141,1.2557458395959675,2.455669158935547,7.116150909423829,0,134.5027205078125,40.18386686707096
resolution_max_b1,1,centre_frozen,train_probe,0.35,20,8.522473541259767,2.1683490099653335,5.028693145751953,12.731335845947266,0,139.14242516342478,35.401616489229944
resolution_max_b1,1,centre_frozen,train_probe,0.5,20,18.968414990234375,5.285630236052131,10.198322052001954,33.17540664672852,0,151.747319921875,42.28504188841705
resolution_max_b1,1,centre_frozen,test_probe,0.005,20,0.001058360290527377,0.00039294842975977275,0.0006309661865234739,0.002392120361328187,0,84.66882324219017,31.435874380781822
resolution_max_b1,1,centre_frozen,test_probe,0.01,20,0.004112522888183645,0.0015549494054677457,0.00217779541015628,0.009598602294921932,0,82.2504577636729,31.09898810935491
resolution_max_b1,1,centre_frozen,test_probe,0.02,20,0.016118176269531277,0.0063147474070352465,0.009255706787109408,0.03859692382812496,0,80.59088134765638,31.57373703517623
resolution_max_b1,1,centre_frozen,test_probe,0.025,20,0.025070518493652383,0.010053675482843248,0.014278579711914041,0.061082916259765696,0,80.2256591796876,32.171761545098384
resolution_max_b1,1,centre_frozen,test_probe,0.05,20,0.1016776275634766,0.0426275055370381,0.05867794799804693,0.256600570678711,0,81.34210205078126,34.10200442963047
resolution_max_b1,1,centre_frozen,test_probe,0.1,20,0.4531699188232422,0.1919985543278887,0.24225408935546877,1.1345801696777345,0,90.63398376464843,38.39971086557773
resolution_max_b1,1,centre_frozen,test_probe,0.2,20,2.4073274261474613,0.8443890416546237,1.3216369934082033,4.733361938476563,0,120.36637130737302,42.21945208273117
resolution_max_b1,1,centre_frozen,test_probe,0.25,20,4.032879025268555,1.2436501914981128,2.2988638916015622,6.91576123046875,0,129.05212880859375,39.79680612793961
resolution_max_b1,1,centre_frozen,test_probe,0.35,20,8.284330133056638,2.1537444267881365,4.9421888427734375,12.4552783203125,0,135.25436951929208,35.16317431490835
resolution_max_b1,1,centre_frozen,test_probe,0.5,20,18.59746798095703,5.268487290314619,9.70910546875,32.83753564453125,0,148.77974384765625,42.14789832251695
resolution_max_b1,2,saved,train_probe,0.005,20,0.0009273006439208864,0.0003433302462403914,0.0005489044189452841,0.0022094573974609233,0,74.18405151367091,27.46641969923131
resolution_max_b1,2,saved,train_probe,0.01,20,0.003859950256347641,0.0013910904276594844,0.0022651519775390705,0.009103477478027311,0,77.19900512695281,27.821808553189694
resolution_max_b1,2,saved,train_probe,0.02,20,0.015752249908447258,0.005640590242008349,0.009715217590332004,0.03674793243408203,0,78.7612495422363,28.202951210041743
resolution_max_b1,2,saved,train_probe,0.025,20,0.024732865905761715,0.008815789708556076,0.015284698486328074,0.05733274841308594,0,79.14517089843746,28.210527067379438
resolution_max_b1,2,saved,train_probe,0.05,20,0.10211292648315426,0.037315835274641405,0.06441471862792969,0.23980895996093743,0,81.69034118652341,29.85266821971312
resolution_max_b1,2,saved,train_probe,0.1,20,0.45676535339355473,0.18719510364335168,0.27646955871582035,1.136812744140625,0,91.35307067871094,37.43902072867033
resolution_max_b1,2,saved,train_probe,0.2,20,2.308367546081543,0.9373653261007713,1.5110209960937502,5.1746550598144525,0,115.41837730407713,46.86826630503856
resolution_max_b1,2,saved,train_probe,0.25,20,3.8726374999999997,1.397245796002979,2.660826141357422,7.584180328369141,0,123.92439999999999,44.711865472095326
resolution_max_b1,2,saved,train_probe,0.35,20,8.228581484985352,2.323142122128854,5.790582000732422,13.241070587158204,0,134.34418750996494,37.92885097353232
resolution_max_b1,2,saved,train_probe,0.5,20,19.914867132568357,6.162924219578513,12.066388458251954,32.95476834106445,0,159.31893706054686,49.303393756628104
resolution_max_b1,2,saved,test_probe,0.005,20,0.0008961708068847774,0.0003436615728885603,0.0005447845458984579,0.0022123107910155815,0,71.69366455078219,27.492925831084822
resolution_max_b1,2,saved,test_probe,0.01,20,0.0034102485656738513,0.001342784345276575,0.0018134613037109615,0.008561050415039073,0,68.20497131347702,26.85568690553149
resolution_max_b1,2,saved,test_probe,0.02,20,0.013442324829101576,0.00546387559194212,0.007255233764648428,0.03441828918457035,0,67.21162414550788,27.319377959710604
resolution_max_b1,2,saved,test_probe,0.025,20,0.021095660400390653,0.008588606226777673,0.011351699829101558,0.053872314453125014,0,67.50611328125008,27.483539925688554
resolution_max_b1,2,saved,test_probe,0.05,20,0.08796348648071292,0.036472860496356736,0.04760157775878904,0.22617549133300785,0,70.37078918457033,29.178288397085385
resolution_max_b1,2,saved,test_probe,0.1,20,0.40768477249145507,0.18251087937714558,0.22358326721191413,1.0789100341796876,0,81.53695449829101,36.50217587542911
resolution_max_b1,2,saved,test_probe,0.2,20,2.163459242248535,0.9091361288781913,1.3475364990234375,4.997482208251953,0,108.17296211242676,45.45680644390956
resolution_max_b1,2,saved,test_probe,0.25,20,3.6792689361572264,1.343577768649567,2.462634796142578,7.2538395080566405,0,117.73660595703124,42.99448859678614
resolution_max_b1,2,saved,test_probe,0.35,20,7.940877246093751,2.2466461788532297,5.478011810302734,12.860385345458985,0,129.6469754464286,36.679937613930285
resolution_max_b1,2,saved,test_probe,0.5,20,19.421212341308593,6.010562771602247,11.831941497802735,32.18544711303711,0,155.36969873046874,48.08450217281798
resolution_max_b1,2,recalibrated,train_probe,0.005,20,0.00027463569641112686,5.9985424174067286e-05,0.0001730194091796866,0.0004005279541015594,0,21.97085571289015,4.798833933925383
resolution_max_b1,2,recalibrated,train_probe,0.01,20,0.0012440063476562458,0.00026492671797902326,0.000899002075195332,0.0019347229003906508,0,24.880126953124915,5.298534359580464
resolution_max_b1,2,recalibrated,train_probe,0.02,20,0.005378648376464834,0.0011653418541721478,0.0035852737426758097,0.008107513427734359,0,26.89324188232417,5.826709270860738
resolution_max_b1,2,recalibrated,train_probe,0.025,20,0.008494845199584952,0.001835984408990839,0.005642662048339853,0.012725730895996046,0,27.183504638671838,5.875150108770684
resolution_max_b1,2,recalibrated,train_probe,0.05,20,0.0338915615081787,0.007138701541910639,0.02346155548095702,0.051452262878417976,0,27.113249206542957,5.7109612335285105
resolution_max_b1,2,recalibrated,train_probe,0.1,20,0.13052781944274902,0.023528644229285245,0.09637104797363283,0.1803300018310547,0,26.105563888549803,4.705728845857048
resolution_max_b1,2,recalibrated,train_probe,0.2,20,0.5005344985961915,0.07774588630731613,0.38167004394531256,0.6284263458251953,0,25.026724929809568,3.887294315365806
resolution_max_b1,2,recalibrated,train_probe,0.25,20,0.7695142700195313,0.11191627711651796,0.5894474945068359,0.9408663787841797,0,24.624456640625002,3.5813208677285746
resolution_max_b1,2,recalibrated,train_probe,0.35,20,1.4317955749511717,0.17357572742972552,1.1282492218017577,1.7322906951904296,0,23.376254284917096,2.833889427424091
resolution_max_b1,2,recalibrated,train_probe,0.5,20,2.513661715698242,0.23725121342564798,2.0366254425048824,3.0100605621337886,0,20.109293725585935,1.8980097074051838
resolution_max_b1,2,recalibrated,test_probe,0.005,20,0.00032236785888670736,7.713580792172399e-05,0.0001617279052734677,0.0004270935058593439,0,25.78942871093659,6.170864633737919
resolution_max_b1,2,recalibrated,test_probe,0.01,20,0.0011538375854492245,0.00021914110224933414,0.0007697296142578081,0.0014955596923827974,0,23.076751708984492,4.382822044986683
resolution_max_b1,2,recalibrated,test_probe,0.02,20,0.004143138885498049,0.0008551837991857441,0.0027558746337890128,0.0063362731933593874,0,20.71569442749024,4.27591899592872
resolution_max_b1,2,recalibrated,test_probe,0.025,20,0.00626970481872558,0.001298898064397983,0.004336853027343768,0.009595870971679688,0,20.06305541992185,4.156473806073546
resolution_max_b1,2,recalibrated,test_probe,0.05,20,0.02420649261474609,0.005393653049275002,0.017981658935546818,0.038776901245117124,0,19.36519409179687,4.31492243942
resolution_max_b1,2,recalibrated,test_probe,0.1,20,0.09681775741577148,0.019713768145987676,0.07148600769042968,0.14856950378417966,0,19.36355148315429,3.942753629197535
resolution_max_b1,2,recalibrated,test_probe,0.2,20,0.39963134536743167,0.06798770757378783,0.2851575622558593,0.5181456146240235,0,19.98156726837158,3.399385378689391
resolution_max_b1,2,recalibrated,test_probe,0.25,20,0.6372648178100586,0.10208613276658497,0.45581988525390615,0.803447265625,0,20.392474169921876,3.266756248530719
resolution_max_b1,2,recalibrated,test_probe,0.35,20,1.2535870178222654,0.16626206264860835,0.9524164123535157,1.4886567077636716,0,20.466726821588015,2.7144826554874832
resolution_max_b1,2,recalibrated,test_probe,0.5,20,2.280008969116211,0.24395223604126284,1.8284729309082028,2.7287348327636716,0,18.240071752929687,1.9516178883301027
resolution_max_b1,2,centre_frozen,train_probe,0.005,20,0.000900094223022449,0.0003360851179227904,0.0005407257080077832,0.002172698974609366,0,72.00753784179592,26.886809433823235
resolution_max_b1,2,centre_frozen,train_probe,0.01,20,0.0038314723968505826,0.0013866674562033013,0.0023780670166015927,0.009107887268066384,0,76.62944793701165,27.73334912406603
resolution_max_b1,2,centre_frozen,train_probe,0.02,20,0.015914496994018545,0.005692490859684722,0.009808418273925756,0.037364593505859356,0,79.57248497009275,28.462454298423612
resolution_max_b1,2,centre_frozen,train_probe,0.025,20,0.025023495101928705,0.008973227586886281,0.015276763916015623,0.05860874176025388,0,80.07518432617185,28.714328278036096
resolution_max_b1,2,centre_frozen,train_probe,0.05,20,0.10339861335754393,0.03771988912577147,0.06446672058105468,0.2436570816040039,0,82.71889068603514,30.175911300617162
resolution_max_b1,2,centre_frozen,train_probe,0.1,20,0.46261759490966803,0.18734581896315766,0.27744052124023433,1.146821578979492,0,92.52351898193356,37.46916379263152
resolution_max_b1,2,centre_frozen,train_probe,0.2,20,2.3254318817138673,0.9254441082144583,1.5194629669189452,5.176490676879883,0,116.27159408569332,46.27220541072292
resolution_max_b1,2,centre_frozen,train_probe,0.25,20,3.8910261566162108,1.372563697892461,2.7057935333251955,7.565768142700196,0,124.51283701171874,43.92203833255875
resolution_max_b1,2,centre_frozen,train_probe,0.35,20,8.225748394775392,2.281443769801854,5.872287796020507,13.16241328430176,0,134.29793297592477,37.248061547785376
resolution_max_b1,2,centre_frozen,train_probe,0.5,20,19.802508212280276,6.119533504531414,12.095800735473635,32.69163520812988,0,158.4200656982422,48.95626803625131
resolution_max_b1,2,centre_frozen,test_probe,0.005,20,0.0009900413513183437,0.00035272300518802665,0.0006167907714843546,0.0023003692626952787,0,79.20330810546751,28.217840415042133
resolution_max_b1,2,centre_frozen,test_probe,0.01,20,0.003734026336669949,0.0014318058644586717,0.0019142456054688228,0.009158004760742244,0,74.68052673339898,28.636117289173434
resolution_max_b1,2,centre_frozen,test_probe,0.02,20,0.014134191894531255,0.005644632550477976,0.007268600463867125,0.03569319152832029,0,70.67095947265628,28.223162752389875
resolution_max_b1,2,centre_frozen,test_probe,0.025,20,0.02191987991333009,0.008775229512197424,0.01137040710449222,0.05519334411621091,0,70.14361572265628,28.080734439031755
resolution_max_b1,2,centre_frozen,test_probe,0.05,20,0.09015416641235352,0.037068440249971274,0.04789813232421869,0.23091265869140631,0,72.12333312988278,29.654752199977015
resolution_max_b1,2,centre_frozen,test_probe,0.1,20,0.415407974243164,0.1837248590190048,0.22588018798828124,1.0934495239257813,0,83.08159484863282,36.744971803800944
resolution_max_b1,2,centre_frozen,test_probe,0.2,20,2.1835904968261715,0.8992224471185405,1.364594421386719,5.008357940673828,0,109.17952484130858,44.96112235592702
resolution_max_b1,2,centre_frozen,test_probe,0.25,20,3.7027674041748044,1.3204819008435504,2.5167372741699214,7.246756378173828,0,118.48855693359374,42.255420826993614
resolution_max_b1,2,centre_frozen,test_probe,0.35,20,7.94491785888672,2.2046093184106517,5.565520416259765,12.647094146728517,0,129.71294463488522,35.993621525071866
resolution_max_b1,2,centre_frozen,test_probe,0.5,20,19.318569598388674,5.969990088438184,11.86629849243164,31.932418853759767,0,154.5485567871094,47.75992070750547
resolution_max_b1,3,saved,train_probe,0.005,20,0.0011966453552245987,0.00029009913122446444,0.000875617980957033,0.0018612518310546777,0,95.73162841796791,23.207930497957154
resolution_max_b1,3,saved,train_probe,0.01,20,0.004692053985595699,0.0011067574403571504,0.0033485794067382724,0.007263793945312513,0,93.84107971191396,22.135148807143008
resolution_max_b1,3,saved,train_probe,0.02,20,0.018213864517211905,0.004321304762914311,0.012822448730468727,0.028534614562988225,0,91.06932258605954,21.60652381457156
resolution_max_b1,3,saved,train_probe,0.025,20,0.02826213264465331,0.0067728698024871635,0.019933341979980423,0.04438963317871092,0,90.43882446289058,21.67318336795892
resolution_max_b1,3,saved,train_probe,0.05,20,0.11129710311889647,0.027870429415644906,0.07724503326416016,0.17946142578125002,0,89.03768249511715,22.296343532515923
resolution_max_b1,3,saved,train_probe,0.1,20,0.4641763435363768,0.12878097594979515,0.3034698944091797,0.8241780700683594,0,92.83526870727538,25.75619518995902
resolution_max_b1,3,saved,train_probe,0.2,20,2.253583734130859,0.6892894341934384,1.5388961181640626,4.471536743164062,0,112.67918670654292,34.46447170967191
resolution_max_b1,3,saved,train_probe,0.25,20,3.762552239990234,1.1212482353560551,2.586297424316406,7.166897155761719,0,120.40167167968748,35.879943531393764
resolution_max_b1,3,saved,train_probe,0.35,20,7.816122970581053,2.241992508165853,4.615002380371093,13.483473937988279,0,127.6101709482621,36.603959316993524
resolution_max_b1,3,saved,train_probe,0.5,20,17.118368206787107,5.307711757839869,9.005461975097656,26.496235656738282,0,136.94694565429685,42.461694062718955
resolution_max_b1,3,saved,test_probe,0.005,20,0.0008255798339843856,0.00026102334406525576,0.0003901824951172417,0.0014662017822265616,0,66.04638671875084,20.881867525220464
resolution_max_b1,3,saved,test_probe,0.01,20,0.003378355407714845,0.0011156551593820274,0.001486740112304652,0.006180114746093812,0,67.56710815429689,22.313103187640547
resolution_max_b1,3,saved,test_probe,0.02,20,0.014153490447998063,0.004672890309690128,0.006457687377929733,0.02561000061035157,0,70.7674522399903,23.364451548450646
resolution_max_b1,3,saved,test_probe,0.025,20,0.02244026260375978,0.0072936535578065394,0.010400039672851635,0.04034486389160152,0,71.8088403320313,23.339691384980924
resolution_max_b1,3,saved,test_probe,0.05,20,0.09416161422729494,0.02865070956068539,0.05060498046875006,0.1675096893310547,0,75.32929138183593,22.920567648548307
resolution_max_b1,3,saved,test_probe,0.1,20,0.41604517364501953,0.12725508772849603,0.232851821899414,0.7833253173828125,0,83.20903472900389,25.4510175456992
resolution_max_b1,3,saved,test_probe,0.2,20,2.116509414672852,0.6663243179925699,1.4570128479003905,4.323578216552734,0,105.82547073364256,33.31621589962848
resolution_max_b1,3,saved,test_probe,0.25,20,3.5637530426025386,1.0979058729928348,2.514745880126953,6.997241729736328,0,114.04009736328123,35.132987935770714
resolution_max_b1,3,saved,test_probe,0.35,20,7.524925708007812,2.208626870389839,4.466696441650391,13.297800933837891,0,122.85592992665815,36.059214210446356
resolution_max_b1,3,saved,test_probe,0.5,20,16.72405718383789,5.227928801272715,8.750292755126953,26.32651040649414,0,133.7924574707031,41.82343041018172
resolution_max_b1,3,recalibrated,train_probe,0.005,20,0.0004070156097412292,0.00010295841496557148,0.0002992858886718963,0.0006803131103516047,0,32.56124877929833,8.236673197245718
resolution_max_b1,3,recalibrated,train_probe,0.01,20,0.001697974395751972,0.00043926557342166246,0.0012203292846679759,0.0030528945922851936,0,33.959487915039446,8.785311468433248
resolution_max_b1,3,recalibrated,train_probe,0.02,20,0.006783971023559593,0.001746249836803647,0.004926811218261773,0.012681854248046909,0,33.919855117797965,8.731249184018235
resolution_max_b1,3,recalibrated,train_probe,0.025,20,0.010524611663818378,0.002643275008409699,0.007375862121582033,0.01942467498779299,0,33.67875732421881,8.458480026911035
resolution_max_b1,3,recalibrated,train_probe,0.05,20,0.03990290298461916,0.008664502111380012,0.02757526397705079,0.06700163269042969,0,31.922322387695317,6.931601689104008
resolution_max_b1,3,recalibrated,train_probe,0.1,20,0.14222774429321292,0.02523370964732416,0.10450717163085943,0.21232009887695313,0,28.44554885864258,5.046741929464832
resolution_max_b1,3,recalibrated,train_probe,0.2,20,0.5117033645629884,0.07322614325725045,0.3958774261474609,0.6501175537109376,0,25.58516822814941,3.661307162862521
resolution_max_b1,3,recalibrated,train_probe,0.25,20,0.7808683212280274,0.10190171848692686,0.6224313659667968,0.9529579162597654,0,24.987786279296877,3.2608549915816596
resolution_max_b1,3,recalibrated,train_probe,0.35,20,1.4371555450439453,0.15549866395139916,1.1929937744140626,1.6926019592285155,0,23.46376400071748,2.538753697165701
resolution_max_b1,3,recalibrated,train_probe,0.5,20,2.4239359588623044,0.23072455601287561,1.9592933044433596,2.908042999267578,0,19.391487670898435,1.845796448103005
resolution_max_b1,3,recalibrated,test_probe,0.005,20,0.00018716430664061367,9.772584405465531e-05,-2.3071289062537303e-05,0.000370025634765625,1,14.973144531249094,7.8180675243724265
resolution_max_b1,3,recalibrated,test_probe,0.01,20,0.0008645874023437472,0.00033893012356020036,0.00018186950683596326,0.001795028686523481,0,17.291748046874943,6.778602471204008
resolution_max_b1,3,recalibrated,test_probe,0.02,20,0.0037540367126464467,0.0014211862660093296,0.0016956634521483327,0.008598724365234345,0,18.770183563232234,7.105931330046649
resolution_max_b1,3,recalibrated,test_probe,0.025,20,0.006013800811767578,0.002249541454563149,0.0030900878906250373,0.013593856811523475,0,19.244162597656246,7.198532654602077
resolution_max_b1,3,recalibrated,test_probe,0.05,20,0.02471163101196287,0.007574168771701219,0.01580519104003897,0.049565979003906246,0,19.769304809570297,6.059335017360972
resolution_max_b1,3,recalibrated,test_probe,0.1,20,0.10076698837280271,0.022972306256259067,0.06868913269042976,0.1551490936279296,0,20.153397674560537,4.594461251251812
resolution_max_b1,3,recalibrated,test_probe,0.2,20,0.41037218780517587,0.07309667501335632,0.29201458740234376,0.5436389465332032,0,20.51860939025879,3.654833750667815
resolution_max_b1,3,recalibrated,test_probe,0.25,20,0.6506780464172364,0.10471271637221105,0.46716412353515624,0.836219970703125,0,20.821697485351564,3.3508069239107536
resolution_max_b1,3,recalibrated,test_probe,0.35,20,1.251867558288574,0.1601122273625899,0.9721556091308594,1.5060840454101563,0,20.438654012874686,2.6140771814300394
resolution_max_b1,3,recalibrated,test_probe,0.5,20,2.177330111694336,0.2415930133342573,1.6672951049804687,2.634585876464844,0,17.418640893554688,1.9327441066740585
resolution_max_b1,3,centre_frozen,train_probe,0.005,20,0.0010918697357177793,0.00028305244812582535,0.0007235565185547133,0.0017368011474609424,0,87.34957885742236,22.64419585006603
resolution_max_b1,3,centre_frozen,train_probe,0.01,20,0.004435120010375998,0.0010961426329610764,0.002973670959472652,0.006988731384277358,0,88.70240020751996,21.922852659221522
resolution_max_b1,3,centre_frozen,train_probe,0.02,20,0.017689205169677747,0.00449192241594495,0.011785079956054711,0.028311080932617194,0,88.44602584838871,22.45961207972475
resolution_max_b1,3,centre_frozen,train_probe,0.025,20,0.027613967514038107,0.007048361402112979,0.01848361206054694,0.04434106445312502,0,88.36469604492193,22.55475648676153
resolution_max_b1,3,centre_frozen,train_probe,0.05,20,0.11018608055114747,0.02860341568360064,0.07455677032470703,0.1797928237915039,0,88.14886444091796,22.882732546880508
resolution_max_b1,3,centre_frozen,train_probe,0.1,20,0.4613518112182618,0.13040928555216036,0.2936222839355469,0.8186915283203127,0,92.27036224365234,26.08185711043207
resolution_max_b1,3,centre_frozen,train_probe,0.2,20,2.2289381896972658,0.6805073913346043,1.489329833984375,4.394417510986328,0,111.44690948486327,34.025369566730205
resolution_max_b1,3,centre_frozen,train_probe,0.25,20,3.7103368103027337,1.101817770445249,2.506959014892578,7.0236692810058585,0,118.73077792968748,35.25816865424797
resolution_max_b1,3,centre_frozen,train_probe,0.35,20,7.68857060241699,2.195087126563703,4.487578094482421,13.17820590209961,0,125.52768330476722,35.838157168387
resolution_max_b1,3,centre_frozen,train_probe,0.5,20,16.831794537353513,5.2258452203943015,8.774177215576172,25.849821868896484,0,134.6543562988281,41.80676176315441
resolution_max_b1,3,centre_frozen,test_probe,0.005,20,0.0008254600524902234,0.00027947356188001146,0.0004433135986328107,0.0015170440673828445,0,66.03680419921787,22.357884950400916
resolution_max_b1,3,centre_frozen,test_probe,0.01,20,0.0034273345947265664,0.0011702689579664051,0.001389129638671882,0.0063610076904296875,0,68.54669189453132,23.405379159328106
resolution_max_b1,3,centre_frozen,test_probe,0.02,20,0.014248526763916003,0.004702592741153421,0.006225128173828143,0.025464660644531234,0,71.24263381958002,23.512963705767103
resolution_max_b1,3,centre_frozen,test_probe,0.025,20,0.02257420120239258,0.00732912706567324,0.0102399444580078,0.04011724853515619,0,72.23744384765624,23.453206610154368
resolution_max_b1,3,centre_frozen,test_probe,0.05,20,0.09431035079956052,0.02908934523069677,0.048299957275390604,0.1662568664550781,0,75.4482806396484,23.271476184557407
resolution_max_b1,3,centre_frozen,test_probe,0.1,20,0.4154841651916503,0.12937717527148115,0.2216446685791016,0.7792669372558594,0,83.09683303833008,25.875435054296226
resolution_max_b1,3,centre_frozen,test_probe,0.2,20,2.0936232604980467,0.6578272838359995,1.4048063964843749,4.247409973144531,0,104.68116302490235,32.89136419179997
resolution_max_b1,3,centre_frozen,test_probe,0.25,20,3.514136303710938,1.0785494880937214,2.4319839477539062,6.859583862304688,0,112.45236171875001,34.513583618999085
resolution_max_b1,3,centre_frozen,test_probe,0.35,20,7.4007359497070295,2.1620453902347387,4.338207397460938,12.998458251953124,0,120.8283420360332,35.298700248730434
resolution_max_b1,3,centre_frozen,test_probe,0.5,20,16.439582263183596,5.146073250053034,8.516858520507812,25.682395385742186,0,131.51665810546876,41.16858600042427
resolution_max_b1,4,saved,train_probe,0.005,20,0.001007931137084961,0.00037471889063417845,0.00045172119140624023,0.002050994873046885,0,80.63449096679686,29.977511250734274
resolution_max_b1,4,saved,train_probe,0.01,20,0.004110049057006818,0.0014672081863003495,0.002094741821289048,0.008215667724609355,0,82.20098114013635,29.344163726006986
resolution_max_b1,4,saved,train_probe,0.02,20,0.016896810150146477,0.005746075649718338,0.009019149780273461,0.03345410919189451,0,84.4840507507324,28.730378248591688
resolution_max_b1,4,saved,train_probe,0.025,20,0.026544445800781247,0.009002570109357165,0.014587486267089833,0.05284981536865235,0,84.94222656249994,28.808224349942925
resolution_max_b1,4,saved,train_probe,0.05,20,0.1090100326538086,0.0380652820750293,0.0606406173706055,0.22200534057617188,0,87.20802612304686,30.452225660023434
resolution_max_b1,4,saved,train_probe,0.1,20,0.47984382400512693,0.18727993007641275,0.244343521118164,1.0610678100585937,0,95.96876480102534,37.45598601528254
resolution_max_b1,4,saved,train_probe,0.2,20,2.289517137145996,0.7834792257995794,1.1643414916992187,4.416476013183594,0,114.4758568572998,39.17396128997896
resolution_max_b1,4,saved,train_probe,0.25,20,3.735518846130371,1.1426934489489184,2.095128173828125,6.589853088378907,0,119.53660307617187,36.56619036636539
resolution_max_b1,4,saved,train_probe,0.35,20,7.7357433227539065,2.180025366953152,4.8263939819335935,12.664742370605468,0,126.29785016741076,35.59225088903106
resolution_max_b1,4,saved,train_probe,0.5,20,17.58172359619141,5.050946949580906,9.143902526855468,27.775609069824217,0,140.65378876953127,40.40757559664725
resolution_max_b1,4,saved,test_probe,0.005,20,0.0008931449890136444,0.00033963283888335756,0.00038479614257813655,0.001727783203124944,0,71.45159912109156,27.1706271106686
resolution_max_b1,4,saved,test_probe,0.01,20,0.003446868133544889,0.0013553339548969304,0.0014890594482421804,0.0067862854003906126,0,68.93736267089778,27.106679097938603
resolution_max_b1,4,saved,test_probe,0.02,20,0.013469172668457008,0.0054277169029148436,0.006055068969726518,0.027459075927734333,0,67.34586334228501,27.138584514574216
resolution_max_b1,4,saved,test_probe,0.025,20,0.021040343475341765,0.008501850292430922,0.010015518188476569,0.04308993530273442,0,67.32909912109363,27.20592093577895
resolution_max_b1,4,saved,test_probe,0.05,20,0.088195832824707,0.03684859945572144,0.04182147216796872,0.18839811706542964,0,70.55666625976558,29.47887956457715
resolution_max_b1,4,saved,test_probe,0.1,20,0.41099729766845694,0.18346334932857453,0.18534109497070317,0.9702313537597654,0,82.19945953369138,36.6926698657149
resolution_max_b1,4,saved,test_probe,0.2,20,2.1076355224609373,0.7827169078072603,1.0287764587402344,4.264470916748047,0,105.38177612304685,39.13584539036301
resolution_max_b1,4,saved,test_probe,0.25,20,3.5122147125244134,1.142590951713474,1.944247833251953,6.465073822021484,0,112.39087080078123,36.56291045483117
resolution_max_b1,4,saved,test_probe,0.35,20,7.458142129516601,2.1582332303835887,4.632497283935547,12.492824310302735,0,121.76558578802619,35.23646090422186
resolution_max_b1,4,saved,test_probe,0.5,20,17.232682580566408,5.007407792796913,8.869982635498047,27.308450286865234,0,137.86146064453126,40.059262342375305
resolution_max_b1,4,recalibrated,train_probe,0.005,20,0.00043737640380858147,0.00010104586064983678,0.000274375915527314,0.0006641540527343448,0,34.99011230468652,8.083668851986943
resolution_max_b1,4,recalibrated,train_probe,0.01,20,0.0015972003936767399,0.0003670822335447153,0.001039566040039075,0.0025272140502929363,0,31.944007873534794,7.341644670894304
resolution_max_b1,4,recalibrated,train_probe,0.02,20,0.006143731689453124,0.00146761968362611,0.0038342590332031135,0.010360733032226566,0,30.718658447265618,7.33809841813055
resolution_max_b1,4,recalibrated,train_probe,0.025,20,0.009513094329833976,0.002229379183565469,0.005929908752441371,0.015863708496093754,0,30.44190185546871,7.134013387409499
resolution_max_b1,4,recalibrated,train_probe,0.05,20,0.03647861175537108,0.00829086039102099,0.021754615783691422,0.058886405944824194,0,29.182889404296862,6.632688312816791
resolution_max_b1,4,recalibrated,train_probe,0.1,20,0.13441104736328124,0.029540165247530406,0.0812965393066406,0.20983860015869138,0,26.882209472656246,5.90803304950608
resolution_max_b1,4,recalibrated,train_probe,0.2,20,0.5068849609375,0.10820125504270468,0.3045672302246094,0.7306402893066406,0,25.344248046874988,5.410062752135234
resolution_max_b1,4,recalibrated,train_probe,0.25,20,0.7788164962768553,0.1538342545789564,0.4770705108642579,1.0498924713134765,0,24.92212788085937,4.922696146526604
resolution_max_b1,4,recalibrated,train_probe,0.35,20,1.4529082122802732,0.23283857055405494,0.9292605743408202,1.7932029876708984,0,23.720950404575895,3.801446049862122
resolution_max_b1,4,recalibrated,train_probe,0.5,20,2.492992886352539,0.3198624596361363,1.8034698944091798,2.928913619995117,0,19.943943090820312,2.5588996770890904
resolution_max_b1,4,recalibrated,test_probe,0.005,20,0.000280535888671879,9.47365372115521e-05,0.00012287902832031072,0.000528121948242255,0,22.442871093750313,7.578922976924168
resolution_max_b1,4,recalibrated,test_probe,0.01,20,0.0010197547912597527,0.0003296896221041925,0.0005742950439453498,0.0016820220947265652,0,20.39509582519505,6.593792442083849
resolution_max_b1,4,recalibrated,test_probe,0.02,20,0.0034914146423339733,0.001006404066545341,0.002144165039062451,0.005428588867187445,0,17.457073211669865,5.032020332726705
resolution_max_b1,4,recalibrated,test_probe,0.025,20,0.005263546752929687,0.00143796253205664,0.0032004547119141025,0.008275405883789055,0,16.843349609374993,4.601480102581246
resolution_max_b1,4,recalibrated,test_probe,0.05,20,0.020560852813720703,0.0050632710739024495,0.012393188476562456,0.03055776977539071,0,16.448682250976557,4.050616859121959
resolution_max_b1,4,recalibrated,test_probe,0.1,20,0.09024477386474608,0.02432018238259372,0.049154220581054675,0.13845732116699216,0,18.048954772949212,4.864036476518743
resolution_max_b1,4,recalibrated,test_probe,0.2,20,0.39527130126953125,0.09784992826222902,0.21994015502929687,0.5922407531738283,0,19.76356506347656,4.89249641311145
resolution_max_b1,4,recalibrated,test_probe,0.25,20,0.6361116653442382,0.14315771538281707,0.3587609405517578,0.9022237243652345,0,20.355573291015624,4.581046892250146
resolution_max_b1,4,recalibrated,test_probe,0.35,20,1.2666701904296875,0.23569479723792783,0.7558452453613282,1.7501681213378906,0,20.68032963966837,3.8480783222518835
resolution_max_b1,4,recalibrated,test_probe,0.5,20,2.2790189834594727,0.3310704649903289,1.5871012573242187,2.9283083801269534,0,18.232151867675782,2.648563719922631
resolution_max_b1,4,centre_frozen,train_probe,0.005,20,0.0011372058868408085,0.00036090026609547106,0.0006816787719726713,0.0021411972045898287,0,90.97647094726467,28.872021287637683
resolution_max_b1,4,centre_frozen,train_probe,0.01,20,0.0044047187805175666,0.001459303130055869,0.0025234222412109375,0.00843600463867189,0,88.09437561035132,29.186062601117374
resolution_max_b1,4,centre_frozen,train_probe,0.02,20,0.017611273574829087,0.00584670951097826,0.010426597595214804,0.03437255859374999,0,88.05636787414542,29.233547554891302
resolution_max_b1,4,centre_frozen,train_probe,0.025,20,0.027547151184082012,0.00914500264878744,0.016541236877441357,0.05425186920166014,0,88.15088378906242,29.264008476119805
resolution_max_b1,4,centre_frozen,train_probe,0.05,20,0.11141174964904788,0.03865359794547621,0.06415108489990234,0.22755010986328128,0,89.12939971923828,30.922878356380966
resolution_max_b1,4,centre_frozen,train_probe,0.1,20,0.48513437194824227,0.18739565024433358,0.2510244293212891,1.0721690521240235,0,97.02687438964841,37.47913004886671
resolution_max_b1,4,centre_frozen,train_probe,0.2,20,2.2980093109130855,0.7646108454511806,1.1950582122802733,4.395066268920898,0,114.90046554565428,38.23054227255903
resolution_max_b1,4,centre_frozen,train_probe,0.25,20,3.7495167327880856,1.115948269479523,2.1486244964599606,6.58226756286621,0,119.98453544921874,35.71034462334474
resolution_max_b1,4,centre_frozen,train_probe,0.35,20,7.7782074676513675,2.1600183609796706,4.746761093139648,12.738464096069336,0,126.99114232900195,35.265605893545654
resolution_max_b1,4,centre_frozen,train_probe,0.5,20,17.72875486145019,5.071628599714155,9.154264511108398,27.38629881286621,0,141.83003889160153,40.57302879771324
resolution_max_b1,4,centre_frozen,test_probe,0.005,20,0.000928055572509745,0.0003706697802222252,0.0003797302246093537,0.001931228637695348,0,74.24444580077962,29.653582417778015
resolution_max_b1,4,centre_frozen,test_probe,0.01,20,0.0034949127197265563,0.0013899614939390616,0.001483337402343743,0.0071044464111327255,0,69.89825439453111,27.799229878781233
resolution_max_b1,4,centre_frozen,test_probe,0.02,20,0.013438782501220697,0.005501493666446215,0.006050262451171795,0.02788803100585935,0,67.19391250610349,27.50746833223107
resolution_max_b1,4,centre_frozen,test_probe,0.025,20,0.02104213943481444,0.008639296968497785,0.010008651733398377,0.043806289672851495,0,67.33484619140619,27.645750299192905
resolution_max_b1,4,centre_frozen,test_probe,0.05,20,0.08900451736450193,0.037371992805725944,0.044193008422851565,0.19149508666992188,0,71.20361389160152,29.897594244580745
resolution_max_b1,4,centre_frozen,test_probe,0.1,20,0.41513796157836913,0.1838665113456941,0.18890055847167964,0.9753162231445314,0,83.02759231567381,36.77330226913881
resolution_max_b1,4,centre_frozen,test_probe,0.2,20,2.114297505187989,0.7654347107095557,1.0532186279296873,4.239486480712891,0,105.7148752593994,38.27173553547778
resolution_max_b1,4,centre_frozen,test_probe,0.25,20,3.523783355712891,1.1161376889899242,1.9903995666503904,6.454528350830078,0,112.76106738281251,35.71640604767757
resolution_max_b1,4,centre_frozen,test_probe,0.35,20,7.499364297485352,2.1374383586687156,4.559210845947266,12.557570709228516,0,122.43860077527106,34.89695279459127
resolution_max_b1,4,centre_frozen,test_probe,0.5,20,17.377479492187497,5.02487643133854,8.898293731689455,26.91325747680664,0,139.01983593749998,40.19901145070832
gaussian_postrelu,0,saved,train_probe,0.005,20,0.0013641761779785155,0.0003911339771794886,0.0006718673706054834,0.0021077957153319837,0,109.13409423828125,31.290718174359082
gaussian_postrelu,0,saved,train_probe,0.01,20,0.005611668395996086,0.0015656965794291278,0.002737213134765659,0.008349334716796886,0,112.23336791992172,31.31393158858255
gaussian_postrelu,0,saved,train_probe,0.02,20,0.02254885597229004,0.006218486176374368,0.010554298400878903,0.03282054138183593,0,112.74427986145017,31.092430881871838
gaussian_postrelu,0,saved,train_probe,0.025,20,0.035471990966796874,0.009950257019269928,0.01618975067138667,0.0516308517456055,0,113.51037109375,31.84082246166377
gaussian_postrelu,0,saved,train_probe,0.05,20,0.1508229793548584,0.04834101005157579,0.0636807174682617,0.24594338989257808,0,120.65838348388668,38.67280804126062
gaussian_postrelu,0,saved,train_probe,0.1,20,0.6856595066070557,0.236321808815093,0.2739463119506836,1.197344436645508,0,137.13190132141108,47.264361763018584
gaussian_postrelu,0,saved,train_probe,0.2,20,2.970710043334961,0.8500090552768551,1.4278336334228516,4.399671249389648,0,148.53550216674802,42.500452763842745
gaussian_postrelu,0,saved,train_probe,0.25,20,4.512523796081543,1.1797016149490975,2.4159804840087893,6.148083358764648,0,144.40076147460937,37.75045167837112
gaussian_postrelu,0,saved,train_probe,0.35,20,8.172192950439452,2.0491834094796424,4.848714279174804,11.09295738220215,0,133.4235583745217,33.45605566497375
gaussian_postrelu,0,saved,train_probe,0.5,20,16.332534298706054,4.109853063941408,8.836306259155274,23.710977890014647,0,130.66027438964844,32.87882451153126
gaussian_postrelu,0,saved,test_probe,0.005,20,0.000773505020141585,0.00032983671930197445,0.00023947143554692296,0.0014103546142578693,0,61.8804016113268,26.386937544157952
gaussian_postrelu,0,saved,test_probe,0.01,20,0.0036172382354736133,0.0013584422383735495,0.001301239013671851,0.006112007141113263,0,72.34476470947227,27.16884476747099
gaussian_postrelu,0,saved,test_probe,0.02,20,0.01627828102111817,0.00565601084624728,0.005465469360351527,0.02630825042724605,0,81.39140510559083,28.280054231236395
gaussian_postrelu,0,saved,test_probe,0.025,20,0.02614474220275879,0.009151986253145405,0.00850810241699218,0.04249273681640631,0,83.66317504882812,29.28635601006529
gaussian_postrelu,0,saved,test_probe,0.05,20,0.11858350601196288,0.04310039763068797,0.036898513793945265,0.1945450744628906,0,94.86680480957028,34.48031810455037
gaussian_postrelu,0,saved,test_probe,0.1,20,0.5984596382141113,0.2331059733235857,0.19578536987304684,1.0670842437744141,0,119.69192764282222,46.62119466471713
gaussian_postrelu,0,saved,test_probe,0.2,20,2.8042023941040037,0.8379318459944266,1.327032730102539,4.212652542114258,0,140.21011970520016,41.89659229972132
gaussian_postrelu,0,saved,test_probe,0.25,20,4.317133792114258,1.1553676661507952,2.3264636993408203,5.929817459106445,0,138.14828134765625,36.97176531682545
gaussian_postrelu,0,saved,test_probe,0.35,20,7.9265958648681645,2.022661718674581,4.520271194458008,10.653973342895508,0,129.41381003866394,33.02304846815643
gaussian_postrelu,0,saved,test_probe,0.5,20,16.047288723754882,4.0822450001213815,8.646031448364258,23.25341377258301,0,128.37830979003905,32.65796000097105
gaussian_postrelu,0,recalibrated,train_probe,0.005,20,0.0006034698486328066,0.00019145443928286155,0.00032865142822263715,0.0010858154296874978,0,48.27758789062453,15.31635514262892
gaussian_postrelu,0,recalibrated,train_probe,0.01,20,0.002526989746093747,0.000719544999840315,0.0013677291870117236,0.004012832641601571,0,50.53979492187493,14.390899996806302
gaussian_postrelu,0,recalibrated,train_probe,0.02,20,0.009647857666015619,0.0027129763962580977,0.005624610900878901,0.014930625915527351,0,48.23928833007809,13.564881981290487
gaussian_postrelu,0,recalibrated,train_probe,0.025,20,0.014969784545898432,0.004327990825702738,0.008761085510253896,0.023442687988281197,0,47.90331054687498,13.849570642248759
gaussian_postrelu,0,recalibrated,train_probe,0.05,20,0.06032037849426271,0.01924414225634039,0.03461379241943363,0.09885301971435545,0,48.25630279541014,15.395313805072307
gaussian_postrelu,0,recalibrated,train_probe,0.1,20,0.23927366790771484,0.07414636355183746,0.12944926452636718,0.3964247436523437,0,47.85473358154295,14.829272710367489
gaussian_postrelu,0,recalibrated,train_probe,0.2,20,0.8182881034851073,0.17940219174816974,0.4903883666992187,1.1492453155517577,0,40.91440517425537,8.970109587408484
gaussian_postrelu,0,recalibrated,train_probe,0.25,20,1.1635692680358887,0.21145385627091995,0.7815135040283204,1.5259733123779298,0,37.23421657714844,6.766523400669438
gaussian_postrelu,0,recalibrated,train_probe,0.35,20,1.8806198852539062,0.24450473690144414,1.5247976837158204,2.3023764190673828,0,30.70399812659439,3.991914071860313
gaussian_postrelu,0,recalibrated,train_probe,0.5,20,2.793259866333007,0.27014320342482223,2.3693581085205078,3.4397945709228517,0,22.346078930664056,2.161145627398578
gaussian_postrelu,0,recalibrated,test_probe,0.005,20,0.0003394920349120589,0.00012132274526246025,0.00016926574707032405,0.0007566070556640492,0,27.159362792964714,9.705819620996822
gaussian_postrelu,0,recalibrated,test_probe,0.01,20,0.0011923984527587583,0.00036807691234526206,0.0006564483642578223,0.0023426055908203347,0,23.847969055175163,7.3615382469052415
gaussian_postrelu,0,recalibrated,test_probe,0.02,20,0.0048908836364745635,0.0018948920976988078,0.0027905883789062225,0.010268844604492178,0,24.454418182372812,9.47446048849404
gaussian_postrelu,0,recalibrated,test_probe,0.025,20,0.007818035888671821,0.003154337852814817,0.0042675247192381915,0.01632799530029294,0,25.017714843749822,10.093881129007412
gaussian_postrelu,0,recalibrated,test_probe,0.05,20,0.035612410354614224,0.013765302867756261,0.016764724731445302,0.06524520874023432,0,28.489928283691377,11.012242294205006
gaussian_postrelu,0,recalibrated,test_probe,0.1,20,0.16882646789550776,0.06819105964213518,0.08028971862792966,0.30198883056640613,0,33.76529357910155,13.638211928427035
gaussian_postrelu,0,recalibrated,test_probe,0.2,20,0.6609234962463377,0.1692430280425776,0.37897004699707026,0.9687212066650391,0,33.04617481231689,8.462151402128878
gaussian_postrelu,0,recalibrated,test_probe,0.25,20,0.9795753433227539,0.196433621736966,0.6465537567138672,1.3211964263916016,0,31.346410986328124,6.285875895582912
gaussian_postrelu,0,recalibrated,test_probe,0.35,20,1.6592477600097655,0.21729071691082125,1.3711364898681642,2.033106185913086,0,27.08975934709822,3.547603541401164
gaussian_postrelu,0,recalibrated,test_probe,0.5,20,2.53033681640625,0.2416977079322392,2.122117416381836,3.1205797576904297,0,20.24269453125,1.9335816634579135
gaussian_postrelu,0,centre_frozen,train_probe,0.005,20,0.0014710391998290883,0.0004197976146248224,0.0006630706787109641,0.002208168029785129,0,117.68313598632706,33.58380916998579
gaussian_postrelu,0,centre_frozen,train_probe,0.01,20,0.006017462921142571,0.0016750054753538479,0.0029235687255859677,0.00878775024414058,0,120.34925842285142,33.500109507076964
gaussian_postrelu,0,centre_frozen,train_probe,0.02,20,0.02358695068359375,0.006521102425021921,0.01146092987060543,0.0343512268066406,0,117.93475341796875,32.605512125109605
gaussian_postrelu,0,centre_frozen,train_probe,0.025,20,0.03686681175231933,0.010417232550901483,0.017327774047851574,0.05383300018310544,0,117.97379760742183,33.33514416288473
gaussian_postrelu,0,centre_frozen,train_probe,0.05,20,0.15539556312561031,0.05041352211760269,0.06698067474365232,0.25930187225341794,0,124.31645050048826,40.33081769408214
gaussian_postrelu,0,centre_frozen,train_probe,0.1,20,0.7020957527160644,0.2435737602935056,0.2854006805419922,1.2409123992919922,0,140.41915054321285,48.714752058701116
gaussian_postrelu,0,centre_frozen,train_probe,0.2,20,3.023672866821289,0.8659455068935199,1.4793425140380858,4.506986038208008,0,151.1836433410644,43.297275344675995
gaussian_postrelu,0,centre_frozen,train_probe,0.25,20,4.5835734375,1.192540985628736,2.4953861236572266,6.2591734161376955,0,146.67435,38.16131154011955
gaussian_postrelu,0,centre_frozen,train_probe,0.35,20,8.273402243041991,2.0597404320370405,4.945865188598633,11.22097151184082,0,135.07595498844069,33.62841521693127
gaussian_postrelu,0,centre_frozen,train_probe,0.5,20,16.54464121398926,4.172141809157486,9.03640754699707,24.151069412231447,0,132.35712971191407,33.377134473259886
gaussian_postrelu,0,centre_frozen,test_probe,0.005,20,0.0010864807128906028,0.0003564395112801252,0.0004913177490234455,0.0017458801269530921,0,86.91845703124821,28.515160902410013
gaussian_postrelu,0,centre_frozen,test_probe,0.01,20,0.004108962249755826,0.0013834534660460865,0.0017523193359374467,0.006615921020507787,0,82.17924499511653,27.669069320921732
gaussian_postrelu,0,centre_frozen,test_probe,0.02,20,0.016695347976684545,0.0059475703000162715,0.0055883178710937065,0.027394599914550732,0,83.47673988342271,29.737851500081355
gaussian_postrelu,0,centre_frozen,test_probe,0.025,20,0.02659844207763668,0.009482428796777397,0.00866937255859368,0.04420335388183594,0,85.11501464843735,30.343772149687663
gaussian_postrelu,0,centre_frozen,test_probe,0.05,20,0.12062309112548827,0.044733575242828456,0.03805296325683594,0.20104875183105475,0,96.49847290039058,35.78686019426276
gaussian_postrelu,0,centre_frozen,test_probe,0.1,20,0.6110621963500975,0.241581615031415,0.2025487670898437,1.106703140258789,0,122.21243927001952,48.316323006283
gaussian_postrelu,0,centre_frozen,test_probe,0.2,20,2.855716011047363,0.854851739910453,1.3784701080322268,4.310660690307617,0,142.78580055236813,42.74258699552264
gaussian_postrelu,0,centre_frozen,test_probe,0.25,20,4.386132296752931,1.16880112687427,2.4029940032958987,6.0309574432373045,0,140.35623349609378,37.40163605997664
gaussian_postrelu,0,centre_frozen,test_probe,0.35,20,8.02552594909668,2.035433159915295,4.588246871948241,10.787995529174804,0,131.02899508729274,33.23156179453544
gaussian_postrelu,0,centre_frozen,test_probe,0.5,20,16.25614627380371,4.143748863845614,8.850456466674805,23.702214767456052,0,130.0491701904297,33.14999091076491
gaussian_postrelu,1,saved,train_probe,0.005,20,0.0014937507629394441,0.0003948373617940522,0.0008110733032226647,0.0025821228027343435,0,119.50006103515554,31.58698894352418
gaussian_postrelu,1,saved,train_probe,0.01,20,0.0061128047943115,0.0016760031897197882,0.0034059219360351167,0.01065129089355471,0,122.25609588622997,33.52006379439576
gaussian_postrelu,1,saved,train_probe,0.02,20,0.02435830688476561,0.006797967606844691,0.013082008361816388,0.042739852905273434,0,121.79153442382804,33.98983803422345
gaussian_postrelu,1,saved,train_probe,0.025,20,0.03818071861267086,0.010708967872303438,0.02022827911376951,0.06687226867675783,0,122.17829956054678,34.268697191371
gaussian_postrelu,1,saved,train_probe,0.05,20,0.15997901344299317,0.04796369705581991,0.07854148864746097,0.28155718994140627,0,127.9832107543945,38.37095764465592
gaussian_postrelu,1,saved,train_probe,0.1,20,0.68097783203125,0.20165570259988377,0.34463421630859375,1.270103576660156,0,136.19556640624995,40.33114051997675
gaussian_postrelu,1,saved,train_probe,0.2,20,2.817241082763672,0.700314501750756,1.7101100463867185,4.451811706542968,0,140.86205413818357,35.015725087537795
gaussian_postrelu,1,saved,train_probe,0.25,20,4.348049581909179,1.0786843507335464,2.738655578613282,6.346040222167968,0,139.13758662109373,34.517899223473485
gaussian_postrelu,1,saved,train_probe,0.35,20,8.256091571044923,2.08732340544972,5.105160461425781,12.171133239746094,0,134.793331772162,34.07874947673014
gaussian_postrelu,1,saved,train_probe,0.5,20,17.46246937866211,4.15391660747741,9.721565734863281,24.648680969238285,0,139.69975502929688,33.23133285981928
gaussian_postrelu,1,saved,test_probe,0.005,20,0.0010428688049317013,0.00038518779111666745,0.00046911621093759237,0.002352844238281304,0,83.42950439453611,30.815023289333396
gaussian_postrelu,1,saved,test_probe,0.01,20,0.004471603775024463,0.001624021537740143,0.0022715530395507333,0.009574493408203155,0,89.43207550048925,32.48043075480286
gaussian_postrelu,1,saved,test_probe,0.02,20,0.019082144927978585,0.006571837841019815,0.009839904785156284,0.038159194946289166,0,95.4107246398929,32.85918920509907
gaussian_postrelu,1,saved,test_probe,0.025,20,0.030387908172607492,0.010408115523240842,0.015225921630859451,0.06052099609375006,0,97.24130615234395,33.305969674370694
gaussian_postrelu,1,saved,test_probe,0.05,20,0.13556189727783213,0.049763989612262235,0.061963165283203114,0.27204560852050785,0,108.44951782226565,39.81119168980979
gaussian_postrelu,1,saved,test_probe,0.1,20,0.6246532310485841,0.21273241376937083,0.30487733459472666,1.2624232177734376,0,124.93064620971677,42.54648275387416
gaussian_postrelu,1,saved,test_probe,0.2,20,2.6750964324951174,0.7414278461223641,1.5751188964843752,4.485935760498047,0,133.75482162475583,37.0713923061182
gaussian_postrelu,1,saved,test_probe,0.25,20,4.158368615722656,1.1193523524149138,2.5338622741699224,6.239341217041016,0,133.067795703125,35.81927527727724
gaussian_postrelu,1,saved,test_probe,0.35,20,7.987619857788085,2.1129622419017853,4.844683502197266,11.73936099243164,0,130.41012012715245,34.497342724927115
gaussian_postrelu,1,saved,test_probe,0.5,20,17.126036285400392,4.174208573434967,9.390049957275389,24.20572671508789,0,137.00829028320314,33.39366858747974
gaussian_postrelu,1,recalibrated,train_probe,0.005,20,0.0007097232818603693,0.00020443503298650607,0.00036856079101565964,0.0011241760253906108,0,56.77786254882956,16.354802638920482
gaussian_postrelu,1,recalibrated,train_probe,0.01,20,0.0027775787353515905,0.0008588331886780849,0.0014116821289062997,0.004490257263183639,0,55.55157470703182,17.176663773561696
gaussian_postrelu,1,recalibrated,train_probe,0.02,20,0.010978629684448262,0.003610845571461001,0.005310234069824227,0.018003059387207032,0,54.8931484222413,18.054227857305005
gaussian_postrelu,1,recalibrated,train_probe,0.025,20,0.017113348770141618,0.005766272798080141,0.008263900756835918,0.028455467224121067,0,54.76271606445317,18.45207295385645
gaussian_postrelu,1,recalibrated,train_probe,0.05,20,0.0707335948944092,0.026754871712995325,0.0331559524536133,0.12743531036376954,0,56.586875915527344,21.403897370396255
gaussian_postrelu,1,recalibrated,train_probe,0.1,20,0.272630818939209,0.09042511530411027,0.12072314453124999,0.4343209686279297,0,54.52616378784179,18.085023060822053
gaussian_postrelu,1,recalibrated,train_probe,0.2,20,0.8728888389587401,0.20499371589337717,0.47336390686035157,1.1863495330810547,0,43.644441947937,10.249685794668856
gaussian_postrelu,1,recalibrated,train_probe,0.25,20,1.226308046722412,0.24236648537369107,0.7543974761962892,1.627839401245117,0,39.24185749511718,7.755727531958114
gaussian_postrelu,1,recalibrated,train_probe,0.35,20,1.9425138275146483,0.26351102477511645,1.3862853240966797,2.413607711791992,0,31.714511469626917,4.302220812654964
gaussian_postrelu,1,recalibrated,train_probe,0.5,20,2.815381951904297,0.25219692270810984,2.2688092498779295,3.268138290405273,0,22.523055615234377,2.0175753816648787
gaussian_postrelu,1,recalibrated,test_probe,0.005,20,0.00047081031799319216,0.00019449753495323564,0.00014500427246089131,0.0009079589843750124,0,37.66482543945537,15.55980279625885
gaussian_postrelu,1,recalibrated,test_probe,0.01,20,0.001694673919677775,0.0007675694440939793,0.00037590789794927915,0.0035518722534180203,0,33.8934783935555,15.351388881879585
gaussian_postrelu,1,recalibrated,test_probe,0.02,20,0.007096252059936537,0.0033484258617777715,0.0020321350097656232,0.015660308837890602,0,35.48126029968268,16.74212930888886
gaussian_postrelu,1,recalibrated,test_probe,0.025,20,0.011369956970214878,0.005299839639496321,0.0036695098876953214,0.024660186767578196,0,36.383862304687604,16.959486846388224
gaussian_postrelu,1,recalibrated,test_probe,0.05,20,0.05025964660644535,0.02475003488214201,0.018207992553710972,0.10966343688964852,0,40.20771728515628,19.800027905713605
gaussian_postrelu,1,recalibrated,test_probe,0.1,20,0.21799902801513676,0.08946465003629792,0.08405442810058594,0.3754636383056642,0,43.59980560302735,17.89293000725958
gaussian_postrelu,1,recalibrated,test_probe,0.2,20,0.7564304016113282,0.1948098492078307,0.3893060607910157,1.012262176513672,0,37.8215200805664,9.74049246039153
gaussian_postrelu,1,recalibrated,test_probe,0.25,20,1.084013331604004,0.22898419354656738,0.642359130859375,1.412492889404297,0,34.688426611328126,7.327494193490156
gaussian_postrelu,1,recalibrated,test_probe,0.35,20,1.7556593185424805,0.24724643341526942,1.2360820007324218,2.1174964294433596,0,28.663825608856833,4.036676463922767
gaussian_postrelu,1,recalibrated,test_probe,0.5,20,2.585156329345703,0.24722875119388474,2.0159877014160155,3.0471801452636718,0,20.681250634765625,1.977830009551078
gaussian_postrelu,1,centre_frozen,train_probe,0.005,20,0.0015319004058838236,0.00037617981343069745,0.0008532104492187664,0.0025814819335937544,0,122.55203247070588,30.09438507445579
gaussian_postrelu,1,centre_frozen,train_probe,0.01,20,0.006105278778076187,0.0016030559073345468,0.003319038391113305,0.010513969421386715,0,122.10557556152371,32.06111814669093
gaussian_postrelu,1,centre_frozen,train_probe,0.02,20,0.024300868988037138,0.0066588433776940984,0.012850257873535165,0.042374794006347694,0,121.50434494018569,33.29421688847049
gaussian_postrelu,1,centre_frozen,train_probe,0.025,20,0.038040005493164074,0.010500245060384812,0.019891281127929705,0.06635111999511722,0,121.72801757812502,33.6007841932314
gaussian_postrelu,1,centre_frozen,train_probe,0.05,20,0.15889171371459962,0.04721637319395159,0.07677616119384767,0.27923997497558595,0,127.11337097167969,37.77309855516126
gaussian_postrelu,1,centre_frozen,train_probe,0.1,20,0.676634009552002,0.1982867771888899,0.3349107971191406,1.2558190155029298,0,135.3268019104004,39.65735543777797
gaussian_postrelu,1,centre_frozen,train_probe,0.2,20,2.795087522888183,0.6912596276933402,1.6915834808349608,4.404431137084961,0,139.75437614440915,34.562981384667005
gaussian_postrelu,1,centre_frozen,train_probe,0.25,20,4.304346243286134,1.067375566878524,2.7468824310302735,6.211772689819336,0,137.7390797851563,34.15601814011277
gaussian_postrelu,1,centre_frozen,train_probe,0.35,20,8.141311810302735,2.064737046880535,5.103424423217774,11.897344833374024,0,132.91937649473851,33.70999260213119
gaussian_postrelu,1,centre_frozen,train_probe,0.5,20,17.195633517456052,4.07335913383365,9.544479110717774,24.112698104858396,0,137.56506813964842,32.5868730706692
gaussian_postrelu,1,centre_frozen,test_probe,0.005,20,0.0011345317840576407,0.000396927039721094,0.0006666336059570899,0.0025178756713867267,0,90.76254272461128,31.75416317768752
gaussian_postrelu,1,centre_frozen,test_probe,0.01,20,0.004449166870117205,0.00154479865194193,0.0025178833007812873,0.009613952636718714,0,88.98333740234409,30.895973038838598
gaussian_postrelu,1,centre_frozen,test_probe,0.02,20,0.018552968215942416,0.0062386061143284354,0.009728172302246207,0.03717466735839847,0,92.76484107971208,31.193030571642176
gaussian_postrelu,1,centre_frozen,test_probe,0.025,20,0.029580728912353534,0.009988398883822072,0.01496518707275385,0.059025329589843745,0,94.65833251953129,31.962876428230622
gaussian_postrelu,1,centre_frozen,test_probe,0.05,20,0.13294531631469733,0.04823326379043617,0.059274459838867255,0.2666681976318359,0,106.35625305175782,38.58661103234893
gaussian_postrelu,1,centre_frozen,test_probe,0.1,20,0.6192020805358887,0.2089821451205693,0.2929891815185547,1.2464613342285156,0,123.8404161071777,41.796429024113856
gaussian_postrelu,1,centre_frozen,test_probe,0.2,20,2.6508831146240235,0.7349304549917269,1.5686520690917969,4.43703988647461,0,132.54415573120116,36.74652274958634
gaussian_postrelu,1,centre_frozen,test_probe,0.25,20,4.113316583251954,1.111496073440658,2.541309661865234,6.15127151489258,0,131.62613066406252,35.56787435010106
gaussian_postrelu,1,centre_frozen,test_probe,0.35,20,7.873771276855469,2.0926573586056474,4.845373138427735,11.478977935791017,0,128.55136778539543,34.16583442621466
gaussian_postrelu,1,centre_frozen,test_probe,0.5,20,16.859353729248042,4.092873170107087,9.216780426025391,23.684352203369137,0,134.87482983398434,32.74298536085669
gaussian_postrelu,2,saved,train_probe,0.005,20,0.0012814611434936423,0.00028623786561812596,0.0008113365173339493,0.001994956970214845,0,102.51689147949136,22.899029249450074
gaussian_postrelu,2,saved,train_probe,0.01,20,0.005202201652526842,0.0011207236682521451,0.0035529785156249716,0.007890361785888644,0,104.04403305053681,22.4144733650429
gaussian_postrelu,2,saved,train_probe,0.02,20,0.020931061553955063,0.0049100723785469175,0.013621177673339813,0.03190489959716791,0,104.65530776977532,24.550361892734582
gaussian_postrelu,2,saved,train_probe,0.025,20,0.032959823417663556,0.007935271930022886,0.021022861480712862,0.04991366577148437,0,105.47143493652338,25.392870176073227
gaussian_postrelu,2,saved,train_probe,0.05,20,0.13867854537963864,0.03586698018104561,0.08354149627685548,0.21069716644287106,0,110.94283630371092,28.693584144836482
gaussian_postrelu,2,saved,train_probe,0.1,20,0.6188186714172363,0.1622006360273458,0.35323263549804684,0.8883552246093749,0,123.76373428344723,32.44012720546915
gaussian_postrelu,2,saved,train_probe,0.2,20,2.704651860046387,0.5996799084965543,1.5221437683105468,3.7571111145019533,0,135.2325930023193,29.983995424827707
gaussian_postrelu,2,saved,train_probe,0.25,20,4.212016137695312,0.9016695605499676,2.3479046936035153,5.675647369384766,0,134.78451640625,28.853425937598963
gaussian_postrelu,2,saved,train_probe,0.35,20,8.170435345458984,1.791200016420073,4.72300796508789,11.35410025024414,0,133.39486278300382,29.24408190073589
gaussian_postrelu,2,saved,train_probe,0.5,20,18.408110852050783,4.984177523973159,10.66175064086914,28.87031411743164,0,147.26488681640626,39.87342019178527
gaussian_postrelu,2,saved,test_probe,0.005,20,0.001134469604492233,0.0003508793231607886,0.0005998687744140918,0.0018135986328126075,0,90.75756835937864,28.070345852863085
gaussian_postrelu,2,saved,test_probe,0.01,20,0.0041821166992188075,0.0012673888676526014,0.0018250427246094825,0.006978302001953152,0,83.64233398437615,25.347777353052024
gaussian_postrelu,2,saved,test_probe,0.02,20,0.016514065551757866,0.005035438561452336,0.007321441650390725,0.028922882080078094,0,82.57032775878933,25.17719280726168
gaussian_postrelu,2,saved,test_probe,0.025,20,0.02595077285766606,0.007961626081967802,0.011165847778320415,0.04520541381835941,0,83.04247314453137,25.477203462296963
gaussian_postrelu,2,saved,test_probe,0.05,20,0.11409453735351567,0.035197029210421574,0.05409475708007816,0.19345538330078138,0,91.27562988281252,28.157623368337255
gaussian_postrelu,2,saved,test_probe,0.1,20,0.5461786415100098,0.16254359775426225,0.2892767028808595,0.811661376953125,0,109.23572830200196,32.50871955085244
gaussian_postrelu,2,saved,test_probe,0.2,20,2.5218291809082034,0.6272297354460046,1.3391563110351563,3.5958768920898434,0,126.09145904541015,31.361486772300225
gaussian_postrelu,2,saved,test_probe,0.25,20,3.980065005493164,0.9386634426361027,2.1362437133789065,5.4866682739257815,0,127.36208017578124,30.037230164355286
gaussian_postrelu,2,saved,test_probe,0.35,20,7.860119451904296,1.845348304504625,4.358834045410156,11.365757019042968,0,128.3284808474171,30.12813558374899
gaussian_postrelu,2,saved,test_probe,0.5,20,17.966798071289062,4.944293699979929,10.119875671386717,28.49097332763672,0,143.7343845703125,39.55434959983943
gaussian_postrelu,2,recalibrated,train_probe,0.005,20,0.0005857154846191232,0.0001793922845351429,0.0003740921020507493,0.0008844680786132542,0,46.85723876952985,14.351382762811431
gaussian_postrelu,2,recalibrated,train_probe,0.01,20,0.0024328071594238083,0.0007652956281774329,0.00148497009277343,0.003919364929199198,0,48.65614318847616,15.305912563548654
gaussian_postrelu,2,recalibrated,train_probe,0.02,20,0.009779862403869601,0.0030988498066175864,0.006008560180664035,0.016040744781494143,0,48.89931201934801,15.49424903308793
gaussian_postrelu,2,recalibrated,train_probe,0.025,20,0.015348290443420393,0.004968384182734801,0.009404937744140585,0.025323524475097614,0,49.114529418945246,15.89882938475136
gaussian_postrelu,2,recalibrated,train_probe,0.05,20,0.061858924293518046,0.02102863101697868,0.03740202331542969,0.10885636901855467,0,49.48713943481443,16.82290481358294
gaussian_postrelu,2,recalibrated,train_probe,0.1,20,0.2422924270629882,0.07334457465631333,0.15170339202880856,0.4125413513183594,0,48.45848541259765,14.668914931262664
gaussian_postrelu,2,recalibrated,train_probe,0.2,20,0.8610873291015626,0.176905978807295,0.5564064636230468,1.1782883758544922,0,43.054366455078124,8.845298940364748
gaussian_postrelu,2,recalibrated,train_probe,0.25,20,1.231380534362793,0.21012535223548245,0.8274530181884765,1.5254422454833985,0,39.40417709960938,6.7240112715354385
gaussian_postrelu,2,recalibrated,train_probe,0.35,20,1.9658466690063476,0.22815305556928855,1.499092056274414,2.3029775848388674,0,32.09545582051181,3.724947846029201
gaussian_postrelu,2,recalibrated,train_probe,0.5,20,2.8791360717773435,0.27783944188186677,2.4546304779052734,3.6096461029052733,0,23.03308857421875,2.222715535054934
gaussian_postrelu,2,recalibrated,test_probe,0.005,20,0.00039711685180667813,0.0001997625216226209,0.00018360900878910957,0.0007852478027343679,0,31.769348144534252,15.981001729809671
gaussian_postrelu,2,recalibrated,test_probe,0.01,20,0.001515699005127008,0.0007114832284855904,0.0006228179931641042,0.0028940277099609446,0,30.31398010254016,14.229664569711806
gaussian_postrelu,2,recalibrated,test_probe,0.02,20,0.005754994964599663,0.0024814477179109997,0.0024960327148437766,0.011790878295898422,0,28.774974822998313,12.407238589554996
gaussian_postrelu,2,recalibrated,test_probe,0.025,20,0.00903907699584966,0.003744381095446622,0.004003707885742225,0.017738388061523502,0,28.9250463867189,11.982019505429188
gaussian_postrelu,2,recalibrated,test_probe,0.05,20,0.03973635864257819,0.017715067098508872,0.019378753662109394,0.08205409240722661,0,31.78908691406255,14.172053678807094
gaussian_postrelu,2,recalibrated,test_probe,0.1,20,0.17949187316894535,0.07021202091279606,0.09920617675781251,0.34882095336914065,0,35.89837463378906,14.04240418255921
gaussian_postrelu,2,recalibrated,test_probe,0.2,20,0.7094660987854005,0.1759826151393847,0.44952557373046886,1.0291358642578126,0,35.473304939270015,8.799130756969234
gaussian_postrelu,2,recalibrated,test_probe,0.25,20,1.0406131759643558,0.2131961567593431,0.6838301086425782,1.342610107421875,0,33.299621630859384,6.822277016298979
gaussian_postrelu,2,recalibrated,test_probe,0.35,20,1.7263090255737308,0.24616097883146215,1.2634794006347658,2.0794112243652343,0,28.184637152224177,4.018954756432035
gaussian_postrelu,2,recalibrated,test_probe,0.5,20,2.587735293579102,0.29913574275094773,2.1555307312011722,3.355975250244141,0,20.701882348632815,2.393085942007582
gaussian_postrelu,2,centre_frozen,train_probe,0.005,20,0.0012698291778564298,0.00027428475412796577,0.0007898368835448921,0.0018005561828612904,0,101.58633422851437,21.94278033023726
gaussian_postrelu,2,centre_frozen,train_probe,0.01,20,0.00515805091857908,0.00112535356250763,0.0033746185302733767,0.0075691719055175355,0,103.16101837158158,22.50707125015261
gaussian_postrelu,2,centre_frozen,train_probe,0.02,20,0.02073812751770018,0.004702338973800439,0.013775859832763693,0.030778747558593722,0,103.6906375885009,23.5116948690022
gaussian_postrelu,2,centre_frozen,train_probe,0.025,20,0.03263515205383298,0.007586142769977541,0.021024810791015647,0.048293014526367195,0,104.43248657226555,24.27565686392813
gaussian_postrelu,2,centre_frozen,train_probe,0.05,20,0.1371838180541992,0.0346351875226126,0.0836557159423828,0.20586369323730463,0,109.74705444335935,27.70815001809007
gaussian_postrelu,2,centre_frozen,train_probe,0.1,20,0.6128272567749024,0.1581759392152595,0.3525176544189453,0.8691595916748047,0,122.56545135498045,31.635187843051888
gaussian_postrelu,2,centre_frozen,train_probe,0.2,20,2.6830552841186517,0.5872173113996318,1.5179798431396485,3.6163431243896484,0,134.15276420593258,29.360865569981588
gaussian_postrelu,2,centre_frozen,train_probe,0.25,20,4.178414436340331,0.8904453761666278,2.3443913116455075,5.486506088256835,0,133.7092619628906,28.49425203733209
gaussian_postrelu,2,centre_frozen,train_probe,0.35,20,8.095001727294923,1.7964283634591696,4.704427841186523,11.277250106811524,0,132.16329350685587,29.329442668721136
gaussian_postrelu,2,centre_frozen,train_probe,0.5,20,18.179045907592773,4.946845839079209,10.619205795288087,28.334666732788087,0,145.43236726074218,39.574766712633675
gaussian_postrelu,2,centre_frozen,test_probe,0.005,20,0.0010457862854004406,0.0003279129024276912,0.00039262390136718395,0.0016988372802735352,0,83.66290283203526,26.233032194215294
gaussian_postrelu,2,centre_frozen,test_probe,0.01,20,0.004025923156738348,0.0012952277171900883,0.0013475341796875817,0.007013153076171896,0,80.51846313476696,25.904554343801763
gaussian_postrelu,2,centre_frozen,test_probe,0.02,20,0.01605173187255864,0.004882195244571528,0.006569137573242179,0.028204879760742263,0,80.2586593627932,24.410976222857638
gaussian_postrelu,2,centre_frozen,test_probe,0.025,20,0.025249560546875043,0.007632023893907577,0.01034936523437513,0.04366542053222666,0,80.79859375000014,24.42247646050424
gaussian_postrelu,2,centre_frozen,test_probe,0.05,20,0.11172762527465827,0.03415228316860094,0.05164653015136722,0.18710220336914074,0,89.38210021972658,27.32182653488074
gaussian_postrelu,2,centre_frozen,test_probe,0.1,20,0.5401456451416016,0.15938585355934046,0.28468507385253905,0.8100907592773436,0,108.02912902832028,31.87717071186808
gaussian_postrelu,2,centre_frozen,test_probe,0.2,20,2.5006299789428708,0.6149951583029215,1.3253044738769533,3.488031219482422,0,125.03149894714356,30.74975791514607
gaussian_postrelu,2,centre_frozen,test_probe,0.25,20,3.9474135498046876,0.9275293256087188,2.1203380432128904,5.411802276611327,0,126.31723359375,29.680938419479002
gaussian_postrelu,2,centre_frozen,test_probe,0.35,20,7.785783486938475,1.848554541389498,4.320120269775391,11.291911285400392,0,127.1148324398119,30.180482308399966
gaussian_postrelu,2,centre_frozen,test_probe,0.5,20,17.740930053710937,4.9112976907552754,10.08527456665039,27.96250698852539,0,141.9274404296875,39.290381526042204
gaussian_postrelu,3,saved,train_probe,0.005,20,0.0013216655731201233,0.0004817814169367277,0.0006638298034667978,0.002400936126708997,0,105.73324584960986,38.54251335493821
gaussian_postrelu,3,saved,train_probe,0.01,20,0.005719310951232922,0.0020851161384560528,0.0029274711608886506,0.010634017944335938,0,114.38621902465846,41.702322769121054
gaussian_postrelu,3,saved,train_probe,0.02,20,0.025137715911865234,0.00986792718309483,0.011640022277832007,0.052737281799316416,0,125.68857955932617,49.33963591547414
gaussian_postrelu,3,saved,train_probe,0.025,20,0.040892635726928715,0.016415747907302842,0.018471588134765626,0.08818972778320311,0,130.85643432617186,52.53039330336908
gaussian_postrelu,3,saved,train_probe,0.05,20,0.18786048774719238,0.07064340220524756,0.08077894592285162,0.3700355377197265,0,150.28839019775387,56.51472176419805
gaussian_postrelu,3,saved,train_probe,0.1,20,0.827458792114258,0.2676778456940003,0.3631172637939454,1.3503109893798828,0,165.49175842285158,53.53556913880006
gaussian_postrelu,3,saved,train_probe,0.2,20,3.158526773071289,0.857665871627737,2.0116180572509763,5.140058456420899,0,157.92633865356441,42.88329358138683
gaussian_postrelu,3,saved,train_probe,0.25,20,4.639424145507812,1.215135177018094,3.1687061004638672,7.705126571655274,0,148.46157265624998,38.88432566457901
gaussian_postrelu,3,saved,train_probe,0.35,20,8.189367953491212,2.270129293012607,5.435724838256837,13.733734725952148,0,133.70396658761166,37.0633353961242
gaussian_postrelu,3,saved,train_probe,0.5,20,17.32046706848145,5.544449359811763,9.399447128295899,28.566213973999023,0,138.5637365478516,44.3555948784941
gaussian_postrelu,3,saved,test_probe,0.005,20,0.001430249786376947,0.0005484653710224074,0.00038114929199217773,0.0027553863525390243,0,114.41998291015575,43.87722968179259
gaussian_postrelu,3,saved,test_probe,0.01,20,0.00523463821411137,0.0019576967524450968,0.0015657806396484064,0.010297653198242274,0,104.69276428222739,39.15393504890193
gaussian_postrelu,3,saved,test_probe,0.02,20,0.02164858016967778,0.00889827127508237,0.007547180175781265,0.04646543884277354,0,108.24290084838887,44.49135637541183
gaussian_postrelu,3,saved,test_probe,0.025,20,0.0354314796447754,0.015169092994844032,0.012257324218750032,0.07934558105468759,0,113.38073486328123,48.54109758350089
gaussian_postrelu,3,saved,test_probe,0.05,20,0.1693453453063965,0.07088353864745722,0.06166017150878911,0.33100595092773444,0,135.47627624511716,56.70683091796577
gaussian_postrelu,3,saved,test_probe,0.1,20,0.7582806617736817,0.2726852526077904,0.3088681335449218,1.2769675292968752,0,151.65613235473631,54.53705052155807
gaussian_postrelu,3,saved,test_probe,0.2,20,2.9881719482421873,0.8495556875202774,1.9266851501464846,4.8710508728027335,0,149.40859741210937,42.477784376013865
gaussian_postrelu,3,saved,test_probe,0.25,20,4.428231530761718,1.201683599027025,2.9298650817871095,7.347256805419922,0,141.703408984375,38.4538751688648
gaussian_postrelu,3,saved,test_probe,0.35,20,7.931566754150391,2.2203302743408613,5.170963104248047,13.219759857177733,0,129.49496741470026,36.25029019332019
gaussian_postrelu,3,saved,test_probe,0.5,20,16.9835209777832,5.406523375679605,9.168844818115234,28.011952728271485,0,135.8681678222656,43.25218700543684
gaussian_postrelu,3,recalibrated,train_probe,0.005,20,0.0006747734069824374,0.0002724680917726111,0.0003409004211425426,0.0013642120361327947,0,53.98187255859498,21.797447341808887
gaussian_postrelu,3,recalibrated,train_probe,0.01,20,0.0028581258773803853,0.001134991029713413,0.0014039916992187873,0.005601753234863283,0,57.16251754760769,22.69982059426826
gaussian_postrelu,3,recalibrated,train_probe,0.02,20,0.012435431671142593,0.005378720880523984,0.005719207763671852,0.02727060699462891,0,62.17715835571296,26.893604402619914
gaussian_postrelu,3,recalibrated,train_probe,0.025,20,0.02026622886657715,0.00910193049274604,0.009183128356933579,0.04622734069824219,0,64.85193237304686,29.126177576787324
gaussian_postrelu,3,recalibrated,train_probe,0.05,20,0.0896708839416504,0.03776727094946713,0.038704483032226566,0.188926383972168,0,71.73670715332031,30.213816759573696
gaussian_postrelu,3,recalibrated,train_probe,0.1,20,0.3372250621795655,0.0983314014227266,0.1688997192382813,0.5419003448486328,0,67.44501243591307,19.666280284545316
gaussian_postrelu,3,recalibrated,train_probe,0.2,20,1.0436152420043947,0.19127927022496516,0.6347811431884766,1.381163055419922,0,52.180762100219724,9.563963511248256
gaussian_postrelu,3,recalibrated,train_probe,0.25,20,1.4353501358032228,0.21684369423895902,0.9581070251464844,1.7825572204589846,0,45.93120434570313,6.938998215646689
gaussian_postrelu,3,recalibrated,train_probe,0.35,20,2.1797977294921878,0.23997766258286532,1.7023836669921875,2.5786743774414065,0,35.58853435905613,3.9180026544141286
gaussian_postrelu,3,recalibrated,train_probe,0.5,20,3.0289577941894534,0.279644458828552,2.621734008789063,3.597100280761719,0,24.231662353515627,2.237155670628416
gaussian_postrelu,3,recalibrated,test_probe,0.005,20,0.0005388137817383398,0.0002551158646177029,0.0002444915771484535,0.001248947143554724,0,43.10510253906719,20.409269169416234
gaussian_postrelu,3,recalibrated,test_probe,0.01,20,0.002036481475830132,0.0008849259923935283,0.001055679321289027,0.004252075195312566,0,40.72962951660264,17.698519847870564
gaussian_postrelu,3,recalibrated,test_probe,0.02,20,0.008519144439697307,0.004492943513242114,0.0037771759033203844,0.020592559814453182,0,42.595722198486534,22.46471756621057
gaussian_postrelu,3,recalibrated,test_probe,0.025,20,0.014193187332153351,0.007863462316199114,0.00600275421142582,0.03690910339355469,0,45.41819946289072,25.163079411837156
gaussian_postrelu,3,recalibrated,test_probe,0.05,20,0.06957568511962894,0.03255579392769591,0.03248338317871102,0.14935278320312506,0,55.660548095703135,26.04463514215672
gaussian_postrelu,3,recalibrated,test_probe,0.1,20,0.27927715606689457,0.09065358576082294,0.15012239074707034,0.48437065124511713,0,55.85543121337891,18.130717152164586
gaussian_postrelu,3,recalibrated,test_probe,0.2,20,0.9089584121704102,0.18327593769407674,0.5485545043945312,1.3000753173828126,0,45.447920608520505,9.163796884703835
gaussian_postrelu,3,recalibrated,test_probe,0.25,20,1.273068522644043,0.21144826098403838,0.8376345825195313,1.6823759155273437,0,40.73819272460938,6.766344351489228
gaussian_postrelu,3,recalibrated,test_probe,0.35,20,1.9792230392456056,0.22858168948595112,1.5842635498046875,2.31600146484375,0,32.313845538703774,3.731945950791039
gaussian_postrelu,3,recalibrated,test_probe,0.5,20,2.79337804260254,0.27434727260026687,2.353467590332031,3.322412475585937,0,22.34702434082032,2.194778180802135
gaussian_postrelu,3,centre_frozen,train_probe,0.005,20,0.0014365173339843911,0.0005342680846236651,0.0007670822143555078,0.0028400230407714666,0,114.92138671875128,42.74144676989321
gaussian_postrelu,3,centre_frozen,train_probe,0.01,20,0.005928467369079602,0.0022079849904634388,0.0029379882812500258,0.011399406433105497,0,118.56934738159202,44.15969980926878
gaussian_postrelu,3,centre_frozen,train_probe,0.02,20,0.025495464324951173,0.010158687428948336,0.01220520019531246,0.05445433807373046,0,127.47732162475586,50.793437144741674
gaussian_postrelu,3,centre_frozen,train_probe,0.025,20,0.04128806114196778,0.01688374784592319,0.01925920104980472,0.09098799133300783,0,132.12179565429688,54.027993106954206
gaussian_postrelu,3,centre_frozen,train_probe,0.05,20,0.1872186138153076,0.07080915065555905,0.08154624938964844,0.37200910949707033,0,149.7748910522461,56.647320524447224
gaussian_postrelu,3,centre_frozen,train_probe,0.1,20,0.8186009765625,0.26061519436187974,0.36743486022949223,1.3266614379882813,0,163.72019531249998,52.123038872375936
gaussian_postrelu,3,centre_frozen,train_probe,0.2,20,3.1072865234375002,0.8275651958473482,2.0437136230468753,4.982144958496094,0,155.364326171875,41.3782597923674
gaussian_postrelu,3,centre_frozen,train_probe,0.25,20,4.558054818725587,1.1736855010654916,3.10263134765625,7.492850769042969,0,145.8577541992188,37.55793603409573
gaussian_postrelu,3,centre_frozen,train_probe,0.35,20,8.020459149169923,2.1934135920383917,5.3241362915039065,13.430870544433592,0,130.9462718231824,35.810834155728855
gaussian_postrelu,3,centre_frozen,train_probe,0.5,20,16.88550637817383,5.326252094804351,9.18695245361328,27.49806329345703,0,135.08405102539064,42.61001675843481
gaussian_postrelu,3,centre_frozen,test_probe,0.005,20,0.0013441230773926338,0.0005276219802500539,0.0004104461669922621,0.0028180084228516256,0,107.52984619141071,42.20975842000431
gaussian_postrelu,3,centre_frozen,test_probe,0.01,20,0.005200985717773504,0.0019317003393768588,0.0017824096679688317,0.010514953613281253,0,104.01971435547009,38.634006787537174
gaussian_postrelu,3,centre_frozen,test_probe,0.02,20,0.02201656227111821,0.009208117949275153,0.007769607543945289,0.048282852172851554,0,110.08281135559105,46.040589746375765
gaussian_postrelu,3,centre_frozen,test_probe,0.025,20,0.03600023727416997,0.015608988061550047,0.012630203247070315,0.08179281616210943,0,115.20075927734385,49.94876179696015
gaussian_postrelu,3,centre_frozen,test_probe,0.05,20,0.1693587295532227,0.07011123088056205,0.06349201965332041,0.3304162139892579,0,135.48698364257814,56.08898470444963
gaussian_postrelu,3,centre_frozen,test_probe,0.1,20,0.7493936859130859,0.2659779397110751,0.31450372314453134,1.2536522521972655,0,149.8787371826172,53.195587942215
gaussian_postrelu,3,centre_frozen,test_probe,0.2,20,2.9389043640136716,0.8215874410340301,1.90466943359375,4.717552673339844,0,146.94521820068357,41.0793720517015
gaussian_postrelu,3,centre_frozen,test_probe,0.25,20,4.35108169555664,1.162086875511579,2.866763427734375,7.1415619506835935,0,139.23461425781247,37.18678001637053
gaussian_postrelu,3,centre_frozen,test_probe,0.35,20,7.767714123535157,2.1491507154927505,5.061016540527344,12.93874053955078,0,126.81982242506379,35.08817494682042
gaussian_postrelu,3,centre_frozen,test_probe,0.5,20,16.553505505371096,5.195899532714151,8.952364685058594,26.96096307373047,0,132.42804404296876,41.56719626171321
gaussian_postrelu,4,saved,train_probe,0.005,20,0.0015105131149291823,0.0005341463408755882,0.000880493164062468,0.0027345771789550333,0,120.84104919433454,42.73170727004705
gaussian_postrelu,4,saved,train_probe,0.01,20,0.00617183723449706,0.002184733338846374,0.003352970123290999,0.010950687408447235,0,123.43674468994118,43.69466677692748
gaussian_postrelu,4,saved,train_probe,0.02,20,0.025498709106445305,0.009292947780026687,0.01396640014648437,0.045589057922363285,0,127.49354553222652,46.464738900133426
gaussian_postrelu,4,saved,train_probe,0.025,20,0.04041761932373046,0.015082187265858927,0.021668510437011734,0.07326853942871092,0,129.33638183593746,48.26299925074856
gaussian_postrelu,4,saved,train_probe,0.05,20,0.17343772811889652,0.06894237228113606,0.08554005432128903,0.3316764907836914,0,138.75018249511714,55.15389782490883
gaussian_postrelu,4,saved,train_probe,0.1,20,0.7405336059570312,0.25188899684714644,0.37489852142333985,1.2781046829223632,0,148.1067211914062,50.37779936942928
gaussian_postrelu,4,saved,train_probe,0.2,20,2.8665653350830085,0.6340727669394494,1.688265296936035,3.83163468170166,0,143.32826675415038,31.703638346972465
gaussian_postrelu,4,saved,train_probe,0.25,20,4.265108052062988,0.879874035963636,2.668552894592285,5.39132804107666,0,136.48345766601562,28.155969150836352
gaussian_postrelu,4,saved,train_probe,0.35,20,7.601796968078612,1.693791763415747,4.36747794342041,10.652252967834475,0,124.11097090740596,27.653743076175463
gaussian_postrelu,4,saved,train_probe,0.5,20,15.392398377990725,4.012221399430153,7.609615272521972,25.81066422271729,0,123.1391870239258,32.097771195441226
gaussian_postrelu,4,saved,test_probe,0.005,20,0.001360831451415989,0.00048798360020459164,0.00045219421386710756,0.00227749633789065,0,108.86651611327913,39.03868801636733
gaussian_postrelu,4,saved,test_probe,0.01,20,0.005177799224853491,0.0018387509477007322,0.0019006500244140856,0.008909591674804651,0,103.55598449706982,36.775018954014634
gaussian_postrelu,4,saved,test_probe,0.02,20,0.020695463562011695,0.007543173199200759,0.008074218750000028,0.03520475769042963,0,103.47731781005845,37.71586599600379
gaussian_postrelu,4,saved,test_probe,0.025,20,0.03311383590698241,0.012373401673909856,0.013033081054687479,0.05678486633300783,0,105.96427490234369,39.59488535651153
gaussian_postrelu,4,saved,test_probe,0.05,20,0.14811826477050777,0.06134536303072357,0.05760160827636718,0.27593103027343746,0,118.4946118164062,49.07629042457885
gaussian_postrelu,4,saved,test_probe,0.1,20,0.6626323753356933,0.23846966668235364,0.2889053039550782,1.1463324279785156,0,132.52647506713862,47.693933336470714
gaussian_postrelu,4,saved,test_probe,0.2,20,2.670913386535644,0.6082595747474058,1.5029074401855471,3.594430541992187,0,133.5456693267822,30.412978737370278
gaussian_postrelu,4,saved,test_probe,0.25,20,4.02362839050293,0.8541729986793322,2.465730773925781,5.1241630859375,0,128.75610849609376,27.33353595773863
gaussian_postrelu,4,saved,test_probe,0.35,20,7.30789620361328,1.6307223134677762,4.315028930664062,10.153439086914062,0,119.31259107940052,26.624037770902472
gaussian_postrelu,4,saved,test_probe,0.5,20,15.080208270263672,3.8844198167874704,7.548102905273438,25.100178833007813,0,120.64166616210937,31.075358534299763
gaussian_postrelu,4,recalibrated,train_probe,0.005,20,0.0006662439346313582,0.00029516547523935304,0.0002932205200195659,0.0012835121154785023,0,53.29951477050865,23.61323801914824
gaussian_postrelu,4,recalibrated,train_probe,0.01,20,0.002770553016662605,0.0012373782277379783,0.0011271362304687838,0.0054100112915039245,0,55.4110603332521,24.747564554759567
gaussian_postrelu,4,recalibrated,train_probe,0.02,20,0.011681044578552246,0.0055233865620707406,0.0045263442993164205,0.02367549896240234,0,58.40522289276123,27.616932810353703
gaussian_postrelu,4,recalibrated,train_probe,0.025,20,0.018670308113098145,0.009150656606301428,0.007080406188964883,0.03808771514892578,0,59.744985961914054,29.282101140164563
gaussian_postrelu,4,recalibrated,train_probe,0.05,20,0.07742734222412109,0.03903440590748405,0.027515541076660155,0.1536264419555664,0,61.94187377929687,31.227524725987234
gaussian_postrelu,4,recalibrated,train_probe,0.1,20,0.2947167381286621,0.1313337240316995,0.10725815582275389,0.5504098205566407,0,58.943347625732414,26.26674480633989
gaussian_postrelu,4,recalibrated,train_probe,0.2,20,0.9163812385559081,0.2748548242005734,0.3993993835449219,1.4718054199218749,0,45.8190619277954,13.742741210028665
gaussian_postrelu,4,recalibrated,train_probe,0.25,20,1.2671885437011716,0.3034528871500684,0.6035732116699218,1.8540796813964842,0,40.55003339843749,9.710492388802189
gaussian_postrelu,4,recalibrated,train_probe,0.35,20,1.9646809631347655,0.30408272378503143,1.1094586181640627,2.457908233642578,0,32.076423887914544,4.964615898531127
gaussian_postrelu,4,recalibrated,train_probe,0.5,20,2.813730688476563,0.291850881584285,1.8851844177246093,3.248869415283203,0,22.509845507812503,2.33480705267428
gaussian_postrelu,4,recalibrated,test_probe,0.005,20,0.0006074478149414364,0.0003282771278525531,0.00023501586914065342,0.001274963378906313,0,48.595825195314916,26.262170228204244
gaussian_postrelu,4,recalibrated,test_probe,0.01,20,0.002249736785888706,0.0010076817809303526,0.0008916778564452832,0.00394018554687503,0,44.99473571777413,20.153635618607055
gaussian_postrelu,4,recalibrated,test_probe,0.02,20,0.008283759307861354,0.0034014548218182367,0.0037650756835937438,0.01492942810058595,0,41.41879653930677,17.00727410909119
gaussian_postrelu,4,recalibrated,test_probe,0.025,20,0.01294745407104495,0.00561037333458395,0.0057602539062500124,0.025163772583007837,0,41.431853027343834,17.953194670668637
gaussian_postrelu,4,recalibrated,test_probe,0.05,20,0.05603503341674807,0.030965081041511796,0.020561889648437526,0.13899392700195312,0,44.82802673339846,24.77206483320943
gaussian_postrelu,4,recalibrated,test_probe,0.1,20,0.2335267272949219,0.12174530053297145,0.07549856567382818,0.5234329528808596,0,46.70534545898437,24.349060106594283
gaussian_postrelu,4,recalibrated,test_probe,0.2,20,0.7692023010253907,0.25251504010666753,0.28856089782714844,1.3037290649414062,0,38.460115051269526,12.625752005333373
gaussian_postrelu,4,recalibrated,test_probe,0.25,20,1.0896999649047854,0.28251422812201554,0.460012725830078,1.6509868774414067,0,34.87039887695313,9.040455299904497
gaussian_postrelu,4,recalibrated,test_probe,0.35,20,1.7415768966674807,0.29362506953989664,0.8863210144042969,2.2222501220703124,0,28.433908517020097,4.793878686365661
gaussian_postrelu,4,recalibrated,test_probe,0.5,20,2.553141012573242,0.3026046331527777,1.5892147216796877,2.94220263671875,0,20.425128100585937,2.4208370652222215
gaussian_postrelu,4,centre_frozen,train_probe,0.005,20,0.0015192985534667968,0.0005235086329092991,0.0008027076721190962,0.002629985809326163,0,121.54388427734375,41.88069063274393
gaussian_postrelu,4,centre_frozen,train_probe,0.01,20,0.006214391326904295,0.002177407173449204,0.00326933288574216,0.010964279174804692,0,124.28782653808591,43.54814346898408
gaussian_postrelu,4,centre_frozen,train_probe,0.02,20,0.025590867614746094,0.009234054322349578,0.013627490997314418,0.04546914672851565,0,127.95433807373047,46.17027161174788
gaussian_postrelu,4,centre_frozen,train_probe,0.025,20,0.04064552783966065,0.015100324099686608,0.021239440917968755,0.07283507537841793,0,130.06568908691403,48.32103711899714
gaussian_postrelu,4,centre_frozen,train_probe,0.05,20,0.17538685455322267,0.06956256451949532,0.08516493225097654,0.33203070068359375,0,140.30948364257807,55.650051615596226
gaussian_postrelu,4,centre_frozen,train_probe,0.1,20,0.7472156486511231,0.2529161351299273,0.3754597778320313,1.2564068603515626,0,149.4431297302246,50.583227025985444
gaussian_postrelu,4,centre_frozen,train_probe,0.2,20,2.879091624450684,0.6461852589559738,1.6838652954101563,3.7508251647949216,0,143.95458122253416,32.309262947798686
gaussian_postrelu,4,centre_frozen,train_probe,0.25,20,4.276998251342773,0.9097013437611391,2.6642073669433595,5.414323394775391,0,136.86394404296874,29.11044300035645
gaussian_postrelu,4,centre_frozen,train_probe,0.35,20,7.609458551025391,1.751391689185937,4.376426666259765,10.947251373291015,0,124.23605797592477,28.594150027525504
gaussian_postrelu,4,centre_frozen,train_probe,0.5,20,15.47001575317383,4.058866076122482,7.783238677978516,26.221538482666016,0,123.76012602539063,32.470928608979854
gaussian_postrelu,4,centre_frozen,test_probe,0.005,20,0.0014223037719726772,0.0005661459328678174,0.00045013427734375,0.0025483245849610148,0,113.78430175781418,45.29167462942538
gaussian_postrelu,4,centre_frozen,test_probe,0.01,20,0.005410718536376991,0.0019484180621159048,0.0022272949218750115,0.009776535034179745,0,108.21437072753979,38.968361242318096
gaussian_postrelu,4,centre_frozen,test_probe,0.02,20,0.021119211578369164,0.007505779025705203,0.008533142089843682,0.036151611328125055,0,105.59605789184582,37.52889512852601
gaussian_postrelu,4,centre_frozen,test_probe,0.025,20,0.03355810470581057,0.012257640604248134,0.013798751831054723,0.05780090332031251,0,107.3859350585938,39.22444993359402
gaussian_postrelu,4,centre_frozen,test_probe,0.05,20,0.14932418594360353,0.0612777722245943,0.05924617004394539,0.27406443786621104,0,119.45934875488278,49.02221777967542
gaussian_postrelu,4,centre_frozen,test_probe,0.1,20,0.6660644218444824,0.24007116311337395,0.2874857330322266,1.1248724365234377,0,133.21288436889648,48.014232622674776
gaussian_postrelu,4,centre_frozen,test_probe,0.2,20,2.678683792114258,0.6186944575988726,1.4859808959960938,3.521262268066406,0,133.93418960571287,30.934722879943628
gaussian_postrelu,4,centre_frozen,test_probe,0.25,20,4.031790267944336,0.8817496823112988,2.4435692138671876,5.166834289550781,0,129.01728857421875,28.21598983396156
gaussian_postrelu,4,centre_frozen,test_probe,0.35,20,7.316030627441407,1.6874799744133855,4.333125915527344,10.447332336425783,0,119.44539799904337,27.550693459810375
gaussian_postrelu,4,centre_frozen,test_probe,0.5,20,15.153700323486328,3.927742665360854,7.700364440917968,25.50762884521484,0,121.22960258789062,31.42194132288683
resolution_max_b1_gaussian_conv,0,saved,train_probe,0.005,20,0.0008306488037109122,0.00023457113976054603,0.0005117568969726372,0.001552871704101566,0,66.45190429687298,18.765691180843685
resolution_max_b1_gaussian_conv,0,saved,train_probe,0.01,20,0.0032625896453857216,0.000854977099176548,0.001996711730957057,0.005711196899414017,0,65.25179290771442,17.099541983530955
resolution_max_b1_gaussian_conv,0,saved,train_probe,0.02,20,0.012852927017211893,0.0033631775358646857,0.00801443481445313,0.02253067016601562,0,64.26463508605946,16.815887679323428
resolution_max_b1_gaussian_conv,0,saved,train_probe,0.025,20,0.02002742233276365,0.005247923678138938,0.012540367126464835,0.03520014953613282,0,64.08775146484365,16.7933557700446
resolution_max_b1_gaussian_conv,0,saved,train_probe,0.05,20,0.08047396850585935,0.02143387630922927,0.050314178466796866,0.14397749328613274,0,64.37917480468747,17.147101047383416
resolution_max_b1_gaussian_conv,0,saved,train_probe,0.1,20,0.34856939430236816,0.09972387758392405,0.20572225952148437,0.6461151275634766,0,69.71387886047361,19.9447755167848
resolution_max_b1_gaussian_conv,0,saved,train_probe,0.2,20,1.781964908599853,0.5302748856203049,0.9781407623291015,3.0585912475585935,0,89.09824542999266,26.513744281015242
resolution_max_b1_gaussian_conv,0,saved,train_probe,0.25,20,3.018059425354003,0.9019632808874207,1.6958510437011718,4.911401733398438,0,96.5779016113281,28.862824988397463
resolution_max_b1_gaussian_conv,0,saved,train_probe,0.35,20,6.462646505737306,2.0796139196923082,3.4987693481445308,11.352972900390625,0,105.51259601203768,33.95288032150708
resolution_max_b1_gaussian_conv,0,saved,train_probe,0.5,20,15.04497927856445,5.381630347731339,8.401500732421876,32.28983862304687,0,120.3598342285156,43.05304278185071
resolution_max_b1_gaussian_conv,0,saved,test_probe,0.005,20,0.0007077190399169542,0.00022268250984621457,0.00037230682373046164,0.0012842636108397754,0,56.61752319335633,17.814600787697167
resolution_max_b1_gaussian_conv,0,saved,test_probe,0.01,20,0.0028073623657226543,0.0008852652807420023,0.0015155334472656268,0.005091835021972635,0,56.14724731445308,17.705305614840043
resolution_max_b1_gaussian_conv,0,saved,test_probe,0.02,20,0.011243422698974603,0.0034237673759240257,0.006252120971679709,0.02017977905273438,0,56.21711349487301,17.11883687962013
resolution_max_b1_gaussian_conv,0,saved,test_probe,0.025,20,0.01753032569885249,0.005413309962368284,0.009728118896484395,0.03185372924804686,0,56.09704223632796,17.322591879578507
resolution_max_b1_gaussian_conv,0,saved,test_probe,0.05,20,0.07222434082031248,0.02365286684723806,0.040140167236328184,0.14143203735351562,0,57.77947265624997,18.92229347779044
resolution_max_b1_gaussian_conv,0,saved,test_probe,0.1,20,0.3284506851196289,0.11230049428567224,0.17802197265624997,0.6654679870605469,0,65.69013702392576,22.46009885713444
resolution_max_b1_gaussian_conv,0,saved,test_probe,0.2,20,1.712744808959961,0.5541721227093714,0.9236640624999999,3.0324012145996098,0,85.63724044799802,27.708606135468564
resolution_max_b1_gaussian_conv,0,saved,test_probe,0.25,20,2.9186692474365232,0.9164087094603492,1.6271392517089844,4.807384368896484,0,93.39741591796874,29.325078702731176
resolution_max_b1_gaussian_conv,0,saved,test_probe,0.35,20,6.305434338378907,2.0697876097013634,3.393212127685547,11.129668548583984,0,102.94586674904338,33.79245077063451
resolution_max_b1_gaussian_conv,0,saved,test_probe,0.5,20,14.809509460449217,5.336425580714998,8.186047454833984,31.90970639038086,0,118.47607568359373,42.691404645719985
resolution_max_b1_gaussian_conv,0,recalibrated,train_probe,0.005,20,0.0002735996246337885,7.239158692513111e-05,0.000160003662109387,0.00042256164550780184,0,21.88796997070308,5.79132695401049
resolution_max_b1_gaussian_conv,0,recalibrated,train_probe,0.01,20,0.0011152973175048847,0.00021783163688557017,0.0007137985229492272,0.0015593261718749862,0,22.305946350097695,4.356632737711403
resolution_max_b1_gaussian_conv,0,recalibrated,train_probe,0.02,20,0.004313636016845701,0.0007306471370904103,0.0030720367431640305,0.005638893127441369,0,21.5681800842285,3.653235685452051
resolution_max_b1_gaussian_conv,0,recalibrated,train_probe,0.025,20,0.006635658264160157,0.0011410844755669316,0.004882606506347642,0.008888885498046895,0,21.2341064453125,3.6514703218141817
resolution_max_b1_gaussian_conv,0,recalibrated,train_probe,0.05,20,0.025390794754028324,0.004409854213980473,0.01930686950683591,0.03463831329345701,0,20.31263580322265,3.527883371184378
resolution_max_b1_gaussian_conv,0,recalibrated,train_probe,0.1,20,0.09677053833007812,0.014844948979137358,0.07483563995361331,0.12899110412597659,0,19.354107666015615,2.968989795827471
resolution_max_b1_gaussian_conv,0,recalibrated,train_probe,0.2,20,0.3872781204223633,0.05230003900815113,0.3011474609375,0.4954827270507812,0,19.36390602111816,2.615001950407556
resolution_max_b1_gaussian_conv,0,recalibrated,train_probe,0.25,20,0.615900210571289,0.07800748396908691,0.48261779785156256,0.7611838989257812,0,19.708806738281247,2.496239487010781
resolution_max_b1_gaussian_conv,0,recalibrated,train_probe,0.35,20,1.211617367553711,0.1304749526631449,0.9607487487792968,1.4063068542480468,0,19.781508041693247,2.1302033087860397
resolution_max_b1_gaussian_conv,0,recalibrated,train_probe,0.5,20,2.204276316833496,0.17841618023681854,1.879215515136719,2.4293199462890627,0,17.634210534667968,1.4273294418945484
resolution_max_b1_gaussian_conv,0,recalibrated,test_probe,0.005,20,0.00017645874023442532,7.015086237669413e-05,7.820892333998408e-05,0.00033554077148445494,0,14.116699218754025,5.61206899013553
resolution_max_b1_gaussian_conv,0,recalibrated,test_probe,0.01,20,0.0006990386962891116,0.00020021828370588008,0.00045913696289068273,0.0010348815917968768,0,13.980773925782234,4.004365674117602
resolution_max_b1_gaussian_conv,0,recalibrated,test_probe,0.02,20,0.0028745708465576668,0.000669333623888693,0.002040695190429709,0.003999549865722707,0,14.372854232788336,3.346668119443465
resolution_max_b1_gaussian_conv,0,recalibrated,test_probe,0.025,20,0.004432316207885795,0.0009333779539207514,0.00310225677490239,0.006061096191406268,0,14.183411865234541,2.9868094525464035
resolution_max_b1_gaussian_conv,0,recalibrated,test_probe,0.05,20,0.01665916595458989,0.0031174513953707637,0.01170791625976575,0.022960838317871102,0,13.32733276367191,2.49396111629661
resolution_max_b1_gaussian_conv,0,recalibrated,test_probe,0.1,20,0.06861350021362309,0.01199114071089018,0.049585433959960956,0.0916627349853516,0,13.722700042724615,2.3982281421780356
resolution_max_b1_gaussian_conv,0,recalibrated,test_probe,0.2,20,0.3103053741455079,0.04529826866164104,0.23433195495605474,0.3930772399902345,0,15.515268707275391,2.264913433082052
resolution_max_b1_gaussian_conv,0,recalibrated,test_probe,0.25,20,0.510620088195801,0.06917390202428496,0.39234640502929685,0.6298851318359378,0,16.33984282226563,2.2135648647771187
resolution_max_b1_gaussian_conv,0,recalibrated,test_probe,0.35,20,1.0550159515380861,0.12477352824569682,0.843007781982422,1.2590784912109376,0,17.224750229193244,2.037118828501173
resolution_max_b1_gaussian_conv,0,recalibrated,test_probe,0.5,20,2.0021088241577147,0.17716270478515492,1.6840777587890623,2.276730895996094,0,16.016870593261718,1.4173016382812393
resolution_max_b1_gaussian_conv,0,centre_frozen,train_probe,0.005,20,0.0008228096008300823,0.00022785171924651765,0.000518722534179672,0.0015158920288086408,0,65.82476806640658,18.228137539721413
resolution_max_b1_gaussian_conv,0,centre_frozen,train_probe,0.01,20,0.003272843170166015,0.0008784153736445759,0.0020420379638671493,0.005833351135253906,0,65.45686340332028,17.56830747289152
resolution_max_b1_gaussian_conv,0,centre_frozen,train_probe,0.02,20,0.012912764739990238,0.003425929517978467,0.008080017089843738,0.02289920806884771,0,64.56382369995119,17.12964758989233
resolution_max_b1_gaussian_conv,0,centre_frozen,train_probe,0.025,20,0.020050315856933586,0.005350298862566045,0.012500755310058564,0.035781433105468774,0,64.16101074218747,17.12095636021134
resolution_max_b1_gaussian_conv,0,centre_frozen,train_probe,0.05,20,0.0802363437652588,0.022093824787963175,0.04975237274169919,0.14719079589843753,0,64.18907501220701,17.675059830370536
resolution_max_b1_gaussian_conv,0,centre_frozen,train_probe,0.1,20,0.3474148071289062,0.10307479828589361,0.2022602386474609,0.6625195007324219,0,69.48296142578126,20.61495965717872
resolution_max_b1_gaussian_conv,0,centre_frozen,train_probe,0.2,20,1.773971555328369,0.5461428497470704,0.9558613433837889,3.1337857055664062,0,88.69857776641844,27.307142487353513
resolution_max_b1_gaussian_conv,0,centre_frozen,train_probe,0.25,20,3.0077093017578123,0.928956633960028,1.6495517578125,5.0166781005859375,0,96.24669765624999,29.726612286720897
resolution_max_b1_gaussian_conv,0,centre_frozen,train_probe,0.35,20,6.46399451599121,2.139036807188678,3.4914583129882817,11.548830627441406,0,105.53460434271365,34.923049913284544
resolution_max_b1_gaussian_conv,0,centre_frozen,train_probe,0.5,20,15.125992004394533,5.493507195889859,8.314789001464844,32.86123809814453,0,121.00793603515626,43.94805756711887
resolution_max_b1_gaussian_conv,0,centre_frozen,test_probe,0.005,20,0.0006834442138672292,0.00023163740760019793,0.0002915267944336719,0.0012875061035156898,0,54.67553710937833,18.530992608015833
resolution_max_b1_gaussian_conv,0,centre_frozen,test_probe,0.01,20,0.0027682632446289603,0.000856210304330232,0.001471466064453253,0.005135650634765732,0,55.36526489257919,17.124206086604637
resolution_max_b1_gaussian_conv,0,centre_frozen,test_probe,0.02,20,0.01115301628112796,0.00347317208707294,0.006065704345703082,0.020769989013671886,0,55.76508140563978,17.3658604353647
resolution_max_b1_gaussian_conv,0,centre_frozen,test_probe,0.025,20,0.017397443008422896,0.005492644892776476,0.009511009216308652,0.0326648712158204,0,55.67181762695327,17.57646365688472
resolution_max_b1_gaussian_conv,0,centre_frozen,test_probe,0.05,20,0.07171954689025885,0.024439353149846958,0.03909673309326178,0.14571682739257819,0,57.37563751220707,19.551482519877563
resolution_max_b1_gaussian_conv,0,centre_frozen,test_probe,0.1,20,0.3276944534301759,0.11600527188024902,0.17342866516113276,0.685560272216797,0,65.53889068603516,23.2010543760498
resolution_max_b1_gaussian_conv,0,centre_frozen,test_probe,0.2,20,1.7103921035766603,0.57077321672298,0.903553497314453,3.119969604492187,0,85.519605178833,28.538660836148996
resolution_max_b1_gaussian_conv,0,centre_frozen,test_probe,0.25,20,2.915283674621582,0.9436898373840882,1.5872520141601563,4.926661071777343,0,93.28907758789063,30.198074796290822
resolution_max_b1_gaussian_conv,0,centre_frozen,test_probe,0.35,20,6.313448553466797,2.131467049936879,3.3803020629882807,11.341210510253905,0,103.07671107700894,34.79946203978578
resolution_max_b1_gaussian_conv,0,centre_frozen,test_probe,0.5,20,14.896355700683596,5.451301283564837,8.104166564941407,32.50312408447265,0,119.17084560546877,43.6104102685187
resolution_max_b1_gaussian_conv,1,saved,train_probe,0.005,20,0.0010327156066894578,0.0003536917284343507,0.0005237808227538943,0.0021668472290038987,0,82.6172485351566,28.295338274748048
resolution_max_b1_gaussian_conv,1,saved,train_probe,0.01,20,0.0040437088012695325,0.0014660140157854622,0.0018856048583984486,0.008788871765136708,0,80.87417602539065,29.32028031570924
resolution_max_b1_gaussian_conv,1,saved,train_probe,0.02,20,0.016306002426147468,0.005985289762087558,0.007604072570800813,0.03552693939208984,0,81.53001213073733,29.926448810437787
resolution_max_b1_gaussian_conv,1,saved,train_probe,0.025,20,0.025586125946044924,0.009464625986301363,0.011722366333007772,0.05583071899414066,0,81.87560302734376,30.286803156164353
resolution_max_b1_gaussian_conv,1,saved,train_probe,0.05,20,0.10501655731201172,0.03984173946206214,0.04591928100585935,0.22955444335937497,0,84.01324584960936,31.8733915696497
resolution_max_b1_gaussian_conv,1,saved,train_probe,0.1,20,0.46541232681274414,0.1879373975900914,0.1872162017822266,1.0165213317871094,0,93.0824653625488,37.58747951801827
resolution_max_b1_gaussian_conv,1,saved,train_probe,0.2,20,2.330781413269043,0.8647033618513333,0.893200408935547,4.299366241455078,0,116.53907066345214,43.23516809256665
resolution_max_b1_gaussian_conv,1,saved,train_probe,0.25,20,3.8075760391235356,1.295989111939083,1.5431515197753907,6.70755191040039,0,121.84243325195314,41.471651582050654
resolution_max_b1_gaussian_conv,1,saved,train_probe,0.35,20,7.4554613586425775,2.2396749223944554,3.501863006591797,12.411335968017578,0,121.72181810028704,36.5661211819503
resolution_max_b1_gaussian_conv,1,saved,train_probe,0.5,20,16.39420157775879,5.147891333583536,8.652274810791017,27.371534210205077,0,131.1536126220703,41.18313066866829
resolution_max_b1_gaussian_conv,1,saved,test_probe,0.005,20,0.0008281257629394357,0.00036168354335083764,0.0003250274658203045,0.0019347076416015296,0,66.25006103515484,28.934683468067007
resolution_max_b1_gaussian_conv,1,saved,test_probe,0.01,20,0.0033190177917480136,0.00144535350728902,0.0011788024902343874,0.0077793731689452805,0,66.38035583496028,28.907070145780395
resolution_max_b1_gaussian_conv,1,saved,test_probe,0.02,20,0.013582886505126911,0.005762183105495669,0.004717803955078148,0.03109478759765616,0,67.91443252563455,28.810915527478343
resolution_max_b1_gaussian_conv,1,saved,test_probe,0.025,20,0.02145573959350582,0.009043084587654309,0.007750671386718699,0.04898811340332032,0,68.65836669921859,28.937870680493784
resolution_max_b1_gaussian_conv,1,saved,test_probe,0.05,20,0.09012307357788082,0.03885479008359724,0.03241699218749994,0.20946665954589838,0,72.09845886230464,31.08383206687779
resolution_max_b1_gaussian_conv,1,saved,test_probe,0.1,20,0.4130840927124023,0.18121522777555893,0.13891477966308585,0.9521494140625,0,82.61681854248044,36.24304555511178
resolution_max_b1_gaussian_conv,1,saved,test_probe,0.2,20,2.176922720336914,0.8315454603305585,0.7725023803710938,4.150225128173829,0,108.84613601684569,41.577273016527926
resolution_max_b1_gaussian_conv,1,saved,test_probe,0.25,20,3.614455346679688,1.2551812096848742,1.4019615783691406,6.3470317687988285,0,115.66257109375002,40.165798709915975
resolution_max_b1_gaussian_conv,1,saved,test_probe,0.35,20,7.2156887725830074,2.1785297009415743,3.3449895935058596,12.004563018798827,0,117.80716363400833,35.56783185210734
resolution_max_b1_gaussian_conv,1,saved,test_probe,0.5,20,16.09538421020508,4.96575122782939,8.418685455322265,26.736287628173827,0,128.76307368164063,39.72600982263512
resolution_max_b1_gaussian_conv,1,recalibrated,train_probe,0.005,20,0.0003010440826416022,7.685157955534779e-05,0.0001628875732422319,0.0005252838134765514,0,24.083526611328175,6.1481263644278235
resolution_max_b1_gaussian_conv,1,recalibrated,train_probe,0.01,20,0.0012826911926269529,0.00029830205464996946,0.0007170104980468439,0.0020163879394531348,0,25.653823852539055,5.9660410929993875
resolution_max_b1_gaussian_conv,1,recalibrated,train_probe,0.02,20,0.005343942642211924,0.0012704936072799743,0.003163009643554704,0.008611297607421853,0,26.71971321105962,6.352468036399871
resolution_max_b1_gaussian_conv,1,recalibrated,train_probe,0.025,20,0.008399272155761733,0.0020264375559940965,0.0049933700561523575,0.013743850708007821,0,26.877670898437543,6.484600179181108
resolution_max_b1_gaussian_conv,1,recalibrated,train_probe,0.05,20,0.03283593177795411,0.00824987101606881,0.019873886108398464,0.056501960754394565,0,26.26874542236328,6.599896812855048
resolution_max_b1_gaussian_conv,1,recalibrated,train_probe,0.1,20,0.12131051177978516,0.02786175961692978,0.07418572235107423,0.19591603088378906,0,24.262102355957023,5.5723519233859555
resolution_max_b1_gaussian_conv,1,recalibrated,train_probe,0.2,20,0.45520739593505855,0.08754312499870656,0.2889458312988281,0.5993730316162109,0,22.760369796752922,4.377156249935328
resolution_max_b1_gaussian_conv,1,recalibrated,train_probe,0.25,20,0.7055268432617188,0.12895816235192203,0.4633051757812501,0.9130881652832032,0,22.576858984375,4.126661195261505
resolution_max_b1_gaussian_conv,1,recalibrated,train_probe,0.35,20,1.3514451400756835,0.22547263656692465,0.9916768188476563,1.8606835327148437,0,22.064410450215245,3.681185903133464
resolution_max_b1_gaussian_conv,1,recalibrated,train_probe,0.5,20,2.376995401000977,0.32841197405477807,1.9406147155761717,3.096622772216797,0,19.015963208007815,2.6272957924382245
resolution_max_b1_gaussian_conv,1,recalibrated,test_probe,0.005,20,0.00018669967651362973,7.686908292959304e-05,4.7592163085807826e-05,0.0003057708740233922,0,14.935974121090378,6.149526634367443
resolution_max_b1_gaussian_conv,1,recalibrated,test_probe,0.01,20,0.0007331222534179338,0.00026821790978770715,0.00016033935546866385,0.001084091186523306,0,14.662445068358675,5.364358195754144
resolution_max_b1_gaussian_conv,1,recalibrated,test_probe,0.02,20,0.0030300842285155725,0.0009315399758203013,0.0010264587402343262,0.004752944946289084,0,15.15042114257786,4.657699879101506
resolution_max_b1_gaussian_conv,1,recalibrated,test_probe,0.025,20,0.004804856109619093,0.0013769822044573036,0.0020475921630859206,0.007438064575195247,0,15.375539550781095,4.40634305426337
resolution_max_b1_gaussian_conv,1,recalibrated,test_probe,0.05,20,0.019729074096679643,0.005499713840912735,0.009262802124023417,0.032949615478515604,0,15.783259277343708,4.399771072730187
resolution_max_b1_gaussian_conv,1,recalibrated,test_probe,0.1,20,0.08277341537475581,0.019899440941500493,0.04894723510742183,0.13155685424804686,0,16.554683074951164,3.979888188300098
resolution_max_b1_gaussian_conv,1,recalibrated,test_probe,0.2,20,0.35480104522705075,0.06508387268088446,0.23913049316406254,0.47036846923828124,0,17.740052261352535,3.254193634044223
resolution_max_b1_gaussian_conv,1,recalibrated,test_probe,0.25,20,0.5764079444885253,0.09903137392400249,0.3994905700683593,0.7678816833496094,0,18.44505422363281,3.1690039655680797
resolution_max_b1_gaussian_conv,1,recalibrated,test_probe,0.35,20,1.1764837020874024,0.18882180479099825,0.8798400268554687,1.6089058837890622,0,19.207897176937184,3.0828049761795637
resolution_max_b1_gaussian_conv,1,recalibrated,test_probe,0.5,20,2.155922155761719,0.31098878215213827,1.772359375,2.896656677246094,0,17.247377246093752,2.487910257217106
resolution_max_b1_gaussian_conv,1,centre_frozen,train_probe,0.005,20,0.0009050060272216886,0.0003529584115963197,0.0004120864868163987,0.0020299911499023215,0,72.40048217773509,28.23667292770558
resolution_max_b1_gaussian_conv,1,centre_frozen,train_probe,0.01,20,0.003843795776367198,0.0014747241774743952,0.0017315063476562864,0.008638290405273419,0,76.87591552734395,29.494483549487907
resolution_max_b1_gaussian_conv,1,centre_frozen,train_probe,0.02,20,0.015969102478027346,0.005885066628957098,0.007537727355957036,0.03489163208007812,0,79.84551239013675,29.425333144785487
resolution_max_b1_gaussian_conv,1,centre_frozen,train_probe,0.025,20,0.025127724075317392,0.00928606496202339,0.011735694885253889,0.05486064147949221,0,80.40871704101565,29.715407878474842
resolution_max_b1_gaussian_conv,1,centre_frozen,train_probe,0.05,20,0.10356646385192872,0.039237769465955356,0.04665842437744139,0.22664917755126957,0,82.85317108154297,31.39021557276428
resolution_max_b1_gaussian_conv,1,centre_frozen,train_probe,0.1,20,0.45825037765502924,0.1859550741109791,0.18887744140624996,1.0037110290527345,0,91.65007553100585,37.19101482219582
resolution_max_b1_gaussian_conv,1,centre_frozen,train_probe,0.2,20,2.2910328018188477,0.8537621928703145,0.8981248779296875,4.257052337646485,0,114.55164009094237,42.688109643515716
resolution_max_b1_gaussian_conv,1,centre_frozen,train_probe,0.25,20,3.739780444335937,1.2720813326722424,1.5416763000488283,6.719490325927734,0,119.67297421874999,40.70660264551176
resolution_max_b1_gaussian_conv,1,centre_frozen,train_probe,0.35,20,7.322798489379882,2.2012689456833927,3.438432403564453,12.47440963745117,0,119.55589370416135,35.93908482748396
resolution_max_b1_gaussian_conv,1,centre_frozen,train_probe,0.5,20,16.07816078796387,5.108708213266259,8.378172332763672,27.633886932373045,0,128.62528630371096,40.86966570613007
resolution_max_b1_gaussian_conv,1,centre_frozen,test_probe,0.005,20,0.0008137390136718325,0.00037000327682963006,0.00032359313964835934,0.001946899414062453,0,65.0991210937466,29.600262146370405
resolution_max_b1_gaussian_conv,1,centre_frozen,test_probe,0.01,20,0.0032891944885253543,0.0014481880462822515,0.0012939605712890545,0.00774069213867179,0,65.78388977050707,28.96376092564503
resolution_max_b1_gaussian_conv,1,centre_frozen,test_probe,0.02,20,0.013366413879394478,0.005675197800972468,0.005009307861328027,0.03101614379882811,0,66.8320693969724,28.375989004862333
resolution_max_b1_gaussian_conv,1,centre_frozen,test_probe,0.025,20,0.02113323516845699,0.008907275225242003,0.008017333984374986,0.04867738342285155,0,67.62635253906237,28.503280720774402
resolution_max_b1_gaussian_conv,1,centre_frozen,test_probe,0.05,20,0.08909107131958002,0.03856212757021231,0.03280245971679685,0.20844857788085935,0,71.27285705566399,30.849702056169846
resolution_max_b1_gaussian_conv,1,centre_frozen,test_probe,0.1,20,0.40760422515869144,0.18021454308484872,0.14036921691894522,0.945821563720703,0,81.52084503173825,36.04290861696974
resolution_max_b1_gaussian_conv,1,centre_frozen,test_probe,0.2,20,2.1391225067138677,0.8197305148241304,0.776434783935547,4.059948791503906,0,106.95612533569333,40.98652574120651
resolution_max_b1_gaussian_conv,1,centre_frozen,test_probe,0.25,20,3.5500299407958975,1.2312870058934697,1.3985302124023435,6.360911926269531,0,113.60095810546872,39.40118418859103
resolution_max_b1_gaussian_conv,1,centre_frozen,test_probe,0.35,20,7.085593881225586,2.1422741387588884,3.279788513183594,12.065313537597655,0,115.68316540776466,34.975904306267566
resolution_max_b1_gaussian_conv,1,centre_frozen,test_probe,0.5,20,15.784802545166016,4.933105147878454,8.148888977050781,27.00306719970703,0,126.27842036132813,39.46484118302763
resolution_max_b1_gaussian_conv,2,saved,train_probe,0.005,20,0.0008669494628906066,0.00027536197794491717,0.0005192260742187815,0.0014483566284179683,0,69.35595703124852,22.02895823559337
resolution_max_b1_gaussian_conv,2,saved,train_probe,0.01,20,0.0036111064910888447,0.0010294547590877583,0.0022089920043945055,0.00594909667968746,0,72.22212982177689,20.589095181755166
resolution_max_b1_gaussian_conv,2,saved,train_probe,0.02,20,0.01483078536987303,0.004115005020960914,0.008874816894531234,0.02463455963134764,0,74.15392684936515,20.57502510480457
resolution_max_b1_gaussian_conv,2,saved,train_probe,0.025,20,0.02331196212768552,0.006372603515868708,0.014107643127441394,0.038681060791015576,0,74.59827880859366,20.39233125077986
resolution_max_b1_gaussian_conv,2,saved,train_probe,0.05,20,0.09599412574768063,0.025996389831766886,0.05963074493408199,0.16111624908447258,0,76.79530059814451,20.797111865413505
resolution_max_b1_gaussian_conv,2,saved,train_probe,0.1,20,0.431810750579834,0.12139334142815032,0.25977120971679685,0.7455774536132813,0,86.36215011596678,24.278668285630058
resolution_max_b1_gaussian_conv,2,saved,train_probe,0.2,20,2.271205952453613,0.6672015013776095,1.2613814392089844,4.167251922607422,0,113.56029762268065,33.36007506888047
resolution_max_b1_gaussian_conv,2,saved,train_probe,0.25,20,3.843466285705567,1.1810423629506805,2.1060321655273437,7.3950031433105465,0,122.99092114257815,37.79335561442178
resolution_max_b1_gaussian_conv,2,saved,train_probe,0.35,20,8.08329877319336,2.764983466840817,4.536464202880859,16.946181365966794,0,131.97222486846303,45.14258721372764
resolution_max_b1_gaussian_conv,2,saved,train_probe,0.5,20,17.928774664306637,6.082692378670767,11.359038543701171,38.18734957885742,0,143.4301973144531,48.66153902936614
resolution_max_b1_gaussian_conv,2,saved,test_probe,0.005,20,0.0008566989898681487,0.0002839150798911128,0.0004856414794921493,0.0015013961791991992,0,68.5359191894519,22.71320639128902
resolution_max_b1_gaussian_conv,2,saved,test_probe,0.01,20,0.0031048404693603203,0.001074142520906512,0.001709121704101535,0.005513519287109303,0,62.096809387206406,21.482850418130237
resolution_max_b1_gaussian_conv,2,saved,test_probe,0.02,20,0.012267600250244115,0.004179653440605394,0.006807846069335932,0.022497970581054738,0,61.338001251220575,20.89826720302697
resolution_max_b1_gaussian_conv,2,saved,test_probe,0.025,20,0.019359255218505837,0.006445965882869992,0.01099793243408198,0.035406562805175734,0,61.949616699218666,20.62709082518397
resolution_max_b1_gaussian_conv,2,saved,test_probe,0.05,20,0.08189777832031249,0.02633075608863063,0.04898492431640622,0.14972743225097662,0,65.51822265624997,21.064604870904503
resolution_max_b1_gaussian_conv,2,saved,test_probe,0.1,20,0.3810617004394531,0.12211107513878017,0.2179710998535156,0.710213638305664,0,76.21234008789061,24.422215027756028
resolution_max_b1_gaussian_conv,2,saved,test_probe,0.2,20,2.1168462020874026,0.6661710825711558,1.1334895629882813,4.044980987548828,0,105.84231010437009,33.30855412855777
resolution_max_b1_gaussian_conv,2,saved,test_probe,0.25,20,3.6515903564453125,1.1713350651712335,1.9499149475097655,7.179280853271485,0,116.85089140625,37.48272208547947
resolution_max_b1_gaussian_conv,2,saved,test_probe,0.35,20,7.807722848510744,2.712941889489307,4.3582971496582035,16.417690887451172,0,127.47302609813457,44.29292880798868
resolution_max_b1_gaussian_conv,2,saved,test_probe,0.5,20,17.507393029785156,6.020563455302978,10.921271453857422,37.510627655029296,0,140.05914423828125,48.16450764242382
resolution_max_b1_gaussian_conv,2,recalibrated,train_probe,0.005,20,0.0002700527191162261,5.883473493197228e-05,0.00019261169433593128,0.0004051361083984295,0,21.604217529298086,4.706778794557783
resolution_max_b1_gaussian_conv,2,recalibrated,train_probe,0.01,20,0.0011725879669189615,0.00018883505030333945,0.0008255081176757884,0.001520301818847658,0,23.451759338379226,3.776701006066789
resolution_max_b1_gaussian_conv,2,recalibrated,train_probe,0.02,20,0.005068233871459965,0.00088749682336402,0.0034770507812499907,0.006726799011230522,0,25.341169357299826,4.437484116820099
resolution_max_b1_gaussian_conv,2,recalibrated,train_probe,0.025,20,0.008035400772094744,0.0014383335421250915,0.0054162979125976785,0.010830451965332055,0,25.713282470703177,4.602667334800291
resolution_max_b1_gaussian_conv,2,recalibrated,train_probe,0.05,20,0.032262938308715836,0.005498245457737852,0.022050468444824223,0.04427199554443362,0,25.810350646972665,4.398596366190281
resolution_max_b1_gaussian_conv,2,recalibrated,train_probe,0.1,20,0.12508636322021488,0.019189672412609753,0.08575732421875004,0.15839618682861334,0,25.01727264404297,3.83793448252195
resolution_max_b1_gaussian_conv,2,recalibrated,train_probe,0.2,20,0.47976005172729497,0.06604704552923518,0.35096635437011714,0.5966461944580079,0,23.988002586364743,3.3023522764617574
resolution_max_b1_gaussian_conv,2,recalibrated,train_probe,0.25,20,0.7385370674133303,0.09523024995584642,0.5551736755371094,0.8967197875976562,0,23.633186157226568,3.0473679985870854
resolution_max_b1_gaussian_conv,2,recalibrated,train_probe,0.35,20,1.3798828674316406,0.17104518737159585,1.100150863647461,1.6833507843017579,0,22.528699876434956,2.7925744876995244
resolution_max_b1_gaussian_conv,2,recalibrated,train_probe,0.5,20,2.3673943481445314,0.28635924842162686,1.8344726409912109,3.0568456268310547,0,18.93915478515625,2.290873987373015
resolution_max_b1_gaussian_conv,2,recalibrated,test_probe,0.005,20,0.00023140678405757508,7.284917124365318e-05,6.262207031249023e-05,0.0003604202270507395,0,18.512542724606003,5.827933699492255
resolution_max_b1_gaussian_conv,2,recalibrated,test_probe,0.01,20,0.000817745590209934,0.00022260691697834916,0.0003846740722656117,0.0013147735595703258,0,16.354911804198682,4.452138339566982
resolution_max_b1_gaussian_conv,2,recalibrated,test_probe,0.02,20,0.003260663986206019,0.0009176932461482758,0.001756164550781203,0.005592941284179642,0,16.303319931030096,4.588466230741379
resolution_max_b1_gaussian_conv,2,recalibrated,test_probe,0.025,20,0.005177032470703074,0.0013304807786843611,0.0030254440307616592,0.00857729339599611,0,16.56650390624983,4.257538491789955
resolution_max_b1_gaussian_conv,2,recalibrated,test_probe,0.05,20,0.021336899948120068,0.0042038983306004005,0.014753799438476545,0.02924298095703126,0,17.069519958496052,3.36311866448032
resolution_max_b1_gaussian_conv,2,recalibrated,test_probe,0.1,20,0.08901502456665036,0.01491685671573314,0.06082398986816406,0.11587081909179686,0,17.80300491333007,2.983371343146628
resolution_max_b1_gaussian_conv,2,recalibrated,test_probe,0.2,20,0.3745176300048828,0.05515736387289029,0.27286000061035154,0.4778559875488281,0,18.72588150024413,2.7578681936445135
resolution_max_b1_gaussian_conv,2,recalibrated,test_probe,0.25,20,0.6028090560913085,0.08381699442077445,0.45693087768554685,0.7551104125976563,0,19.289889794921873,2.6821438214647824
resolution_max_b1_gaussian_conv,2,recalibrated,test_probe,0.35,20,1.1991064315795898,0.16229851896189063,0.9389982910156248,1.486236633300781,0,19.577247862523915,2.6497717381533166
resolution_max_b1_gaussian_conv,2,recalibrated,test_probe,0.5,20,2.138137867736816,0.2780899634000043,1.6223099670410157,2.823891357421875,0,17.10510294189453,2.2247197072000344
resolution_max_b1_gaussian_conv,2,centre_frozen,train_probe,0.005,20,0.0008822971343994291,0.00028316225135619166,0.0005573120117187691,0.001455177307128963,0,70.58377075195433,22.65298010849533
resolution_max_b1_gaussian_conv,2,centre_frozen,train_probe,0.01,20,0.0036393531799316565,0.0011030791834556052,0.002193038940429659,0.0060917968749999996,0,72.78706359863313,22.061583669112103
resolution_max_b1_gaussian_conv,2,centre_frozen,train_probe,0.02,20,0.015043350601196307,0.004271368435355507,0.009050651550292999,0.025076576232910153,0,75.21675300598153,21.356842176777533
resolution_max_b1_gaussian_conv,2,centre_frozen,train_probe,0.025,20,0.02370203285217287,0.006590923387508503,0.014430923461914102,0.0394694442749024,0,75.84650512695318,21.090954840027205
resolution_max_b1_gaussian_conv,2,centre_frozen,train_probe,0.05,20,0.09753096618652345,0.026735750873380103,0.06137024688720705,0.16473578643798825,0,78.02477294921874,21.388600698704078
resolution_max_b1_gaussian_conv,2,centre_frozen,train_probe,0.1,20,0.4380594383239746,0.12517453960194475,0.2647267150878907,0.7605973815917968,0,87.6118876647949,25.034907920388942
resolution_max_b1_gaussian_conv,2,centre_frozen,train_probe,0.2,20,2.2928759033203123,0.686202451960302,1.2838272552490235,4.23018327331543,0,114.64379516601562,34.31012259801509
resolution_max_b1_gaussian_conv,2,centre_frozen,train_probe,0.25,20,3.866516596984863,1.2090807700194812,2.142967178344727,7.48277146911621,0,123.72853110351562,38.6905846406234
resolution_max_b1_gaussian_conv,2,centre_frozen,train_probe,0.35,20,8.090532015991212,2.7959295522268337,4.630589950561523,17.071507919311525,0,132.09031862842795,45.64782942411158
resolution_max_b1_gaussian_conv,2,centre_frozen,train_probe,0.5,20,17.889378842163087,6.103518410369832,11.487807235717774,38.414818954467776,0,143.1150307373047,48.82814728295865
resolution_max_b1_gaussian_conv,2,centre_frozen,test_probe,0.005,20,0.0008066074371337661,0.0003051973647092269,0.000377090454101503,0.0015148773193359721,0,64.52859497070129,24.41578917673815
resolution_max_b1_gaussian_conv,2,centre_frozen,test_probe,0.01,20,0.003065556335449171,0.001101766219172795,0.0015267257690428915,0.005629493713378841,0,61.31112670898342,22.035324383455894
resolution_max_b1_gaussian_conv,2,centre_frozen,test_probe,0.02,20,0.012365544891357388,0.004248761569399314,0.006863952636718795,0.022999404907226517,0,61.82772445678694,21.24380784699657
resolution_max_b1_gaussian_conv,2,centre_frozen,test_probe,0.025,20,0.019525683212280237,0.006543665976073256,0.011261108398437414,0.036162147521972554,0,62.48218627929674,20.939731123434413
resolution_max_b1_gaussian_conv,2,centre_frozen,test_probe,0.05,20,0.08276072463989255,0.026815485941932445,0.04979862976074212,0.15183876037597654,0,66.20857971191403,21.452388753545954
resolution_max_b1_gaussian_conv,2,centre_frozen,test_probe,0.1,20,0.3862773712158203,0.12497541478176434,0.22323226928710938,0.7226344451904297,0,77.25547424316403,24.995082956352864
resolution_max_b1_gaussian_conv,2,centre_frozen,test_probe,0.2,20,2.1386960708618163,0.6845136303571479,1.1551560974121093,4.104589538574219,0,106.9348035430908,34.22568151785739
resolution_max_b1_gaussian_conv,2,centre_frozen,test_probe,0.25,20,3.6755290222167964,1.19831271247166,1.9885266113281248,7.264372741699218,0,117.61692871093749,38.34600679909312
resolution_max_b1_gaussian_conv,2,centre_frozen,test_probe,0.35,20,7.817619799804689,2.745220200270712,4.4627291870117185,16.55299346923828,0,127.63460897640307,44.81992163707286
resolution_max_b1_gaussian_conv,2,centre_frozen,test_probe,0.5,20,17.46889524536133,6.041591988462526,11.045961486816406,37.74857257080078,0,139.75116196289065,48.33273590770021
resolution_max_b1_gaussian_conv,3,saved,train_probe,0.005,20,0.001145064926147485,0.00035200367351624287,0.0007483139038086395,0.002242248535156255,0,91.60519409179878,28.16029388129943
resolution_max_b1_gaussian_conv,3,saved,train_probe,0.01,20,0.0044204406738281386,0.001341821637505882,0.002674812316894537,0.008418258666992195,0,88.40881347656276,26.836432750117634
resolution_max_b1_gaussian_conv,3,saved,train_probe,0.02,20,0.017099490356445323,0.005168887310559936,0.010111175537109385,0.03231926727294926,0,85.4974517822266,25.84443655279968
resolution_max_b1_gaussian_conv,3,saved,train_probe,0.025,20,0.026502653503417996,0.00807989340399673,0.015440841674804695,0.0504645538330078,0,84.80849121093758,25.85565889278953
resolution_max_b1_gaussian_conv,3,saved,train_probe,0.05,20,0.10618796424865726,0.033508044659947556,0.06058596801757815,0.2069312591552735,0,84.95037139892577,26.80643572795804
resolution_max_b1_gaussian_conv,3,saved,train_probe,0.1,20,0.45970566329956064,0.16039599878155894,0.24876266479492198,0.9491792297363282,0,91.9411326599121,32.07919975631178
resolution_max_b1_gaussian_conv,3,saved,train_probe,0.2,20,2.2153254714965818,0.6539454490666929,1.4307938385009766,3.9579603729248047,0,110.7662735748291,32.69727245333464
resolution_max_b1_gaussian_conv,3,saved,train_probe,0.25,20,3.5703279541015625,0.8967601679107697,2.5258359222412112,5.412666122436524,0,114.25049453125,28.69632537314463
resolution_max_b1_gaussian_conv,3,saved,train_probe,0.35,20,7.099202365112305,1.6148962490689203,4.787606002807617,9.799811569213867,0,115.90534473652744,26.365653046023194
resolution_max_b1_gaussian_conv,3,saved,train_probe,0.5,20,15.500012039184572,4.535924130764391,8.698536544799806,23.904201095581058,0,124.00009631347658,36.28739304611513
resolution_max_b1_gaussian_conv,3,saved,test_probe,0.005,20,0.000742545318603538,0.00029093056096008086,0.00038844299316409536,0.001586624145507809,0,59.40362548828305,23.274444876806474
resolution_max_b1_gaussian_conv,3,saved,test_probe,0.01,20,0.0030521915435791193,0.0011276379083019436,0.0016960601806641495,0.0062686843872070686,0,61.04383087158237,22.55275816603887
resolution_max_b1_gaussian_conv,3,saved,test_probe,0.02,20,0.012599240493774444,0.004656378584106165,0.0071488189697266336,0.025105506896972773,0,62.99620246887223,23.281892920530826
resolution_max_b1_gaussian_conv,3,saved,test_probe,0.025,20,0.019931764984130886,0.007320246280244238,0.011629638671875053,0.03996431732177741,0,63.781647949218815,23.42478809678156
resolution_max_b1_gaussian_conv,3,saved,test_probe,0.05,20,0.08650973777771001,0.032723078946450955,0.05008640289306643,0.18167410278320317,0,69.20779022216797,26.178463157160767
resolution_max_b1_gaussian_conv,3,saved,test_probe,0.1,20,0.416794679260254,0.15599883565293673,0.23963131713867192,0.9037237548828125,0,83.35893585205076,31.199767130587343
resolution_max_b1_gaussian_conv,3,saved,test_probe,0.2,20,2.100041700744629,0.6284433000126608,1.426613800048828,3.8008228759765617,0,105.00208503723142,31.422165000633036
resolution_max_b1_gaussian_conv,3,saved,test_probe,0.25,20,3.4080306991577145,0.8700127499183026,2.406153442382813,5.217117797851562,0,109.05698237304686,27.840407997385682
resolution_max_b1_gaussian_conv,3,saved,test_probe,0.35,20,6.874883178710936,1.5974116260416997,4.543158081054687,9.490217407226563,0,112.24299067283164,26.08018981292572
resolution_max_b1_gaussian_conv,3,saved,test_probe,0.5,20,15.209679986572265,4.4933575635561045,8.618810424804687,23.538352905273438,0,121.67743989257812,35.946860508448836
resolution_max_b1_gaussian_conv,3,recalibrated,train_probe,0.005,20,0.000536404800415033,0.00012822657468493262,0.0003418960571289209,0.0008353042602538552,0,42.91238403320263,10.25812597479461
resolution_max_b1_gaussian_conv,3,recalibrated,train_probe,0.01,20,0.002062915039062496,0.0005295387194774446,0.0014592895507812842,0.00340600585937495,0,41.25830078124993,10.59077438954889
resolution_max_b1_gaussian_conv,3,recalibrated,train_probe,0.02,20,0.007838914489746085,0.00198664102889686,0.005638404846191436,0.012326385498046821,0,39.194572448730426,9.933205144484303
resolution_max_b1_gaussian_conv,3,recalibrated,train_probe,0.025,20,0.01201667594909668,0.003011367898154265,0.008863449096679688,0.018353698730468715,0,38.45336303710937,9.636377274093649
resolution_max_b1_gaussian_conv,3,recalibrated,train_probe,0.05,20,0.044974700546264644,0.011631289629013091,0.03269873809814455,0.07132257080078125,0,35.979760437011706,9.30503170321047
resolution_max_b1_gaussian_conv,3,recalibrated,train_probe,0.1,20,0.16427076301574708,0.04172089139975615,0.11719879913330078,0.24829216766357426,0,32.8541526031494,8.34417827995123
resolution_max_b1_gaussian_conv,3,recalibrated,train_probe,0.2,20,0.5847204772949219,0.1241556746248583,0.41846470642089845,0.9214763031005859,0,29.23602386474609,6.207783731242913
resolution_max_b1_gaussian_conv,3,recalibrated,train_probe,0.25,20,0.8665767196655274,0.1592276516440196,0.6410399475097657,1.3069833526611327,0,27.730455029296877,5.095284852608628
resolution_max_b1_gaussian_conv,3,recalibrated,train_probe,0.35,20,1.5123192840576172,0.19782150983334804,1.2122039947509766,1.9909114532470704,0,24.690927086654977,3.229738936054662
resolution_max_b1_gaussian_conv,3,recalibrated,train_probe,0.5,20,2.4461243057250974,0.24908280001144545,2.0497822113037105,3.0499231109619136,0,19.56899444580078,1.9926624000915636
resolution_max_b1_gaussian_conv,3,recalibrated,test_probe,0.005,20,0.0002937690734863607,9.172091295671172e-05,0.00011506652832027342,0.0004915008544922328,0,23.501525878908858,7.337673036536938
resolution_max_b1_gaussian_conv,3,recalibrated,test_probe,0.01,20,0.001072965621948274,0.00035326366307740704,0.0005112686157227042,0.001956954956054746,0,21.459312438965483,7.065273261548141
resolution_max_b1_gaussian_conv,3,recalibrated,test_probe,0.02,20,0.004048106002807639,0.0014851900860152405,0.0024530334472656623,0.008015136718749982,0,20.240530014038193,7.4259504300762025
resolution_max_b1_gaussian_conv,3,recalibrated,test_probe,0.025,20,0.006363064956665071,0.002274710010438889,0.003866119384765665,0.012496574401855476,0,20.361807861328224,7.279072033404445
resolution_max_b1_gaussian_conv,3,recalibrated,test_probe,0.05,20,0.02782978401184085,0.010790658676180752,0.016138366699218754,0.05331045532226564,0,22.263827209472673,8.632526940944599
resolution_max_b1_gaussian_conv,3,recalibrated,test_probe,0.1,20,0.12209963760375979,0.04696603895706343,0.07312979125976571,0.2211618804931641,0,24.41992752075196,9.393207791412683
resolution_max_b1_gaussian_conv,3,recalibrated,test_probe,0.2,20,0.5005763816833496,0.13130400775231074,0.331186050415039,0.8682244262695313,0,25.02881908416748,6.565200387615536
resolution_max_b1_gaussian_conv,3,recalibrated,test_probe,0.25,20,0.7597527091979981,0.16606159231498163,0.5347963256835937,1.2474001770019532,0,24.31208669433594,5.313970954079412
resolution_max_b1_gaussian_conv,3,recalibrated,test_probe,0.35,20,1.3551904037475586,0.2049474522627326,1.0469046630859375,1.921937255859375,0,22.12555761220504,3.346080853269104
resolution_max_b1_gaussian_conv,3,recalibrated,test_probe,0.5,20,2.231693411254883,0.25585270779408714,1.8695726928710938,2.8873304443359373,0,17.853547290039064,2.046821662352697
resolution_max_b1_gaussian_conv,3,centre_frozen,train_probe,0.005,20,0.0011435775756835826,0.0003463283024811662,0.0007189025878905908,0.002124626159667964,0,91.48620605468659,27.706264198493294
resolution_max_b1_gaussian_conv,3,centre_frozen,train_probe,0.01,20,0.004410308456420903,0.001367193829625485,0.002667823791503876,0.008471191406250023,0,88.20616912841805,27.343876592509698
resolution_max_b1_gaussian_conv,3,centre_frozen,train_probe,0.02,20,0.017117700195312495,0.005260238738967913,0.010004203796386724,0.032543083190917976,0,85.58850097656247,26.30119369483957
resolution_max_b1_gaussian_conv,3,centre_frozen,train_probe,0.025,20,0.026519841003417966,0.008201887298571854,0.015149787902832001,0.05068357849121091,0,84.86349121093747,26.246039355429932
resolution_max_b1_gaussian_conv,3,centre_frozen,train_probe,0.05,20,0.10534634933471676,0.033873757027273056,0.058583862304687484,0.20627438354492184,0,84.27707946777342,27.09900562181844
resolution_max_b1_gaussian_conv,3,centre_frozen,train_probe,0.1,20,0.4540451774597168,0.15982526945921438,0.24113905334472657,0.9354839324951172,0,90.80903549194332,31.96505389184287
resolution_max_b1_gaussian_conv,3,centre_frozen,train_probe,0.2,20,2.1801244277954104,0.6456636237890394,1.3667679901123047,3.8857534942626955,0,109.00622138977049,32.283181189451966
resolution_max_b1_gaussian_conv,3,centre_frozen,train_probe,0.25,20,3.510880690002442,0.8857734299605299,2.46372444152832,5.339415664672852,0,112.34818208007815,28.344749758736956
resolution_max_b1_gaussian_conv,3,centre_frozen,train_probe,0.35,20,6.975030572509766,1.581017345756465,4.703513992309571,9.585321731567383,0,113.87805016342475,25.812528093983104
resolution_max_b1_gaussian_conv,3,centre_frozen,train_probe,0.5,20,15.195692605590818,4.472194828830182,8.546877517700196,23.464755813598632,0,121.56554084472654,35.77755863064146
resolution_max_b1_gaussian_conv,3,centre_frozen,test_probe,0.005,20,0.0008056468963623387,0.00032650248619971325,0.0004138107299804794,0.001801818847656289,0,64.4517517089871,26.120198895977058
resolution_max_b1_gaussian_conv,3,centre_frozen,test_probe,0.01,20,0.003068658447265643,0.0011506643678516578,0.0017171173095702486,0.006187133789062438,0,61.37316894531286,23.01328735703316
resolution_max_b1_gaussian_conv,3,centre_frozen,test_probe,0.02,20,0.012215095520019564,0.004670541738177614,0.006548454284668104,0.02470716094970704,0,61.07547760009783,23.352708690888072
resolution_max_b1_gaussian_conv,3,centre_frozen,test_probe,0.025,20,0.0192754993438721,0.007369543159459481,0.010480842590331996,0.03931997680664068,0,61.681597900390706,23.582538110270335
resolution_max_b1_gaussian_conv,3,centre_frozen,test_probe,0.05,20,0.08418691177368168,0.032721865990183896,0.04849534606933592,0.17857228088378907,0,67.34952941894532,26.177492792147113
resolution_max_b1_gaussian_conv,3,centre_frozen,test_probe,0.1,20,0.4073974510192871,0.15402699877622342,0.22809991455078138,0.8826962280273438,0,81.47949020385741,30.805399755244675
resolution_max_b1_gaussian_conv,3,centre_frozen,test_probe,0.2,20,2.0624265487670903,0.6197700141886564,1.3544951477050782,3.7295498657226567,0,103.12132743835448,30.988500709432806
resolution_max_b1_gaussian_conv,3,centre_frozen,test_probe,0.25,20,3.3487325576782228,0.858935163160397,2.342992431640625,5.145580444335938,0,107.15944184570313,27.485925221132703
resolution_max_b1_gaussian_conv,3,centre_frozen,test_probe,0.35,20,6.75417741394043,1.564544373870052,4.458900146484376,9.274092407226563,0,110.27228430923154,25.543581614204935
resolution_max_b1_gaussian_conv,3,centre_frozen,test_probe,0.5,20,14.912229913330076,4.429717997616814,8.469384033203125,23.22662646484375,0,119.29783930664061,35.43774398093451
resolution_max_b1_gaussian_conv,4,saved,train_probe,0.005,20,0.0009708293914794857,0.00035231739986778824,0.0005346221923828165,0.0017108764648437469,0,77.66635131835885,28.185391989423056
resolution_max_b1_gaussian_conv,4,saved,train_probe,0.01,20,0.003881235122680654,0.001331637597095582,0.0020866241455078094,0.006703811645507762,0,77.62470245361308,26.632751941911636
resolution_max_b1_gaussian_conv,4,saved,train_probe,0.02,20,0.015348340606689442,0.005183872170923015,0.008183502197265657,0.02723417663574218,0,76.7417030334472,25.919360854615068
resolution_max_b1_gaussian_conv,4,saved,train_probe,0.025,20,0.023852347946166995,0.008015385374563278,0.012877723693847654,0.04228343200683593,0,76.32751342773436,25.649233198602488
resolution_max_b1_gaussian_conv,4,saved,train_probe,0.05,20,0.09508418769836424,0.03219445022073687,0.050347976684570306,0.16852713775634764,0,76.06735015869138,25.75556017658949
resolution_max_b1_gaussian_conv,4,saved,train_probe,0.1,20,0.4086433265686035,0.14998022326267943,0.2064774017333984,0.7881976470947267,0,81.7286653137207,29.996044652535872
resolution_max_b1_gaussian_conv,4,saved,train_probe,0.2,20,2.0256754989624026,0.663551533597695,1.055841323852539,3.3187210845947264,0,101.2837749481201,33.17757667988475
resolution_max_b1_gaussian_conv,4,saved,train_probe,0.25,20,3.4057876129150393,1.0202597909431714,1.9007227935791016,5.281712783813476,0,108.98520361328126,32.648313310181486
resolution_max_b1_gaussian_conv,4,saved,train_probe,0.35,20,7.392587805175779,2.2351719280647337,4.588223464965821,13.335147354125976,0,120.69531110491073,36.49260290717933
resolution_max_b1_gaussian_conv,4,saved,train_probe,0.5,20,18.391952969360354,6.694033897776544,9.898472061157227,37.59920472717285,0,147.13562375488283,53.55227118221235
resolution_max_b1_gaussian_conv,4,saved,test_probe,0.005,20,0.0008593936920166135,0.0002940632115592084,0.0004091796874999831,0.001519241333007848,0,68.75149536132906,23.525056924736674
resolution_max_b1_gaussian_conv,4,saved,test_probe,0.01,20,0.003385987091064463,0.001139306740787044,0.0017051620483398144,0.0059520492553710724,0,67.71974182128926,22.786134815740876
resolution_max_b1_gaussian_conv,4,saved,test_probe,0.02,20,0.013324239730834974,0.004497566688900005,0.006994087219238332,0.024097381591796863,0,66.62119865417489,22.487833444500023
resolution_max_b1_gaussian_conv,4,saved,test_probe,0.025,20,0.020774064254760756,0.007122004700170854,0.011047935485839822,0.0381795272827149,0,66.4770056152344,22.79041504054673
resolution_max_b1_gaussian_conv,4,saved,test_probe,0.05,20,0.08482177238464357,0.030817394688014546,0.04474902343749998,0.163576416015625,0,67.85741790771485,24.653915750411635
resolution_max_b1_gaussian_conv,4,saved,test_probe,0.1,20,0.3792816589355469,0.15078701902936958,0.19067835998535154,0.7776725463867188,0,75.85633178710937,30.157403805873912
resolution_max_b1_gaussian_conv,4,saved,test_probe,0.2,20,1.9234014129638677,0.6505596440680949,0.974602508544922,3.2461211242675785,0,96.17007064819335,32.52798220340473
resolution_max_b1_gaussian_conv,4,saved,test_probe,0.25,20,3.2551330688476554,0.9844175519051688,1.7438716735839845,4.981230987548828,0,104.16425820312497,31.5013616609654
resolution_max_b1_gaussian_conv,4,saved,test_probe,0.35,20,7.149395153808595,2.163483400856719,4.3013448181152345,12.922378204345703,0,116.72481883769134,35.32217797317093
resolution_max_b1_gaussian_conv,4,saved,test_probe,0.5,20,18.0533065612793,6.637646311953583,9.443417999267579,37.25125686645508,0,144.4264524902344,53.101170495628665
resolution_max_b1_gaussian_conv,4,recalibrated,train_probe,0.005,20,0.00034891700744628384,0.00013433402952258441,0.00017704010009766957,0.0006472702026367183,0,27.91336059570271,10.746722361806752
resolution_max_b1_gaussian_conv,4,recalibrated,train_probe,0.01,20,0.0014592868804931603,0.000492423207033073,0.0007470932006835573,0.0023661422729492343,0,29.185737609863207,9.84846414066146
resolution_max_b1_gaussian_conv,4,recalibrated,train_probe,0.02,20,0.0057222145080566365,0.0017972354263832882,0.0031771087646484397,0.009110725402832032,0,28.611072540283182,8.98617713191644
resolution_max_b1_gaussian_conv,4,recalibrated,train_probe,0.025,20,0.008793351745605468,0.00274062764968049,0.005009483337402365,0.014003097534179665,0,28.138725585937493,8.770008478977566
resolution_max_b1_gaussian_conv,4,recalibrated,train_probe,0.05,20,0.033087691116333,0.010005001257495916,0.01952404022216797,0.05264855957031245,0,26.47015289306639,8.00400100599673
resolution_max_b1_gaussian_conv,4,recalibrated,train_probe,0.1,20,0.12130445251464841,0.033534024728049915,0.06980319213867187,0.18334314727783202,0,24.26089050292968,6.7068049456099805
resolution_max_b1_gaussian_conv,4,recalibrated,train_probe,0.2,20,0.4421464309692382,0.10565092433080794,0.26011096191406247,0.6845476837158203,0,22.10732154846191,5.282546216540396
resolution_max_b1_gaussian_conv,4,recalibrated,train_probe,0.25,20,0.6805017738342285,0.14744603874612447,0.41361315917968755,1.0386301422119142,0,21.776056762695312,4.718273239875983
resolution_max_b1_gaussian_conv,4,recalibrated,train_probe,0.35,20,1.2978981185913085,0.21021450802314026,0.8491273956298829,1.8084810028076173,0,21.19017336475606,3.4320736003778003
resolution_max_b1_gaussian_conv,4,recalibrated,train_probe,0.5,20,2.3346063278198246,0.27479896978518403,1.7224926605224606,2.8739717559814455,0,18.676850622558597,2.1983917582814723
resolution_max_b1_gaussian_conv,4,recalibrated,test_probe,0.005,20,0.0002233386993408054,7.45656244268048e-05,8.042907714839176e-05,0.0003856201171875129,0,17.867095947264435,5.965249954144385
resolution_max_b1_gaussian_conv,4,recalibrated,test_probe,0.01,20,0.000924340057373041,0.00028982092298468536,0.0005758743286132795,0.0015430755615233882,0,18.486801147460817,5.796418459693705
resolution_max_b1_gaussian_conv,4,recalibrated,test_probe,0.02,20,0.003773077011108389,0.0011341734207343994,0.0021267852783202756,0.006372390747070356,0,18.865385055541942,5.670867103671997
resolution_max_b1_gaussian_conv,4,recalibrated,test_probe,0.025,20,0.00586380462646483,0.0017416148194820639,0.003384811401367205,0.009648513793945324,0,18.764174804687453,5.573167422342603
resolution_max_b1_gaussian_conv,4,recalibrated,test_probe,0.05,20,0.023525848388671878,0.00699467832713669,0.01358963012695319,0.03750965881347651,0,18.820678710937496,5.595742661709351
resolution_max_b1_gaussian_conv,4,recalibrated,test_probe,0.1,20,0.09252888031005857,0.024512725710274758,0.05453446960449221,0.1425495452880859,0,18.505776062011712,4.90254514205495
resolution_max_b1_gaussian_conv,4,recalibrated,test_probe,0.2,20,0.3665179069519043,0.09011172338433333,0.21153799438476556,0.5780229492187501,0,18.325895347595207,4.505586169216666
resolution_max_b1_gaussian_conv,4,recalibrated,test_probe,0.25,20,0.5800961204528808,0.12874283521086638,0.3436738739013672,0.8876639404296873,0,18.563075854492187,4.119770726747724
resolution_max_b1_gaussian_conv,4,recalibrated,test_probe,0.35,20,1.1543955200195313,0.1964681708302489,0.7304252319335935,1.6378067321777343,0,18.847273796237246,3.2076436053918185
resolution_max_b1_gaussian_conv,4,recalibrated,test_probe,0.5,20,2.1612172088623045,0.28086258655521185,1.4930143127441404,2.7546533508300777,0,17.289737670898436,2.2469006924416948
resolution_max_b1_gaussian_conv,4,centre_frozen,train_probe,0.005,20,0.0009698127746582047,0.0003469527253929502,0.0005346527099608922,0.0015737228393554736,0,77.58502197265638,27.756218031436017
resolution_max_b1_gaussian_conv,4,centre_frozen,train_probe,0.01,20,0.003949522399902344,0.0013606064126485517,0.0021723480224609126,0.006578285217285151,0,78.9904479980469,27.21212825297103
resolution_max_b1_gaussian_conv,4,centre_frozen,train_probe,0.02,20,0.015708763504028313,0.0052764524638540655,0.008843002319335935,0.026655494689941384,0,78.54381752014157,26.382262319270325
resolution_max_b1_gaussian_conv,4,centre_frozen,train_probe,0.025,20,0.024383702468872066,0.00816496846568431,0.013681518554687466,0.04144342041015625,0,78.02784790039058,26.127899090189793
resolution_max_b1_gaussian_conv,4,centre_frozen,train_probe,0.05,20,0.09686334075927733,0.03259251724088713,0.05195831298828124,0.16354536437988282,0,77.49067260742187,26.074013792709696
resolution_max_b1_gaussian_conv,4,centre_frozen,train_probe,0.1,20,0.41547616271972654,0.15057421684478534,0.20902338409423826,0.760676025390625,0,83.09523254394529,30.114843368957057
resolution_max_b1_gaussian_conv,4,centre_frozen,train_probe,0.2,20,2.057149269104004,0.6819513373140285,1.1101202850341796,3.3358133697509764,0,102.85746345520015,34.09756686570142
resolution_max_b1_gaussian_conv,4,centre_frozen,train_probe,0.25,20,3.4531984527587887,1.0652160046203325,1.9861742095947266,5.508994277954102,0,110.50235048828124,34.08691214785064
resolution_max_b1_gaussian_conv,4,centre_frozen,train_probe,0.35,20,7.477157690429688,2.324564403652218,4.693147598266601,13.576127822875977,0,122.07604392538266,37.952071896362746
resolution_max_b1_gaussian_conv,4,centre_frozen,train_probe,0.5,20,18.58288968811035,6.801928849456554,9.371011123657226,37.56455433654785,0,148.6631175048828,54.41543079565243
resolution_max_b1_gaussian_conv,4,centre_frozen,test_probe,0.005,20,0.0008204460144042858,0.0002887650489580355,0.00041802978515620426,0.0013824920654296746,0,65.63568115234285,23.101203916642838
resolution_max_b1_gaussian_conv,4,centre_frozen,test_probe,0.01,20,0.003295360183715812,0.0011335292921857067,0.0018170471191406024,0.0055445861816406095,0,65.90720367431624,22.670585843714136
resolution_max_b1_gaussian_conv,4,centre_frozen,test_probe,0.02,20,0.013319288253784178,0.004468777553119057,0.007131607055664013,0.02270411682128909,0,66.59644126892091,22.343887765595284
resolution_max_b1_gaussian_conv,4,centre_frozen,test_probe,0.025,20,0.020883182907104482,0.007097188352918074,0.01108984375000005,0.03608029937744145,0,66.82618530273433,22.71100272933783
resolution_max_b1_gaussian_conv,4,centre_frozen,test_probe,0.05,20,0.08598880805969233,0.03065787920095814,0.045280227661132766,0.15564343261718744,0,68.79104644775386,24.526303360766505
resolution_max_b1_gaussian_conv,4,centre_frozen,test_probe,0.1,20,0.3849047424316406,0.15011324534925877,0.1957690277099609,0.7451530609130859,0,76.98094848632812,30.022649069851752
resolution_max_b1_gaussian_conv,4,centre_frozen,test_probe,0.2,20,1.9516686721801757,0.6672808618147925,1.0173471374511718,3.2881885681152343,0,97.58343360900878,33.36404309073962
resolution_max_b1_gaussian_conv,4,centre_frozen,test_probe,0.25,20,3.2999355026245114,1.0265870680761748,1.8192947998046876,5.205191436767579,0,105.59793608398437,32.850786178437595
resolution_max_b1_gaussian_conv,4,centre_frozen,test_probe,0.35,20,7.231568380737305,2.2499207943997037,4.397691741943359,13.156558990478516,0,118.06642254264992,36.73340072489314
resolution_max_b1_gaussian_conv,4,centre_frozen,test_probe,0.5,20,18.242777667236325,6.741598631193533,8.913488677978515,37.22779067993164,0,145.9422213378906,53.93278904954826
