method,epoch,update,joint_change,state_label,state,seed,split,centre_ce_saved,centre_acc_saved,centre_ce_recalibrated,centre_acc_recalibrated,S_recalibrated_eps0.025,S_recalibrated_eps0.05,S_recalibrated_eps0.1,S_recalibrated_eps0.2,S_recalibrated_eps0.25,S_saved_eps0.1,S_saved_eps0.25
resolution_max_b1,6,2346,False,before,r=16,0,train_probe,0.83456396484375,0.694,0.8184943237304687,0.701,0.0032548767089844,0.013719895935058613,0.05575522766113287,0.2164990585327149,0.3319255004882814,0.1843996185302735,1.2479221649169923
resolution_max_b1,6,2346,False,before,r=16,0,test_probe,0.9431787109375,0.677,0.9242914123535156,0.67,0.003218031311035152,0.012444329833984368,0.047895822143554666,0.1842630386352539,0.28455463562011724,0.1769639587402343,1.221014614868164
resolution_max_b1,6,2346,False,before,r=16,1,train_probe,0.795326416015625,0.719,0.7794854431152344,0.732,0.004055348205566411,0.016201496887207047,0.06497377777099608,0.2574694625854492,0.3969604934692383,0.19958648223876946,1.3762397186279298
resolution_max_b1,6,2346,False,before,r=16,1,test_probe,0.9194975280761719,0.686,0.89855078125,0.692,0.003321180725097661,0.013811940002441426,0.05656734619140628,0.2236057800292969,0.3492454528808594,0.1747497009277343,1.2781924896240233
resolution_max_b1,6,2346,False,before,r=16,2,train_probe,0.7674596557617187,0.71,0.752070556640625,0.726,0.004812207031249916,0.018591094970703093,0.07091969604492179,0.26241816711425775,0.3955860565185547,0.17983880615234385,1.3146668212890624
resolution_max_b1,6,2346,False,before,r=16,2,test_probe,0.9331883544921875,0.671,0.8985945434570313,0.674,0.0036438400268554495,0.014087974548339821,0.05622118530273438,0.21897713623046872,0.3367572479248047,0.15728087921142578,1.212964047241211
resolution_max_b1,6,2346,False,before,r=16,3,train_probe,0.7944664611816407,0.711,0.7852612609863281,0.71,0.0052386306762695735,0.017975181579589872,0.06512098083496096,0.23858359069824217,0.36123146362304687,0.1788392333984375,1.244886505126953
resolution_max_b1,6,2346,False,before,r=16,3,test_probe,0.9377419738769531,0.665,0.9351083374023438,0.666,0.002752400207519501,0.012210636901855443,0.051283355712890576,0.1998956588745117,0.3046807067871093,0.15483543243408202,1.1438254730224606
resolution_max_b1,6,2346,False,before,r=16,4,train_probe,0.8358128356933594,0.697,0.8219534606933594,0.701,0.003666615295410125,0.015002545166015614,0.05871586608886716,0.23249991912841797,0.3571969635009765,0.15763392181396485,1.1112630950927733
resolution_max_b1,6,2346,False,before,r=16,4,test_probe,0.9866314086914062,0.653,0.9610070190429687,0.649,0.003027729797363343,0.012181240844726627,0.04877838134765631,0.1970774322509766,0.3071617126464844,0.13497247314453134,1.02324658203125
resolution_max_b1,6,2346,False,after,r=24,0,train_probe,1.0730078735351563,0.612,1.04701171875,0.606,0.0030589752197264673,0.013519410705566236,0.05535396118164053,0.21128043823242176,0.3198772033691405,0.2588893463134766,1.6743443054199219
resolution_max_b1,6,2346,False,after,r=24,0,test_probe,1.0931363525390625,0.612,1.0596719360351563,0.606,0.0034673965454101287,0.013958630371093683,0.054539135742187474,0.20324064331054678,0.30584695129394524,0.25786182250976564,1.6669266357421875
resolution_max_b1,6,2346,False,after,r=24,1,train_probe,1.1230718383789062,0.591,1.046666015625,0.627,0.0035099868774413736,0.014422540283203045,0.05929423065185542,0.23818052978515625,0.3674271575927734,0.27406571655273443,1.9055630279541016
resolution_max_b1,6,2346,False,after,r=24,1,test_probe,1.1266748657226562,0.585,1.0577495727539064,0.63,0.0029991149902343084,0.012759022521972585,0.05483162536621082,0.228328106689453,0.3548157287597655,0.2510442535400391,1.8419388061523438
resolution_max_b1,6,2346,False,after,r=24,2,train_probe,1.0683145751953125,0.604,0.9953250427246094,0.638,0.004587591552734316,0.017593466186523354,0.0678905776977539,0.25458691101074216,0.38391470947265616,0.23451883239746102,1.8138755004882814
resolution_max_b1,6,2346,False,after,r=24,2,test_probe,1.0900490112304688,0.599,1.0336102905273437,0.624,0.003486642456054767,0.013262397766113442,0.05493004760742195,0.22495740051269544,0.3483649841308595,0.21387714843749994,1.7298541412353514
resolution_max_b1,6,2346,False,after,r=24,3,train_probe,1.1603134765625,0.579,1.0025051879882811,0.649,0.003997349548339945,0.015167126464843838,0.0590811187744142,0.22210854187011728,0.33445112915039077,0.2630645721435546,1.831453268432617
resolution_max_b1,6,2346,False,after,r=24,3,test_probe,1.1635038452148438,0.57,1.0346102294921875,0.624,0.0033946334838866887,0.014747305297851532,0.058833117675781234,0.2203947723388672,0.3315920715332032,0.2682881256103514,1.8392986999511716
resolution_max_b1,6,2346,False,after,r=24,4,train_probe,1.1800250854492187,0.575,1.0790322265625,0.603,0.003298461914062423,0.013790509033203047,0.05440813293457027,0.21513053588867176,0.32715584411621085,0.20422434082031254,1.4730630676269534
resolution_max_b1,6,2346,False,after,r=24,4,test_probe,1.2327152099609375,0.571,1.1355589599609375,0.593,0.0029829956054688413,0.012319827270507821,0.051635894775390635,0.20791139221191415,0.31699219360351566,0.19647106018066401,1.4469613586425782
resolution_max_b1,6,2346,False,r=32,r=32,0,train_probe,4.102716674804688,0.157,1.715031005859375,0.376,0.0034562225341797205,0.013954074096679725,0.05246033020019534,0.183993783569336,0.27020917663574223,0.08561331787109347,0.6386192443847653
resolution_max_b1,6,2346,False,r=32,r=32,0,test_probe,4.1056923828125,0.159,1.7683689575195312,0.383,0.0030353820800782085,0.013192126464843823,0.0510541076660157,0.1785138732910157,0.259465985107422,0.08863497314453106,0.6534670349121091
resolution_max_b1,6,2346,False,r=32,r=32,1,train_probe,4.25028515625,0.124,1.5019767456054687,0.445,0.0035233703613282152,0.014850241088867256,0.06099262390136726,0.2376829284667969,0.3570385040283203,0.007956018066406046,0.4187183471679684
resolution_max_b1,6,2346,False,r=32,r=32,1,test_probe,4.2547586669921875,0.121,1.526615234375,0.426,0.004758197021484434,0.01751394653320315,0.06424232788085953,0.23689086608886725,0.3526730865478517,0.01420504760742176,0.4318963317871093
resolution_max_b1,6,2346,False,r=32,r=32,2,train_probe,4.3150263671875,0.192,1.5392723388671874,0.441,0.004854968261718873,0.018355599975586067,0.07112822875976577,0.26042991333007826,0.37883792419433604,0.10170209350585893,0.9015131103515621
resolution_max_b1,6,2346,False,r=32,r=32,2,test_probe,4.2557265625,0.191,1.5741436157226563,0.415,0.0038182647705078177,0.01543847656249997,0.06525151672363283,0.25034241943359375,0.3673378570556641,0.10275008544921915,0.9055565795898441
resolution_max_b1,6,2346,False,r=32,r=32,3,train_probe,4.449870849609375,0.186,1.4672276000976563,0.475,0.0049463378906249075,0.01906692504882812,0.0712080535888671,0.24381704406738275,0.3537375457763672,0.11591998901367226,0.5334716735839846
resolution_max_b1,6,2346,False,r=32,r=32,3,test_probe,4.466350830078125,0.165,1.5562683715820314,0.431,0.00483183898925772,0.018245550537109256,0.06880740661621083,0.23560988159179677,0.33964075927734366,0.12677235107421908,0.5401442504882814
resolution_max_b1,6,2346,False,r=32,r=32,4,train_probe,3.23225048828125,0.176,1.663835693359375,0.396,0.003756964111328154,0.01445105895996095,0.05377586975097655,0.19040787963867192,0.28184124450683595,0.16662095336914043,1.0184312744140622
resolution_max_b1,6,2346,False,r=32,r=32,4,test_probe,3.3200411376953123,0.163,1.7710031127929688,0.364,0.0022186859130858493,0.010685159301757684,0.047358718872070216,0.18523773193359366,0.2755343231201171,0.17482929687500012,1.015922711181641
resolution_max_b1,12,4692,False,before,r=24,0,train_probe,0.5678358764648438,0.81,0.573742919921875,0.809,0.0039501296997070615,0.017033132934570327,0.07089467315673831,0.2827545166015625,0.43811840362548826,0.2602169616699218,1.8269209838867186
resolution_max_b1,12,4692,False,before,r=24,0,test_probe,0.6980221252441406,0.752,0.6934968566894532,0.755,0.0039858459472655984,0.01518453216552731,0.06065570526123043,0.24686280670166014,0.3856620513916015,0.24213547363281243,1.7528143463134764
resolution_max_b1,12,4692,False,before,r=24,1,train_probe,0.5121796569824218,0.816,0.5021781463623047,0.832,0.005193385314941357,0.02089738311767573,0.08444109344482419,0.3369711807250976,0.5221535827636719,0.29275932159423834,2.145943490600586
resolution_max_b1,12,4692,False,before,r=24,1,test_probe,0.6943160095214844,0.752,0.6875833129882812,0.752,0.004197209167480476,0.016057377624511725,0.06338017578125003,0.26475564117431644,0.42003487396240236,0.2553100311279296,2.0064431976318358
resolution_max_b1,12,4692,False,before,r=24,2,train_probe,0.5121905212402343,0.824,0.5013813781738281,0.827,0.005052563476562499,0.020759536743164074,0.08422129364013672,0.3271253280639649,0.5016466674804687,0.2699003967285157,2.2206597656250002
resolution_max_b1,12,4692,False,before,r=24,2,test_probe,0.6945444641113281,0.767,0.6715369567871093,0.764,0.00389858551025396,0.014937033081054717,0.06338005218505863,0.26630920104980477,0.42105832519531255,0.23504872589111328,2.0887586944580074
resolution_max_b1,12,4692,False,before,r=24,3,train_probe,0.5234846038818359,0.819,0.513119384765625,0.83,0.005318534088134752,0.021119685363769514,0.07900548706054684,0.2931756195068359,0.4492810882568358,0.22517452239990235,1.860724478149414
resolution_max_b1,12,4692,False,before,r=24,3,test_probe,0.7369509582519531,0.745,0.7193437805175781,0.745,0.003623109436035221,0.01451459350585943,0.05780502166748053,0.23723144836425783,0.37607777404785164,0.19259942321777346,1.727324255371094
resolution_max_b1,12,4692,False,before,r=24,4,train_probe,0.5140712890625,0.817,0.5033207092285156,0.827,0.0053985023498535735,0.021477049255371174,0.08368355102539067,0.3115588699340821,0.47628346405029304,0.2305887649536133,1.8803834991455077
resolution_max_b1,12,4692,False,before,r=24,4,test_probe,0.6981687316894531,0.762,0.6889906921386719,0.763,0.004766757202148364,0.017674302673339803,0.06534304656982416,0.2519237411499023,0.39637607421874993,0.20507810821533198,1.7527921600341798
resolution_max_b1,12,4692,False,after,r=32,0,train_probe,2.9066181640625,0.242,1.1573116455078125,0.593,0.005262268066406217,0.022624432373046854,0.09434035644531247,0.3615014343261719,0.5308486846923829,0.24549611206054692,1.450482196044922
resolution_max_b1,12,4692,False,after,r=32,0,test_probe,2.9722142333984376,0.232,1.2090360717773438,0.569,0.006268136596679597,0.023210498046874896,0.09497600402832018,0.3595611541748046,0.5240479461669921,0.23924550781249992,1.4393784423828122
resolution_max_b1,12,4692,False,after,r=32,1,train_probe,3.92296923828125,0.16,0.9290115051269531,0.683,0.006140124511718792,0.026306730651855535,0.10940699615478526,0.42723732299804695,0.6329665130615234,0.17535643920898422,1.0787913940429688
resolution_max_b1,12,4692,False,after,r=32,1,test_probe,3.934190673828125,0.148,1.0039336547851563,0.657,0.006132710266113217,0.02589690704345695,0.10378510131835932,0.4056861785888672,0.60181357421875,0.17817451171875,1.0771451171875002
resolution_max_b1,12,4692,False,after,r=32,2,train_probe,4.3196259765625,0.178,0.9998417663574218,0.67,0.007810952758789069,0.03077146911621096,0.11575880584716805,0.4208749755859375,0.6213913665771484,0.1954016601562505,1.5176821960449225
resolution_max_b1,12,4692,False,after,r=32,2,test_probe,4.249080078125,0.182,1.0862196044921875,0.645,0.007847337341308647,0.02914864349365238,0.1105557312011719,0.41245032043457047,0.6096738739013673,0.22134025268554697,1.5557523315429689
resolution_max_b1,12,4692,False,after,r=32,3,train_probe,3.7391563720703127,0.205,0.9738525390625,0.669,0.006197059631347646,0.02584343109130859,0.10349183349609377,0.3774967681884766,0.5540685333251953,0.2148879272460935,1.114941058349609
resolution_max_b1,12,4692,False,after,r=32,3,test_probe,3.7522493896484375,0.185,1.10557275390625,0.61,0.006551551818847523,0.026676329040527257,0.10483302001953114,0.37458921813964835,0.5464043182373046,0.21951331787109382,1.1234898071289063
resolution_max_b1,12,4692,False,after,r=32,4,train_probe,2.93426513671875,0.256,1.1205453491210937,0.626,0.006396778869628949,0.024882456970214895,0.09579999389648435,0.3578698455810547,0.5318490020751954,0.2720082458496094,1.5757069519042968
resolution_max_b1,12,4692,False,after,r=32,4,test_probe,2.98906982421875,0.227,1.2589154052734375,0.569,0.0074623168945312955,0.027906201171875034,0.09403789978027341,0.3268090789794922,0.48967663574218745,0.28104506835937515,1.5842527465820315
resolution_max_b1,12,4692,False,r=16,r=16,0,train_probe,0.9747857055664062,0.651,0.8417015686035156,0.715,0.004368183898925781,0.016431820678710952,0.06468383636474609,0.2540195175170898,0.3913038574218751,0.1774512420654297,1.1964153564453126
resolution_max_b1,12,4692,False,r=16,r=16,0,test_probe,1.03313818359375,0.645,0.9162609252929688,0.678,0.0035116653442382796,0.014245823669433577,0.05621962127685544,0.22414996185302732,0.3483774475097657,0.17837484588623037,1.1628099517822263
resolution_max_b1,12,4692,False,r=16,r=16,1,train_probe,0.8914259033203125,0.693,0.7575336303710938,0.745,0.005163047790527331,0.01945639648437497,0.07656671752929682,0.31422415924072256,0.4930254486083984,0.24075141143798834,1.5783394897460936
resolution_max_b1,12,4692,False,r=16,r=16,1,test_probe,1.0270143127441407,0.639,0.90850244140625,0.698,0.00404785308837885,0.016993350219726543,0.06987571868896483,0.27261776580810543,0.42454078369140624,0.2081848159790039,1.4768686614990236
resolution_max_b1,12,4692,False,r=16,r=16,2,train_probe,0.8875193481445313,0.703,0.7172816772460937,0.763,0.005029478454589875,0.020891868591308684,0.08579863586425782,0.3245383819580079,0.4936274017333986,0.2107285552978516,1.6792650695800782
resolution_max_b1,12,4692,False,r=16,r=16,2,test_probe,1.0427979736328126,0.655,0.8629151611328125,0.714,0.005322944641113247,0.018694989013671857,0.0713332550048828,0.2860975509643554,0.44349703674316404,0.20954722290039052,1.6152182342529298
resolution_max_b1,12,4692,False,r=16,r=16,3,train_probe,0.8540349731445313,0.697,0.7659295043945312,0.731,0.005259913635253921,0.020133982849121122,0.07368817443847658,0.2793894439697266,0.43352582397460937,0.1699854843139649,1.2768142181396487
resolution_max_b1,12,4692,False,r=16,r=16,3,test_probe,0.9986639404296875,0.668,0.9335975646972656,0.688,0.0039295547485351575,0.015763513183593748,0.06342116394042968,0.2536435546875,0.3910382141113281,0.15015057525634762,1.171335205078125
resolution_max_b1,12,4692,False,r=16,r=16,4,train_probe,0.8962281188964843,0.662,0.8258057250976563,0.714,0.005581442260742175,0.019906413269042966,0.07624359436035154,0.2917025436401367,0.44637579956054696,0.16464342041015628,1.2595892608642578
resolution_max_b1,12,4692,False,r=16,r=16,4,test_probe,0.996478759765625,0.664,0.9624988403320313,0.688,0.0031592437744140667,0.013576188659667966,0.059002873229980476,0.2506852081298828,0.3942630828857422,0.16239440307617176,1.2191888061523435
gaussian_postrelu,3,1173,False,before,G=1,0,train_probe,1.13690380859375,0.589,1.11490087890625,0.597,0.006927856445312464,0.027374938964843797,0.10504710693359372,0.3674663879394531,0.5308517639160156,0.3250153381347657,1.8231166320800782
gaussian_postrelu,3,1173,False,before,G=1,0,test_probe,1.1731246337890624,0.573,1.1559302978515624,0.578,0.005633242797851601,0.022991543579101624,0.09476474914550788,0.3481221191406251,0.504398861694336,0.31730278320312505,1.7576427490234376
gaussian_postrelu,3,1173,False,before,G=1,1,train_probe,1.163728271484375,0.577,1.0975481567382812,0.601,0.008475119018554734,0.03694893798828129,0.15004125976562505,0.507485760498047,0.7078987457275391,0.4506053802490233,2.6588197937011713
gaussian_postrelu,3,1173,False,before,G=1,1,test_probe,1.197280517578125,0.556,1.1491889038085938,0.574,0.010653146362304588,0.040338497924804595,0.1478737304687499,0.48914266052246075,0.6787643585205078,0.4556622589111329,2.6564235961914067
gaussian_postrelu,3,1173,False,before,G=1,2,train_probe,1.113965576171875,0.59,1.0626693725585938,0.618,0.010406292724609245,0.041164358520507746,0.15933720092773435,0.48307909240722646,0.6520569000244139,0.3349792022705079,2.2589571838378903
gaussian_postrelu,3,1173,False,before,G=1,2,test_probe,1.166549560546875,0.576,1.1198358764648437,0.584,0.009117053222656301,0.03703695678710939,0.1446483337402344,0.44567271728515634,0.6101675109863282,0.31852940063476576,2.1820074768066404
gaussian_postrelu,3,1173,False,before,G=1,3,train_probe,1.0921451416015624,0.605,1.063499755859375,0.605,0.006306588745117159,0.027821392822265544,0.12189222717285149,0.44441932373046866,0.6372952056884765,0.37088025817871106,2.6872261291503907
gaussian_postrelu,3,1173,False,before,G=1,3,test_probe,1.1621241455078124,0.6,1.1186270751953125,0.615,0.007936755371093795,0.03138645019531257,0.1261676208496094,0.43415939331054687,0.6135817291259766,0.35471196899414076,2.6212643066406254
gaussian_postrelu,3,1173,False,before,G=1,4,train_probe,1.1261680908203124,0.593,1.0478839111328124,0.633,0.00753945617675793,0.03135176086425791,0.12388063049316414,0.44639642944335944,0.6291540618896485,0.428338836669922,2.2295522399902343
gaussian_postrelu,3,1173,False,before,G=1,4,test_probe,1.1471448974609375,0.579,1.0870165405273438,0.611,0.008041598510742176,0.029817730712890643,0.11583665466308593,0.4330065826416016,0.6174027770996094,0.4268363464355468,2.2164889099121092
gaussian_postrelu,3,1173,False,after,G=0.85,0,train_probe,1.168889892578125,0.583,1.1194549560546876,0.606,0.00608747558593743,0.024392971801757722,0.09516452331542961,0.33485106811523435,0.4862435455322265,0.29554003295898434,1.765720639038086
gaussian_postrelu,3,1173,False,after,G=0.85,0,test_probe,1.188793701171875,0.565,1.149741943359375,0.588,0.005398327636718769,0.022252261352539125,0.09070640869140627,0.3266810791015625,0.4726109100341798,0.29302294006347657,1.7187854522705077
gaussian_postrelu,3,1173,False,after,G=0.85,1,train_probe,1.2389942626953125,0.564,1.0909322509765624,0.604,0.00824158935546886,0.03506101379394544,0.13958063354492192,0.4710884826660157,0.6580988311767579,0.4183686401367187,2.5692270751953123
gaussian_postrelu,3,1173,False,after,G=0.85,1,test_probe,1.2595172119140625,0.534,1.1359733276367188,0.588,0.009271987915039071,0.03647189025878903,0.13655402221679686,0.4542250915527344,0.6325807952880858,0.42551652832031256,2.5799493347167965
gaussian_postrelu,3,1173,False,after,G=0.85,2,train_probe,1.1384300537109375,0.594,1.0749354858398437,0.618,0.009215625000000106,0.03662620849609379,0.1415381561279298,0.43802577514648444,0.5955223663330079,0.3049889984130859,2.259865463256836
gaussian_postrelu,3,1173,False,after,G=0.85,2,test_probe,1.1935607299804687,0.554,1.1240944213867188,0.592,0.008595343017578073,0.03399300842285154,0.1317658264160157,0.4090134521484375,0.5629090484619139,0.2951644317626953,2.1868335418701172
gaussian_postrelu,3,1173,False,after,G=0.85,3,train_probe,1.1819275512695313,0.569,1.0639041137695313,0.612,0.005607412719726557,0.025286666870117158,0.11270379943847653,0.4124878662109374,0.5925421325683593,0.33829223937988273,2.7341925292968745
gaussian_postrelu,3,1173,False,after,G=0.85,3,test_probe,1.223607421875,0.562,1.1126860961914062,0.613,0.006850357055664014,0.027922714233398493,0.11521924438476565,0.4013049133300782,0.5697506164550783,0.32893723449707035,2.6832624877929687
gaussian_postrelu,3,1173,False,after,G=0.85,4,train_probe,1.2161080322265625,0.549,1.0677860107421875,0.618,0.0066384704589843805,0.027839999389648474,0.11064972534179689,0.4042244812011718,0.5737765655517577,0.3972544494628906,2.136110638427734
gaussian_postrelu,3,1173,False,after,G=0.85,4,test_probe,1.2320928344726563,0.537,1.1012086791992188,0.595,0.0074165985107421005,0.02711713867187491,0.1048563964843749,0.3938415954589843,0.5646604339599609,0.40147046508789064,2.137181903076172
gaussian_postrelu,3,1173,False,final,G=0,0,train_probe,4.967013427734375,0.107,1.9362769165039062,0.253,0.0026333953857422764,0.010465255737304724,0.038370217895507874,0.12888658142089846,0.1848656158447266,0.42337850341796895,3.213364843750001
gaussian_postrelu,3,1173,False,final,G=0,0,test_probe,4.86751806640625,0.117,1.9167481079101563,0.271,0.002880831909179693,0.011333605957031256,0.04219572143554682,0.13928198242187495,0.1973616088867188,0.3998265991210939,3.151924096679688
gaussian_postrelu,3,1173,False,final,G=0,1,train_probe,3.550977783203125,0.202,1.8868575439453126,0.292,0.005377206420898362,0.020438262939453077,0.07001506042480463,0.20453540344238275,0.2758583587646484,0.2762549804687501,2.4435780639648437
gaussian_postrelu,3,1173,False,final,G=0,1,test_probe,3.5573143310546875,0.172,1.8730616455078124,0.288,0.007512466430664144,0.0257382354736329,0.08181902770996108,0.21924437561035162,0.2890237274169923,0.28223711547851543,2.4445509033203123
gaussian_postrelu,3,1173,False,final,G=0,2,train_probe,5.019407958984375,0.125,1.8758370971679688,0.281,0.0029692657470703487,0.011535296630859348,0.041967739868164135,0.13641626281738278,0.19404438781738292,0.6833007324218754,4.951532055664062
gaussian_postrelu,3,1173,False,final,G=0,2,test_probe,4.858581787109375,0.13,1.8668072509765625,0.267,0.0032665802001953016,0.011696215820312439,0.04312118835449217,0.142145703125,0.20095111389160142,0.7172774536132814,4.9609861572265626
gaussian_postrelu,3,1173,False,final,G=0,3,train_probe,7.82861083984375,0.148,1.8140513305664063,0.352,0.0031506744384765194,0.012491519165038944,0.050475338745117095,0.17547083129882804,0.24644870300292965,0.7069282470703119,5.182020886230469
gaussian_postrelu,3,1173,False,final,G=0,3,test_probe,7.82342919921875,0.146,1.8212168579101562,0.337,0.0027620178222656834,0.01351985168457035,0.05448093566894534,0.1804369720458985,0.25133291625976567,0.7020946166992184,5.104813366699219
gaussian_postrelu,3,1173,False,final,G=0,4,train_probe,4.190852294921875,0.174,1.8597278442382812,0.285,0.0027984436035156657,0.010183508300781297,0.040570138549804693,0.14547568054199217,0.20579024047851574,0.4609112792968749,3.434697900390625
gaussian_postrelu,3,1173,False,final,G=0,4,test_probe,4.17599462890625,0.174,1.861397216796875,0.276,0.002153973388671804,0.009909930419921808,0.04199335021972646,0.15305876159667958,0.21715409851074213,0.4635340942382812,3.4077465759277343
gaussian_postrelu,6,2346,False,before,G=0.85,0,train_probe,0.8364768371582031,0.714,0.8181716613769531,0.714,0.007281602478027394,0.028841897583007835,0.12205363922119146,0.4644563385009766,0.6765136688232423,0.41915378723144536,2.7790879943847657
gaussian_postrelu,6,2346,False,before,G=0.85,0,test_probe,0.9002152709960938,0.679,0.8790442199707031,0.697,0.00619454803466799,0.027114440917968708,0.11679259033203127,0.44425498962402343,0.6449307373046874,0.41347808837890626,2.71241206665039
gaussian_postrelu,6,2346,False,before,G=0.85,1,train_probe,0.8099425964355469,0.715,0.7848114624023438,0.707,0.011178527832031248,0.045442048645019495,0.17515181274414063,0.5911634002685546,0.8420531158447264,0.5339542358398438,3.2912328552246093
gaussian_postrelu,6,2346,False,before,G=0.85,1,test_probe,0.8655186767578125,0.692,0.8373710327148437,0.699,0.010663845825195362,0.045305488586425836,0.17783616180419926,0.5832045623779296,0.8209050994873047,0.5315998031616213,3.2383842773437506
gaussian_postrelu,6,2346,False,before,G=0.85,2,train_probe,0.8175116577148438,0.698,0.7809363098144532,0.712,0.011055561828613225,0.04403790435791012,0.16990805053710928,0.558506021118164,0.7775435089111327,0.4549097381591796,2.9196623779296873
gaussian_postrelu,6,2346,False,before,G=0.85,2,test_probe,0.9300120239257812,0.682,0.8693694763183594,0.703,0.011414367675781245,0.04511095428466798,0.1694965606689453,0.5471386291503907,0.7554033233642579,0.43566069946289077,2.828814990234375
gaussian_postrelu,6,2346,False,before,G=0.85,3,train_probe,0.7691660766601562,0.721,0.7506325378417968,0.735,0.010762992858886733,0.0425530685424805,0.17087385559082033,0.5962034088134766,0.8472424072265625,0.452813119506836,2.81986328125
gaussian_postrelu,6,2346,False,before,G=0.85,3,test_probe,0.8433127136230468,0.705,0.8162201538085937,0.721,0.011689886474609423,0.04394731445312509,0.16923867034912118,0.5795000061035157,0.8222691467285157,0.4591618515014648,2.7844308288574213
gaussian_postrelu,6,2346,False,before,G=0.85,4,train_probe,0.7853043212890625,0.712,0.73973193359375,0.733,0.011395974731445324,0.04863259277343749,0.19416998443603514,0.6244405303955077,0.8616510131835937,0.5268568923950196,2.611966754150391
gaussian_postrelu,6,2346,False,before,G=0.85,4,test_probe,0.8942721862792968,0.683,0.8605780029296874,0.701,0.008813470458984406,0.03763086242675787,0.16350372924804693,0.5637878723144532,0.7921482543945313,0.493999691772461,2.507491125488281
gaussian_postrelu,6,2346,False,after,G=0.7,0,train_probe,0.9239118347167968,0.664,0.8404886474609375,0.71,0.006429627990722608,0.025859431457519476,0.11077164916992181,0.4185533294677734,0.6109934600830078,0.3701558410644531,2.639592849731445
gaussian_postrelu,6,2346,False,after,G=0.7,0,test_probe,0.9632611389160156,0.661,0.8972830810546875,0.687,0.005996282958984411,0.02545446014404299,0.10755309295654296,0.4015123626708985,0.5839949462890626,0.3693312805175782,2.5922695068359376
gaussian_postrelu,6,2346,False,after,G=0.7,1,train_probe,0.9525918579101562,0.643,0.8012745056152344,0.714,0.010154971313476535,0.040911587524414074,0.1560700653076172,0.529528677368164,0.7597371795654297,0.5003841094970704,3.207059796142578
gaussian_postrelu,6,2346,False,after,G=0.7,1,test_probe,0.9986298828125,0.649,0.8388601379394531,0.699,0.010119458007812476,0.04371002960205078,0.1648036529541016,0.5334299896240233,0.7532088897705077,0.5046752563476563,3.1685768676757817
gaussian_postrelu,6,2346,False,after,G=0.7,2,train_probe,0.915802490234375,0.653,0.8040550537109376,0.705,0.00985084075927729,0.038842138671874936,0.1510191543579101,0.499978775024414,0.6982154907226562,0.40580553894042976,3.0004891479492186
gaussian_postrelu,6,2346,False,after,G=0.7,2,test_probe,0.9865936584472657,0.646,0.8756758728027344,0.707,0.010159587097167943,0.03973261108398435,0.1498329498291015,0.4889424896240234,0.6795335113525391,0.4051319396972656,2.939764434814453
gaussian_postrelu,6,2346,False,after,G=0.7,3,train_probe,0.8567909851074219,0.699,0.7869763793945312,0.721,0.009090943908691407,0.037565716552734385,0.15293202362060546,0.5367362518310547,0.7633978851318359,0.3920447250366211,2.837326654052734
gaussian_postrelu,6,2346,False,after,G=0.7,3,test_probe,0.9025714111328125,0.704,0.8354000549316406,0.717,0.010346736145019575,0.040647230529785174,0.15620445251464848,0.5285630981445313,0.7472605895996093,0.40547853851318366,2.8162654968261718
gaussian_postrelu,6,2346,False,after,G=0.7,4,train_probe,0.9358324890136719,0.662,0.7813603515625,0.716,0.010264849853515556,0.04218179779052731,0.16778622436523433,0.5498191406249999,0.7623504974365234,0.45458152923583983,2.4822284851074214
gaussian_postrelu,6,2346,False,after,G=0.7,4,test_probe,1.005743377685547,0.657,0.8678651733398437,0.703,0.007785501098632852,0.033343946838378956,0.14669292449951182,0.5094570205688478,0.7178359771728515,0.4438426681518555,2.4329970977783204
gaussian_postrelu,6,2346,False,final,G=0,0,train_probe,6.469176025390625,0.107,1.8571983642578125,0.3,0.003982760620117221,0.0153098937988281,0.05676694641113282,0.18829996337890625,0.26750670776367186,0.5348172851562504,3.910172241210938
gaussian_postrelu,6,2346,False,final,G=0,0,test_probe,6.309432861328125,0.107,1.8444750366210938,0.3,0.0036303283691405896,0.015039794921874971,0.058006637573242134,0.19259971313476557,0.2727421569824218,0.5178015991210931,3.8287362182617186
gaussian_postrelu,6,2346,False,final,G=0,1,train_probe,4.75966748046875,0.153,1.7759315185546876,0.345,0.00652666625976559,0.025083670043945294,0.09284990844726557,0.28714463806152335,0.3902082946777344,0.35960614624023385,2.8890236999511716
gaussian_postrelu,6,2346,False,final,G=0,1,test_probe,4.86284765625,0.151,1.7646602783203125,0.341,0.007689382934570332,0.029608114624023442,0.10051870117187509,0.29468313903808596,0.3970709259033202,0.32081906738281285,2.7844721618652346
gaussian_postrelu,6,2346,False,final,G=0,2,train_probe,8.7274990234375,0.102,1.816596435546875,0.32,0.0037770843505858577,0.015385723876953005,0.060253128051757684,0.20057715759277334,0.2826749572753905,0.8538717285156243,5.69457724609375
gaussian_postrelu,6,2346,False,final,G=0,2,test_probe,8.527697265625,0.103,1.805586181640625,0.353,0.0048086425781251,0.018085623168945374,0.06796642761230476,0.2154671386718751,0.29732476806640645,0.8516646606445324,5.690052026367189
gaussian_postrelu,6,2346,False,final,G=0,3,train_probe,5.822989501953125,0.158,1.8031046142578124,0.343,0.0062017059326172404,0.02279515686035165,0.0796133331298829,0.244546615600586,0.3343909118652344,0.6122581787109376,4.300230017089843
gaussian_postrelu,6,2346,False,final,G=0,3,test_probe,5.844593994140625,0.16,1.8113722534179688,0.332,0.006856076049804649,0.02403167724609372,0.07954185791015618,0.2391819824218749,0.3276621612548827,0.5876269775390627,4.233380676269531
gaussian_postrelu,6,2346,False,final,G=0,4,train_probe,3.39092724609375,0.213,1.7671166381835937,0.317,0.003493206787109493,0.016439126586914175,0.06863260803222666,0.2272086791992189,0.31273276062011723,0.43869287719726585,3.2894745849609373
gaussian_postrelu,6,2346,False,final,G=0,4,test_probe,3.406789794921875,0.199,1.769307373046875,0.332,0.004812637329101666,0.01922868347167974,0.0710096252441407,0.23308043212890633,0.3211193298339844,0.43597783813476587,3.2728401367187496
gaussian_postrelu,9,3519,False,before,G=0.7,0,train_probe,0.6468930358886719,0.765,0.635450439453125,0.771,0.008531149291992234,0.035583857727050805,0.15012376708984382,0.5633392730712892,0.8187383911132813,0.4758531692504883,3.0695138183593746
gaussian_postrelu,9,3519,False,before,G=0.7,0,test_probe,0.7501575012207031,0.753,0.7438485412597656,0.741,0.0065136459350585985,0.02936468811035159,0.129689909362793,0.5039541046142577,0.7428320892333984,0.44591090545654294,2.9671601318359375
gaussian_postrelu,9,3519,False,before,G=0.7,1,train_probe,0.6395989379882813,0.766,0.6265969543457032,0.769,0.007815702819824178,0.03447893981933592,0.15722823028564448,0.5975848785400389,0.8737298370361328,0.5053018508911132,3.5150672729492194
gaussian_postrelu,9,3519,False,before,G=0.7,1,test_probe,0.696563232421875,0.746,0.6772927551269531,0.742,0.008486338806152372,0.035819215393066484,0.16230393218994146,0.6026207565307617,0.8769354339599611,0.5192965698242187,3.4745987670898435
gaussian_postrelu,9,3519,False,before,G=0.7,2,train_probe,0.6179811401367188,0.793,0.5998367309570313,0.797,0.010686097717285148,0.04545060729980467,0.1847059936523437,0.6351104354858399,0.8980522064208983,0.4064605606079102,2.945225344848633
gaussian_postrelu,9,3519,False,before,G=0.7,2,test_probe,0.7506407470703125,0.737,0.7341978454589844,0.74,0.008104875183105487,0.03747352905273439,0.166970426940918,0.5919715454101563,0.8410145385742188,0.3845913101196289,2.868518377685547
gaussian_postrelu,9,3519,False,before,G=0.7,3,train_probe,0.6470383605957031,0.764,0.62059326171875,0.771,0.013059201049804759,0.0475736923217774,0.17195466461181647,0.6053830673217774,0.874565414428711,0.529137535095215,2.8530799377441407
gaussian_postrelu,9,3519,False,before,G=0.7,3,test_probe,0.7689994201660156,0.718,0.7433252258300781,0.73,0.01188488769531255,0.0445701370239258,0.16492954711914068,0.5789337463378906,0.8330774444580078,0.5105235656738281,2.777080938720703
gaussian_postrelu,9,3519,False,before,G=0.7,4,train_probe,0.6588937072753906,0.771,0.63043994140625,0.775,0.011875349426269489,0.047065837097167926,0.18114518280029293,0.6191637756347655,0.8710536804199218,0.4953149124145507,2.7782536682128907
gaussian_postrelu,9,3519,False,before,G=0.7,4,test_probe,0.7872762451171875,0.736,0.7450202331542969,0.737,0.009642935180664036,0.038895826721191386,0.16571371154785153,0.5881233489990234,0.8316365692138673,0.46864078216552735,2.683086499023438
gaussian_postrelu,9,3519,False,after,G=0.6,0,train_probe,0.728359619140625,0.744,0.6574605102539063,0.753,0.008048043823242146,0.033366992187499965,0.14041301574707027,0.5227702026367187,0.7589739349365234,0.4437122695922852,2.9120225402832034
gaussian_postrelu,9,3519,False,after,G=0.6,0,test_probe,0.8003150024414063,0.719,0.751110595703125,0.742,0.006267958068847656,0.028072630310058598,0.12336777496337895,0.47197183227539063,0.6928237731933593,0.41857275238037106,2.8444814453125
gaussian_postrelu,9,3519,False,after,G=0.6,1,train_probe,0.7329975891113282,0.74,0.6439085388183594,0.776,0.006863040161132783,0.031437014770507775,0.14681006164550778,0.5547543746948242,0.81078017578125,0.4811256225585937,3.4707579467773435
gaussian_postrelu,9,3519,False,after,G=0.6,1,test_probe,0.7900924072265625,0.719,0.6890432434082031,0.745,0.007994271850585988,0.03427500762939454,0.15280533142089844,0.5616594833374023,0.8165459381103515,0.49213503417968757,3.4242457458496096
gaussian_postrelu,9,3519,False,after,G=0.6,2,train_probe,0.69307861328125,0.752,0.6326952209472656,0.786,0.009860780334472685,0.041604138183593785,0.16953626861572266,0.5780490371704101,0.8180740844726563,0.3665782592773438,2.907632626342773
gaussian_postrelu,9,3519,False,after,G=0.6,2,test_probe,0.8007426147460938,0.728,0.7492064819335937,0.738,0.007884216308593772,0.03524669342041018,0.15511087341308594,0.540575469970703,0.7683632843017578,0.3583656646728515,2.8537820709228514
gaussian_postrelu,9,3519,False,after,G=0.6,3,train_probe,0.7059200744628906,0.756,0.6448847351074218,0.765,0.011497966003418004,0.04330614624023441,0.15968348846435548,0.5653209991455078,0.8154106536865235,0.49659671325683596,2.7579472961425777
gaussian_postrelu,9,3519,False,after,G=0.6,3,test_probe,0.8058244934082032,0.705,0.7479888000488282,0.733,0.011256935119628863,0.04348691711425777,0.1589165222167968,0.5511212020874023,0.7882708038330077,0.4884798675537108,2.6980787292480466
gaussian_postrelu,9,3519,False,after,G=0.6,4,train_probe,0.7101962280273437,0.748,0.6604485168457032,0.774,0.010857754516601537,0.04176171264648434,0.16175033264160157,0.5610565795898437,0.7922335418701171,0.4526643112182617,2.7330030883789065
gaussian_postrelu,9,3519,False,after,G=0.6,4,test_probe,0.8066506042480469,0.724,0.7560571899414062,0.732,0.008693386840820338,0.036080781555175766,0.1532824676513672,0.5426026550292968,0.7669930328369141,0.43433310241699213,2.667343853759765
gaussian_postrelu,9,3519,False,final,G=0,0,train_probe,4.12554931640625,0.203,1.734211669921875,0.36,0.005434866333007804,0.022516098022460927,0.08367265014648433,0.2649450775146484,0.36890410766601556,0.5115523742675782,3.4685303955078126
gaussian_postrelu,9,3519,False,final,G=0,0,test_probe,4.044810424804687,0.214,1.7085941162109375,0.366,0.006053039550781292,0.024417126464843775,0.09036408386230477,0.27768504943847655,0.3830285736083984,0.5044126586914063,3.4394175170898444
gaussian_postrelu,9,3519,False,final,G=0,1,train_probe,4.9787060546875,0.139,1.613794189453125,0.435,0.005522256469726617,0.024157412719726667,0.09784497375488292,0.3272377319335938,0.45666587219238297,0.2697757629394536,2.714718017578125
gaussian_postrelu,9,3519,False,final,G=0,1,test_probe,5.01886083984375,0.133,1.6136061401367188,0.434,0.007122711181640628,0.02725133666992181,0.10513000183105463,0.3349309844970703,0.4610909973144531,0.25705159301757785,2.6564043334960936
gaussian_postrelu,9,3519,False,final,G=0,2,train_probe,5.391477294921875,0.126,1.6866677856445313,0.392,0.005043151855468664,0.02077067260742178,0.08324110107421863,0.27260462341308583,0.3821364685058592,0.6676475463867181,4.944338330078125
gaussian_postrelu,9,3519,False,final,G=0,2,test_probe,5.24279248046875,0.127,1.7015108032226562,0.373,0.004998092651367236,0.021100640869140607,0.08466223144531251,0.2715811126708984,0.3782561462402344,0.7006671997070315,4.963718530273437
gaussian_postrelu,9,3519,False,final,G=0,3,train_probe,2.8118736572265624,0.341,1.64642822265625,0.406,0.0048231750488279875,0.021744723510742102,0.09362225952148422,0.3187089599609373,0.43848254699707034,0.49469168701171895,3.395923889160156
gaussian_postrelu,9,3519,False,final,G=0,3,test_probe,2.8505343017578126,0.302,1.66648828125,0.408,0.005996160888671919,0.02373885498046884,0.09730835266113289,0.3182605377197266,0.4344951110839845,0.47967474365234375,3.347491589355468
gaussian_postrelu,9,3519,False,final,G=0,4,train_probe,3.4503331298828126,0.241,1.5729859008789062,0.439,0.005700738525390636,0.02356634216308593,0.08795156860351568,0.29547091064453124,0.4129273681640625,0.4094960510253907,3.0674438842773433
gaussian_postrelu,9,3519,False,final,G=0,4,test_probe,3.483870361328125,0.245,1.6075555419921874,0.42,0.005411434936523496,0.023023614501953206,0.08685984802246101,0.2922361450195313,0.4068787780761719,0.3967392028808592,3.038517712402343
gaussian_postrelu,12,4692,False,before,G=0.6,0,train_probe,0.5234802703857422,0.814,0.5247357177734375,0.812,0.01129057159423823,0.04260333862304684,0.16127397766113277,0.5872757873535155,0.8552349853515624,0.4954913864135742,3.762998587036133
gaussian_postrelu,12,4692,False,before,G=0.6,0,test_probe,0.6444937744140625,0.794,0.6402193908691406,0.789,0.00851821899414067,0.03449207153320316,0.13832744598388674,0.52823719329834,0.7753209564208985,0.46474698944091797,3.667785266113282
gaussian_postrelu,12,4692,False,before,G=0.6,1,train_probe,0.5579021606445312,0.811,0.5567105102539063,0.817,0.012200467681884708,0.049444062805175756,0.1927770248413086,0.6731367782592772,0.968742172241211,0.6139770904541015,3.796065551757812
gaussian_postrelu,12,4692,False,before,G=0.6,1,test_probe,0.6389143676757812,0.767,0.6424846496582032,0.77,0.012079104614257763,0.052071427917480415,0.19869345703124994,0.6636032653808593,0.9520153991699217,0.6460130798339843,3.732524127197266
gaussian_postrelu,12,4692,False,before,G=0.6,2,train_probe,0.5269605102539062,0.816,0.4978752136230469,0.822,0.012369664764404298,0.04888701248168946,0.1903432083129883,0.6518501434326172,0.9329520721435547,0.4537896423339844,3.3514730773925785
gaussian_postrelu,12,4692,False,before,G=0.6,2,test_probe,0.6779613647460937,0.784,0.6490350036621094,0.783,0.01084427490234371,0.043462173461914,0.17466408691406246,0.6102928924560548,0.8786565521240235,0.4261320770263672,3.2665989135742195
gaussian_postrelu,12,4692,False,before,G=0.6,3,train_probe,0.49740155029296873,0.822,0.4795313262939453,0.831,0.01377052764892579,0.05058569335937504,0.19188189849853515,0.6651822708129883,0.9571184753417967,0.5762369857788088,3.0997765625000007
gaussian_postrelu,12,4692,False,before,G=0.6,3,test_probe,0.6751841735839844,0.765,0.656010498046875,0.778,0.011037103271484428,0.04251809692382817,0.1670723037719727,0.6035060684204103,0.8742048278808593,0.5436892761230468,2.9815173522949214
gaussian_postrelu,12,4692,False,before,G=0.6,4,train_probe,0.5225440673828124,0.817,0.49932135009765627,0.824,0.016112699127197226,0.058628907012939435,0.21886770324707028,0.6967763488769532,0.9643448562622071,0.5695107757568361,3.152009869384765
gaussian_postrelu,12,4692,False,before,G=0.6,4,test_probe,0.6840399169921875,0.765,0.6711195983886719,0.775,0.010055102539062544,0.04260576171874998,0.18810262145996098,0.6359254852294922,0.8868809783935546,0.5349952560424805,3.0153540283203126
gaussian_postrelu,12,4692,False,after,G=0.5,0,train_probe,0.6520215454101562,0.77,0.5839668579101562,0.801,0.01064299316406253,0.039566383361816435,0.14876151580810548,0.5333649505615234,0.7743540618896485,0.47671652374267576,3.5581068420410156
gaussian_postrelu,12,4692,False,after,G=0.5,0,test_probe,0.7314706115722657,0.745,0.6758897705078125,0.779,0.008216542053222642,0.03255314025878904,0.1305962646484375,0.4892940399169922,0.7143222900390624,0.4424210037231445,3.496686883544922
gaussian_postrelu,12,4692,False,after,G=0.5,1,train_probe,0.7988090209960937,0.725,0.6045130920410157,0.791,0.010967909240722606,0.045047013854980424,0.1735792175292968,0.6022226501464842,0.8688944793701172,0.5287676422119141,3.5487283508300775
gaussian_postrelu,12,4692,False,after,G=0.5,1,test_probe,0.8718997497558594,0.708,0.679531494140625,0.754,0.011165155029296936,0.04748418273925785,0.1798721160888672,0.5989944335937499,0.8594614257812501,0.5452258148193361,3.4895334960937503
gaussian_postrelu,12,4692,False,after,G=0.5,2,train_probe,0.6758320922851563,0.763,0.5650575103759765,0.81,0.011509465789794959,0.04480879821777347,0.1738632461547852,0.5852504562377929,0.8354390167236329,0.40637976379394536,3.153637786865235
gaussian_postrelu,12,4692,False,after,G=0.5,2,test_probe,0.7899376220703125,0.738,0.6928750610351563,0.767,0.009027836608886685,0.038445112609863254,0.1580563125610351,0.5460986953735352,0.784730484008789,0.39182363586425784,3.0911800842285153
gaussian_postrelu,12,4692,False,after,G=0.5,3,train_probe,0.6213564758300781,0.783,0.5327943115234375,0.827,0.012564446258544915,0.04616491699218751,0.17529209594726564,0.6140754013061525,0.8772332183837891,0.5270887130737305,2.9273281738281254
gaussian_postrelu,12,4692,False,after,G=0.5,3,test_probe,0.7686496276855469,0.727,0.6854840087890625,0.762,0.010309301757812528,0.040476538085937507,0.15514602508544925,0.5559064971923828,0.8020502990722657,0.49363069152832023,2.8197638549804687
gaussian_postrelu,12,4692,False,after,G=0.5,4,train_probe,0.7316979675292968,0.754,0.5638710632324219,0.812,0.013447756958007817,0.05116303710937501,0.19303580474853516,0.6202131484985351,0.8583390197753905,0.528070933532715,3.0926229064941406
gaussian_postrelu,12,4692,False,after,G=0.5,4,test_probe,0.86246923828125,0.7,0.7050281677246094,0.752,0.010461264038085893,0.04224703826904293,0.17619711608886718,0.578164582824707,0.8026522338867188,0.4969984741210938,2.9903791198730474
gaussian_postrelu,12,4692,False,final,G=0,0,train_probe,3.3423629150390624,0.247,1.4762122192382812,0.455,0.008467861938476595,0.02867028198242194,0.10442352600097664,0.3395659423828126,0.4753523681640626,0.5955173095703126,3.954968060302734
gaussian_postrelu,12,4692,False,final,G=0,0,test_probe,3.261137939453125,0.251,1.4376556396484375,0.489,0.00714772338867189,0.029435900878906286,0.11304954833984385,0.35728403625488286,0.49674013366699227,0.579151727294922,3.9244893676757813
gaussian_postrelu,12,4692,False,final,G=0,1,train_probe,3.355128662109375,0.23,1.42261083984375,0.505,0.010533392333984381,0.03966679992675774,0.1408430358886719,0.43818479003906247,0.6043598571777344,0.42279645996093757,3.0073985656738285
gaussian_postrelu,12,4692,False,final,G=0,1,test_probe,3.4210791015625,0.212,1.4714373779296874,0.476,0.008905197143554778,0.03609835815429694,0.13425848693847658,0.4214151489257813,0.5817794525146486,0.4202691528320314,2.949980944824219
gaussian_postrelu,12,4692,False,final,G=0,2,train_probe,2.863837890625,0.303,1.4923316040039063,0.466,0.006941754150390578,0.029527703857421872,0.11575247192382807,0.3732347595214843,0.5171146240234374,0.540334991455078,4.036067315673828
gaussian_postrelu,12,4692,False,final,G=0,2,test_probe,2.9300628662109376,0.269,1.536966064453125,0.448,0.005855450439453192,0.024521197509765714,0.10308093872070326,0.34579303894042984,0.48795805664062514,0.4958101745605468,3.902918206787109
gaussian_postrelu,12,4692,False,final,G=0,3,train_probe,2.2034171142578125,0.385,1.3292809448242187,0.55,0.00957349243164074,0.036185586547851645,0.13668088684082036,0.4376784179687501,0.599369403076172,0.39270818481445313,2.877590045166016
gaussian_postrelu,12,4692,False,final,G=0,3,test_probe,2.2866463623046873,0.365,1.36735546875,0.525,0.009897024536132814,0.03639656677246093,0.13477132568359368,0.4286521850585938,0.5837763061523438,0.3823069824218752,2.8265992065429684
gaussian_postrelu,12,4692,False,final,G=0,4,train_probe,3.200923583984375,0.299,1.3749830322265626,0.516,0.009718728637695273,0.03629387817382805,0.128836212158203,0.3978835845947265,0.5423865020751953,0.4279369506835936,3.031041809082031
gaussian_postrelu,12,4692,False,final,G=0,4,test_probe,3.26462353515625,0.278,1.4377897338867187,0.477,0.008359848022460948,0.03252533569335947,0.11997602233886721,0.37424447631835944,0.5119839569091797,0.3977362609863283,2.946418731689453
gaussian_postrelu,15,5865,False,before,G=0.5,0,train_probe,0.44153652954101563,0.834,0.43338703918457033,0.844,0.010035460662841778,0.041462710571289044,0.1761559150695801,0.6467329483032227,0.9321003219604492,0.5536561935424805,3.6627877319335935
gaussian_postrelu,15,5865,False,before,G=0.5,0,test_probe,0.6017966613769531,0.79,0.5912542724609375,0.791,0.0074401992797851315,0.03317225646972651,0.15149284515380856,0.5697513244628906,0.8340310989379882,0.5200893417358398,3.5677958679199215
gaussian_postrelu,15,5865,False,before,G=0.5,1,train_probe,0.4440664978027344,0.851,0.436293701171875,0.856,0.011630409240722667,0.050246859741210945,0.21125559692382812,0.7393564834594726,1.0573474456787106,0.5943882888793945,3.9432024963378907
gaussian_postrelu,15,5865,False,before,G=0.5,1,test_probe,0.5761275024414062,0.792,0.5652366027832031,0.79,0.009840489196777357,0.044885856628418,0.2027784042358399,0.7151531372070312,1.0187839324951171,0.5936298538208009,3.846754174804687
gaussian_postrelu,15,5865,False,before,G=0.5,2,train_probe,0.42824459838867185,0.852,0.41901702880859376,0.858,0.011045919799804672,0.04665400695800781,0.19882939834594723,0.6992368728637695,1.0006815048217774,0.514260661315918,3.6987582031249993
gaussian_postrelu,15,5865,False,before,G=0.5,2,test_probe,0.6076287536621093,0.795,0.59979345703125,0.802,0.009450196838378933,0.04052276458740236,0.1744268020629883,0.633756379699707,0.9150545104980468,0.48454865417480475,3.6126497253417966
gaussian_postrelu,15,5865,False,before,G=0.5,3,train_probe,0.44517388916015627,0.839,0.42131159973144533,0.855,0.013895519256591788,0.053372745513916006,0.21565602951049803,0.7490691650390625,1.0643930877685546,0.5659301589965822,3.4307359008789065
gaussian_postrelu,15,5865,False,before,G=0.5,3,test_probe,0.6394109497070313,0.786,0.6127482604980469,0.797,0.016331986999511727,0.05662144317626951,0.21012315826416011,0.7043162139892579,0.999670083618164,0.5630094680786133,3.3032296630859377
gaussian_postrelu,15,5865,False,before,G=0.5,4,train_probe,0.500481216430664,0.825,0.46113330078125,0.836,0.014668431854248081,0.0633471267700196,0.24749288711547854,0.7698794036865235,1.067344856262207,0.6514457214355469,3.402160775756836
gaussian_postrelu,15,5865,False,before,G=0.5,4,test_probe,0.6389811401367187,0.779,0.6006497802734375,0.788,0.012585308837890597,0.055503506469726537,0.22199911651611326,0.7108037826538085,0.9908820831298828,0.6139937454223634,3.272810174560547
gaussian_postrelu,15,5865,False,after,G=0.4,0,train_probe,0.869898193359375,0.681,0.6274827270507812,0.775,0.010005642700195327,0.03977696990966797,0.16241545715332031,0.5740311813354493,0.8209726165771485,0.5542924102783203,3.419606011962891
gaussian_postrelu,15,5865,False,after,G=0.4,0,test_probe,0.9268833312988282,0.667,0.7074209289550781,0.761,0.007785314941406251,0.034208561706542975,0.14908212890625,0.5397226654052736,0.7758380615234375,0.5457788070678711,3.4005065002441404
gaussian_postrelu,15,5865,False,after,G=0.4,1,train_probe,0.9661622619628907,0.685,0.5854526062011719,0.808,0.009713424682617188,0.045696690368652336,0.19175594787597658,0.6652357391357422,0.9454595245361327,0.5894360763549804,3.7507253173828117
gaussian_postrelu,15,5865,False,after,G=0.4,1,test_probe,1.08993017578125,0.638,0.6989841918945312,0.753,0.009116299438476616,0.04100698394775396,0.18253945007324224,0.6385246871948242,0.9065170196533202,0.5747089965820311,3.6537549987792963
gaussian_postrelu,15,5865,False,after,G=0.4,2,train_probe,0.7488047180175781,0.739,0.5755089721679687,0.815,0.01031398925781254,0.044376109313964886,0.1859527954101563,0.6299224960327149,0.8902843963623047,0.5004588531494141,3.599023681640625
gaussian_postrelu,15,5865,False,after,G=0.4,2,test_probe,0.8819286804199219,0.692,0.7040362854003906,0.75,0.009824012756347667,0.040199575805664065,0.16821888885498043,0.5849135803222657,0.8319609283447263,0.4908066619873047,3.5383198181152347
gaussian_postrelu,15,5865,False,after,G=0.4,3,train_probe,0.8159054565429688,0.708,0.5628244018554688,0.822,0.014218704223632772,0.05523251953124997,0.21577018585205074,0.7033006805419922,0.9781342498779297,0.498642593383789,3.0925495300292973
gaussian_postrelu,15,5865,False,after,G=0.4,3,test_probe,0.9493394775390624,0.681,0.7074136962890625,0.774,0.013960351562500039,0.05190869293212892,0.20196968994140624,0.6574988403320312,0.9178876800537109,0.4876493194580078,2.9917359497070306
gaussian_postrelu,15,5865,False,after,G=0.4,4,train_probe,0.9075687255859375,0.687,0.6373769836425781,0.77,0.011695785522460932,0.05352890777587891,0.21344150238037107,0.663326564025879,0.9144754943847657,0.5998781951904297,3.2932275878906254
gaussian_postrelu,15,5865,False,after,G=0.4,4,test_probe,1.0033404541015625,0.656,0.7147549133300781,0.751,0.013838456726074245,0.05714829101562502,0.21180061645507814,0.6462536346435546,0.890158187866211,0.5700634674072266,3.212752520751953
gaussian_postrelu,15,5865,False,final,G=0,0,train_probe,1.8812943115234375,0.435,1.1291337890625,0.61,0.00990756835937503,0.03910509948730476,0.1516167266845704,0.48846871643066414,0.6808388092041017,0.5470482940673829,3.2571345031738277
gaussian_postrelu,15,5865,False,final,G=0,0,test_probe,1.880383544921875,0.416,1.13111865234375,0.613,0.009194143676757794,0.03917980041503906,0.15316690368652347,0.4897045623779297,0.6799278137207031,0.548693472290039,3.252786737060547
gaussian_postrelu,15,5865,False,final,G=0,1,train_probe,2.27008544921875,0.401,1.0231693115234375,0.676,0.009682034301757824,0.045281411743164066,0.1815864013671875,0.5910300842285157,0.8178050140380859,0.5466350219726561,3.4416341857910155
gaussian_postrelu,15,5865,False,final,G=0,1,test_probe,2.3771746826171873,0.376,1.1044981079101563,0.624,0.011414051818847559,0.047270104980468644,0.18471738586425773,0.5786300994873045,0.7943176483154295,0.5387200500488283,3.3545633178710945
gaussian_postrelu,15,5865,False,final,G=0,2,train_probe,1.7381777954101563,0.465,1.0479302368164063,0.65,0.009989599609374978,0.04186432800292965,0.1683850830078125,0.5441281677246093,0.7491170318603515,0.5277312072753908,3.6896185729980466
gaussian_postrelu,15,5865,False,final,G=0,2,test_probe,1.8689169921875,0.439,1.1287081298828125,0.621,0.008577978515624984,0.03609648132324219,0.1500446655273437,0.5052982604980467,0.7043321624755859,0.5164409912109376,3.6117812255859385
gaussian_postrelu,15,5865,False,final,G=0,3,train_probe,1.65146875,0.505,1.0266630554199219,0.664,0.01164260253906244,0.04987354736328122,0.19132761840820317,0.5943603424072266,0.811591635131836,0.4096486633300781,2.7982959350585936
gaussian_postrelu,15,5865,False,final,G=0,3,test_probe,1.7278025512695312,0.474,1.1065670166015624,0.638,0.011915554809570406,0.04963207397460947,0.1869590393066407,0.5705110809326173,0.7782697418212892,0.4081590759277344,2.754328790283203
gaussian_postrelu,15,5865,False,final,G=0,4,train_probe,2.0646094970703124,0.427,1.0912817993164063,0.608,0.011082675170898271,0.04850101013183587,0.18259685058593741,0.5487327880859374,0.7463471313476562,0.5219881408691407,3.0840596374511717
gaussian_postrelu,15,5865,False,final,G=0,4,test_probe,2.108813720703125,0.424,1.126439697265625,0.588,0.014567984008789048,0.05514686889648444,0.18982846984863283,0.5521453887939453,0.7473111419677735,0.5109131713867189,3.041348834228516
gaussian_postrelu,18,7038,False,before,G=0.4,0,train_probe,0.407974853515625,0.855,0.3928581848144531,0.865,0.011750035858154307,0.047611093139648446,0.197687100982666,0.6941504852294922,0.9932547821044923,0.5985276168823243,3.979191882324219
gaussian_postrelu,18,7038,False,before,G=0.4,0,test_probe,0.6097490539550782,0.794,0.5914911804199219,0.787,0.0083107635498047,0.03366998138427735,0.15234845428466798,0.5853101654052735,0.8594827209472656,0.5378985168457031,3.843535354614258
gaussian_postrelu,18,7038,False,before,G=0.4,1,train_probe,0.4191714324951172,0.861,0.4003194885253906,0.872,0.011416228485107444,0.05214008255004884,0.21884488754272463,0.7655236099243163,1.1004162658691405,0.5884602767944336,3.8620048553466795
gaussian_postrelu,18,7038,False,before,G=0.4,1,test_probe,0.6003974609375,0.785,0.5883115234375,0.79,0.007749754333496073,0.03981017913818356,0.18993938446044917,0.706462126159668,1.021877655029297,0.5576086502075196,3.730098229980469
gaussian_postrelu,18,7038,False,before,G=0.4,2,train_probe,0.35983738708496094,0.874,0.3588972473144531,0.88,0.01374369430541993,0.05242065734863281,0.20319163284301758,0.7183504974365235,1.034630960083008,0.5117196731567383,3.630037170410156
gaussian_postrelu,18,7038,False,before,G=0.4,2,test_probe,0.6006561889648437,0.797,0.5920137939453125,0.797,0.01088113098144532,0.04202299499511719,0.17219756164550779,0.6386731643676757,0.9263854095458985,0.47189398345947275,3.493841979980469
gaussian_postrelu,18,7038,False,before,G=0.4,3,train_probe,0.3741895141601562,0.863,0.35932211303710937,0.879,0.014679566955566409,0.06309122695922852,0.25233497848510744,0.817658573913574,1.1380779922485353,0.6318485046386719,3.712352130126953
gaussian_postrelu,18,7038,False,before,G=0.4,3,test_probe,0.5609466400146484,0.802,0.5576505126953125,0.807,0.013918810272216753,0.06137827911376953,0.23908956909179685,0.7591211227416992,1.0605348907470704,0.6238978439331054,3.5929304840087894
gaussian_postrelu,18,7038,False,before,G=0.4,4,train_probe,0.36939077758789063,0.865,0.3626091766357422,0.874,0.01500955963134763,0.06371882476806638,0.2487453254699707,0.7859256637573242,1.0909947036743164,0.6656238662719727,3.6865723083496094
gaussian_postrelu,18,7038,False,before,G=0.4,4,test_probe,0.6118854675292968,0.791,0.6017619323730469,0.795,0.01080519866943359,0.04657596740722656,0.2021684371948242,0.678069206237793,0.9593774490356445,0.609493162536621,3.5035937255859375
gaussian_postrelu,18,7038,False,after,G=0.3,0,train_probe,0.6535693359375,0.768,0.5507817993164063,0.813,0.011560601806640624,0.04622814788818359,0.19057945861816408,0.6532788482666015,0.9266250061035157,0.582922200012207,3.7315086242675783
gaussian_postrelu,18,7038,False,after,G=0.3,0,test_probe,0.7835354309082031,0.715,0.6873313903808593,0.759,0.00889672698974614,0.03527194976806645,0.1546916778564454,0.5802660949707033,0.8406669158935548,0.552869386291504,3.65968744506836
gaussian_postrelu,18,7038,False,after,G=0.3,1,train_probe,0.6612657775878906,0.789,0.5179533081054688,0.829,0.012236569976806588,0.053369296264648404,0.21980976409912106,0.7466378524780273,1.0554677154541015,0.6146477737426759,3.830705169677734
gaussian_postrelu,18,7038,False,after,G=0.3,1,test_probe,0.8488420715332031,0.711,0.694626953125,0.75,0.010765539550781267,0.045692481994628886,0.19423260345458981,0.6858593749999999,0.975243167114258,0.5803529907226563,3.6916490600585936
gaussian_postrelu,18,7038,False,after,G=0.3,2,train_probe,0.5304705810546875,0.823,0.48099412536621095,0.84,0.013978666687011703,0.05413968734741211,0.20916914825439453,0.7021794876098633,0.9923050628662111,0.5229362197875977,3.5731215209960943
gaussian_postrelu,18,7038,False,after,G=0.3,2,test_probe,0.7358755798339843,0.738,0.6721992797851563,0.767,0.011895097351074201,0.046165519714355466,0.1813688613891601,0.6289682708740234,0.8969560943603515,0.49541508941650403,3.4463956359863275
gaussian_postrelu,18,7038,False,after,G=0.3,3,train_probe,0.5721763305664063,0.804,0.4788333435058594,0.845,0.014589373016357415,0.06373479766845705,0.24877520904541015,0.7798456344604492,1.0717017166137695,0.5888216354370117,3.483303424072266
gaussian_postrelu,18,7038,False,after,G=0.3,3,test_probe,0.72222802734375,0.757,0.63916455078125,0.782,0.014169924926757792,0.06120846405029297,0.2316808944702148,0.7241058288574219,0.9998261688232424,0.5780362991333008,3.3781264282226564
gaussian_postrelu,18,7038,False,after,G=0.3,4,train_probe,0.5354835052490234,0.818,0.48343118286132813,0.845,0.0168116325378418,0.06648078460693357,0.24691488800048828,0.7427788925170897,1.018073452758789,0.6606139022827149,3.632141189575195
gaussian_postrelu,18,7038,False,after,G=0.3,4,test_probe,0.7685845336914062,0.74,0.6830506286621094,0.762,0.013136428833007762,0.051366757202148415,0.20420468597412106,0.6489221786499024,0.9072695297241211,0.589770687866211,3.455567950439453
gaussian_postrelu,18,7038,False,final,G=0,0,train_probe,0.709929931640625,0.743,0.586284912109375,0.797,0.011489672851562572,0.04589721679687504,0.18942483062744148,0.6476761779785157,0.9170575103759768,0.5812889160156249,3.7006013916015625
gaussian_postrelu,18,7038,False,final,G=0,0,test_probe,0.82893017578125,0.705,0.7118359680175781,0.751,0.009476036071777372,0.03645458679199222,0.1566891998291016,0.581506103515625,0.8396211181640624,0.5566908157348633,3.6371891479492193
gaussian_postrelu,18,7038,False,final,G=0,1,train_probe,0.7262874450683594,0.76,0.54729052734375,0.82,0.012814968872070277,0.05429975280761714,0.2210706436157226,0.745001791381836,1.0501880432128905,0.6198235824584961,3.8211306945800785
gaussian_postrelu,18,7038,False,final,G=0,1,test_probe,0.9135000305175781,0.693,0.7204779357910156,0.742,0.010690538024902385,0.0466939682006836,0.19666439056396484,0.6851438598632813,0.9708587158203125,0.5862507446289063,3.68318949584961
gaussian_postrelu,18,7038,False,final,G=0,2,train_probe,0.5775961303710937,0.811,0.5118847351074218,0.825,0.013852126312255898,0.05466132659912112,0.2103857330322266,0.7004255187988282,0.9871143554687499,0.5281769882202149,3.5726618713378904
gaussian_postrelu,18,7038,False,final,G=0,2,test_probe,0.777635986328125,0.723,0.6955548706054687,0.762,0.012010287475585957,0.04673697814941408,0.18319005889892584,0.6289059265136718,0.8946707031250002,0.501593894958496,3.44983759765625
gaussian_postrelu,18,7038,False,final,G=0,3,train_probe,0.6204642944335937,0.792,0.5083995361328125,0.839,0.014594414520263633,0.06362091522216796,0.24749613800048825,0.7733614212036133,1.0611656829833982,0.5815093551635742,3.451609063720703
gaussian_postrelu,18,7038,False,final,G=0,3,test_probe,0.7628362731933593,0.746,0.6612705383300781,0.776,0.01448011932373049,0.06163352203369145,0.23165518493652346,0.7198727325439453,0.9914660522460939,0.5725988357543946,3.352568249511718
gaussian_postrelu,18,7038,False,final,G=0,4,train_probe,0.5839944458007813,0.798,0.514257080078125,0.836,0.016970790863037145,0.06647735290527344,0.2459536331176758,0.735956398010254,1.007043537902832,0.6607493728637694,3.621856439208984
gaussian_postrelu,18,7038,False,final,G=0,4,test_probe,0.8132868041992187,0.724,0.706269775390625,0.758,0.013159489440917983,0.05155988616943365,0.20439326629638677,0.6459131469726562,0.9008403778076172,0.5904484344482422,3.4475544494628907
gaussian_postrelu,21,8211,False,before,G=0.3,0,train_probe,0.3696404266357422,0.871,0.36460203552246095,0.873,0.012542444610595694,0.05161958847045896,0.22064920349121092,0.7586522445678711,1.0676753311157225,0.6088676559448241,4.050546029663086
gaussian_postrelu,21,8211,False,before,G=0.3,0,test_probe,0.5867900390625,0.801,0.5779974670410156,0.801,0.007956599426269539,0.03575919342041015,0.17329912872314454,0.6452040878295897,0.9277837219238283,0.5531152236938477,3.9181028808593745
gaussian_postrelu,21,8211,False,before,G=0.3,1,train_probe,0.36597352600097655,0.883,0.35592762756347657,0.888,0.013929623413085929,0.060231481170654286,0.24571236495971682,0.8255566085815429,1.1718018859863282,0.6211625961303711,4.150639755249024
gaussian_postrelu,21,8211,False,before,G=0.3,1,test_probe,0.581534423828125,0.789,0.5702833099365234,0.792,0.013055047607421877,0.0535381980895996,0.22124310455322266,0.7534751724243165,1.074879086303711,0.5926062011718749,3.9890266479492182
gaussian_postrelu,21,8211,False,before,G=0.3,2,train_probe,0.33335487365722655,0.889,0.3285268402099609,0.894,0.011951438140869158,0.05186664428710939,0.2152265670776367,0.7725997146606446,1.1036419876098633,0.5324475021362305,3.795979708862305
gaussian_postrelu,21,8211,False,before,G=0.3,2,test_probe,0.5919400939941406,0.8,0.5877836608886718,0.801,0.009385096740722697,0.03906044006347661,0.17553292541503912,0.6756193954467774,0.9787492309570313,0.491370231628418,3.6588977416992186
gaussian_postrelu,21,8211,False,before,G=0.3,3,train_probe,0.32289164733886716,0.886,0.3156425018310547,0.895,0.01574861373901367,0.06829883728027344,0.26399834213256834,0.8571670043945312,1.1965274032592774,0.6623488189697265,3.750272537231445
gaussian_postrelu,21,8211,False,before,G=0.3,3,test_probe,0.5605692291259765,0.807,0.5618086242675782,0.804,0.013300634002685519,0.05801236572265622,0.2284762969970703,0.7658245483398437,1.0827261535644532,0.6224234588623048,3.6053326690673826
gaussian_postrelu,21,8211,False,before,G=0.3,4,train_probe,0.34035789489746093,0.883,0.33645965576171877,0.885,0.017605461120605466,0.07763759841918942,0.294951091003418,0.8731959915161133,1.1829055541992188,0.7283162185668945,3.7805882598876956
gaussian_postrelu,21,8211,False,before,G=0.3,4,test_probe,0.607103515625,0.783,0.6001004028320313,0.789,0.012341641235351575,0.056137120056152345,0.23952019195556642,0.748656834411621,1.036594226074219,0.652188397216797,3.5718209167480466
gaussian_postrelu,21,8211,False,after,G=0,0,train_probe,0.3757861328125,0.866,0.37164271545410155,0.87,0.01262772979736329,0.05191105270385743,0.22060885848999026,0.755067987060547,1.0618135879516601,0.6076519943237304,4.0271258056640615
gaussian_postrelu,21,8211,False,after,G=0,0,test_probe,0.5881494140625,0.798,0.5817229614257813,0.795,0.008040039062499948,0.036227476501464816,0.17350102233886716,0.6434167480468751,0.9243328765869139,0.5536742095947265,3.8982325134277347
gaussian_postrelu,21,8211,False,after,G=0,1,train_probe,0.3779031829833984,0.877,0.3633826904296875,0.887,0.013838053894042945,0.0602417510986328,0.24569287872314455,0.8231540756225586,1.1665003967285155,0.6203771469116209,4.133826553344727
gaussian_postrelu,21,8211,False,after,G=0,1,test_probe,0.5936226196289063,0.782,0.5770408020019532,0.79,0.013400237274169858,0.05398889312744134,0.22092021636962883,0.7494904418945313,1.0682748260498047,0.5914361129760742,3.9725191528320307
gaussian_postrelu,21,8211,False,after,G=0,2,train_probe,0.34216349792480466,0.887,0.3350227813720703,0.891,0.012278090667724622,0.052692955780029284,0.216790193939209,0.7717995025634765,1.1003231842041015,0.5333452651977539,3.790854440307618
gaussian_postrelu,21,8211,False,after,G=0,2,test_probe,0.5970285034179688,0.8,0.5922714233398437,0.799,0.00943819732666017,0.0394149551391602,0.17652546386718754,0.6739708084106446,0.9742041992187499,0.493800260925293,3.6544874694824223
gaussian_postrelu,21,8211,False,after,G=0,3,train_probe,0.32970635986328123,0.884,0.32277069091796873,0.895,0.015941513824462933,0.06873291015625002,0.26440249099731444,0.8540804626464844,1.1898996520996095,0.6583081375122071,3.7265531494140625
gaussian_postrelu,21,8211,False,after,G=0,3,test_probe,0.5650292358398438,0.804,0.5653292236328125,0.807,0.013529704284667987,0.05817000122070316,0.22832287445068364,0.7615665618896484,1.0754853454589846,0.6174938217163086,3.580983703613281
gaussian_postrelu,21,8211,False,after,G=0,4,train_probe,0.3479236297607422,0.88,0.34297157287597657,0.885,0.018011434936523425,0.0782635139465332,0.29515891952514645,0.8687480941772462,1.175258853149414,0.7265522872924804,3.776279629516602
gaussian_postrelu,21,8211,False,after,G=0,4,test_probe,0.6166210327148437,0.781,0.6059405517578125,0.785,0.012326861572265656,0.05596867370605472,0.23791772613525392,0.7420279312133788,1.0271111968994142,0.6473583236694337,3.564640673828125
resolution_max_b1_gaussian_conv,3,1173,False,before,"r=16, G=1",0,train_probe,1.0500376281738282,0.627,1.0278698120117187,0.639,0.004198245239257914,0.0156601379394532,0.06138762512207041,0.23808799743652348,0.3629682983398439,0.24272705993652338,1.6957223052978516
resolution_max_b1_gaussian_conv,3,1173,False,before,"r=16, G=1",0,test_probe,1.0933988647460937,0.614,1.0760836181640625,0.616,0.003923522949218694,0.015703649902343762,0.06157730102539063,0.23531740112304692,0.354952993774414,0.2525673156738281,1.6925267974853515
resolution_max_b1_gaussian_conv,3,1173,False,before,"r=16, G=1",1,train_probe,1.0667848510742188,0.601,1.0358528442382813,0.619,0.005344653320312487,0.02108974151611327,0.08275108795166011,0.31830026550292967,0.4754414550781251,0.4052213104248047,2.2950627075195316
resolution_max_b1_gaussian_conv,3,1173,False,before,"r=16, G=1",1,test_probe,1.1166162719726562,0.599,1.0937632446289063,0.593,0.005031686401367153,0.02001289672851554,0.07799206237792969,0.30089700927734375,0.45147233581542956,0.38177311401367187,2.25892509765625
resolution_max_b1_gaussian_conv,3,1173,False,before,"r=16, G=1",2,train_probe,0.979761474609375,0.641,0.9635284729003907,0.646,0.005154417419433533,0.020647547912597618,0.08379787902832025,0.3098283233642578,0.45288912658691405,0.27030503234863285,1.650501043701172
resolution_max_b1_gaussian_conv,3,1173,False,before,"r=16, G=1",2,test_probe,1.07082275390625,0.618,1.0504791259765625,0.62,0.005562316894531327,0.02174605407714849,0.0862168243408203,0.30335770874023443,0.43907552490234386,0.25711481018066407,1.5872499969482419
resolution_max_b1_gaussian_conv,3,1173,False,before,"r=16, G=1",3,train_probe,0.980883056640625,0.648,0.9783525390625,0.644,0.005838203430175803,0.02376205444335938,0.09216479492187504,0.3291102294921875,0.47497328186035165,0.30640477294921875,1.6360064453124998
resolution_max_b1_gaussian_conv,3,1173,False,before,"r=16, G=1",3,test_probe,1.0572351684570314,0.626,1.0530419921875,0.621,0.005254885864257752,0.02051013793945302,0.08141559448242182,0.299179605102539,0.4343389709472655,0.29345218811035145,1.5809447265624998
resolution_max_b1_gaussian_conv,3,1173,False,before,"r=16, G=1",4,train_probe,1.0246988525390626,0.64,1.0046600646972657,0.65,0.005386401367187465,0.021206292724609343,0.08072377014160156,0.29384506530761717,0.4320582427978515,0.23107940979003896,1.5099247406005858
resolution_max_b1_gaussian_conv,3,1173,False,before,"r=16, G=1",4,test_probe,1.1209136962890625,0.613,1.1019572143554688,0.617,0.0038165954589843175,0.017077478027343697,0.0721427185058593,0.27128795776367187,0.3995180053710937,0.20916968078613282,1.4148918914794923
resolution_max_b1_gaussian_conv,3,1173,False,after,"r=16, G=0.85",0,train_probe,1.5307545166015626,0.489,1.1234129028320312,0.607,0.003075405883789051,0.01257328796386723,0.0500830749511719,0.19372954711914067,0.2941331939697266,0.26515456848144525,1.998595886230469
resolution_max_b1_gaussian_conv,3,1173,False,after,"r=16, G=0.85",0,test_probe,1.5421924438476562,0.469,1.1657601318359374,0.585,0.0035078308105469746,0.01329936523437505,0.05064429321289075,0.18763782653808603,0.28355321044921894,0.2703081512451172,1.9920845764160156
resolution_max_b1_gaussian_conv,3,1173,False,after,"r=16, G=0.85",1,train_probe,1.3076714477539062,0.537,1.111763916015625,0.594,0.004248925781250046,0.016291827392578152,0.06410034179687504,0.24665067138671876,0.3710673583984375,0.3639677734375001,2.3094226196289065
resolution_max_b1_gaussian_conv,3,1173,False,after,"r=16, G=0.85",1,test_probe,1.32598046875,0.531,1.1508668212890625,0.576,0.00405292663574226,0.015910424804687497,0.06157623291015626,0.2332369812011718,0.35193193359375,0.3566238983154296,2.2932626007080072
resolution_max_b1_gaussian_conv,3,1173,False,after,"r=16, G=0.85",2,train_probe,1.1565664672851563,0.58,1.0633601684570313,0.619,0.0038862274169921608,0.015876614379882747,0.06523857421874994,0.2462414398193359,0.36405055847167966,0.26595509033203124,1.9147092681884768
resolution_max_b1_gaussian_conv,3,1173,False,after,"r=16, G=0.85",2,test_probe,1.2564169921875,0.533,1.1453013916015624,0.588,0.003746917724609511,0.015046542358398552,0.06126875305175783,0.22721647338867196,0.33660092163085953,0.2553301147460939,1.8560121765136717
resolution_max_b1_gaussian_conv,3,1173,False,after,"r=16, G=0.85",3,train_probe,1.3195908813476562,0.534,1.042334228515625,0.637,0.005058151245117215,0.019570736694335976,0.07358129272460942,0.2580776336669922,0.3749828704833985,0.32023674011230463,1.9790526824951176
resolution_max_b1_gaussian_conv,3,1173,False,after,"r=16, G=0.85",3,test_probe,1.3624722290039062,0.534,1.1045864868164061,0.6,0.00391466064453132,0.016693801879882918,0.06553236389160169,0.2375381713867188,0.34775648498535167,0.297941781616211,1.9183688903808593
resolution_max_b1_gaussian_conv,3,1173,False,after,"r=16, G=0.85",4,train_probe,1.4731258544921875,0.501,1.0910328369140625,0.622,0.0038847137451171855,0.015768008422851552,0.06275231323242192,0.2300458221435547,0.33969364318847656,0.2583251800537109,1.724845922851562
resolution_max_b1_gaussian_conv,3,1173,False,after,"r=16, G=0.85",4,test_probe,1.527793701171875,0.475,1.1558195190429688,0.597,0.0040469055175781365,0.01569341735839842,0.05843984069824217,0.21565587768554684,0.31849317016601564,0.24260953979492195,1.6525642639160156
resolution_max_b1_gaussian_conv,3,1173,False,final,"r=32, G=0",0,train_probe,4.1521884765625,0.12,1.854688720703125,0.318,0.0017957275390624527,0.006845233154296792,0.026491223144531183,0.0988273620605468,0.1454959289550781,0.3181840148925777,2.4639901123046872
resolution_max_b1_gaussian_conv,3,1173,False,final,"r=32, G=0",0,test_probe,4.147191162109375,0.115,1.8528329467773437,0.315,0.0022398010253906753,0.008042276000976645,0.02841087951660166,0.09970661010742199,0.1456604675292969,0.3081048278808593,2.435285766601562
resolution_max_b1_gaussian_conv,3,1173,False,final,"r=32, G=0",1,train_probe,4.3462978515625,0.196,1.87827392578125,0.291,0.0021061065673828373,0.008144726562500093,0.033068063354492264,0.12471242980957038,0.18230876770019533,0.3024809082031246,2.221648986816406
resolution_max_b1_gaussian_conv,3,1173,False,final,"r=32, G=0",1,test_probe,4.339418212890625,0.204,1.88350830078125,0.273,0.0018560150146483601,0.008642196655273349,0.035296261596679576,0.1279311645507811,0.1861844665527342,0.30260888671874964,2.2217461181640625
resolution_max_b1_gaussian_conv,3,1173,False,final,"r=32, G=0",2,train_probe,4.4831865234375,0.167,1.84456982421875,0.291,0.002015063476562462,0.008635980224609341,0.03560208435058589,0.1282310852050781,0.18520902099609365,0.39659506225585905,2.904198498535156
resolution_max_b1_gaussian_conv,3,1173,False,final,"r=32, G=0",2,test_probe,4.41381591796875,0.169,1.8336196899414063,0.283,0.002629418945312412,0.009755093383788948,0.03774714050292962,0.13128470153808583,0.18921298217773425,0.38931386108398397,2.869417199707031
resolution_max_b1_gaussian_conv,3,1173,False,final,"r=32, G=0",3,train_probe,4.1914599609375,0.184,1.7477396850585938,0.363,0.002665289306640628,0.01134393920898431,0.04321271057128899,0.1432816986083984,0.20275066833496097,0.3653493652343748,2.6087480102539056
resolution_max_b1_gaussian_conv,3,1173,False,final,"r=32, G=0",3,test_probe,4.162722412109375,0.178,1.760478271484375,0.341,0.0026669525146484573,0.010553994750976603,0.04062402648925787,0.13810576171875005,0.19512966613769533,0.36765796508789084,2.617590893554688
resolution_max_b1_gaussian_conv,3,1173,False,final,"r=32, G=0",4,train_probe,3.4851837158203125,0.125,1.8560252075195312,0.283,0.0017352294921875843,0.006989868164062618,0.02812265625000012,0.10283469238281259,0.15031357116699232,0.31515805053710944,2.219935510253906
resolution_max_b1_gaussian_conv,3,1173,False,final,"r=32, G=0",4,test_probe,3.457892578125,0.129,1.871741943359375,0.309,0.0016947784423828605,0.006751873779296891,0.02663745422363286,0.0975039245605469,0.14340204467773446,0.30791367797851554,2.163885101318359
resolution_max_b1_gaussian_conv,6,2346,True,before,"r=16, G=0.85",0,train_probe,0.7986588745117188,0.722,0.7823203125,0.718,0.003478897094726552,0.014428556823730464,0.05822062835693361,0.2288451965332031,0.35682036895751956,0.21911829223632803,1.5175681060791015
resolution_max_b1_gaussian_conv,6,2346,True,before,"r=16, G=0.85",0,test_probe,0.8896516723632812,0.696,0.8623814697265625,0.69,0.0029879318237304832,0.012436785888671874,0.05199339447021485,0.21197530975341797,0.33214010772705077,0.21526757049560546,1.4875476074218752
resolution_max_b1_gaussian_conv,6,2346,True,before,"r=16, G=0.85",1,train_probe,0.7534578247070313,0.742,0.7467248840332031,0.742,0.003663090515136691,0.01598303222656249,0.06896413726806636,0.29234856109619145,0.4557274200439453,0.26961351165771485,1.901403796386719
resolution_max_b1_gaussian_conv,6,2346,True,before,"r=16, G=0.85",1,test_probe,0.8504135437011718,0.696,0.8400605163574218,0.701,0.004785855102539071,0.0178635757446289,0.06891980590820315,0.27482434387207033,0.4234413238525391,0.24814061737060547,1.8401586395263674
resolution_max_b1_gaussian_conv,6,2346,True,before,"r=16, G=0.85",2,train_probe,0.708016845703125,0.758,0.6987175598144532,0.762,0.0052327468872070074,0.020598782348632782,0.08021791687011717,0.3017219970703125,0.45280812377929686,0.23004134368896492,1.4724616882324217
resolution_max_b1_gaussian_conv,6,2346,True,before,"r=16, G=0.85",2,test_probe,0.8415161743164062,0.709,0.82070068359375,0.695,0.00528035125732419,0.019882353210449157,0.07526748809814451,0.28355429077148436,0.4229791381835938,0.2253021270751953,1.41630622253418
resolution_max_b1_gaussian_conv,6,2346,True,before,"r=16, G=0.85",3,train_probe,0.7096893005371093,0.747,0.6992846984863281,0.748,0.005907231140136726,0.024442684936523407,0.09597781219482422,0.342298014831543,0.5045653442382811,0.27206464080810544,1.7237301635742184
resolution_max_b1_gaussian_conv,6,2346,True,before,"r=16, G=0.85",3,test_probe,0.8138185424804687,0.715,0.8054020080566406,0.72,0.005736859130859362,0.02314625854492186,0.08712531738281248,0.3158817672729492,0.47005202331542967,0.25926507720947267,1.6634888671875
resolution_max_b1_gaussian_conv,6,2346,True,before,"r=16, G=0.85",4,train_probe,0.7546056518554688,0.736,0.7264506225585937,0.741,0.004834831237792991,0.019841053771972695,0.07806414184570318,0.2904323379516601,0.4359599533081056,0.2200756683349609,1.5495920318603513
resolution_max_b1_gaussian_conv,6,2346,True,before,"r=16, G=0.85",4,test_probe,0.9012028198242188,0.69,0.878149169921875,0.698,0.004651943969726591,0.018317294311523492,0.07039629211425785,0.25561866760253904,0.3836938079833984,0.2136221694946289,1.4700407073974608
resolution_max_b1_gaussian_conv,6,2346,True,after,"r=24, G=0.7",0,train_probe,1.5101444702148437,0.495,1.0204999084472657,0.64,0.004445065307617147,0.017848567199707,0.07192618865966793,0.28337253723144523,0.4319481811523437,0.3090696105957032,1.8312937927246096
resolution_max_b1_gaussian_conv,6,2346,True,after,"r=24, G=0.7",0,test_probe,1.567235595703125,0.494,1.1058154907226563,0.627,0.004244125366210882,0.016360601806640628,0.06226524963378901,0.2469181640625,0.3835064697265624,0.31159951477050785,1.8198249572753906
resolution_max_b1_gaussian_conv,6,2346,True,after,"r=24, G=0.7",1,train_probe,1.4660390014648437,0.504,1.0351829833984374,0.62,0.005461100769043048,0.021704327392578215,0.08858345336914072,0.3551391693115235,0.535870816040039,0.3665047302246095,2.2642517578124997
resolution_max_b1_gaussian_conv,6,2346,True,after,"r=24, G=0.7",1,test_probe,1.4786148681640625,0.5,1.056302978515625,0.634,0.0067055175781249865,0.02503045806884756,0.09371784057617176,0.36402093200683594,0.5447751220703125,0.3693966003417969,2.250928216552734
resolution_max_b1_gaussian_conv,6,2346,True,after,"r=24, G=0.7",2,train_probe,1.3294201049804688,0.528,0.960330078125,0.657,0.006620864868164022,0.025671751403808563,0.10145449218749995,0.3784821319580078,0.5561940093994141,0.3642748809814453,1.9005513458251955
resolution_max_b1_gaussian_conv,6,2346,True,after,"r=24, G=0.7",2,test_probe,1.3285126953125,0.52,0.9866632080078125,0.648,0.006942204284667963,0.02841791687011721,0.1107490661621094,0.39038418273925785,0.5652491485595703,0.3610416046142578,1.8888401336669927
resolution_max_b1_gaussian_conv,6,2346,True,after,"r=24, G=0.7",3,train_probe,1.1401728515625,0.597,0.9331876220703125,0.662,0.005630123901367234,0.02573765563964847,0.10755160217285158,0.39521091308593753,0.579495672607422,0.39691665954589844,2.0616702117919923
resolution_max_b1_gaussian_conv,6,2346,True,after,"r=24, G=0.7",3,test_probe,1.164802490234375,0.573,0.9611601867675781,0.663,0.009487474060058643,0.035686122131347676,0.12779171447753912,0.4205221160888673,0.6004948822021485,0.4102748901367188,2.0616439849853516
resolution_max_b1_gaussian_conv,6,2346,True,after,"r=24, G=0.7",4,train_probe,1.6821956176757813,0.462,0.9754978637695313,0.647,0.007073559570312438,0.026958836364746098,0.10463534240722652,0.37570264587402347,0.5486552093505859,0.32384668273925776,1.8036434936523438
resolution_max_b1_gaussian_conv,6,2346,True,after,"r=24, G=0.7",4,test_probe,1.7722767944335938,0.443,1.0703355407714843,0.63,0.008102070617675894,0.03023921813964847,0.11066319885253914,0.36890417480468757,0.5312628936767579,0.30870278625488284,1.7374030212402345
resolution_max_b1_gaussian_conv,6,2346,True,final,"r=32, G=0",0,train_probe,3.630821044921875,0.196,1.7525302124023439,0.353,0.00226911315917957,0.00896022644042962,0.03678071289062486,0.14071454162597646,0.2097755249023437,0.14856944580078105,1.0635652404785154
resolution_max_b1_gaussian_conv,6,2346,True,final,"r=32, G=0",0,test_probe,3.63327685546875,0.2,1.75435107421875,0.35,0.0029024810791014933,0.010710037231445303,0.04103192138671872,0.14800096740722654,0.21660961914062496,0.14415689086914057,1.048734442138672
resolution_max_b1_gaussian_conv,6,2346,True,final,"r=32, G=0",1,train_probe,3.8102779541015623,0.128,1.6209683227539062,0.393,0.003211447143554702,0.013865399169921933,0.05494337768554684,0.19905234375000005,0.29233908081054694,0.1236457397460939,1.0278171875000002
resolution_max_b1_gaussian_conv,6,2346,True,final,"r=32, G=0",1,test_probe,3.7947874755859377,0.118,1.6556834716796875,0.373,0.0036959991455078,0.013762857055664091,0.05231331176757807,0.19460798645019523,0.28756838684082026,0.13026351318359358,1.0473388122558591
resolution_max_b1_gaussian_conv,6,2346,True,final,"r=32, G=0",2,train_probe,3.606513916015625,0.213,1.5375096435546876,0.469,0.004622088623046872,0.01755097656249993,0.06369966125488273,0.21264556884765623,0.30407165222167964,0.22437924194335915,1.5925832885742186
resolution_max_b1_gaussian_conv,6,2346,True,final,"r=32, G=0",2,test_probe,3.532654052734375,0.217,1.541739990234375,0.45,0.003808807373046963,0.015628564453125104,0.06063263549804696,0.20743354492187507,0.2969451385498048,0.2253024536132812,1.5843635314941404
resolution_max_b1_gaussian_conv,6,2346,True,final,"r=32, G=0",3,train_probe,3.5098621826171876,0.213,1.5824459228515626,0.426,0.003917202758788952,0.01753008422851552,0.06752515869140614,0.2247700958251952,0.319049215698242,0.18242086181640613,1.3710304870605465
resolution_max_b1_gaussian_conv,6,2346,True,final,"r=32, G=0",3,test_probe,3.5115869140625,0.208,1.6048214111328125,0.411,0.005328872680664043,0.020823696899414056,0.07045267944335938,0.22303821716308594,0.31519486389160156,0.1857407653808596,1.3738255310058594
resolution_max_b1_gaussian_conv,6,2346,True,final,"r=32, G=0",4,train_probe,3.3566751708984377,0.157,1.7080739135742187,0.383,0.003190310668945373,0.012135510253906334,0.04479707641601569,0.16007379150390635,0.23203088073730477,0.23230944824218724,1.5123532958984371
resolution_max_b1_gaussian_conv,6,2346,True,final,"r=32, G=0",4,test_probe,3.3809656982421874,0.158,1.7570140991210939,0.346,0.002484301757812357,0.010403234863281185,0.04183672180175775,0.15024649047851554,0.22030855712890612,0.22721250000000018,1.494533166503906
resolution_max_b1_gaussian_conv,9,3519,False,before,"r=24, G=0.7",0,train_probe,0.67499560546875,0.764,0.6111329650878906,0.785,0.0044144210815430076,0.017651751708984385,0.07141830444335938,0.2961552993774414,0.47138033294677734,0.2771745910644531,2.201880880737305
resolution_max_b1_gaussian_conv,9,3519,False,before,"r=24, G=0.7",0,test_probe,0.7746568298339844,0.741,0.7399639587402344,0.754,0.004438412475585962,0.017538166809082066,0.06888043975830081,0.2755274246215821,0.43397950744628916,0.28814448242187496,2.1630188781738275
resolution_max_b1_gaussian_conv,9,3519,False,before,"r=24, G=0.7",1,train_probe,0.6761556396484375,0.765,0.6552991027832031,0.759,0.005811309814453103,0.023016194152832004,0.09023183746337889,0.372828938293457,0.5879757904052735,0.3880505508422851,2.752222326660157
resolution_max_b1_gaussian_conv,9,3519,False,before,"r=24, G=0.7",1,test_probe,0.7480316467285156,0.743,0.7279786071777343,0.746,0.0063343139648438075,0.023780833435058647,0.09005779113769534,0.35278149871826175,0.5555539520263673,0.37793676300048834,2.714027279663086
resolution_max_b1_gaussian_conv,9,3519,False,before,"r=24, G=0.7",2,train_probe,0.6406350402832032,0.776,0.6218771667480468,0.778,0.007249555969238331,0.028722604370117245,0.10866341857910163,0.3897336807250977,0.5822052917480469,0.3035870864868163,2.208189566040039
resolution_max_b1_gaussian_conv,9,3519,False,before,"r=24, G=0.7",2,test_probe,0.7173063049316406,0.749,0.688921875,0.75,0.006821418762207032,0.025674046325683597,0.09527145538330076,0.355960317993164,0.5443456405639648,0.2864074188232423,2.1455725524902345
resolution_max_b1_gaussian_conv,9,3519,False,before,"r=24, G=0.7",3,train_probe,0.6610306091308594,0.768,0.6412930908203125,0.776,0.0059955627441406366,0.024137242126464863,0.09889307556152346,0.3808598724365234,0.5775720672607422,0.35501218109130855,2.2432256317138672
resolution_max_b1_gaussian_conv,9,3519,False,before,"r=24, G=0.7",3,test_probe,0.7596583557128906,0.741,0.7345807800292968,0.75,0.006285162353515649,0.024409814453125046,0.09487833862304691,0.35904164428710944,0.5478435089111329,0.3391885772705078,2.163716873168945
resolution_max_b1_gaussian_conv,9,3519,False,before,"r=24, G=0.7",4,train_probe,0.6744306030273437,0.753,0.6249828491210937,0.781,0.005894314575195359,0.023563859558105537,0.09084633331298833,0.3488392318725587,0.5353800567626954,0.2688474502563477,2.1923251281738283
resolution_max_b1_gaussian_conv,9,3519,False,before,"r=24, G=0.7",4,test_probe,0.8335479736328125,0.73,0.7631728515625,0.744,0.004588255310058598,0.018186776733398413,0.07430313415527343,0.3108817611694336,0.48567992553710937,0.24240225830078116,2.054785406494141
resolution_max_b1_gaussian_conv,9,3519,False,after,"r=24, G=0.6",0,train_probe,1.4824725952148436,0.563,0.6909104614257813,0.751,0.0036158370971679397,0.01467438201904293,0.05838869171142578,0.2357205856323242,0.3711685897827149,0.38895403442382825,2.684195379638672
resolution_max_b1_gaussian_conv,9,3519,False,after,"r=24, G=0.6",0,test_probe,1.5556397705078124,0.552,0.7779932861328125,0.732,0.003101246643066424,0.013051626586914066,0.053121231079101584,0.21722204742431642,0.3435371612548828,0.39113489685058594,2.6452259765625
resolution_max_b1_gaussian_conv,9,3519,False,after,"r=24, G=0.6",1,train_probe,0.9428819580078125,0.653,0.7074098510742187,0.756,0.004646894836425819,0.018907897949218756,0.07360755004882816,0.29502515258789064,0.46151472930908205,0.3934799865722656,2.7758000091552733
resolution_max_b1_gaussian_conv,9,3519,False,after,"r=24, G=0.6",1,test_probe,0.963840087890625,0.667,0.7591348571777343,0.731,0.0041435562133789626,0.016602947998046902,0.06791421813964849,0.2753210876464844,0.432750099182129,0.3931391952514648,2.7698262603759765
resolution_max_b1_gaussian_conv,9,3519,False,after,"r=24, G=0.6",2,train_probe,0.82618115234375,0.708,0.7002528991699218,0.766,0.005297618103027391,0.020706146240234414,0.07976697692871097,0.2942674346923828,0.44435352478027346,0.29205681610107426,2.3182184814453124
resolution_max_b1_gaussian_conv,9,3519,False,after,"r=24, G=0.6",2,test_probe,0.8763700561523438,0.698,0.732807861328125,0.748,0.005158370971679649,0.019556005859374948,0.07308639984130856,0.27511079864501947,0.42168687438964836,0.2789702911376953,2.264789614868164
resolution_max_b1_gaussian_conv,9,3519,False,after,"r=24, G=0.6",3,train_probe,0.8437122192382812,0.696,0.6734364013671875,0.758,0.005137586975097652,0.019794960021972653,0.07969712677001953,0.3071541824340819,0.46689110870361333,0.34104297943115236,2.2486574096679686
resolution_max_b1_gaussian_conv,9,3519,False,after,"r=24, G=0.6",3,test_probe,0.9333242797851562,0.689,0.7524146728515625,0.747,0.00489465942382813,0.019750798034667984,0.07742750091552737,0.29210352630615233,0.44444944763183597,0.32687831726074223,2.1628438232421874
resolution_max_b1_gaussian_conv,9,3519,False,after,"r=24, G=0.6",4,train_probe,0.8432342834472656,0.695,0.6960167846679688,0.755,0.004481806945800771,0.017595240783691367,0.06828423767089839,0.26935754699707026,0.4153734954833984,0.26216005859375,2.3339956481933593
resolution_max_b1_gaussian_conv,9,3519,False,after,"r=24, G=0.6",4,test_probe,0.9472446899414062,0.674,0.7999266967773437,0.725,0.0037277282714843875,0.015460519409179696,0.061317460632324225,0.2457967254638672,0.38011938781738286,0.2528752487182618,2.261650378417969
resolution_max_b1_gaussian_conv,9,3519,False,final,"r=32, G=0",0,train_probe,4.613612060546875,0.191,1.6662012329101563,0.405,0.002839889526367112,0.011574722290038997,0.0463341644287109,0.170351708984375,0.2524906005859375,0.3718680786132814,2.683258447265625
resolution_max_b1_gaussian_conv,9,3519,False,final,"r=32, G=0",0,test_probe,4.5847529296875,0.207,1.7000636596679688,0.386,0.003090713500976494,0.011710467529296808,0.0446227081298828,0.16288630676269525,0.24196257324218742,0.36836287841796844,2.61955517578125
resolution_max_b1_gaussian_conv,9,3519,False,final,"r=32, G=0",1,train_probe,4.96160986328125,0.118,1.562552001953125,0.462,0.005070581054687606,0.01820964965820322,0.06803153076171879,0.23496099243164062,0.33872700195312505,0.3301372314453122,2.4025126708984375
resolution_max_b1_gaussian_conv,9,3519,False,final,"r=32, G=0",1,test_probe,4.85029248046875,0.118,1.589802001953125,0.45,0.003962844848632852,0.015498983764648488,0.05987873229980478,0.21927548217773438,0.3243763641357422,0.3327168457031252,2.4043265991210943
resolution_max_b1_gaussian_conv,9,3519,False,final,"r=32, G=0",2,train_probe,3.9512607421875,0.249,1.5661753540039063,0.45,0.003388021850585887,0.013999554443359364,0.05642492675781248,0.20806723327636717,0.3060031463623045,0.5064807861328126,3.1250797363281255
resolution_max_b1_gaussian_conv,9,3519,False,final,"r=32, G=0",2,test_probe,3.93729541015625,0.239,1.5566488037109374,0.446,0.0038546844482423293,0.015086993408203209,0.05856438903808603,0.21166506347656258,0.3091227264404298,0.47181832885742186,3.0201389526367186
resolution_max_b1_gaussian_conv,9,3519,False,final,"r=32, G=0",3,train_probe,3.67368310546875,0.216,1.5876288452148437,0.452,0.003394833374023487,0.015403576660156348,0.0666277587890625,0.2397811798095703,0.3417496520996095,0.326751690673828,2.216728948974609
resolution_max_b1_gaussian_conv,9,3519,False,final,"r=32, G=0",3,test_probe,3.6840546875,0.209,1.63521435546875,0.431,0.0034806060791016113,0.015505377197265701,0.0643338439941407,0.2223225524902345,0.3175639373779297,0.30307017822265603,2.1583801452636715
resolution_max_b1_gaussian_conv,9,3519,False,final,"r=32, G=0",4,train_probe,3.6066094970703126,0.242,1.6378137817382812,0.445,0.0022551391601562942,0.009178314208984472,0.04183840637207037,0.17070278015136728,0.2543758178710938,0.47344805297851555,3.270096893310547
resolution_max_b1_gaussian_conv,9,3519,False,final,"r=32, G=0",4,test_probe,3.515609375,0.259,1.64504541015625,0.417,0.0019775054931641554,0.0089579193115235,0.041942196655273475,0.1722617218017579,0.25756251831054694,0.46542973022460943,3.234977325439453
resolution_max_b1_gaussian_conv,12,4692,True,before,"r=24, G=0.6",0,train_probe,0.5260738220214843,0.812,0.5230520782470703,0.824,0.004939888763427691,0.019200566864013658,0.07565700531005856,0.3024548919677734,0.47398615417480466,0.2582851318359375,1.8940790985107419
resolution_max_b1_gaussian_conv,12,4692,True,before,"r=24, G=0.6",0,test_probe,0.6922208251953125,0.769,0.6705953063964843,0.779,0.003478912353515673,0.014326080322265667,0.06064942321777347,0.25838025817871096,0.4146829330444336,0.2393352722167969,1.8258454589843751
resolution_max_b1_gaussian_conv,12,4692,True,before,"r=24, G=0.6",1,train_probe,0.5349801025390625,0.809,0.5200967559814453,0.811,0.0065350509643554485,0.024898135375976526,0.09635476531982419,0.38163384857177735,0.5960821441650391,0.37633828277587894,2.7615840911865233
resolution_max_b1_gaussian_conv,12,4692,True,before,"r=24, G=0.6",1,test_probe,0.6528913879394531,0.776,0.6408253173828125,0.779,0.005356932067871134,0.02186225128173832,0.08345163116455083,0.3299511550903321,0.5232668548583985,0.3468695709228516,2.6531230468750002
resolution_max_b1_gaussian_conv,12,4692,True,before,"r=24, G=0.6",2,train_probe,0.5131208801269531,0.816,0.49972674560546876,0.811,0.005429463195800788,0.02242001571655271,0.09259610443115236,0.36522892913818356,0.5577060821533204,0.33357098846435546,2.636592739868164
resolution_max_b1_gaussian_conv,12,4692,True,before,"r=24, G=0.6",2,test_probe,0.6519014892578125,0.767,0.6408884582519532,0.774,0.005332821655273379,0.020435957336425736,0.0797970611572265,0.31773254241943355,0.49568114166259764,0.30862842102050775,2.5390695068359377
resolution_max_b1_gaussian_conv,12,4692,True,before,"r=24, G=0.6",3,train_probe,0.4891329650878906,0.839,0.4832899475097656,0.838,0.006525971984863299,0.027728186035156276,0.1083968551635742,0.38736446075439457,0.5780112670898438,0.34505179595947266,2.219828964233398
resolution_max_b1_gaussian_conv,12,4692,True,before,"r=24, G=0.6",3,test_probe,0.6190553588867187,0.782,0.6142568054199219,0.787,0.006253872680664052,0.0255031997680664,0.09840248260498047,0.3657310836791992,0.5467467376708984,0.3340367645263672,2.1383240692138674
resolution_max_b1_gaussian_conv,12,4692,True,before,"r=24, G=0.6",4,train_probe,0.4897853546142578,0.83,0.48863555908203127,0.833,0.006042272949218735,0.023637915039062506,0.09076679229736327,0.3404138717651367,0.5225359619140624,0.28563128356933587,2.5263222839355466
resolution_max_b1_gaussian_conv,12,4692,True,before,"r=24, G=0.6",4,test_probe,0.6637279357910156,0.78,0.6611011047363281,0.783,0.004244421386718766,0.017694720458984382,0.07142766723632815,0.28679522399902346,0.45031992340087895,0.25450142517089847,2.3845983703613283
resolution_max_b1_gaussian_conv,12,4692,True,after,"r=32, G=0.5",0,train_probe,3.5944698486328126,0.226,0.9093753967285156,0.672,0.009871678161621067,0.03799412841796871,0.14102653503417967,0.49600584106445317,0.7294534484863282,0.15927431030273426,0.8804424560546875
resolution_max_b1_gaussian_conv,12,4692,True,after,"r=32, G=0.5",0,test_probe,3.6200086669921876,0.221,1.0267267150878907,0.647,0.009049288940429601,0.034414694213867114,0.13305317840576167,0.47640533142089836,0.6959086547851562,0.16300730590820298,0.8992137268066406
resolution_max_b1_gaussian_conv,12,4692,True,after,"r=32, G=0.5",1,train_probe,4.85012841796875,0.161,0.9372561340332031,0.658,0.01287792358398443,0.04757614288330081,0.16826229248046884,0.5768537963867187,0.82992763671875,0.24277471923828112,1.1353867614746094
resolution_max_b1_gaussian_conv,12,4692,True,after,"r=32, G=0.5",1,test_probe,4.85281103515625,0.154,1.0208515319824218,0.646,0.009633116149902343,0.038220356750488314,0.14260919036865238,0.5355969207763672,0.793685171508789,0.2414935729980466,1.1414883666992186
resolution_max_b1_gaussian_conv,12,4692,True,after,"r=32, G=0.5",2,train_probe,3.5150860595703124,0.248,0.8742938232421875,0.674,0.010544093322753889,0.03934173583984374,0.1497141357421875,0.5479933380126953,0.7965408203125,0.5263419433593751,2.6060546325683593
resolution_max_b1_gaussian_conv,12,4692,True,after,"r=32, G=0.5",2,test_probe,3.4574317626953124,0.249,1.0323672485351563,0.643,0.0073897415161132685,0.03183130187988274,0.13329191284179684,0.4985178222656249,0.7279347900390625,0.5219211730957033,2.600163409423828
resolution_max_b1_gaussian_conv,12,4692,True,after,"r=32, G=0.5",3,train_probe,3.911105224609375,0.185,0.8535210571289062,0.688,0.012376387023925794,0.05237654266357422,0.19186454620361332,0.5843552093505859,0.8129231689453125,0.40619569091796864,1.4537868347167966
resolution_max_b1_gaussian_conv,12,4692,True,after,"r=32, G=0.5",3,test_probe,3.93061962890625,0.181,0.9461796569824219,0.673,0.016034973144531207,0.06552411193847653,0.2203670181274414,0.6112851470947265,0.8345055267333985,0.4093289794921876,1.4494932861328127
resolution_max_b1_gaussian_conv,12,4692,True,after,"r=32, G=0.5",4,train_probe,3.6006605224609376,0.223,0.8643442687988281,0.704,0.009422929382324285,0.03639722747802741,0.14278777923583985,0.5095101959228516,0.7483266662597657,0.24006539306640615,1.5959369140625002
resolution_max_b1_gaussian_conv,12,4692,True,after,"r=32, G=0.5",4,test_probe,3.5749619140625,0.214,0.9690529174804687,0.669,0.00884588623046877,0.03451377105712898,0.13572561798095703,0.4939378387451173,0.7240861663818359,0.23865347900390615,1.593083526611328
resolution_max_b1_gaussian_conv,12,4692,True,final,"r=32, G=0",0,train_probe,3.0282493896484377,0.248,1.3401229248046875,0.544,0.005191217041015594,0.0198905487060546,0.07595907592773439,0.26867137145996095,0.39128883056640623,0.14638298950195291,1.150444580078125
resolution_max_b1_gaussian_conv,12,4692,True,final,"r=32, G=0",0,test_probe,3.11470458984375,0.249,1.398220703125,0.518,0.004329791259765625,0.01762310180664064,0.06840112915039061,0.25121995849609363,0.37124899902343744,0.11949367675781249,1.0820199768066405
resolution_max_b1_gaussian_conv,12,4692,True,final,"r=32, G=0",1,train_probe,2.943685302734375,0.196,1.2273446044921874,0.609,0.00663209228515631,0.02572926940917981,0.0964063018798829,0.33464387817382824,0.4871897766113282,0.37096041870117213,2.105482775878906
resolution_max_b1_gaussian_conv,12,4692,True,final,"r=32, G=0",1,test_probe,2.9280885009765627,0.201,1.2536142578125,0.584,0.006054440307617104,0.0235542266845703,0.08920424804687495,0.32149060668945306,0.47197349853515613,0.36925122680664035,2.080282659912109
resolution_max_b1_gaussian_conv,12,4692,True,final,"r=32, G=0",2,train_probe,3.8330997314453126,0.25,1.2839404296875,0.556,0.005557351684570189,0.02072386779785147,0.08082756958007793,0.3023031341552733,0.44395140075683576,0.42593358154296884,2.6183304016113285
resolution_max_b1_gaussian_conv,12,4692,True,final,"r=32, G=0",2,test_probe,3.830775390625,0.256,1.3050645751953125,0.56,0.006000680541992121,0.02155233764648441,0.08077655029296879,0.2957910552978516,0.43509076538085933,0.41016881103515646,2.5581880065917977
resolution_max_b1_gaussian_conv,12,4692,True,final,"r=32, G=0",3,train_probe,3.737318115234375,0.187,1.232994384765625,0.624,0.00874953613281242,0.03315620117187492,0.11856661071777334,0.3692619964599609,0.5115450683593749,0.25599595336914055,1.5728713806152341
resolution_max_b1_gaussian_conv,12,4692,True,final,"r=32, G=0",3,test_probe,3.798335205078125,0.176,1.3236993408203126,0.547,0.007306555175781182,0.029680511474609282,0.10859485168457021,0.3346760620117187,0.4659922393798827,0.23995745239257812,1.5300526550292968
resolution_max_b1_gaussian_conv,12,4692,True,final,"r=32, G=0",4,train_probe,3.050833251953125,0.268,1.29801123046875,0.54,0.00462313232421867,0.018486007690429584,0.07340609741210921,0.27265371704101565,0.39978509521484373,0.4271946777343751,2.5319211669921877
resolution_max_b1_gaussian_conv,12,4692,True,final,"r=32, G=0",4,test_probe,3.000474365234375,0.263,1.31238720703125,0.555,0.0045166320800782865,0.017814208984375114,0.07072450866699229,0.26471903991699225,0.3913855773925782,0.4215841247558596,2.5268359252929686
resolution_max_b1_gaussian_conv,15,5865,False,before,"r=32, G=0.5",0,train_probe,0.5205228576660156,0.802,0.4934424133300781,0.82,0.005336890411376982,0.02189895858764649,0.08902131958007815,0.3799084976196289,0.6109373626708984,0.33749877929687505,2.8533850158691405
resolution_max_b1_gaussian_conv,15,5865,False,before,"r=32, G=0.5",0,test_probe,0.632994140625,0.78,0.6136235046386719,0.786,0.004477284240722646,0.018872254943847623,0.0811315002441406,0.3580098510742187,0.5778968109130859,0.35654592285156245,2.8327466430664066
resolution_max_b1_gaussian_conv,15,5865,False,before,"r=32, G=0.5",1,train_probe,0.4984993896484375,0.817,0.48585301208496096,0.829,0.008112117004394515,0.03275082397460936,0.12916408233642573,0.5331515701293945,0.8426988037109375,0.5308428924560545,4.0273814880371095
resolution_max_b1_gaussian_conv,15,5865,False,before,"r=32, G=0.5",1,test_probe,0.5935216064453125,0.791,0.5789289855957032,0.798,0.008250604248046856,0.0313481536865234,0.12044763183593746,0.49335134582519535,0.7962037414550782,0.5178025985717774,3.9679435363769526
resolution_max_b1_gaussian_conv,15,5865,False,before,"r=32, G=0.5",2,train_probe,0.49819288635253905,0.836,0.4871925811767578,0.837,0.007719859313964872,0.029792086029052756,0.1174435211181641,0.47667092437744146,0.7394802017211914,0.41973932037353523,3.797504998779298
resolution_max_b1_gaussian_conv,15,5865,False,before,"r=32, G=0.5",2,test_probe,0.6069798278808594,0.798,0.5940975952148437,0.792,0.006171780395507842,0.024959541320800794,0.10174435729980469,0.43246444244384763,0.6859235885620117,0.38889672088623045,3.6658526702880865
resolution_max_b1_gaussian_conv,15,5865,False,before,"r=32, G=0.5",3,train_probe,0.47065240478515624,0.84,0.47382293701171874,0.834,0.010011193084716808,0.03997624130249026,0.1525258636474609,0.5376153076171875,0.7923955001831056,0.4407880996704102,3.0749807067871093
resolution_max_b1_gaussian_conv,15,5865,False,before,"r=32, G=0.5",3,test_probe,0.6066765441894532,0.796,0.6026468200683593,0.802,0.0076852737426758135,0.03541612091064457,0.14606540527343753,0.5281433105468751,0.7729937438964843,0.43419429931640624,3.009168927001953
resolution_max_b1_gaussian_conv,15,5865,False,before,"r=32, G=0.5",4,train_probe,0.5063198699951171,0.821,0.48896896362304687,0.828,0.0072244697570800764,0.029318901062011727,0.11912756805419926,0.4753199722290039,0.7378631042480469,0.38734838104248054,3.7393260864257813
resolution_max_b1_gaussian_conv,15,5865,False,before,"r=32, G=0.5",4,test_probe,0.5910196533203125,0.811,0.5816460571289063,0.815,0.006944653320312477,0.0284702239990234,0.11231988830566406,0.43792160186767576,0.6856084854125977,0.37217949371337894,3.6067736419677736
resolution_max_b1_gaussian_conv,15,5865,False,after,"r=32, G=0.4",0,train_probe,1.607251220703125,0.551,0.6501044006347656,0.765,0.004991067504882851,0.019471356201171908,0.07706141967773442,0.31004194335937507,0.48462191162109375,0.44937478637695294,3.414012908935547
resolution_max_b1_gaussian_conv,15,5865,False,after,"r=32, G=0.4",0,test_probe,1.6198466796875,0.524,0.7171841430664062,0.766,0.004316093444824265,0.017080909729003956,0.06927749176025393,0.2909877578735352,0.4607474227905274,0.45792373046875,3.354452624511718
resolution_max_b1_gaussian_conv,15,5865,False,after,"r=32, G=0.4",1,train_probe,1.1878864135742186,0.611,0.6227071838378906,0.794,0.0059229400634765676,0.02395917968750001,0.09784691009521491,0.38817669372558605,0.6053957366943361,0.6770689208984375,4.552454495239258
resolution_max_b1_gaussian_conv,15,5865,False,after,"r=32, G=0.4",1,test_probe,1.234038818359375,0.6,0.6830882568359375,0.781,0.0056956405639647986,0.022677790832519473,0.09058278503417964,0.3641784896850586,0.5736442321777342,0.65919990234375,4.488974530029298
resolution_max_b1_gaussian_conv,15,5865,False,after,"r=32, G=0.4",2,train_probe,1.1089404296875,0.655,0.6147603454589844,0.804,0.005199330139160152,0.021918388366699203,0.08903920593261719,0.35772576141357415,0.5532844879150391,0.6320278533935546,4.6846567932128895
resolution_max_b1_gaussian_conv,15,5865,False,after,"r=32, G=0.4",2,test_probe,1.1367693481445313,0.62,0.6660139770507812,0.786,0.005262655639648428,0.020671543884277367,0.0818133056640625,0.3311369888305664,0.5198374496459961,0.6152454437255859,4.588587109375
resolution_max_b1_gaussian_conv,15,5865,False,after,"r=32, G=0.4",3,train_probe,0.8706893310546875,0.706,0.6233533630371094,0.803,0.006907693481445254,0.02814662322998044,0.11259125518798822,0.4133745040893554,0.6093112518310547,0.4870437301635742,3.1549702392578127
resolution_max_b1_gaussian_conv,15,5865,False,after,"r=32, G=0.4",3,test_probe,0.9274261169433594,0.694,0.6968920593261718,0.777,0.006765213012695381,0.0279650466918946,0.11272061004638681,0.41339041442871094,0.6023481933593751,0.4677786865234374,3.1105965148925776
resolution_max_b1_gaussian_conv,15,5865,False,after,"r=32, G=0.4",4,train_probe,1.25129736328125,0.599,0.6242959594726563,0.789,0.006364112854003889,0.025872052001953118,0.1019123550415039,0.3817293579101563,0.57448291015625,0.5717367340087891,4.714625421142578
resolution_max_b1_gaussian_conv,15,5865,False,after,"r=32, G=0.4",4,test_probe,1.26667041015625,0.6,0.6878902893066406,0.774,0.006044480895996074,0.02503665313720701,0.09804542999267576,0.35775357666015617,0.5403703079223632,0.5627814880371093,4.614886566162109
resolution_max_b1_gaussian_conv,15,5865,False,final,"r=32, G=0",0,train_probe,6.675029052734375,0.203,0.9994246826171875,0.681,0.005044421386718745,0.02001955413818355,0.07741855468749995,0.28833412780761714,0.4352066772460937,0.7940503662109369,5.860259753417969
resolution_max_b1_gaussian_conv,15,5865,False,final,"r=32, G=0",0,test_probe,6.49948095703125,0.207,1.0405892944335937,0.681,0.004400892639160259,0.017544209289550826,0.06990754089355473,0.2739536102294923,0.4175149322509766,0.7676865966796875,5.719367529296875
resolution_max_b1_gaussian_conv,15,5865,False,final,"r=32, G=0",1,train_probe,4.9914853515625,0.235,0.9611343994140625,0.705,0.006466853332519484,0.02559152374267574,0.09679839782714836,0.3549157348632812,0.5296470581054689,0.8593494873046875,5.581821643066406
resolution_max_b1_gaussian_conv,15,5865,False,final,"r=32, G=0",1,test_probe,4.84301904296875,0.217,1.0038843383789062,0.675,0.004681292724609399,0.021063517761230433,0.08602656555175783,0.3290402374267578,0.4986320373535157,0.885319183349609,5.513821997070312
resolution_max_b1_gaussian_conv,15,5865,False,final,"r=32, G=0",2,train_probe,4.55500830078125,0.272,0.9310529479980468,0.724,0.006406452941894558,0.02370337677001959,0.08921607055664067,0.33173690795898436,0.49789662780761706,1.0851268310546878,6.762540002441407
resolution_max_b1_gaussian_conv,15,5865,False,final,"r=32, G=0",2,test_probe,4.5021982421875,0.267,0.9494346313476563,0.7,0.004582257080078101,0.019784053039550754,0.08052651672363279,0.31288632202148425,0.4751616821289063,1.0500416381835935,6.637039025878906
resolution_max_b1_gaussian_conv,15,5865,False,final,"r=32, G=0",3,train_probe,3.0773238525390627,0.341,0.987833984375,0.694,0.006719468688964825,0.025936239624023427,0.10062285003662108,0.35903147277832026,0.5219697814941406,0.7190760620117185,4.417700170898437
resolution_max_b1_gaussian_conv,15,5865,False,final,"r=32, G=0",3,test_probe,2.9284287109375,0.335,1.0397457275390625,0.674,0.0063551025390625295,0.02450739593505864,0.09561327362060548,0.34543021240234384,0.5016987854003906,0.7465770996093752,4.462398913574219
resolution_max_b1_gaussian_conv,15,5865,False,final,"r=32, G=0",4,train_probe,5.82687158203125,0.221,0.9935047302246094,0.695,0.005991183471679684,0.024388752746581987,0.09557760925292969,0.340701870727539,0.49731116943359377,0.9534473144531244,6.753430981445312
resolution_max_b1_gaussian_conv,15,5865,False,final,"r=32, G=0",4,test_probe,5.67645458984375,0.213,1.0248233642578124,0.678,0.005397915649414187,0.023687260437011814,0.09300526733398451,0.3266583923339845,0.4778196441650392,0.963913159179687,6.691250793457032
resolution_max_b1_gaussian_conv,18,7038,False,before,"r=32, G=0.4",0,train_probe,0.41790237426757815,0.855,0.41196722412109377,0.857,0.005399304962158197,0.021287978363037093,0.08360843429565429,0.35099951019287107,0.5665422439575194,0.3063227828979492,2.5252031097412106
resolution_max_b1_gaussian_conv,18,7038,False,before,"r=32, G=0.4",0,test_probe,0.5577601013183594,0.808,0.5499944458007813,0.805,0.004110971069335922,0.01671895599365234,0.07000116577148434,0.3107363403320312,0.5085760635375975,0.30028741455078123,2.4783381378173823
resolution_max_b1_gaussian_conv,18,7038,False,before,"r=32, G=0.4",1,train_probe,0.39427580261230466,0.867,0.39086241149902345,0.87,0.007349330902099593,0.028679067993164054,0.11168194732666015,0.4347056625366211,0.6823952987670899,0.43415348663330083,3.528075604248047
resolution_max_b1_gaussian_conv,18,7038,False,before,"r=32, G=0.4",1,test_probe,0.5808771057128906,0.806,0.5734779052734374,0.807,0.0048374557495117765,0.020265818786621148,0.08564772186279303,0.3614564605712891,0.586256837463379,0.40079090118408206,3.387255743408203
resolution_max_b1_gaussian_conv,18,7038,False,before,"r=32, G=0.4",2,train_probe,0.4105768432617187,0.864,0.39666018676757814,0.865,0.006035907745361324,0.024194738006591786,0.09909995880126951,0.41702936706542965,0.6607461624145509,0.37155185546875,3.336771743774414
resolution_max_b1_gaussian_conv,18,7038,False,before,"r=32, G=0.4",2,test_probe,0.5594770660400391,0.807,0.5516972808837891,0.813,0.005617403411865185,0.021596727752685486,0.08499259033203121,0.3567594253540039,0.5773203506469725,0.34390316619873046,3.199451788330078
resolution_max_b1_gaussian_conv,18,7038,False,before,"r=32, G=0.4",3,train_probe,0.4189076232910156,0.866,0.41698007202148435,0.864,0.00759039154052738,0.03226093139648441,0.12942734298706057,0.48049895172119134,0.710754995727539,0.41067760620117183,3.070784893798828
resolution_max_b1_gaussian_conv,18,7038,False,before,"r=32, G=0.4",3,test_probe,0.5800603637695313,0.804,0.571045166015625,0.806,0.005268257141113208,0.02608249053955073,0.1157638214111328,0.4495026763916015,0.6693306625366211,0.3903715805053711,2.968058770751953
resolution_max_b1_gaussian_conv,18,7038,False,before,"r=32, G=0.4",4,train_probe,0.40222967529296877,0.861,0.3940559387207031,0.868,0.007186160278320336,0.028048525238037126,0.10683674774169924,0.40499560699462905,0.6246447006225586,0.35065079498291013,3.1860848480224613
resolution_max_b1_gaussian_conv,18,7038,False,before,"r=32, G=0.4",4,test_probe,0.55398974609375,0.821,0.5341664428710937,0.822,0.00545303955078128,0.02296757278442385,0.09194347686767584,0.3579906158447266,0.5614672500610352,0.3374259231567383,3.0537767822265627
resolution_max_b1_gaussian_conv,18,7038,False,after,"r=32, G=0.3",0,train_probe,0.7111942138671875,0.741,0.5208520812988281,0.832,0.005528143310546884,0.02129523925781255,0.0843183532714844,0.3371652603149415,0.530631642150879,0.3778155715942383,2.7981853271484374
resolution_max_b1_gaussian_conv,18,7038,False,after,"r=32, G=0.3",0,test_probe,0.8210076293945312,0.723,0.63018310546875,0.783,0.0045290557861328296,0.0176066375732422,0.07007362060546875,0.2968549774169922,0.47640896148681644,0.36353678436279296,2.7408019439697267
resolution_max_b1_gaussian_conv,18,7038,False,after,"r=32, G=0.3",1,train_probe,0.6018886108398438,0.787,0.5014440155029297,0.852,0.006454611206054661,0.02553439025878903,0.09864321899414058,0.3890113296508789,0.6024475357055663,0.5229518569946289,3.8372735626220704
resolution_max_b1_gaussian_conv,18,7038,False,after,"r=32, G=0.3",1,test_probe,0.7537283325195312,0.749,0.6414562072753907,0.787,0.004514944458007786,0.019032223510742165,0.07972355804443357,0.3377392547607421,0.534059928894043,0.5026054321289063,3.7275245178222653
resolution_max_b1_gaussian_conv,18,7038,False,after,"r=32, G=0.3",2,train_probe,0.6180274658203125,0.789,0.4965800323486328,0.853,0.006336670684814472,0.024221769714355468,0.09594783935546879,0.3832899963378907,0.5952638824462891,0.503419432067871,3.8680703155517575
resolution_max_b1_gaussian_conv,18,7038,False,after,"r=32, G=0.3",2,test_probe,0.7530670166015625,0.733,0.6138820190429688,0.788,0.0051426010131835455,0.020383728027343718,0.07989100799560542,0.32691036987304684,0.5206197647094727,0.47008720550537114,3.738487481689453
resolution_max_b1_gaussian_conv,18,7038,False,after,"r=32, G=0.3",3,train_probe,0.5981343383789063,0.795,0.5106431884765625,0.834,0.006613217163085905,0.028561255645751925,0.11626957092285148,0.43007238159179695,0.6354078918457031,0.4342410736083984,3.1039462310791017
resolution_max_b1_gaussian_conv,18,7038,False,after,"r=32, G=0.3",3,test_probe,0.7277843627929688,0.756,0.6326885070800782,0.796,0.004851414489746031,0.023608668518066367,0.10334793395996092,0.39846345520019527,0.5914414993286132,0.41804288177490234,3.0116612335205075
resolution_max_b1_gaussian_conv,18,7038,False,after,"r=32, G=0.3",4,train_probe,0.60917236328125,0.794,0.4990016174316406,0.837,0.006253728485107424,0.02561221389770506,0.10049016418457031,0.3775774932861328,0.5733014831542969,0.37763358612060544,3.5454590118408205
resolution_max_b1_gaussian_conv,18,7038,False,after,"r=32, G=0.3",4,test_probe,0.6972947082519532,0.761,0.5991159362792968,0.813,0.0067004486083984795,0.024749275207519593,0.09218746643066411,0.34238740539550794,0.5243948287963868,0.3818183349609375,3.463333337402344
resolution_max_b1_gaussian_conv,18,7038,False,final,"r=32, G=0",0,train_probe,0.7966978149414062,0.716,0.5450054016113282,0.824,0.005456591796874943,0.021381204223632787,0.08487571716308592,0.3379951828002929,0.5299557998657226,0.39375909423828126,2.8801043518066405
resolution_max_b1_gaussian_conv,18,7038,False,final,"r=32, G=0",0,test_probe,0.8963218994140625,0.703,0.6493305053710937,0.782,0.004539379882812555,0.018018409729003947,0.07147424621582035,0.2993443099975587,0.4780266052246094,0.38242626953125003,2.8266188049316403
resolution_max_b1_gaussian_conv,18,7038,False,final,"r=32, G=0",1,train_probe,0.6659862670898438,0.76,0.524740234375,0.843,0.006524557495117256,0.025450802612304747,0.09867163696289069,0.38786232147216804,0.5990120285034181,0.545914421081543,3.902721478271485
resolution_max_b1_gaussian_conv,18,7038,False,final,"r=32, G=0",1,test_probe,0.8124874267578125,0.727,0.66002490234375,0.78,0.004115753173828107,0.01867564697265629,0.07958137512207034,0.3378499618530274,0.5324410736083984,0.5270089050292969,3.795289532470703
resolution_max_b1_gaussian_conv,18,7038,False,final,"r=32, G=0",2,train_probe,0.691021484375,0.769,0.5197311401367187,0.847,0.006232529449462942,0.023990280151367227,0.09584636688232424,0.3820231994628906,0.5916937454223633,0.5344119979858399,3.984633709716797
resolution_max_b1_gaussian_conv,18,7038,False,final,"r=32, G=0",2,test_probe,0.8260636291503907,0.714,0.6318586120605468,0.783,0.005064122009277394,0.020049925231933642,0.07946382293701175,0.3264161819458008,0.5187144882202148,0.4985834838867187,3.851494659423828
resolution_max_b1_gaussian_conv,18,7038,False,final,"r=32, G=0",3,train_probe,0.6530042724609375,0.781,0.5321312255859375,0.824,0.006831338500976536,0.028758726501464826,0.11632710723876953,0.4277503692626953,0.6309808105468749,0.4469762634277344,3.144730194091797
resolution_max_b1_gaussian_conv,18,7038,False,final,"r=32, G=0",3,test_probe,0.7775215759277344,0.732,0.6510269165039062,0.785,0.004813095092773478,0.023402482604980533,0.10278420562744146,0.39548276519775394,0.5863546173095704,0.4308091781616211,3.0532801818847655
resolution_max_b1_gaussian_conv,18,7038,False,final,"r=32, G=0",4,train_probe,0.6656070251464844,0.778,0.5217480621337891,0.828,0.006613503265380816,0.025850844573974574,0.100630647277832,0.37742237091064446,0.571770834350586,0.39523138122558593,3.6482820312499995
resolution_max_b1_gaussian_conv,18,7038,False,final,"r=32, G=0",4,test_probe,0.7486058959960937,0.737,0.6167235412597656,0.803,0.0064732437133789514,0.024597000122070355,0.0925773529052735,0.34359171142578127,0.5245785354614257,0.3988650650024414,3.5684223449707035
resolution_max_b1_gaussian_conv,21,8211,False,before,"r=32, G=0.3",0,train_probe,0.36200025939941405,0.878,0.36275137329101564,0.882,0.005732853698730439,0.021894258880615202,0.08372712020874021,0.3371178817749024,0.5372368850708008,0.28471745452880864,2.4211721954345706
resolution_max_b1_gaussian_conv,21,8211,False,before,"r=32, G=0.3",0,test_probe,0.5440566253662109,0.81,0.5427296447753907,0.81,0.0035990104675292733,0.014807819366455078,0.06109190673828123,0.2726004379272461,0.4515426300048828,0.2731627532958985,2.353871926879883
resolution_max_b1_gaussian_conv,21,8211,False,before,"r=32, G=0.3",1,train_probe,0.3643123779296875,0.881,0.35992782592773437,0.881,0.007559867858886715,0.029326993560791027,0.11107074966430663,0.42514098815917967,0.6646916305541991,0.4448746154785156,3.6976990936279295
resolution_max_b1_gaussian_conv,21,8211,False,before,"r=32, G=0.3",1,test_probe,0.5700822143554688,0.802,0.55981689453125,0.805,0.004376281738281207,0.018477452087402303,0.07865245056152338,0.34050068969726555,0.5559401779174804,0.40681286010742185,3.531392538452148
resolution_max_b1_gaussian_conv,21,8211,False,before,"r=32, G=0.3",2,train_probe,0.35485467529296877,0.885,0.3496387481689453,0.888,0.007273696136474617,0.028093562316894527,0.10820470962524416,0.42934328460693366,0.6632636032104492,0.38990520858764643,3.250462759399414
resolution_max_b1_gaussian_conv,21,8211,False,before,"r=32, G=0.3",2,test_probe,0.5425082702636719,0.815,0.5457814788818359,0.815,0.004920849609375033,0.019947178649902343,0.08154468841552734,0.34750250091552737,0.5567329864501953,0.3531653884887695,3.1017234375
resolution_max_b1_gaussian_conv,21,8211,False,before,"r=32, G=0.3",3,train_probe,0.36398092651367187,0.883,0.36178375244140626,0.877,0.008785459899902343,0.03468364791870117,0.13043601455688475,0.4774986465454102,0.7164531921386719,0.42182557983398433,3.162514566040039
resolution_max_b1_gaussian_conv,21,8211,False,before,"r=32, G=0.3",3,test_probe,0.5399368286132813,0.815,0.542118896484375,0.821,0.004981806945800827,0.02337032089233403,0.10097344207763674,0.4165190017700196,0.6398535858154297,0.3914570037841797,3.0517007873535156
resolution_max_b1_gaussian_conv,21,8211,False,before,"r=32, G=0.3",4,train_probe,0.3695083160400391,0.885,0.3552353515625,0.892,0.008207094573974588,0.030623808288574188,0.10841279144287105,0.39539960937499996,0.6072255294799804,0.338705313873291,3.047166778564453
resolution_max_b1_gaussian_conv,21,8211,False,before,"r=32, G=0.3",4,test_probe,0.5329207153320312,0.824,0.5222025909423829,0.824,0.005059932708740178,0.021260079193115188,0.08511940765380853,0.33401424255371087,0.5231743499755859,0.3133788162231445,2.9006384429931638
resolution_max_b1_gaussian_conv,21,8211,False,after,"r=32, G=0",0,train_probe,0.36440335083007813,0.879,0.36736846923828126,0.878,0.005804715728759763,0.022089194488525383,0.08416359176635742,0.3365084884643555,0.5349822967529296,0.2855567588806152,2.4215657745361328
resolution_max_b1_gaussian_conv,21,8211,False,after,"r=32, G=0",0,test_probe,0.5466757507324219,0.809,0.5449421081542969,0.811,0.004050854492187473,0.015384032440185547,0.061333775329589814,0.27081913604736324,0.4483182220458984,0.27181195983886713,2.352349792480468
resolution_max_b1_gaussian_conv,21,8211,False,after,"r=32, G=0",1,train_probe,0.36605482482910157,0.881,0.3663572540283203,0.885,0.007413475799560554,0.028909233856201165,0.10976643066406248,0.42026435699462894,0.6563035232543946,0.446642562866211,3.702415939331055
resolution_max_b1_gaussian_conv,21,8211,False,after,"r=32, G=0",1,test_probe,0.5707705993652343,0.8,0.5622990112304688,0.812,0.004191827392578085,0.018111105346679666,0.0775777374267578,0.33720731658935543,0.5498320007324219,0.4090029998779297,3.5388545867919925
resolution_max_b1_gaussian_conv,21,8211,False,after,"r=32, G=0",2,train_probe,0.36097279357910156,0.886,0.3551959075927734,0.887,0.00753941955566409,0.02847155227661134,0.10803518066406252,0.42583111572265625,0.656482225036621,0.3971776947021484,3.2923040832519535
resolution_max_b1_gaussian_conv,21,8211,False,after,"r=32, G=0",2,test_probe,0.549162109375,0.808,0.5484110412597656,0.808,0.00468524703979496,0.019564559936523472,0.08073828582763676,0.34326132354736333,0.5498609771728515,0.360715754699707,3.1435797424316405
resolution_max_b1_gaussian_conv,21,8211,False,after,"r=32, G=0",3,train_probe,0.3659637298583984,0.881,0.3664467468261719,0.879,0.008684011840820283,0.0341991859436035,0.12910677566528317,0.4717802322387696,0.7078493392944336,0.4209011291503907,3.152139367675781
resolution_max_b1_gaussian_conv,21,8211,False,after,"r=32, G=0",3,test_probe,0.5437384338378907,0.822,0.5446912536621094,0.822,0.0050319053649902305,0.023136357116699237,0.09942145385742189,0.40991478729248054,0.629654151916504,0.3882081314086914,3.038002996826172
resolution_max_b1_gaussian_conv,21,8211,False,after,"r=32, G=0",4,train_probe,0.3773746337890625,0.881,0.36073870849609374,0.89,0.008256732177734377,0.030665115356445317,0.10841041870117188,0.39389618225097656,0.6030991012573242,0.3400067199707032,3.0724286376953125
resolution_max_b1_gaussian_conv,21,8211,False,after,"r=32, G=0",4,test_probe,0.5351604919433594,0.824,0.5241776885986328,0.82,0.005078427124023443,0.02129832382202155,0.08500314178466803,0.3321059875488282,0.519198812866211,0.3160157012939453,2.929408456420899
