study,method,seed,epoch,update,lr_last_update,train_loss_epoch,state_used_resolution,state_used_sigma,current_train_probe_acc,current_train_probe_ce,current_test_acc,current_test_ce,target_train_probe_acc,target_train_probe_ce,target_test_acc,target_test_ce
cifar10_5k/reference_updates,gaussian_postrelu,0,0,0,8.333333333333333e-05,,,,0.086,2.7448740234375,0.1,2.7397414672851563,0.086,2.801917236328125,0.1,2.7896129272460937
cifar10_5k/reference_updates,gaussian_postrelu,0,10,400,0.004989578983014394,1.4589210792541505,,1.0,0.484,1.38629345703125,0.4597,1.4736537658691407,0.114,3.4102607421875,0.1218,3.3901687133789062
cifar10_5k/reference_updates,gaussian_postrelu,0,20,800,0.004950606903951322,1.1477674953460693,,1.0,0.588,1.0838975830078126,0.4885,1.426535772705078,0.1,5.2746845703125,0.1223,5.182966967773438
cifar10_5k/reference_updates,gaussian_postrelu,0,30,1200,0.004883198342358766,0.9505803602218628,,0.85,0.672,0.9178179931640625,0.5205,1.3865609313964844,0.11,4.5820556640625,0.1103,4.531622534179688
cifar10_5k/reference_updates,gaussian_postrelu,0,40,1600,0.004788135497283408,0.7691958141326904,,0.85,0.768,0.6659196166992187,0.5686,1.3091550842285156,0.152,4.4731162109375,0.1448,4.421521020507813
cifar10_5k/reference_updates,gaussian_postrelu,0,50,2000,0.0046665214640151656,0.6626809297561645,,0.85,0.804,0.5690206298828125,0.5436,1.45605654296875,0.122,6.32001708984375,0.1194,6.3708005615234375
cifar10_5k/reference_updates,gaussian_postrelu,0,60,2400,0.004519767433931488,0.5090724255561828,,0.7,0.888,0.3101808166503906,0.5805,1.4005578552246094,0.232,3.12936767578125,0.208,3.3254730834960937
cifar10_5k/reference_updates,gaussian_postrelu,0,70,2800,0.004349576319239909,0.35204814095497133,,0.7,0.956,0.17186892700195314,0.5786,1.4914960327148437,0.21,3.90244482421875,0.1913,4.127456091308594
cifar10_5k/reference_updates,gaussian_postrelu,0,80,3200,0.004157922992634942,0.17936948318481447,,0.7,0.946,0.19526589965820312,0.5786,1.6572707824707031,0.17,4.8857734375,0.1612,5.165791430664062
cifar10_5k/reference_updates,gaussian_postrelu,0,90,3600,0.0039470313711654345,0.14948417220115662,,0.6,0.998,0.0508123779296875,0.605,1.448589013671875,0.29,2.842083984375,0.2451,3.3037525146484374
cifar10_5k/reference_updates,gaussian_postrelu,0,100,4000,0.0037193486102278174,0.10905744079351425,,0.6,0.996,0.03852167510986328,0.6028,1.6098459106445313,0.33,2.77048388671875,0.2659,3.3497520385742185
cifar10_5k/reference_updates,gaussian_postrelu,0,110,4400,0.003477516707134358,0.08926202453374862,,0.6,0.998,0.027231258392333986,0.5996,1.63765869140625,0.34,2.82506640625,0.2784,3.424827868652344
cifar10_5k/reference_updates,gaussian_postrelu,0,120,4800,0.003224341843764452,0.07583970293998718,,0.5,1.0,0.02540258598327637,0.6046,1.517153350830078,0.614,1.191095947265625,0.4198,2.0291356628417967
cifar10_5k/reference_updates,gaussian_postrelu,0,130,5200,0.002962761824042309,0.0691962683916092,,0.5,1.0,0.014970149993896485,0.5926,1.6548552124023437,0.622,1.2222471923828124,0.414,2.2465749755859377
cifar10_5k/reference_updates,gaussian_postrelu,0,140,5600,0.0026958119840917666,0.06325093801915646,,0.5,0.998,0.009591986656188965,0.6129,1.6392199462890624,0.65,1.157585693359375,0.4335,2.209248046875
cifar10_5k/reference_updates,gaussian_postrelu,0,150,6000,0.0024265899706417916,0.07045150191783905,,0.4,1.0,0.017625999450683594,0.6029,1.528503790283203,0.93,0.247086181640625,0.5422,1.6174454833984375
cifar10_5k/reference_updates,gaussian_postrelu,0,160,6400,0.00215821979638886,0.05119213798046112,,0.4,1.0,0.00910721778869629,0.6079,1.5699873901367187,0.954,0.15902664184570312,0.5548,1.652033563232422
cifar10_5k/reference_updates,gaussian_postrelu,0,170,6800,0.0018938155894125412,0.02305470080077648,,0.4,1.0,0.00448141098022461,0.6161,1.5899068298339845,0.982,0.08812284851074219,0.5719,1.6010825073242188
cifar10_5k/reference_updates,gaussian_postrelu,0,180,7200,0.0016364454572907084,0.08904105969965458,,0.3,1.0,0.01720560073852539,0.5998,1.5701843505859374,1.0,0.022066339492797852,0.5949,1.5687816040039062
cifar10_5k/reference_updates,gaussian_postrelu,0,190,7600,0.0013890958852299032,0.034478175905346874,,0.3,1.0,0.007726630210876465,0.601,1.6102049255371094,1.0,0.009703733444213868,0.5978,1.6042563537597656
cifar10_5k/reference_updates,gaussian_postrelu,0,200,8000,0.0011546370813296928,0.025408919867873192,,0.3,1.0,0.004166634559631348,0.6055,1.6292448181152344,1.0,0.005276517868041992,0.6039,1.6229434020996094
cifar10_5k/reference_updates,gaussian_postrelu,0,210,8400,0.0009357896711095129,0.02812559967637062,,0.0,1.0,0.00506419849395752,0.6062,1.6199397766113282,1.0,0.00506419849395752,0.6062,1.6199397766113282
cifar10_5k/reference_updates,gaussian_postrelu,0,220,8800,0.0007350931277697843,0.020862909400463103,,0.0,1.0,0.003576068639755249,0.6045,1.6465858154296875,1.0,0.003576068639755249,0.6045,1.6465858154296875
cifar10_5k/reference_updates,gaussian_postrelu,0,230,9200,0.0005548763045179314,0.02397417924106121,,0.0,1.0,0.003608393907546997,0.603,1.6554765197753907,1.0,0.003608393907546997,0.603,1.6554765197753907
cifar10_5k/reference_updates,gaussian_postrelu,0,240,9600,0.00039723041089786835,0.020719940826296808,,0.0,1.0,0.003078784465789795,0.6042,1.6550977966308593,1.0,0.003078784465789795,0.6042,1.6550977966308593
cifar10_5k/reference_updates,gaussian_postrelu,0,250,10000,0.00026398474670163486,0.01593403165638447,,0.0,1.0,0.002808221101760864,0.5978,1.672665447998047,1.0,0.002808221101760864,0.5978,1.672665447998047
cifar10_5k/reference_updates,gaussian_postrelu,0,260,10400,0.00015668547504333054,0.01753774843364954,,0.0,1.0,0.002617230415344238,0.6056,1.6613313232421876,1.0,0.002617230415344238,0.6056,1.6613313232421876
cifar10_5k/reference_updates,gaussian_postrelu,0,270,10800,7.657768090946093e-05,0.01615282167941332,,0.0,1.0,0.0024851560592651367,0.6058,1.6537760314941405,1.0,0.0024851560592651367,0.6058,1.6537760314941405
cifar10_5k/reference_updates,gaussian_postrelu,0,280,11200,2.4590923375653608e-05,0.014038299463689327,,0.0,1.0,0.002294548749923706,0.6058,1.6551154479980468,1.0,0.002294548749923706,0.6058,1.6551154479980468
cifar10_5k/reference_updates,gaussian_postrelu,0,290,11600,1.3284491396925446e-06,0.012789027673006059,,0.0,1.0,0.002460381269454956,0.6058,1.6502382080078124,1.0,0.002460381269454956,0.6058,1.6502382080078124
cifar10_5k/reference_updates,gaussian_postrelu,0,293,11720,9.074290013844078e-11,0.015155533692240715,,0.0,1.0,0.0023245458602905275,0.6082,1.6531401550292968,1.0,0.0023245458602905275,0.6082,1.6531401550292968
cifar10_5k/reference_updates,gaussian_postrelu,1,0,0,8.333333333333333e-05,,,,0.104,2.429453125,0.1,2.458291809082031,0.104,2.511177734375,0.1,2.5560952514648436
cifar10_5k/reference_updates,gaussian_postrelu,1,10,400,0.004989578983014394,1.4597300479888915,,1.0,0.51,1.37449609375,0.4501,1.5000888916015624,0.12,3.473123046875,0.1071,3.5511514404296873
cifar10_5k/reference_updates,gaussian_postrelu,1,20,800,0.004950606903951322,1.2044640135765077,,1.0,0.612,1.054038818359375,0.5135,1.35413837890625,0.148,3.42219775390625,0.1207,3.5172808837890623
cifar10_5k/reference_updates,gaussian_postrelu,1,30,1200,0.004883198342358766,0.8962997573852539,,0.85,0.718,0.8039056396484375,0.5338,1.3500329467773438,0.196,3.151033203125,0.2134,3.223399963378906
cifar10_5k/reference_updates,gaussian_postrelu,1,40,1600,0.004788135497283408,0.6779748664855957,,0.85,0.792,0.634265625,0.5416,1.4794479919433594,0.228,3.187105712890625,0.199,3.4355805908203125
cifar10_5k/reference_updates,gaussian_postrelu,1,50,2000,0.0046665214640151656,0.560657961511612,,0.85,0.868,0.3998653564453125,0.5525,1.4279681030273437,0.242,3.0379990234375,0.2059,3.3193238891601564
cifar10_5k/reference_updates,gaussian_postrelu,1,60,2400,0.004519767433931488,0.4462338990688324,,0.7,0.866,0.42469680786132813,0.5669,1.5067842895507813,0.25,2.552259521484375,0.2368,2.7329413208007813
cifar10_5k/reference_updates,gaussian_postrelu,1,70,2800,0.004349576319239909,0.43396967163085937,,0.7,0.944,0.18426922607421875,0.5799,1.5048319580078124,0.284,2.724650390625,0.2518,2.956938269042969
cifar10_5k/reference_updates,gaussian_postrelu,1,80,3200,0.004157922992634942,0.17573822638988496,,0.7,0.964,0.12210482788085937,0.5885,1.6407579833984376,0.346,2.558119140625,0.2801,2.9657743774414063
cifar10_5k/reference_updates,gaussian_postrelu,1,90,3600,0.0039470313711654345,0.32534585671424865,,0.6,0.97,0.11401156616210938,0.5926,1.5144710388183593,0.39,1.913776123046875,0.3283,2.317376159667969
cifar10_5k/reference_updates,gaussian_postrelu,1,100,4000,0.0037193486102278174,0.1107906498670578,,0.6,0.994,0.0364297981262207,0.6016,1.613493896484375,0.442,1.8758095703125,0.3479,2.4309393310546876
cifar10_5k/reference_updates,gaussian_postrelu,1,110,4400,0.003477516707134358,0.05651061533391476,,0.6,1.0,0.010188597679138184,0.6105,1.60437158203125,0.448,1.9901944580078126,0.3385,2.639813415527344
cifar10_5k/reference_updates,gaussian_postrelu,1,120,4800,0.003224341843764452,0.07960394968688488,,0.5,0.998,0.022560619354248048,0.6083,1.5303879333496093,0.552,1.363471435546875,0.4169,2.1964853271484377
cifar10_5k/reference_updates,gaussian_postrelu,1,130,5200,0.002962761824042309,0.04672427041232586,,0.5,1.0,0.008420705795288086,0.6116,1.6127685424804687,0.606,1.224765869140625,0.4204,2.2522673461914064
cifar10_5k/reference_updates,gaussian_postrelu,1,140,5600,0.0026958119840917666,0.017838507905602454,,0.5,1.0,0.0035033016204833985,0.6199,1.6409302001953125,0.682,0.9710726928710938,0.4448,2.12553330078125
cifar10_5k/reference_updates,gaussian_postrelu,1,150,6000,0.0024265899706417916,0.0831047663450241,,0.4,1.0,0.021161880493164063,0.6132,1.5599127258300782,0.892,0.28904595947265627,0.5512,1.6491414123535155
cifar10_5k/reference_updates,gaussian_postrelu,1,160,6400,0.00215821979638886,0.07552835650444031,,0.4,0.998,0.016424928665161133,0.6021,1.64166201171875,0.928,0.23709400939941405,0.5388,1.7960603881835937
cifar10_5k/reference_updates,gaussian_postrelu,1,170,6800,0.0018938155894125412,0.147611960285902,,0.4,1.0,0.018382843017578126,0.6019,1.682324658203125,0.972,0.12007756042480469,0.5655,1.6669880859375
cifar10_5k/reference_updates,gaussian_postrelu,1,180,7200,0.0016364454572907084,0.05907786262631416,,0.3,1.0,0.014727407455444336,0.6068,1.5462343017578124,1.0,0.018969528198242186,0.6036,1.540136700439453
cifar10_5k/reference_updates,gaussian_postrelu,1,190,7600,0.0013890958852299032,0.030293378072977065,,0.3,1.0,0.006245026588439942,0.6072,1.6157175415039062,1.0,0.007861888408660889,0.604,1.609364422607422
cifar10_5k/reference_updates,gaussian_postrelu,1,200,8000,0.0011546370813296928,0.0385972334086895,,0.3,1.0,0.005756131649017334,0.6092,1.6470354125976563,1.0,0.007199082374572754,0.6063,1.6360164672851563
cifar10_5k/reference_updates,gaussian_postrelu,1,210,8400,0.0009357896711095129,0.03584713178873062,,0.0,1.0,0.00542726993560791,0.6101,1.6492610290527343,1.0,0.00542726993560791,0.6101,1.6492610290527343
cifar10_5k/reference_updates,gaussian_postrelu,1,220,8800,0.0007350931277697843,0.020118618071079255,,0.0,1.0,0.003820816278457642,0.6107,1.6724807556152343,1.0,0.003820816278457642,0.6107,1.6724807556152343
cifar10_5k/reference_updates,gaussian_postrelu,1,230,9200,0.0005548763045179314,0.02212031796872616,,0.0,1.0,0.0032970428466796873,0.605,1.6670712341308593,1.0,0.0032970428466796873,0.605,1.6670712341308593
cifar10_5k/reference_updates,gaussian_postrelu,1,240,9600,0.00039723041089786835,0.015734838393330574,,0.0,1.0,0.00248792028427124,0.6072,1.690369158935547,1.0,0.00248792028427124,0.6072,1.690369158935547
cifar10_5k/reference_updates,gaussian_postrelu,1,250,10000,0.00026398474670163486,0.01581580176204443,,0.0,1.0,0.0024959335327148437,0.6101,1.6794263549804687,1.0,0.0024959335327148437,0.6101,1.6794263549804687
cifar10_5k/reference_updates,gaussian_postrelu,1,260,10400,0.00015668547504333054,0.014897415733337402,,0.0,1.0,0.002583624839782715,0.6103,1.674571728515625,1.0,0.002583624839782715,0.6103,1.674571728515625
cifar10_5k/reference_updates,gaussian_postrelu,1,270,10800,7.657768090946093e-05,0.011974261255562306,,0.0,1.0,0.002583225727081299,0.6085,1.6771078796386718,1.0,0.002583225727081299,0.6085,1.6771078796386718
cifar10_5k/reference_updates,gaussian_postrelu,1,280,11200,2.4590923375653608e-05,0.013128512918949127,,0.0,1.0,0.002133911371231079,0.6067,1.6840676330566406,1.0,0.002133911371231079,0.6067,1.6840676330566406
cifar10_5k/reference_updates,gaussian_postrelu,1,290,11600,1.3284491396925446e-06,0.01390880050510168,,0.0,1.0,0.0020591621398925782,0.6089,1.6829056457519531,1.0,0.0020591621398925782,0.6089,1.6829056457519531
cifar10_5k/reference_updates,gaussian_postrelu,1,293,11720,9.074290013844078e-11,0.01365696025788784,,0.0,1.0,0.0023232941627502443,0.6067,1.6800366271972655,1.0,0.0023232941627502443,0.6067,1.6800366271972655
cifar10_5k/reference_updates,gaussian_postrelu,2,0,0,8.333333333333333e-05,,,,0.096,3.47655712890625,0.1,3.612704797363281,0.096,3.35979931640625,0.1,3.4897026611328124
cifar10_5k/reference_updates,gaussian_postrelu,2,10,400,0.004989578983014394,1.4517818664550781,,1.0,0.488,1.420378662109375,0.4279,1.5661784118652344,0.152,4.4869951171875,0.1651,4.62940830078125
cifar10_5k/reference_updates,gaussian_postrelu,2,20,800,0.004950606903951322,1.1388938926696777,,1.0,0.576,1.095796875,0.493,1.4144785705566407,0.11,7.666978515625,0.1109,7.85450478515625
cifar10_5k/reference_updates,gaussian_postrelu,2,30,1200,0.004883198342358766,0.9237094530105591,,0.85,0.61,1.044199951171875,0.4907,1.5165168334960937,0.134,6.6652978515625,0.128,6.818578442382813
cifar10_5k/reference_updates,gaussian_postrelu,2,40,1600,0.004788135497283408,0.6833083379745484,,0.85,0.764,0.6530890502929687,0.5313,1.4860248291015625,0.158,6.49383447265625,0.1643,6.737344409179688
cifar10_5k/reference_updates,gaussian_postrelu,2,50,2000,0.0046665214640151656,0.49813234510421756,,0.85,0.872,0.40574685668945315,0.5678,1.38498466796875,0.132,8.666458984375,0.1361,8.746168994140625
cifar10_5k/reference_updates,gaussian_postrelu,2,60,2400,0.004519767433931488,0.39371551434993746,,0.7,0.924,0.25451202392578126,0.5861,1.3868869750976562,0.136,6.62991650390625,0.1307,6.905713452148437
cifar10_5k/reference_updates,gaussian_postrelu,2,70,2800,0.004349576319239909,0.2012030881881714,,0.7,0.958,0.16183584594726563,0.5761,1.6736719360351562,0.18,6.23273046875,0.1948,6.432895458984375
cifar10_5k/reference_updates,gaussian_postrelu,2,80,3200,0.004157922992634942,0.25240993354320523,,0.7,0.96,0.13447451782226563,0.5941,1.6002583129882813,0.146,7.2790693359375,0.151,7.612017797851562
cifar10_5k/reference_updates,gaussian_postrelu,2,90,3600,0.0039470313711654345,0.18692857446670533,,0.6,0.986,0.06639860534667968,0.6096,1.412682794189453,0.278,3.7788466796875,0.2647,4.258072900390625
cifar10_5k/reference_updates,gaussian_postrelu,2,100,4000,0.0037193486102278174,0.06774277144670486,,0.6,0.998,0.026764869689941406,0.5966,1.6198837463378906,0.282,3.822901611328125,0.2547,4.401098046875
cifar10_5k/reference_updates,gaussian_postrelu,2,110,4400,0.003477516707134358,0.15564581052064896,,0.6,0.978,0.0757541961669922,0.5908,1.7988391357421876,0.248,4.0677353515625,0.2405,4.529688110351563
cifar10_5k/reference_updates,gaussian_postrelu,2,120,4800,0.003224341843764452,0.10201883409023285,,0.5,1.0,0.02184553337097168,0.6197,1.5190543518066406,0.45,1.986419921875,0.3637,2.827092138671875
cifar10_5k/reference_updates,gaussian_postrelu,2,130,5200,0.002962761824042309,0.04623205858767033,,0.5,0.998,0.0197012996673584,0.6096,1.6686454467773437,0.528,1.6296357421875,0.3918,2.6255319213867185
cifar10_5k/reference_updates,gaussian_postrelu,2,140,5600,0.0026958119840917666,0.028822435224056243,,0.5,0.998,0.00957522201538086,0.6134,1.700025555419922,0.518,1.75635498046875,0.3746,2.9815364990234374
cifar10_5k/reference_updates,gaussian_postrelu,2,150,6000,0.0024265899706417916,0.08250283745527268,,0.4,1.0,0.018606847763061523,0.61,1.5337912658691406,0.91,0.2973693542480469,0.5377,1.737504833984375
cifar10_5k/reference_updates,gaussian_postrelu,2,160,6400,0.00215821979638886,0.02874224199950695,,0.4,1.0,0.004996415138244629,0.6159,1.5965447021484376,0.962,0.1557802734375,0.5488,1.7767244750976563
cifar10_5k/reference_updates,gaussian_postrelu,2,170,6800,0.0018938155894125412,0.04616029497385025,,0.4,1.0,0.012825700759887695,0.6117,1.6527501220703125,0.978,0.1020770263671875,0.5754,1.6534564514160157
cifar10_5k/reference_updates,gaussian_postrelu,2,180,7200,0.0016364454572907084,0.06344517251849174,,0.3,1.0,0.016668350219726562,0.6082,1.565483856201172,1.0,0.021155492782592773,0.6051,1.5637609252929687
cifar10_5k/reference_updates,gaussian_postrelu,2,190,7600,0.0013890958852299032,0.0464106493294239,,0.3,1.0,0.007232717514038086,0.6103,1.6225300231933595,1.0,0.009308839797973633,0.6035,1.6254824829101562
cifar10_5k/reference_updates,gaussian_postrelu,2,200,8000,0.0011546370813296928,0.03914650654196739,,0.3,1.0,0.007661639213562011,0.6058,1.6572252624511719,1.0,0.009208603858947754,0.6017,1.6499334533691405
cifar10_5k/reference_updates,gaussian_postrelu,2,210,8400,0.0009357896711095129,0.026569354322552682,,0.0,1.0,0.004578801155090332,0.6044,1.6629593688964843,1.0,0.004578801155090332,0.6044,1.6629593688964843
cifar10_5k/reference_updates,gaussian_postrelu,2,220,8800,0.0007350931277697843,0.030976176247000695,,0.0,1.0,0.0042299690246582035,0.6083,1.6447909851074218,1.0,0.0042299690246582035,0.6083,1.6447909851074218
cifar10_5k/reference_updates,gaussian_postrelu,2,230,9200,0.0005548763045179314,0.018024591460824014,,0.0,1.0,0.004543764114379883,0.6128,1.6737931884765624,1.0,0.004543764114379883,0.6128,1.6737931884765624
cifar10_5k/reference_updates,gaussian_postrelu,2,240,9600,0.00039723041089786835,0.015592993208765983,,0.0,1.0,0.0026574759483337404,0.609,1.66614091796875,1.0,0.0026574759483337404,0.609,1.66614091796875
cifar10_5k/reference_updates,gaussian_postrelu,2,250,10000,0.00026398474670163486,0.013919134479761123,,0.0,1.0,0.0024139256477355956,0.6097,1.6600815490722656,1.0,0.0024139256477355956,0.6097,1.6600815490722656
cifar10_5k/reference_updates,gaussian_postrelu,2,260,10400,0.00015668547504333054,0.013794011425971985,,0.0,1.0,0.0023786368370056154,0.6094,1.6815663513183594,1.0,0.0023786368370056154,0.6094,1.6815663513183594
cifar10_5k/reference_updates,gaussian_postrelu,2,270,10800,7.657768090946093e-05,0.014084873779118061,,0.0,1.0,0.00195590615272522,0.6096,1.6821774841308594,1.0,0.00195590615272522,0.6096,1.6821774841308594
cifar10_5k/reference_updates,gaussian_postrelu,2,280,11200,2.4590923375653608e-05,0.011835723003745078,,0.0,1.0,0.002004310131072998,0.6114,1.6614970703125,1.0,0.002004310131072998,0.6114,1.6614970703125
cifar10_5k/reference_updates,gaussian_postrelu,2,290,11600,1.3284491396925446e-06,0.01327928277105093,,0.0,1.0,0.001929275631904602,0.61,1.6713668701171875,1.0,0.001929275631904602,0.61,1.6713668701171875
cifar10_5k/reference_updates,gaussian_postrelu,2,293,11720,9.074290013844078e-11,0.01456219802647829,,0.0,1.0,0.002005126953125,0.6114,1.6527627380371093,1.0,0.002005126953125,0.6114,1.6527627380371093
cifar10_5k/reference_updates,plain,0,0,0,8.333333333333333e-05,,,,0.086,2.801917236328125,0.1,2.7896129272460937,,,,
cifar10_5k/reference_updates,plain,0,10,400,0.004989578983014394,1.6106894994735719,,,0.43,1.531861572265625,0.3966,1.6022669555664062,,,,
cifar10_5k/reference_updates,plain,0,20,800,0.004950606903951322,1.2104689601898193,,,0.604,1.07359912109375,0.4742,1.418253240966797,,,,
cifar10_5k/reference_updates,plain,0,30,1200,0.004883198342358766,0.8449396175384521,,,0.668,0.8759769897460937,0.4394,1.7567965209960938,,,,
cifar10_5k/reference_updates,plain,0,40,1600,0.004788135497283408,0.6026768728256225,,,0.748,0.6318433227539062,0.4205,2.042797790527344,,,,
cifar10_5k/reference_updates,plain,0,50,2000,0.0046665214640151656,0.36878015060424807,,,0.802,0.5054197082519531,0.409,2.5572781494140626,,,,
cifar10_5k/reference_updates,plain,0,60,2400,0.004519767433931488,0.23141625151634215,,,0.89,0.2884814453125,0.4289,2.646719384765625,,,,
cifar10_5k/reference_updates,plain,0,70,2800,0.004349576319239909,0.21529047853946687,,,0.876,0.30958602905273436,0.4252,2.71814873046875,,,,
cifar10_5k/reference_updates,plain,0,80,3200,0.004157922992634942,0.10792658492326737,,,0.928,0.19780722045898438,0.4434,3.000677001953125,,,,
cifar10_5k/reference_updates,plain,0,90,3600,0.0039470313711654345,0.30841206529140475,,,0.946,0.14320828247070314,0.455,2.6309302978515623,,,,
cifar10_5k/reference_updates,plain,0,100,4000,0.0037193486102278174,0.1581106617629528,,,0.938,0.188806396484375,0.4232,2.9841637573242186,,,,
cifar10_5k/reference_updates,plain,0,110,4400,0.003477516707134358,0.02173236211836338,,,1.0,0.0038749103546142577,0.485,2.459377087402344,,,,
cifar10_5k/reference_updates,plain,0,120,4800,0.003224341843764452,0.07380176411867141,,,0.934,0.16974539184570311,0.4133,3.2247472412109377,,,,
cifar10_5k/reference_updates,plain,0,130,5200,0.002962761824042309,0.03394311520904303,,,0.998,0.009907659530639648,0.4748,2.490317492675781,,,,
cifar10_5k/reference_updates,plain,0,140,5600,0.0026958119840917666,0.07796821753978729,,,0.998,0.017866937637329102,0.4782,2.6464485107421876,,,,
cifar10_5k/reference_updates,plain,0,150,6000,0.0024265899706417916,0.021506747937202454,,,1.0,0.0028293638229370116,0.4874,2.496785205078125,,,,
cifar10_5k/reference_updates,plain,0,160,6400,0.00215821979638886,0.010384421030431986,,,1.0,0.0013295377492904663,0.4872,2.510032666015625,,,,
cifar10_5k/reference_updates,plain,0,170,6800,0.0018938155894125412,0.009979918065667153,,,1.0,0.0010381252765655517,0.4932,2.520343408203125,,,,
cifar10_5k/reference_updates,plain,0,180,7200,0.0016364454572907084,0.059250371235981585,,,0.998,0.011762813568115234,0.4786,2.6231063232421876,,,,
cifar10_5k/reference_updates,plain,0,190,7600,0.0013890958852299032,0.016365079973638057,,,1.0,0.0022162139415740968,0.4914,2.501905554199219,,,,
cifar10_5k/reference_updates,plain,0,200,8000,0.0011546370813296928,0.019379489865899085,,,1.0,0.0024546985626220704,0.4858,2.602330908203125,,,,
cifar10_5k/reference_updates,plain,0,210,8400,0.0009357896711095129,0.009851467707753182,,,1.0,0.0008413341045379639,0.5023,2.4784894653320313,,,,
cifar10_5k/reference_updates,plain,0,220,8800,0.0007350931277697843,0.006155704265460372,,,1.0,0.0008415545225143432,0.4904,2.4729134521484375,,,,
cifar10_5k/reference_updates,plain,0,230,9200,0.0005548763045179314,0.007910137579590082,,,1.0,0.000902863621711731,0.4932,2.4902160888671876,,,,
cifar10_5k/reference_updates,plain,0,240,9600,0.00039723041089786835,0.008432370156794787,,,1.0,0.0012599575519561769,0.494,2.5203087158203124,,,,
cifar10_5k/reference_updates,plain,0,250,10000,0.00026398474670163486,0.006850510169565677,,,1.0,0.0008820337057113647,0.4933,2.48025947265625,,,,
cifar10_5k/reference_updates,plain,0,260,10400,0.00015668547504333054,0.006923138869181275,,,1.0,0.0006310427784919739,0.5014,2.4695593994140626,,,,
cifar10_5k/reference_updates,plain,0,270,10800,7.657768090946093e-05,0.005630819502472877,,,1.0,0.0006315767765045166,0.4963,2.4597317749023437,,,,
cifar10_5k/reference_updates,plain,0,280,11200,2.4590923375653608e-05,0.004938321321085095,,,1.0,0.0006039576530456542,0.4975,2.481608801269531,,,,
cifar10_5k/reference_updates,plain,0,290,11600,1.3284491396925446e-06,0.0050472369901835915,,,1.0,0.0007064090967178344,0.4945,2.470172131347656,,,,
cifar10_5k/reference_updates,plain,0,293,11720,9.074290013844078e-11,0.006972172728739679,,,1.0,0.0005917623043060303,0.4972,2.4713173828125,,,,
cifar10_5k/reference_updates,plain,1,0,0,8.333333333333333e-05,,,,0.104,2.511177734375,0.1,2.5560952514648436,,,,
cifar10_5k/reference_updates,plain,1,10,400,0.004989578983014394,1.5705217666625977,,,0.426,1.4771025390625,0.4043,1.569427899169922,,,,
cifar10_5k/reference_updates,plain,1,20,800,0.004950606903951322,1.1773230781555175,,,0.61,1.0462626953125,0.4885,1.41968125,,,,
cifar10_5k/reference_updates,plain,1,30,1200,0.004883198342358766,0.7309111217498779,,,0.68,0.7836273193359375,0.4325,1.8257660461425782,,,,
cifar10_5k/reference_updates,plain,1,40,1600,0.004788135497283408,0.38388407135009767,,,0.716,0.7764552001953124,0.4241,2.4808766723632814,,,,
cifar10_5k/reference_updates,plain,1,50,2000,0.0046665214640151656,0.3617200697422028,,,0.928,0.24406477355957032,0.4721,2.156054309082031,,,,
cifar10_5k/reference_updates,plain,1,60,2400,0.004519767433931488,0.17812387251853942,,,0.954,0.13927023315429687,0.4562,2.5714662231445313,,,,
cifar10_5k/reference_updates,plain,1,70,2800,0.004349576319239909,0.19311648318767546,,,0.774,0.6198383178710938,0.3583,3.2933385986328125,,,,
cifar10_5k/reference_updates,plain,1,80,3200,0.004157922992634942,0.24995447907447815,,,0.906,0.2224008026123047,0.4571,2.6299027709960936,,,,
cifar10_5k/reference_updates,plain,1,90,3600,0.0039470313711654345,0.15168011504411696,,,0.992,0.039448558807373045,0.4986,2.4702289428710937,,,,
cifar10_5k/reference_updates,plain,1,100,4000,0.0037193486102278174,0.04072504689991474,,,0.998,0.01457147216796875,0.4962,2.4205219360351564,,,,
cifar10_5k/reference_updates,plain,1,110,4400,0.003477516707134358,0.025199479684233667,,,1.0,0.005442639350891113,0.5034,2.3786313354492186,,,,
cifar10_5k/reference_updates,plain,1,120,4800,0.003224341843764452,0.08325273544490337,,,0.996,0.0299942626953125,0.4961,2.489989709472656,,,,
cifar10_5k/reference_updates,plain,1,130,5200,0.002962761824042309,0.017638408043980598,,,1.0,0.002330848217010498,0.5074,2.415348681640625,,,,
cifar10_5k/reference_updates,plain,1,140,5600,0.0026958119840917666,0.009792301812767983,,,1.0,0.001426680564880371,0.5153,2.4490917724609376,,,,
cifar10_5k/reference_updates,plain,1,150,6000,0.0024265899706417916,0.01973741517961025,,,1.0,0.0022208678722381594,0.5097,2.4546875732421873,,,,
cifar10_5k/reference_updates,plain,1,160,6400,0.00215821979638886,0.025124086017906666,,,1.0,0.0022437200546264646,0.5033,2.5178771606445314,,,,
cifar10_5k/reference_updates,plain,1,170,6800,0.0018938155894125412,0.016431286218762397,,,1.0,0.002267030715942383,0.5069,2.4788197631835938,,,,
cifar10_5k/reference_updates,plain,1,180,7200,0.0016364454572907084,0.03812712014466524,,,0.998,0.006533371448516846,0.4884,2.644557019042969,,,,
cifar10_5k/reference_updates,plain,1,190,7600,0.0013890958852299032,0.007282577258720994,,,1.0,0.0007327418923377991,0.503,2.4897550048828125,,,,
cifar10_5k/reference_updates,plain,1,200,8000,0.0011546370813296928,0.011114901161938905,,,1.0,0.0015470497608184813,0.4949,2.6411078002929687,,,,
cifar10_5k/reference_updates,plain,1,210,8400,0.0009357896711095129,0.010768246526271105,,,1.0,0.001344959259033203,0.5087,2.5118898315429687,,,,
cifar10_5k/reference_updates,plain,1,220,8800,0.0007350931277697843,0.010231986678391695,,,1.0,0.0011162073612213134,0.5095,2.4848887939453124,,,,
cifar10_5k/reference_updates,plain,1,230,9200,0.0005548763045179314,0.005810576514154672,,,1.0,0.0007624529004096985,0.5079,2.4714770874023437,,,,
cifar10_5k/reference_updates,plain,1,240,9600,0.00039723041089786835,0.0066226925570517774,,,1.0,0.0007602095007896424,0.5028,2.48247587890625,,,,
cifar10_5k/reference_updates,plain,1,250,10000,0.00026398474670163486,0.004798721689730882,,,1.0,0.0006499239206314087,0.5063,2.486049450683594,,,,
cifar10_5k/reference_updates,plain,1,260,10400,0.00015668547504333054,0.005025218301266432,,,1.0,0.0006186789274215698,0.5052,2.4979081298828123,,,,
cifar10_5k/reference_updates,plain,1,270,10800,7.657768090946093e-05,0.00476405870616436,,,1.0,0.0005484697818756104,0.506,2.5083385009765626,,,,
cifar10_5k/reference_updates,plain,1,280,11200,2.4590923375653608e-05,0.004662157022580504,,,1.0,0.0006733834147453308,0.5065,2.4984663330078125,,,,
cifar10_5k/reference_updates,plain,1,290,11600,1.3284491396925446e-06,0.0052013933889567855,,,1.0,0.0005247384309768677,0.5137,2.4919541137695314,,,,
cifar10_5k/reference_updates,plain,1,293,11720,9.074290013844078e-11,0.004995588744617999,,,1.0,0.000551821231842041,0.5113,2.5027320678710936,,,,
cifar10_5k/reference_updates,plain,2,0,0,8.333333333333333e-05,,,,0.096,3.35979931640625,0.1,3.4897026611328124,,,,
cifar10_5k/reference_updates,plain,2,10,400,0.004989578983014394,1.5438769611358643,,,0.388,1.56249072265625,0.3791,1.657191845703125,,,,
cifar10_5k/reference_updates,plain,2,20,800,0.004950606903951322,1.2009699546813966,,,0.55,1.151447021484375,0.4775,1.4342158935546876,,,,
cifar10_5k/reference_updates,plain,2,30,1200,0.004883198342358766,0.7897844669342041,,,0.68,0.829182373046875,0.4691,1.6844910705566407,,,,
cifar10_5k/reference_updates,plain,2,40,1600,0.004788135497283408,0.4001563244819641,,,0.756,0.653410400390625,0.4109,2.1979861694335936,,,,
cifar10_5k/reference_updates,plain,2,50,2000,0.0046665214640151656,0.1514870952129364,,,0.98,0.09650428771972656,0.4943,2.030242938232422,,,,
cifar10_5k/reference_updates,plain,2,60,2400,0.004519767433931488,0.07876364147663116,,,0.998,0.04013565826416016,0.4823,2.2021543884277346,,,,
cifar10_5k/reference_updates,plain,2,70,2800,0.004349576319239909,0.07192867593765259,,,0.998,0.02281106185913086,0.4981,2.285616564941406,,,,
cifar10_5k/reference_updates,plain,2,80,3200,0.004157922992634942,0.042950289946794507,,,1.0,0.007621899604797363,0.5061,2.256039007568359,,,,
cifar10_5k/reference_updates,plain,2,90,3600,0.0039470313711654345,0.09838387901186943,,,0.996,0.03389811706542969,0.486,2.2980936645507812,,,,
cifar10_5k/reference_updates,plain,2,100,4000,0.0037193486102278174,0.04427778033018112,,,0.994,0.023970012664794923,0.4812,2.415373583984375,,,,
cifar10_5k/reference_updates,plain,2,110,4400,0.003477516707134358,0.1159446591258049,,,0.998,0.02242096710205078,0.5009,2.5276455322265625,,,,
cifar10_5k/reference_updates,plain,2,120,4800,0.003224341843764452,0.011447825121134519,,,1.0,0.0020054826736450194,0.518,2.326291223144531,,,,
cifar10_5k/reference_updates,plain,2,130,5200,0.002962761824042309,0.01304531783759594,,,1.0,0.002351975917816162,0.5059,2.3995141357421876,,,,
cifar10_5k/reference_updates,plain,2,140,5600,0.0026958119840917666,0.02170125875324011,,,1.0,0.004190431118011474,0.506,2.5251083374023438,,,,
cifar10_5k/reference_updates,plain,2,150,6000,0.0024265899706417916,0.011825603353977204,,,1.0,0.0016761579513549804,0.5171,2.40383896484375,,,,
cifar10_5k/reference_updates,plain,2,160,6400,0.00215821979638886,0.007483976071327925,,,1.0,0.000999174475669861,0.5176,2.350647521972656,,,,
cifar10_5k/reference_updates,plain,2,170,6800,0.0018938155894125412,0.02053047368526459,,,1.0,0.002094411611557007,0.516,2.3741608764648436,,,,
cifar10_5k/reference_updates,plain,2,180,7200,0.0016364454572907084,0.00835560043901205,,,1.0,0.0010173264741897582,0.516,2.4044360229492185,,,,
cifar10_5k/reference_updates,plain,2,190,7600,0.0013890958852299032,0.03619556040912866,,,1.0,0.0043653202056884765,0.5045,2.516783984375,,,,
cifar10_5k/reference_updates,plain,2,200,8000,0.0011546370813296928,0.016287776640057563,,,0.998,0.009098508834838866,0.5122,2.431263134765625,,,,
cifar10_5k/reference_updates,plain,2,210,8400,0.0009357896711095129,0.013281089386716485,,,1.0,0.001772446870803833,0.5058,2.4159971313476563,,,,
cifar10_5k/reference_updates,plain,2,220,8800,0.0007350931277697843,0.008966951869428157,,,1.0,0.0009815840125083923,0.5188,2.3665633178710936,,,,
cifar10_5k/reference_updates,plain,2,230,9200,0.0005548763045179314,0.00871377730742097,,,1.0,0.0015087668895721435,0.5096,2.4638037841796874,,,,
cifar10_5k/reference_updates,plain,2,240,9600,0.00039723041089786835,0.006651127470284701,,,1.0,0.0007912917137145996,0.5152,2.3874941162109375,,,,
cifar10_5k/reference_updates,plain,2,250,10000,0.00026398474670163486,0.005609684350527823,,,1.0,0.0007172789573669433,0.5131,2.3866950561523437,,,,
cifar10_5k/reference_updates,plain,2,260,10400,0.00015668547504333054,0.004748982512950898,,,1.0,0.0007520337700843811,0.5119,2.420210900878906,,,,
cifar10_5k/reference_updates,plain,2,270,10800,7.657768090946093e-05,0.005211933345347643,,,1.0,0.0006510159969329834,0.5134,2.393035974121094,,,,
cifar10_5k/reference_updates,plain,2,280,11200,2.4590923375653608e-05,0.0040762011021375655,,,1.0,0.0006998153924942016,0.5162,2.37328818359375,,,,
cifar10_5k/reference_updates,plain,2,290,11600,1.3284491396925446e-06,0.00454801096059382,,,1.0,0.0006522084474563599,0.5154,2.3584994506835937,,,,
cifar10_5k/reference_updates,plain,2,293,11720,9.074290013844078e-11,0.005100352694839239,,,1.0,0.0006233369112014771,0.5147,2.3880452514648436,,,,
cifar10_5k/reference_updates,resolution_max_b1,0,0,0,8.333333333333333e-05,,,,0.086,2.651675537109375,0.1,2.646578503417969,0.086,2.801917236328125,0.1,2.7896129272460937
cifar10_5k/reference_updates,resolution_max_b1,0,10,400,0.004989578983014394,1.4296603038787843,16,,0.48,1.3601396484375,0.4434,1.5116102600097656,0.178,3.8260419921875,0.172,3.870415466308594
cifar10_5k/reference_updates,resolution_max_b1,0,20,800,0.004950606903951322,0.8950087823867798,16,,0.734,0.738098388671875,0.4749,1.5499828369140625,0.162,3.97984033203125,0.1542,4.052552429199219
cifar10_5k/reference_updates,resolution_max_b1,0,30,1200,0.004883198342358766,0.47015482635498046,16,,0.894,0.3374066162109375,0.4616,1.9001434143066407,0.208,3.886315185546875,0.1908,4.066282189941406
cifar10_5k/reference_updates,resolution_max_b1,0,40,1600,0.004788135497283408,0.22368344519138336,16,,0.964,0.14367767333984374,0.4598,2.237649658203125,0.178,5.8087060546875,0.1707,5.976743725585938
cifar10_5k/reference_updates,resolution_max_b1,0,50,2000,0.0046665214640151656,0.14909976239204406,16,,0.998,0.031567739486694335,0.4739,2.368493896484375,0.146,6.9844462890625,0.1575,7.1734412109375
cifar10_5k/reference_updates,resolution_max_b1,0,60,2400,0.004519767433931488,1.7161808670043945,24,,0.42,1.8855283203125,0.3593,2.382479333496094,0.232,3.064994140625,0.1971,3.161368298339844
cifar10_5k/reference_updates,resolution_max_b1,0,70,2800,0.004349576319239909,0.38949497585296633,24,,0.932,0.23674647521972655,0.5261,1.7028405334472656,0.202,3.70759765625,0.1832,3.9264012573242186
cifar10_5k/reference_updates,resolution_max_b1,0,80,3200,0.004157922992634942,0.11244230169057846,24,,1.0,0.026837188720703124,0.5315,1.8810119995117187,0.222,4.55882763671875,0.1829,4.823228295898438
cifar10_5k/reference_updates,resolution_max_b1,0,90,3600,0.0039470313711654345,0.11685904881954193,24,,1.0,0.019697145462036134,0.525,2.089828894042969,0.242,4.48942919921875,0.1945,4.786868798828125
cifar10_5k/reference_updates,resolution_max_b1,0,100,4000,0.0037193486102278174,0.057909171092510224,24,,1.0,0.01829462432861328,0.5258,2.1740883728027343,0.26,4.396904296875,0.2041,4.717582690429688
cifar10_5k/reference_updates,resolution_max_b1,0,110,4400,0.003477516707134358,0.03244076149463654,24,,0.998,0.007214442253112793,0.5335,2.17570478515625,0.234,4.17125830078125,0.2158,4.420940771484375
cifar10_5k/reference_updates,resolution_max_b1,0,120,4800,0.003224341843764452,0.8751993139266968,32,,0.79,0.6968663330078125,0.5298,1.3953238037109374,0.79,0.6968663330078125,0.5298,1.3953238037109374
cifar10_5k/reference_updates,resolution_max_b1,0,130,5200,0.002962761824042309,0.14872263581752776,32,,0.986,0.10023693084716796,0.5165,1.9036632202148438,0.986,0.10023693084716796,0.5165,1.9036632202148438
cifar10_5k/reference_updates,resolution_max_b1,0,140,5600,0.0026958119840917666,0.1114488444328308,32,,0.998,0.03620706939697266,0.5248,1.998313555908203,0.998,0.03620706939697266,0.5248,1.998313555908203
cifar10_5k/reference_updates,resolution_max_b1,0,150,6000,0.0024265899706417916,0.03256451513171196,32,,1.0,0.009671689987182618,0.5337,2.0373676330566406,1.0,0.009671689987182618,0.5337,2.0373676330566406
cifar10_5k/reference_updates,resolution_max_b1,0,160,6400,0.00215821979638886,0.02058140725195408,32,,1.0,0.004626904487609863,0.5389,2.0978460693359375,1.0,0.004626904487609863,0.5389,2.0978460693359375
cifar10_5k/reference_updates,resolution_max_b1,0,170,6800,0.0018938155894125412,0.015673777735233308,32,,1.0,0.003162022113800049,0.549,2.063371270751953,1.0,0.003162022113800049,0.549,2.063371270751953
cifar10_5k/reference_updates,resolution_max_b1,0,180,7200,0.0016364454572907084,0.03496668389737606,32,,1.0,0.005049471378326416,0.5364,2.1271087341308594,1.0,0.005049471378326416,0.5364,2.1271087341308594
cifar10_5k/reference_updates,resolution_max_b1,0,190,7600,0.0013890958852299032,0.035043987667560575,32,,1.0,0.005331375122070312,0.5256,2.15854091796875,1.0,0.005331375122070312,0.5256,2.15854091796875
cifar10_5k/reference_updates,resolution_max_b1,0,200,8000,0.0011546370813296928,0.014213003027439117,32,,1.0,0.002005560636520386,0.533,2.139234112548828,1.0,0.002005560636520386,0.533,2.139234112548828
cifar10_5k/reference_updates,resolution_max_b1,0,210,8400,0.0009357896711095129,0.014400923144072294,32,,1.0,0.0021214947700500487,0.5421,2.1407952880859376,1.0,0.0021214947700500487,0.5421,2.1407952880859376
cifar10_5k/reference_updates,resolution_max_b1,0,220,8800,0.0007350931277697843,0.009249473629891872,32,,1.0,0.0013435897827148437,0.5409,2.118840679931641,1.0,0.0013435897827148437,0.5409,2.118840679931641
cifar10_5k/reference_updates,resolution_max_b1,0,230,9200,0.0005548763045179314,0.008378298504650593,32,,1.0,0.0013011620044708252,0.5463,2.1229963562011718,1.0,0.0013011620044708252,0.5463,2.1229963562011718
cifar10_5k/reference_updates,resolution_max_b1,0,240,9600,0.00039723041089786835,0.010097741571813822,32,,1.0,0.0016106035709381103,0.5434,2.1494928161621094,1.0,0.0016106035709381103,0.5434,2.1494928161621094
cifar10_5k/reference_updates,resolution_max_b1,0,250,10000,0.00026398474670163486,0.008609523546695709,32,,1.0,0.0012086575031280517,0.5397,2.1471395080566404,1.0,0.0012086575031280517,0.5397,2.1471395080566404
cifar10_5k/reference_updates,resolution_max_b1,0,260,10400,0.00015668547504333054,0.008698286312073469,32,,1.0,0.0010663740634918213,0.546,2.1434915771484375,1.0,0.0010663740634918213,0.546,2.1434915771484375
cifar10_5k/reference_updates,resolution_max_b1,0,270,10800,7.657768090946093e-05,0.007423046446591616,32,,1.0,0.0009580137729644775,0.5434,2.1444043212890627,1.0,0.0009580137729644775,0.5434,2.1444043212890627
cifar10_5k/reference_updates,resolution_max_b1,0,280,11200,2.4590923375653608e-05,0.006756833955645561,32,,1.0,0.0010883121490478517,0.5413,2.145992272949219,1.0,0.0010883121490478517,0.5413,2.145992272949219
cifar10_5k/reference_updates,resolution_max_b1,0,290,11600,1.3284491396925446e-06,0.006994005380570888,32,,1.0,0.0011390917301177979,0.5393,2.147543988037109,1.0,0.0011390917301177979,0.5393,2.147543988037109
cifar10_5k/reference_updates,resolution_max_b1,0,293,11720,9.074290013844078e-11,0.008584020525962114,32,,1.0,0.0009107416868209838,0.5415,2.161167352294922,1.0,0.0009107416868209838,0.5415,2.161167352294922
cifar10_5k/reference_updates,resolution_max_b1,1,0,0,8.333333333333333e-05,,,,0.114,2.44194873046875,0.0984,2.479512048339844,0.104,2.511177734375,0.1,2.5560952514648436
cifar10_5k/reference_updates,resolution_max_b1,1,10,400,0.004989578983014394,1.4424843711853028,16,,0.5,1.31752978515625,0.447,1.500349383544922,0.164,3.35402685546875,0.188,3.3586213256835937
cifar10_5k/reference_updates,resolution_max_b1,1,20,800,0.004950606903951322,0.904331914806366,16,,0.722,0.7999466552734374,0.4567,1.6295098205566407,0.226,3.85615185546875,0.2308,3.9945314331054687
cifar10_5k/reference_updates,resolution_max_b1,1,30,1200,0.004883198342358766,0.3889986475944519,16,,0.88,0.3304136962890625,0.4338,2.096787371826172,0.214,5.74306689453125,0.1973,6.07819619140625
cifar10_5k/reference_updates,resolution_max_b1,1,40,1600,0.004788135497283408,0.30491950011253355,16,,0.954,0.14291421508789062,0.4736,2.2599110229492188,0.256,4.8491875,0.2289,5.073900341796875
cifar10_5k/reference_updates,resolution_max_b1,1,50,2000,0.0046665214640151656,0.2797103430509567,16,,0.924,0.19752439880371095,0.4367,2.53402822265625,0.152,8.12286865234375,0.1456,8.537835034179688
cifar10_5k/reference_updates,resolution_max_b1,1,60,2400,0.004519767433931488,1.6603711349487305,24,,0.578,1.308630859375,0.4607,1.8131282165527345,0.192,3.3353232421875,0.1896,3.6056448364257814
cifar10_5k/reference_updates,resolution_max_b1,1,70,2800,0.004349576319239909,0.37147771320343015,24,,0.916,0.2360576171875,0.5013,1.7714437072753906,0.238,3.8172080078125,0.2184,4.161625866699219
cifar10_5k/reference_updates,resolution_max_b1,1,80,3200,0.004157922992634942,0.17561941883563995,24,,0.962,0.11387947845458984,0.5032,2.187466943359375,0.232,4.7378671875,0.1929,5.2506880859375
cifar10_5k/reference_updates,resolution_max_b1,1,90,3600,0.0039470313711654345,0.13534449426531792,24,,0.996,0.035013900756835935,0.5179,2.1114763061523436,0.196,5.46824951171875,0.1696,5.913427856445312
cifar10_5k/reference_updates,resolution_max_b1,1,100,4000,0.0037193486102278174,0.054417055881023406,24,,0.996,0.03185456085205078,0.507,2.324772943115234,0.236,4.6263671875,0.21,5.127046533203125
cifar10_5k/reference_updates,resolution_max_b1,1,110,4400,0.003477516707134358,0.01850557836294174,24,,1.0,0.003485642910003662,0.5297,2.1341499938964845,0.242,4.75791259765625,0.2051,5.321049243164063
cifar10_5k/reference_updates,resolution_max_b1,1,120,4800,0.003224341843764452,0.8777208285331726,32,,0.694,0.8679932861328125,0.5211,1.580450732421875,0.694,0.8679932861328125,0.5211,1.580450732421875
cifar10_5k/reference_updates,resolution_max_b1,1,130,5200,0.002962761824042309,0.1898777667760849,32,,0.974,0.10750337219238282,0.5326,1.819519989013672,0.974,0.10750337219238282,0.5326,1.819519989013672
cifar10_5k/reference_updates,resolution_max_b1,1,140,5600,0.0026958119840917666,0.03692227541208267,32,,1.0,0.012594433784484863,0.5462,1.8582706115722656,1.0,0.012594433784484863,0.5462,1.8582706115722656
cifar10_5k/reference_updates,resolution_max_b1,1,150,6000,0.0024265899706417916,0.03475361067056656,32,,1.0,0.0073360509872436525,0.5484,1.9259552185058593,1.0,0.0073360509872436525,0.5484,1.9259552185058593
cifar10_5k/reference_updates,resolution_max_b1,1,160,6400,0.00215821979638886,0.04268575679063797,32,,1.0,0.009295597076416015,0.5314,2.120855206298828,1.0,0.009295597076416015,0.5314,2.120855206298828
cifar10_5k/reference_updates,resolution_max_b1,1,170,6800,0.0018938155894125412,0.028223643550276758,32,,1.0,0.01154538345336914,0.5384,2.0337710571289063,1.0,0.01154538345336914,0.5384,2.0337710571289063
cifar10_5k/reference_updates,resolution_max_b1,1,180,7200,0.0016364454572907084,0.03116559211909771,32,,1.0,0.007173176765441895,0.5435,2.030999932861328,1.0,0.007173176765441895,0.5435,2.030999932861328
cifar10_5k/reference_updates,resolution_max_b1,1,190,7600,0.0013890958852299032,0.01138224020153284,32,,1.0,0.0020917866230010986,0.546,2.0423028076171876,1.0,0.0020917866230010986,0.546,2.0423028076171876
cifar10_5k/reference_updates,resolution_max_b1,1,200,8000,0.0011546370813296928,0.008749408660084008,32,,1.0,0.0015066007375717162,0.5513,2.0351472045898436,1.0,0.0015066007375717162,0.5513,2.0351472045898436
cifar10_5k/reference_updates,resolution_max_b1,1,210,8400,0.0009357896711095129,0.009989280088245869,32,,1.0,0.0016496808528900146,0.5475,2.044115606689453,1.0,0.0016496808528900146,0.5475,2.044115606689453
cifar10_5k/reference_updates,resolution_max_b1,1,220,8800,0.0007350931277697843,0.009614266793429851,32,,1.0,0.0015323147773742675,0.5467,2.059415704345703,1.0,0.0015323147773742675,0.5467,2.059415704345703
cifar10_5k/reference_updates,resolution_max_b1,1,230,9200,0.0005548763045179314,0.011960749657452106,32,,1.0,0.0021925392150878905,0.5426,2.1079815490722655,1.0,0.0021925392150878905,0.5426,2.1079815490722655
cifar10_5k/reference_updates,resolution_max_b1,1,240,9600,0.00039723041089786835,0.010118793657422066,32,,1.0,0.0018254748582839965,0.5423,2.0855411743164063,1.0,0.0018254748582839965,0.5423,2.0855411743164063
cifar10_5k/reference_updates,resolution_max_b1,1,250,10000,0.00026398474670163486,0.00781966444030404,32,,1.0,0.0011529031991958619,0.55,2.045356134033203,1.0,0.0011529031991958619,0.55,2.045356134033203
cifar10_5k/reference_updates,resolution_max_b1,1,260,10400,0.00015668547504333054,0.007762809906154871,32,,1.0,0.0012877953052520751,0.5484,2.056944421386719,1.0,0.0012877953052520751,0.5484,2.056944421386719
cifar10_5k/reference_updates,resolution_max_b1,1,270,10800,7.657768090946093e-05,0.006258718901872635,32,,1.0,0.0012096199989318848,0.5463,2.056144982910156,1.0,0.0012096199989318848,0.5463,2.056144982910156
cifar10_5k/reference_updates,resolution_max_b1,1,280,11200,2.4590923375653608e-05,0.006880636895447969,32,,1.0,0.0009984477758407592,0.5475,2.0819225952148437,1.0,0.0009984477758407592,0.5475,2.0819225952148437
cifar10_5k/reference_updates,resolution_max_b1,1,290,11600,1.3284491396925446e-06,0.007499553610384464,32,,1.0,0.0009704470634460449,0.549,2.059457891845703,1.0,0.0009704470634460449,0.549,2.059457891845703
cifar10_5k/reference_updates,resolution_max_b1,1,293,11720,9.074290013844078e-11,0.006315117792785168,32,,1.0,0.0009300257563591004,0.5515,2.0814235229492186,1.0,0.0009300257563591004,0.5515,2.0814235229492186
cifar10_5k/reference_updates,resolution_max_b1,2,0,0,8.333333333333333e-05,,,,0.096,2.890523193359375,0.0997,2.960701953125,0.096,3.35979931640625,0.1,3.4897026611328124
cifar10_5k/reference_updates,resolution_max_b1,2,10,400,0.004989578983014394,1.4279658088684082,16,,0.512,1.33980126953125,0.4292,1.5489249572753907,0.204,2.9697978515625,0.2032,3.0130799560546877
cifar10_5k/reference_updates,resolution_max_b1,2,20,800,0.004950606903951322,0.9454466337203979,16,,0.722,0.77840185546875,0.4823,1.5042891174316406,0.244,3.47255859375,0.2591,3.573732580566406
cifar10_5k/reference_updates,resolution_max_b1,2,30,1200,0.004883198342358766,0.4890585521697998,16,,0.708,0.7684234619140625,0.4048,2.3706755249023437,0.182,4.708919921875,0.1876,4.808191918945313
cifar10_5k/reference_updates,resolution_max_b1,2,40,1600,0.004788135497283408,0.14743328943252562,16,,0.98,0.08462395477294922,0.462,2.2885234130859375,0.2,6.5490927734375,0.2022,6.814572705078125
cifar10_5k/reference_updates,resolution_max_b1,2,50,2000,0.0046665214640151656,0.04970940443575382,16,,1.0,0.016427413940429687,0.483,2.264214465332031,0.178,6.977017578125,0.1844,7.33263984375
cifar10_5k/reference_updates,resolution_max_b1,2,60,2400,0.004519767433931488,1.6034331504821777,24,,0.544,1.2810650634765626,0.4749,1.6442362060546876,0.128,4.99740771484375,0.1279,5.122391015625
cifar10_5k/reference_updates,resolution_max_b1,2,70,2800,0.004349576319239909,0.260647380399704,24,,0.97,0.14349163818359376,0.5302,1.6705238952636718,0.15,4.785021484375,0.1553,5.013108618164062
cifar10_5k/reference_updates,resolution_max_b1,2,80,3200,0.004157922992634942,0.07284558950066566,24,,1.0,0.018646093368530275,0.5364,1.9205711730957031,0.216,4.6782822265625,0.1827,4.982607080078125
cifar10_5k/reference_updates,resolution_max_b1,2,90,3600,0.0039470313711654345,0.059530904790759086,24,,1.0,0.012545223236083985,0.5327,2.060861676025391,0.218,5.05528515625,0.1924,5.523852514648437
cifar10_5k/reference_updates,resolution_max_b1,2,100,4000,0.0037193486102278174,0.016910933673381805,24,,1.0,0.0027887234687805178,0.5428,2.0658971313476564,0.21,5.07312060546875,0.1855,5.510721118164063
cifar10_5k/reference_updates,resolution_max_b1,2,110,4400,0.003477516707134358,0.07896013400554656,24,,1.0,0.01671091651916504,0.5309,2.1497642639160155,0.202,4.7090537109375,0.193,5.032674584960938
cifar10_5k/reference_updates,resolution_max_b1,2,120,4800,0.003224341843764452,0.8766977727890015,32,,0.746,0.7225511474609375,0.5346,1.400854168701172,0.746,0.7225511474609375,0.5346,1.400854168701172
cifar10_5k/reference_updates,resolution_max_b1,2,130,5200,0.002962761824042309,0.1314909651994705,32,,1.0,0.04669351196289063,0.5603,1.6720575927734376,1.0,0.04669351196289063,0.5603,1.6720575927734376
cifar10_5k/reference_updates,resolution_max_b1,2,140,5600,0.0026958119840917666,0.05969279094934463,32,,1.0,0.016226341247558593,0.5494,1.8653466857910157,1.0,0.016226341247558593,0.5494,1.8653466857910157
cifar10_5k/reference_updates,resolution_max_b1,2,150,6000,0.0024265899706417916,0.03262862519621849,32,,1.0,0.009212129592895508,0.5586,1.9100925231933594,1.0,0.009212129592895508,0.5586,1.9100925231933594
cifar10_5k/reference_updates,resolution_max_b1,2,160,6400,0.00215821979638886,0.016556929004192353,32,,1.0,0.003281239032745361,0.5653,1.9005967346191406,1.0,0.003281239032745361,0.5653,1.9005967346191406
cifar10_5k/reference_updates,resolution_max_b1,2,170,6800,0.0018938155894125412,0.023280446895956992,32,,0.998,0.013372007369995118,0.5479,1.997069384765625,0.998,0.013372007369995118,0.5479,1.997069384765625
cifar10_5k/reference_updates,resolution_max_b1,2,180,7200,0.0016364454572907084,0.016655602957308294,32,,1.0,0.003098193883895874,0.5554,1.9757240173339843,1.0,0.003098193883895874,0.5554,1.9757240173339843
cifar10_5k/reference_updates,resolution_max_b1,2,190,7600,0.0013890958852299032,0.04508810107409954,32,,1.0,0.0071300573348999025,0.5465,2.0606026489257814,1.0,0.0071300573348999025,0.5465,2.0606026489257814
cifar10_5k/reference_updates,resolution_max_b1,2,200,8000,0.0011546370813296928,0.014686774949729442,32,,1.0,0.0025080251693725586,0.5563,1.9956302185058594,1.0,0.0025080251693725586,0.5563,1.9956302185058594
cifar10_5k/reference_updates,resolution_max_b1,2,210,8400,0.0009357896711095129,0.011817757067084312,32,,1.0,0.0020525732040405273,0.5585,1.9844162841796875,1.0,0.0020525732040405273,0.5585,1.9844162841796875
cifar10_5k/reference_updates,resolution_max_b1,2,220,8800,0.0007350931277697843,0.011449300346523522,32,,1.0,0.0016082568168640137,0.5567,1.9902121215820312,1.0,0.0016082568168640137,0.5567,1.9902121215820312
cifar10_5k/reference_updates,resolution_max_b1,2,230,9200,0.0005548763045179314,0.011239679358154534,32,,1.0,0.002822896957397461,0.5555,2.033227703857422,1.0,0.002822896957397461,0.5555,2.033227703857422
cifar10_5k/reference_updates,resolution_max_b1,2,240,9600,0.00039723041089786835,0.0099232363820076,32,,1.0,0.0016491148471832276,0.5529,2.046735729980469,1.0,0.0016491148471832276,0.5529,2.046735729980469
cifar10_5k/reference_updates,resolution_max_b1,2,250,10000,0.00026398474670163486,0.009003388871252536,32,,1.0,0.0014284577369689942,0.5556,2.0114825500488283,1.0,0.0014284577369689942,0.5556,2.0114825500488283
cifar10_5k/reference_updates,resolution_max_b1,2,260,10400,0.00015668547504333054,0.007193510074913502,32,,1.0,0.0013386341333389282,0.5571,2.0309039611816404,1.0,0.0013386341333389282,0.5571,2.0309039611816404
cifar10_5k/reference_updates,resolution_max_b1,2,270,10800,7.657768090946093e-05,0.007340896163880825,32,,1.0,0.00114792799949646,0.5587,2.011953265380859,1.0,0.00114792799949646,0.5587,2.011953265380859
cifar10_5k/reference_updates,resolution_max_b1,2,280,11200,2.4590923375653608e-05,0.006598206685483455,32,,1.0,0.0011933788061141968,0.556,2.0005330017089844,1.0,0.0011933788061141968,0.556,2.0005330017089844
cifar10_5k/reference_updates,resolution_max_b1,2,290,11600,1.3284491396925446e-06,0.007062280506640673,32,,1.0,0.0011036347150802613,0.5603,1.9877679138183593,1.0,0.0011036347150802613,0.5603,1.9877679138183593
cifar10_5k/reference_updates,resolution_max_b1,2,293,11720,9.074290013844078e-11,0.0064752837866544725,32,,1.0,0.0010984318256378174,0.5571,2.0004025817871094,1.0,0.0010984318256378174,0.5571,2.0004025817871094
cifar10_5k/reference_updates,resolution_max_b1_gaussian_conv,0,0,0,8.333333333333333e-05,,,,0.086,2.55667236328125,0.1,2.5492406494140627,0.086,2.801917236328125,0.1,2.7896129272460937
cifar10_5k/reference_updates,resolution_max_b1_gaussian_conv,0,10,400,0.004989578983014394,1.3427407119750976,16,1.0,0.52,1.260811767578125,0.4748,1.4650680908203124,0.168,4.741265625,0.1533,4.730933447265625
cifar10_5k/reference_updates,resolution_max_b1_gaussian_conv,0,20,800,0.004950606903951322,0.8819487613677979,16,1.0,0.716,0.817557861328125,0.4859,1.5457488464355469,0.134,7.970044921875,0.1253,7.9832417724609375
cifar10_5k/reference_updates,resolution_max_b1_gaussian_conv,0,30,1200,0.004883198342358766,0.8039821537017823,16,0.85,0.84,0.5134849243164062,0.5152,1.4706795776367187,0.106,5.6891396484375,0.1066,5.80049462890625
cifar10_5k/reference_updates,resolution_max_b1_gaussian_conv,0,40,1600,0.004788135497283408,0.23311924784183502,16,0.85,0.97,0.11662760925292968,0.5141,1.8939014221191406,0.104,9.27776953125,0.1096,9.4455189453125
cifar10_5k/reference_updates,resolution_max_b1_gaussian_conv,0,50,2000,0.0046665214640151656,0.3770203329563141,16,0.85,0.952,0.17083847045898437,0.5098,2.025830126953125,0.144,8.156783203125,0.1464,8.440105297851563
cifar10_5k/reference_updates,resolution_max_b1_gaussian_conv,0,60,2400,0.004519767433931488,1.5907792011260986,24,0.7,0.616,1.16789453125,0.4921,1.7763342529296875,0.112,6.0856806640625,0.113,6.139900634765625
cifar10_5k/reference_updates,resolution_max_b1_gaussian_conv,0,70,2800,0.004349576319239909,0.44470754919052125,24,0.7,0.914,0.2962269592285156,0.5665,1.4640821166992188,0.164,6.01396484375,0.1579,6.157972412109375
cifar10_5k/reference_updates,resolution_max_b1_gaussian_conv,0,80,3200,0.004157922992634942,0.26519741005897524,24,0.7,0.978,0.11654823303222656,0.5754,1.6192939819335936,0.19,7.7698916015625,0.1772,7.846891625976562
cifar10_5k/reference_updates,resolution_max_b1_gaussian_conv,0,90,3600,0.0039470313711654345,0.18609122228622438,24,0.6,0.972,0.10005995178222657,0.5729,1.6623737731933594,0.208,6.0126220703125,0.1837,6.1691248046875
cifar10_5k/reference_updates,resolution_max_b1_gaussian_conv,0,100,4000,0.0037193486102278174,0.09336078028678894,24,0.6,0.998,0.03173963165283203,0.5837,1.795678125,0.242,6.203046875,0.2124,6.499144775390625
cifar10_5k/reference_updates,resolution_max_b1_gaussian_conv,0,110,4400,0.003477516707134358,0.07393178504705429,24,0.6,1.0,0.014383892059326171,0.5822,1.7910566711425782,0.222,6.85688671875,0.194,7.182116162109375
cifar10_5k/reference_updates,resolution_max_b1_gaussian_conv,0,120,4800,0.003224341843764452,0.5958773653030396,32,0.5,0.828,0.49081594848632815,0.5729,1.5030815002441407,0.356,5.2971787109375,0.3089,5.745410815429688
cifar10_5k/reference_updates,resolution_max_b1_gaussian_conv,0,130,5200,0.002962761824042309,0.17161303627490998,32,0.5,0.96,0.13534530639648437,0.5872,1.6501132507324219,0.25,8.05730078125,0.2136,8.470925268554687
cifar10_5k/reference_updates,resolution_max_b1_gaussian_conv,0,140,5600,0.0026958119840917666,0.1791600460767746,32,0.5,0.984,0.05904259490966797,0.591,1.6681525024414063,0.31,6.38608544921875,0.2763,7.028959228515625
cifar10_5k/reference_updates,resolution_max_b1_gaussian_conv,0,150,6000,0.0024265899706417916,0.12819379838705064,32,0.4,0.998,0.054363601684570315,0.611,1.400585302734375,0.742,0.9066962890625,0.5133,2.1125095703125
cifar10_5k/reference_updates,resolution_max_b1_gaussian_conv,0,160,6400,0.00215821979638886,0.04843154436945915,32,0.4,1.0,0.01795671272277832,0.6135,1.5307017639160156,0.83,0.59529296875,0.5286,2.124039129638672
cifar10_5k/reference_updates,resolution_max_b1_gaussian_conv,0,170,6800,0.0018938155894125412,0.027776318717002868,32,0.4,1.0,0.008492712020874024,0.6179,1.5085342041015626,0.866,0.476396484375,0.5387,2.0522697204589844
cifar10_5k/reference_updates,resolution_max_b1_gaussian_conv,0,180,7200,0.0016364454572907084,0.07962340854406356,32,0.3,1.0,0.023926456451416014,0.6075,1.4555106079101563,1.0,0.030826442718505858,0.6048,1.4753776306152344
cifar10_5k/reference_updates,resolution_max_b1_gaussian_conv,0,190,7600,0.0013890958852299032,0.05071003487706184,32,0.3,1.0,0.012293537139892579,0.6166,1.490740069580078,1.0,0.013851490020751953,0.6141,1.502744580078125
cifar10_5k/reference_updates,resolution_max_b1_gaussian_conv,0,200,8000,0.0011546370813296928,0.027902005338668823,32,0.3,1.0,0.006660247802734375,0.6185,1.5125507263183593,1.0,0.007252775192260742,0.6158,1.5154480834960937
cifar10_5k/reference_updates,resolution_max_b1_gaussian_conv,0,210,8400,0.0009357896711095129,0.028617204761505127,32,0.0,1.0,0.008336567878723144,0.6131,1.5235492309570313,1.0,0.008336567878723144,0.6131,1.5235492309570313
cifar10_5k/reference_updates,resolution_max_b1_gaussian_conv,0,220,8800,0.0007350931277697843,0.02171348902583122,32,0.0,1.0,0.005333296298980713,0.6116,1.5428267211914062,1.0,0.005333296298980713,0.6116,1.5428267211914062
cifar10_5k/reference_updates,resolution_max_b1_gaussian_conv,0,230,9200,0.0005548763045179314,0.021880177485942842,32,0.0,1.0,0.00441183090209961,0.6182,1.536153155517578,1.0,0.00441183090209961,0.6182,1.536153155517578
cifar10_5k/reference_updates,resolution_max_b1_gaussian_conv,0,240,9600,0.00039723041089786835,0.0182942198574543,32,0.0,1.0,0.0037519466876983643,0.6164,1.5472694152832032,1.0,0.0037519466876983643,0.6164,1.5472694152832032
cifar10_5k/reference_updates,resolution_max_b1_gaussian_conv,0,250,10000,0.00026398474670163486,0.01594173169285059,32,0.0,1.0,0.0039693694114685055,0.612,1.5708011291503907,1.0,0.0039693694114685055,0.612,1.5708011291503907
cifar10_5k/reference_updates,resolution_max_b1_gaussian_conv,0,260,10400,0.00015668547504333054,0.016622096841037274,32,0.0,1.0,0.003592993974685669,0.6159,1.558420574951172,1.0,0.003592993974685669,0.6159,1.558420574951172
cifar10_5k/reference_updates,resolution_max_b1_gaussian_conv,0,270,10800,7.657768090946093e-05,0.016362143544852735,32,0.0,1.0,0.0033627614974975585,0.6179,1.550532452392578,1.0,0.0033627614974975585,0.6179,1.550532452392578
cifar10_5k/reference_updates,resolution_max_b1_gaussian_conv,0,280,11200,2.4590923375653608e-05,0.015444835746288299,32,0.0,1.0,0.003434763431549072,0.6166,1.554312237548828,1.0,0.003434763431549072,0.6166,1.554312237548828
cifar10_5k/reference_updates,resolution_max_b1_gaussian_conv,0,290,11600,1.3284491396925446e-06,0.014621021999418735,32,0.0,1.0,0.003421233892440796,0.6144,1.5528873107910157,1.0,0.003421233892440796,0.6144,1.5528873107910157
cifar10_5k/reference_updates,resolution_max_b1_gaussian_conv,0,293,11720,9.074290013844078e-11,0.016092799101769924,32,0.0,1.0,0.003083585977554321,0.6156,1.554929412841797,1.0,0.003083585977554321,0.6156,1.554929412841797
cifar10_5k/reference_updates,resolution_max_b1_gaussian_conv,1,0,0,8.333333333333333e-05,,,,0.114,2.3550966796875,0.1059,2.3745359252929688,0.104,2.511177734375,0.1,2.5560952514648436
cifar10_5k/reference_updates,resolution_max_b1_gaussian_conv,1,10,400,0.004989578983014394,1.358525975227356,16,1.0,0.554,1.2714736328125,0.4661,1.4634833374023437,0.174,4.75005517578125,0.1608,4.782260400390625
cifar10_5k/reference_updates,resolution_max_b1_gaussian_conv,1,20,800,0.004950606903951322,0.9045705231666565,16,1.0,0.77,0.67370361328125,0.5158,1.4334732482910155,0.108,6.548802734375,0.1147,6.722657202148437
cifar10_5k/reference_updates,resolution_max_b1_gaussian_conv,1,30,1200,0.004883198342358766,0.6988017164230347,16,0.85,0.864,0.446298095703125,0.5218,1.4695034423828126,0.216,4.1543974609375,0.1887,4.297805798339843
cifar10_5k/reference_updates,resolution_max_b1_gaussian_conv,1,40,1600,0.004788135497283408,0.15873738441467286,16,0.85,0.954,0.13790780639648437,0.5174,1.9224240356445312,0.176,5.877634765625,0.1742,6.019242578125
cifar10_5k/reference_updates,resolution_max_b1_gaussian_conv,1,50,2000,0.0046665214640151656,0.2385599988937378,16,0.85,0.992,0.06354012680053711,0.539,1.9572204528808594,0.158,6.62389794921875,0.1655,6.750046801757812
cifar10_5k/reference_updates,resolution_max_b1_gaussian_conv,1,60,2400,0.004519767433931488,1.660254521560669,24,0.7,0.594,1.1733897705078125,0.4939,1.7806513061523437,0.17,5.166056640625,0.1685,5.313236108398438
cifar10_5k/reference_updates,resolution_max_b1_gaussian_conv,1,70,2800,0.004349576319239909,0.6053175151824951,24,0.7,0.844,0.44031869506835936,0.5703,1.4566107849121093,0.192,4.3035478515625,0.1848,4.485871606445312
cifar10_5k/reference_updates,resolution_max_b1_gaussian_conv,1,80,3200,0.004157922992634942,0.21394208669662476,24,0.7,0.97,0.12555703735351562,0.5752,1.6140617614746093,0.274,4.072242431640625,0.2409,4.446215600585938
cifar10_5k/reference_updates,resolution_max_b1_gaussian_conv,1,90,3600,0.0039470313711654345,0.1725522397518158,24,0.6,0.986,0.07154740142822266,0.6013,1.475856707763672,0.3,2.918228515625,0.2618,3.2644479614257813
cifar10_5k/reference_updates,resolution_max_b1_gaussian_conv,1,100,4000,0.0037193486102278174,0.09482105332612992,24,0.6,0.994,0.03716249847412109,0.5935,1.6710926086425781,0.308,3.58343798828125,0.2541,3.97717578125
cifar10_5k/reference_updates,resolution_max_b1_gaussian_conv,1,110,4400,0.003477516707134358,0.04168712440431118,24,0.6,1.0,0.00847890281677246,0.6005,1.7035938049316406,0.304,3.772837158203125,0.2562,4.1911194702148435
cifar10_5k/reference_updates,resolution_max_b1_gaussian_conv,1,120,4800,0.003224341843764452,0.5070863854169846,32,0.5,0.888,0.3168473815917969,0.5918,1.461222412109375,0.378,3.53308642578125,0.3201,4.281418383789062
cifar10_5k/reference_updates,resolution_max_b1_gaussian_conv,1,130,5200,0.002962761824042309,0.17808738033771515,32,0.5,0.942,0.2018499298095703,0.5762,1.7617496459960937,0.294,4.94526123046875,0.2729,5.759839672851562
cifar10_5k/reference_updates,resolution_max_b1_gaussian_conv,1,140,5600,0.0026958119840917666,0.05695780038833618,32,0.5,1.0,0.01868588638305664,0.6141,1.53185615234375,0.358,4.36058349609375,0.2891,5.205206127929688
cifar10_5k/reference_updates,resolution_max_b1_gaussian_conv,1,150,6000,0.0024265899706417916,0.1842838387966156,32,0.4,0.99,0.06937323760986328,0.6201,1.3735221252441405,0.746,0.657574951171875,0.5307,1.8221318481445312
cifar10_5k/reference_updates,resolution_max_b1_gaussian_conv,1,160,6400,0.00215821979638886,0.0898157631278038,32,0.4,1.0,0.024805179595947267,0.6213,1.5314174865722656,0.826,0.5541815795898437,0.5285,1.9817035278320312
cifar10_5k/reference_updates,resolution_max_b1_gaussian_conv,1,170,6800,0.0018938155894125412,0.0399672045648098,32,0.4,1.0,0.008994325637817383,0.6292,1.4828528747558594,0.882,0.328679443359375,0.5526,1.8460384216308594
cifar10_5k/reference_updates,resolution_max_b1_gaussian_conv,1,180,7200,0.0016364454572907084,0.06826830435991288,32,0.3,1.0,0.020570310592651367,0.6211,1.418233837890625,1.0,0.024358102798461914,0.6152,1.427002587890625
cifar10_5k/reference_updates,resolution_max_b1_gaussian_conv,1,190,7600,0.0013890958852299032,0.0324496505856514,32,0.3,1.0,0.008556750297546387,0.6261,1.4505376159667969,1.0,0.01015981674194336,0.6222,1.458418096923828
cifar10_5k/reference_updates,resolution_max_b1_gaussian_conv,1,200,8000,0.0011546370813296928,0.032002851891517636,32,0.3,1.0,0.007256813526153564,0.6269,1.5174024597167968,1.0,0.008368221282958985,0.6255,1.5238005981445313
cifar10_5k/reference_updates,resolution_max_b1_gaussian_conv,1,210,8400,0.0009357896711095129,0.02601706746816635,32,0.0,1.0,0.005671072959899903,0.6265,1.5009028381347655,1.0,0.005671072959899903,0.6265,1.5009028381347655
cifar10_5k/reference_updates,resolution_max_b1_gaussian_conv,1,220,8800,0.0007350931277697843,0.02142302576303482,32,0.0,1.0,0.004636357307434082,0.6262,1.5218834045410157,1.0,0.004636357307434082,0.6262,1.5218834045410157
cifar10_5k/reference_updates,resolution_max_b1_gaussian_conv,1,230,9200,0.0005548763045179314,0.023827483266592026,32,0.0,1.0,0.005306414604187012,0.6198,1.5500615539550782,1.0,0.005306414604187012,0.6198,1.5500615539550782
cifar10_5k/reference_updates,resolution_max_b1_gaussian_conv,1,240,9600,0.00039723041089786835,0.018951912340521813,32,0.0,1.0,0.004104545593261719,0.6228,1.5511813049316405,1.0,0.004104545593261719,0.6228,1.5511813049316405
cifar10_5k/reference_updates,resolution_max_b1_gaussian_conv,1,250,10000,0.00026398474670163486,0.016141407331824304,32,0.0,1.0,0.0031866235733032226,0.6258,1.5313965637207032,1.0,0.0031866235733032226,0.6258,1.5313965637207032
cifar10_5k/reference_updates,resolution_max_b1_gaussian_conv,1,260,10400,0.00015668547504333054,0.017262155266106128,32,0.0,1.0,0.0033521592617034913,0.6288,1.5355004455566406,1.0,0.0033521592617034913,0.6288,1.5355004455566406
cifar10_5k/reference_updates,resolution_max_b1_gaussian_conv,1,270,10800,7.657768090946093e-05,0.013406729799509048,32,0.0,1.0,0.0028939893245697023,0.6276,1.5458493713378907,1.0,0.0028939893245697023,0.6276,1.5458493713378907
cifar10_5k/reference_updates,resolution_max_b1_gaussian_conv,1,280,11200,2.4590923375653608e-05,0.014314776165783406,32,0.0,1.0,0.00283081579208374,0.6259,1.5418429321289062,1.0,0.00283081579208374,0.6259,1.5418429321289062
cifar10_5k/reference_updates,resolution_max_b1_gaussian_conv,1,290,11600,1.3284491396925446e-06,0.014351940368115901,32,0.0,1.0,0.0025185813903808594,0.6283,1.5433205749511718,1.0,0.0025185813903808594,0.6283,1.5433205749511718
cifar10_5k/reference_updates,resolution_max_b1_gaussian_conv,1,293,11720,9.074290013844078e-11,0.014081231585144996,32,0.0,1.0,0.0026220462322235107,0.6289,1.5483032165527344,1.0,0.0026220462322235107,0.6289,1.5483032165527344
cifar10_5k/reference_updates,resolution_max_b1_gaussian_conv,2,0,0,8.333333333333333e-05,,,,0.096,2.81785400390625,0.1,2.8736927734375,0.096,3.35979931640625,0.1,3.4897026611328124
cifar10_5k/reference_updates,resolution_max_b1_gaussian_conv,2,10,400,0.004989578983014394,1.340629225540161,16,1.0,0.5,1.305317626953125,0.4434,1.5407516357421875,0.138,4.8922783203125,0.138,4.9741492919921875
cifar10_5k/reference_updates,resolution_max_b1_gaussian_conv,2,20,800,0.004950606903951322,0.886895966720581,16,1.0,0.694,0.8612317504882813,0.4828,1.5627362487792968,0.114,9.356005859375,0.1156,9.5171953125
cifar10_5k/reference_updates,resolution_max_b1_gaussian_conv,2,30,1200,0.004883198342358766,0.6832242066383362,16,0.85,0.882,0.39830078125,0.5237,1.4875724060058593,0.212,4.7043154296875,0.1943,4.904667944335937
cifar10_5k/reference_updates,resolution_max_b1_gaussian_conv,2,40,1600,0.004788135497283408,0.2981604918479919,16,0.85,0.982,0.0898141860961914,0.5244,1.8992697814941406,0.166,7.1558916015625,0.1681,7.399069750976563
cifar10_5k/reference_updates,resolution_max_b1_gaussian_conv,2,50,2000,0.0046665214640151656,0.04588271204233169,16,0.85,1.0,0.008355828285217285,0.5458,1.9601088134765625,0.19,7.35639306640625,0.1755,7.773914697265625
cifar10_5k/reference_updates,resolution_max_b1_gaussian_conv,2,60,2400,0.004519767433931488,1.5253314559936524,24,0.7,0.58,1.32749560546875,0.4596,1.9228518432617188,0.136,6.86535546875,0.1398,7.131414404296875
cifar10_5k/reference_updates,resolution_max_b1_gaussian_conv,2,70,2800,0.004349576319239909,0.49512959451675415,24,0.7,0.848,0.4107789306640625,0.5663,1.57412626953125,0.27,5.9790078125,0.2357,6.3246810546875
cifar10_5k/reference_updates,resolution_max_b1_gaussian_conv,2,80,3200,0.004157922992634942,0.1850625414133072,24,0.7,0.976,0.09767288208007813,0.5929,1.6319538269042968,0.248,7.853296875,0.2342,8.157318139648437
cifar10_5k/reference_updates,resolution_max_b1_gaussian_conv,2,90,3600,0.0039470313711654345,0.19760003009438515,24,0.6,0.996,0.06584162902832032,0.6104,1.4258407653808594,0.282,4.103603515625,0.2703,4.4965109375
cifar10_5k/reference_updates,resolution_max_b1_gaussian_conv,2,100,4000,0.0037193486102278174,0.04438012938797474,24,0.6,1.0,0.010959682464599609,0.6149,1.5711854614257812,0.306,4.4623642578125,0.2782,4.95826162109375
cifar10_5k/reference_updates,resolution_max_b1_gaussian_conv,2,110,4400,0.003477516707134358,0.12038064138293267,24,0.6,0.994,0.03465019989013672,0.6012,1.692694500732422,0.308,4.52915380859375,0.2783,4.951335107421875
cifar10_5k/reference_updates,resolution_max_b1_gaussian_conv,2,120,4800,0.003224341843764452,0.5282439763069153,32,0.5,0.904,0.26370614624023436,0.5943,1.4403439453125,0.3,6.076109375,0.3035,6.675520190429688
cifar10_5k/reference_updates,resolution_max_b1_gaussian_conv,2,130,5200,0.002962761824042309,0.12683400076627732,32,0.5,0.99,0.06298241806030273,0.6147,1.476846728515625,0.314,6.23874462890625,0.2778,7.215455029296875
cifar10_5k/reference_updates,resolution_max_b1_gaussian_conv,2,140,5600,0.0026958119840917666,0.1579793877482414,32,0.5,0.996,0.04730972290039062,0.6059,1.6304201721191407,0.248,7.98225,0.2317,9.022380712890625
cifar10_5k/reference_updates,resolution_max_b1_gaussian_conv,2,150,6000,0.0024265899706417916,0.15657856993675232,32,0.4,0.996,0.059639369964599606,0.6189,1.407865087890625,0.71,0.89352197265625,0.4805,2.2914107788085936
cifar10_5k/reference_updates,resolution_max_b1_gaussian_conv,2,160,6400,0.00215821979638886,0.04811331032514572,32,0.4,1.0,0.011058013916015625,0.6287,1.4463182006835937,0.788,0.6627200927734375,0.5086,2.306548504638672
cifar10_5k/reference_updates,resolution_max_b1_gaussian_conv,2,170,6800,0.0018938155894125412,0.0319549693107605,32,0.4,1.0,0.01079156494140625,0.628,1.5135309936523438,0.834,0.49762200927734374,0.5227,2.1804609985351564
cifar10_5k/reference_updates,resolution_max_b1_gaussian_conv,2,180,7200,0.0016364454572907084,0.06518058110177517,32,0.3,1.0,0.02202228355407715,0.6255,1.4228011962890625,1.0,0.027290119171142577,0.6239,1.4342236145019531
cifar10_5k/reference_updates,resolution_max_b1_gaussian_conv,2,190,7600,0.0013890958852299032,0.07111638871431351,32,0.3,1.0,0.016054100036621093,0.6184,1.515168963623047,1.0,0.01897731590270996,0.6169,1.536591015625
cifar10_5k/reference_updates,resolution_max_b1_gaussian_conv,2,200,8000,0.0011546370813296928,0.04014330894351006,32,0.3,1.0,0.010524209976196288,0.6248,1.5077464050292968,1.0,0.01147011661529541,0.6211,1.510596435546875
cifar10_5k/reference_updates,resolution_max_b1_gaussian_conv,2,210,8400,0.0009357896711095129,0.029931350627541542,32,0.0,1.0,0.006404428958892822,0.6286,1.5016990356445312,1.0,0.006404428958892822,0.6286,1.5016990356445312
cifar10_5k/reference_updates,resolution_max_b1_gaussian_conv,2,220,8800,0.0007350931277697843,0.02730692411661148,32,0.0,1.0,0.005559287548065186,0.6341,1.486716650390625,1.0,0.005559287548065186,0.6341,1.486716650390625
cifar10_5k/reference_updates,resolution_max_b1_gaussian_conv,2,230,9200,0.0005548763045179314,0.021425237822532653,32,0.0,1.0,0.006195316314697266,0.6307,1.5338620300292969,1.0,0.006195316314697266,0.6307,1.5338620300292969
cifar10_5k/reference_updates,resolution_max_b1_gaussian_conv,2,240,9600,0.00039723041089786835,0.01681896371692419,32,0.0,1.0,0.003394665241241455,0.6336,1.5242307250976563,1.0,0.003394665241241455,0.6336,1.5242307250976563
cifar10_5k/reference_updates,resolution_max_b1_gaussian_conv,2,250,10000,0.00026398474670163486,0.017877465906739234,32,0.0,1.0,0.003430509090423584,0.6321,1.5336349914550782,1.0,0.003430509090423584,0.6321,1.5336349914550782
cifar10_5k/reference_updates,resolution_max_b1_gaussian_conv,2,260,10400,0.00015668547504333054,0.015288457924127578,32,0.0,1.0,0.0033326795101165773,0.6322,1.530990625,1.0,0.0033326795101165773,0.6322,1.530990625
cifar10_5k/reference_updates,resolution_max_b1_gaussian_conv,2,270,10800,7.657768090946093e-05,0.015928106632828714,32,0.0,1.0,0.0032547578811645507,0.6312,1.5233413940429688,1.0,0.0032547578811645507,0.6312,1.5233413940429688
cifar10_5k/reference_updates,resolution_max_b1_gaussian_conv,2,280,11200,2.4590923375653608e-05,0.013387297984957695,32,0.0,1.0,0.003150320053100586,0.6314,1.5162193969726563,1.0,0.003150320053100586,0.6314,1.5162193969726563
cifar10_5k/reference_updates,resolution_max_b1_gaussian_conv,2,290,11600,1.3284491396925446e-06,0.014180321481823922,32,0.0,1.0,0.002927929401397705,0.6299,1.515713201904297,1.0,0.002927929401397705,0.6299,1.515713201904297
cifar10_5k/reference_updates,resolution_max_b1_gaussian_conv,2,293,11720,9.074290013844078e-11,0.015428185576200485,32,0.0,1.0,0.003176961898803711,0.632,1.511978955078125,1.0,0.003176961898803711,0.632,1.511978955078125
cifar10_5k/stl_budget,gaussian_postrelu,0,0,0,8.333333333333333e-05,,,,0.086,2.7448740234375,0.1,2.7397414672851563,0.086,2.801917236328125,0.1,2.7896129272460937
cifar10_5k/stl_budget,gaussian_postrelu,0,3,120,0.00499216110265835,1.9046339256286622,,1.0,0.328,1.82728369140625,0.3339,1.80511240234375,0.172,3.4117255859375,0.1569,3.3838818359375
cifar10_5k/stl_budget,gaussian_postrelu,0,6,240,0.004928155595379168,1.6408230953216554,,1.0,0.364,1.624994140625,0.3734,1.6435563659667969,0.132,3.518761474609375,0.132,3.463864001464844
cifar10_5k/stl_budget,gaussian_postrelu,0,9,360,0.0048012621336311016,1.5084587848663331,,0.85,0.49,1.45837548828125,0.43,1.5345425415039062,0.132,3.49859130859375,0.1552,3.482312023925781
cifar10_5k/stl_budget,gaussian_postrelu,0,12,480,0.004614767191419356,1.3927380744934081,,0.85,0.51,1.334177734375,0.4667,1.4582987548828126,0.118,4.0489638671875,0.1227,4.032369274902344
cifar10_5k/stl_budget,gaussian_postrelu,0,15,600,0.004373500889785932,1.275910110282898,,0.7,0.538,1.26061474609375,0.4731,1.4480419006347656,0.168,3.4129951171875,0.173,3.4244054931640626
cifar10_5k/stl_budget,gaussian_postrelu,0,18,720,0.004083711899211779,1.1446504686355592,,0.7,0.582,1.11936328125,0.5027,1.3568585998535156,0.142,3.23041552734375,0.1626,3.2617229736328124
cifar10_5k/stl_budget,gaussian_postrelu,0,21,840,0.0037529056023336174,1.0578673869132995,,0.6,0.644,0.996655517578125,0.5243,1.332642431640625,0.192,3.263819091796875,0.1897,3.2968489135742187
cifar10_5k/stl_budget,gaussian_postrelu,0,24,960,0.0033896497084760393,1.0567085330963135,,0.6,0.674,0.9252481689453125,0.5426,1.2850553527832032,0.164,3.20916748046875,0.1847,3.271876416015625
cifar10_5k/stl_budget,gaussian_postrelu,0,27,1080,0.003003352354480417,0.9072210250854492,,0.5,0.682,0.84815380859375,0.5453,1.29146513671875,0.252,2.51568603515625,0.2541,2.613408251953125
cifar10_5k/stl_budget,gaussian_postrelu,0,30,1200,0.002604018438902576,0.835719443321228,,0.5,0.716,0.775486572265625,0.5587,1.2728924438476563,0.268,2.305603515625,0.2707,2.437477294921875
cifar10_5k/stl_budget,gaussian_postrelu,0,33,1320,0.0022019905003955293,0.8215985229492188,,0.4,0.778,0.692526123046875,0.5731,1.2047335388183593,0.586,1.107661376953125,0.4782,1.4659605895996093
cifar10_5k/stl_budget,gaussian_postrelu,0,36,1440,0.001807680851391052,0.7388988235473632,,0.4,0.83,0.5625887451171875,0.576,1.2089789916992189,0.64,1.0300390625,0.4725,1.5027037231445313
cifar10_5k/stl_budget,gaussian_postrelu,0,39,1560,0.0014313019046770354,0.7601948728561402,,0.3,0.81,0.6111944580078125,0.5643,1.2301200256347655,0.806,0.6249095458984375,0.5615,1.232116015625
cifar10_5k/stl_budget,gaussian_postrelu,0,42,1680,0.0010826016772706077,0.6876697926521301,,0.3,0.816,0.5597293090820312,0.5671,1.24100537109375,0.814,0.5751528930664063,0.5658,1.2459989929199218
cifar10_5k/stl_budget,gaussian_postrelu,0,45,1800,0.000770611321897797,0.6424911140441895,,0.0,0.864,0.4865068359375,0.5636,1.2672936401367187,0.864,0.4865068359375,0.5636,1.2672936401367187
cifar10_5k/stl_budget,gaussian_postrelu,0,48,1920,0.0005034112248817685,0.581217527961731,,0.0,0.88,0.45025173950195313,0.5661,1.257680487060547,0.88,0.45025173950195313,0.5661,1.257680487060547
cifar10_5k/stl_budget,gaussian_postrelu,0,51,2040,0.0002879217283814836,0.5505749450683594,,0.0,0.884,0.40611590576171874,0.5699,1.2593470520019532,0.884,0.40611590576171874,0.5699,1.2593470520019532
cifar10_5k/stl_budget,gaussian_postrelu,0,54,2160,0.00012972389716487813,0.527344529724121,,0.0,0.88,0.40177227783203123,0.5684,1.2717369750976562,0.88,0.40177227783203123,0.5684,1.2717369750976562
cifar10_5k/stl_budget,gaussian_postrelu,0,57,2280,3.291497196296511e-05,0.5232450998306274,,0.0,0.884,0.39773629760742185,0.5706,1.2580568603515625,0.884,0.39773629760742185,0.5706,1.2580568603515625
cifar10_5k/stl_budget,gaussian_postrelu,0,60,2400,2.2530870860681953e-09,0.5219324167251587,,0.0,0.886,0.39214089965820315,0.5715,1.2690103759765625,0.886,0.39214089965820315,0.5715,1.2690103759765625
cifar10_5k/stl_budget,gaussian_postrelu,1,0,0,8.333333333333333e-05,,,,0.104,2.429453125,0.1,2.458291809082031,0.104,2.511177734375,0.1,2.5560952514648436
cifar10_5k/stl_budget,gaussian_postrelu,1,3,120,0.00499216110265835,1.8630413417816163,,1.0,0.328,1.743920654296875,0.3347,1.7538752502441406,0.162,4.0257626953125,0.1603,4.11667412109375
cifar10_5k/stl_budget,gaussian_postrelu,1,6,240,0.004928155595379168,1.6175728540420533,,1.0,0.432,1.552525146484375,0.3977,1.6367356872558594,0.138,3.7282646484375,0.1195,3.8098872802734376
cifar10_5k/stl_budget,gaussian_postrelu,1,9,360,0.0048012621336311016,1.470403455734253,,0.85,0.412,1.55200732421875,0.3692,1.7119460815429688,0.132,3.06454736328125,0.1212,3.176476428222656
cifar10_5k/stl_budget,gaussian_postrelu,1,12,480,0.004614767191419356,1.333630743408203,,0.85,0.458,1.435153564453125,0.4196,1.616310577392578,0.162,3.08464990234375,0.1427,3.1663436279296877
cifar10_5k/stl_budget,gaussian_postrelu,1,15,600,0.004373500889785932,1.21884464969635,,0.7,0.588,1.156736083984375,0.4924,1.3888078918457032,0.238,2.490231689453125,0.1901,2.6031201782226563
cifar10_5k/stl_budget,gaussian_postrelu,1,18,720,0.004083711899211779,1.1665343488693238,,0.7,0.594,1.1224002685546874,0.4911,1.4191249389648437,0.184,2.931427734375,0.1686,3.05435224609375
cifar10_5k/stl_budget,gaussian_postrelu,1,21,840,0.0037529056023336174,1.0579040985107422,,0.6,0.674,0.954058349609375,0.5358,1.2845470764160156,0.252,2.4593408203125,0.2211,2.590853271484375
cifar10_5k/stl_budget,gaussian_postrelu,1,24,960,0.0033896497084760393,0.9775107437133789,,0.6,0.654,0.919495361328125,0.5192,1.3690879943847656,0.228,3.0756884765625,0.1917,3.2684096923828125
cifar10_5k/stl_budget,gaussian_postrelu,1,27,1080,0.003003352354480417,0.8875963920593262,,0.5,0.726,0.7793284912109375,0.5617,1.248631365966797,0.264,2.31460888671875,0.2388,2.5215590087890627
cifar10_5k/stl_budget,gaussian_postrelu,1,30,1200,0.002604018438902576,0.8128643158912658,,0.5,0.768,0.6773414306640625,0.5641,1.2469084533691406,0.308,2.47341064453125,0.2418,2.75541806640625
cifar10_5k/stl_budget,gaussian_postrelu,1,33,1320,0.0022019905003955293,0.8021274807929992,,0.4,0.768,0.6747428588867187,0.5681,1.2222653381347657,0.592,1.1484208984375,0.4433,1.568812646484375
cifar10_5k/stl_budget,gaussian_postrelu,1,36,1440,0.001807680851391052,0.7445639020681382,,0.4,0.804,0.5808814697265625,0.5782,1.2210591369628907,0.642,1.0160943603515624,0.4648,1.5351607788085937
cifar10_5k/stl_budget,gaussian_postrelu,1,39,1560,0.0014313019046770354,0.7219414136886597,,0.3,0.8,0.6051361694335937,0.5646,1.2546616577148437,0.8,0.61393359375,0.5593,1.25443818359375
cifar10_5k/stl_budget,gaussian_postrelu,1,42,1680,0.0010826016772706077,0.6486377735137939,,0.3,0.822,0.514564697265625,0.5663,1.257233172607422,0.838,0.521588134765625,0.5627,1.2563689514160157
cifar10_5k/stl_budget,gaussian_postrelu,1,45,1800,0.000770611321897797,0.5993080738067627,,0.0,0.868,0.4504819641113281,0.5682,1.2445943603515626,0.868,0.4504819641113281,0.5682,1.2445943603515626
cifar10_5k/stl_budget,gaussian_postrelu,1,48,1920,0.0005034112248817685,0.551132695388794,,0.0,0.892,0.4113919677734375,0.5644,1.2828228393554688,0.892,0.4113919677734375,0.5644,1.2828228393554688
cifar10_5k/stl_budget,gaussian_postrelu,1,51,2040,0.0002879217283814836,0.5101413618087769,,0.0,0.898,0.379383544921875,0.5763,1.2568394470214843,0.898,0.379383544921875,0.5763,1.2568394470214843
cifar10_5k/stl_budget,gaussian_postrelu,1,54,2160,0.00012972389716487813,0.49615810413360595,,0.0,0.9,0.3763442077636719,0.5751,1.2589778198242187,0.9,0.3763442077636719,0.5751,1.2589778198242187
cifar10_5k/stl_budget,gaussian_postrelu,1,57,2280,3.291497196296511e-05,0.48495054569244384,,0.0,0.904,0.3620465393066406,0.5761,1.258466064453125,0.904,0.3620465393066406,0.5761,1.258466064453125
cifar10_5k/stl_budget,gaussian_postrelu,1,60,2400,2.2530870860681953e-09,0.4828206298828125,,0.0,0.908,0.3543927917480469,0.5784,1.2613901062011719,0.908,0.3543927917480469,0.5784,1.2613901062011719
cifar10_5k/stl_budget,gaussian_postrelu,2,0,0,8.333333333333333e-05,,,,0.096,3.47655712890625,0.1,3.612704797363281,0.096,3.35979931640625,0.1,3.4897026611328124
cifar10_5k/stl_budget,gaussian_postrelu,2,3,120,0.00499216110265835,1.8337192878723145,,1.0,0.302,1.8285069580078126,0.2977,1.8382768188476561,0.12,3.49920654296875,0.1188,3.5742518676757813
cifar10_5k/stl_budget,gaussian_postrelu,2,6,240,0.004928155595379168,1.6377236259460448,,1.0,0.402,1.582866455078125,0.3977,1.6132081298828125,0.126,3.8086923828125,0.1339,3.880936584472656
cifar10_5k/stl_budget,gaussian_postrelu,2,9,360,0.0048012621336311016,1.470799493789673,,0.85,0.488,1.3691923828125,0.4506,1.4877589538574219,0.19,3.830701416015625,0.1864,3.966105517578125
cifar10_5k/stl_budget,gaussian_postrelu,2,12,480,0.004614767191419356,1.3607687816619873,,0.85,0.528,1.323869873046875,0.4438,1.5110977661132812,0.166,4.0051318359375,0.1762,4.103211926269531
cifar10_5k/stl_budget,gaussian_postrelu,2,15,600,0.004373500889785932,1.2618431587219239,,0.7,0.542,1.23100244140625,0.4713,1.4522043823242188,0.138,4.9943857421875,0.1434,5.141460400390625
cifar10_5k/stl_budget,gaussian_postrelu,2,18,720,0.004083711899211779,1.1277891414642334,,0.7,0.562,1.1322552490234374,0.4852,1.4286818237304688,0.144,5.54786962890625,0.1435,5.739385302734375
cifar10_5k/stl_budget,gaussian_postrelu,2,21,840,0.0037529056023336174,1.0482518376350403,,0.6,0.668,0.9345877685546875,0.5372,1.2997289367675782,0.144,5.049451171875,0.1521,5.308435498046875
cifar10_5k/stl_budget,gaussian_postrelu,2,24,960,0.0033896497084760393,0.9637161779403687,,0.6,0.706,0.8652225341796875,0.5523,1.2746583435058594,0.116,6.498435546875,0.1261,6.742880224609375
cifar10_5k/stl_budget,gaussian_postrelu,2,27,1080,0.003003352354480417,0.9221051241874695,,0.5,0.672,0.8851149291992187,0.5497,1.2935105346679687,0.19,3.731620849609375,0.1739,4.084883056640625
cifar10_5k/stl_budget,gaussian_postrelu,2,30,1200,0.002604018438902576,0.7997862495422363,,0.5,0.734,0.8210382690429687,0.5227,1.4119891723632811,0.234,3.3118291015625,0.2068,3.6956829345703124
cifar10_5k/stl_budget,gaussian_postrelu,2,33,1320,0.0022019905003955293,0.8136595938682556,,0.4,0.746,0.7443495483398438,0.5541,1.3040621826171874,0.426,1.631654541015625,0.3347,2.18370205078125
cifar10_5k/stl_budget,gaussian_postrelu,2,36,1440,0.001807680851391052,0.7265001532554627,,0.4,0.812,0.557255126953125,0.5783,1.2403781555175781,0.522,1.3446904296875,0.3921,2.011880419921875
cifar10_5k/stl_budget,gaussian_postrelu,2,39,1560,0.0014313019046770354,0.7271432947158813,,0.3,0.842,0.57048681640625,0.5701,1.2096817260742188,0.838,0.5927595825195312,0.5642,1.2289912353515624
cifar10_5k/stl_budget,gaussian_postrelu,2,42,1680,0.0010826016772706077,0.6379792608261109,,0.3,0.828,0.51734423828125,0.5608,1.268631494140625,0.826,0.5348346557617187,0.5531,1.28537060546875
cifar10_5k/stl_budget,gaussian_postrelu,2,45,1800,0.000770611321897797,0.5717356914520264,,0.0,0.888,0.44621661376953126,0.577,1.2237092468261719,0.888,0.44621661376953126,0.577,1.2237092468261719
cifar10_5k/stl_budget,gaussian_postrelu,2,48,1920,0.0005034112248817685,0.5465003088474274,,0.0,0.896,0.3922684326171875,0.5749,1.2472659484863282,0.896,0.3922684326171875,0.5749,1.2472659484863282
cifar10_5k/stl_budget,gaussian_postrelu,2,51,2040,0.0002879217283814836,0.49700661125183104,,0.0,0.904,0.35753506469726565,0.5759,1.261464471435547,0.904,0.35753506469726565,0.5759,1.261464471435547
cifar10_5k/stl_budget,gaussian_postrelu,2,54,2160,0.00012972389716487813,0.4825187825202942,,0.0,0.912,0.3631778564453125,0.5733,1.2737914672851562,0.912,0.3631778564453125,0.5733,1.2737914672851562
cifar10_5k/stl_budget,gaussian_postrelu,2,57,2280,3.291497196296511e-05,0.4596447951316833,,0.0,0.912,0.344502685546875,0.576,1.2663727905273436,0.912,0.344502685546875,0.576,1.2663727905273436
cifar10_5k/stl_budget,gaussian_postrelu,2,60,2400,2.2530870860681953e-09,0.45839690799713134,,0.0,0.922,0.338197509765625,0.5722,1.2588374755859375,0.922,0.338197509765625,0.5722,1.2588374755859375
cifar10_5k/stl_budget,plain,0,0,0,8.333333333333333e-05,,,,0.086,2.801917236328125,0.1,2.7896129272460937,,,,
cifar10_5k/stl_budget,plain,0,3,120,0.00499216110265835,2.0394755363464356,,,0.234,1.97657763671875,0.2623,1.9309117004394531,,,,
cifar10_5k/stl_budget,plain,0,6,240,0.004928155595379168,1.7706304267883302,,,0.294,1.803014404296875,0.2975,1.800204327392578,,,,
cifar10_5k/stl_budget,plain,0,9,360,0.0048012621336311016,1.6474117374420165,,,0.41,1.60971923828125,0.3605,1.6672016845703126,,,,
cifar10_5k/stl_budget,plain,0,12,480,0.004614767191419356,1.5325778591156005,,,0.448,1.508834716796875,0.4024,1.5971651916503906,,,,
cifar10_5k/stl_budget,plain,0,15,600,0.004373500889785932,1.4273726329803467,,,0.516,1.3093770751953124,0.4416,1.4952985229492188,,,,
cifar10_5k/stl_budget,plain,0,18,720,0.004083711899211779,1.2964295906066894,,,0.55,1.246116455078125,0.446,1.4805190551757812,,,,
cifar10_5k/stl_budget,plain,0,21,840,0.0037529056023336174,1.1952650681495667,,,0.596,1.105076904296875,0.4565,1.4808771057128907,,,,
cifar10_5k/stl_budget,plain,0,24,960,0.0033896497084760393,1.0983158809661866,,,0.592,1.0939656982421875,0.4405,1.5495505676269532,,,,
cifar10_5k/stl_budget,plain,0,27,1080,0.003003352354480417,0.9982360038757324,,,0.606,1.028875,0.4431,1.5770618408203125,,,,
cifar10_5k/stl_budget,plain,0,30,1200,0.002604018438902576,0.8881580047607421,,,0.684,0.8812744140625,0.4586,1.606454803466797,,,,
cifar10_5k/stl_budget,plain,0,33,1320,0.0022019905003955293,0.8128233968734742,,,0.624,0.993752685546875,0.4321,1.8679241333007812,,,,
cifar10_5k/stl_budget,plain,0,36,1440,0.001807680851391052,0.7163865560531616,,,0.794,0.61096044921875,0.4822,1.5923511108398438,,,,
cifar10_5k/stl_budget,plain,0,39,1560,0.0014313019046770354,0.6049245254516602,,,0.854,0.517022705078125,0.4709,1.6053260986328124,,,,
cifar10_5k/stl_budget,plain,0,42,1680,0.0010826016772706077,0.5483911170005799,,,0.868,0.4410644836425781,0.4893,1.6087998107910155,,,,
cifar10_5k/stl_budget,plain,0,45,1800,0.000770611321897797,0.5043674463272094,,,0.89,0.3901047668457031,0.47,1.6722381530761719,,,,
cifar10_5k/stl_budget,plain,0,48,1920,0.0005034112248817685,0.45441043825149535,,,0.92,0.3280267333984375,0.4798,1.641878125,,,,
cifar10_5k/stl_budget,plain,0,51,2040,0.0002879217283814836,0.41052888808250426,,,0.93,0.2964296264648438,0.4836,1.6622798767089844,,,,
cifar10_5k/stl_budget,plain,0,54,2160,0.00012972389716487813,0.39332611799240114,,,0.926,0.2903642883300781,0.478,1.682652001953125,,,,
cifar10_5k/stl_budget,plain,0,57,2280,3.291497196296511e-05,0.3828235590934753,,,0.93,0.27898565673828124,0.4841,1.6788557556152344,,,,
cifar10_5k/stl_budget,plain,0,60,2400,2.2530870860681953e-09,0.3875470582962036,,,0.936,0.2836687927246094,0.4802,1.6879431213378906,,,,
cifar10_5k/stl_budget,plain,1,0,0,8.333333333333333e-05,,,,0.104,2.511177734375,0.1,2.5560952514648436,,,,
cifar10_5k/stl_budget,plain,1,3,120,0.00499216110265835,2.0537673561096192,,,0.264,1.913025146484375,0.2715,1.8920696594238282,,,,
cifar10_5k/stl_budget,plain,1,6,240,0.004928155595379168,1.7568548252105713,,,0.36,1.69289501953125,0.3228,1.7468785400390625,,,,
cifar10_5k/stl_budget,plain,1,9,360,0.0048012621336311016,1.6236398765563964,,,0.398,1.539819580078125,0.3737,1.62552119140625,,,,
cifar10_5k/stl_budget,plain,1,12,480,0.004614767191419356,1.4878111169815063,,,0.456,1.3916439208984375,0.4144,1.5395516418457031,,,,
cifar10_5k/stl_budget,plain,1,15,600,0.004373500889785932,1.36974366645813,,,0.502,1.2880931396484374,0.4529,1.5124391296386719,,,,
cifar10_5k/stl_budget,plain,1,18,720,0.004083711899211779,1.266422838973999,,,0.564,1.1976605224609376,0.4575,1.4664689575195313,,,,
cifar10_5k/stl_budget,plain,1,21,840,0.0037529056023336174,1.1101541076660155,,,0.598,1.061373779296875,0.467,1.480706982421875,,,,
cifar10_5k/stl_budget,plain,1,24,960,0.0033896497084760393,1.031793790435791,,,0.614,0.9625723876953125,0.4596,1.5243566162109374,,,,
cifar10_5k/stl_budget,plain,1,27,1080,0.003003352354480417,0.8972944366455078,,,0.74,0.7858928833007812,0.4744,1.4860171630859376,,,,
cifar10_5k/stl_budget,plain,1,30,1200,0.002604018438902576,0.7859771837234497,,,0.664,0.8594732666015625,0.429,1.7791744445800781,,,,
cifar10_5k/stl_budget,plain,1,33,1320,0.0022019905003955293,0.6677342679977417,,,0.87,0.4896136474609375,0.4893,1.5385338012695313,,,,
cifar10_5k/stl_budget,plain,1,36,1440,0.001807680851391052,0.6198424218177795,,,0.83,0.4555086669921875,0.483,1.6160667785644531,,,,
cifar10_5k/stl_budget,plain,1,39,1560,0.0014313019046770354,0.4867864933013916,,,0.942,0.3169342041015625,0.4886,1.6424438781738282,,,,
cifar10_5k/stl_budget,plain,1,42,1680,0.0010826016772706077,0.4038294554710388,,,0.958,0.2538609924316406,0.4907,1.6905642456054688,,,,
cifar10_5k/stl_budget,plain,1,45,1800,0.000770611321897797,0.3405132955551147,,,0.976,0.20887026977539064,0.4804,1.7596606872558593,,,,
cifar10_5k/stl_budget,plain,1,48,1920,0.0005034112248817685,0.32505041217803954,,,0.97,0.19412210083007814,0.4697,1.8000041076660156,,,,
cifar10_5k/stl_budget,plain,1,51,2040,0.0002879217283814836,0.2788530716896057,,,0.98,0.16085861206054688,0.4844,1.7619610717773437,,,,
cifar10_5k/stl_budget,plain,1,54,2160,0.00012972389716487813,0.2702149077415466,,,0.986,0.15669383239746093,0.4733,1.7878055969238282,,,,
cifar10_5k/stl_budget,plain,1,57,2280,3.291497196296511e-05,0.2554759765148163,,,0.992,0.14582798767089844,0.4789,1.8040264282226564,,,,
cifar10_5k/stl_budget,plain,1,60,2400,2.2530870860681953e-09,0.2562593825340271,,,0.986,0.14496780395507813,0.483,1.7822983520507814,,,,
cifar10_5k/stl_budget,plain,2,0,0,8.333333333333333e-05,,,,0.096,3.35979931640625,0.1,3.4897026611328124,,,,
cifar10_5k/stl_budget,plain,2,3,120,0.00499216110265835,2.056811790084839,,,0.224,1.99732470703125,0.2397,1.94259755859375,,,,
cifar10_5k/stl_budget,plain,2,6,240,0.004928155595379168,1.7310391916275025,,,0.33,1.6968544921875,0.3444,1.7074862670898439,,,,
cifar10_5k/stl_budget,plain,2,9,360,0.0048012621336311016,1.5738864112854003,,,0.404,1.5150694580078126,0.3926,1.5864997192382813,,,,
cifar10_5k/stl_budget,plain,2,12,480,0.004614767191419356,1.4860336265563965,,,0.45,1.4637142333984374,0.4163,1.5364749145507812,,,,
cifar10_5k/stl_budget,plain,2,15,600,0.004373500889785932,1.384355525970459,,,0.466,1.4234423828125,0.4272,1.561204718017578,,,,
cifar10_5k/stl_budget,plain,2,18,720,0.004083711899211779,1.2668802485466004,,,0.508,1.2763905029296876,0.451,1.4783644409179688,,,,
cifar10_5k/stl_budget,plain,2,21,840,0.0037529056023336174,1.160927089691162,,,0.562,1.1778214111328125,0.4782,1.4884732849121094,,,,
cifar10_5k/stl_budget,plain,2,24,960,0.0033896497084760393,1.0604477394104004,,,0.662,0.95416650390625,0.5117,1.3396740051269531,,,,
cifar10_5k/stl_budget,plain,2,27,1080,0.003003352354480417,0.9764803255081177,,,0.694,0.8726356811523438,0.5018,1.401619512939453,,,,
cifar10_5k/stl_budget,plain,2,30,1200,0.002604018438902576,0.8701592027664184,,,0.742,0.735758544921875,0.5003,1.4017164794921875,,,,
cifar10_5k/stl_budget,plain,2,33,1320,0.0022019905003955293,0.7493789608955383,,,0.782,0.6363648681640625,0.5004,1.4691092529296874,,,,
cifar10_5k/stl_budget,plain,2,36,1440,0.001807680851391052,0.6712381499290466,,,0.822,0.548719970703125,0.4967,1.512012353515625,,,,
cifar10_5k/stl_budget,plain,2,39,1560,0.0014313019046770354,0.5596024470329285,,,0.886,0.4488643493652344,0.4711,1.6128603088378906,,,,
cifar10_5k/stl_budget,plain,2,42,1680,0.0010826016772706077,0.5042435878276825,,,0.92,0.34967813110351564,0.5054,1.5185811462402343,,,,
cifar10_5k/stl_budget,plain,2,45,1800,0.000770611321897797,0.44629438276290895,,,0.94,0.32101409912109374,0.4896,1.5872554626464843,,,,
cifar10_5k/stl_budget,plain,2,48,1920,0.0005034112248817685,0.4298571831226349,,,0.958,0.27028692626953127,0.4976,1.5925090759277343,,,,
cifar10_5k/stl_budget,plain,2,51,2040,0.0002879217283814836,0.3701043914794922,,,0.956,0.25328071594238283,0.4915,1.5939297973632813,,,,
cifar10_5k/stl_budget,plain,2,54,2160,0.00012972389716487813,0.3655134548187256,,,0.948,0.2506863250732422,0.4938,1.6223898010253905,,,,
cifar10_5k/stl_budget,plain,2,57,2280,3.291497196296511e-05,0.3389742350578308,,,0.968,0.2310242919921875,0.5,1.610132049560547,,,,
cifar10_5k/stl_budget,plain,2,60,2400,2.2530870860681953e-09,0.33733732633590696,,,0.966,0.2268042449951172,0.4997,1.5941012329101563,,,,
cifar10_5k/stl_budget,resolution_max_b1,0,0,0,8.333333333333333e-05,,,,0.086,2.651675537109375,0.1,2.646578503417969,0.086,2.801917236328125,0.1,2.7896129272460937
cifar10_5k/stl_budget,resolution_max_b1,0,3,120,0.00499216110265835,1.97931667137146,16,,0.3,1.891035400390625,0.2934,1.8590230773925782,0.178,2.11387353515625,0.1812,2.0865794067382812
cifar10_5k/stl_budget,resolution_max_b1,0,6,240,0.004928155595379168,1.6640880716323851,16,,0.384,1.613634765625,0.3705,1.6677359313964844,0.158,2.905724609375,0.1613,2.9313182861328126
cifar10_5k/stl_budget,resolution_max_b1,0,9,360,0.0048012621336311016,1.4814026062011718,16,,0.44,1.4492994384765625,0.411,1.5834245361328125,0.164,3.999187255859375,0.168,4.038975
cifar10_5k/stl_budget,resolution_max_b1,0,12,480,0.004614767191419356,1.334909319782257,16,,0.55,1.2295389404296875,0.4662,1.458986846923828,0.134,3.9979326171875,0.1394,4.054675280761718
cifar10_5k/stl_budget,resolution_max_b1,0,15,600,0.004373500889785932,1.3467051614761352,24,,0.538,1.29242822265625,0.4562,1.4624163452148438,0.19,3.86529638671875,0.1824,3.958691809082031
cifar10_5k/stl_budget,resolution_max_b1,0,18,720,0.004083711899211779,1.207799986076355,24,,0.598,1.113399169921875,0.4981,1.3550050598144532,0.184,3.36847900390625,0.1676,3.4568025390625
cifar10_5k/stl_budget,resolution_max_b1,0,21,840,0.0037529056023336174,1.1125136192321778,24,,0.632,1.000005859375,0.5081,1.336353399658203,0.172,3.836480712890625,0.1552,3.956692419433594
cifar10_5k/stl_budget,resolution_max_b1,0,24,960,0.0033896497084760393,1.0058441354751586,24,,0.634,0.9872635498046874,0.4951,1.4139910400390625,0.182,3.852938720703125,0.1709,3.973570788574219
cifar10_5k/stl_budget,resolution_max_b1,0,27,1080,0.003003352354480417,1.1599274242401123,32,,0.622,1.045210693359375,0.5317,1.2829562561035157,0.622,1.045210693359375,0.5317,1.2829562561035157
cifar10_5k/stl_budget,resolution_max_b1,0,30,1200,0.002604018438902576,1.0425642673492432,32,,0.624,1.0066093139648438,0.5137,1.3655000549316407,0.624,1.0066093139648438,0.5137,1.3655000549316407
cifar10_5k/stl_budget,resolution_max_b1,0,33,1320,0.0022019905003955293,0.9495027103424072,32,,0.65,1.0227931518554687,0.5141,1.420373876953125,0.65,1.0227931518554687,0.5141,1.420373876953125
cifar10_5k/stl_budget,resolution_max_b1,0,36,1440,0.001807680851391052,0.8732770736694336,32,,0.754,0.775967529296875,0.5453,1.2972520080566405,0.754,0.775967529296875,0.5453,1.2972520080566405
cifar10_5k/stl_budget,resolution_max_b1,0,39,1560,0.0014313019046770354,0.7846489347457886,32,,0.766,0.7206390380859375,0.5382,1.3183990600585938,0.766,0.7206390380859375,0.5382,1.3183990600585938
cifar10_5k/stl_budget,resolution_max_b1,0,42,1680,0.0010826016772706077,0.732866980266571,32,,0.792,0.6336593017578125,0.5547,1.292725146484375,0.792,0.6336593017578125,0.5547,1.292725146484375
cifar10_5k/stl_budget,resolution_max_b1,0,45,1800,0.000770611321897797,0.6971913600921631,32,,0.828,0.5609407958984375,0.5543,1.2976017272949218,0.828,0.5609407958984375,0.5543,1.2976017272949218
cifar10_5k/stl_budget,resolution_max_b1,0,48,1920,0.0005034112248817685,0.6296341385364532,32,,0.842,0.5255418701171874,0.5543,1.3014018920898438,0.842,0.5255418701171874,0.5543,1.3014018920898438
cifar10_5k/stl_budget,resolution_max_b1,0,51,2040,0.0002879217283814836,0.5913541660785675,32,,0.846,0.4979554443359375,0.5537,1.3170612915039062,0.846,0.4979554443359375,0.5537,1.3170612915039062
cifar10_5k/stl_budget,resolution_max_b1,0,54,2160,0.00012972389716487813,0.5784658193588257,32,,0.846,0.48501516723632815,0.5523,1.3271798095703125,0.846,0.48501516723632815,0.5523,1.3271798095703125
cifar10_5k/stl_budget,resolution_max_b1,0,57,2280,3.291497196296511e-05,0.5690637544631958,32,,0.844,0.47721218872070315,0.5546,1.3184668518066407,0.844,0.47721218872070315,0.5546,1.3184668518066407
cifar10_5k/stl_budget,resolution_max_b1,0,60,2400,2.2530870860681953e-09,0.5685281139373779,32,,0.854,0.47825140380859377,0.5511,1.3248330200195313,0.854,0.47825140380859377,0.5511,1.3248330200195313
cifar10_5k/stl_budget,resolution_max_b1,1,0,0,8.333333333333333e-05,,,,0.114,2.44194873046875,0.0984,2.479512048339844,0.104,2.511177734375,0.1,2.5560952514648436
cifar10_5k/stl_budget,resolution_max_b1,1,3,120,0.00499216110265835,2.014222194671631,16,,0.304,1.853935302734375,0.2832,1.85475927734375,0.208,2.009198486328125,0.1999,1.9929182983398437
cifar10_5k/stl_budget,resolution_max_b1,1,6,240,0.004928155595379168,1.6958282638549804,16,,0.436,1.5713876953125,0.3612,1.6756097290039063,0.184,2.342505126953125,0.1762,2.3826063354492186
cifar10_5k/stl_budget,resolution_max_b1,1,9,360,0.0048012621336311016,1.5049131828308104,16,,0.454,1.38508642578125,0.4092,1.5508045288085937,0.176,3.29350732421875,0.1921,3.330145849609375
cifar10_5k/stl_budget,resolution_max_b1,1,12,480,0.004614767191419356,1.3278837474822998,16,,0.498,1.39499267578125,0.406,1.68964228515625,0.152,3.701619140625,0.177,3.740861962890625
cifar10_5k/stl_budget,resolution_max_b1,1,15,600,0.004373500889785932,1.3475181266784668,24,,0.492,1.375806884765625,0.4368,1.5390942443847657,0.204,3.53382177734375,0.1986,3.6220353759765627
cifar10_5k/stl_budget,resolution_max_b1,1,18,720,0.004083711899211779,1.2358947568893432,24,,0.59,1.111556396484375,0.4939,1.3842800415039063,0.212,3.33915966796875,0.1938,3.442780078125
cifar10_5k/stl_budget,resolution_max_b1,1,21,840,0.0037529056023336174,1.0850632961273194,24,,0.614,1.028751953125,0.511,1.3909331970214844,0.236,3.3681943359375,0.2198,3.4967608642578125
cifar10_5k/stl_budget,resolution_max_b1,1,24,960,0.0033896497084760393,0.9834696746826171,24,,0.688,0.8449808349609375,0.5213,1.3542145568847657,0.228,3.744923828125,0.1923,3.930384680175781
cifar10_5k/stl_budget,resolution_max_b1,1,27,1080,0.003003352354480417,1.1708909229278563,32,,0.618,1.051769775390625,0.5212,1.3323603881835937,0.618,1.051769775390625,0.5212,1.3323603881835937
cifar10_5k/stl_budget,resolution_max_b1,1,30,1200,0.002604018438902576,1.0667214511871337,32,,0.67,0.9026824340820313,0.5398,1.2778953186035156,0.67,0.9026824340820313,0.5398,1.2778953186035156
cifar10_5k/stl_budget,resolution_max_b1,1,33,1320,0.0022019905003955293,0.9337138793945312,32,,0.676,0.8572310180664062,0.5303,1.3023646911621094,0.676,0.8572310180664062,0.5303,1.3023646911621094
cifar10_5k/stl_budget,resolution_max_b1,1,36,1440,0.001807680851391052,0.8523750780105591,32,,0.744,0.723685302734375,0.5443,1.2843450744628906,0.744,0.723685302734375,0.5443,1.2843450744628906
cifar10_5k/stl_budget,resolution_max_b1,1,39,1560,0.0014313019046770354,0.7527191922187805,32,,0.72,0.7520450439453125,0.5244,1.4035455932617187,0.72,0.7520450439453125,0.5244,1.4035455932617187
cifar10_5k/stl_budget,resolution_max_b1,1,42,1680,0.0010826016772706077,0.6769919900894165,32,,0.796,0.5740802001953125,0.5413,1.325500860595703,0.796,0.5740802001953125,0.5413,1.325500860595703
cifar10_5k/stl_budget,resolution_max_b1,1,45,1800,0.000770611321897797,0.6270360063552857,32,,0.838,0.5102786254882813,0.549,1.319719012451172,0.838,0.5102786254882813,0.549,1.319719012451172
cifar10_5k/stl_budget,resolution_max_b1,1,48,1920,0.0005034112248817685,0.5817916734695434,32,,0.828,0.5457941284179687,0.5146,1.451962158203125,0.828,0.5457941284179687,0.5146,1.451962158203125
cifar10_5k/stl_budget,resolution_max_b1,1,51,2040,0.0002879217283814836,0.542251256942749,32,,0.872,0.446121337890625,0.545,1.3475977355957032,0.872,0.446121337890625,0.545,1.3475977355957032
cifar10_5k/stl_budget,resolution_max_b1,1,54,2160,0.00012972389716487813,0.5228710243225098,32,,0.896,0.43198004150390623,0.5397,1.3464154724121093,0.896,0.43198004150390623,0.5397,1.3464154724121093
cifar10_5k/stl_budget,resolution_max_b1,1,57,2280,3.291497196296511e-05,0.5187170881271362,32,,0.892,0.41632073974609374,0.54,1.3619634948730468,0.892,0.41632073974609374,0.54,1.3619634948730468
cifar10_5k/stl_budget,resolution_max_b1,1,60,2400,2.2530870860681953e-09,0.5125841686248779,32,,0.894,0.41346316528320315,0.545,1.3471087036132812,0.894,0.41346316528320315,0.545,1.3471087036132812
cifar10_5k/stl_budget,resolution_max_b1,2,0,0,8.333333333333333e-05,,,,0.096,2.890523193359375,0.0997,2.960701953125,0.096,3.35979931640625,0.1,3.4897026611328124
cifar10_5k/stl_budget,resolution_max_b1,2,3,120,0.00499216110265835,1.996114022064209,16,,0.272,1.897946533203125,0.2747,1.8748154846191407,0.21,2.063232421875,0.2032,2.0302804809570314
cifar10_5k/stl_budget,resolution_max_b1,2,6,240,0.004928155595379168,1.6599656600952148,16,,0.41,1.5614984130859375,0.3844,1.6265790161132812,0.202,2.360008544921875,0.1984,2.335858056640625
cifar10_5k/stl_budget,resolution_max_b1,2,9,360,0.0048012621336311016,1.475989790725708,16,,0.474,1.36764990234375,0.4233,1.5387703491210938,0.202,2.56430322265625,0.2185,2.5822896484375
cifar10_5k/stl_budget,resolution_max_b1,2,12,480,0.004614767191419356,1.3515400121688843,16,,0.548,1.2391343994140624,0.4566,1.4832657165527343,0.22,2.9367490234375,0.1988,2.9850980712890625
cifar10_5k/stl_budget,resolution_max_b1,2,15,600,0.004373500889785932,1.3556660739898683,24,,0.518,1.283421630859375,0.4728,1.4340629455566407,0.226,2.834624755859375,0.2223,2.9219502807617186
cifar10_5k/stl_budget,resolution_max_b1,2,18,720,0.004083711899211779,1.2288330255508424,24,,0.578,1.1730908203125,0.5031,1.3767957092285157,0.246,3.046086669921875,0.2186,3.153277185058594
cifar10_5k/stl_budget,resolution_max_b1,2,21,840,0.0037529056023336174,1.0893244850158692,24,,0.59,1.1143017578125,0.4807,1.4581384826660155,0.238,3.37286962890625,0.2191,3.525986193847656
cifar10_5k/stl_budget,resolution_max_b1,2,24,960,0.0033896497084760393,0.9825661052703858,24,,0.658,0.9069910278320312,0.525,1.325023681640625,0.248,3.238251220703125,0.2299,3.3985365600585937
cifar10_5k/stl_budget,resolution_max_b1,2,27,1080,0.003003352354480417,1.192924624633789,32,,0.586,1.1711976318359374,0.5098,1.4039161987304687,0.586,1.1711976318359374,0.5098,1.4039161987304687
cifar10_5k/stl_budget,resolution_max_b1,2,30,1200,0.002604018438902576,1.0758556461334228,32,,0.564,1.164359130859375,0.4726,1.5008002197265624,0.564,1.164359130859375,0.4726,1.5008002197265624
cifar10_5k/stl_budget,resolution_max_b1,2,33,1320,0.0022019905003955293,0.9336596949577332,32,,0.708,0.8635274658203125,0.5348,1.290530029296875,0.708,0.8635274658203125,0.5348,1.290530029296875
cifar10_5k/stl_budget,resolution_max_b1,2,36,1440,0.001807680851391052,0.8511167167663575,32,,0.752,0.7318359375,0.5486,1.2785810485839844,0.752,0.7318359375,0.5486,1.2785810485839844
cifar10_5k/stl_budget,resolution_max_b1,2,39,1560,0.0014313019046770354,0.7525577250480652,32,,0.812,0.6196220703125,0.5531,1.2684054992675782,0.812,0.6196220703125,0.5531,1.2684054992675782
cifar10_5k/stl_budget,resolution_max_b1,2,42,1680,0.0010826016772706077,0.6962080006599426,32,,0.822,0.5898087158203125,0.5425,1.3029196716308593,0.822,0.5898087158203125,0.5425,1.3029196716308593
cifar10_5k/stl_budget,resolution_max_b1,2,45,1800,0.000770611321897797,0.6240900435447693,32,,0.86,0.5005043029785157,0.5575,1.3111367065429687,0.86,0.5005043029785157,0.5575,1.3111367065429687
cifar10_5k/stl_budget,resolution_max_b1,2,48,1920,0.0005034112248817685,0.588741569519043,32,,0.868,0.4601112060546875,0.554,1.312627520751953,0.868,0.4601112060546875,0.554,1.312627520751953
cifar10_5k/stl_budget,resolution_max_b1,2,51,2040,0.0002879217283814836,0.5456850206375122,32,,0.88,0.432291015625,0.552,1.325344549560547,0.88,0.432291015625,0.552,1.325344549560547
cifar10_5k/stl_budget,resolution_max_b1,2,54,2160,0.00012972389716487813,0.5318219617843628,32,,0.884,0.44147970581054685,0.5518,1.3451022033691407,0.884,0.44147970581054685,0.5518,1.3451022033691407
cifar10_5k/stl_budget,resolution_max_b1,2,57,2280,3.291497196296511e-05,0.5154786315917969,32,,0.898,0.4094841918945312,0.5535,1.3258105041503907,0.898,0.4094841918945312,0.5535,1.3258105041503907
cifar10_5k/stl_budget,resolution_max_b1,2,60,2400,2.2530870860681953e-09,0.5114048494815826,32,,0.9,0.40395135498046875,0.5551,1.3157726684570312,0.9,0.40395135498046875,0.5551,1.3157726684570312
cifar10_5k/stl_budget,resolution_max_b1_gaussian_conv,0,0,0,8.333333333333333e-05,,,,0.086,2.55667236328125,0.1,2.5492406494140627,0.086,2.801917236328125,0.1,2.7896129272460937
cifar10_5k/stl_budget,resolution_max_b1_gaussian_conv,0,3,120,0.00499216110265835,1.878443424987793,16,1.0,0.346,1.74282177734375,0.3495,1.7466773254394532,0.138,3.5473447265625,0.1206,3.5263461181640623
cifar10_5k/stl_budget,resolution_max_b1_gaussian_conv,0,6,240,0.004928155595379168,1.5502218200683593,16,1.0,0.438,1.4918441162109375,0.4125,1.5775584899902344,0.156,3.9209111328125,0.1491,3.869667138671875
cifar10_5k/stl_budget,resolution_max_b1_gaussian_conv,0,9,360,0.0048012621336311016,1.3867434774398804,16,0.85,0.508,1.31379931640625,0.4584,1.486454315185547,0.144,3.5718056640625,0.1411,3.5850974609375
cifar10_5k/stl_budget,resolution_max_b1_gaussian_conv,0,12,480,0.004614767191419356,1.275988200378418,16,0.85,0.572,1.154559814453125,0.4768,1.4431156372070313,0.104,4.0048623046875,0.1067,3.9930609130859374
cifar10_5k/stl_budget,resolution_max_b1_gaussian_conv,0,15,600,0.004373500889785932,1.2899561351776123,24,0.7,0.536,1.208513427734375,0.4654,1.46477529296875,0.118,4.4232998046875,0.114,4.375761303710937
cifar10_5k/stl_budget,resolution_max_b1_gaussian_conv,0,18,720,0.004083711899211779,1.124235594558716,24,0.7,0.642,1.009507080078125,0.5035,1.3663815673828126,0.11,4.686400390625,0.1088,4.644497607421875
cifar10_5k/stl_budget,resolution_max_b1_gaussian_conv,0,21,840,0.0037529056023336174,1.0231147171020507,24,0.6,0.68,0.930210693359375,0.5101,1.3505591674804687,0.102,3.97048095703125,0.1089,4.0118778076171875
cifar10_5k/stl_budget,resolution_max_b1_gaussian_conv,0,24,960,0.0033896497084760393,0.9468854818344116,24,0.6,0.68,0.8762536010742188,0.522,1.374122802734375,0.196,3.73749658203125,0.183,3.8175812255859376
cifar10_5k/stl_budget,resolution_max_b1_gaussian_conv,0,27,1080,0.003003352354480417,1.0362749839782714,32,0.5,0.69,0.872287353515625,0.5526,1.2525607116699218,0.124,6.7286787109375,0.1296,6.533263891601562
cifar10_5k/stl_budget,resolution_max_b1_gaussian_conv,0,30,1200,0.002604018438902576,0.9284552467346191,32,0.5,0.708,0.8321408081054688,0.5429,1.2985972900390625,0.152,6.1765498046875,0.1491,6.12325029296875
cifar10_5k/stl_budget,resolution_max_b1_gaussian_conv,0,33,1320,0.0022019905003955293,0.8837710540771484,32,0.4,0.756,0.765549072265625,0.5771,1.1996620422363282,0.502,1.653602783203125,0.4293,1.8800640502929689
cifar10_5k/stl_budget,resolution_max_b1_gaussian_conv,0,36,1440,0.001807680851391052,0.8008887928009033,32,0.4,0.788,0.6450169067382813,0.5678,1.2212729248046874,0.502,1.557017333984375,0.4026,1.9499160461425782
cifar10_5k/stl_budget,resolution_max_b1_gaussian_conv,0,39,1560,0.0014313019046770354,0.8149625846862792,32,0.3,0.778,0.7117845458984375,0.567,1.2165349670410157,0.776,0.7319735107421875,0.5612,1.2308905639648438
cifar10_5k/stl_budget,resolution_max_b1_gaussian_conv,0,42,1680,0.0010826016772706077,0.7360047735214233,32,0.3,0.802,0.620259521484375,0.5765,1.211544512939453,0.798,0.6423150634765625,0.5697,1.2269837219238282
cifar10_5k/stl_budget,resolution_max_b1_gaussian_conv,0,45,1800,0.000770611321897797,0.6873716926574707,32,0.0,0.842,0.544421630859375,0.5758,1.2058701782226562,0.842,0.544421630859375,0.5758,1.2058701782226562
cifar10_5k/stl_budget,resolution_max_b1_gaussian_conv,0,48,1920,0.0005034112248817685,0.6333473193645477,32,0.0,0.856,0.52294287109375,0.5802,1.2080149719238282,0.856,0.52294287109375,0.5802,1.2080149719238282
cifar10_5k/stl_budget,resolution_max_b1_gaussian_conv,0,51,2040,0.0002879217283814836,0.6005154138565063,32,0.0,0.864,0.48188165283203127,0.584,1.2089563354492188,0.864,0.48188165283203127,0.584,1.2089563354492188
cifar10_5k/stl_budget,resolution_max_b1_gaussian_conv,0,54,2160,0.00012972389716487813,0.587123843574524,32,0.0,0.862,0.4793118896484375,0.5804,1.2168953857421876,0.862,0.4793118896484375,0.5804,1.2168953857421876
cifar10_5k/stl_budget,resolution_max_b1_gaussian_conv,0,57,2280,3.291497196296511e-05,0.5800145004272461,32,0.0,0.874,0.4725995178222656,0.5838,1.2103128051757812,0.874,0.4725995178222656,0.5838,1.2103128051757812
cifar10_5k/stl_budget,resolution_max_b1_gaussian_conv,0,60,2400,2.2530870860681953e-09,0.5750595097541809,32,0.0,0.86,0.47820916748046877,0.5825,1.2111891174316407,0.86,0.47820916748046877,0.5825,1.2111891174316407
cifar10_5k/stl_budget,resolution_max_b1_gaussian_conv,1,0,0,8.333333333333333e-05,,,,0.114,2.3550966796875,0.1059,2.3745359252929688,0.104,2.511177734375,0.1,2.5560952514648436
cifar10_5k/stl_budget,resolution_max_b1_gaussian_conv,1,3,120,0.00499216110265835,1.8555928188323974,16,1.0,0.366,1.706357177734375,0.3418,1.7459185668945312,0.138,3.69444921875,0.1289,3.7997722412109374
cifar10_5k/stl_budget,resolution_max_b1_gaussian_conv,1,6,240,0.004928155595379168,1.566819274520874,16,1.0,0.45,1.46120947265625,0.4069,1.587852362060547,0.174,4.1964609375,0.1557,4.2569691284179685
cifar10_5k/stl_budget,resolution_max_b1_gaussian_conv,1,9,360,0.0048012621336311016,1.3957471115112305,16,0.85,0.496,1.3574395751953126,0.4212,1.5702812622070312,0.15,4.3835576171875,0.1561,4.508401391601563
cifar10_5k/stl_budget,resolution_max_b1_gaussian_conv,1,12,480,0.004614767191419356,1.2224838361740111,16,0.85,0.606,1.1436429443359375,0.4688,1.4634926879882812,0.118,4.665826171875,0.1238,4.738320581054688
cifar10_5k/stl_budget,resolution_max_b1_gaussian_conv,1,15,600,0.004373500889785932,1.2350252445220948,24,0.7,0.526,1.322134521484375,0.4332,1.5842522338867187,0.162,3.32673291015625,0.163,3.3694126953125
cifar10_5k/stl_budget,resolution_max_b1_gaussian_conv,1,18,720,0.004083711899211779,1.1387223143577576,24,0.7,0.622,1.06521728515625,0.5158,1.349132879638672,0.138,4.9605791015625,0.1436,5.042824560546875
cifar10_5k/stl_budget,resolution_max_b1_gaussian_conv,1,21,840,0.0037529056023336174,0.9926942517280578,24,0.6,0.67,0.9494197998046875,0.544,1.2971571533203126,0.188,3.16630419921875,0.1981,3.2705715576171874
cifar10_5k/stl_budget,resolution_max_b1_gaussian_conv,1,24,960,0.0033896497084760393,0.8945080595016479,24,0.6,0.71,0.8131593627929687,0.5476,1.2764033996582032,0.146,4.79057373046875,0.1437,4.910104907226563
cifar10_5k/stl_budget,resolution_max_b1_gaussian_conv,1,27,1080,0.003003352354480417,1.043589448928833,32,0.5,0.684,0.9207646484375,0.5507,1.267403271484375,0.16,7.38630322265625,0.151,7.543819750976563
cifar10_5k/stl_budget,resolution_max_b1_gaussian_conv,1,30,1200,0.002604018438902576,0.90641360206604,32,0.5,0.732,0.7535203247070312,0.5705,1.1961103637695312,0.174,7.3392353515625,0.1579,7.614590869140625
cifar10_5k/stl_budget,resolution_max_b1_gaussian_conv,1,33,1320,0.0022019905003955293,0.8710963935852051,32,0.4,0.714,0.7674818115234375,0.5719,1.1835065368652344,0.438,1.470305908203125,0.402,1.8117400573730469
cifar10_5k/stl_budget,resolution_max_b1_gaussian_conv,1,36,1440,0.001807680851391052,0.7620258099079132,32,0.4,0.778,0.6675472412109374,0.5836,1.1975960632324218,0.47,1.4717803955078126,0.4029,1.9081060485839845
cifar10_5k/stl_budget,resolution_max_b1_gaussian_conv,1,39,1560,0.0014313019046770354,0.7677304468154907,32,0.3,0.78,0.676007568359375,0.583,1.1778152221679687,0.786,0.682271484375,0.5786,1.1808856811523438
cifar10_5k/stl_budget,resolution_max_b1_gaussian_conv,1,42,1680,0.0010826016772706077,0.7001252297401428,32,0.3,0.816,0.60325244140625,0.5812,1.1914582458496095,0.804,0.6087095947265625,0.5787,1.1931962951660156
cifar10_5k/stl_budget,resolution_max_b1_gaussian_conv,1,45,1800,0.000770611321897797,0.6499626707077026,32,0.0,0.848,0.5386495361328125,0.5907,1.1729386169433593,0.848,0.5386495361328125,0.5907,1.1729386169433593
cifar10_5k/stl_budget,resolution_max_b1_gaussian_conv,1,48,1920,0.0005034112248817685,0.6037716684341431,32,0.0,0.86,0.49277081298828124,0.5869,1.197952392578125,0.86,0.49277081298828124,0.5869,1.197952392578125
cifar10_5k/stl_budget,resolution_max_b1_gaussian_conv,1,51,2040,0.0002879217283814836,0.5673973201751709,32,0.0,0.878,0.46932177734375,0.5905,1.190228533935547,0.878,0.46932177734375,0.5905,1.190228533935547
cifar10_5k/stl_budget,resolution_max_b1_gaussian_conv,1,54,2160,0.00012972389716487813,0.5486094604492188,32,0.0,0.876,0.4670790405273437,0.5895,1.1942902954101562,0.876,0.4670790405273437,0.5895,1.1942902954101562
cifar10_5k/stl_budget,resolution_max_b1_gaussian_conv,1,57,2280,3.291497196296511e-05,0.5511099620819092,32,0.0,0.888,0.4464014587402344,0.5886,1.1968604431152343,0.888,0.4464014587402344,0.5886,1.1968604431152343
cifar10_5k/stl_budget,resolution_max_b1_gaussian_conv,1,60,2400,2.2530870860681953e-09,0.5403146272182464,32,0.0,0.884,0.4472449951171875,0.5904,1.189097265625,0.884,0.4472449951171875,0.5904,1.189097265625
cifar10_5k/stl_budget,resolution_max_b1_gaussian_conv,2,0,0,8.333333333333333e-05,,,,0.096,2.81785400390625,0.1,2.8736927734375,0.096,3.35979931640625,0.1,3.4897026611328124
cifar10_5k/stl_budget,resolution_max_b1_gaussian_conv,2,3,120,0.00499216110265835,1.7558973583221436,16,1.0,0.34,1.702554931640625,0.349,1.7154792175292968,0.136,3.19203271484375,0.1359,3.2499920532226563
cifar10_5k/stl_budget,resolution_max_b1_gaussian_conv,2,6,240,0.004928155595379168,1.5123596376419068,16,1.0,0.47,1.363869873046875,0.4417,1.5047853515625,0.206,3.104767333984375,0.2059,3.1733918212890626
cifar10_5k/stl_budget,resolution_max_b1_gaussian_conv,2,9,360,0.0048012621336311016,1.3493382064819337,16,0.85,0.534,1.2725081787109376,0.4583,1.486487890625,0.194,2.65052880859375,0.216,2.6730842041015626
cifar10_5k/stl_budget,resolution_max_b1_gaussian_conv,2,12,480,0.004614767191419356,1.2219061511993408,16,0.85,0.598,1.132435546875,0.4801,1.4300110473632812,0.188,3.593321533203125,0.1891,3.6566936279296876
cifar10_5k/stl_budget,resolution_max_b1_gaussian_conv,2,15,600,0.004373500889785932,1.2210187271118165,24,0.7,0.592,1.17496533203125,0.4924,1.410437548828125,0.188,4.496119140625,0.1765,4.6168784912109375
cifar10_5k/stl_budget,resolution_max_b1_gaussian_conv,2,18,720,0.004083711899211779,1.0749756172180176,24,0.7,0.652,0.9693574829101562,0.5321,1.2950646911621093,0.212,4.79276220703125,0.1989,4.947821264648438
cifar10_5k/stl_budget,resolution_max_b1_gaussian_conv,2,21,840,0.0037529056023336174,0.9752174560546875,24,0.6,0.712,0.8095347900390625,0.5673,1.2195958740234376,0.232,3.533864990234375,0.2166,3.690634655761719
cifar10_5k/stl_budget,resolution_max_b1_gaussian_conv,2,24,960,0.0033896497084760393,0.8816428600311279,24,0.6,0.688,0.8715338134765624,0.5398,1.346910955810547,0.242,3.6540986328125,0.2089,3.832488488769531
cifar10_5k/stl_budget,resolution_max_b1_gaussian_conv,2,27,1080,0.003003352354480417,1.0693976408004762,32,0.5,0.648,1.00711328125,0.5363,1.3534916809082032,0.2,6.9619306640625,0.1863,7.22445888671875
cifar10_5k/stl_budget,resolution_max_b1_gaussian_conv,2,30,1200,0.002604018438902576,0.89605773563385,32,0.5,0.712,0.8344783325195313,0.5555,1.2816018188476563,0.28,5.90134375,0.2322,6.229200415039062
cifar10_5k/stl_budget,resolution_max_b1_gaussian_conv,2,33,1320,0.0022019905003955293,0.847060844707489,32,0.4,0.732,0.7880208740234375,0.5783,1.2025957885742187,0.488,1.630361572265625,0.4195,1.968630859375
cifar10_5k/stl_budget,resolution_max_b1_gaussian_conv,2,36,1440,0.001807680851391052,0.7588469776153565,32,0.4,0.79,0.6087779541015625,0.6076,1.1256599365234374,0.526,1.5140830078125,0.4303,1.9385888122558594
cifar10_5k/stl_budget,resolution_max_b1_gaussian_conv,2,39,1560,0.0014313019046770354,0.7788333801269531,32,0.3,0.796,0.647354248046875,0.5988,1.1271053100585937,0.788,0.66282421875,0.5938,1.1384334228515625
cifar10_5k/stl_budget,resolution_max_b1_gaussian_conv,2,42,1680,0.0010826016772706077,0.6972681100845337,32,0.3,0.826,0.5768956298828125,0.6018,1.130191876220703,0.806,0.5955718383789063,0.5931,1.1512146728515624
cifar10_5k/stl_budget,resolution_max_b1_gaussian_conv,2,45,1800,0.000770611321897797,0.6471617963790893,32,0.0,0.832,0.5312847900390625,0.6063,1.1290966522216797,0.832,0.5312847900390625,0.6063,1.1290966522216797
cifar10_5k/stl_budget,resolution_max_b1_gaussian_conv,2,48,1920,0.0005034112248817685,0.6103096131324768,32,0.0,0.858,0.4999403991699219,0.6043,1.1310554260253907,0.858,0.4999403991699219,0.6043,1.1310554260253907
cifar10_5k/stl_budget,resolution_max_b1_gaussian_conv,2,51,2040,0.0002879217283814836,0.5666384376525879,32,0.0,0.86,0.4571473388671875,0.6075,1.1298663269042968,0.86,0.4571473388671875,0.6075,1.1298663269042968
cifar10_5k/stl_budget,resolution_max_b1_gaussian_conv,2,54,2160,0.00012972389716487813,0.5574760620117187,32,0.0,0.854,0.4697066650390625,0.6083,1.1452444396972656,0.854,0.4697066650390625,0.6083,1.1452444396972656
cifar10_5k/stl_budget,resolution_max_b1_gaussian_conv,2,57,2280,3.291497196296511e-05,0.53760697889328,32,0.0,0.864,0.446373779296875,0.6106,1.1294161743164062,0.864,0.446373779296875,0.6106,1.1294161743164062
cifar10_5k/stl_budget,resolution_max_b1_gaussian_conv,2,60,2400,2.2530870860681953e-09,0.534066314458847,32,0.0,0.866,0.44549322509765626,0.6087,1.1241964782714844,0.866,0.44549322509765626,0.6087,1.1241964782714844
resnet20act_cifar10/gelu,gaussian_postrelu,0,0,0,8.333333333333333e-05,,,,0.098,2.586116943359375,0.0985,2.5767635620117186,0.1,2.662419189453125,0.1,2.657359509277344
resnet20act_cifar10/gelu,gaussian_postrelu,0,1,391,0.004990141512569891,1.787433666534424,,1.0,0.408,1.6433131103515626,0.4167,1.5828121826171875,0.104,5.27322705078125,0.1054,5.363424853515625
resnet20act_cifar10/gelu,gaussian_postrelu,0,2,782,0.004953056580549272,1.400151576423645,,1.0,0.516,1.311019287109375,0.5222,1.3161744750976563,0.154,4.379884765625,0.1396,4.410480859375
resnet20act_cifar10/gelu,gaussian_postrelu,0,3,1173,0.004888818630747975,1.2426779011154174,,1.0,0.59,1.1440830078125,0.5715,1.1708595825195312,0.114,5.117958984375,0.1123,5.169745727539063
resnet20act_cifar10/gelu,gaussian_postrelu,0,4,1564,0.004798138716554241,1.115278721961975,,0.85,0.634,1.0594765625,0.6239,1.0479653747558593,0.132,4.5894921875,0.1365,4.570726782226562
resnet20act_cifar10/gelu,gaussian_postrelu,0,5,1955,0.004682020578909872,1.0173815974235534,,0.85,0.648,0.959013427734375,0.6467,0.9821627899169922,0.164,5.9143408203125,0.1516,5.875333911132812
resnet20act_cifar10/gelu,gaussian_postrelu,0,6,2346,0.004541749535846712,0.9289965424728394,,0.85,0.686,0.919541015625,0.6786,0.9056244049072265,0.164,5.70931640625,0.1635,5.740989697265625
resnet20act_cifar10/gelu,gaussian_postrelu,0,7,2737,0.0043788782552308895,0.8469421897315978,,0.7,0.712,0.817937255859375,0.6968,0.8512961822509766,0.188,4.474955078125,0.1787,4.502484448242187
resnet20act_cifar10/gelu,gaussian_postrelu,0,8,3128,0.004195209568197074,0.7849232949447632,,0.7,0.748,0.7187822265625,0.7265,0.7703813720703125,0.212,4.32104541015625,0.2259,4.3065439453125
resnet20act_cifar10/gelu,gaussian_postrelu,0,9,3519,0.0039927765135118086,0.7291066122913361,,0.7,0.754,0.67176953125,0.7272,0.774804638671875,0.18,5.2419267578125,0.1702,5.278469262695313
resnet20act_cifar10/gelu,gaussian_postrelu,0,10,3910,0.0037738198337559444,0.6817532621479034,,0.6,0.782,0.6182131958007813,0.7522,0.7151336944580078,0.242,3.71311572265625,0.2417,3.749076220703125
resnet20act_cifar10/gelu,gaussian_postrelu,0,11,4301,0.0035407631724221527,0.6324246737098694,,0.6,0.774,0.594059814453125,0.7589,0.6886404052734375,0.218,3.5944140625,0.2291,3.6157777954101564
resnet20act_cifar10/gelu,gaussian_postrelu,0,12,4692,0.003296186246472237,0.5959658091259002,,0.6,0.796,0.549149169921875,0.768,0.6733744781494141,0.252,3.855336669921875,0.2414,3.935284375
resnet20act_cifar10/gelu,gaussian_postrelu,0,13,5083,0.0030427962913086395,0.5758194545745849,,0.5,0.84,0.46870065307617187,0.7788,0.6311709716796875,0.376,1.941901123046875,0.3775,2.0095060119628907
resnet20act_cifar10/gelu,gaussian_postrelu,0,14,5474,0.0027833980942373526,0.5358036787223815,,0.5,0.838,0.4525638427734375,0.7788,0.6283715301513672,0.342,2.19662744140625,0.3279,2.2707646728515627
resnet20act_cifar10/gelu,gaussian_postrelu,0,15,5865,0.0025208629481234496,0.5054677425003051,,0.5,0.86,0.4350888671875,0.7837,0.6241167907714844,0.354,2.39690087890625,0.3384,2.4992332641601562
resnet20act_cifar10/gelu,gaussian_postrelu,0,16,6256,0.0022580968688929426,0.5414830031776429,,0.4,0.86,0.43898236083984377,0.784,0.6275611663818359,0.702,0.8705096435546875,0.6459,1.0028019073486327
resnet20act_cifar10/gelu,gaussian_postrelu,0,17,6647,0.0019980084286831713,0.48652233514785764,,0.4,0.844,0.4323662109375,0.7881,0.6182737701416016,0.742,0.747345947265625,0.696,0.8690099731445312
resnet20act_cifar10/gelu,gaussian_postrelu,0,18,7038,0.0017434765606983522,0.45289159327507017,,0.4,0.862,0.4067612915039063,0.7903,0.6082667999267578,0.746,0.736615478515625,0.6899,0.8816324310302734
resnet20act_cifar10/gelu,gaussian_postrelu,0,19,7429,0.0014973186921401005,0.4906414347743988,,0.3,0.862,0.42052850341796877,0.7863,0.6226011932373047,0.866,0.4339967346191406,0.7832,0.6307946014404296
resnet20act_cifar10/gelu,gaussian_postrelu,0,20,7820,0.0012622595579512698,0.4443456306934357,,0.3,0.87,0.3832630615234375,0.7891,0.6187399139404297,0.864,0.395977294921875,0.7843,0.6275634460449219
resnet20act_cifar10/gelu,gaussian_postrelu,0,21,8211,0.0010409010405754784,0.4186410153770447,,0.3,0.894,0.35588665771484373,0.7934,0.6035427978515625,0.888,0.3652498779296875,0.79,0.6110644989013672
resnet20act_cifar10/gelu,gaussian_postrelu,0,22,8602,0.0008356933695777008,0.40564511060237884,,0.0,0.896,0.327609130859375,0.7902,0.6075208343505859,0.896,0.327609130859375,0.7902,0.6075208343505859
resnet20act_cifar10/gelu,gaussian_postrelu,0,23,8993,0.0006489079999188671,0.38512413149356844,,0.0,0.888,0.31577215576171874,0.7948,0.6058768096923828,0.888,0.31577215576171874,0.7948,0.6058768096923828
resnet20act_cifar10/gelu,gaussian_postrelu,0,24,9384,0.0004826124690963721,0.36892038237571717,,0.0,0.894,0.30177926635742186,0.7958,0.6013391479492187,0.894,0.30177926635742186,0.7958,0.6013391479492187
resnet20act_cifar10/gelu,gaussian_postrelu,0,25,9775,0.0003386475114581614,0.356320945725441,,0.0,0.914,0.28188449096679685,0.7966,0.6047549468994141,0.914,0.28188449096679685,0.7966,0.6047549468994141
resnet20act_cifar10/gelu,gaussian_postrelu,0,26,10166,0.00021860668301331375,0.348177393693924,,0.0,0.906,0.27631149291992185,0.7967,0.6071146881103515,0.906,0.27631149291992185,0.7967,0.6071146881103515
resnet20act_cifar10/gelu,gaussian_postrelu,0,27,10557,0.00012381872227320984,0.3374453996562958,,0.0,0.914,0.28111236572265624,0.7946,0.6050610809326172,0.914,0.28111236572265624,0.7946,0.6050610809326172
resnet20act_cifar10/gelu,gaussian_postrelu,0,28,10948,5.53328423720989e-05,0.33533267327785493,,0.0,0.906,0.27296493530273436,0.796,0.6035106964111329,0.906,0.27296493530273436,0.796,0.6035106964111329
resnet20act_cifar10/gelu,gaussian_postrelu,0,29,11339,1.3907117269393864e-05,0.3293648501396179,,0.0,0.906,0.27273291015625,0.7976,0.6085473693847656,0.906,0.27273291015625,0.7976,0.6085473693847656
resnet20act_cifar10/gelu,gaussian_postrelu,0,30,11730,9.058745198409212e-11,0.32921704547405245,,0.0,0.912,0.2716940307617188,0.7986,0.6021387176513672,0.912,0.2716940307617188,0.7986,0.6021387176513672
resnet20act_cifar10/gelu,gaussian_postrelu,1,0,0,8.333333333333333e-05,,,,0.108,2.38055615234375,0.1042,2.3832951416015624,0.1,2.4681787109375,0.1004,2.4693378173828124
resnet20act_cifar10/gelu,gaussian_postrelu,1,1,391,0.004990141512569891,1.7704994790267945,,1.0,0.47,1.505851318359375,0.4666,1.4440949096679687,0.15,2.8230654296875,0.1408,2.8072000366210936
resnet20act_cifar10/gelu,gaussian_postrelu,1,2,782,0.004953056580549272,1.3780782569122314,,1.0,0.532,1.302654296875,0.5266,1.2815362915039064,0.158,2.44535009765625,0.1641,2.438442822265625
resnet20act_cifar10/gelu,gaussian_postrelu,1,3,1173,0.004888818630747975,1.2200411791610717,,1.0,0.574,1.111824951171875,0.5976,1.1181452026367187,0.222,2.6079208984375,0.1992,2.6408468505859375
resnet20act_cifar10/gelu,gaussian_postrelu,1,4,1564,0.004798138716554241,1.086747995452881,,0.85,0.65,1.0196986694335937,0.6356,1.01614326171875,0.186,2.8867265625,0.1791,2.891547705078125
resnet20act_cifar10/gelu,gaussian_postrelu,1,5,1955,0.004682020578909872,0.9759458744239807,,0.85,0.69,0.87701318359375,0.6707,0.9290261932373047,0.154,3.391196044921875,0.1411,3.4411752685546877
resnet20act_cifar10/gelu,gaussian_postrelu,1,6,2346,0.004541749535846712,0.894686627368927,,0.85,0.704,0.8640828857421875,0.6935,0.8694087310791015,0.156,3.56644384765625,0.1601,3.5209129028320314
resnet20act_cifar10/gelu,gaussian_postrelu,1,7,2737,0.0043788782552308895,0.8144340793037415,,0.7,0.738,0.7453778076171875,0.7194,0.7986483245849609,0.26,2.91698583984375,0.236,2.9041193115234374
resnet20act_cifar10/gelu,gaussian_postrelu,1,8,3128,0.004195209568197074,0.7487559350967408,,0.7,0.738,0.710564697265625,0.7273,0.7766609954833984,0.188,3.53020947265625,0.1701,3.5591050659179686
resnet20act_cifar10/gelu,gaussian_postrelu,1,9,3519,0.0039927765135118086,0.7045032926559448,,0.7,0.784,0.6228125,0.7538,0.7164908111572266,0.232,3.342089111328125,0.2145,3.3175511962890627
resnet20act_cifar10/gelu,gaussian_postrelu,1,10,3910,0.0037738198337559444,0.6509326488304138,,0.6,0.776,0.5919061279296876,0.7492,0.7220317352294922,0.28,2.77905810546875,0.2746,2.754516162109375
resnet20act_cifar10/gelu,gaussian_postrelu,1,11,4301,0.0035407631724221527,0.617459587802887,,0.6,0.79,0.5860071411132812,0.7609,0.6833115356445313,0.236,3.29553271484375,0.2202,3.2060293212890625
resnet20act_cifar10/gelu,gaussian_postrelu,1,12,4692,0.003296186246472237,0.5791142765903473,,0.6,0.844,0.48288525390625,0.7839,0.6286633819580079,0.27,2.715349609375,0.2536,2.6968843994140625
resnet20act_cifar10/gelu,gaussian_postrelu,1,13,5083,0.0030427962913086395,0.5625289511680603,,0.5,0.828,0.4541365661621094,0.7839,0.6178156646728515,0.346,2.1684033203125,0.353,2.1143620544433595
resnet20act_cifar10/gelu,gaussian_postrelu,1,14,5474,0.0027833980942373526,0.5221265836048127,,0.5,0.868,0.43095489501953127,0.7913,0.6032598236083985,0.39,1.9887310791015624,0.3992,1.9498103759765626
resnet20act_cifar10/gelu,gaussian_postrelu,1,15,5865,0.0025208629481234496,0.49100927138328554,,0.5,0.864,0.40070602416992185,0.7955,0.5902392456054687,0.35,2.268258056640625,0.352,2.2023593017578125
resnet20act_cifar10/gelu,gaussian_postrelu,1,16,6256,0.0022580968688929426,0.5296546213912964,,0.4,0.858,0.41917877197265624,0.7948,0.5943269927978516,0.726,0.8209786376953125,0.6823,0.9051287963867187
resnet20act_cifar10/gelu,gaussian_postrelu,1,17,6647,0.0019980084286831713,0.4773757519435883,,0.4,0.852,0.38434869384765624,0.7913,0.5995263153076172,0.772,0.7001844482421875,0.713,0.8290929260253906
resnet20act_cifar10/gelu,gaussian_postrelu,1,18,7038,0.0017434765606983522,0.445142380361557,,0.4,0.882,0.35199896240234374,0.8018,0.5847588500976563,0.772,0.7083276977539062,0.7049,0.8526538482666015
resnet20act_cifar10/gelu,gaussian_postrelu,1,19,7429,0.0014973186921401005,0.4889224343490601,,0.3,0.884,0.3792764282226562,0.7857,0.6266466491699219,0.884,0.39354571533203125,0.7806,0.6365279632568359
resnet20act_cifar10/gelu,gaussian_postrelu,1,20,7820,0.0012622595579512698,0.44179312447547914,,0.3,0.898,0.3244163818359375,0.7948,0.6029229949951171,0.896,0.33582244873046874,0.7903,0.6119576782226562
resnet20act_cifar10/gelu,gaussian_postrelu,1,21,8211,0.0010409010405754784,0.4140830696105957,,0.3,0.916,0.29555718994140623,0.7971,0.5919350784301758,0.91,0.3082646484375,0.7925,0.6032016052246094
resnet20act_cifar10/gelu,gaussian_postrelu,1,22,8602,0.0008356933695777008,0.3971702690076828,,0.0,0.918,0.28406979370117186,0.8039,0.5830101440429688,0.918,0.28406979370117186,0.8039,0.5830101440429688
resnet20act_cifar10/gelu,gaussian_postrelu,1,23,8993,0.0006489079999188671,0.37759634709358214,,0.0,0.932,0.26345123291015626,0.7988,0.5852680969238281,0.932,0.26345123291015626,0.7988,0.5852680969238281
resnet20act_cifar10/gelu,gaussian_postrelu,1,24,9384,0.0004826124690963721,0.3594114960575104,,0.0,0.93,0.25422158813476564,0.8028,0.5853023727416993,0.93,0.25422158813476564,0.8028,0.5853023727416993
resnet20act_cifar10/gelu,gaussian_postrelu,1,25,9775,0.0003386475114581614,0.3484589915895462,,0.0,0.932,0.24542410278320312,0.8028,0.5830037490844726,0.932,0.24542410278320312,0.8028,0.5830037490844726
resnet20act_cifar10/gelu,gaussian_postrelu,1,26,10166,0.00021860668301331375,0.33766505101680755,,0.0,0.938,0.2448846435546875,0.8039,0.5826567092895508,0.938,0.2448846435546875,0.8039,0.5826567092895508
resnet20act_cifar10/gelu,gaussian_postrelu,1,27,10557,0.00012381872227320984,0.32821953065872195,,0.0,0.938,0.23111410522460937,0.8026,0.5907337356567383,0.938,0.23111410522460937,0.8026,0.5907337356567383
resnet20act_cifar10/gelu,gaussian_postrelu,1,28,10948,5.53328423720989e-05,0.3248893662548065,,0.0,0.942,0.2341778564453125,0.803,0.5814076721191406,0.942,0.2341778564453125,0.803,0.5814076721191406
resnet20act_cifar10/gelu,gaussian_postrelu,1,29,11339,1.3907117269393864e-05,0.3210530719423294,,0.0,0.936,0.23491957092285157,0.8023,0.5831716644287109,0.936,0.23491957092285157,0.8023,0.5831716644287109
resnet20act_cifar10/gelu,gaussian_postrelu,1,30,11730,9.058745198409212e-11,0.32174406857967375,,0.0,0.94,0.23210340881347657,0.8054,0.5823946517944336,0.94,0.23210340881347657,0.8054,0.5823946517944336
resnet20act_cifar10/gelu,gaussian_postrelu,2,0,0,8.333333333333333e-05,,,,0.1,3.092056640625,0.0995,3.1006287231445313,0.1,3.12495361328125,0.0999,3.139264807128906
resnet20act_cifar10/gelu,gaussian_postrelu,2,1,391,0.004990141512569891,1.7916907480621338,,1.0,0.382,1.560900146484375,0.4311,1.5268575317382813,0.216,2.92458349609375,0.2119,2.9740430908203126
resnet20act_cifar10/gelu,gaussian_postrelu,2,2,782,0.004953056580549272,1.4064999821090698,,1.0,0.508,1.366048828125,0.5218,1.3164151489257812,0.158,3.576953369140625,0.1611,3.6025718017578123
resnet20act_cifar10/gelu,gaussian_postrelu,2,3,1173,0.004888818630747975,1.2278926951217652,,1.0,0.61,1.1314378662109374,0.5939,1.1382088989257813,0.146,4.389173828125,0.1388,4.440405712890625
resnet20act_cifar10/gelu,gaussian_postrelu,2,4,1564,0.004798138716554241,1.087006583251953,,0.85,0.614,1.06260693359375,0.627,1.0522390563964843,0.15,4.7972626953125,0.1481,4.837440356445312
resnet20act_cifar10/gelu,gaussian_postrelu,2,5,1955,0.004682020578909872,0.9835890413665771,,0.85,0.676,0.93931201171875,0.6648,0.9470480377197266,0.154,4.88379296875,0.1451,5.037491772460937
resnet20act_cifar10/gelu,gaussian_postrelu,2,6,2346,0.004541749535846712,0.9035729915237427,,0.85,0.702,0.8631168823242188,0.6777,0.9100250305175781,0.16,4.3859853515625,0.1644,4.489333740234375
resnet20act_cifar10/gelu,gaussian_postrelu,2,7,2737,0.0043788782552308895,0.82483435297966,,0.7,0.714,0.7745858154296875,0.7083,0.8215217742919921,0.152,4.5970537109375,0.1304,4.742646118164062
resnet20act_cifar10/gelu,gaussian_postrelu,2,8,3128,0.004195209568197074,0.761706622467041,,0.7,0.756,0.6889956665039062,0.7319,0.7714020050048828,0.204,4.29356787109375,0.2072,4.43051708984375
resnet20act_cifar10/gelu,gaussian_postrelu,2,9,3519,0.0039927765135118086,0.7211662938880921,,0.7,0.77,0.6618330688476562,0.7506,0.7249708679199218,0.156,4.8473916015625,0.1554,5.0050779296875
resnet20act_cifar10/gelu,gaussian_postrelu,2,10,3910,0.0037738198337559444,0.6672974991226196,,0.6,0.786,0.625806640625,0.7554,0.7114198089599609,0.234,3.411569580078125,0.2264,3.540326904296875
resnet20act_cifar10/gelu,gaussian_postrelu,2,11,4301,0.0035407631724221527,0.6322946795845031,,0.6,0.804,0.5913929443359375,0.7626,0.6982469268798828,0.218,3.845456787109375,0.215,3.9337147216796877
resnet20act_cifar10/gelu,gaussian_postrelu,2,12,4692,0.003296186246472237,0.595404315776825,,0.6,0.798,0.5536322021484374,0.7725,0.6709199768066406,0.218,3.9386826171875,0.2176,4.077320031738282
resnet20act_cifar10/gelu,gaussian_postrelu,2,13,5083,0.0030427962913086395,0.5758217337799072,,0.5,0.834,0.4895391235351563,0.7808,0.6317168670654297,0.39,1.99302685546875,0.3874,2.0760203247070312
resnet20act_cifar10/gelu,gaussian_postrelu,2,14,5474,0.0027833980942373526,0.5335155276584626,,0.5,0.826,0.4642027587890625,0.7899,0.6288070831298828,0.444,1.9560068359375,0.4008,2.090029357910156
resnet20act_cifar10/gelu,gaussian_postrelu,2,15,5865,0.0025208629481234496,0.5106356699562072,,0.5,0.844,0.43812445068359374,0.7896,0.6272848327636719,0.422,2.0370732421875,0.3876,2.1913234375
resnet20act_cifar10/gelu,gaussian_postrelu,2,16,6256,0.0022580968688929426,0.5411504763031005,,0.4,0.84,0.45727139282226564,0.7868,0.6201232635498047,0.76,0.7100968017578125,0.7062,0.8311716033935547
resnet20act_cifar10/gelu,gaussian_postrelu,2,17,6647,0.0019980084286831713,0.4902267405319214,,0.4,0.86,0.4045136108398438,0.7918,0.6110791290283203,0.794,0.626620849609375,0.7191,0.8078382110595703
resnet20act_cifar10/gelu,gaussian_postrelu,2,18,7038,0.0017434765606983522,0.45758515367507935,,0.4,0.886,0.36312628173828126,0.7992,0.5939749176025391,0.798,0.6267601928710937,0.7192,0.8188085174560547
resnet20act_cifar10/gelu,gaussian_postrelu,2,19,7429,0.0014973186921401005,0.49608283663749697,,0.3,0.848,0.4063536071777344,0.7898,0.6115225646972656,0.846,0.4190517578125,0.7859,0.6194278625488281
resnet20act_cifar10/gelu,gaussian_postrelu,2,20,7820,0.0012622595579512698,0.4540738977718353,,0.3,0.876,0.37381576538085937,0.7947,0.606013916015625,0.872,0.38393209838867187,0.7937,0.6110618621826172
resnet20act_cifar10/gelu,gaussian_postrelu,2,21,8211,0.0010409010405754784,0.4251954804897308,,0.3,0.886,0.32890719604492186,0.7991,0.590799267578125,0.884,0.339682861328125,0.7974,0.5985827056884766
resnet20act_cifar10/gelu,gaussian_postrelu,2,22,8602,0.0008356933695777008,0.40948812736034396,,0.0,0.894,0.33648553466796877,0.8,0.5924427200317383,0.894,0.33648553466796877,0.8,0.5924427200317383
resnet20act_cifar10/gelu,gaussian_postrelu,2,23,8993,0.0006489079999188671,0.3916790436792374,,0.0,0.906,0.30103466796875,0.8008,0.5926382690429688,0.906,0.30103466796875,0.8008,0.5926382690429688
resnet20act_cifar10/gelu,gaussian_postrelu,2,24,9384,0.0004826124690963721,0.3747920327091217,,0.0,0.914,0.2866873779296875,0.8025,0.5885756256103516,0.914,0.2866873779296875,0.8025,0.5885756256103516
resnet20act_cifar10/gelu,gaussian_postrelu,2,25,9775,0.0003386475114581614,0.35825688792705535,,0.0,0.91,0.280671142578125,0.8036,0.5840218063354492,0.91,0.280671142578125,0.8036,0.5840218063354492
resnet20act_cifar10/gelu,gaussian_postrelu,2,26,10166,0.00021860668301331375,0.35080211366176606,,0.0,0.916,0.2701357727050781,0.8015,0.5878224334716797,0.916,0.2701357727050781,0.8015,0.5878224334716797
resnet20act_cifar10/gelu,gaussian_postrelu,2,27,10557,0.00012381872227320984,0.3446692758512497,,0.0,0.92,0.26688629150390625,0.8029,0.5897354125976563,0.92,0.26688629150390625,0.8029,0.5897354125976563
resnet20act_cifar10/gelu,gaussian_postrelu,2,28,10948,5.53328423720989e-05,0.3404657626104355,,0.0,0.926,0.26487982177734376,0.8016,0.5899058990478515,0.926,0.26487982177734376,0.8016,0.5899058990478515
resnet20act_cifar10/gelu,gaussian_postrelu,2,29,11339,1.3907117269393864e-05,0.335219788351059,,0.0,0.922,0.2737080078125,0.8013,0.5905264312744141,0.922,0.2737080078125,0.8013,0.5905264312744141
resnet20act_cifar10/gelu,gaussian_postrelu,2,30,11730,9.058745198409212e-11,0.33614116434574126,,0.0,0.924,0.26121441650390625,0.8042,0.5862349182128906,0.924,0.26121441650390625,0.8042,0.5862349182128906
resnet20act_cifar10/gelu,plain,0,0,0,8.333333333333333e-05,,,,0.1,2.662419189453125,0.1,2.657359509277344,,,,
resnet20act_cifar10/gelu,plain,0,1,391,0.004990141512569891,1.8963617653656006,,,0.368,1.7186943359375,0.3632,1.6527078979492187,,,,
resnet20act_cifar10/gelu,plain,0,2,782,0.004953056580549272,1.540088983001709,,,0.474,1.488435546875,0.4749,1.4324002075195312,,,,
resnet20act_cifar10/gelu,plain,0,3,1173,0.004888818630747975,1.3133379508209229,,,0.544,1.269357666015625,0.5271,1.2596141845703126,,,,
resnet20act_cifar10/gelu,plain,0,4,1564,0.004798138716554241,1.1667779036331176,,,0.594,1.0995487060546876,0.6011,1.0973185485839845,,,,
resnet20act_cifar10/gelu,plain,0,5,1955,0.004682020578909872,1.0567663366699218,,,0.596,1.04021484375,0.6243,1.0196618103027344,,,,
resnet20act_cifar10/gelu,plain,0,6,2346,0.004541749535846712,0.9688978172874451,,,0.684,0.9408763427734375,0.6564,0.9441384429931641,,,,
resnet20act_cifar10/gelu,plain,0,7,2737,0.0043788782552308895,0.8999349225997925,,,0.692,0.8984808349609374,0.6707,0.9163781829833985,,,,
resnet20act_cifar10/gelu,plain,0,8,3128,0.004195209568197074,0.8445110705184936,,,0.7,0.815122802734375,0.6966,0.8464272674560547,,,,
resnet20act_cifar10/gelu,plain,0,9,3519,0.0039927765135118086,0.7897887803459167,,,0.734,0.7542506103515625,0.7026,0.8333620300292969,,,,
resnet20act_cifar10/gelu,plain,0,10,3910,0.0037738198337559444,0.7490616987228393,,,0.734,0.745670654296875,0.7017,0.8192543731689453,,,,
resnet20act_cifar10/gelu,plain,0,11,4301,0.0035407631724221527,0.7047784627723693,,,0.736,0.701748779296875,0.7168,0.7909388946533203,,,,
resnet20act_cifar10/gelu,plain,0,12,4692,0.003296186246472237,0.6649588166809082,,,0.77,0.6569117431640625,0.7274,0.7685621185302735,,,,
resnet20act_cifar10/gelu,plain,0,13,5083,0.0030427962913086395,0.6290789823246002,,,0.792,0.5986805419921875,0.7351,0.7420909393310546,,,,
resnet20act_cifar10/gelu,plain,0,14,5474,0.0027833980942373526,0.5948975860500336,,,0.81,0.552188720703125,0.7341,0.750236654663086,,,,
resnet20act_cifar10/gelu,plain,0,15,5865,0.0025208629481234496,0.5626597037792206,,,0.826,0.5418756103515625,0.739,0.7419045928955078,,,,
resnet20act_cifar10/gelu,plain,0,16,6256,0.0022580968688929426,0.5261122138023376,,,0.842,0.4913739013671875,0.7455,0.7318090606689454,,,,
resnet20act_cifar10/gelu,plain,0,17,6647,0.0019980084286831713,0.4982285381603241,,,0.836,0.46630661010742186,0.7442,0.7358726776123047,,,,
resnet20act_cifar10/gelu,plain,0,18,7038,0.0017434765606983522,0.47002801515579223,,,0.832,0.4716312255859375,0.744,0.7498887481689454,,,,
resnet20act_cifar10/gelu,plain,0,19,7429,0.0014973186921401005,0.4374819596195221,,,0.86,0.40309912109375,0.7495,0.7386564025878907,,,,
resnet20act_cifar10/gelu,plain,0,20,7820,0.0012622595579512698,0.41295124768733976,,,0.882,0.37493243408203125,0.7463,0.7481131561279297,,,,
resnet20act_cifar10/gelu,plain,0,21,8211,0.0010409010405754784,0.3887049655342102,,,0.884,0.36257708740234373,0.7531,0.7476504699707032,,,,
resnet20act_cifar10/gelu,plain,0,22,8602,0.0008356933695777008,0.37167137268543243,,,0.898,0.33171197509765626,0.7505,0.7467250122070312,,,,
resnet20act_cifar10/gelu,plain,0,23,8993,0.0006489079999188671,0.35034588995456695,,,0.914,0.30842544555664064,0.7503,0.7577236511230468,,,,
resnet20act_cifar10/gelu,plain,0,24,9384,0.0004826124690963721,0.3338644850564003,,,0.912,0.309614501953125,0.7481,0.7629175537109375,,,,
resnet20act_cifar10/gelu,plain,0,25,9775,0.0003386475114581614,0.3202999118947983,,,0.906,0.29296600341796875,0.75,0.7647702697753906,,,,
resnet20act_cifar10/gelu,plain,0,26,10166,0.00021860668301331375,0.31230958579063417,,,0.914,0.2790652160644531,0.7506,0.7749460571289063,,,,
resnet20act_cifar10/gelu,plain,0,27,10557,0.00012381872227320984,0.3016517822098732,,,0.914,0.2911302490234375,0.7487,0.7730949554443359,,,,
resnet20act_cifar10/gelu,plain,0,28,10948,5.53328423720989e-05,0.29808429939746856,,,0.92,0.2783232421875,0.75,0.7703893646240234,,,,
resnet20act_cifar10/gelu,plain,0,29,11339,1.3907117269393864e-05,0.2899060199165344,,,0.922,0.26804098510742186,0.751,0.77281201171875,,,,
resnet20act_cifar10/gelu,plain,0,30,11730,9.058745198409212e-11,0.29097497728347776,,,0.92,0.2741556396484375,0.7509,0.7686860076904297,,,,
resnet20act_cifar10/gelu,plain,1,0,0,8.333333333333333e-05,,,,0.1,2.4681787109375,0.1004,2.4693378173828124,,,,
resnet20act_cifar10/gelu,plain,1,1,391,0.004990141512569891,1.8843696374893188,,,0.374,1.65695068359375,0.3902,1.6000208923339845,,,,
resnet20act_cifar10/gelu,plain,1,2,782,0.004953056580549272,1.5005646103668213,,,0.498,1.42459814453125,0.4859,1.3774311157226562,,,,
resnet20act_cifar10/gelu,plain,1,3,1173,0.004888818630747975,1.2910078548812867,,,0.552,1.2358447265625,0.5575,1.2018843322753907,,,,
resnet20act_cifar10/gelu,plain,1,4,1564,0.004798138716554241,1.1421427251434326,,,0.606,1.0940531005859375,0.6039,1.0902370422363281,,,,
resnet20act_cifar10/gelu,plain,1,5,1955,0.004682020578909872,1.0434009573364258,,,0.656,0.973773681640625,0.6425,0.9837697326660156,,,,
resnet20act_cifar10/gelu,plain,1,6,2346,0.004541749535846712,0.960912065410614,,,0.646,0.9294041748046875,0.6575,0.9443274780273437,,,,
resnet20act_cifar10/gelu,plain,1,7,2737,0.0043788782552308895,0.8927645104408264,,,0.722,0.8158226318359375,0.6781,0.8998462585449218,,,,
resnet20act_cifar10/gelu,plain,1,8,3128,0.004195209568197074,0.8353924296760559,,,0.73,0.784264892578125,0.6906,0.8742410949707031,,,,
resnet20act_cifar10/gelu,plain,1,9,3519,0.0039927765135118086,0.77906758644104,,,0.752,0.6953497314453125,0.6998,0.8374406494140625,,,,
resnet20act_cifar10/gelu,plain,1,10,3910,0.0037738198337559444,0.7278349407577515,,,0.774,0.6639049072265625,0.7134,0.8152215454101562,,,,
resnet20act_cifar10/gelu,plain,1,11,4301,0.0035407631724221527,0.686024517364502,,,0.766,0.6238045654296875,0.7105,0.8069856262207031,,,,
resnet20act_cifar10/gelu,plain,1,12,4692,0.003296186246472237,0.6462567731571197,,,0.802,0.5331802978515625,0.7283,0.7744815216064453,,,,
resnet20act_cifar10/gelu,plain,1,13,5083,0.0030427962913086395,0.6052859761428833,,,0.832,0.5069810791015625,0.7271,0.7862779998779297,,,,
resnet20act_cifar10/gelu,plain,1,14,5474,0.0027833980942373526,0.5703640876102447,,,0.842,0.4693007507324219,0.7343,0.76554248046875,,,,
resnet20act_cifar10/gelu,plain,1,15,5865,0.0025208629481234496,0.5327514562606811,,,0.856,0.4309326477050781,0.7397,0.7547395202636719,,,,
resnet20act_cifar10/gelu,plain,1,16,6256,0.0022580968688929426,0.49558552746772766,,,0.848,0.4164759216308594,0.7424,0.7612503631591797,,,,
resnet20act_cifar10/gelu,plain,1,17,6647,0.0019980084286831713,0.4644069222688675,,,0.87,0.381353515625,0.7382,0.7777452697753906,,,,
resnet20act_cifar10/gelu,plain,1,18,7038,0.0017434765606983522,0.4356349723243713,,,0.888,0.3557161560058594,0.7392,0.7664581909179687,,,,
resnet20act_cifar10/gelu,plain,1,19,7429,0.0014973186921401005,0.4055366811180115,,,0.906,0.3143984375,0.7389,0.7920981231689453,,,,
resnet20act_cifar10/gelu,plain,1,20,7820,0.0012622595579512698,0.37670209948539735,,,0.912,0.2843593444824219,0.7382,0.7892202880859375,,,,
resnet20act_cifar10/gelu,plain,1,21,8211,0.0010409010405754784,0.35124919783592223,,,0.904,0.28720114135742186,0.7362,0.8131853454589844,,,,
resnet20act_cifar10/gelu,plain,1,22,8602,0.0008356933695777008,0.32959002808570864,,,0.924,0.24853884887695313,0.745,0.8066799743652344,,,,
resnet20act_cifar10/gelu,plain,1,23,8993,0.0006489079999188671,0.31141350969314574,,,0.946,0.22994216918945312,0.7422,0.8055740753173828,,,,
resnet20act_cifar10/gelu,plain,1,24,9384,0.0004826124690963721,0.29107586050987244,,,0.946,0.21299749755859376,0.739,0.8104988098144531,,,,
resnet20act_cifar10/gelu,plain,1,25,9775,0.0003386475114581614,0.27929990437984464,,,0.94,0.21235092163085936,0.7387,0.8194472564697266,,,,
resnet20act_cifar10/gelu,plain,1,26,10166,0.00021860668301331375,0.26533612164020537,,,0.95,0.2074185333251953,0.7391,0.8186077697753906,,,,
resnet20act_cifar10/gelu,plain,1,27,10557,0.00012381872227320984,0.25570623279094695,,,0.948,0.19456954956054687,0.7377,0.8292367767333985,,,,
resnet20act_cifar10/gelu,plain,1,28,10948,5.53328423720989e-05,0.25280971044421197,,,0.956,0.19807913208007813,0.7385,0.8212459075927734,,,,
resnet20act_cifar10/gelu,plain,1,29,11339,1.3907117269393864e-05,0.24982688562631608,,,0.942,0.19702133178710937,0.7388,0.8236021667480469,,,,
resnet20act_cifar10/gelu,plain,1,30,11730,9.058745198409212e-11,0.2498984095478058,,,0.946,0.19170394897460938,0.7412,0.8256737762451172,,,,
resnet20act_cifar10/gelu,plain,2,0,0,8.333333333333333e-05,,,,0.1,3.12495361328125,0.0999,3.139264807128906,,,,
resnet20act_cifar10/gelu,plain,2,1,391,0.004990141512569891,1.893651777496338,,,0.376,1.65049755859375,0.3866,1.6182272155761719,,,,
resnet20act_cifar10/gelu,plain,2,2,782,0.004953056580549272,1.4966628023147583,,,0.476,1.3984791259765625,0.4948,1.3573531433105468,,,,
resnet20act_cifar10/gelu,plain,2,3,1173,0.004888818630747975,1.2892348824691773,,,0.564,1.232119873046875,0.5692,1.1854158569335937,,,,
resnet20act_cifar10/gelu,plain,2,4,1564,0.004798138716554241,1.1343791971206665,,,0.624,1.05918505859375,0.62,1.0451130157470703,,,,
resnet20act_cifar10/gelu,plain,2,5,1955,0.004682020578909872,1.0216051022338868,,,0.676,0.9640344848632812,0.6444,0.9681785217285156,,,,
resnet20act_cifar10/gelu,plain,2,6,2346,0.004541749535846712,0.9405321624755859,,,0.706,0.89204541015625,0.6695,0.9230985900878906,,,,
resnet20act_cifar10/gelu,plain,2,7,2737,0.0043788782552308895,0.8730886246490479,,,0.71,0.8308690185546875,0.6757,0.8933964172363281,,,,
resnet20act_cifar10/gelu,plain,2,8,3128,0.004195209568197074,0.808631286945343,,,0.742,0.7601107177734375,0.6984,0.8482467926025391,,,,
resnet20act_cifar10/gelu,plain,2,9,3519,0.0039927765135118086,0.7632981604576111,,,0.76,0.69992333984375,0.7155,0.8163328125,,,,
resnet20act_cifar10/gelu,plain,2,10,3910,0.0037738198337559444,0.7171610229682922,,,0.78,0.6963775634765625,0.7232,0.7955624206542968,,,,
resnet20act_cifar10/gelu,plain,2,11,4301,0.0035407631724221527,0.6767215848731994,,,0.784,0.6375995483398438,0.7368,0.7709023468017578,,,,
resnet20act_cifar10/gelu,plain,2,12,4692,0.003296186246472237,0.6329142693710327,,,0.814,0.5666613159179688,0.7388,0.7484897491455078,,,,
resnet20act_cifar10/gelu,plain,2,13,5083,0.0030427962913086395,0.5955489874362946,,,0.824,0.5119384460449219,0.7431,0.7378000305175781,,,,
resnet20act_cifar10/gelu,plain,2,14,5474,0.0027833980942373526,0.5587648198223114,,,0.85,0.47021044921875,0.7478,0.7347480865478515,,,,
resnet20act_cifar10/gelu,plain,2,15,5865,0.0025208629481234496,0.528058102722168,,,0.858,0.476874267578125,0.746,0.7398958587646485,,,,
resnet20act_cifar10/gelu,plain,2,16,6256,0.0022580968688929426,0.4930347445297241,,,0.87,0.4195588684082031,0.7463,0.7362330322265624,,,,
resnet20act_cifar10/gelu,plain,2,17,6647,0.0019980084286831713,0.46161723886966705,,,0.88,0.36757098388671877,0.7566,0.7291918914794921,,,,
resnet20act_cifar10/gelu,plain,2,18,7038,0.0017434765606983522,0.4305614981985092,,,0.892,0.35014544677734377,0.7553,0.7376411041259766,,,,
resnet20act_cifar10/gelu,plain,2,19,7429,0.0014973186921401005,0.40151065559864046,,,0.902,0.315154296875,0.7513,0.7366958557128906,,,,
resnet20act_cifar10/gelu,plain,2,20,7820,0.0012622595579512698,0.3741702269077301,,,0.906,0.2958961486816406,0.7504,0.7584450958251953,,,,
resnet20act_cifar10/gelu,plain,2,21,8211,0.0010409010405754784,0.3504917396783829,,,0.92,0.2799142150878906,0.7538,0.7481180725097656,,,,
resnet20act_cifar10/gelu,plain,2,22,8602,0.0008356933695777008,0.32791356132030486,,,0.936,0.2585217590332031,0.7531,0.7579003845214843,,,,
resnet20act_cifar10/gelu,plain,2,23,8993,0.0006489079999188671,0.31003524054050446,,,0.94,0.22821983337402343,0.7489,0.7730331817626953,,,,
resnet20act_cifar10/gelu,plain,2,24,9384,0.0004826124690963721,0.2936648488330841,,,0.94,0.21851934814453125,0.7526,0.7723911163330078,,,,
resnet20act_cifar10/gelu,plain,2,25,9775,0.0003386475114581614,0.278067452609539,,,0.948,0.21462362670898438,0.7514,0.7747445404052734,,,,
resnet20act_cifar10/gelu,plain,2,26,10166,0.00021860668301331375,0.2689349052643776,,,0.958,0.20385255432128907,0.7531,0.7765302551269532,,,,
resnet20act_cifar10/gelu,plain,2,27,10557,0.00012381872227320984,0.26058861515760423,,,0.954,0.20785296630859376,0.7553,0.7769448669433594,,,,
resnet20act_cifar10/gelu,plain,2,28,10948,5.53328423720989e-05,0.2560497688007355,,,0.96,0.19977702331542968,0.7517,0.7860859069824219,,,,
resnet20act_cifar10/gelu,plain,2,29,11339,1.3907117269393864e-05,0.2511529824066162,,,0.954,0.20308367919921874,0.7514,0.7863132537841797,,,,
resnet20act_cifar10/gelu,plain,2,30,11730,9.058745198409212e-11,0.25096457775592806,,,0.958,0.19401231384277343,0.7518,0.7825676391601563,,,,
resnet20act_cifar10/gelu,resolution_max_b1,0,0,0,8.333333333333333e-05,,,,0.1,2.5818662109375,0.1,2.5792739624023437,0.1,2.662419189453125,0.1,2.657359509277344
resnet20act_cifar10/gelu,resolution_max_b1,0,1,391,0.004990141512569891,1.8367197899627685,16,,0.368,1.6291190185546875,0.4163,1.543435675048828,0.146,3.30057080078125,0.1505,3.2786332763671875
resnet20act_cifar10/gelu,resolution_max_b1,0,2,782,0.004953056580549272,1.4252640312194824,16,,0.508,1.34286767578125,0.5265,1.2898957885742188,0.208,2.8311015625,0.2138,2.7840493408203124
resnet20act_cifar10/gelu,resolution_max_b1,0,3,1173,0.004888818630747975,1.224905881843567,16,,0.576,1.1500882568359374,0.5684,1.162689044189453,0.244,2.69259716796875,0.2409,2.6306693603515625
resnet20act_cifar10/gelu,resolution_max_b1,0,4,1564,0.004798138716554241,1.093175032196045,16,,0.64,0.988754638671875,0.6322,1.0166793182373046,0.186,3.282244140625,0.1979,3.1882653076171876
resnet20act_cifar10/gelu,resolution_max_b1,0,5,1955,0.004682020578909872,0.9950517112922669,16,,0.666,0.9422908325195313,0.6358,0.9944099975585937,0.17,3.40924609375,0.1726,3.3131937255859376
resnet20act_cifar10/gelu,resolution_max_b1,0,6,2346,0.004541749535846712,0.9176945053482055,16,,0.692,0.8778247680664063,0.6649,0.9379094299316406,0.204,3.00287939453125,0.2049,2.902151794433594
resnet20act_cifar10/gelu,resolution_max_b1,0,7,2737,0.0043788782552308895,0.9513034559822082,24,,0.664,0.895234130859375,0.6722,0.9122049957275391,0.256,2.41717529296875,0.2853,2.320813610839844
resnet20act_cifar10/gelu,resolution_max_b1,0,8,3128,0.004195209568197074,0.8477652783203125,24,,0.72,0.8031329956054688,0.7055,0.827518310546875,0.278,2.31417529296875,0.2883,2.23281552734375
resnet20act_cifar10/gelu,resolution_max_b1,0,9,3519,0.0039927765135118086,0.7722905127716064,24,,0.746,0.715818359375,0.7243,0.781448550415039,0.32,2.131434814453125,0.3115,2.077162725830078
resnet20act_cifar10/gelu,resolution_max_b1,0,10,3910,0.0037738198337559444,0.7168047175407409,24,,0.782,0.6812538452148438,0.7253,0.7604745880126953,0.278,2.53520703125,0.2781,2.4622966918945313
resnet20act_cifar10/gelu,resolution_max_b1,0,11,4301,0.0035407631724221527,0.6657597262954712,24,,0.804,0.5981777954101563,0.743,0.7316376495361329,0.284,2.633454345703125,0.2645,2.575129748535156
resnet20act_cifar10/gelu,resolution_max_b1,0,12,4692,0.003296186246472237,0.6213189554405213,24,,0.814,0.5602469482421875,0.7497,0.7062755462646484,0.288,2.6082021484375,0.2594,2.5754071533203127
resnet20act_cifar10/gelu,resolution_max_b1,0,13,5083,0.0030427962913086395,0.7355891440010071,32,,0.76,0.6685973510742188,0.7443,0.72931123046875,0.76,0.6685973510742188,0.7443,0.72931123046875
resnet20act_cifar10/gelu,resolution_max_b1,0,14,5474,0.0027833980942373526,0.6501345032691955,32,,0.81,0.5691649169921875,0.762,0.6792025390625,0.81,0.5691649169921875,0.762,0.6792025390625
resnet20act_cifar10/gelu,resolution_max_b1,0,15,5865,0.0025208629481234496,0.6064219341087341,32,,0.804,0.5557412109375,0.7746,0.64654736328125,0.804,0.5557412109375,0.7746,0.64654736328125
resnet20act_cifar10/gelu,resolution_max_b1,0,16,6256,0.0022580968688929426,0.5645107122135162,32,,0.812,0.5095146484375,0.7811,0.6306573852539062,0.812,0.5095146484375,0.7811,0.6306573852539062
resnet20act_cifar10/gelu,resolution_max_b1,0,17,6647,0.0019980084286831713,0.535165293264389,32,,0.836,0.47330776977539063,0.7856,0.6140986694335937,0.836,0.47330776977539063,0.7856,0.6140986694335937
resnet20act_cifar10/gelu,resolution_max_b1,0,18,7038,0.0017434765606983522,0.5083503497314453,32,,0.842,0.4665335693359375,0.7853,0.6095258514404297,0.842,0.4665335693359375,0.7853,0.6095258514404297
resnet20act_cifar10/gelu,resolution_max_b1,0,19,7429,0.0014973186921401005,0.47824678179740904,32,,0.862,0.40940753173828126,0.799,0.586613037109375,0.862,0.40940753173828126,0.799,0.586613037109375
resnet20act_cifar10/gelu,resolution_max_b1,0,20,7820,0.0012622595579512698,0.45931661124229434,32,,0.88,0.389064453125,0.7993,0.5816294067382812,0.88,0.389064453125,0.7993,0.5816294067382812
resnet20act_cifar10/gelu,resolution_max_b1,0,21,8211,0.0010409010405754784,0.43953742970466614,32,,0.862,0.3826441650390625,0.8019,0.5809914047241211,0.862,0.3826441650390625,0.8019,0.5809914047241211
resnet20act_cifar10/gelu,resolution_max_b1,0,22,8602,0.0008356933695777008,0.4272775736093521,32,,0.882,0.3527214965820312,0.801,0.5765861114501953,0.882,0.3527214965820312,0.801,0.5765861114501953
resnet20act_cifar10/gelu,resolution_max_b1,0,23,8993,0.0006489079999188671,0.40915199610233305,32,,0.89,0.343400390625,0.8003,0.5731475128173829,0.89,0.343400390625,0.8003,0.5731475128173829
resnet20act_cifar10/gelu,resolution_max_b1,0,24,9384,0.0004826124690963721,0.39488009244918826,32,,0.896,0.33294671630859374,0.8042,0.5729025314331054,0.896,0.33294671630859374,0.8042,0.5729025314331054
resnet20act_cifar10/gelu,resolution_max_b1,0,25,9775,0.0003386475114581614,0.3844057487106323,32,,0.9,0.3212884521484375,0.8052,0.5672626800537109,0.9,0.3212884521484375,0.8052,0.5672626800537109
resnet20act_cifar10/gelu,resolution_max_b1,0,26,10166,0.00021860668301331375,0.37809214226722715,32,,0.898,0.315992919921875,0.8043,0.5743394149780273,0.898,0.315992919921875,0.8043,0.5743394149780273
resnet20act_cifar10/gelu,resolution_max_b1,0,27,10557,0.00012381872227320984,0.36892858004570006,32,,0.89,0.3225338134765625,0.8061,0.5683166122436524,0.89,0.3225338134765625,0.8061,0.5683166122436524
resnet20act_cifar10/gelu,resolution_max_b1,0,28,10948,5.53328423720989e-05,0.36509861344337463,32,,0.894,0.3158460388183594,0.8055,0.5687351333618164,0.894,0.3158460388183594,0.8055,0.5687351333618164
resnet20act_cifar10/gelu,resolution_max_b1,0,29,11339,1.3907117269393864e-05,0.35903456114768983,32,,0.896,0.3141672668457031,0.8036,0.5731055358886719,0.896,0.3141672668457031,0.8036,0.5731055358886719
resnet20act_cifar10/gelu,resolution_max_b1,0,30,11730,9.058745198409212e-11,0.360330418753624,32,,0.9,0.3131962890625,0.8056,0.5694633117675781,0.9,0.3131962890625,0.8056,0.5694633117675781
resnet20act_cifar10/gelu,resolution_max_b1,1,0,0,8.333333333333333e-05,,,,0.114,2.424865234375,0.0947,2.4280808471679687,0.1,2.4681787109375,0.1004,2.4693378173828124
resnet20act_cifar10/gelu,resolution_max_b1,1,1,391,0.004990141512569891,1.8435568901062012,16,,0.418,1.552977294921875,0.428,1.5150795776367187,0.214,2.4698984375,0.2208,2.4147033447265627
resnet20act_cifar10/gelu,resolution_max_b1,1,2,782,0.004953056580549272,1.407040683670044,16,,0.55,1.3171923828125,0.5266,1.2780967529296876,0.246,2.5839326171875,0.2455,2.4924635498046874
resnet20act_cifar10/gelu,resolution_max_b1,1,3,1173,0.004888818630747975,1.2350409264755249,16,,0.576,1.147945068359375,0.5812,1.1514679321289063,0.234,2.8879013671875,0.2405,2.8229369750976563
resnet20act_cifar10/gelu,resolution_max_b1,1,4,1564,0.004798138716554241,1.0959505251693726,16,,0.628,1.0291417236328124,0.6197,1.0545085662841798,0.194,3.37468994140625,0.2094,3.2649862915039063
resnet20act_cifar10/gelu,resolution_max_b1,1,5,1955,0.004682020578909872,0.9885706558799744,16,,0.676,0.9152967529296875,0.649,0.9687801574707031,0.138,3.993056884765625,0.1567,3.8524342895507813
resnet20act_cifar10/gelu,resolution_max_b1,1,6,2346,0.004541749535846712,0.9051166701889038,16,,0.692,0.8507945556640625,0.6618,0.9269071655273438,0.152,3.582578125,0.1606,3.4508208374023437
resnet20act_cifar10/gelu,resolution_max_b1,1,7,2737,0.0043788782552308895,0.9468308540725708,24,,0.698,0.84687841796875,0.6835,0.8807133514404297,0.2,3.42524169921875,0.2047,3.3379252807617186
resnet20act_cifar10/gelu,resolution_max_b1,1,8,3128,0.004195209568197074,0.8388057215690613,24,,0.706,0.7810325927734375,0.7081,0.81596904296875,0.158,3.373508056640625,0.1671,3.242745690917969
resnet20act_cifar10/gelu,resolution_max_b1,1,9,3519,0.0039927765135118086,0.7709047544288635,24,,0.74,0.7253995361328125,0.7217,0.7809245361328125,0.214,3.0911494140625,0.2244,2.9793097045898436
resnet20act_cifar10/gelu,resolution_max_b1,1,10,3910,0.0037738198337559444,0.7126774383926392,24,,0.738,0.7008773803710937,0.729,0.757784927368164,0.126,3.6785908203125,0.1338,3.5530898071289063
resnet20act_cifar10/gelu,resolution_max_b1,1,11,4301,0.0035407631724221527,0.6648939492797852,24,,0.78,0.6319015502929688,0.7373,0.7356733856201172,0.184,2.999896728515625,0.192,2.868576892089844
resnet20act_cifar10/gelu,resolution_max_b1,1,12,4692,0.003296186246472237,0.6214937592792511,24,,0.788,0.5448980712890625,0.7549,0.6911407958984375,0.246,2.8338134765625,0.2522,2.7411542236328126
resnet20act_cifar10/gelu,resolution_max_b1,1,13,5083,0.0030427962913086395,0.7417870360565185,32,,0.768,0.6498257446289063,0.7521,0.7099018371582031,0.768,0.6498257446289063,0.7521,0.7099018371582031
resnet20act_cifar10/gelu,resolution_max_b1,1,14,5474,0.0027833980942373526,0.6544127303600311,32,,0.812,0.5716488037109375,0.7689,0.6603187133789062,0.812,0.5716488037109375,0.7689,0.6603187133789062
resnet20act_cifar10/gelu,resolution_max_b1,1,15,5865,0.0025208629481234496,0.6049525667858123,32,,0.838,0.51884521484375,0.7787,0.6391356658935546,0.838,0.51884521484375,0.7787,0.6391356658935546
resnet20act_cifar10/gelu,resolution_max_b1,1,16,6256,0.0022580968688929426,0.5703176340866088,32,,0.822,0.529940673828125,0.7802,0.6327071838378906,0.822,0.529940673828125,0.7802,0.6327071838378906
resnet20act_cifar10/gelu,resolution_max_b1,1,17,6647,0.0019980084286831713,0.5383381217479706,32,,0.84,0.4761243591308594,0.782,0.6321712615966797,0.84,0.4761243591308594,0.782,0.6321712615966797
resnet20act_cifar10/gelu,resolution_max_b1,1,18,7038,0.0017434765606983522,0.5104591736698151,32,,0.834,0.4716544799804688,0.7902,0.6124436004638671,0.834,0.4716544799804688,0.7902,0.6124436004638671
resnet20act_cifar10/gelu,resolution_max_b1,1,19,7429,0.0014973186921401005,0.48709169342041014,32,,0.868,0.432769775390625,0.791,0.6131238983154297,0.868,0.432769775390625,0.791,0.6131238983154297
resnet20act_cifar10/gelu,resolution_max_b1,1,20,7820,0.0012622595579512698,0.46164215658664703,32,,0.874,0.39764492797851564,0.7904,0.6034099975585937,0.874,0.39764492797851564,0.7904,0.6034099975585937
resnet20act_cifar10/gelu,resolution_max_b1,1,21,8211,0.0010409010405754784,0.4442933081293106,32,,0.878,0.3843518676757812,0.7923,0.6057154113769532,0.878,0.3843518676757812,0.7923,0.6057154113769532
resnet20act_cifar10/gelu,resolution_max_b1,1,22,8602,0.0008356933695777008,0.42567821533203126,32,,0.894,0.3561370849609375,0.8012,0.5854514633178711,0.894,0.3561370849609375,0.8012,0.5854514633178711
resnet20act_cifar10/gelu,resolution_max_b1,1,23,8993,0.0006489079999188671,0.41176962257862093,32,,0.89,0.344364501953125,0.8021,0.5845157119750977,0.89,0.344364501953125,0.8021,0.5845157119750977
resnet20act_cifar10/gelu,resolution_max_b1,1,24,9384,0.0004826124690963721,0.39821463080883024,32,,0.906,0.3280348815917969,0.8029,0.5815427978515625,0.906,0.3280348815917969,0.8029,0.5815427978515625
resnet20act_cifar10/gelu,resolution_max_b1,1,25,9775,0.0003386475114581614,0.3857167178297043,32,,0.904,0.3277799072265625,0.8039,0.5834362228393555,0.904,0.3277799072265625,0.8039,0.5834362228393555
resnet20act_cifar10/gelu,resolution_max_b1,1,26,10166,0.00021860668301331375,0.3772082100749016,32,,0.906,0.32599874877929685,0.8047,0.5807700378417969,0.906,0.32599874877929685,0.8047,0.5807700378417969
resnet20act_cifar10/gelu,resolution_max_b1,1,27,10557,0.00012381872227320984,0.36783417976379396,32,,0.902,0.31439501953125,0.8022,0.5874292205810547,0.902,0.31439501953125,0.8022,0.5874292205810547
resnet20act_cifar10/gelu,resolution_max_b1,1,28,10948,5.53328423720989e-05,0.3632504479551315,32,,0.91,0.3180450744628906,0.806,0.5797061798095703,0.91,0.3180450744628906,0.806,0.5797061798095703
resnet20act_cifar10/gelu,resolution_max_b1,1,29,11339,1.3907117269393864e-05,0.36155458852767947,32,,0.902,0.31083261108398436,0.8058,0.5795333312988281,0.902,0.31083261108398436,0.8058,0.5795333312988281
resnet20act_cifar10/gelu,resolution_max_b1,1,30,11730,9.058745198409212e-11,0.3608370026063919,32,,0.904,0.31473904418945314,0.8053,0.5809635345458984,0.904,0.31473904418945314,0.8053,0.5809635345458984
resnet20act_cifar10/gelu,resolution_max_b1,2,0,0,8.333333333333333e-05,,,,0.088,2.784629150390625,0.0984,2.7952529418945313,0.1,3.12495361328125,0.0999,3.139264807128906
resnet20act_cifar10/gelu,resolution_max_b1,2,1,391,0.004990141512569891,1.8383975690078735,16,,0.41,1.581854736328125,0.4305,1.5176911193847655,0.188,2.453393798828125,0.1913,2.4133778930664063
resnet20act_cifar10/gelu,resolution_max_b1,2,2,782,0.004953056580549272,1.4184853616714477,16,,0.558,1.26800439453125,0.5361,1.2607998229980468,0.202,2.642049072265625,0.2107,2.615794323730469
resnet20act_cifar10/gelu,resolution_max_b1,2,3,1173,0.004888818630747975,1.2106326389312745,16,,0.592,1.1103294677734374,0.6021,1.0989487884521485,0.18,3.08571533203125,0.1946,3.012405603027344
resnet20act_cifar10/gelu,resolution_max_b1,2,4,1564,0.004798138716554241,1.0572122828674317,16,,0.644,1.001293701171875,0.6389,0.9996698852539062,0.15,3.694728515625,0.1744,3.584455322265625
resnet20act_cifar10/gelu,resolution_max_b1,2,5,1955,0.004682020578909872,0.9429313405609131,16,,0.7,0.900798583984375,0.6674,0.9275132690429687,0.16,3.731373291015625,0.1878,3.6257762451171875
resnet20act_cifar10/gelu,resolution_max_b1,2,6,2346,0.004541749535846712,0.8589196906089783,16,,0.712,0.8156961669921875,0.6878,0.8729767730712891,0.176,3.292337158203125,0.1901,3.1659994262695315
resnet20act_cifar10/gelu,resolution_max_b1,2,7,2737,0.0043788782552308895,0.8980426916313171,24,,0.706,0.8086495361328125,0.7136,0.8157006408691406,0.118,4.2536171875,0.118,4.111805480957031
resnet20act_cifar10/gelu,resolution_max_b1,2,8,3128,0.004195209568197074,0.7872433765220642,24,,0.744,0.7782748413085937,0.7143,0.8214667358398438,0.136,4.2008779296875,0.1421,4.023023779296875
resnet20act_cifar10/gelu,resolution_max_b1,2,9,3519,0.0039927765135118086,0.7206623249435424,24,,0.778,0.6745645141601563,0.7485,0.7239776306152343,0.186,3.14991015625,0.1768,2.997520849609375
resnet20act_cifar10/gelu,resolution_max_b1,2,10,3910,0.0037738198337559444,0.6676938685417175,24,,0.78,0.6387288818359375,0.7549,0.7049867919921875,0.132,4.8486220703125,0.1361,4.627624755859375
resnet20act_cifar10/gelu,resolution_max_b1,2,11,4301,0.0035407631724221527,0.6229039644718171,24,,0.788,0.581282958984375,0.7634,0.6763050659179688,0.13,4.8017021484375,0.1385,4.6138861328125
resnet20act_cifar10/gelu,resolution_max_b1,2,12,4692,0.003296186246472237,0.5811979594898223,24,,0.816,0.5404646606445312,0.7765,0.6542286193847656,0.158,3.965681396484375,0.1457,3.804064782714844
resnet20act_cifar10/gelu,resolution_max_b1,2,13,5083,0.0030427962913086395,0.7064125558757782,32,,0.758,0.6309063720703125,0.7719,0.6713951538085937,0.758,0.6309063720703125,0.7719,0.6713951538085937
resnet20act_cifar10/gelu,resolution_max_b1,2,14,5474,0.0027833980942373526,0.6210646098327637,32,,0.796,0.572352783203125,0.7747,0.6517847717285157,0.796,0.572352783203125,0.7747,0.6517847717285157
resnet20act_cifar10/gelu,resolution_max_b1,2,15,5865,0.0025208629481234496,0.5795345414352417,32,,0.78,0.6002659301757812,0.783,0.6363854278564454,0.78,0.6002659301757812,0.783,0.6363854278564454
resnet20act_cifar10/gelu,resolution_max_b1,2,16,6256,0.0022580968688929426,0.541618124628067,32,,0.846,0.49785629272460935,0.7971,0.5921091735839844,0.846,0.49785629272460935,0.7971,0.5921091735839844
resnet20act_cifar10/gelu,resolution_max_b1,2,17,6647,0.0019980084286831713,0.5126777498722076,32,,0.854,0.462154296875,0.7945,0.5956611022949219,0.854,0.462154296875,0.7945,0.5956611022949219
resnet20act_cifar10/gelu,resolution_max_b1,2,18,7038,0.0017434765606983522,0.4839724674129486,32,,0.862,0.420724853515625,0.8034,0.5832165725708007,0.862,0.420724853515625,0.8034,0.5832165725708007
resnet20act_cifar10/gelu,resolution_max_b1,2,19,7429,0.0014973186921401005,0.46098139366149904,32,,0.876,0.394682861328125,0.8082,0.5754319641113281,0.876,0.394682861328125,0.8082,0.5754319641113281
resnet20act_cifar10/gelu,resolution_max_b1,2,20,7820,0.0012622595579512698,0.4404508854389191,32,,0.858,0.39263751220703125,0.8061,0.5735209869384765,0.858,0.39263751220703125,0.8061,0.5735209869384765
resnet20act_cifar10/gelu,resolution_max_b1,2,21,8211,0.0010409010405754784,0.4189058765125275,32,,0.898,0.3448353271484375,0.8079,0.5655322937011719,0.898,0.3448353271484375,0.8079,0.5655322937011719
resnet20act_cifar10/gelu,resolution_max_b1,2,22,8602,0.0008356933695777008,0.4009554133987427,32,,0.896,0.34390069580078125,0.8112,0.5666591720581055,0.896,0.34390069580078125,0.8112,0.5666591720581055
resnet20act_cifar10/gelu,resolution_max_b1,2,23,8993,0.0006489079999188671,0.38585681780815123,32,,0.914,0.32238943481445315,0.812,0.5676212890625,0.914,0.32238943481445315,0.812,0.5676212890625
resnet20act_cifar10/gelu,resolution_max_b1,2,24,9384,0.0004826124690963721,0.37585024746894835,32,,0.904,0.30888775634765625,0.8117,0.5651922515869141,0.904,0.30888775634765625,0.8117,0.5651922515869141
resnet20act_cifar10/gelu,resolution_max_b1,2,25,9775,0.0003386475114581614,0.36290636234283447,32,,0.908,0.31396453857421874,0.8129,0.5638637481689454,0.908,0.31396453857421874,0.8129,0.5638637481689454
resnet20act_cifar10/gelu,resolution_max_b1,2,26,10166,0.00021860668301331375,0.35494570076942444,32,,0.924,0.2958802490234375,0.8142,0.5638069396972656,0.924,0.2958802490234375,0.8142,0.5638069396972656
resnet20act_cifar10/gelu,resolution_max_b1,2,27,10557,0.00012381872227320984,0.3478586854171753,32,,0.926,0.2976950073242188,0.8139,0.5622876541137696,0.926,0.2976950073242188,0.8139,0.5622876541137696
resnet20act_cifar10/gelu,resolution_max_b1,2,28,10948,5.53328423720989e-05,0.3436409585189819,32,,0.926,0.2927788391113281,0.8137,0.5648694213867187,0.926,0.2927788391113281,0.8137,0.5648694213867187
resnet20act_cifar10/gelu,resolution_max_b1,2,29,11339,1.3907117269393864e-05,0.3400415835523605,32,,0.922,0.29734317016601564,0.8128,0.5664844970703125,0.922,0.29734317016601564,0.8128,0.5664844970703125
resnet20act_cifar10/gelu,resolution_max_b1,2,30,11730,9.058745198409212e-11,0.3399245860385895,32,,0.924,0.2933482666015625,0.8128,0.5634991302490234,0.924,0.2933482666015625,0.8128,0.5634991302490234
resnet20act_cifar10/gelu,resolution_max_b1_gaussian_conv,0,0,0,8.333333333333333e-05,,,,0.098,2.487724853515625,0.0987,2.4836196044921874,0.1,2.662419189453125,0.1,2.657359509277344
resnet20act_cifar10/gelu,resolution_max_b1_gaussian_conv,0,1,391,0.004990141512569891,1.7569045835113526,16,1.0,0.458,1.51569189453125,0.4585,1.4610464904785156,0.098,5.0445654296875,0.1001,5.055739404296875
resnet20act_cifar10/gelu,resolution_max_b1_gaussian_conv,0,2,782,0.004953056580549272,1.3735010971832275,16,1.0,0.542,1.220775390625,0.5504,1.2265480834960938,0.104,4.63070068359375,0.1081,4.649286938476562
resnet20act_cifar10/gelu,resolution_max_b1_gaussian_conv,0,3,1173,0.004888818630747975,1.1881226642990113,16,1.0,0.622,1.0725615234375,0.5934,1.1363569030761718,0.1,4.8982255859375,0.1021,4.931204150390625
resnet20act_cifar10/gelu,resolution_max_b1_gaussian_conv,0,4,1564,0.004798138716554241,1.0635016729736329,16,0.85,0.674,0.9147814331054688,0.6513,0.9791705810546875,0.152,3.62177197265625,0.1482,3.5881607666015625
resnet20act_cifar10/gelu,resolution_max_b1_gaussian_conv,0,5,1955,0.004682020578909872,0.9507215833473206,16,0.85,0.696,0.86668701171875,0.6629,0.9355192779541016,0.128,3.8868408203125,0.1271,3.8385760131835935
resnet20act_cifar10/gelu,resolution_max_b1_gaussian_conv,0,6,2346,0.004541749535846712,0.8657861433410644,16,0.85,0.704,0.80584375,0.6776,0.9035651458740235,0.154,4.088500244140625,0.1437,4.059167407226562
resnet20act_cifar10/gelu,resolution_max_b1_gaussian_conv,0,7,2737,0.0043788782552308895,0.8914992816734314,24,0.7,0.732,0.8089205932617187,0.697,0.857269741821289,0.114,4.41823583984375,0.1081,4.511112915039062
resnet20act_cifar10/gelu,resolution_max_b1_gaussian_conv,0,8,3128,0.004195209568197074,0.8005988078117371,24,0.7,0.754,0.7136715698242188,0.7235,0.7739182861328125,0.158,4.50851416015625,0.1679,4.634737084960937
resnet20act_cifar10/gelu,resolution_max_b1_gaussian_conv,0,9,3519,0.0039927765135118086,0.7378610222816467,24,0.7,0.774,0.661303466796875,0.7382,0.7479807159423828,0.172,4.943751953125,0.1742,5.094198706054687
resnet20act_cifar10/gelu,resolution_max_b1_gaussian_conv,0,10,3910,0.0037738198337559444,0.6871991839599609,24,0.6,0.764,0.642041015625,0.7495,0.7174601867675782,0.226,2.895697998046875,0.1996,2.883460888671875
resnet20act_cifar10/gelu,resolution_max_b1_gaussian_conv,0,11,4301,0.0035407631724221527,0.6340440005493164,24,0.6,0.8,0.5784234619140625,0.765,0.672344546508789,0.206,3.265118896484375,0.1845,3.2640671875
resnet20act_cifar10/gelu,resolution_max_b1_gaussian_conv,0,12,4692,0.003296186246472237,0.5990074897670746,24,0.6,0.808,0.5643320922851562,0.7608,0.691059716796875,0.212,2.9981962890625,0.2087,2.9900093139648436
resnet20act_cifar10/gelu,resolution_max_b1_gaussian_conv,0,13,5083,0.0030427962913086395,0.6814818038368226,32,0.5,0.804,0.588907470703125,0.7711,0.6587631530761718,0.198,4.80796337890625,0.1833,5.174613598632813
resnet20act_cifar10/gelu,resolution_max_b1_gaussian_conv,0,14,5474,0.0027833980942373526,0.6062810032463074,32,0.5,0.816,0.5563289184570313,0.7756,0.6436695159912109,0.116,10.27195703125,0.11,10.70832783203125
resnet20act_cifar10/gelu,resolution_max_b1_gaussian_conv,0,15,5865,0.0025208629481234496,0.5705544716835022,32,0.5,0.818,0.5524999389648437,0.7797,0.6384609741210937,0.158,7.7276337890625,0.1425,8.162875048828125
resnet20act_cifar10/gelu,resolution_max_b1_gaussian_conv,0,16,6256,0.0022580968688929426,0.5721218912887573,32,0.4,0.81,0.49900399780273436,0.7914,0.6073002624511719,0.656,1.0012828369140625,0.63,1.110059866333008
resnet20act_cifar10/gelu,resolution_max_b1_gaussian_conv,0,17,6647,0.0019980084286831713,0.5211495075511933,32,0.4,0.836,0.48016259765625,0.7981,0.584130795288086,0.722,0.817613525390625,0.6904,0.9289074310302734
resnet20act_cifar10/gelu,resolution_max_b1_gaussian_conv,0,18,7038,0.0017434765606983522,0.49118709062576293,32,0.4,0.864,0.4305952758789062,0.8022,0.5703580291748047,0.686,0.9342752685546875,0.645,1.0864094299316407
resnet20act_cifar10/gelu,resolution_max_b1_gaussian_conv,0,19,7429,0.0014973186921401005,0.5061562997055054,32,0.3,0.862,0.4246658935546875,0.8047,0.5683737564086914,0.862,0.4330797424316406,0.7999,0.5775098831176758
resnet20act_cifar10/gelu,resolution_max_b1_gaussian_conv,0,20,7820,0.0012622595579512698,0.46734132173538206,32,0.3,0.874,0.39507269287109376,0.8093,0.5637518020629882,0.882,0.40167828369140623,0.8049,0.5719989517211914
resnet20act_cifar10/gelu,resolution_max_b1_gaussian_conv,0,21,8211,0.0010409010405754784,0.44635986052036286,32,0.3,0.868,0.39633428955078126,0.8067,0.5608639205932617,0.868,0.4010086364746094,0.8045,0.5671890258789063
resnet20act_cifar10/gelu,resolution_max_b1_gaussian_conv,0,22,8602,0.0008356933695777008,0.4349240707683563,32,0.0,0.88,0.36885833740234375,0.8098,0.5539422668457031,0.88,0.36885833740234375,0.8098,0.5539422668457031
resnet20act_cifar10/gelu,resolution_max_b1_gaussian_conv,0,23,8993,0.0006489079999188671,0.41446385488510135,32,0.0,0.89,0.3723121032714844,0.8136,0.5479783432006836,0.89,0.3723121032714844,0.8136,0.5479783432006836
resnet20act_cifar10/gelu,resolution_max_b1_gaussian_conv,0,24,9384,0.0004826124690963721,0.4036140405750275,32,0.0,0.892,0.35286407470703124,0.8128,0.5487163269042968,0.892,0.35286407470703124,0.8128,0.5487163269042968
resnet20act_cifar10/gelu,resolution_max_b1_gaussian_conv,0,25,9775,0.0003386475114581614,0.3924535532617569,32,0.0,0.896,0.34944815063476564,0.8162,0.5449289932250977,0.896,0.34944815063476564,0.8162,0.5449289932250977
resnet20act_cifar10/gelu,resolution_max_b1_gaussian_conv,0,26,10166,0.00021860668301331375,0.38514765186309813,32,0.0,0.896,0.3341266784667969,0.813,0.5455141815185547,0.896,0.3341266784667969,0.813,0.5455141815185547
resnet20act_cifar10/gelu,resolution_max_b1_gaussian_conv,0,27,10557,0.00012381872227320984,0.3760735947751999,32,0.0,0.892,0.347698974609375,0.8175,0.5444974761962891,0.892,0.347698974609375,0.8175,0.5444974761962891
resnet20act_cifar10/gelu,resolution_max_b1_gaussian_conv,0,28,10948,5.53328423720989e-05,0.37205261659145356,32,0.0,0.89,0.3336701965332031,0.8163,0.5437533096313476,0.89,0.3336701965332031,0.8163,0.5437533096313476
resnet20act_cifar10/gelu,resolution_max_b1_gaussian_conv,0,29,11339,1.3907117269393864e-05,0.36723218653202055,32,0.0,0.892,0.33105178833007814,0.8128,0.5457248947143555,0.892,0.33105178833007814,0.8128,0.5457248947143555
resnet20act_cifar10/gelu,resolution_max_b1_gaussian_conv,0,30,11730,9.058745198409212e-11,0.3696208672428131,32,0.0,0.894,0.3300256042480469,0.8157,0.5419622421264648,0.894,0.3300256042480469,0.8157,0.5419622421264648
resnet20act_cifar10/gelu,resolution_max_b1_gaussian_conv,1,0,0,8.333333333333333e-05,,,,0.11,2.337645751953125,0.1062,2.3388585693359376,0.1,2.4681787109375,0.1004,2.4693378173828124
resnet20act_cifar10/gelu,resolution_max_b1_gaussian_conv,1,1,391,0.004990141512569891,1.7249329733276366,16,1.0,0.47,1.450105224609375,0.4744,1.4179118591308593,0.148,3.2665693359375,0.1536,3.2817887817382814
resnet20act_cifar10/gelu,resolution_max_b1_gaussian_conv,1,2,782,0.004953056580549272,1.301560110282898,16,1.0,0.56,1.194765380859375,0.5636,1.1937794799804688,0.144,4.035846435546875,0.1314,4.027370629882813
resnet20act_cifar10/gelu,resolution_max_b1_gaussian_conv,1,3,1173,0.004888818630747975,1.131822569732666,16,1.0,0.64,1.04772900390625,0.6152,1.069571240234375,0.152,3.524390625,0.1513,3.543206604003906
resnet20act_cifar10/gelu,resolution_max_b1_gaussian_conv,1,4,1564,0.004798138716554241,1.012372251625061,16,0.85,0.674,0.9254866333007813,0.6543,0.9660530242919921,0.172,3.45467138671875,0.1634,3.4055331176757813
resnet20act_cifar10/gelu,resolution_max_b1_gaussian_conv,1,5,1955,0.004682020578909872,0.9148810401916504,16,0.85,0.696,0.8580662841796876,0.6749,0.9093483428955078,0.118,3.699644775390625,0.1175,3.62030361328125
resnet20act_cifar10/gelu,resolution_max_b1_gaussian_conv,1,6,2346,0.004541749535846712,0.8403362235832215,16,0.85,0.732,0.7605606689453125,0.6967,0.8510318237304687,0.114,3.64818310546875,0.113,3.583822802734375
resnet20act_cifar10/gelu,resolution_max_b1_gaussian_conv,1,7,2737,0.0043788782552308895,0.8812000835418701,24,0.7,0.736,0.7731322021484375,0.7115,0.8198711853027344,0.202,3.331943359375,0.2007,3.432762390136719
resnet20act_cifar10/gelu,resolution_max_b1_gaussian_conv,1,8,3128,0.004195209568197074,0.7918606044769287,24,0.7,0.728,0.7359136962890624,0.7271,0.781118130493164,0.168,4.383634765625,0.1603,4.493635888671875
resnet20act_cifar10/gelu,resolution_max_b1_gaussian_conv,1,9,3519,0.0039927765135118086,0.7358174776077271,24,0.7,0.774,0.6731044311523438,0.7418,0.7434452606201172,0.152,4.8745966796875,0.1624,4.953093823242187
resnet20act_cifar10/gelu,resolution_max_b1_gaussian_conv,1,10,3910,0.0037738198337559444,0.6841903010177612,24,0.6,0.738,0.6684727172851562,0.7407,0.7385651245117187,0.252,2.28640771484375,0.2623,2.3007861083984373
resnet20act_cifar10/gelu,resolution_max_b1_gaussian_conv,1,11,4301,0.0035407631724221527,0.6399883333301544,24,0.6,0.81,0.5828948364257812,0.754,0.7016327606201171,0.194,2.9156669921875,0.1985,2.9375446044921874
resnet20act_cifar10/gelu,resolution_max_b1_gaussian_conv,1,12,4692,0.003296186246472237,0.5998063542175293,24,0.6,0.802,0.5442950439453125,0.7651,0.669003564453125,0.22,2.5333125,0.2317,2.5433286865234375
resnet20act_cifar10/gelu,resolution_max_b1_gaussian_conv,1,13,5083,0.0030427962913086395,0.685151507282257,32,0.5,0.8,0.58276904296875,0.7595,0.6890618621826172,0.266,4.2146298828125,0.2664,4.3420738647460935
resnet20act_cifar10/gelu,resolution_max_b1_gaussian_conv,1,14,5474,0.0027833980942373526,0.614189169664383,32,0.5,0.828,0.5118820190429687,0.7805,0.6390953704833985,0.248,5.48773779296875,0.2395,5.549184057617188
resnet20act_cifar10/gelu,resolution_max_b1_gaussian_conv,1,15,5865,0.0025208629481234496,0.5730751099014282,32,0.5,0.866,0.47135354614257813,0.7859,0.620619384765625,0.228,5.368728515625,0.2206,5.485760400390625
resnet20act_cifar10/gelu,resolution_max_b1_gaussian_conv,1,16,6256,0.0022580968688929426,0.57817750041008,32,0.4,0.82,0.5166268920898438,0.7979,0.5965226593017579,0.702,0.8763314208984375,0.6688,0.9530816040039063
resnet20act_cifar10/gelu,resolution_max_b1_gaussian_conv,1,17,6647,0.0019980084286831713,0.526632422618866,32,0.4,0.842,0.46241064453125,0.7985,0.5828101455688477,0.716,0.79910498046875,0.6851,0.9113844696044922
resnet20act_cifar10/gelu,resolution_max_b1_gaussian_conv,1,18,7038,0.0017434765606983522,0.49539172579765317,32,0.4,0.84,0.447405029296875,0.8056,0.5718353927612305,0.742,0.734501220703125,0.7104,0.8412325836181641
resnet20act_cifar10/gelu,resolution_max_b1_gaussian_conv,1,19,7429,0.0014973186921401005,0.5145144223785401,32,0.3,0.858,0.44230523681640627,0.8025,0.5727583221435547,0.856,0.4467745666503906,0.8007,0.5790929702758789
resnet20act_cifar10/gelu,resolution_max_b1_gaussian_conv,1,20,7820,0.0012622595579512698,0.47325708625793456,32,0.3,0.862,0.41274496459960935,0.7991,0.5699580047607422,0.858,0.41946173095703126,0.796,0.5776680465698242
resnet20act_cifar10/gelu,resolution_max_b1_gaussian_conv,1,21,8211,0.0010409010405754784,0.4502037428951263,32,0.3,0.87,0.38111297607421873,0.8069,0.5606839950561523,0.868,0.38314276123046875,0.8063,0.564897673034668
resnet20act_cifar10/gelu,resolution_max_b1_gaussian_conv,1,22,8602,0.0008356933695777008,0.43809213634014127,32,0.0,0.874,0.37818087768554687,0.8137,0.553014646911621,0.874,0.37818087768554687,0.8137,0.553014646911621
resnet20act_cifar10/gelu,resolution_max_b1_gaussian_conv,1,23,8993,0.0006489079999188671,0.4215105150985718,32,0.0,0.882,0.3703676452636719,0.8132,0.5480752655029297,0.882,0.3703676452636719,0.8132,0.5480752655029297
resnet20act_cifar10/gelu,resolution_max_b1_gaussian_conv,1,24,9384,0.0004826124690963721,0.40808434321403503,32,0.0,0.882,0.35180145263671875,0.8141,0.544481494140625,0.882,0.35180145263671875,0.8141,0.544481494140625
resnet20act_cifar10/gelu,resolution_max_b1_gaussian_conv,1,25,9775,0.0003386475114581614,0.39587218748569486,32,0.0,0.88,0.3476761474609375,0.8147,0.5422008682250976,0.88,0.3476761474609375,0.8147,0.5422008682250976
resnet20act_cifar10/gelu,resolution_max_b1_gaussian_conv,1,26,10166,0.00021860668301331375,0.38915145290851594,32,0.0,0.878,0.34056475830078126,0.8152,0.5436411178588867,0.878,0.34056475830078126,0.8152,0.5436411178588867
resnet20act_cifar10/gelu,resolution_max_b1_gaussian_conv,1,27,10557,0.00012381872227320984,0.3790937887239456,32,0.0,0.886,0.33440087890625,0.8141,0.5459284515380859,0.886,0.33440087890625,0.8141,0.5459284515380859
resnet20act_cifar10/gelu,resolution_max_b1_gaussian_conv,1,28,10948,5.53328423720989e-05,0.37536369270324704,32,0.0,0.888,0.3352961120605469,0.8155,0.5391629959106445,0.888,0.3352961120605469,0.8155,0.5391629959106445
resnet20act_cifar10/gelu,resolution_max_b1_gaussian_conv,1,29,11339,1.3907117269393864e-05,0.3754142891168594,32,0.0,0.886,0.3319402770996094,0.8146,0.5398080612182617,0.886,0.3319402770996094,0.8146,0.5398080612182617
resnet20act_cifar10/gelu,resolution_max_b1_gaussian_conv,1,30,11730,9.058745198409212e-11,0.37374366273880005,32,0.0,0.892,0.33238796997070313,0.8146,0.5388210632324218,0.892,0.33238796997070313,0.8146,0.5388210632324218
resnet20act_cifar10/gelu,resolution_max_b1_gaussian_conv,2,0,0,8.333333333333333e-05,,,,0.092,2.6654443359375,0.0974,2.6743485595703125,0.1,3.12495361328125,0.0999,3.139264807128906
resnet20act_cifar10/gelu,resolution_max_b1_gaussian_conv,2,1,391,0.004990141512569891,1.7183808150482178,16,1.0,0.476,1.4345421142578125,0.4862,1.3932891235351563,0.16,3.535986328125,0.1465,3.545542578125
resnet20act_cifar10/gelu,resolution_max_b1_gaussian_conv,2,2,782,0.004953056580549272,1.3027685113525391,16,1.0,0.582,1.153789794921875,0.5843,1.1481363403320313,0.148,3.54976025390625,0.1391,3.592391052246094
resnet20act_cifar10/gelu,resolution_max_b1_gaussian_conv,2,3,1173,0.004888818630747975,1.1259181271743774,16,1.0,0.652,1.031811279296875,0.6244,1.035957827758789,0.132,4.1954716796875,0.1404,4.234133081054687
resnet20act_cifar10/gelu,resolution_max_b1_gaussian_conv,2,4,1564,0.004798138716554241,0.9979609233856201,16,0.85,0.688,0.9284347534179688,0.6612,0.9460483917236329,0.206,2.65529833984375,0.2108,2.6484443603515624
resnet20act_cifar10/gelu,resolution_max_b1_gaussian_conv,2,5,1955,0.004682020578909872,0.8919775532531738,16,0.85,0.706,0.7917573852539063,0.7024,0.8470554779052735,0.222,2.899615966796875,0.2147,2.8914595458984373
resnet20act_cifar10/gelu,resolution_max_b1_gaussian_conv,2,6,2346,0.004541749535846712,0.8159420639419556,16,0.85,0.734,0.769403564453125,0.7102,0.8278191925048828,0.204,3.10649609375,0.1992,3.07729287109375
resnet20act_cifar10/gelu,resolution_max_b1_gaussian_conv,2,7,2737,0.0043788782552308895,0.8631465822982788,24,0.7,0.72,0.8062870483398438,0.6985,0.8436647979736328,0.18,3.7875595703125,0.1619,3.7624853271484375
resnet20act_cifar10/gelu,resolution_max_b1_gaussian_conv,2,8,3128,0.004195209568197074,0.7690114622306824,24,0.7,0.74,0.731814453125,0.7222,0.7974719818115235,0.21,4.11753662109375,0.2093,4.099293151855469
resnet20act_cifar10/gelu,resolution_max_b1_gaussian_conv,2,9,3519,0.0039927765135118086,0.7149912911987305,24,0.7,0.794,0.6612504272460937,0.7474,0.7309723480224609,0.158,3.992241455078125,0.1508,3.961230725097656
resnet20act_cifar10/gelu,resolution_max_b1_gaussian_conv,2,10,3910,0.0037738198337559444,0.6660284912586212,24,0.6,0.772,0.614565185546875,0.7585,0.6927297058105468,0.274,2.502790771484375,0.2874,2.428850537109375
resnet20act_cifar10/gelu,resolution_max_b1_gaussian_conv,2,11,4301,0.0035407631724221527,0.6167531034374237,24,0.6,0.798,0.5802677612304687,0.7608,0.681343017578125,0.286,2.622327880859375,0.3169,2.5921354858398438
resnet20act_cifar10/gelu,resolution_max_b1_gaussian_conv,2,12,4692,0.003296186246472237,0.5806620985031128,24,0.6,0.818,0.5254930419921875,0.7746,0.6403825378417969,0.276,2.87142041015625,0.2652,2.848038232421875
resnet20act_cifar10/gelu,resolution_max_b1_gaussian_conv,2,13,5083,0.0030427962913086395,0.6658367463493348,32,0.5,0.786,0.5946219482421875,0.7754,0.6486654907226562,0.328,3.277376708984375,0.328,3.243186096191406
resnet20act_cifar10/gelu,resolution_max_b1_gaussian_conv,2,14,5474,0.0027833980942373526,0.5914108794021606,32,0.5,0.808,0.5658330078125,0.7802,0.6450099395751954,0.27,3.6199130859375,0.2871,3.684783142089844
resnet20act_cifar10/gelu,resolution_max_b1_gaussian_conv,2,15,5865,0.0025208629481234496,0.5596450546550751,32,0.5,0.814,0.5405156860351562,0.7901,0.6121450256347656,0.296,4.8348388671875,0.2858,4.888090869140625
resnet20act_cifar10/gelu,resolution_max_b1_gaussian_conv,2,16,6256,0.0022580968688929426,0.559984543094635,32,0.4,0.834,0.5031732177734375,0.8017,0.5834818145751953,0.7,0.9512102661132813,0.6685,0.9962060760498047
resnet20act_cifar10/gelu,resolution_max_b1_gaussian_conv,2,17,6647,0.0019980084286831713,0.5107067133235932,32,0.4,0.848,0.46600726318359376,0.8005,0.5772823623657226,0.71,0.8578001098632813,0.6932,0.9130557312011719
resnet20act_cifar10/gelu,resolution_max_b1_gaussian_conv,2,18,7038,0.0017434765606983522,0.4767882716178894,32,0.4,0.868,0.4341552124023437,0.8055,0.5671987640380859,0.73,0.7850415649414062,0.7018,0.8692367340087891
resnet20act_cifar10/gelu,resolution_max_b1_gaussian_conv,2,19,7429,0.0014973186921401005,0.4986088161754608,32,0.3,0.858,0.43283895874023437,0.8049,0.5676947463989258,0.854,0.432552490234375,0.8036,0.5703615020751953
resnet20act_cifar10/gelu,resolution_max_b1_gaussian_conv,2,20,7820,0.0012622595579512698,0.4610072818565369,32,0.3,0.876,0.41145355224609376,0.8116,0.5530817443847657,0.87,0.41404180908203125,0.8117,0.5584163635253906
resnet20act_cifar10/gelu,resolution_max_b1_gaussian_conv,2,21,8211,0.0010409010405754784,0.43549108484745025,32,0.3,0.882,0.371884765625,0.8126,0.5442416076660156,0.89,0.3729613037109375,0.8126,0.5488090240478516
resnet20act_cifar10/gelu,resolution_max_b1_gaussian_conv,2,22,8602,0.0008356933695777008,0.42115376636981966,32,0.0,0.882,0.369818115234375,0.8129,0.549429946899414,0.882,0.369818115234375,0.8129,0.549429946899414
resnet20act_cifar10/gelu,resolution_max_b1_gaussian_conv,2,23,8993,0.0006489079999188671,0.40741647479057314,32,0.0,0.892,0.3441591186523438,0.8158,0.5458912689208985,0.892,0.3441591186523438,0.8158,0.5458912689208985
resnet20act_cifar10/gelu,resolution_max_b1_gaussian_conv,2,24,9384,0.0004826124690963721,0.3930885101795197,32,0.0,0.894,0.336035400390625,0.8174,0.5421401489257812,0.894,0.336035400390625,0.8174,0.5421401489257812
resnet20act_cifar10/gelu,resolution_max_b1_gaussian_conv,2,25,9775,0.0003386475114581614,0.37957966388225556,32,0.0,0.888,0.33792230224609376,0.8175,0.5407898361206055,0.888,0.33792230224609376,0.8175,0.5407898361206055
resnet20act_cifar10/gelu,resolution_max_b1_gaussian_conv,2,26,10166,0.00021860668301331375,0.3745478207206726,32,0.0,0.9,0.3222237548828125,0.817,0.540276693725586,0.9,0.3222237548828125,0.817,0.540276693725586
resnet20act_cifar10/gelu,resolution_max_b1_gaussian_conv,2,27,10557,0.00012381872227320984,0.36666948088645934,32,0.0,0.896,0.3216470031738281,0.8185,0.5378012130737305,0.896,0.3216470031738281,0.8185,0.5378012130737305
resnet20act_cifar10/gelu,resolution_max_b1_gaussian_conv,2,28,10948,5.53328423720989e-05,0.3640273369884491,32,0.0,0.898,0.3218003540039063,0.8171,0.539567658996582,0.898,0.3218003540039063,0.8171,0.539567658996582
resnet20act_cifar10/gelu,resolution_max_b1_gaussian_conv,2,29,11339,1.3907117269393864e-05,0.36080472781658174,32,0.0,0.888,0.32456982421875,0.8183,0.5407787734985352,0.888,0.32456982421875,0.8183,0.5407787734985352
resnet20act_cifar10/gelu,resolution_max_b1_gaussian_conv,2,30,11730,9.058745198409212e-11,0.3602990271043777,32,0.0,0.9,0.3176615295410156,0.8171,0.5368791488647461,0.9,0.3176615295410156,0.8171,0.5368791488647461
resnet20act_cifar10/silu,gaussian_postrelu,0,0,0,8.333333333333333e-05,,,,0.088,2.416859130859375,0.0871,2.4146477661132812,0.098,2.484265625,0.0985,2.481695495605469
resnet20act_cifar10/silu,gaussian_postrelu,0,1,391,0.004990141512569891,1.833845907096863,,1.0,0.438,1.5723040771484376,0.4249,1.530266796875,0.142,5.1666484375,0.1452,5.2710594482421875
resnet20act_cifar10/silu,gaussian_postrelu,0,2,782,0.004953056580549272,1.4508907104492188,,1.0,0.474,1.437996337890625,0.4994,1.36791494140625,0.114,4.640310546875,0.1204,4.732282299804687
resnet20act_cifar10/silu,gaussian_postrelu,0,3,1173,0.004888818630747975,1.286388158721924,,1.0,0.546,1.246573486328125,0.5469,1.2340133972167968,0.112,5.620896484375,0.1097,5.754261694335938
resnet20act_cifar10/silu,gaussian_postrelu,0,4,1564,0.004798138716554241,1.1628634257125854,,0.85,0.636,1.0554261474609374,0.6077,1.0867162750244141,0.128,4.707484375,0.1166,4.824848852539063
resnet20act_cifar10/silu,gaussian_postrelu,0,5,1955,0.004682020578909872,1.0627972317886352,,0.85,0.672,0.9416007080078125,0.6578,0.9802815124511719,0.106,4.95519287109375,0.1087,5.072738452148437
resnet20act_cifar10/silu,gaussian_postrelu,0,6,2346,0.004541749535846712,0.979921121635437,,0.85,0.694,0.8882779541015625,0.6652,0.9401631500244141,0.102,9.32516796875,0.1016,9.484130517578125
resnet20act_cifar10/silu,gaussian_postrelu,0,7,2737,0.0043788782552308895,0.8885865500450134,,0.7,0.734,0.8418896484375,0.6906,0.8870043426513672,0.114,4.753453125,0.1154,4.76340439453125
resnet20act_cifar10/silu,gaussian_postrelu,0,8,3128,0.004195209568197074,0.8216123260498047,,0.7,0.746,0.738132080078125,0.7132,0.8185160827636718,0.11,5.64005126953125,0.1168,5.765636645507812
resnet20act_cifar10/silu,gaussian_postrelu,0,9,3519,0.0039927765135118086,0.7619332353782654,,0.7,0.774,0.6926660766601562,0.7273,0.791857583618164,0.158,6.70790087890625,0.1416,6.73857919921875
resnet20act_cifar10/silu,gaussian_postrelu,0,10,3910,0.0037738198337559444,0.7050176167869567,,0.6,0.754,0.7057020263671875,0.7378,0.7501617645263672,0.21,3.92268603515625,0.1973,3.9440901977539062
resnet20act_cifar10/silu,gaussian_postrelu,0,11,4301,0.0035407631724221527,0.6624500103378296,,0.6,0.792,0.61168359375,0.7575,0.7036306701660157,0.172,4.17541015625,0.1731,4.220698010253907
resnet20act_cifar10/silu,gaussian_postrelu,0,12,4692,0.003296186246472237,0.6267549648761749,,0.6,0.786,0.6168526611328125,0.7503,0.7114020721435547,0.146,4.674609375,0.1366,4.840387280273437
resnet20act_cifar10/silu,gaussian_postrelu,0,13,5083,0.0030427962913086395,0.6007940311670303,,0.5,0.822,0.5299506225585937,0.7744,0.6549780639648437,0.386,2.307209716796875,0.3238,2.356310852050781
resnet20act_cifar10/silu,gaussian_postrelu,0,14,5474,0.0027833980942373526,0.5673331603336335,,0.5,0.822,0.5074876098632812,0.7794,0.6465314239501954,0.414,1.955370849609375,0.3967,1.9438129821777343
resnet20act_cifar10/silu,gaussian_postrelu,0,15,5865,0.0025208629481234496,0.5360228172397613,,0.5,0.824,0.5064653015136719,0.7775,0.6474743560791015,0.34,2.3841708984375,0.3259,2.39978466796875
resnet20act_cifar10/silu,gaussian_postrelu,0,16,6256,0.0022580968688929426,0.5601553502941131,,0.4,0.82,0.4737059326171875,0.7882,0.6243586212158203,0.702,0.8376722412109375,0.6807,0.9228155426025391
resnet20act_cifar10/silu,gaussian_postrelu,0,17,6647,0.0019980084286831713,0.5106224785852432,,0.4,0.832,0.4729729919433594,0.7929,0.6171057891845703,0.728,0.7841396484375,0.7095,0.8491675476074219
resnet20act_cifar10/silu,gaussian_postrelu,0,18,7038,0.0017434765606983522,0.48092122588157654,,0.4,0.864,0.4368048095703125,0.7945,0.6056447326660156,0.776,0.6819315795898437,0.7237,0.7990514404296875
resnet20act_cifar10/silu,gaussian_postrelu,0,19,7429,0.0014973186921401005,0.5106423368167877,,0.3,0.856,0.4224506225585937,0.7884,0.6109478942871094,0.848,0.43388018798828126,0.7858,0.6197649536132812
resnet20act_cifar10/silu,gaussian_postrelu,0,20,7820,0.0012622595579512698,0.46760534028053286,,0.3,0.87,0.387289306640625,0.7916,0.6058500915527344,0.87,0.394265380859375,0.7881,0.6116603149414063
resnet20act_cifar10/silu,gaussian_postrelu,0,21,8211,0.0010409010405754784,0.4430535186910629,,0.3,0.87,0.37303485107421874,0.7959,0.6021230194091797,0.87,0.378304931640625,0.7921,0.6076425598144531
resnet20act_cifar10/silu,gaussian_postrelu,0,22,8602,0.0008356933695777008,0.43097543651103976,,0.0,0.88,0.35467684936523436,0.7976,0.60426630859375,0.88,0.35467684936523436,0.7976,0.60426630859375
resnet20act_cifar10/silu,gaussian_postrelu,0,23,8993,0.0006489079999188671,0.40935792755126954,,0.0,0.876,0.3549071044921875,0.7965,0.5971934112548828,0.876,0.3549071044921875,0.7965,0.5971934112548828
resnet20act_cifar10/silu,gaussian_postrelu,0,24,9384,0.0004826124690963721,0.3970123103904724,,0.0,0.888,0.3388567199707031,0.7994,0.598132650756836,0.888,0.3388567199707031,0.7994,0.598132650756836
resnet20act_cifar10/silu,gaussian_postrelu,0,25,9775,0.0003386475114581614,0.38492202133655545,,0.0,0.9,0.32777618408203124,0.7999,0.5923590850830078,0.9,0.32777618408203124,0.7999,0.5923590850830078
resnet20act_cifar10/silu,gaussian_postrelu,0,26,10166,0.00021860668301331375,0.37621075778007507,,0.0,0.89,0.3191385498046875,0.8014,0.596190982055664,0.89,0.3191385498046875,0.8014,0.596190982055664
resnet20act_cifar10/silu,gaussian_postrelu,0,27,10557,0.00012381872227320984,0.366934424738884,,0.0,0.882,0.33538427734375,0.8,0.596393637084961,0.882,0.33538427734375,0.8,0.596393637084961
resnet20act_cifar10/silu,gaussian_postrelu,0,28,10948,5.53328423720989e-05,0.36587605447292326,,0.0,0.902,0.31171600341796873,0.8011,0.5929591613769531,0.902,0.31171600341796873,0.8011,0.5929591613769531
resnet20act_cifar10/silu,gaussian_postrelu,0,29,11339,1.3907117269393864e-05,0.3580766370344162,,0.0,0.898,0.3107901916503906,0.8021,0.595481558227539,0.898,0.3107901916503906,0.8021,0.595481558227539
resnet20act_cifar10/silu,gaussian_postrelu,0,30,11730,9.058745198409212e-11,0.3584324887752533,,0.0,0.896,0.3104713134765625,0.8017,0.5917949340820312,0.896,0.3104713134765625,0.8017,0.5917949340820312
resnet20act_cifar10/silu,gaussian_postrelu,1,0,0,8.333333333333333e-05,,,,0.116,2.326205078125,0.0984,2.3312476928710937,0.108,2.3582607421875,0.1047,2.3590391479492188
resnet20act_cifar10/silu,gaussian_postrelu,1,1,391,0.004990141512569891,1.8065468690109252,,1.0,0.478,1.4977095947265624,0.4548,1.4598346008300782,0.13,4.0916748046875,0.1179,4.138937255859375
resnet20act_cifar10/silu,gaussian_postrelu,1,2,782,0.004953056580549272,1.3874168705368042,,1.0,0.528,1.306134765625,0.5335,1.2658653869628906,0.134,4.07642529296875,0.1264,4.099964587402344
resnet20act_cifar10/silu,gaussian_postrelu,1,3,1173,0.004888818630747975,1.2336706344604491,,1.0,0.538,1.226358642578125,0.5616,1.2157574401855469,0.112,8.486337890625,0.1102,8.59698134765625
resnet20act_cifar10/silu,gaussian_postrelu,1,4,1564,0.004798138716554241,1.0910068035125733,,0.85,0.604,1.1021824951171875,0.6043,1.0851056854248047,0.138,7.69046826171875,0.1272,7.71332958984375
resnet20act_cifar10/silu,gaussian_postrelu,1,5,1955,0.004682020578909872,0.9840247144317626,,0.85,0.674,0.9007274780273438,0.6628,0.9532839416503907,0.156,7.51259765625,0.1455,7.584328735351563
resnet20act_cifar10/silu,gaussian_postrelu,1,6,2346,0.004541749535846712,0.9050656390380859,,0.85,0.722,0.806493896484375,0.6884,0.8723531311035156,0.144,9.3977314453125,0.1299,9.45108359375
resnet20act_cifar10/silu,gaussian_postrelu,1,7,2737,0.0043788782552308895,0.8224346501541138,,0.7,0.758,0.719984130859375,0.7256,0.7806720184326172,0.192,6.1549931640625,0.1798,6.135708056640625
resnet20act_cifar10/silu,gaussian_postrelu,1,8,3128,0.004195209568197074,0.7592444570159912,,0.7,0.768,0.6513056640625,0.7363,0.7560069519042969,0.18,6.19361572265625,0.1751,6.240066625976563
resnet20act_cifar10/silu,gaussian_postrelu,1,9,3519,0.0039927765135118086,0.7171565653610229,,0.7,0.764,0.676296630859375,0.7342,0.7608433349609375,0.142,7.500384765625,0.1281,7.470392553710938
resnet20act_cifar10/silu,gaussian_postrelu,1,10,3910,0.0037738198337559444,0.6618879619407654,,0.6,0.788,0.6026234130859375,0.7531,0.7038480560302735,0.204,4.8367763671875,0.1976,4.868986083984375
resnet20act_cifar10/silu,gaussian_postrelu,1,11,4301,0.0035407631724221527,0.6293404371738434,,0.6,0.806,0.5777406005859375,0.7591,0.6874405181884765,0.182,5.02730712890625,0.1683,5.022280908203125
resnet20act_cifar10/silu,gaussian_postrelu,1,12,4692,0.003296186246472237,0.5947365560531617,,0.6,0.838,0.47451431274414063,0.7801,0.6318188598632812,0.176,4.2469130859375,0.1878,4.297165356445312
resnet20act_cifar10/silu,gaussian_postrelu,1,13,5083,0.0030427962913086395,0.5733264313697815,,0.5,0.822,0.49617584228515627,0.781,0.6226778503417969,0.276,2.9216162109375,0.2789,2.9066217041015623
resnet20act_cifar10/silu,gaussian_postrelu,1,14,5474,0.0027833980942373526,0.5419862901735306,,0.5,0.868,0.42802963256835935,0.7921,0.5947483749389648,0.324,2.725220703125,0.3109,2.787278576660156
resnet20act_cifar10/silu,gaussian_postrelu,1,15,5865,0.0025208629481234496,0.510296602563858,,0.5,0.848,0.4435297546386719,0.7987,0.5885004333496093,0.238,3.32858984375,0.2444,3.35299755859375
resnet20act_cifar10/silu,gaussian_postrelu,1,16,6256,0.0022580968688929426,0.5400511320495606,,0.4,0.844,0.446066162109375,0.791,0.5959926879882812,0.686,0.9270885009765625,0.6532,1.0095437103271485
resnet20act_cifar10/silu,gaussian_postrelu,1,17,6647,0.0019980084286831713,0.48830094586849215,,0.4,0.836,0.41527651977539065,0.796,0.5898171661376953,0.704,0.85844580078125,0.6675,0.9719965454101562
resnet20act_cifar10/silu,gaussian_postrelu,1,18,7038,0.0017434765606983522,0.4609892578983307,,0.4,0.866,0.3846741943359375,0.8079,0.5648804733276367,0.696,0.8758076171875,0.6676,0.9865486663818359
resnet20act_cifar10/silu,gaussian_postrelu,1,19,7429,0.0014973186921401005,0.49448797588348387,,0.3,0.872,0.38399166870117185,0.7897,0.6038167572021484,0.87,0.3992783508300781,0.7862,0.6153532318115235
resnet20act_cifar10/silu,gaussian_postrelu,1,20,7820,0.0012622595579512698,0.4487170716333389,,0.3,0.872,0.35835769653320315,0.8045,0.5724843872070312,0.878,0.37098959350585936,0.8033,0.5820179580688477
resnet20act_cifar10/silu,gaussian_postrelu,1,21,8211,0.0010409010405754784,0.4250923191022873,,0.3,0.886,0.3299708251953125,0.803,0.5789193771362304,0.886,0.3448164367675781,0.7986,0.5919111663818359
resnet20act_cifar10/silu,gaussian_postrelu,1,22,8602,0.0008356933695777008,0.40925033853530884,,0.0,0.888,0.3243158874511719,0.8098,0.5716187652587891,0.888,0.3243158874511719,0.8098,0.5716187652587891
resnet20act_cifar10/silu,gaussian_postrelu,1,23,8993,0.0006489079999188671,0.39430580035209656,,0.0,0.906,0.30034991455078125,0.807,0.5670230880737305,0.906,0.30034991455078125,0.807,0.5670230880737305
resnet20act_cifar10/silu,gaussian_postrelu,1,24,9384,0.0004826124690963721,0.37622400677680967,,0.0,0.906,0.29328558349609374,0.8104,0.5634809371948242,0.906,0.29328558349609374,0.8104,0.5634809371948242
resnet20act_cifar10/silu,gaussian_postrelu,1,25,9775,0.0003386475114581614,0.3664730431032181,,0.0,0.914,0.28495050048828124,0.8122,0.5610253387451172,0.914,0.28495050048828124,0.8122,0.5610253387451172
resnet20act_cifar10/silu,gaussian_postrelu,1,26,10166,0.00021860668301331375,0.35751718997955323,,0.0,0.91,0.28193658447265624,0.8115,0.5602265716552735,0.91,0.28193658447265624,0.8115,0.5602265716552735
resnet20act_cifar10/silu,gaussian_postrelu,1,27,10557,0.00012381872227320984,0.3458064595937729,,0.0,0.912,0.27356536865234377,0.8077,0.567590707397461,0.912,0.27356536865234377,0.8077,0.567590707397461
resnet20act_cifar10/silu,gaussian_postrelu,1,28,10948,5.53328423720989e-05,0.3412619469833374,,0.0,0.914,0.2756649169921875,0.8114,0.5601151428222656,0.914,0.2756649169921875,0.8114,0.5601151428222656
resnet20act_cifar10/silu,gaussian_postrelu,1,29,11339,1.3907117269393864e-05,0.3405326332235336,,0.0,0.912,0.27096826171875,0.8121,0.5598431747436523,0.912,0.27096826171875,0.8121,0.5598431747436523
resnet20act_cifar10/silu,gaussian_postrelu,1,30,11730,9.058745198409212e-11,0.34000915076971056,,0.0,0.92,0.2678134765625,0.8132,0.559979426574707,0.92,0.2678134765625,0.8132,0.559979426574707
resnet20act_cifar10/silu,gaussian_postrelu,2,0,0,8.333333333333333e-05,,,,0.094,2.725711669921875,0.1009,2.7372651611328127,0.1,2.807949462890625,0.0989,2.8255097412109373
resnet20act_cifar10/silu,gaussian_postrelu,2,1,391,0.004990141512569891,1.851307002067566,,1.0,0.394,1.60186279296875,0.4154,1.558956719970703,0.178,3.58844775390625,0.1538,3.690008068847656
resnet20act_cifar10/silu,gaussian_postrelu,2,2,782,0.004953056580549272,1.4462802507781982,,1.0,0.498,1.379598876953125,0.5126,1.3263660766601562,0.178,3.67977197265625,0.1601,3.7359114624023437
resnet20act_cifar10/silu,gaussian_postrelu,2,3,1173,0.004888818630747975,1.2726608218383788,,1.0,0.55,1.24481689453125,0.5647,1.1944527526855468,0.114,4.53494970703125,0.1125,4.5691373291015625
resnet20act_cifar10/silu,gaussian_postrelu,2,4,1564,0.004798138716554241,1.1366531641769408,,0.85,0.624,1.0455216064453126,0.6163,1.0739228179931641,0.142,4.193703125,0.1287,4.156142163085938
resnet20act_cifar10/silu,gaussian_postrelu,2,5,1955,0.004682020578909872,1.0293976288223265,,0.85,0.658,0.948801513671875,0.6435,1.0027606079101563,0.128,4.560767578125,0.1204,4.558347412109375
resnet20act_cifar10/silu,gaussian_postrelu,2,6,2346,0.004541749535846712,0.9530723010444642,,0.85,0.706,0.8953622436523437,0.6575,0.9666391754150391,0.102,7.54897021484375,0.1009,7.646010083007813
resnet20act_cifar10/silu,gaussian_postrelu,2,7,2737,0.0043788782552308895,0.8731210976409912,,0.7,0.744,0.7618513793945313,0.7014,0.8445130889892578,0.106,6.0353623046875,0.1093,6.079519189453125
resnet20act_cifar10/silu,gaussian_postrelu,2,8,3128,0.004195209568197074,0.8123884876823425,,0.7,0.754,0.727920166015625,0.712,0.8179184509277344,0.144,4.598357421875,0.143,4.528506396484375
resnet20act_cifar10/silu,gaussian_postrelu,2,9,3519,0.0039927765135118086,0.7626324574661255,,0.7,0.758,0.6890157470703125,0.7301,0.7772975311279297,0.158,4.73693359375,0.157,4.673833740234375
resnet20act_cifar10/silu,gaussian_postrelu,2,10,3910,0.0037738198337559444,0.7050216578674317,,0.6,0.776,0.645820556640625,0.7472,0.7265402252197266,0.158,4.2575810546875,0.1589,4.137040588378906
resnet20act_cifar10/silu,gaussian_postrelu,2,11,4301,0.0035407631724221527,0.6718765279006959,,0.6,0.794,0.6073704833984375,0.7481,0.71705517578125,0.196,4.01703662109375,0.1707,3.9843071411132813
resnet20act_cifar10/silu,gaussian_postrelu,2,12,4692,0.003296186246472237,0.6307927540874482,,0.6,0.794,0.559028076171875,0.7629,0.6850595764160157,0.16,4.76697314453125,0.1525,4.709536474609375
resnet20act_cifar10/silu,gaussian_postrelu,2,13,5083,0.0030427962913086395,0.6044079958534241,,0.5,0.816,0.5193118896484376,0.7722,0.6563935119628906,0.308,2.398061767578125,0.2959,2.41662841796875
resnet20act_cifar10/silu,gaussian_postrelu,2,14,5474,0.0027833980942373526,0.5647490929985046,,0.5,0.828,0.49339315795898436,0.7806,0.6448379516601562,0.37,2.11436572265625,0.3341,2.158022802734375
resnet20act_cifar10/silu,gaussian_postrelu,2,15,5865,0.0025208629481234496,0.5407106392478943,,0.5,0.834,0.47670819091796873,0.7822,0.6397260986328125,0.324,2.342953369140625,0.3199,2.376560266113281
resnet20act_cifar10/silu,gaussian_postrelu,2,16,6256,0.0022580968688929426,0.5599147774600982,,0.4,0.832,0.49295965576171874,0.7834,0.6340243743896484,0.746,0.7568648681640625,0.7062,0.8440329528808593
resnet20act_cifar10/silu,gaussian_postrelu,2,17,6647,0.0019980084286831713,0.5129786432266236,,0.4,0.836,0.45736767578125,0.787,0.6160238372802734,0.776,0.6660250244140625,0.7275,0.7857190612792969
resnet20act_cifar10/silu,gaussian_postrelu,2,18,7038,0.0017434765606983522,0.4810246089553833,,0.4,0.866,0.3912016296386719,0.7973,0.6065541534423828,0.772,0.6307210693359375,0.7279,0.798376089477539
resnet20act_cifar10/silu,gaussian_postrelu,2,19,7429,0.0014973186921401005,0.5087875235176087,,0.3,0.862,0.42925778198242187,0.787,0.6206517578125,0.856,0.4385603637695312,0.7855,0.6277104583740234
resnet20act_cifar10/silu,gaussian_postrelu,2,20,7820,0.0012622595579512698,0.4679541000556946,,0.3,0.856,0.4162098388671875,0.7889,0.6106958099365234,0.862,0.42316461181640624,0.7867,0.616535629272461
resnet20act_cifar10/silu,gaussian_postrelu,2,21,8211,0.0010409010405754784,0.4426625855922699,,0.3,0.884,0.3682349853515625,0.7929,0.6015515167236328,0.874,0.376041748046875,0.7883,0.6082259124755859
resnet20act_cifar10/silu,gaussian_postrelu,2,22,8602,0.0008356933695777008,0.42466911135196683,,0.0,0.88,0.36185150146484374,0.7961,0.598485498046875,0.88,0.36185150146484374,0.7961,0.598485498046875
resnet20act_cifar10/silu,gaussian_postrelu,2,23,8993,0.0006489079999188671,0.40880919629096985,,0.0,0.884,0.3370825805664063,0.7962,0.6000983154296875,0.884,0.3370825805664063,0.7962,0.6000983154296875
resnet20act_cifar10/silu,gaussian_postrelu,2,24,9384,0.0004826124690963721,0.3936094154548645,,0.0,0.894,0.33279171752929687,0.7932,0.5995354461669922,0.894,0.33279171752929687,0.7932,0.5995354461669922
resnet20act_cifar10/silu,gaussian_postrelu,2,25,9775,0.0003386475114581614,0.37864692021369933,,0.0,0.902,0.3205889282226563,0.7985,0.5921293533325195,0.902,0.3205889282226563,0.7985,0.5921293533325195
resnet20act_cifar10/silu,gaussian_postrelu,2,26,10166,0.00021860668301331375,0.37217480289459226,,0.0,0.896,0.3159136047363281,0.7981,0.5941363937377929,0.896,0.3159136047363281,0.7981,0.5941363937377929
resnet20act_cifar10/silu,gaussian_postrelu,2,27,10557,0.00012381872227320984,0.36300625134944914,,0.0,0.902,0.311210205078125,0.7973,0.5951515747070313,0.902,0.311210205078125,0.7973,0.5951515747070313
resnet20act_cifar10/silu,gaussian_postrelu,2,28,10948,5.53328423720989e-05,0.3595595853376389,,0.0,0.904,0.30448556518554687,0.7993,0.5949050231933594,0.904,0.30448556518554687,0.7993,0.5949050231933594
resnet20act_cifar10/silu,gaussian_postrelu,2,29,11339,1.3907117269393864e-05,0.3556189246225357,,0.0,0.912,0.30998211669921877,0.7977,0.5951614929199218,0.912,0.30998211669921877,0.7977,0.5951614929199218
resnet20act_cifar10/silu,gaussian_postrelu,2,30,11730,9.058745198409212e-11,0.355685279135704,,0.0,0.904,0.30292474365234373,0.7984,0.5920840026855468,0.904,0.30292474365234373,0.7984,0.5920840026855468
resnet20act_cifar10/silu,plain,0,0,0,8.333333333333333e-05,,,,0.098,2.484265625,0.0985,2.481695495605469,,,,
resnet20act_cifar10/silu,plain,0,1,391,0.004990141512569891,1.9212803768539428,,,0.37,1.69466064453125,0.3536,1.6656295593261718,,,,
resnet20act_cifar10/silu,plain,0,2,782,0.004953056580549272,1.5755057400894166,,,0.466,1.468857177734375,0.462,1.4464032409667968,,,,
resnet20act_cifar10/silu,plain,0,3,1173,0.004888818630747975,1.3456560250473022,,,0.538,1.263539794921875,0.5327,1.2538704528808593,,,,
resnet20act_cifar10/silu,plain,0,4,1564,0.004798138716554241,1.1825553954696655,,,0.588,1.12822802734375,0.5932,1.1164813293457032,,,,
resnet20act_cifar10/silu,plain,0,5,1955,0.004682020578909872,1.0681448691940307,,,0.628,1.033023681640625,0.6294,1.0199596893310547,,,,
resnet20act_cifar10/silu,plain,0,6,2346,0.004541749535846712,0.9788459776306152,,,0.654,0.9517317504882813,0.6644,0.9361793060302734,,,,
resnet20act_cifar10/silu,plain,0,7,2737,0.0043788782552308895,0.9090821954536438,,,0.694,0.8950081176757813,0.6697,0.9175044036865234,,,,
resnet20act_cifar10/silu,plain,0,8,3128,0.004195209568197074,0.8535235366630555,,,0.714,0.81709375,0.6973,0.8549525512695313,,,,
resnet20act_cifar10/silu,plain,0,9,3519,0.0039927765135118086,0.79684301612854,,,0.746,0.746946533203125,0.7124,0.8181549499511719,,,,
resnet20act_cifar10/silu,plain,0,10,3910,0.0037738198337559444,0.7537039679813385,,,0.742,0.739977783203125,0.7216,0.7885164703369141,,,,
resnet20act_cifar10/silu,plain,0,11,4301,0.0035407631724221527,0.7022120927810669,,,0.742,0.6982688598632812,0.722,0.7880359222412109,,,,
resnet20act_cifar10/silu,plain,0,12,4692,0.003296186246472237,0.6658824399757385,,,0.808,0.5991898193359375,0.7413,0.7385979614257813,,,,
resnet20act_cifar10/silu,plain,0,13,5083,0.0030427962913086395,0.6276205452919006,,,0.79,0.5890604248046875,0.7473,0.7240523590087891,,,,
resnet20act_cifar10/silu,plain,0,14,5474,0.0027833980942373526,0.5957530354881286,,,0.808,0.548409423828125,0.7434,0.7384157531738281,,,,
resnet20act_cifar10/silu,plain,0,15,5865,0.0025208629481234496,0.5663096633911133,,,0.824,0.5206957397460937,0.7596,0.7062228302001953,,,,
resnet20act_cifar10/silu,plain,0,16,6256,0.0022580968688929426,0.5306600037956237,,,0.86,0.456785888671875,0.7606,0.6956693939208984,,,,
resnet20act_cifar10/silu,plain,0,17,6647,0.0019980084286831713,0.5026682573509216,,,0.83,0.4737435913085937,0.7551,0.7109886077880859,,,,
resnet20act_cifar10/silu,plain,0,18,7038,0.0017434765606983522,0.4783484675693512,,,0.852,0.4234532470703125,0.7622,0.6948101104736328,,,,
resnet20act_cifar10/silu,plain,0,19,7429,0.0014973186921401005,0.447718992767334,,,0.878,0.372525390625,0.7689,0.685244189453125,,,,
resnet20act_cifar10/silu,plain,0,20,7820,0.0012622595579512698,0.4244869751739502,,,0.892,0.3590127563476562,0.7658,0.6916284606933594,,,,
resnet20act_cifar10/silu,plain,0,21,8211,0.0010409010405754784,0.4040682561683655,,,0.892,0.3308005981445313,0.7735,0.6864753479003907,,,,
resnet20act_cifar10/silu,plain,0,22,8602,0.0008356933695777008,0.3872445359325409,,,0.894,0.3178797607421875,0.7695,0.6921920440673828,,,,
resnet20act_cifar10/silu,plain,0,23,8993,0.0006489079999188671,0.3678708568811417,,,0.904,0.3043240661621094,0.7727,0.6876366394042969,,,,
resnet20act_cifar10/silu,plain,0,24,9384,0.0004826124690963721,0.3524405226945877,,,0.9,0.29851345825195313,0.7735,0.6939035888671875,,,,
resnet20act_cifar10/silu,plain,0,25,9775,0.0003386475114581614,0.33834076045036315,,,0.912,0.2801304931640625,0.7716,0.6983588745117187,,,,
resnet20act_cifar10/silu,plain,0,26,10166,0.00021860668301331375,0.32938260857105256,,,0.906,0.2740958251953125,0.771,0.696843408203125,,,,
resnet20act_cifar10/silu,plain,0,27,10557,0.00012381872227320984,0.31957962347984314,,,0.908,0.27651239013671874,0.7741,0.6984206756591796,,,,
resnet20act_cifar10/silu,plain,0,28,10948,5.53328423720989e-05,0.3157168527317047,,,0.916,0.2696444091796875,0.7722,0.6968312286376953,,,,
resnet20act_cifar10/silu,plain,0,29,11339,1.3907117269393864e-05,0.31070299357414244,,,0.916,0.2672950134277344,0.7734,0.7012528686523437,,,,
resnet20act_cifar10/silu,plain,0,30,11730,9.058745198409212e-11,0.30945354976177214,,,0.91,0.264508544921875,0.7733,0.6955073791503906,,,,
resnet20act_cifar10/silu,plain,1,0,0,8.333333333333333e-05,,,,0.108,2.3582607421875,0.1047,2.3590391479492188,,,,
resnet20act_cifar10/silu,plain,1,1,391,0.004990141512569891,1.94454814994812,,,0.358,1.6803502197265625,0.3746,1.633300439453125,,,,
resnet20act_cifar10/silu,plain,1,2,782,0.004953056580549272,1.5532506093597411,,,0.468,1.423260986328125,0.4798,1.3953810424804687,,,,
resnet20act_cifar10/silu,plain,1,3,1173,0.004888818630747975,1.3327873541259765,,,0.548,1.2737462158203126,0.5532,1.2333857421875,,,,
resnet20act_cifar10/silu,plain,1,4,1564,0.004798138716554241,1.1913248713684081,,,0.588,1.1336788330078125,0.5868,1.1343059020996094,,,,
resnet20act_cifar10/silu,plain,1,5,1955,0.004682020578909872,1.0853035017967223,,,0.624,1.028508056640625,0.6289,1.0276315643310547,,,,
resnet20act_cifar10/silu,plain,1,6,2346,0.004541749535846712,0.9942588175201416,,,0.664,0.9768948974609375,0.6478,0.9658756378173828,,,,
resnet20act_cifar10/silu,plain,1,7,2737,0.0043788782552308895,0.9205143166160583,,,0.706,0.8841099853515625,0.6664,0.9161952209472656,,,,
resnet20act_cifar10/silu,plain,1,8,3128,0.004195209568197074,0.8556754963684082,,,0.718,0.8473545532226563,0.6885,0.8731622314453125,,,,
resnet20act_cifar10/silu,plain,1,9,3519,0.0039927765135118086,0.7956523881530762,,,0.746,0.753367431640625,0.7073,0.81990107421875,,,,
resnet20act_cifar10/silu,plain,1,10,3910,0.0037738198337559444,0.7427699550056458,,,0.716,0.7763179321289062,0.709,0.8213455108642578,,,,
resnet20act_cifar10/silu,plain,1,11,4301,0.0035407631724221527,0.6999240200424194,,,0.772,0.6779258422851563,0.7163,0.7938175872802734,,,,
resnet20act_cifar10/silu,plain,1,12,4692,0.003296186246472237,0.6597262026023865,,,0.792,0.6189586181640625,0.7353,0.7674299255371094,,,,
resnet20act_cifar10/silu,plain,1,13,5083,0.0030427962913086395,0.6204688421344757,,,0.798,0.587705078125,0.7362,0.7485283660888672,,,,
resnet20act_cifar10/silu,plain,1,14,5474,0.0027833980942373526,0.5859463854598999,,,0.828,0.5251995239257813,0.7484,0.7222517242431641,,,,
resnet20act_cifar10/silu,plain,1,15,5865,0.0025208629481234496,0.5502189446926117,,,0.836,0.5037538452148438,0.7454,0.7269611236572265,,,,
resnet20act_cifar10/silu,plain,1,16,6256,0.0022580968688929426,0.5199161835193634,,,0.828,0.490758544921875,0.7474,0.7342659362792969,,,,
resnet20act_cifar10/silu,plain,1,17,6647,0.0019980084286831713,0.4907279133892059,,,0.846,0.4535254211425781,0.7529,0.7232870849609375,,,,
resnet20act_cifar10/silu,plain,1,18,7038,0.0017434765606983522,0.4637565676879883,,,0.834,0.4534512634277344,0.7513,0.7315990692138672,,,,
resnet20act_cifar10/silu,plain,1,19,7429,0.0014973186921401005,0.4396552375602722,,,0.868,0.3942037353515625,0.7582,0.7236630462646484,,,,
resnet20act_cifar10/silu,plain,1,20,7820,0.0012622595579512698,0.4126978696870804,,,0.9,0.3520059814453125,0.7591,0.7216105499267578,,,,
resnet20act_cifar10/silu,plain,1,21,8211,0.0010409010405754784,0.3890048616313934,,,0.894,0.3392799987792969,0.7534,0.740174365234375,,,,
resnet20act_cifar10/silu,plain,1,22,8602,0.0008356933695777008,0.368316975440979,,,0.904,0.30783938598632815,0.7575,0.7386286926269531,,,,
resnet20act_cifar10/silu,plain,1,23,8993,0.0006489079999188671,0.3532497919368744,,,0.918,0.2866264953613281,0.7613,0.7348993682861328,,,,
resnet20act_cifar10/silu,plain,1,24,9384,0.0004826124690963721,0.3334064751911163,,,0.914,0.2774835205078125,0.7648,0.7369749755859375,,,,
resnet20act_cifar10/silu,plain,1,25,9775,0.0003386475114581614,0.3221132284593582,,,0.914,0.2728027648925781,0.7588,0.7424644958496094,,,,
resnet20act_cifar10/silu,plain,1,26,10166,0.00021860668301331375,0.3077312938928604,,,0.922,0.26460888671875,0.7603,0.7391547271728516,,,,
resnet20act_cifar10/silu,plain,1,27,10557,0.00012381872227320984,0.29945237318515777,,,0.918,0.2606957397460937,0.7618,0.7572890716552735,,,,
resnet20act_cifar10/silu,plain,1,28,10948,5.53328423720989e-05,0.29606924927711487,,,0.922,0.2598147888183594,0.7598,0.7435083862304688,,,,
resnet20act_cifar10/silu,plain,1,29,11339,1.3907117269393864e-05,0.29169162759304046,,,0.926,0.25706350708007814,0.7595,0.7451814025878907,,,,
resnet20act_cifar10/silu,plain,1,30,11730,9.058745198409212e-11,0.2903349880361557,,,0.916,0.2568691711425781,0.7615,0.7461322326660156,,,,
resnet20act_cifar10/silu,plain,2,0,0,8.333333333333333e-05,,,,0.1,2.807949462890625,0.0989,2.8255097412109373,,,,
resnet20act_cifar10/silu,plain,2,1,391,0.004990141512569891,1.9465925210571289,,,0.34,1.7150181884765625,0.3756,1.6513163635253907,,,,
resnet20act_cifar10/silu,plain,2,2,782,0.004953056580549272,1.5434011856079102,,,0.472,1.4405650634765625,0.4762,1.398865802001953,,,,
resnet20act_cifar10/silu,plain,2,3,1173,0.004888818630747975,1.3230366464233398,,,0.556,1.22733349609375,0.5565,1.2063229919433593,,,,
resnet20act_cifar10/silu,plain,2,4,1564,0.004798138716554241,1.162619734992981,,,0.626,1.066791015625,0.6112,1.0715607604980468,,,,
resnet20act_cifar10/silu,plain,2,5,1955,0.004682020578909872,1.0491396913528441,,,0.694,0.9400048828125,0.649,0.9719732543945313,,,,
resnet20act_cifar10/silu,plain,2,6,2346,0.004541749535846712,0.9639182893753052,,,0.686,0.8943328857421875,0.668,0.9359986541748047,,,,
resnet20act_cifar10/silu,plain,2,7,2737,0.0043788782552308895,0.896979161567688,,,0.698,0.8398702392578125,0.6707,0.9041121337890625,,,,
resnet20act_cifar10/silu,plain,2,8,3128,0.004195209568197074,0.8324676992416382,,,0.694,0.8034840087890625,0.6911,0.8715481658935547,,,,
resnet20act_cifar10/silu,plain,2,9,3519,0.0039927765135118086,0.784815373878479,,,0.732,0.744847900390625,0.7146,0.8088404571533203,,,,
resnet20act_cifar10/silu,plain,2,10,3910,0.0037738198337559444,0.7336670586585998,,,0.74,0.7049512939453125,0.7266,0.7842578521728516,,,,
resnet20act_cifar10/silu,plain,2,11,4301,0.0035407631724221527,0.6932029731369018,,,0.766,0.6406199951171875,0.7358,0.7519944091796875,,,,
resnet20act_cifar10/silu,plain,2,12,4692,0.003296186246472237,0.6483469531059265,,,0.79,0.6037010498046875,0.7366,0.7555636627197265,,,,
resnet20act_cifar10/silu,plain,2,13,5083,0.0030427962913086395,0.6105338809108735,,,0.804,0.5707805786132812,0.7479,0.7215978088378906,,,,
resnet20act_cifar10/silu,plain,2,14,5474,0.0027833980942373526,0.5780664625835419,,,0.816,0.5072158813476563,0.7533,0.7144167724609375,,,,
resnet20act_cifar10/silu,plain,2,15,5865,0.0025208629481234496,0.5483189951038361,,,0.82,0.49149652099609376,0.757,0.7024803436279297,,,,
resnet20act_cifar10/silu,plain,2,16,6256,0.0022580968688929426,0.5131343479061127,,,0.844,0.47244552612304686,0.7497,0.7186397583007812,,,,
resnet20act_cifar10/silu,plain,2,17,6647,0.0019980084286831713,0.4859333037281036,,,0.842,0.46795758056640624,0.7522,0.7238987091064453,,,,
resnet20act_cifar10/silu,plain,2,18,7038,0.0017434765606983522,0.4550090934419632,,,0.87,0.37532843017578127,0.7602,0.7136071716308594,,,,
resnet20act_cifar10/silu,plain,2,19,7429,0.0014973186921401005,0.43226097553253173,,,0.882,0.37621441650390625,0.7615,0.7141307037353516,,,,
resnet20act_cifar10/silu,plain,2,20,7820,0.0012622595579512698,0.40589362705230714,,,0.864,0.36147601318359374,0.7595,0.7149762725830078,,,,
resnet20act_cifar10/silu,plain,2,21,8211,0.0010409010405754784,0.3831316075110435,,,0.892,0.3271219482421875,0.7672,0.7095296966552734,,,,
resnet20act_cifar10/silu,plain,2,22,8602,0.0008356933695777008,0.36193672976017,,,0.88,0.29962542724609376,0.7599,0.7241638732910156,,,,
resnet20act_cifar10/silu,plain,2,23,8993,0.0006489079999188671,0.3471670717382431,,,0.91,0.2700586547851562,0.7622,0.7278397155761719,,,,
resnet20act_cifar10/silu,plain,2,24,9384,0.0004826124690963721,0.33003781723976133,,,0.922,0.2645479736328125,0.7648,0.7217620208740234,,,,
resnet20act_cifar10/silu,plain,2,25,9775,0.0003386475114581614,0.3158880373477936,,,0.914,0.26563018798828125,0.7655,0.7286673980712891,,,,
resnet20act_cifar10/silu,plain,2,26,10166,0.00021860668301331375,0.306487696518898,,,0.918,0.25832275390625,0.7618,0.7361839874267578,,,,
resnet20act_cifar10/silu,plain,2,27,10557,0.00012381872227320984,0.29892132543802263,,,0.92,0.24404974365234375,0.7602,0.7391186309814453,,,,
resnet20act_cifar10/silu,plain,2,28,10948,5.53328423720989e-05,0.2951166884326935,,,0.92,0.24120977783203126,0.7631,0.7432537719726563,,,,
resnet20act_cifar10/silu,plain,2,29,11339,1.3907117269393864e-05,0.2921547831392288,,,0.924,0.24504379272460938,0.7621,0.7459019409179688,,,,
resnet20act_cifar10/silu,plain,2,30,11730,9.058745198409212e-11,0.2896090161943436,,,0.92,0.24490396118164062,0.7616,0.7417969848632813,,,,
resnet20act_cifar10/silu,resolution_max_b1,0,0,0,8.333333333333333e-05,,,,0.096,2.46327490234375,0.0988,2.45841220703125,0.098,2.484265625,0.0985,2.481695495605469
resnet20act_cifar10/silu,resolution_max_b1,0,1,391,0.004990141512569891,1.8798001229476928,16,,0.37,1.6527169189453126,0.4045,1.573117218017578,0.166,2.958575927734375,0.1692,2.9514177490234377
resnet20act_cifar10/silu,resolution_max_b1,0,2,782,0.004953056580549272,1.456225559387207,16,,0.502,1.365782958984375,0.5209,1.297614501953125,0.216,2.772151123046875,0.2154,2.7337181518554687
resnet20act_cifar10/silu,resolution_max_b1,0,3,1173,0.004888818630747975,1.236637552986145,16,,0.566,1.126526123046875,0.5843,1.1322957580566406,0.25,2.662718505859375,0.2326,2.6157972412109376
resnet20act_cifar10/silu,resolution_max_b1,0,4,1564,0.004798138716554241,1.0934786056518555,16,,0.64,1.000529296875,0.6303,1.0219519012451173,0.182,3.4243271484375,0.1932,3.362179931640625
resnet20act_cifar10/silu,resolution_max_b1,0,5,1955,0.004682020578909872,0.9956544786071777,16,,0.668,0.949248779296875,0.6475,0.9680127197265626,0.164,3.74298583984375,0.173,3.6494774780273436
resnet20act_cifar10/silu,resolution_max_b1,0,6,2346,0.004541749535846712,0.9149228637123108,16,,0.698,0.861697998046875,0.6729,0.9136595306396484,0.184,3.141444091796875,0.1986,3.066481787109375
resnet20act_cifar10/silu,resolution_max_b1,0,7,2737,0.0043788782552308895,0.9452663242721557,24,,0.714,0.849590576171875,0.6826,0.8828399841308594,0.222,2.76089306640625,0.2251,2.68982158203125
resnet20act_cifar10/silu,resolution_max_b1,0,8,3128,0.004195209568197074,0.8459079517555237,24,,0.722,0.77400634765625,0.7085,0.8213194152832032,0.244,2.8226259765625,0.2484,2.757746765136719
resnet20act_cifar10/silu,resolution_max_b1,0,9,3519,0.0039927765135118086,0.7771558719825744,24,,0.768,0.7128414916992187,0.726,0.7885798736572266,0.232,2.749612060546875,0.242,2.6670366455078125
resnet20act_cifar10/silu,resolution_max_b1,0,10,3910,0.0037738198337559444,0.7298373509025574,24,,0.756,0.71004541015625,0.7254,0.7720422729492188,0.246,2.9793095703125,0.2432,2.8729556884765626
resnet20act_cifar10/silu,resolution_max_b1,0,11,4301,0.0035407631724221527,0.6835272147750855,24,,0.776,0.6293101196289063,0.7405,0.7336306579589844,0.226,3.11697412109375,0.21,3.0400468017578124
resnet20act_cifar10/silu,resolution_max_b1,0,12,4692,0.003296186246472237,0.6453070893383026,24,,0.786,0.5945275268554687,0.7595,0.6977732269287109,0.218,2.80146240234375,0.2105,2.710794470214844
resnet20act_cifar10/silu,resolution_max_b1,0,13,5083,0.0030427962913086395,0.7467582311439515,32,,0.748,0.668075439453125,0.7519,0.7126247344970703,0.748,0.668075439453125,0.7519,0.7126247344970703
resnet20act_cifar10/silu,resolution_max_b1,0,14,5474,0.0027833980942373526,0.6650706970596314,32,,0.794,0.5977991943359375,0.7669,0.671146401977539,0.794,0.5977991943359375,0.7669,0.671146401977539
resnet20act_cifar10/silu,resolution_max_b1,0,15,5865,0.0025208629481234496,0.619730622625351,32,,0.788,0.59077001953125,0.7786,0.6482086853027343,0.788,0.59077001953125,0.7786,0.6482086853027343
resnet20act_cifar10/silu,resolution_max_b1,0,16,6256,0.0022580968688929426,0.5827654962730408,32,,0.814,0.5427637939453125,0.7861,0.6248850311279297,0.814,0.5427637939453125,0.7861,0.6248850311279297
resnet20act_cifar10/silu,resolution_max_b1,0,17,6647,0.0019980084286831713,0.5524203829336166,32,,0.792,0.5364110107421876,0.7899,0.6198872772216797,0.792,0.5364110107421876,0.7899,0.6198872772216797
resnet20act_cifar10/silu,resolution_max_b1,0,18,7038,0.0017434765606983522,0.5265209746646881,32,,0.824,0.5055298156738282,0.7872,0.6071583923339844,0.824,0.5055298156738282,0.7872,0.6071583923339844
resnet20act_cifar10/silu,resolution_max_b1,0,19,7429,0.0014973186921401005,0.5016658523368835,32,,0.832,0.4655160827636719,0.797,0.5846900955200195,0.832,0.4655160827636719,0.797,0.5846900955200195
resnet20act_cifar10/silu,resolution_max_b1,0,20,7820,0.0012622595579512698,0.48081105805397034,32,,0.834,0.450495361328125,0.7959,0.5840221893310547,0.834,0.450495361328125,0.7959,0.5840221893310547
resnet20act_cifar10/silu,resolution_max_b1,0,21,8211,0.0010409010405754784,0.4605131563425064,32,,0.856,0.41179571533203124,0.7977,0.5817371124267579,0.856,0.41179571533203124,0.7977,0.5817371124267579
resnet20act_cifar10/silu,resolution_max_b1,0,22,8602,0.0008356933695777008,0.44923368048667905,32,,0.852,0.396933349609375,0.8005,0.5755616241455078,0.852,0.396933349609375,0.8005,0.5755616241455078
resnet20act_cifar10/silu,resolution_max_b1,0,23,8993,0.0006489079999188671,0.4313307483768463,32,,0.862,0.3921879577636719,0.8016,0.5721750961303711,0.862,0.3921879577636719,0.8016,0.5721750961303711
resnet20act_cifar10/silu,resolution_max_b1,0,24,9384,0.0004826124690963721,0.4190794140291214,32,,0.866,0.37568121337890625,0.8053,0.5675782150268555,0.866,0.37568121337890625,0.8053,0.5675782150268555
resnet20act_cifar10/silu,resolution_max_b1,0,25,9775,0.0003386475114581614,0.409274844660759,32,,0.868,0.3681728515625,0.805,0.5660641525268555,0.868,0.3681728515625,0.805,0.5660641525268555
resnet20act_cifar10/silu,resolution_max_b1,0,26,10166,0.00021860668301331375,0.40297402178287506,32,,0.884,0.35190692138671875,0.8068,0.563466487121582,0.884,0.35190692138671875,0.8068,0.563466487121582
resnet20act_cifar10/silu,resolution_max_b1,0,27,10557,0.00012381872227320984,0.39433140212535855,32,,0.878,0.35629351806640625,0.8065,0.5612405288696289,0.878,0.35629351806640625,0.8065,0.5612405288696289
resnet20act_cifar10/silu,resolution_max_b1,0,28,10948,5.53328423720989e-05,0.39012050606250764,32,,0.872,0.35141424560546874,0.8065,0.5610537002563477,0.872,0.35141424560546874,0.8065,0.5610537002563477
resnet20act_cifar10/silu,resolution_max_b1,0,29,11339,1.3907117269393864e-05,0.38464964185714723,32,,0.876,0.3481380615234375,0.8059,0.562121287536621,0.876,0.3481380615234375,0.8059,0.562121287536621
resnet20act_cifar10/silu,resolution_max_b1,0,30,11730,9.058745198409212e-11,0.38539670905590057,32,,0.878,0.35125439453125,0.806,0.5605427642822266,0.878,0.35125439453125,0.806,0.5605427642822266
resnet20act_cifar10/silu,resolution_max_b1,1,0,0,8.333333333333333e-05,,,,0.102,2.34606884765625,0.0962,2.345124987792969,0.108,2.3582607421875,0.1047,2.3590391479492188
resnet20act_cifar10/silu,resolution_max_b1,1,1,391,0.004990141512569891,1.8947052953338623,16,,0.41,1.600626220703125,0.4174,1.554721923828125,0.198,2.365753662109375,0.2093,2.305845458984375
resnet20act_cifar10/silu,resolution_max_b1,1,2,782,0.004953056580549272,1.4441145045852661,16,,0.49,1.345936767578125,0.5191,1.3052020446777344,0.21,2.86832177734375,0.2064,2.7792487060546875
resnet20act_cifar10/silu,resolution_max_b1,1,3,1173,0.004888818630747975,1.2365631769943237,16,,0.576,1.11694677734375,0.596,1.1244503662109375,0.212,3.349103515625,0.2217,3.2565911987304688
resnet20act_cifar10/silu,resolution_max_b1,1,4,1564,0.004798138716554241,1.089846240940094,16,,0.644,1.0020208740234375,0.6211,1.0396312042236329,0.184,3.8533203125,0.1998,3.731199658203125
resnet20act_cifar10/silu,resolution_max_b1,1,5,1955,0.004682020578909872,0.9893386391067505,16,,0.702,0.8906817626953125,0.6471,0.9723426361083984,0.192,4.3779970703125,0.1976,4.241607165527344
resnet20act_cifar10/silu,resolution_max_b1,1,6,2346,0.004541749535846712,0.9106386172866822,16,,0.722,0.8125828857421875,0.6791,0.9024450714111328,0.16,3.923027587890625,0.1791,3.764110388183594
resnet20act_cifar10/silu,resolution_max_b1,1,7,2737,0.0043788782552308895,0.9399889268112183,24,,0.708,0.8388438110351563,0.684,0.8780352111816406,0.216,3.1970517578125,0.2336,3.103154162597656
resnet20act_cifar10/silu,resolution_max_b1,1,8,3128,0.004195209568197074,0.841989903831482,24,,0.724,0.7774990234375,0.7135,0.8038411529541015,0.248,2.52580615234375,0.2656,2.4298898681640626
resnet20act_cifar10/silu,resolution_max_b1,1,9,3519,0.0039927765135118086,0.7804127987861633,24,,0.73,0.7137412109375,0.7239,0.7785457061767578,0.244,2.549134765625,0.2695,2.4671952392578125
resnet20act_cifar10/silu,resolution_max_b1,1,10,3910,0.0037738198337559444,0.7262217123222351,24,,0.758,0.6713406372070313,0.7361,0.747939404296875,0.252,2.688211669921875,0.2803,2.57495830078125
resnet20act_cifar10/silu,resolution_max_b1,1,11,4301,0.0035407631724221527,0.6821700759315491,24,,0.774,0.635386474609375,0.739,0.7324688720703125,0.26,2.414448974609375,0.2951,2.2840661499023436
resnet20act_cifar10/silu,resolution_max_b1,1,12,4692,0.003296186246472237,0.6394003232192993,24,,0.802,0.5598175048828125,0.7587,0.6881503631591797,0.248,2.9116943359375,0.2652,2.8292218627929686
resnet20act_cifar10/silu,resolution_max_b1,1,13,5083,0.0030427962913086395,0.7356161868476868,32,,0.744,0.6461195068359376,0.7554,0.6949545135498046,0.744,0.6461195068359376,0.7554,0.6949545135498046
resnet20act_cifar10/silu,resolution_max_b1,1,14,5474,0.0027833980942373526,0.6540920905590057,32,,0.784,0.566744140625,0.7713,0.655423080444336,0.784,0.566744140625,0.7713,0.655423080444336
resnet20act_cifar10/silu,resolution_max_b1,1,15,5865,0.0025208629481234496,0.6087600741195679,32,,0.824,0.5276533813476563,0.785,0.624430078125,0.824,0.5276533813476563,0.785,0.624430078125
resnet20act_cifar10/silu,resolution_max_b1,1,16,6256,0.0022580968688929426,0.5716099871540069,32,,0.812,0.5086732177734375,0.7864,0.6218747100830078,0.812,0.5086732177734375,0.7864,0.6218747100830078
resnet20act_cifar10/silu,resolution_max_b1,1,17,6647,0.0019980084286831713,0.5410520396900177,32,,0.842,0.47108245849609376,0.7904,0.6113163726806641,0.842,0.47108245849609376,0.7904,0.6113163726806641
resnet20act_cifar10/silu,resolution_max_b1,1,18,7038,0.0017434765606983522,0.5148865534496307,32,,0.83,0.44651202392578127,0.7932,0.5966009979248047,0.83,0.44651202392578127,0.7932,0.5966009979248047
resnet20act_cifar10/silu,resolution_max_b1,1,19,7429,0.0014973186921401005,0.49240565984725954,32,,0.844,0.4140266723632812,0.7954,0.5914608306884765,0.844,0.4140266723632812,0.7954,0.5914608306884765
resnet20act_cifar10/silu,resolution_max_b1,1,20,7820,0.0012622595579512698,0.46819859690189364,32,,0.862,0.3701094970703125,0.7949,0.5881004638671875,0.862,0.3701094970703125,0.7949,0.5881004638671875
resnet20act_cifar10/silu,resolution_max_b1,1,21,8211,0.0010409010405754784,0.4509719389820099,32,,0.89,0.3589823913574219,0.7971,0.5785375717163086,0.89,0.3589823913574219,0.7971,0.5785375717163086
resnet20act_cifar10/silu,resolution_max_b1,1,22,8602,0.0008356933695777008,0.4334260174942017,32,,0.886,0.348989013671875,0.8049,0.5688756332397461,0.886,0.348989013671875,0.8049,0.5688756332397461
resnet20act_cifar10/silu,resolution_max_b1,1,23,8993,0.0006489079999188671,0.42098201040267946,32,,0.886,0.3347779846191406,0.8038,0.5621414733886718,0.886,0.3347779846191406,0.8038,0.5621414733886718
resnet20act_cifar10/silu,resolution_max_b1,1,24,9384,0.0004826124690963721,0.4044017205619812,32,,0.894,0.31778875732421874,0.8066,0.5633947525024414,0.894,0.31778875732421874,0.8066,0.5633947525024414
resnet20act_cifar10/silu,resolution_max_b1,1,25,9775,0.0003386475114581614,0.3946052075481415,32,,0.894,0.3116314697265625,0.8042,0.5605380020141602,0.894,0.3116314697265625,0.8042,0.5605380020141602
resnet20act_cifar10/silu,resolution_max_b1,1,26,10166,0.00021860668301331375,0.38576171449184415,32,,0.892,0.3094464111328125,0.8076,0.5569420288085938,0.892,0.3094464111328125,0.8076,0.5569420288085938
resnet20act_cifar10/silu,resolution_max_b1,1,27,10557,0.00012381872227320984,0.376451222782135,32,,0.908,0.29581585693359375,0.8043,0.5660399642944336,0.908,0.29581585693359375,0.8043,0.5660399642944336
resnet20act_cifar10/silu,resolution_max_b1,1,28,10948,5.53328423720989e-05,0.3718260063838959,32,,0.908,0.30169873046875,0.806,0.5565814376831054,0.908,0.30169873046875,0.806,0.5565814376831054
resnet20act_cifar10/silu,resolution_max_b1,1,29,11339,1.3907117269393864e-05,0.370327076382637,32,,0.902,0.2958509521484375,0.8063,0.5572637832641602,0.902,0.2958509521484375,0.8063,0.5572637832641602
resnet20act_cifar10/silu,resolution_max_b1,1,30,11730,9.058745198409212e-11,0.3702411842727661,32,,0.908,0.29906430053710936,0.8088,0.5579159194946289,0.908,0.29906430053710936,0.8088,0.5579159194946289
resnet20act_cifar10/silu,resolution_max_b1,2,0,0,8.333333333333333e-05,,,,0.086,2.603358642578125,0.0941,2.619696643066406,0.1,2.807949462890625,0.0989,2.8255097412109373
resnet20act_cifar10/silu,resolution_max_b1,2,1,391,0.004990141512569891,1.8863989755630493,16,,0.38,1.61479931640625,0.4174,1.5563761352539063,0.188,2.37432275390625,0.1901,2.3530368041992187
resnet20act_cifar10/silu,resolution_max_b1,2,2,782,0.004953056580549272,1.4451279512786865,16,,0.528,1.3315286865234375,0.5216,1.2999515075683594,0.19,3.1720947265625,0.2048,3.1481915771484377
resnet20act_cifar10/silu,resolution_max_b1,2,3,1173,0.004888818630747975,1.2285040300750731,16,,0.598,1.175365478515625,0.5822,1.1405699279785155,0.206,3.26889697265625,0.2193,3.238575146484375
resnet20act_cifar10/silu,resolution_max_b1,2,4,1564,0.004798138716554241,1.0820020513534545,16,,0.646,1.046126220703125,0.6282,1.022738980102539,0.148,3.791016845703125,0.1762,3.7445108154296873
resnet20act_cifar10/silu,resolution_max_b1,2,5,1955,0.004682020578909872,0.9733743070602418,16,,0.694,0.9038255615234375,0.6657,0.9310597625732422,0.16,3.71909765625,0.1814,3.6140928833007813
resnet20act_cifar10/silu,resolution_max_b1,2,6,2346,0.004541749535846712,0.8860306040000916,16,,0.706,0.851227294921875,0.6757,0.9019571350097656,0.174,2.936589599609375,0.2083,2.8271578735351564
resnet20act_cifar10/silu,resolution_max_b1,2,7,2737,0.0043788782552308895,0.9177015217971802,24,,0.682,0.8445335693359375,0.699,0.8364663146972656,0.11,3.92516748046875,0.1139,3.8104519287109375
resnet20act_cifar10/silu,resolution_max_b1,2,8,3128,0.004195209568197074,0.8083199396324158,24,,0.714,0.7972067260742187,0.7201,0.7991569488525391,0.128,3.971556884765625,0.1361,3.8020328735351563
resnet20act_cifar10/silu,resolution_max_b1,2,9,3519,0.0039927765135118086,0.7437690434265136,24,,0.774,0.684137939453125,0.7446,0.7307401062011719,0.17,3.07860791015625,0.169,2.953653076171875
resnet20act_cifar10/silu,resolution_max_b1,2,10,3910,0.0037738198337559444,0.687701314868927,24,,0.766,0.6740380859375,0.7495,0.7164230590820313,0.132,3.76821630859375,0.1473,3.59067470703125
resnet20act_cifar10/silu,resolution_max_b1,2,11,4301,0.0035407631724221527,0.6412597936344147,24,,0.794,0.6079498291015625,0.7612,0.6795227722167969,0.208,3.13021826171875,0.1981,2.9763394775390624
resnet20act_cifar10/silu,resolution_max_b1,2,12,4692,0.003296186246472237,0.6023108017921448,24,,0.798,0.561848388671875,0.7663,0.6665067901611328,0.164,4.1635263671875,0.1552,4.013290393066407
resnet20act_cifar10/silu,resolution_max_b1,2,13,5083,0.0030427962913086395,0.7090242752075195,32,,0.774,0.607544677734375,0.7651,0.6681536529541016,0.774,0.607544677734375,0.7651,0.6681536529541016
resnet20act_cifar10/silu,resolution_max_b1,2,14,5474,0.0027833980942373526,0.6246559068012237,32,,0.8,0.5541427001953125,0.7773,0.6444561004638671,0.8,0.5541427001953125,0.7773,0.6444561004638671
resnet20act_cifar10/silu,resolution_max_b1,2,15,5865,0.0025208629481234496,0.5873109375190735,32,,0.802,0.5493838500976562,0.7846,0.6264783813476562,0.802,0.5493838500976562,0.7846,0.6264783813476562
resnet20act_cifar10/silu,resolution_max_b1,2,16,6256,0.0022580968688929426,0.5507316459178925,32,,0.826,0.5064272766113281,0.7902,0.6140865325927735,0.826,0.5064272766113281,0.7902,0.6140865325927735
resnet20act_cifar10/silu,resolution_max_b1,2,17,6647,0.0019980084286831713,0.5239369951725006,32,,0.848,0.46409307861328125,0.7969,0.593199755859375,0.848,0.46409307861328125,0.7969,0.593199755859375
resnet20act_cifar10/silu,resolution_max_b1,2,18,7038,0.0017434765606983522,0.49673631715774536,32,,0.866,0.40807373046875,0.8031,0.5761811508178711,0.866,0.40807373046875,0.8031,0.5761811508178711
resnet20act_cifar10/silu,resolution_max_b1,2,19,7429,0.0014973186921401005,0.47205381580352784,32,,0.858,0.41930126953125,0.8028,0.5744365875244141,0.858,0.41930126953125,0.8028,0.5744365875244141
resnet20act_cifar10/silu,resolution_max_b1,2,20,7820,0.0012622595579512698,0.45645714579582214,32,,0.858,0.3993131103515625,0.8029,0.570314566040039,0.858,0.3993131103515625,0.8029,0.570314566040039
resnet20act_cifar10/silu,resolution_max_b1,2,21,8211,0.0010409010405754784,0.43656900181770325,32,,0.87,0.36840350341796874,0.8066,0.5625634246826172,0.87,0.36840350341796874,0.8066,0.5625634246826172
resnet20act_cifar10/silu,resolution_max_b1,2,22,8602,0.0008356933695777008,0.41822080476760864,32,,0.872,0.35842401123046874,0.8077,0.5626391403198242,0.872,0.35842401123046874,0.8077,0.5626391403198242
resnet20act_cifar10/silu,resolution_max_b1,2,23,8993,0.0006489079999188671,0.4069243026685715,32,,0.876,0.3429061279296875,0.8078,0.5634899322509765,0.876,0.3429061279296875,0.8078,0.5634899322509765
resnet20act_cifar10/silu,resolution_max_b1,2,24,9384,0.0004826124690963721,0.39588258932590487,32,,0.888,0.3309309387207031,0.81,0.5581175048828125,0.888,0.3309309387207031,0.81,0.5581175048828125
resnet20act_cifar10/silu,resolution_max_b1,2,25,9775,0.0003386475114581614,0.3837340357017517,32,,0.888,0.33467156982421875,0.8116,0.555500358581543,0.888,0.33467156982421875,0.8116,0.555500358581543
resnet20act_cifar10/silu,resolution_max_b1,2,26,10166,0.00021860668301331375,0.3760834079504013,32,,0.892,0.3199162902832031,0.8123,0.5536072967529296,0.892,0.3199162902832031,0.8123,0.5536072967529296
resnet20act_cifar10/silu,resolution_max_b1,2,27,10557,0.00012381872227320984,0.3695552111101151,32,,0.892,0.319081787109375,0.8141,0.5520643692016601,0.892,0.319081787109375,0.8141,0.5520643692016601
resnet20act_cifar10/silu,resolution_max_b1,2,28,10948,5.53328423720989e-05,0.3646786725473404,32,,0.898,0.3199292602539062,0.8124,0.5527169876098633,0.898,0.3199292602539062,0.8124,0.5527169876098633
resnet20act_cifar10/silu,resolution_max_b1,2,29,11339,1.3907117269393864e-05,0.3618917261648178,32,,0.888,0.3252180786132812,0.8127,0.5547828399658203,0.888,0.3252180786132812,0.8127,0.5547828399658203
resnet20act_cifar10/silu,resolution_max_b1,2,30,11730,9.058745198409212e-11,0.362790990524292,32,,0.906,0.31662255859375,0.8125,0.5524611053466797,0.906,0.31662255859375,0.8125,0.5524611053466797
resnet20act_cifar10/silu,resolution_max_b1_gaussian_conv,0,0,0,8.333333333333333e-05,,,,0.086,2.39502783203125,0.0829,2.3929741577148436,0.098,2.484265625,0.0985,2.481695495605469
resnet20act_cifar10/silu,resolution_max_b1_gaussian_conv,0,1,391,0.004990141512569891,1.78456824508667,16,1.0,0.448,1.536249267578125,0.4594,1.4553248413085937,0.128,4.530294921875,0.1226,4.526238208007812
resnet20act_cifar10/silu,resolution_max_b1_gaussian_conv,0,2,782,0.004953056580549272,1.3600979025650024,16,1.0,0.522,1.2825517578125,0.5489,1.225498162841797,0.186,4.18490087890625,0.1699,4.200003259277344
resnet20act_cifar10/silu,resolution_max_b1_gaussian_conv,0,3,1173,0.004888818630747975,1.1676382592391967,16,1.0,0.6,1.0867841796875,0.6011,1.0978686950683594,0.196,3.964099609375,0.1903,3.987626232910156
resnet20act_cifar10/silu,resolution_max_b1_gaussian_conv,0,4,1564,0.004798138716554241,1.0404801843070983,16,0.85,0.692,0.914070556640625,0.6576,0.9613270111083985,0.184,3.322363525390625,0.1974,3.2629585571289064
resnet20act_cifar10/silu,resolution_max_b1_gaussian_conv,0,5,1955,0.004682020578909872,0.9330940411186218,16,0.85,0.686,0.8668990478515625,0.6612,0.9318226593017578,0.164,3.484650634765625,0.1615,3.468873034667969
resnet20act_cifar10/silu,resolution_max_b1_gaussian_conv,0,6,2346,0.004541749535846712,0.8504699348640442,16,0.85,0.716,0.8089835205078125,0.6921,0.8698398742675781,0.162,3.359201171875,0.1568,3.341983251953125
resnet20act_cifar10/silu,resolution_max_b1_gaussian_conv,0,7,2737,0.0043788782552308895,0.8717156276130676,24,0.7,0.718,0.8264971923828125,0.6944,0.8551777801513671,0.228,3.958655029296875,0.2287,4.049754064941406
resnet20act_cifar10/silu,resolution_max_b1_gaussian_conv,0,8,3128,0.004195209568197074,0.7848101093864441,24,0.7,0.752,0.7377769775390625,0.7231,0.7714129760742188,0.178,5.079603515625,0.1637,5.192428295898438
resnet20act_cifar10/silu,resolution_max_b1_gaussian_conv,0,9,3519,0.0039927765135118086,0.7231516214752197,24,0.7,0.792,0.6513228759765625,0.7401,0.743883169555664,0.15,5.79133447265625,0.1477,6.002576245117187
resnet20act_cifar10/silu,resolution_max_b1_gaussian_conv,0,10,3910,0.0037738198337559444,0.6750593933677673,24,0.6,0.792,0.6218076171875,0.7535,0.6984443115234376,0.354,2.217843994140625,0.3513,2.239
resnet20act_cifar10/silu,resolution_max_b1_gaussian_conv,0,11,4301,0.0035407631724221527,0.6294373829746246,24,0.6,0.79,0.5782651977539063,0.763,0.6726991851806641,0.374,2.215314453125,0.3333,2.23019853515625
resnet20act_cifar10/silu,resolution_max_b1_gaussian_conv,0,12,4692,0.003296186246472237,0.5940887588500977,24,0.6,0.786,0.5572777099609375,0.7683,0.6605694091796875,0.364,2.216130126953125,0.3258,2.252279016113281
resnet20act_cifar10/silu,resolution_max_b1_gaussian_conv,0,13,5083,0.0030427962913086395,0.665730632648468,32,0.5,0.794,0.5876229858398437,0.7718,0.6528401550292968,0.146,8.2431552734375,0.134,8.32696826171875
resnet20act_cifar10/silu,resolution_max_b1_gaussian_conv,0,14,5474,0.0027833980942373526,0.6035681219100952,32,0.5,0.812,0.5432894897460937,0.7744,0.6404183502197266,0.1,13.68071484375,0.105,13.722651123046875
resnet20act_cifar10/silu,resolution_max_b1_gaussian_conv,0,15,5865,0.0025208629481234496,0.5699929286861419,32,0.5,0.798,0.5530869140625,0.784,0.6324552398681641,0.11,13.570326171875,0.1095,13.729123486328126
resnet20act_cifar10/silu,resolution_max_b1_gaussian_conv,0,16,6256,0.0022580968688929426,0.5657703311634064,32,0.4,0.814,0.4946837158203125,0.7952,0.5897656707763672,0.61,1.1994849853515626,0.5792,1.3526990478515626
resnet20act_cifar10/silu,resolution_max_b1_gaussian_conv,0,17,6647,0.0019980084286831713,0.5159397047901153,32,0.4,0.838,0.481764892578125,0.7987,0.571204249572754,0.724,0.8888492431640626,0.6621,1.015164712524414
resnet20act_cifar10/silu,resolution_max_b1_gaussian_conv,0,18,7038,0.0017434765606983522,0.4888044305086136,32,0.4,0.85,0.454465087890625,0.8055,0.5573117843627929,0.688,0.9659237060546875,0.6402,1.1016970611572265
resnet20act_cifar10/silu,resolution_max_b1_gaussian_conv,0,19,7429,0.0014973186921401005,0.5021181022834778,32,0.3,0.836,0.4438750610351562,0.8055,0.553856120300293,0.84,0.44885052490234373,0.8036,0.5637519943237305
resnet20act_cifar10/silu,resolution_max_b1_gaussian_conv,0,20,7820,0.0012622595579512698,0.46557431859493253,32,0.3,0.862,0.4142105712890625,0.8074,0.5527302505493165,0.854,0.4182998046875,0.8055,0.5609174987792969
resnet20act_cifar10/silu,resolution_max_b1_gaussian_conv,0,21,8211,0.0010409010405754784,0.4446392648220062,32,0.3,0.878,0.3944460144042969,0.8125,0.5462143112182617,0.882,0.393715087890625,0.8123,0.5489323257446289
resnet20act_cifar10/silu,resolution_max_b1_gaussian_conv,0,22,8602,0.0008356933695777008,0.4322369435119629,32,0.0,0.874,0.38690435791015626,0.813,0.5395146713256836,0.874,0.38690435791015626,0.813,0.5395146713256836
resnet20act_cifar10/silu,resolution_max_b1_gaussian_conv,0,23,8993,0.0006489079999188671,0.4142690874958038,32,0.0,0.88,0.37726422119140623,0.8134,0.5338072006225586,0.88,0.37726422119140623,0.8134,0.5338072006225586
resnet20act_cifar10/silu,resolution_max_b1_gaussian_conv,0,24,9384,0.0004826124690963721,0.40336238555908205,32,0.0,0.898,0.3691671752929688,0.8151,0.5337283294677735,0.898,0.3691671752929688,0.8151,0.5337283294677735
resnet20act_cifar10/silu,resolution_max_b1_gaussian_conv,0,25,9775,0.0003386475114581614,0.39292765759944914,32,0.0,0.888,0.36594110107421873,0.8127,0.5309304870605469,0.888,0.36594110107421873,0.8127,0.5309304870605469
resnet20act_cifar10/silu,resolution_max_b1_gaussian_conv,0,26,10166,0.00021860668301331375,0.3845578491258621,32,0.0,0.896,0.34558184814453125,0.8159,0.5302665802001953,0.896,0.34558184814453125,0.8159,0.5302665802001953
resnet20act_cifar10/silu,resolution_max_b1_gaussian_conv,0,27,10557,0.00012381872227320984,0.37624376754283906,32,0.0,0.884,0.36430691528320314,0.8158,0.5285329437255859,0.884,0.36430691528320314,0.8158,0.5285329437255859
resnet20act_cifar10/silu,resolution_max_b1_gaussian_conv,0,28,10948,5.53328423720989e-05,0.3748307519435883,32,0.0,0.888,0.35469775390625,0.8169,0.5289257629394531,0.888,0.35469775390625,0.8169,0.5289257629394531
resnet20act_cifar10/silu,resolution_max_b1_gaussian_conv,0,29,11339,1.3907117269393864e-05,0.36988621866226196,32,0.0,0.892,0.3416447143554687,0.8169,0.5286227294921875,0.892,0.3416447143554687,0.8169,0.5286227294921875
resnet20act_cifar10/silu,resolution_max_b1_gaussian_conv,0,30,11730,9.058745198409212e-11,0.37064881197929384,32,0.0,0.894,0.345795654296875,0.8165,0.5279378128051758,0.894,0.345795654296875,0.8165,0.5279378128051758
resnet20act_cifar10/silu,resolution_max_b1_gaussian_conv,1,0,0,8.333333333333333e-05,,,,0.106,2.306549560546875,0.1052,2.309554736328125,0.108,2.3582607421875,0.1047,2.3590391479492188
resnet20act_cifar10/silu,resolution_max_b1_gaussian_conv,1,1,391,0.004990141512569891,1.7542237519836426,16,1.0,0.484,1.42211181640625,0.4825,1.3896408508300782,0.108,4.10060205078125,0.109,4.112412390136718
resnet20act_cifar10/silu,resolution_max_b1_gaussian_conv,1,2,782,0.004953056580549272,1.301043508644104,16,1.0,0.598,1.15157177734375,0.5732,1.1619976684570312,0.106,6.2529501953125,0.1072,6.299201391601563
resnet20act_cifar10/silu,resolution_max_b1_gaussian_conv,1,3,1173,0.004888818630747975,1.120049101715088,16,1.0,0.652,1.0059580688476562,0.6312,1.0344611938476562,0.106,5.4336240234375,0.1037,5.507597290039063
resnet20act_cifar10/silu,resolution_max_b1_gaussian_conv,1,4,1564,0.004798138716554241,1.0058728799438477,16,0.85,0.666,0.9339369506835937,0.6598,0.9571925323486328,0.192,3.090600830078125,0.1977,3.0757571411132814
resnet20act_cifar10/silu,resolution_max_b1_gaussian_conv,1,5,1955,0.004682020578909872,0.9087521969413758,16,0.85,0.734,0.79292431640625,0.6908,0.8825080963134766,0.18,3.614228759765625,0.1691,3.5941908325195313
resnet20act_cifar10/silu,resolution_max_b1_gaussian_conv,1,6,2346,0.004541749535846712,0.8338485793304443,16,0.85,0.736,0.7609150390625,0.7066,0.8330138732910156,0.174,3.29392822265625,0.1751,3.2222022705078124
resnet20act_cifar10/silu,resolution_max_b1_gaussian_conv,1,7,2737,0.0043788782552308895,0.8721559782600403,24,0.7,0.728,0.7965761108398437,0.7103,0.8181431365966797,0.196,3.618684814453125,0.2173,3.68942568359375
resnet20act_cifar10/silu,resolution_max_b1_gaussian_conv,1,8,3128,0.004195209568197074,0.7869680548095703,24,0.7,0.738,0.750330078125,0.7318,0.7779282409667969,0.18,4.058984375,0.1869,4.067183276367188
resnet20act_cifar10/silu,resolution_max_b1_gaussian_conv,1,9,3519,0.0039927765135118086,0.7339567422103882,24,0.7,0.772,0.68474658203125,0.7453,0.7331680877685547,0.166,4.5999755859375,0.1633,4.617690673828125
resnet20act_cifar10/silu,resolution_max_b1_gaussian_conv,1,10,3910,0.0037738198337559444,0.6853154992866516,24,0.6,0.75,0.6685360107421875,0.7501,0.7139417510986328,0.226,2.79334814453125,0.2426,2.7744860107421876
resnet20act_cifar10/silu,resolution_max_b1_gaussian_conv,1,11,4301,0.0035407631724221527,0.6433275979232788,24,0.6,0.796,0.5921117553710937,0.7693,0.6637662689208984,0.17,3.22559912109375,0.1985,3.2225905395507812
resnet20act_cifar10/silu,resolution_max_b1_gaussian_conv,1,12,4692,0.003296186246472237,0.6085723128700257,24,0.6,0.818,0.5289595947265625,0.7779,0.6453834350585937,0.214,2.8850390625,0.2149,2.91750498046875
resnet20act_cifar10/silu,resolution_max_b1_gaussian_conv,1,13,5083,0.0030427962913086395,0.6999696131896973,32,0.5,0.808,0.5826322021484375,0.7745,0.6515750671386719,0.154,7.4231240234375,0.1667,7.4916806884765625
resnet20act_cifar10/silu,resolution_max_b1_gaussian_conv,1,14,5474,0.0027833980942373526,0.6190149555397033,32,0.5,0.792,0.5442553100585937,0.7877,0.6312741455078125,0.178,8.572791015625,0.16,8.760847314453125
resnet20act_cifar10/silu,resolution_max_b1_gaussian_conv,1,15,5865,0.0025208629481234496,0.5823501975154877,32,0.5,0.836,0.5065135192871094,0.7902,0.6070779418945312,0.154,10.57409765625,0.147,10.804263525390626
resnet20act_cifar10/silu,resolution_max_b1_gaussian_conv,1,16,6256,0.0022580968688929426,0.5823520423412323,32,0.4,0.832,0.51241796875,0.7976,0.593231689453125,0.65,1.0347021484375,0.6087,1.1516725463867188
resnet20act_cifar10/silu,resolution_max_b1_gaussian_conv,1,17,6647,0.0019980084286831713,0.5319485163879395,32,0.4,0.838,0.49135894775390626,0.8009,0.583727359008789,0.656,1.032350830078125,0.6081,1.1535687133789063
resnet20act_cifar10/silu,resolution_max_b1_gaussian_conv,1,18,7038,0.0017434765606983522,0.5049601816272735,32,0.4,0.842,0.4696890869140625,0.809,0.5621602249145508,0.686,0.9795982666015625,0.6253,1.1106001159667969
resnet20act_cifar10/silu,resolution_max_b1_gaussian_conv,1,19,7429,0.0014973186921401005,0.5210463056945801,32,0.3,0.846,0.45708517456054687,0.7998,0.576200080871582,0.84,0.46222079467773436,0.7965,0.584563525390625
resnet20act_cifar10/silu,resolution_max_b1_gaussian_conv,1,20,7820,0.0012622595579512698,0.4835877553844452,32,0.3,0.864,0.4091428527832031,0.8073,0.5646129913330078,0.87,0.4127048034667969,0.8056,0.5718082275390625
resnet20act_cifar10/silu,resolution_max_b1_gaussian_conv,1,21,8211,0.0010409010405754784,0.4612243811702728,32,0.3,0.878,0.38403704833984376,0.8078,0.5613098571777344,0.89,0.38531402587890623,0.8043,0.5673614822387695
resnet20act_cifar10/silu,resolution_max_b1_gaussian_conv,1,22,8602,0.0008356933695777008,0.44848224364280703,32,0.0,0.884,0.3780712280273438,0.8152,0.5489798950195313,0.884,0.3780712280273438,0.8152,0.5489798950195313
resnet20act_cifar10/silu,resolution_max_b1_gaussian_conv,1,23,8993,0.0006489079999188671,0.4340062643623352,32,0.0,0.876,0.37539776611328124,0.8146,0.5458491195678711,0.876,0.37539776611328124,0.8146,0.5458491195678711
resnet20act_cifar10/silu,resolution_max_b1_gaussian_conv,1,24,9384,0.0004826124690963721,0.4171935403394699,32,0.0,0.894,0.35442236328125,0.8168,0.5433080123901367,0.894,0.35442236328125,0.8168,0.5433080123901367
resnet20act_cifar10/silu,resolution_max_b1_gaussian_conv,1,25,9775,0.0003386475114581614,0.40710093864917757,32,0.0,0.904,0.35331332397460935,0.8182,0.5368949356079101,0.904,0.35331332397460935,0.8182,0.5368949356079101
resnet20act_cifar10/silu,resolution_max_b1_gaussian_conv,1,26,10166,0.00021860668301331375,0.4011753540468216,32,0.0,0.908,0.3462205810546875,0.8181,0.5371962722778321,0.908,0.3462205810546875,0.8181,0.5371962722778321
resnet20act_cifar10/silu,resolution_max_b1_gaussian_conv,1,27,10557,0.00012381872227320984,0.39144333297252654,32,0.0,0.902,0.34029019165039065,0.8167,0.544710302734375,0.902,0.34029019165039065,0.8167,0.544710302734375
resnet20act_cifar10/silu,resolution_max_b1_gaussian_conv,1,28,10948,5.53328423720989e-05,0.38745877644062043,32,0.0,0.898,0.34404678344726564,0.8178,0.5349849609375,0.898,0.34404678344726564,0.8178,0.5349849609375
resnet20act_cifar10/silu,resolution_max_b1_gaussian_conv,1,29,11339,1.3907117269393864e-05,0.3861642417573929,32,0.0,0.898,0.3380177612304687,0.8193,0.5377859771728516,0.898,0.3380177612304687,0.8193,0.5377859771728516
resnet20act_cifar10/silu,resolution_max_b1_gaussian_conv,1,30,11730,9.058745198409212e-11,0.38623278316020965,32,0.0,0.91,0.34028277587890626,0.8183,0.5376890502929688,0.91,0.34028277587890626,0.8183,0.5376890502929688
resnet20act_cifar10/silu,resolution_max_b1_gaussian_conv,2,0,0,8.333333333333333e-05,,,,0.08,2.5007421875,0.0933,2.5146424438476562,0.1,2.807949462890625,0.0989,2.8255097412109373
resnet20act_cifar10/silu,resolution_max_b1_gaussian_conv,2,1,391,0.004990141512569891,1.7555932720947265,16,1.0,0.492,1.410330322265625,0.4864,1.391074139404297,0.13,4.51763671875,0.1236,4.538040869140625
resnet20act_cifar10/silu,resolution_max_b1_gaussian_conv,2,2,782,0.004953056580549272,1.3228613235092164,16,1.0,0.576,1.169802001953125,0.5784,1.169974609375,0.158,3.69375927734375,0.1727,3.6548160766601563
resnet20act_cifar10/silu,resolution_max_b1_gaussian_conv,2,3,1173,0.004888818630747975,1.1456091711425782,16,1.0,0.654,1.02966552734375,0.6291,1.047583560180664,0.188,3.31618994140625,0.1944,3.329400500488281
resnet20act_cifar10/silu,resolution_max_b1_gaussian_conv,2,4,1564,0.004798138716554241,1.0168044947624206,16,0.85,0.662,0.9743174438476563,0.6624,0.9539808654785156,0.204,2.92279345703125,0.2008,2.8963098754882814
resnet20act_cifar10/silu,resolution_max_b1_gaussian_conv,2,5,1955,0.004682020578909872,0.9061442603683472,16,0.85,0.718,0.8365994262695312,0.6996,0.8571979888916016,0.206,3.223977294921875,0.2077,3.172911340332031
resnet20act_cifar10/silu,resolution_max_b1_gaussian_conv,2,6,2346,0.004541749535846712,0.8291278236198425,16,0.85,0.722,0.795527587890625,0.7154,0.8300947662353516,0.182,3.105653076171875,0.1958,3.055867663574219
resnet20act_cifar10/silu,resolution_max_b1_gaussian_conv,2,7,2737,0.0043788782552308895,0.8629637156867981,24,0.7,0.718,0.7852896728515625,0.7173,0.7993631439208985,0.186,3.74379150390625,0.1839,3.7666665893554687
resnet20act_cifar10/silu,resolution_max_b1_gaussian_conv,2,8,3128,0.004195209568197074,0.7737978163337708,24,0.7,0.75,0.6936432495117187,0.7422,0.7403498046875,0.184,4.261962890625,0.1811,4.272821655273438
resnet20act_cifar10/silu,resolution_max_b1_gaussian_conv,2,9,3519,0.0039927765135118086,0.721965539188385,24,0.7,0.772,0.6795028076171875,0.7471,0.7319868621826172,0.19,3.896730224609375,0.1931,3.925108190917969
resnet20act_cifar10/silu,resolution_max_b1_gaussian_conv,2,10,3910,0.0037738198337559444,0.6693565936660767,24,0.6,0.778,0.6269494018554688,0.7653,0.6716227355957032,0.276,2.7469775390625,0.2814,2.7574453735351563
resnet20act_cifar10/silu,resolution_max_b1_gaussian_conv,2,11,4301,0.0035407631724221527,0.6257347379398346,24,0.6,0.788,0.597887939453125,0.7708,0.663630844116211,0.298,2.75411083984375,0.2933,2.736836901855469
resnet20act_cifar10/silu,resolution_max_b1_gaussian_conv,2,12,4692,0.003296186246472237,0.5908957893276214,24,0.6,0.796,0.5351727294921875,0.7819,0.6316374938964844,0.268,3.139779541015625,0.2557,3.137596533203125
resnet20act_cifar10/silu,resolution_max_b1_gaussian_conv,2,13,5083,0.0030427962913086395,0.6768055234336853,32,0.5,0.812,0.557373291015625,0.7776,0.6394639465332032,0.236,5.848044921875,0.2366,5.96436953125
resnet20act_cifar10/silu,resolution_max_b1_gaussian_conv,2,14,5474,0.0027833980942373526,0.601533405418396,32,0.5,0.818,0.5249094848632813,0.783,0.6260005035400391,0.2,5.9269912109375,0.2033,6.075118579101563
resnet20act_cifar10/silu,resolution_max_b1_gaussian_conv,2,15,5865,0.0025208629481234496,0.5704774176502228,32,0.5,0.816,0.5334315185546875,0.7921,0.6126248413085937,0.15,8.3412841796875,0.1456,8.396805688476562
resnet20act_cifar10/silu,resolution_max_b1_gaussian_conv,2,16,6256,0.0022580968688929426,0.5692275804233551,32,0.4,0.822,0.5085472412109375,0.7971,0.5836604446411133,0.686,0.9792723388671875,0.6562,1.0279157562255858
resnet20act_cifar10/silu,resolution_max_b1_gaussian_conv,2,17,6647,0.0019980084286831713,0.5198120658922195,32,0.4,0.838,0.4509268798828125,0.8008,0.5675354232788086,0.704,0.8894183959960937,0.6867,0.9550971588134766
resnet20act_cifar10/silu,resolution_max_b1_gaussian_conv,2,18,7038,0.0017434765606983522,0.4913853681755066,32,0.4,0.842,0.4415948486328125,0.8072,0.5604183197021484,0.714,0.8042783813476563,0.6984,0.8875555877685547
resnet20act_cifar10/silu,resolution_max_b1_gaussian_conv,2,19,7429,0.0014973186921401005,0.5083176328754425,32,0.3,0.832,0.4437481689453125,0.8056,0.5618760650634765,0.84,0.4483489074707031,0.8024,0.5684569091796875
resnet20act_cifar10/silu,resolution_max_b1_gaussian_conv,2,20,7820,0.0012622595579512698,0.47536200249671934,32,0.3,0.862,0.4257536010742187,0.812,0.5475573333740235,0.846,0.4306676940917969,0.8086,0.5541044616699219
resnet20act_cifar10/silu,resolution_max_b1_gaussian_conv,2,21,8211,0.0010409010405754784,0.4511707395887375,32,0.3,0.866,0.4023456115722656,0.8108,0.5432926254272461,0.86,0.4090958862304688,0.8078,0.5522396057128907
resnet20act_cifar10/silu,resolution_max_b1_gaussian_conv,2,22,8602,0.0008356933695777008,0.43707079205036165,32,0.0,0.872,0.3780683898925781,0.8122,0.5424760223388672,0.872,0.3780683898925781,0.8122,0.5424760223388672
resnet20act_cifar10/silu,resolution_max_b1_gaussian_conv,2,23,8993,0.0006489079999188671,0.42293497775554656,32,0.0,0.882,0.3683387145996094,0.8159,0.539038818359375,0.882,0.3683387145996094,0.8159,0.539038818359375
resnet20act_cifar10/silu,resolution_max_b1_gaussian_conv,2,24,9384,0.0004826124690963721,0.4108175777196884,32,0.0,0.882,0.3578974609375,0.8179,0.5335696487426758,0.882,0.3578974609375,0.8179,0.5335696487426758
resnet20act_cifar10/silu,resolution_max_b1_gaussian_conv,2,25,9775,0.0003386475114581614,0.3989618834114075,32,0.0,0.896,0.34909210205078123,0.816,0.5340170883178711,0.896,0.34909210205078123,0.816,0.5340170883178711
resnet20act_cifar10/silu,resolution_max_b1_gaussian_conv,2,26,10166,0.00021860668301331375,0.3932530289030075,32,0.0,0.884,0.34503067016601563,0.8163,0.532953239440918,0.884,0.34503067016601563,0.8163,0.532953239440918
resnet20act_cifar10/silu,resolution_max_b1_gaussian_conv,2,27,10557,0.00012381872227320984,0.3870060385656357,32,0.0,0.886,0.3422044677734375,0.8179,0.5301170349121094,0.886,0.3422044677734375,0.8179,0.5301170349121094
resnet20act_cifar10/silu,resolution_max_b1_gaussian_conv,2,28,10948,5.53328423720989e-05,0.3828107068538666,32,0.0,0.894,0.33446636962890625,0.8152,0.5331210327148438,0.894,0.33446636962890625,0.8152,0.5331210327148438
resnet20act_cifar10/silu,resolution_max_b1_gaussian_conv,2,29,11339,1.3907117269393864e-05,0.37958324419498446,32,0.0,0.884,0.340135498046875,0.8152,0.5330549209594727,0.884,0.340135498046875,0.8152,0.5330549209594727
resnet20act_cifar10/silu,resolution_max_b1_gaussian_conv,2,30,11730,9.058745198409212e-11,0.3795544968986511,32,0.0,0.892,0.33385595703125,0.8155,0.5306215072631836,0.892,0.33385595703125,0.8155,0.5306215072631836
resnet20gn_cifar10,gaussian_postrelu,0,0,0,8.333333333333333e-05,,,,0.088,2.30885693359375,0.0996,2.308046740722656,0.09,2.30659130859375,0.0956,2.3069264282226563
resnet20gn_cifar10,gaussian_postrelu,0,1,391,0.004990141512569891,1.9594281000518798,,1.0,0.358,1.766666748046875,0.3746,1.6957384155273438,0.254,1.9886895751953124,0.2406,1.9646933410644531
resnet20gn_cifar10,gaussian_postrelu,0,2,782,0.004953056580549272,1.6039597037124633,,1.0,0.42,1.5644996337890624,0.4471,1.50822919921875,0.394,1.7492308349609376,0.4018,1.7278699279785157
resnet20gn_cifar10,gaussian_postrelu,0,3,1173,0.004888818630747975,1.455659584312439,,1.0,0.452,1.4825977783203126,0.4822,1.4018262512207031,0.34,1.840705322265625,0.3288,1.8205120483398438
resnet20gn_cifar10,gaussian_postrelu,0,4,1564,0.004798138716554241,1.3519614547729493,,0.85,0.53,1.328162841796875,0.541,1.2922939086914063,0.36,1.748902587890625,0.3416,1.7434894775390626
resnet20gn_cifar10,gaussian_postrelu,0,5,1955,0.004682020578909872,1.2337675401306152,,0.85,0.562,1.266896728515625,0.5568,1.2038677978515624,0.338,1.800570068359375,0.3283,1.775200115966797
resnet20gn_cifar10,gaussian_postrelu,0,6,2346,0.004541749535846712,1.171930735359192,,0.85,0.582,1.2088466796875,0.5761,1.1655400634765625,0.394,1.6457701416015624,0.386,1.6187219970703124
resnet20gn_cifar10,gaussian_postrelu,0,7,2737,0.0043788782552308895,1.0908150312805176,,0.7,0.612,1.159931884765625,0.6142,1.1092939758300782,0.498,1.445441162109375,0.5115,1.4217554748535157
resnet20gn_cifar10,gaussian_postrelu,0,8,3128,0.004195209568197074,1.0320935302352905,,0.7,0.662,0.9996822509765625,0.6488,0.9851721588134765,0.508,1.43020751953125,0.5112,1.3860250793457032
resnet20gn_cifar10,gaussian_postrelu,0,9,3519,0.0039927765135118086,0.97932206407547,,0.7,0.642,1.0029664306640624,0.6461,0.9952146636962891,0.49,1.4983453369140625,0.4985,1.4535205261230468
resnet20gn_cifar10,gaussian_postrelu,0,10,3910,0.0037738198337559444,0.930757994556427,,0.6,0.676,0.9551839599609375,0.6605,0.9439797332763672,0.494,1.3644365234375,0.517,1.3066225708007813
resnet20gn_cifar10,gaussian_postrelu,0,11,4301,0.0035407631724221527,0.8868448063659667,,0.6,0.686,0.8881651000976563,0.6777,0.9069975738525391,0.51,1.367956298828125,0.5305,1.317004364013672
resnet20gn_cifar10,gaussian_postrelu,0,12,4692,0.003296186246472237,0.8408504573249816,,0.6,0.716,0.8285595703125,0.6891,0.8851967041015625,0.6,1.197404052734375,0.6064,1.1687198608398437
resnet20gn_cifar10,gaussian_postrelu,0,13,5083,0.0030427962913086395,0.8009601079368591,,0.5,0.712,0.8379823608398438,0.6933,0.874046875,0.582,1.168127197265625,0.5897,1.1344239807128906
resnet20gn_cifar10,gaussian_postrelu,0,14,5474,0.0027833980942373526,0.7552007754325867,,0.5,0.746,0.7465208740234375,0.7224,0.7891093292236329,0.608,1.156529541015625,0.6009,1.1359378234863282
resnet20gn_cifar10,gaussian_postrelu,0,15,5865,0.0025208629481234496,0.729243738193512,,0.5,0.732,0.7564827880859375,0.7143,0.8224039611816406,0.626,1.084660400390625,0.6235,1.0748518005371093
resnet20gn_cifar10,gaussian_postrelu,0,16,6256,0.0022580968688929426,0.7114784540462494,,0.4,0.752,0.691189208984375,0.7328,0.7617593292236328,0.726,0.7958750610351563,0.7111,0.8328012023925782
resnet20gn_cifar10,gaussian_postrelu,0,17,6647,0.0019980084286831713,0.677154276266098,,0.4,0.78,0.6669029541015625,0.7344,0.7508617156982422,0.728,0.800306640625,0.7031,0.8419661529541016
resnet20gn_cifar10,gaussian_postrelu,0,18,7038,0.0017434765606983522,0.6436335326766968,,0.4,0.788,0.6442808227539063,0.7332,0.7656163269042969,0.766,0.7095492553710937,0.7237,0.7775191589355469
resnet20gn_cifar10,gaussian_postrelu,0,19,7429,0.0014973186921401005,0.648911039686203,,0.3,0.78,0.63732373046875,0.7462,0.7265938598632813,0.782,0.6458485107421875,0.7439,0.7303094207763672
resnet20gn_cifar10,gaussian_postrelu,0,20,7820,0.0012622595579512698,0.6134961332130432,,0.3,0.77,0.687002197265625,0.7221,0.8001171966552735,0.764,0.6985516357421875,0.7176,0.8061047149658203
resnet20gn_cifar10,gaussian_postrelu,0,21,8211,0.0010409010405754784,0.5936628375816345,,0.3,0.81,0.563989013671875,0.7555,0.7132885620117188,0.812,0.5704168701171874,0.7537,0.7147434631347657
resnet20gn_cifar10,gaussian_postrelu,0,22,8602,0.0008356933695777008,0.5764273293876648,,0.0,0.788,0.5948289794921875,0.7426,0.7377084045410156,0.788,0.5948289794921875,0.7426,0.7377084045410156
resnet20gn_cifar10,gaussian_postrelu,0,23,8993,0.0006489079999188671,0.5517513918590545,,0.0,0.802,0.5365819091796875,0.7556,0.7007626495361328,0.802,0.5365819091796875,0.7556,0.7007626495361328
resnet20gn_cifar10,gaussian_postrelu,0,24,9384,0.0004826124690963721,0.5334042534065246,,0.0,0.818,0.5237102661132812,0.7608,0.6911027404785156,0.818,0.5237102661132812,0.7608,0.6911027404785156
resnet20gn_cifar10,gaussian_postrelu,0,25,9775,0.0003386475114581614,0.520882329082489,,0.0,0.812,0.524607177734375,0.7615,0.6874255218505859,0.812,0.524607177734375,0.7615,0.6874255218505859
resnet20gn_cifar10,gaussian_postrelu,0,26,10166,0.00021860668301331375,0.5071691650533676,,0.0,0.808,0.5155648193359375,0.7577,0.6849153533935547,0.808,0.5155648193359375,0.7577,0.6849153533935547
resnet20gn_cifar10,gaussian_postrelu,0,27,10557,0.00012381872227320984,0.4979505001926422,,0.0,0.816,0.4999962158203125,0.7628,0.6817142211914062,0.816,0.4999962158203125,0.7628,0.6817142211914062
resnet20gn_cifar10,gaussian_postrelu,0,28,10948,5.53328423720989e-05,0.4905795407581329,,0.0,0.822,0.49262515258789064,0.7634,0.6789604858398437,0.822,0.49262515258789064,0.7634,0.6789604858398437
resnet20gn_cifar10,gaussian_postrelu,0,29,11339,1.3907117269393864e-05,0.48615851382255554,,0.0,0.816,0.4952344970703125,0.7631,0.6785771026611328,0.816,0.4952344970703125,0.7631,0.6785771026611328
resnet20gn_cifar10,gaussian_postrelu,0,30,11730,9.058745198409212e-11,0.48426948035240175,,0.0,0.822,0.49310821533203125,0.763,0.6784397369384766,0.822,0.49310821533203125,0.763,0.6784397369384766
resnet20gn_cifar10,gaussian_postrelu,1,0,0,8.333333333333333e-05,,,,0.1,2.30894189453125,0.1,2.309180078125,0.098,2.30961328125,0.1029,2.3087939453125
resnet20gn_cifar10,gaussian_postrelu,1,1,391,0.004990141512569891,1.956365006866455,,1.0,0.396,1.71166064453125,0.4012,1.641585595703125,0.304,1.952528076171875,0.284,1.9275034606933594
resnet20gn_cifar10,gaussian_postrelu,1,2,782,0.004953056580549272,1.5841836960601807,,1.0,0.43,1.55357177734375,0.4547,1.484126641845703,0.326,1.8090828857421875,0.3462,1.7772041320800782
resnet20gn_cifar10,gaussian_postrelu,1,3,1173,0.004888818630747975,1.4434550102615356,,1.0,0.456,1.504844482421875,0.4724,1.4427392211914063,0.346,1.839686279296875,0.3438,1.8081995727539062
resnet20gn_cifar10,gaussian_postrelu,1,4,1564,0.004798138716554241,1.3419033702087402,,0.85,0.554,1.31737255859375,0.5243,1.2957345336914063,0.23,1.946424560546875,0.2541,1.9030376220703125
resnet20gn_cifar10,gaussian_postrelu,1,5,1955,0.004682020578909872,1.258153439102173,,0.85,0.536,1.265683349609375,0.5495,1.2378806945800782,0.33,1.857310791015625,0.3419,1.8122616760253907
resnet20gn_cifar10,gaussian_postrelu,1,6,2346,0.004541749535846712,1.1884910559463502,,0.85,0.578,1.1980478515625,0.5747,1.1660623596191406,0.334,1.867889892578125,0.3426,1.8192173950195312
resnet20gn_cifar10,gaussian_postrelu,1,7,2737,0.0043788782552308895,1.1093860119628907,,0.7,0.576,1.21590234375,0.5626,1.2319805480957031,0.228,2.1345869140625,0.2264,2.0940973510742187
resnet20gn_cifar10,gaussian_postrelu,1,8,3128,0.004195209568197074,1.0394869889640808,,0.7,0.604,1.1475859375,0.5737,1.1677884521484374,0.24,2.0115350341796874,0.2536,1.972101397705078
resnet20gn_cifar10,gaussian_postrelu,1,9,3519,0.0039927765135118086,0.9877794213867187,,0.7,0.686,0.9189315185546875,0.6624,0.954964990234375,0.302,1.851108642578125,0.301,1.8188705993652343
resnet20gn_cifar10,gaussian_postrelu,1,10,3910,0.0037738198337559444,0.925417771282196,,0.6,0.708,0.8652137451171875,0.6808,0.903591879272461,0.486,1.4522281494140625,0.4925,1.413277325439453
resnet20gn_cifar10,gaussian_postrelu,1,11,4301,0.0035407631724221527,0.87775259973526,,0.6,0.678,0.885125,0.6784,0.9068223114013672,0.504,1.423698486328125,0.5067,1.3872271118164063
resnet20gn_cifar10,gaussian_postrelu,1,12,4692,0.003296186246472237,0.836306088809967,,0.6,0.702,0.8856782836914062,0.684,0.8865169708251953,0.39,1.652490234375,0.3838,1.6128870483398436
resnet20gn_cifar10,gaussian_postrelu,1,13,5083,0.0030427962913086395,0.7953955912780761,,0.5,0.734,0.7784398193359375,0.6943,0.8651740356445312,0.572,1.293327392578125,0.529,1.313425830078125
resnet20gn_cifar10,gaussian_postrelu,1,14,5474,0.0027833980942373526,0.7566380695152283,,0.5,0.752,0.7592532958984375,0.7144,0.8274459899902343,0.666,1.06208056640625,0.6239,1.0861183471679687
resnet20gn_cifar10,gaussian_postrelu,1,15,5865,0.0025208629481234496,0.7230623509407044,,0.5,0.75,0.7346859130859374,0.7299,0.7707746551513672,0.538,1.32221484375,0.5172,1.3060143798828125
resnet20gn_cifar10,gaussian_postrelu,1,16,6256,0.0022580968688929426,0.7143370264053345,,0.4,0.734,0.7151062622070312,0.7332,0.7608516754150391,0.71,0.8796201171875,0.68,0.9130532501220703
resnet20gn_cifar10,gaussian_postrelu,1,17,6647,0.0019980084286831713,0.6798325157737732,,0.4,0.754,0.68758447265625,0.7307,0.7645206573486328,0.726,0.7973680419921875,0.7009,0.8590452880859375
resnet20gn_cifar10,gaussian_postrelu,1,18,7038,0.0017434765606983522,0.6360253445768357,,0.4,0.78,0.6558792724609375,0.7434,0.7272195281982422,0.754,0.7173450317382812,0.7304,0.7692079132080079
resnet20gn_cifar10,gaussian_postrelu,1,19,7429,0.0014973186921401005,0.6433277796554565,,0.3,0.754,0.6578772583007813,0.739,0.7425050842285156,0.75,0.6583253173828125,0.739,0.7420696380615235
resnet20gn_cifar10,gaussian_postrelu,1,20,7820,0.0012622595579512698,0.6047302321052551,,0.3,0.786,0.6222505493164062,0.7509,0.7252116485595703,0.782,0.62831884765625,0.7482,0.7310246673583984
resnet20gn_cifar10,gaussian_postrelu,1,21,8211,0.0010409010405754784,0.5837298729515076,,0.3,0.806,0.5935414428710938,0.7551,0.7154715545654297,0.806,0.5975972290039062,0.7522,0.719480093383789
resnet20gn_cifar10,gaussian_postrelu,1,22,8602,0.0008356933695777008,0.5625867402935029,,0.0,0.786,0.5843136596679688,0.7531,0.7010511901855468,0.786,0.5843136596679688,0.7531,0.7010511901855468
resnet20gn_cifar10,gaussian_postrelu,1,23,8993,0.0006489079999188671,0.5422695419764518,,0.0,0.814,0.5521407470703125,0.7601,0.6888103973388672,0.814,0.5521407470703125,0.7601,0.6888103973388672
resnet20gn_cifar10,gaussian_postrelu,1,24,9384,0.0004826124690963721,0.5225609260177613,,0.0,0.822,0.5557206420898437,0.7614,0.6951965362548828,0.822,0.5557206420898437,0.7614,0.6951965362548828
resnet20gn_cifar10,gaussian_postrelu,1,25,9775,0.0003386475114581614,0.5058799863052368,,0.0,0.822,0.5086912841796875,0.7669,0.6672407867431641,0.822,0.5086912841796875,0.7669,0.6672407867431641
resnet20gn_cifar10,gaussian_postrelu,1,26,10166,0.00021860668301331375,0.49382034279823306,,0.0,0.84,0.5053937683105468,0.768,0.6687768859863281,0.84,0.5053937683105468,0.768,0.6687768859863281
resnet20gn_cifar10,gaussian_postrelu,1,27,10557,0.00012381872227320984,0.48507710906028745,,0.0,0.834,0.49573464965820313,0.7695,0.6627358489990235,0.834,0.49573464965820313,0.7695,0.6627358489990235
resnet20gn_cifar10,gaussian_postrelu,1,28,10948,5.53328423720989e-05,0.4773227801513672,,0.0,0.838,0.49009649658203125,0.7719,0.663595166015625,0.838,0.49009649658203125,0.7719,0.663595166015625
resnet20gn_cifar10,gaussian_postrelu,1,29,11339,1.3907117269393864e-05,0.47324191457748416,,0.0,0.84,0.4921693115234375,0.7707,0.6605801147460938,0.84,0.4921693115234375,0.7707,0.6605801147460938
resnet20gn_cifar10,gaussian_postrelu,1,30,11730,9.058745198409212e-11,0.47113150139808657,,0.0,0.836,0.4914683837890625,0.7713,0.6605622650146484,0.836,0.4914683837890625,0.7713,0.6605622650146484
resnet20gn_cifar10,gaussian_postrelu,2,0,0,8.333333333333333e-05,,,,0.098,2.307609130859375,0.0973,2.3075643798828125,0.1,2.30476513671875,0.0997,2.3056416870117187
resnet20gn_cifar10,gaussian_postrelu,2,1,391,0.004990141512569891,1.9832455936050415,,1.0,0.348,1.6953104248046875,0.3879,1.6865600524902344,0.326,1.8881480712890626,0.3421,1.8828226623535156
resnet20gn_cifar10,gaussian_postrelu,2,2,782,0.004953056580549272,1.5872675442504882,,1.0,0.474,1.4774150390625,0.4527,1.4660676208496093,0.358,1.7962916259765624,0.3494,1.776660107421875
resnet20gn_cifar10,gaussian_postrelu,2,3,1173,0.004888818630747975,1.4425638927078248,,1.0,0.488,1.4406783447265625,0.4729,1.4285296691894531,0.368,1.7829573974609374,0.3521,1.7642301818847657
resnet20gn_cifar10,gaussian_postrelu,2,4,1564,0.004798138716554241,1.3119532117080688,,0.85,0.538,1.27798828125,0.5382,1.261379931640625,0.444,1.6152822265625,0.4336,1.5866304992675782
resnet20gn_cifar10,gaussian_postrelu,2,5,1955,0.004682020578909872,1.244898119354248,,0.85,0.538,1.3398026123046876,0.5342,1.3074531555175781,0.372,1.74380224609375,0.3567,1.7286745910644532
resnet20gn_cifar10,gaussian_postrelu,2,6,2346,0.004541749535846712,1.1741777958679198,,0.85,0.586,1.203586669921875,0.5745,1.1893758850097655,0.46,1.554768798828125,0.4568,1.53366533203125
resnet20gn_cifar10,gaussian_postrelu,2,7,2737,0.0043788782552308895,1.0965459851646424,,0.7,0.632,1.0757161865234375,0.6195,1.0506760925292968,0.54,1.437178466796875,0.5262,1.4055789916992187
resnet20gn_cifar10,gaussian_postrelu,2,8,3128,0.004195209568197074,1.0451648145675658,,0.7,0.63,1.079987060546875,0.612,1.0615980072021485,0.518,1.4086370849609375,0.5172,1.3756032165527343
resnet20gn_cifar10,gaussian_postrelu,2,9,3519,0.0039927765135118086,0.9995880749320983,,0.7,0.622,1.0531805419921876,0.6027,1.1052771667480468,0.432,1.541082275390625,0.4175,1.540386572265625
resnet20gn_cifar10,gaussian_postrelu,2,10,3910,0.0037738198337559444,0.9369955074882508,,0.6,0.656,0.9284984130859375,0.6625,0.9474357299804688,0.55,1.32762744140625,0.5361,1.3130220886230468
resnet20gn_cifar10,gaussian_postrelu,2,11,4301,0.0035407631724221527,0.8896775747489929,,0.6,0.666,0.9466142578125,0.6443,0.9980085021972657,0.534,1.368803955078125,0.5094,1.3750232299804688
resnet20gn_cifar10,gaussian_postrelu,2,12,4692,0.003296186246472237,0.849636538066864,,0.6,0.722,0.8212682495117187,0.7055,0.8535643463134766,0.648,1.1526669921875,0.6215,1.1499191223144531
resnet20gn_cifar10,gaussian_postrelu,2,13,5083,0.0030427962913086395,0.8152628722190857,,0.5,0.734,0.7715425415039062,0.7072,0.8226263488769531,0.684,1.0384088134765626,0.6457,1.0454455474853515
resnet20gn_cifar10,gaussian_postrelu,2,14,5474,0.0027833980942373526,0.7687853788185119,,0.5,0.734,0.7570084228515624,0.7215,0.7931386169433594,0.66,1.0719007568359376,0.6331,1.0539612152099609
resnet20gn_cifar10,gaussian_postrelu,2,15,5865,0.0025208629481234496,0.7349527653694152,,0.5,0.714,0.7615792236328125,0.7035,0.8547716186523437,0.662,0.9886119384765625,0.6331,1.0289544342041015
resnet20gn_cifar10,gaussian_postrelu,2,16,6256,0.0022580968688929426,0.7200547126960755,,0.4,0.754,0.7023634033203126,0.7298,0.7632399169921875,0.734,0.7872027587890625,0.7122,0.8255768432617188
resnet20gn_cifar10,gaussian_postrelu,2,17,6647,0.0019980084286831713,0.6886589134502411,,0.4,0.782,0.6602061767578125,0.7395,0.7395037658691406,0.76,0.7720201416015625,0.7072,0.8215503936767579
resnet20gn_cifar10,gaussian_postrelu,2,18,7038,0.0017434765606983522,0.6485980214405059,,0.4,0.794,0.6403264770507813,0.7464,0.7387178405761718,0.758,0.7246241455078125,0.7269,0.79282578125
resnet20gn_cifar10,gaussian_postrelu,2,19,7429,0.0014973186921401005,0.659814801197052,,0.3,0.778,0.6417091064453125,0.7413,0.7581201507568359,0.772,0.6490201416015625,0.7396,0.7624565704345703
resnet20gn_cifar10,gaussian_postrelu,2,20,7820,0.0012622595579512698,0.6238652212810516,,0.3,0.792,0.6200638427734375,0.7502,0.7198787231445313,0.792,0.6251239013671875,0.7492,0.7222068817138672
resnet20gn_cifar10,gaussian_postrelu,2,21,8211,0.0010409010405754784,0.5969914805793762,,0.3,0.794,0.625213134765625,0.7471,0.7243696502685547,0.794,0.6309522705078126,0.7457,0.7271016052246094
resnet20gn_cifar10,gaussian_postrelu,2,22,8602,0.0008356933695777008,0.574539239988327,,0.0,0.814,0.58366552734375,0.749,0.7229978332519531,0.814,0.58366552734375,0.749,0.7229978332519531
resnet20gn_cifar10,gaussian_postrelu,2,23,8993,0.0006489079999188671,0.5566711763763428,,0.0,0.822,0.5553375244140625,0.7578,0.7011410705566407,0.822,0.5553375244140625,0.7578,0.7011410705566407
resnet20gn_cifar10,gaussian_postrelu,2,24,9384,0.0004826124690963721,0.53540120677948,,0.0,0.824,0.541238525390625,0.7596,0.695254443359375,0.824,0.541238525390625,0.7596,0.695254443359375
resnet20gn_cifar10,gaussian_postrelu,2,25,9775,0.0003386475114581614,0.5191857848930359,,0.0,0.82,0.53473828125,0.7595,0.69257021484375,0.82,0.53473828125,0.7595,0.69257021484375
resnet20gn_cifar10,gaussian_postrelu,2,26,10166,0.00021860668301331375,0.506205704050064,,0.0,0.82,0.530212646484375,0.7598,0.6904626586914062,0.82,0.530212646484375,0.7598,0.6904626586914062
resnet20gn_cifar10,gaussian_postrelu,2,27,10557,0.00012381872227320984,0.49523308807373045,,0.0,0.834,0.5213754272460938,0.7585,0.6925892944335937,0.834,0.5213754272460938,0.7585,0.6925892944335937
resnet20gn_cifar10,gaussian_postrelu,2,28,10948,5.53328423720989e-05,0.4884928578662872,,0.0,0.838,0.5091611938476562,0.7639,0.6851171752929688,0.838,0.5091611938476562,0.7639,0.6851171752929688
resnet20gn_cifar10,gaussian_postrelu,2,29,11339,1.3907117269393864e-05,0.4840420547580719,,0.0,0.842,0.5073377075195312,0.7643,0.6850675964355468,0.842,0.5073377075195312,0.7643,0.6850675964355468
resnet20gn_cifar10,gaussian_postrelu,2,30,11730,9.058745198409212e-11,0.4815833391189575,,0.0,0.842,0.5078869323730468,0.7649,0.6840489349365234,0.842,0.5078869323730468,0.7649,0.6840489349365234
resnet20gn_cifar10,plain,0,0,0,8.333333333333333e-05,,,,0.09,2.30659130859375,0.0956,2.3069264282226563,,,,
resnet20gn_cifar10,plain,0,1,391,0.004990141512569891,2.078691622161865,,,0.32,1.8550323486328124,0.3212,1.8037761657714844,,,,
resnet20gn_cifar10,plain,0,2,782,0.004953056580549272,1.6772301194000243,,,0.408,1.612971923828125,0.4266,1.5457365112304688,,,,
resnet20gn_cifar10,plain,0,3,1173,0.004888818630747975,1.483057652244568,,,0.464,1.4459095458984375,0.4797,1.4059884216308594,,,,
resnet20gn_cifar10,plain,0,4,1564,0.004798138716554241,1.3513267790603638,,,0.486,1.455450927734375,0.491,1.3887890380859376,,,,
resnet20gn_cifar10,plain,0,5,1955,0.004682020578909872,1.2302141751480102,,,0.588,1.22933447265625,0.561,1.1922410766601563,,,,
resnet20gn_cifar10,plain,0,6,2346,0.004541749535846712,1.159871942024231,,,0.618,1.124263671875,0.6011,1.0992692443847656,,,,
resnet20gn_cifar10,plain,0,7,2737,0.0043788782552308895,1.076495244293213,,,0.642,1.0725244140625,0.6098,1.088855029296875,,,,
resnet20gn_cifar10,plain,0,8,3128,0.004195209568197074,1.0340019941711425,,,0.648,1.0310587158203126,0.6325,1.0131772888183594,,,,
resnet20gn_cifar10,plain,0,9,3519,0.0039927765135118086,0.982641997718811,,,0.654,1.0272587890625,0.6299,1.0302269134521485,,,,
resnet20gn_cifar10,plain,0,10,3910,0.0037738198337559444,0.9428055752944946,,,0.622,1.05995263671875,0.6274,1.0252576049804687,,,,
resnet20gn_cifar10,plain,0,11,4301,0.0035407631724221527,0.8952601014709473,,,0.686,0.8994005737304688,0.6696,0.9162339813232422,,,,
resnet20gn_cifar10,plain,0,12,4692,0.003296186246472237,0.8551156970214844,,,0.688,0.8639842529296875,0.6629,0.9367229614257813,,,,
resnet20gn_cifar10,plain,0,13,5083,0.0030427962913086395,0.8325545871543885,,,0.724,0.8400885009765625,0.6565,0.9607278991699219,,,,
resnet20gn_cifar10,plain,0,14,5474,0.0027833980942373526,0.7901337672424317,,,0.698,0.826552734375,0.6904,0.8684979309082032,,,,
resnet20gn_cifar10,plain,0,15,5865,0.0025208629481234496,0.7560011182212829,,,0.742,0.7369256591796876,0.6978,0.8640163543701171,,,,
resnet20gn_cifar10,plain,0,16,6256,0.0022580968688929426,0.7316243886947632,,,0.756,0.7151973876953125,0.7073,0.8254857391357422,,,,
resnet20gn_cifar10,plain,0,17,6647,0.0019980084286831713,0.7053236116790772,,,0.746,0.700495849609375,0.7136,0.8109480621337891,,,,
resnet20gn_cifar10,plain,0,18,7038,0.0017434765606983522,0.6802821257114411,,,0.736,0.742423828125,0.7076,0.8288279632568359,,,,
resnet20gn_cifar10,plain,0,19,7429,0.0014973186921401005,0.6541645325279236,,,0.74,0.738655517578125,0.7097,0.8305724517822266,,,,
resnet20gn_cifar10,plain,0,20,7820,0.0012622595579512698,0.6317331147575378,,,0.764,0.6527055053710937,0.7247,0.7869460540771485,,,,
resnet20gn_cifar10,plain,0,21,8211,0.0010409010405754784,0.6093850171184539,,,0.78,0.635562255859375,0.7346,0.772343896484375,,,,
resnet20gn_cifar10,plain,0,22,8602,0.0008356933695777008,0.5884204878997803,,,0.8,0.6123546752929687,0.7311,0.7704871917724609,,,,
resnet20gn_cifar10,plain,0,23,8993,0.0006489079999188671,0.5643101115226745,,,0.796,0.5769669799804688,0.7381,0.7548478149414063,,,,
resnet20gn_cifar10,plain,0,24,9384,0.0004826124690963721,0.5500765996360779,,,0.802,0.569964111328125,0.7369,0.750653955078125,,,,
resnet20gn_cifar10,plain,0,25,9775,0.0003386475114581614,0.5329253043651581,,,0.81,0.561326904296875,0.7405,0.7490974090576172,,,,
resnet20gn_cifar10,plain,0,26,10166,0.00021860668301331375,0.523027798614502,,,0.828,0.540486083984375,0.7451,0.738227685546875,,,,
resnet20gn_cifar10,plain,0,27,10557,0.00012381872227320984,0.5123290543842316,,,0.812,0.5393297119140625,0.7434,0.7405380950927735,,,,
resnet20gn_cifar10,plain,0,28,10948,5.53328423720989e-05,0.5053167943716049,,,0.818,0.5391546020507813,0.7436,0.7411914154052734,,,,
resnet20gn_cifar10,plain,0,29,11339,1.3907117269393864e-05,0.5008965239238738,,,0.814,0.5380081787109375,0.7462,0.7384705474853516,,,,
resnet20gn_cifar10,plain,0,30,11730,9.058745198409212e-11,0.498900600938797,,,0.82,0.5356859130859375,0.7447,0.73796923828125,,,,
resnet20gn_cifar10,plain,1,0,0,8.333333333333333e-05,,,,0.098,2.30961328125,0.1029,2.3087939453125,,,,
resnet20gn_cifar10,plain,1,1,391,0.004990141512569891,2.071724557571411,,,0.308,1.8618304443359375,0.331,1.7629324584960937,,,,
resnet20gn_cifar10,plain,1,2,782,0.004953056580549272,1.6528800149917602,,,0.442,1.564554931640625,0.4567,1.4759711669921876,,,,
resnet20gn_cifar10,plain,1,3,1173,0.004888818630747975,1.4250557619094848,,,0.53,1.375593505859375,0.51,1.3267279174804687,,,,
resnet20gn_cifar10,plain,1,4,1564,0.004798138716554241,1.3190242067337037,,,0.534,1.30904296875,0.5406,1.2531704956054688,,,,
resnet20gn_cifar10,plain,1,5,1955,0.004682020578909872,1.2113334531211852,,,0.566,1.221084716796875,0.5765,1.1562279357910157,,,,
resnet20gn_cifar10,plain,1,6,2346,0.004541749535846712,1.1156626340484619,,,0.61,1.1246602783203126,0.6097,1.0766169128417968,,,,
resnet20gn_cifar10,plain,1,7,2737,0.0043788782552308895,1.0371612573432922,,,0.6,1.1153995361328124,0.6129,1.0663084350585939,,,,
resnet20gn_cifar10,plain,1,8,3128,0.004195209568197074,0.976882209148407,,,0.64,0.982282470703125,0.6457,0.9717796356201172,,,,
resnet20gn_cifar10,plain,1,9,3519,0.0039927765135118086,0.9312489031410217,,,0.678,0.9051787719726563,0.667,0.9186097808837891,,,,
resnet20gn_cifar10,plain,1,10,3910,0.0037738198337559444,0.8940362918853759,,,0.7,0.8670230712890625,0.6779,0.9043583953857421,,,,
resnet20gn_cifar10,plain,1,11,4301,0.0035407631724221527,0.8494648603439331,,,0.71,0.8269302368164062,0.6915,0.8753053283691407,,,,
resnet20gn_cifar10,plain,1,12,4692,0.003296186246472237,0.8150209485054016,,,0.704,0.8369955444335937,0.6941,0.8483656311035156,,,,
resnet20gn_cifar10,plain,1,13,5083,0.0030427962913086395,0.7819934803009033,,,0.736,0.7932618408203125,0.6922,0.8713921691894532,,,,
resnet20gn_cifar10,plain,1,14,5474,0.0027833980942373526,0.7518139445304871,,,0.706,0.8704013671875,0.6701,0.9305559112548828,,,,
resnet20gn_cifar10,plain,1,15,5865,0.0025208629481234496,0.7212799008655548,,,0.744,0.8070870361328125,0.7026,0.8266753204345703,,,,
resnet20gn_cifar10,plain,1,16,6256,0.0022580968688929426,0.6931403824806214,,,0.766,0.705420166015625,0.7277,0.7638574035644531,,,,
resnet20gn_cifar10,plain,1,17,6647,0.0019980084286831713,0.6711689496994019,,,0.768,0.7162054443359375,0.716,0.7973873413085938,,,,
resnet20gn_cifar10,plain,1,18,7038,0.0017434765606983522,0.6309392409038543,,,0.788,0.660669677734375,0.7349,0.7603304779052734,,,,
resnet20gn_cifar10,plain,1,19,7429,0.0014973186921401005,0.6117034236907959,,,0.76,0.6782161254882813,0.7351,0.7602240966796875,,,,
resnet20gn_cifar10,plain,1,20,7820,0.0012622595579512698,0.5891747328567505,,,0.806,0.5817188720703125,0.7493,0.7258738159179687,,,,
resnet20gn_cifar10,plain,1,21,8211,0.0010409010405754784,0.5609092845344543,,,0.81,0.5900109252929687,0.7399,0.7492229675292968,,,,
resnet20gn_cifar10,plain,1,22,8602,0.0008356933695777008,0.5461175591564178,,,0.824,0.5785399780273438,0.7527,0.718647982788086,,,,
resnet20gn_cifar10,plain,1,23,8993,0.0006489079999188671,0.5276837862968445,,,0.826,0.5486503295898437,0.7546,0.7070993194580079,,,,
resnet20gn_cifar10,plain,1,24,9384,0.0004826124690963721,0.5079511226081849,,,0.814,0.5904813232421875,0.7525,0.7208914428710937,,,,
resnet20gn_cifar10,plain,1,25,9775,0.0003386475114581614,0.49488637919425965,,,0.842,0.5338450927734375,0.7568,0.702138851928711,,,,
resnet20gn_cifar10,plain,1,26,10166,0.00021860668301331375,0.4812209855699539,,,0.832,0.537326904296875,0.7566,0.70193427734375,,,,
resnet20gn_cifar10,plain,1,27,10557,0.00012381872227320984,0.4726567387723923,,,0.84,0.5228257446289063,0.7599,0.6995052368164062,,,,
resnet20gn_cifar10,plain,1,28,10948,5.53328423720989e-05,0.4658312773513794,,,0.84,0.5191158447265625,0.7602,0.698020166015625,,,,
resnet20gn_cifar10,plain,1,29,11339,1.3907117269393864e-05,0.4614344135665894,,,0.838,0.5206055297851563,0.7619,0.6964813049316406,,,,
resnet20gn_cifar10,plain,1,30,11730,9.058745198409212e-11,0.45921850716590884,,,0.838,0.5188992919921875,0.7606,0.6964450134277343,,,,
resnet20gn_cifar10,plain,2,0,0,8.333333333333333e-05,,,,0.1,2.30476513671875,0.0997,2.3056416870117187,,,,
resnet20gn_cifar10,plain,2,1,391,0.004990141512569891,2.0850657063674927,,,0.34,1.795717529296875,0.3437,1.7616288146972656,,,,
resnet20gn_cifar10,plain,2,2,782,0.004953056580549272,1.6473344226074218,,,0.45,1.621612548828125,0.4022,1.5984507446289062,,,,
resnet20gn_cifar10,plain,2,3,1173,0.004888818630747975,1.4583252016830444,,,0.492,1.4773231201171875,0.4548,1.4561813232421874,,,,
resnet20gn_cifar10,plain,2,4,1564,0.004798138716554241,1.3272398432540893,,,0.55,1.28694677734375,0.539,1.259581396484375,,,,
resnet20gn_cifar10,plain,2,5,1955,0.004682020578909872,1.2503724585342406,,,0.542,1.316260498046875,0.5256,1.3166648681640625,,,,
resnet20gn_cifar10,plain,2,6,2346,0.004541749535846712,1.1597628675460816,,,0.626,1.090533203125,0.6041,1.0956596130371095,,,,
resnet20gn_cifar10,plain,2,7,2737,0.0043788782552308895,1.0925995026779174,,,0.622,1.068339111328125,0.6192,1.0634836120605469,,,,
resnet20gn_cifar10,plain,2,8,3128,0.004195209568197074,1.0200494701385499,,,0.67,0.9989893798828124,0.6426,0.9933935913085937,,,,
resnet20gn_cifar10,plain,2,9,3519,0.0039927765135118086,0.9713733543014527,,,0.648,0.9588035888671875,0.6316,1.0119297943115235,,,,
resnet20gn_cifar10,plain,2,10,3910,0.0037738198337559444,0.9202529440116882,,,0.666,0.9535946044921875,0.6583,0.959885498046875,,,,
resnet20gn_cifar10,plain,2,11,4301,0.0035407631724221527,0.8740241339492798,,,0.682,0.91080224609375,0.6638,0.9557291687011719,,,,
resnet20gn_cifar10,plain,2,12,4692,0.003296186246472237,0.8358362788009643,,,0.752,0.8071346435546874,0.6989,0.8596173461914063,,,,
resnet20gn_cifar10,plain,2,13,5083,0.0030427962913086395,0.7998427963638306,,,0.718,0.8137918090820313,0.6816,0.8858349182128906,,,,
resnet20gn_cifar10,plain,2,14,5474,0.0027833980942373526,0.7616527021026611,,,0.746,0.7926671142578126,0.7081,0.8368482543945313,,,,
resnet20gn_cifar10,plain,2,15,5865,0.0025208629481234496,0.7252054441642761,,,0.77,0.696090576171875,0.7202,0.7978777313232421,,,,
resnet20gn_cifar10,plain,2,16,6256,0.0022580968688929426,0.6911207259559632,,,0.78,0.6660299682617188,0.7277,0.7828403625488282,,,,
resnet20gn_cifar10,plain,2,17,6647,0.0019980084286831713,0.6644686328125,,,0.78,0.6775787353515625,0.7239,0.7945847290039062,,,,
resnet20gn_cifar10,plain,2,18,7038,0.0017434765606983522,0.6333805407333374,,,0.788,0.6305670776367187,0.7288,0.7783054931640625,,,,
resnet20gn_cifar10,plain,2,19,7429,0.0014973186921401005,0.609959217224121,,,0.81,0.6068026123046875,0.7405,0.7499218719482422,,,,
resnet20gn_cifar10,plain,2,20,7820,0.0012622595579512698,0.5884780729198456,,,0.828,0.571054931640625,0.7495,0.7255808074951172,,,,
resnet20gn_cifar10,plain,2,21,8211,0.0010409010405754784,0.5617531580448151,,,0.808,0.582130615234375,0.7409,0.7449367492675781,,,,
resnet20gn_cifar10,plain,2,22,8602,0.0008356933695777008,0.5382986576080322,,,0.842,0.5453641357421875,0.7477,0.7221344940185547,,,,
resnet20gn_cifar10,plain,2,23,8993,0.0006489079999188671,0.5193522472476959,,,0.848,0.521410400390625,0.7539,0.7156184234619141,,,,
resnet20gn_cifar10,plain,2,24,9384,0.0004826124690963721,0.5041308202743531,,,0.844,0.5136514892578125,0.757,0.7111816650390625,,,,
resnet20gn_cifar10,plain,2,25,9775,0.0003386475114581614,0.48949291041374204,,,0.846,0.5123626708984375,0.757,0.7111191101074219,,,,
resnet20gn_cifar10,plain,2,26,10166,0.00021860668301331375,0.475563358631134,,,0.844,0.5215009765625,0.7507,0.724735580444336,,,,
resnet20gn_cifar10,plain,2,27,10557,0.00012381872227320984,0.4661165380477905,,,0.854,0.4974523620605469,0.7569,0.7141137451171875,,,,
resnet20gn_cifar10,plain,2,28,10948,5.53328423720989e-05,0.4596523800706863,,,0.862,0.4912439880371094,0.7596,0.7075391296386718,,,,
resnet20gn_cifar10,plain,2,29,11339,1.3907117269393864e-05,0.45522017424583433,,,0.858,0.48631137084960935,0.7594,0.7072257354736328,,,,
resnet20gn_cifar10,plain,2,30,11730,9.058745198409212e-11,0.4528826534843445,,,0.856,0.48719326782226563,0.7591,0.7064951110839843,,,,
resnet20gn_cifar10,resolution_max_b1,0,0,0,8.333333333333333e-05,,,,0.104,2.3072080078125,0.0996,2.3076830444335936,0.09,2.30659130859375,0.0956,2.3069264282226563
resnet20gn_cifar10,resolution_max_b1,0,1,391,0.004990141512569891,2.0268601807022093,16,,0.35,1.8098201904296876,0.356,1.7344474670410157,0.248,1.959421875,0.2499,1.9249424438476563
resnet20gn_cifar10,resolution_max_b1,0,2,782,0.004953056580549272,1.5643912521934509,16,,0.41,1.55612158203125,0.4571,1.4860360900878906,0.392,1.73900390625,0.4002,1.6871720642089845
resnet20gn_cifar10,resolution_max_b1,0,3,1173,0.004888818630747975,1.386331065826416,16,,0.506,1.354237548828125,0.5102,1.3220782104492188,0.278,1.915547607421875,0.2897,1.8645237121582032
resnet20gn_cifar10,resolution_max_b1,0,4,1564,0.004798138716554241,1.2776392572021484,16,,0.532,1.28405126953125,0.5454,1.256228289794922,0.268,2.127237548828125,0.2587,2.0847959899902344
resnet20gn_cifar10,resolution_max_b1,0,5,1955,0.004682020578909872,1.1706969287109374,16,,0.572,1.215466064453125,0.5715,1.1709740234375,0.264,2.230353759765625,0.2725,2.1735427612304687
resnet20gn_cifar10,resolution_max_b1,0,6,2346,0.004541749535846712,1.0906808715057372,16,,0.592,1.188387939453125,0.5711,1.2006135498046875,0.256,2.282625244140625,0.253,2.209457763671875
resnet20gn_cifar10,resolution_max_b1,0,7,2737,0.0043788782552308895,1.1065441765594481,24,,0.602,1.095829345703125,0.6208,1.0410308227539062,0.418,1.735562744140625,0.4197,1.6543353820800781
resnet20gn_cifar10,resolution_max_b1,0,8,3128,0.004195209568197074,1.0058844774246216,24,,0.648,0.9575548095703125,0.664,0.9467039031982422,0.432,1.6932679443359375,0.4386,1.609096795654297
resnet20gn_cifar10,resolution_max_b1,0,9,3519,0.0039927765135118086,0.9488067169380188,24,,0.666,0.9618387451171875,0.66,0.967364501953125,0.482,1.6168701171875,0.4933,1.5328573547363282
resnet20gn_cifar10,resolution_max_b1,0,10,3910,0.0037738198337559444,0.8853818685531616,24,,0.672,0.9133514404296875,0.6771,0.9038707824707031,0.402,1.8087105712890625,0.4092,1.7027870544433594
resnet20gn_cifar10,resolution_max_b1,0,11,4301,0.0035407631724221527,0.8345248694610595,24,,0.662,0.8627959594726563,0.6816,0.8981952453613281,0.414,1.8905296630859374,0.4093,1.792739453125
resnet20gn_cifar10,resolution_max_b1,0,12,4692,0.003296186246472237,0.7873476566886902,24,,0.728,0.7501522216796875,0.7067,0.8359255310058594,0.478,1.5473359375,0.4746,1.4774099609375
resnet20gn_cifar10,resolution_max_b1,0,13,5083,0.0030427962913086395,0.8700040161323548,32,,0.67,0.9318631591796875,0.6568,0.9757040008544922,0.67,0.9318631591796875,0.6568,0.9757040008544922
resnet20gn_cifar10,resolution_max_b1,0,14,5474,0.0027833980942373526,0.7843673748207092,32,,0.708,0.7774600830078126,0.716,0.8101733367919922,0.708,0.7774600830078126,0.716,0.8101733367919922
resnet20gn_cifar10,resolution_max_b1,0,15,5865,0.0025208629481234496,0.7355065261840821,32,,0.74,0.7273443603515625,0.7062,0.8308446685791016,0.74,0.7273443603515625,0.7062,0.8308446685791016
resnet20gn_cifar10,resolution_max_b1,0,16,6256,0.0022580968688929426,0.6970014738178253,32,,0.762,0.6707828369140625,0.7407,0.7382568298339843,0.762,0.6707828369140625,0.7407,0.7382568298339843
resnet20gn_cifar10,resolution_max_b1,0,17,6647,0.0019980084286831713,0.6676838017082214,32,,0.774,0.6508810424804687,0.752,0.7128927551269532,0.774,0.6508810424804687,0.752,0.7128927551269532
resnet20gn_cifar10,resolution_max_b1,0,18,7038,0.0017434765606983522,0.6359373333930969,32,,0.766,0.635591064453125,0.7421,0.725331494140625,0.766,0.635591064453125,0.7421,0.725331494140625
resnet20gn_cifar10,resolution_max_b1,0,19,7429,0.0014973186921401005,0.6084662012863159,32,,0.752,0.679692138671875,0.7447,0.7463160827636719,0.752,0.679692138671875,0.7447,0.7463160827636719
resnet20gn_cifar10,resolution_max_b1,0,20,7820,0.0012622595579512698,0.582601813621521,32,,0.782,0.6100454711914063,0.7493,0.7261232635498047,0.782,0.6100454711914063,0.7493,0.7261232635498047
resnet20gn_cifar10,resolution_max_b1,0,21,8211,0.0010409010405754784,0.5611741182041168,32,,0.786,0.5579141845703125,0.7581,0.6981313232421875,0.786,0.5579141845703125,0.7581,0.6981313232421875
resnet20gn_cifar10,resolution_max_b1,0,22,8602,0.0008356933695777008,0.5407198489093781,32,,0.78,0.56241259765625,0.7606,0.6951659057617188,0.78,0.56241259765625,0.7606,0.6951659057617188
resnet20gn_cifar10,resolution_max_b1,0,23,8993,0.0006489079999188671,0.5182772346305847,32,,0.81,0.5208961181640624,0.7718,0.6682484680175781,0.81,0.5208961181640624,0.7718,0.6682484680175781
resnet20gn_cifar10,resolution_max_b1,0,24,9384,0.0004826124690963721,0.49998091292381286,32,,0.812,0.5092802124023438,0.7692,0.6652214630126954,0.812,0.5092802124023438,0.7692,0.6652214630126954
resnet20gn_cifar10,resolution_max_b1,0,25,9775,0.0003386475114581614,0.4861855677223206,32,,0.81,0.5225401000976563,0.7716,0.663240805053711,0.81,0.5225401000976563,0.7716,0.663240805053711
resnet20gn_cifar10,resolution_max_b1,0,26,10166,0.00021860668301331375,0.4748240544605255,32,,0.822,0.49159295654296875,0.7756,0.6509144500732422,0.822,0.49159295654296875,0.7756,0.6509144500732422
resnet20gn_cifar10,resolution_max_b1,0,27,10557,0.00012381872227320984,0.465356934671402,32,,0.82,0.4943279418945313,0.7763,0.6493668548583984,0.82,0.4943279418945313,0.7763,0.6493668548583984
resnet20gn_cifar10,resolution_max_b1,0,28,10948,5.53328423720989e-05,0.4589128243637085,32,,0.822,0.48821774291992187,0.7758,0.6492024871826172,0.822,0.48821774291992187,0.7758,0.6492024871826172
resnet20gn_cifar10,resolution_max_b1,0,29,11339,1.3907117269393864e-05,0.4546793914413452,32,,0.824,0.4847718505859375,0.7779,0.6465119262695312,0.824,0.4847718505859375,0.7779,0.6465119262695312
resnet20gn_cifar10,resolution_max_b1,0,30,11730,9.058745198409212e-11,0.4527781299304962,32,,0.824,0.4815375366210938,0.7782,0.6464716552734375,0.824,0.4815375366210938,0.7782,0.6464716552734375
resnet20gn_cifar10,resolution_max_b1,1,0,0,8.333333333333333e-05,,,,0.098,2.309904296875,0.0957,2.3097284423828124,0.098,2.30961328125,0.1029,2.3087939453125
resnet20gn_cifar10,resolution_max_b1,1,1,391,0.004990141512569891,1.973115689315796,16,,0.338,1.75887060546875,0.3745,1.6608194091796875,0.248,2.073589599609375,0.2406,2.0077608337402344
resnet20gn_cifar10,resolution_max_b1,1,2,782,0.004953056580549272,1.5555269719696045,16,,0.484,1.4472060546875,0.4802,1.4101642395019531,0.224,2.19744970703125,0.2332,2.14804111328125
resnet20gn_cifar10,resolution_max_b1,1,3,1173,0.004888818630747975,1.3603345363998414,16,,0.494,1.40569970703125,0.5051,1.3589917358398438,0.264,2.095289794921875,0.2596,2.0521813537597655
resnet20gn_cifar10,resolution_max_b1,1,4,1564,0.004798138716554241,1.2294917834472656,16,,0.568,1.203157470703125,0.5699,1.1712198547363282,0.26,2.280490966796875,0.261,2.2437149658203124
resnet20gn_cifar10,resolution_max_b1,1,5,1955,0.004682020578909872,1.1325743371963501,16,,0.614,1.0642911376953126,0.6112,1.0708545776367187,0.238,2.429326904296875,0.2502,2.4242973876953124
resnet20gn_cifar10,resolution_max_b1,1,6,2346,0.004541749535846712,1.0265561811065673,16,,0.654,1.006249267578125,0.6257,1.0226745056152344,0.212,2.4855302734375,0.2089,2.441043444824219
resnet20gn_cifar10,resolution_max_b1,1,7,2737,0.0043788782552308895,1.0533918760299683,24,,0.664,0.9709186401367188,0.6518,0.9740710815429687,0.374,1.6682069091796874,0.4091,1.6435748107910155
resnet20gn_cifar10,resolution_max_b1,1,8,3128,0.004195209568197074,0.9485519204521179,24,,0.644,0.9900833740234375,0.6375,0.9923403350830078,0.348,1.91853759765625,0.368,1.8772957641601562
resnet20gn_cifar10,resolution_max_b1,1,9,3519,0.0039927765135118086,0.884561058959961,24,,0.706,0.8344857788085938,0.6937,0.8561877044677735,0.446,1.6652994384765625,0.4397,1.6285302551269532
resnet20gn_cifar10,resolution_max_b1,1,10,3910,0.0037738198337559444,0.8336918532943726,24,,0.73,0.8061614379882812,0.703,0.836806021118164,0.45,1.519321533203125,0.4694,1.487674383544922
resnet20gn_cifar10,resolution_max_b1,1,11,4301,0.0035407631724221527,0.792267304058075,24,,0.73,0.7851242065429688,0.7057,0.8253459564208985,0.448,1.6148746337890625,0.462,1.5665481018066407
resnet20gn_cifar10,resolution_max_b1,1,12,4692,0.003296186246472237,0.7472848932266235,24,,0.722,0.7788457641601563,0.7127,0.7968609771728515,0.418,1.742126220703125,0.4336,1.6747987060546874
resnet20gn_cifar10,resolution_max_b1,1,13,5083,0.0030427962913086395,0.8321741500473022,32,,0.73,0.8023153076171875,0.6927,0.856912924194336,0.73,0.8023153076171875,0.6927,0.856912924194336
resnet20gn_cifar10,resolution_max_b1,1,14,5474,0.0027833980942373526,0.7512183827877045,32,,0.746,0.7191661376953125,0.7261,0.7794231353759765,0.746,0.7191661376953125,0.7261,0.7794231353759765
resnet20gn_cifar10,resolution_max_b1,1,15,5865,0.0025208629481234496,0.7053879464530944,32,,0.772,0.68437255859375,0.7438,0.7345278137207031,0.772,0.68437255859375,0.7438,0.7345278137207031
resnet20gn_cifar10,resolution_max_b1,1,16,6256,0.0022580968688929426,0.6718822056865692,32,,0.756,0.6979505615234375,0.7359,0.7480406372070313,0.756,0.6979505615234375,0.7359,0.7480406372070313
resnet20gn_cifar10,resolution_max_b1,1,17,6647,0.0019980084286831713,0.6465054334163666,32,,0.736,0.73563623046875,0.7247,0.7939265258789062,0.736,0.73563623046875,0.7247,0.7939265258789062
resnet20gn_cifar10,resolution_max_b1,1,18,7038,0.0017434765606983522,0.6056316090488434,32,,0.776,0.6393478393554688,0.7575,0.7008701110839843,0.776,0.6393478393554688,0.7575,0.7008701110839843
resnet20gn_cifar10,resolution_max_b1,1,19,7429,0.0014973186921401005,0.5803800678825378,32,,0.744,0.6716783447265625,0.7382,0.7372299438476563,0.744,0.6716783447265625,0.7382,0.7372299438476563
resnet20gn_cifar10,resolution_max_b1,1,20,7820,0.0012622595579512698,0.558261934967041,32,,0.81,0.552899658203125,0.7714,0.6573722351074218,0.81,0.552899658203125,0.7714,0.6573722351074218
resnet20gn_cifar10,resolution_max_b1,1,21,8211,0.0010409010405754784,0.5366053935623168,32,,0.808,0.561447509765625,0.7614,0.6911077331542969,0.808,0.561447509765625,0.7614,0.6911077331542969
resnet20gn_cifar10,resolution_max_b1,1,22,8602,0.0008356933695777008,0.516196734495163,32,,0.816,0.5512703247070313,0.7708,0.6631738861083984,0.816,0.5512703247070313,0.7708,0.6631738861083984
resnet20gn_cifar10,resolution_max_b1,1,23,8993,0.0006489079999188671,0.4998455191898346,32,,0.834,0.5206292724609375,0.7737,0.6572833953857422,0.834,0.5206292724609375,0.7737,0.6572833953857422
resnet20gn_cifar10,resolution_max_b1,1,24,9384,0.0004826124690963721,0.4825430109214783,32,,0.81,0.54055126953125,0.773,0.65389521484375,0.81,0.54055126953125,0.773,0.65389521484375
resnet20gn_cifar10,resolution_max_b1,1,25,9775,0.0003386475114581614,0.4694351101589203,32,,0.832,0.5046519470214844,0.7757,0.6442468719482422,0.832,0.5046519470214844,0.7757,0.6442468719482422
resnet20gn_cifar10,resolution_max_b1,1,26,10166,0.00021860668301331375,0.4591213290166855,32,,0.84,0.48907586669921876,0.7799,0.6375523223876953,0.84,0.48907586669921876,0.7799,0.6375523223876953
resnet20gn_cifar10,resolution_max_b1,1,27,10557,0.00012381872227320984,0.4504544024372101,32,,0.846,0.482605224609375,0.7782,0.635394888305664,0.846,0.482605224609375,0.7782,0.635394888305664
resnet20gn_cifar10,resolution_max_b1,1,28,10948,5.53328423720989e-05,0.4441099479484558,32,,0.846,0.48093408203125,0.7806,0.6331941528320313,0.846,0.48093408203125,0.7806,0.6331941528320313
resnet20gn_cifar10,resolution_max_b1,1,29,11339,1.3907117269393864e-05,0.44060647156715393,32,,0.848,0.4861739501953125,0.7784,0.6319270904541016,0.848,0.4861739501953125,0.7784,0.6319270904541016
resnet20gn_cifar10,resolution_max_b1,1,30,11730,9.058745198409212e-11,0.4386519495201111,32,,0.848,0.48367776489257813,0.7793,0.6319051055908204,0.848,0.48367776489257813,0.7793,0.6319051055908204
resnet20gn_cifar10,resolution_max_b1,2,0,0,8.333333333333333e-05,,,,0.1,2.306991943359375,0.0998,2.305559631347656,0.1,2.30476513671875,0.0997,2.3056416870117187
resnet20gn_cifar10,resolution_max_b1,2,1,391,0.004990141512569891,2.0455839115142824,16,,0.356,1.744333740234375,0.3756,1.7026860107421875,0.26,1.9322347412109375,0.2699,1.8955457580566406
resnet20gn_cifar10,resolution_max_b1,2,2,782,0.004953056580549272,1.5624000411987304,16,,0.474,1.4522423095703125,0.4657,1.4447193725585938,0.312,1.8613489990234375,0.3116,1.8290941772460938
resnet20gn_cifar10,resolution_max_b1,2,3,1173,0.004888818630747975,1.3857515385437011,16,,0.452,1.4687740478515625,0.4675,1.4562372009277345,0.27,2.085594970703125,0.2555,2.071912463378906
resnet20gn_cifar10,resolution_max_b1,2,4,1564,0.004798138716554241,1.2425800839996337,16,,0.578,1.201044677734375,0.5738,1.1718879638671875,0.298,1.96342919921875,0.3064,1.940429443359375
resnet20gn_cifar10,resolution_max_b1,2,5,1955,0.004682020578909872,1.1398392095184327,16,,0.616,1.0929581298828126,0.6041,1.1053396789550782,0.288,2.16580224609375,0.2897,2.1664114013671876
resnet20gn_cifar10,resolution_max_b1,2,6,2346,0.004541749535846712,1.0503524109268187,16,,0.65,0.979020263671875,0.6243,1.0260368072509765,0.31,2.134435302734375,0.2902,2.123274841308594
resnet20gn_cifar10,resolution_max_b1,2,7,2737,0.0043788782552308895,1.0757020365524292,24,,0.64,1.0792974853515624,0.6258,1.035352099609375,0.364,2.107573486328125,0.338,2.0762306335449217
resnet20gn_cifar10,resolution_max_b1,2,8,3128,0.004195209568197074,0.9739690284729003,24,,0.664,0.981781494140625,0.6601,0.9594358337402343,0.414,1.6209296875,0.4121,1.5771743408203125
resnet20gn_cifar10,resolution_max_b1,2,9,3519,0.0039927765135118086,0.9093325888442993,24,,0.682,0.898326904296875,0.6732,0.9208670654296875,0.46,1.50682861328125,0.4611,1.480428533935547
resnet20gn_cifar10,resolution_max_b1,2,10,3910,0.0037738198337559444,0.8508826946449279,24,,0.698,0.8369849243164063,0.6896,0.8760015289306641,0.372,1.88937841796875,0.3691,1.8612513549804688
resnet20gn_cifar10,resolution_max_b1,2,11,4301,0.0035407631724221527,0.7936898447418212,24,,0.708,0.78220947265625,0.6971,0.8614846801757813,0.416,1.7241038818359375,0.4143,1.70426123046875
resnet20gn_cifar10,resolution_max_b1,2,12,4692,0.003296186246472237,0.7605229368591309,24,,0.732,0.7631761474609375,0.698,0.8646030212402344,0.442,1.737642578125,0.425,1.7150837951660156
resnet20gn_cifar10,resolution_max_b1,2,13,5083,0.0030427962913086395,0.8502029702091217,32,,0.712,0.8176013793945313,0.6937,0.8615904937744141,0.712,0.8176013793945313,0.6937,0.8615904937744141
resnet20gn_cifar10,resolution_max_b1,2,14,5474,0.0027833980942373526,0.7646382830619812,32,,0.752,0.7275130004882813,0.7335,0.7594173278808594,0.752,0.7275130004882813,0.7335,0.7594173278808594
resnet20gn_cifar10,resolution_max_b1,2,15,5865,0.0025208629481234496,0.7144489675331116,32,,0.776,0.6791885986328124,0.7452,0.7300749359130859,0.776,0.6791885986328124,0.7452,0.7300749359130859
resnet20gn_cifar10,resolution_max_b1,2,16,6256,0.0022580968688929426,0.6720617230033874,32,,0.782,0.648494873046875,0.7518,0.7176073760986328,0.782,0.648494873046875,0.7518,0.7176073760986328
resnet20gn_cifar10,resolution_max_b1,2,17,6647,0.0019980084286831713,0.6459026901912689,32,,0.788,0.64458544921875,0.7563,0.7051350982666016,0.788,0.64458544921875,0.7563,0.7051350982666016
resnet20gn_cifar10,resolution_max_b1,2,18,7038,0.0017434765606983522,0.6122001549816132,32,,0.802,0.6394410400390625,0.7597,0.7116886291503907,0.802,0.6394410400390625,0.7597,0.7116886291503907
resnet20gn_cifar10,resolution_max_b1,2,19,7429,0.0014973186921401005,0.5877484186458588,32,,0.814,0.5528140258789063,0.7691,0.6731199066162109,0.814,0.5528140258789063,0.7691,0.6731199066162109
resnet20gn_cifar10,resolution_max_b1,2,20,7820,0.0012622595579512698,0.5606411129665375,32,,0.816,0.5451336669921875,0.7724,0.6649866516113281,0.816,0.5451336669921875,0.7724,0.6649866516113281
resnet20gn_cifar10,resolution_max_b1,2,21,8211,0.0010409010405754784,0.5423315965080261,32,,0.798,0.5915904541015625,0.7744,0.6634203582763671,0.798,0.5915904541015625,0.7744,0.6634203582763671
resnet20gn_cifar10,resolution_max_b1,2,22,8602,0.0008356933695777008,0.5166871807384491,32,,0.82,0.55447705078125,0.7767,0.6524696807861328,0.82,0.55447705078125,0.7767,0.6524696807861328
resnet20gn_cifar10,resolution_max_b1,2,23,8993,0.0006489079999188671,0.501981209411621,32,,0.834,0.513812744140625,0.7805,0.6439277221679688,0.834,0.513812744140625,0.7805,0.6439277221679688
resnet20gn_cifar10,resolution_max_b1,2,24,9384,0.0004826124690963721,0.48402793424129487,32,,0.832,0.5184166259765625,0.7811,0.6446280792236329,0.832,0.5184166259765625,0.7811,0.6446280792236329
resnet20gn_cifar10,resolution_max_b1,2,25,9775,0.0003386475114581614,0.47071761140823365,32,,0.846,0.4899591979980469,0.7855,0.6316187805175781,0.846,0.4899591979980469,0.7855,0.6316187805175781
resnet20gn_cifar10,resolution_max_b1,2,26,10166,0.00021860668301331375,0.45910128724098204,32,,0.838,0.4823659057617187,0.7862,0.636343408203125,0.838,0.4823659057617187,0.7862,0.636343408203125
resnet20gn_cifar10,resolution_max_b1,2,27,10557,0.00012381872227320984,0.4496568382835388,32,,0.842,0.48253387451171875,0.7851,0.6332449279785156,0.842,0.48253387451171875,0.7851,0.6332449279785156
resnet20gn_cifar10,resolution_max_b1,2,28,10948,5.53328423720989e-05,0.4433477923107147,32,,0.856,0.4729509582519531,0.7893,0.6268212585449219,0.856,0.4729509582519531,0.7893,0.6268212585449219
resnet20gn_cifar10,resolution_max_b1,2,29,11339,1.3907117269393864e-05,0.4397555822658539,32,,0.858,0.47036395263671876,0.7896,0.6264660369873047,0.858,0.47036395263671876,0.7896,0.6264660369873047
resnet20gn_cifar10,resolution_max_b1,2,30,11730,9.058745198409212e-11,0.4376506425189972,32,,0.862,0.4714648132324219,0.7905,0.6256597930908203,0.862,0.4714648132324219,0.7905,0.6256597930908203
resnet20gn_cifar10,resolution_max_b1_gaussian_conv,0,0,0,8.333333333333333e-05,,,,0.094,2.30662744140625,0.0958,2.3076520874023436,0.09,2.30659130859375,0.0956,2.3069264282226563
resnet20gn_cifar10,resolution_max_b1_gaussian_conv,0,1,391,0.004990141512569891,1.9165732983779906,16,1.0,0.37,1.7224381103515625,0.3967,1.627840283203125,0.268,1.9496982421875,0.2647,1.9159408325195313
resnet20gn_cifar10,resolution_max_b1_gaussian_conv,0,2,782,0.004953056580549272,1.5218801906394959,16,1.0,0.412,1.530360595703125,0.4684,1.4519140991210937,0.288,1.9234739990234375,0.2847,1.9024931579589843
resnet20gn_cifar10,resolution_max_b1_gaussian_conv,0,3,1173,0.004888818630747975,1.3725098320007325,16,1.0,0.512,1.376890380859375,0.5144,1.3144040344238281,0.27,1.8534111328125,0.2649,1.8366929321289063
resnet20gn_cifar10,resolution_max_b1_gaussian_conv,0,4,1564,0.004798138716554241,1.2641351189804078,16,0.85,0.582,1.226647705078125,0.5625,1.2140566528320313,0.25,1.9464068603515625,0.25,1.9438682556152345
resnet20gn_cifar10,resolution_max_b1_gaussian_conv,0,5,1955,0.004682020578909872,1.1550268587875365,16,0.85,0.6,1.165776611328125,0.5971,1.1162504455566407,0.288,1.917645263671875,0.3044,1.8993763244628907
resnet20gn_cifar10,resolution_max_b1_gaussian_conv,0,6,2346,0.004541749535846712,1.0772776216125488,16,0.85,0.588,1.18374658203125,0.586,1.1528342163085938,0.25,2.0430059814453125,0.2595,2.0253681640625
resnet20gn_cifar10,resolution_max_b1_gaussian_conv,0,7,2737,0.0043788782552308895,1.08478303440094,24,0.7,0.64,1.114644287109375,0.6122,1.0934084136962892,0.352,1.7293524169921874,0.3617,1.7321529724121094
resnet20gn_cifar10,resolution_max_b1_gaussian_conv,0,8,3128,0.004195209568197074,0.9950798285675049,24,0.7,0.682,0.9643992919921875,0.6627,0.9706121673583984,0.294,1.8457109375,0.2911,1.8430991455078125
resnet20gn_cifar10,resolution_max_b1_gaussian_conv,0,9,3519,0.0039927765135118086,0.947336792678833,24,0.7,0.69,0.9102078247070312,0.6617,0.9600457061767578,0.344,1.7801678466796875,0.3345,1.7783043884277343
resnet20gn_cifar10,resolution_max_b1_gaussian_conv,0,10,3910,0.0037738198337559444,0.8764857766151428,24,0.6,0.684,0.900401611328125,0.6897,0.8894515411376953,0.362,1.7796533203125,0.3825,1.765027880859375
resnet20gn_cifar10,resolution_max_b1_gaussian_conv,0,11,4301,0.0035407631724221527,0.8201005746269227,24,0.6,0.694,0.824419677734375,0.6957,0.8671999908447265,0.37,1.7736441650390624,0.3778,1.7781640930175782
resnet20gn_cifar10,resolution_max_b1_gaussian_conv,0,12,4692,0.003296186246472237,0.7755281285858154,24,0.6,0.766,0.751842529296875,0.7189,0.8148713043212891,0.404,1.548597900390625,0.4228,1.5496789428710938
resnet20gn_cifar10,resolution_max_b1_gaussian_conv,0,13,5083,0.0030427962913086395,0.8430026710319519,32,0.5,0.734,0.7818487548828125,0.6933,0.8660632873535157,0.454,1.397830078125,0.4605,1.4033797241210937
resnet20gn_cifar10,resolution_max_b1_gaussian_conv,0,14,5474,0.0027833980942373526,0.7600587260437012,32,0.5,0.768,0.67549365234375,0.7308,0.7673444549560546,0.554,1.2743905029296876,0.5509,1.2691482177734374
resnet20gn_cifar10,resolution_max_b1_gaussian_conv,0,15,5865,0.0025208629481234496,0.7249341103553772,32,0.5,0.724,0.7175382080078125,0.711,0.8276437866210937,0.506,1.331109619140625,0.5161,1.3333497131347656
resnet20gn_cifar10,resolution_max_b1_gaussian_conv,0,16,6256,0.0022580968688929426,0.6979216275215149,32,0.4,0.778,0.6583548583984375,0.7456,0.7274989044189453,0.746,0.7444865112304687,0.7374,0.7819530944824219
resnet20gn_cifar10,resolution_max_b1_gaussian_conv,0,17,6647,0.0019980084286831713,0.6463104045963287,32,0.4,0.782,0.66460986328125,0.7329,0.7616167114257812,0.712,0.832319580078125,0.6809,0.893561898803711
resnet20gn_cifar10,resolution_max_b1_gaussian_conv,0,18,7038,0.0017434765606983522,0.6206983891868592,32,0.4,0.778,0.601334228515625,0.7487,0.7148048309326172,0.748,0.71860888671875,0.7336,0.7712108032226562
resnet20gn_cifar10,resolution_max_b1_gaussian_conv,0,19,7429,0.0014973186921401005,0.6128633018875123,32,0.3,0.798,0.5927820434570312,0.7642,0.6785264190673828,0.792,0.6027118530273438,0.7635,0.6838738861083984
resnet20gn_cifar10,resolution_max_b1_gaussian_conv,0,20,7820,0.0012622595579512698,0.5779069705677032,32,0.3,0.814,0.5377490234375,0.7727,0.6476613433837891,0.814,0.54576904296875,0.7704,0.6518994049072265
resnet20gn_cifar10,resolution_max_b1_gaussian_conv,0,21,8211,0.0010409010405754784,0.5543168494558335,32,0.3,0.822,0.5166542358398437,0.7755,0.6431857482910156,0.82,0.5228111572265625,0.7758,0.6445565673828125
resnet20gn_cifar10,resolution_max_b1_gaussian_conv,0,22,8602,0.0008356933695777008,0.5319768134403229,32,0.0,0.816,0.5216953125,0.7745,0.6499447570800782,0.816,0.5216953125,0.7745,0.6499447570800782
resnet20gn_cifar10,resolution_max_b1_gaussian_conv,0,23,8993,0.0006489079999188671,0.5109951320743561,32,0.0,0.82,0.5062259521484375,0.7772,0.6451518737792968,0.82,0.5062259521484375,0.7772,0.6451518737792968
resnet20gn_cifar10,resolution_max_b1_gaussian_conv,0,24,9384,0.0004826124690963721,0.49604572647094725,32,0.0,0.832,0.4811910400390625,0.7802,0.6343713714599609,0.832,0.4811910400390625,0.7802,0.6343713714599609
resnet20gn_cifar10,resolution_max_b1_gaussian_conv,0,25,9775,0.0003386475114581614,0.4788792448377609,32,0.0,0.844,0.47175729370117186,0.7842,0.6241276000976562,0.844,0.47175729370117186,0.7842,0.6241276000976562
resnet20gn_cifar10,resolution_max_b1_gaussian_conv,0,26,10166,0.00021860668301331375,0.4686269999790192,32,0.0,0.85,0.45549176025390625,0.7845,0.6159637817382813,0.85,0.45549176025390625,0.7845,0.6159637817382813
resnet20gn_cifar10,resolution_max_b1_gaussian_conv,0,27,10557,0.00012381872227320984,0.4588946747875214,32,0.0,0.848,0.449606689453125,0.786,0.6151929870605469,0.848,0.449606689453125,0.786,0.6151929870605469
resnet20gn_cifar10,resolution_max_b1_gaussian_conv,0,28,10948,5.53328423720989e-05,0.45256045024871827,32,0.0,0.848,0.44745343017578126,0.7871,0.6145875274658203,0.848,0.44745343017578126,0.7871,0.6145875274658203
resnet20gn_cifar10,resolution_max_b1_gaussian_conv,0,29,11339,1.3907117269393864e-05,0.4483929107379913,32,0.0,0.85,0.44775765991210936,0.7875,0.6126953308105468,0.85,0.44775765991210936,0.7875,0.6126953308105468
resnet20gn_cifar10,resolution_max_b1_gaussian_conv,0,30,11730,9.058745198409212e-11,0.4464485233402252,32,0.0,0.852,0.4469613037109375,0.7861,0.6128493743896485,0.852,0.4469613037109375,0.7861,0.6128493743896485
resnet20gn_cifar10,resolution_max_b1_gaussian_conv,1,0,0,8.333333333333333e-05,,,,0.094,2.31031884765625,0.0852,2.310390283203125,0.098,2.30961328125,0.1029,2.3087939453125
resnet20gn_cifar10,resolution_max_b1_gaussian_conv,1,1,391,0.004990141512569891,1.9068087615966798,16,1.0,0.4,1.6619171142578124,0.4174,1.5977723815917968,0.33,1.9546900634765625,0.2935,1.9349262878417968
resnet20gn_cifar10,resolution_max_b1_gaussian_conv,1,2,782,0.004953056580549272,1.516669856185913,16,1.0,0.466,1.43085693359375,0.493,1.386761163330078,0.232,1.9397037353515625,0.2391,1.9101515014648438
resnet20gn_cifar10,resolution_max_b1_gaussian_conv,1,3,1173,0.004888818630747975,1.3527723505020142,16,1.0,0.532,1.352130615234375,0.5184,1.3332309326171874,0.23,1.9588377685546876,0.2214,1.9275920837402343
resnet20gn_cifar10,resolution_max_b1_gaussian_conv,1,4,1564,0.004798138716554241,1.226468844127655,16,0.85,0.58,1.253570068359375,0.5586,1.2197311157226562,0.226,1.9621083984375,0.2457,1.9090180053710937
resnet20gn_cifar10,resolution_max_b1_gaussian_conv,1,5,1955,0.004682020578909872,1.1264165874099732,16,0.85,0.616,1.06529296875,0.6155,1.0605341094970704,0.288,1.998854736328125,0.3007,1.9521764892578124
resnet20gn_cifar10,resolution_max_b1_gaussian_conv,1,6,2346,0.004541749535846712,1.0379483152389526,16,0.85,0.612,1.0378118896484374,0.6324,1.0252729217529297,0.204,2.33832861328125,0.2016,2.2888151611328125
resnet20gn_cifar10,resolution_max_b1_gaussian_conv,1,7,2737,0.0043788782552308895,1.0527450010681152,24,0.7,0.64,1.043524169921875,0.639,1.0302633209228516,0.3,1.810080322265625,0.3175,1.8044411010742187
resnet20gn_cifar10,resolution_max_b1_gaussian_conv,1,8,3128,0.004195209568197074,0.958235828704834,24,0.7,0.616,1.121875244140625,0.6069,1.0933366333007812,0.212,2.15411767578125,0.2208,2.1384973266601564
resnet20gn_cifar10,resolution_max_b1_gaussian_conv,1,9,3519,0.0039927765135118086,0.8980427533340454,24,0.7,0.698,0.87880419921875,0.6924,0.875029150390625,0.324,1.8070283203125,0.3175,1.8056923889160157
resnet20gn_cifar10,resolution_max_b1_gaussian_conv,1,10,3910,0.0037738198337559444,0.8380842553520202,24,0.6,0.688,0.8854259033203125,0.6887,0.8880816986083985,0.466,1.53194921875,0.4614,1.51586845703125
resnet20gn_cifar10,resolution_max_b1_gaussian_conv,1,11,4301,0.0035407631724221527,0.7863263114738465,24,0.6,0.74,0.8013248291015626,0.7201,0.8118745849609375,0.474,1.46352685546875,0.4696,1.4327341674804688
resnet20gn_cifar10,resolution_max_b1_gaussian_conv,1,12,4692,0.003296186246472237,0.7397976632118225,24,0.6,0.74,0.7795556640625,0.7287,0.7842731353759765,0.456,1.54177099609375,0.4689,1.495084716796875
resnet20gn_cifar10,resolution_max_b1_gaussian_conv,1,13,5083,0.0030427962913086395,0.8161129166984558,32,0.5,0.694,0.8618154296875,0.6857,0.89365302734375,0.528,1.37888427734375,0.4943,1.4100966247558593
resnet20gn_cifar10,resolution_max_b1_gaussian_conv,1,14,5474,0.0027833980942373526,0.7444718782424927,32,0.5,0.732,0.7693894653320312,0.7201,0.8034913055419922,0.532,1.34923388671875,0.4942,1.3662118408203126
resnet20gn_cifar10,resolution_max_b1_gaussian_conv,1,15,5865,0.0025208629481234496,0.7041099333000184,32,0.5,0.762,0.7081927490234375,0.7451,0.7408199798583984,0.51,1.406815185546875,0.501,1.3978473510742186
resnet20gn_cifar10,resolution_max_b1_gaussian_conv,1,16,6256,0.0022580968688929426,0.6893684305286407,32,0.4,0.746,0.7104049072265625,0.7415,0.7500701568603516,0.684,0.9111324462890625,0.6787,0.9287164581298828
resnet20gn_cifar10,resolution_max_b1_gaussian_conv,1,17,6647,0.0019980084286831713,0.6461284197330475,32,0.4,0.758,0.6933583984375,0.7479,0.7437402526855469,0.668,0.9149068603515625,0.6725,0.946224545288086
resnet20gn_cifar10,resolution_max_b1_gaussian_conv,1,18,7038,0.0017434765606983522,0.6036905723190308,32,0.4,0.8,0.6053338012695313,0.7669,0.6743009399414063,0.768,0.7061127319335937,0.7465,0.7492779754638672
resnet20gn_cifar10,resolution_max_b1_gaussian_conv,1,19,7429,0.0014973186921401005,0.6039203833103179,32,0.3,0.784,0.6242921142578125,0.7639,0.6871342529296876,0.774,0.6294046630859375,0.7612,0.689983447265625
resnet20gn_cifar10,resolution_max_b1_gaussian_conv,1,20,7820,0.0012622595579512698,0.5664120136356354,32,0.3,0.81,0.5558938598632812,0.7766,0.6526493286132813,0.806,0.5612872314453125,0.777,0.6548919830322265
resnet20gn_cifar10,resolution_max_b1_gaussian_conv,1,21,8211,0.0010409010405754784,0.5440423788261414,32,0.3,0.808,0.5556884765625,0.7695,0.6731536682128906,0.808,0.5584954223632812,0.7686,0.6736883880615234
resnet20gn_cifar10,resolution_max_b1_gaussian_conv,1,22,8602,0.0008356933695777008,0.5264999689102173,32,0.0,0.818,0.53997119140625,0.778,0.6483991851806641,0.818,0.53997119140625,0.778,0.6483991851806641
resnet20gn_cifar10,resolution_max_b1_gaussian_conv,1,23,8993,0.0006489079999188671,0.506874599108696,32,0.0,0.834,0.49968560791015626,0.7855,0.6320062866210937,0.834,0.49968560791015626,0.7855,0.6320062866210937
resnet20gn_cifar10,resolution_max_b1_gaussian_conv,1,24,9384,0.0004826124690963721,0.4875557316017151,32,0.0,0.824,0.5153785400390625,0.7809,0.6403266906738281,0.824,0.5153785400390625,0.7809,0.6403266906738281
resnet20gn_cifar10,resolution_max_b1_gaussian_conv,1,25,9775,0.0003386475114581614,0.47352336757659913,32,0.0,0.83,0.47616790771484374,0.7877,0.6212797393798828,0.83,0.47616790771484374,0.7877,0.6212797393798828
resnet20gn_cifar10,resolution_max_b1_gaussian_conv,1,26,10166,0.00021860668301331375,0.4617001890230179,32,0.0,0.846,0.46789910888671876,0.7888,0.6185244689941406,0.846,0.46789910888671876,0.7888,0.6185244689941406
resnet20gn_cifar10,resolution_max_b1_gaussian_conv,1,27,10557,0.00012381872227320984,0.45424081171512604,32,0.0,0.844,0.4615447387695312,0.7903,0.6149548828125,0.844,0.4615447387695312,0.7903,0.6149548828125
resnet20gn_cifar10,resolution_max_b1_gaussian_conv,1,28,10948,5.53328423720989e-05,0.44743097811222077,32,0.0,0.846,0.45781698608398436,0.7898,0.6159796142578124,0.846,0.45781698608398436,0.7898,0.6159796142578124
resnet20gn_cifar10,resolution_max_b1_gaussian_conv,1,29,11339,1.3907117269393864e-05,0.4438367557430267,32,0.0,0.844,0.4590965576171875,0.7901,0.6149802429199219,0.844,0.4590965576171875,0.7901,0.6149802429199219
resnet20gn_cifar10,resolution_max_b1_gaussian_conv,1,30,11730,9.058745198409212e-11,0.44200583196640014,32,0.0,0.844,0.45837591552734375,0.7901,0.6149677276611328,0.844,0.45837591552734375,0.7901,0.6149677276611328
resnet20gn_cifar10,resolution_max_b1_gaussian_conv,2,0,0,8.333333333333333e-05,,,,0.1,2.30705712890625,0.1,2.306604895019531,0.1,2.30476513671875,0.0997,2.3056416870117187
resnet20gn_cifar10,resolution_max_b1_gaussian_conv,2,1,391,0.004990141512569891,1.9418603922271729,16,1.0,0.386,1.6967099609375,0.4044,1.6871688842773438,0.274,1.969882080078125,0.2766,1.9687723022460937
resnet20gn_cifar10,resolution_max_b1_gaussian_conv,2,2,782,0.004953056580549272,1.4811395797729492,16,1.0,0.504,1.387109130859375,0.4921,1.3609441040039063,0.3,1.95689990234375,0.2672,1.9573873107910156
resnet20gn_cifar10,resolution_max_b1_gaussian_conv,2,3,1173,0.004888818630747975,1.3134926451873778,16,1.0,0.524,1.35741357421875,0.5273,1.2921197204589843,0.214,2.08980859375,0.226,2.088682958984375
resnet20gn_cifar10,resolution_max_b1_gaussian_conv,2,4,1564,0.004798138716554241,1.1768133839035033,16,0.85,0.588,1.2083193359375,0.5951,1.1336601928710937,0.268,2.050881103515625,0.2591,2.0576457824707033
resnet20gn_cifar10,resolution_max_b1_gaussian_conv,2,5,1955,0.004682020578909872,1.0890774180221559,16,0.85,0.594,1.1922490234375,0.5815,1.1969598876953125,0.274,2.236650634765625,0.2568,2.276238000488281
resnet20gn_cifar10,resolution_max_b1_gaussian_conv,2,6,2346,0.004541749535846712,1.00797200881958,16,0.85,0.666,0.9993916625976562,0.6346,1.0246108764648438,0.324,1.8327496337890625,0.3101,1.8496458190917968
resnet20gn_cifar10,resolution_max_b1_gaussian_conv,2,7,2737,0.0043788782552308895,1.041585184364319,24,0.7,0.668,1.010172119140625,0.6466,0.9913016998291015,0.238,1.998145751953125,0.2488,2.0109200317382814
resnet20gn_cifar10,resolution_max_b1_gaussian_conv,2,8,3128,0.004195209568197074,0.9494413383293152,24,0.7,0.674,0.941332275390625,0.6646,0.9332994232177735,0.254,1.885641357421875,0.2589,1.8931251586914062
resnet20gn_cifar10,resolution_max_b1_gaussian_conv,2,9,3519,0.0039927765135118086,0.8879837840652466,24,0.7,0.69,0.9741481323242187,0.6491,1.0074196350097657,0.228,1.926253173828125,0.2307,1.9536737487792968
resnet20gn_cifar10,resolution_max_b1_gaussian_conv,2,10,3910,0.0037738198337559444,0.8353995561981201,24,0.6,0.692,0.9067071533203125,0.6852,0.8896593078613281,0.276,1.960291748046875,0.3013,1.955125372314453
resnet20gn_cifar10,resolution_max_b1_gaussian_conv,2,11,4301,0.0035407631724221527,0.7824043000602722,24,0.6,0.7,0.8694732666015625,0.689,0.9054598419189454,0.374,1.6203695068359374,0.345,1.6672107482910157
resnet20gn_cifar10,resolution_max_b1_gaussian_conv,2,12,4692,0.003296186246472237,0.7416276603507995,24,0.6,0.746,0.7531856689453125,0.7256,0.7868782135009765,0.43,1.5569052734375,0.4215,1.5826405639648438
resnet20gn_cifar10,resolution_max_b1_gaussian_conv,2,13,5083,0.0030427962913086395,0.8135818262672424,32,0.5,0.742,0.7689924926757813,0.7239,0.7963941802978516,0.568,1.271372314453125,0.5449,1.2839768920898438
resnet20gn_cifar10,resolution_max_b1_gaussian_conv,2,14,5474,0.0027833980942373526,0.7476490314483643,32,0.5,0.732,0.7667044067382812,0.7255,0.7842350891113281,0.526,1.3382857666015624,0.523,1.3374899353027343
resnet20gn_cifar10,resolution_max_b1_gaussian_conv,2,15,5865,0.0025208629481234496,0.7013373397445679,32,0.5,0.744,0.7566282958984375,0.735,0.7700047576904296,0.52,1.3175540771484375,0.5294,1.3021100708007813
resnet20gn_cifar10,resolution_max_b1_gaussian_conv,2,16,6256,0.0022580968688929426,0.6818717464065551,32,0.4,0.78,0.6710557250976562,0.7589,0.6921704406738282,0.748,0.77843701171875,0.7333,0.7872453033447265
resnet20gn_cifar10,resolution_max_b1_gaussian_conv,2,17,6647,0.0019980084286831713,0.6359631304359437,32,0.4,0.748,0.7068603515625,0.7525,0.7150743499755859,0.742,0.7833541259765625,0.7318,0.782066064453125
resnet20gn_cifar10,resolution_max_b1_gaussian_conv,2,18,7038,0.0017434765606983522,0.6081416204929352,32,0.4,0.78,0.6389598388671875,0.7682,0.6774599700927735,0.782,0.7087507934570313,0.7543,0.7286958679199219
resnet20gn_cifar10,resolution_max_b1_gaussian_conv,2,19,7429,0.0014973186921401005,0.5988734538841247,32,0.3,0.804,0.634719970703125,0.7599,0.6907765411376953,0.806,0.64356591796875,0.7572,0.6964551849365235
resnet20gn_cifar10,resolution_max_b1_gaussian_conv,2,20,7820,0.0012622595579512698,0.5652888327264786,32,0.3,0.8,0.6045512084960938,0.7776,0.6511236633300781,0.796,0.6085303955078125,0.7764,0.6534470520019531
resnet20gn_cifar10,resolution_max_b1_gaussian_conv,2,21,8211,0.0010409010405754784,0.543230631275177,32,0.3,0.792,0.615841552734375,0.7706,0.6628725982666016,0.79,0.61896044921875,0.7682,0.663776611328125
resnet20gn_cifar10,resolution_max_b1_gaussian_conv,2,22,8602,0.0008356933695777008,0.5234773911857605,32,0.0,0.824,0.5657537841796875,0.7812,0.6384580139160156,0.824,0.5657537841796875,0.7812,0.6384580139160156
resnet20gn_cifar10,resolution_max_b1_gaussian_conv,2,23,8993,0.0006489079999188671,0.5071833422470092,32,0.0,0.82,0.5466181640625,0.7854,0.6253736175537109,0.82,0.5466181640625,0.7854,0.6253736175537109
resnet20gn_cifar10,resolution_max_b1_gaussian_conv,2,24,9384,0.0004826124690963721,0.4891925762653351,32,0.0,0.832,0.5293880615234375,0.7855,0.6212350616455078,0.832,0.5293880615234375,0.7855,0.6212350616455078
resnet20gn_cifar10,resolution_max_b1_gaussian_conv,2,25,9775,0.0003386475114581614,0.47428041412353517,32,0.0,0.826,0.5257188110351563,0.7869,0.618686117553711,0.826,0.5257188110351563,0.7869,0.618686117553711
resnet20gn_cifar10,resolution_max_b1_gaussian_conv,2,26,10166,0.00021860668301331375,0.46279594620227815,32,0.0,0.838,0.5269192504882813,0.7864,0.6223330627441406,0.838,0.5269192504882813,0.7864,0.6223330627441406
resnet20gn_cifar10,resolution_max_b1_gaussian_conv,2,27,10557,0.00012381872227320984,0.4537933043384552,32,0.0,0.822,0.522789306640625,0.7864,0.6226671691894531,0.822,0.522789306640625,0.7864,0.6226671691894531
resnet20gn_cifar10,resolution_max_b1_gaussian_conv,2,28,10948,5.53328423720989e-05,0.4475550649738312,32,0.0,0.834,0.510598388671875,0.7872,0.615214599609375,0.834,0.510598388671875,0.7872,0.615214599609375
resnet20gn_cifar10,resolution_max_b1_gaussian_conv,2,29,11339,1.3907117269393864e-05,0.4439411140346527,32,0.0,0.83,0.5105630798339844,0.7894,0.6140619171142578,0.83,0.5105630798339844,0.7894,0.6140619171142578
resnet20gn_cifar10,resolution_max_b1_gaussian_conv,2,30,11730,9.058745198409212e-11,0.44198387715816495,32,0.0,0.83,0.5105701904296875,0.7894,0.6135159851074219,0.83,0.5105701904296875,0.7894,0.6135159851074219
stl10,gaussian_postrelu,0,0,0,8.333333333333333e-05,,,,0.08,2.981012451171875,0.1,2.9352655334472657,0.08,3.116571044921875,0.1,3.0750560455322264
stl10,gaussian_postrelu,0,3,120,0.00499216110265835,1.8211884716033935,,3.0,0.28,1.90647900390625,0.28825,1.9524652786254884,0.148,6.59434375,0.118625,7.015314056396484
stl10,gaussian_postrelu,0,6,240,0.004928155595379168,1.6567615375518798,,3.0,0.378,1.597213134765625,0.367875,1.6337363510131835,0.154,6.0720419921875,0.123125,6.354802124023437
stl10,gaussian_postrelu,0,9,360,0.0048012621336311016,1.5293889883041383,,2.55,0.386,1.5541357421875,0.369,1.6600126953125,0.136,5.52072900390625,0.12025,5.841129791259766
stl10,gaussian_postrelu,0,12,480,0.004614767191419356,1.4723035430908202,,2.55,0.336,1.8118546142578125,0.341125,1.8382283096313476,0.172,3.778607421875,0.144625,4.018541641235352
stl10,gaussian_postrelu,0,15,600,0.004373500889785932,1.3742218627929688,,2.1,0.412,1.5154453125,0.399,1.5949626388549805,0.152,3.227645263671875,0.139875,3.3876402740478517
stl10,gaussian_postrelu,0,18,720,0.004083711899211779,1.3001727909088134,,2.1,0.484,1.3563436279296874,0.450125,1.5030095977783202,0.212,3.5315224609375,0.178625,3.7513910980224607
stl10,gaussian_postrelu,0,21,840,0.0037529056023336174,1.2446391883850099,,1.8,0.568,1.15253271484375,0.507625,1.3177268981933594,0.196,3.332283203125,0.161375,3.5468057556152344
stl10,gaussian_postrelu,0,24,960,0.0033896497084760393,1.1871396682739257,,1.8,0.608,1.0724287109375,0.53375,1.2629272308349608,0.184,3.65226123046875,0.171125,3.9022865142822267
stl10,gaussian_postrelu,0,27,1080,0.003003352354480417,1.107374384880066,,1.5,0.634,0.999556640625,0.545125,1.246953742980957,0.21,3.09365673828125,0.171625,3.3277272491455077
stl10,gaussian_postrelu,0,30,1200,0.002604018438902576,1.067171000289917,,1.5,0.674,0.9423369140625,0.56325,1.195198226928711,0.208,3.21061474609375,0.176875,3.4115198364257813
stl10,gaussian_postrelu,0,33,1320,0.0022019905003955293,1.0326071056365966,,1.2,0.636,1.0098740844726561,0.544625,1.249364097595215,0.25,2.59828515625,0.227625,2.7684847564697264
stl10,gaussian_postrelu,0,36,1440,0.001807680851391052,0.9774832054138184,,1.2,0.66,0.88982568359375,0.575625,1.1722683944702148,0.242,2.95790625,0.20925,3.1886350708007813
stl10,gaussian_postrelu,0,39,1560,0.0014313019046770354,0.9778153293609619,,0.9,0.686,0.8776376953125,0.58825,1.122314682006836,0.314,2.011958740234375,0.2845,2.1588823699951174
stl10,gaussian_postrelu,0,42,1680,0.0010826016772706077,0.9454268310546875,,0.9,0.7,0.84296435546875,0.594375,1.104740982055664,0.302,2.18837548828125,0.278875,2.3741133880615233
stl10,gaussian_postrelu,0,45,1800,0.000770611321897797,1.1681879487991333,,0.0,0.642,1.041401123046875,0.573875,1.1805997161865234,0.642,1.041401123046875,0.573875,1.1805997161865234
stl10,gaussian_postrelu,0,48,1920,0.0005034112248817685,1.0917920546531676,,0.0,0.66,0.9968128051757813,0.584625,1.1571039428710939,0.66,0.9968128051757813,0.584625,1.1571039428710939
stl10,gaussian_postrelu,0,51,2040,0.0002879217283814836,1.0671905117034912,,0.0,0.66,0.96699267578125,0.5975,1.125862579345703,0.66,0.96699267578125,0.5975,1.125862579345703
stl10,gaussian_postrelu,0,54,2160,0.00012972389716487813,1.0512349185943604,,0.0,0.664,0.9580487060546875,0.594125,1.1188655319213867,0.664,0.9580487060546875,0.594125,1.1188655319213867
stl10,gaussian_postrelu,0,57,2280,3.291497196296511e-05,1.0373683849334716,,0.0,0.676,0.949763916015625,0.6015,1.1148180236816407,0.676,0.949763916015625,0.6015,1.1148180236816407
stl10,gaussian_postrelu,0,60,2400,2.2530870860681953e-09,1.0421717609405519,,0.0,0.678,0.948415771484375,0.597875,1.1141512680053711,0.678,0.948415771484375,0.597875,1.1141512680053711
stl10,gaussian_postrelu,1,0,0,8.333333333333333e-05,,,,0.094,2.58984423828125,0.1,2.5506432647705077,0.094,2.74999365234375,0.1,2.705430160522461
stl10,gaussian_postrelu,1,3,120,0.00499216110265835,1.779167868232727,,3.0,0.252,1.9475389404296874,0.282875,1.9248526992797852,0.122,4.39501708984375,0.10125,4.505417785644531
stl10,gaussian_postrelu,1,6,240,0.004928155595379168,1.6449873233795167,,3.0,0.342,1.847431640625,0.3275,1.893669761657715,0.134,4.6581259765625,0.112125,4.817095397949219
stl10,gaussian_postrelu,1,9,360,0.0048012621336311016,1.544140325164795,,2.55,0.392,1.5775546875,0.3555,1.6541946182250977,0.184,3.171736328125,0.17525,3.2498475036621093
stl10,gaussian_postrelu,1,12,480,0.004614767191419356,1.4810794620513916,,2.55,0.48,1.364087890625,0.434375,1.4807392272949218,0.138,3.819724609375,0.120375,3.9035890045166015
stl10,gaussian_postrelu,1,15,600,0.004373500889785932,1.4081570404052735,,2.1,0.48,1.342675537109375,0.44525,1.460442268371582,0.162,4.6962744140625,0.147125,4.756409515380859
stl10,gaussian_postrelu,1,18,720,0.004083711899211779,1.340528409385681,,2.1,0.536,1.231073486328125,0.483625,1.3782148895263673,0.148,4.62169189453125,0.14,4.670715942382812
stl10,gaussian_postrelu,1,21,840,0.0037529056023336174,1.2701357515335083,,1.8,0.488,1.2557755126953125,0.49,1.3348183670043945,0.156,4.03983056640625,0.149125,4.059350997924804
stl10,gaussian_postrelu,1,24,960,0.0033896497084760393,1.2284863946914673,,1.8,0.534,1.2154962158203124,0.5,1.315286720275879,0.182,5.3581396484375,0.181125,5.291209259033203
stl10,gaussian_postrelu,1,27,1080,0.003003352354480417,1.1449416122436524,,1.5,0.51,1.2273614501953125,0.496,1.3428256301879882,0.15,4.3532138671875,0.142375,4.3288615112304685
stl10,gaussian_postrelu,1,30,1200,0.002604018438902576,1.1227086812973022,,1.5,0.622,0.9887135009765625,0.547,1.2036079177856445,0.156,4.6184453125,0.15925,4.639281036376953
stl10,gaussian_postrelu,1,33,1320,0.0022019905003955293,1.0489691944122315,,1.2,0.526,1.1589488525390625,0.5125,1.3345032348632813,0.2,3.472279296875,0.185,3.4741353607177734
stl10,gaussian_postrelu,1,36,1440,0.001807680851391052,1.0176759418487549,,1.2,0.672,0.9035123291015625,0.584125,1.1323113708496093,0.17,3.75650537109375,0.17125,3.7709326171875
stl10,gaussian_postrelu,1,39,1560,0.0014313019046770354,0.9788918291091919,,0.9,0.678,0.8832779541015625,0.588,1.1102393493652343,0.216,2.847616455078125,0.2025,2.880590072631836
stl10,gaussian_postrelu,1,42,1680,0.0010826016772706077,0.9501239032745361,,0.9,0.706,0.8272181396484375,0.600875,1.0805282249450683,0.216,3.09078369140625,0.20225,3.1537375946044923
stl10,gaussian_postrelu,1,45,1800,0.000770611321897797,1.1961762742996216,,0.0,0.614,1.088884765625,0.551375,1.2229636688232421,0.614,1.088884765625,0.551375,1.2229636688232421
stl10,gaussian_postrelu,1,48,1920,0.0005034112248817685,1.119704657936096,,0.0,0.636,1.0087542724609375,0.580875,1.1620024719238282,0.636,1.0087542724609375,0.580875,1.1620024719238282
stl10,gaussian_postrelu,1,51,2040,0.0002879217283814836,1.0938262844085693,,0.0,0.642,0.9966065063476562,0.580625,1.1494748840332032,0.642,0.9966065063476562,0.580625,1.1494748840332032
stl10,gaussian_postrelu,1,54,2160,0.00012972389716487813,1.065777805328369,,0.0,0.646,0.97785693359375,0.590875,1.1356481018066407,0.646,0.97785693359375,0.590875,1.1356481018066407
stl10,gaussian_postrelu,1,57,2280,3.291497196296511e-05,1.0689589738845826,,0.0,0.644,0.9755841064453125,0.5895,1.1341261672973633,0.644,0.9755841064453125,0.5895,1.1341261672973633
stl10,gaussian_postrelu,1,60,2400,2.2530870860681953e-09,1.068032657432556,,0.0,0.642,0.972346923828125,0.58775,1.1361502380371094,0.642,0.972346923828125,0.58775,1.1361502380371094
stl10,gaussian_postrelu,2,0,0,8.333333333333333e-05,,,,0.116,4.336611328125,0.1,4.527540405273437,0.116,4.25583544921875,0.1,4.445622497558594
stl10,gaussian_postrelu,2,3,120,0.00499216110265835,1.8161113300323486,,3.0,0.294,1.87300537109375,0.288125,1.8830658264160156,0.124,4.9685703125,0.105125,5.1665312194824216
stl10,gaussian_postrelu,2,6,240,0.004928155595379168,1.7126549266815185,,3.0,0.344,1.6631474609375,0.3355,1.716437973022461,0.15,3.88625439453125,0.13825,4.076745193481445
stl10,gaussian_postrelu,2,9,360,0.0048012621336311016,1.5711182498931884,,2.55,0.402,1.49189892578125,0.38325,1.5690461502075195,0.166,3.21024853515625,0.151,3.3172333374023437
stl10,gaussian_postrelu,2,12,480,0.004614767191419356,1.5075747076034547,,2.55,0.434,1.4701334228515626,0.37025,1.5790915145874023,0.156,3.773732666015625,0.157375,3.9284549255371095
stl10,gaussian_postrelu,2,15,600,0.004373500889785932,1.4646229160308837,,2.1,0.46,1.37625390625,0.424875,1.4967146224975585,0.144,3.92700439453125,0.139,4.062264694213868
stl10,gaussian_postrelu,2,18,720,0.004083711899211779,1.418286699295044,,2.1,0.518,1.299736083984375,0.463625,1.423082145690918,0.164,4.0120146484375,0.15,4.207087554931641
stl10,gaussian_postrelu,2,21,840,0.0037529056023336174,1.3550448894500733,,1.8,0.506,1.251994140625,0.453,1.4455713272094726,0.166,4.0033173828125,0.15575,4.181851791381836
stl10,gaussian_postrelu,2,24,960,0.0033896497084760393,1.2473865356445313,,1.8,0.512,1.283413818359375,0.453625,1.4707819213867188,0.172,3.85670751953125,0.1615,4.00532438659668
stl10,gaussian_postrelu,2,27,1080,0.003003352354480417,1.1958082761764526,,1.5,0.618,1.0870123291015625,0.516,1.3135165481567384,0.166,3.8294306640625,0.155875,3.985195068359375
stl10,gaussian_postrelu,2,30,1200,0.002604018438902576,1.1419319546699525,,1.5,0.596,1.050850830078125,0.522875,1.309108528137207,0.204,3.20765771484375,0.194375,3.357353942871094
stl10,gaussian_postrelu,2,33,1320,0.0022019905003955293,1.089615867614746,,1.2,0.634,0.9770906982421875,0.558875,1.2090608139038086,0.266,2.88778125,0.2435,3.0226351470947264
stl10,gaussian_postrelu,2,36,1440,0.001807680851391052,1.0630249174118043,,1.2,0.66,0.9300087890625,0.5635,1.1928513107299805,0.252,3.144530029296875,0.232625,3.2987852020263673
stl10,gaussian_postrelu,2,39,1560,0.0014313019046770354,1.0407193908691406,,0.9,0.644,0.9507761840820312,0.55525,1.2128860092163085,0.242,2.73950244140625,0.223625,2.8879720764160157
stl10,gaussian_postrelu,2,42,1680,0.0010826016772706077,1.000823641395569,,0.9,0.698,0.8576248779296874,0.577125,1.1420295944213867,0.264,2.75668408203125,0.24125,2.921769546508789
stl10,gaussian_postrelu,2,45,1800,0.000770611321897797,1.2343437588691712,,0.0,0.586,1.119086669921875,0.549375,1.2420337219238282,0.586,1.119086669921875,0.549375,1.2420337219238282
stl10,gaussian_postrelu,2,48,1920,0.0005034112248817685,1.1623849231719972,,0.0,0.624,1.06510595703125,0.5575,1.2054500350952149,0.624,1.06510595703125,0.5575,1.2054500350952149
stl10,gaussian_postrelu,2,51,2040,0.0002879217283814836,1.1451463171958924,,0.0,0.63,1.0357701416015626,0.5665,1.1858093566894532,0.63,1.0357701416015626,0.5665,1.1858093566894532
stl10,gaussian_postrelu,2,54,2160,0.00012972389716487813,1.1227336517333983,,0.0,0.626,1.0251070556640625,0.56275,1.1850996704101562,0.626,1.0251070556640625,0.56275,1.1850996704101562
stl10,gaussian_postrelu,2,57,2280,3.291497196296511e-05,1.1029852596282959,,0.0,0.642,1.0122418823242187,0.5675,1.1730787200927735,0.642,1.0122418823242187,0.5675,1.1730787200927735
stl10,gaussian_postrelu,2,60,2400,2.2530870860681953e-09,1.118465382385254,,0.0,0.63,1.0169558715820313,0.5675,1.1775640945434571,0.63,1.0169558715820313,0.5675,1.1775640945434571
stl10,plain,0,0,0,8.333333333333333e-05,,,,0.08,3.116571044921875,0.1,3.0750560455322264,,,,
stl10,plain,0,3,120,0.00499216110265835,1.879114815711975,,,0.286,1.790564208984375,0.29,1.7760123062133788,,,,
stl10,plain,0,6,240,0.004928155595379168,1.677184659576416,,,0.308,1.698878173828125,0.30675,1.713051658630371,,,,
stl10,plain,0,9,360,0.0048012621336311016,1.582552707862854,,,0.376,1.59693505859375,0.33725,1.6571681365966797,,,,
stl10,plain,0,12,480,0.004614767191419356,1.5369917236328126,,,0.42,1.480848876953125,0.407875,1.523102294921875,,,,
stl10,plain,0,15,600,0.004373500889785932,1.4814885925292969,,,0.428,1.42365234375,0.427625,1.4752346420288085,,,,
stl10,plain,0,18,720,0.004083711899211779,1.3996886304855347,,,0.474,1.333567626953125,0.452375,1.4290049743652344,,,,
stl10,plain,0,21,840,0.0037529056023336174,1.3385938091278076,,,0.5,1.28796484375,0.481625,1.381328628540039,,,,
stl10,plain,0,24,960,0.0033896497084760393,1.2929935348510742,,,0.494,1.32813330078125,0.48375,1.3866627426147462,,,,
stl10,plain,0,27,1080,0.003003352354480417,1.2312101928710937,,,0.588,1.16619287109375,0.517,1.2964210662841797,,,,
stl10,plain,0,30,1200,0.002604018438902576,1.1877163402557374,,,0.596,1.12047412109375,0.53775,1.2457186889648437,,,,
stl10,plain,0,33,1320,0.0022019905003955293,1.1453845012664794,,,0.628,1.070064453125,0.54525,1.2245795669555664,,,,
stl10,plain,0,36,1440,0.001807680851391052,1.108656799697876,,,0.598,1.05485498046875,0.538375,1.2505477981567383,,,,
stl10,plain,0,39,1560,0.0014313019046770354,1.0866287643432617,,,0.638,1.0231070556640625,0.53525,1.2573064498901367,,,,
stl10,plain,0,42,1680,0.0010826016772706077,1.0574460810661317,,,0.578,1.08452587890625,0.50325,1.335549835205078,,,,
stl10,plain,0,45,1800,0.000770611321897797,1.0299864839553834,,,0.686,0.920033935546875,0.571625,1.1641152038574218,,,,
stl10,plain,0,48,1920,0.0005034112248817685,1.0021057180404662,,,0.696,0.9219951782226562,0.573375,1.179527328491211,,,,
stl10,plain,0,51,2040,0.0002879217283814836,0.992170525932312,,,0.704,0.8934210205078125,0.5745,1.1603041076660157,,,,
stl10,plain,0,54,2160,0.00012972389716487813,0.9827624610900879,,,0.7,0.88538525390625,0.57875,1.156992462158203,,,,
stl10,plain,0,57,2280,3.291497196296511e-05,0.9749402759552002,,,0.708,0.8791943359375,0.5745,1.157542625427246,,,,
stl10,plain,0,60,2400,2.2530870860681953e-09,0.9788003485679626,,,0.71,0.8811074829101563,0.576375,1.1575559997558593,,,,
stl10,plain,1,0,0,8.333333333333333e-05,,,,0.094,2.74999365234375,0.1,2.705430160522461,,,,
stl10,plain,1,3,120,0.00499216110265835,1.8600028171539307,,,0.326,1.733823486328125,0.31575,1.7327783660888672,,,,
stl10,plain,1,6,240,0.004928155595379168,1.646069095993042,,,0.348,1.61177685546875,0.335875,1.635589500427246,,,,
stl10,plain,1,9,360,0.0048012621336311016,1.5725792098999023,,,0.412,1.517492431640625,0.388625,1.584232032775879,,,,
stl10,plain,1,12,480,0.004614767191419356,1.5080395542144776,,,0.442,1.446984375,0.408375,1.5025729751586914,,,,
stl10,plain,1,15,600,0.004373500889785932,1.4684196775436402,,,0.454,1.3916434326171876,0.41775,1.4750926513671876,,,,
stl10,plain,1,18,720,0.004083711899211779,1.3985757808685302,,,0.454,1.3573516845703124,0.43,1.4664333877563476,,,,
stl10,plain,1,21,840,0.0037529056023336174,1.3375488353729248,,,0.35,1.8442218017578125,0.363625,1.8218326721191407,,,,
stl10,plain,1,24,960,0.0033896497084760393,1.2896762998580933,,,0.53,1.3113201904296874,0.4805,1.3740501174926758,,,,
stl10,plain,1,27,1080,0.003003352354480417,1.2659547626495362,,,0.446,1.474504638671875,0.443125,1.5142452774047852,,,,
stl10,plain,1,30,1200,0.002604018438902576,1.1915447540283204,,,0.562,1.147970947265625,0.519,1.279269432067871,,,,
stl10,plain,1,33,1320,0.0022019905003955293,1.1572810501098634,,,0.604,1.078769775390625,0.54175,1.222931655883789,,,,
stl10,plain,1,36,1440,0.001807680851391052,1.1136964289665223,,,0.634,1.040228515625,0.550625,1.2075779571533203,,,,
stl10,plain,1,39,1560,0.0014313019046770354,1.0645093328475952,,,0.62,1.0622606201171876,0.538,1.2417743377685546,,,,
stl10,plain,1,42,1680,0.0010826016772706077,1.0402049541473388,,,0.604,1.0407960205078124,0.532,1.2694086608886719,,,,
stl10,plain,1,45,1800,0.000770611321897797,1.0246962310791015,,,0.654,0.95142822265625,0.569625,1.1649750747680665,,,,
stl10,plain,1,48,1920,0.0005034112248817685,0.9941702388763428,,,0.676,0.919507568359375,0.577375,1.1437442016601562,,,,
stl10,plain,1,51,2040,0.0002879217283814836,0.9831481597900391,,,0.668,0.9126251220703125,0.577,1.1480511169433594,,,,
stl10,plain,1,54,2160,0.00012972389716487813,0.9613540588378906,,,0.69,0.897919677734375,0.585125,1.1376845092773438,,,,
stl10,plain,1,57,2280,3.291497196296511e-05,0.9654215381622314,,,0.678,0.9078165283203125,0.57925,1.1378288497924804,,,,
stl10,plain,1,60,2400,2.2530870860681953e-09,0.9651316959381103,,,0.69,0.9094183349609375,0.576625,1.1410386657714844,,,,
stl10,plain,2,0,0,8.333333333333333e-05,,,,0.116,4.25583544921875,0.1,4.445622497558594,,,,
stl10,plain,2,3,120,0.00499216110265835,1.8730992612838746,,,0.292,1.802121337890625,0.29175,1.7882156524658204,,,,
stl10,plain,2,6,240,0.004928155595379168,1.6544246086120606,,,0.358,1.64843212890625,0.33325,1.6965414505004883,,,,
stl10,plain,2,9,360,0.0048012621336311016,1.5796403217315673,,,0.396,1.5484871826171875,0.35725,1.5897463302612305,,,,
stl10,plain,2,12,480,0.004614767191419356,1.5415731540679931,,,0.27,1.976087158203125,0.2655,2.085638847351074,,,,
stl10,plain,2,15,600,0.004373500889785932,1.4991791938781738,,,0.406,1.494239990234375,0.402625,1.5385986862182617,,,,
stl10,plain,2,18,720,0.004083711899211779,1.444283880996704,,,0.464,1.390083251953125,0.428125,1.4631942138671874,,,,
stl10,plain,2,21,840,0.0037529056023336174,1.3999898849487304,,,0.48,1.343845458984375,0.44425,1.4528303985595703,,,,
stl10,plain,2,24,960,0.0033896497084760393,1.3258151323318481,,,0.52,1.253190673828125,0.473375,1.380501449584961,,,,
stl10,plain,2,27,1080,0.003003352354480417,1.264776276397705,,,0.512,1.205002685546875,0.479,1.377171516418457,,,,
stl10,plain,2,30,1200,0.002604018438902576,1.2328691741943358,,,0.56,1.164915283203125,0.50475,1.3101160964965821,,,,
stl10,plain,2,33,1320,0.0022019905003955293,1.189334376335144,,,0.574,1.1043287353515625,0.515875,1.2969022674560546,,,,
stl10,plain,2,36,1440,0.001807680851391052,1.1614863147735597,,,0.572,1.086273193359375,0.526875,1.2695638885498046,,,,
stl10,plain,2,39,1560,0.0014313019046770354,1.1190575185775757,,,0.606,1.035798095703125,0.53225,1.2541334838867189,,,,
stl10,plain,2,42,1680,0.0010826016772706077,1.0827348234176635,,,0.618,1.0095171508789063,0.533,1.2399272232055665,,,,
stl10,plain,2,45,1800,0.000770611321897797,1.0754147941589356,,,0.648,0.9636636962890625,0.555125,1.1931433410644532,,,,
stl10,plain,2,48,1920,0.0005034112248817685,1.038144330406189,,,0.646,0.9556302490234375,0.561,1.1858710250854492,,,,
stl10,plain,2,51,2040,0.0002879217283814836,1.036836319732666,,,0.686,0.9268544921875,0.565125,1.1715726470947265,,,,
stl10,plain,2,54,2160,0.00012972389716487813,1.0171354125976562,,,0.682,0.9243378295898438,0.5615,1.1730607757568359,,,,
stl10,plain,2,57,2280,3.291497196296511e-05,0.998790072631836,,,0.69,0.9138301391601562,0.565875,1.1666816787719727,,,,
stl10,plain,2,60,2400,2.2530870860681953e-09,1.0180871084213257,,,0.684,0.9176094970703125,0.567375,1.168985321044922,,,,
stl10,resolution_max_b1,0,0,0,8.333333333333333e-05,,,,0.08,3.09745361328125,0.1,3.0574532012939453,0.08,3.116571044921875,0.1,3.0750560455322264
stl10,resolution_max_b1,0,3,120,0.00499216110265835,1.831653035545349,48,,0.31,1.712723388671875,0.304375,1.7126981964111327,0.188,2.13824609375,0.168625,2.203208160400391
stl10,resolution_max_b1,0,6,240,0.004928155595379168,1.6153627807617188,48,,0.368,1.578369140625,0.342,1.6167555694580078,0.148,2.9667607421875,0.12675,3.0777365417480467
stl10,resolution_max_b1,0,9,360,0.0048012621336311016,1.5351583721160889,48,,0.404,1.52587744140625,0.359375,1.586880874633789,0.168,3.62056787109375,0.144875,3.7915145721435546
stl10,resolution_max_b1,0,12,480,0.004614767191419356,1.4740020637512208,48,,0.476,1.40081640625,0.418375,1.486118667602539,0.162,3.43721044921875,0.147625,3.600077423095703
stl10,resolution_max_b1,0,15,600,0.004373500889785932,1.414415424156189,72,,0.504,1.342683349609375,0.451625,1.4453743896484375,0.194,2.787391357421875,0.18875,2.9137704162597657
stl10,resolution_max_b1,0,18,720,0.004083711899211779,1.3303739398956298,72,,0.534,1.238810546875,0.482,1.3574281463623046,0.192,3.012334716796875,0.19825,3.050629348754883
stl10,resolution_max_b1,0,21,840,0.0037529056023336174,1.248879640197754,72,,0.61,1.10768359375,0.514625,1.2937952728271485,0.204,3.2862421875,0.19625,3.338664596557617
stl10,resolution_max_b1,0,24,960,0.0033896497084760393,1.1951674800872802,72,,0.516,1.274927001953125,0.49775,1.368627815246582,0.234,3.210594970703125,0.239375,3.1661431274414062
stl10,resolution_max_b1,0,27,1080,0.003003352354480417,1.2045184349060059,96,,0.57,1.1407225341796876,0.52175,1.267350196838379,0.57,1.1407225341796876,0.52175,1.267350196838379
stl10,resolution_max_b1,0,30,1200,0.002604018438902576,1.1381607460021972,96,,0.564,1.18085205078125,0.495375,1.360498764038086,0.564,1.18085205078125,0.495375,1.360498764038086
stl10,resolution_max_b1,0,33,1320,0.0022019905003955293,1.1011129343032837,96,,0.556,1.1964227294921874,0.513,1.3175624847412108,0.556,1.1964227294921874,0.513,1.3175624847412108
stl10,resolution_max_b1,0,36,1440,0.001807680851391052,1.0509499687194823,96,,0.646,0.9734490966796875,0.5775,1.159664520263672,0.646,0.9734490966796875,0.5775,1.159664520263672
stl10,resolution_max_b1,0,39,1560,0.0014313019046770354,1.030439976501465,96,,0.626,1.0330185546875,0.544125,1.24597225189209,0.626,1.0330185546875,0.544125,1.24597225189209
stl10,resolution_max_b1,0,42,1680,0.0010826016772706077,1.0004820573806763,96,,0.64,0.95807275390625,0.545125,1.202472785949707,0.64,0.95807275390625,0.545125,1.202472785949707
stl10,resolution_max_b1,0,45,1800,0.000770611321897797,0.9676920021057129,96,,0.69,0.8588389282226563,0.593125,1.098767593383789,0.69,0.8588389282226563,0.593125,1.098767593383789
stl10,resolution_max_b1,0,48,1920,0.0005034112248817685,0.9435461583137512,96,,0.676,0.8523087768554688,0.59625,1.1009081420898437,0.676,0.8523087768554688,0.59625,1.1009081420898437
stl10,resolution_max_b1,0,51,2040,0.0002879217283814836,0.9355419631958007,96,,0.68,0.8380174560546875,0.59775,1.0843196182250976,0.68,0.8380174560546875,0.59775,1.0843196182250976
stl10,resolution_max_b1,0,54,2160,0.00012972389716487813,0.9298642677307128,96,,0.698,0.8266033935546875,0.598875,1.0784725761413574,0.698,0.8266033935546875,0.598875,1.0784725761413574
stl10,resolution_max_b1,0,57,2280,3.291497196296511e-05,0.9136999824523926,96,,0.704,0.8220194702148438,0.60425,1.0783230476379395,0.704,0.8220194702148438,0.60425,1.0783230476379395
stl10,resolution_max_b1,0,60,2400,2.2530870860681953e-09,0.9156622566223145,96,,0.702,0.8204019775390625,0.60075,1.078970375061035,0.702,0.8204019775390625,0.60075,1.078970375061035
stl10,resolution_max_b1,1,0,0,8.333333333333333e-05,,,,0.094,2.773149169921875,0.1,2.724038024902344,0.094,2.74999365234375,0.1,2.705430160522461
stl10,resolution_max_b1,1,3,120,0.00499216110265835,1.886041628265381,48,,0.32,1.729311279296875,0.3155,1.735013427734375,0.264,1.87013427734375,0.247125,1.912904541015625
stl10,resolution_max_b1,1,6,240,0.004928155595379168,1.6531281589508056,48,,0.36,1.60071337890625,0.34125,1.6247148971557617,0.22,2.275488037109375,0.185625,2.3622471313476563
stl10,resolution_max_b1,1,9,360,0.0048012621336311016,1.5625726234436035,48,,0.392,1.5162872314453124,0.3785,1.5898301315307617,0.232,2.30445458984375,0.205625,2.4458979034423827
stl10,resolution_max_b1,1,12,480,0.004614767191419356,1.4856705596923827,48,,0.468,1.4159970703125,0.412875,1.479175277709961,0.232,2.6699296875,0.2055,2.8484301452636718
stl10,resolution_max_b1,1,15,600,0.004373500889785932,1.462845163154602,72,,0.472,1.37634375,0.427375,1.45578165435791,0.248,2.2575791015625,0.240625,2.3837951354980467
stl10,resolution_max_b1,1,18,720,0.004083711899211779,1.3628811861038208,72,,0.542,1.26851806640625,0.477625,1.3699256591796876,0.272,2.180537109375,0.275875,2.2784697723388674
stl10,resolution_max_b1,1,21,840,0.0037529056023336174,1.262142220878601,72,,0.572,1.20006396484375,0.508125,1.3007703857421875,0.232,3.095133544921875,0.256625,3.1371876220703125
stl10,resolution_max_b1,1,24,960,0.0033896497084760393,1.1901768224716187,72,,0.586,1.123163330078125,0.539375,1.2336256637573242,0.228,3.1726943359375,0.25525,3.133792251586914
stl10,resolution_max_b1,1,27,1080,0.003003352354480417,1.2338872594833374,96,,0.508,1.287996826171875,0.49,1.342114891052246,0.508,1.287996826171875,0.49,1.342114891052246
stl10,resolution_max_b1,1,30,1200,0.002604018438902576,1.1282284357070922,96,,0.574,1.126325927734375,0.529625,1.2571112823486328,0.574,1.126325927734375,0.529625,1.2571112823486328
stl10,resolution_max_b1,1,33,1320,0.0022019905003955293,1.0803951633453368,96,,0.602,1.0269390869140624,0.570625,1.1610208969116211,0.602,1.0269390869140624,0.570625,1.1610208969116211
stl10,resolution_max_b1,1,36,1440,0.001807680851391052,1.0527004678726197,96,,0.608,1.0664140625,0.54975,1.2215673980712891,0.608,1.0664140625,0.54975,1.2215673980712891
stl10,resolution_max_b1,1,39,1560,0.0014313019046770354,1.00185658121109,96,,0.624,0.9849409790039062,0.562625,1.1860809173583984,0.624,0.9849409790039062,0.562625,1.1860809173583984
stl10,resolution_max_b1,1,42,1680,0.0010826016772706077,0.9717536088943481,96,,0.674,0.8866710205078125,0.5835,1.1095746955871582,0.674,0.8866710205078125,0.5835,1.1095746955871582
stl10,resolution_max_b1,1,45,1800,0.000770611321897797,0.9595373868942261,96,,0.684,0.8765739135742188,0.6015,1.0851637229919433,0.684,0.8765739135742188,0.6015,1.0851637229919433
stl10,resolution_max_b1,1,48,1920,0.0005034112248817685,0.9397668880462646,96,,0.702,0.8473455810546875,0.604,1.075880729675293,0.702,0.8473455810546875,0.604,1.075880729675293
stl10,resolution_max_b1,1,51,2040,0.0002879217283814836,0.9277280536651611,96,,0.696,0.846128662109375,0.60225,1.0786559448242188,0.696,0.846128662109375,0.60225,1.0786559448242188
stl10,resolution_max_b1,1,54,2160,0.00012972389716487813,0.9079802047729493,96,,0.706,0.8306324462890625,0.605375,1.0674433631896973,0.706,0.8306324462890625,0.605375,1.0674433631896973
stl10,resolution_max_b1,1,57,2280,3.291497196296511e-05,0.9085416648864746,96,,0.696,0.845517578125,0.6065,1.0718241539001465,0.696,0.845517578125,0.6065,1.0718241539001465
stl10,resolution_max_b1,1,60,2400,2.2530870860681953e-09,0.9058618942260742,96,,0.708,0.8353516845703125,0.602875,1.0723787879943847,0.708,0.8353516845703125,0.602875,1.0723787879943847
stl10,resolution_max_b1,2,0,0,8.333333333333333e-05,,,,0.116,4.05256982421875,0.1,4.235362960815429,0.116,4.25583544921875,0.1,4.445622497558594
stl10,resolution_max_b1,2,3,120,0.00499216110265835,1.8778398670196532,48,,0.284,1.797153076171875,0.296125,1.7751706008911132,0.268,1.8683990478515624,0.267125,1.8763046646118164
stl10,resolution_max_b1,2,6,240,0.004928155595379168,1.6377577575683593,48,,0.374,1.5527694091796875,0.353125,1.5977669219970703,0.328,1.6768565673828124,0.282625,1.7473002166748046
stl10,resolution_max_b1,2,9,360,0.0048012621336311016,1.5495970100402832,48,,0.404,1.539724609375,0.35975,1.5910036087036132,0.29,1.88070068359375,0.261,1.9561185836791992
stl10,resolution_max_b1,2,12,480,0.004614767191419356,1.4830774684906005,48,,0.432,1.4012408447265625,0.385375,1.4897565841674805,0.284,1.9060703125,0.251125,2.0238183517456054
stl10,resolution_max_b1,2,15,600,0.004373500889785932,1.4394039337158202,72,,0.472,1.3282841796875,0.44325,1.4173812561035157,0.338,1.830832763671875,0.314,1.9324474792480468
stl10,resolution_max_b1,2,18,720,0.004083711899211779,1.367010977745056,72,,0.51,1.2653963623046875,0.463,1.373123992919922,0.314,1.840847412109375,0.303625,1.9155063705444335
stl10,resolution_max_b1,2,21,840,0.0037529056023336174,1.2884984745025634,72,,0.53,1.27526318359375,0.482625,1.387961296081543,0.318,1.97804443359375,0.331,2.014385078430176
stl10,resolution_max_b1,2,24,960,0.0033896497084760393,1.2120414596557618,72,,0.558,1.15313818359375,0.50975,1.303396842956543,0.312,2.292648681640625,0.308875,2.344823272705078
stl10,resolution_max_b1,2,27,1080,0.003003352354480417,1.2157900421142578,96,,0.59,1.1157109375,0.535625,1.2440241775512695,0.59,1.1157109375,0.535625,1.2440241775512695
stl10,resolution_max_b1,2,30,1200,0.002604018438902576,1.1841107566833495,96,,0.622,1.072003662109375,0.55025,1.210092674255371,0.622,1.072003662109375,0.55025,1.210092674255371
stl10,resolution_max_b1,2,33,1320,0.0022019905003955293,1.1068897161483764,96,,0.622,1.0192849731445313,0.547875,1.1962866592407226,0.622,1.0192849731445313,0.547875,1.1962866592407226
stl10,resolution_max_b1,2,36,1440,0.001807680851391052,1.079153599357605,96,,0.62,1.048358154296875,0.543375,1.2142061920166016,0.62,1.048358154296875,0.543375,1.2142061920166016
stl10,resolution_max_b1,2,39,1560,0.0014313019046770354,1.0438826396942138,96,,0.624,0.97411474609375,0.571875,1.1653723449707032,0.624,0.97411474609375,0.571875,1.1653723449707032
stl10,resolution_max_b1,2,42,1680,0.0010826016772706077,1.008130799484253,96,,0.668,0.92347314453125,0.575125,1.1390544662475586,0.668,0.92347314453125,0.575125,1.1390544662475586
stl10,resolution_max_b1,2,45,1800,0.000770611321897797,0.9962643022537232,96,,0.68,0.8979105224609375,0.584625,1.1296264419555664,0.68,0.8979105224609375,0.584625,1.1296264419555664
stl10,resolution_max_b1,2,48,1920,0.0005034112248817685,0.9629483018875122,96,,0.674,0.8871385498046875,0.5875,1.1231294708251953,0.674,0.8871385498046875,0.5875,1.1231294708251953
stl10,resolution_max_b1,2,51,2040,0.0002879217283814836,0.9526203763961792,96,,0.706,0.8475547485351562,0.591,1.1019535675048828,0.706,0.8475547485351562,0.591,1.1019535675048828
stl10,resolution_max_b1,2,54,2160,0.00012972389716487813,0.939506610584259,96,,0.708,0.8416170654296875,0.595375,1.1050900344848633,0.708,0.8416170654296875,0.595375,1.1050900344848633
stl10,resolution_max_b1,2,57,2280,3.291497196296511e-05,0.92107327003479,96,,0.702,0.8404020385742188,0.593,1.0979848022460938,0.702,0.8404020385742188,0.593,1.0979848022460938
stl10,resolution_max_b1,2,60,2400,2.2530870860681953e-09,0.9370921703338623,96,,0.716,0.840468017578125,0.59425,1.101253631591797,0.716,0.840468017578125,0.59425,1.101253631591797
stl10,resolution_max_b1_gaussian_conv,0,0,0,8.333333333333333e-05,,,,0.08,2.861843505859375,0.1,2.820381881713867,0.08,3.116571044921875,0.1,3.0750560455322264
stl10,resolution_max_b1_gaussian_conv,0,3,120,0.00499216110265835,1.7964429363250733,48,3.0,0.322,1.8195748291015625,0.31275,1.8542657012939454,0.122,11.9309775390625,0.1,12.423875549316406
stl10,resolution_max_b1_gaussian_conv,0,6,240,0.004928155595379168,1.6454123300552368,48,3.0,0.332,1.70788037109375,0.3375,1.7151782150268555,0.126,7.154111328125,0.10375,7.3705782775878905
stl10,resolution_max_b1_gaussian_conv,0,9,360,0.0048012621336311016,1.5397484859466553,48,2.55,0.4,1.588328369140625,0.368625,1.6798739700317382,0.122,7.14799072265625,0.10175,7.345511993408203
stl10,resolution_max_b1_gaussian_conv,0,12,480,0.004614767191419356,1.4952803047180176,48,2.55,0.47,1.487886962890625,0.4165,1.544118408203125,0.126,7.1653681640625,0.10275,7.298004119873047
stl10,resolution_max_b1_gaussian_conv,0,15,600,0.004373500889785932,1.4155025283813476,72,2.1,0.462,1.522358642578125,0.41125,1.6075733261108398,0.126,10.560666015625,0.1015,10.699714599609376
stl10,resolution_max_b1_gaussian_conv,0,18,720,0.004083711899211779,1.3533444524765015,72,2.1,0.486,1.356783447265625,0.45525,1.4976524658203125,0.126,9.7897275390625,0.1025,9.906453979492188
stl10,resolution_max_b1_gaussian_conv,0,21,840,0.0037529056023336174,1.280737755203247,72,1.8,0.53,1.2118052978515625,0.494375,1.3798008422851562,0.122,8.17679736328125,0.100375,8.283161651611328
stl10,resolution_max_b1_gaussian_conv,0,24,960,0.0033896497084760393,1.258801591873169,72,1.8,0.56,1.168237060546875,0.5105,1.3092614669799805,0.134,7.53734375,0.10675,7.648534790039062
stl10,resolution_max_b1_gaussian_conv,0,27,1080,0.003003352354480417,1.2145299980163575,96,1.5,0.524,1.25564892578125,0.4715,1.4647041015625,0.122,10.8688837890625,0.10025,11.0259404296875
stl10,resolution_max_b1_gaussian_conv,0,30,1200,0.002604018438902576,1.161567762374878,96,1.5,0.584,1.11591162109375,0.524625,1.2855739059448241,0.122,11.7554609375,0.101125,11.890345397949218
stl10,resolution_max_b1_gaussian_conv,0,33,1320,0.0022019905003955293,1.1037549782752991,96,1.2,0.604,1.0554913330078124,0.538375,1.242155906677246,0.122,10.8742529296875,0.10125,10.974324829101562
stl10,resolution_max_b1_gaussian_conv,0,36,1440,0.001807680851391052,1.0733003484725951,96,1.2,0.61,1.053020751953125,0.524625,1.298233024597168,0.122,13.52126953125,0.100375,13.665560180664063
stl10,resolution_max_b1_gaussian_conv,0,39,1560,0.0014313019046770354,1.0471000742912293,96,0.9,0.618,1.007073486328125,0.56375,1.190790428161621,0.134,8.1266611328125,0.107875,8.236367950439453
stl10,resolution_max_b1_gaussian_conv,0,42,1680,0.0010826016772706077,1.013491822052002,96,0.9,0.646,0.9440831298828125,0.581375,1.1337227630615234,0.136,8.048369140625,0.11075,8.116759521484376
stl10,resolution_max_b1_gaussian_conv,0,45,1800,0.000770611321897797,1.3002668714523316,96,0.0,0.61,1.187526611328125,0.53625,1.2747837295532227,0.61,1.187526611328125,0.53625,1.2747837295532227
stl10,resolution_max_b1_gaussian_conv,0,48,1920,0.0005034112248817685,1.2163308495521545,96,0.0,0.616,1.139750244140625,0.549125,1.2370623931884766,0.616,1.139750244140625,0.549125,1.2370623931884766
stl10,resolution_max_b1_gaussian_conv,0,51,2040,0.0002879217283814836,1.1851920082092284,96,0.0,0.62,1.1030419921875,0.56075,1.2083923416137696,0.62,1.1030419921875,0.56075,1.2083923416137696
stl10,resolution_max_b1_gaussian_conv,0,54,2160,0.00012972389716487813,1.1724404823303223,96,0.0,0.628,1.0939306640625,0.560625,1.1989786376953124,0.628,1.0939306640625,0.560625,1.1989786376953124
stl10,resolution_max_b1_gaussian_conv,0,57,2280,3.291497196296511e-05,1.1598635942459106,96,0.0,0.638,1.081349365234375,0.566375,1.1901115951538086,0.638,1.081349365234375,0.566375,1.1901115951538086
stl10,resolution_max_b1_gaussian_conv,0,60,2400,2.2530870860681953e-09,1.1619158229827882,96,0.0,0.634,1.0816578369140626,0.565625,1.1905501174926758,0.634,1.0816578369140626,0.565625,1.1905501174926758
stl10,resolution_max_b1_gaussian_conv,1,0,0,8.333333333333333e-05,,,,0.094,2.524343505859375,0.1,2.491171127319336,0.094,2.74999365234375,0.1,2.705430160522461
stl10,resolution_max_b1_gaussian_conv,1,3,120,0.00499216110265835,1.7605315490722657,48,3.0,0.304,1.77660302734375,0.317,1.7466026153564453,0.142,6.13244091796875,0.123375,6.257502777099609
stl10,resolution_max_b1_gaussian_conv,1,6,240,0.004928155595379168,1.7253773822784424,48,3.0,0.338,1.8376512451171876,0.322,1.9154916305541991,0.122,8.4399833984375,0.102875,8.589612182617188
stl10,resolution_max_b1_gaussian_conv,1,9,360,0.0048012621336311016,1.513414461517334,48,2.55,0.432,1.417495361328125,0.435625,1.4766476440429688,0.134,3.661600341796875,0.118375,3.7045313873291015
stl10,resolution_max_b1_gaussian_conv,1,12,480,0.004614767191419356,1.4284094619750975,48,2.55,0.496,1.351837158203125,0.460375,1.4407173080444335,0.124,5.116701171875,0.103,4.990897613525391
stl10,resolution_max_b1_gaussian_conv,1,15,600,0.004373500889785932,1.4217075925827027,72,2.1,0.456,1.4169334716796875,0.4395,1.483827507019043,0.132,7.871513671875,0.11075,7.739236694335937
stl10,resolution_max_b1_gaussian_conv,1,18,720,0.004083711899211779,1.3442864742279053,72,2.1,0.448,1.6111722412109375,0.43525,1.7011174392700195,0.122,9.674279296875,0.10075,9.612268676757813
stl10,resolution_max_b1_gaussian_conv,1,21,840,0.0037529056023336174,1.277465941619873,72,1.8,0.514,1.284303955078125,0.4665,1.4384898147583007,0.13,7.81734765625,0.133125,7.6318888854980464
stl10,resolution_max_b1_gaussian_conv,1,24,960,0.0033896497084760393,1.2489440357208252,72,1.8,0.55,1.2002763671875,0.49925,1.3508504333496094,0.132,7.6574560546875,0.168625,7.406779022216797
stl10,resolution_max_b1_gaussian_conv,1,27,1080,0.003003352354480417,1.2396448881149291,96,1.5,0.556,1.1529716796875,0.50975,1.327573684692383,0.118,10.845791015625,0.11575,10.700104370117188
stl10,resolution_max_b1_gaussian_conv,1,30,1200,0.002604018438902576,1.1853717988967896,96,1.5,0.598,1.08912451171875,0.518,1.297667350769043,0.118,12.200728515625,0.11325,11.913332580566406
stl10,resolution_max_b1_gaussian_conv,1,33,1320,0.0022019905003955293,1.1185569183349608,96,1.2,0.586,1.086310302734375,0.52825,1.2998788528442382,0.104,12.3807587890625,0.138625,11.943327453613282
stl10,resolution_max_b1_gaussian_conv,1,36,1440,0.001807680851391052,1.0660193219184875,96,1.2,0.6,1.083251220703125,0.52975,1.2769347763061523,0.126,10.1642021484375,0.143125,9.887397277832031
stl10,resolution_max_b1_gaussian_conv,1,39,1560,0.0014313019046770354,1.0525025722503663,96,0.9,0.644,1.0108202514648437,0.551625,1.2187871856689454,0.138,8.1713828125,0.13825,8.014532958984375
stl10,resolution_max_b1_gaussian_conv,1,42,1680,0.0010826016772706077,1.004813514328003,96,0.9,0.652,0.9441749267578124,0.565,1.1817606811523438,0.128,8.362279296875,0.118375,8.238290649414063
stl10,resolution_max_b1_gaussian_conv,1,45,1800,0.000770611321897797,1.3424593198776245,96,0.0,0.566,1.2571029052734375,0.514125,1.3299648132324218,0.566,1.2571029052734375,0.514125,1.3299648132324218
stl10,resolution_max_b1_gaussian_conv,1,48,1920,0.0005034112248817685,1.2513067668914795,96,0.0,0.578,1.1739248046875,0.54625,1.2661285400390625,0.578,1.1739248046875,0.54625,1.2661285400390625
stl10,resolution_max_b1_gaussian_conv,1,51,2040,0.0002879217283814836,1.2223574047088623,96,0.0,0.576,1.1532803955078126,0.54825,1.2447941818237305,0.576,1.1532803955078126,0.54825,1.2447941818237305
stl10,resolution_max_b1_gaussian_conv,1,54,2160,0.00012972389716487813,1.1922009559631348,96,0.0,0.59,1.1318367919921875,0.552875,1.2316639251708985,0.59,1.1318367919921875,0.552875,1.2316639251708985
stl10,resolution_max_b1_gaussian_conv,1,57,2280,3.291497196296511e-05,1.1934736307144165,96,0.0,0.594,1.1387564697265624,0.557375,1.2319549026489258,0.594,1.1387564697265624,0.557375,1.2319549026489258
stl10,resolution_max_b1_gaussian_conv,1,60,2400,2.2530870860681953e-09,1.188150234603882,96,0.0,0.59,1.1295009765625,0.55775,1.2279530410766601,0.59,1.1295009765625,0.55775,1.2279530410766601
stl10,resolution_max_b1_gaussian_conv,2,0,0,8.333333333333333e-05,,,,0.116,3.798689697265625,0.1,3.9728084106445314,0.116,4.25583544921875,0.1,4.445622497558594
stl10,resolution_max_b1_gaussian_conv,2,3,120,0.00499216110265835,1.8038035015106202,48,3.0,0.358,1.70245947265625,0.339625,1.729500328063965,0.144,3.81142529296875,0.123125,3.905879699707031
stl10,resolution_max_b1_gaussian_conv,2,6,240,0.004928155595379168,1.6382867965698242,48,3.0,0.42,1.552989013671875,0.3805,1.6215091552734375,0.154,4.91399169921875,0.1375,5.086831634521484
stl10,resolution_max_b1_gaussian_conv,2,9,360,0.0048012621336311016,1.5215331150054932,48,2.55,0.458,1.435241943359375,0.41325,1.5082781524658204,0.17,3.531195068359375,0.160125,3.6438858947753907
stl10,resolution_max_b1_gaussian_conv,2,12,480,0.004614767191419356,1.4365391204833984,48,2.55,0.472,1.412817626953125,0.416375,1.5684856033325196,0.216,3.83533740234375,0.194125,4.00919499206543
stl10,resolution_max_b1_gaussian_conv,2,15,600,0.004373500889785932,1.4809255243301391,72,2.1,0.456,1.48986279296875,0.41175,1.6024396057128907,0.122,7.1351943359375,0.103875,7.157692962646484
stl10,resolution_max_b1_gaussian_conv,2,18,720,0.004083711899211779,1.3709064777374267,72,2.1,0.522,1.2361328125,0.469125,1.413733253479004,0.138,6.0692294921875,0.120125,6.212376983642578
stl10,resolution_max_b1_gaussian_conv,2,21,840,0.0037529056023336174,1.3271301788330079,72,1.8,0.536,1.241253662109375,0.467,1.420929183959961,0.124,7.1058857421875,0.10275,7.174066986083984
stl10,resolution_max_b1_gaussian_conv,2,24,960,0.0033896497084760393,1.2230958911895753,72,1.8,0.512,1.25906494140625,0.469375,1.4491665573120118,0.126,6.24105419921875,0.106,6.389836578369141
stl10,resolution_max_b1_gaussian_conv,2,27,1080,0.003003352354480417,1.2235628318786622,96,1.5,0.582,1.084046875,0.518875,1.3092486953735352,0.122,9.417271484375,0.10125,9.540322265625
stl10,resolution_max_b1_gaussian_conv,2,30,1200,0.002604018438902576,1.1935488655090332,96,1.5,0.554,1.28037451171875,0.483375,1.500217414855957,0.122,11.5410888671875,0.10025,11.728428283691406
stl10,resolution_max_b1_gaussian_conv,2,33,1320,0.0022019905003955293,1.1371003589630126,96,1.2,0.626,1.0068790283203124,0.531125,1.2635474700927734,0.124,8.016849609375,0.10375,8.149119293212891
stl10,resolution_max_b1_gaussian_conv,2,36,1440,0.001807680851391052,1.0873782508850098,96,1.2,0.624,0.9924332275390625,0.543125,1.2569016189575195,0.14,7.4372333984375,0.113875,7.613140869140625
stl10,resolution_max_b1_gaussian_conv,2,39,1560,0.0014313019046770354,1.076281081390381,96,0.9,0.678,0.941123046875,0.548625,1.203745994567871,0.134,6.02337548828125,0.10975,6.1173836059570315
stl10,resolution_max_b1_gaussian_conv,2,42,1680,0.0010826016772706077,1.0395795726776123,96,0.9,0.68,0.8806829223632813,0.568625,1.1755929718017577,0.144,5.758869140625,0.116,5.880368347167969
stl10,resolution_max_b1_gaussian_conv,2,45,1800,0.000770611321897797,1.3142670125961304,96,0.0,0.584,1.207260498046875,0.524,1.2959044647216797,0.584,1.207260498046875,0.524,1.2959044647216797
stl10,resolution_max_b1_gaussian_conv,2,48,1920,0.0005034112248817685,1.2313399223327637,96,0.0,0.618,1.14335595703125,0.54975,1.247095359802246,0.618,1.14335595703125,0.54975,1.247095359802246
stl10,resolution_max_b1_gaussian_conv,2,51,2040,0.0002879217283814836,1.2129710441589356,96,0.0,0.632,1.1148255615234375,0.55725,1.228686164855957,0.632,1.1148255615234375,0.55725,1.228686164855957
stl10,resolution_max_b1_gaussian_conv,2,54,2160,0.00012972389716487813,1.1874513122558594,96,0.0,0.638,1.096730712890625,0.55725,1.2225341186523437,0.638,1.096730712890625,0.55725,1.2225341186523437
stl10,resolution_max_b1_gaussian_conv,2,57,2280,3.291497196296511e-05,1.170200810623169,96,0.0,0.638,1.0895621337890624,0.562,1.21382568359375,0.638,1.0895621337890624,0.562,1.21382568359375
stl10,resolution_max_b1_gaussian_conv,2,60,2400,2.2530870860681953e-09,1.186676961517334,96,0.0,0.644,1.09246533203125,0.558375,1.2162104949951171,0.644,1.09246533203125,0.558375,1.2162104949951171
svhn,gaussian_postrelu,0,0,0,8.333333333333333e-05,,,,0.096,2.87682080078125,0.09691917639827904,2.9886040541022263,0.096,2.89535107421875,0.09691917639827904,3.0039258932290664
svhn,gaussian_postrelu,0,1,391,0.004990141512569891,1.9562097276306152,,1.0,0.52,1.5165496826171876,0.49028119237861095,1.4835959137328651,0.186,9.481583984375,0.1958743085433313,9.709043972903991
svhn,gaussian_postrelu,0,2,782,0.004953056580549272,0.8714681462097168,,1.0,0.852,0.546436767578125,0.8257145052243393,0.5514819224553381,0.186,6.22478564453125,0.21131684081130916,5.947954019594573
svhn,gaussian_postrelu,0,3,1173,0.004888818630747975,0.458287540564537,,1.0,0.9,0.3675469055175781,0.892440073755378,0.3574514753553277,0.204,5.88026953125,0.2121619545175169,5.442388582610615
svhn,gaussian_postrelu,0,4,1564,0.004798138716554241,0.34896567620754243,,0.85,0.912,0.315231201171875,0.907959434542102,0.3122971319646724,0.188,6.524912109375,0.20190534726490472,6.269386507208976
svhn,gaussian_postrelu,0,5,1955,0.004682020578909872,0.30596250865221025,,0.85,0.914,0.28350213623046877,0.9178703134603565,0.2765263540105872,0.224,5.149474609375,0.20052243392747388,4.909664565533601
svhn,gaussian_postrelu,0,6,2346,0.004541749535846712,0.27599906384825706,,0.85,0.932,0.2302799072265625,0.9199830977258758,0.2689385813350097,0.21,7.8702216796875,0.21538875230485557,7.44198423290663
svhn,gaussian_postrelu,0,7,2737,0.0043788782552308895,0.24817919659495355,,0.7,0.938,0.22098963928222656,0.9325445605408728,0.23455833196273668,0.24,4.00338330078125,0.24339274738783037,3.8872403688202186
svhn,gaussian_postrelu,0,8,3128,0.004195209568197074,0.22871615394353867,,0.7,0.938,0.205461181640625,0.933159188690842,0.22934798955844088,0.256,3.994130859375,0.251920712968654,3.8236517671726933
svhn,gaussian_postrelu,0,9,3519,0.0039927765135118086,0.211972111877203,,0.7,0.948,0.17866122436523438,0.9346573448063922,0.22624127391883767,0.242,4.4640546875,0.23912876459741855,4.251184171009592
svhn,gaussian_postrelu,0,10,3910,0.0037738198337559444,0.20173277542352677,,0.6,0.956,0.16383975219726563,0.9371542716656422,0.21785890171332967,0.256,3.216916015625,0.2735863552550707,3.069108300657454
svhn,gaussian_postrelu,0,11,4301,0.0035407631724221527,0.18676538756132127,,0.6,0.954,0.15327256774902343,0.9399200983405039,0.20832732228245116,0.26,3.38685400390625,0.27473878303626303,3.2043012971883913
svhn,gaussian_postrelu,0,12,4692,0.003296186246472237,0.17388583302557467,,0.6,0.96,0.12738856506347657,0.9438767670559312,0.20236505657782494,0.242,3.90152197265625,0.24957744314689612,3.6981966159940134
svhn,gaussian_postrelu,0,13,5083,0.0030427962913086395,0.1782148279684782,,0.5,0.958,0.1437029724121094,0.9431084818684696,0.1994827191248655,0.512,1.505260009765625,0.5315381069452981,1.430628035650271
svhn,gaussian_postrelu,0,14,5474,0.0027833980942373526,0.16031854806005955,,0.5,0.96,0.12431834411621094,0.9431084818684696,0.2033417494332197,0.434,1.774819580078125,0.46369852489244007,1.7160858250719386
svhn,gaussian_postrelu,0,15,5865,0.0025208629481234496,0.15099889448225498,,0.5,0.968,0.11561270141601562,0.9482944068838353,0.19201950150981006,0.428,1.7999564208984375,0.4439920098340504,1.7014128701702977
svhn,gaussian_postrelu,0,16,6256,0.0022580968688929426,0.18025416881263256,,0.4,0.96,0.13454904174804688,0.9409188690842041,0.20778443143641795,0.91,0.28516094970703126,0.8996235402581438,0.3510361300997743
svhn,gaussian_postrelu,0,17,6647,0.0019980084286831713,0.1532898301166296,,0.4,0.964,0.12622042846679687,0.9422633681622619,0.20340476931057316,0.904,0.29469818115234375,0.9011216963736939,0.3436646320809597
svhn,gaussian_postrelu,0,18,7038,0.0017434765606983522,0.13964931921422483,,0.4,0.974,0.09450244140625,0.9444913952059004,0.1996510929686201,0.932,0.23052810668945312,0.909380762138906,0.3225657816818322
svhn,gaussian_postrelu,0,19,7429,0.0014973186921401005,0.16327557369947435,,0.3,0.964,0.1238238754272461,0.9423017824216349,0.20923432233367292,0.962,0.13093258666992189,0.9399969268592502,0.21603562777659316
svhn,gaussian_postrelu,0,20,7820,0.0012622595579512698,0.14213495794177056,,0.3,0.976,0.09825274658203124,0.9426475107559926,0.20541301811115098,0.976,0.1024212646484375,0.9417255685310387,0.20986039754284916
svhn,gaussian_postrelu,0,21,8211,0.0010409010405754784,0.12885965083897113,,0.3,0.98,0.09288908386230468,0.9426859250153657,0.2033546895942735,0.98,0.09642364501953125,0.9419176398279041,0.20734662345090232
svhn,gaussian_postrelu,0,22,8602,0.0008356933695777008,0.12350486184060573,,0.0,0.98,0.09019541168212891,0.9444913952059004,0.19948659618353654,0.98,0.09019541168212891,0.9444913952059004,0.19948659618353654
svhn,gaussian_postrelu,0,23,8993,0.0006489079999188671,0.11620450929045677,,0.0,0.98,0.0833897705078125,0.9441072526121697,0.20085306048906135,0.98,0.0833897705078125,0.9441072526121697,0.20085306048906135
svhn,gaussian_postrelu,0,24,9384,0.0004826124690963721,0.10980890739798546,,0.0,0.98,0.07617424774169922,0.9438767670559312,0.20194305399846063,0.98,0.07617424774169922,0.9438767670559312,0.20194305399846063
svhn,gaussian_postrelu,0,25,9775,0.0003386475114581614,0.10500136724621058,,0.0,0.984,0.07296379089355469,0.943838352796558,0.2013079970067604,0.984,0.07296379089355469,0.943838352796558,0.2013079970067604
svhn,gaussian_postrelu,0,26,10166,0.00021860668301331375,0.10326012870192527,,0.0,0.978,0.07825010681152343,0.9444145666871543,0.20031406860008663,0.978,0.07825010681152343,0.9444145666871543,0.20031406860008663
svhn,gaussian_postrelu,0,27,10557,0.00012381872227320984,0.09813983300596475,,0.0,0.984,0.07204412841796876,0.9440304240934235,0.20229178198144418,0.984,0.07204412841796876,0.9440304240934235,0.20229178198144418
svhn,gaussian_postrelu,0,28,10948,5.53328423720989e-05,0.09711570191472768,,0.0,0.98,0.07027951049804687,0.944798709280885,0.2003049037356866,0.98,0.07027951049804687,0.944798709280885,0.2003049037356866
svhn,gaussian_postrelu,0,29,11339,1.3907117269393864e-05,0.09555723812937736,,0.0,0.982,0.07159464263916016,0.9432237246465888,0.20294207030450484,0.982,0.07159464263916016,0.9432237246465888,0.20294207030450484
svhn,gaussian_postrelu,0,30,11730,9.058745198409212e-11,0.09673160277187824,,0.0,0.982,0.0707246322631836,0.9439920098340504,0.2009157595930469,0.982,0.0707246322631836,0.9439920098340504,0.2009157595930469
svhn,gaussian_postrelu,1,0,0,8.333333333333333e-05,,,,0.084,2.380318359375,0.07755838967424708,2.388704010366148,0.084,2.44155615234375,0.07759680393362016,2.4508783971156967
svhn,gaussian_postrelu,1,1,391,0.004990141512569891,2.0462436738586427,,1.0,0.468,1.517191650390625,0.45555470190534725,1.5568827035314259,0.186,8.084109375,0.1958743085433313,7.364965546695308
svhn,gaussian_postrelu,1,2,782,0.004953056580549272,0.8959382714557648,,1.0,0.834,0.5462939453125,0.8371619545175168,0.5404464531399095,0.188,8.4493583984375,0.1963736939151813,7.705268368665323
svhn,gaussian_postrelu,1,3,1173,0.004888818630747975,0.4665763334608078,,1.0,0.902,0.33659332275390624,0.888521819299324,0.3689460682590534,0.188,10.982609375,0.19648893669330056,10.005863691446015
svhn,gaussian_postrelu,1,4,1564,0.004798138716554241,0.35201364144802094,,0.85,0.908,0.29196484375,0.9074216349108789,0.3084764596905969,0.186,8.9930517578125,0.19591272280270436,8.309629187088623
svhn,gaussian_postrelu,1,5,1955,0.004682020578909872,0.3049639652490616,,0.85,0.926,0.23415203857421876,0.9206745543945912,0.2735745634450895,0.186,9.086111328125,0.19591272280270436,8.477514905876811
svhn,gaussian_postrelu,1,6,2346,0.004541749535846712,0.2744581939947605,,0.85,0.918,0.24949789428710936,0.9222495390288875,0.26690514514837516,0.188,6.56822021484375,0.20021511985248924,6.183362259773953
svhn,gaussian_postrelu,1,7,2737,0.0043788782552308895,0.24936014362096787,,0.7,0.936,0.20485929870605468,0.9306238475722188,0.2375963256633128,0.192,4.2802353515625,0.2069760295021512,3.9899674563885617
svhn,gaussian_postrelu,1,8,3128,0.004195209568197074,0.23094584201335908,,0.7,0.936,0.18735623168945312,0.9347341733251383,0.22942974067166602,0.196,4.5229658203125,0.20647664413030117,4.264711242844594
svhn,gaussian_postrelu,1,9,3519,0.0039927765135118086,0.2127931001496315,,0.7,0.94,0.18902120971679687,0.9348494161032576,0.22541764905171374,0.202,4.75309375,0.2141979102642901,4.532719973779267
svhn,gaussian_postrelu,1,10,3910,0.0037738198337559444,0.20293727964639663,,0.6,0.958,0.15959793090820312,0.9338890596189305,0.2291443304701971,0.238,3.1182978515625,0.25595421020282727,2.876939822210442
svhn,gaussian_postrelu,1,11,4301,0.0035407631724221527,0.1873182427597046,,0.6,0.952,0.1730350036621094,0.9378841425937308,0.21651194293622086,0.384,2.14248828125,0.4115703749231715,1.9602216481429782
svhn,gaussian_postrelu,1,12,4692,0.003296186246472237,0.17548011754453183,,0.6,0.946,0.1450585174560547,0.9437231100184389,0.19852943918092456,0.232,3.3682744140625,0.2578365089121082,3.076411935399483
svhn,gaussian_postrelu,1,13,5083,0.0030427962913086395,0.17964293558955194,,0.5,0.958,0.13840110778808593,0.9426475107559926,0.19949739413094358,0.598,1.207603515625,0.6225799016594961,1.1016745910222498
svhn,gaussian_postrelu,1,14,5474,0.0027833980942373526,0.16000684030473233,,0.5,0.968,0.11688477325439453,0.9438767670559312,0.19917377488849056,0.652,1.0586087646484375,0.6901505838967424,0.9616002781521563
svhn,gaussian_postrelu,1,15,5865,0.0025208629481234496,0.15155028550744057,,0.5,0.96,0.12497268676757813,0.9433773816840811,0.19586605529662063,0.556,1.307990478515625,0.5939612784265519,1.1852977602629846
svhn,gaussian_postrelu,1,16,6256,0.0022580968688929426,0.18132367550611497,,0.4,0.968,0.13905563354492187,0.9429932390903504,0.2035447885525615,0.934,0.26304364013671877,0.91329901659496,0.3079841833724225
svhn,gaussian_postrelu,1,17,6647,0.0019980084286831713,0.15213355788826943,,0.4,0.964,0.1321705780029297,0.9429932390903504,0.19843047018350088,0.93,0.2531851806640625,0.9152581438229871,0.29760287814735265
svhn,gaussian_postrelu,1,18,7038,0.0017434765606983522,0.139449972461462,,0.4,0.966,0.11667325592041015,0.9430700676090965,0.1969146504860827,0.938,0.2310281524658203,0.9152581438229871,0.29797626618746975
svhn,gaussian_postrelu,1,19,7429,0.0014973186921401005,0.16198221989810466,,0.3,0.968,0.12236883544921875,0.9426090964966195,0.20494425641149558,0.966,0.12710841369628906,0.9406883835279656,0.21036618665895657
svhn,gaussian_postrelu,1,20,7820,0.0012622595579512698,0.1412256379055977,,0.3,0.974,0.11170243835449219,0.941879225568531,0.20385988053912096,0.972,0.11565728759765626,0.9404194837123541,0.20809992039650588
svhn,gaussian_postrelu,1,21,8211,0.0010409010405754784,0.1309529612314701,,0.3,0.974,0.10623060607910156,0.941341425937308,0.20625642427433907,0.974,0.10927363586425781,0.9401505838967424,0.21034228374933125
svhn,gaussian_postrelu,1,22,8602,0.0008356933695777008,0.12328163600742817,,0.0,0.976,0.10586526489257812,0.9403426551936078,0.2062433499387238,0.976,0.10586526489257812,0.9403426551936078,0.2062433499387238
svhn,gaussian_postrelu,1,23,8993,0.0006489079999188671,0.11566442423015832,,0.0,0.972,0.09579776000976563,0.9425706822372465,0.20253651235172482,0.972,0.09579776000976563,0.9425706822372465,0.20253651235172482
svhn,gaussian_postrelu,1,24,9384,0.0004826124690963721,0.11054577477693557,,0.0,0.976,0.08544190979003906,0.9420712968653965,0.2042828918822206,0.976,0.08544190979003906,0.9420712968653965,0.2042828918822206
svhn,gaussian_postrelu,1,25,9775,0.0003386475114581614,0.1061638140231371,,0.0,0.976,0.07835075378417969,0.9420712968653965,0.20261719440051068,0.976,0.07835075378417969,0.9420712968653965,0.20261719440051068
svhn,gaussian_postrelu,1,26,10166,0.00021860668301331375,0.10306008977293968,,0.0,0.978,0.08258151245117187,0.9407267977873387,0.20519880297437504,0.978,0.08258151245117187,0.9407267977873387,0.20519880297437504
svhn,gaussian_postrelu,1,27,10557,0.00012381872227320984,0.10041964820474386,,0.0,0.978,0.08044312286376953,0.9420328826060234,0.20253471051100652,0.978,0.08044312286376953,0.9420328826060234,0.20253471051100652
svhn,gaussian_postrelu,1,28,10948,5.53328423720989e-05,0.09729987507402897,,0.0,0.982,0.08047512054443359,0.941341425937308,0.20625671476913363,0.982,0.08047512054443359,0.941341425937308,0.20625671476913363
svhn,gaussian_postrelu,1,29,11339,1.3907117269393864e-05,0.09649389126896858,,0.0,0.988,0.07672817993164062,0.9412645974185617,0.2048074885900576,0.988,0.07672817993164062,0.9412645974185617,0.2048074885900576
svhn,gaussian_postrelu,1,30,11730,9.058745198409212e-11,0.09481728937387467,,0.0,0.982,0.07677980041503907,0.9411877688998156,0.20423526341151663,0.982,0.07677980041503907,0.9411877688998156,0.20423526341151663
svhn,gaussian_postrelu,2,0,0,8.333333333333333e-05,,,,0.064,3.813015625,0.06699446834665028,4.216195944121958,0.064,3.68521923828125,0.06699446834665028,4.013820849244552
svhn,gaussian_postrelu,2,1,391,0.004990141512569891,1.9817064868927001,,1.0,0.508,1.432245849609375,0.47894898586355256,1.5126896816012165,0.186,5.84853857421875,0.19606637984019668,5.542047702247699
svhn,gaussian_postrelu,2,2,782,0.004953056580549272,0.8884909233760834,,1.0,0.86,0.453351318359375,0.8459972341733252,0.49965821912703373,0.206,5.8305224609375,0.23732329440688382,5.372115362034887
svhn,gaussian_postrelu,2,3,1173,0.004888818630747975,0.4654681074428558,,1.0,0.9,0.3323319091796875,0.8907882606023356,0.35791150035855224,0.184,7.6036572265625,0.2014059618930547,6.930347962546509
svhn,gaussian_postrelu,2,4,1564,0.004798138716554241,0.3538257660794258,,0.85,0.91,0.304684814453125,0.9022357098955132,0.3281924848404118,0.206,5.8632138671875,0.2140058389674247,5.390445218616713
svhn,gaussian_postrelu,2,5,1955,0.004682020578909872,0.3090805578994751,,0.85,0.93,0.25359640502929687,0.9242854947756607,0.2580981267033432,0.204,5.7477724609375,0.21116318377381685,5.277765533128397
svhn,gaussian_postrelu,2,6,2346,0.004541749535846712,0.2803683887529373,,0.85,0.926,0.23082937622070313,0.9164489858635525,0.28355185792866705,0.24,6.11877099609375,0.2564151813153042,5.6198354039957135
svhn,gaussian_postrelu,2,7,2737,0.0043788782552308895,0.2543974860394001,,0.7,0.932,0.19905830383300782,0.9317762753534112,0.23539650377937088,0.22,4.8197119140625,0.23363552550706823,4.401366155867058
svhn,gaussian_postrelu,2,8,3128,0.004195209568197074,0.23369121195197107,,0.7,0.944,0.17842996215820311,0.9368853718500307,0.22186553715450602,0.256,4.6854755859375,0.27977105101413646,4.212829161950541
svhn,gaussian_postrelu,2,9,3519,0.0039927765135118086,0.2199089964157343,,0.7,0.948,0.1769143524169922,0.9373079287031346,0.22287537211571726,0.286,4.5166337890625,0.304740319606638,4.23407091212258
svhn,gaussian_postrelu,2,10,3910,0.0037738198337559444,0.20660881044507026,,0.6,0.956,0.16240090942382812,0.938460356484327,0.21507681767927334,0.282,3.12539306640625,0.31338352796558083,2.8594739626138286
svhn,gaussian_postrelu,2,11,4301,0.0035407631724221527,0.1928627950757742,,0.6,0.944,0.15642546081542968,0.9413030116779348,0.20624683866049515,0.316,3.195299560546875,0.34246312231100184,2.9354804214261834
svhn,gaussian_postrelu,2,12,4692,0.003296186246472237,0.1840906629627943,,0.6,0.958,0.1457393798828125,0.9408036263060848,0.2097603512381804,0.358,2.775944091796875,0.38429625076828516,2.5698122682202134
svhn,gaussian_postrelu,2,13,5083,0.0030427962913086395,0.18385484969496727,,0.5,0.96,0.1395172576904297,0.9431853103872158,0.20052310173212565,0.53,1.467518310546875,0.550361094038107,1.4079390257945
svhn,gaussian_postrelu,2,14,5474,0.0027833980942373526,0.16657862393319606,,0.5,0.972,0.11712026977539063,0.941879225568531,0.2018303842213378,0.516,1.5879091796875,0.5290027658266748,1.4942688769039818
svhn,gaussian_postrelu,2,15,5865,0.0025208629481234496,0.15671615033984185,,0.5,0.964,0.1166227569580078,0.9428779963122311,0.19865755303622612,0.548,1.5100867919921874,0.5651505838967424,1.4430352447219033
svhn,gaussian_postrelu,2,16,6256,0.0022580968688929426,0.18251090682983398,,0.4,0.972,0.1274014205932617,0.9393822987092809,0.20716443693593886,0.906,0.3048116455078125,0.8910571604179471,0.370955334551582
svhn,gaussian_postrelu,2,17,6647,0.0019980084286831713,0.15584356014072895,,0.4,0.964,0.111925537109375,0.942839582052858,0.19935362824978972,0.926,0.2695447387695312,0.9027350952673633,0.343817547852083
svhn,gaussian_postrelu,2,18,7038,0.0017434765606983522,0.14283127836525442,,0.4,0.978,0.09148551177978516,0.9450676090964967,0.19666168185268068,0.93,0.24580966186523437,0.9051167793484942,0.33019707623477645
svhn,gaussian_postrelu,2,19,7429,0.0014973186921401005,0.16583136841356755,,0.3,0.97,0.11494377136230469,0.9423017824216349,0.20444592246448035,0.968,0.11964682769775391,0.9402658266748617,0.209467870925714
svhn,gaussian_postrelu,2,20,7820,0.0012622595579512698,0.14745473930835723,,0.3,0.98,0.09355899047851562,0.9429548248309773,0.20098064318711434,0.982,0.09765438842773437,0.9414950829748002,0.20594586666442166
svhn,gaussian_postrelu,2,21,8211,0.0010409010405754784,0.13427585103332995,,0.3,0.978,0.08080856323242187,0.9446066379840197,0.19956631073756825,0.984,0.08312017822265624,0.943338967424708,0.20280808726006222
svhn,gaussian_postrelu,2,22,8602,0.0008356933695777008,0.1303399121451378,,0.0,0.982,0.07805288696289063,0.9436462814996927,0.2001974910735791,0.982,0.07805288696289063,0.9436462814996927,0.2001974910735791
svhn,gaussian_postrelu,2,23,8993,0.0006489079999188671,0.12106128041327,,0.0,0.982,0.07896713256835937,0.9431853103872158,0.20109687150257383,0.982,0.07896713256835937,0.9431853103872158,0.20109687150257383
svhn,gaussian_postrelu,2,24,9384,0.0004826124690963721,0.11293816224902868,,0.0,0.986,0.07049984741210938,0.9431853103872158,0.20014079814500874,0.986,0.07049984741210938,0.9431853103872158,0.20014079814500874
svhn,gaussian_postrelu,2,25,9775,0.0003386475114581614,0.11077195010840893,,0.0,0.986,0.0639814338684082,0.9435694529809465,0.20047590497379736,0.986,0.0639814338684082,0.9435694529809465,0.20047590497379736
svhn,gaussian_postrelu,2,26,10166,0.00021860668301331375,0.10747203394860029,,0.0,0.992,0.0618936767578125,0.944299323909035,0.19926843170784117,0.992,0.0618936767578125,0.944299323909035,0.19926843170784117
svhn,gaussian_postrelu,2,27,10557,0.00012381872227320984,0.10410683286607265,,0.0,0.99,0.06052576446533203,0.9433773816840811,0.20041618984794793,0.99,0.06052576446533203,0.9433773816840811,0.20041618984794793
svhn,gaussian_postrelu,2,28,10948,5.53328423720989e-05,0.10111920178651809,,0.0,0.99,0.05980781555175781,0.9434542102028273,0.19987115067943298,0.99,0.05980781555175781,0.9434542102028273,0.19987115067943298
svhn,gaussian_postrelu,2,29,11339,1.3907117269393864e-05,0.10137966059476138,,0.0,0.99,0.06109109497070313,0.9440688383527965,0.20061163453141384,0.99,0.06109109497070313,0.9440688383527965,0.20061163453141384
svhn,gaussian_postrelu,2,30,11730,9.058745198409212e-11,0.10011366094440222,,0.0,0.99,0.06134830093383789,0.9427243392747388,0.20231313797397416,0.99,0.06134830093383789,0.9427243392747388,0.20231313797397416
svhn,plain,0,0,0,8.333333333333333e-05,,,,0.096,2.89535107421875,0.09691917639827904,3.0039258932290664,,,,
svhn,plain,0,1,391,0.004990141512569891,2.1480499778747557,,,0.312,1.956225830078125,0.3395052243392747,1.895433474554192,,,,
svhn,plain,0,2,782,0.004953056580549272,1.572412101020813,,,0.6,1.167388427734375,0.5890826674861709,1.1960265189500843,,,,
svhn,plain,0,3,1173,0.004888818630747975,0.8887798334407806,,,0.816,0.5888887939453125,0.8251382913337431,0.5741016263967653,,,,
svhn,plain,0,4,1564,0.004798138716554241,0.5138162666416168,,,0.878,0.40413134765625,0.8820298094652735,0.40031908499220065,,,,
svhn,plain,0,5,1955,0.004682020578909872,0.3900453397846222,,,0.902,0.31184625244140624,0.9012753534111863,0.32780349826109356,,,,
svhn,plain,0,6,2346,0.004541749535846712,0.3353184852194786,,,0.888,0.32557513427734375,0.8781115550092194,0.3983563916149796,,,,
svhn,plain,0,7,2737,0.0043788782552308895,0.2960395348513126,,,0.922,0.2460999755859375,0.9149124154886293,0.2905419510368489,,,,
svhn,plain,0,8,3128,0.004195209568197074,0.2699840509700775,,,0.922,0.2500969543457031,0.9124923171481254,0.2968943641459788,,,,
svhn,plain,0,9,3519,0.0039927765135118086,0.24813832855939866,,,0.942,0.20483041381835937,0.9236708666256914,0.2685526562711543,,,,
svhn,plain,0,10,3910,0.0037738198337559444,0.22979690661549568,,,0.942,0.16916310119628905,0.9280500921942225,0.2531812185514318,,,,
svhn,plain,0,11,4301,0.0035407631724221527,0.21277381259560585,,,0.934,0.18270977783203124,0.9285494775660725,0.2468027296466335,,,,
svhn,plain,0,12,4692,0.003296186246472237,0.19930459172725679,,,0.95,0.15535873413085938,0.9294714197910264,0.2454636517886963,,,,
svhn,plain,0,13,5083,0.0030427962913086395,0.18548499692559242,,,0.948,0.14705703735351563,0.9297403196066379,0.24651648720569527,,,,
svhn,plain,0,14,5474,0.0027833980942373526,0.17007938253045082,,,0.952,0.1285399627685547,0.9318915181315304,0.23748333670643113,,,,
svhn,plain,0,15,5865,0.0025208629481234496,0.16174836037397386,,,0.97,0.12510438537597657,0.9289336201598033,0.2468626697369712,,,,
svhn,plain,0,16,6256,0.0022580968688929426,0.14921843101978302,,,0.974,0.09705758666992187,0.9299323909035033,0.24448138736440275,,,,
svhn,plain,0,17,6647,0.0019980084286831713,0.13728901884138583,,,0.982,0.08085621643066407,0.9335433312845728,0.2390657203305185,,,,
svhn,plain,0,18,7038,0.0017434765606983522,0.12667924410164355,,,0.982,0.07518850708007813,0.9314689612784266,0.24259775950268286,,,,
svhn,plain,0,19,7429,0.0014973186921401005,0.11549765715718269,,,0.976,0.07225202941894532,0.9333128457283344,0.23820394069670753,,,,
svhn,plain,0,20,7820,0.0012622595579512698,0.10826448099076748,,,0.986,0.0634256591796875,0.930700676090965,0.24472498923045546,,,,
svhn,plain,0,21,8211,0.0010409010405754784,0.09834606624811888,,,0.99,0.054466205596923827,0.9312384757221881,0.2453985731881604,,,,
svhn,plain,0,22,8602,0.0008356933695777008,0.09296322403877974,,,0.996,0.0478697509765625,0.9318915181315304,0.24422167211349713,,,,
svhn,plain,0,23,8993,0.0006489079999188671,0.0866554263728857,,,0.99,0.0451007080078125,0.9302397049784881,0.24963416601516897,,,,
svhn,plain,0,24,9384,0.0004826124690963721,0.08330892593741417,,,0.99,0.046673477172851564,0.9310848186846957,0.24897651074851446,,,,
svhn,plain,0,25,9775,0.0003386475114581614,0.07855844179093838,,,0.998,0.03452578735351562,0.931161647203442,0.2459943092988544,,,,
svhn,plain,0,26,10166,0.00021860668301331375,0.07546525034636259,,,0.998,0.036003093719482425,0.9317762753534112,0.24682654525578646,,,,
svhn,plain,0,27,10557,0.00012381872227320984,0.07115452358603477,,,0.998,0.0338588752746582,0.9303165334972342,0.24845005176187515,,,,
svhn,plain,0,28,10948,5.53328423720989e-05,0.06993889517739416,,,1.0,0.03385995483398437,0.9313153042409342,0.2464929978834315,,,,
svhn,plain,0,29,11339,1.3907117269393864e-05,0.07074748540222645,,,0.998,0.03310931396484375,0.9309311616472035,0.24912712148309998,,,,
svhn,plain,0,30,11730,9.058745198409212e-11,0.07011296687662602,,,1.0,0.03391447448730469,0.931161647203442,0.24612144188933674,,,,
svhn,plain,1,0,0,8.333333333333333e-05,,,,0.084,2.44155615234375,0.07759680393362016,2.4508783971156967,,,,
svhn,plain,1,1,391,0.004990141512569891,2.205517307052612,,,0.268,2.0671142578125,0.2791564228641672,2.0317324419730856,,,,
svhn,plain,1,2,782,0.004953056580549272,1.686711646232605,,,0.584,1.253219970703125,0.5749078057775046,1.246281311419674,,,,
svhn,plain,1,3,1173,0.004888818630747975,0.916478054599762,,,0.826,0.582537841796875,0.8220651505838967,0.5729544107065512,,,,
svhn,plain,1,4,1564,0.004798138716554241,0.5101069040012359,,,0.876,0.3797390747070313,0.884181007990166,0.390037810648594,,,,
svhn,plain,1,5,1955,0.004682020578909872,0.38655006142139436,,,0.896,0.31109124755859374,0.8987784265519361,0.3439800439982892,,,,
svhn,plain,1,6,2346,0.004541749535846712,0.3324999379849434,,,0.92,0.267975341796875,0.906000307314075,0.31781734673612017,,,,
svhn,plain,1,7,2737,0.0043788782552308895,0.29345535164117814,,,0.932,0.22477799987792968,0.9167178856791641,0.28084834171865497,,,,
svhn,plain,1,8,3128,0.004195209568197074,0.26685006071686745,,,0.942,0.22058529663085938,0.9161416717885679,0.2892124868640888,,,,
svhn,plain,1,9,3519,0.0039927765135118086,0.2422709134221077,,,0.938,0.18255865478515626,0.9217117393976644,0.2692090142483937,,,,
svhn,plain,1,10,3910,0.0037738198337559444,0.2256856408751011,,,0.95,0.19725643920898436,0.9223263675476336,0.26544841993932133,,,,
svhn,plain,1,11,4301,0.0035407631724221527,0.2109983667576313,,,0.952,0.167776611328125,0.9239013521819299,0.2612319479306637,,,,
svhn,plain,1,12,4692,0.003296186246472237,0.19207184535622596,,,0.95,0.1533605194091797,0.9289720344191764,0.2458807203618749,,,,
svhn,plain,1,13,5083,0.0030427962913086395,0.17981091476380826,,,0.952,0.13676350402832033,0.9292409342347879,0.2467174866518948,,,,
svhn,plain,1,14,5474,0.0027833980942373526,0.16531082073688508,,,0.972,0.1067320556640625,0.9316226183159189,0.23979391628382904,,,,
svhn,plain,1,15,5865,0.0025208629481234496,0.15383355900883675,,,0.974,0.09691547393798829,0.9318531038721574,0.23536102011222815,,,,
svhn,plain,1,16,6256,0.0022580968688929426,0.14400496581792832,,,0.974,0.0970433349609375,0.9303549477566072,0.2442788506990279,,,,
svhn,plain,1,17,6647,0.0019980084286831713,0.12971198908627032,,,0.978,0.09119004821777343,0.932198832206515,0.238921744486783,,,,
svhn,plain,1,18,7038,0.0017434765606983522,0.12029734862685204,,,0.988,0.06338634490966796,0.9280500921942225,0.24881473035261392,,,,
svhn,plain,1,19,7429,0.0014973186921401005,0.11047965836018324,,,0.992,0.061471466064453126,0.9315073755377996,0.23990591584756907,,,,
svhn,plain,1,20,7820,0.0012622595579512698,0.10159345839858056,,,0.992,0.05642072296142578,0.9319299323909035,0.24091588795075186,,,,
svhn,plain,1,21,8211,0.0010409010405754784,0.0948970333853364,,,0.992,0.04963164901733398,0.931661032575292,0.244725760940254,,,,
svhn,plain,1,22,8602,0.0008356933695777008,0.08600238821715117,,,0.994,0.04898875045776367,0.931200061462815,0.2474167521427069,,,,
svhn,plain,1,23,8993,0.0006489079999188671,0.0817572809934616,,,0.998,0.044198516845703126,0.9320835894283959,0.24308071067967735,,,,
svhn,plain,1,24,9384,0.0004826124690963721,0.07750066998571158,,,0.996,0.040527198791503904,0.9301628764597418,0.2507601288395127,,,,
svhn,plain,1,25,9775,0.0003386475114581614,0.07331879252761603,,,0.998,0.03732783508300781,0.9310464044253227,0.24904526366217414,,,,
svhn,plain,1,26,10166,0.00021860668301331375,0.07077683467656375,,,0.998,0.03494522857666016,0.9304317762753535,0.25164927577928453,,,,
svhn,plain,1,27,10557,0.00012381872227320984,0.06837750815212727,,,0.998,0.034334518432617187,0.9296634910878918,0.2499036418930035,,,,
svhn,plain,1,28,10948,5.53328423720989e-05,0.06707906985878945,,,0.998,0.03566616439819336,0.9299323909035033,0.2534550828624519,,,,
svhn,plain,1,29,11339,1.3907117269393864e-05,0.0652416180858016,,,0.998,0.03446225357055664,0.9293561770129072,0.2529993055419242,,,,
svhn,plain,1,30,11730,9.058745198409212e-11,0.06473317675068975,,,0.998,0.03480284118652344,0.930700676090965,0.25009583157487786,,,,
svhn,plain,2,0,0,8.333333333333333e-05,,,,0.064,3.68521923828125,0.06699446834665028,4.013820849244552,,,,
svhn,plain,2,1,391,0.004990141512569891,2.1901289777374267,,,0.266,2.062112548828125,0.3067762753534112,1.9803862732908957,,,,
svhn,plain,2,2,782,0.004953056580549272,1.6821060273742676,,,0.572,1.2409686279296874,0.5436770129071912,1.2919573654920393,,,,
svhn,plain,2,3,1173,0.004888818630747975,0.9196265627574921,,,0.834,0.5823099975585937,0.8104640442532268,0.6156904728924049,,,,
svhn,plain,2,4,1564,0.004798138716554241,0.5122861892795563,,,0.858,0.438770751953125,0.8768054701905347,0.41465456751716157,,,,
svhn,plain,2,5,1955,0.004682020578909872,0.3927241878700256,,,0.904,0.3184281616210938,0.9046942224953903,0.32407207537005117,,,,
svhn,plain,2,6,2346,0.004541749535846712,0.33559786010503767,,,0.908,0.2905302124023437,0.9114167178856791,0.3102368966853172,,,,
svhn,plain,2,7,2737,0.0043788782552308895,0.29541971809268,,,0.92,0.2635062255859375,0.9149892440073756,0.29318893236035426,,,,
svhn,plain,2,8,3128,0.004195209568197074,0.2741045891427994,,,0.94,0.21894369506835937,0.9233251382913338,0.2638755357184876,,,,
svhn,plain,2,9,3519,0.0039927765135118086,0.24843802513360977,,,0.938,0.204426513671875,0.925361094038107,0.260730554950186,,,,
svhn,plain,2,10,3910,0.0037738198337559444,0.23016744684576987,,,0.948,0.175551513671875,0.9292409342347879,0.24842443522787122,,,,
svhn,plain,2,11,4301,0.0035407631724221527,0.21648563176035882,,,0.948,0.16777566528320312,0.9276659496004918,0.25387781561703204,,,,
svhn,plain,2,12,4692,0.003296186246472237,0.20310842953383923,,,0.948,0.16685897827148438,0.9264366933005531,0.25388930036417895,,,,
svhn,plain,2,13,5083,0.0030427962913086395,0.18957139318823815,,,0.962,0.13402529907226562,0.9319683466502766,0.2390613622766517,,,,
svhn,plain,2,14,5474,0.0027833980942373526,0.1736256680929661,,,0.962,0.12654412078857422,0.9324293177627535,0.23910622855564825,,,,
svhn,plain,2,15,5865,0.0025208629481234496,0.16582029451608657,,,0.954,0.11538710021972656,0.9345421020282729,0.22809515723108,,,,
svhn,plain,2,16,6256,0.0022580968688929426,0.15243754152178765,,,0.978,0.09380775451660156,0.9313921327596804,0.23884306187708831,,,,
svhn,plain,2,17,6647,0.0019980084286831713,0.14056357915639878,,,0.982,0.07567411041259765,0.9311232329440688,0.23884973602201137,,,,
svhn,plain,2,18,7038,0.0017434765606983522,0.1287994946333766,,,0.98,0.083300537109375,0.9320067609096496,0.2403291031104623,,,,
svhn,plain,2,19,7429,0.0014973186921401005,0.12017006457149983,,,0.988,0.058208946228027345,0.9341963736939152,0.23366934705821005,,,,
svhn,plain,2,20,7820,0.0012622595579512698,0.11252469977736473,,,0.994,0.05646536254882813,0.9290872771972957,0.24864136907097453,,,,
svhn,plain,2,21,8211,0.0010409010405754784,0.10458655972182751,,,0.992,0.04686347198486328,0.9328134603564844,0.23739238257377368,,,,
svhn,plain,2,22,8602,0.0008356933695777008,0.0975396899408102,,,0.996,0.043206367492675785,0.9329671173939766,0.2378628148428853,,,,
svhn,plain,2,23,8993,0.0006489079999188671,0.09043229033619166,,,0.996,0.03827566146850586,0.931661032575292,0.24234227445056705,,,,
svhn,plain,2,24,9384,0.0004826124690963721,0.08531174668461085,,,0.998,0.0370188980102539,0.9320067609096496,0.24198792284078663,,,,
svhn,plain,2,25,9775,0.0003386475114581614,0.08253814482659101,,,0.998,0.0342352294921875,0.931661032575292,0.24438763014656237,,,,
svhn,plain,2,26,10166,0.00021860668301331375,0.07981021054387093,,,0.998,0.0328513069152832,0.9318531038721574,0.24412246542102953,,,,
svhn,plain,2,27,10557,0.00012381872227320984,0.07723997191280127,,,0.998,0.03248648071289063,0.9317378610940381,0.24221199918503988,,,,
svhn,plain,2,28,10948,5.53328423720989e-05,0.07360118653789163,,,0.998,0.03299600601196289,0.9319683466502766,0.24268862292784155,,,,
svhn,plain,2,29,11339,1.3907117269393864e-05,0.07442610006064176,,,0.998,0.03378168487548828,0.9312384757221881,0.24514276340612987,,,,
svhn,plain,2,30,11730,9.058745198409212e-11,0.07368964127779007,,,0.998,0.03210462188720703,0.9312384757221881,0.2466952388427268,,,,
svhn,resolution_max_b1,0,0,0,8.333333333333333e-05,,,,0.096,2.690208984375,0.09691917639827904,2.7722913414404737,0.096,2.89535107421875,0.09691917639827904,3.0039258932290664
svhn,resolution_max_b1,0,1,391,0.004990141512569891,2.077136480484009,16,,0.434,1.6721990966796876,0.4324293177627535,1.6598728576465553,0.224,2.239517333984375,0.2385141364474493,2.129290259829605
svhn,resolution_max_b1,0,2,782,0.004953056580549272,1.218933030052185,16,,0.762,0.7959868774414063,0.717501536570375,0.8784984483554749,0.196,3.618666748046875,0.2043638598647818,3.1219002882541873
svhn,resolution_max_b1,0,3,1173,0.004888818630747975,0.662133772315979,16,,0.862,0.4507478332519531,0.8287876459741856,0.5360288362086881,0.21,3.20054638671875,0.2271819299323909,2.8188231291768004
svhn,resolution_max_b1,0,4,1564,0.004798138716554241,0.45742959612846373,16,,0.898,0.3403134765625,0.8707744314689613,0.4206488072029564,0.226,2.95704736328125,0.24504456054087279,2.520784359294795
svhn,resolution_max_b1,0,5,1955,0.004682020578909872,0.3775359520816803,16,,0.914,0.304137939453125,0.8898663183773817,0.3706267493666501,0.24,2.973652587890625,0.2521896127842655,2.5957805513969285
svhn,resolution_max_b1,0,6,2346,0.004541749535846712,0.32579503957271577,16,,0.91,0.2763994140625,0.8897510755992625,0.3600401600299617,0.222,2.780390380859375,0.27028272894898586,2.434117374642905
svhn,resolution_max_b1,0,7,2737,0.0043788782552308895,0.4325851226067543,24,,0.908,0.31141192626953124,0.9044253226797787,0.31797757079869454,0.682,0.9746353759765625,0.7449677320221266,0.8218794519650694
svhn,resolution_max_b1,0,8,3128,0.004195209568197074,0.31472786311984063,24,,0.928,0.26521844482421875,0.9155270436385986,0.2870987174550521,0.684,0.9329251708984375,0.7612937922556853,0.7605121351123663
svhn,resolution_max_b1,0,9,3519,0.0039927765135118086,0.2761027811539173,24,,0.93,0.23767863464355468,0.9180239704978488,0.27313833047659325,0.778,0.727804931640625,0.8325906576521205,0.6148810803560516
svhn,resolution_max_b1,0,10,3910,0.0037738198337559444,0.2498946336889267,24,,0.932,0.20236381530761718,0.9230178242163491,0.26052072979441143,0.732,0.8029525146484375,0.7833819913952059,0.6862694506419533
svhn,resolution_max_b1,0,11,4301,0.0035407631724221527,0.23071206228733063,24,,0.942,0.18845391845703124,0.9275507068223725,0.2457547098050179,0.764,0.7111137084960938,0.8257913337430854,0.5906510574361922
svhn,resolution_max_b1,0,12,4692,0.003296186246472237,0.2123688716864586,24,,0.946,0.1719290771484375,0.9284726490473264,0.24525636324650976,0.652,0.9528123779296875,0.7769668100799016,0.6838249253142298
svhn,resolution_max_b1,0,13,5083,0.0030427962913086395,0.2895989710199833,32,,0.93,0.22127841186523436,0.933658574062692,0.23432608532187538,0.93,0.22127841186523436,0.933658574062692,0.23432608532187538
svhn,resolution_max_b1,0,14,5474,0.0027833980942373526,0.24269092621684074,32,,0.938,0.19686294555664063,0.935540872771973,0.2274721697678065,0.938,0.19686294555664063,0.935540872771973,0.2274721697678065
svhn,resolution_max_b1,0,15,5865,0.0025208629481234496,0.2264685431909561,32,,0.95,0.19167242431640624,0.9389213275968039,0.21767469874246032,0.95,0.19167242431640624,0.9389213275968039,0.21767469874246032
svhn,resolution_max_b1,0,16,6256,0.0022580968688929426,0.2075994910365343,32,,0.946,0.17358155822753907,0.9415719114935464,0.20875285464191848,0.946,0.17358155822753907,0.9415719114935464,0.20875285464191848
svhn,resolution_max_b1,0,17,6647,0.0019980084286831713,0.19674352241396903,32,,0.942,0.16390956115722657,0.9406499692685925,0.20938933408546095,0.942,0.16390956115722657,0.9406499692685925,0.20938933408546095
svhn,resolution_max_b1,0,18,7038,0.0017434765606983522,0.18693567689776422,32,,0.954,0.14727236938476562,0.9390749846342963,0.21449409879528825,0.954,0.14727236938476562,0.9390749846342963,0.21449409879528825
svhn,resolution_max_b1,0,19,7429,0.0014973186921401005,0.17594601356387138,32,,0.954,0.13673849487304687,0.9419944683466502,0.20832686233388623,0.954,0.13673849487304687,0.9419944683466502,0.20832686233388623
svhn,resolution_max_b1,0,20,7820,0.0012622595579512698,0.1677960244500637,32,,0.958,0.13359042358398437,0.9402658266748617,0.20960765086073194,0.958,0.13359042358398437,0.9402658266748617,0.20960765086073194
svhn,resolution_max_b1,0,21,8211,0.0010409010405754784,0.15913043315649034,32,,0.952,0.12284346008300781,0.9421865396435156,0.20392302267560214,0.952,0.12284346008300781,0.9421865396435156,0.20392302267560214
svhn,resolution_max_b1,0,22,8602,0.0008356933695777008,0.1532208238708973,32,,0.96,0.11875959777832032,0.9439151813153043,0.19908621683762567,0.96,0.11875959777832032,0.9439151813153043,0.19908621683762567
svhn,resolution_max_b1,0,23,8993,0.0006489079999188671,0.14618122611522674,32,,0.968,0.10988838958740234,0.9436846957590658,0.2004694571763222,0.968,0.10988838958740234,0.9436846957590658,0.2004694571763222
svhn,resolution_max_b1,0,24,9384,0.0004826124690963721,0.14235122864067554,32,,0.968,0.10864541625976562,0.9409956976029502,0.2056317947617175,0.968,0.10864541625976562,0.9409956976029502,0.2056317947617175
svhn,resolution_max_b1,0,25,9775,0.0003386475114581614,0.1373261588770151,32,,0.974,0.09405352783203125,0.9426475107559926,0.20206385482727712,0.974,0.09405352783203125,0.9426475107559926,0.20206385482727712
svhn,resolution_max_b1,0,26,10166,0.00021860668301331375,0.1350385720616579,32,,0.974,0.0998036880493164,0.9426475107559926,0.2017079369744862,0.974,0.0998036880493164,0.9426475107559926,0.2017079369744862
svhn,resolution_max_b1,0,27,10557,0.00012381872227320984,0.13151352512657644,32,,0.972,0.09913226318359375,0.9423017824216349,0.2037438867498045,0.972,0.09913226318359375,0.9423017824216349,0.2037438867498045
svhn,resolution_max_b1,0,28,10948,5.53328423720989e-05,0.1290894854414463,32,,0.974,0.09705940246582032,0.9428779963122311,0.20060443440389253,0.974,0.09705940246582032,0.9428779963122311,0.20060443440389253
svhn,resolution_max_b1,0,29,11339,1.3907117269393864e-05,0.12947768457591532,32,,0.976,0.0975314178466797,0.9416103257529195,0.20349369330426703,0.976,0.0975314178466797,0.9416103257529195,0.20349369330426703
svhn,resolution_max_b1,0,30,11730,9.058745198409212e-11,0.12971897604823113,32,,0.974,0.09832527160644532,0.9428779963122311,0.20095441470720612,0.974,0.09832527160644532,0.9428779963122311,0.20095441470720612
svhn,resolution_max_b1,1,0,0,8.333333333333333e-05,,,,0.1,2.3783779296875,0.10187461585740627,2.3746919174757046,0.084,2.44155615234375,0.07759680393362016,2.4508783971156967
svhn,resolution_max_b1,1,1,391,0.004990141512569891,2.13016557800293,16,,0.42,1.731469482421875,0.39962354025814384,1.7541859006324867,0.202,2.64472900390625,0.2136216963736939,2.4894611303544
svhn,resolution_max_b1,1,2,782,0.004953056580549272,1.2205888819122315,16,,0.762,0.793157958984375,0.7463890596189305,0.8019662793604376,0.216,3.66293017578125,0.22038260602335588,3.3945778425881374
svhn,resolution_max_b1,1,3,1173,0.004888818630747975,0.6203945791721344,16,,0.848,0.46021414184570314,0.8441533497234174,0.5025263595375901,0.194,4.6714296875,0.21135525507068223,4.254237922335521
svhn,resolution_max_b1,1,4,1564,0.004798138716554241,0.44198333975315096,16,,0.882,0.3634179992675781,0.8752688998156115,0.4107190077115805,0.204,3.68280517578125,0.2125460971112477,3.344227838897236
svhn,resolution_max_b1,1,5,1955,0.004682020578909872,0.3612797828054428,16,,0.906,0.29938555908203124,0.8875614628149969,0.3705180517793361,0.202,4.54806689453125,0.2156960663798402,4.091382351988433
svhn,resolution_max_b1,1,6,2346,0.004541749535846712,0.3151142717432976,16,,0.91,0.29369259643554685,0.8951290719114936,0.3530441335211814,0.198,4.08777197265625,0.22564535955746773,3.713236835739989
svhn,resolution_max_b1,1,7,2737,0.0043788782552308895,0.4231552901220322,24,,0.888,0.32039382934570315,0.9100338045482483,0.3055323987887839,0.704,0.927030029296875,0.770321143208359,0.7511470694445216
svhn,resolution_max_b1,1,8,3128,0.004195209568197074,0.3088357424354553,24,,0.912,0.2799832763671875,0.9136831591886908,0.29068544574800853,0.774,0.7186443481445313,0.8201828518746158,0.6240328319540182
svhn,resolution_max_b1,1,9,3519,0.0039927765135118086,0.27184993943452834,24,,0.942,0.22208331298828124,0.9207513829133375,0.26704980453136296,0.802,0.6883526611328125,0.8227181929932391,0.6253968769593992
svhn,resolution_max_b1,1,10,3910,0.0037738198337559444,0.24549310170054436,24,,0.94,0.21829513549804688,0.9266671788567916,0.25823217029577394,0.792,0.6794779052734375,0.8532575291948371,0.5541336768671421
svhn,resolution_max_b1,1,11,4301,0.0035407631724221527,0.22511064817667006,24,,0.95,0.19575006103515624,0.9275122925629994,0.24728446077846206,0.832,0.572409423828125,0.8702750460971113,0.48992576903921736
svhn,resolution_max_b1,1,12,4692,0.003296186246472237,0.20880889693021773,24,,0.946,0.17867835998535156,0.9328134603564844,0.23327017345161766,0.812,0.6396369018554687,0.8559849416103258,0.5163163213767958
svhn,resolution_max_b1,1,13,5083,0.0030427962913086395,0.295625605199337,32,,0.914,0.2697659606933594,0.9294714197910264,0.2448394397283963,0.914,0.2697659606933594,0.9294714197910264,0.2448394397283963
svhn,resolution_max_b1,1,14,5474,0.0027833980942373526,0.24098400187373162,32,,0.944,0.19969015502929688,0.9350030731407498,0.22750752993940063,0.944,0.19969015502929688,0.9350030731407498,0.22750752993940063
svhn,resolution_max_b1,1,15,5865,0.0025208629481234496,0.22162870629489423,32,,0.944,0.19006396484375,0.9395359557467732,0.21093850158333557,0.944,0.19006396484375,0.9395359557467732,0.21093850158333557
svhn,resolution_max_b1,1,16,6256,0.0022580968688929426,0.2091618457841873,32,,0.946,0.1875509033203125,0.9414566687154272,0.2087302481791104,0.946,0.1875509033203125,0.9414566687154272,0.2087302481791104
svhn,resolution_max_b1,1,17,6647,0.0019980084286831713,0.19328216748058796,32,,0.948,0.17808700561523438,0.9404963122311002,0.20792474763922408,0.948,0.17808700561523438,0.9404963122311002,0.20792474763922408
svhn,resolution_max_b1,1,18,7038,0.0017434765606983522,0.18219703360497952,32,,0.954,0.15648139953613283,0.9406883835279656,0.2062683862341498,0.954,0.15648139953613283,0.9406883835279656,0.2062683862341498
svhn,resolution_max_b1,1,19,7429,0.0014973186921401005,0.17331540759086608,32,,0.95,0.1547073059082031,0.9432621389059619,0.20089659595789908,0.95,0.1547073059082031,0.9432621389059619,0.20089659595789908
svhn,resolution_max_b1,1,20,7820,0.0012622595579512698,0.1628230162680149,32,,0.954,0.15152508544921875,0.9421865396435156,0.2029674514697678,0.954,0.15152508544921875,0.9421865396435156,0.2029674514697678
svhn,resolution_max_b1,1,21,8211,0.0010409010405754784,0.1557233184504509,32,,0.966,0.13552203369140625,0.9430700676090965,0.2025864541842004,0.966,0.13552203369140625,0.9430700676090965,0.2025864541842004
svhn,resolution_max_b1,1,22,8602,0.0008356933695777008,0.14815762843191624,32,,0.962,0.13617877197265624,0.9417639827904118,0.2026865140803401,0.962,0.13617877197265624,0.9417639827904118,0.2026865140803401
svhn,resolution_max_b1,1,23,8993,0.0006489079999188671,0.14203067273378372,32,,0.962,0.1251876449584961,0.9443761524277812,0.1985869399319416,0.962,0.1251876449584961,0.9443761524277812,0.1985869399319416
svhn,resolution_max_b1,1,24,9384,0.0004826124690963721,0.13704008734047413,32,,0.968,0.12460539245605469,0.9433773816840811,0.19928558787174142,0.968,0.12460539245605469,0.9433773816840811,0.19928558787174142
svhn,resolution_max_b1,1,25,9775,0.0003386475114581614,0.1330439370405674,32,,0.966,0.11668231201171875,0.9429548248309773,0.19893428520256562,0.966,0.11668231201171875,0.9429548248309773,0.19893428520256562
svhn,resolution_max_b1,1,26,10166,0.00021860668301331375,0.13090848086714746,32,,0.964,0.11444020080566407,0.9431468961278426,0.2011811529648546,0.964,0.11444020080566407,0.9431468961278426,0.2011811529648546
svhn,resolution_max_b1,1,27,10557,0.00012381872227320984,0.12666693206936122,32,,0.966,0.11365676879882812,0.9434542102028273,0.19917237928987794,0.966,0.11365676879882812,0.9434542102028273,0.19917237928987794
svhn,resolution_max_b1,1,28,10948,5.53328423720989e-05,0.12541097077012062,32,,0.968,0.1154249267578125,0.9425706822372465,0.20156845110614532,0.968,0.1154249267578125,0.9425706822372465,0.20156845110614532
svhn,resolution_max_b1,1,29,11339,1.3907117269393864e-05,0.12489034771740437,32,,0.968,0.11200440216064453,0.942839582052858,0.20162285772766447,0.968,0.11200440216064453,0.942839582052858,0.20162285772766447
svhn,resolution_max_b1,1,30,11730,9.058745198409212e-11,0.12199942828059196,32,,0.972,0.11192928314208984,0.9431853103872158,0.19980600696988976,0.972,0.11192928314208984,0.9431853103872158,0.19980600696988976
svhn,resolution_max_b1,2,0,0,8.333333333333333e-05,,,,0.064,3.1037724609375,0.06730178242163491,3.3170099771308545,0.064,3.68521923828125,0.06699446834665028,4.013820849244552
svhn,resolution_max_b1,2,1,391,0.004990141512569891,2.1374035242462157,16,,0.35,1.7967330322265624,0.3534111862323294,1.791374031722216,0.206,2.5650771484375,0.2353257529194837,2.4020242137123486
svhn,resolution_max_b1,2,2,782,0.004953056580549272,1.3221303455543518,16,,0.744,0.8210572509765625,0.7259910878918254,0.851658358776137,0.226,3.62500732421875,0.23697756607252612,3.1298777659978323
svhn,resolution_max_b1,2,3,1173,0.004888818630747975,0.6585483244085312,16,,0.858,0.4728707275390625,0.8440381069452981,0.5036536024330435,0.24,3.657818115234375,0.25361094038106946,3.27031418203062
svhn,resolution_max_b1,2,4,1564,0.004798138716554241,0.4549263218641281,16,,0.896,0.3523531494140625,0.8672787338660111,0.435704559655591,0.24,4.16844775390625,0.23586355255070682,3.705215802570758
svhn,resolution_max_b1,2,5,1955,0.004682020578909872,0.37337966376066206,16,,0.908,0.298250244140625,0.8827212661339889,0.38222951264782923,0.23,3.701763671875,0.21980639213275968,3.274104651455214
svhn,resolution_max_b1,2,6,2346,0.004541749535846712,0.3236560512828827,16,,0.936,0.24245008850097657,0.8935156730178242,0.3534116991546598,0.212,3.74868359375,0.20040719114935465,3.39643366350011
svhn,resolution_max_b1,2,7,2737,0.0043788782552308895,0.4326538120698929,24,,0.908,0.29266229248046877,0.9041948371235402,0.32766378433263293,0.674,0.9743914184570313,0.7691303011677935,0.7840762460751993
svhn,resolution_max_b1,2,8,3128,0.004195209568197074,0.31364612701416017,24,,0.926,0.2517933044433594,0.9169099569760295,0.2878813139668402,0.756,0.7744635009765625,0.815880454824831,0.6670827268455097
svhn,resolution_max_b1,2,9,3519,0.0039927765135118086,0.2732787326169014,24,,0.936,0.23425860595703124,0.9242854947756607,0.2658425405777226,0.764,0.77695654296875,0.827980946527351,0.6293846743196231
svhn,resolution_max_b1,2,10,3910,0.0037738198337559444,0.24589929081320763,24,,0.944,0.2121289825439453,0.9247848801475107,0.26133059705226935,0.718,0.8446591796875,0.8027811923786109,0.6871770341922406
svhn,resolution_max_b1,2,11,4301,0.0035407631724221527,0.2277727226114273,24,,0.928,0.19343026733398438,0.9286263060848187,0.24669160150316646,0.768,0.7430314331054687,0.8241779348494161,0.6084391987243165
svhn,resolution_max_b1,2,12,4692,0.003296186246472237,0.21001399381399155,24,,0.946,0.17775794982910156,0.9238245236631838,0.25998638970542703,0.804,0.634453125,0.8639751075599262,0.5185756412985578
svhn,resolution_max_b1,2,13,5083,0.0030427962913086395,0.2945903163743019,32,,0.932,0.23451846313476563,0.9322756607252612,0.24347324905654882,0.932,0.23451846313476563,0.9322756607252612,0.24347324905654882
svhn,resolution_max_b1,2,14,5474,0.0027833980942373526,0.24307141377925873,32,,0.946,0.1916311798095703,0.9376920712968654,0.2204985823745587,0.946,0.1916311798095703,0.9376920712968654,0.2204985823745587
svhn,resolution_max_b1,2,15,5865,0.0025208629481234496,0.22367846740484237,32,,0.942,0.1772441101074219,0.93799938537185,0.21679861547760826,0.942,0.1772441101074219,0.93799938537185,0.21679861547760826
svhn,resolution_max_b1,2,16,6256,0.0022580968688929426,0.2059947091394663,32,,0.954,0.1680302734375,0.9401889981561156,0.2122535340364315,0.954,0.1680302734375,0.9401889981561156,0.2122535340364315
svhn,resolution_max_b1,2,17,6647,0.0019980084286831713,0.1938464869582653,32,,0.954,0.15838609313964844,0.9403426551936078,0.20902142321121933,0.954,0.15838609313964844,0.9403426551936078,0.20902142321121933
svhn,resolution_max_b1,2,18,7038,0.0017434765606983522,0.18122877365887166,32,,0.946,0.15879608154296876,0.9418023970497849,0.20866095019617767,0.946,0.15879608154296876,0.9418023970497849,0.20866095019617767
svhn,resolution_max_b1,2,19,7429,0.0014973186921401005,0.17173167117714883,32,,0.96,0.14892604064941406,0.9381146281499693,0.21704497272131557,0.96,0.14892604064941406,0.9381146281499693,0.21704497272131557
svhn,resolution_max_b1,2,20,7820,0.0012622595579512698,0.1654784556019306,32,,0.97,0.1296729736328125,0.9413030116779348,0.20729021862671282,0.97,0.1296729736328125,0.9413030116779348,0.20729021862671282
svhn,resolution_max_b1,2,21,8211,0.0010409010405754784,0.15412235287845136,32,,0.968,0.12509468841552734,0.9436846957590658,0.20176047769952715,0.968,0.12509468841552734,0.9436846957590658,0.20176047769952715
svhn,resolution_max_b1,2,22,8602,0.0008356933695777008,0.14985312239050866,32,,0.974,0.11587952423095703,0.9431468961278426,0.20023279214425546,0.974,0.11587952423095703,0.9431468961278426,0.20023279214425546
svhn,resolution_max_b1,2,23,8993,0.0006489079999188671,0.14223066895484923,32,,0.976,0.11108592987060546,0.9423017824216349,0.2034914755773603,0.976,0.11108592987060546,0.9423017824216349,0.2034914755773603
svhn,resolution_max_b1,2,24,9384,0.0004826124690963721,0.13689645428687333,32,,0.97,0.1122854232788086,0.943799938537185,0.2016229295225032,0.97,0.1122854232788086,0.943799938537185,0.2016229295225032
svhn,resolution_max_b1,2,25,9775,0.0003386475114581614,0.13517350933521985,32,,0.98,0.1059149627685547,0.9425322679778734,0.2036050881574545,0.98,0.1059149627685547,0.9425322679778734,0.2036050881574545
svhn,resolution_max_b1,2,26,10166,0.00021860668301331375,0.13190237425923348,32,,0.98,0.10437736511230469,0.9437615242778119,0.19952756068460328,0.98,0.10437736511230469,0.9437615242778119,0.19952756068460328
svhn,resolution_max_b1,2,27,10557,0.00012381872227320984,0.12897660164266825,32,,0.976,0.10338264465332031,0.9432621389059619,0.2013442456795529,0.976,0.10338264465332031,0.9432621389059619,0.2013442456795529
svhn,resolution_max_b1,2,28,10948,5.53328423720989e-05,0.12556754487097263,32,,0.978,0.1040028305053711,0.9430700676090965,0.2013957530910352,0.978,0.1040028305053711,0.9430700676090965,0.2013957530910352
svhn,resolution_max_b1,2,29,11339,1.3907117269393864e-05,0.12662722052395345,32,,0.978,0.10438629913330078,0.9423017824216349,0.20330012950086856,0.978,0.10438629913330078,0.9423017824216349,0.20330012950086856
svhn,resolution_max_b1,2,30,11730,9.058745198409212e-11,0.1241420138591528,32,,0.974,0.1048804702758789,0.941840811309158,0.20462482781152308,0.974,0.1048804702758789,0.941840811309158,0.20462482781152308
svhn,resolution_max_b1_gaussian_conv,0,0,0,8.333333333333333e-05,,,,0.096,2.6392353515625,0.09691917639827904,2.699921047020779,0.096,2.89535107421875,0.09691917639827904,3.0039258932290664
svhn,resolution_max_b1_gaussian_conv,0,1,391,0.004990141512569891,1.7690700602340699,16,1.0,0.65,1.0581634521484375,0.6426705593116164,1.0780557057721232,0.186,7.7541435546875,0.1958743085433313,7.902390794806783
svhn,resolution_max_b1_gaussian_conv,0,2,782,0.004953056580549272,0.759022718410492,16,1.0,0.848,0.47955767822265627,0.8362784265519361,0.5235039121399794,0.17,5.4698271484375,0.18792255685310388,5.414494003924257
svhn,resolution_max_b1_gaussian_conv,0,3,1173,0.004888818630747975,0.4787814722442627,16,1.0,0.884,0.3630005187988281,0.8792639827904118,0.39464073450050985,0.176,5.50305859375,0.19956207744314688,5.271367743620495
svhn,resolution_max_b1_gaussian_conv,0,4,1564,0.004798138716554241,0.39293755274772646,16,0.85,0.908,0.29661749267578125,0.8955516287645974,0.34563805773790146,0.186,3.744424560546875,0.20547787338660112,3.3611695108489896
svhn,resolution_max_b1_gaussian_conv,0,5,1955,0.004682020578909872,0.33246919909477235,16,0.85,0.912,0.27221734619140625,0.905039950829748,0.31378242093211095,0.19,3.77124267578125,0.20847418561770129,3.400887628237602
svhn,resolution_max_b1_gaussian_conv,0,6,2346,0.004541749535846712,0.2941291974949837,16,0.85,0.92,0.24063601684570313,0.9063460356484327,0.3123643889922486,0.186,4.71847509765625,0.19671942224953903,4.277929201108514
svhn,resolution_max_b1_gaussian_conv,0,7,2737,0.0043788782552308895,0.3490671254491806,24,0.7,0.916,0.2511814422607422,0.9212123540258144,0.26904731452208613,0.204,4.645353515625,0.2425860479409957,4.483786657974628
svhn,resolution_max_b1_gaussian_conv,0,8,3128,0.004195209568197074,0.2830467323279381,24,0.7,0.916,0.23792958068847656,0.9204056545789797,0.2684980065601328,0.206,5.36637158203125,0.21615703749231716,5.42444283169475
svhn,resolution_max_b1_gaussian_conv,0,9,3519,0.0039927765135118086,0.2569904601752758,24,0.7,0.932,0.22006475830078126,0.9281269207129687,0.2466803247311691,0.208,4.62747314453125,0.2212661339889367,4.425747092398823
svhn,resolution_max_b1_gaussian_conv,0,10,3910,0.0037738198337559444,0.24141503831148148,24,0.6,0.938,0.18668870544433594,0.9344652735095267,0.225622202438596,0.354,2.202555908203125,0.39028887523048555,2.004183481717007
svhn,resolution_max_b1_gaussian_conv,0,11,4301,0.0035407631724221527,0.22028399108231067,24,0.6,0.948,0.17197840881347656,0.9356561155500922,0.2189766914751461,0.36,2.170517333984375,0.4149892440073755,1.918827436713258
svhn,resolution_max_b1_gaussian_conv,0,12,4692,0.003296186246472237,0.2016275607138872,24,0.6,0.948,0.16764028930664063,0.937039028887523,0.21593580785600702,0.234,2.86556982421875,0.2924861708666257,2.479729193445357
svhn,resolution_max_b1_gaussian_conv,0,13,5083,0.0030427962913086395,0.24674672798097133,32,0.5,0.95,0.17767550659179687,0.9414950829748002,0.20456037930938167,0.57,1.3574921875,0.6008758451137062,1.4104882977678501
svhn,resolution_max_b1_gaussian_conv,0,14,5474,0.0027833980942373526,0.21256222747206688,32,0.5,0.944,0.19024758911132814,0.9436462814996927,0.197967875622941,0.568,1.374157958984375,0.552320221266134,1.4926570569655613
svhn,resolution_max_b1_gaussian_conv,0,15,5865,0.0025208629481234496,0.19903196458220482,32,0.5,0.958,0.16902301025390626,0.944798709280885,0.19413812238707012,0.542,1.5876806640625,0.5585433312845728,1.6020278411916815
svhn,resolution_max_b1_gaussian_conv,0,16,6256,0.0022580968688929426,0.21343715737342833,32,0.4,0.958,0.16624468994140626,0.9460663798401967,0.194215314276173,0.934,0.2548108367919922,0.909880147510756,0.3151800975011182
svhn,resolution_max_b1_gaussian_conv,0,17,6647,0.0019980084286831713,0.18888037232756616,32,0.4,0.958,0.15009713745117187,0.9488706207744315,0.18327676592315717,0.938,0.22488423156738283,0.9204056545789797,0.27849383887588136
svhn,resolution_max_b1_gaussian_conv,0,18,7038,0.0017434765606983522,0.1766539016354084,32,0.4,0.96,0.14153671264648438,0.9489474492931776,0.18419400692792048,0.948,0.21345123291015625,0.9213275968039336,0.27876154515152707
svhn,resolution_max_b1_gaussian_conv,0,19,7429,0.0014973186921401005,0.19301268547296524,32,0.3,0.954,0.15494711303710937,0.9478334357713584,0.1874989281146894,0.956,0.1571076965332031,0.946719422249539,0.19192522612171958
svhn,resolution_max_b1_gaussian_conv,0,20,7820,0.0012622595579512698,0.17438591785103083,32,0.3,0.966,0.137937255859375,0.9477950215119852,0.18639802754145132,0.968,0.13915707397460939,0.9464121081745543,0.18930175306061403
svhn,resolution_max_b1_gaussian_conv,0,21,8211,0.0010409010405754784,0.16333560700535774,32,0.3,0.964,0.13146563720703125,0.9478718500307314,0.18519500627903096,0.966,0.13205380249023438,0.9468730792870313,0.18784973074778796
svhn,resolution_max_b1_gaussian_conv,0,22,8602,0.0008356933695777008,0.15794863112330437,32,0.0,0.964,0.12788450622558595,0.9495620774431469,0.1797931554607621,0.964,0.12788450622558595,0.9495620774431469,0.1797931554607621
svhn,resolution_max_b1_gaussian_conv,0,23,8993,0.0006489079999188671,0.1507897745871544,32,0.0,0.976,0.11513237762451171,0.949638905961893,0.1819899855725371,0.976,0.11513237762451171,0.949638905961893,0.1819899855725371
svhn,resolution_max_b1_gaussian_conv,0,24,9384,0.0004826124690963721,0.14586624257802963,32,0.0,0.966,0.11668125915527344,0.9490626920712969,0.18036233608112354,0.966,0.11668125915527344,0.9490626920712969,0.18036233608112354
svhn,resolution_max_b1_gaussian_conv,0,25,9775,0.0003386475114581614,0.14147099115371703,32,0.0,0.978,0.106168212890625,0.9499846342962508,0.18058554306122593,0.978,0.106168212890625,0.9499846342962508,0.18058554306122593
svhn,resolution_max_b1_gaussian_conv,0,26,10166,0.00021860668301331375,0.139674983522892,32,0.0,0.972,0.10744194030761718,0.9497541487400123,0.17999713355474994,0.972,0.10744194030761718,0.9497541487400123,0.17999713355474994
svhn,resolution_max_b1_gaussian_conv,0,27,10557,0.00012381872227320984,0.13529019855678082,32,0.0,0.972,0.11024465942382812,0.9487169637369391,0.18093104535037194,0.972,0.11024465942382812,0.9487169637369391,0.18093104535037194
svhn,resolution_max_b1_gaussian_conv,0,28,10948,5.53328423720989e-05,0.13274387542724608,32,0.0,0.974,0.1035799560546875,0.949139520590043,0.1806740288124102,0.974,0.1035799560546875,0.949139520590043,0.1806740288124102
svhn,resolution_max_b1_gaussian_conv,0,29,11339,1.3907117269393864e-05,0.13310324763268233,32,0.0,0.974,0.10211132049560546,0.9487937922556853,0.18097247082577503,0.974,0.10211132049560546,0.9487937922556853,0.18097247082577503
svhn,resolution_max_b1_gaussian_conv,0,30,11730,9.058745198409212e-11,0.1338998173111677,32,0.0,0.974,0.10309037780761719,0.9491779348494161,0.17964209574970205,0.974,0.10309037780761719,0.9491779348494161,0.17964209574970205
svhn,resolution_max_b1_gaussian_conv,1,0,0,8.333333333333333e-05,,,,0.102,2.330918701171875,0.09150276582667487,2.32801689952154,0.084,2.44155615234375,0.07759680393362016,2.4508783971156967
svhn,resolution_max_b1_gaussian_conv,1,1,391,0.004990141512569891,1.8551496149635316,16,1.0,0.658,1.0297493896484375,0.6520820528580209,1.0420412083820982,0.186,10.1314697265625,0.1958743085433313,9.671211519340979
svhn,resolution_max_b1_gaussian_conv,1,2,782,0.004953056580549272,0.7363578662776947,16,1.0,0.846,0.4859332275390625,0.8377381684081131,0.5169950168998826,0.186,8.08228662109375,0.19591272280270436,7.554228989566552
svhn,resolution_max_b1_gaussian_conv,1,3,1173,0.004888818630747975,0.4610282361841202,16,1.0,0.884,0.36222235107421874,0.8720421020282729,0.41373313674915035,0.184,7.99766796875,0.1949139520590043,7.381644685647937
svhn,resolution_max_b1_gaussian_conv,1,4,1564,0.004798138716554241,0.3829630836439133,16,0.85,0.896,0.34000213623046877,0.8929778733866011,0.355155303497291,0.192,3.96033544921875,0.2077443146896128,3.5277055996506217
svhn,resolution_max_b1_gaussian_conv,1,5,1955,0.004682020578909872,0.3250742183542252,16,0.85,0.922,0.2763577880859375,0.8974723417332514,0.3355501660482973,0.19,4.051229248046875,0.2073217578365089,3.6805835013456996
svhn,resolution_max_b1_gaussian_conv,1,6,2346,0.004541749535846712,0.2897497853410244,16,0.85,0.916,0.27197509765625,0.9066149354640443,0.3117797123411351,0.156,4.1196630859375,0.16387523048555624,3.8331986892128107
svhn,resolution_max_b1_gaussian_conv,1,7,2737,0.0043788782552308895,0.345210355887413,24,0.7,0.918,0.26922552490234375,0.9182160417947142,0.275471513412009,0.276,2.999869384765625,0.32406269207129684,2.730335210684112
svhn,resolution_max_b1_gaussian_conv,1,8,3128,0.004195209568197074,0.2815995830821991,24,0.7,0.91,0.2507608642578125,0.9212507682851875,0.27438931312748605,0.27,3.16765673828125,0.29978488014751076,3.009187626853338
svhn,resolution_max_b1_gaussian_conv,1,9,3519,0.0039927765135118086,0.25548131278753283,24,0.7,0.934,0.21134368896484376,0.9332360172095882,0.23317567944599943,0.274,3.3432392578125,0.31161647203441917,3.015166205867493
svhn,resolution_max_b1_gaussian_conv,1,10,3910,0.0037738198337559444,0.24134576781868936,24,0.6,0.932,0.21882609558105467,0.9296634910878918,0.24337667529027596,0.414,1.8764541015625,0.508220651505839,1.5854599361560355
svhn,resolution_max_b1_gaussian_conv,1,11,4301,0.0035407631724221527,0.22040049975752832,24,0.6,0.948,0.17970025634765624,0.9314305470190535,0.23319413358621532,0.57,1.5152891845703125,0.6075983405039951,1.3892451466851683
svhn,resolution_max_b1_gaussian_conv,1,12,4692,0.003296186246472237,0.20537839211583137,24,0.6,0.948,0.16431777954101562,0.9393438844499078,0.21213269551051636,0.506,1.66421728515625,0.5676475107559926,1.4820373115469212
svhn,resolution_max_b1_gaussian_conv,1,13,5083,0.0030427962913086395,0.2536190676856041,32,0.5,0.94,0.18714132690429688,0.9410725261216963,0.21318850377328424,0.66,1.3063009033203126,0.6664874001229256,1.310868597353025
svhn,resolution_max_b1_gaussian_conv,1,14,5474,0.0027833980942373526,0.21899735827088357,32,0.5,0.958,0.15622352600097655,0.9416103257529195,0.20554788939119045,0.706,1.119260009765625,0.7040181315304241,1.169805319674116
svhn,resolution_max_b1_gaussian_conv,1,15,5865,0.0025208629481234496,0.2033741366404295,32,0.5,0.946,0.1527921142578125,0.9458743085433313,0.19242215129995024,0.622,1.430435546875,0.6185464044253227,1.468610464171097
svhn,resolution_max_b1_gaussian_conv,1,16,6256,0.0022580968688929426,0.21993137471795082,32,0.4,0.95,0.1746569366455078,0.9466425937307928,0.19726322136118724,0.918,0.27177838134765625,0.9159880147510756,0.2964789436210792
svhn,resolution_max_b1_gaussian_conv,1,17,6647,0.0019980084286831713,0.19356318990945817,32,0.4,0.95,0.1646688232421875,0.942801167793485,0.2002282917279734,0.922,0.27920684814453123,0.9083435771358328,0.31586658031426107
svhn,resolution_max_b1_gaussian_conv,1,18,7038,0.0017434765606983522,0.18149275676965715,32,0.4,0.948,0.15060321044921876,0.9451444376152428,0.19210489353447804,0.93,0.2427763671875,0.9177934849416103,0.2891334565453685
svhn,resolution_max_b1_gaussian_conv,1,19,7429,0.0014973186921401005,0.19879042884111403,32,0.3,0.95,0.15814459228515626,0.946220036877689,0.19579157570277392,0.952,0.1611914825439453,0.9446450522433928,0.19971447190259525
svhn,resolution_max_b1_gaussian_conv,1,20,7820,0.0012622595579512698,0.17762047795057298,32,0.3,0.96,0.1407286834716797,0.9456822372464659,0.19286786322038307,0.96,0.14246658325195313,0.9451828518746158,0.19628003321143844
svhn,resolution_max_b1_gaussian_conv,1,21,8211,0.0010409010405754784,0.1696671741682291,32,0.3,0.962,0.13890609741210938,0.9473724646588814,0.1902348937051166,0.964,0.14075509643554687,0.9468346650276582,0.19356631067682792
svhn,resolution_max_b1_gaussian_conv,1,22,8602,0.0008356933695777008,0.1624531540119648,32,0.0,0.956,0.1455078125,0.9481023355869699,0.19059175373808915,0.956,0.1455078125,0.9481023355869699,0.19059175373808915
svhn,resolution_max_b1_gaussian_conv,1,23,8993,0.0006489079999188671,0.15506154976099729,32,0.0,0.962,0.13194976806640624,0.9475261216963737,0.18825041236654702,0.962,0.13194976806640624,0.9475261216963737,0.18825041236654702
svhn,resolution_max_b1_gaussian_conv,1,24,9384,0.0004826124690963721,0.14996707054018973,32,0.0,0.96,0.12509951782226564,0.9474108789182545,0.18704178479638067,0.96,0.12509951782226564,0.9474108789182545,0.18704178479638067
svhn,resolution_max_b1_gaussian_conv,1,25,9775,0.0003386475114581614,0.14609535011172295,32,0.0,0.964,0.11885784912109375,0.9463352796558082,0.18920656637538777,0.964,0.11885784912109375,0.9463352796558082,0.18920656637538777
svhn,resolution_max_b1_gaussian_conv,1,26,10166,0.00021860668301331375,0.14346676698684693,32,0.0,0.964,0.12030266571044922,0.945720651505839,0.19187865262025694,0.964,0.12030266571044922,0.945720651505839,0.19187865262025694
svhn,resolution_max_b1_gaussian_conv,1,27,10557,0.00012381872227320984,0.1403325571334362,32,0.0,0.968,0.11616028594970704,0.9464889366933006,0.18900410447226174,0.968,0.11616028594970704,0.9464889366933006,0.18900410447226174
svhn,resolution_max_b1_gaussian_conv,1,28,10948,5.53328423720989e-05,0.13763622245907783,32,0.0,0.964,0.12033353424072266,0.9469114935464045,0.19055788384747052,0.964,0.12033353424072266,0.9469114935464045,0.19055788384747052
svhn,resolution_max_b1_gaussian_conv,1,29,11339,1.3907117269393864e-05,0.1371188419675827,32,0.0,0.97,0.11608301544189453,0.9471419791026429,0.18996443989164052,0.97,0.11608301544189453,0.9471419791026429,0.18996443989164052
svhn,resolution_max_b1_gaussian_conv,1,30,11730,9.058745198409212e-11,0.13488710618674754,32,0.0,0.964,0.11911077880859375,0.946220036877689,0.1905217793321932,0.964,0.11911077880859375,0.946220036877689,0.1905217793321932
svhn,resolution_max_b1_gaussian_conv,2,0,0,8.333333333333333e-05,,,,0.064,3.0289306640625,0.06703288260602336,3.2377396749439016,0.064,3.68521923828125,0.06699446834665028,4.013820849244552
svhn,resolution_max_b1_gaussian_conv,2,1,391,0.004990141512569891,1.845689133720398,16,1.0,0.644,1.0414998779296876,0.6223110018438844,1.1031908185920176,0.184,4.25284765625,0.19668100799016594,4.09148382188062
svhn,resolution_max_b1_gaussian_conv,2,2,782,0.004953056580549272,0.7232573436450959,16,1.0,0.858,0.4387931823730469,0.8447679778733866,0.4948937298149585,0.194,4.30370947265625,0.20255838967424708,4.0027118564458
svhn,resolution_max_b1_gaussian_conv,2,3,1173,0.004888818630747975,0.4532359981203079,16,1.0,0.898,0.3163150329589844,0.8801859250153657,0.3897309344314547,0.198,5.152556640625,0.20236631837738167,4.78841709284674
svhn,resolution_max_b1_gaussian_conv,2,4,1564,0.004798138716554241,0.37613405285835266,16,0.85,0.914,0.2876103515625,0.8948217578365089,0.3512779226241554,0.206,4.0565625,0.20931929932390902,3.7310618984970345
svhn,resolution_max_b1_gaussian_conv,2,5,1955,0.004682020578909872,0.3219641044020653,16,0.85,0.934,0.23071249389648438,0.9094575906576521,0.3052608710567718,0.202,3.683573974609375,0.22503073140749846,3.3521156275865853
svhn,resolution_max_b1_gaussian_conv,2,6,2346,0.004541749535846712,0.2834975181889534,16,0.85,0.938,0.20938287353515625,0.9106484326982176,0.29606569170512226,0.158,4.2995537109375,0.18216041794714197,3.9381862305100155
svhn,resolution_max_b1_gaussian_conv,2,7,2737,0.0043788782552308895,0.33796153283596037,24,0.7,0.912,0.24710516357421874,0.9216349108789182,0.2715430695199498,0.216,4.2872255859375,0.2297556853103872,3.8088416282428725
svhn,resolution_max_b1_gaussian_conv,2,8,3128,0.004195209568197074,0.2789842154610157,24,0.7,0.928,0.22275038146972656,0.9265903503380455,0.2550033995287508,0.214,4.3779990234375,0.24247080516287645,3.9019663435004572
svhn,resolution_max_b1_gaussian_conv,2,9,3519,0.0039927765135118086,0.2512991336596012,24,0.7,0.95,0.19594119262695311,0.9326982175783651,0.2334598074515465,0.266,4.21673486328125,0.27477719729563616,3.7924892988832144
svhn,resolution_max_b1_gaussian_conv,2,10,3910,0.0037738198337559444,0.23901979803919793,24,0.6,0.94,0.1944481201171875,0.9378457283343578,0.21967586182566165,0.33,2.66723046875,0.3707744314689613,2.2497688175053705
svhn,resolution_max_b1_gaussian_conv,2,11,4301,0.0035407631724221527,0.21972216547727585,24,0.6,0.946,0.175234619140625,0.9395743700061463,0.21507803653381175,0.4,2.350005859375,0.4586662569145667,2.0299544542496677
svhn,resolution_max_b1_gaussian_conv,2,12,4692,0.003296186246472237,0.20412594393908978,24,0.6,0.958,0.14724688720703125,0.9388060848186847,0.21610342527578855,0.352,2.3205,0.4083819913952059,1.9826033796792244
svhn,resolution_max_b1_gaussian_conv,2,13,5083,0.0030427962913086395,0.2551030343055725,32,0.5,0.948,0.19150140380859376,0.9406115550092194,0.21044785870077717,0.662,1.1457283935546876,0.6806622618315918,1.079775944910829
svhn,resolution_max_b1_gaussian_conv,2,14,5474,0.0027833980942373526,0.21726901938557625,32,0.5,0.944,0.1848856506347656,0.9425322679778734,0.20322231064563745,0.59,1.27104638671875,0.6217347879532883,1.2292457368378267
svhn,resolution_max_b1_gaussian_conv,2,15,5865,0.0025208629481234496,0.20514643764197826,32,0.5,0.946,0.1627974853515625,0.9493315918869084,0.18319045419369143,0.698,0.97684228515625,0.6877304855562385,0.9942170842410453
svhn,resolution_max_b1_gaussian_conv,2,16,6256,0.0022580968688929426,0.21877942744612694,32,0.4,0.956,0.16707907104492187,0.9474492931776275,0.1914368969718591,0.904,0.27559686279296874,0.9159880147510756,0.2968602140549142
svhn,resolution_max_b1_gaussian_conv,2,17,6647,0.0019980084286831713,0.19305779598534106,32,0.4,0.954,0.15098161315917968,0.9495236631837738,0.18813251238259057,0.924,0.23792927551269533,0.9225568531038721,0.27697669477937553
svhn,resolution_max_b1_gaussian_conv,2,18,7038,0.0017434765606983522,0.17897039286136626,32,0.4,0.952,0.14111407470703125,0.9479102642901045,0.18592876994543892,0.94,0.21542500305175782,0.9261293792255685,0.26533539257096456
svhn,resolution_max_b1_gaussian_conv,2,19,7429,0.0014973186921401005,0.19798479374289513,32,0.3,0.952,0.15207829284667967,0.9467578365089121,0.19610903522465664,0.952,0.15517002868652344,0.946181622618316,0.19970915536610861
svhn,resolution_max_b1_gaussian_conv,2,20,7820,0.0012622595579512698,0.18006726054489613,32,0.3,0.968,0.12652371215820313,0.9497925629993854,0.18405037533123214,0.968,0.1291138916015625,0.9489090350338045,0.18757560931617817
svhn,resolution_max_b1_gaussian_conv,2,21,8211,0.0010409010405754784,0.16738567270100116,32,0.3,0.962,0.12238099670410156,0.9493315918869084,0.18298066114822487,0.966,0.12381217193603515,0.9487553779963123,0.18616337893781446
svhn,resolution_max_b1_gaussian_conv,2,22,8602,0.0008356933695777008,0.16398337118089198,32,0.0,0.966,0.11476768493652344,0.9496773202212662,0.18106188175864357,0.966,0.11476768493652344,0.9496773202212662,0.18106188175864357
svhn,resolution_max_b1_gaussian_conv,2,23,8993,0.0006489079999188671,0.15555787333607674,32,0.0,0.972,0.10972929382324219,0.9493315918869084,0.18193182517724601,0.972,0.10972929382324219,0.9493315918869084,0.18193182517724601
svhn,resolution_max_b1_gaussian_conv,2,24,9384,0.0004826124690963721,0.14981453618049623,32,0.0,0.972,0.10916664123535157,0.9498693915181315,0.17911288734770436,0.972,0.10916664123535157,0.9498693915181315,0.17911288734770436
svhn,resolution_max_b1_gaussian_conv,2,25,9775,0.0003386475114581614,0.14611383916139603,32,0.0,0.976,0.1017058563232422,0.95009987707437,0.1802231196655257,0.976,0.1017058563232422,0.95009987707437,0.1802231196655257
svhn,resolution_max_b1_gaussian_conv,2,26,10166,0.00021860668301331375,0.14363683194816113,32,0.0,0.972,0.10255757141113281,0.951060233558697,0.17721993575524023,0.972,0.10255757141113281,0.951060233558697,0.17721993575524023
svhn,resolution_max_b1_gaussian_conv,2,27,10557,0.00012381872227320984,0.14109106815218925,32,0.0,0.974,0.10027052307128906,0.9503303626306084,0.17773858746759863,0.974,0.10027052307128906,0.9503303626306084,0.17773858746759863
svhn,resolution_max_b1_gaussian_conv,2,28,10948,5.53328423720989e-05,0.1375024454075098,32,0.0,0.982,0.09896990966796874,0.9508297480024586,0.17781473294166092,0.982,0.09896990966796874,0.9508297480024586,0.17781473294166092
svhn,resolution_max_b1_gaussian_conv,2,29,11339,1.3907117269393864e-05,0.138016017921865,32,0.0,0.978,0.09876734924316406,0.9501382913337431,0.17918723951693175,0.978,0.09876734924316406,0.9501382913337431,0.17918723951693175
svhn,resolution_max_b1_gaussian_conv,2,30,11730,9.058745198409212e-11,0.13634891029059887,32,0.0,0.976,0.09755336761474609,0.9499846342962508,0.17951440893585285,0.976,0.09755336761474609,0.9499846342962508,0.17951440893585285
vgg11_cifar10,gaussian_postrelu,0,0,0,8.333333333333333e-05,,,,0.104,2.3031337890625,0.1015,2.302959716796875,0.1,2.3072568359375,0.1,2.3063805908203125
vgg11_cifar10,gaussian_postrelu,0,1,391,0.004990141512569891,1.4254810599899292,,1.0,0.56,1.2414088134765624,0.5612,1.21671357421875,0.102,28.63587890625,0.1059,28.90951767578125
vgg11_cifar10,gaussian_postrelu,0,2,782,0.004953056580549272,1.0048456885337829,,1.0,0.674,0.888983642578125,0.6811,0.90456328125,0.214,16.0153876953125,0.1912,16.38592734375
vgg11_cifar10,gaussian_postrelu,0,3,1173,0.004888818630747975,0.8335307963180542,,1.0,0.72,0.7521409912109375,0.6932,0.8693411193847657,0.23,14.98725390625,0.2279,15.64749306640625
vgg11_cifar10,gaussian_postrelu,0,4,1564,0.004798138716554241,0.7120651870155335,,0.85,0.818,0.544623291015625,0.7592,0.6859475708007813,0.376,10.05715234375,0.3635,10.104632177734375
vgg11_cifar10,gaussian_postrelu,0,5,1955,0.004682020578909872,0.6271785702896118,,0.85,0.798,0.5268406982421875,0.7609,0.6864388488769532,0.338,9.236626953125,0.3145,9.08550283203125
vgg11_cifar10,gaussian_postrelu,0,6,2346,0.004541749535846712,0.5533747560405731,,0.85,0.838,0.4400230102539063,0.7784,0.6403839721679687,0.322,14.0259345703125,0.3102,14.291682861328125
vgg11_cifar10,gaussian_postrelu,0,7,2737,0.0043788782552308895,0.48201190898895263,,0.7,0.874,0.40220074462890626,0.7769,0.6388999786376953,0.352,9.370048828125,0.3225,9.583685400390625
vgg11_cifar10,gaussian_postrelu,0,8,3128,0.004195209568197074,0.4226973862504959,,0.7,0.922,0.28656576538085937,0.8045,0.5865026824951172,0.38,7.9825966796875,0.3479,8.430497045898438
vgg11_cifar10,gaussian_postrelu,0,9,3519,0.0039927765135118086,0.36860479535102847,,0.7,0.926,0.27229010009765625,0.7993,0.5891516082763671,0.4,7.9935556640625,0.3774,8.455351708984375
vgg11_cifar10,gaussian_postrelu,0,10,3910,0.0037738198337559444,0.32989205786705017,,0.6,0.924,0.2258985595703125,0.812,0.5748747802734375,0.522,3.921498046875,0.5058,4.360346740722656
vgg11_cifar10,gaussian_postrelu,0,11,4301,0.0035407631724221527,0.2695940240192413,,0.6,0.938,0.16977952575683594,0.8087,0.5882055725097656,0.57,3.07515966796875,0.5274,3.6283180541992186
vgg11_cifar10,gaussian_postrelu,0,12,4692,0.003296186246472237,0.22112605809092523,,0.6,0.962,0.12793608093261719,0.827,0.5585180084228516,0.438,5.6841640625,0.4156,6.313988793945312
vgg11_cifar10,gaussian_postrelu,0,13,5083,0.0030427962913086395,0.21155417373538019,,0.5,0.974,0.09171632385253906,0.821,0.5982889801025391,0.732,1.2678265380859375,0.6433,2.112876214599609
vgg11_cifar10,gaussian_postrelu,0,14,5474,0.0027833980942373526,0.14356379404187203,,0.5,0.992,0.057426025390625,0.8273,0.5859659881591797,0.718,1.3726455078125,0.6449,2.1978969055175783
vgg11_cifar10,gaussian_postrelu,0,15,5865,0.0025208629481234496,0.10304431409686804,,0.5,0.99,0.04002307510375976,0.8296,0.6149438873291015,0.744,1.275412109375,0.647,2.2070185974121093
vgg11_cifar10,gaussian_postrelu,0,16,6256,0.0022580968688929426,0.13026000905066729,,0.4,0.982,0.06354080963134766,0.8227,0.6575382720947266,0.926,0.1966641845703125,0.7765,0.9825776000976563
vgg11_cifar10,gaussian_postrelu,0,17,6647,0.0019980084286831713,0.0768698967397213,,0.4,0.994,0.026892276763916017,0.8345,0.6022185546875,0.974,0.06732090759277344,0.8135,0.7906342895507813
vgg11_cifar10,gaussian_postrelu,0,18,7038,0.0017434765606983522,0.0416952410441637,,0.4,0.998,0.009320550918579102,0.8443,0.6067666229248047,0.986,0.04314491653442383,0.8056,0.8596144104003907
vgg11_cifar10,gaussian_postrelu,0,19,7429,0.0014973186921401005,0.04407253880016506,,0.3,1.0,0.010479961395263672,0.8385,0.6440435363769531,1.0,0.01109026050567627,0.8359,0.6579780670166016
vgg11_cifar10,gaussian_postrelu,0,20,7820,0.0012622595579512698,0.024201293055564167,,0.3,1.0,0.0039350614547729494,0.8431,0.6213346817016602,1.0,0.004036799907684326,0.8419,0.6340640258789062
vgg11_cifar10,gaussian_postrelu,0,21,8211,0.0010409010405754784,0.01349639031164348,,0.3,1.0,0.001970010280609131,0.8453,0.6233649475097657,1.0,0.001939056396484375,0.8458,0.6320712432861328
vgg11_cifar10,gaussian_postrelu,0,22,8602,0.0008356933695777008,0.010001123333349824,,0.0,1.0,0.001491734504699707,0.8479,0.6322968017578126,1.0,0.001491734504699707,0.8479,0.6322968017578126
vgg11_cifar10,gaussian_postrelu,0,23,8993,0.0006489079999188671,0.007535423834510148,,0.0,1.0,0.0010884824991226195,0.8462,0.6296625732421876,1.0,0.0010884824991226195,0.8462,0.6296625732421876
vgg11_cifar10,gaussian_postrelu,0,24,9384,0.0004826124690963721,0.006859735016934574,,0.0,1.0,0.0012604894638061524,0.8492,0.6286531860351563,1.0,0.0012604894638061524,0.8492,0.6286531860351563
vgg11_cifar10,gaussian_postrelu,0,25,9775,0.0003386475114581614,0.006010438660830259,,0.0,1.0,0.0008166999220848083,0.8479,0.6304400787353516,1.0,0.0008166999220848083,0.8479,0.6304400787353516
vgg11_cifar10,gaussian_postrelu,0,26,10166,0.00021860668301331375,0.0057876526993885635,,0.0,1.0,0.0008887751698493958,0.848,0.6314575225830078,1.0,0.0008887751698493958,0.848,0.6314575225830078
vgg11_cifar10,gaussian_postrelu,0,27,10557,0.00012381872227320984,0.005106181416902691,,0.0,1.0,0.0009461922645568848,0.8501,0.6304208618164062,1.0,0.0009461922645568848,0.8501,0.6304208618164062
vgg11_cifar10,gaussian_postrelu,0,28,10948,5.53328423720989e-05,0.005064995001424104,,0.0,1.0,0.0008292472958564758,0.848,0.6279705810546875,1.0,0.0008292472958564758,0.848,0.6279705810546875
vgg11_cifar10,gaussian_postrelu,0,29,11339,1.3907117269393864e-05,0.004667484676316381,,0.0,1.0,0.0008981155157089234,0.8508,0.6341078140258789,1.0,0.0008981155157089234,0.8508,0.6341078140258789
vgg11_cifar10,gaussian_postrelu,0,30,11730,9.058745198409212e-11,0.0049987098358385265,,0.0,1.0,0.0008726153373718262,0.849,0.6305041854858399,1.0,0.0008726153373718262,0.849,0.6305041854858399
vgg11_cifar10,gaussian_postrelu,1,0,0,8.333333333333333e-05,,,,0.08,2.303105224609375,0.0889,2.303070202636719,0.116,2.30702197265625,0.1144,2.3069069946289065
vgg11_cifar10,gaussian_postrelu,1,1,391,0.004990141512569891,1.444786163444519,,1.0,0.578,1.17325341796875,0.5832,1.144679949951172,0.12,31.60555078125,0.1192,31.5505841796875
vgg11_cifar10,gaussian_postrelu,1,2,782,0.004953056580549272,1.0107505036735536,,1.0,0.68,0.8856351928710937,0.6712,0.9194769073486329,0.132,29.594828125,0.1394,29.5596478515625
vgg11_cifar10,gaussian_postrelu,1,3,1173,0.004888818630747975,0.8446894005584716,,1.0,0.768,0.6583577880859375,0.72,0.7998195892333985,0.18,22.0970625,0.1614,21.9849837890625
vgg11_cifar10,gaussian_postrelu,1,4,1564,0.004798138716554241,0.7195930556869506,,0.85,0.804,0.5980546875,0.7464,0.737939990234375,0.276,12.756080078125,0.2506,12.820247119140625
vgg11_cifar10,gaussian_postrelu,1,5,1955,0.004682020578909872,0.6295027686882019,,0.85,0.826,0.5187640991210938,0.768,0.657505191040039,0.326,9.0156611328125,0.3184,9.415442236328126
vgg11_cifar10,gaussian_postrelu,1,6,2346,0.004541749535846712,0.5612287984275818,,0.85,0.84,0.4673020935058594,0.7788,0.6430639526367188,0.414,6.62894970703125,0.4076,6.588957861328125
vgg11_cifar10,gaussian_postrelu,1,7,2737,0.0043788782552308895,0.4977842349433899,,0.7,0.874,0.35470095825195314,0.7921,0.5968027130126953,0.386,5.966556640625,0.376,6.315489453125
vgg11_cifar10,gaussian_postrelu,1,8,3128,0.004195209568197074,0.4314933997154236,,0.7,0.902,0.29003286743164064,0.8054,0.5758003219604492,0.394,6.05011474609375,0.3826,6.528056103515625
vgg11_cifar10,gaussian_postrelu,1,9,3519,0.0039927765135118086,0.3752804092645645,,0.7,0.918,0.23699850463867186,0.8015,0.5959959091186523,0.502,4.16535107421875,0.4884,4.536227783203125
vgg11_cifar10,gaussian_postrelu,1,10,3910,0.0037738198337559444,0.32461577105998995,,0.6,0.924,0.19666525268554688,0.8079,0.6021470886230469,0.476,4.170865234375,0.4514,4.82544189453125
vgg11_cifar10,gaussian_postrelu,1,11,4301,0.0035407631724221527,0.2766614773750305,,0.6,0.926,0.20284420776367187,0.8107,0.5905804183959961,0.508,4.53623046875,0.4514,4.859683447265625
vgg11_cifar10,gaussian_postrelu,1,12,4692,0.003296186246472237,0.22200631639122964,,0.6,0.946,0.15193890380859376,0.8114,0.6083636047363281,0.41,5.67594140625,0.3788,6.5223650390625
vgg11_cifar10,gaussian_postrelu,1,13,5083,0.0030427962913086395,0.21167091687381268,,0.5,0.966,0.09061257934570313,0.8219,0.5920949157714843,0.764,0.9724647827148437,0.6682,1.7882267333984374
vgg11_cifar10,gaussian_postrelu,1,14,5474,0.0027833980942373526,0.15430779301643371,,0.5,0.99,0.060489631652832034,0.826,0.5870682464599609,0.658,1.5270322265625,0.5853,2.531953759765625
vgg11_cifar10,gaussian_postrelu,1,15,5865,0.0025208629481234496,0.09983614674329758,,0.5,0.994,0.040499740600585935,0.8308,0.5855864654541015,0.678,1.326370361328125,0.6175,2.325610369873047
vgg11_cifar10,gaussian_postrelu,1,16,6256,0.0022580968688929426,0.14075241628885268,,0.4,0.986,0.05788701629638672,0.8235,0.6398585968017578,0.946,0.15924534606933594,0.7884,0.864318832397461
vgg11_cifar10,gaussian_postrelu,1,17,6647,0.0019980084286831713,0.07291034421205521,,0.4,0.994,0.02210371971130371,0.8331,0.6283786773681641,0.962,0.104717529296875,0.7927,0.8758465637207031
vgg11_cifar10,gaussian_postrelu,1,18,7038,0.0017434765606983522,0.04078832381978631,,0.4,0.998,0.009930395126342773,0.838,0.6225755859375,0.996,0.02735601806640625,0.8154,0.7829761535644532
vgg11_cifar10,gaussian_postrelu,1,19,7429,0.0014973186921401005,0.044878615643009545,,0.3,1.0,0.008268614768981934,0.8373,0.6339001098632813,1.0,0.008533588409423828,0.8357,0.6433684112548829
vgg11_cifar10,gaussian_postrelu,1,20,7820,0.0012622595579512698,0.02525339539512992,,0.3,1.0,0.003852839946746826,0.8399,0.62575107421875,1.0,0.0038776764869689942,0.8396,0.6359774108886719
vgg11_cifar10,gaussian_postrelu,1,21,8211,0.0010409010405754784,0.015061030531153083,,0.3,1.0,0.003033060550689697,0.8383,0.6511256774902344,1.0,0.0030105938911437987,0.8347,0.6633933013916016
vgg11_cifar10,gaussian_postrelu,1,22,8602,0.0008356933695777008,0.01051482158806175,,0.0,1.0,0.0014018356800079347,0.8438,0.6383004684448242,1.0,0.0014018356800079347,0.8438,0.6383004684448242
vgg11_cifar10,gaussian_postrelu,1,23,8993,0.0006489079999188671,0.008561541276164352,,0.0,1.0,0.0012375202178955078,0.8443,0.6344998153686523,1.0,0.0012375202178955078,0.8443,0.6344998153686523
vgg11_cifar10,gaussian_postrelu,1,24,9384,0.0004826124690963721,0.006776275989674032,,0.0,1.0,0.0010193190574645996,0.8443,0.643460514831543,1.0,0.0010193190574645996,0.8443,0.643460514831543
vgg11_cifar10,gaussian_postrelu,1,25,9775,0.0003386475114581614,0.006133363056480884,,0.0,1.0,0.0007928156852722168,0.8471,0.6326901504516601,1.0,0.0007928156852722168,0.8471,0.6326901504516601
vgg11_cifar10,gaussian_postrelu,1,26,10166,0.00021860668301331375,0.005515367537923158,,0.0,1.0,0.0007185081839561462,0.8463,0.6327444915771484,1.0,0.0007185081839561462,0.8463,0.6327444915771484
vgg11_cifar10,gaussian_postrelu,1,27,10557,0.00012381872227320984,0.0049847128980979325,,0.0,1.0,0.0007634307146072388,0.8445,0.6439961395263671,1.0,0.0007634307146072388,0.8445,0.6439961395263671
vgg11_cifar10,gaussian_postrelu,1,28,10948,5.53328423720989e-05,0.00515132994947955,,0.0,1.0,0.0006959973573684692,0.8457,0.633864860534668,1.0,0.0006959973573684692,0.8457,0.633864860534668
vgg11_cifar10,gaussian_postrelu,1,29,11339,1.3907117269393864e-05,0.0049129257948324085,,0.0,1.0,0.0006556333303451538,0.8451,0.6339591232299805,1.0,0.0006556333303451538,0.8451,0.6339591232299805
vgg11_cifar10,gaussian_postrelu,1,30,11730,9.058745198409212e-11,0.0052196232825517655,,0.0,1.0,0.0006116570830345154,0.8467,0.6380114868164063,1.0,0.0006116570830345154,0.8467,0.6380114868164063
vgg11_cifar10,gaussian_postrelu,2,0,0,8.333333333333333e-05,,,,0.098,2.303147216796875,0.0992,2.303267578125,0.09,2.3067138671875,0.0932,2.3067098876953125
vgg11_cifar10,gaussian_postrelu,2,1,391,0.004990141512569891,1.4209863850021363,,1.0,0.6,1.18424072265625,0.5746,1.1788391723632812,0.13,23.351767578125,0.1279,23.4435478515625
vgg11_cifar10,gaussian_postrelu,2,2,782,0.004953056580549272,1.0110354860305786,,1.0,0.654,0.95419775390625,0.6593,0.960319937133789,0.316,11.3553671875,0.3084,11.676791162109375
vgg11_cifar10,gaussian_postrelu,2,3,1173,0.004888818630747975,0.8401990026664734,,1.0,0.724,0.808720458984375,0.6992,0.8713775268554688,0.32,10.127451171875,0.3189,10.3458109375
vgg11_cifar10,gaussian_postrelu,2,4,1564,0.004798138716554241,0.7226128952598572,,0.85,0.784,0.647610107421875,0.7383,0.7495159240722656,0.306,9.90216015625,0.2871,10.160471484375
vgg11_cifar10,gaussian_postrelu,2,5,1955,0.004682020578909872,0.6295222636032104,,0.85,0.812,0.5523914794921875,0.7478,0.7074586853027344,0.396,7.7821142578125,0.3699,8.286376245117188
vgg11_cifar10,gaussian_postrelu,2,6,2346,0.004541749535846712,0.5642659498310089,,0.85,0.83,0.48074493408203123,0.765,0.6682463195800781,0.342,12.0628662109375,0.3284,12.6684060546875
vgg11_cifar10,gaussian_postrelu,2,7,2737,0.0043788782552308895,0.4931727320575714,,0.7,0.878,0.3689549865722656,0.7824,0.6267824676513671,0.428,5.1707529296875,0.426,5.571122436523438
vgg11_cifar10,gaussian_postrelu,2,8,3128,0.004195209568197074,0.428474146027565,,0.7,0.878,0.37091064453125,0.7895,0.6138311676025391,0.426,6.16925537109375,0.392,6.807894482421875
vgg11_cifar10,gaussian_postrelu,2,9,3519,0.0039927765135118086,0.3776143043756485,,0.7,0.912,0.2860420837402344,0.7977,0.5878159454345703,0.454,7.0261279296875,0.4131,7.768793090820313
vgg11_cifar10,gaussian_postrelu,2,10,3910,0.0037738198337559444,0.3344686221909523,,0.6,0.916,0.2665423583984375,0.7965,0.6218377807617187,0.568,2.72577197265625,0.5248,3.282233020019531
vgg11_cifar10,gaussian_postrelu,2,11,4301,0.0035407631724221527,0.27271415623188017,,0.6,0.948,0.15985397338867188,0.8151,0.5755647064208984,0.564,3.11976318359375,0.5117,3.891525927734375
vgg11_cifar10,gaussian_postrelu,2,12,4692,0.003296186246472237,0.22428731457233428,,0.6,0.942,0.15509320068359375,0.8146,0.5994812194824218,0.546,3.035107421875,0.5104,3.85979306640625
vgg11_cifar10,gaussian_postrelu,2,13,5083,0.0030427962913086395,0.21414393998384476,,0.5,0.962,0.10785905456542969,0.8152,0.6115450561523438,0.812,0.7958820190429687,0.6944,1.586198468017578
vgg11_cifar10,gaussian_postrelu,2,14,5474,0.0027833980942373526,0.1479846191883087,,0.5,0.982,0.06650856018066406,0.8288,0.5814097106933593,0.744,1.102718505859375,0.6471,2.0405321044921876
vgg11_cifar10,gaussian_postrelu,2,15,5865,0.0025208629481234496,0.10336328428417445,,0.5,0.986,0.04535064315795898,0.8296,0.6174031768798828,0.798,0.857154541015625,0.6814,1.764187744140625
vgg11_cifar10,gaussian_postrelu,2,16,6256,0.0022580968688929426,0.14186161784261464,,0.4,0.98,0.05298051834106445,0.8209,0.6563707153320313,0.96,0.12092301940917968,0.7926,0.8366701080322265
vgg11_cifar10,gaussian_postrelu,2,17,6647,0.0019980084286831713,0.07721149750947952,,0.4,0.992,0.03124756622314453,0.8296,0.628757534790039,0.978,0.060904090881347656,0.8071,0.780689126586914
vgg11_cifar10,gaussian_postrelu,2,18,7038,0.0017434765606983522,0.038963787388801574,,0.4,1.0,0.006560722351074219,0.8371,0.6395570663452148,0.996,0.02647235107421875,0.8076,0.8213088775634766
vgg11_cifar10,gaussian_postrelu,2,19,7429,0.0014973186921401005,0.04446797813519836,,0.3,0.998,0.012853043556213379,0.8296,0.6676552520751953,0.998,0.013497055053710938,0.828,0.6802089141845703
vgg11_cifar10,gaussian_postrelu,2,20,7820,0.0012622595579512698,0.0256015954079479,,0.3,1.0,0.0038071796894073484,0.8381,0.6631858337402343,1.0,0.0037305705547332766,0.8364,0.6727782653808594
vgg11_cifar10,gaussian_postrelu,2,21,8211,0.0010409010405754784,0.014604557138085365,,0.3,1.0,0.002734984874725342,0.8412,0.6570448165893554,1.0,0.0026302459239959716,0.8407,0.6662316253662109
vgg11_cifar10,gaussian_postrelu,2,22,8602,0.0008356933695777008,0.010738580372296273,,0.0,1.0,0.0013701343536376954,0.8395,0.6540017974853516,1.0,0.0013701343536376954,0.8395,0.6540017974853516
vgg11_cifar10,gaussian_postrelu,2,23,8993,0.0006489079999188671,0.008878351136147976,,0.0,1.0,0.0013035598993301391,0.8418,0.6620797424316406,1.0,0.0013035598993301391,0.8418,0.6620797424316406
vgg11_cifar10,gaussian_postrelu,2,24,9384,0.0004826124690963721,0.007160946157407016,,0.0,1.0,0.0009963300824165344,0.842,0.6596631149291993,1.0,0.0009963300824165344,0.842,0.6596631149291993
vgg11_cifar10,gaussian_postrelu,2,25,9775,0.0003386475114581614,0.005607595221027732,,0.0,1.0,0.0007892100214958191,0.8442,0.6522364929199219,1.0,0.0007892100214958191,0.8442,0.6522364929199219
vgg11_cifar10,gaussian_postrelu,2,26,10166,0.00021860668301331375,0.005596973857637495,,0.0,1.0,0.0008220747709274292,0.8429,0.6597924652099609,1.0,0.0008220747709274292,0.8429,0.6597924652099609
vgg11_cifar10,gaussian_postrelu,2,27,10557,0.00012381872227320984,0.005363145181145519,,0.0,1.0,0.0007925662398338318,0.8451,0.656360432434082,1.0,0.0007925662398338318,0.8451,0.656360432434082
vgg11_cifar10,gaussian_postrelu,2,28,10948,5.53328423720989e-05,0.005281534134447575,,0.0,1.0,0.0008104186058044433,0.8447,0.6629551544189453,1.0,0.0008104186058044433,0.8447,0.6629551544189453
vgg11_cifar10,gaussian_postrelu,2,29,11339,1.3907117269393864e-05,0.005021028435286135,,0.0,1.0,0.0007497431039810181,0.8437,0.6568094024658203,1.0,0.0007497431039810181,0.8437,0.6568094024658203
vgg11_cifar10,gaussian_postrelu,2,30,11730,9.058745198409212e-11,0.005133605778310448,,0.0,1.0,0.0007438306808471679,0.8441,0.6542327621459961,1.0,0.0007438306808471679,0.8441,0.6542327621459961
vgg11_cifar10,plain,0,0,0,8.333333333333333e-05,,,,0.1,2.3072568359375,0.1,2.3063805908203125,,,,
vgg11_cifar10,plain,0,1,391,0.004990141512569891,1.355865428276062,,,0.66,0.9668086547851562,0.6426,0.999152719116211,,,,
vgg11_cifar10,plain,0,2,782,0.004953056580549272,0.8822076068401337,,,0.776,0.720845703125,0.7119,0.8357083740234375,,,,
vgg11_cifar10,plain,0,3,1173,0.004888818630747975,0.6776600406360627,,,0.836,0.5010679321289062,0.7277,0.8105776977539062,,,,
vgg11_cifar10,plain,0,4,1564,0.004798138716554241,0.5170577626037598,,,0.874,0.4088876953125,0.751,0.764501089477539,,,,
vgg11_cifar10,plain,0,5,1955,0.004682020578909872,0.3842042161369324,,,0.912,0.25082118225097655,0.7482,0.7847305877685546,,,,
vgg11_cifar10,plain,0,6,2346,0.004541749535846712,0.26806787807941435,,,0.926,0.21528680419921875,0.7495,0.8427452514648438,,,,
vgg11_cifar10,plain,0,7,2737,0.0043788782552308895,0.17982525404334068,,,0.97,0.10194987487792968,0.7612,0.8604511596679687,,,,
vgg11_cifar10,plain,0,8,3128,0.004195209568197074,0.12591132055699825,,,0.966,0.09011311340332032,0.7561,0.95300439453125,,,,
vgg11_cifar10,plain,0,9,3519,0.0039927765135118086,0.07902891990512609,,,0.992,0.040015289306640625,0.7758,0.9095308074951172,,,,
vgg11_cifar10,plain,0,10,3910,0.0037738198337559444,0.05372044923968613,,,1.0,0.011398479461669922,0.792,0.8662793853759766,,,,
vgg11_cifar10,plain,0,11,4301,0.0035407631724221527,0.029380433655902743,,,0.998,0.013286960601806641,0.7909,0.9223876983642578,,,,
vgg11_cifar10,plain,0,12,4692,0.003296186246472237,0.015258986448626966,,,1.0,0.0015900824069976806,0.8008,0.8877908416748047,,,,
vgg11_cifar10,plain,0,13,5083,0.0030427962913086395,0.007076858256924897,,,1.0,0.0011957048177719117,0.8044,0.8865721588134765,,,,
vgg11_cifar10,plain,0,14,5474,0.0027833980942373526,0.0036785386546328664,,,1.0,0.0005913652181625366,0.8085,0.8674477081298828,,,,
vgg11_cifar10,plain,0,15,5865,0.0025208629481234496,0.002204930505505763,,,1.0,0.0005284160375595093,0.8083,0.8652575347900391,,,,
vgg11_cifar10,plain,0,16,6256,0.0022580968688929426,0.0015505238643102348,,,1.0,0.0002887113392353058,0.8095,0.8787254821777344,,,,
vgg11_cifar10,plain,0,17,6647,0.0019980084286831713,0.0015041234681825153,,,1.0,0.0003109118938446045,0.8112,0.8661691345214844,,,,
vgg11_cifar10,plain,0,18,7038,0.0017434765606983522,0.0013672984403092414,,,1.0,0.000268755316734314,0.8107,0.8612538940429687,,,,
vgg11_cifar10,plain,0,19,7429,0.0014973186921401005,0.001103234033617191,,,1.0,0.00017900848388671876,0.8123,0.8557418273925781,,,,
vgg11_cifar10,plain,0,20,7820,0.0012622595579512698,0.0009177135622175411,,,1.0,0.00017469310760498047,0.8107,0.8611778778076172,,,,
vgg11_cifar10,plain,0,21,8211,0.0010409010405754784,0.0009063375060027465,,,1.0,0.00018862870335578918,0.8115,0.8554361694335938,,,,
vgg11_cifar10,plain,0,22,8602,0.0008356933695777008,0.0008987499991175719,,,1.0,0.0001738331913948059,0.8124,0.8541283203125,,,,
vgg11_cifar10,plain,0,23,8993,0.0006489079999188671,0.0008669855181174353,,,1.0,0.00017001280188560486,0.812,0.8479900360107422,,,,
vgg11_cifar10,plain,0,24,9384,0.0004826124690963721,0.0008581116222962737,,,1.0,0.00017530184984207155,0.8127,0.8513773529052734,,,,
vgg11_cifar10,plain,0,25,9775,0.0003386475114581614,0.0008195796594768763,,,1.0,0.00015633988380432128,0.8119,0.8534474914550781,,,,
vgg11_cifar10,plain,0,26,10166,0.00021860668301331375,0.0008106722557358444,,,1.0,0.00014354848861694336,0.8127,0.8537339477539062,,,,
vgg11_cifar10,plain,0,27,10557,0.00012381872227320984,0.0008097480416856706,,,1.0,0.00018769651651382447,0.8111,0.8451558959960938,,,,
vgg11_cifar10,plain,0,28,10948,5.53328423720989e-05,0.0008146363290026784,,,1.0,0.000160025954246521,0.8117,0.848210366821289,,,,
vgg11_cifar10,plain,0,29,11339,1.3907117269393864e-05,0.000768723588809371,,,1.0,0.00014426489174365997,0.8121,0.8547050567626953,,,,
vgg11_cifar10,plain,0,30,11730,9.058745198409212e-11,0.0007481022751028649,,,1.0,0.0001646558940410614,0.8113,0.8483598327636719,,,,
vgg11_cifar10,plain,1,0,0,8.333333333333333e-05,,,,0.116,2.30702197265625,0.1144,2.3069069946289065,,,,
vgg11_cifar10,plain,1,1,391,0.004990141512569891,1.3581668533706666,,,0.686,0.9089053955078125,0.6499,0.9880950469970703,,,,
vgg11_cifar10,plain,1,2,782,0.004953056580549272,0.8844569793510437,,,0.754,0.6906736450195312,0.6969,0.8799646606445313,,,,
vgg11_cifar10,plain,1,3,1173,0.004888818630747975,0.6793961527538299,,,0.84,0.4977061157226563,0.7284,0.7843914306640625,,,,
vgg11_cifar10,plain,1,4,1564,0.004798138716554241,0.5223467775344849,,,0.864,0.4335396728515625,0.7322,0.798857421875,,,,
vgg11_cifar10,plain,1,5,1955,0.004682020578909872,0.3890976853752136,,,0.91,0.2390137481689453,0.7508,0.7559176513671875,,,,
vgg11_cifar10,plain,1,6,2346,0.004541749535846712,0.26979076328754426,,,0.938,0.18830245971679688,0.7625,0.8021641326904296,,,,
vgg11_cifar10,plain,1,7,2737,0.0043788782552308895,0.18793871628403663,,,0.978,0.10883440399169922,0.7607,0.8660759094238282,,,,
vgg11_cifar10,plain,1,8,3128,0.004195209568197074,0.12393304892987013,,,0.99,0.047490795135498046,0.7806,0.8362134857177734,,,,
vgg11_cifar10,plain,1,9,3519,0.0039927765135118086,0.06951333042621613,,,0.992,0.03253883743286133,0.7722,0.9389980224609376,,,,
vgg11_cifar10,plain,1,10,3910,0.0037738198337559444,0.04244732662320137,,,1.0,0.013605266571044923,0.7858,0.9141444519042968,,,,
vgg11_cifar10,plain,1,11,4301,0.0035407631724221527,0.026198510644584894,,,0.996,0.013880794525146484,0.7899,0.9327207733154297,,,,
vgg11_cifar10,plain,1,12,4692,0.003296186246472237,0.015629398714713753,,,1.0,0.002304551839828491,0.7957,0.914005941772461,,,,
vgg11_cifar10,plain,1,13,5083,0.0030427962913086395,0.007337659481298178,,,1.0,0.0022307143211364746,0.7974,0.9225648864746093,,,,
vgg11_cifar10,plain,1,14,5474,0.0027833980942373526,0.0035955955732893197,,,1.0,0.0005897341966629028,0.7956,0.9301776916503907,,,,
vgg11_cifar10,plain,1,15,5865,0.0025208629481234496,0.0019683766251662746,,,1.0,0.00036003929376602175,0.7974,0.930040444946289,,,,
vgg11_cifar10,plain,1,16,6256,0.0022580968688929426,0.0015933353169914335,,,1.0,0.00036364150047302245,0.7979,0.923444921875,,,,
vgg11_cifar10,plain,1,17,6647,0.0019980084286831713,0.001430263297362253,,,1.0,0.0002616491913795471,0.7972,0.9315835723876953,,,,
vgg11_cifar10,plain,1,18,7038,0.0017434765606983522,0.0012769824144011363,,,1.0,0.00028505966067314146,0.7971,0.9282676513671875,,,,
vgg11_cifar10,plain,1,19,7429,0.0014973186921401005,0.0012750396395288409,,,1.0,0.00023791253566741945,0.7996,0.9216532989501953,,,,
vgg11_cifar10,plain,1,20,7820,0.0012622595579512698,0.0009965615147794597,,,1.0,0.00020251032710075377,0.8002,0.9172307373046875,,,,
vgg11_cifar10,plain,1,21,8211,0.0010409010405754784,0.0009880247612763197,,,1.0,0.00021875369548797607,0.7966,0.9173521728515625,,,,
vgg11_cifar10,plain,1,22,8602,0.0008356933695777008,0.0008991982036689296,,,1.0,0.00017983880639076233,0.8008,0.9171106018066406,,,,
vgg11_cifar10,plain,1,23,8993,0.0006489079999188671,0.0008853378154942766,,,1.0,0.0001955546736717224,0.7991,0.9182619232177734,,,,
vgg11_cifar10,plain,1,24,9384,0.0004826124690963721,0.0008273568315594457,,,1.0,0.00018689799308776856,0.7987,0.9183743103027344,,,,
vgg11_cifar10,plain,1,25,9775,0.0003386475114581614,0.0009632564730686136,,,1.0,0.0001812625229358673,0.8007,0.9046885040283204,,,,
vgg11_cifar10,plain,1,26,10166,0.00021860668301331375,0.0008004188595665619,,,1.0,0.00017621718347072602,0.8008,0.9071192413330078,,,,
vgg11_cifar10,plain,1,27,10557,0.00012381872227320984,0.0007198548787203617,,,1.0,0.0001723138839006424,0.8,0.9217819702148438,,,,
vgg11_cifar10,plain,1,28,10948,5.53328423720989e-05,0.0007939672918221913,,,1.0,0.00018608200550079346,0.8016,0.9154090942382812,,,,
vgg11_cifar10,plain,1,29,11339,1.3907117269393864e-05,0.000836671752401162,,,1.0,0.000184335857629776,0.8001,0.9156916107177734,,,,
vgg11_cifar10,plain,1,30,11730,9.058745198409212e-11,0.0008011333935707808,,,1.0,0.00017529278993606568,0.7997,0.9114169921875,,,,
vgg11_cifar10,plain,2,0,0,8.333333333333333e-05,,,,0.09,2.3067138671875,0.0932,2.3067098876953125,,,,
vgg11_cifar10,plain,2,1,391,0.004990141512569891,1.3435855381774902,,,0.652,0.9834044799804688,0.6354,1.0109335083007813,,,,
vgg11_cifar10,plain,2,2,782,0.004953056580549272,0.8793294647216797,,,0.782,0.64576904296875,0.7143,0.8129478576660156,,,,
vgg11_cifar10,plain,2,3,1173,0.004888818630747975,0.6693083869361878,,,0.83,0.5249124755859375,0.7389,0.7608116333007813,,,,
vgg11_cifar10,plain,2,4,1564,0.004798138716554241,0.5159877892971039,,,0.854,0.4077440185546875,0.7449,0.7646034118652344,,,,
vgg11_cifar10,plain,2,5,1955,0.004682020578909872,0.38008231993198394,,,0.91,0.24905337524414062,0.7646,0.7326424011230469,,,,
vgg11_cifar10,plain,2,6,2346,0.004541749535846712,0.2805136072397232,,,0.926,0.1925233154296875,0.7522,0.8041821319580078,,,,
vgg11_cifar10,plain,2,7,2737,0.0043788782552308895,0.1776049466264248,,,0.976,0.0914276123046875,0.7694,0.81526455078125,,,,
vgg11_cifar10,plain,2,8,3128,0.004195209568197074,0.11005842047125101,,,0.974,0.08315324401855469,0.7719,0.8717746063232422,,,,
vgg11_cifar10,plain,2,9,3519,0.0039927765135118086,0.07723827917575836,,,0.992,0.029678653717041016,0.7826,0.9037054992675781,,,,
vgg11_cifar10,plain,2,10,3910,0.0037738198337559444,0.0470145338370651,,,0.996,0.01575695323944092,0.791,0.890870849609375,,,,
vgg11_cifar10,plain,2,11,4301,0.0035407631724221527,0.02931094939775765,,,1.0,0.0062786898612976075,0.7926,0.9125140625,,,,
vgg11_cifar10,plain,2,12,4692,0.003296186246472237,0.014961252145334147,,,1.0,0.0029557971954345705,0.8009,0.9024115814208984,,,,
vgg11_cifar10,plain,2,13,5083,0.0030427962913086395,0.007226520620342344,,,1.0,0.0009582507014274597,0.8036,0.9000117797851562,,,,
vgg11_cifar10,plain,2,14,5474,0.0027833980942373526,0.003849884208452422,,,1.0,0.0004947750270366669,0.8084,0.9019945495605469,,,,
vgg11_cifar10,plain,2,15,5865,0.0025208629481234496,0.0022626563358400017,,,1.0,0.000327154815196991,0.8075,0.9009395812988281,,,,
vgg11_cifar10,plain,2,16,6256,0.0022580968688929426,0.0019811228632181884,,,1.0,0.00023795972764492035,0.8062,0.9002132141113282,,,,
vgg11_cifar10,plain,2,17,6647,0.0019980084286831713,0.0013813496709568426,,,1.0,0.00022359505295753478,0.8075,0.8971751190185547,,,,
vgg11_cifar10,plain,2,18,7038,0.0017434765606983522,0.0013096308497898281,,,1.0,0.00027426069974899293,0.8087,0.8885710754394531,,,,
vgg11_cifar10,plain,2,19,7429,0.0014973186921401005,0.0010366940849460661,,,1.0,0.00017739856243133544,0.8099,0.8884420654296875,,,,
vgg11_cifar10,plain,2,20,7820,0.0012622595579512698,0.0010627151510072873,,,1.0,0.0001457540988922119,0.8113,0.8913920562744141,,,,
vgg11_cifar10,plain,2,21,8211,0.0010409010405754784,0.0009058342352393083,,,1.0,0.00016178786754608154,0.8116,0.8841741912841797,,,,
vgg11_cifar10,plain,2,22,8602,0.0008356933695777008,0.000950637686708942,,,1.0,0.0001572507619857788,0.811,0.8835291687011719,,,,
vgg11_cifar10,plain,2,23,8993,0.0006489079999188671,0.0008785465195821599,,,1.0,0.00013963568210601806,0.8117,0.8880928192138672,,,,
vgg11_cifar10,plain,2,24,9384,0.0004826124690963721,0.0008878687658393755,,,1.0,0.0001254277229309082,0.8111,0.8882372802734375,,,,
vgg11_cifar10,plain,2,25,9775,0.0003386475114581614,0.0007796425827220082,,,1.0,0.00013259762525558473,0.8105,0.8791511627197266,,,,
vgg11_cifar10,plain,2,26,10166,0.00021860668301331375,0.0007957131522987038,,,1.0,0.00012430503964424132,0.8136,0.8843840881347657,,,,
vgg11_cifar10,plain,2,27,10557,0.00012381872227320984,0.000804425041882787,,,1.0,0.00013176026940345763,0.8103,0.8871575073242187,,,,
vgg11_cifar10,plain,2,28,10948,5.53328423720989e-05,0.0008311477152374573,,,1.0,0.0001449168771505356,0.8106,0.8858884490966797,,,,
vgg11_cifar10,plain,2,29,11339,1.3907117269393864e-05,0.0007869556779041886,,,1.0,0.0001309068500995636,0.8113,0.8866547302246094,,,,
vgg11_cifar10,plain,2,30,11730,9.058745198409212e-11,0.0008262345422198996,,,1.0,0.00012969805300235747,0.809,0.884352407836914,,,,
vgg11_cifar10,resolution_max_b1,0,0,0,8.333333333333333e-05,,,,0.08,2.303031494140625,0.0891,2.302972937011719,0.1,2.3072568359375,0.1,2.3063805908203125
vgg11_cifar10,resolution_max_b1,0,1,391,0.004990141512569891,1.3473694695663452,8,,0.604,1.106273681640625,0.6067,1.101771124267578,0.164,9.905775390625,0.1635,9.88492734375
vgg11_cifar10,resolution_max_b1,0,2,782,0.004953056580549272,0.9331664923858642,8,,0.73,0.8231473388671875,0.6897,0.8805690612792969,0.124,12.11926953125,0.1259,12.035647021484374
vgg11_cifar10,resolution_max_b1,0,3,1173,0.004888818630747975,0.7623802953338623,8,,0.82,0.5859061279296875,0.7141,0.8138067016601562,0.124,10.285529296875,0.1156,10.172957080078126
vgg11_cifar10,resolution_max_b1,0,4,1564,0.004798138716554241,0.6512359774494171,8,,0.824,0.5212695922851562,0.7307,0.7847656799316406,0.142,10.31194140625,0.1491,10.213558349609375
vgg11_cifar10,resolution_max_b1,0,5,1955,0.004682020578909872,0.5519622492790223,8,,0.86,0.44030487060546875,0.7353,0.7867329376220703,0.118,13.11234375,0.1165,12.9392337890625
vgg11_cifar10,resolution_max_b1,0,6,2346,0.004541749535846712,0.46513074081420896,8,,0.898,0.3631397094726562,0.7357,0.7768162567138672,0.13,13.08604296875,0.1158,13.1414029296875
vgg11_cifar10,resolution_max_b1,0,7,2737,0.0043788782552308895,0.859672549610138,12,,0.794,0.6201273193359375,0.7379,0.7750953552246094,0.382,1.88669482421875,0.3491,1.939152069091797
vgg11_cifar10,resolution_max_b1,0,8,3128,0.004195209568197074,0.6123545311737061,12,,0.852,0.43679571533203126,0.7674,0.6907338012695312,0.436,1.807673583984375,0.4106,1.881478778076172
vgg11_cifar10,resolution_max_b1,0,9,3519,0.0039927765135118086,0.4734571922588348,12,,0.894,0.29533038330078126,0.7775,0.6554041198730469,0.506,1.5102877197265625,0.4814,1.5551936096191405
vgg11_cifar10,resolution_max_b1,0,10,3910,0.0037738198337559444,0.35443911733150485,12,,0.9,0.2554822998046875,0.7642,0.7328927276611328,0.464,1.695097900390625,0.4573,1.7460013977050781
vgg11_cifar10,resolution_max_b1,0,11,4301,0.0035407631724221527,0.24976559032678605,12,,0.96,0.15085519409179687,0.7744,0.7434822875976562,0.448,1.9121842041015624,0.4403,1.9868368041992188
vgg11_cifar10,resolution_max_b1,0,12,4692,0.003296186246472237,0.1682234258699417,12,,0.966,0.09759889221191406,0.7823,0.7612978149414062,0.464,1.9354287109375,0.4411,2.0531703796386718
vgg11_cifar10,resolution_max_b1,0,13,5083,0.0030427962913086395,0.6587973943662644,16,,0.846,0.4531573791503906,0.7823,0.6442716796875,0.846,0.4531573791503906,0.7823,0.6442716796875
vgg11_cifar10,resolution_max_b1,0,14,5474,0.0027833980942373526,0.3787927703285217,16,,0.94,0.2102618408203125,0.8096,0.5797232589721679,0.94,0.2102618408203125,0.8096,0.5797232589721679
vgg11_cifar10,resolution_max_b1,0,15,5865,0.0025208629481234496,0.22315437594413756,16,,0.964,0.11647294616699219,0.8143,0.5917531356811524,0.964,0.11647294616699219,0.8143,0.5917531356811524
vgg11_cifar10,resolution_max_b1,0,16,6256,0.0022580968688929426,0.10882270905315876,16,,0.996,0.03754532623291015,0.8292,0.593340869140625,0.996,0.03754532623291015,0.8292,0.593340869140625
vgg11_cifar10,resolution_max_b1,0,17,6647,0.0019980084286831713,0.047136186807453635,16,,0.996,0.016330629348754882,0.8316,0.6296386535644531,0.996,0.016330629348754882,0.8316,0.6296386535644531
vgg11_cifar10,resolution_max_b1,0,18,7038,0.0017434765606983522,0.024083021786734462,16,,1.0,0.0043283066749572755,0.8357,0.6236888076782227,1.0,0.0043283066749572755,0.8357,0.6236888076782227
vgg11_cifar10,resolution_max_b1,0,19,7429,0.0014973186921401005,0.01237545969955623,16,,1.0,0.0026098265647888186,0.8371,0.6302499069213867,1.0,0.0026098265647888186,0.8371,0.6302499069213867
vgg11_cifar10,resolution_max_b1,0,20,7820,0.0012622595579512698,0.008511607072968035,16,,1.0,0.0018283848762512206,0.8365,0.6408414703369141,1.0,0.0018283848762512206,0.8365,0.6408414703369141
vgg11_cifar10,resolution_max_b1,0,21,8211,0.0010409010405754784,0.006293558997511863,16,,1.0,0.0013085176944732666,0.8404,0.6413583099365234,1.0,0.0013085176944732666,0.8404,0.6413583099365234
vgg11_cifar10,resolution_max_b1,0,22,8602,0.0008356933695777008,0.005464573404714465,16,,1.0,0.0011760358810424805,0.8395,0.6464740844726562,1.0,0.0011760358810424805,0.8395,0.6464740844726562
vgg11_cifar10,resolution_max_b1,0,23,8993,0.0006489079999188671,0.004581714300774038,16,,1.0,0.0008250651955604554,0.8435,0.6435271209716796,1.0,0.0008250651955604554,0.8435,0.6435271209716796
vgg11_cifar10,resolution_max_b1,0,24,9384,0.0004826124690963721,0.004103325028065592,16,,1.0,0.0008462750911712646,0.842,0.6458766632080079,1.0,0.0008462750911712646,0.842,0.6458766632080079
vgg11_cifar10,resolution_max_b1,0,25,9775,0.0003386475114581614,0.003727085232194513,16,,1.0,0.0007809279561042786,0.8417,0.6474161468505859,1.0,0.0007809279561042786,0.8417,0.6474161468505859
vgg11_cifar10,resolution_max_b1,0,26,10166,0.00021860668301331375,0.0035874138388223946,16,,1.0,0.0007748662233352661,0.8396,0.6509933410644532,1.0,0.0007748662233352661,0.8396,0.6509933410644532
vgg11_cifar10,resolution_max_b1,0,27,10557,0.00012381872227320984,0.0032519687717035414,16,,1.0,0.0008573901057243348,0.8411,0.6505141906738281,1.0,0.0008573901057243348,0.8411,0.6505141906738281
vgg11_cifar10,resolution_max_b1,0,28,10948,5.53328423720989e-05,0.0035284848784841597,16,,1.0,0.0007281454801559449,0.8418,0.6481199493408203,1.0,0.0007281454801559449,0.8418,0.6481199493408203
vgg11_cifar10,resolution_max_b1,0,29,11339,1.3907117269393864e-05,0.003257559933029115,16,,1.0,0.000658655047416687,0.8413,0.6496689498901367,1.0,0.000658655047416687,0.8413,0.6496689498901367
vgg11_cifar10,resolution_max_b1,0,30,11730,9.058745198409212e-11,0.0032447719702497126,16,,1.0,0.0007151739597320557,0.8423,0.6479381866455078,1.0,0.0007151739597320557,0.8423,0.6479381866455078
vgg11_cifar10,resolution_max_b1,1,0,0,8.333333333333333e-05,,,,0.1,2.302677734375,0.1,2.3027567016601562,0.116,2.30702197265625,0.1144,2.3069069946289065
vgg11_cifar10,resolution_max_b1,1,1,391,0.004990141512569891,1.3508851789093017,8,,0.63,1.02653466796875,0.6104,1.066971533203125,0.11,12.479599609375,0.1213,12.538789697265624
vgg11_cifar10,resolution_max_b1,1,2,782,0.004953056580549272,0.9397616431617737,8,,0.744,0.728743896484375,0.6962,0.8516538116455078,0.108,11.739177734375,0.112,11.71271923828125
vgg11_cifar10,resolution_max_b1,1,3,1173,0.004888818630747975,0.7740988639450074,8,,0.8,0.6014624633789063,0.7258,0.786284066772461,0.112,12.7031943359375,0.1046,12.693389501953124
vgg11_cifar10,resolution_max_b1,1,4,1564,0.004798138716554241,0.6514540729904175,8,,0.816,0.545580322265625,0.7311,0.7774432800292969,0.1,17.7399765625,0.1,17.6346169921875
vgg11_cifar10,resolution_max_b1,1,5,1955,0.004682020578909872,0.5531332831954956,8,,0.888,0.37773306274414065,0.7534,0.7310819641113281,0.102,13.986755859375,0.1013,13.847627783203125
vgg11_cifar10,resolution_max_b1,1,6,2346,0.004541749535846712,0.4664287955188751,8,,0.87,0.37395941162109375,0.7491,0.7420530639648437,0.1,15.8276533203125,0.1003,15.558223095703125
vgg11_cifar10,resolution_max_b1,1,7,2737,0.0043788782552308895,0.8663983619689941,12,,0.802,0.6024535522460938,0.749,0.7265892608642578,0.378,1.8950218505859375,0.3723,1.8799106750488281
vgg11_cifar10,resolution_max_b1,1,8,3128,0.004195209568197074,0.612431017627716,12,,0.874,0.3750359802246094,0.7798,0.648452670288086,0.532,1.416979736328125,0.4909,1.4486559631347655
vgg11_cifar10,resolution_max_b1,1,9,3519,0.0039927765135118086,0.47061748614311216,12,,0.888,0.308852783203125,0.7723,0.6974123779296875,0.518,1.5442979736328124,0.4968,1.5870962646484374
vgg11_cifar10,resolution_max_b1,1,10,3910,0.0037738198337559444,0.3441198803472519,12,,0.924,0.218931884765625,0.7598,0.7638586944580078,0.47,1.7257745361328125,0.46,1.8333983337402344
vgg11_cifar10,resolution_max_b1,1,11,4301,0.0035407631724221527,0.24300117130756377,12,,0.928,0.2023411865234375,0.7757,0.7675138580322266,0.468,2.00180517578125,0.4268,2.0765417541503908
vgg11_cifar10,resolution_max_b1,1,12,4692,0.003296186246472237,0.15950435894846915,12,,0.968,0.09101377868652344,0.7786,0.7929202972412109,0.56,1.5879227294921876,0.5204,1.6644127380371094
vgg11_cifar10,resolution_max_b1,1,13,5083,0.0030427962913086395,0.6480272699546814,16,,0.868,0.3572548828125,0.7986,0.5872116638183593,0.868,0.3572548828125,0.7986,0.5872116638183593
vgg11_cifar10,resolution_max_b1,1,14,5474,0.0027833980942373526,0.38071912205934527,16,,0.93,0.222259033203125,0.8113,0.5743123428344726,0.93,0.222259033203125,0.8113,0.5743123428344726
vgg11_cifar10,resolution_max_b1,1,15,5865,0.0025208629481234496,0.2181136228632927,16,,0.972,0.09489498138427735,0.8114,0.6065126831054688,0.972,0.09489498138427735,0.8114,0.6065126831054688
vgg11_cifar10,resolution_max_b1,1,16,6256,0.0022580968688929426,0.10817435156404973,16,,0.992,0.0382805290222168,0.8204,0.6263763305664063,0.992,0.0382805290222168,0.8204,0.6263763305664063
vgg11_cifar10,resolution_max_b1,1,17,6647,0.0019980084286831713,0.04770229822129011,16,,0.998,0.01579530429840088,0.8229,0.6576213226318359,0.998,0.01579530429840088,0.8229,0.6576213226318359
vgg11_cifar10,resolution_max_b1,1,18,7038,0.0017434765606983522,0.024654620664417745,16,,1.0,0.005497397899627686,0.8334,0.6469341796875,1.0,0.005497397899627686,0.8334,0.6469341796875
vgg11_cifar10,resolution_max_b1,1,19,7429,0.0014973186921401005,0.013288541472181678,16,,1.0,0.0024560449123382567,0.8332,0.6550334075927734,1.0,0.0024560449123382567,0.8332,0.6550334075927734
vgg11_cifar10,resolution_max_b1,1,20,7820,0.0012622595579512698,0.008601429852433503,16,,1.0,0.0020950093269348144,0.8336,0.6613287719726563,1.0,0.0020950093269348144,0.8336,0.6613287719726563
vgg11_cifar10,resolution_max_b1,1,21,8211,0.0010409010405754784,0.006426754132825881,16,,1.0,0.001610341429710388,0.833,0.6724979248046875,1.0,0.001610341429710388,0.833,0.6724979248046875
vgg11_cifar10,resolution_max_b1,1,22,8602,0.0008356933695777008,0.0050593546211905776,16,,1.0,0.001046846866607666,0.8354,0.6648237579345703,1.0,0.001046846866607666,0.8354,0.6648237579345703
vgg11_cifar10,resolution_max_b1,1,23,8993,0.0006489079999188671,0.004447404118105769,16,,1.0,0.0011349451541900635,0.8337,0.6686629272460938,1.0,0.0011349451541900635,0.8337,0.6686629272460938
vgg11_cifar10,resolution_max_b1,1,24,9384,0.0004826124690963721,0.0038392092175595464,16,,1.0,0.0009436140060424805,0.8345,0.6748032409667969,1.0,0.0009436140060424805,0.8345,0.6748032409667969
vgg11_cifar10,resolution_max_b1,1,25,9775,0.0003386475114581614,0.003737007259149104,16,,1.0,0.0008292614817619324,0.8349,0.6678509033203125,1.0,0.0008292614817619324,0.8349,0.6678509033203125
vgg11_cifar10,resolution_max_b1,1,26,10166,0.00021860668301331375,0.0034721224045194685,16,,1.0,0.00078792142868042,0.8349,0.6683875030517578,1.0,0.00078792142868042,0.8349,0.6683875030517578
vgg11_cifar10,resolution_max_b1,1,27,10557,0.00012381872227320984,0.0032039753421582284,16,,1.0,0.0008451445102691651,0.8333,0.6822750793457031,1.0,0.0008451445102691651,0.8333,0.6822750793457031
vgg11_cifar10,resolution_max_b1,1,28,10948,5.53328423720989e-05,0.0033112148130498825,16,,1.0,0.0007912433743476868,0.835,0.668809048461914,1.0,0.0007912433743476868,0.835,0.668809048461914
vgg11_cifar10,resolution_max_b1,1,29,11339,1.3907117269393864e-05,0.0031037957704253493,16,,1.0,0.0008216667771339417,0.8346,0.6731076721191406,1.0,0.0008216667771339417,0.8346,0.6731076721191406
vgg11_cifar10,resolution_max_b1,1,30,11730,9.058745198409212e-11,0.0032938090699724852,16,,1.0,0.0007516043782234192,0.8344,0.6723009155273437,1.0,0.0007516043782234192,0.8344,0.6723009155273437
vgg11_cifar10,resolution_max_b1,2,0,0,8.333333333333333e-05,,,,0.1,2.303197509765625,0.1,2.303068225097656,0.09,2.3067138671875,0.0932,2.3067098876953125
vgg11_cifar10,resolution_max_b1,2,1,391,0.004990141512569891,1.3467242751312256,8,,0.654,0.9965718383789063,0.6369,1.022243246459961,0.138,12.0298955078125,0.1259,11.8804888671875
vgg11_cifar10,resolution_max_b1,2,2,782,0.004953056580549272,0.9505776329612732,8,,0.746,0.79869091796875,0.6862,0.8948464538574219,0.122,11.1563935546875,0.1269,11.07737900390625
vgg11_cifar10,resolution_max_b1,2,3,1173,0.004888818630747975,0.7822125570869446,8,,0.788,0.6244532470703125,0.7245,0.793381704711914,0.172,10.86053515625,0.1468,10.79913203125
vgg11_cifar10,resolution_max_b1,2,4,1564,0.004798138716554241,0.6597435588169098,8,,0.834,0.5455386352539062,0.7232,0.7970540649414063,0.122,11.549572265625,0.124,11.3448802734375
vgg11_cifar10,resolution_max_b1,2,5,1955,0.004682020578909872,0.5595758185291291,8,,0.86,0.4211397094726563,0.7394,0.7546027770996093,0.174,10.842572265625,0.169,10.937918603515625
vgg11_cifar10,resolution_max_b1,2,6,2346,0.004541749535846712,0.47542535475730896,8,,0.898,0.3063561706542969,0.7539,0.7391391937255859,0.16,11.103453125,0.1548,10.953786962890625
vgg11_cifar10,resolution_max_b1,2,7,2737,0.0043788782552308895,0.8670395014858245,12,,0.81,0.5529005737304687,0.7456,0.7284433532714844,0.482,1.758518310546875,0.4724,1.7745472045898438
vgg11_cifar10,resolution_max_b1,2,8,3128,0.004195209568197074,0.6102566263961792,12,,0.854,0.4483970947265625,0.766,0.6877504547119141,0.434,1.75494091796875,0.4306,1.7662213928222656
vgg11_cifar10,resolution_max_b1,2,9,3519,0.0039927765135118086,0.4751243042850494,12,,0.872,0.3667291259765625,0.763,0.7277526123046875,0.444,1.9265301513671875,0.4321,2.003715185546875
vgg11_cifar10,resolution_max_b1,2,10,3910,0.0037738198337559444,0.3537925868034363,12,,0.928,0.1994422607421875,0.7737,0.7083823211669922,0.404,2.0060986328125,0.4085,2.03822314453125
vgg11_cifar10,resolution_max_b1,2,11,4301,0.0035407631724221527,0.2469479562139511,12,,0.954,0.15058134460449218,0.7746,0.7462290405273437,0.476,1.79393310546875,0.4592,1.845435870361328
vgg11_cifar10,resolution_max_b1,2,12,4692,0.003296186246472237,0.1642117505723238,12,,0.948,0.14046826171875,0.7747,0.8377484680175781,0.43,2.4698193359375,0.3982,2.4858202392578126
vgg11_cifar10,resolution_max_b1,2,13,5083,0.0030427962913086395,0.6582704259872436,16,,0.85,0.400404541015625,0.7972,0.5812289093017579,0.85,0.400404541015625,0.7972,0.5812289093017579
vgg11_cifar10,resolution_max_b1,2,14,5474,0.0027833980942373526,0.3813568038082123,16,,0.936,0.20957022094726563,0.811,0.581410336303711,0.936,0.20957022094726563,0.811,0.581410336303711
vgg11_cifar10,resolution_max_b1,2,15,5865,0.0025208629481234496,0.22393102521061897,16,,0.952,0.12999237060546875,0.8105,0.6214493286132813,0.952,0.12999237060546875,0.8105,0.6214493286132813
vgg11_cifar10,resolution_max_b1,2,16,6256,0.0022580968688929426,0.11306244481146335,16,,0.99,0.04632318878173828,0.8169,0.6337474609375,0.99,0.04632318878173828,0.8169,0.6337474609375
vgg11_cifar10,resolution_max_b1,2,17,6647,0.0019980084286831713,0.05194888981342315,16,,1.0,0.014474807739257812,0.8267,0.6596096954345703,1.0,0.014474807739257812,0.8267,0.6596096954345703
vgg11_cifar10,resolution_max_b1,2,18,7038,0.0017434765606983522,0.023219360139518978,16,,1.0,0.0061198115348815914,0.8286,0.6623242889404297,1.0,0.0061198115348815914,0.8286,0.6623242889404297
vgg11_cifar10,resolution_max_b1,2,19,7429,0.0014973186921401005,0.012655082697495818,16,,1.0,0.004296140670776367,0.8298,0.6692545379638671,1.0,0.004296140670776367,0.8298,0.6692545379638671
vgg11_cifar10,resolution_max_b1,2,20,7820,0.0012622595579512698,0.009200723803117872,16,,1.0,0.001631689190864563,0.8337,0.6760054290771484,1.0,0.001631689190864563,0.8337,0.6760054290771484
vgg11_cifar10,resolution_max_b1,2,21,8211,0.0010409010405754784,0.006512006611227989,16,,1.0,0.0012737494707107545,0.8323,0.6758013214111328,1.0,0.0012737494707107545,0.8323,0.6758013214111328
vgg11_cifar10,resolution_max_b1,2,22,8602,0.0008356933695777008,0.0051999480948969725,16,,1.0,0.001018383502960205,0.8351,0.6760753997802734,1.0,0.001018383502960205,0.8351,0.6760753997802734
vgg11_cifar10,resolution_max_b1,2,23,8993,0.0006489079999188671,0.004744719930347055,16,,1.0,0.000883722186088562,0.8326,0.6863969024658203,1.0,0.000883722186088562,0.8326,0.6863969024658203
vgg11_cifar10,resolution_max_b1,2,24,9384,0.0004826124690963721,0.004343518650773912,16,,1.0,0.0008197457790374756,0.8341,0.6798734191894531,1.0,0.0008197457790374756,0.8341,0.6798734191894531
vgg11_cifar10,resolution_max_b1,2,25,9775,0.0003386475114581614,0.0034975668328255413,16,,1.0,0.0007691069841384888,0.8357,0.6805714385986328,1.0,0.0007691069841384888,0.8357,0.6805714385986328
vgg11_cifar10,resolution_max_b1,2,26,10166,0.00021860668301331375,0.003435518365073949,16,,1.0,0.0007704386711120606,0.8345,0.6864639801025391,1.0,0.0007704386711120606,0.8345,0.6864639801025391
vgg11_cifar10,resolution_max_b1,2,27,10557,0.00012381872227320984,0.003630790302082896,16,,1.0,0.000731279730796814,0.8359,0.6865177001953126,1.0,0.000731279730796814,0.8359,0.6865177001953126
vgg11_cifar10,resolution_max_b1,2,28,10948,5.53328423720989e-05,0.0033070492312312124,16,,1.0,0.0008322358131408692,0.8352,0.6932271545410156,1.0,0.0008322358131408692,0.8352,0.6932271545410156
vgg11_cifar10,resolution_max_b1,2,29,11339,1.3907117269393864e-05,0.0031556091406568887,16,,1.0,0.0007539408802986145,0.832,0.6882697052001953,1.0,0.0007539408802986145,0.832,0.6882697052001953
vgg11_cifar10,resolution_max_b1,2,30,11730,9.058745198409212e-11,0.003378824288994074,16,,1.0,0.0007711806893348694,0.8363,0.6842972625732422,1.0,0.0007711806893348694,0.8363,0.6842972625732422
vgg11_cifar10,resolution_max_b1_gaussian_conv,0,0,0,8.333333333333333e-05,,,,0.1,2.302958251953125,0.1,2.3029372314453127,0.1,2.3072568359375,0.1,2.3063805908203125
vgg11_cifar10,resolution_max_b1_gaussian_conv,0,1,391,0.004990141512569891,1.4030573348236084,8,1.0,0.558,1.222915283203125,0.5596,1.2156529235839844,0.1,53.49508984375,0.1,54.0125103515625
vgg11_cifar10,resolution_max_b1_gaussian_conv,0,2,782,0.004953056580549272,1.0203104750823975,8,1.0,0.66,0.9447625122070312,0.6539,0.981357583618164,0.1,57.82687890625,0.1003,58.1092544921875
vgg11_cifar10,resolution_max_b1_gaussian_conv,0,3,1173,0.004888818630747975,0.8598217416000367,8,1.0,0.734,0.7673125610351562,0.6941,0.870548193359375,0.104,41.54520703125,0.1051,41.87998984375
vgg11_cifar10,resolution_max_b1_gaussian_conv,0,4,1564,0.004798138716554241,0.7531866801834106,8,0.85,0.802,0.6085391235351563,0.7279,0.7807405731201172,0.114,30.475275390625,0.1092,30.49320673828125
vgg11_cifar10,resolution_max_b1_gaussian_conv,0,5,1955,0.004682020578909872,0.6513698398590088,8,0.85,0.81,0.5605181884765625,0.7343,0.7652190032958984,0.112,26.149232421875,0.1159,26.22529697265625
vgg11_cifar10,resolution_max_b1_gaussian_conv,0,6,2346,0.004541749535846712,0.5741829180049897,8,0.85,0.824,0.5084781799316406,0.7352,0.7535892303466797,0.132,25.87316015625,0.1225,25.76947431640625
vgg11_cifar10,resolution_max_b1_gaussian_conv,0,7,2737,0.0043788782552308895,0.788438851852417,12,0.7,0.794,0.586332763671875,0.7439,0.7313399597167969,0.208,12.79598828125,0.207,12.718347119140626
vgg11_cifar10,resolution_max_b1_gaussian_conv,0,8,3128,0.004195209568197074,0.6133090728855133,12,0.7,0.842,0.506950927734375,0.7549,0.7119313934326171,0.222,10.37120703125,0.2058,10.3967798828125
vgg11_cifar10,resolution_max_b1_gaussian_conv,0,9,3519,0.0039927765135118086,0.5215580055332184,12,0.7,0.84,0.41121859741210937,0.7671,0.684459017944336,0.196,13.39377734375,0.1824,13.58688447265625
vgg11_cifar10,resolution_max_b1_gaussian_conv,0,10,3910,0.0037738198337559444,0.4611338297557831,12,0.6,0.89,0.32534552001953126,0.7774,0.6485608215332032,0.334,4.60991015625,0.3297,4.514987121582031
vgg11_cifar10,resolution_max_b1_gaussian_conv,0,11,4301,0.0035407631724221527,0.3660309444618225,12,0.6,0.918,0.22876507568359375,0.7947,0.6160260986328125,0.3,5.5435517578125,0.2962,5.577422875976563
vgg11_cifar10,resolution_max_b1_gaussian_conv,0,12,4692,0.003296186246472237,0.2914030377173424,12,0.6,0.928,0.20270724487304687,0.7954,0.6547290710449218,0.35,5.8970126953125,0.2942,6.132997192382812
vgg11_cifar10,resolution_max_b1_gaussian_conv,0,13,5083,0.0030427962913086395,0.5170139394474029,16,0.5,0.9,0.29272482299804686,0.7984,0.5893875839233399,0.552,3.054744140625,0.5455,3.2934655517578126
vgg11_cifar10,resolution_max_b1_gaussian_conv,0,14,5474,0.0027833980942373526,0.34984294032096863,16,0.5,0.936,0.2252362060546875,0.8141,0.5528127197265625,0.568,2.9485400390625,0.5449,3.3367896118164064
vgg11_cifar10,resolution_max_b1_gaussian_conv,0,15,5865,0.0025208629481234496,0.268854595887661,16,0.5,0.952,0.15791879272460937,0.8226,0.5545849594116211,0.502,4.0469384765625,0.4884,4.611915991210937
vgg11_cifar10,resolution_max_b1_gaussian_conv,0,16,6256,0.0022580968688929426,0.2462092147243023,16,0.4,0.974,0.11715040588378907,0.8275,0.5507859893798828,0.892,0.3529166259765625,0.7618,0.9031455810546875
vgg11_cifar10,resolution_max_b1_gaussian_conv,0,17,6647,0.0019980084286831713,0.14078230454206467,16,0.4,0.992,0.05164797592163086,0.8368,0.550573307800293,0.912,0.22550346374511718,0.7737,0.8709246765136719
vgg11_cifar10,resolution_max_b1_gaussian_conv,0,18,7038,0.0017434765606983522,0.07730890922218561,16,0.4,0.998,0.02532872200012207,0.8436,0.5453730026245117,0.89,0.31281903076171874,0.7501,1.092661944580078
vgg11_cifar10,resolution_max_b1_gaussian_conv,0,19,7429,0.0014973186921401005,0.0741829359561205,16,0.3,1.0,0.015175848960876466,0.8388,0.5547322341918945,1.0,0.015769354820251463,0.8372,0.5664749099731445
vgg11_cifar10,resolution_max_b1_gaussian_conv,0,20,7820,0.0012622595579512698,0.03526643260076642,16,0.3,1.0,0.007194048881530761,0.8445,0.5739943298339844,1.0,0.007349893569946289,0.8431,0.5847415710449219
vgg11_cifar10,resolution_max_b1_gaussian_conv,0,21,8211,0.0010409010405754784,0.021081962784230707,16,0.3,1.0,0.004860691547393799,0.8445,0.5751891815185547,1.0,0.004609610557556152,0.8433,0.5831831436157227
vgg11_cifar10,resolution_max_b1_gaussian_conv,0,22,8602,0.0008356933695777008,0.017669326328486203,16,0.0,1.0,0.00306067419052124,0.8457,0.5768806427001953,1.0,0.00306067419052124,0.8457,0.5768806427001953
vgg11_cifar10,resolution_max_b1_gaussian_conv,0,23,8993,0.0006489079999188671,0.013025035904869437,16,0.0,1.0,0.0026623363494873045,0.8488,0.5776827087402344,1.0,0.0026623363494873045,0.8488,0.5776827087402344
vgg11_cifar10,resolution_max_b1_gaussian_conv,0,24,9384,0.0004826124690963721,0.011236422416716813,16,0.0,1.0,0.002226219415664673,0.8473,0.5814513275146485,1.0,0.002226219415664673,0.8473,0.5814513275146485
vgg11_cifar10,resolution_max_b1_gaussian_conv,0,25,9775,0.0003386475114581614,0.010205061396211386,16,0.0,1.0,0.0020576205253601074,0.8476,0.5884221572875976,1.0,0.0020576205253601074,0.8476,0.5884221572875976
vgg11_cifar10,resolution_max_b1_gaussian_conv,0,26,10166,0.00021860668301331375,0.009872358714938164,16,0.0,1.0,0.0017563585042953492,0.8471,0.5890903976440429,1.0,0.0017563585042953492,0.8471,0.5890903976440429
vgg11_cifar10,resolution_max_b1_gaussian_conv,0,27,10557,0.00012381872227320984,0.00852130956672132,16,0.0,1.0,0.001975231885910034,0.8474,0.5862089431762695,1.0,0.001975231885910034,0.8474,0.5862089431762695
vgg11_cifar10,resolution_max_b1_gaussian_conv,0,28,10948,5.53328423720989e-05,0.008550577936097979,16,0.0,1.0,0.0016585721969604491,0.8479,0.5864337310791016,1.0,0.0016585721969604491,0.8479,0.5864337310791016
vgg11_cifar10,resolution_max_b1_gaussian_conv,0,29,11339,1.3907117269393864e-05,0.007975412491485477,16,0.0,1.0,0.001632112145423889,0.8485,0.5877899627685547,1.0,0.001632112145423889,0.8485,0.5877899627685547
vgg11_cifar10,resolution_max_b1_gaussian_conv,0,30,11730,9.058745198409212e-11,0.008120583190619946,16,0.0,1.0,0.0017499326467514038,0.8505,0.5857569564819336,1.0,0.0017499326467514038,0.8505,0.5857569564819336
vgg11_cifar10,resolution_max_b1_gaussian_conv,1,0,0,8.333333333333333e-05,,,,0.1,2.302870849609375,0.1,2.302846630859375,0.116,2.30702197265625,0.1144,2.3069069946289065
vgg11_cifar10,resolution_max_b1_gaussian_conv,1,1,391,0.004990141512569891,1.409978255882263,8,1.0,0.598,1.172268310546875,0.5707,1.1955729553222656,0.1,37.93028515625,0.095,38.029640234375
vgg11_cifar10,resolution_max_b1_gaussian_conv,1,2,782,0.004953056580549272,1.0233221350479127,8,1.0,0.714,0.8623746948242188,0.6737,0.9269692535400391,0.098,55.528234375,0.0999,55.1608658203125
vgg11_cifar10,resolution_max_b1_gaussian_conv,1,3,1173,0.004888818630747975,0.8773050102615356,8,1.0,0.748,0.7225667724609375,0.7008,0.8505176452636719,0.094,39.8861015625,0.1022,39.8910107421875
vgg11_cifar10,resolution_max_b1_gaussian_conv,1,4,1564,0.004798138716554241,0.7563915310478211,8,0.85,0.774,0.6657298583984375,0.7145,0.810402978515625,0.1,25.091232421875,0.1012,24.9546765625
vgg11_cifar10,resolution_max_b1_gaussian_conv,1,5,1955,0.004682020578909872,0.656919740896225,8,0.85,0.836,0.5004563293457032,0.7386,0.7436276763916015,0.1,23.451583984375,0.1008,23.164580078125
vgg11_cifar10,resolution_max_b1_gaussian_conv,1,6,2346,0.004541749535846712,0.5753360892868042,8,0.85,0.83,0.45446624755859377,0.7463,0.7438007232666015,0.1,27.48096875,0.1004,27.01785
vgg11_cifar10,resolution_max_b1_gaussian_conv,1,7,2737,0.0043788782552308895,0.7879681973648072,12,0.7,0.804,0.5454298706054688,0.7476,0.7307769378662109,0.188,7.404134765625,0.1852,7.28559033203125
vgg11_cifar10,resolution_max_b1_gaussian_conv,1,8,3128,0.004195209568197074,0.6233839409542083,12,0.7,0.83,0.53367431640625,0.759,0.7128133819580078,0.138,13.1988564453125,0.134,12.993736962890624
vgg11_cifar10,resolution_max_b1_gaussian_conv,1,9,3519,0.0039927765135118086,0.5320753116226197,12,0.7,0.866,0.3745740966796875,0.7721,0.6693475067138672,0.228,9.019986328125,0.2373,8.973092529296874
vgg11_cifar10,resolution_max_b1_gaussian_conv,1,10,3910,0.0037738198337559444,0.4544155677509308,12,0.6,0.886,0.32300357055664064,0.7687,0.6811649719238281,0.376,3.768968505859375,0.3673,3.8276689575195313
vgg11_cifar10,resolution_max_b1_gaussian_conv,1,11,4301,0.0035407631724221527,0.3696491388893127,12,0.6,0.9,0.284547119140625,0.7797,0.6683547729492187,0.184,7.4884658203125,0.1852,7.6705630615234375
vgg11_cifar10,resolution_max_b1_gaussian_conv,1,12,4692,0.003296186246472237,0.2958321388196945,12,0.6,0.948,0.1729464111328125,0.7787,0.6828748626708985,0.314,5.24835400390625,0.3179,5.490707446289062
vgg11_cifar10,resolution_max_b1_gaussian_conv,1,13,5083,0.0030427962913086395,0.519823435087204,16,0.5,0.892,0.30733599853515625,0.7984,0.5952804016113281,0.548,3.430065185546875,0.5078,3.7127464233398437
vgg11_cifar10,resolution_max_b1_gaussian_conv,1,14,5474,0.0027833980942373526,0.3637782949781418,16,0.5,0.922,0.2042826843261719,0.8127,0.5611508056640625,0.588,3.124623046875,0.5499,3.3767753051757814
vgg11_cifar10,resolution_max_b1_gaussian_conv,1,15,5865,0.0025208629481234496,0.2741150027990341,16,0.5,0.94,0.17038302612304687,0.8112,0.5793972045898438,0.518,4.15714306640625,0.4705,4.6394864990234375
vgg11_cifar10,resolution_max_b1_gaussian_conv,1,16,6256,0.0022580968688929426,0.25087475890755656,16,0.4,0.96,0.12905476379394532,0.8241,0.5412759338378906,0.902,0.29601177978515625,0.7758,0.7803764434814453
vgg11_cifar10,resolution_max_b1_gaussian_conv,1,17,6647,0.0019980084286831713,0.14002360635817052,16,0.4,0.992,0.06192227935791016,0.8221,0.5816310073852539,0.91,0.25768707275390623,0.7641,0.9053817504882813
vgg11_cifar10,resolution_max_b1_gaussian_conv,1,18,7038,0.0017434765606983522,0.08426143112063408,16,0.4,0.994,0.033540252685546876,0.8356,0.5647803924560547,0.926,0.20321109008789062,0.7814,0.8815187683105469
vgg11_cifar10,resolution_max_b1_gaussian_conv,1,19,7429,0.0014973186921401005,0.07691454736590385,16,0.3,0.998,0.026218990325927734,0.833,0.5697340469360351,0.998,0.025903682708740234,0.8314,0.5799451644897461
vgg11_cifar10,resolution_max_b1_gaussian_conv,1,20,7820,0.0012622595579512698,0.03848792742192745,16,0.3,0.998,0.010422744750976563,0.8394,0.565404344177246,0.998,0.011544759750366212,0.8362,0.5786199462890625
vgg11_cifar10,resolution_max_b1_gaussian_conv,1,21,8211,0.0010409010405754784,0.02369066325381398,16,0.3,1.0,0.007587289810180664,0.8349,0.5905496490478516,1.0,0.007685272693634033,0.8323,0.6029925247192383
vgg11_cifar10,resolution_max_b1_gaussian_conv,1,22,8602,0.0008356933695777008,0.017668982377648353,16,0.0,1.0,0.004473169326782226,0.8409,0.575659147644043,1.0,0.004473169326782226,0.8409,0.575659147644043
vgg11_cifar10,resolution_max_b1_gaussian_conv,1,23,8993,0.0006489079999188671,0.013779278225898743,16,0.0,1.0,0.003584421157836914,0.8416,0.5784587005615235,1.0,0.003584421157836914,0.8416,0.5784587005615235
vgg11_cifar10,resolution_max_b1_gaussian_conv,1,24,9384,0.0004826124690963721,0.011510602727532387,16,0.0,1.0,0.002954472303390503,0.8425,0.5857452331542968,1.0,0.002954472303390503,0.8425,0.5857452331542968
vgg11_cifar10,resolution_max_b1_gaussian_conv,1,25,9775,0.0003386475114581614,0.010284062303341925,16,0.0,1.0,0.0025079617500305177,0.8421,0.5822593765258789,1.0,0.0025079617500305177,0.8421,0.5822593765258789
vgg11_cifar10,resolution_max_b1_gaussian_conv,1,26,10166,0.00021860668301331375,0.009452429580539465,16,0.0,1.0,0.002403334140777588,0.8437,0.5835181213378906,1.0,0.002403334140777588,0.8437,0.5835181213378906
vgg11_cifar10,resolution_max_b1_gaussian_conv,1,27,10557,0.00012381872227320984,0.00880787497922778,16,0.0,1.0,0.0023562283515930174,0.8434,0.5937108032226562,1.0,0.0023562283515930174,0.8434,0.5937108032226562
vgg11_cifar10,resolution_max_b1_gaussian_conv,1,28,10948,5.53328423720989e-05,0.008583333098962902,16,0.0,1.0,0.002270392417907715,0.8431,0.5874070037841796,1.0,0.002270392417907715,0.8431,0.5874070037841796
vgg11_cifar10,resolution_max_b1_gaussian_conv,1,29,11339,1.3907117269393864e-05,0.00833190840959549,16,0.0,1.0,0.002227017402648926,0.8425,0.5871873382568359,1.0,0.002227017402648926,0.8425,0.5871873382568359
vgg11_cifar10,resolution_max_b1_gaussian_conv,1,30,11730,9.058745198409212e-11,0.008532576452344657,16,0.0,1.0,0.0021264047622680665,0.844,0.5892296081542969,1.0,0.0021264047622680665,0.844,0.5892296081542969
vgg11_cifar10,resolution_max_b1_gaussian_conv,2,0,0,8.333333333333333e-05,,,,0.1,2.3030625,0.1,2.3030382568359373,0.09,2.3067138671875,0.0932,2.3067098876953125
vgg11_cifar10,resolution_max_b1_gaussian_conv,2,1,391,0.004990141512569891,1.4072129943466187,8,1.0,0.578,1.1494267578125,0.57,1.1829586547851563,0.1,53.323,0.1009,53.4742474609375
vgg11_cifar10,resolution_max_b1_gaussian_conv,2,2,782,0.004953056580549272,1.0291154425430298,8,1.0,0.678,0.8833347778320313,0.6611,0.9692107208251953,0.126,31.47445703125,0.1177,31.7856193359375
vgg11_cifar10,resolution_max_b1_gaussian_conv,2,3,1173,0.004888818630747975,0.8698536492538452,8,1.0,0.73,0.8087681884765625,0.6869,0.9043858764648437,0.102,36.89905859375,0.1009,36.5699884765625
vgg11_cifar10,resolution_max_b1_gaussian_conv,2,4,1564,0.004798138716554241,0.7586301098442078,8,0.85,0.762,0.653308349609375,0.716,0.8170163391113281,0.1,23.36135546875,0.1003,23.10294326171875
vgg11_cifar10,resolution_max_b1_gaussian_conv,2,5,1955,0.004682020578909872,0.6549417186737061,8,0.85,0.82,0.5277815551757813,0.7408,0.734478173828125,0.142,17.42351171875,0.1364,17.68755224609375
vgg11_cifar10,resolution_max_b1_gaussian_conv,2,6,2346,0.004541749535846712,0.5808091426181793,8,0.85,0.842,0.4462734375,0.7516,0.7255243438720703,0.108,21.496578125,0.1181,21.429896875
vgg11_cifar10,resolution_max_b1_gaussian_conv,2,7,2737,0.0043788782552308895,0.7912094696998596,12,0.7,0.794,0.5750408935546875,0.7434,0.7411866882324218,0.214,7.94379296875,0.2282,7.83425576171875
vgg11_cifar10,resolution_max_b1_gaussian_conv,2,8,3128,0.004195209568197074,0.6144025104522705,12,0.7,0.822,0.515121337890625,0.7618,0.700900634765625,0.164,11.8898388671875,0.1782,11.699321533203126
vgg11_cifar10,resolution_max_b1_gaussian_conv,2,9,3519,0.0039927765135118086,0.5319897252941131,12,0.7,0.844,0.438345947265625,0.7666,0.6824431732177735,0.178,12.9302421875,0.184,12.800854296875
vgg11_cifar10,resolution_max_b1_gaussian_conv,2,10,3910,0.0037738198337559444,0.4661119776582718,12,0.6,0.876,0.33915081787109375,0.7775,0.653720425415039,0.192,7.1608857421875,0.2002,7.068396557617188
vgg11_cifar10,resolution_max_b1_gaussian_conv,2,11,4301,0.0035407631724221527,0.36844810137271883,12,0.6,0.924,0.23819503784179688,0.7853,0.6686843963623047,0.33,4.7999501953125,0.3239,4.782108374023437
vgg11_cifar10,resolution_max_b1_gaussian_conv,2,12,4692,0.003296186246472237,0.29384075805187226,12,0.6,0.946,0.16911363220214845,0.7972,0.6480114501953125,0.222,7.036908203125,0.2224,7.118257641601563
vgg11_cifar10,resolution_max_b1_gaussian_conv,2,13,5083,0.0030427962913086395,0.5181675240516662,16,0.5,0.858,0.3401859130859375,0.8046,0.5756972671508789,0.494,3.900275390625,0.478,3.9910838745117188
vgg11_cifar10,resolution_max_b1_gaussian_conv,2,14,5474,0.0027833980942373526,0.3561817444181442,16,0.5,0.934,0.22418156433105468,0.8168,0.558223178100586,0.53,3.148740478515625,0.525,3.4685609130859376
vgg11_cifar10,resolution_max_b1_gaussian_conv,2,15,5865,0.0025208629481234496,0.27773048805475237,16,0.5,0.91,0.22777986145019533,0.8087,0.5985815170288086,0.434,5.282521484375,0.404,5.775625927734375
vgg11_cifar10,resolution_max_b1_gaussian_conv,2,16,6256,0.0022580968688929426,0.2520605207538605,16,0.4,0.962,0.1231549072265625,0.8249,0.5453910720825196,0.884,0.361491943359375,0.765,0.8690896911621093
vgg11_cifar10,resolution_max_b1_gaussian_conv,2,17,6647,0.0019980084286831713,0.14557522727251052,16,0.4,0.99,0.057205848693847657,0.8331,0.5492867904663086,0.926,0.2157005615234375,0.7878,0.8023596008300782
vgg11_cifar10,resolution_max_b1_gaussian_conv,2,18,7038,0.0017434765606983522,0.08220997463226318,16,0.4,0.994,0.028757091522216796,0.8347,0.5637118896484375,0.936,0.16788650512695313,0.775,0.9131359497070313
vgg11_cifar10,resolution_max_b1_gaussian_conv,2,19,7429,0.0014973186921401005,0.0783303957259655,16,0.3,0.998,0.023812591552734377,0.8363,0.5647488540649414,0.994,0.02544694137573242,0.8337,0.5727705276489258
vgg11_cifar10,resolution_max_b1_gaussian_conv,2,20,7820,0.0012622595579512698,0.03947605095177889,16,0.3,1.0,0.01004267978668213,0.8356,0.5864953582763672,1.0,0.01055669116973877,0.8333,0.5985096740722656
vgg11_cifar10,resolution_max_b1_gaussian_conv,2,21,8211,0.0010409010405754784,0.022783057764321567,16,0.3,1.0,0.006884374618530273,0.8415,0.5904074142456055,1.0,0.007120829582214355,0.8396,0.602187467956543
vgg11_cifar10,resolution_max_b1_gaussian_conv,2,22,8602,0.0008356933695777008,0.018063698260486125,16,0.0,1.0,0.004737156867980957,0.8425,0.5870342529296875,1.0,0.004737156867980957,0.8425,0.5870342529296875
vgg11_cifar10,resolution_max_b1_gaussian_conv,2,23,8993,0.0006489079999188671,0.013804580277577043,16,0.0,1.0,0.003713012456893921,0.8415,0.5923101150512695,1.0,0.003713012456893921,0.8415,0.5923101150512695
vgg11_cifar10,resolution_max_b1_gaussian_conv,2,24,9384,0.0004826124690963721,0.01227430749066174,16,0.0,1.0,0.002851123809814453,0.8416,0.5973893600463868,1.0,0.002851123809814453,0.8416,0.5973893600463868
vgg11_cifar10,resolution_max_b1_gaussian_conv,2,25,9775,0.0003386475114581614,0.009604069983586669,16,0.0,1.0,0.0026494112014770507,0.8444,0.5969971099853516,1.0,0.0026494112014770507,0.8444,0.5969971099853516
vgg11_cifar10,resolution_max_b1_gaussian_conv,2,26,10166,0.00021860668301331375,0.009298146766945719,16,0.0,1.0,0.002397236347198486,0.8429,0.6053280029296875,1.0,0.002397236347198486,0.8429,0.6053280029296875
vgg11_cifar10,resolution_max_b1_gaussian_conv,2,27,10557,0.00012381872227320984,0.008912785198912025,16,0.0,1.0,0.0025021462440490724,0.8432,0.601557243347168,1.0,0.0025021462440490724,0.8432,0.601557243347168
vgg11_cifar10,resolution_max_b1_gaussian_conv,2,28,10948,5.53328423720989e-05,0.008731182128861547,16,0.0,1.0,0.0026235218048095703,0.84,0.6058983947753906,1.0,0.0026235218048095703,0.84,0.6058983947753906
vgg11_cifar10,resolution_max_b1_gaussian_conv,2,29,11339,1.3907117269393864e-05,0.008457152331657707,16,0.0,1.0,0.0024460105895996094,0.8417,0.6049271697998047,1.0,0.0024460105895996094,0.8417,0.6049271697998047
vgg11_cifar10,resolution_max_b1_gaussian_conv,2,30,11730,9.058745198409212e-11,0.008637831766828894,16,0.0,1.0,0.002400256633758545,0.8418,0.6031362579345703,1.0,0.002400256633758545,0.8418,0.6031362579345703
