method,seed,a,b,train_ce,test_ce,source,policy
gaussian_postrelu,0,-0.5,-0.5,4.235244873046875,4.112440673828125,maxmonstre/eval/grid__gaussian__seed0__epoch_030__r-_G0__probes__f32.jsonl,recalibrated
gaussian_postrelu,0,-0.5,-0.475,4.142726806640625,4.00549072265625,maxmonstre/eval/grid__gaussian__seed0__epoch_030__r-_G0__probes__f32.jsonl,recalibrated
gaussian_postrelu,0,-0.5,-0.45,4.046219604492188,3.901080322265625,maxmonstre/eval/grid__gaussian__seed0__epoch_030__r-_G0__probes__f32.jsonl,recalibrated
gaussian_postrelu,0,-0.5,-0.425,3.950439453125,3.8014910888671873,maxmonstre/eval/grid__gaussian__seed0__epoch_030__r-_G0__probes__f32.jsonl,recalibrated
gaussian_postrelu,0,-0.5,-0.4,3.858342895507812,3.703338623046875,maxmonstre/eval/grid__gaussian__seed0__epoch_030__r-_G0__probes__f32.jsonl,recalibrated
gaussian_postrelu,0,-0.5,-0.375,3.7669720458984375,3.609058349609375,maxmonstre/eval/grid__gaussian__seed0__epoch_030__r-_G0__probes__f32.jsonl,recalibrated
gaussian_postrelu,0,-0.5,-0.35,3.6885133056640624,3.5248828125,maxmonstre/eval/grid__gaussian__seed0__epoch_030__r-_G0__probes__f32.jsonl,recalibrated
gaussian_postrelu,0,-0.5,-0.325,3.618927734375,3.457049560546875,maxmonstre/eval/grid__gaussian__seed0__epoch_030__r-_G0__probes__f32.jsonl,recalibrated
gaussian_postrelu,0,-0.5,-0.3,3.5551668701171875,3.3993404541015626,maxmonstre/eval/grid__gaussian__seed0__epoch_030__r-_G0__probes__f32.jsonl,recalibrated
gaussian_postrelu,0,-0.5,-0.275,3.5023115234375,3.352961181640625,maxmonstre/eval/grid__gaussian__seed0__epoch_030__r-_G0__probes__f32.jsonl,recalibrated
gaussian_postrelu,0,-0.5,-0.25,3.4633248291015626,3.317092529296875,maxmonstre/eval/grid__gaussian__seed0__epoch_030__r-_G0__probes__f32.jsonl,recalibrated
gaussian_postrelu,0,-0.5,-0.225,3.433005859375,3.2849378662109374,maxmonstre/eval/grid__gaussian__seed0__epoch_030__r-_G0__probes__f32.jsonl,recalibrated
gaussian_postrelu,0,-0.5,-0.2,3.4055364990234374,3.2581749267578126,maxmonstre/eval/grid__gaussian__seed0__epoch_030__r-_G0__probes__f32.jsonl,recalibrated
gaussian_postrelu,0,-0.5,-0.175,3.3903031005859376,3.2390634765625,maxmonstre/eval/grid__gaussian__seed0__epoch_030__r-_G0__probes__f32.jsonl,recalibrated
gaussian_postrelu,0,-0.5,-0.15,3.3914068603515624,3.2253375244140625,maxmonstre/eval/grid__gaussian__seed0__epoch_030__r-_G0__probes__f32.jsonl,recalibrated
gaussian_postrelu,0,-0.5,-0.125,3.397189453125,3.2190230712890626,maxmonstre/eval/grid__gaussian__seed0__epoch_030__r-_G0__probes__f32.jsonl,recalibrated
gaussian_postrelu,0,-0.5,-0.1,3.4098848876953123,3.221097900390625,maxmonstre/eval/grid__gaussian__seed0__epoch_030__r-_G0__probes__f32.jsonl,recalibrated
gaussian_postrelu,0,-0.5,-0.075,3.4348663330078124,3.235455810546875,maxmonstre/eval/grid__gaussian__seed0__epoch_030__r-_G0__probes__f32.jsonl,recalibrated
gaussian_postrelu,0,-0.5,-0.05,3.4627003173828124,3.2571192626953125,maxmonstre/eval/grid__gaussian__seed0__epoch_030__r-_G0__probes__f32.jsonl,recalibrated
gaussian_postrelu,0,-0.5,-0.025,3.4852960205078123,3.282321166992188,maxmonstre/eval/grid__gaussian__seed0__epoch_030__r-_G0__probes__f32.jsonl,recalibrated
gaussian_postrelu,0,-0.5,0.0,3.5081240234375,3.3081318359375,maxmonstre/eval/grid__gaussian__seed0__epoch_030__r-_G0__probes__f32.jsonl,recalibrated
gaussian_postrelu,0,-0.5,0.025,3.5286751708984374,3.335486083984375,maxmonstre/eval/grid__gaussian__seed0__epoch_030__r-_G0__probes__f32.jsonl,recalibrated
gaussian_postrelu,0,-0.5,0.05,3.544418334960937,3.3613858642578127,maxmonstre/eval/grid__gaussian__seed0__epoch_030__r-_G0__probes__f32.jsonl,recalibrated
gaussian_postrelu,0,-0.5,0.075,3.5580379638671875,3.387771240234375,maxmonstre/eval/grid__gaussian__seed0__epoch_030__r-_G0__probes__f32.jsonl,recalibrated
gaussian_postrelu,0,-0.5,0.1,3.566393798828125,3.4210836181640625,maxmonstre/eval/grid__gaussian__seed0__epoch_030__r-_G0__probes__f32.jsonl,recalibrated
gaussian_postrelu,0,-0.5,0.125,3.571335205078125,3.45483203125,maxmonstre/eval/grid__gaussian__seed0__epoch_030__r-_G0__probes__f32.jsonl,recalibrated
gaussian_postrelu,0,-0.5,0.15,3.57565771484375,3.485357666015625,maxmonstre/eval/grid__gaussian__seed0__epoch_030__r-_G0__probes__f32.jsonl,recalibrated
gaussian_postrelu,0,-0.5,0.175,3.573343017578125,3.502591552734375,maxmonstre/eval/grid__gaussian__seed0__epoch_030__r-_G0__probes__f32.jsonl,recalibrated
gaussian_postrelu,0,-0.5,0.2,3.5714083251953124,3.508405639648437,maxmonstre/eval/grid__gaussian__seed0__epoch_030__r-_G0__probes__f32.jsonl,recalibrated
gaussian_postrelu,0,-0.5,0.225,3.5661119384765625,3.505032104492188,maxmonstre/eval/grid__gaussian__seed0__epoch_030__r-_G0__probes__f32.jsonl,recalibrated
gaussian_postrelu,0,-0.5,0.25,3.556997802734375,3.495222900390625,maxmonstre/eval/grid__gaussian__seed0__epoch_030__r-_G0__probes__f32.jsonl,recalibrated
gaussian_postrelu,0,-0.5,0.275,3.5488665771484373,3.484671142578125,maxmonstre/eval/grid__gaussian__seed0__epoch_030__r-_G0__probes__f32.jsonl,recalibrated
gaussian_postrelu,0,-0.5,0.3,3.543443359375,3.472959838867188,maxmonstre/eval/grid__gaussian__seed0__epoch_030__r-_G0__probes__f32.jsonl,recalibrated
gaussian_postrelu,0,-0.5,0.325,3.5416021728515625,3.463572143554688,maxmonstre/eval/grid__gaussian__seed0__epoch_030__r-_G0__probes__f32.jsonl,recalibrated
gaussian_postrelu,0,-0.5,0.35,3.5446458740234377,3.46092578125,maxmonstre/eval/grid__gaussian__seed0__epoch_030__r-_G0__probes__f32.jsonl,recalibrated
gaussian_postrelu,0,-0.5,0.375,3.550748046875,3.461546142578125,maxmonstre/eval/grid__gaussian__seed0__epoch_030__r-_G0__probes__f32.jsonl,recalibrated
gaussian_postrelu,0,-0.5,0.4,3.558266845703125,3.4677510986328124,maxmonstre/eval/grid__gaussian__seed0__epoch_030__r-_G0__probes__f32.jsonl,recalibrated
gaussian_postrelu,0,-0.5,0.425,3.569337646484375,3.4790379638671878,maxmonstre/eval/grid__gaussian__seed0__epoch_030__r-_G0__probes__f32.jsonl,recalibrated
gaussian_postrelu,0,-0.5,0.45,3.5881383056640623,3.49453662109375,maxmonstre/eval/grid__gaussian__seed0__epoch_030__r-_G0__probes__f32.jsonl,recalibrated
gaussian_postrelu,0,-0.5,0.475,3.6080621337890624,3.5156529541015624,maxmonstre/eval/grid__gaussian__seed0__epoch_030__r-_G0__probes__f32.jsonl,recalibrated
gaussian_postrelu,0,-0.5,0.5,3.62801416015625,3.538594970703125,maxmonstre/eval/grid__gaussian__seed0__epoch_030__r-_G0__probes__f32.jsonl,recalibrated
gaussian_postrelu,0,-0.475,-0.5,4.183001708984375,4.08053662109375,maxmonstre/eval/grid__gaussian__seed0__epoch_030__r-_G0__probes__f32.jsonl,recalibrated
gaussian_postrelu,0,-0.475,-0.475,4.086956665039063,3.970090576171875,maxmonstre/eval/grid__gaussian__seed0__epoch_030__r-_G0__probes__f32.jsonl,recalibrated
gaussian_postrelu,0,-0.475,-0.45,3.9871707763671873,3.8618544921875,maxmonstre/eval/grid__gaussian__seed0__epoch_030__r-_G0__probes__f32.jsonl,recalibrated
gaussian_postrelu,0,-0.475,-0.425,3.887112548828125,3.75256640625,maxmonstre/eval/grid__gaussian__seed0__epoch_030__r-_G0__probes__f32.jsonl,recalibrated
gaussian_postrelu,0,-0.475,-0.4,3.79095751953125,3.646615478515625,maxmonstre/eval/grid__gaussian__seed0__epoch_030__r-_G0__probes__f32.jsonl,recalibrated
gaussian_postrelu,0,-0.475,-0.375,3.6931937255859375,3.543834838867188,maxmonstre/eval/grid__gaussian__seed0__epoch_030__r-_G0__probes__f32.jsonl,recalibrated
gaussian_postrelu,0,-0.475,-0.35,3.604832153320313,3.4512022705078125,maxmonstre/eval/grid__gaussian__seed0__epoch_030__r-_G0__probes__f32.jsonl,recalibrated
gaussian_postrelu,0,-0.475,-0.325,3.5270980224609376,3.373105712890625,maxmonstre/eval/grid__gaussian__seed0__epoch_030__r-_G0__probes__f32.jsonl,recalibrated
gaussian_postrelu,0,-0.475,-0.3,3.46169091796875,3.31198046875,maxmonstre/eval/grid__gaussian__seed0__epoch_030__r-_G0__probes__f32.jsonl,recalibrated
gaussian_postrelu,0,-0.475,-0.275,3.4092921142578123,3.26105908203125,maxmonstre/eval/grid__gaussian__seed0__epoch_030__r-_G0__probes__f32.jsonl,recalibrated
gaussian_postrelu,0,-0.475,-0.25,3.365936767578125,3.219511596679688,maxmonstre/eval/grid__gaussian__seed0__epoch_030__r-_G0__probes__f32.jsonl,recalibrated
gaussian_postrelu,0,-0.475,-0.225,3.32986083984375,3.17880078125,maxmonstre/eval/grid__gaussian__seed0__epoch_030__r-_G0__probes__f32.jsonl,recalibrated
gaussian_postrelu,0,-0.475,-0.2,3.298288940429688,3.14413330078125,maxmonstre/eval/grid__gaussian__seed0__epoch_030__r-_G0__probes__f32.jsonl,recalibrated
gaussian_postrelu,0,-0.475,-0.175,3.280167724609375,3.1247978515625,maxmonstre/eval/grid__gaussian__seed0__epoch_030__r-_G0__probes__f32.jsonl,recalibrated
gaussian_postrelu,0,-0.475,-0.15,3.274190673828125,3.109294921875,maxmonstre/eval/grid__gaussian__seed0__epoch_030__r-_G0__probes__f32.jsonl,recalibrated
gaussian_postrelu,0,-0.475,-0.125,3.2832630615234377,3.104071044921875,maxmonstre/eval/grid__gaussian__seed0__epoch_030__r-_G0__probes__f32.jsonl,recalibrated
gaussian_postrelu,0,-0.475,-0.1,3.294981689453125,3.1111943359375,maxmonstre/eval/grid__gaussian__seed0__epoch_030__r-_G0__probes__f32.jsonl,recalibrated
gaussian_postrelu,0,-0.475,-0.075,3.3218284912109377,3.128348510742188,maxmonstre/eval/grid__gaussian__seed0__epoch_030__r-_G0__probes__f32.jsonl,recalibrated
gaussian_postrelu,0,-0.475,-0.05,3.350538696289062,3.1523544921875,maxmonstre/eval/grid__gaussian__seed0__epoch_030__r-_G0__probes__f32.jsonl,recalibrated
gaussian_postrelu,0,-0.475,-0.025,3.3779140625,3.17977294921875,maxmonstre/eval/grid__gaussian__seed0__epoch_030__r-_G0__probes__f32.jsonl,recalibrated
gaussian_postrelu,0,-0.475,0.0,3.4029901123046877,3.2047684326171875,maxmonstre/eval/grid__gaussian__seed0__epoch_030__r-_G0__probes__f32.jsonl,recalibrated
gaussian_postrelu,0,-0.475,0.025,3.427892822265625,3.232900390625,maxmonstre/eval/grid__gaussian__seed0__epoch_030__r-_G0__probes__f32.jsonl,recalibrated
gaussian_postrelu,0,-0.475,0.05,3.445478515625,3.2600576171875,maxmonstre/eval/grid__gaussian__seed0__epoch_030__r-_G0__probes__f32.jsonl,recalibrated
gaussian_postrelu,0,-0.475,0.075,3.4554970703125,3.288341552734375,maxmonstre/eval/grid__gaussian__seed0__epoch_030__r-_G0__probes__f32.jsonl,recalibrated
gaussian_postrelu,0,-0.475,0.1,3.463155517578125,3.32524658203125,maxmonstre/eval/grid__gaussian__seed0__epoch_030__r-_G0__probes__f32.jsonl,recalibrated
gaussian_postrelu,0,-0.475,0.125,3.464978759765625,3.362300537109375,maxmonstre/eval/grid__gaussian__seed0__epoch_030__r-_G0__probes__f32.jsonl,recalibrated
gaussian_postrelu,0,-0.475,0.15,3.471137451171875,3.396652099609375,maxmonstre/eval/grid__gaussian__seed0__epoch_030__r-_G0__probes__f32.jsonl,recalibrated
gaussian_postrelu,0,-0.475,0.175,3.4733035888671875,3.417609375,maxmonstre/eval/grid__gaussian__seed0__epoch_030__r-_G0__probes__f32.jsonl,recalibrated
gaussian_postrelu,0,-0.475,0.2,3.474942749023437,3.424103759765625,maxmonstre/eval/grid__gaussian__seed0__epoch_030__r-_G0__probes__f32.jsonl,recalibrated
gaussian_postrelu,0,-0.475,0.225,3.47260302734375,3.42329736328125,maxmonstre/eval/grid__gaussian__seed0__epoch_030__r-_G0__probes__f32.jsonl,recalibrated
gaussian_postrelu,0,-0.475,0.25,3.467182373046875,3.420925659179688,maxmonstre/eval/grid__gaussian__seed0__epoch_030__r-_G0__probes__f32.jsonl,recalibrated
gaussian_postrelu,0,-0.475,0.275,3.465326049804688,3.4147362060546875,maxmonstre/eval/grid__gaussian__seed0__epoch_030__r-_G0__probes__f32.jsonl,recalibrated
gaussian_postrelu,0,-0.475,0.3,3.463729858398437,3.406774658203125,maxmonstre/eval/grid__gaussian__seed0__epoch_030__r-_G0__probes__f32.jsonl,recalibrated
gaussian_postrelu,0,-0.475,0.325,3.466969482421875,3.4067109375,maxmonstre/eval/grid__gaussian__seed0__epoch_030__r-_G0__probes__f32.jsonl,recalibrated
gaussian_postrelu,0,-0.475,0.35,3.474702880859375,3.4108251953125,maxmonstre/eval/grid__gaussian__seed0__epoch_030__r-_G0__probes__f32.jsonl,recalibrated
gaussian_postrelu,0,-0.475,0.375,3.487479248046875,3.4172744140625,maxmonstre/eval/grid__gaussian__seed0__epoch_030__r-_G0__probes__f32.jsonl,recalibrated
gaussian_postrelu,0,-0.475,0.4,3.497284912109375,3.425028076171875,maxmonstre/eval/grid__gaussian__seed0__epoch_030__r-_G0__probes__f32.jsonl,recalibrated
gaussian_postrelu,0,-0.475,0.425,3.5118660888671878,3.43501611328125,maxmonstre/eval/grid__gaussian__seed0__epoch_030__r-_G0__probes__f32.jsonl,recalibrated
gaussian_postrelu,0,-0.475,0.45,3.536001220703125,3.456206787109375,maxmonstre/eval/grid__gaussian__seed0__epoch_030__r-_G0__probes__f32.jsonl,recalibrated
gaussian_postrelu,0,-0.475,0.475,3.5631451416015625,3.4840911865234374,maxmonstre/eval/grid__gaussian__seed0__epoch_030__r-_G0__probes__f32.jsonl,recalibrated
gaussian_postrelu,0,-0.475,0.5,3.589654296875,3.515282958984375,maxmonstre/eval/grid__gaussian__seed0__epoch_030__r-_G0__probes__f32.jsonl,recalibrated
gaussian_postrelu,0,-0.45,-0.5,4.13214306640625,4.049427001953125,maxmonstre/eval/grid__gaussian__seed0__epoch_030__r-_G0__probes__f32.jsonl,recalibrated
gaussian_postrelu,0,-0.45,-0.475,4.03250732421875,3.934619018554688,maxmonstre/eval/grid__gaussian__seed0__epoch_030__r-_G0__probes__f32.jsonl,recalibrated
gaussian_postrelu,0,-0.45,-0.45,3.92822900390625,3.81999658203125,maxmonstre/eval/grid__gaussian__seed0__epoch_030__r-_G0__probes__f32.jsonl,recalibrated
gaussian_postrelu,0,-0.45,-0.425,3.821983154296875,3.706969970703125,maxmonstre/eval/grid__gaussian__seed0__epoch_030__r-_G0__probes__f32.jsonl,recalibrated
gaussian_postrelu,0,-0.45,-0.4,3.721381103515625,3.593853271484375,maxmonstre/eval/grid__gaussian__seed0__epoch_030__r-_G0__probes__f32.jsonl,recalibrated
gaussian_postrelu,0,-0.45,-0.375,3.61999072265625,3.484218139648437,maxmonstre/eval/grid__gaussian__seed0__epoch_030__r-_G0__probes__f32.jsonl,recalibrated
gaussian_postrelu,0,-0.45,-0.35,3.5217413330078124,3.3791055908203127,maxmonstre/eval/grid__gaussian__seed0__epoch_030__r-_G0__probes__f32.jsonl,recalibrated
gaussian_postrelu,0,-0.45,-0.325,3.4335777587890624,3.2888162841796875,maxmonstre/eval/grid__gaussian__seed0__epoch_030__r-_G0__probes__f32.jsonl,recalibrated
gaussian_postrelu,0,-0.45,-0.3,3.36157666015625,3.2182637939453125,maxmonstre/eval/grid__gaussian__seed0__epoch_030__r-_G0__probes__f32.jsonl,recalibrated
gaussian_postrelu,0,-0.45,-0.275,3.303745361328125,3.162311279296875,maxmonstre/eval/grid__gaussian__seed0__epoch_030__r-_G0__probes__f32.jsonl,recalibrated
gaussian_postrelu,0,-0.45,-0.25,3.2600750732421875,3.1139493408203127,maxmonstre/eval/grid__gaussian__seed0__epoch_030__r-_G0__probes__f32.jsonl,recalibrated
gaussian_postrelu,0,-0.45,-0.225,3.21769482421875,3.071757080078125,maxmonstre/eval/grid__gaussian__seed0__epoch_030__r-_G0__probes__f32.jsonl,recalibrated
gaussian_postrelu,0,-0.45,-0.2,3.182675537109375,3.0302816162109374,maxmonstre/eval/grid__gaussian__seed0__epoch_030__r-_G0__probes__f32.jsonl,recalibrated
gaussian_postrelu,0,-0.45,-0.175,3.1624228515625,2.9962130126953124,maxmonstre/eval/grid__gaussian__seed0__epoch_030__r-_G0__probes__f32.jsonl,recalibrated
gaussian_postrelu,0,-0.45,-0.15,3.147659912109375,2.9794537353515627,maxmonstre/eval/grid__gaussian__seed0__epoch_030__r-_G0__probes__f32.jsonl,recalibrated
gaussian_postrelu,0,-0.45,-0.125,3.15502392578125,2.976443359375,maxmonstre/eval/grid__gaussian__seed0__epoch_030__r-_G0__probes__f32.jsonl,recalibrated
gaussian_postrelu,0,-0.45,-0.1,3.166935546875,2.991875244140625,maxmonstre/eval/grid__gaussian__seed0__epoch_030__r-_G0__probes__f32.jsonl,recalibrated
gaussian_postrelu,0,-0.45,-0.075,3.1925897216796875,3.0128294677734373,maxmonstre/eval/grid__gaussian__seed0__epoch_030__r-_G0__probes__f32.jsonl,recalibrated
gaussian_postrelu,0,-0.45,-0.05,3.220778076171875,3.037663696289062,maxmonstre/eval/grid__gaussian__seed0__epoch_030__r-_G0__probes__f32.jsonl,recalibrated
gaussian_postrelu,0,-0.45,-0.025,3.2543216552734373,3.067931884765625,maxmonstre/eval/grid__gaussian__seed0__epoch_030__r-_G0__probes__f32.jsonl,recalibrated
gaussian_postrelu,0,-0.45,0.0,3.283761962890625,3.0931949462890627,maxmonstre/eval/grid__gaussian__seed0__epoch_030__r-_G0__probes__f32.jsonl,recalibrated
gaussian_postrelu,0,-0.45,0.025,3.3108553466796877,3.119919799804688,maxmonstre/eval/grid__gaussian__seed0__epoch_030__r-_G0__probes__f32.jsonl,recalibrated
gaussian_postrelu,0,-0.45,0.05,3.3298529052734374,3.1479656982421877,maxmonstre/eval/grid__gaussian__seed0__epoch_030__r-_G0__probes__f32.jsonl,recalibrated
gaussian_postrelu,0,-0.45,0.075,3.3441787109375,3.1787501220703125,maxmonstre/eval/grid__gaussian__seed0__epoch_030__r-_G0__probes__f32.jsonl,recalibrated
gaussian_postrelu,0,-0.45,0.1,3.346207275390625,3.2145390625,maxmonstre/eval/grid__gaussian__seed0__epoch_030__r-_G0__probes__f32.jsonl,recalibrated
gaussian_postrelu,0,-0.45,0.125,3.3456087646484374,3.2530980224609376,maxmonstre/eval/grid__gaussian__seed0__epoch_030__r-_G0__probes__f32.jsonl,recalibrated
gaussian_postrelu,0,-0.45,0.15,3.3526270751953127,3.2892763671875,maxmonstre/eval/grid__gaussian__seed0__epoch_030__r-_G0__probes__f32.jsonl,recalibrated
gaussian_postrelu,0,-0.45,0.175,3.361155151367188,3.312474487304688,maxmonstre/eval/grid__gaussian__seed0__epoch_030__r-_G0__probes__f32.jsonl,recalibrated
gaussian_postrelu,0,-0.45,0.2,3.366960205078125,3.323582763671875,maxmonstre/eval/grid__gaussian__seed0__epoch_030__r-_G0__probes__f32.jsonl,recalibrated
gaussian_postrelu,0,-0.45,0.225,3.36757568359375,3.326570068359375,maxmonstre/eval/grid__gaussian__seed0__epoch_030__r-_G0__probes__f32.jsonl,recalibrated
gaussian_postrelu,0,-0.45,0.25,3.3671728515625,3.330180419921875,maxmonstre/eval/grid__gaussian__seed0__epoch_030__r-_G0__probes__f32.jsonl,recalibrated
gaussian_postrelu,0,-0.45,0.275,3.3709425048828123,3.331989501953125,maxmonstre/eval/grid__gaussian__seed0__epoch_030__r-_G0__probes__f32.jsonl,recalibrated
gaussian_postrelu,0,-0.45,0.3,3.3761051025390625,3.3353731689453125,maxmonstre/eval/grid__gaussian__seed0__epoch_030__r-_G0__probes__f32.jsonl,recalibrated
gaussian_postrelu,0,-0.45,0.325,3.3827464599609374,3.33979541015625,maxmonstre/eval/grid__gaussian__seed0__epoch_030__r-_G0__probes__f32.jsonl,recalibrated
gaussian_postrelu,0,-0.45,0.35,3.3980826416015626,3.35052392578125,maxmonstre/eval/grid__gaussian__seed0__epoch_030__r-_G0__probes__f32.jsonl,recalibrated
gaussian_postrelu,0,-0.45,0.375,3.4158099365234373,3.3638558349609373,maxmonstre/eval/grid__gaussian__seed0__epoch_030__r-_G0__probes__f32.jsonl,recalibrated
gaussian_postrelu,0,-0.45,0.4,3.428317626953125,3.3738681640625,maxmonstre/eval/grid__gaussian__seed0__epoch_030__r-_G0__probes__f32.jsonl,recalibrated
gaussian_postrelu,0,-0.45,0.425,3.4492525634765623,3.39064013671875,maxmonstre/eval/grid__gaussian__seed0__epoch_030__r-_G0__probes__f32.jsonl,recalibrated
gaussian_postrelu,0,-0.45,0.45,3.480547241210937,3.417100341796875,maxmonstre/eval/grid__gaussian__seed0__epoch_030__r-_G0__probes__f32.jsonl,recalibrated
gaussian_postrelu,0,-0.45,0.475,3.516870361328125,3.45010888671875,maxmonstre/eval/grid__gaussian__seed0__epoch_030__r-_G0__probes__f32.jsonl,recalibrated
gaussian_postrelu,0,-0.45,0.5,3.549890380859375,3.48857958984375,maxmonstre/eval/grid__gaussian__seed0__epoch_030__r-_G0__probes__f32.jsonl,recalibrated
gaussian_postrelu,0,-0.425,-0.5,4.080464111328125,4.018521484375,maxmonstre/eval/grid__gaussian__seed0__epoch_030__r-_G0__probes__f32.jsonl,recalibrated
gaussian_postrelu,0,-0.425,-0.475,3.972263427734375,3.9030272216796873,maxmonstre/eval/grid__gaussian__seed0__epoch_030__r-_G0__probes__f32.jsonl,recalibrated
gaussian_postrelu,0,-0.425,-0.45,3.869850952148437,3.783087280273437,maxmonstre/eval/grid__gaussian__seed0__epoch_030__r-_G0__probes__f32.jsonl,recalibrated
gaussian_postrelu,0,-0.425,-0.425,3.7591513671875,3.662166259765625,maxmonstre/eval/grid__gaussian__seed0__epoch_030__r-_G0__probes__f32.jsonl,recalibrated
gaussian_postrelu,0,-0.425,-0.4,3.6492298583984377,3.544944580078125,maxmonstre/eval/grid__gaussian__seed0__epoch_030__r-_G0__probes__f32.jsonl,recalibrated
gaussian_postrelu,0,-0.425,-0.375,3.54174951171875,3.4253916015625,maxmonstre/eval/grid__gaussian__seed0__epoch_030__r-_G0__probes__f32.jsonl,recalibrated
gaussian_postrelu,0,-0.425,-0.35,3.4387734375,3.305900146484375,maxmonstre/eval/grid__gaussian__seed0__epoch_030__r-_G0__probes__f32.jsonl,recalibrated
gaussian_postrelu,0,-0.425,-0.325,3.3434112548828123,3.2032918701171877,maxmonstre/eval/grid__gaussian__seed0__epoch_030__r-_G0__probes__f32.jsonl,recalibrated
gaussian_postrelu,0,-0.425,-0.3,3.259005126953125,3.112904052734375,maxmonstre/eval/grid__gaussian__seed0__epoch_030__r-_G0__probes__f32.jsonl,recalibrated
gaussian_postrelu,0,-0.425,-0.275,3.19079052734375,3.049930419921875,maxmonstre/eval/grid__gaussian__seed0__epoch_030__r-_G0__probes__f32.jsonl,recalibrated
gaussian_postrelu,0,-0.425,-0.25,3.136029541015625,2.997734619140625,maxmonstre/eval/grid__gaussian__seed0__epoch_030__r-_G0__probes__f32.jsonl,recalibrated
gaussian_postrelu,0,-0.425,-0.225,3.09336083984375,2.9549527587890627,maxmonstre/eval/grid__gaussian__seed0__epoch_030__r-_G0__probes__f32.jsonl,recalibrated
gaussian_postrelu,0,-0.425,-0.2,3.0554033203125,2.9115279541015626,maxmonstre/eval/grid__gaussian__seed0__epoch_030__r-_G0__probes__f32.jsonl,recalibrated
gaussian_postrelu,0,-0.425,-0.175,3.0288228759765623,2.8694923095703126,maxmonstre/eval/grid__gaussian__seed0__epoch_030__r-_G0__probes__f32.jsonl,recalibrated
gaussian_postrelu,0,-0.425,-0.15,3.0167091064453126,2.8468135986328127,maxmonstre/eval/grid__gaussian__seed0__epoch_030__r-_G0__probes__f32.jsonl,recalibrated
gaussian_postrelu,0,-0.425,-0.125,3.01319677734375,2.8396527099609377,maxmonstre/eval/grid__gaussian__seed0__epoch_030__r-_G0__probes__f32.jsonl,recalibrated
gaussian_postrelu,0,-0.425,-0.1,3.0262763671875,2.855400146484375,maxmonstre/eval/grid__gaussian__seed0__epoch_030__r-_G0__probes__f32.jsonl,recalibrated
gaussian_postrelu,0,-0.425,-0.075,3.048191772460937,2.8850953369140626,maxmonstre/eval/grid__gaussian__seed0__epoch_030__r-_G0__probes__f32.jsonl,recalibrated
gaussian_postrelu,0,-0.425,-0.05,3.07877734375,2.9153780517578123,maxmonstre/eval/grid__gaussian__seed0__epoch_030__r-_G0__probes__f32.jsonl,recalibrated
gaussian_postrelu,0,-0.425,-0.025,3.111055908203125,2.947462524414062,maxmonstre/eval/grid__gaussian__seed0__epoch_030__r-_G0__probes__f32.jsonl,recalibrated
gaussian_postrelu,0,-0.425,0.0,3.14569384765625,2.9755416259765624,maxmonstre/eval/grid__gaussian__seed0__epoch_030__r-_G0__probes__f32.jsonl,recalibrated
gaussian_postrelu,0,-0.425,0.025,3.174883544921875,3.002168212890625,maxmonstre/eval/grid__gaussian__seed0__epoch_030__r-_G0__probes__f32.jsonl,recalibrated
gaussian_postrelu,0,-0.425,0.05,3.1954512939453124,3.0286600341796874,maxmonstre/eval/grid__gaussian__seed0__epoch_030__r-_G0__probes__f32.jsonl,recalibrated
gaussian_postrelu,0,-0.425,0.075,3.2136065673828127,3.05785791015625,maxmonstre/eval/grid__gaussian__seed0__epoch_030__r-_G0__probes__f32.jsonl,recalibrated
gaussian_postrelu,0,-0.425,0.1,3.218329345703125,3.0911575927734374,maxmonstre/eval/grid__gaussian__seed0__epoch_030__r-_G0__probes__f32.jsonl,recalibrated
gaussian_postrelu,0,-0.425,0.125,3.2174010009765626,3.1251865234375,maxmonstre/eval/grid__gaussian__seed0__epoch_030__r-_G0__probes__f32.jsonl,recalibrated
gaussian_postrelu,0,-0.425,0.15,3.227454345703125,3.1639942626953124,maxmonstre/eval/grid__gaussian__seed0__epoch_030__r-_G0__probes__f32.jsonl,recalibrated
gaussian_postrelu,0,-0.425,0.175,3.237543701171875,3.191881591796875,maxmonstre/eval/grid__gaussian__seed0__epoch_030__r-_G0__probes__f32.jsonl,recalibrated
gaussian_postrelu,0,-0.425,0.2,3.246717529296875,3.2082216796875,maxmonstre/eval/grid__gaussian__seed0__epoch_030__r-_G0__probes__f32.jsonl,recalibrated
gaussian_postrelu,0,-0.425,0.225,3.2530714111328125,3.218673828125,maxmonstre/eval/grid__gaussian__seed0__epoch_030__r-_G0__probes__f32.jsonl,recalibrated
gaussian_postrelu,0,-0.425,0.25,3.254837158203125,3.229902099609375,maxmonstre/eval/grid__gaussian__seed0__epoch_030__r-_G0__probes__f32.jsonl,recalibrated
gaussian_postrelu,0,-0.425,0.275,3.2628538818359374,3.2387735595703124,maxmonstre/eval/grid__gaussian__seed0__epoch_030__r-_G0__probes__f32.jsonl,recalibrated
gaussian_postrelu,0,-0.425,0.3,3.275700805664062,3.247943603515625,maxmonstre/eval/grid__gaussian__seed0__epoch_030__r-_G0__probes__f32.jsonl,recalibrated
gaussian_postrelu,0,-0.425,0.325,3.2894993896484377,3.2605753173828127,maxmonstre/eval/grid__gaussian__seed0__epoch_030__r-_G0__probes__f32.jsonl,recalibrated
gaussian_postrelu,0,-0.425,0.35,3.308871337890625,3.278154296875,maxmonstre/eval/grid__gaussian__seed0__epoch_030__r-_G0__probes__f32.jsonl,recalibrated
gaussian_postrelu,0,-0.425,0.375,3.328288818359375,3.2940263671875,maxmonstre/eval/grid__gaussian__seed0__epoch_030__r-_G0__probes__f32.jsonl,recalibrated
gaussian_postrelu,0,-0.425,0.4,3.3505411376953127,3.3137333984375,maxmonstre/eval/grid__gaussian__seed0__epoch_030__r-_G0__probes__f32.jsonl,recalibrated
gaussian_postrelu,0,-0.425,0.425,3.382914306640625,3.3413370361328125,maxmonstre/eval/grid__gaussian__seed0__epoch_030__r-_G0__probes__f32.jsonl,recalibrated
gaussian_postrelu,0,-0.425,0.45,3.4242403564453125,3.3735084228515624,maxmonstre/eval/grid__gaussian__seed0__epoch_030__r-_G0__probes__f32.jsonl,recalibrated
gaussian_postrelu,0,-0.425,0.475,3.465886596679688,3.411361572265625,maxmonstre/eval/grid__gaussian__seed0__epoch_030__r-_G0__probes__f32.jsonl,recalibrated
gaussian_postrelu,0,-0.425,0.5,3.504556518554688,3.459003173828125,maxmonstre/eval/grid__gaussian__seed0__epoch_030__r-_G0__probes__f32.jsonl,recalibrated
gaussian_postrelu,0,-0.4,-0.5,4.02803076171875,3.985212646484375,maxmonstre/eval/grid__gaussian__seed0__epoch_030__r-_G0__probes__f32.jsonl,recalibrated
gaussian_postrelu,0,-0.4,-0.475,3.9098662109375,3.86603125,maxmonstre/eval/grid__gaussian__seed0__epoch_030__r-_G0__probes__f32.jsonl,recalibrated
gaussian_postrelu,0,-0.4,-0.45,3.799072998046875,3.742498291015625,maxmonstre/eval/grid__gaussian__seed0__epoch_030__r-_G0__probes__f32.jsonl,recalibrated
gaussian_postrelu,0,-0.4,-0.425,3.6890263671875,3.618976684570312,maxmonstre/eval/grid__gaussian__seed0__epoch_030__r-_G0__probes__f32.jsonl,recalibrated
gaussian_postrelu,0,-0.4,-0.4,3.57237060546875,3.4923197021484373,maxmonstre/eval/grid__gaussian__seed0__epoch_030__r-_G0__probes__f32.jsonl,recalibrated
gaussian_postrelu,0,-0.4,-0.375,3.457762451171875,3.36939208984375,maxmonstre/eval/grid__gaussian__seed0__epoch_030__r-_G0__probes__f32.jsonl,recalibrated
gaussian_postrelu,0,-0.4,-0.35,3.347819702148437,3.2420013427734373,maxmonstre/eval/grid__gaussian__seed0__epoch_030__r-_G0__probes__f32.jsonl,recalibrated
gaussian_postrelu,0,-0.4,-0.325,3.24396875,3.122789306640625,maxmonstre/eval/grid__gaussian__seed0__epoch_030__r-_G0__probes__f32.jsonl,recalibrated
gaussian_postrelu,0,-0.4,-0.3,3.150610595703125,3.018809814453125,maxmonstre/eval/grid__gaussian__seed0__epoch_030__r-_G0__probes__f32.jsonl,recalibrated
gaussian_postrelu,0,-0.4,-0.275,3.07191015625,2.9332327880859377,maxmonstre/eval/grid__gaussian__seed0__epoch_030__r-_G0__probes__f32.jsonl,recalibrated
gaussian_postrelu,0,-0.4,-0.25,3.002559448242188,2.872059326171875,maxmonstre/eval/grid__gaussian__seed0__epoch_030__r-_G0__probes__f32.jsonl,recalibrated
gaussian_postrelu,0,-0.4,-0.225,2.95174755859375,2.823786010742188,maxmonstre/eval/grid__gaussian__seed0__epoch_030__r-_G0__probes__f32.jsonl,recalibrated
gaussian_postrelu,0,-0.4,-0.2,2.9158712158203124,2.7846334228515626,maxmonstre/eval/grid__gaussian__seed0__epoch_030__r-_G0__probes__f32.jsonl,recalibrated
gaussian_postrelu,0,-0.4,-0.175,2.8834873046875,2.745049560546875,maxmonstre/eval/grid__gaussian__seed0__epoch_030__r-_G0__probes__f32.jsonl,recalibrated
gaussian_postrelu,0,-0.4,-0.15,2.8713642578125,2.716995361328125,maxmonstre/eval/grid__gaussian__seed0__epoch_030__r-_G0__probes__f32.jsonl,recalibrated
gaussian_postrelu,0,-0.4,-0.125,2.860336669921875,2.70727880859375,maxmonstre/eval/grid__gaussian__seed0__epoch_030__r-_G0__probes__f32.jsonl,recalibrated
gaussian_postrelu,0,-0.4,-0.1,2.8672197265625,2.71684716796875,maxmonstre/eval/grid__gaussian__seed0__epoch_030__r-_G0__probes__f32.jsonl,recalibrated
gaussian_postrelu,0,-0.4,-0.075,2.8907352294921878,2.7473779296875,maxmonstre/eval/grid__gaussian__seed0__epoch_030__r-_G0__probes__f32.jsonl,recalibrated
gaussian_postrelu,0,-0.4,-0.05,2.922109619140625,2.779769287109375,maxmonstre/eval/grid__gaussian__seed0__epoch_030__r-_G0__probes__f32.jsonl,recalibrated
gaussian_postrelu,0,-0.4,-0.025,2.95354296875,2.809619140625,maxmonstre/eval/grid__gaussian__seed0__epoch_030__r-_G0__probes__f32.jsonl,recalibrated
gaussian_postrelu,0,-0.4,0.0,2.9895335693359373,2.842042724609375,maxmonstre/eval/grid__gaussian__seed0__epoch_030__r-_G0__probes__f32.jsonl,recalibrated
gaussian_postrelu,0,-0.4,0.025,3.0166163330078124,2.8725732421875,maxmonstre/eval/grid__gaussian__seed0__epoch_030__r-_G0__probes__f32.jsonl,recalibrated
gaussian_postrelu,0,-0.4,0.05,3.0395675048828124,2.898636962890625,maxmonstre/eval/grid__gaussian__seed0__epoch_030__r-_G0__probes__f32.jsonl,recalibrated
gaussian_postrelu,0,-0.4,0.075,3.060681884765625,2.926909057617188,maxmonstre/eval/grid__gaussian__seed0__epoch_030__r-_G0__probes__f32.jsonl,recalibrated
gaussian_postrelu,0,-0.4,0.1,3.07272265625,2.957560913085937,maxmonstre/eval/grid__gaussian__seed0__epoch_030__r-_G0__probes__f32.jsonl,recalibrated
gaussian_postrelu,0,-0.4,0.125,3.078647827148437,2.988845458984375,maxmonstre/eval/grid__gaussian__seed0__epoch_030__r-_G0__probes__f32.jsonl,recalibrated
gaussian_postrelu,0,-0.4,0.15,3.0909268798828125,3.0237333984375,maxmonstre/eval/grid__gaussian__seed0__epoch_030__r-_G0__probes__f32.jsonl,recalibrated
gaussian_postrelu,0,-0.4,0.175,3.101389892578125,3.056267333984375,maxmonstre/eval/grid__gaussian__seed0__epoch_030__r-_G0__probes__f32.jsonl,recalibrated
gaussian_postrelu,0,-0.4,0.2,3.111678466796875,3.078421142578125,maxmonstre/eval/grid__gaussian__seed0__epoch_030__r-_G0__probes__f32.jsonl,recalibrated
gaussian_postrelu,0,-0.4,0.225,3.123663818359375,3.097509521484375,maxmonstre/eval/grid__gaussian__seed0__epoch_030__r-_G0__probes__f32.jsonl,recalibrated
gaussian_postrelu,0,-0.4,0.25,3.12883984375,3.1148023681640624,maxmonstre/eval/grid__gaussian__seed0__epoch_030__r-_G0__probes__f32.jsonl,recalibrated
gaussian_postrelu,0,-0.4,0.275,3.1390611572265623,3.1282799072265624,maxmonstre/eval/grid__gaussian__seed0__epoch_030__r-_G0__probes__f32.jsonl,recalibrated
gaussian_postrelu,0,-0.4,0.3,3.1571944580078126,3.144468139648437,maxmonstre/eval/grid__gaussian__seed0__epoch_030__r-_G0__probes__f32.jsonl,recalibrated
gaussian_postrelu,0,-0.4,0.325,3.18313818359375,3.16578466796875,maxmonstre/eval/grid__gaussian__seed0__epoch_030__r-_G0__probes__f32.jsonl,recalibrated
gaussian_postrelu,0,-0.4,0.35,3.2072396240234373,3.189292724609375,maxmonstre/eval/grid__gaussian__seed0__epoch_030__r-_G0__probes__f32.jsonl,recalibrated
gaussian_postrelu,0,-0.4,0.375,3.234369873046875,3.2139072265625,maxmonstre/eval/grid__gaussian__seed0__epoch_030__r-_G0__probes__f32.jsonl,recalibrated
gaussian_postrelu,0,-0.4,0.4,3.269528076171875,3.24386767578125,maxmonstre/eval/grid__gaussian__seed0__epoch_030__r-_G0__probes__f32.jsonl,recalibrated
gaussian_postrelu,0,-0.4,0.425,3.3112945556640625,3.27932177734375,maxmonstre/eval/grid__gaussian__seed0__epoch_030__r-_G0__probes__f32.jsonl,recalibrated
gaussian_postrelu,0,-0.4,0.45,3.357836181640625,3.3199063720703124,maxmonstre/eval/grid__gaussian__seed0__epoch_030__r-_G0__probes__f32.jsonl,recalibrated
gaussian_postrelu,0,-0.4,0.475,3.40602490234375,3.37119091796875,maxmonstre/eval/grid__gaussian__seed0__epoch_030__r-_G0__probes__f32.jsonl,recalibrated
gaussian_postrelu,0,-0.4,0.5,3.453626831054688,3.4215283203125,maxmonstre/eval/grid__gaussian__seed0__epoch_030__r-_G0__probes__f32.jsonl,recalibrated
gaussian_postrelu,0,-0.375,-0.5,3.977077758789063,3.9512955322265615,maxmonstre/eval/grid__gaussian__seed0__epoch_030__r-_G0__probes__f32.jsonl,recalibrated
gaussian_postrelu,0,-0.375,-0.475,3.850742431640625,3.825955200195312,maxmonstre/eval/grid__gaussian__seed0__epoch_030__r-_G0__probes__f32.jsonl,recalibrated
gaussian_postrelu,0,-0.375,-0.45,3.729294555664063,3.6965159912109375,maxmonstre/eval/grid__gaussian__seed0__epoch_030__r-_G0__probes__f32.jsonl,recalibrated
gaussian_postrelu,0,-0.375,-0.425,3.60961962890625,3.567974853515625,maxmonstre/eval/grid__gaussian__seed0__epoch_030__r-_G0__probes__f32.jsonl,recalibrated
gaussian_postrelu,0,-0.375,-0.4,3.489309448242188,3.4354654541015623,maxmonstre/eval/grid__gaussian__seed0__epoch_030__r-_G0__probes__f32.jsonl,recalibrated
gaussian_postrelu,0,-0.375,-0.375,3.3698553466796874,3.3050096435546874,maxmonstre/eval/grid__gaussian__seed0__epoch_030__r-_G0__probes__f32.jsonl,recalibrated
gaussian_postrelu,0,-0.375,-0.35,3.2507027587890627,3.17464892578125,maxmonstre/eval/grid__gaussian__seed0__epoch_030__r-_G0__probes__f32.jsonl,recalibrated
gaussian_postrelu,0,-0.375,-0.325,3.137061401367188,3.048683959960937,maxmonstre/eval/grid__gaussian__seed0__epoch_030__r-_G0__probes__f32.jsonl,recalibrated
gaussian_postrelu,0,-0.375,-0.3,3.03264404296875,2.93219189453125,maxmonstre/eval/grid__gaussian__seed0__epoch_030__r-_G0__probes__f32.jsonl,recalibrated
gaussian_postrelu,0,-0.375,-0.275,2.9435859375,2.8326376953125,maxmonstre/eval/grid__gaussian__seed0__epoch_030__r-_G0__probes__f32.jsonl,recalibrated
gaussian_postrelu,0,-0.375,-0.25,2.86800439453125,2.748958862304688,maxmonstre/eval/grid__gaussian__seed0__epoch_030__r-_G0__probes__f32.jsonl,recalibrated
gaussian_postrelu,0,-0.375,-0.225,2.80328076171875,2.6878115234375,maxmonstre/eval/grid__gaussian__seed0__epoch_030__r-_G0__probes__f32.jsonl,recalibrated
gaussian_postrelu,0,-0.375,-0.2,2.7594423828125,2.64288427734375,maxmonstre/eval/grid__gaussian__seed0__epoch_030__r-_G0__probes__f32.jsonl,recalibrated
gaussian_postrelu,0,-0.375,-0.175,2.7296572265625,2.6130445556640627,maxmonstre/eval/grid__gaussian__seed0__epoch_030__r-_G0__probes__f32.jsonl,recalibrated
gaussian_postrelu,0,-0.375,-0.15,2.7049437255859377,2.5849410400390624,maxmonstre/eval/grid__gaussian__seed0__epoch_030__r-_G0__probes__f32.jsonl,recalibrated
gaussian_postrelu,0,-0.375,-0.125,2.69592333984375,2.56785205078125,maxmonstre/eval/grid__gaussian__seed0__epoch_030__r-_G0__probes__f32.jsonl,recalibrated
gaussian_postrelu,0,-0.375,-0.1,2.695890014648437,2.574148193359375,maxmonstre/eval/grid__gaussian__seed0__epoch_030__r-_G0__probes__f32.jsonl,recalibrated
gaussian_postrelu,0,-0.375,-0.075,2.7192017822265626,2.599050659179688,maxmonstre/eval/grid__gaussian__seed0__epoch_030__r-_G0__probes__f32.jsonl,recalibrated
gaussian_postrelu,0,-0.375,-0.05,2.7466513671875,2.6329998779296875,maxmonstre/eval/grid__gaussian__seed0__epoch_030__r-_G0__probes__f32.jsonl,recalibrated
gaussian_postrelu,0,-0.375,-0.025,2.777727294921875,2.660861328125,maxmonstre/eval/grid__gaussian__seed0__epoch_030__r-_G0__probes__f32.jsonl,recalibrated
gaussian_postrelu,0,-0.375,0.0,2.8132568359375,2.6930635986328126,maxmonstre/eval/grid__gaussian__seed0__epoch_030__r-_G0__probes__f32.jsonl,recalibrated
gaussian_postrelu,0,-0.375,0.025,2.845066650390625,2.727786376953125,maxmonstre/eval/grid__gaussian__seed0__epoch_030__r-_G0__probes__f32.jsonl,recalibrated
gaussian_postrelu,0,-0.375,0.05,2.8712158203125,2.756889404296875,maxmonstre/eval/grid__gaussian__seed0__epoch_030__r-_G0__probes__f32.jsonl,recalibrated
gaussian_postrelu,0,-0.375,0.075,2.895108764648437,2.78278955078125,maxmonstre/eval/grid__gaussian__seed0__epoch_030__r-_G0__probes__f32.jsonl,recalibrated
gaussian_postrelu,0,-0.375,0.1,2.9133616943359373,2.81254638671875,maxmonstre/eval/grid__gaussian__seed0__epoch_030__r-_G0__probes__f32.jsonl,recalibrated
gaussian_postrelu,0,-0.375,0.125,2.9265048828125,2.841292724609375,maxmonstre/eval/grid__gaussian__seed0__epoch_030__r-_G0__probes__f32.jsonl,recalibrated
gaussian_postrelu,0,-0.375,0.15,2.939615478515625,2.87442626953125,maxmonstre/eval/grid__gaussian__seed0__epoch_030__r-_G0__probes__f32.jsonl,recalibrated
gaussian_postrelu,0,-0.375,0.175,2.95358251953125,2.911310791015625,maxmonstre/eval/grid__gaussian__seed0__epoch_030__r-_G0__probes__f32.jsonl,recalibrated
gaussian_postrelu,0,-0.375,0.2,2.96754443359375,2.936158081054688,maxmonstre/eval/grid__gaussian__seed0__epoch_030__r-_G0__probes__f32.jsonl,recalibrated
gaussian_postrelu,0,-0.375,0.225,2.9790123291015624,2.961655029296875,maxmonstre/eval/grid__gaussian__seed0__epoch_030__r-_G0__probes__f32.jsonl,recalibrated
gaussian_postrelu,0,-0.375,0.25,2.989025146484375,2.982454833984375,maxmonstre/eval/grid__gaussian__seed0__epoch_030__r-_G0__probes__f32.jsonl,recalibrated
gaussian_postrelu,0,-0.375,0.275,3.0077373046875,3.0049393310546875,maxmonstre/eval/grid__gaussian__seed0__epoch_030__r-_G0__probes__f32.jsonl,recalibrated
gaussian_postrelu,0,-0.375,0.3,3.030362060546875,3.029877685546875,maxmonstre/eval/grid__gaussian__seed0__epoch_030__r-_G0__probes__f32.jsonl,recalibrated
gaussian_postrelu,0,-0.375,0.325,3.0612501220703123,3.057342529296875,maxmonstre/eval/grid__gaussian__seed0__epoch_030__r-_G0__probes__f32.jsonl,recalibrated
gaussian_postrelu,0,-0.375,0.35,3.0968197021484376,3.087163818359375,maxmonstre/eval/grid__gaussian__seed0__epoch_030__r-_G0__probes__f32.jsonl,recalibrated
gaussian_postrelu,0,-0.375,0.375,3.1346859130859377,3.119283447265625,maxmonstre/eval/grid__gaussian__seed0__epoch_030__r-_G0__probes__f32.jsonl,recalibrated
gaussian_postrelu,0,-0.375,0.4,3.1805328369140624,3.160277221679688,maxmonstre/eval/grid__gaussian__seed0__epoch_030__r-_G0__probes__f32.jsonl,recalibrated
gaussian_postrelu,0,-0.375,0.425,3.2310361328125,3.206908203125,maxmonstre/eval/grid__gaussian__seed0__epoch_030__r-_G0__probes__f32.jsonl,recalibrated
gaussian_postrelu,0,-0.375,0.45,3.285433471679688,3.2627779541015625,maxmonstre/eval/grid__gaussian__seed0__epoch_030__r-_G0__probes__f32.jsonl,recalibrated
gaussian_postrelu,0,-0.375,0.475,3.34463427734375,3.3211358642578124,maxmonstre/eval/grid__gaussian__seed0__epoch_030__r-_G0__probes__f32.jsonl,recalibrated
gaussian_postrelu,0,-0.375,0.5,3.404277099609375,3.3729598388671875,maxmonstre/eval/grid__gaussian__seed0__epoch_030__r-_G0__probes__f32.jsonl,recalibrated
gaussian_postrelu,0,-0.35,-0.5,3.93314501953125,3.9077301025390634,maxmonstre/eval/grid__gaussian__seed0__epoch_030__r-_G0__probes__f32.jsonl,recalibrated
gaussian_postrelu,0,-0.35,-0.475,3.799056884765625,3.783694091796875,maxmonstre/eval/grid__gaussian__seed0__epoch_030__r-_G0__probes__f32.jsonl,recalibrated
gaussian_postrelu,0,-0.35,-0.45,3.6659853515625,3.652398193359375,maxmonstre/eval/grid__gaussian__seed0__epoch_030__r-_G0__probes__f32.jsonl,recalibrated
gaussian_postrelu,0,-0.35,-0.425,3.534300048828125,3.514401123046875,maxmonstre/eval/grid__gaussian__seed0__epoch_030__r-_G0__probes__f32.jsonl,recalibrated
gaussian_postrelu,0,-0.35,-0.4,3.4021170654296875,3.372917724609375,maxmonstre/eval/grid__gaussian__seed0__epoch_030__r-_G0__probes__f32.jsonl,recalibrated
gaussian_postrelu,0,-0.35,-0.375,3.275929931640625,3.238577514648437,maxmonstre/eval/grid__gaussian__seed0__epoch_030__r-_G0__probes__f32.jsonl,recalibrated
gaussian_postrelu,0,-0.35,-0.35,3.1505048828125,3.104252685546875,maxmonstre/eval/grid__gaussian__seed0__epoch_030__r-_G0__probes__f32.jsonl,recalibrated
gaussian_postrelu,0,-0.35,-0.325,3.0258060302734373,2.9664541015625,maxmonstre/eval/grid__gaussian__seed0__epoch_030__r-_G0__probes__f32.jsonl,recalibrated
gaussian_postrelu,0,-0.35,-0.3,2.9099796142578125,2.8432744140625,maxmonstre/eval/grid__gaussian__seed0__epoch_030__r-_G0__probes__f32.jsonl,recalibrated
gaussian_postrelu,0,-0.35,-0.275,2.8090225830078124,2.73476025390625,maxmonstre/eval/grid__gaussian__seed0__epoch_030__r-_G0__probes__f32.jsonl,recalibrated
gaussian_postrelu,0,-0.35,-0.25,2.7251279296875,2.638328857421875,maxmonstre/eval/grid__gaussian__seed0__epoch_030__r-_G0__probes__f32.jsonl,recalibrated
gaussian_postrelu,0,-0.35,-0.225,2.6567779541015626,2.5547745361328125,maxmonstre/eval/grid__gaussian__seed0__epoch_030__r-_G0__probes__f32.jsonl,recalibrated
gaussian_postrelu,0,-0.35,-0.2,2.60156005859375,2.495585693359375,maxmonstre/eval/grid__gaussian__seed0__epoch_030__r-_G0__probes__f32.jsonl,recalibrated
gaussian_postrelu,0,-0.35,-0.175,2.56435986328125,2.46263330078125,maxmonstre/eval/grid__gaussian__seed0__epoch_030__r-_G0__probes__f32.jsonl,recalibrated
gaussian_postrelu,0,-0.35,-0.15,2.5383857421875,2.439454345703125,maxmonstre/eval/grid__gaussian__seed0__epoch_030__r-_G0__probes__f32.jsonl,recalibrated
gaussian_postrelu,0,-0.35,-0.125,2.51896630859375,2.4225135498046875,maxmonstre/eval/grid__gaussian__seed0__epoch_030__r-_G0__probes__f32.jsonl,recalibrated
gaussian_postrelu,0,-0.35,-0.1,2.51509228515625,2.4261351318359377,maxmonstre/eval/grid__gaussian__seed0__epoch_030__r-_G0__probes__f32.jsonl,recalibrated
gaussian_postrelu,0,-0.35,-0.075,2.53120654296875,2.4421673583984376,maxmonstre/eval/grid__gaussian__seed0__epoch_030__r-_G0__probes__f32.jsonl,recalibrated
gaussian_postrelu,0,-0.35,-0.05,2.55762060546875,2.47261328125,maxmonstre/eval/grid__gaussian__seed0__epoch_030__r-_G0__probes__f32.jsonl,recalibrated
gaussian_postrelu,0,-0.35,-0.025,2.588398681640625,2.506866455078125,maxmonstre/eval/grid__gaussian__seed0__epoch_030__r-_G0__probes__f32.jsonl,recalibrated
gaussian_postrelu,0,-0.35,0.0,2.6226641845703127,2.53931640625,maxmonstre/eval/grid__gaussian__seed0__epoch_030__r-_G0__probes__f32.jsonl,recalibrated
gaussian_postrelu,0,-0.35,0.025,2.6556717529296874,2.5700830078125,maxmonstre/eval/grid__gaussian__seed0__epoch_030__r-_G0__probes__f32.jsonl,recalibrated
gaussian_postrelu,0,-0.35,0.05,2.6875269775390627,2.5999976806640626,maxmonstre/eval/grid__gaussian__seed0__epoch_030__r-_G0__probes__f32.jsonl,recalibrated
gaussian_postrelu,0,-0.35,0.075,2.7165828857421874,2.624123413085937,maxmonstre/eval/grid__gaussian__seed0__epoch_030__r-_G0__probes__f32.jsonl,recalibrated
gaussian_postrelu,0,-0.35,0.1,2.741412841796875,2.656793701171875,maxmonstre/eval/grid__gaussian__seed0__epoch_030__r-_G0__probes__f32.jsonl,recalibrated
gaussian_postrelu,0,-0.35,0.125,2.76272021484375,2.687261474609375,maxmonstre/eval/grid__gaussian__seed0__epoch_030__r-_G0__probes__f32.jsonl,recalibrated
gaussian_postrelu,0,-0.35,0.15,2.7808946533203125,2.7215059814453126,maxmonstre/eval/grid__gaussian__seed0__epoch_030__r-_G0__probes__f32.jsonl,recalibrated
gaussian_postrelu,0,-0.35,0.175,2.797511962890625,2.7521220703125,maxmonstre/eval/grid__gaussian__seed0__epoch_030__r-_G0__probes__f32.jsonl,recalibrated
gaussian_postrelu,0,-0.35,0.2,2.8129228515625,2.783242431640625,maxmonstre/eval/grid__gaussian__seed0__epoch_030__r-_G0__probes__f32.jsonl,recalibrated
gaussian_postrelu,0,-0.35,0.225,2.824858642578125,2.810462158203125,maxmonstre/eval/grid__gaussian__seed0__epoch_030__r-_G0__probes__f32.jsonl,recalibrated
gaussian_postrelu,0,-0.35,0.25,2.8407796630859377,2.836017822265625,maxmonstre/eval/grid__gaussian__seed0__epoch_030__r-_G0__probes__f32.jsonl,recalibrated
gaussian_postrelu,0,-0.35,0.275,2.8607515869140623,2.8644560546875,maxmonstre/eval/grid__gaussian__seed0__epoch_030__r-_G0__probes__f32.jsonl,recalibrated
gaussian_postrelu,0,-0.35,0.3,2.8874267578125,2.897341674804688,maxmonstre/eval/grid__gaussian__seed0__epoch_030__r-_G0__probes__f32.jsonl,recalibrated
gaussian_postrelu,0,-0.35,0.325,2.9270704345703127,2.93322509765625,maxmonstre/eval/grid__gaussian__seed0__epoch_030__r-_G0__probes__f32.jsonl,recalibrated
gaussian_postrelu,0,-0.35,0.35,2.974424194335937,2.969071166992188,maxmonstre/eval/grid__gaussian__seed0__epoch_030__r-_G0__probes__f32.jsonl,recalibrated
gaussian_postrelu,0,-0.35,0.375,3.025790771484375,3.015782958984375,maxmonstre/eval/grid__gaussian__seed0__epoch_030__r-_G0__probes__f32.jsonl,recalibrated
gaussian_postrelu,0,-0.35,0.4,3.0835809326171875,3.0672320556640624,maxmonstre/eval/grid__gaussian__seed0__epoch_030__r-_G0__probes__f32.jsonl,recalibrated
gaussian_postrelu,0,-0.35,0.425,3.14758349609375,3.126306518554688,maxmonstre/eval/grid__gaussian__seed0__epoch_030__r-_G0__probes__f32.jsonl,recalibrated
gaussian_postrelu,0,-0.35,0.45,3.214304443359375,3.19322412109375,maxmonstre/eval/grid__gaussian__seed0__epoch_030__r-_G0__probes__f32.jsonl,recalibrated
gaussian_postrelu,0,-0.35,0.475,3.2875615234375,3.256885009765625,maxmonstre/eval/grid__gaussian__seed0__epoch_030__r-_G0__probes__f32.jsonl,recalibrated
gaussian_postrelu,0,-0.35,0.5,3.35806005859375,3.318283447265625,maxmonstre/eval/grid__gaussian__seed0__epoch_030__r-_G0__probes__f32.jsonl,recalibrated
gaussian_postrelu,0,-0.325,-0.5,3.8860592041015622,3.8583116455078126,maxmonstre/eval/grid__gaussian__seed0__epoch_030__r-_G0__probes__f32.jsonl,recalibrated
gaussian_postrelu,0,-0.325,-0.475,3.74754833984375,3.732677734375,maxmonstre/eval/grid__gaussian__seed0__epoch_030__r-_G0__probes__f32.jsonl,recalibrated
gaussian_postrelu,0,-0.325,-0.45,3.607232421875,3.5967904052734374,maxmonstre/eval/grid__gaussian__seed0__epoch_030__r-_G0__probes__f32.jsonl,recalibrated
gaussian_postrelu,0,-0.325,-0.425,3.4664052734375,3.45696240234375,maxmonstre/eval/grid__gaussian__seed0__epoch_030__r-_G0__probes__f32.jsonl,recalibrated
gaussian_postrelu,0,-0.325,-0.4,3.3254395751953125,3.311169189453125,maxmonstre/eval/grid__gaussian__seed0__epoch_030__r-_G0__probes__f32.jsonl,recalibrated
gaussian_postrelu,0,-0.325,-0.375,3.1831722412109373,3.16937841796875,maxmonstre/eval/grid__gaussian__seed0__epoch_030__r-_G0__probes__f32.jsonl,recalibrated
gaussian_postrelu,0,-0.325,-0.35,3.04531884765625,3.028920654296875,maxmonstre/eval/grid__gaussian__seed0__epoch_030__r-_G0__probes__f32.jsonl,recalibrated
gaussian_postrelu,0,-0.325,-0.325,2.910818115234375,2.886870849609375,maxmonstre/eval/grid__gaussian__seed0__epoch_030__r-_G0__probes__f32.jsonl,recalibrated
gaussian_postrelu,0,-0.325,-0.3,2.784627685546875,2.7525675048828124,maxmonstre/eval/grid__gaussian__seed0__epoch_030__r-_G0__probes__f32.jsonl,recalibrated
gaussian_postrelu,0,-0.325,-0.275,2.6741353759765625,2.633310424804688,maxmonstre/eval/grid__gaussian__seed0__epoch_030__r-_G0__probes__f32.jsonl,recalibrated
gaussian_postrelu,0,-0.325,-0.25,2.5808553466796877,2.527355224609375,maxmonstre/eval/grid__gaussian__seed0__epoch_030__r-_G0__probes__f32.jsonl,recalibrated
gaussian_postrelu,0,-0.325,-0.225,2.5027183837890625,2.4325108642578126,maxmonstre/eval/grid__gaussian__seed0__epoch_030__r-_G0__probes__f32.jsonl,recalibrated
gaussian_postrelu,0,-0.325,-0.2,2.4405821533203125,2.358920166015625,maxmonstre/eval/grid__gaussian__seed0__epoch_030__r-_G0__probes__f32.jsonl,recalibrated
gaussian_postrelu,0,-0.325,-0.175,2.3900032958984374,2.30886181640625,maxmonstre/eval/grid__gaussian__seed0__epoch_030__r-_G0__probes__f32.jsonl,recalibrated
gaussian_postrelu,0,-0.325,-0.15,2.354447265625,2.2783587646484373,maxmonstre/eval/grid__gaussian__seed0__epoch_030__r-_G0__probes__f32.jsonl,recalibrated
gaussian_postrelu,0,-0.325,-0.125,2.3330126953125,2.263134765625,maxmonstre/eval/grid__gaussian__seed0__epoch_030__r-_G0__probes__f32.jsonl,recalibrated
gaussian_postrelu,0,-0.325,-0.1,2.32701708984375,2.2644974365234374,maxmonstre/eval/grid__gaussian__seed0__epoch_030__r-_G0__probes__f32.jsonl,recalibrated
gaussian_postrelu,0,-0.325,-0.075,2.334922119140625,2.2765614013671875,maxmonstre/eval/grid__gaussian__seed0__epoch_030__r-_G0__probes__f32.jsonl,recalibrated
gaussian_postrelu,0,-0.325,-0.05,2.359476806640625,2.302521484375,maxmonstre/eval/grid__gaussian__seed0__epoch_030__r-_G0__probes__f32.jsonl,recalibrated
gaussian_postrelu,0,-0.325,-0.025,2.3876572265625,2.3427862548828124,maxmonstre/eval/grid__gaussian__seed0__epoch_030__r-_G0__probes__f32.jsonl,recalibrated
gaussian_postrelu,0,-0.325,0.0,2.42070263671875,2.377723266601562,maxmonstre/eval/grid__gaussian__seed0__epoch_030__r-_G0__probes__f32.jsonl,recalibrated
gaussian_postrelu,0,-0.325,0.025,2.4587255859375,2.404129638671875,maxmonstre/eval/grid__gaussian__seed0__epoch_030__r-_G0__probes__f32.jsonl,recalibrated
gaussian_postrelu,0,-0.325,0.05,2.492118408203125,2.4368389892578124,maxmonstre/eval/grid__gaussian__seed0__epoch_030__r-_G0__probes__f32.jsonl,recalibrated
gaussian_postrelu,0,-0.325,0.075,2.526305908203125,2.4619691162109376,maxmonstre/eval/grid__gaussian__seed0__epoch_030__r-_G0__probes__f32.jsonl,recalibrated
gaussian_postrelu,0,-0.325,0.1,2.555207763671875,2.4912763671875,maxmonstre/eval/grid__gaussian__seed0__epoch_030__r-_G0__probes__f32.jsonl,recalibrated
gaussian_postrelu,0,-0.325,0.125,2.5811900634765625,2.5199173583984376,maxmonstre/eval/grid__gaussian__seed0__epoch_030__r-_G0__probes__f32.jsonl,recalibrated
gaussian_postrelu,0,-0.325,0.15,2.6071533203125,2.550606689453125,maxmonstre/eval/grid__gaussian__seed0__epoch_030__r-_G0__probes__f32.jsonl,recalibrated
gaussian_postrelu,0,-0.325,0.175,2.62698046875,2.5808541259765625,maxmonstre/eval/grid__gaussian__seed0__epoch_030__r-_G0__probes__f32.jsonl,recalibrated
gaussian_postrelu,0,-0.325,0.2,2.642937744140625,2.6108701171875,maxmonstre/eval/grid__gaussian__seed0__epoch_030__r-_G0__probes__f32.jsonl,recalibrated
gaussian_postrelu,0,-0.325,0.225,2.660971923828125,2.643061279296875,maxmonstre/eval/grid__gaussian__seed0__epoch_030__r-_G0__probes__f32.jsonl,recalibrated
gaussian_postrelu,0,-0.325,0.25,2.68135693359375,2.67899560546875,maxmonstre/eval/grid__gaussian__seed0__epoch_030__r-_G0__probes__f32.jsonl,recalibrated
gaussian_postrelu,0,-0.325,0.275,2.7032449951171875,2.711982177734375,maxmonstre/eval/grid__gaussian__seed0__epoch_030__r-_G0__probes__f32.jsonl,recalibrated
gaussian_postrelu,0,-0.325,0.3,2.738338745117188,2.7544051513671874,maxmonstre/eval/grid__gaussian__seed0__epoch_030__r-_G0__probes__f32.jsonl,recalibrated
gaussian_postrelu,0,-0.325,0.325,2.788611083984375,2.803092529296875,maxmonstre/eval/grid__gaussian__seed0__epoch_030__r-_G0__probes__f32.jsonl,recalibrated
gaussian_postrelu,0,-0.325,0.35,2.8495924072265626,2.8495977783203124,maxmonstre/eval/grid__gaussian__seed0__epoch_030__r-_G0__probes__f32.jsonl,recalibrated
gaussian_postrelu,0,-0.325,0.375,2.9173753662109374,2.90575927734375,maxmonstre/eval/grid__gaussian__seed0__epoch_030__r-_G0__probes__f32.jsonl,recalibrated
gaussian_postrelu,0,-0.325,0.4,2.9903828125,2.9701788330078127,maxmonstre/eval/grid__gaussian__seed0__epoch_030__r-_G0__probes__f32.jsonl,recalibrated
gaussian_postrelu,0,-0.325,0.425,3.06137548828125,3.0424967041015627,maxmonstre/eval/grid__gaussian__seed0__epoch_030__r-_G0__probes__f32.jsonl,recalibrated
gaussian_postrelu,0,-0.325,0.45,3.1438359375,3.117579833984375,maxmonstre/eval/grid__gaussian__seed0__epoch_030__r-_G0__probes__f32.jsonl,recalibrated
gaussian_postrelu,0,-0.325,0.475,3.227305419921875,3.190650634765625,maxmonstre/eval/grid__gaussian__seed0__epoch_030__r-_G0__probes__f32.jsonl,recalibrated
gaussian_postrelu,0,-0.325,0.5,3.3075732421875,3.259827880859375,maxmonstre/eval/grid__gaussian__seed0__epoch_030__r-_G0__probes__f32.jsonl,recalibrated
gaussian_postrelu,0,-0.3,-0.5,3.828414306640625,3.80521240234375,maxmonstre/eval/grid__gaussian__seed0__epoch_030__r-_G0__probes__f32.jsonl,recalibrated
gaussian_postrelu,0,-0.3,-0.475,3.690457763671875,3.6751806640625,maxmonstre/eval/grid__gaussian__seed0__epoch_030__r-_G0__probes__f32.jsonl,recalibrated
gaussian_postrelu,0,-0.3,-0.45,3.5467158203125,3.5351204833984373,maxmonstre/eval/grid__gaussian__seed0__epoch_030__r-_G0__probes__f32.jsonl,recalibrated
gaussian_postrelu,0,-0.3,-0.425,3.395133544921875,3.389076416015625,maxmonstre/eval/grid__gaussian__seed0__epoch_030__r-_G0__probes__f32.jsonl,recalibrated
gaussian_postrelu,0,-0.3,-0.4,3.24249560546875,3.2406253662109377,maxmonstre/eval/grid__gaussian__seed0__epoch_030__r-_G0__probes__f32.jsonl,recalibrated
gaussian_postrelu,0,-0.3,-0.375,3.09255615234375,3.0906031494140627,maxmonstre/eval/grid__gaussian__seed0__epoch_030__r-_G0__probes__f32.jsonl,recalibrated
gaussian_postrelu,0,-0.3,-0.35,2.942617919921875,2.944199462890625,maxmonstre/eval/grid__gaussian__seed0__epoch_030__r-_G0__probes__f32.jsonl,recalibrated
gaussian_postrelu,0,-0.3,-0.325,2.7948370361328125,2.798802612304688,maxmonstre/eval/grid__gaussian__seed0__epoch_030__r-_G0__probes__f32.jsonl,recalibrated
gaussian_postrelu,0,-0.3,-0.3,2.655615600585937,2.659338134765625,maxmonstre/eval/grid__gaussian__seed0__epoch_030__r-_G0__probes__f32.jsonl,recalibrated
gaussian_postrelu,0,-0.3,-0.275,2.536357666015625,2.5302464599609373,maxmonstre/eval/grid__gaussian__seed0__epoch_030__r-_G0__probes__f32.jsonl,recalibrated
gaussian_postrelu,0,-0.3,-0.25,2.4324638671875,2.4128614501953125,maxmonstre/eval/grid__gaussian__seed0__epoch_030__r-_G0__probes__f32.jsonl,recalibrated
gaussian_postrelu,0,-0.3,-0.225,2.3439833984375,2.313600341796875,maxmonstre/eval/grid__gaussian__seed0__epoch_030__r-_G0__probes__f32.jsonl,recalibrated
gaussian_postrelu,0,-0.3,-0.2,2.270356689453125,2.23382958984375,maxmonstre/eval/grid__gaussian__seed0__epoch_030__r-_G0__probes__f32.jsonl,recalibrated
gaussian_postrelu,0,-0.3,-0.175,2.20916357421875,2.1694400634765625,maxmonstre/eval/grid__gaussian__seed0__epoch_030__r-_G0__probes__f32.jsonl,recalibrated
gaussian_postrelu,0,-0.3,-0.15,2.1646697998046878,2.1184554443359374,maxmonstre/eval/grid__gaussian__seed0__epoch_030__r-_G0__probes__f32.jsonl,recalibrated
gaussian_postrelu,0,-0.3,-0.125,2.1342188720703126,2.0919876708984373,maxmonstre/eval/grid__gaussian__seed0__epoch_030__r-_G0__probes__f32.jsonl,recalibrated
gaussian_postrelu,0,-0.3,-0.1,2.1299727783203126,2.0982261962890627,maxmonstre/eval/grid__gaussian__seed0__epoch_030__r-_G0__probes__f32.jsonl,recalibrated
gaussian_postrelu,0,-0.3,-0.075,2.13369482421875,2.109957275390625,maxmonstre/eval/grid__gaussian__seed0__epoch_030__r-_G0__probes__f32.jsonl,recalibrated
gaussian_postrelu,0,-0.3,-0.05,2.1509180908203125,2.129078857421875,maxmonstre/eval/grid__gaussian__seed0__epoch_030__r-_G0__probes__f32.jsonl,recalibrated
gaussian_postrelu,0,-0.3,-0.025,2.184622802734375,2.1702076416015625,maxmonstre/eval/grid__gaussian__seed0__epoch_030__r-_G0__probes__f32.jsonl,recalibrated
gaussian_postrelu,0,-0.3,0.0,2.21779248046875,2.207780029296875,maxmonstre/eval/grid__gaussian__seed0__epoch_030__r-_G0__probes__f32.jsonl,recalibrated
gaussian_postrelu,0,-0.3,0.025,2.251184326171875,2.233488525390625,maxmonstre/eval/grid__gaussian__seed0__epoch_030__r-_G0__probes__f32.jsonl,recalibrated
gaussian_postrelu,0,-0.3,0.05,2.289559326171875,2.2682481689453127,maxmonstre/eval/grid__gaussian__seed0__epoch_030__r-_G0__probes__f32.jsonl,recalibrated
gaussian_postrelu,0,-0.3,0.075,2.324668701171875,2.3006240234375,maxmonstre/eval/grid__gaussian__seed0__epoch_030__r-_G0__probes__f32.jsonl,recalibrated
gaussian_postrelu,0,-0.3,0.1,2.358439819335937,2.3255885009765627,maxmonstre/eval/grid__gaussian__seed0__epoch_030__r-_G0__probes__f32.jsonl,recalibrated
gaussian_postrelu,0,-0.3,0.125,2.3906138916015625,2.343723876953125,maxmonstre/eval/grid__gaussian__seed0__epoch_030__r-_G0__probes__f32.jsonl,recalibrated
gaussian_postrelu,0,-0.3,0.15,2.417824951171875,2.36971435546875,maxmonstre/eval/grid__gaussian__seed0__epoch_030__r-_G0__probes__f32.jsonl,recalibrated
gaussian_postrelu,0,-0.3,0.175,2.44005224609375,2.3965986328125,maxmonstre/eval/grid__gaussian__seed0__epoch_030__r-_G0__probes__f32.jsonl,recalibrated
gaussian_postrelu,0,-0.3,0.2,2.4585152587890624,2.427176513671875,maxmonstre/eval/grid__gaussian__seed0__epoch_030__r-_G0__probes__f32.jsonl,recalibrated
gaussian_postrelu,0,-0.3,0.225,2.483866943359375,2.4610455322265623,maxmonstre/eval/grid__gaussian__seed0__epoch_030__r-_G0__probes__f32.jsonl,recalibrated
gaussian_postrelu,0,-0.3,0.25,2.5116484375,2.503636108398437,maxmonstre/eval/grid__gaussian__seed0__epoch_030__r-_G0__probes__f32.jsonl,recalibrated
gaussian_postrelu,0,-0.3,0.275,2.5452479248046878,2.5477947998046875,maxmonstre/eval/grid__gaussian__seed0__epoch_030__r-_G0__probes__f32.jsonl,recalibrated
gaussian_postrelu,0,-0.3,0.3,2.591697021484375,2.601087280273437,maxmonstre/eval/grid__gaussian__seed0__epoch_030__r-_G0__probes__f32.jsonl,recalibrated
gaussian_postrelu,0,-0.3,0.325,2.656729248046875,2.662274169921875,maxmonstre/eval/grid__gaussian__seed0__epoch_030__r-_G0__probes__f32.jsonl,recalibrated
gaussian_postrelu,0,-0.3,0.35,2.729970458984375,2.723754638671875,maxmonstre/eval/grid__gaussian__seed0__epoch_030__r-_G0__probes__f32.jsonl,recalibrated
gaussian_postrelu,0,-0.3,0.375,2.808843505859375,2.7924395751953126,maxmonstre/eval/grid__gaussian__seed0__epoch_030__r-_G0__probes__f32.jsonl,recalibrated
gaussian_postrelu,0,-0.3,0.4,2.89086962890625,2.872408203125,maxmonstre/eval/grid__gaussian__seed0__epoch_030__r-_G0__probes__f32.jsonl,recalibrated
gaussian_postrelu,0,-0.3,0.425,2.982005859375,2.9543199462890626,maxmonstre/eval/grid__gaussian__seed0__epoch_030__r-_G0__probes__f32.jsonl,recalibrated
gaussian_postrelu,0,-0.3,0.45,3.078533203125,3.0387174072265624,maxmonstre/eval/grid__gaussian__seed0__epoch_030__r-_G0__probes__f32.jsonl,recalibrated
gaussian_postrelu,0,-0.3,0.475,3.173281982421875,3.123849853515625,maxmonstre/eval/grid__gaussian__seed0__epoch_030__r-_G0__probes__f32.jsonl,recalibrated
gaussian_postrelu,0,-0.3,0.5,3.2627119140625,3.20908349609375,maxmonstre/eval/grid__gaussian__seed0__epoch_030__r-_G0__probes__f32.jsonl,recalibrated
gaussian_postrelu,0,-0.275,-0.5,3.7636409912109374,3.741695556640625,maxmonstre/eval/grid__gaussian__seed0__epoch_030__r-_G0__probes__f32.jsonl,recalibrated
gaussian_postrelu,0,-0.275,-0.475,3.625771240234375,3.6097554931640623,maxmonstre/eval/grid__gaussian__seed0__epoch_030__r-_G0__probes__f32.jsonl,recalibrated
gaussian_postrelu,0,-0.275,-0.45,3.4798341064453124,3.4690260009765623,maxmonstre/eval/grid__gaussian__seed0__epoch_030__r-_G0__probes__f32.jsonl,recalibrated
gaussian_postrelu,0,-0.275,-0.425,3.32814501953125,3.323915405273437,maxmonstre/eval/grid__gaussian__seed0__epoch_030__r-_G0__probes__f32.jsonl,recalibrated
gaussian_postrelu,0,-0.275,-0.4,3.16596923828125,3.169409423828125,maxmonstre/eval/grid__gaussian__seed0__epoch_030__r-_G0__probes__f32.jsonl,recalibrated
gaussian_postrelu,0,-0.275,-0.375,3.000549072265625,3.014361328125,maxmonstre/eval/grid__gaussian__seed0__epoch_030__r-_G0__probes__f32.jsonl,recalibrated
gaussian_postrelu,0,-0.275,-0.35,2.8408795166015626,2.8598316650390627,maxmonstre/eval/grid__gaussian__seed0__epoch_030__r-_G0__probes__f32.jsonl,recalibrated
gaussian_postrelu,0,-0.275,-0.325,2.685008178710937,2.7097958984375,maxmonstre/eval/grid__gaussian__seed0__epoch_030__r-_G0__probes__f32.jsonl,recalibrated
gaussian_postrelu,0,-0.275,-0.3,2.5342552490234374,2.565430297851562,maxmonstre/eval/grid__gaussian__seed0__epoch_030__r-_G0__probes__f32.jsonl,recalibrated
gaussian_postrelu,0,-0.275,-0.275,2.397594116210937,2.4299569091796878,maxmonstre/eval/grid__gaussian__seed0__epoch_030__r-_G0__probes__f32.jsonl,recalibrated
gaussian_postrelu,0,-0.275,-0.25,2.282935791015625,2.30574658203125,maxmonstre/eval/grid__gaussian__seed0__epoch_030__r-_G0__probes__f32.jsonl,recalibrated
gaussian_postrelu,0,-0.275,-0.225,2.1885562744140623,2.2004449462890623,maxmonstre/eval/grid__gaussian__seed0__epoch_030__r-_G0__probes__f32.jsonl,recalibrated
gaussian_postrelu,0,-0.275,-0.2,2.1073033447265623,2.1106318359375,maxmonstre/eval/grid__gaussian__seed0__epoch_030__r-_G0__probes__f32.jsonl,recalibrated
gaussian_postrelu,0,-0.275,-0.175,2.0316950073242186,2.0361025390625,maxmonstre/eval/grid__gaussian__seed0__epoch_030__r-_G0__probes__f32.jsonl,recalibrated
gaussian_postrelu,0,-0.275,-0.15,1.9747803955078125,1.974594970703125,maxmonstre/eval/grid__gaussian__seed0__epoch_030__r-_G0__probes__f32.jsonl,recalibrated
gaussian_postrelu,0,-0.275,-0.125,1.9365596923828128,1.9335514526367188,maxmonstre/eval/grid__gaussian__seed0__epoch_030__r-_G0__probes__f32.jsonl,recalibrated
gaussian_postrelu,0,-0.275,-0.1,1.920288024902344,1.9241429443359372,maxmonstre/eval/grid__gaussian__seed0__epoch_030__r-_G0__probes__f32.jsonl,recalibrated
gaussian_postrelu,0,-0.275,-0.075,1.933059326171875,1.944845458984375,maxmonstre/eval/grid__gaussian__seed0__epoch_030__r-_G0__probes__f32.jsonl,recalibrated
gaussian_postrelu,0,-0.275,-0.05,1.9389976806640623,1.9511755981445316,maxmonstre/eval/grid__gaussian__seed0__epoch_030__r-_G0__probes__f32.jsonl,recalibrated
gaussian_postrelu,0,-0.275,-0.025,1.9685521240234376,1.9807609252929688,maxmonstre/eval/grid__gaussian__seed0__epoch_030__r-_G0__probes__f32.jsonl,recalibrated
gaussian_postrelu,0,-0.275,0.0,2.0031724853515627,2.020512145996094,maxmonstre/eval/grid__gaussian__seed0__epoch_030__r-_G0__probes__f32.jsonl,recalibrated
gaussian_postrelu,0,-0.275,0.025,2.036757568359375,2.05048095703125,maxmonstre/eval/grid__gaussian__seed0__epoch_030__r-_G0__probes__f32.jsonl,recalibrated
gaussian_postrelu,0,-0.275,0.05,2.077824829101562,2.086259582519532,maxmonstre/eval/grid__gaussian__seed0__epoch_030__r-_G0__probes__f32.jsonl,recalibrated
gaussian_postrelu,0,-0.275,0.075,2.1184449462890624,2.11894580078125,maxmonstre/eval/grid__gaussian__seed0__epoch_030__r-_G0__probes__f32.jsonl,recalibrated
gaussian_postrelu,0,-0.275,0.1,2.1578472900390624,2.141649169921875,maxmonstre/eval/grid__gaussian__seed0__epoch_030__r-_G0__probes__f32.jsonl,recalibrated
gaussian_postrelu,0,-0.275,0.125,2.19245166015625,2.162171630859375,maxmonstre/eval/grid__gaussian__seed0__epoch_030__r-_G0__probes__f32.jsonl,recalibrated
gaussian_postrelu,0,-0.275,0.15,2.2208988037109374,2.1828515625,maxmonstre/eval/grid__gaussian__seed0__epoch_030__r-_G0__probes__f32.jsonl,recalibrated
gaussian_postrelu,0,-0.275,0.175,2.2411878662109377,2.2124674072265624,maxmonstre/eval/grid__gaussian__seed0__epoch_030__r-_G0__probes__f32.jsonl,recalibrated
gaussian_postrelu,0,-0.275,0.2,2.26492724609375,2.244276123046875,maxmonstre/eval/grid__gaussian__seed0__epoch_030__r-_G0__probes__f32.jsonl,recalibrated
gaussian_postrelu,0,-0.275,0.225,2.2990244140625,2.28280224609375,maxmonstre/eval/grid__gaussian__seed0__epoch_030__r-_G0__probes__f32.jsonl,recalibrated
gaussian_postrelu,0,-0.275,0.25,2.3375257568359373,2.332106689453125,maxmonstre/eval/grid__gaussian__seed0__epoch_030__r-_G0__probes__f32.jsonl,recalibrated
gaussian_postrelu,0,-0.275,0.275,2.379816162109375,2.38303564453125,maxmonstre/eval/grid__gaussian__seed0__epoch_030__r-_G0__probes__f32.jsonl,recalibrated
gaussian_postrelu,0,-0.275,0.3,2.440504516601562,2.446357421875,maxmonstre/eval/grid__gaussian__seed0__epoch_030__r-_G0__probes__f32.jsonl,recalibrated
gaussian_postrelu,0,-0.275,0.325,2.520802001953125,2.5200496826171874,maxmonstre/eval/grid__gaussian__seed0__epoch_030__r-_G0__probes__f32.jsonl,recalibrated
gaussian_postrelu,0,-0.275,0.35,2.6069580078125,2.601208251953125,maxmonstre/eval/grid__gaussian__seed0__epoch_030__r-_G0__probes__f32.jsonl,recalibrated
gaussian_postrelu,0,-0.275,0.375,2.7022783203125,2.6866005859375,maxmonstre/eval/grid__gaussian__seed0__epoch_030__r-_G0__probes__f32.jsonl,recalibrated
gaussian_postrelu,0,-0.275,0.4,2.8056221923828124,2.7755576171875,maxmonstre/eval/grid__gaussian__seed0__epoch_030__r-_G0__probes__f32.jsonl,recalibrated
gaussian_postrelu,0,-0.275,0.425,2.9127855224609376,2.866372314453125,maxmonstre/eval/grid__gaussian__seed0__epoch_030__r-_G0__probes__f32.jsonl,recalibrated
gaussian_postrelu,0,-0.275,0.45,3.01667041015625,2.96439599609375,maxmonstre/eval/grid__gaussian__seed0__epoch_030__r-_G0__probes__f32.jsonl,recalibrated
gaussian_postrelu,0,-0.275,0.475,3.1209454345703125,3.060814331054688,maxmonstre/eval/grid__gaussian__seed0__epoch_030__r-_G0__probes__f32.jsonl,recalibrated
gaussian_postrelu,0,-0.275,0.5,3.2209449462890625,3.158294311523437,maxmonstre/eval/grid__gaussian__seed0__epoch_030__r-_G0__probes__f32.jsonl,recalibrated
gaussian_postrelu,0,-0.25,-0.5,3.687653564453125,3.674777099609375,maxmonstre/eval/grid__gaussian__seed0__epoch_030__r-_G0__probes__f32.jsonl,recalibrated
gaussian_postrelu,0,-0.25,-0.475,3.5486846923828126,3.54056005859375,maxmonstre/eval/grid__gaussian__seed0__epoch_030__r-_G0__probes__f32.jsonl,recalibrated
gaussian_postrelu,0,-0.25,-0.45,3.403678588867188,3.399631591796875,maxmonstre/eval/grid__gaussian__seed0__epoch_030__r-_G0__probes__f32.jsonl,recalibrated
gaussian_postrelu,0,-0.25,-0.425,3.250047119140625,3.2563609619140625,maxmonstre/eval/grid__gaussian__seed0__epoch_030__r-_G0__probes__f32.jsonl,recalibrated
gaussian_postrelu,0,-0.25,-0.4,3.0852279052734377,3.1031392822265627,maxmonstre/eval/grid__gaussian__seed0__epoch_030__r-_G0__probes__f32.jsonl,recalibrated
gaussian_postrelu,0,-0.25,-0.375,2.9134267578125,2.93943212890625,maxmonstre/eval/grid__gaussian__seed0__epoch_030__r-_G0__probes__f32.jsonl,recalibrated
gaussian_postrelu,0,-0.25,-0.35,2.7434835205078123,2.7805101318359373,maxmonstre/eval/grid__gaussian__seed0__epoch_030__r-_G0__probes__f32.jsonl,recalibrated
gaussian_postrelu,0,-0.25,-0.325,2.57653955078125,2.622140625,maxmonstre/eval/grid__gaussian__seed0__epoch_030__r-_G0__probes__f32.jsonl,recalibrated
gaussian_postrelu,0,-0.25,-0.3,2.4169017333984373,2.47177197265625,maxmonstre/eval/grid__gaussian__seed0__epoch_030__r-_G0__probes__f32.jsonl,recalibrated
gaussian_postrelu,0,-0.25,-0.275,2.26332861328125,2.3286392822265625,maxmonstre/eval/grid__gaussian__seed0__epoch_030__r-_G0__probes__f32.jsonl,recalibrated
gaussian_postrelu,0,-0.25,-0.25,2.1306519775390624,2.196206298828125,v2/surfaces.csv,recalibrated
gaussian_postrelu,0,-0.25,-0.225,2.027055114746094,2.08438232421875,v2/surfaces.csv,recalibrated
gaussian_postrelu,0,-0.25,-0.2,1.940957397460937,1.9858267822265625,v2/surfaces.csv,recalibrated
gaussian_postrelu,0,-0.25,-0.175,1.8620567626953124,1.902581298828125,v2/surfaces.csv,recalibrated
gaussian_postrelu,0,-0.25,-0.15,1.7951490478515626,1.83193603515625,v2/surfaces.csv,recalibrated
gaussian_postrelu,0,-0.25,-0.125,1.7493046875,1.7819547119140624,v2/surfaces.csv,recalibrated
gaussian_postrelu,0,-0.25,-0.1,1.7198937377929688,1.7528074340820312,v2/surfaces.csv,recalibrated
gaussian_postrelu,0,-0.25,-0.075,1.720332275390625,1.75725390625,v2/surfaces.csv,recalibrated
gaussian_postrelu,0,-0.25,-0.05,1.73345654296875,1.773775939941406,v2/surfaces.csv,recalibrated
gaussian_postrelu,0,-0.25,-0.025,1.7467847290039062,1.7880538330078124,v2/surfaces.csv,recalibrated
gaussian_postrelu,0,-0.25,0.0,1.7796075439453125,1.8209241333007813,v2/surfaces.csv,recalibrated
gaussian_postrelu,0,-0.25,0.025,1.8161943359375,1.8537775268554688,v2/surfaces.csv,recalibrated
gaussian_postrelu,0,-0.25,0.05,1.8571026611328123,1.885971557617188,v2/surfaces.csv,recalibrated
gaussian_postrelu,0,-0.25,0.075,1.9078824462890625,1.9204053955078124,v2/surfaces.csv,recalibrated
gaussian_postrelu,0,-0.25,0.1,1.9518072509765625,1.949743103027344,v2/surfaces.csv,recalibrated
gaussian_postrelu,0,-0.25,0.125,1.9913050537109376,1.972668762207032,v2/surfaces.csv,recalibrated
gaussian_postrelu,0,-0.25,0.15,2.0238594970703123,1.9972120971679688,v2/surfaces.csv,recalibrated
gaussian_postrelu,0,-0.25,0.175,2.0495489501953124,2.031343933105469,v2/surfaces.csv,recalibrated
gaussian_postrelu,0,-0.25,0.2,2.080251037597656,2.0709351196289063,v2/surfaces.csv,recalibrated
gaussian_postrelu,0,-0.25,0.225,2.1190591430664063,2.1176080322265625,v2/surfaces.csv,recalibrated
gaussian_postrelu,0,-0.25,0.25,2.16656298828125,2.166474487304688,v2/surfaces.csv,recalibrated
gaussian_postrelu,0,-0.25,0.275,2.220807861328125,2.230395751953125,maxmonstre/eval/grid__gaussian__seed0__epoch_030__r-_G0__probes__f32.jsonl,recalibrated
gaussian_postrelu,0,-0.25,0.3,2.2919521484375,2.3068583984375,maxmonstre/eval/grid__gaussian__seed0__epoch_030__r-_G0__probes__f32.jsonl,recalibrated
gaussian_postrelu,0,-0.25,0.325,2.38138427734375,2.3941898193359377,maxmonstre/eval/grid__gaussian__seed0__epoch_030__r-_G0__probes__f32.jsonl,recalibrated
gaussian_postrelu,0,-0.25,0.35,2.486201171875,2.491747924804688,maxmonstre/eval/grid__gaussian__seed0__epoch_030__r-_G0__probes__f32.jsonl,recalibrated
gaussian_postrelu,0,-0.25,0.375,2.6028428955078127,2.58825830078125,maxmonstre/eval/grid__gaussian__seed0__epoch_030__r-_G0__probes__f32.jsonl,recalibrated
gaussian_postrelu,0,-0.25,0.4,2.7246588134765624,2.687683349609375,maxmonstre/eval/grid__gaussian__seed0__epoch_030__r-_G0__probes__f32.jsonl,recalibrated
gaussian_postrelu,0,-0.25,0.425,2.847474853515625,2.792311401367188,maxmonstre/eval/grid__gaussian__seed0__epoch_030__r-_G0__probes__f32.jsonl,recalibrated
gaussian_postrelu,0,-0.25,0.45,2.9632958984375,2.90034521484375,maxmonstre/eval/grid__gaussian__seed0__epoch_030__r-_G0__probes__f32.jsonl,recalibrated
gaussian_postrelu,0,-0.25,0.475,3.074865478515625,3.0083673095703123,maxmonstre/eval/grid__gaussian__seed0__epoch_030__r-_G0__probes__f32.jsonl,recalibrated
gaussian_postrelu,0,-0.25,0.5,3.181329345703125,3.114307861328125,maxmonstre/eval/grid__gaussian__seed0__epoch_030__r-_G0__probes__f32.jsonl,recalibrated
gaussian_postrelu,0,-0.225,-0.5,3.600885009765625,3.6031083984375,maxmonstre/eval/grid__gaussian__seed0__epoch_030__r-_G0__probes__f32.jsonl,recalibrated
gaussian_postrelu,0,-0.225,-0.475,3.457341064453125,3.4700352783203123,maxmonstre/eval/grid__gaussian__seed0__epoch_030__r-_G0__probes__f32.jsonl,recalibrated
gaussian_postrelu,0,-0.225,-0.45,3.308917846679688,3.32484130859375,maxmonstre/eval/grid__gaussian__seed0__epoch_030__r-_G0__probes__f32.jsonl,recalibrated
gaussian_postrelu,0,-0.225,-0.425,3.155234619140625,3.175674560546875,maxmonstre/eval/grid__gaussian__seed0__epoch_030__r-_G0__probes__f32.jsonl,recalibrated
gaussian_postrelu,0,-0.225,-0.4,2.988837646484375,3.0223985595703127,maxmonstre/eval/grid__gaussian__seed0__epoch_030__r-_G0__probes__f32.jsonl,recalibrated
gaussian_postrelu,0,-0.225,-0.375,2.8151533203125,2.858001953125,maxmonstre/eval/grid__gaussian__seed0__epoch_030__r-_G0__probes__f32.jsonl,recalibrated
gaussian_postrelu,0,-0.225,-0.35,2.637909912109375,2.6908245849609376,maxmonstre/eval/grid__gaussian__seed0__epoch_030__r-_G0__probes__f32.jsonl,recalibrated
gaussian_postrelu,0,-0.225,-0.325,2.462835693359375,2.5269332275390624,maxmonstre/eval/grid__gaussian__seed0__epoch_030__r-_G0__probes__f32.jsonl,recalibrated
gaussian_postrelu,0,-0.225,-0.3,2.2935733642578127,2.368461181640625,maxmonstre/eval/grid__gaussian__seed0__epoch_030__r-_G0__probes__f32.jsonl,recalibrated
gaussian_postrelu,0,-0.225,-0.275,2.130886474609375,2.2202186279296874,maxmonstre/eval/grid__gaussian__seed0__epoch_030__r-_G0__probes__f32.jsonl,recalibrated
gaussian_postrelu,0,-0.225,-0.25,1.983888610839844,2.0819381103515626,v2/surfaces.csv,recalibrated
gaussian_postrelu,0,-0.225,-0.225,1.86133251953125,1.961619384765625,v2/surfaces.csv,recalibrated
gaussian_postrelu,0,-0.225,-0.2,1.766422607421875,1.858265625,v2/surfaces.csv,recalibrated
gaussian_postrelu,0,-0.225,-0.175,1.6859847412109374,1.765841064453125,v2/surfaces.csv,recalibrated
gaussian_postrelu,0,-0.225,-0.15,1.6145869140625,1.6894426879882811,v2/surfaces.csv,recalibrated
gaussian_postrelu,0,-0.225,-0.125,1.5653350830078123,1.62931787109375,v2/surfaces.csv,recalibrated
gaussian_postrelu,0,-0.225,-0.1,1.5299431762695312,1.589081298828125,v2/surfaces.csv,recalibrated
gaussian_postrelu,0,-0.225,-0.075,1.51833642578125,1.569007568359375,v2/surfaces.csv,recalibrated
gaussian_postrelu,0,-0.225,-0.05,1.5336694946289062,1.5812501220703126,v2/surfaces.csv,recalibrated
gaussian_postrelu,0,-0.225,-0.025,1.535968933105469,1.5931215209960938,v2/surfaces.csv,recalibrated
gaussian_postrelu,0,-0.225,0.0,1.5501652221679687,1.614596923828125,v2/surfaces.csv,recalibrated
gaussian_postrelu,0,-0.225,0.025,1.5866109008789062,1.6420147705078123,v2/surfaces.csv,recalibrated
gaussian_postrelu,0,-0.225,0.05,1.6325974731445312,1.671630615234375,v2/surfaces.csv,recalibrated
gaussian_postrelu,0,-0.225,0.075,1.6917862548828124,1.712283447265625,v2/surfaces.csv,recalibrated
gaussian_postrelu,0,-0.225,0.1,1.7447903442382813,1.7541849365234374,v2/surfaces.csv,recalibrated
gaussian_postrelu,0,-0.225,0.125,1.7881917114257813,1.7854393920898437,v2/surfaces.csv,recalibrated
gaussian_postrelu,0,-0.225,0.15,1.830674072265625,1.816586669921875,v2/surfaces.csv,recalibrated
gaussian_postrelu,0,-0.225,0.175,1.866580322265625,1.8582340698242188,v2/surfaces.csv,recalibrated
gaussian_postrelu,0,-0.225,0.2,1.9032109375,1.909329345703125,v2/surfaces.csv,recalibrated
gaussian_postrelu,0,-0.225,0.225,1.946715270996093,1.95663525390625,v2/surfaces.csv,recalibrated
gaussian_postrelu,0,-0.225,0.25,2.005576232910156,2.0163243408203124,v2/surfaces.csv,recalibrated
gaussian_postrelu,0,-0.225,0.275,2.0759102172851565,2.092963745117188,maxmonstre/eval/grid__gaussian__seed0__epoch_030__r-_G0__probes__f32.jsonl,recalibrated
gaussian_postrelu,0,-0.225,0.3,2.16131494140625,2.185984130859375,maxmonstre/eval/grid__gaussian__seed0__epoch_030__r-_G0__probes__f32.jsonl,recalibrated
gaussian_postrelu,0,-0.225,0.325,2.264521728515625,2.288496337890625,maxmonstre/eval/grid__gaussian__seed0__epoch_030__r-_G0__probes__f32.jsonl,recalibrated
gaussian_postrelu,0,-0.225,0.35,2.385796142578125,2.396669189453125,maxmonstre/eval/grid__gaussian__seed0__epoch_030__r-_G0__probes__f32.jsonl,recalibrated
gaussian_postrelu,0,-0.225,0.375,2.5160269775390627,2.5081517333984373,maxmonstre/eval/grid__gaussian__seed0__epoch_030__r-_G0__probes__f32.jsonl,recalibrated
gaussian_postrelu,0,-0.225,0.4,2.6529752197265624,2.6246300048828126,maxmonstre/eval/grid__gaussian__seed0__epoch_030__r-_G0__probes__f32.jsonl,recalibrated
gaussian_postrelu,0,-0.225,0.425,2.7849638671875,2.7419912109375,maxmonstre/eval/grid__gaussian__seed0__epoch_030__r-_G0__probes__f32.jsonl,recalibrated
gaussian_postrelu,0,-0.225,0.45,2.9066805419921877,2.85866357421875,maxmonstre/eval/grid__gaussian__seed0__epoch_030__r-_G0__probes__f32.jsonl,recalibrated
gaussian_postrelu,0,-0.225,0.475,3.0269013671875,2.972267333984375,maxmonstre/eval/grid__gaussian__seed0__epoch_030__r-_G0__probes__f32.jsonl,recalibrated
gaussian_postrelu,0,-0.225,0.5,3.13925341796875,3.085808349609375,maxmonstre/eval/grid__gaussian__seed0__epoch_030__r-_G0__probes__f32.jsonl,recalibrated
gaussian_postrelu,0,-0.2,-0.5,3.50347119140625,3.52228271484375,maxmonstre/eval/grid__gaussian__seed0__epoch_030__r-_G0__probes__f32.jsonl,recalibrated
gaussian_postrelu,0,-0.2,-0.475,3.3524508056640623,3.3900478515625,maxmonstre/eval/grid__gaussian__seed0__epoch_030__r-_G0__probes__f32.jsonl,recalibrated
gaussian_postrelu,0,-0.2,-0.45,3.2034012451171874,3.2487470703125,maxmonstre/eval/grid__gaussian__seed0__epoch_030__r-_G0__probes__f32.jsonl,recalibrated
gaussian_postrelu,0,-0.2,-0.425,3.04602392578125,3.09482373046875,maxmonstre/eval/grid__gaussian__seed0__epoch_030__r-_G0__probes__f32.jsonl,recalibrated
gaussian_postrelu,0,-0.2,-0.4,2.881263305664062,2.932601318359375,maxmonstre/eval/grid__gaussian__seed0__epoch_030__r-_G0__probes__f32.jsonl,recalibrated
gaussian_postrelu,0,-0.2,-0.375,2.70427294921875,2.7638861083984376,maxmonstre/eval/grid__gaussian__seed0__epoch_030__r-_G0__probes__f32.jsonl,recalibrated
gaussian_postrelu,0,-0.2,-0.35,2.522834716796875,2.593603881835937,maxmonstre/eval/grid__gaussian__seed0__epoch_030__r-_G0__probes__f32.jsonl,recalibrated
gaussian_postrelu,0,-0.2,-0.325,2.338897705078125,2.42674072265625,maxmonstre/eval/grid__gaussian__seed0__epoch_030__r-_G0__probes__f32.jsonl,recalibrated
gaussian_postrelu,0,-0.2,-0.3,2.16090966796875,2.2620865478515624,maxmonstre/eval/grid__gaussian__seed0__epoch_030__r-_G0__probes__f32.jsonl,recalibrated
gaussian_postrelu,0,-0.2,-0.275,1.9945830078125,2.1084110107421874,maxmonstre/eval/grid__gaussian__seed0__epoch_030__r-_G0__probes__f32.jsonl,recalibrated
gaussian_postrelu,0,-0.2,-0.25,1.8403316040039064,1.9644605102539063,v2/surfaces.csv,recalibrated
gaussian_postrelu,0,-0.2,-0.225,1.706466796875,1.832914306640625,v2/surfaces.csv,recalibrated
gaussian_postrelu,0,-0.2,-0.2,1.5943134765625,1.7198617553710938,v2/surfaces.csv,recalibrated
gaussian_postrelu,0,-0.2,-0.175,1.503943664550781,1.6231741943359377,v2/surfaces.csv,recalibrated
gaussian_postrelu,0,-0.2,-0.15,1.4332003173828125,1.543421875,v2/surfaces.csv,recalibrated
gaussian_postrelu,0,-0.2,-0.125,1.3778296508789063,1.4786480712890624,v2/surfaces.csv,recalibrated
gaussian_postrelu,0,-0.2,-0.1,1.3423324584960938,1.43116455078125,v2/surfaces.csv,recalibrated
gaussian_postrelu,0,-0.2,-0.075,1.3205357666015625,1.395957275390625,v2/surfaces.csv,recalibrated
gaussian_postrelu,0,-0.2,-0.05,1.322541748046875,1.3868475952148438,v2/surfaces.csv,recalibrated
gaussian_postrelu,0,-0.2,-0.025,1.3312498779296875,1.3948073120117188,v2/surfaces.csv,recalibrated
gaussian_postrelu,0,-0.2,0.0,1.3311027221679688,1.4063220825195313,v2/surfaces.csv,recalibrated
gaussian_postrelu,0,-0.2,0.025,1.3534301147460936,1.4337703247070313,v2/surfaces.csv,recalibrated
gaussian_postrelu,0,-0.2,0.05,1.39981982421875,1.4668052978515624,v2/surfaces.csv,recalibrated
gaussian_postrelu,0,-0.2,0.075,1.4667235107421874,1.5112406616210938,v2/surfaces.csv,recalibrated
gaussian_postrelu,0,-0.2,0.1,1.5320881958007813,1.5622364501953123,v2/surfaces.csv,recalibrated
gaussian_postrelu,0,-0.2,0.125,1.5929302368164062,1.6046065673828125,v2/surfaces.csv,recalibrated
gaussian_postrelu,0,-0.2,0.15,1.6478425903320313,1.64646435546875,v2/surfaces.csv,recalibrated
gaussian_postrelu,0,-0.2,0.175,1.6943179931640624,1.69465771484375,v2/surfaces.csv,recalibrated
gaussian_postrelu,0,-0.2,0.2,1.733537841796875,1.752341064453125,v2/surfaces.csv,recalibrated
gaussian_postrelu,0,-0.2,0.225,1.7817905883789062,1.812479736328125,v2/surfaces.csv,recalibrated
gaussian_postrelu,0,-0.2,0.25,1.8495680541992188,1.8843490600585937,v2/surfaces.csv,recalibrated
gaussian_postrelu,0,-0.2,0.275,1.9396574096679688,1.9777406005859373,maxmonstre/eval/grid__gaussian__seed0__epoch_030__r-_G0__probes__f32.jsonl,recalibrated
gaussian_postrelu,0,-0.2,0.3,2.0471343383789065,2.081132568359375,maxmonstre/eval/grid__gaussian__seed0__epoch_030__r-_G0__probes__f32.jsonl,recalibrated
gaussian_postrelu,0,-0.2,0.325,2.170143798828125,2.1942601318359376,maxmonstre/eval/grid__gaussian__seed0__epoch_030__r-_G0__probes__f32.jsonl,recalibrated
gaussian_postrelu,0,-0.2,0.35,2.3026431884765626,2.3173057861328124,maxmonstre/eval/grid__gaussian__seed0__epoch_030__r-_G0__probes__f32.jsonl,recalibrated
gaussian_postrelu,0,-0.2,0.375,2.445697021484375,2.447871826171875,maxmonstre/eval/grid__gaussian__seed0__epoch_030__r-_G0__probes__f32.jsonl,recalibrated
gaussian_postrelu,0,-0.2,0.4,2.589274169921875,2.57937548828125,maxmonstre/eval/grid__gaussian__seed0__epoch_030__r-_G0__probes__f32.jsonl,recalibrated
gaussian_postrelu,0,-0.2,0.425,2.728868896484375,2.708234741210937,maxmonstre/eval/grid__gaussian__seed0__epoch_030__r-_G0__probes__f32.jsonl,recalibrated
gaussian_postrelu,0,-0.2,0.45,2.86037744140625,2.8339822998046875,maxmonstre/eval/grid__gaussian__seed0__epoch_030__r-_G0__probes__f32.jsonl,recalibrated
gaussian_postrelu,0,-0.2,0.475,2.98561865234375,2.9579515380859376,maxmonstre/eval/grid__gaussian__seed0__epoch_030__r-_G0__probes__f32.jsonl,recalibrated
gaussian_postrelu,0,-0.2,0.5,3.1036009521484376,3.08263671875,maxmonstre/eval/grid__gaussian__seed0__epoch_030__r-_G0__probes__f32.jsonl,recalibrated
gaussian_postrelu,0,-0.175,-0.5,3.3868782958984376,3.42812939453125,maxmonstre/eval/grid__gaussian__seed0__epoch_030__r-_G0__probes__f32.jsonl,recalibrated
gaussian_postrelu,0,-0.175,-0.475,3.232744140625,3.295167724609375,maxmonstre/eval/grid__gaussian__seed0__epoch_030__r-_G0__probes__f32.jsonl,recalibrated
gaussian_postrelu,0,-0.175,-0.45,3.0807362060546875,3.153931640625,maxmonstre/eval/grid__gaussian__seed0__epoch_030__r-_G0__probes__f32.jsonl,recalibrated
gaussian_postrelu,0,-0.175,-0.425,2.9224892578125,2.9997640380859374,maxmonstre/eval/grid__gaussian__seed0__epoch_030__r-_G0__probes__f32.jsonl,recalibrated
gaussian_postrelu,0,-0.175,-0.4,2.7555771484375,2.831261962890625,maxmonstre/eval/grid__gaussian__seed0__epoch_030__r-_G0__probes__f32.jsonl,recalibrated
gaussian_postrelu,0,-0.175,-0.375,2.57669921875,2.657108642578125,maxmonstre/eval/grid__gaussian__seed0__epoch_030__r-_G0__probes__f32.jsonl,recalibrated
gaussian_postrelu,0,-0.175,-0.35,2.3945660400390625,2.485171630859375,maxmonstre/eval/grid__gaussian__seed0__epoch_030__r-_G0__probes__f32.jsonl,recalibrated
gaussian_postrelu,0,-0.175,-0.325,2.21238671875,2.3181011962890623,maxmonstre/eval/grid__gaussian__seed0__epoch_030__r-_G0__probes__f32.jsonl,recalibrated
gaussian_postrelu,0,-0.175,-0.3,2.03520458984375,2.1533325805664063,maxmonstre/eval/grid__gaussian__seed0__epoch_030__r-_G0__probes__f32.jsonl,recalibrated
gaussian_postrelu,0,-0.175,-0.275,1.862057373046875,1.9966143798828124,maxmonstre/eval/grid__gaussian__seed0__epoch_030__r-_G0__probes__f32.jsonl,recalibrated
gaussian_postrelu,0,-0.175,-0.25,1.7014814453125,1.8466447143554687,v2/surfaces.csv,recalibrated
gaussian_postrelu,0,-0.175,-0.225,1.5594439086914065,1.7089046020507812,v2/surfaces.csv,recalibrated
gaussian_postrelu,0,-0.175,-0.2,1.4380271606445312,1.5852919311523437,v2/surfaces.csv,recalibrated
gaussian_postrelu,0,-0.175,-0.175,1.3398865356445313,1.4790303955078126,v2/surfaces.csv,recalibrated
gaussian_postrelu,0,-0.175,-0.15,1.261653076171875,1.3943504638671875,v2/surfaces.csv,recalibrated
gaussian_postrelu,0,-0.175,-0.125,1.2025792236328126,1.3249691772460936,v2/surfaces.csv,recalibrated
gaussian_postrelu,0,-0.175,-0.1,1.158841796875,1.2703139038085938,v2/surfaces.csv,recalibrated
gaussian_postrelu,0,-0.175,-0.075,1.1311480102539062,1.2308596801757812,v2/surfaces.csv,recalibrated
gaussian_postrelu,0,-0.175,-0.05,1.1204114379882812,1.2057360229492189,v2/surfaces.csv,recalibrated
gaussian_postrelu,0,-0.175,-0.025,1.1283873291015625,1.2048140258789062,v2/surfaces.csv,recalibrated
gaussian_postrelu,0,-0.175,0.0,1.128203125,1.2147029418945312,v2/surfaces.csv,recalibrated
gaussian_postrelu,0,-0.175,0.025,1.140852294921875,1.228462890625,v2/surfaces.csv,recalibrated
gaussian_postrelu,0,-0.175,0.05,1.174911376953125,1.2640216064453125,v2/surfaces.csv,recalibrated
gaussian_postrelu,0,-0.175,0.075,1.2405910034179688,1.313054443359375,v2/surfaces.csv,recalibrated
gaussian_postrelu,0,-0.175,0.1,1.3172749633789065,1.367584716796875,v2/surfaces.csv,recalibrated
gaussian_postrelu,0,-0.175,0.125,1.3923646240234375,1.427375244140625,v2/surfaces.csv,recalibrated
gaussian_postrelu,0,-0.175,0.15,1.466256652832031,1.4839215698242187,v2/surfaces.csv,recalibrated
gaussian_postrelu,0,-0.175,0.175,1.518610595703125,1.542914794921875,v2/surfaces.csv,recalibrated
gaussian_postrelu,0,-0.175,0.2,1.567660339355469,1.612823974609375,v2/surfaces.csv,recalibrated
gaussian_postrelu,0,-0.175,0.225,1.627859130859375,1.68771875,v2/surfaces.csv,recalibrated
gaussian_postrelu,0,-0.175,0.25,1.7141741943359374,1.7740136108398437,v2/surfaces.csv,recalibrated
gaussian_postrelu,0,-0.175,0.275,1.8229103393554689,1.875267761230469,maxmonstre/eval/grid__gaussian__seed0__epoch_030__r-_G0__probes__f32.jsonl,recalibrated
gaussian_postrelu,0,-0.175,0.3,1.9443145751953128,1.9916693115234372,maxmonstre/eval/grid__gaussian__seed0__epoch_030__r-_G0__probes__f32.jsonl,recalibrated
gaussian_postrelu,0,-0.175,0.325,2.08402783203125,2.1229304809570317,maxmonstre/eval/grid__gaussian__seed0__epoch_030__r-_G0__probes__f32.jsonl,recalibrated
gaussian_postrelu,0,-0.175,0.35,2.2346102294921875,2.256361328125,maxmonstre/eval/grid__gaussian__seed0__epoch_030__r-_G0__probes__f32.jsonl,recalibrated
gaussian_postrelu,0,-0.175,0.375,2.387379638671875,2.3972451171875,maxmonstre/eval/grid__gaussian__seed0__epoch_030__r-_G0__probes__f32.jsonl,recalibrated
gaussian_postrelu,0,-0.175,0.4,2.540400146484375,2.5458570556640625,maxmonstre/eval/grid__gaussian__seed0__epoch_030__r-_G0__probes__f32.jsonl,recalibrated
gaussian_postrelu,0,-0.175,0.425,2.68744580078125,2.6885560302734377,maxmonstre/eval/grid__gaussian__seed0__epoch_030__r-_G0__probes__f32.jsonl,recalibrated
gaussian_postrelu,0,-0.175,0.45,2.823532836914062,2.828838134765625,maxmonstre/eval/grid__gaussian__seed0__epoch_030__r-_G0__probes__f32.jsonl,recalibrated
gaussian_postrelu,0,-0.175,0.475,2.950472534179688,2.9668662109375,maxmonstre/eval/grid__gaussian__seed0__epoch_030__r-_G0__probes__f32.jsonl,recalibrated
gaussian_postrelu,0,-0.175,0.5,3.0674102783203123,3.09927392578125,maxmonstre/eval/grid__gaussian__seed0__epoch_030__r-_G0__probes__f32.jsonl,recalibrated
gaussian_postrelu,0,-0.15,-0.5,3.257427978515625,3.324689697265625,maxmonstre/eval/grid__gaussian__seed0__epoch_030__r-_G0__probes__f32.jsonl,recalibrated
gaussian_postrelu,0,-0.15,-0.475,3.0990826416015627,3.19028662109375,maxmonstre/eval/grid__gaussian__seed0__epoch_030__r-_G0__probes__f32.jsonl,recalibrated
gaussian_postrelu,0,-0.15,-0.45,2.9421588134765626,3.04408544921875,maxmonstre/eval/grid__gaussian__seed0__epoch_030__r-_G0__probes__f32.jsonl,recalibrated
gaussian_postrelu,0,-0.15,-0.425,2.78090234375,2.889984130859375,maxmonstre/eval/grid__gaussian__seed0__epoch_030__r-_G0__probes__f32.jsonl,recalibrated
gaussian_postrelu,0,-0.15,-0.4,2.6109742431640623,2.7246710205078126,maxmonstre/eval/grid__gaussian__seed0__epoch_030__r-_G0__probes__f32.jsonl,recalibrated
gaussian_postrelu,0,-0.15,-0.375,2.4366744384765626,2.5472252197265624,maxmonstre/eval/grid__gaussian__seed0__epoch_030__r-_G0__probes__f32.jsonl,recalibrated
gaussian_postrelu,0,-0.15,-0.35,2.259405517578125,2.3730635986328124,maxmonstre/eval/grid__gaussian__seed0__epoch_030__r-_G0__probes__f32.jsonl,recalibrated
gaussian_postrelu,0,-0.15,-0.325,2.078805541992188,2.19780615234375,maxmonstre/eval/grid__gaussian__seed0__epoch_030__r-_G0__probes__f32.jsonl,recalibrated
gaussian_postrelu,0,-0.15,-0.3,1.9014052734375,2.0317005615234374,maxmonstre/eval/grid__gaussian__seed0__epoch_030__r-_G0__probes__f32.jsonl,recalibrated
gaussian_postrelu,0,-0.15,-0.275,1.7319916381835938,1.8752025146484372,maxmonstre/eval/grid__gaussian__seed0__epoch_030__r-_G0__probes__f32.jsonl,recalibrated
gaussian_postrelu,0,-0.15,-0.25,1.57358154296875,1.726358642578125,v2/surfaces.csv,recalibrated
gaussian_postrelu,0,-0.15,-0.225,1.4255933837890624,1.5856898803710937,v2/surfaces.csv,recalibrated
gaussian_postrelu,0,-0.15,-0.2,1.296041015625,1.4557127075195313,v2/surfaces.csv,recalibrated
gaussian_postrelu,0,-0.15,-0.175,1.19245556640625,1.3451807250976562,v2/surfaces.csv,recalibrated
gaussian_postrelu,0,-0.15,-0.15,1.10804052734375,1.2546550903320313,v2/surfaces.csv,recalibrated
gaussian_postrelu,0,-0.15,-0.125,1.0404190979003909,1.179813232421875,v2/surfaces.csv,recalibrated
gaussian_postrelu,0,-0.15,-0.1,0.9842615966796876,1.117884765625,v2/surfaces.csv,recalibrated
gaussian_postrelu,0,-0.15,-0.075,0.945231964111328,1.0648460693359374,v2/surfaces.csv,recalibrated
gaussian_postrelu,0,-0.15,-0.05,0.9234620361328124,1.0286070556640623,v2/surfaces.csv,recalibrated
gaussian_postrelu,0,-0.15,-0.025,0.91987451171875,1.0105057067871093,v2/surfaces.csv,recalibrated
gaussian_postrelu,0,-0.15,0.0,0.9270198059082032,1.0172051391601562,v2/surfaces.csv,recalibrated
gaussian_postrelu,0,-0.15,0.025,0.9370250549316408,1.0262744750976562,v2/surfaces.csv,recalibrated
gaussian_postrelu,0,-0.15,0.05,0.9674149780273438,1.0596961059570311,v2/surfaces.csv,recalibrated
gaussian_postrelu,0,-0.15,0.075,1.02160595703125,1.1120325927734376,v2/surfaces.csv,recalibrated
gaussian_postrelu,0,-0.15,0.1,1.093731475830078,1.1752769165039063,v2/surfaces.csv,recalibrated
gaussian_postrelu,0,-0.15,0.125,1.1784105834960938,1.2461868896484376,v2/surfaces.csv,recalibrated
gaussian_postrelu,0,-0.15,0.15,1.26372998046875,1.326611083984375,v2/surfaces.csv,recalibrated
gaussian_postrelu,0,-0.15,0.175,1.3452238159179688,1.4039274291992188,v2/surfaces.csv,recalibrated
gaussian_postrelu,0,-0.15,0.2,1.4180100708007812,1.4861222534179688,v2/surfaces.csv,recalibrated
gaussian_postrelu,0,-0.15,0.225,1.4979105224609377,1.5790239868164062,v2/surfaces.csv,recalibrated
gaussian_postrelu,0,-0.15,0.25,1.6015311279296875,1.6751024169921875,v2/surfaces.csv,recalibrated
gaussian_postrelu,0,-0.15,0.275,1.725066650390625,1.7896759033203125,maxmonstre/eval/grid__gaussian__seed0__epoch_030__r-_G0__probes__f32.jsonl,recalibrated
gaussian_postrelu,0,-0.15,0.3,1.8625228271484373,1.924888610839844,maxmonstre/eval/grid__gaussian__seed0__epoch_030__r-_G0__probes__f32.jsonl,recalibrated
gaussian_postrelu,0,-0.15,0.325,2.01177685546875,2.067627197265625,maxmonstre/eval/grid__gaussian__seed0__epoch_030__r-_G0__probes__f32.jsonl,recalibrated
gaussian_postrelu,0,-0.15,0.35,2.175635620117188,2.2176455078125,maxmonstre/eval/grid__gaussian__seed0__epoch_030__r-_G0__probes__f32.jsonl,recalibrated
gaussian_postrelu,0,-0.15,0.375,2.3449227294921875,2.37422119140625,maxmonstre/eval/grid__gaussian__seed0__epoch_030__r-_G0__probes__f32.jsonl,recalibrated
gaussian_postrelu,0,-0.15,0.4,2.507632080078125,2.5341678466796878,maxmonstre/eval/grid__gaussian__seed0__epoch_030__r-_G0__probes__f32.jsonl,recalibrated
gaussian_postrelu,0,-0.15,0.425,2.6601094970703123,2.6940201416015626,maxmonstre/eval/grid__gaussian__seed0__epoch_030__r-_G0__probes__f32.jsonl,recalibrated
gaussian_postrelu,0,-0.15,0.45,2.79827392578125,2.84478955078125,maxmonstre/eval/grid__gaussian__seed0__epoch_030__r-_G0__probes__f32.jsonl,recalibrated
gaussian_postrelu,0,-0.15,0.475,2.92467919921875,2.9848585205078124,maxmonstre/eval/grid__gaussian__seed0__epoch_030__r-_G0__probes__f32.jsonl,recalibrated
gaussian_postrelu,0,-0.15,0.5,3.0402520751953124,3.116330810546875,maxmonstre/eval/grid__gaussian__seed0__epoch_030__r-_G0__probes__f32.jsonl,recalibrated
gaussian_postrelu,0,-0.125,-0.5,3.1277998046875,3.215942138671875,maxmonstre/eval/grid__gaussian__seed0__epoch_030__r-_G0__probes__f32.jsonl,recalibrated
gaussian_postrelu,0,-0.125,-0.475,2.9692572021484374,3.074925170898437,maxmonstre/eval/grid__gaussian__seed0__epoch_030__r-_G0__probes__f32.jsonl,recalibrated
gaussian_postrelu,0,-0.125,-0.45,2.808298706054688,2.928322265625,maxmonstre/eval/grid__gaussian__seed0__epoch_030__r-_G0__probes__f32.jsonl,recalibrated
gaussian_postrelu,0,-0.125,-0.425,2.64368359375,2.772512451171875,maxmonstre/eval/grid__gaussian__seed0__epoch_030__r-_G0__probes__f32.jsonl,recalibrated
gaussian_postrelu,0,-0.125,-0.4,2.473031494140625,2.610561279296875,maxmonstre/eval/grid__gaussian__seed0__epoch_030__r-_G0__probes__f32.jsonl,recalibrated
gaussian_postrelu,0,-0.125,-0.375,2.2997991943359377,2.4382119140625,maxmonstre/eval/grid__gaussian__seed0__epoch_030__r-_G0__probes__f32.jsonl,recalibrated
gaussian_postrelu,0,-0.125,-0.35,2.12522509765625,2.256650756835937,maxmonstre/eval/grid__gaussian__seed0__epoch_030__r-_G0__probes__f32.jsonl,recalibrated
gaussian_postrelu,0,-0.125,-0.325,1.944225524902344,2.0808792724609373,maxmonstre/eval/grid__gaussian__seed0__epoch_030__r-_G0__probes__f32.jsonl,recalibrated
gaussian_postrelu,0,-0.125,-0.3,1.766347961425781,1.914329956054688,maxmonstre/eval/grid__gaussian__seed0__epoch_030__r-_G0__probes__f32.jsonl,recalibrated
gaussian_postrelu,0,-0.125,-0.275,1.599316650390625,1.7482114868164065,maxmonstre/eval/grid__gaussian__seed0__epoch_030__r-_G0__probes__f32.jsonl,recalibrated
gaussian_postrelu,0,-0.125,-0.25,1.4421773681640624,1.5939352416992187,v2/surfaces.csv,recalibrated
gaussian_postrelu,0,-0.125,-0.225,1.2967135009765625,1.4527318115234376,v2/surfaces.csv,recalibrated
gaussian_postrelu,0,-0.125,-0.2,1.1657821044921874,1.3259525756835937,v2/surfaces.csv,recalibrated
gaussian_postrelu,0,-0.125,-0.175,1.0579833984375,1.2131390380859377,v2/surfaces.csv,recalibrated
gaussian_postrelu,0,-0.125,-0.15,0.967533233642578,1.11736572265625,v2/surfaces.csv,recalibrated
gaussian_postrelu,0,-0.125,-0.125,0.8940048217773438,1.0414122924804687,v2/surfaces.csv,recalibrated
gaussian_postrelu,0,-0.125,-0.1,0.8303787231445312,0.9761763000488282,v2/surfaces.csv,recalibrated
gaussian_postrelu,0,-0.125,-0.075,0.7762022094726563,0.9248045959472656,v2/surfaces.csv,recalibrated
gaussian_postrelu,0,-0.125,-0.05,0.7419573364257812,0.881832763671875,v2/surfaces.csv,recalibrated
gaussian_postrelu,0,-0.125,-0.025,0.7270646362304688,0.8478966979980469,v2/surfaces.csv,recalibrated
gaussian_postrelu,0,-0.125,0.0,0.7283970642089844,0.8339281616210937,v2/surfaces.csv,recalibrated
gaussian_postrelu,0,-0.125,0.025,0.7413423461914063,0.8399300537109375,v2/surfaces.csv,recalibrated
gaussian_postrelu,0,-0.125,0.05,0.7720799255371094,0.8730638732910156,v2/surfaces.csv,recalibrated
gaussian_postrelu,0,-0.125,0.075,0.8288684692382813,0.9341197814941408,v2/surfaces.csv,recalibrated
gaussian_postrelu,0,-0.125,0.1,0.9000683898925781,1.0069678039550782,v2/surfaces.csv,recalibrated
gaussian_postrelu,0,-0.125,0.125,0.98937548828125,1.09147119140625,v2/surfaces.csv,recalibrated
gaussian_postrelu,0,-0.125,0.15,1.0899441528320313,1.189778564453125,v2/surfaces.csv,recalibrated
gaussian_postrelu,0,-0.125,0.175,1.1909373168945312,1.2863758544921875,v2/surfaces.csv,recalibrated
gaussian_postrelu,0,-0.125,0.2,1.2896976318359374,1.3833472900390624,v2/surfaces.csv,recalibrated
gaussian_postrelu,0,-0.125,0.225,1.393037109375,1.4919497680664062,v2/surfaces.csv,recalibrated
gaussian_postrelu,0,-0.125,0.25,1.514953369140625,1.6069599609375,v2/surfaces.csv,recalibrated
gaussian_postrelu,0,-0.125,0.275,1.6511380004882812,1.7350022583007811,maxmonstre/eval/grid__gaussian__seed0__epoch_030__r-_G0__probes__f32.jsonl,recalibrated
gaussian_postrelu,0,-0.125,0.3,1.8008150024414062,1.881686767578125,maxmonstre/eval/grid__gaussian__seed0__epoch_030__r-_G0__probes__f32.jsonl,recalibrated
gaussian_postrelu,0,-0.125,0.325,1.9603995971679689,2.041606140136719,maxmonstre/eval/grid__gaussian__seed0__epoch_030__r-_G0__probes__f32.jsonl,recalibrated
gaussian_postrelu,0,-0.125,0.35,2.137250366210937,2.2053974609375,maxmonstre/eval/grid__gaussian__seed0__epoch_030__r-_G0__probes__f32.jsonl,recalibrated
gaussian_postrelu,0,-0.125,0.375,2.3147421875,2.37168310546875,maxmonstre/eval/grid__gaussian__seed0__epoch_030__r-_G0__probes__f32.jsonl,recalibrated
gaussian_postrelu,0,-0.125,0.4,2.483605712890625,2.54031640625,maxmonstre/eval/grid__gaussian__seed0__epoch_030__r-_G0__probes__f32.jsonl,recalibrated
gaussian_postrelu,0,-0.125,0.425,2.638378173828125,2.70424560546875,maxmonstre/eval/grid__gaussian__seed0__epoch_030__r-_G0__probes__f32.jsonl,recalibrated
gaussian_postrelu,0,-0.125,0.45,2.78208251953125,2.85356298828125,maxmonstre/eval/grid__gaussian__seed0__epoch_030__r-_G0__probes__f32.jsonl,recalibrated
gaussian_postrelu,0,-0.125,0.475,2.910831787109375,2.98904931640625,maxmonstre/eval/grid__gaussian__seed0__epoch_030__r-_G0__probes__f32.jsonl,recalibrated
gaussian_postrelu,0,-0.125,0.5,3.025615844726562,3.1111650390625,maxmonstre/eval/grid__gaussian__seed0__epoch_030__r-_G0__probes__f32.jsonl,recalibrated
gaussian_postrelu,0,-0.1,-0.5,3.016163452148437,3.110252197265625,maxmonstre/eval/grid__gaussian__seed0__epoch_030__r-_G0__probes__f32.jsonl,recalibrated
gaussian_postrelu,0,-0.1,-0.475,2.856109741210937,2.965869140625,maxmonstre/eval/grid__gaussian__seed0__epoch_030__r-_G0__probes__f32.jsonl,recalibrated
gaussian_postrelu,0,-0.1,-0.45,2.69197021484375,2.8167476806640623,maxmonstre/eval/grid__gaussian__seed0__epoch_030__r-_G0__probes__f32.jsonl,recalibrated
gaussian_postrelu,0,-0.1,-0.425,2.52052783203125,2.658280517578125,maxmonstre/eval/grid__gaussian__seed0__epoch_030__r-_G0__probes__f32.jsonl,recalibrated
gaussian_postrelu,0,-0.1,-0.4,2.347571044921875,2.493645874023437,maxmonstre/eval/grid__gaussian__seed0__epoch_030__r-_G0__probes__f32.jsonl,recalibrated
gaussian_postrelu,0,-0.1,-0.375,2.174851806640625,2.32310888671875,maxmonstre/eval/grid__gaussian__seed0__epoch_030__r-_G0__probes__f32.jsonl,recalibrated
gaussian_postrelu,0,-0.1,-0.35,1.9975361938476563,2.142080078125,maxmonstre/eval/grid__gaussian__seed0__epoch_030__r-_G0__probes__f32.jsonl,recalibrated
gaussian_postrelu,0,-0.1,-0.325,1.8164517822265625,1.9612611694335935,maxmonstre/eval/grid__gaussian__seed0__epoch_030__r-_G0__probes__f32.jsonl,recalibrated
gaussian_postrelu,0,-0.1,-0.3,1.6395289916992188,1.789334228515625,maxmonstre/eval/grid__gaussian__seed0__epoch_030__r-_G0__probes__f32.jsonl,recalibrated
gaussian_postrelu,0,-0.1,-0.275,1.4729027099609375,1.621905517578125,maxmonstre/eval/grid__gaussian__seed0__epoch_030__r-_G0__probes__f32.jsonl,recalibrated
gaussian_postrelu,0,-0.1,-0.25,1.3165541381835937,1.4612718505859374,v2/surfaces.csv,recalibrated
gaussian_postrelu,0,-0.1,-0.225,1.1732847290039063,1.3208312377929687,v2/surfaces.csv,recalibrated
gaussian_postrelu,0,-0.1,-0.2,1.04431591796875,1.200345947265625,v2/surfaces.csv,recalibrated
gaussian_postrelu,0,-0.1,-0.175,0.9356487426757812,1.0916898193359377,v2/surfaces.csv,recalibrated
gaussian_postrelu,0,-0.1,-0.15,0.8446628112792969,0.9958892211914062,v2/surfaces.csv,recalibrated
gaussian_postrelu,0,-0.1,-0.125,0.7643039855957031,0.9210914916992188,v2/surfaces.csv,recalibrated
gaussian_postrelu,0,-0.1,-0.1,0.6949758605957032,0.8590419006347656,v2/surfaces.csv,recalibrated
gaussian_postrelu,0,-0.1,-0.075,0.6352294311523438,0.8104962463378906,v2/surfaces.csv,recalibrated
gaussian_postrelu,0,-0.1,-0.05,0.5939961242675781,0.7710048522949219,v2/surfaces.csv,recalibrated
gaussian_postrelu,0,-0.1,-0.025,0.5685776062011719,0.7374550170898437,v2/surfaces.csv,recalibrated
gaussian_postrelu,0,-0.1,0.0,0.5609972229003907,0.7175375671386719,v2/surfaces.csv,recalibrated
gaussian_postrelu,0,-0.1,0.025,0.5756243896484375,0.7161966857910156,v2/surfaces.csv,recalibrated
gaussian_postrelu,0,-0.1,0.05,0.6098425903320313,0.7384006042480469,v2/surfaces.csv,recalibrated
gaussian_postrelu,0,-0.1,0.075,0.6673261108398437,0.7900645751953125,v2/surfaces.csv,recalibrated
gaussian_postrelu,0,-0.1,0.1,0.7451216735839844,0.8682238159179687,v2/surfaces.csv,recalibrated
gaussian_postrelu,0,-0.1,0.125,0.8473633728027343,0.9612887573242188,v2/surfaces.csv,recalibrated
gaussian_postrelu,0,-0.1,0.15,0.9585572204589844,1.0739738159179688,v2/surfaces.csv,recalibrated
gaussian_postrelu,0,-0.1,0.175,1.0733093566894532,1.189515869140625,v2/surfaces.csv,recalibrated
gaussian_postrelu,0,-0.1,0.2,1.1872625732421875,1.3057366943359374,v2/surfaces.csv,recalibrated
gaussian_postrelu,0,-0.1,0.225,1.3135692138671875,1.4324840087890625,v2/surfaces.csv,recalibrated
gaussian_postrelu,0,-0.1,0.25,1.4500771484375,1.5629752807617188,v2/surfaces.csv,recalibrated
gaussian_postrelu,0,-0.1,0.275,1.59744384765625,1.7055150146484377,maxmonstre/eval/grid__gaussian__seed0__epoch_030__r-_G0__probes__f32.jsonl,recalibrated
gaussian_postrelu,0,-0.1,0.3,1.7570742797851562,1.8691762084960937,maxmonstre/eval/grid__gaussian__seed0__epoch_030__r-_G0__probes__f32.jsonl,recalibrated
gaussian_postrelu,0,-0.1,0.325,1.9229345703125,2.037682922363281,maxmonstre/eval/grid__gaussian__seed0__epoch_030__r-_G0__probes__f32.jsonl,recalibrated
gaussian_postrelu,0,-0.1,0.35,2.103334899902344,2.203717529296875,maxmonstre/eval/grid__gaussian__seed0__epoch_030__r-_G0__probes__f32.jsonl,recalibrated
gaussian_postrelu,0,-0.1,0.375,2.28470556640625,2.3677144775390624,maxmonstre/eval/grid__gaussian__seed0__epoch_030__r-_G0__probes__f32.jsonl,recalibrated
gaussian_postrelu,0,-0.1,0.4,2.459683349609375,2.53337109375,maxmonstre/eval/grid__gaussian__seed0__epoch_030__r-_G0__probes__f32.jsonl,recalibrated
gaussian_postrelu,0,-0.1,0.425,2.616314208984375,2.6898681640625,maxmonstre/eval/grid__gaussian__seed0__epoch_030__r-_G0__probes__f32.jsonl,recalibrated
gaussian_postrelu,0,-0.1,0.45,2.763641357421875,2.8380692138671875,maxmonstre/eval/grid__gaussian__seed0__epoch_030__r-_G0__probes__f32.jsonl,recalibrated
gaussian_postrelu,0,-0.1,0.475,2.898276123046875,2.9756180419921874,maxmonstre/eval/grid__gaussian__seed0__epoch_030__r-_G0__probes__f32.jsonl,recalibrated
gaussian_postrelu,0,-0.1,0.5,3.020677978515625,3.1005634765625,maxmonstre/eval/grid__gaussian__seed0__epoch_030__r-_G0__probes__f32.jsonl,recalibrated
gaussian_postrelu,0,-0.075,-0.5,2.909625244140625,3.003601440429688,maxmonstre/eval/grid__gaussian__seed0__epoch_030__r-_G0__probes__f32.jsonl,recalibrated
gaussian_postrelu,0,-0.075,-0.475,2.7532724609375,2.857778076171875,maxmonstre/eval/grid__gaussian__seed0__epoch_030__r-_G0__probes__f32.jsonl,recalibrated
gaussian_postrelu,0,-0.075,-0.45,2.589533081054688,2.7026612548828126,maxmonstre/eval/grid__gaussian__seed0__epoch_030__r-_G0__probes__f32.jsonl,recalibrated
gaussian_postrelu,0,-0.075,-0.425,2.414632568359375,2.543127197265625,maxmonstre/eval/grid__gaussian__seed0__epoch_030__r-_G0__probes__f32.jsonl,recalibrated
gaussian_postrelu,0,-0.075,-0.4,2.235853271484375,2.380390380859375,maxmonstre/eval/grid__gaussian__seed0__epoch_030__r-_G0__probes__f32.jsonl,recalibrated
gaussian_postrelu,0,-0.075,-0.375,2.056695556640625,2.207308471679688,maxmonstre/eval/grid__gaussian__seed0__epoch_030__r-_G0__probes__f32.jsonl,recalibrated
gaussian_postrelu,0,-0.075,-0.35,1.87873388671875,2.021924072265625,maxmonstre/eval/grid__gaussian__seed0__epoch_030__r-_G0__probes__f32.jsonl,recalibrated
gaussian_postrelu,0,-0.075,-0.325,1.7025508422851563,1.8405816040039065,maxmonstre/eval/grid__gaussian__seed0__epoch_030__r-_G0__probes__f32.jsonl,recalibrated
gaussian_postrelu,0,-0.075,-0.3,1.5294075927734374,1.6667608642578124,maxmonstre/eval/grid__gaussian__seed0__epoch_030__r-_G0__probes__f32.jsonl,recalibrated
gaussian_postrelu,0,-0.075,-0.275,1.3618901977539062,1.5024727172851562,maxmonstre/eval/grid__gaussian__seed0__epoch_030__r-_G0__probes__f32.jsonl,recalibrated
gaussian_postrelu,0,-0.075,-0.25,1.2067418212890626,1.3513689575195311,v2/surfaces.csv,recalibrated
gaussian_postrelu,0,-0.075,-0.225,1.0675116577148438,1.2142630615234375,v2/surfaces.csv,recalibrated
gaussian_postrelu,0,-0.075,-0.2,0.9420492248535156,1.092981201171875,v2/surfaces.csv,recalibrated
gaussian_postrelu,0,-0.075,-0.175,0.8320421752929688,0.9898741455078124,v2/surfaces.csv,recalibrated
gaussian_postrelu,0,-0.075,-0.15,0.7370657653808593,0.9029550170898436,v2/surfaces.csv,recalibrated
gaussian_postrelu,0,-0.075,-0.125,0.6519857177734375,0.82919970703125,v2/surfaces.csv,recalibrated
gaussian_postrelu,0,-0.075,-0.1,0.581321044921875,0.7675969848632812,v2/surfaces.csv,recalibrated
gaussian_postrelu,0,-0.075,-0.075,0.5247213897705079,0.721637451171875,v2/surfaces.csv,recalibrated
gaussian_postrelu,0,-0.075,-0.05,0.4803628997802734,0.6859823608398438,v2/surfaces.csv,recalibrated
gaussian_postrelu,0,-0.075,-0.025,0.4516224365234375,0.65885546875,v2/surfaces.csv,recalibrated
gaussian_postrelu,0,-0.075,0.0,0.4365353546142578,0.6411412963867188,v2/surfaces.csv,recalibrated
gaussian_postrelu,0,-0.075,0.025,0.4424840393066406,0.6389056701660156,v2/surfaces.csv,recalibrated
gaussian_postrelu,0,-0.075,0.05,0.4754012756347656,0.6536726379394531,v2/surfaces.csv,recalibrated
gaussian_postrelu,0,-0.075,0.075,0.5333575744628907,0.6960768127441406,v2/surfaces.csv,recalibrated
gaussian_postrelu,0,-0.075,0.1,0.6218840637207032,0.7644808349609375,v2/surfaces.csv,recalibrated
gaussian_postrelu,0,-0.075,0.125,0.7249312438964843,0.8626829528808594,v2/surfaces.csv,recalibrated
gaussian_postrelu,0,-0.075,0.15,0.8466463012695312,0.9797081604003908,v2/surfaces.csv,recalibrated
gaussian_postrelu,0,-0.075,0.175,0.9735311279296875,1.1127761840820312,v2/surfaces.csv,recalibrated
gaussian_postrelu,0,-0.075,0.2,1.1025556640625,1.2421873779296877,v2/surfaces.csv,recalibrated
gaussian_postrelu,0,-0.075,0.225,1.2425933227539063,1.3773721313476563,v2/surfaces.csv,recalibrated
gaussian_postrelu,0,-0.075,0.25,1.38537744140625,1.5182255859375,v2/surfaces.csv,recalibrated
gaussian_postrelu,0,-0.075,0.275,1.5440830078125,1.6719340209960938,maxmonstre/eval/grid__gaussian__seed0__epoch_030__r-_G0__probes__f32.jsonl,recalibrated
gaussian_postrelu,0,-0.075,0.3,1.71230029296875,1.8383316040039064,maxmonstre/eval/grid__gaussian__seed0__epoch_030__r-_G0__probes__f32.jsonl,recalibrated
gaussian_postrelu,0,-0.075,0.325,1.89010986328125,2.0002728271484376,maxmonstre/eval/grid__gaussian__seed0__epoch_030__r-_G0__probes__f32.jsonl,recalibrated
gaussian_postrelu,0,-0.075,0.35,2.073975830078125,2.159882080078125,maxmonstre/eval/grid__gaussian__seed0__epoch_030__r-_G0__probes__f32.jsonl,recalibrated
gaussian_postrelu,0,-0.075,0.375,2.255014404296875,2.3248702392578124,maxmonstre/eval/grid__gaussian__seed0__epoch_030__r-_G0__probes__f32.jsonl,recalibrated
gaussian_postrelu,0,-0.075,0.4,2.4341187744140624,2.493122314453125,maxmonstre/eval/grid__gaussian__seed0__epoch_030__r-_G0__probes__f32.jsonl,recalibrated
gaussian_postrelu,0,-0.075,0.425,2.6005570068359374,2.659890625,maxmonstre/eval/grid__gaussian__seed0__epoch_030__r-_G0__probes__f32.jsonl,recalibrated
gaussian_postrelu,0,-0.075,0.45,2.7556846923828124,2.8149432373046874,maxmonstre/eval/grid__gaussian__seed0__epoch_030__r-_G0__probes__f32.jsonl,recalibrated
gaussian_postrelu,0,-0.075,0.475,2.89858642578125,2.961265380859375,maxmonstre/eval/grid__gaussian__seed0__epoch_030__r-_G0__probes__f32.jsonl,recalibrated
gaussian_postrelu,0,-0.075,0.5,3.023447509765625,3.0930108642578125,maxmonstre/eval/grid__gaussian__seed0__epoch_030__r-_G0__probes__f32.jsonl,recalibrated
gaussian_postrelu,0,-0.05,-0.5,2.8162684326171874,2.9028101806640625,maxmonstre/eval/grid__gaussian__seed0__epoch_030__r-_G0__probes__f32.jsonl,recalibrated
gaussian_postrelu,0,-0.05,-0.475,2.6625458984375,2.758265625,maxmonstre/eval/grid__gaussian__seed0__epoch_030__r-_G0__probes__f32.jsonl,recalibrated
gaussian_postrelu,0,-0.05,-0.45,2.500291015625,2.6010650634765624,maxmonstre/eval/grid__gaussian__seed0__epoch_030__r-_G0__probes__f32.jsonl,recalibrated
gaussian_postrelu,0,-0.05,-0.425,2.32535205078125,2.4400372314453125,maxmonstre/eval/grid__gaussian__seed0__epoch_030__r-_G0__probes__f32.jsonl,recalibrated
gaussian_postrelu,0,-0.05,-0.4,2.1425853271484376,2.2720396728515624,maxmonstre/eval/grid__gaussian__seed0__epoch_030__r-_G0__probes__f32.jsonl,recalibrated
gaussian_postrelu,0,-0.05,-0.375,1.9605234985351565,2.094783935546875,maxmonstre/eval/grid__gaussian__seed0__epoch_030__r-_G0__probes__f32.jsonl,recalibrated
gaussian_postrelu,0,-0.05,-0.35,1.7803154296875,1.91574951171875,maxmonstre/eval/grid__gaussian__seed0__epoch_030__r-_G0__probes__f32.jsonl,recalibrated
gaussian_postrelu,0,-0.05,-0.325,1.60900927734375,1.7395261840820313,maxmonstre/eval/grid__gaussian__seed0__epoch_030__r-_G0__probes__f32.jsonl,recalibrated
gaussian_postrelu,0,-0.05,-0.3,1.4406322021484377,1.569152587890625,maxmonstre/eval/grid__gaussian__seed0__epoch_030__r-_G0__probes__f32.jsonl,recalibrated
gaussian_postrelu,0,-0.05,-0.275,1.275236083984375,1.4082565307617188,maxmonstre/eval/grid__gaussian__seed0__epoch_030__r-_G0__probes__f32.jsonl,recalibrated
gaussian_postrelu,0,-0.05,-0.25,1.1219742431640625,1.2641834716796876,v2/surfaces.csv,recalibrated
gaussian_postrelu,0,-0.05,-0.225,0.985602996826172,1.1369776000976564,v2/surfaces.csv,recalibrated
gaussian_postrelu,0,-0.05,-0.2,0.8638603515625,1.0203388061523435,v2/surfaces.csv,recalibrated
gaussian_postrelu,0,-0.05,-0.175,0.7529432983398437,0.921624481201172,v2/surfaces.csv,recalibrated
gaussian_postrelu,0,-0.05,-0.15,0.6542467651367188,0.837976318359375,v2/surfaces.csv,recalibrated
gaussian_postrelu,0,-0.05,-0.125,0.5692425537109375,0.7661218872070312,v2/surfaces.csv,recalibrated
gaussian_postrelu,0,-0.05,-0.1,0.4985516052246094,0.7069314575195312,v2/surfaces.csv,recalibrated
gaussian_postrelu,0,-0.05,-0.075,0.4405367431640625,0.6623883666992187,v2/surfaces.csv,recalibrated
gaussian_postrelu,0,-0.05,-0.05,0.396051284790039,0.6333370056152344,v2/surfaces.csv,recalibrated
gaussian_postrelu,0,-0.05,-0.025,0.3682041931152344,0.6103348999023438,v2/surfaces.csv,recalibrated
gaussian_postrelu,0,-0.05,0.0,0.3551023254394531,0.5964405822753907,v2/surfaces.csv,recalibrated
gaussian_postrelu,0,-0.05,0.025,0.3570229339599609,0.5968335571289063,v2/surfaces.csv,recalibrated
gaussian_postrelu,0,-0.05,0.05,0.3835413208007812,0.6093516540527344,v2/surfaces.csv,recalibrated
gaussian_postrelu,0,-0.05,0.075,0.4404341735839844,0.6395218811035156,v2/surfaces.csv,recalibrated
gaussian_postrelu,0,-0.05,0.1,0.5260194396972656,0.6989127807617187,v2/surfaces.csv,recalibrated
gaussian_postrelu,0,-0.05,0.125,0.6357489624023438,0.7852757568359375,v2/surfaces.csv,recalibrated
gaussian_postrelu,0,-0.05,0.15,0.7576217041015625,0.898607177734375,v2/surfaces.csv,recalibrated
gaussian_postrelu,0,-0.05,0.175,0.8911045532226562,1.0328500366210938,v2/surfaces.csv,recalibrated
gaussian_postrelu,0,-0.05,0.2,1.03040380859375,1.1775821533203126,v2/surfaces.csv,recalibrated
gaussian_postrelu,0,-0.05,0.225,1.1813729248046876,1.3267860717773436,v2/surfaces.csv,recalibrated
gaussian_postrelu,0,-0.05,0.25,1.3306605224609376,1.4744912109375,v2/surfaces.csv,recalibrated
gaussian_postrelu,0,-0.05,0.275,1.4899042358398438,1.6235484008789065,maxmonstre/eval/grid__gaussian__seed0__epoch_030__r-_G0__probes__f32.jsonl,recalibrated
gaussian_postrelu,0,-0.05,0.3,1.6630025634765624,1.7836981201171875,maxmonstre/eval/grid__gaussian__seed0__epoch_030__r-_G0__probes__f32.jsonl,recalibrated
gaussian_postrelu,0,-0.05,0.325,1.8460464477539065,1.951971923828125,maxmonstre/eval/grid__gaussian__seed0__epoch_030__r-_G0__probes__f32.jsonl,recalibrated
gaussian_postrelu,0,-0.05,0.35,2.03441064453125,2.1225771484375,maxmonstre/eval/grid__gaussian__seed0__epoch_030__r-_G0__probes__f32.jsonl,recalibrated
gaussian_postrelu,0,-0.05,0.375,2.225710205078125,2.2958115234375,maxmonstre/eval/grid__gaussian__seed0__epoch_030__r-_G0__probes__f32.jsonl,recalibrated
gaussian_postrelu,0,-0.05,0.4,2.412611083984375,2.46845556640625,maxmonstre/eval/grid__gaussian__seed0__epoch_030__r-_G0__probes__f32.jsonl,recalibrated
gaussian_postrelu,0,-0.05,0.425,2.589886596679688,2.64091845703125,maxmonstre/eval/grid__gaussian__seed0__epoch_030__r-_G0__probes__f32.jsonl,recalibrated
gaussian_postrelu,0,-0.05,0.45,2.751864990234375,2.8057469482421875,maxmonstre/eval/grid__gaussian__seed0__epoch_030__r-_G0__probes__f32.jsonl,recalibrated
gaussian_postrelu,0,-0.05,0.475,2.899215576171875,2.9594407958984377,maxmonstre/eval/grid__gaussian__seed0__epoch_030__r-_G0__probes__f32.jsonl,recalibrated
gaussian_postrelu,0,-0.05,0.5,3.030101318359375,3.09738134765625,maxmonstre/eval/grid__gaussian__seed0__epoch_030__r-_G0__probes__f32.jsonl,recalibrated
gaussian_postrelu,0,-0.025,-0.5,2.74317822265625,2.8213076171875,maxmonstre/eval/grid__gaussian__seed0__epoch_030__r-_G0__probes__f32.jsonl,recalibrated
gaussian_postrelu,0,-0.025,-0.475,2.589136962890625,2.675907958984375,maxmonstre/eval/grid__gaussian__seed0__epoch_030__r-_G0__probes__f32.jsonl,recalibrated
gaussian_postrelu,0,-0.025,-0.45,2.42620703125,2.5205670166015626,maxmonstre/eval/grid__gaussian__seed0__epoch_030__r-_G0__probes__f32.jsonl,recalibrated
gaussian_postrelu,0,-0.025,-0.425,2.254051025390625,2.357990478515625,maxmonstre/eval/grid__gaussian__seed0__epoch_030__r-_G0__probes__f32.jsonl,recalibrated
gaussian_postrelu,0,-0.025,-0.4,2.0728438720703126,2.1868760986328124,maxmonstre/eval/grid__gaussian__seed0__epoch_030__r-_G0__probes__f32.jsonl,recalibrated
gaussian_postrelu,0,-0.025,-0.375,1.8922789306640624,2.0098929443359377,maxmonstre/eval/grid__gaussian__seed0__epoch_030__r-_G0__probes__f32.jsonl,recalibrated
gaussian_postrelu,0,-0.025,-0.35,1.71375732421875,1.83533154296875,maxmonstre/eval/grid__gaussian__seed0__epoch_030__r-_G0__probes__f32.jsonl,recalibrated
gaussian_postrelu,0,-0.025,-0.325,1.5436407470703124,1.667522277832031,maxmonstre/eval/grid__gaussian__seed0__epoch_030__r-_G0__probes__f32.jsonl,recalibrated
gaussian_postrelu,0,-0.025,-0.3,1.3780025024414062,1.5017218017578124,maxmonstre/eval/grid__gaussian__seed0__epoch_030__r-_G0__probes__f32.jsonl,recalibrated
gaussian_postrelu,0,-0.025,-0.275,1.2175230712890626,1.347712585449219,maxmonstre/eval/grid__gaussian__seed0__epoch_030__r-_G0__probes__f32.jsonl,recalibrated
gaussian_postrelu,0,-0.025,-0.25,1.0671431884765623,1.2104992065429687,v2/surfaces.csv,recalibrated
gaussian_postrelu,0,-0.025,-0.225,0.9322357482910156,1.0891403198242189,v2/surfaces.csv,recalibrated
gaussian_postrelu,0,-0.025,-0.2,0.8129600830078125,0.9769865112304688,v2/surfaces.csv,recalibrated
gaussian_postrelu,0,-0.025,-0.175,0.7035216979980469,0.8788923950195312,v2/surfaces.csv,recalibrated
gaussian_postrelu,0,-0.025,-0.15,0.6054579467773438,0.7939610290527344,v2/surfaces.csv,recalibrated
gaussian_postrelu,0,-0.025,-0.125,0.5197821960449219,0.7279676818847656,v2/surfaces.csv,recalibrated
gaussian_postrelu,0,-0.025,-0.1,0.445286880493164,0.6723163146972656,v2/surfaces.csv,recalibrated
gaussian_postrelu,0,-0.025,-0.075,0.3849432983398437,0.6311462707519532,v2/surfaces.csv,recalibrated
gaussian_postrelu,0,-0.025,-0.05,0.3415704956054687,0.6054967956542969,v2/surfaces.csv,recalibrated
gaussian_postrelu,0,-0.025,-0.025,0.3162794647216796,0.5868460083007813,v2/surfaces.csv,recalibrated
gaussian_postrelu,0,-0.025,0.0,0.3026486511230469,0.5750774536132812,v2/surfaces.csv,recalibrated
gaussian_postrelu,0,-0.025,0.025,0.3065664825439453,0.5768298034667969,v2/surfaces.csv,recalibrated
gaussian_postrelu,0,-0.025,0.05,0.3341500091552734,0.5936267395019531,v2/surfaces.csv,recalibrated
gaussian_postrelu,0,-0.025,0.075,0.3856084594726562,0.6184052124023437,v2/surfaces.csv,recalibrated
gaussian_postrelu,0,-0.025,0.1,0.4651473083496094,0.66724951171875,v2/surfaces.csv,recalibrated
gaussian_postrelu,0,-0.025,0.125,0.5757090148925781,0.7399196166992188,v2/surfaces.csv,recalibrated
gaussian_postrelu,0,-0.025,0.15,0.7018407592773438,0.8427695007324219,v2/surfaces.csv,recalibrated
gaussian_postrelu,0,-0.025,0.175,0.8371402282714844,0.97900390625,v2/surfaces.csv,recalibrated
gaussian_postrelu,0,-0.025,0.2,0.9840360717773438,1.1277965698242187,v2/surfaces.csv,recalibrated
gaussian_postrelu,0,-0.025,0.225,1.1383443603515624,1.2850558471679687,v2/surfaces.csv,recalibrated
gaussian_postrelu,0,-0.025,0.25,1.2945938720703123,1.4414981689453126,v2/surfaces.csv,recalibrated
gaussian_postrelu,0,-0.025,0.275,1.4550614624023437,1.5944344482421875,maxmonstre/eval/grid__gaussian__seed0__epoch_030__r-_G0__probes__f32.jsonl,recalibrated
gaussian_postrelu,0,-0.025,0.3,1.6282413330078125,1.754724365234375,maxmonstre/eval/grid__gaussian__seed0__epoch_030__r-_G0__probes__f32.jsonl,recalibrated
gaussian_postrelu,0,-0.025,0.325,1.8094966430664063,1.9271876220703128,maxmonstre/eval/grid__gaussian__seed0__epoch_030__r-_G0__probes__f32.jsonl,recalibrated
gaussian_postrelu,0,-0.025,0.35,1.9999312744140625,2.104481567382813,maxmonstre/eval/grid__gaussian__seed0__epoch_030__r-_G0__probes__f32.jsonl,recalibrated
gaussian_postrelu,0,-0.025,0.375,2.1979112548828126,2.281749267578125,maxmonstre/eval/grid__gaussian__seed0__epoch_030__r-_G0__probes__f32.jsonl,recalibrated
gaussian_postrelu,0,-0.025,0.4,2.3952191162109373,2.46218017578125,maxmonstre/eval/grid__gaussian__seed0__epoch_030__r-_G0__probes__f32.jsonl,recalibrated
gaussian_postrelu,0,-0.025,0.425,2.5823052978515624,2.6399647216796875,maxmonstre/eval/grid__gaussian__seed0__epoch_030__r-_G0__probes__f32.jsonl,recalibrated
gaussian_postrelu,0,-0.025,0.45,2.75299560546875,2.809580078125,maxmonstre/eval/grid__gaussian__seed0__epoch_030__r-_G0__probes__f32.jsonl,recalibrated
gaussian_postrelu,0,-0.025,0.475,2.906490234375,2.96880419921875,maxmonstre/eval/grid__gaussian__seed0__epoch_030__r-_G0__probes__f32.jsonl,recalibrated
gaussian_postrelu,0,-0.025,0.5,3.0408792724609377,3.1116875,maxmonstre/eval/grid__gaussian__seed0__epoch_030__r-_G0__probes__f32.jsonl,recalibrated
gaussian_postrelu,0,0.0,-0.5,2.687713623046875,2.755316162109375,maxmonstre/eval/grid__gaussian__seed0__epoch_030__r-_G0__probes__f32.jsonl,recalibrated
gaussian_postrelu,0,0.0,-0.475,2.538959716796875,2.61021337890625,maxmonstre/eval/grid__gaussian__seed0__epoch_030__r-_G0__probes__f32.jsonl,recalibrated
gaussian_postrelu,0,0.0,-0.45,2.3744820556640627,2.457147705078125,maxmonstre/eval/grid__gaussian__seed0__epoch_030__r-_G0__probes__f32.jsonl,recalibrated
gaussian_postrelu,0,0.0,-0.425,2.2060423583984377,2.2905074462890624,maxmonstre/eval/grid__gaussian__seed0__epoch_030__r-_G0__probes__f32.jsonl,recalibrated
gaussian_postrelu,0,0.0,-0.4,2.0300060424804687,2.1219886474609373,maxmonstre/eval/grid__gaussian__seed0__epoch_030__r-_G0__probes__f32.jsonl,recalibrated
gaussian_postrelu,0,0.0,-0.375,1.8559340209960935,1.9509420166015623,maxmonstre/eval/grid__gaussian__seed0__epoch_030__r-_G0__probes__f32.jsonl,recalibrated
gaussian_postrelu,0,0.0,-0.35,1.6848629150390626,1.7806012573242187,maxmonstre/eval/grid__gaussian__seed0__epoch_030__r-_G0__probes__f32.jsonl,recalibrated
gaussian_postrelu,0,0.0,-0.325,1.5169595947265626,1.617667236328125,maxmonstre/eval/grid__gaussian__seed0__epoch_030__r-_G0__probes__f32.jsonl,recalibrated
gaussian_postrelu,0,0.0,-0.3,1.3525606689453125,1.4633621215820312,maxmonstre/eval/grid__gaussian__seed0__epoch_030__r-_G0__probes__f32.jsonl,recalibrated
gaussian_postrelu,0,0.0,-0.275,1.196839599609375,1.3179400024414063,maxmonstre/eval/grid__gaussian__seed0__epoch_030__r-_G0__probes__f32.jsonl,recalibrated
gaussian_postrelu,0,0.0,-0.25,1.0516136169433594,1.18340380859375,v2/surfaces.csv,recalibrated
gaussian_postrelu,0,0.0,-0.225,0.9176783142089844,1.0632118530273438,v2/surfaces.csv,recalibrated
gaussian_postrelu,0,0.0,-0.2,0.796860595703125,0.953983154296875,v2/surfaces.csv,recalibrated
gaussian_postrelu,0,0.0,-0.175,0.6879977111816407,0.8580499267578126,v2/surfaces.csv,recalibrated
gaussian_postrelu,0,0.0,-0.15,0.5918804931640625,0.7773129272460938,v2/surfaces.csv,recalibrated
gaussian_postrelu,0,0.0,-0.125,0.5047780151367187,0.7133361206054688,v2/surfaces.csv,recalibrated
gaussian_postrelu,0,0.0,-0.1,0.4267597961425781,0.6596461181640625,v2/surfaces.csv,recalibrated
gaussian_postrelu,0,0.0,-0.075,0.3634164581298828,0.6182726440429688,v2/surfaces.csv,recalibrated
gaussian_postrelu,0,0.0,-0.05,0.3201736145019531,0.5906637268066406,v2/surfaces.csv,recalibrated
gaussian_postrelu,0,0.0,-0.025,0.2937230529785156,0.5730652160644532,v2/surfaces.csv,recalibrated
gaussian_postrelu,0,0.0,0.0,0.2824344940185547,0.5683609161376953,v2/surfaces.csv,recalibrated
gaussian_postrelu,0,0.0,0.025,0.2905903625488281,0.5734245758056641,v2/surfaces.csv,recalibrated
gaussian_postrelu,0,0.0,0.05,0.3192587738037109,0.5881710510253906,v2/surfaces.csv,recalibrated
gaussian_postrelu,0,0.0,0.075,0.3678588714599609,0.6164202270507813,v2/surfaces.csv,recalibrated
gaussian_postrelu,0,0.0,0.1,0.4441546783447265,0.6626376037597657,v2/surfaces.csv,recalibrated
gaussian_postrelu,0,0.0,0.125,0.5520775756835937,0.7361460876464844,v2/surfaces.csv,recalibrated
gaussian_postrelu,0,0.0,0.15,0.6816062622070312,0.8335529479980469,v2/surfaces.csv,recalibrated
gaussian_postrelu,0,0.0,0.175,0.8162577819824218,0.9551756591796876,v2/surfaces.csv,recalibrated
gaussian_postrelu,0,0.0,0.2,0.953367919921875,1.100738037109375,v2/surfaces.csv,recalibrated
gaussian_postrelu,0,0.0,0.225,1.1058834228515626,1.2576422729492187,v2/surfaces.csv,recalibrated
gaussian_postrelu,0,0.0,0.25,1.2706167602539062,1.4213181762695313,v2/surfaces.csv,recalibrated
gaussian_postrelu,0,0.0,0.275,1.4383745727539063,1.5848145751953124,maxmonstre/eval/grid__gaussian__seed0__epoch_030__r-_G0__probes__f32.jsonl,recalibrated
gaussian_postrelu,0,0.0,0.3,1.6154022216796875,1.7469180908203126,maxmonstre/eval/grid__gaussian__seed0__epoch_030__r-_G0__probes__f32.jsonl,recalibrated
gaussian_postrelu,0,0.0,0.325,1.801006286621094,1.91869921875,maxmonstre/eval/grid__gaussian__seed0__epoch_030__r-_G0__probes__f32.jsonl,recalibrated
gaussian_postrelu,0,0.0,0.35,1.993868713378906,2.0983935546875,maxmonstre/eval/grid__gaussian__seed0__epoch_030__r-_G0__probes__f32.jsonl,recalibrated
gaussian_postrelu,0,0.0,0.375,2.19172509765625,2.279400146484375,maxmonstre/eval/grid__gaussian__seed0__epoch_030__r-_G0__probes__f32.jsonl,recalibrated
gaussian_postrelu,0,0.0,0.4,2.390393798828125,2.462878173828125,maxmonstre/eval/grid__gaussian__seed0__epoch_030__r-_G0__probes__f32.jsonl,recalibrated
gaussian_postrelu,0,0.0,0.425,2.5830986328125,2.64765673828125,maxmonstre/eval/grid__gaussian__seed0__epoch_030__r-_G0__probes__f32.jsonl,recalibrated
gaussian_postrelu,0,0.0,0.45,2.76078076171875,2.8211162109375,maxmonstre/eval/grid__gaussian__seed0__epoch_030__r-_G0__probes__f32.jsonl,recalibrated
gaussian_postrelu,0,0.0,0.475,2.9185545654296874,2.980226318359375,maxmonstre/eval/grid__gaussian__seed0__epoch_030__r-_G0__probes__f32.jsonl,recalibrated
gaussian_postrelu,0,0.0,0.5,3.057829345703125,3.1182076416015625,maxmonstre/eval/grid__gaussian__seed0__epoch_030__r-_G0__probes__f32.jsonl,recalibrated
gaussian_postrelu,0,0.025,-0.5,2.6468848876953124,2.7045006103515625,maxmonstre/eval/grid__gaussian__seed0__epoch_030__r-_G0__probes__f32.jsonl,recalibrated
gaussian_postrelu,0,0.025,-0.475,2.501967651367188,2.5637989501953125,maxmonstre/eval/grid__gaussian__seed0__epoch_030__r-_G0__probes__f32.jsonl,recalibrated
gaussian_postrelu,0,0.025,-0.45,2.347682373046875,2.412838623046875,maxmonstre/eval/grid__gaussian__seed0__epoch_030__r-_G0__probes__f32.jsonl,recalibrated
gaussian_postrelu,0,0.025,-0.425,2.183066162109375,2.248408935546875,maxmonstre/eval/grid__gaussian__seed0__epoch_030__r-_G0__probes__f32.jsonl,recalibrated
gaussian_postrelu,0,0.025,-0.4,2.0160177612304686,2.0784181518554687,maxmonstre/eval/grid__gaussian__seed0__epoch_030__r-_G0__probes__f32.jsonl,recalibrated
gaussian_postrelu,0,0.025,-0.375,1.84892578125,1.912541015625,maxmonstre/eval/grid__gaussian__seed0__epoch_030__r-_G0__probes__f32.jsonl,recalibrated
gaussian_postrelu,0,0.025,-0.35,1.684713134765625,1.7492171630859374,maxmonstre/eval/grid__gaussian__seed0__epoch_030__r-_G0__probes__f32.jsonl,recalibrated
gaussian_postrelu,0,0.025,-0.325,1.5240123291015626,1.5968154907226562,maxmonstre/eval/grid__gaussian__seed0__epoch_030__r-_G0__probes__f32.jsonl,recalibrated
gaussian_postrelu,0,0.025,-0.3,1.363989990234375,1.4512725219726563,maxmonstre/eval/grid__gaussian__seed0__epoch_030__r-_G0__probes__f32.jsonl,recalibrated
gaussian_postrelu,0,0.025,-0.275,1.211383056640625,1.31522802734375,maxmonstre/eval/grid__gaussian__seed0__epoch_030__r-_G0__probes__f32.jsonl,recalibrated
gaussian_postrelu,0,0.025,-0.25,1.0667804565429688,1.187580810546875,v2/surfaces.csv,recalibrated
gaussian_postrelu,0,0.025,-0.225,0.9352330932617188,1.0676994323730469,v2/surfaces.csv,recalibrated
gaussian_postrelu,0,0.025,-0.2,0.8166334838867187,0.9614031677246092,v2/surfaces.csv,recalibrated
gaussian_postrelu,0,0.025,-0.175,0.7045738220214843,0.8701323547363281,v2/surfaces.csv,recalibrated
gaussian_postrelu,0,0.025,-0.15,0.6072080993652343,0.7935390625,v2/surfaces.csv,recalibrated
gaussian_postrelu,0,0.025,-0.125,0.5167297668457032,0.72511767578125,v2/surfaces.csv,recalibrated
gaussian_postrelu,0,0.025,-0.1,0.43859326171875,0.6661063537597657,v2/surfaces.csv,recalibrated
gaussian_postrelu,0,0.025,-0.075,0.3741587982177734,0.6230119018554687,v2/surfaces.csv,recalibrated
gaussian_postrelu,0,0.025,-0.05,0.3302857666015625,0.5947470092773437,v2/surfaces.csv,recalibrated
gaussian_postrelu,0,0.025,-0.025,0.3048827056884766,0.5788121337890625,v2/surfaces.csv,recalibrated
gaussian_postrelu,0,0.025,0.0,0.295543960571289,0.5764496765136718,v2/surfaces.csv,recalibrated
gaussian_postrelu,0,0.025,0.025,0.3030777130126953,0.5824689636230469,v2/surfaces.csv,recalibrated
gaussian_postrelu,0,0.025,0.05,0.3319277801513672,0.598564453125,v2/surfaces.csv,recalibrated
gaussian_postrelu,0,0.025,0.075,0.3804577941894531,0.6291919250488281,v2/surfaces.csv,recalibrated
gaussian_postrelu,0,0.025,0.1,0.4545202026367188,0.6796812744140625,v2/surfaces.csv,recalibrated
gaussian_postrelu,0,0.025,0.125,0.5501908874511718,0.7561962280273438,v2/surfaces.csv,recalibrated
gaussian_postrelu,0,0.025,0.15,0.676437255859375,0.8582010498046875,v2/surfaces.csv,recalibrated
gaussian_postrelu,0,0.025,0.175,0.8099299011230469,0.9778251342773436,v2/surfaces.csv,recalibrated
gaussian_postrelu,0,0.025,0.2,0.9500618591308594,1.1058817749023435,v2/surfaces.csv,recalibrated
gaussian_postrelu,0,0.025,0.225,1.098151611328125,1.2565567016601562,v2/surfaces.csv,recalibrated
gaussian_postrelu,0,0.025,0.25,1.2617529296875,1.4175654907226565,v2/surfaces.csv,recalibrated
gaussian_postrelu,0,0.025,0.275,1.4398751831054688,1.5839048461914065,maxmonstre/eval/grid__gaussian__seed0__epoch_030__r-_G0__probes__f32.jsonl,recalibrated
gaussian_postrelu,0,0.025,0.3,1.6210765991210938,1.7509926147460937,maxmonstre/eval/grid__gaussian__seed0__epoch_030__r-_G0__probes__f32.jsonl,recalibrated
gaussian_postrelu,0,0.025,0.325,1.8110427856445312,1.92323828125,maxmonstre/eval/grid__gaussian__seed0__epoch_030__r-_G0__probes__f32.jsonl,recalibrated
gaussian_postrelu,0,0.025,0.35,2.008809387207031,2.0995045166015625,maxmonstre/eval/grid__gaussian__seed0__epoch_030__r-_G0__probes__f32.jsonl,recalibrated
gaussian_postrelu,0,0.025,0.375,2.2049111328125,2.2774459228515624,maxmonstre/eval/grid__gaussian__seed0__epoch_030__r-_G0__probes__f32.jsonl,recalibrated
gaussian_postrelu,0,0.025,0.4,2.398949096679688,2.46183349609375,maxmonstre/eval/grid__gaussian__seed0__epoch_030__r-_G0__probes__f32.jsonl,recalibrated
gaussian_postrelu,0,0.025,0.425,2.5889459228515626,2.6487158203125,maxmonstre/eval/grid__gaussian__seed0__epoch_030__r-_G0__probes__f32.jsonl,recalibrated
gaussian_postrelu,0,0.025,0.45,2.770783203125,2.8286622314453127,maxmonstre/eval/grid__gaussian__seed0__epoch_030__r-_G0__probes__f32.jsonl,recalibrated
gaussian_postrelu,0,0.025,0.475,2.933651245117188,2.989324462890625,maxmonstre/eval/grid__gaussian__seed0__epoch_030__r-_G0__probes__f32.jsonl,recalibrated
gaussian_postrelu,0,0.025,0.5,3.0787921142578125,3.1285743408203124,maxmonstre/eval/grid__gaussian__seed0__epoch_030__r-_G0__probes__f32.jsonl,recalibrated
gaussian_postrelu,0,0.05,-0.5,2.6177613525390626,2.6768714599609376,maxmonstre/eval/grid__gaussian__seed0__epoch_030__r-_G0__probes__f32.jsonl,recalibrated
gaussian_postrelu,0,0.05,-0.475,2.4745556640625,2.5369346923828124,maxmonstre/eval/grid__gaussian__seed0__epoch_030__r-_G0__probes__f32.jsonl,recalibrated
gaussian_postrelu,0,0.05,-0.45,2.3284398193359377,2.3884713134765625,maxmonstre/eval/grid__gaussian__seed0__epoch_030__r-_G0__probes__f32.jsonl,recalibrated
gaussian_postrelu,0,0.05,-0.425,2.1751787109375,2.2306583251953125,maxmonstre/eval/grid__gaussian__seed0__epoch_030__r-_G0__probes__f32.jsonl,recalibrated
gaussian_postrelu,0,0.05,-0.4,2.0162603149414062,2.068849975585937,maxmonstre/eval/grid__gaussian__seed0__epoch_030__r-_G0__probes__f32.jsonl,recalibrated
gaussian_postrelu,0,0.05,-0.375,1.8606298828125,1.9082006225585937,maxmonstre/eval/grid__gaussian__seed0__epoch_030__r-_G0__probes__f32.jsonl,recalibrated
gaussian_postrelu,0,0.05,-0.35,1.7040318603515625,1.7541329956054688,maxmonstre/eval/grid__gaussian__seed0__epoch_030__r-_G0__probes__f32.jsonl,recalibrated
gaussian_postrelu,0,0.05,-0.325,1.5481494140625,1.6056358032226563,maxmonstre/eval/grid__gaussian__seed0__epoch_030__r-_G0__probes__f32.jsonl,recalibrated
gaussian_postrelu,0,0.05,-0.3,1.3960927734375,1.467541259765625,maxmonstre/eval/grid__gaussian__seed0__epoch_030__r-_G0__probes__f32.jsonl,recalibrated
gaussian_postrelu,0,0.05,-0.275,1.2456203002929689,1.3365823974609374,maxmonstre/eval/grid__gaussian__seed0__epoch_030__r-_G0__probes__f32.jsonl,recalibrated
gaussian_postrelu,0,0.05,-0.25,1.10527587890625,1.2104653930664062,v2/surfaces.csv,recalibrated
gaussian_postrelu,0,0.05,-0.225,0.97924951171875,1.09264208984375,v2/surfaces.csv,recalibrated
gaussian_postrelu,0,0.05,-0.2,0.861347900390625,0.9868854064941406,v2/surfaces.csv,recalibrated
gaussian_postrelu,0,0.05,-0.175,0.7493543701171875,0.8975137023925781,v2/surfaces.csv,recalibrated
gaussian_postrelu,0,0.05,-0.15,0.6504071655273438,0.8231344299316407,v2/surfaces.csv,recalibrated
gaussian_postrelu,0,0.05,-0.125,0.5604966430664062,0.756349853515625,v2/surfaces.csv,recalibrated
gaussian_postrelu,0,0.05,-0.1,0.48281396484375,0.6979299926757813,v2/surfaces.csv,recalibrated
gaussian_postrelu,0,0.05,-0.075,0.4180291442871093,0.6484440307617187,v2/surfaces.csv,recalibrated
gaussian_postrelu,0,0.05,-0.05,0.3713850860595703,0.6186854553222656,v2/surfaces.csv,recalibrated
gaussian_postrelu,0,0.05,-0.025,0.3430831298828125,0.6011816711425781,v2/surfaces.csv,recalibrated
gaussian_postrelu,0,0.05,0.0,0.3334635314941406,0.6002613220214844,v2/surfaces.csv,recalibrated
gaussian_postrelu,0,0.05,0.025,0.3427479248046875,0.6081268005371093,v2/surfaces.csv,recalibrated
gaussian_postrelu,0,0.05,0.05,0.372376220703125,0.6273906860351562,v2/surfaces.csv,recalibrated
gaussian_postrelu,0,0.05,0.075,0.4208080139160156,0.6644677124023437,v2/surfaces.csv,recalibrated
gaussian_postrelu,0,0.05,0.1,0.4898283386230468,0.7166256408691406,v2/surfaces.csv,recalibrated
gaussian_postrelu,0,0.05,0.125,0.5750677490234375,0.7922584228515624,v2/surfaces.csv,recalibrated
gaussian_postrelu,0,0.05,0.15,0.6877765197753907,0.8868804931640625,v2/surfaces.csv,recalibrated
gaussian_postrelu,0,0.05,0.175,0.8210691223144532,1.0060897827148438,v2/surfaces.csv,recalibrated
gaussian_postrelu,0,0.05,0.2,0.9665932006835938,1.1411953125,v2/surfaces.csv,recalibrated
gaussian_postrelu,0,0.05,0.225,1.114130676269531,1.2843380737304688,v2/surfaces.csv,recalibrated
gaussian_postrelu,0,0.05,0.25,1.2763604736328125,1.436631591796875,v2/surfaces.csv,recalibrated
gaussian_postrelu,0,0.05,0.275,1.45638720703125,1.5967740478515624,maxmonstre/eval/grid__gaussian__seed0__epoch_030__r-_G0__probes__f32.jsonl,recalibrated
gaussian_postrelu,0,0.05,0.3,1.6394520263671877,1.7595570068359374,maxmonstre/eval/grid__gaussian__seed0__epoch_030__r-_G0__probes__f32.jsonl,recalibrated
gaussian_postrelu,0,0.05,0.325,1.834421752929688,1.9332825927734372,maxmonstre/eval/grid__gaussian__seed0__epoch_030__r-_G0__probes__f32.jsonl,recalibrated
gaussian_postrelu,0,0.05,0.35,2.0335635986328127,2.1084925537109376,maxmonstre/eval/grid__gaussian__seed0__epoch_030__r-_G0__probes__f32.jsonl,recalibrated
gaussian_postrelu,0,0.05,0.375,2.232737182617188,2.28480615234375,maxmonstre/eval/grid__gaussian__seed0__epoch_030__r-_G0__probes__f32.jsonl,recalibrated
gaussian_postrelu,0,0.05,0.4,2.4250594482421874,2.468595581054688,maxmonstre/eval/grid__gaussian__seed0__epoch_030__r-_G0__probes__f32.jsonl,recalibrated
gaussian_postrelu,0,0.05,0.425,2.6061964111328124,2.6577442626953127,maxmonstre/eval/grid__gaussian__seed0__epoch_030__r-_G0__probes__f32.jsonl,recalibrated
gaussian_postrelu,0,0.05,0.45,2.782967529296875,2.837339111328125,maxmonstre/eval/grid__gaussian__seed0__epoch_030__r-_G0__probes__f32.jsonl,recalibrated
gaussian_postrelu,0,0.05,0.475,2.9446778564453124,2.9967989501953123,maxmonstre/eval/grid__gaussian__seed0__epoch_030__r-_G0__probes__f32.jsonl,recalibrated
gaussian_postrelu,0,0.05,0.5,3.0913104248046874,3.132516845703125,maxmonstre/eval/grid__gaussian__seed0__epoch_030__r-_G0__probes__f32.jsonl,recalibrated
gaussian_postrelu,0,0.075,-0.5,2.606270874023437,2.666640625,maxmonstre/eval/grid__gaussian__seed0__epoch_030__r-_G0__probes__f32.jsonl,recalibrated
gaussian_postrelu,0,0.075,-0.475,2.468998291015625,2.52959521484375,maxmonstre/eval/grid__gaussian__seed0__epoch_030__r-_G0__probes__f32.jsonl,recalibrated
gaussian_postrelu,0,0.075,-0.45,2.328915771484375,2.38642529296875,maxmonstre/eval/grid__gaussian__seed0__epoch_030__r-_G0__probes__f32.jsonl,recalibrated
gaussian_postrelu,0,0.075,-0.425,2.181388427734375,2.23955078125,maxmonstre/eval/grid__gaussian__seed0__epoch_030__r-_G0__probes__f32.jsonl,recalibrated
gaussian_postrelu,0,0.075,-0.4,2.035104431152344,2.0843642578125,maxmonstre/eval/grid__gaussian__seed0__epoch_030__r-_G0__probes__f32.jsonl,recalibrated
gaussian_postrelu,0,0.075,-0.375,1.88843701171875,1.9275914306640625,maxmonstre/eval/grid__gaussian__seed0__epoch_030__r-_G0__probes__f32.jsonl,recalibrated
gaussian_postrelu,0,0.075,-0.35,1.741546142578125,1.7785989379882812,maxmonstre/eval/grid__gaussian__seed0__epoch_030__r-_G0__probes__f32.jsonl,recalibrated
gaussian_postrelu,0,0.075,-0.325,1.5937691650390624,1.6356658935546875,maxmonstre/eval/grid__gaussian__seed0__epoch_030__r-_G0__probes__f32.jsonl,recalibrated
gaussian_postrelu,0,0.075,-0.3,1.4483446655273438,1.497997802734375,maxmonstre/eval/grid__gaussian__seed0__epoch_030__r-_G0__probes__f32.jsonl,recalibrated
gaussian_postrelu,0,0.075,-0.275,1.305738952636719,1.3689346923828123,maxmonstre/eval/grid__gaussian__seed0__epoch_030__r-_G0__probes__f32.jsonl,recalibrated
gaussian_postrelu,0,0.075,-0.25,1.1672156982421875,1.2466270141601563,v2/surfaces.csv,recalibrated
gaussian_postrelu,0,0.075,-0.225,1.0418228759765624,1.1316177368164062,v2/surfaces.csv,recalibrated
gaussian_postrelu,0,0.075,-0.2,0.9240910339355468,1.0276840209960938,v2/surfaces.csv,recalibrated
gaussian_postrelu,0,0.075,-0.175,0.8141517333984375,0.9399285583496094,v2/surfaces.csv,recalibrated
gaussian_postrelu,0,0.075,-0.15,0.7155153198242188,0.8684765014648438,v2/surfaces.csv,recalibrated
gaussian_postrelu,0,0.075,-0.125,0.6271932678222656,0.8027074584960937,v2/surfaces.csv,recalibrated
gaussian_postrelu,0,0.075,-0.1,0.5496531677246094,0.7444627075195313,v2/surfaces.csv,recalibrated
gaussian_postrelu,0,0.075,-0.075,0.4859362182617187,0.6927210693359375,v2/surfaces.csv,recalibrated
gaussian_postrelu,0,0.075,-0.05,0.4392776947021484,0.65742529296875,v2/surfaces.csv,recalibrated
gaussian_postrelu,0,0.075,-0.025,0.4108362884521484,0.64164111328125,v2/surfaces.csv,recalibrated
gaussian_postrelu,0,0.075,0.0,0.3998341979980468,0.6399678649902344,v2/surfaces.csv,recalibrated
gaussian_postrelu,0,0.075,0.025,0.410250259399414,0.6550930786132813,v2/surfaces.csv,recalibrated
gaussian_postrelu,0,0.075,0.05,0.4411060943603516,0.6870334167480469,v2/surfaces.csv,recalibrated
gaussian_postrelu,0,0.075,0.075,0.4908060913085937,0.7313836669921875,v2/surfaces.csv,recalibrated
gaussian_postrelu,0,0.075,0.1,0.554685791015625,0.7852359619140625,v2/surfaces.csv,recalibrated
gaussian_postrelu,0,0.075,0.125,0.6374749145507812,0.85163134765625,v2/surfaces.csv,recalibrated
gaussian_postrelu,0,0.075,0.15,0.7324107055664062,0.9356314086914064,v2/surfaces.csv,recalibrated
gaussian_postrelu,0,0.075,0.175,0.8619201049804688,1.0444228210449218,v2/surfaces.csv,recalibrated
gaussian_postrelu,0,0.075,0.2,1.0053621826171877,1.17536962890625,v2/surfaces.csv,recalibrated
gaussian_postrelu,0,0.075,0.225,1.1573400268554688,1.3242962036132813,v2/surfaces.csv,recalibrated
gaussian_postrelu,0,0.075,0.25,1.3152967529296875,1.4844775390625,v2/surfaces.csv,recalibrated
gaussian_postrelu,0,0.075,0.275,1.489915588378906,1.6354130859375,maxmonstre/eval/grid__gaussian__seed0__epoch_030__r-_G0__probes__f32.jsonl,recalibrated
gaussian_postrelu,0,0.075,0.3,1.6810012817382811,1.7906505126953125,maxmonstre/eval/grid__gaussian__seed0__epoch_030__r-_G0__probes__f32.jsonl,recalibrated
gaussian_postrelu,0,0.075,0.325,1.871563720703125,1.95447265625,maxmonstre/eval/grid__gaussian__seed0__epoch_030__r-_G0__probes__f32.jsonl,recalibrated
gaussian_postrelu,0,0.075,0.35,2.0695426025390624,2.127838134765625,maxmonstre/eval/grid__gaussian__seed0__epoch_030__r-_G0__probes__f32.jsonl,recalibrated
gaussian_postrelu,0,0.075,0.375,2.2659420166015627,2.303176513671875,maxmonstre/eval/grid__gaussian__seed0__epoch_030__r-_G0__probes__f32.jsonl,recalibrated
gaussian_postrelu,0,0.075,0.4,2.456728759765625,2.48712939453125,maxmonstre/eval/grid__gaussian__seed0__epoch_030__r-_G0__probes__f32.jsonl,recalibrated
gaussian_postrelu,0,0.075,0.425,2.6354521484375,2.6738602294921874,maxmonstre/eval/grid__gaussian__seed0__epoch_030__r-_G0__probes__f32.jsonl,recalibrated
gaussian_postrelu,0,0.075,0.45,2.8061695556640625,2.8510572509765626,maxmonstre/eval/grid__gaussian__seed0__epoch_030__r-_G0__probes__f32.jsonl,recalibrated
gaussian_postrelu,0,0.075,0.475,2.961593994140625,3.0067626953125,maxmonstre/eval/grid__gaussian__seed0__epoch_030__r-_G0__probes__f32.jsonl,recalibrated
gaussian_postrelu,0,0.075,0.5,3.105703369140625,3.1423681640625,maxmonstre/eval/grid__gaussian__seed0__epoch_030__r-_G0__probes__f32.jsonl,recalibrated
gaussian_postrelu,0,0.1,-0.5,2.599765991210937,2.67277587890625,maxmonstre/eval/grid__gaussian__seed0__epoch_030__r-_G0__probes__f32.jsonl,recalibrated
gaussian_postrelu,0,0.1,-0.475,2.4721461181640625,2.542490112304688,maxmonstre/eval/grid__gaussian__seed0__epoch_030__r-_G0__probes__f32.jsonl,recalibrated
gaussian_postrelu,0,0.1,-0.45,2.340873291015625,2.406326416015625,maxmonstre/eval/grid__gaussian__seed0__epoch_030__r-_G0__probes__f32.jsonl,recalibrated
gaussian_postrelu,0,0.1,-0.425,2.207119018554688,2.265366455078125,maxmonstre/eval/grid__gaussian__seed0__epoch_030__r-_G0__probes__f32.jsonl,recalibrated
gaussian_postrelu,0,0.1,-0.4,2.0703223876953123,2.116811706542969,maxmonstre/eval/grid__gaussian__seed0__epoch_030__r-_G0__probes__f32.jsonl,recalibrated
gaussian_postrelu,0,0.1,-0.375,1.9327172241210937,1.9633658447265625,maxmonstre/eval/grid__gaussian__seed0__epoch_030__r-_G0__probes__f32.jsonl,recalibrated
gaussian_postrelu,0,0.1,-0.35,1.7953485107421876,1.816222839355469,maxmonstre/eval/grid__gaussian__seed0__epoch_030__r-_G0__probes__f32.jsonl,recalibrated
gaussian_postrelu,0,0.1,-0.325,1.6571593017578126,1.6790665283203126,maxmonstre/eval/grid__gaussian__seed0__epoch_030__r-_G0__probes__f32.jsonl,recalibrated
gaussian_postrelu,0,0.1,-0.3,1.5181489868164062,1.5464532470703125,maxmonstre/eval/grid__gaussian__seed0__epoch_030__r-_G0__probes__f32.jsonl,recalibrated
gaussian_postrelu,0,0.1,-0.275,1.380700439453125,1.4196992797851562,maxmonstre/eval/grid__gaussian__seed0__epoch_030__r-_G0__probes__f32.jsonl,recalibrated
gaussian_postrelu,0,0.1,-0.25,1.2459606323242187,1.3009095458984374,v2/surfaces.csv,recalibrated
gaussian_postrelu,0,0.1,-0.225,1.1183294677734374,1.186024169921875,v2/surfaces.csv,recalibrated
gaussian_postrelu,0,0.1,-0.2,1.0000366821289062,1.0866241455078125,v2/surfaces.csv,recalibrated
gaussian_postrelu,0,0.1,-0.175,0.8937196044921875,1.0003281860351565,v2/surfaces.csv,recalibrated
gaussian_postrelu,0,0.1,-0.15,0.7978729858398438,0.9270420532226562,v2/surfaces.csv,recalibrated
gaussian_postrelu,0,0.1,-0.125,0.7116040954589844,0.8620358276367187,v2/surfaces.csv,recalibrated
gaussian_postrelu,0,0.1,-0.1,0.6327832336425782,0.8039437866210938,v2/surfaces.csv,recalibrated
gaussian_postrelu,0,0.1,-0.075,0.5728827514648438,0.755119873046875,v2/surfaces.csv,recalibrated
gaussian_postrelu,0,0.1,-0.05,0.5318548126220703,0.7228973999023437,v2/surfaces.csv,recalibrated
gaussian_postrelu,0,0.1,-0.025,0.5049117736816406,0.7067945861816406,v2/surfaces.csv,recalibrated
gaussian_postrelu,0,0.1,0.0,0.4972518005371094,0.7107745056152344,v2/surfaces.csv,recalibrated
gaussian_postrelu,0,0.1,0.025,0.5097346496582031,0.7322787170410157,v2/surfaces.csv,recalibrated
gaussian_postrelu,0,0.1,0.05,0.5396436157226563,0.7671079406738281,v2/surfaces.csv,recalibrated
gaussian_postrelu,0,0.1,0.075,0.5860458068847656,0.8149061279296875,v2/surfaces.csv,recalibrated
gaussian_postrelu,0,0.1,0.1,0.6465874633789063,0.8718944702148438,v2/surfaces.csv,recalibrated
gaussian_postrelu,0,0.1,0.125,0.7227224426269532,0.9381832275390624,v2/surfaces.csv,recalibrated
gaussian_postrelu,0,0.1,0.15,0.8117657165527343,1.0140807800292968,v2/surfaces.csv,recalibrated
gaussian_postrelu,0,0.1,0.175,0.9307847595214844,1.109026123046875,v2/surfaces.csv,recalibrated
gaussian_postrelu,0,0.1,0.2,1.075251953125,1.2259412841796875,v2/surfaces.csv,recalibrated
gaussian_postrelu,0,0.1,0.225,1.2237717895507811,1.3659325561523437,v2/surfaces.csv,recalibrated
gaussian_postrelu,0,0.1,0.25,1.379117431640625,1.5231922607421875,v2/surfaces.csv,recalibrated
gaussian_postrelu,0,0.1,0.275,1.5443916015625,1.6868262939453125,maxmonstre/eval/grid__gaussian__seed0__epoch_030__r-_G0__probes__f32.jsonl,recalibrated
gaussian_postrelu,0,0.1,0.3,1.7286254272460937,1.8423260498046876,maxmonstre/eval/grid__gaussian__seed0__epoch_030__r-_G0__probes__f32.jsonl,recalibrated
gaussian_postrelu,0,0.1,0.325,1.922046142578125,2.0025386962890623,maxmonstre/eval/grid__gaussian__seed0__epoch_030__r-_G0__probes__f32.jsonl,recalibrated
gaussian_postrelu,0,0.1,0.35,2.1161717529296875,2.174702880859375,maxmonstre/eval/grid__gaussian__seed0__epoch_030__r-_G0__probes__f32.jsonl,recalibrated
gaussian_postrelu,0,0.1,0.375,2.3031689453125,2.3465291748046875,maxmonstre/eval/grid__gaussian__seed0__epoch_030__r-_G0__probes__f32.jsonl,recalibrated
gaussian_postrelu,0,0.1,0.4,2.4901400146484374,2.521024169921875,maxmonstre/eval/grid__gaussian__seed0__epoch_030__r-_G0__probes__f32.jsonl,recalibrated
gaussian_postrelu,0,0.1,0.425,2.6686644287109376,2.700424682617188,maxmonstre/eval/grid__gaussian__seed0__epoch_030__r-_G0__probes__f32.jsonl,recalibrated
gaussian_postrelu,0,0.1,0.45,2.8363951416015625,2.8725750732421877,maxmonstre/eval/grid__gaussian__seed0__epoch_030__r-_G0__probes__f32.jsonl,recalibrated
gaussian_postrelu,0,0.1,0.475,2.9893857421875,3.0263033447265624,maxmonstre/eval/grid__gaussian__seed0__epoch_030__r-_G0__probes__f32.jsonl,recalibrated
gaussian_postrelu,0,0.1,0.5,3.1281778564453124,3.1633885498046874,maxmonstre/eval/grid__gaussian__seed0__epoch_030__r-_G0__probes__f32.jsonl,recalibrated
gaussian_postrelu,0,0.125,-0.5,2.6133021240234373,2.6967158203125,maxmonstre/eval/grid__gaussian__seed0__epoch_030__r-_G0__probes__f32.jsonl,recalibrated
gaussian_postrelu,0,0.125,-0.475,2.491142333984375,2.5718095703125,maxmonstre/eval/grid__gaussian__seed0__epoch_030__r-_G0__probes__f32.jsonl,recalibrated
gaussian_postrelu,0,0.125,-0.45,2.366910400390625,2.4444830322265627,maxmonstre/eval/grid__gaussian__seed0__epoch_030__r-_G0__probes__f32.jsonl,recalibrated
gaussian_postrelu,0,0.125,-0.425,2.245906982421875,2.3075367431640625,maxmonstre/eval/grid__gaussian__seed0__epoch_030__r-_G0__probes__f32.jsonl,recalibrated
gaussian_postrelu,0,0.125,-0.4,2.120594482421875,2.1649185791015624,maxmonstre/eval/grid__gaussian__seed0__epoch_030__r-_G0__probes__f32.jsonl,recalibrated
gaussian_postrelu,0,0.125,-0.375,1.9882249755859376,2.0157749633789064,maxmonstre/eval/grid__gaussian__seed0__epoch_030__r-_G0__probes__f32.jsonl,recalibrated
gaussian_postrelu,0,0.125,-0.35,1.858357666015625,1.8729151611328123,maxmonstre/eval/grid__gaussian__seed0__epoch_030__r-_G0__probes__f32.jsonl,recalibrated
gaussian_postrelu,0,0.125,-0.325,1.7275921020507812,1.7393444213867189,maxmonstre/eval/grid__gaussian__seed0__epoch_030__r-_G0__probes__f32.jsonl,recalibrated
gaussian_postrelu,0,0.125,-0.3,1.5934234619140626,1.6118515625,maxmonstre/eval/grid__gaussian__seed0__epoch_030__r-_G0__probes__f32.jsonl,recalibrated
gaussian_postrelu,0,0.125,-0.275,1.4661873779296877,1.4879544677734375,maxmonstre/eval/grid__gaussian__seed0__epoch_030__r-_G0__probes__f32.jsonl,recalibrated
gaussian_postrelu,0,0.125,-0.25,1.3357560424804686,1.3707429809570313,v2/surfaces.csv,recalibrated
gaussian_postrelu,0,0.125,-0.225,1.210407043457031,1.259413818359375,v2/surfaces.csv,recalibrated
gaussian_postrelu,0,0.125,-0.2,1.0927474975585938,1.1591478881835937,v2/surfaces.csv,recalibrated
gaussian_postrelu,0,0.125,-0.175,0.9870439453125,1.0727700805664062,v2/surfaces.csv,recalibrated
gaussian_postrelu,0,0.125,-0.15,0.8929605102539062,0.9963863525390624,v2/surfaces.csv,recalibrated
gaussian_postrelu,0,0.125,-0.125,0.8080578918457031,0.9328078308105467,v2/surfaces.csv,recalibrated
gaussian_postrelu,0,0.125,-0.1,0.7344564514160157,0.8797969360351563,v2/surfaces.csv,recalibrated
gaussian_postrelu,0,0.125,-0.075,0.6808450622558594,0.8395235900878906,v2/surfaces.csv,recalibrated
gaussian_postrelu,0,0.125,-0.05,0.64491748046875,0.8130240783691406,v2/surfaces.csv,recalibrated
gaussian_postrelu,0,0.125,-0.025,0.625059326171875,0.80782275390625,v2/surfaces.csv,recalibrated
gaussian_postrelu,0,0.125,0.0,0.6222651672363281,0.8171207275390625,v2/surfaces.csv,recalibrated
gaussian_postrelu,0,0.125,0.025,0.6348259887695312,0.8401712951660156,v2/surfaces.csv,recalibrated
gaussian_postrelu,0,0.125,0.05,0.6601716918945313,0.8716043090820312,v2/surfaces.csv,recalibrated
gaussian_postrelu,0,0.125,0.075,0.7036605224609375,0.9173970947265624,v2/surfaces.csv,recalibrated
gaussian_postrelu,0,0.125,0.1,0.7622249145507812,0.973268585205078,v2/surfaces.csv,recalibrated
gaussian_postrelu,0,0.125,0.125,0.8340586853027344,1.0390308227539062,v2/surfaces.csv,recalibrated
gaussian_postrelu,0,0.125,0.15,0.9182410278320312,1.1165408325195312,v2/surfaces.csv,recalibrated
gaussian_postrelu,0,0.125,0.175,1.0241605529785156,1.2047478637695312,v2/surfaces.csv,recalibrated
gaussian_postrelu,0,0.125,0.2,1.1629701538085937,1.3066788940429688,v2/surfaces.csv,recalibrated
gaussian_postrelu,0,0.125,0.225,1.3117342529296876,1.429171203613281,v2/surfaces.csv,recalibrated
gaussian_postrelu,0,0.125,0.25,1.4623671264648437,1.5730977783203124,v2/surfaces.csv,recalibrated
gaussian_postrelu,0,0.125,0.275,1.6251222534179688,1.732661865234375,maxmonstre/eval/grid__gaussian__seed0__epoch_030__r-_G0__probes__f32.jsonl,recalibrated
gaussian_postrelu,0,0.125,0.3,1.7998577880859374,1.90146875,maxmonstre/eval/grid__gaussian__seed0__epoch_030__r-_G0__probes__f32.jsonl,recalibrated
gaussian_postrelu,0,0.125,0.325,1.9818170166015625,2.071089599609375,maxmonstre/eval/grid__gaussian__seed0__epoch_030__r-_G0__probes__f32.jsonl,recalibrated
gaussian_postrelu,0,0.125,0.35,2.170991455078125,2.240288818359375,maxmonstre/eval/grid__gaussian__seed0__epoch_030__r-_G0__probes__f32.jsonl,recalibrated
gaussian_postrelu,0,0.125,0.375,2.356009765625,2.408285888671875,maxmonstre/eval/grid__gaussian__seed0__epoch_030__r-_G0__probes__f32.jsonl,recalibrated
gaussian_postrelu,0,0.125,0.4,2.53272509765625,2.572521728515625,maxmonstre/eval/grid__gaussian__seed0__epoch_030__r-_G0__probes__f32.jsonl,recalibrated
gaussian_postrelu,0,0.125,0.425,2.7052271728515627,2.738724365234375,maxmonstre/eval/grid__gaussian__seed0__epoch_030__r-_G0__probes__f32.jsonl,recalibrated
gaussian_postrelu,0,0.125,0.45,2.8727598876953127,2.9043443603515624,maxmonstre/eval/grid__gaussian__seed0__epoch_030__r-_G0__probes__f32.jsonl,recalibrated
gaussian_postrelu,0,0.125,0.475,3.0247061767578125,3.0512099609375,maxmonstre/eval/grid__gaussian__seed0__epoch_030__r-_G0__probes__f32.jsonl,recalibrated
gaussian_postrelu,0,0.125,0.5,3.161172119140625,3.189628662109375,maxmonstre/eval/grid__gaussian__seed0__epoch_030__r-_G0__probes__f32.jsonl,recalibrated
gaussian_postrelu,0,0.15,-0.5,2.63668017578125,2.725949462890625,maxmonstre/eval/grid__gaussian__seed0__epoch_030__r-_G0__probes__f32.jsonl,recalibrated
gaussian_postrelu,0,0.15,-0.475,2.5221422119140624,2.6075509033203126,maxmonstre/eval/grid__gaussian__seed0__epoch_030__r-_G0__probes__f32.jsonl,recalibrated
gaussian_postrelu,0,0.15,-0.45,2.4108941650390623,2.481791748046875,maxmonstre/eval/grid__gaussian__seed0__epoch_030__r-_G0__probes__f32.jsonl,recalibrated
gaussian_postrelu,0,0.15,-0.425,2.2987593994140627,2.3514439697265623,maxmonstre/eval/grid__gaussian__seed0__epoch_030__r-_G0__probes__f32.jsonl,recalibrated
gaussian_postrelu,0,0.15,-0.4,2.182781005859375,2.21852294921875,maxmonstre/eval/grid__gaussian__seed0__epoch_030__r-_G0__probes__f32.jsonl,recalibrated
gaussian_postrelu,0,0.15,-0.375,2.0611447143554686,2.082709228515625,maxmonstre/eval/grid__gaussian__seed0__epoch_030__r-_G0__probes__f32.jsonl,recalibrated
gaussian_postrelu,0,0.15,-0.35,1.9372689208984373,1.949698974609375,maxmonstre/eval/grid__gaussian__seed0__epoch_030__r-_G0__probes__f32.jsonl,recalibrated
gaussian_postrelu,0,0.15,-0.325,1.8102972412109373,1.8205979614257808,maxmonstre/eval/grid__gaussian__seed0__epoch_030__r-_G0__probes__f32.jsonl,recalibrated
gaussian_postrelu,0,0.15,-0.3,1.683796630859375,1.6942283325195313,maxmonstre/eval/grid__gaussian__seed0__epoch_030__r-_G0__probes__f32.jsonl,recalibrated
gaussian_postrelu,0,0.15,-0.275,1.5616815185546875,1.5738495483398438,maxmonstre/eval/grid__gaussian__seed0__epoch_030__r-_G0__probes__f32.jsonl,recalibrated
gaussian_postrelu,0,0.15,-0.25,1.4343583984375,1.4588279418945314,v2/surfaces.csv,recalibrated
gaussian_postrelu,0,0.15,-0.225,1.30880126953125,1.3495294189453124,v2/surfaces.csv,recalibrated
gaussian_postrelu,0,0.15,-0.2,1.1945834350585938,1.2496185302734375,v2/surfaces.csv,recalibrated
gaussian_postrelu,0,0.15,-0.175,1.0929828491210938,1.161440673828125,v2/surfaces.csv,recalibrated
gaussian_postrelu,0,0.15,-0.15,1.0013895874023435,1.0838707885742187,v2/surfaces.csv,recalibrated
gaussian_postrelu,0,0.15,-0.125,0.922610809326172,1.0188084716796877,v2/surfaces.csv,recalibrated
gaussian_postrelu,0,0.15,-0.1,0.8556334838867188,0.9740556640625,v2/surfaces.csv,recalibrated
gaussian_postrelu,0,0.15,-0.075,0.8075521850585937,0.9471278381347656,v2/surfaces.csv,recalibrated
gaussian_postrelu,0,0.15,-0.05,0.7816261596679688,0.9346093444824218,v2/surfaces.csv,recalibrated
gaussian_postrelu,0,0.15,-0.025,0.7673512878417968,0.9345085144042968,v2/surfaces.csv,recalibrated
gaussian_postrelu,0,0.15,0.0,0.7642879638671874,0.9427776794433592,v2/surfaces.csv,recalibrated
gaussian_postrelu,0,0.15,0.025,0.7761842956542969,0.9616787719726564,v2/surfaces.csv,recalibrated
gaussian_postrelu,0,0.15,0.05,0.8021567993164063,0.9930059509277344,v2/surfaces.csv,recalibrated
gaussian_postrelu,0,0.15,0.075,0.8434948425292969,1.0335881042480468,v2/surfaces.csv,recalibrated
gaussian_postrelu,0,0.15,0.1,0.8964376220703125,1.0871371459960937,v2/surfaces.csv,recalibrated
gaussian_postrelu,0,0.15,0.125,0.9654678955078124,1.1534796142578123,v2/surfaces.csv,recalibrated
gaussian_postrelu,0,0.15,0.15,1.04863671875,1.2279317016601563,v2/surfaces.csv,recalibrated
gaussian_postrelu,0,0.15,0.175,1.138557861328125,1.3145479736328125,v2/surfaces.csv,recalibrated
gaussian_postrelu,0,0.15,0.2,1.2625318603515625,1.409335021972656,v2/surfaces.csv,recalibrated
gaussian_postrelu,0,0.15,0.225,1.41521435546875,1.517766357421875,v2/surfaces.csv,recalibrated
gaussian_postrelu,0,0.15,0.25,1.5677183837890625,1.6511807861328125,v2/surfaces.csv,recalibrated
gaussian_postrelu,0,0.15,0.275,1.7253240356445312,1.7988797607421876,maxmonstre/eval/grid__gaussian__seed0__epoch_030__r-_G0__probes__f32.jsonl,recalibrated
gaussian_postrelu,0,0.15,0.3,1.890399353027344,1.965080322265625,maxmonstre/eval/grid__gaussian__seed0__epoch_030__r-_G0__probes__f32.jsonl,recalibrated
gaussian_postrelu,0,0.15,0.325,2.0645615234375,2.1414541015625,maxmonstre/eval/grid__gaussian__seed0__epoch_030__r-_G0__probes__f32.jsonl,recalibrated
gaussian_postrelu,0,0.15,0.35,2.2444761962890625,2.3173380126953127,maxmonstre/eval/grid__gaussian__seed0__epoch_030__r-_G0__probes__f32.jsonl,recalibrated
gaussian_postrelu,0,0.15,0.375,2.429010498046875,2.4872164306640623,maxmonstre/eval/grid__gaussian__seed0__epoch_030__r-_G0__probes__f32.jsonl,recalibrated
gaussian_postrelu,0,0.15,0.4,2.5984678955078127,2.64121044921875,maxmonstre/eval/grid__gaussian__seed0__epoch_030__r-_G0__probes__f32.jsonl,recalibrated
gaussian_postrelu,0,0.15,0.425,2.7629010009765627,2.7898353271484373,maxmonstre/eval/grid__gaussian__seed0__epoch_030__r-_G0__probes__f32.jsonl,recalibrated
gaussian_postrelu,0,0.15,0.45,2.92189453125,2.9408717041015624,maxmonstre/eval/grid__gaussian__seed0__epoch_030__r-_G0__probes__f32.jsonl,recalibrated
gaussian_postrelu,0,0.15,0.475,3.0725169677734376,3.086641845703125,maxmonstre/eval/grid__gaussian__seed0__epoch_030__r-_G0__probes__f32.jsonl,recalibrated
gaussian_postrelu,0,0.15,0.5,3.20896337890625,3.2219642333984373,maxmonstre/eval/grid__gaussian__seed0__epoch_030__r-_G0__probes__f32.jsonl,recalibrated
gaussian_postrelu,0,0.175,-0.5,2.6720089111328127,2.75865478515625,maxmonstre/eval/grid__gaussian__seed0__epoch_030__r-_G0__probes__f32.jsonl,recalibrated
gaussian_postrelu,0,0.175,-0.475,2.563305419921875,2.643579345703125,maxmonstre/eval/grid__gaussian__seed0__epoch_030__r-_G0__probes__f32.jsonl,recalibrated
gaussian_postrelu,0,0.175,-0.45,2.461112182617188,2.525426025390625,maxmonstre/eval/grid__gaussian__seed0__epoch_030__r-_G0__probes__f32.jsonl,recalibrated
gaussian_postrelu,0,0.175,-0.425,2.3612921142578127,2.403362060546875,maxmonstre/eval/grid__gaussian__seed0__epoch_030__r-_G0__probes__f32.jsonl,recalibrated
gaussian_postrelu,0,0.175,-0.4,2.25597998046875,2.280352416992188,maxmonstre/eval/grid__gaussian__seed0__epoch_030__r-_G0__probes__f32.jsonl,recalibrated
gaussian_postrelu,0,0.175,-0.375,2.141915283203125,2.157810791015625,maxmonstre/eval/grid__gaussian__seed0__epoch_030__r-_G0__probes__f32.jsonl,recalibrated
gaussian_postrelu,0,0.175,-0.35,2.021470581054688,2.036187622070313,maxmonstre/eval/grid__gaussian__seed0__epoch_030__r-_G0__probes__f32.jsonl,recalibrated
gaussian_postrelu,0,0.175,-0.325,1.8979627075195316,1.914910095214844,maxmonstre/eval/grid__gaussian__seed0__epoch_030__r-_G0__probes__f32.jsonl,recalibrated
gaussian_postrelu,0,0.175,-0.3,1.7771644287109376,1.7921334228515624,maxmonstre/eval/grid__gaussian__seed0__epoch_030__r-_G0__probes__f32.jsonl,recalibrated
gaussian_postrelu,0,0.175,-0.275,1.65528857421875,1.6750133666992189,maxmonstre/eval/grid__gaussian__seed0__epoch_030__r-_G0__probes__f32.jsonl,recalibrated
gaussian_postrelu,0,0.175,-0.25,1.5343822631835935,1.5626221313476565,v2/surfaces.csv,recalibrated
gaussian_postrelu,0,0.175,-0.225,1.4161576538085938,1.4561163330078124,v2/surfaces.csv,recalibrated
gaussian_postrelu,0,0.175,-0.2,1.3059805908203126,1.3564127197265623,v2/surfaces.csv,recalibrated
gaussian_postrelu,0,0.175,-0.175,1.213508544921875,1.265589111328125,v2/surfaces.csv,recalibrated
gaussian_postrelu,0,0.175,-0.15,1.13213818359375,1.19232421875,v2/surfaces.csv,recalibrated
gaussian_postrelu,0,0.175,-0.125,1.0575018310546875,1.135698486328125,v2/surfaces.csv,recalibrated
gaussian_postrelu,0,0.175,-0.1,0.9979481506347656,1.0995357666015626,v2/surfaces.csv,recalibrated
gaussian_postrelu,0,0.175,-0.075,0.95805712890625,1.07776025390625,v2/surfaces.csv,recalibrated
gaussian_postrelu,0,0.175,-0.05,0.9345064697265624,1.0655823669433593,v2/surfaces.csv,recalibrated
gaussian_postrelu,0,0.175,-0.025,0.9207624206542968,1.0632177124023436,v2/surfaces.csv,recalibrated
gaussian_postrelu,0,0.175,0.0,0.9188476257324218,1.06880810546875,v2/surfaces.csv,recalibrated
gaussian_postrelu,0,0.175,0.025,0.9323292541503906,1.0871868286132813,v2/surfaces.csv,recalibrated
gaussian_postrelu,0,0.175,0.05,0.9615480041503908,1.1167997436523438,v2/surfaces.csv,recalibrated
gaussian_postrelu,0,0.175,0.075,0.9995659790039062,1.1604241943359377,v2/surfaces.csv,recalibrated
gaussian_postrelu,0,0.175,0.1,1.0499000244140626,1.2140215454101562,v2/surfaces.csv,recalibrated
gaussian_postrelu,0,0.175,0.125,1.1172810668945312,1.2779849853515626,v2/surfaces.csv,recalibrated
gaussian_postrelu,0,0.175,0.15,1.1959344482421874,1.350774658203125,v2/surfaces.csv,recalibrated
gaussian_postrelu,0,0.175,0.175,1.2846600952148437,1.4331435546875,v2/surfaces.csv,recalibrated
gaussian_postrelu,0,0.175,0.2,1.39065576171875,1.5252711791992188,v2/surfaces.csv,recalibrated
gaussian_postrelu,0,0.175,0.225,1.5311013793945312,1.6347213134765626,v2/surfaces.csv,recalibrated
gaussian_postrelu,0,0.175,0.25,1.6826358642578123,1.7545867919921876,v2/surfaces.csv,recalibrated
gaussian_postrelu,0,0.175,0.275,1.837315673828125,1.890330322265625,maxmonstre/eval/grid__gaussian__seed0__epoch_030__r-_G0__probes__f32.jsonl,recalibrated
gaussian_postrelu,0,0.175,0.3,1.99458056640625,2.044639526367188,maxmonstre/eval/grid__gaussian__seed0__epoch_030__r-_G0__probes__f32.jsonl,recalibrated
gaussian_postrelu,0,0.175,0.325,2.161364135742188,2.21067822265625,maxmonstre/eval/grid__gaussian__seed0__epoch_030__r-_G0__probes__f32.jsonl,recalibrated
gaussian_postrelu,0,0.175,0.35,2.3326102294921878,2.383359619140625,maxmonstre/eval/grid__gaussian__seed0__epoch_030__r-_G0__probes__f32.jsonl,recalibrated
gaussian_postrelu,0,0.175,0.375,2.5064658203125,2.55323486328125,maxmonstre/eval/grid__gaussian__seed0__epoch_030__r-_G0__probes__f32.jsonl,recalibrated
gaussian_postrelu,0,0.175,0.4,2.67305712890625,2.71621435546875,maxmonstre/eval/grid__gaussian__seed0__epoch_030__r-_G0__probes__f32.jsonl,recalibrated
gaussian_postrelu,0,0.175,0.425,2.8315830078125,2.853594970703125,maxmonstre/eval/grid__gaussian__seed0__epoch_030__r-_G0__probes__f32.jsonl,recalibrated
gaussian_postrelu,0,0.175,0.45,2.980490478515625,2.984322265625,maxmonstre/eval/grid__gaussian__seed0__epoch_030__r-_G0__probes__f32.jsonl,recalibrated
gaussian_postrelu,0,0.175,0.475,3.1251915283203124,3.12219873046875,maxmonstre/eval/grid__gaussian__seed0__epoch_030__r-_G0__probes__f32.jsonl,recalibrated
gaussian_postrelu,0,0.175,0.5,3.2579620361328123,3.253313598632813,maxmonstre/eval/grid__gaussian__seed0__epoch_030__r-_G0__probes__f32.jsonl,recalibrated
gaussian_postrelu,0,0.2,-0.5,2.7202977294921875,2.7996304931640625,maxmonstre/eval/grid__gaussian__seed0__epoch_030__r-_G0__probes__f32.jsonl,recalibrated
gaussian_postrelu,0,0.2,-0.475,2.619493896484375,2.6915845947265624,maxmonstre/eval/grid__gaussian__seed0__epoch_030__r-_G0__probes__f32.jsonl,recalibrated
gaussian_postrelu,0,0.2,-0.45,2.52504052734375,2.5780528564453125,maxmonstre/eval/grid__gaussian__seed0__epoch_030__r-_G0__probes__f32.jsonl,recalibrated
gaussian_postrelu,0,0.2,-0.425,2.432797607421875,2.4640474853515624,maxmonstre/eval/grid__gaussian__seed0__epoch_030__r-_G0__probes__f32.jsonl,recalibrated
gaussian_postrelu,0,0.2,-0.4,2.331697265625,2.3481280517578127,maxmonstre/eval/grid__gaussian__seed0__epoch_030__r-_G0__probes__f32.jsonl,recalibrated
gaussian_postrelu,0,0.2,-0.375,2.2222374267578124,2.234509765625,maxmonstre/eval/grid__gaussian__seed0__epoch_030__r-_G0__probes__f32.jsonl,recalibrated
gaussian_postrelu,0,0.2,-0.35,2.108703125,2.125857299804688,maxmonstre/eval/grid__gaussian__seed0__epoch_030__r-_G0__probes__f32.jsonl,recalibrated
gaussian_postrelu,0,0.2,-0.325,1.9913973388671875,2.0129019775390624,maxmonstre/eval/grid__gaussian__seed0__epoch_030__r-_G0__probes__f32.jsonl,recalibrated
gaussian_postrelu,0,0.2,-0.3,1.8717796630859376,1.8996282958984372,maxmonstre/eval/grid__gaussian__seed0__epoch_030__r-_G0__probes__f32.jsonl,recalibrated
gaussian_postrelu,0,0.2,-0.275,1.7537777709960938,1.7874658813476565,maxmonstre/eval/grid__gaussian__seed0__epoch_030__r-_G0__probes__f32.jsonl,recalibrated
gaussian_postrelu,0,0.2,-0.25,1.6391617431640626,1.6779513549804688,v2/surfaces.csv,recalibrated
gaussian_postrelu,0,0.2,-0.225,1.5325155639648438,1.5755391235351563,v2/surfaces.csv,recalibrated
gaussian_postrelu,0,0.2,-0.2,1.437326416015625,1.479608154296875,v2/surfaces.csv,recalibrated
gaussian_postrelu,0,0.2,-0.175,1.3525043334960938,1.3954930419921876,v2/surfaces.csv,recalibrated
gaussian_postrelu,0,0.2,-0.15,1.2767543334960938,1.329530029296875,v2/surfaces.csv,recalibrated
gaussian_postrelu,0,0.2,-0.125,1.2128803100585936,1.28183056640625,v2/surfaces.csv,recalibrated
gaussian_postrelu,0,0.2,-0.1,1.1617653198242188,1.249154602050781,v2/surfaces.csv,recalibrated
gaussian_postrelu,0,0.2,-0.075,1.1240004272460935,1.2231780395507812,v2/surfaces.csv,recalibrated
gaussian_postrelu,0,0.2,-0.05,1.1000321655273435,1.2087107543945312,v2/surfaces.csv,recalibrated
gaussian_postrelu,0,0.2,-0.025,1.0855297241210935,1.201409912109375,v2/surfaces.csv,recalibrated
gaussian_postrelu,0,0.2,0.0,1.0867435302734374,1.2019992065429688,v2/surfaces.csv,recalibrated
gaussian_postrelu,0,0.2,0.025,1.099564453125,1.217973388671875,v2/surfaces.csv,recalibrated
gaussian_postrelu,0,0.2,0.05,1.12615478515625,1.249832275390625,v2/surfaces.csv,recalibrated
gaussian_postrelu,0,0.2,0.075,1.1647948608398435,1.2967880249023438,v2/surfaces.csv,recalibrated
gaussian_postrelu,0,0.2,0.1,1.21384033203125,1.3536239013671876,v2/surfaces.csv,recalibrated
gaussian_postrelu,0,0.2,0.125,1.2773455200195312,1.41618798828125,v2/surfaces.csv,recalibrated
gaussian_postrelu,0,0.2,0.15,1.355516845703125,1.4857943725585938,v2/surfaces.csv,recalibrated
gaussian_postrelu,0,0.2,0.175,1.4449618530273438,1.5681483154296876,v2/surfaces.csv,recalibrated
gaussian_postrelu,0,0.2,0.2,1.5369530639648437,1.6547821044921875,v2/surfaces.csv,recalibrated
gaussian_postrelu,0,0.2,0.225,1.6569141235351563,1.7539818115234376,v2/surfaces.csv,recalibrated
gaussian_postrelu,0,0.2,0.25,1.800954345703125,1.87266455078125,v2/surfaces.csv,recalibrated
gaussian_postrelu,0,0.2,0.275,1.9538582763671877,1.9963839721679688,maxmonstre/eval/grid__gaussian__seed0__epoch_030__r-_G0__probes__f32.jsonl,recalibrated
gaussian_postrelu,0,0.2,0.3,2.108118103027344,2.137359375,maxmonstre/eval/grid__gaussian__seed0__epoch_030__r-_G0__probes__f32.jsonl,recalibrated
gaussian_postrelu,0,0.2,0.325,2.264589233398437,2.289930053710937,maxmonstre/eval/grid__gaussian__seed0__epoch_030__r-_G0__probes__f32.jsonl,recalibrated
gaussian_postrelu,0,0.2,0.35,2.430406005859375,2.447211181640625,maxmonstre/eval/grid__gaussian__seed0__epoch_030__r-_G0__probes__f32.jsonl,recalibrated
gaussian_postrelu,0,0.2,0.375,2.5954805908203125,2.610898803710937,maxmonstre/eval/grid__gaussian__seed0__epoch_030__r-_G0__probes__f32.jsonl,recalibrated
gaussian_postrelu,0,0.2,0.4,2.7553023681640627,2.7681905517578125,maxmonstre/eval/grid__gaussian__seed0__epoch_030__r-_G0__probes__f32.jsonl,recalibrated
gaussian_postrelu,0,0.2,0.425,2.90483544921875,2.915088134765625,maxmonstre/eval/grid__gaussian__seed0__epoch_030__r-_G0__probes__f32.jsonl,recalibrated
gaussian_postrelu,0,0.2,0.45,3.0455057373046874,3.037921875,maxmonstre/eval/grid__gaussian__seed0__epoch_030__r-_G0__probes__f32.jsonl,recalibrated
gaussian_postrelu,0,0.2,0.475,3.179267456054688,3.16396630859375,maxmonstre/eval/grid__gaussian__seed0__epoch_030__r-_G0__probes__f32.jsonl,recalibrated
gaussian_postrelu,0,0.2,0.5,3.3071483154296875,3.2902711181640627,maxmonstre/eval/grid__gaussian__seed0__epoch_030__r-_G0__probes__f32.jsonl,recalibrated
gaussian_postrelu,0,0.225,-0.5,2.779395751953125,2.849744873046875,maxmonstre/eval/grid__gaussian__seed0__epoch_030__r-_G0__probes__f32.jsonl,recalibrated
gaussian_postrelu,0,0.225,-0.475,2.686822998046875,2.747557373046875,maxmonstre/eval/grid__gaussian__seed0__epoch_030__r-_G0__probes__f32.jsonl,recalibrated
gaussian_postrelu,0,0.225,-0.45,2.595209228515625,2.641587890625,maxmonstre/eval/grid__gaussian__seed0__epoch_030__r-_G0__probes__f32.jsonl,recalibrated
gaussian_postrelu,0,0.225,-0.425,2.5039482421875,2.531385498046875,maxmonstre/eval/grid__gaussian__seed0__epoch_030__r-_G0__probes__f32.jsonl,recalibrated
gaussian_postrelu,0,0.225,-0.4,2.405603271484375,2.423772705078125,maxmonstre/eval/grid__gaussian__seed0__epoch_030__r-_G0__probes__f32.jsonl,recalibrated
gaussian_postrelu,0,0.225,-0.375,2.304169067382813,2.32014208984375,maxmonstre/eval/grid__gaussian__seed0__epoch_030__r-_G0__probes__f32.jsonl,recalibrated
gaussian_postrelu,0,0.225,-0.35,2.200535400390625,2.2168714599609376,maxmonstre/eval/grid__gaussian__seed0__epoch_030__r-_G0__probes__f32.jsonl,recalibrated
gaussian_postrelu,0,0.225,-0.325,2.087942260742188,2.1130057373046878,maxmonstre/eval/grid__gaussian__seed0__epoch_030__r-_G0__probes__f32.jsonl,recalibrated
gaussian_postrelu,0,0.225,-0.3,1.9742242431640624,2.0091705322265625,maxmonstre/eval/grid__gaussian__seed0__epoch_030__r-_G0__probes__f32.jsonl,recalibrated
gaussian_postrelu,0,0.225,-0.275,1.8629365234375,1.905592468261719,maxmonstre/eval/grid__gaussian__seed0__epoch_030__r-_G0__probes__f32.jsonl,recalibrated
gaussian_postrelu,0,0.225,-0.25,1.7617919311523438,1.804482482910156,v2/surfaces.csv,recalibrated
gaussian_postrelu,0,0.225,-0.225,1.6698776245117188,1.7117291259765626,v2/surfaces.csv,recalibrated
gaussian_postrelu,0,0.225,-0.2,1.5855953369140623,1.6212232055664062,v2/surfaces.csv,recalibrated
gaussian_postrelu,0,0.225,-0.175,1.506462646484375,1.5463951416015624,v2/surfaces.csv,recalibrated
gaussian_postrelu,0,0.225,-0.15,1.4402363891601562,1.4900939331054688,v2/surfaces.csv,recalibrated
gaussian_postrelu,0,0.225,-0.125,1.3829351806640624,1.445104248046875,v2/surfaces.csv,recalibrated
gaussian_postrelu,0,0.225,-0.1,1.3371669311523438,1.4051270751953124,v2/surfaces.csv,recalibrated
gaussian_postrelu,0,0.225,-0.075,1.3038721923828125,1.3788138427734375,v2/surfaces.csv,recalibrated
gaussian_postrelu,0,0.225,-0.05,1.277952880859375,1.3615076904296874,v2/surfaces.csv,recalibrated
gaussian_postrelu,0,0.225,-0.025,1.2637752685546877,1.3523675537109374,v2/surfaces.csv,recalibrated
gaussian_postrelu,0,0.225,0.0,1.2640601806640626,1.35149365234375,v2/surfaces.csv,recalibrated
gaussian_postrelu,0,0.225,0.025,1.277780456542969,1.367016357421875,v2/surfaces.csv,recalibrated
gaussian_postrelu,0,0.225,0.05,1.2993452758789064,1.4006248779296877,v2/surfaces.csv,recalibrated
gaussian_postrelu,0,0.225,0.075,1.3364779663085935,1.446819152832031,v2/surfaces.csv,recalibrated
gaussian_postrelu,0,0.225,0.1,1.3862261962890623,1.5044415283203123,v2/surfaces.csv,recalibrated
gaussian_postrelu,0,0.225,0.125,1.4475848388671877,1.5705619506835935,v2/surfaces.csv,recalibrated
gaussian_postrelu,0,0.225,0.15,1.51918994140625,1.638681396484375,v2/surfaces.csv,recalibrated
gaussian_postrelu,0,0.225,0.175,1.601205505371094,1.7140230102539062,v2/surfaces.csv,recalibrated
gaussian_postrelu,0,0.225,0.2,1.7006139526367188,1.7987598266601563,v2/surfaces.csv,recalibrated
gaussian_postrelu,0,0.225,0.225,1.8065924682617187,1.8925127563476565,v2/surfaces.csv,recalibrated
gaussian_postrelu,0,0.225,0.25,1.9334806518554688,1.99806591796875,v2/surfaces.csv,recalibrated
gaussian_postrelu,0,0.225,0.275,2.0767445068359374,2.119026123046875,maxmonstre/eval/grid__gaussian__seed0__epoch_030__r-_G0__probes__f32.jsonl,recalibrated
gaussian_postrelu,0,0.225,0.3,2.2256944580078124,2.24184375,maxmonstre/eval/grid__gaussian__seed0__epoch_030__r-_G0__probes__f32.jsonl,recalibrated
gaussian_postrelu,0,0.225,0.325,2.37780615234375,2.37871923828125,maxmonstre/eval/grid__gaussian__seed0__epoch_030__r-_G0__probes__f32.jsonl,recalibrated
gaussian_postrelu,0,0.225,0.35,2.528302001953125,2.52382080078125,maxmonstre/eval/grid__gaussian__seed0__epoch_030__r-_G0__probes__f32.jsonl,recalibrated
gaussian_postrelu,0,0.225,0.375,2.68333349609375,2.673045166015625,maxmonstre/eval/grid__gaussian__seed0__epoch_030__r-_G0__probes__f32.jsonl,recalibrated
gaussian_postrelu,0,0.225,0.4,2.835946044921875,2.8257685546875,maxmonstre/eval/grid__gaussian__seed0__epoch_030__r-_G0__probes__f32.jsonl,recalibrated
gaussian_postrelu,0,0.225,0.425,2.9787618408203125,2.96760595703125,maxmonstre/eval/grid__gaussian__seed0__epoch_030__r-_G0__probes__f32.jsonl,recalibrated
gaussian_postrelu,0,0.225,0.45,3.1143775634765625,3.099545166015625,maxmonstre/eval/grid__gaussian__seed0__epoch_030__r-_G0__probes__f32.jsonl,recalibrated
gaussian_postrelu,0,0.225,0.475,3.241647216796875,3.221521240234375,maxmonstre/eval/grid__gaussian__seed0__epoch_030__r-_G0__probes__f32.jsonl,recalibrated
gaussian_postrelu,0,0.225,0.5,3.36237841796875,3.33900634765625,maxmonstre/eval/grid__gaussian__seed0__epoch_030__r-_G0__probes__f32.jsonl,recalibrated
gaussian_postrelu,0,0.25,-0.5,2.8406048583984376,2.90093310546875,maxmonstre/eval/grid__gaussian__seed0__epoch_030__r-_G0__probes__f32.jsonl,recalibrated
gaussian_postrelu,0,0.25,-0.475,2.755068359375,2.8045572509765626,maxmonstre/eval/grid__gaussian__seed0__epoch_030__r-_G0__probes__f32.jsonl,recalibrated
gaussian_postrelu,0,0.25,-0.45,2.6681331787109377,2.7051358642578127,maxmonstre/eval/grid__gaussian__seed0__epoch_030__r-_G0__probes__f32.jsonl,recalibrated
gaussian_postrelu,0,0.25,-0.425,2.577713256835937,2.608658935546875,maxmonstre/eval/grid__gaussian__seed0__epoch_030__r-_G0__probes__f32.jsonl,recalibrated
gaussian_postrelu,0,0.25,-0.4,2.484151123046875,2.50828515625,maxmonstre/eval/grid__gaussian__seed0__epoch_030__r-_G0__probes__f32.jsonl,recalibrated
gaussian_postrelu,0,0.25,-0.375,2.388871337890625,2.413448120117188,maxmonstre/eval/grid__gaussian__seed0__epoch_030__r-_G0__probes__f32.jsonl,recalibrated
gaussian_postrelu,0,0.25,-0.35,2.2878848876953124,2.317145263671875,maxmonstre/eval/grid__gaussian__seed0__epoch_030__r-_G0__probes__f32.jsonl,recalibrated
gaussian_postrelu,0,0.25,-0.325,2.181684814453125,2.2182001953125,maxmonstre/eval/grid__gaussian__seed0__epoch_030__r-_G0__probes__f32.jsonl,recalibrated
gaussian_postrelu,0,0.25,-0.3,2.081428466796875,2.122867919921875,maxmonstre/eval/grid__gaussian__seed0__epoch_030__r-_G0__probes__f32.jsonl,recalibrated
gaussian_postrelu,0,0.25,-0.275,1.9843335571289065,2.03439697265625,maxmonstre/eval/grid__gaussian__seed0__epoch_030__r-_G0__probes__f32.jsonl,recalibrated
gaussian_postrelu,0,0.25,-0.25,1.896400634765625,1.941953979492188,v2/surfaces.csv,recalibrated
gaussian_postrelu,0,0.25,-0.225,1.817318359375,1.853323425292969,v2/surfaces.csv,recalibrated
gaussian_postrelu,0,0.25,-0.2,1.7416878051757811,1.7750465087890626,v2/surfaces.csv,recalibrated
gaussian_postrelu,0,0.25,-0.175,1.6726957397460938,1.7124268798828124,v2/surfaces.csv,recalibrated
gaussian_postrelu,0,0.25,-0.15,1.6150702514648438,1.6553628540039065,v2/surfaces.csv,recalibrated
gaussian_postrelu,0,0.25,-0.125,1.5614013061523435,1.6097490234375,v2/surfaces.csv,recalibrated
gaussian_postrelu,0,0.25,-0.1,1.5210555419921874,1.5718203125,v2/surfaces.csv,recalibrated
gaussian_postrelu,0,0.25,-0.075,1.486313720703125,1.5419434814453126,v2/surfaces.csv,recalibrated
gaussian_postrelu,0,0.25,-0.05,1.46008837890625,1.5249228515625,v2/surfaces.csv,recalibrated
gaussian_postrelu,0,0.25,-0.025,1.4449478759765626,1.517414794921875,v2/surfaces.csv,recalibrated
gaussian_postrelu,0,0.25,0.0,1.4474158935546877,1.5191149291992188,v2/surfaces.csv,recalibrated
gaussian_postrelu,0,0.25,0.025,1.4612862548828125,1.534498779296875,v2/surfaces.csv,recalibrated
gaussian_postrelu,0,0.25,0.05,1.481388427734375,1.5667838745117189,v2/surfaces.csv,recalibrated
gaussian_postrelu,0,0.25,0.075,1.516139404296875,1.61244921875,v2/surfaces.csv,recalibrated
gaussian_postrelu,0,0.25,0.1,1.5628119506835938,1.6685144653320312,v2/surfaces.csv,recalibrated
gaussian_postrelu,0,0.25,0.125,1.6210416259765623,1.7336180419921876,v2/surfaces.csv,recalibrated
gaussian_postrelu,0,0.25,0.15,1.687495300292969,1.80064794921875,v2/surfaces.csv,recalibrated
gaussian_postrelu,0,0.25,0.175,1.763521484375,1.8746103515625,v2/surfaces.csv,recalibrated
gaussian_postrelu,0,0.25,0.2,1.8545494995117189,1.954777893066406,v2/surfaces.csv,recalibrated
gaussian_postrelu,0,0.25,0.225,1.9619298706054689,2.040804138183594,v2/surfaces.csv,recalibrated
gaussian_postrelu,0,0.25,0.25,2.076563659667969,2.13569970703125,v2/surfaces.csv,recalibrated
gaussian_postrelu,0,0.25,0.275,2.202294677734375,2.2428092041015626,maxmonstre/eval/grid__gaussian__seed0__epoch_030__r-_G0__probes__f32.jsonl,recalibrated
gaussian_postrelu,0,0.25,0.3,2.33861474609375,2.35924072265625,maxmonstre/eval/grid__gaussian__seed0__epoch_030__r-_G0__probes__f32.jsonl,recalibrated
gaussian_postrelu,0,0.25,0.325,2.482985595703125,2.4812791748046874,maxmonstre/eval/grid__gaussian__seed0__epoch_030__r-_G0__probes__f32.jsonl,recalibrated
gaussian_postrelu,0,0.25,0.35,2.629248779296875,2.6077225341796875,maxmonstre/eval/grid__gaussian__seed0__epoch_030__r-_G0__probes__f32.jsonl,recalibrated
gaussian_postrelu,0,0.25,0.375,2.7708778076171874,2.7435133056640626,maxmonstre/eval/grid__gaussian__seed0__epoch_030__r-_G0__probes__f32.jsonl,recalibrated
gaussian_postrelu,0,0.25,0.4,2.9107542724609377,2.885716552734375,maxmonstre/eval/grid__gaussian__seed0__epoch_030__r-_G0__probes__f32.jsonl,recalibrated
gaussian_postrelu,0,0.25,0.425,3.05005810546875,3.025695068359375,maxmonstre/eval/grid__gaussian__seed0__epoch_030__r-_G0__probes__f32.jsonl,recalibrated
gaussian_postrelu,0,0.25,0.45,3.180283935546875,3.1577747802734377,maxmonstre/eval/grid__gaussian__seed0__epoch_030__r-_G0__probes__f32.jsonl,recalibrated
gaussian_postrelu,0,0.25,0.475,3.3012330322265626,3.283124267578125,maxmonstre/eval/grid__gaussian__seed0__epoch_030__r-_G0__probes__f32.jsonl,recalibrated
gaussian_postrelu,0,0.25,0.5,3.4157064208984376,3.4002900390625,maxmonstre/eval/grid__gaussian__seed0__epoch_030__r-_G0__probes__f32.jsonl,recalibrated
gaussian_postrelu,0,0.275,-0.5,2.901184448242188,2.954686767578125,maxmonstre/eval/grid__gaussian__seed0__epoch_030__r-_G0__probes__f32.jsonl,recalibrated
gaussian_postrelu,0,0.275,-0.475,2.8244473876953125,2.8654381103515627,maxmonstre/eval/grid__gaussian__seed0__epoch_030__r-_G0__probes__f32.jsonl,recalibrated
gaussian_postrelu,0,0.275,-0.45,2.74477587890625,2.774929443359375,maxmonstre/eval/grid__gaussian__seed0__epoch_030__r-_G0__probes__f32.jsonl,recalibrated
gaussian_postrelu,0,0.275,-0.425,2.65847265625,2.686735107421875,maxmonstre/eval/grid__gaussian__seed0__epoch_030__r-_G0__probes__f32.jsonl,recalibrated
gaussian_postrelu,0,0.275,-0.4,2.5661739501953127,2.595756591796875,maxmonstre/eval/grid__gaussian__seed0__epoch_030__r-_G0__probes__f32.jsonl,recalibrated
gaussian_postrelu,0,0.275,-0.375,2.473923706054688,2.507570678710937,maxmonstre/eval/grid__gaussian__seed0__epoch_030__r-_G0__probes__f32.jsonl,recalibrated
gaussian_postrelu,0,0.275,-0.35,2.377945068359375,2.41846923828125,maxmonstre/eval/grid__gaussian__seed0__epoch_030__r-_G0__probes__f32.jsonl,recalibrated
gaussian_postrelu,0,0.275,-0.325,2.2851217041015626,2.3301065673828125,maxmonstre/eval/grid__gaussian__seed0__epoch_030__r-_G0__probes__f32.jsonl,recalibrated
gaussian_postrelu,0,0.275,-0.3,2.195484619140625,2.25123388671875,maxmonstre/eval/grid__gaussian__seed0__epoch_030__r-_G0__probes__f32.jsonl,recalibrated
gaussian_postrelu,0,0.275,-0.275,2.11273828125,2.1708753662109377,maxmonstre/eval/grid__gaussian__seed0__epoch_030__r-_G0__probes__f32.jsonl,recalibrated
gaussian_postrelu,0,0.275,-0.25,2.0346359252929687,2.0850992431640627,maxmonstre/eval/grid__gaussian__seed0__epoch_030__r-_G0__probes__f32.jsonl,recalibrated
gaussian_postrelu,0,0.275,-0.225,1.9644400634765624,2.006280395507813,maxmonstre/eval/grid__gaussian__seed0__epoch_030__r-_G0__probes__f32.jsonl,recalibrated
gaussian_postrelu,0,0.275,-0.2,1.9019263305664065,1.9387992553710935,maxmonstre/eval/grid__gaussian__seed0__epoch_030__r-_G0__probes__f32.jsonl,recalibrated
gaussian_postrelu,0,0.275,-0.175,1.8414576416015624,1.8744400634765623,maxmonstre/eval/grid__gaussian__seed0__epoch_030__r-_G0__probes__f32.jsonl,recalibrated
gaussian_postrelu,0,0.275,-0.15,1.78910791015625,1.8205791015625,maxmonstre/eval/grid__gaussian__seed0__epoch_030__r-_G0__probes__f32.jsonl,recalibrated
gaussian_postrelu,0,0.275,-0.125,1.743403076171875,1.77392822265625,maxmonstre/eval/grid__gaussian__seed0__epoch_030__r-_G0__probes__f32.jsonl,recalibrated
gaussian_postrelu,0,0.275,-0.1,1.7019740600585938,1.7377960815429687,maxmonstre/eval/grid__gaussian__seed0__epoch_030__r-_G0__probes__f32.jsonl,recalibrated
gaussian_postrelu,0,0.275,-0.075,1.6676126098632813,1.7118221435546874,maxmonstre/eval/grid__gaussian__seed0__epoch_030__r-_G0__probes__f32.jsonl,recalibrated
gaussian_postrelu,0,0.275,-0.05,1.6429413452148438,1.6916842651367188,maxmonstre/eval/grid__gaussian__seed0__epoch_030__r-_G0__probes__f32.jsonl,recalibrated
gaussian_postrelu,0,0.275,-0.025,1.6316461791992187,1.6884172973632812,maxmonstre/eval/grid__gaussian__seed0__epoch_030__r-_G0__probes__f32.jsonl,recalibrated
gaussian_postrelu,0,0.275,0.0,1.6347940673828123,1.6947069702148438,maxmonstre/eval/grid__gaussian__seed0__epoch_030__r-_G0__probes__f32.jsonl,recalibrated
gaussian_postrelu,0,0.275,0.025,1.646260009765625,1.7130625,maxmonstre/eval/grid__gaussian__seed0__epoch_030__r-_G0__probes__f32.jsonl,recalibrated
gaussian_postrelu,0,0.275,0.05,1.66661181640625,1.7427840576171876,maxmonstre/eval/grid__gaussian__seed0__epoch_030__r-_G0__probes__f32.jsonl,recalibrated
gaussian_postrelu,0,0.275,0.075,1.700568603515625,1.7904624633789064,maxmonstre/eval/grid__gaussian__seed0__epoch_030__r-_G0__probes__f32.jsonl,recalibrated
gaussian_postrelu,0,0.275,0.1,1.748668701171875,1.8445118408203125,maxmonstre/eval/grid__gaussian__seed0__epoch_030__r-_G0__probes__f32.jsonl,recalibrated
gaussian_postrelu,0,0.275,0.125,1.8035498657226563,1.90335986328125,maxmonstre/eval/grid__gaussian__seed0__epoch_030__r-_G0__probes__f32.jsonl,recalibrated
gaussian_postrelu,0,0.275,0.15,1.8651461791992188,1.9680084228515624,maxmonstre/eval/grid__gaussian__seed0__epoch_030__r-_G0__probes__f32.jsonl,recalibrated
gaussian_postrelu,0,0.275,0.175,1.9323834838867189,2.040585876464844,maxmonstre/eval/grid__gaussian__seed0__epoch_030__r-_G0__probes__f32.jsonl,recalibrated
gaussian_postrelu,0,0.275,0.2,2.0159119262695318,2.1160225830078123,maxmonstre/eval/grid__gaussian__seed0__epoch_030__r-_G0__probes__f32.jsonl,recalibrated
gaussian_postrelu,0,0.275,0.225,2.112368225097656,2.196826171875,maxmonstre/eval/grid__gaussian__seed0__epoch_030__r-_G0__probes__f32.jsonl,recalibrated
gaussian_postrelu,0,0.275,0.25,2.22117333984375,2.277153564453125,maxmonstre/eval/grid__gaussian__seed0__epoch_030__r-_G0__probes__f32.jsonl,recalibrated
gaussian_postrelu,0,0.275,0.275,2.3370748291015624,2.369373779296875,maxmonstre/eval/grid__gaussian__seed0__epoch_030__r-_G0__probes__f32.jsonl,recalibrated
gaussian_postrelu,0,0.275,0.3,2.462960693359375,2.472443359375,maxmonstre/eval/grid__gaussian__seed0__epoch_030__r-_G0__probes__f32.jsonl,recalibrated
gaussian_postrelu,0,0.275,0.325,2.5935394287109377,2.588146728515625,maxmonstre/eval/grid__gaussian__seed0__epoch_030__r-_G0__probes__f32.jsonl,recalibrated
gaussian_postrelu,0,0.275,0.35,2.7288692626953126,2.708618408203125,maxmonstre/eval/grid__gaussian__seed0__epoch_030__r-_G0__probes__f32.jsonl,recalibrated
gaussian_postrelu,0,0.275,0.375,2.864845947265625,2.832365112304688,maxmonstre/eval/grid__gaussian__seed0__epoch_030__r-_G0__probes__f32.jsonl,recalibrated
gaussian_postrelu,0,0.275,0.4,2.9915362548828126,2.963091064453125,maxmonstre/eval/grid__gaussian__seed0__epoch_030__r-_G0__probes__f32.jsonl,recalibrated
gaussian_postrelu,0,0.275,0.425,3.117582275390625,3.090996337890625,maxmonstre/eval/grid__gaussian__seed0__epoch_030__r-_G0__probes__f32.jsonl,recalibrated
gaussian_postrelu,0,0.275,0.45,3.2399345703125,3.212857177734375,maxmonstre/eval/grid__gaussian__seed0__epoch_030__r-_G0__probes__f32.jsonl,recalibrated
gaussian_postrelu,0,0.275,0.475,3.355487060546875,3.3345078125,maxmonstre/eval/grid__gaussian__seed0__epoch_030__r-_G0__probes__f32.jsonl,recalibrated
gaussian_postrelu,0,0.275,0.5,3.4622349853515626,3.449224853515625,maxmonstre/eval/grid__gaussian__seed0__epoch_030__r-_G0__probes__f32.jsonl,recalibrated
gaussian_postrelu,0,0.3,-0.5,2.9602088623046874,3.0154620361328126,maxmonstre/eval/grid__gaussian__seed0__epoch_030__r-_G0__probes__f32.jsonl,recalibrated
gaussian_postrelu,0,0.3,-0.475,2.891386596679688,2.93258740234375,maxmonstre/eval/grid__gaussian__seed0__epoch_030__r-_G0__probes__f32.jsonl,recalibrated
gaussian_postrelu,0,0.3,-0.45,2.8180045166015626,2.848195068359375,maxmonstre/eval/grid__gaussian__seed0__epoch_030__r-_G0__probes__f32.jsonl,recalibrated
gaussian_postrelu,0,0.3,-0.425,2.73491259765625,2.765564697265625,maxmonstre/eval/grid__gaussian__seed0__epoch_030__r-_G0__probes__f32.jsonl,recalibrated
gaussian_postrelu,0,0.3,-0.4,2.64787646484375,2.6821778564453127,maxmonstre/eval/grid__gaussian__seed0__epoch_030__r-_G0__probes__f32.jsonl,recalibrated
gaussian_postrelu,0,0.3,-0.375,2.561234130859375,2.600303588867188,maxmonstre/eval/grid__gaussian__seed0__epoch_030__r-_G0__probes__f32.jsonl,recalibrated
gaussian_postrelu,0,0.3,-0.35,2.476590087890625,2.5255760498046875,maxmonstre/eval/grid__gaussian__seed0__epoch_030__r-_G0__probes__f32.jsonl,recalibrated
gaussian_postrelu,0,0.3,-0.325,2.3956494140625,2.456686279296875,maxmonstre/eval/grid__gaussian__seed0__epoch_030__r-_G0__probes__f32.jsonl,recalibrated
gaussian_postrelu,0,0.3,-0.3,2.3147353515625,2.387269287109375,maxmonstre/eval/grid__gaussian__seed0__epoch_030__r-_G0__probes__f32.jsonl,recalibrated
gaussian_postrelu,0,0.3,-0.275,2.24304150390625,2.3141492919921878,maxmonstre/eval/grid__gaussian__seed0__epoch_030__r-_G0__probes__f32.jsonl,recalibrated
gaussian_postrelu,0,0.3,-0.25,2.17712451171875,2.240458251953125,maxmonstre/eval/grid__gaussian__seed0__epoch_030__r-_G0__probes__f32.jsonl,recalibrated
gaussian_postrelu,0,0.3,-0.225,2.11841357421875,2.170221923828125,maxmonstre/eval/grid__gaussian__seed0__epoch_030__r-_G0__probes__f32.jsonl,recalibrated
gaussian_postrelu,0,0.3,-0.2,2.0629425048828125,2.1028575439453125,maxmonstre/eval/grid__gaussian__seed0__epoch_030__r-_G0__probes__f32.jsonl,recalibrated
gaussian_postrelu,0,0.3,-0.175,2.0112122802734373,2.0351334838867188,maxmonstre/eval/grid__gaussian__seed0__epoch_030__r-_G0__probes__f32.jsonl,recalibrated
gaussian_postrelu,0,0.3,-0.15,1.962884033203125,1.9785982055664064,maxmonstre/eval/grid__gaussian__seed0__epoch_030__r-_G0__probes__f32.jsonl,recalibrated
gaussian_postrelu,0,0.3,-0.125,1.9191061401367189,1.9351195068359373,maxmonstre/eval/grid__gaussian__seed0__epoch_030__r-_G0__probes__f32.jsonl,recalibrated
gaussian_postrelu,0,0.3,-0.1,1.8806782836914064,1.905019775390625,maxmonstre/eval/grid__gaussian__seed0__epoch_030__r-_G0__probes__f32.jsonl,recalibrated
gaussian_postrelu,0,0.3,-0.075,1.8498401489257807,1.881247924804688,maxmonstre/eval/grid__gaussian__seed0__epoch_030__r-_G0__probes__f32.jsonl,recalibrated
gaussian_postrelu,0,0.3,-0.05,1.8285076904296875,1.867677001953125,maxmonstre/eval/grid__gaussian__seed0__epoch_030__r-_G0__probes__f32.jsonl,recalibrated
gaussian_postrelu,0,0.3,-0.025,1.818289001464844,1.8673849487304688,maxmonstre/eval/grid__gaussian__seed0__epoch_030__r-_G0__probes__f32.jsonl,recalibrated
gaussian_postrelu,0,0.3,0.0,1.825645446777344,1.8807210693359373,maxmonstre/eval/grid__gaussian__seed0__epoch_030__r-_G0__probes__f32.jsonl,recalibrated
gaussian_postrelu,0,0.3,0.025,1.8404382934570316,1.9031187133789065,maxmonstre/eval/grid__gaussian__seed0__epoch_030__r-_G0__probes__f32.jsonl,recalibrated
gaussian_postrelu,0,0.3,0.05,1.8617357177734373,1.9298189697265624,maxmonstre/eval/grid__gaussian__seed0__epoch_030__r-_G0__probes__f32.jsonl,recalibrated
gaussian_postrelu,0,0.3,0.075,1.894373413085937,1.9724821166992188,maxmonstre/eval/grid__gaussian__seed0__epoch_030__r-_G0__probes__f32.jsonl,recalibrated
gaussian_postrelu,0,0.3,0.1,1.9401180419921875,2.0262645263671875,maxmonstre/eval/grid__gaussian__seed0__epoch_030__r-_G0__probes__f32.jsonl,recalibrated
gaussian_postrelu,0,0.3,0.125,1.993203857421875,2.0775557861328124,maxmonstre/eval/grid__gaussian__seed0__epoch_030__r-_G0__probes__f32.jsonl,recalibrated
gaussian_postrelu,0,0.3,0.15,2.0518221435546877,2.136745849609375,maxmonstre/eval/grid__gaussian__seed0__epoch_030__r-_G0__probes__f32.jsonl,recalibrated
gaussian_postrelu,0,0.3,0.175,2.111082763671875,2.202769897460937,maxmonstre/eval/grid__gaussian__seed0__epoch_030__r-_G0__probes__f32.jsonl,recalibrated
gaussian_postrelu,0,0.3,0.2,2.1822579345703126,2.2718016357421877,maxmonstre/eval/grid__gaussian__seed0__epoch_030__r-_G0__probes__f32.jsonl,recalibrated
gaussian_postrelu,0,0.3,0.225,2.265263671875,2.346948120117188,maxmonstre/eval/grid__gaussian__seed0__epoch_030__r-_G0__probes__f32.jsonl,recalibrated
gaussian_postrelu,0,0.3,0.25,2.3676558837890624,2.4239444580078127,maxmonstre/eval/grid__gaussian__seed0__epoch_030__r-_G0__probes__f32.jsonl,recalibrated
gaussian_postrelu,0,0.3,0.275,2.4767410888671875,2.5017999267578124,maxmonstre/eval/grid__gaussian__seed0__epoch_030__r-_G0__probes__f32.jsonl,recalibrated
gaussian_postrelu,0,0.3,0.3,2.5922613525390625,2.5947579345703127,maxmonstre/eval/grid__gaussian__seed0__epoch_030__r-_G0__probes__f32.jsonl,recalibrated
gaussian_postrelu,0,0.3,0.325,2.711023681640625,2.698504150390625,maxmonstre/eval/grid__gaussian__seed0__epoch_030__r-_G0__probes__f32.jsonl,recalibrated
gaussian_postrelu,0,0.3,0.35,2.834291015625,2.807826904296875,maxmonstre/eval/grid__gaussian__seed0__epoch_030__r-_G0__probes__f32.jsonl,recalibrated
gaussian_postrelu,0,0.3,0.375,2.9592196044921875,2.927040771484375,maxmonstre/eval/grid__gaussian__seed0__epoch_030__r-_G0__probes__f32.jsonl,recalibrated
gaussian_postrelu,0,0.3,0.4,3.078009033203125,3.0467034912109376,maxmonstre/eval/grid__gaussian__seed0__epoch_030__r-_G0__probes__f32.jsonl,recalibrated
gaussian_postrelu,0,0.3,0.425,3.1931077880859373,3.164185424804688,maxmonstre/eval/grid__gaussian__seed0__epoch_030__r-_G0__probes__f32.jsonl,recalibrated
gaussian_postrelu,0,0.3,0.45,3.3059149169921875,3.2798017578125,maxmonstre/eval/grid__gaussian__seed0__epoch_030__r-_G0__probes__f32.jsonl,recalibrated
gaussian_postrelu,0,0.3,0.475,3.4122967529296875,3.389838623046875,maxmonstre/eval/grid__gaussian__seed0__epoch_030__r-_G0__probes__f32.jsonl,recalibrated
gaussian_postrelu,0,0.3,0.5,3.510271728515625,3.4997435302734377,maxmonstre/eval/grid__gaussian__seed0__epoch_030__r-_G0__probes__f32.jsonl,recalibrated
gaussian_postrelu,0,0.325,-0.5,3.0191380615234373,3.081869873046875,maxmonstre/eval/grid__gaussian__seed0__epoch_030__r-_G0__probes__f32.jsonl,recalibrated
gaussian_postrelu,0,0.325,-0.475,2.953915771484375,3.0008427734375,maxmonstre/eval/grid__gaussian__seed0__epoch_030__r-_G0__probes__f32.jsonl,recalibrated
gaussian_postrelu,0,0.325,-0.45,2.888239990234375,2.92350634765625,maxmonstre/eval/grid__gaussian__seed0__epoch_030__r-_G0__probes__f32.jsonl,recalibrated
gaussian_postrelu,0,0.325,-0.425,2.8112791748046875,2.84660400390625,maxmonstre/eval/grid__gaussian__seed0__epoch_030__r-_G0__probes__f32.jsonl,recalibrated
gaussian_postrelu,0,0.325,-0.4,2.7315887451171874,2.77142822265625,maxmonstre/eval/grid__gaussian__seed0__epoch_030__r-_G0__probes__f32.jsonl,recalibrated
gaussian_postrelu,0,0.325,-0.375,2.6551566162109377,2.699364013671875,maxmonstre/eval/grid__gaussian__seed0__epoch_030__r-_G0__probes__f32.jsonl,recalibrated
gaussian_postrelu,0,0.325,-0.35,2.580392333984375,2.6419600830078127,maxmonstre/eval/grid__gaussian__seed0__epoch_030__r-_G0__probes__f32.jsonl,recalibrated
gaussian_postrelu,0,0.325,-0.325,2.5068095703125,2.5891651611328124,maxmonstre/eval/grid__gaussian__seed0__epoch_030__r-_G0__probes__f32.jsonl,recalibrated
gaussian_postrelu,0,0.325,-0.3,2.440609252929688,2.5272158203125,maxmonstre/eval/grid__gaussian__seed0__epoch_030__r-_G0__probes__f32.jsonl,recalibrated
gaussian_postrelu,0,0.325,-0.275,2.377685302734375,2.461321533203125,maxmonstre/eval/grid__gaussian__seed0__epoch_030__r-_G0__probes__f32.jsonl,recalibrated
gaussian_postrelu,0,0.325,-0.25,2.324279541015625,2.3957164306640624,maxmonstre/eval/grid__gaussian__seed0__epoch_030__r-_G0__probes__f32.jsonl,recalibrated
gaussian_postrelu,0,0.325,-0.225,2.274969482421875,2.3282041015625,maxmonstre/eval/grid__gaussian__seed0__epoch_030__r-_G0__probes__f32.jsonl,recalibrated
gaussian_postrelu,0,0.325,-0.2,2.226826171875,2.258661376953125,maxmonstre/eval/grid__gaussian__seed0__epoch_030__r-_G0__probes__f32.jsonl,recalibrated
gaussian_postrelu,0,0.325,-0.175,2.1786273193359373,2.1934453125,maxmonstre/eval/grid__gaussian__seed0__epoch_030__r-_G0__probes__f32.jsonl,recalibrated
gaussian_postrelu,0,0.325,-0.15,2.1352308349609377,2.140343505859375,maxmonstre/eval/grid__gaussian__seed0__epoch_030__r-_G0__probes__f32.jsonl,recalibrated
gaussian_postrelu,0,0.325,-0.125,2.092779296875,2.104060546875,maxmonstre/eval/grid__gaussian__seed0__epoch_030__r-_G0__probes__f32.jsonl,recalibrated
gaussian_postrelu,0,0.325,-0.1,2.059007507324219,2.075791259765625,maxmonstre/eval/grid__gaussian__seed0__epoch_030__r-_G0__probes__f32.jsonl,recalibrated
gaussian_postrelu,0,0.325,-0.075,2.033832275390625,2.053613159179688,maxmonstre/eval/grid__gaussian__seed0__epoch_030__r-_G0__probes__f32.jsonl,recalibrated
gaussian_postrelu,0,0.325,-0.05,2.0164246826171874,2.046884765625,maxmonstre/eval/grid__gaussian__seed0__epoch_030__r-_G0__probes__f32.jsonl,recalibrated
gaussian_postrelu,0,0.325,-0.025,2.009018432617188,2.051282775878906,maxmonstre/eval/grid__gaussian__seed0__epoch_030__r-_G0__probes__f32.jsonl,recalibrated
gaussian_postrelu,0,0.325,0.0,2.0191181640625,2.0699388427734373,maxmonstre/eval/grid__gaussian__seed0__epoch_030__r-_G0__probes__f32.jsonl,recalibrated
gaussian_postrelu,0,0.325,0.025,2.035511962890625,2.0956083984375,maxmonstre/eval/grid__gaussian__seed0__epoch_030__r-_G0__probes__f32.jsonl,recalibrated
gaussian_postrelu,0,0.325,0.05,2.056453125,2.122938354492188,maxmonstre/eval/grid__gaussian__seed0__epoch_030__r-_G0__probes__f32.jsonl,recalibrated
gaussian_postrelu,0,0.325,0.075,2.0898243408203125,2.16214013671875,maxmonstre/eval/grid__gaussian__seed0__epoch_030__r-_G0__probes__f32.jsonl,recalibrated
gaussian_postrelu,0,0.325,0.1,2.1305244140625,2.21055517578125,maxmonstre/eval/grid__gaussian__seed0__epoch_030__r-_G0__probes__f32.jsonl,recalibrated
gaussian_postrelu,0,0.325,0.125,2.181784423828125,2.257070556640625,maxmonstre/eval/grid__gaussian__seed0__epoch_030__r-_G0__probes__f32.jsonl,recalibrated
gaussian_postrelu,0,0.325,0.15,2.238763671875,2.30723193359375,maxmonstre/eval/grid__gaussian__seed0__epoch_030__r-_G0__probes__f32.jsonl,recalibrated
gaussian_postrelu,0,0.325,0.175,2.29851171875,2.3686539306640624,maxmonstre/eval/grid__gaussian__seed0__epoch_030__r-_G0__probes__f32.jsonl,recalibrated
gaussian_postrelu,0,0.325,0.2,2.35662548828125,2.430206298828125,maxmonstre/eval/grid__gaussian__seed0__epoch_030__r-_G0__probes__f32.jsonl,recalibrated
gaussian_postrelu,0,0.325,0.225,2.425407958984375,2.4973004150390623,maxmonstre/eval/grid__gaussian__seed0__epoch_030__r-_G0__probes__f32.jsonl,recalibrated
gaussian_postrelu,0,0.325,0.25,2.5092642822265625,2.565401123046875,maxmonstre/eval/grid__gaussian__seed0__epoch_030__r-_G0__probes__f32.jsonl,recalibrated
gaussian_postrelu,0,0.325,0.275,2.616667236328125,2.638093994140625,maxmonstre/eval/grid__gaussian__seed0__epoch_030__r-_G0__probes__f32.jsonl,recalibrated
gaussian_postrelu,0,0.325,0.3,2.721160888671875,2.720385620117188,maxmonstre/eval/grid__gaussian__seed0__epoch_030__r-_G0__probes__f32.jsonl,recalibrated
gaussian_postrelu,0,0.325,0.325,2.8247650146484373,2.812926635742188,maxmonstre/eval/grid__gaussian__seed0__epoch_030__r-_G0__probes__f32.jsonl,recalibrated
gaussian_postrelu,0,0.325,0.35,2.9355478515625,2.91568115234375,maxmonstre/eval/grid__gaussian__seed0__epoch_030__r-_G0__probes__f32.jsonl,recalibrated
gaussian_postrelu,0,0.325,0.375,3.04936767578125,3.02292822265625,maxmonstre/eval/grid__gaussian__seed0__epoch_030__r-_G0__probes__f32.jsonl,recalibrated
gaussian_postrelu,0,0.325,0.4,3.15904296875,3.1316429443359377,maxmonstre/eval/grid__gaussian__seed0__epoch_030__r-_G0__probes__f32.jsonl,recalibrated
gaussian_postrelu,0,0.325,0.425,3.270243896484375,3.2426444091796878,maxmonstre/eval/grid__gaussian__seed0__epoch_030__r-_G0__probes__f32.jsonl,recalibrated
gaussian_postrelu,0,0.325,0.45,3.37679296875,3.34947412109375,maxmonstre/eval/grid__gaussian__seed0__epoch_030__r-_G0__probes__f32.jsonl,recalibrated
gaussian_postrelu,0,0.325,0.475,3.478633666992188,3.45086865234375,maxmonstre/eval/grid__gaussian__seed0__epoch_030__r-_G0__probes__f32.jsonl,recalibrated
gaussian_postrelu,0,0.325,0.5,3.56743994140625,3.555588500976562,maxmonstre/eval/grid__gaussian__seed0__epoch_030__r-_G0__probes__f32.jsonl,recalibrated
gaussian_postrelu,0,0.35,-0.5,3.084244873046875,3.146741455078125,maxmonstre/eval/grid__gaussian__seed0__epoch_030__r-_G0__probes__f32.jsonl,recalibrated
gaussian_postrelu,0,0.35,-0.475,3.020602416992188,3.07450341796875,maxmonstre/eval/grid__gaussian__seed0__epoch_030__r-_G0__probes__f32.jsonl,recalibrated
gaussian_postrelu,0,0.35,-0.45,2.95497216796875,3.00173828125,maxmonstre/eval/grid__gaussian__seed0__epoch_030__r-_G0__probes__f32.jsonl,recalibrated
gaussian_postrelu,0,0.35,-0.425,2.887110595703125,2.9312847900390624,maxmonstre/eval/grid__gaussian__seed0__epoch_030__r-_G0__probes__f32.jsonl,recalibrated
gaussian_postrelu,0,0.35,-0.4,2.8186121826171875,2.86707470703125,maxmonstre/eval/grid__gaussian__seed0__epoch_030__r-_G0__probes__f32.jsonl,recalibrated
gaussian_postrelu,0,0.35,-0.375,2.751123046875,2.8090452880859376,maxmonstre/eval/grid__gaussian__seed0__epoch_030__r-_G0__probes__f32.jsonl,recalibrated
gaussian_postrelu,0,0.35,-0.35,2.681352294921875,2.76314306640625,maxmonstre/eval/grid__gaussian__seed0__epoch_030__r-_G0__probes__f32.jsonl,recalibrated
gaussian_postrelu,0,0.35,-0.325,2.61908447265625,2.716019409179688,maxmonstre/eval/grid__gaussian__seed0__epoch_030__r-_G0__probes__f32.jsonl,recalibrated
gaussian_postrelu,0,0.35,-0.3,2.565842529296875,2.661383178710937,maxmonstre/eval/grid__gaussian__seed0__epoch_030__r-_G0__probes__f32.jsonl,recalibrated
gaussian_postrelu,0,0.35,-0.275,2.5155594482421875,2.6022352294921878,maxmonstre/eval/grid__gaussian__seed0__epoch_030__r-_G0__probes__f32.jsonl,recalibrated
gaussian_postrelu,0,0.35,-0.25,2.473572509765625,2.54254345703125,maxmonstre/eval/grid__gaussian__seed0__epoch_030__r-_G0__probes__f32.jsonl,recalibrated
gaussian_postrelu,0,0.35,-0.225,2.433946533203125,2.4776226806640627,maxmonstre/eval/grid__gaussian__seed0__epoch_030__r-_G0__probes__f32.jsonl,recalibrated
gaussian_postrelu,0,0.35,-0.2,2.39521630859375,2.4111273193359377,maxmonstre/eval/grid__gaussian__seed0__epoch_030__r-_G0__probes__f32.jsonl,recalibrated
gaussian_postrelu,0,0.35,-0.175,2.3516168212890625,2.352563720703125,maxmonstre/eval/grid__gaussian__seed0__epoch_030__r-_G0__probes__f32.jsonl,recalibrated
gaussian_postrelu,0,0.35,-0.15,2.309066650390625,2.30754541015625,maxmonstre/eval/grid__gaussian__seed0__epoch_030__r-_G0__probes__f32.jsonl,recalibrated
gaussian_postrelu,0,0.35,-0.125,2.27235595703125,2.27549365234375,maxmonstre/eval/grid__gaussian__seed0__epoch_030__r-_G0__probes__f32.jsonl,recalibrated
gaussian_postrelu,0,0.35,-0.1,2.2433973388671875,2.252677978515625,maxmonstre/eval/grid__gaussian__seed0__epoch_030__r-_G0__probes__f32.jsonl,recalibrated
gaussian_postrelu,0,0.35,-0.075,2.22329833984375,2.2351939697265624,maxmonstre/eval/grid__gaussian__seed0__epoch_030__r-_G0__probes__f32.jsonl,recalibrated
gaussian_postrelu,0,0.35,-0.05,2.2105875244140627,2.2299561767578124,maxmonstre/eval/grid__gaussian__seed0__epoch_030__r-_G0__probes__f32.jsonl,recalibrated
gaussian_postrelu,0,0.35,-0.025,2.20571630859375,2.238874877929688,maxmonstre/eval/grid__gaussian__seed0__epoch_030__r-_G0__probes__f32.jsonl,recalibrated
gaussian_postrelu,0,0.35,0.0,2.212914794921875,2.2577064208984376,maxmonstre/eval/grid__gaussian__seed0__epoch_030__r-_G0__probes__f32.jsonl,recalibrated
gaussian_postrelu,0,0.35,0.025,2.2315052490234377,2.2850540771484376,maxmonstre/eval/grid__gaussian__seed0__epoch_030__r-_G0__probes__f32.jsonl,recalibrated
gaussian_postrelu,0,0.35,0.05,2.251113159179688,2.31362548828125,maxmonstre/eval/grid__gaussian__seed0__epoch_030__r-_G0__probes__f32.jsonl,recalibrated
gaussian_postrelu,0,0.35,0.075,2.28471142578125,2.35393212890625,maxmonstre/eval/grid__gaussian__seed0__epoch_030__r-_G0__probes__f32.jsonl,recalibrated
gaussian_postrelu,0,0.35,0.1,2.324927612304688,2.399868041992188,maxmonstre/eval/grid__gaussian__seed0__epoch_030__r-_G0__probes__f32.jsonl,recalibrated
gaussian_postrelu,0,0.35,0.125,2.3716099853515624,2.444957885742188,maxmonstre/eval/grid__gaussian__seed0__epoch_030__r-_G0__probes__f32.jsonl,recalibrated
gaussian_postrelu,0,0.35,0.15,2.42515576171875,2.48639208984375,maxmonstre/eval/grid__gaussian__seed0__epoch_030__r-_G0__probes__f32.jsonl,recalibrated
gaussian_postrelu,0,0.35,0.175,2.479597412109375,2.537669189453125,maxmonstre/eval/grid__gaussian__seed0__epoch_030__r-_G0__probes__f32.jsonl,recalibrated
gaussian_postrelu,0,0.35,0.2,2.5332884521484376,2.59610546875,maxmonstre/eval/grid__gaussian__seed0__epoch_030__r-_G0__probes__f32.jsonl,recalibrated
gaussian_postrelu,0,0.35,0.225,2.591862060546875,2.65172802734375,maxmonstre/eval/grid__gaussian__seed0__epoch_030__r-_G0__probes__f32.jsonl,recalibrated
gaussian_postrelu,0,0.35,0.25,2.6616328125,2.711166015625,maxmonstre/eval/grid__gaussian__seed0__epoch_030__r-_G0__probes__f32.jsonl,recalibrated
gaussian_postrelu,0,0.35,0.275,2.749992919921875,2.77493115234375,maxmonstre/eval/grid__gaussian__seed0__epoch_030__r-_G0__probes__f32.jsonl,recalibrated
gaussian_postrelu,0,0.35,0.3,2.8505748291015625,2.8489151611328123,maxmonstre/eval/grid__gaussian__seed0__epoch_030__r-_G0__probes__f32.jsonl,recalibrated
gaussian_postrelu,0,0.35,0.325,2.944895751953125,2.9293892822265626,maxmonstre/eval/grid__gaussian__seed0__epoch_030__r-_G0__probes__f32.jsonl,recalibrated
gaussian_postrelu,0,0.35,0.35,3.0379051513671875,3.0244771728515625,maxmonstre/eval/grid__gaussian__seed0__epoch_030__r-_G0__probes__f32.jsonl,recalibrated
gaussian_postrelu,0,0.35,0.375,3.139675537109375,3.123939086914062,maxmonstre/eval/grid__gaussian__seed0__epoch_030__r-_G0__probes__f32.jsonl,recalibrated
gaussian_postrelu,0,0.35,0.4,3.237705078125,3.2201142578125,maxmonstre/eval/grid__gaussian__seed0__epoch_030__r-_G0__probes__f32.jsonl,recalibrated
gaussian_postrelu,0,0.35,0.425,3.343136474609375,3.320990234375,maxmonstre/eval/grid__gaussian__seed0__epoch_030__r-_G0__probes__f32.jsonl,recalibrated
gaussian_postrelu,0,0.35,0.45,3.44812109375,3.4226856689453125,maxmonstre/eval/grid__gaussian__seed0__epoch_030__r-_G0__probes__f32.jsonl,recalibrated
gaussian_postrelu,0,0.35,0.475,3.547310791015625,3.5198880615234374,maxmonstre/eval/grid__gaussian__seed0__epoch_030__r-_G0__probes__f32.jsonl,recalibrated
gaussian_postrelu,0,0.35,0.5,3.634779541015625,3.611008911132812,maxmonstre/eval/grid__gaussian__seed0__epoch_030__r-_G0__probes__f32.jsonl,recalibrated
gaussian_postrelu,0,0.375,-0.5,3.1552198486328127,3.2146181640625,maxmonstre/eval/grid__gaussian__seed0__epoch_030__r-_G0__probes__f32.jsonl,recalibrated
gaussian_postrelu,0,0.375,-0.475,3.0919635009765627,3.1472205810546874,maxmonstre/eval/grid__gaussian__seed0__epoch_030__r-_G0__probes__f32.jsonl,recalibrated
gaussian_postrelu,0,0.375,-0.45,3.03122705078125,3.0829600830078125,maxmonstre/eval/grid__gaussian__seed0__epoch_030__r-_G0__probes__f32.jsonl,recalibrated
gaussian_postrelu,0,0.375,-0.425,2.967636962890625,3.0227933349609377,maxmonstre/eval/grid__gaussian__seed0__epoch_030__r-_G0__probes__f32.jsonl,recalibrated
gaussian_postrelu,0,0.375,-0.4,2.907538940429688,2.969147216796875,maxmonstre/eval/grid__gaussian__seed0__epoch_030__r-_G0__probes__f32.jsonl,recalibrated
gaussian_postrelu,0,0.375,-0.375,2.8403902587890624,2.923047607421875,maxmonstre/eval/grid__gaussian__seed0__epoch_030__r-_G0__probes__f32.jsonl,recalibrated
gaussian_postrelu,0,0.375,-0.35,2.78011962890625,2.8817525634765624,maxmonstre/eval/grid__gaussian__seed0__epoch_030__r-_G0__probes__f32.jsonl,recalibrated
gaussian_postrelu,0,0.375,-0.325,2.735865478515625,2.8349493408203124,maxmonstre/eval/grid__gaussian__seed0__epoch_030__r-_G0__probes__f32.jsonl,recalibrated
gaussian_postrelu,0,0.375,-0.3,2.6941602783203127,2.785659545898437,maxmonstre/eval/grid__gaussian__seed0__epoch_030__r-_G0__probes__f32.jsonl,recalibrated
gaussian_postrelu,0,0.375,-0.275,2.651171142578125,2.73244677734375,maxmonstre/eval/grid__gaussian__seed0__epoch_030__r-_G0__probes__f32.jsonl,recalibrated
gaussian_postrelu,0,0.375,-0.25,2.618872924804688,2.676974243164062,maxmonstre/eval/grid__gaussian__seed0__epoch_030__r-_G0__probes__f32.jsonl,recalibrated
gaussian_postrelu,0,0.375,-0.225,2.5884468994140626,2.620556640625,maxmonstre/eval/grid__gaussian__seed0__epoch_030__r-_G0__probes__f32.jsonl,recalibrated
gaussian_postrelu,0,0.375,-0.2,2.556728515625,2.565082275390625,maxmonstre/eval/grid__gaussian__seed0__epoch_030__r-_G0__probes__f32.jsonl,recalibrated
gaussian_postrelu,0,0.375,-0.175,2.5200106201171875,2.51700439453125,maxmonstre/eval/grid__gaussian__seed0__epoch_030__r-_G0__probes__f32.jsonl,recalibrated
gaussian_postrelu,0,0.375,-0.15,2.4851395263671874,2.4798267822265627,maxmonstre/eval/grid__gaussian__seed0__epoch_030__r-_G0__probes__f32.jsonl,recalibrated
gaussian_postrelu,0,0.375,-0.125,2.455224365234375,2.45226318359375,maxmonstre/eval/grid__gaussian__seed0__epoch_030__r-_G0__probes__f32.jsonl,recalibrated
gaussian_postrelu,0,0.375,-0.1,2.435328857421875,2.4326529541015627,maxmonstre/eval/grid__gaussian__seed0__epoch_030__r-_G0__probes__f32.jsonl,recalibrated
gaussian_postrelu,0,0.375,-0.075,2.420924560546875,2.421039306640625,maxmonstre/eval/grid__gaussian__seed0__epoch_030__r-_G0__probes__f32.jsonl,recalibrated
gaussian_postrelu,0,0.375,-0.05,2.409810546875,2.4176005859375,maxmonstre/eval/grid__gaussian__seed0__epoch_030__r-_G0__probes__f32.jsonl,recalibrated
gaussian_postrelu,0,0.375,-0.025,2.40889111328125,2.4272386474609373,maxmonstre/eval/grid__gaussian__seed0__epoch_030__r-_G0__probes__f32.jsonl,recalibrated
gaussian_postrelu,0,0.375,0.0,2.415963745117188,2.44802392578125,maxmonstre/eval/grid__gaussian__seed0__epoch_030__r-_G0__probes__f32.jsonl,recalibrated
gaussian_postrelu,0,0.375,0.025,2.4294066162109376,2.4766077880859374,maxmonstre/eval/grid__gaussian__seed0__epoch_030__r-_G0__probes__f32.jsonl,recalibrated
gaussian_postrelu,0,0.375,0.05,2.450360229492188,2.5084390869140627,maxmonstre/eval/grid__gaussian__seed0__epoch_030__r-_G0__probes__f32.jsonl,recalibrated
gaussian_postrelu,0,0.375,0.075,2.481354370117188,2.5462822265625,maxmonstre/eval/grid__gaussian__seed0__epoch_030__r-_G0__probes__f32.jsonl,recalibrated
gaussian_postrelu,0,0.375,0.1,2.518724853515625,2.588673828125,maxmonstre/eval/grid__gaussian__seed0__epoch_030__r-_G0__probes__f32.jsonl,recalibrated
gaussian_postrelu,0,0.375,0.125,2.561431884765625,2.626477783203125,maxmonstre/eval/grid__gaussian__seed0__epoch_030__r-_G0__probes__f32.jsonl,recalibrated
gaussian_postrelu,0,0.375,0.15,2.60845947265625,2.664191650390625,maxmonstre/eval/grid__gaussian__seed0__epoch_030__r-_G0__probes__f32.jsonl,recalibrated
gaussian_postrelu,0,0.375,0.175,2.6581680908203125,2.70786083984375,maxmonstre/eval/grid__gaussian__seed0__epoch_030__r-_G0__probes__f32.jsonl,recalibrated
gaussian_postrelu,0,0.375,0.2,2.706194458007813,2.759080078125,maxmonstre/eval/grid__gaussian__seed0__epoch_030__r-_G0__probes__f32.jsonl,recalibrated
gaussian_postrelu,0,0.375,0.225,2.760326416015625,2.8078792724609376,maxmonstre/eval/grid__gaussian__seed0__epoch_030__r-_G0__probes__f32.jsonl,recalibrated
gaussian_postrelu,0,0.375,0.25,2.8223463134765625,2.860121948242188,maxmonstre/eval/grid__gaussian__seed0__epoch_030__r-_G0__probes__f32.jsonl,recalibrated
gaussian_postrelu,0,0.375,0.275,2.8918916015625,2.915134521484375,maxmonstre/eval/grid__gaussian__seed0__epoch_030__r-_G0__probes__f32.jsonl,recalibrated
gaussian_postrelu,0,0.375,0.3,2.976157470703125,2.9774169921875,maxmonstre/eval/grid__gaussian__seed0__epoch_030__r-_G0__probes__f32.jsonl,recalibrated
gaussian_postrelu,0,0.375,0.325,3.06818408203125,3.04816455078125,maxmonstre/eval/grid__gaussian__seed0__epoch_030__r-_G0__probes__f32.jsonl,recalibrated
gaussian_postrelu,0,0.375,0.35,3.149621337890625,3.13389111328125,maxmonstre/eval/grid__gaussian__seed0__epoch_030__r-_G0__probes__f32.jsonl,recalibrated
gaussian_postrelu,0,0.375,0.375,3.235145263671875,3.22653271484375,maxmonstre/eval/grid__gaussian__seed0__epoch_030__r-_G0__probes__f32.jsonl,recalibrated
gaussian_postrelu,0,0.375,0.4,3.327012939453125,3.3169320068359376,maxmonstre/eval/grid__gaussian__seed0__epoch_030__r-_G0__probes__f32.jsonl,recalibrated
gaussian_postrelu,0,0.375,0.425,3.421173583984375,3.4071124267578123,maxmonstre/eval/grid__gaussian__seed0__epoch_030__r-_G0__probes__f32.jsonl,recalibrated
gaussian_postrelu,0,0.375,0.45,3.5169991455078127,3.498099365234375,maxmonstre/eval/grid__gaussian__seed0__epoch_030__r-_G0__probes__f32.jsonl,recalibrated
gaussian_postrelu,0,0.375,0.475,3.613649291992187,3.590633666992188,maxmonstre/eval/grid__gaussian__seed0__epoch_030__r-_G0__probes__f32.jsonl,recalibrated
gaussian_postrelu,0,0.375,0.5,3.7039569091796873,3.6764339599609377,maxmonstre/eval/grid__gaussian__seed0__epoch_030__r-_G0__probes__f32.jsonl,recalibrated
gaussian_postrelu,0,0.4,-0.5,3.2229959716796874,3.2803172607421875,maxmonstre/eval/grid__gaussian__seed0__epoch_030__r-_G0__probes__f32.jsonl,recalibrated
gaussian_postrelu,0,0.4,-0.475,3.1653929443359377,3.2223209228515626,maxmonstre/eval/grid__gaussian__seed0__epoch_030__r-_G0__probes__f32.jsonl,recalibrated
gaussian_postrelu,0,0.4,-0.45,3.109598388671875,3.166708740234375,maxmonstre/eval/grid__gaussian__seed0__epoch_030__r-_G0__probes__f32.jsonl,recalibrated
gaussian_postrelu,0,0.4,-0.425,3.05265576171875,3.115557006835937,maxmonstre/eval/grid__gaussian__seed0__epoch_030__r-_G0__probes__f32.jsonl,recalibrated
gaussian_postrelu,0,0.4,-0.4,2.994986328125,3.071863159179688,maxmonstre/eval/grid__gaussian__seed0__epoch_030__r-_G0__probes__f32.jsonl,recalibrated
gaussian_postrelu,0,0.4,-0.375,2.9356492919921875,3.0271807861328126,maxmonstre/eval/grid__gaussian__seed0__epoch_030__r-_G0__probes__f32.jsonl,recalibrated
gaussian_postrelu,0,0.4,-0.35,2.887413330078125,2.9879605712890625,maxmonstre/eval/grid__gaussian__seed0__epoch_030__r-_G0__probes__f32.jsonl,recalibrated
gaussian_postrelu,0,0.4,-0.325,2.8536241455078124,2.948512939453125,maxmonstre/eval/grid__gaussian__seed0__epoch_030__r-_G0__probes__f32.jsonl,recalibrated
gaussian_postrelu,0,0.4,-0.3,2.8190660400390626,2.9042327880859373,maxmonstre/eval/grid__gaussian__seed0__epoch_030__r-_G0__probes__f32.jsonl,recalibrated
gaussian_postrelu,0,0.4,-0.275,2.78438330078125,2.8578095703125,maxmonstre/eval/grid__gaussian__seed0__epoch_030__r-_G0__probes__f32.jsonl,recalibrated
gaussian_postrelu,0,0.4,-0.25,2.762046752929688,2.812036865234375,maxmonstre/eval/grid__gaussian__seed0__epoch_030__r-_G0__probes__f32.jsonl,recalibrated
gaussian_postrelu,0,0.4,-0.225,2.7368736572265626,2.7643544921875,maxmonstre/eval/grid__gaussian__seed0__epoch_030__r-_G0__probes__f32.jsonl,recalibrated
gaussian_postrelu,0,0.4,-0.2,2.7113353271484373,2.716864013671875,maxmonstre/eval/grid__gaussian__seed0__epoch_030__r-_G0__probes__f32.jsonl,recalibrated
gaussian_postrelu,0,0.4,-0.175,2.684472412109375,2.679186401367188,maxmonstre/eval/grid__gaussian__seed0__epoch_030__r-_G0__probes__f32.jsonl,recalibrated
gaussian_postrelu,0,0.4,-0.15,2.662197998046875,2.6506182861328127,maxmonstre/eval/grid__gaussian__seed0__epoch_030__r-_G0__probes__f32.jsonl,recalibrated
gaussian_postrelu,0,0.4,-0.125,2.6425224609375,2.6300421142578125,maxmonstre/eval/grid__gaussian__seed0__epoch_030__r-_G0__probes__f32.jsonl,recalibrated
gaussian_postrelu,0,0.4,-0.1,2.627449951171875,2.6171326904296874,maxmonstre/eval/grid__gaussian__seed0__epoch_030__r-_G0__probes__f32.jsonl,recalibrated
gaussian_postrelu,0,0.4,-0.075,2.614439208984375,2.61008349609375,maxmonstre/eval/grid__gaussian__seed0__epoch_030__r-_G0__probes__f32.jsonl,recalibrated
gaussian_postrelu,0,0.4,-0.05,2.6080634765625,2.608969970703125,maxmonstre/eval/grid__gaussian__seed0__epoch_030__r-_G0__probes__f32.jsonl,recalibrated
gaussian_postrelu,0,0.4,-0.025,2.60899609375,2.620538330078125,maxmonstre/eval/grid__gaussian__seed0__epoch_030__r-_G0__probes__f32.jsonl,recalibrated
gaussian_postrelu,0,0.4,0.0,2.6179722900390625,2.640723510742188,maxmonstre/eval/grid__gaussian__seed0__epoch_030__r-_G0__probes__f32.jsonl,recalibrated
gaussian_postrelu,0,0.4,0.025,2.6302542724609377,2.6713568115234376,maxmonstre/eval/grid__gaussian__seed0__epoch_030__r-_G0__probes__f32.jsonl,recalibrated
gaussian_postrelu,0,0.4,0.05,2.6501585693359373,2.703293701171875,maxmonstre/eval/grid__gaussian__seed0__epoch_030__r-_G0__probes__f32.jsonl,recalibrated
gaussian_postrelu,0,0.4,0.075,2.679818603515625,2.7378291015625,maxmonstre/eval/grid__gaussian__seed0__epoch_030__r-_G0__probes__f32.jsonl,recalibrated
gaussian_postrelu,0,0.4,0.1,2.7129642333984374,2.7764296875,maxmonstre/eval/grid__gaussian__seed0__epoch_030__r-_G0__probes__f32.jsonl,recalibrated
gaussian_postrelu,0,0.4,0.125,2.748547119140625,2.8051837158203123,maxmonstre/eval/grid__gaussian__seed0__epoch_030__r-_G0__probes__f32.jsonl,recalibrated
gaussian_postrelu,0,0.4,0.15,2.7879075927734376,2.835128662109375,maxmonstre/eval/grid__gaussian__seed0__epoch_030__r-_G0__probes__f32.jsonl,recalibrated
gaussian_postrelu,0,0.4,0.175,2.828904296875,2.875091796875,maxmonstre/eval/grid__gaussian__seed0__epoch_030__r-_G0__probes__f32.jsonl,recalibrated
gaussian_postrelu,0,0.4,0.2,2.875722900390625,2.9209786376953124,maxmonstre/eval/grid__gaussian__seed0__epoch_030__r-_G0__probes__f32.jsonl,recalibrated
gaussian_postrelu,0,0.4,0.225,2.9263365478515624,2.9626259765625,maxmonstre/eval/grid__gaussian__seed0__epoch_030__r-_G0__probes__f32.jsonl,recalibrated
gaussian_postrelu,0,0.4,0.25,2.979231201171875,3.006941650390625,maxmonstre/eval/grid__gaussian__seed0__epoch_030__r-_G0__probes__f32.jsonl,recalibrated
gaussian_postrelu,0,0.4,0.275,3.040684814453125,3.056533569335937,maxmonstre/eval/grid__gaussian__seed0__epoch_030__r-_G0__probes__f32.jsonl,recalibrated
gaussian_postrelu,0,0.4,0.3,3.107386474609375,3.112529541015625,maxmonstre/eval/grid__gaussian__seed0__epoch_030__r-_G0__probes__f32.jsonl,recalibrated
gaussian_postrelu,0,0.4,0.325,3.1853516845703127,3.17559716796875,maxmonstre/eval/grid__gaussian__seed0__epoch_030__r-_G0__probes__f32.jsonl,recalibrated
gaussian_postrelu,0,0.4,0.35,3.2671768798828125,3.247424072265625,maxmonstre/eval/grid__gaussian__seed0__epoch_030__r-_G0__probes__f32.jsonl,recalibrated
gaussian_postrelu,0,0.4,0.375,3.342400634765625,3.333924560546875,maxmonstre/eval/grid__gaussian__seed0__epoch_030__r-_G0__probes__f32.jsonl,recalibrated
gaussian_postrelu,0,0.4,0.4,3.4231041259765624,3.42183837890625,maxmonstre/eval/grid__gaussian__seed0__epoch_030__r-_G0__probes__f32.jsonl,recalibrated
gaussian_postrelu,0,0.4,0.425,3.5097633056640625,3.505369262695313,maxmonstre/eval/grid__gaussian__seed0__epoch_030__r-_G0__probes__f32.jsonl,recalibrated
gaussian_postrelu,0,0.4,0.45,3.59520947265625,3.582842163085937,maxmonstre/eval/grid__gaussian__seed0__epoch_030__r-_G0__probes__f32.jsonl,recalibrated
gaussian_postrelu,0,0.4,0.475,3.68295849609375,3.66050927734375,maxmonstre/eval/grid__gaussian__seed0__epoch_030__r-_G0__probes__f32.jsonl,recalibrated
gaussian_postrelu,0,0.4,0.5,3.77219677734375,3.7434437255859376,maxmonstre/eval/grid__gaussian__seed0__epoch_030__r-_G0__probes__f32.jsonl,recalibrated
gaussian_postrelu,0,0.425,-0.5,3.288546875,3.3455806884765624,maxmonstre/eval/grid__gaussian__seed0__epoch_030__r-_G0__probes__f32.jsonl,recalibrated
gaussian_postrelu,0,0.425,-0.475,3.2396234130859374,3.295331298828125,maxmonstre/eval/grid__gaussian__seed0__epoch_030__r-_G0__probes__f32.jsonl,recalibrated
gaussian_postrelu,0,0.425,-0.45,3.1872554931640624,3.2505516357421875,maxmonstre/eval/grid__gaussian__seed0__epoch_030__r-_G0__probes__f32.jsonl,recalibrated
gaussian_postrelu,0,0.425,-0.425,3.136473876953125,3.205381103515625,maxmonstre/eval/grid__gaussian__seed0__epoch_030__r-_G0__probes__f32.jsonl,recalibrated
gaussian_postrelu,0,0.425,-0.4,3.08614599609375,3.163439697265625,maxmonstre/eval/grid__gaussian__seed0__epoch_030__r-_G0__probes__f32.jsonl,recalibrated
gaussian_postrelu,0,0.425,-0.375,3.039440673828125,3.121291015625,maxmonstre/eval/grid__gaussian__seed0__epoch_030__r-_G0__probes__f32.jsonl,recalibrated
gaussian_postrelu,0,0.425,-0.35,3.00147900390625,3.08440771484375,maxmonstre/eval/grid__gaussian__seed0__epoch_030__r-_G0__probes__f32.jsonl,recalibrated
gaussian_postrelu,0,0.425,-0.325,2.968735107421875,3.053170776367188,maxmonstre/eval/grid__gaussian__seed0__epoch_030__r-_G0__probes__f32.jsonl,recalibrated
gaussian_postrelu,0,0.425,-0.3,2.9390889892578125,3.0168162841796877,maxmonstre/eval/grid__gaussian__seed0__epoch_030__r-_G0__probes__f32.jsonl,recalibrated
gaussian_postrelu,0,0.425,-0.275,2.9154375,2.982904296875,maxmonstre/eval/grid__gaussian__seed0__epoch_030__r-_G0__probes__f32.jsonl,recalibrated
gaussian_postrelu,0,0.425,-0.25,2.897417724609375,2.947317138671875,maxmonstre/eval/grid__gaussian__seed0__epoch_030__r-_G0__probes__f32.jsonl,recalibrated
gaussian_postrelu,0,0.425,-0.225,2.8807462158203125,2.905589599609375,maxmonstre/eval/grid__gaussian__seed0__epoch_030__r-_G0__probes__f32.jsonl,recalibrated
gaussian_postrelu,0,0.425,-0.2,2.8609071044921874,2.868521484375,maxmonstre/eval/grid__gaussian__seed0__epoch_030__r-_G0__probes__f32.jsonl,recalibrated
gaussian_postrelu,0,0.425,-0.175,2.8485482177734376,2.8386220703125,maxmonstre/eval/grid__gaussian__seed0__epoch_030__r-_G0__probes__f32.jsonl,recalibrated
gaussian_postrelu,0,0.425,-0.15,2.8385498046875,2.8213543701171875,maxmonstre/eval/grid__gaussian__seed0__epoch_030__r-_G0__probes__f32.jsonl,recalibrated
gaussian_postrelu,0,0.425,-0.125,2.8254664306640627,2.808625244140625,maxmonstre/eval/grid__gaussian__seed0__epoch_030__r-_G0__probes__f32.jsonl,recalibrated
gaussian_postrelu,0,0.425,-0.1,2.8123912353515625,2.8006973876953123,maxmonstre/eval/grid__gaussian__seed0__epoch_030__r-_G0__probes__f32.jsonl,recalibrated
gaussian_postrelu,0,0.425,-0.075,2.803871826171875,2.799981689453125,maxmonstre/eval/grid__gaussian__seed0__epoch_030__r-_G0__probes__f32.jsonl,recalibrated
gaussian_postrelu,0,0.425,-0.05,2.80147314453125,2.8046513671875,maxmonstre/eval/grid__gaussian__seed0__epoch_030__r-_G0__probes__f32.jsonl,recalibrated
gaussian_postrelu,0,0.425,-0.025,2.804742919921875,2.813067260742188,maxmonstre/eval/grid__gaussian__seed0__epoch_030__r-_G0__probes__f32.jsonl,recalibrated
gaussian_postrelu,0,0.425,0.0,2.8135318603515627,2.8331533203125,maxmonstre/eval/grid__gaussian__seed0__epoch_030__r-_G0__probes__f32.jsonl,recalibrated
gaussian_postrelu,0,0.425,0.025,2.827515625,2.86412939453125,maxmonstre/eval/grid__gaussian__seed0__epoch_030__r-_G0__probes__f32.jsonl,recalibrated
gaussian_postrelu,0,0.425,0.05,2.846880859375,2.8963560791015626,maxmonstre/eval/grid__gaussian__seed0__epoch_030__r-_G0__probes__f32.jsonl,recalibrated
gaussian_postrelu,0,0.425,0.075,2.875588134765625,2.9265806884765624,maxmonstre/eval/grid__gaussian__seed0__epoch_030__r-_G0__probes__f32.jsonl,recalibrated
gaussian_postrelu,0,0.425,0.1,2.9042330322265624,2.953191162109375,maxmonstre/eval/grid__gaussian__seed0__epoch_030__r-_G0__probes__f32.jsonl,recalibrated
gaussian_postrelu,0,0.425,0.125,2.9339659423828124,2.975068359375,maxmonstre/eval/grid__gaussian__seed0__epoch_030__r-_G0__probes__f32.jsonl,recalibrated
gaussian_postrelu,0,0.425,0.15,2.96476171875,3.0025423583984376,maxmonstre/eval/grid__gaussian__seed0__epoch_030__r-_G0__probes__f32.jsonl,recalibrated
gaussian_postrelu,0,0.425,0.175,3.0010118408203126,3.0428851318359373,maxmonstre/eval/grid__gaussian__seed0__epoch_030__r-_G0__probes__f32.jsonl,recalibrated
gaussian_postrelu,0,0.425,0.2,3.0421396484375,3.08005029296875,maxmonstre/eval/grid__gaussian__seed0__epoch_030__r-_G0__probes__f32.jsonl,recalibrated
gaussian_postrelu,0,0.425,0.225,3.08856396484375,3.1131998291015623,maxmonstre/eval/grid__gaussian__seed0__epoch_030__r-_G0__probes__f32.jsonl,recalibrated
gaussian_postrelu,0,0.425,0.25,3.1348392333984374,3.151005249023437,maxmonstre/eval/grid__gaussian__seed0__epoch_030__r-_G0__probes__f32.jsonl,recalibrated
gaussian_postrelu,0,0.425,0.275,3.1866690673828124,3.1964144287109373,maxmonstre/eval/grid__gaussian__seed0__epoch_030__r-_G0__probes__f32.jsonl,recalibrated
gaussian_postrelu,0,0.425,0.3,3.24484619140625,3.246734130859375,maxmonstre/eval/grid__gaussian__seed0__epoch_030__r-_G0__probes__f32.jsonl,recalibrated
gaussian_postrelu,0,0.425,0.325,3.3094000244140624,3.305862060546875,maxmonstre/eval/grid__gaussian__seed0__epoch_030__r-_G0__probes__f32.jsonl,recalibrated
gaussian_postrelu,0,0.425,0.35,3.383102294921875,3.3694761962890625,maxmonstre/eval/grid__gaussian__seed0__epoch_030__r-_G0__probes__f32.jsonl,recalibrated
gaussian_postrelu,0,0.425,0.375,3.45834716796875,3.441963623046875,maxmonstre/eval/grid__gaussian__seed0__epoch_030__r-_G0__probes__f32.jsonl,recalibrated
gaussian_postrelu,0,0.425,0.4,3.5301376953125,3.5260755615234376,maxmonstre/eval/grid__gaussian__seed0__epoch_030__r-_G0__probes__f32.jsonl,recalibrated
gaussian_postrelu,0,0.425,0.425,3.603471801757813,3.603788696289063,maxmonstre/eval/grid__gaussian__seed0__epoch_030__r-_G0__probes__f32.jsonl,recalibrated
gaussian_postrelu,0,0.425,0.45,3.6800048828125,3.67669189453125,maxmonstre/eval/grid__gaussian__seed0__epoch_030__r-_G0__probes__f32.jsonl,recalibrated
gaussian_postrelu,0,0.425,0.475,3.763434814453125,3.74320166015625,maxmonstre/eval/grid__gaussian__seed0__epoch_030__r-_G0__probes__f32.jsonl,recalibrated
gaussian_postrelu,0,0.425,0.5,3.84140185546875,3.8139033203125,maxmonstre/eval/grid__gaussian__seed0__epoch_030__r-_G0__probes__f32.jsonl,recalibrated
gaussian_postrelu,0,0.45,-0.5,3.351840087890625,3.412536010742188,maxmonstre/eval/grid__gaussian__seed0__epoch_030__r-_G0__probes__f32.jsonl,recalibrated
gaussian_postrelu,0,0.45,-0.475,3.308048095703125,3.367437866210937,maxmonstre/eval/grid__gaussian__seed0__epoch_030__r-_G0__probes__f32.jsonl,recalibrated
gaussian_postrelu,0,0.45,-0.45,3.261972900390625,3.32106396484375,maxmonstre/eval/grid__gaussian__seed0__epoch_030__r-_G0__probes__f32.jsonl,recalibrated
gaussian_postrelu,0,0.45,-0.425,3.217775756835937,3.2774654541015624,maxmonstre/eval/grid__gaussian__seed0__epoch_030__r-_G0__probes__f32.jsonl,recalibrated
gaussian_postrelu,0,0.45,-0.4,3.175727783203125,3.237679443359375,maxmonstre/eval/grid__gaussian__seed0__epoch_030__r-_G0__probes__f32.jsonl,recalibrated
gaussian_postrelu,0,0.45,-0.375,3.1412655029296874,3.20472265625,maxmonstre/eval/grid__gaussian__seed0__epoch_030__r-_G0__probes__f32.jsonl,recalibrated
gaussian_postrelu,0,0.45,-0.35,3.107929931640625,3.1804930419921877,maxmonstre/eval/grid__gaussian__seed0__epoch_030__r-_G0__probes__f32.jsonl,recalibrated
gaussian_postrelu,0,0.45,-0.325,3.08285595703125,3.1569317626953124,maxmonstre/eval/grid__gaussian__seed0__epoch_030__r-_G0__probes__f32.jsonl,recalibrated
gaussian_postrelu,0,0.45,-0.3,3.0608470458984374,3.133867919921875,maxmonstre/eval/grid__gaussian__seed0__epoch_030__r-_G0__probes__f32.jsonl,recalibrated
gaussian_postrelu,0,0.45,-0.275,3.045228515625,3.106199340820313,maxmonstre/eval/grid__gaussian__seed0__epoch_030__r-_G0__probes__f32.jsonl,recalibrated
gaussian_postrelu,0,0.45,-0.25,3.031658935546875,3.0754254150390623,maxmonstre/eval/grid__gaussian__seed0__epoch_030__r-_G0__probes__f32.jsonl,recalibrated
gaussian_postrelu,0,0.45,-0.225,3.0240283203125,3.042933837890625,maxmonstre/eval/grid__gaussian__seed0__epoch_030__r-_G0__probes__f32.jsonl,recalibrated
gaussian_postrelu,0,0.45,-0.2,3.0156002197265623,3.01420556640625,maxmonstre/eval/grid__gaussian__seed0__epoch_030__r-_G0__probes__f32.jsonl,recalibrated
gaussian_postrelu,0,0.45,-0.175,3.011392578125,2.993637939453125,maxmonstre/eval/grid__gaussian__seed0__epoch_030__r-_G0__probes__f32.jsonl,recalibrated
gaussian_postrelu,0,0.45,-0.15,3.0076217041015627,2.9791025390625,maxmonstre/eval/grid__gaussian__seed0__epoch_030__r-_G0__probes__f32.jsonl,recalibrated
gaussian_postrelu,0,0.45,-0.125,2.999610107421875,2.9707755126953126,maxmonstre/eval/grid__gaussian__seed0__epoch_030__r-_G0__probes__f32.jsonl,recalibrated
gaussian_postrelu,0,0.45,-0.1,2.9935606689453125,2.971774291992188,maxmonstre/eval/grid__gaussian__seed0__epoch_030__r-_G0__probes__f32.jsonl,recalibrated
gaussian_postrelu,0,0.45,-0.075,2.986173828125,2.97795068359375,maxmonstre/eval/grid__gaussian__seed0__epoch_030__r-_G0__probes__f32.jsonl,recalibrated
gaussian_postrelu,0,0.45,-0.05,2.987592163085937,2.984212646484375,maxmonstre/eval/grid__gaussian__seed0__epoch_030__r-_G0__probes__f32.jsonl,recalibrated
gaussian_postrelu,0,0.45,-0.025,2.99307177734375,2.9933154296875,maxmonstre/eval/grid__gaussian__seed0__epoch_030__r-_G0__probes__f32.jsonl,recalibrated
gaussian_postrelu,0,0.45,0.0,3.001429931640625,3.017170654296875,maxmonstre/eval/grid__gaussian__seed0__epoch_030__r-_G0__probes__f32.jsonl,recalibrated
gaussian_postrelu,0,0.45,0.025,3.0202474365234373,3.0470679931640623,maxmonstre/eval/grid__gaussian__seed0__epoch_030__r-_G0__probes__f32.jsonl,recalibrated
gaussian_postrelu,0,0.45,0.05,3.0412791748046875,3.0798525390625,maxmonstre/eval/grid__gaussian__seed0__epoch_030__r-_G0__probes__f32.jsonl,recalibrated
gaussian_postrelu,0,0.45,0.075,3.066734619140625,3.10658251953125,maxmonstre/eval/grid__gaussian__seed0__epoch_030__r-_G0__probes__f32.jsonl,recalibrated
gaussian_postrelu,0,0.45,0.1,3.0914547119140625,3.126091064453125,maxmonstre/eval/grid__gaussian__seed0__epoch_030__r-_G0__probes__f32.jsonl,recalibrated
gaussian_postrelu,0,0.45,0.125,3.118933349609375,3.147643920898437,maxmonstre/eval/grid__gaussian__seed0__epoch_030__r-_G0__probes__f32.jsonl,recalibrated
gaussian_postrelu,0,0.45,0.15,3.143501953125,3.16808935546875,maxmonstre/eval/grid__gaussian__seed0__epoch_030__r-_G0__probes__f32.jsonl,recalibrated
gaussian_postrelu,0,0.45,0.175,3.1728118896484374,3.1980634765625,maxmonstre/eval/grid__gaussian__seed0__epoch_030__r-_G0__probes__f32.jsonl,recalibrated
gaussian_postrelu,0,0.45,0.2,3.2110751953125,3.23022412109375,maxmonstre/eval/grid__gaussian__seed0__epoch_030__r-_G0__probes__f32.jsonl,recalibrated
gaussian_postrelu,0,0.45,0.225,3.25325146484375,3.260902221679688,maxmonstre/eval/grid__gaussian__seed0__epoch_030__r-_G0__probes__f32.jsonl,recalibrated
gaussian_postrelu,0,0.45,0.25,3.295809326171875,3.299639038085937,maxmonstre/eval/grid__gaussian__seed0__epoch_030__r-_G0__probes__f32.jsonl,recalibrated
gaussian_postrelu,0,0.45,0.275,3.341641357421875,3.34134375,maxmonstre/eval/grid__gaussian__seed0__epoch_030__r-_G0__probes__f32.jsonl,recalibrated
gaussian_postrelu,0,0.45,0.3,3.394448486328125,3.388960693359375,maxmonstre/eval/grid__gaussian__seed0__epoch_030__r-_G0__probes__f32.jsonl,recalibrated
gaussian_postrelu,0,0.45,0.325,3.4457578125,3.44102978515625,maxmonstre/eval/grid__gaussian__seed0__epoch_030__r-_G0__probes__f32.jsonl,recalibrated
gaussian_postrelu,0,0.45,0.35,3.5085909423828125,3.5010540771484373,maxmonstre/eval/grid__gaussian__seed0__epoch_030__r-_G0__probes__f32.jsonl,recalibrated
gaussian_postrelu,0,0.45,0.375,3.576985229492188,3.5627791748046875,maxmonstre/eval/grid__gaussian__seed0__epoch_030__r-_G0__probes__f32.jsonl,recalibrated
gaussian_postrelu,0,0.45,0.4,3.642864135742188,3.632579345703125,maxmonstre/eval/grid__gaussian__seed0__epoch_030__r-_G0__probes__f32.jsonl,recalibrated
gaussian_postrelu,0,0.45,0.425,3.705734130859375,3.7061640625,maxmonstre/eval/grid__gaussian__seed0__epoch_030__r-_G0__probes__f32.jsonl,recalibrated
gaussian_postrelu,0,0.45,0.45,3.769405151367188,3.7692216796875,maxmonstre/eval/grid__gaussian__seed0__epoch_030__r-_G0__probes__f32.jsonl,recalibrated
gaussian_postrelu,0,0.45,0.475,3.839638671875,3.831216796875,maxmonstre/eval/grid__gaussian__seed0__epoch_030__r-_G0__probes__f32.jsonl,recalibrated
gaussian_postrelu,0,0.45,0.5,3.9101334228515614,3.893214111328125,maxmonstre/eval/grid__gaussian__seed0__epoch_030__r-_G0__probes__f32.jsonl,recalibrated
gaussian_postrelu,0,0.475,-0.5,3.406871826171875,3.46903173828125,maxmonstre/eval/grid__gaussian__seed0__epoch_030__r-_G0__probes__f32.jsonl,recalibrated
gaussian_postrelu,0,0.475,-0.475,3.36913916015625,3.42630908203125,maxmonstre/eval/grid__gaussian__seed0__epoch_030__r-_G0__probes__f32.jsonl,recalibrated
gaussian_postrelu,0,0.475,-0.45,3.3352496337890627,3.3834248046875,maxmonstre/eval/grid__gaussian__seed0__epoch_030__r-_G0__probes__f32.jsonl,recalibrated
gaussian_postrelu,0,0.475,-0.425,3.302078979492188,3.346001220703125,maxmonstre/eval/grid__gaussian__seed0__epoch_030__r-_G0__probes__f32.jsonl,recalibrated
gaussian_postrelu,0,0.475,-0.4,3.26742333984375,3.311243041992188,maxmonstre/eval/grid__gaussian__seed0__epoch_030__r-_G0__probes__f32.jsonl,recalibrated
gaussian_postrelu,0,0.475,-0.375,3.238553955078125,3.287943115234375,maxmonstre/eval/grid__gaussian__seed0__epoch_030__r-_G0__probes__f32.jsonl,recalibrated
gaussian_postrelu,0,0.475,-0.35,3.216754150390625,3.272214111328125,maxmonstre/eval/grid__gaussian__seed0__epoch_030__r-_G0__probes__f32.jsonl,recalibrated
gaussian_postrelu,0,0.475,-0.325,3.1983443603515624,3.2568941650390624,maxmonstre/eval/grid__gaussian__seed0__epoch_030__r-_G0__probes__f32.jsonl,recalibrated
gaussian_postrelu,0,0.475,-0.3,3.182886962890625,3.2398800048828127,maxmonstre/eval/grid__gaussian__seed0__epoch_030__r-_G0__probes__f32.jsonl,recalibrated
gaussian_postrelu,0,0.475,-0.275,3.1723590087890625,3.218221435546875,maxmonstre/eval/grid__gaussian__seed0__epoch_030__r-_G0__probes__f32.jsonl,recalibrated
gaussian_postrelu,0,0.475,-0.25,3.168082763671875,3.19325244140625,maxmonstre/eval/grid__gaussian__seed0__epoch_030__r-_G0__probes__f32.jsonl,recalibrated
gaussian_postrelu,0,0.475,-0.225,3.1697913818359376,3.1730792236328127,maxmonstre/eval/grid__gaussian__seed0__epoch_030__r-_G0__probes__f32.jsonl,recalibrated
gaussian_postrelu,0,0.475,-0.2,3.169259155273437,3.1547877197265626,maxmonstre/eval/grid__gaussian__seed0__epoch_030__r-_G0__probes__f32.jsonl,recalibrated
gaussian_postrelu,0,0.475,-0.175,3.168509155273437,3.1404425048828126,maxmonstre/eval/grid__gaussian__seed0__epoch_030__r-_G0__probes__f32.jsonl,recalibrated
gaussian_postrelu,0,0.475,-0.15,3.16733447265625,3.128216796875,maxmonstre/eval/grid__gaussian__seed0__epoch_030__r-_G0__probes__f32.jsonl,recalibrated
gaussian_postrelu,0,0.475,-0.125,3.166245361328125,3.12358349609375,maxmonstre/eval/grid__gaussian__seed0__epoch_030__r-_G0__probes__f32.jsonl,recalibrated
gaussian_postrelu,0,0.475,-0.1,3.162497436523437,3.1324935302734374,maxmonstre/eval/grid__gaussian__seed0__epoch_030__r-_G0__probes__f32.jsonl,recalibrated
gaussian_postrelu,0,0.475,-0.075,3.1587371826171875,3.1444910888671878,maxmonstre/eval/grid__gaussian__seed0__epoch_030__r-_G0__probes__f32.jsonl,recalibrated
gaussian_postrelu,0,0.475,-0.05,3.159434936523437,3.1548453369140623,maxmonstre/eval/grid__gaussian__seed0__epoch_030__r-_G0__probes__f32.jsonl,recalibrated
gaussian_postrelu,0,0.475,-0.025,3.1669013671875,3.168501220703125,maxmonstre/eval/grid__gaussian__seed0__epoch_030__r-_G0__probes__f32.jsonl,recalibrated
gaussian_postrelu,0,0.475,0.0,3.18064111328125,3.1904378662109374,maxmonstre/eval/grid__gaussian__seed0__epoch_030__r-_G0__probes__f32.jsonl,recalibrated
gaussian_postrelu,0,0.475,0.025,3.200797119140625,3.223295776367188,maxmonstre/eval/grid__gaussian__seed0__epoch_030__r-_G0__probes__f32.jsonl,recalibrated
gaussian_postrelu,0,0.475,0.05,3.221965698242188,3.2548250732421877,maxmonstre/eval/grid__gaussian__seed0__epoch_030__r-_G0__probes__f32.jsonl,recalibrated
gaussian_postrelu,0,0.475,0.075,3.2478856201171875,3.276654541015625,maxmonstre/eval/grid__gaussian__seed0__epoch_030__r-_G0__probes__f32.jsonl,recalibrated
gaussian_postrelu,0,0.475,0.1,3.2715673828125,3.2947691650390625,maxmonstre/eval/grid__gaussian__seed0__epoch_030__r-_G0__probes__f32.jsonl,recalibrated
gaussian_postrelu,0,0.475,0.125,3.296895263671875,3.3104583740234377,maxmonstre/eval/grid__gaussian__seed0__epoch_030__r-_G0__probes__f32.jsonl,recalibrated
gaussian_postrelu,0,0.475,0.15,3.318255615234375,3.3278504638671875,maxmonstre/eval/grid__gaussian__seed0__epoch_030__r-_G0__probes__f32.jsonl,recalibrated
gaussian_postrelu,0,0.475,0.175,3.343401611328125,3.3478226318359376,maxmonstre/eval/grid__gaussian__seed0__epoch_030__r-_G0__probes__f32.jsonl,recalibrated
gaussian_postrelu,0,0.475,0.2,3.375438720703125,3.376278198242188,maxmonstre/eval/grid__gaussian__seed0__epoch_030__r-_G0__probes__f32.jsonl,recalibrated
gaussian_postrelu,0,0.475,0.225,3.4138218994140623,3.4096387939453123,maxmonstre/eval/grid__gaussian__seed0__epoch_030__r-_G0__probes__f32.jsonl,recalibrated
gaussian_postrelu,0,0.475,0.25,3.450744384765625,3.447069580078125,maxmonstre/eval/grid__gaussian__seed0__epoch_030__r-_G0__probes__f32.jsonl,recalibrated
gaussian_postrelu,0,0.475,0.275,3.4925634765625,3.490869873046875,maxmonstre/eval/grid__gaussian__seed0__epoch_030__r-_G0__probes__f32.jsonl,recalibrated
gaussian_postrelu,0,0.475,0.3,3.540804565429688,3.5386148681640623,maxmonstre/eval/grid__gaussian__seed0__epoch_030__r-_G0__probes__f32.jsonl,recalibrated
gaussian_postrelu,0,0.475,0.325,3.5881290283203127,3.584933349609375,maxmonstre/eval/grid__gaussian__seed0__epoch_030__r-_G0__probes__f32.jsonl,recalibrated
gaussian_postrelu,0,0.475,0.35,3.63964501953125,3.638256103515625,maxmonstre/eval/grid__gaussian__seed0__epoch_030__r-_G0__probes__f32.jsonl,recalibrated
gaussian_postrelu,0,0.475,0.375,3.696541137695312,3.694747436523437,maxmonstre/eval/grid__gaussian__seed0__epoch_030__r-_G0__probes__f32.jsonl,recalibrated
gaussian_postrelu,0,0.475,0.4,3.757004760742188,3.7478004150390634,maxmonstre/eval/grid__gaussian__seed0__epoch_030__r-_G0__probes__f32.jsonl,recalibrated
gaussian_postrelu,0,0.475,0.425,3.8137822265625,3.8092269287109377,maxmonstre/eval/grid__gaussian__seed0__epoch_030__r-_G0__probes__f32.jsonl,recalibrated
gaussian_postrelu,0,0.475,0.45,3.868409545898437,3.869853393554688,maxmonstre/eval/grid__gaussian__seed0__epoch_030__r-_G0__probes__f32.jsonl,recalibrated
gaussian_postrelu,0,0.475,0.475,3.924695190429688,3.9252103271484375,maxmonstre/eval/grid__gaussian__seed0__epoch_030__r-_G0__probes__f32.jsonl,recalibrated
gaussian_postrelu,0,0.475,0.5,3.986747680664063,3.981280029296875,maxmonstre/eval/grid__gaussian__seed0__epoch_030__r-_G0__probes__f32.jsonl,recalibrated
gaussian_postrelu,0,0.5,-0.5,3.4619134521484374,3.5174615478515623,maxmonstre/eval/grid__gaussian__seed0__epoch_030__r-_G0__probes__f32.jsonl,recalibrated
gaussian_postrelu,0,0.5,-0.475,3.4322257080078127,3.47565625,maxmonstre/eval/grid__gaussian__seed0__epoch_030__r-_G0__probes__f32.jsonl,recalibrated
gaussian_postrelu,0,0.5,-0.45,3.405812744140625,3.4404326171875,maxmonstre/eval/grid__gaussian__seed0__epoch_030__r-_G0__probes__f32.jsonl,recalibrated
gaussian_postrelu,0,0.5,-0.425,3.3820001220703126,3.410260498046875,maxmonstre/eval/grid__gaussian__seed0__epoch_030__r-_G0__probes__f32.jsonl,recalibrated
gaussian_postrelu,0,0.5,-0.4,3.355423217773437,3.38752685546875,maxmonstre/eval/grid__gaussian__seed0__epoch_030__r-_G0__probes__f32.jsonl,recalibrated
gaussian_postrelu,0,0.5,-0.375,3.3344326171875,3.369162109375,maxmonstre/eval/grid__gaussian__seed0__epoch_030__r-_G0__probes__f32.jsonl,recalibrated
gaussian_postrelu,0,0.5,-0.35,3.3207740478515624,3.3586180419921874,maxmonstre/eval/grid__gaussian__seed0__epoch_030__r-_G0__probes__f32.jsonl,recalibrated
gaussian_postrelu,0,0.5,-0.325,3.3110882568359377,3.34869921875,maxmonstre/eval/grid__gaussian__seed0__epoch_030__r-_G0__probes__f32.jsonl,recalibrated
gaussian_postrelu,0,0.5,-0.3,3.3028804931640625,3.3384376220703125,maxmonstre/eval/grid__gaussian__seed0__epoch_030__r-_G0__probes__f32.jsonl,recalibrated
gaussian_postrelu,0,0.5,-0.275,3.29838330078125,3.3209404296875,maxmonstre/eval/grid__gaussian__seed0__epoch_030__r-_G0__probes__f32.jsonl,recalibrated
gaussian_postrelu,0,0.5,-0.25,3.3008671875,3.3053631591796875,maxmonstre/eval/grid__gaussian__seed0__epoch_030__r-_G0__probes__f32.jsonl,recalibrated
gaussian_postrelu,0,0.5,-0.225,3.304552124023437,3.29734375,maxmonstre/eval/grid__gaussian__seed0__epoch_030__r-_G0__probes__f32.jsonl,recalibrated
gaussian_postrelu,0,0.5,-0.2,3.30999169921875,3.2919130859375,maxmonstre/eval/grid__gaussian__seed0__epoch_030__r-_G0__probes__f32.jsonl,recalibrated
gaussian_postrelu,0,0.5,-0.175,3.313580322265625,3.2841163330078125,maxmonstre/eval/grid__gaussian__seed0__epoch_030__r-_G0__probes__f32.jsonl,recalibrated
gaussian_postrelu,0,0.5,-0.15,3.316427490234375,3.274980834960937,maxmonstre/eval/grid__gaussian__seed0__epoch_030__r-_G0__probes__f32.jsonl,recalibrated
gaussian_postrelu,0,0.5,-0.125,3.3186605224609376,3.276070556640625,maxmonstre/eval/grid__gaussian__seed0__epoch_030__r-_G0__probes__f32.jsonl,recalibrated
gaussian_postrelu,0,0.5,-0.1,3.318372314453125,3.2844031982421877,maxmonstre/eval/grid__gaussian__seed0__epoch_030__r-_G0__probes__f32.jsonl,recalibrated
gaussian_postrelu,0,0.5,-0.075,3.3206717529296874,3.2992296142578126,maxmonstre/eval/grid__gaussian__seed0__epoch_030__r-_G0__probes__f32.jsonl,recalibrated
gaussian_postrelu,0,0.5,-0.05,3.3239058837890627,3.3186729736328124,maxmonstre/eval/grid__gaussian__seed0__epoch_030__r-_G0__probes__f32.jsonl,recalibrated
gaussian_postrelu,0,0.5,-0.025,3.329769287109375,3.334901733398437,maxmonstre/eval/grid__gaussian__seed0__epoch_030__r-_G0__probes__f32.jsonl,recalibrated
gaussian_postrelu,0,0.5,0.0,3.343381591796875,3.356463745117188,maxmonstre/eval/grid__gaussian__seed0__epoch_030__r-_G0__probes__f32.jsonl,recalibrated
gaussian_postrelu,0,0.5,0.025,3.3643924560546874,3.3852454833984376,maxmonstre/eval/grid__gaussian__seed0__epoch_030__r-_G0__probes__f32.jsonl,recalibrated
gaussian_postrelu,0,0.5,0.05,3.3881630859375,3.41412353515625,maxmonstre/eval/grid__gaussian__seed0__epoch_030__r-_G0__probes__f32.jsonl,recalibrated
gaussian_postrelu,0,0.5,0.075,3.4132200927734373,3.4378392333984373,maxmonstre/eval/grid__gaussian__seed0__epoch_030__r-_G0__probes__f32.jsonl,recalibrated
gaussian_postrelu,0,0.5,0.1,3.4364136962890623,3.452175659179688,maxmonstre/eval/grid__gaussian__seed0__epoch_030__r-_G0__probes__f32.jsonl,recalibrated
gaussian_postrelu,0,0.5,0.125,3.458817138671875,3.46225439453125,maxmonstre/eval/grid__gaussian__seed0__epoch_030__r-_G0__probes__f32.jsonl,recalibrated
gaussian_postrelu,0,0.5,0.15,3.48074755859375,3.4732596435546874,maxmonstre/eval/grid__gaussian__seed0__epoch_030__r-_G0__probes__f32.jsonl,recalibrated
gaussian_postrelu,0,0.5,0.175,3.5046243896484377,3.489977783203125,maxmonstre/eval/grid__gaussian__seed0__epoch_030__r-_G0__probes__f32.jsonl,recalibrated
gaussian_postrelu,0,0.5,0.2,3.532979248046875,3.5188759765625,maxmonstre/eval/grid__gaussian__seed0__epoch_030__r-_G0__probes__f32.jsonl,recalibrated
gaussian_postrelu,0,0.5,0.225,3.56779248046875,3.552972900390625,maxmonstre/eval/grid__gaussian__seed0__epoch_030__r-_G0__probes__f32.jsonl,recalibrated
gaussian_postrelu,0,0.5,0.25,3.6013013916015626,3.589431640625,maxmonstre/eval/grid__gaussian__seed0__epoch_030__r-_G0__probes__f32.jsonl,recalibrated
gaussian_postrelu,0,0.5,0.275,3.637014404296875,3.631879760742188,maxmonstre/eval/grid__gaussian__seed0__epoch_030__r-_G0__probes__f32.jsonl,recalibrated
gaussian_postrelu,0,0.5,0.3,3.677811279296875,3.67681884765625,maxmonstre/eval/grid__gaussian__seed0__epoch_030__r-_G0__probes__f32.jsonl,recalibrated
gaussian_postrelu,0,0.5,0.325,3.7237838134765626,3.724461669921875,maxmonstre/eval/grid__gaussian__seed0__epoch_030__r-_G0__probes__f32.jsonl,recalibrated
gaussian_postrelu,0,0.5,0.35,3.770371826171875,3.772343017578125,maxmonstre/eval/grid__gaussian__seed0__epoch_030__r-_G0__probes__f32.jsonl,recalibrated
gaussian_postrelu,0,0.5,0.375,3.82286962890625,3.822169189453125,maxmonstre/eval/grid__gaussian__seed0__epoch_030__r-_G0__probes__f32.jsonl,recalibrated
gaussian_postrelu,0,0.5,0.4,3.869246826171875,3.869446044921875,maxmonstre/eval/grid__gaussian__seed0__epoch_030__r-_G0__probes__f32.jsonl,recalibrated
gaussian_postrelu,0,0.5,0.425,3.920611328125,3.9157451171875,maxmonstre/eval/grid__gaussian__seed0__epoch_030__r-_G0__probes__f32.jsonl,recalibrated
gaussian_postrelu,0,0.5,0.45,3.968872802734375,3.967930908203125,maxmonstre/eval/grid__gaussian__seed0__epoch_030__r-_G0__probes__f32.jsonl,recalibrated
gaussian_postrelu,0,0.5,0.475,4.015868896484375,4.019585693359375,maxmonstre/eval/grid__gaussian__seed0__epoch_030__r-_G0__probes__f32.jsonl,recalibrated
gaussian_postrelu,0,0.5,0.5,4.067954467773437,4.065289184570313,maxmonstre/eval/grid__gaussian__seed0__epoch_030__r-_G0__probes__f32.jsonl,recalibrated
plain,0,-0.5,-0.5,4.40173828125,4.42411962890625,maxmonstre/eval/grid__plain__seed0__epoch_030__r-_G-__probes__f32.jsonl,recalibrated
plain,0,-0.5,-0.475,4.2941240234375,4.336025146484375,maxmonstre/eval/grid__plain__seed0__epoch_030__r-_G-__probes__f32.jsonl,recalibrated
plain,0,-0.5,-0.45,4.1980849609375,4.24391015625,maxmonstre/eval/grid__plain__seed0__epoch_030__r-_G-__probes__f32.jsonl,recalibrated
plain,0,-0.5,-0.425,4.10614794921875,4.150648193359375,maxmonstre/eval/grid__plain__seed0__epoch_030__r-_G-__probes__f32.jsonl,recalibrated
plain,0,-0.5,-0.4,4.021299560546875,4.058937255859375,maxmonstre/eval/grid__plain__seed0__epoch_030__r-_G-__probes__f32.jsonl,recalibrated
plain,0,-0.5,-0.375,3.934109252929688,3.96916943359375,maxmonstre/eval/grid__plain__seed0__epoch_030__r-_G-__probes__f32.jsonl,recalibrated
plain,0,-0.5,-0.35,3.848834228515625,3.87525927734375,maxmonstre/eval/grid__plain__seed0__epoch_030__r-_G-__probes__f32.jsonl,recalibrated
plain,0,-0.5,-0.325,3.769949340820312,3.7852119140625,maxmonstre/eval/grid__plain__seed0__epoch_030__r-_G-__probes__f32.jsonl,recalibrated
plain,0,-0.5,-0.3,3.6894676513671874,3.700752685546875,maxmonstre/eval/grid__plain__seed0__epoch_030__r-_G-__probes__f32.jsonl,recalibrated
plain,0,-0.5,-0.275,3.61162939453125,3.613632690429688,maxmonstre/eval/grid__plain__seed0__epoch_030__r-_G-__probes__f32.jsonl,recalibrated
plain,0,-0.5,-0.25,3.5340234375,3.53106494140625,maxmonstre/eval/grid__plain__seed0__epoch_030__r-_G-__probes__f32.jsonl,recalibrated
plain,0,-0.5,-0.225,3.458778198242188,3.4585506591796875,maxmonstre/eval/grid__plain__seed0__epoch_030__r-_G-__probes__f32.jsonl,recalibrated
plain,0,-0.5,-0.2,3.3916263427734377,3.393421997070313,maxmonstre/eval/grid__plain__seed0__epoch_030__r-_G-__probes__f32.jsonl,recalibrated
plain,0,-0.5,-0.175,3.3322813720703124,3.33033935546875,maxmonstre/eval/grid__plain__seed0__epoch_030__r-_G-__probes__f32.jsonl,recalibrated
plain,0,-0.5,-0.15,3.2849158935546874,3.2681202392578124,maxmonstre/eval/grid__plain__seed0__epoch_030__r-_G-__probes__f32.jsonl,recalibrated
plain,0,-0.5,-0.125,3.247050537109375,3.20747900390625,maxmonstre/eval/grid__plain__seed0__epoch_030__r-_G-__probes__f32.jsonl,recalibrated
plain,0,-0.5,-0.1,3.214790771484375,3.1498883056640623,maxmonstre/eval/grid__plain__seed0__epoch_030__r-_G-__probes__f32.jsonl,recalibrated
plain,0,-0.5,-0.075,3.1865992431640624,3.0952208251953124,maxmonstre/eval/grid__plain__seed0__epoch_030__r-_G-__probes__f32.jsonl,recalibrated
plain,0,-0.5,-0.05,3.1552384033203125,3.048209838867188,maxmonstre/eval/grid__plain__seed0__epoch_030__r-_G-__probes__f32.jsonl,recalibrated
plain,0,-0.5,-0.025,3.129011108398437,3.007224609375,maxmonstre/eval/grid__plain__seed0__epoch_030__r-_G-__probes__f32.jsonl,recalibrated
plain,0,-0.5,0.0,3.1158416748046878,2.977993896484375,maxmonstre/eval/grid__plain__seed0__epoch_030__r-_G-__probes__f32.jsonl,recalibrated
plain,0,-0.5,0.025,3.108958984375,2.96511572265625,maxmonstre/eval/grid__plain__seed0__epoch_030__r-_G-__probes__f32.jsonl,recalibrated
plain,0,-0.5,0.05,3.0996085205078123,2.96655859375,maxmonstre/eval/grid__plain__seed0__epoch_030__r-_G-__probes__f32.jsonl,recalibrated
plain,0,-0.5,0.075,3.0959102783203125,2.9825328369140625,maxmonstre/eval/grid__plain__seed0__epoch_030__r-_G-__probes__f32.jsonl,recalibrated
plain,0,-0.5,0.1,3.094739501953125,2.998546264648437,maxmonstre/eval/grid__plain__seed0__epoch_030__r-_G-__probes__f32.jsonl,recalibrated
plain,0,-0.5,0.125,3.09919677734375,3.022199951171875,maxmonstre/eval/grid__plain__seed0__epoch_030__r-_G-__probes__f32.jsonl,recalibrated
plain,0,-0.5,0.15,3.10600390625,3.0462021484375,maxmonstre/eval/grid__plain__seed0__epoch_030__r-_G-__probes__f32.jsonl,recalibrated
plain,0,-0.5,0.175,3.1167664794921874,3.072825927734375,maxmonstre/eval/grid__plain__seed0__epoch_030__r-_G-__probes__f32.jsonl,recalibrated
plain,0,-0.5,0.2,3.1409429931640624,3.0984267578125,maxmonstre/eval/grid__plain__seed0__epoch_030__r-_G-__probes__f32.jsonl,recalibrated
plain,0,-0.5,0.225,3.176108520507813,3.132267578125,maxmonstre/eval/grid__plain__seed0__epoch_030__r-_G-__probes__f32.jsonl,recalibrated
plain,0,-0.5,0.25,3.211798828125,3.171439208984375,maxmonstre/eval/grid__plain__seed0__epoch_030__r-_G-__probes__f32.jsonl,recalibrated
plain,0,-0.5,0.275,3.2339713134765624,3.223607421875,maxmonstre/eval/grid__plain__seed0__epoch_030__r-_G-__probes__f32.jsonl,recalibrated
plain,0,-0.5,0.3,3.2613240966796875,3.283739013671875,maxmonstre/eval/grid__plain__seed0__epoch_030__r-_G-__probes__f32.jsonl,recalibrated
plain,0,-0.5,0.325,3.28812890625,3.3450723876953123,maxmonstre/eval/grid__plain__seed0__epoch_030__r-_G-__probes__f32.jsonl,recalibrated
plain,0,-0.5,0.35,3.31514208984375,3.409818359375,maxmonstre/eval/grid__plain__seed0__epoch_030__r-_G-__probes__f32.jsonl,recalibrated
plain,0,-0.5,0.375,3.3490438232421877,3.4665455322265624,maxmonstre/eval/grid__plain__seed0__epoch_030__r-_G-__probes__f32.jsonl,recalibrated
plain,0,-0.5,0.4,3.3821519775390625,3.526389404296875,maxmonstre/eval/grid__plain__seed0__epoch_030__r-_G-__probes__f32.jsonl,recalibrated
plain,0,-0.5,0.425,3.4221796875,3.5843692626953123,maxmonstre/eval/grid__plain__seed0__epoch_030__r-_G-__probes__f32.jsonl,recalibrated
plain,0,-0.5,0.45,3.455422241210937,3.63485986328125,maxmonstre/eval/grid__plain__seed0__epoch_030__r-_G-__probes__f32.jsonl,recalibrated
plain,0,-0.5,0.475,3.4868272705078125,3.670152221679688,maxmonstre/eval/grid__plain__seed0__epoch_030__r-_G-__probes__f32.jsonl,recalibrated
plain,0,-0.5,0.5,3.515005859375,3.6967958984375,maxmonstre/eval/grid__plain__seed0__epoch_030__r-_G-__probes__f32.jsonl,recalibrated
plain,0,-0.475,-0.5,4.32192822265625,4.35028125,maxmonstre/eval/grid__plain__seed0__epoch_030__r-_G-__probes__f32.jsonl,recalibrated
plain,0,-0.475,-0.475,4.211829345703125,4.2524462890625,maxmonstre/eval/grid__plain__seed0__epoch_030__r-_G-__probes__f32.jsonl,recalibrated
plain,0,-0.475,-0.45,4.109276611328125,4.1543291015625,maxmonstre/eval/grid__plain__seed0__epoch_030__r-_G-__probes__f32.jsonl,recalibrated
plain,0,-0.475,-0.425,4.01441796875,4.062071044921875,maxmonstre/eval/grid__plain__seed0__epoch_030__r-_G-__probes__f32.jsonl,recalibrated
plain,0,-0.475,-0.4,3.9230123291015615,3.96919384765625,maxmonstre/eval/grid__plain__seed0__epoch_030__r-_G-__probes__f32.jsonl,recalibrated
plain,0,-0.475,-0.375,3.830759887695312,3.873155395507813,maxmonstre/eval/grid__plain__seed0__epoch_030__r-_G-__probes__f32.jsonl,recalibrated
plain,0,-0.475,-0.35,3.736502075195312,3.77856201171875,maxmonstre/eval/grid__plain__seed0__epoch_030__r-_G-__probes__f32.jsonl,recalibrated
plain,0,-0.475,-0.325,3.652507568359375,3.686316162109375,maxmonstre/eval/grid__plain__seed0__epoch_030__r-_G-__probes__f32.jsonl,recalibrated
plain,0,-0.475,-0.3,3.569265625,3.598052001953125,maxmonstre/eval/grid__plain__seed0__epoch_030__r-_G-__probes__f32.jsonl,recalibrated
plain,0,-0.475,-0.275,3.49005712890625,3.510221923828125,maxmonstre/eval/grid__plain__seed0__epoch_030__r-_G-__probes__f32.jsonl,recalibrated
plain,0,-0.475,-0.25,3.41457861328125,3.424715576171875,maxmonstre/eval/grid__plain__seed0__epoch_030__r-_G-__probes__f32.jsonl,recalibrated
plain,0,-0.475,-0.225,3.3402359619140625,3.350635009765625,maxmonstre/eval/grid__plain__seed0__epoch_030__r-_G-__probes__f32.jsonl,recalibrated
plain,0,-0.475,-0.2,3.273564208984375,3.281646240234375,maxmonstre/eval/grid__plain__seed0__epoch_030__r-_G-__probes__f32.jsonl,recalibrated
plain,0,-0.475,-0.175,3.2109908447265627,3.2172767333984376,maxmonstre/eval/grid__plain__seed0__epoch_030__r-_G-__probes__f32.jsonl,recalibrated
plain,0,-0.475,-0.15,3.160380859375,3.151969970703125,maxmonstre/eval/grid__plain__seed0__epoch_030__r-_G-__probes__f32.jsonl,recalibrated
plain,0,-0.475,-0.125,3.121599365234375,3.0914677734375,maxmonstre/eval/grid__plain__seed0__epoch_030__r-_G-__probes__f32.jsonl,recalibrated
plain,0,-0.475,-0.1,3.0930113525390626,3.0389510498046874,maxmonstre/eval/grid__plain__seed0__epoch_030__r-_G-__probes__f32.jsonl,recalibrated
plain,0,-0.475,-0.075,3.0678834228515623,2.9878057861328124,maxmonstre/eval/grid__plain__seed0__epoch_030__r-_G-__probes__f32.jsonl,recalibrated
plain,0,-0.475,-0.05,3.0425908203125,2.939162353515625,maxmonstre/eval/grid__plain__seed0__epoch_030__r-_G-__probes__f32.jsonl,recalibrated
plain,0,-0.475,-0.025,3.0187423095703125,2.8973980712890626,maxmonstre/eval/grid__plain__seed0__epoch_030__r-_G-__probes__f32.jsonl,recalibrated
plain,0,-0.475,0.0,3.007231201171875,2.86709716796875,maxmonstre/eval/grid__plain__seed0__epoch_030__r-_G-__probes__f32.jsonl,recalibrated
plain,0,-0.475,0.025,2.9996719970703123,2.85835693359375,maxmonstre/eval/grid__plain__seed0__epoch_030__r-_G-__probes__f32.jsonl,recalibrated
plain,0,-0.475,0.05,2.9949368896484376,2.8668203125,maxmonstre/eval/grid__plain__seed0__epoch_030__r-_G-__probes__f32.jsonl,recalibrated
plain,0,-0.475,0.075,2.9956702880859374,2.884869018554688,maxmonstre/eval/grid__plain__seed0__epoch_030__r-_G-__probes__f32.jsonl,recalibrated
plain,0,-0.475,0.1,3.001179565429688,2.909654541015625,maxmonstre/eval/grid__plain__seed0__epoch_030__r-_G-__probes__f32.jsonl,recalibrated
plain,0,-0.475,0.125,3.0135771484375,2.9397274169921874,maxmonstre/eval/grid__plain__seed0__epoch_030__r-_G-__probes__f32.jsonl,recalibrated
plain,0,-0.475,0.15,3.0255352783203127,2.9702208251953124,maxmonstre/eval/grid__plain__seed0__epoch_030__r-_G-__probes__f32.jsonl,recalibrated
plain,0,-0.475,0.175,3.037892578125,3.0026854248046875,maxmonstre/eval/grid__plain__seed0__epoch_030__r-_G-__probes__f32.jsonl,recalibrated
plain,0,-0.475,0.2,3.063990234375,3.033357666015625,maxmonstre/eval/grid__plain__seed0__epoch_030__r-_G-__probes__f32.jsonl,recalibrated
plain,0,-0.475,0.225,3.1063040771484376,3.066662353515625,maxmonstre/eval/grid__plain__seed0__epoch_030__r-_G-__probes__f32.jsonl,recalibrated
plain,0,-0.475,0.25,3.1429417724609374,3.114757568359375,maxmonstre/eval/grid__plain__seed0__epoch_030__r-_G-__probes__f32.jsonl,recalibrated
plain,0,-0.475,0.275,3.1725308837890625,3.1769627685546875,maxmonstre/eval/grid__plain__seed0__epoch_030__r-_G-__probes__f32.jsonl,recalibrated
plain,0,-0.475,0.3,3.209248046875,3.2457960205078127,maxmonstre/eval/grid__plain__seed0__epoch_030__r-_G-__probes__f32.jsonl,recalibrated
plain,0,-0.475,0.325,3.2462178955078125,3.314219482421875,maxmonstre/eval/grid__plain__seed0__epoch_030__r-_G-__probes__f32.jsonl,recalibrated
plain,0,-0.475,0.35,3.2874532470703124,3.381495361328125,maxmonstre/eval/grid__plain__seed0__epoch_030__r-_G-__probes__f32.jsonl,recalibrated
plain,0,-0.475,0.375,3.327520263671875,3.441654663085937,maxmonstre/eval/grid__plain__seed0__epoch_030__r-_G-__probes__f32.jsonl,recalibrated
plain,0,-0.475,0.4,3.367359619140625,3.500333251953125,maxmonstre/eval/grid__plain__seed0__epoch_030__r-_G-__probes__f32.jsonl,recalibrated
plain,0,-0.475,0.425,3.411485107421875,3.55501953125,maxmonstre/eval/grid__plain__seed0__epoch_030__r-_G-__probes__f32.jsonl,recalibrated
plain,0,-0.475,0.45,3.45006787109375,3.599935302734375,maxmonstre/eval/grid__plain__seed0__epoch_030__r-_G-__probes__f32.jsonl,recalibrated
plain,0,-0.475,0.475,3.47978955078125,3.634827392578125,maxmonstre/eval/grid__plain__seed0__epoch_030__r-_G-__probes__f32.jsonl,recalibrated
plain,0,-0.475,0.5,3.5029566650390627,3.663431640625,maxmonstre/eval/grid__plain__seed0__epoch_030__r-_G-__probes__f32.jsonl,recalibrated
plain,0,-0.45,-0.5,4.238489990234375,4.267425048828125,maxmonstre/eval/grid__plain__seed0__epoch_030__r-_G-__probes__f32.jsonl,recalibrated
plain,0,-0.45,-0.475,4.1288349609375,4.164587646484375,maxmonstre/eval/grid__plain__seed0__epoch_030__r-_G-__probes__f32.jsonl,recalibrated
plain,0,-0.45,-0.45,4.021352905273438,4.06460693359375,maxmonstre/eval/grid__plain__seed0__epoch_030__r-_G-__probes__f32.jsonl,recalibrated
plain,0,-0.45,-0.425,3.91562744140625,3.964043212890625,maxmonstre/eval/grid__plain__seed0__epoch_030__r-_G-__probes__f32.jsonl,recalibrated
plain,0,-0.45,-0.4,3.818007568359375,3.865479614257812,maxmonstre/eval/grid__plain__seed0__epoch_030__r-_G-__probes__f32.jsonl,recalibrated
plain,0,-0.45,-0.375,3.721621826171875,3.771959838867188,maxmonstre/eval/grid__plain__seed0__epoch_030__r-_G-__probes__f32.jsonl,recalibrated
plain,0,-0.45,-0.35,3.621771728515625,3.674518310546875,maxmonstre/eval/grid__plain__seed0__epoch_030__r-_G-__probes__f32.jsonl,recalibrated
plain,0,-0.45,-0.325,3.5270604248046875,3.579068237304688,maxmonstre/eval/grid__plain__seed0__epoch_030__r-_G-__probes__f32.jsonl,recalibrated
plain,0,-0.45,-0.3,3.44160498046875,3.48745068359375,maxmonstre/eval/grid__plain__seed0__epoch_030__r-_G-__probes__f32.jsonl,recalibrated
plain,0,-0.45,-0.275,3.357084838867188,3.3977193603515623,maxmonstre/eval/grid__plain__seed0__epoch_030__r-_G-__probes__f32.jsonl,recalibrated
plain,0,-0.45,-0.25,3.28212890625,3.3133458251953125,maxmonstre/eval/grid__plain__seed0__epoch_030__r-_G-__probes__f32.jsonl,recalibrated
plain,0,-0.45,-0.225,3.20632666015625,3.230171142578125,maxmonstre/eval/grid__plain__seed0__epoch_030__r-_G-__probes__f32.jsonl,recalibrated
plain,0,-0.45,-0.2,3.135931884765625,3.1552154541015627,maxmonstre/eval/grid__plain__seed0__epoch_030__r-_G-__probes__f32.jsonl,recalibrated
plain,0,-0.45,-0.175,3.0691741943359374,3.0892371826171874,maxmonstre/eval/grid__plain__seed0__epoch_030__r-_G-__probes__f32.jsonl,recalibrated
plain,0,-0.45,-0.15,3.0175087890625,3.0233349609375,maxmonstre/eval/grid__plain__seed0__epoch_030__r-_G-__probes__f32.jsonl,recalibrated
plain,0,-0.45,-0.125,2.981640380859375,2.9648096923828127,maxmonstre/eval/grid__plain__seed0__epoch_030__r-_G-__probes__f32.jsonl,recalibrated
plain,0,-0.45,-0.1,2.95775,2.911377563476562,maxmonstre/eval/grid__plain__seed0__epoch_030__r-_G-__probes__f32.jsonl,recalibrated
plain,0,-0.45,-0.075,2.93277392578125,2.86208251953125,maxmonstre/eval/grid__plain__seed0__epoch_030__r-_G-__probes__f32.jsonl,recalibrated
plain,0,-0.45,-0.05,2.9066348876953123,2.8152647705078127,maxmonstre/eval/grid__plain__seed0__epoch_030__r-_G-__probes__f32.jsonl,recalibrated
plain,0,-0.45,-0.025,2.884439697265625,2.78023876953125,maxmonstre/eval/grid__plain__seed0__epoch_030__r-_G-__probes__f32.jsonl,recalibrated
plain,0,-0.45,0.0,2.874954833984375,2.7539210205078124,maxmonstre/eval/grid__plain__seed0__epoch_030__r-_G-__probes__f32.jsonl,recalibrated
plain,0,-0.45,0.025,2.869886596679688,2.746225219726562,maxmonstre/eval/grid__plain__seed0__epoch_030__r-_G-__probes__f32.jsonl,recalibrated
plain,0,-0.45,0.05,2.8693785400390626,2.7564971923828123,maxmonstre/eval/grid__plain__seed0__epoch_030__r-_G-__probes__f32.jsonl,recalibrated
plain,0,-0.45,0.075,2.8768544921875,2.7796661376953127,maxmonstre/eval/grid__plain__seed0__epoch_030__r-_G-__probes__f32.jsonl,recalibrated
plain,0,-0.45,0.1,2.89495068359375,2.8088131103515623,maxmonstre/eval/grid__plain__seed0__epoch_030__r-_G-__probes__f32.jsonl,recalibrated
plain,0,-0.45,0.125,2.917034057617188,2.84497509765625,maxmonstre/eval/grid__plain__seed0__epoch_030__r-_G-__probes__f32.jsonl,recalibrated
plain,0,-0.45,0.15,2.938161010742188,2.884044677734375,maxmonstre/eval/grid__plain__seed0__epoch_030__r-_G-__probes__f32.jsonl,recalibrated
plain,0,-0.45,0.175,2.955595458984375,2.920072265625,maxmonstre/eval/grid__plain__seed0__epoch_030__r-_G-__probes__f32.jsonl,recalibrated
plain,0,-0.45,0.2,2.984877685546875,2.957192138671875,maxmonstre/eval/grid__plain__seed0__epoch_030__r-_G-__probes__f32.jsonl,recalibrated
plain,0,-0.45,0.225,3.0253885498046875,3.001076049804688,maxmonstre/eval/grid__plain__seed0__epoch_030__r-_G-__probes__f32.jsonl,recalibrated
plain,0,-0.45,0.25,3.0682705078125,3.05348388671875,maxmonstre/eval/grid__plain__seed0__epoch_030__r-_G-__probes__f32.jsonl,recalibrated
plain,0,-0.45,0.275,3.1085028076171874,3.120084838867188,maxmonstre/eval/grid__plain__seed0__epoch_030__r-_G-__probes__f32.jsonl,recalibrated
plain,0,-0.45,0.3,3.14950244140625,3.194973876953125,maxmonstre/eval/grid__plain__seed0__epoch_030__r-_G-__probes__f32.jsonl,recalibrated
plain,0,-0.45,0.325,3.196817626953125,3.270154663085937,maxmonstre/eval/grid__plain__seed0__epoch_030__r-_G-__probes__f32.jsonl,recalibrated
plain,0,-0.45,0.35,3.246407958984375,3.343156982421875,maxmonstre/eval/grid__plain__seed0__epoch_030__r-_G-__probes__f32.jsonl,recalibrated
plain,0,-0.45,0.375,3.2989150390625,3.4082154541015623,maxmonstre/eval/grid__plain__seed0__epoch_030__r-_G-__probes__f32.jsonl,recalibrated
plain,0,-0.45,0.4,3.347433959960937,3.4624542236328124,maxmonstre/eval/grid__plain__seed0__epoch_030__r-_G-__probes__f32.jsonl,recalibrated
plain,0,-0.45,0.425,3.390330810546875,3.5125216064453126,maxmonstre/eval/grid__plain__seed0__epoch_030__r-_G-__probes__f32.jsonl,recalibrated
plain,0,-0.45,0.45,3.430691162109375,3.55573681640625,maxmonstre/eval/grid__plain__seed0__epoch_030__r-_G-__probes__f32.jsonl,recalibrated
plain,0,-0.45,0.475,3.459303466796875,3.591449462890625,maxmonstre/eval/grid__plain__seed0__epoch_030__r-_G-__probes__f32.jsonl,recalibrated
plain,0,-0.45,0.5,3.4782552490234373,3.6241337890625,maxmonstre/eval/grid__plain__seed0__epoch_030__r-_G-__probes__f32.jsonl,recalibrated
plain,0,-0.425,-0.5,4.16289794921875,4.184598388671875,maxmonstre/eval/grid__plain__seed0__epoch_030__r-_G-__probes__f32.jsonl,recalibrated
plain,0,-0.425,-0.475,4.046809814453125,4.075834594726563,maxmonstre/eval/grid__plain__seed0__epoch_030__r-_G-__probes__f32.jsonl,recalibrated
plain,0,-0.425,-0.45,3.933811279296875,3.9704945068359376,maxmonstre/eval/grid__plain__seed0__epoch_030__r-_G-__probes__f32.jsonl,recalibrated
plain,0,-0.425,-0.425,3.823307739257813,3.867280029296875,maxmonstre/eval/grid__plain__seed0__epoch_030__r-_G-__probes__f32.jsonl,recalibrated
plain,0,-0.425,-0.4,3.71222998046875,3.758432861328125,maxmonstre/eval/grid__plain__seed0__epoch_030__r-_G-__probes__f32.jsonl,recalibrated
plain,0,-0.425,-0.375,3.6063958740234376,3.659061279296875,maxmonstre/eval/grid__plain__seed0__epoch_030__r-_G-__probes__f32.jsonl,recalibrated
plain,0,-0.425,-0.35,3.50199462890625,3.5617647705078124,maxmonstre/eval/grid__plain__seed0__epoch_030__r-_G-__probes__f32.jsonl,recalibrated
plain,0,-0.425,-0.325,3.4005408935546875,3.4634385986328127,maxmonstre/eval/grid__plain__seed0__epoch_030__r-_G-__probes__f32.jsonl,recalibrated
plain,0,-0.425,-0.3,3.3087620849609376,3.3696932373046877,maxmonstre/eval/grid__plain__seed0__epoch_030__r-_G-__probes__f32.jsonl,recalibrated
plain,0,-0.425,-0.275,3.2189390869140624,3.2779801025390625,maxmonstre/eval/grid__plain__seed0__epoch_030__r-_G-__probes__f32.jsonl,recalibrated
plain,0,-0.425,-0.25,3.1362781982421875,3.189395751953125,maxmonstre/eval/grid__plain__seed0__epoch_030__r-_G-__probes__f32.jsonl,recalibrated
plain,0,-0.425,-0.225,3.0580009765625,3.098081909179688,maxmonstre/eval/grid__plain__seed0__epoch_030__r-_G-__probes__f32.jsonl,recalibrated
plain,0,-0.425,-0.2,2.9838516845703125,3.0173966064453124,maxmonstre/eval/grid__plain__seed0__epoch_030__r-_G-__probes__f32.jsonl,recalibrated
plain,0,-0.425,-0.175,2.9183314208984377,2.944540283203125,maxmonstre/eval/grid__plain__seed0__epoch_030__r-_G-__probes__f32.jsonl,recalibrated
plain,0,-0.425,-0.15,2.863359375,2.8800860595703126,maxmonstre/eval/grid__plain__seed0__epoch_030__r-_G-__probes__f32.jsonl,recalibrated
plain,0,-0.425,-0.125,2.8221884765625,2.8224285888671874,maxmonstre/eval/grid__plain__seed0__epoch_030__r-_G-__probes__f32.jsonl,recalibrated
plain,0,-0.425,-0.1,2.7987520751953125,2.775369140625,maxmonstre/eval/grid__plain__seed0__epoch_030__r-_G-__probes__f32.jsonl,recalibrated
plain,0,-0.425,-0.075,2.77677685546875,2.730439697265625,maxmonstre/eval/grid__plain__seed0__epoch_030__r-_G-__probes__f32.jsonl,recalibrated
plain,0,-0.425,-0.05,2.753834838867188,2.6891663818359377,maxmonstre/eval/grid__plain__seed0__epoch_030__r-_G-__probes__f32.jsonl,recalibrated
plain,0,-0.425,-0.025,2.7347413330078125,2.65633251953125,maxmonstre/eval/grid__plain__seed0__epoch_030__r-_G-__probes__f32.jsonl,recalibrated
plain,0,-0.425,0.0,2.7248121337890625,2.633772216796875,maxmonstre/eval/grid__plain__seed0__epoch_030__r-_G-__probes__f32.jsonl,recalibrated
plain,0,-0.425,0.025,2.721856689453125,2.6297353515625,maxmonstre/eval/grid__plain__seed0__epoch_030__r-_G-__probes__f32.jsonl,recalibrated
plain,0,-0.425,0.05,2.7293848876953124,2.64167919921875,maxmonstre/eval/grid__plain__seed0__epoch_030__r-_G-__probes__f32.jsonl,recalibrated
plain,0,-0.425,0.075,2.75096923828125,2.6665166015625,maxmonstre/eval/grid__plain__seed0__epoch_030__r-_G-__probes__f32.jsonl,recalibrated
plain,0,-0.425,0.1,2.779143310546875,2.7029034423828127,maxmonstre/eval/grid__plain__seed0__epoch_030__r-_G-__probes__f32.jsonl,recalibrated
plain,0,-0.425,0.125,2.810777587890625,2.7415858154296875,maxmonstre/eval/grid__plain__seed0__epoch_030__r-_G-__probes__f32.jsonl,recalibrated
plain,0,-0.425,0.15,2.8416856689453125,2.783170654296875,maxmonstre/eval/grid__plain__seed0__epoch_030__r-_G-__probes__f32.jsonl,recalibrated
plain,0,-0.425,0.175,2.87013037109375,2.824759765625,maxmonstre/eval/grid__plain__seed0__epoch_030__r-_G-__probes__f32.jsonl,recalibrated
plain,0,-0.425,0.2,2.905531005859375,2.87140283203125,maxmonstre/eval/grid__plain__seed0__epoch_030__r-_G-__probes__f32.jsonl,recalibrated
plain,0,-0.425,0.225,2.943869384765625,2.925678955078125,maxmonstre/eval/grid__plain__seed0__epoch_030__r-_G-__probes__f32.jsonl,recalibrated
plain,0,-0.425,0.25,2.9889853515625,2.9870836181640623,maxmonstre/eval/grid__plain__seed0__epoch_030__r-_G-__probes__f32.jsonl,recalibrated
plain,0,-0.425,0.275,3.036240966796875,3.0562530517578126,maxmonstre/eval/grid__plain__seed0__epoch_030__r-_G-__probes__f32.jsonl,recalibrated
plain,0,-0.425,0.3,3.0868924560546875,3.1382427978515626,maxmonstre/eval/grid__plain__seed0__epoch_030__r-_G-__probes__f32.jsonl,recalibrated
plain,0,-0.425,0.325,3.145352905273437,3.2179482421875,maxmonstre/eval/grid__plain__seed0__epoch_030__r-_G-__probes__f32.jsonl,recalibrated
plain,0,-0.425,0.35,3.20477099609375,3.291768432617188,maxmonstre/eval/grid__plain__seed0__epoch_030__r-_G-__probes__f32.jsonl,recalibrated
plain,0,-0.425,0.375,3.2654940185546875,3.356486083984375,maxmonstre/eval/grid__plain__seed0__epoch_030__r-_G-__probes__f32.jsonl,recalibrated
plain,0,-0.425,0.4,3.31705908203125,3.4096802978515623,maxmonstre/eval/grid__plain__seed0__epoch_030__r-_G-__probes__f32.jsonl,recalibrated
plain,0,-0.425,0.425,3.3609140625,3.4580257568359376,maxmonstre/eval/grid__plain__seed0__epoch_030__r-_G-__probes__f32.jsonl,recalibrated
plain,0,-0.425,0.45,3.39870751953125,3.50441357421875,maxmonstre/eval/grid__plain__seed0__epoch_030__r-_G-__probes__f32.jsonl,recalibrated
plain,0,-0.425,0.475,3.4223626708984374,3.5446236572265626,maxmonstre/eval/grid__plain__seed0__epoch_030__r-_G-__probes__f32.jsonl,recalibrated
plain,0,-0.425,0.5,3.444215087890625,3.5738544921875,maxmonstre/eval/grid__plain__seed0__epoch_030__r-_G-__probes__f32.jsonl,recalibrated
plain,0,-0.4,-0.5,4.072617065429688,4.101001220703125,maxmonstre/eval/grid__plain__seed0__epoch_030__r-_G-__probes__f32.jsonl,recalibrated
plain,0,-0.4,-0.475,3.958587646484375,3.986955078125,maxmonstre/eval/grid__plain__seed0__epoch_030__r-_G-__probes__f32.jsonl,recalibrated
plain,0,-0.4,-0.45,3.8471334228515626,3.8763212890625,maxmonstre/eval/grid__plain__seed0__epoch_030__r-_G-__probes__f32.jsonl,recalibrated
plain,0,-0.4,-0.425,3.730349609375,3.767466796875,maxmonstre/eval/grid__plain__seed0__epoch_030__r-_G-__probes__f32.jsonl,recalibrated
plain,0,-0.4,-0.4,3.60634130859375,3.6546707763671873,maxmonstre/eval/grid__plain__seed0__epoch_030__r-_G-__probes__f32.jsonl,recalibrated
plain,0,-0.4,-0.375,3.485894287109375,3.5472357177734377,maxmonstre/eval/grid__plain__seed0__epoch_030__r-_G-__probes__f32.jsonl,recalibrated
plain,0,-0.4,-0.35,3.372552978515625,3.443709228515625,maxmonstre/eval/grid__plain__seed0__epoch_030__r-_G-__probes__f32.jsonl,recalibrated
plain,0,-0.4,-0.325,3.2647701416015624,3.339004272460937,maxmonstre/eval/grid__plain__seed0__epoch_030__r-_G-__probes__f32.jsonl,recalibrated
plain,0,-0.4,-0.3,3.1637408447265627,3.239795654296875,maxmonstre/eval/grid__plain__seed0__epoch_030__r-_G-__probes__f32.jsonl,recalibrated
plain,0,-0.4,-0.275,3.0667039794921878,3.14478857421875,maxmonstre/eval/grid__plain__seed0__epoch_030__r-_G-__probes__f32.jsonl,recalibrated
plain,0,-0.4,-0.25,2.981215087890625,3.0564967041015625,maxmonstre/eval/grid__plain__seed0__epoch_030__r-_G-__probes__f32.jsonl,recalibrated
plain,0,-0.4,-0.225,2.9009501953125,2.9642384033203126,maxmonstre/eval/grid__plain__seed0__epoch_030__r-_G-__probes__f32.jsonl,recalibrated
plain,0,-0.4,-0.2,2.821815673828125,2.8770184326171875,maxmonstre/eval/grid__plain__seed0__epoch_030__r-_G-__probes__f32.jsonl,recalibrated
plain,0,-0.4,-0.175,2.7525986328125,2.7941597900390627,maxmonstre/eval/grid__plain__seed0__epoch_030__r-_G-__probes__f32.jsonl,recalibrated
plain,0,-0.4,-0.15,2.69333154296875,2.7263057861328126,maxmonstre/eval/grid__plain__seed0__epoch_030__r-_G-__probes__f32.jsonl,recalibrated
plain,0,-0.4,-0.125,2.650199096679688,2.6746253662109374,maxmonstre/eval/grid__plain__seed0__epoch_030__r-_G-__probes__f32.jsonl,recalibrated
plain,0,-0.4,-0.1,2.6228297119140627,2.633999755859375,maxmonstre/eval/grid__plain__seed0__epoch_030__r-_G-__probes__f32.jsonl,recalibrated
plain,0,-0.4,-0.075,2.6047320556640625,2.5974083251953126,maxmonstre/eval/grid__plain__seed0__epoch_030__r-_G-__probes__f32.jsonl,recalibrated
plain,0,-0.4,-0.05,2.5906217041015625,2.562313354492188,maxmonstre/eval/grid__plain__seed0__epoch_030__r-_G-__probes__f32.jsonl,recalibrated
plain,0,-0.4,-0.025,2.571677734375,2.53221484375,maxmonstre/eval/grid__plain__seed0__epoch_030__r-_G-__probes__f32.jsonl,recalibrated
plain,0,-0.4,0.0,2.56320703125,2.512635986328125,maxmonstre/eval/grid__plain__seed0__epoch_030__r-_G-__probes__f32.jsonl,recalibrated
plain,0,-0.4,0.025,2.56567626953125,2.507034545898437,maxmonstre/eval/grid__plain__seed0__epoch_030__r-_G-__probes__f32.jsonl,recalibrated
plain,0,-0.4,0.05,2.5833343505859374,2.522032958984375,maxmonstre/eval/grid__plain__seed0__epoch_030__r-_G-__probes__f32.jsonl,recalibrated
plain,0,-0.4,0.075,2.6103992919921875,2.5513475341796874,maxmonstre/eval/grid__plain__seed0__epoch_030__r-_G-__probes__f32.jsonl,recalibrated
plain,0,-0.4,0.1,2.650677978515625,2.590051025390625,maxmonstre/eval/grid__plain__seed0__epoch_030__r-_G-__probes__f32.jsonl,recalibrated
plain,0,-0.4,0.125,2.6948179931640626,2.6309791259765625,maxmonstre/eval/grid__plain__seed0__epoch_030__r-_G-__probes__f32.jsonl,recalibrated
plain,0,-0.4,0.15,2.7326859130859376,2.6787222900390626,maxmonstre/eval/grid__plain__seed0__epoch_030__r-_G-__probes__f32.jsonl,recalibrated
plain,0,-0.4,0.175,2.7673070068359373,2.72899365234375,maxmonstre/eval/grid__plain__seed0__epoch_030__r-_G-__probes__f32.jsonl,recalibrated
plain,0,-0.4,0.2,2.811592041015625,2.778051513671875,maxmonstre/eval/grid__plain__seed0__epoch_030__r-_G-__probes__f32.jsonl,recalibrated
plain,0,-0.4,0.225,2.8569971923828126,2.839802978515625,maxmonstre/eval/grid__plain__seed0__epoch_030__r-_G-__probes__f32.jsonl,recalibrated
plain,0,-0.4,0.25,2.9038505859375,2.9081778564453127,maxmonstre/eval/grid__plain__seed0__epoch_030__r-_G-__probes__f32.jsonl,recalibrated
plain,0,-0.4,0.275,2.9582869873046875,2.9818955078125,maxmonstre/eval/grid__plain__seed0__epoch_030__r-_G-__probes__f32.jsonl,recalibrated
plain,0,-0.4,0.3,3.018149536132813,3.063636474609375,maxmonstre/eval/grid__plain__seed0__epoch_030__r-_G-__probes__f32.jsonl,recalibrated
plain,0,-0.4,0.325,3.0853944091796874,3.15005859375,maxmonstre/eval/grid__plain__seed0__epoch_030__r-_G-__probes__f32.jsonl,recalibrated
plain,0,-0.4,0.35,3.15298974609375,3.2253624267578127,maxmonstre/eval/grid__plain__seed0__epoch_030__r-_G-__probes__f32.jsonl,recalibrated
plain,0,-0.4,0.375,3.218003662109375,3.287137451171875,maxmonstre/eval/grid__plain__seed0__epoch_030__r-_G-__probes__f32.jsonl,recalibrated
plain,0,-0.4,0.4,3.2792279052734377,3.34382470703125,maxmonstre/eval/grid__plain__seed0__epoch_030__r-_G-__probes__f32.jsonl,recalibrated
plain,0,-0.4,0.425,3.3262965087890626,3.3966446533203123,maxmonstre/eval/grid__plain__seed0__epoch_030__r-_G-__probes__f32.jsonl,recalibrated
plain,0,-0.4,0.45,3.358344116210937,3.447565673828125,maxmonstre/eval/grid__plain__seed0__epoch_030__r-_G-__probes__f32.jsonl,recalibrated
plain,0,-0.4,0.475,3.385529052734375,3.491188232421875,maxmonstre/eval/grid__plain__seed0__epoch_030__r-_G-__probes__f32.jsonl,recalibrated
plain,0,-0.4,0.5,3.410760986328125,3.5203929443359376,maxmonstre/eval/grid__plain__seed0__epoch_030__r-_G-__probes__f32.jsonl,recalibrated
plain,0,-0.375,-0.5,3.97888330078125,4.013580810546875,maxmonstre/eval/grid__plain__seed0__epoch_030__r-_G-__probes__f32.jsonl,recalibrated
plain,0,-0.375,-0.475,3.860447998046875,3.9055341796875,maxmonstre/eval/grid__plain__seed0__epoch_030__r-_G-__probes__f32.jsonl,recalibrated
plain,0,-0.375,-0.45,3.744140625,3.791699340820312,maxmonstre/eval/grid__plain__seed0__epoch_030__r-_G-__probes__f32.jsonl,recalibrated
plain,0,-0.375,-0.425,3.626953857421875,3.678962646484375,maxmonstre/eval/grid__plain__seed0__epoch_030__r-_G-__probes__f32.jsonl,recalibrated
plain,0,-0.375,-0.4,3.49948388671875,3.5569571533203126,maxmonstre/eval/grid__plain__seed0__epoch_030__r-_G-__probes__f32.jsonl,recalibrated
plain,0,-0.375,-0.375,3.36683447265625,3.4377015380859377,maxmonstre/eval/grid__plain__seed0__epoch_030__r-_G-__probes__f32.jsonl,recalibrated
plain,0,-0.375,-0.35,3.239195190429688,3.32218701171875,maxmonstre/eval/grid__plain__seed0__epoch_030__r-_G-__probes__f32.jsonl,recalibrated
plain,0,-0.375,-0.325,3.121064208984375,3.2116943359375,maxmonstre/eval/grid__plain__seed0__epoch_030__r-_G-__probes__f32.jsonl,recalibrated
plain,0,-0.375,-0.3,3.0149351806640623,3.110400146484375,maxmonstre/eval/grid__plain__seed0__epoch_030__r-_G-__probes__f32.jsonl,recalibrated
plain,0,-0.375,-0.275,2.911692138671875,3.01300146484375,maxmonstre/eval/grid__plain__seed0__epoch_030__r-_G-__probes__f32.jsonl,recalibrated
plain,0,-0.375,-0.25,2.8214664306640627,2.919773193359375,maxmonstre/eval/grid__plain__seed0__epoch_030__r-_G-__probes__f32.jsonl,recalibrated
plain,0,-0.375,-0.225,2.73577685546875,2.8261448974609373,maxmonstre/eval/grid__plain__seed0__epoch_030__r-_G-__probes__f32.jsonl,recalibrated
plain,0,-0.375,-0.2,2.649693603515625,2.7336826171875,maxmonstre/eval/grid__plain__seed0__epoch_030__r-_G-__probes__f32.jsonl,recalibrated
plain,0,-0.375,-0.175,2.5760787353515626,2.649447265625,maxmonstre/eval/grid__plain__seed0__epoch_030__r-_G-__probes__f32.jsonl,recalibrated
plain,0,-0.375,-0.15,2.5119000244140626,2.57684814453125,maxmonstre/eval/grid__plain__seed0__epoch_030__r-_G-__probes__f32.jsonl,recalibrated
plain,0,-0.375,-0.125,2.462369873046875,2.5261070556640624,maxmonstre/eval/grid__plain__seed0__epoch_030__r-_G-__probes__f32.jsonl,recalibrated
plain,0,-0.375,-0.1,2.434341552734375,2.4856663818359377,maxmonstre/eval/grid__plain__seed0__epoch_030__r-_G-__probes__f32.jsonl,recalibrated
plain,0,-0.375,-0.075,2.4198184814453123,2.452917724609375,maxmonstre/eval/grid__plain__seed0__epoch_030__r-_G-__probes__f32.jsonl,recalibrated
plain,0,-0.375,-0.05,2.4125123291015624,2.4239344482421874,maxmonstre/eval/grid__plain__seed0__epoch_030__r-_G-__probes__f32.jsonl,recalibrated
plain,0,-0.375,-0.025,2.4006968994140623,2.401128173828125,maxmonstre/eval/grid__plain__seed0__epoch_030__r-_G-__probes__f32.jsonl,recalibrated
plain,0,-0.375,0.0,2.395812866210937,2.387777099609375,maxmonstre/eval/grid__plain__seed0__epoch_030__r-_G-__probes__f32.jsonl,recalibrated
plain,0,-0.375,0.025,2.403748291015625,2.38822998046875,maxmonstre/eval/grid__plain__seed0__epoch_030__r-_G-__probes__f32.jsonl,recalibrated
plain,0,-0.375,0.05,2.426755615234375,2.40489794921875,maxmonstre/eval/grid__plain__seed0__epoch_030__r-_G-__probes__f32.jsonl,recalibrated
plain,0,-0.375,0.075,2.458382568359375,2.4380875244140623,maxmonstre/eval/grid__plain__seed0__epoch_030__r-_G-__probes__f32.jsonl,recalibrated
plain,0,-0.375,0.1,2.5077911376953126,2.479658203125,maxmonstre/eval/grid__plain__seed0__epoch_030__r-_G-__probes__f32.jsonl,recalibrated
plain,0,-0.375,0.125,2.558764404296875,2.524060302734375,maxmonstre/eval/grid__plain__seed0__epoch_030__r-_G-__probes__f32.jsonl,recalibrated
plain,0,-0.375,0.15,2.604761474609375,2.571690185546875,maxmonstre/eval/grid__plain__seed0__epoch_030__r-_G-__probes__f32.jsonl,recalibrated
plain,0,-0.375,0.175,2.648636474609375,2.6246224365234374,maxmonstre/eval/grid__plain__seed0__epoch_030__r-_G-__probes__f32.jsonl,recalibrated
plain,0,-0.375,0.2,2.7004913330078124,2.6824600830078125,maxmonstre/eval/grid__plain__seed0__epoch_030__r-_G-__probes__f32.jsonl,recalibrated
plain,0,-0.375,0.225,2.753297607421875,2.747531005859375,maxmonstre/eval/grid__plain__seed0__epoch_030__r-_G-__probes__f32.jsonl,recalibrated
plain,0,-0.375,0.25,2.809925537109375,2.81452685546875,maxmonstre/eval/grid__plain__seed0__epoch_030__r-_G-__probes__f32.jsonl,recalibrated
plain,0,-0.375,0.275,2.879204833984375,2.8919193115234374,maxmonstre/eval/grid__plain__seed0__epoch_030__r-_G-__probes__f32.jsonl,recalibrated
plain,0,-0.375,0.3,2.94607470703125,2.9789329833984377,maxmonstre/eval/grid__plain__seed0__epoch_030__r-_G-__probes__f32.jsonl,recalibrated
plain,0,-0.375,0.325,3.018116943359375,3.0654488525390624,maxmonstre/eval/grid__plain__seed0__epoch_030__r-_G-__probes__f32.jsonl,recalibrated
plain,0,-0.375,0.35,3.09338818359375,3.1406573486328124,maxmonstre/eval/grid__plain__seed0__epoch_030__r-_G-__probes__f32.jsonl,recalibrated
plain,0,-0.375,0.375,3.161629150390625,3.203614990234375,maxmonstre/eval/grid__plain__seed0__epoch_030__r-_G-__probes__f32.jsonl,recalibrated
plain,0,-0.375,0.4,3.22443603515625,3.2668101806640624,maxmonstre/eval/grid__plain__seed0__epoch_030__r-_G-__probes__f32.jsonl,recalibrated
plain,0,-0.375,0.425,3.274992431640625,3.3248228759765626,maxmonstre/eval/grid__plain__seed0__epoch_030__r-_G-__probes__f32.jsonl,recalibrated
plain,0,-0.375,0.45,3.3119140625,3.385463745117188,maxmonstre/eval/grid__plain__seed0__epoch_030__r-_G-__probes__f32.jsonl,recalibrated
plain,0,-0.375,0.475,3.3493973388671874,3.431975952148437,maxmonstre/eval/grid__plain__seed0__epoch_030__r-_G-__probes__f32.jsonl,recalibrated
plain,0,-0.375,0.5,3.39251220703125,3.4673931884765623,maxmonstre/eval/grid__plain__seed0__epoch_030__r-_G-__probes__f32.jsonl,recalibrated
plain,0,-0.35,-0.5,3.882525146484375,3.93256396484375,maxmonstre/eval/grid__plain__seed0__epoch_030__r-_G-__probes__f32.jsonl,recalibrated
plain,0,-0.35,-0.475,3.7616099853515625,3.822560791015625,maxmonstre/eval/grid__plain__seed0__epoch_030__r-_G-__probes__f32.jsonl,recalibrated
plain,0,-0.35,-0.45,3.63765771484375,3.706094970703125,maxmonstre/eval/grid__plain__seed0__epoch_030__r-_G-__probes__f32.jsonl,recalibrated
plain,0,-0.35,-0.425,3.51076318359375,3.58610888671875,maxmonstre/eval/grid__plain__seed0__epoch_030__r-_G-__probes__f32.jsonl,recalibrated
plain,0,-0.35,-0.4,3.375861328125,3.459556518554688,maxmonstre/eval/grid__plain__seed0__epoch_030__r-_G-__probes__f32.jsonl,recalibrated
plain,0,-0.35,-0.375,3.239208984375,3.334456787109375,maxmonstre/eval/grid__plain__seed0__epoch_030__r-_G-__probes__f32.jsonl,recalibrated
plain,0,-0.35,-0.35,3.1070377197265624,3.204790405273437,maxmonstre/eval/grid__plain__seed0__epoch_030__r-_G-__probes__f32.jsonl,recalibrated
plain,0,-0.35,-0.325,2.9800029296875,3.086558349609375,maxmonstre/eval/grid__plain__seed0__epoch_030__r-_G-__probes__f32.jsonl,recalibrated
plain,0,-0.35,-0.3,2.863622802734375,2.976828125,maxmonstre/eval/grid__plain__seed0__epoch_030__r-_G-__probes__f32.jsonl,recalibrated
plain,0,-0.35,-0.275,2.7578740234375,2.8715242919921877,maxmonstre/eval/grid__plain__seed0__epoch_030__r-_G-__probes__f32.jsonl,recalibrated
plain,0,-0.35,-0.25,2.6571441650390626,2.7710855712890625,maxmonstre/eval/grid__plain__seed0__epoch_030__r-_G-__probes__f32.jsonl,recalibrated
plain,0,-0.35,-0.225,2.560663940429688,2.6755579833984373,maxmonstre/eval/grid__plain__seed0__epoch_030__r-_G-__probes__f32.jsonl,recalibrated
plain,0,-0.35,-0.2,2.469195068359375,2.5868599853515626,maxmonstre/eval/grid__plain__seed0__epoch_030__r-_G-__probes__f32.jsonl,recalibrated
plain,0,-0.35,-0.175,2.3903489990234377,2.50348486328125,maxmonstre/eval/grid__plain__seed0__epoch_030__r-_G-__probes__f32.jsonl,recalibrated
plain,0,-0.35,-0.15,2.3273780517578126,2.4290474853515627,maxmonstre/eval/grid__plain__seed0__epoch_030__r-_G-__probes__f32.jsonl,recalibrated
plain,0,-0.35,-0.125,2.274481201171875,2.373774291992188,maxmonstre/eval/grid__plain__seed0__epoch_030__r-_G-__probes__f32.jsonl,recalibrated
plain,0,-0.35,-0.1,2.2393968505859374,2.3325916748046875,maxmonstre/eval/grid__plain__seed0__epoch_030__r-_G-__probes__f32.jsonl,recalibrated
plain,0,-0.35,-0.075,2.2258837890625,2.3011710205078124,maxmonstre/eval/grid__plain__seed0__epoch_030__r-_G-__probes__f32.jsonl,recalibrated
plain,0,-0.35,-0.05,2.2205283203125,2.2804423828125,maxmonstre/eval/grid__plain__seed0__epoch_030__r-_G-__probes__f32.jsonl,recalibrated
plain,0,-0.35,-0.025,2.215321411132813,2.2594547119140627,maxmonstre/eval/grid__plain__seed0__epoch_030__r-_G-__probes__f32.jsonl,recalibrated
plain,0,-0.35,0.0,2.2178604736328125,2.251418212890625,maxmonstre/eval/grid__plain__seed0__epoch_030__r-_G-__probes__f32.jsonl,recalibrated
plain,0,-0.35,0.025,2.2309300537109373,2.258257080078125,maxmonstre/eval/grid__plain__seed0__epoch_030__r-_G-__probes__f32.jsonl,recalibrated
plain,0,-0.35,0.05,2.25787353515625,2.28071044921875,maxmonstre/eval/grid__plain__seed0__epoch_030__r-_G-__probes__f32.jsonl,recalibrated
plain,0,-0.35,0.075,2.295704956054688,2.317989501953125,maxmonstre/eval/grid__plain__seed0__epoch_030__r-_G-__probes__f32.jsonl,recalibrated
plain,0,-0.35,0.1,2.344174072265625,2.359792236328125,maxmonstre/eval/grid__plain__seed0__epoch_030__r-_G-__probes__f32.jsonl,recalibrated
plain,0,-0.35,0.125,2.3986925048828125,2.40714990234375,maxmonstre/eval/grid__plain__seed0__epoch_030__r-_G-__probes__f32.jsonl,recalibrated
plain,0,-0.35,0.15,2.457185546875,2.459610595703125,maxmonstre/eval/grid__plain__seed0__epoch_030__r-_G-__probes__f32.jsonl,recalibrated
plain,0,-0.35,0.175,2.51225732421875,2.51360693359375,maxmonstre/eval/grid__plain__seed0__epoch_030__r-_G-__probes__f32.jsonl,recalibrated
plain,0,-0.35,0.2,2.568044921875,2.5752039794921875,maxmonstre/eval/grid__plain__seed0__epoch_030__r-_G-__probes__f32.jsonl,recalibrated
plain,0,-0.35,0.225,2.629477783203125,2.6433018798828125,maxmonstre/eval/grid__plain__seed0__epoch_030__r-_G-__probes__f32.jsonl,recalibrated
plain,0,-0.35,0.25,2.7010069580078127,2.7155194091796875,maxmonstre/eval/grid__plain__seed0__epoch_030__r-_G-__probes__f32.jsonl,recalibrated
plain,0,-0.35,0.275,2.7821094970703126,2.79575146484375,maxmonstre/eval/grid__plain__seed0__epoch_030__r-_G-__probes__f32.jsonl,recalibrated
plain,0,-0.35,0.3,2.863820556640625,2.8827677001953127,maxmonstre/eval/grid__plain__seed0__epoch_030__r-_G-__probes__f32.jsonl,recalibrated
plain,0,-0.35,0.325,2.940702880859375,2.969029296875,maxmonstre/eval/grid__plain__seed0__epoch_030__r-_G-__probes__f32.jsonl,recalibrated
plain,0,-0.35,0.35,3.0173638916015624,3.040783081054688,maxmonstre/eval/grid__plain__seed0__epoch_030__r-_G-__probes__f32.jsonl,recalibrated
plain,0,-0.35,0.375,3.091821166992188,3.1020810546875,maxmonstre/eval/grid__plain__seed0__epoch_030__r-_G-__probes__f32.jsonl,recalibrated
plain,0,-0.35,0.4,3.1603634033203125,3.1718194580078123,maxmonstre/eval/grid__plain__seed0__epoch_030__r-_G-__probes__f32.jsonl,recalibrated
plain,0,-0.35,0.425,3.21351611328125,3.24458251953125,maxmonstre/eval/grid__plain__seed0__epoch_030__r-_G-__probes__f32.jsonl,recalibrated
plain,0,-0.35,0.45,3.261167236328125,3.315555908203125,maxmonstre/eval/grid__plain__seed0__epoch_030__r-_G-__probes__f32.jsonl,recalibrated
plain,0,-0.35,0.475,3.31663525390625,3.37184228515625,maxmonstre/eval/grid__plain__seed0__epoch_030__r-_G-__probes__f32.jsonl,recalibrated
plain,0,-0.35,0.5,3.371601318359375,3.4214222412109376,maxmonstre/eval/grid__plain__seed0__epoch_030__r-_G-__probes__f32.jsonl,recalibrated
plain,0,-0.325,-0.5,3.7852545166015625,3.843405517578125,maxmonstre/eval/grid__plain__seed0__epoch_030__r-_G-__probes__f32.jsonl,recalibrated
plain,0,-0.325,-0.475,3.655534912109375,3.72862646484375,maxmonstre/eval/grid__plain__seed0__epoch_030__r-_G-__probes__f32.jsonl,recalibrated
plain,0,-0.325,-0.45,3.523386596679688,3.609927490234375,maxmonstre/eval/grid__plain__seed0__epoch_030__r-_G-__probes__f32.jsonl,recalibrated
plain,0,-0.325,-0.425,3.39004248046875,3.484599365234375,maxmonstre/eval/grid__plain__seed0__epoch_030__r-_G-__probes__f32.jsonl,recalibrated
plain,0,-0.325,-0.4,3.2483052978515623,3.354635498046875,maxmonstre/eval/grid__plain__seed0__epoch_030__r-_G-__probes__f32.jsonl,recalibrated
plain,0,-0.325,-0.375,3.1003507080078125,3.217584716796875,maxmonstre/eval/grid__plain__seed0__epoch_030__r-_G-__probes__f32.jsonl,recalibrated
plain,0,-0.325,-0.35,2.968338256835937,3.084197631835937,maxmonstre/eval/grid__plain__seed0__epoch_030__r-_G-__probes__f32.jsonl,recalibrated
plain,0,-0.325,-0.325,2.83829931640625,2.9554881591796875,maxmonstre/eval/grid__plain__seed0__epoch_030__r-_G-__probes__f32.jsonl,recalibrated
plain,0,-0.325,-0.3,2.7099168701171874,2.834912353515625,maxmonstre/eval/grid__plain__seed0__epoch_030__r-_G-__probes__f32.jsonl,recalibrated
plain,0,-0.325,-0.275,2.593998779296875,2.72056005859375,maxmonstre/eval/grid__plain__seed0__epoch_030__r-_G-__probes__f32.jsonl,recalibrated
plain,0,-0.325,-0.25,2.4834691162109377,2.6123238525390624,maxmonstre/eval/grid__plain__seed0__epoch_030__r-_G-__probes__f32.jsonl,recalibrated
plain,0,-0.325,-0.225,2.3832982177734374,2.509363037109375,maxmonstre/eval/grid__plain__seed0__epoch_030__r-_G-__probes__f32.jsonl,recalibrated
plain,0,-0.325,-0.2,2.291849853515625,2.423048095703125,maxmonstre/eval/grid__plain__seed0__epoch_030__r-_G-__probes__f32.jsonl,recalibrated
plain,0,-0.325,-0.175,2.2112171630859376,2.341707763671875,maxmonstre/eval/grid__plain__seed0__epoch_030__r-_G-__probes__f32.jsonl,recalibrated
plain,0,-0.325,-0.15,2.1454136962890624,2.268569213867188,maxmonstre/eval/grid__plain__seed0__epoch_030__r-_G-__probes__f32.jsonl,recalibrated
plain,0,-0.325,-0.125,2.09022607421875,2.2085089111328124,maxmonstre/eval/grid__plain__seed0__epoch_030__r-_G-__probes__f32.jsonl,recalibrated
plain,0,-0.325,-0.1,2.051177490234375,2.1646505126953124,maxmonstre/eval/grid__plain__seed0__epoch_030__r-_G-__probes__f32.jsonl,recalibrated
plain,0,-0.325,-0.075,2.0326312255859373,2.141314331054688,maxmonstre/eval/grid__plain__seed0__epoch_030__r-_G-__probes__f32.jsonl,recalibrated
plain,0,-0.325,-0.05,2.0240685424804687,2.1290791015625,maxmonstre/eval/grid__plain__seed0__epoch_030__r-_G-__probes__f32.jsonl,recalibrated
plain,0,-0.325,-0.025,2.019992065429688,2.115935974121094,maxmonstre/eval/grid__plain__seed0__epoch_030__r-_G-__probes__f32.jsonl,recalibrated
plain,0,-0.325,0.0,2.02377197265625,2.109464721679688,maxmonstre/eval/grid__plain__seed0__epoch_030__r-_G-__probes__f32.jsonl,recalibrated
plain,0,-0.325,0.025,2.042800720214844,2.1155894775390625,maxmonstre/eval/grid__plain__seed0__epoch_030__r-_G-__probes__f32.jsonl,recalibrated
plain,0,-0.325,0.05,2.073103515625,2.1402265625,maxmonstre/eval/grid__plain__seed0__epoch_030__r-_G-__probes__f32.jsonl,recalibrated
plain,0,-0.325,0.075,2.110724365234375,2.176994873046875,maxmonstre/eval/grid__plain__seed0__epoch_030__r-_G-__probes__f32.jsonl,recalibrated
plain,0,-0.325,0.1,2.16233251953125,2.218894409179688,maxmonstre/eval/grid__plain__seed0__epoch_030__r-_G-__probes__f32.jsonl,recalibrated
plain,0,-0.325,0.125,2.2212039794921874,2.2687579345703126,maxmonstre/eval/grid__plain__seed0__epoch_030__r-_G-__probes__f32.jsonl,recalibrated
plain,0,-0.325,0.15,2.282236572265625,2.3256258544921877,maxmonstre/eval/grid__plain__seed0__epoch_030__r-_G-__probes__f32.jsonl,recalibrated
plain,0,-0.325,0.175,2.3465806884765623,2.388426513671875,maxmonstre/eval/grid__plain__seed0__epoch_030__r-_G-__probes__f32.jsonl,recalibrated
plain,0,-0.325,0.2,2.4121500244140623,2.453237548828125,maxmonstre/eval/grid__plain__seed0__epoch_030__r-_G-__probes__f32.jsonl,recalibrated
plain,0,-0.325,0.225,2.48720458984375,2.528747802734375,maxmonstre/eval/grid__plain__seed0__epoch_030__r-_G-__probes__f32.jsonl,recalibrated
plain,0,-0.325,0.25,2.574756591796875,2.6051434326171874,maxmonstre/eval/grid__plain__seed0__epoch_030__r-_G-__probes__f32.jsonl,recalibrated
plain,0,-0.325,0.275,2.6673685302734373,2.6882908935546874,maxmonstre/eval/grid__plain__seed0__epoch_030__r-_G-__probes__f32.jsonl,recalibrated
plain,0,-0.325,0.3,2.757038818359375,2.77576953125,maxmonstre/eval/grid__plain__seed0__epoch_030__r-_G-__probes__f32.jsonl,recalibrated
plain,0,-0.325,0.325,2.8451539306640625,2.8558475341796874,maxmonstre/eval/grid__plain__seed0__epoch_030__r-_G-__probes__f32.jsonl,recalibrated
plain,0,-0.325,0.35,2.926114501953125,2.925541015625,maxmonstre/eval/grid__plain__seed0__epoch_030__r-_G-__probes__f32.jsonl,recalibrated
plain,0,-0.325,0.375,3.006598022460937,2.994185302734375,maxmonstre/eval/grid__plain__seed0__epoch_030__r-_G-__probes__f32.jsonl,recalibrated
plain,0,-0.325,0.4,3.080572021484375,3.0730843505859373,maxmonstre/eval/grid__plain__seed0__epoch_030__r-_G-__probes__f32.jsonl,recalibrated
plain,0,-0.325,0.425,3.14712548828125,3.158281494140625,maxmonstre/eval/grid__plain__seed0__epoch_030__r-_G-__probes__f32.jsonl,recalibrated
plain,0,-0.325,0.45,3.215869018554688,3.23750927734375,maxmonstre/eval/grid__plain__seed0__epoch_030__r-_G-__probes__f32.jsonl,recalibrated
plain,0,-0.325,0.475,3.28153076171875,3.3107659912109373,maxmonstre/eval/grid__plain__seed0__epoch_030__r-_G-__probes__f32.jsonl,recalibrated
plain,0,-0.325,0.5,3.337843505859375,3.368427001953125,maxmonstre/eval/grid__plain__seed0__epoch_030__r-_G-__probes__f32.jsonl,recalibrated
plain,0,-0.3,-0.5,3.6942972412109376,3.7596455078125,maxmonstre/eval/grid__plain__seed0__epoch_030__r-_G-__probes__f32.jsonl,recalibrated
plain,0,-0.3,-0.475,3.552931396484375,3.6367275390625,maxmonstre/eval/grid__plain__seed0__epoch_030__r-_G-__probes__f32.jsonl,recalibrated
plain,0,-0.3,-0.45,3.40933349609375,3.507115234375,maxmonstre/eval/grid__plain__seed0__epoch_030__r-_G-__probes__f32.jsonl,recalibrated
plain,0,-0.3,-0.425,3.267970825195313,3.3765146484375,maxmonstre/eval/grid__plain__seed0__epoch_030__r-_G-__probes__f32.jsonl,recalibrated
plain,0,-0.3,-0.4,3.1223228759765624,3.2401650390625,maxmonstre/eval/grid__plain__seed0__epoch_030__r-_G-__probes__f32.jsonl,recalibrated
plain,0,-0.3,-0.375,2.97089453125,3.096463134765625,maxmonstre/eval/grid__plain__seed0__epoch_030__r-_G-__probes__f32.jsonl,recalibrated
plain,0,-0.3,-0.35,2.8287994384765627,2.955169189453125,maxmonstre/eval/grid__plain__seed0__epoch_030__r-_G-__probes__f32.jsonl,recalibrated
plain,0,-0.3,-0.325,2.6924464111328126,2.818482666015625,maxmonstre/eval/grid__plain__seed0__epoch_030__r-_G-__probes__f32.jsonl,recalibrated
plain,0,-0.3,-0.3,2.5553658447265626,2.691696044921875,maxmonstre/eval/grid__plain__seed0__epoch_030__r-_G-__probes__f32.jsonl,recalibrated
plain,0,-0.3,-0.275,2.429344482421875,2.565392333984375,maxmonstre/eval/grid__plain__seed0__epoch_030__r-_G-__probes__f32.jsonl,recalibrated
plain,0,-0.3,-0.25,2.3106260986328127,2.447720581054688,maxmonstre/eval/grid__plain__seed0__epoch_030__r-_G-__probes__f32.jsonl,recalibrated
plain,0,-0.3,-0.225,2.20030078125,2.33800341796875,maxmonstre/eval/grid__plain__seed0__epoch_030__r-_G-__probes__f32.jsonl,recalibrated
plain,0,-0.3,-0.2,2.108707275390625,2.24552197265625,maxmonstre/eval/grid__plain__seed0__epoch_030__r-_G-__probes__f32.jsonl,recalibrated
plain,0,-0.3,-0.175,2.032903198242188,2.16185986328125,maxmonstre/eval/grid__plain__seed0__epoch_030__r-_G-__probes__f32.jsonl,recalibrated
plain,0,-0.3,-0.15,1.9657843627929688,2.088670837402344,maxmonstre/eval/grid__plain__seed0__epoch_030__r-_G-__probes__f32.jsonl,recalibrated
plain,0,-0.3,-0.125,1.9095554809570312,2.0278118896484374,maxmonstre/eval/grid__plain__seed0__epoch_030__r-_G-__probes__f32.jsonl,recalibrated
plain,0,-0.3,-0.1,1.871576416015625,1.98676416015625,maxmonstre/eval/grid__plain__seed0__epoch_030__r-_G-__probes__f32.jsonl,recalibrated
plain,0,-0.3,-0.075,1.8479607543945316,1.9680450439453123,maxmonstre/eval/grid__plain__seed0__epoch_030__r-_G-__probes__f32.jsonl,recalibrated
plain,0,-0.3,-0.05,1.8343350830078125,1.9613133544921877,maxmonstre/eval/grid__plain__seed0__epoch_030__r-_G-__probes__f32.jsonl,recalibrated
plain,0,-0.3,-0.025,1.8291298828125,1.9592478637695312,maxmonstre/eval/grid__plain__seed0__epoch_030__r-_G-__probes__f32.jsonl,recalibrated
plain,0,-0.3,0.0,1.8330757446289063,1.956908447265625,maxmonstre/eval/grid__plain__seed0__epoch_030__r-_G-__probes__f32.jsonl,recalibrated
plain,0,-0.3,0.025,1.8465211181640624,1.966411865234375,maxmonstre/eval/grid__plain__seed0__epoch_030__r-_G-__probes__f32.jsonl,recalibrated
plain,0,-0.3,0.05,1.8760357055664063,1.9884470825195315,maxmonstre/eval/grid__plain__seed0__epoch_030__r-_G-__probes__f32.jsonl,recalibrated
plain,0,-0.3,0.075,1.9155902099609372,2.023007507324219,maxmonstre/eval/grid__plain__seed0__epoch_030__r-_G-__probes__f32.jsonl,recalibrated
plain,0,-0.3,0.1,1.965863525390625,2.0629586181640627,maxmonstre/eval/grid__plain__seed0__epoch_030__r-_G-__probes__f32.jsonl,recalibrated
plain,0,-0.3,0.125,2.0280118408203127,2.113669311523437,maxmonstre/eval/grid__plain__seed0__epoch_030__r-_G-__probes__f32.jsonl,recalibrated
plain,0,-0.3,0.15,2.0904739990234376,2.175451171875,maxmonstre/eval/grid__plain__seed0__epoch_030__r-_G-__probes__f32.jsonl,recalibrated
plain,0,-0.3,0.175,2.16153076171875,2.2437574462890626,maxmonstre/eval/grid__plain__seed0__epoch_030__r-_G-__probes__f32.jsonl,recalibrated
plain,0,-0.3,0.2,2.2376680908203124,2.313968994140625,maxmonstre/eval/grid__plain__seed0__epoch_030__r-_G-__probes__f32.jsonl,recalibrated
plain,0,-0.3,0.225,2.3271170654296878,2.39269482421875,maxmonstre/eval/grid__plain__seed0__epoch_030__r-_G-__probes__f32.jsonl,recalibrated
plain,0,-0.3,0.25,2.4307298583984376,2.4792340087890623,maxmonstre/eval/grid__plain__seed0__epoch_030__r-_G-__probes__f32.jsonl,recalibrated
plain,0,-0.3,0.275,2.532726318359375,2.5627998046875,maxmonstre/eval/grid__plain__seed0__epoch_030__r-_G-__probes__f32.jsonl,recalibrated
plain,0,-0.3,0.3,2.632794189453125,2.648427734375,maxmonstre/eval/grid__plain__seed0__epoch_030__r-_G-__probes__f32.jsonl,recalibrated
plain,0,-0.3,0.325,2.732245483398437,2.73073486328125,maxmonstre/eval/grid__plain__seed0__epoch_030__r-_G-__probes__f32.jsonl,recalibrated
plain,0,-0.3,0.35,2.824895751953125,2.806427124023437,maxmonstre/eval/grid__plain__seed0__epoch_030__r-_G-__probes__f32.jsonl,recalibrated
plain,0,-0.3,0.375,2.9196617431640624,2.88855810546875,maxmonstre/eval/grid__plain__seed0__epoch_030__r-_G-__probes__f32.jsonl,recalibrated
plain,0,-0.3,0.4,3.004006103515625,2.97448193359375,maxmonstre/eval/grid__plain__seed0__epoch_030__r-_G-__probes__f32.jsonl,recalibrated
plain,0,-0.3,0.425,3.08250048828125,3.06478564453125,maxmonstre/eval/grid__plain__seed0__epoch_030__r-_G-__probes__f32.jsonl,recalibrated
plain,0,-0.3,0.45,3.16117041015625,3.158226806640625,maxmonstre/eval/grid__plain__seed0__epoch_030__r-_G-__probes__f32.jsonl,recalibrated
plain,0,-0.3,0.475,3.238632568359375,3.244354614257813,maxmonstre/eval/grid__plain__seed0__epoch_030__r-_G-__probes__f32.jsonl,recalibrated
plain,0,-0.3,0.5,3.310111328125,3.315760498046875,maxmonstre/eval/grid__plain__seed0__epoch_030__r-_G-__probes__f32.jsonl,recalibrated
plain,0,-0.275,-0.5,3.6071494140625,3.669203857421875,maxmonstre/eval/grid__plain__seed0__epoch_030__r-_G-__probes__f32.jsonl,recalibrated
plain,0,-0.275,-0.475,3.459900268554688,3.5439066162109376,maxmonstre/eval/grid__plain__seed0__epoch_030__r-_G-__probes__f32.jsonl,recalibrated
plain,0,-0.275,-0.45,3.3077886962890624,3.4115784912109377,maxmonstre/eval/grid__plain__seed0__epoch_030__r-_G-__probes__f32.jsonl,recalibrated
plain,0,-0.275,-0.425,3.156474609375,3.2738321533203125,maxmonstre/eval/grid__plain__seed0__epoch_030__r-_G-__probes__f32.jsonl,recalibrated
plain,0,-0.275,-0.4,3.004698486328125,3.1294561767578126,maxmonstre/eval/grid__plain__seed0__epoch_030__r-_G-__probes__f32.jsonl,recalibrated
plain,0,-0.275,-0.375,2.847983642578125,2.977716674804688,maxmonstre/eval/grid__plain__seed0__epoch_030__r-_G-__probes__f32.jsonl,recalibrated
plain,0,-0.275,-0.35,2.6971549072265626,2.828936279296875,maxmonstre/eval/grid__plain__seed0__epoch_030__r-_G-__probes__f32.jsonl,recalibrated
plain,0,-0.275,-0.325,2.55049267578125,2.688100463867188,maxmonstre/eval/grid__plain__seed0__epoch_030__r-_G-__probes__f32.jsonl,recalibrated
plain,0,-0.275,-0.3,2.404929077148437,2.5549290771484374,maxmonstre/eval/grid__plain__seed0__epoch_030__r-_G-__probes__f32.jsonl,recalibrated
plain,0,-0.275,-0.275,2.2646588134765624,2.4175086669921875,maxmonstre/eval/grid__plain__seed0__epoch_030__r-_G-__probes__f32.jsonl,recalibrated
plain,0,-0.275,-0.25,2.1385491943359374,2.28693896484375,maxmonstre/eval/grid__plain__seed0__epoch_030__r-_G-__probes__f32.jsonl,recalibrated
plain,0,-0.275,-0.225,2.0238021240234376,2.176192138671875,maxmonstre/eval/grid__plain__seed0__epoch_030__r-_G-__probes__f32.jsonl,recalibrated
plain,0,-0.275,-0.2,1.9271624145507813,2.0735480346679687,maxmonstre/eval/grid__plain__seed0__epoch_030__r-_G-__probes__f32.jsonl,recalibrated
plain,0,-0.275,-0.175,1.849783447265625,1.9856114501953128,maxmonstre/eval/grid__plain__seed0__epoch_030__r-_G-__probes__f32.jsonl,recalibrated
plain,0,-0.275,-0.15,1.7820706787109375,1.90988671875,maxmonstre/eval/grid__plain__seed0__epoch_030__r-_G-__probes__f32.jsonl,recalibrated
plain,0,-0.275,-0.125,1.7284547729492188,1.8470964965820316,maxmonstre/eval/grid__plain__seed0__epoch_030__r-_G-__probes__f32.jsonl,recalibrated
plain,0,-0.275,-0.1,1.68832470703125,1.80861181640625,maxmonstre/eval/grid__plain__seed0__epoch_030__r-_G-__probes__f32.jsonl,recalibrated
plain,0,-0.275,-0.075,1.658731201171875,1.7922415161132812,maxmonstre/eval/grid__plain__seed0__epoch_030__r-_G-__probes__f32.jsonl,recalibrated
plain,0,-0.275,-0.05,1.637248291015625,1.7855508422851565,maxmonstre/eval/grid__plain__seed0__epoch_030__r-_G-__probes__f32.jsonl,recalibrated
plain,0,-0.275,-0.025,1.6310327758789065,1.7871231689453124,maxmonstre/eval/grid__plain__seed0__epoch_030__r-_G-__probes__f32.jsonl,recalibrated
plain,0,-0.275,0.0,1.634207763671875,1.79032177734375,maxmonstre/eval/grid__plain__seed0__epoch_030__r-_G-__probes__f32.jsonl,recalibrated
plain,0,-0.275,0.025,1.6479137573242189,1.8011749267578123,maxmonstre/eval/grid__plain__seed0__epoch_030__r-_G-__probes__f32.jsonl,recalibrated
plain,0,-0.275,0.05,1.6754117431640625,1.8228323974609373,maxmonstre/eval/grid__plain__seed0__epoch_030__r-_G-__probes__f32.jsonl,recalibrated
plain,0,-0.275,0.075,1.7120440673828126,1.8553726196289064,maxmonstre/eval/grid__plain__seed0__epoch_030__r-_G-__probes__f32.jsonl,recalibrated
plain,0,-0.275,0.1,1.7591993408203126,1.896720947265625,maxmonstre/eval/grid__plain__seed0__epoch_030__r-_G-__probes__f32.jsonl,recalibrated
plain,0,-0.275,0.125,1.8205633544921875,1.9485313720703128,maxmonstre/eval/grid__plain__seed0__epoch_030__r-_G-__probes__f32.jsonl,recalibrated
plain,0,-0.275,0.15,1.8869976806640625,2.0138325805664063,maxmonstre/eval/grid__plain__seed0__epoch_030__r-_G-__probes__f32.jsonl,recalibrated
plain,0,-0.275,0.175,1.9667559814453128,2.088274658203125,maxmonstre/eval/grid__plain__seed0__epoch_030__r-_G-__probes__f32.jsonl,recalibrated
plain,0,-0.275,0.2,2.056411499023437,2.1640616455078123,maxmonstre/eval/grid__plain__seed0__epoch_030__r-_G-__probes__f32.jsonl,recalibrated
plain,0,-0.275,0.225,2.1558836059570314,2.241977905273437,maxmonstre/eval/grid__plain__seed0__epoch_030__r-_G-__probes__f32.jsonl,recalibrated
plain,0,-0.275,0.25,2.2707265625,2.325845947265625,maxmonstre/eval/grid__plain__seed0__epoch_030__r-_G-__probes__f32.jsonl,recalibrated
plain,0,-0.275,0.275,2.3856285400390624,2.4242049560546874,maxmonstre/eval/grid__plain__seed0__epoch_030__r-_G-__probes__f32.jsonl,recalibrated
plain,0,-0.275,0.3,2.5014990234375,2.5189371337890627,maxmonstre/eval/grid__plain__seed0__epoch_030__r-_G-__probes__f32.jsonl,recalibrated
plain,0,-0.275,0.325,2.612037109375,2.6043619384765626,maxmonstre/eval/grid__plain__seed0__epoch_030__r-_G-__probes__f32.jsonl,recalibrated
plain,0,-0.275,0.35,2.71915673828125,2.6924140625,maxmonstre/eval/grid__plain__seed0__epoch_030__r-_G-__probes__f32.jsonl,recalibrated
plain,0,-0.275,0.375,2.8284600830078124,2.781627197265625,maxmonstre/eval/grid__plain__seed0__epoch_030__r-_G-__probes__f32.jsonl,recalibrated
plain,0,-0.275,0.4,2.9241578369140626,2.8781536865234374,maxmonstre/eval/grid__plain__seed0__epoch_030__r-_G-__probes__f32.jsonl,recalibrated
plain,0,-0.275,0.425,3.0145560302734373,2.978366088867188,maxmonstre/eval/grid__plain__seed0__epoch_030__r-_G-__probes__f32.jsonl,recalibrated
plain,0,-0.275,0.45,3.106131591796875,3.0771787109375,maxmonstre/eval/grid__plain__seed0__epoch_030__r-_G-__probes__f32.jsonl,recalibrated
plain,0,-0.275,0.475,3.194864990234375,3.172785400390625,maxmonstre/eval/grid__plain__seed0__epoch_030__r-_G-__probes__f32.jsonl,recalibrated
plain,0,-0.275,0.5,3.2771046142578126,3.260822265625,maxmonstre/eval/grid__plain__seed0__epoch_030__r-_G-__probes__f32.jsonl,recalibrated
plain,0,-0.25,-0.5,3.514474853515625,3.5865386962890624,maxmonstre/eval/grid__plain__seed0__epoch_030__r-_G-__probes__f32.jsonl,recalibrated
plain,0,-0.25,-0.475,3.365340576171875,3.450884033203125,maxmonstre/eval/grid__plain__seed0__epoch_030__r-_G-__probes__f32.jsonl,recalibrated
plain,0,-0.25,-0.45,3.2101199951171875,3.3122623291015625,maxmonstre/eval/grid__plain__seed0__epoch_030__r-_G-__probes__f32.jsonl,recalibrated
plain,0,-0.25,-0.425,3.0522421875,3.169757568359375,maxmonstre/eval/grid__plain__seed0__epoch_030__r-_G-__probes__f32.jsonl,recalibrated
plain,0,-0.25,-0.4,2.889523681640625,3.0209998779296874,maxmonstre/eval/grid__plain__seed0__epoch_030__r-_G-__probes__f32.jsonl,recalibrated
plain,0,-0.25,-0.375,2.72694921875,2.8695369873046874,maxmonstre/eval/grid__plain__seed0__epoch_030__r-_G-__probes__f32.jsonl,recalibrated
plain,0,-0.25,-0.35,2.562740112304688,2.712675537109375,maxmonstre/eval/grid__plain__seed0__epoch_030__r-_G-__probes__f32.jsonl,recalibrated
plain,0,-0.25,-0.325,2.4052471923828125,2.568749755859375,maxmonstre/eval/grid__plain__seed0__epoch_030__r-_G-__probes__f32.jsonl,recalibrated
plain,0,-0.25,-0.3,2.251265625,2.429594604492188,maxmonstre/eval/grid__plain__seed0__epoch_030__r-_G-__probes__f32.jsonl,recalibrated
plain,0,-0.25,-0.275,2.105018310546875,2.2825526123046878,maxmonstre/eval/grid__plain__seed0__epoch_030__r-_G-__probes__f32.jsonl,recalibrated
plain,0,-0.25,-0.25,1.9753128662109376,2.14325927734375,v2/surfaces.csv,recalibrated
plain,0,-0.25,-0.225,1.8566917724609373,2.024561401367188,v2/surfaces.csv,recalibrated
plain,0,-0.25,-0.2,1.7534444580078126,1.9156285400390625,v2/surfaces.csv,recalibrated
plain,0,-0.25,-0.175,1.668881103515625,1.8274430541992188,v2/surfaces.csv,recalibrated
plain,0,-0.25,-0.15,1.6002486572265624,1.752004150390625,v2/surfaces.csv,recalibrated
plain,0,-0.25,-0.125,1.5415518798828125,1.6908782958984374,v2/surfaces.csv,recalibrated
plain,0,-0.25,-0.1,1.4954308471679687,1.646065673828125,v2/surfaces.csv,recalibrated
plain,0,-0.25,-0.075,1.4607312622070312,1.622197021484375,v2/surfaces.csv,recalibrated
plain,0,-0.25,-0.05,1.4374900512695312,1.6113342895507812,v2/surfaces.csv,recalibrated
plain,0,-0.25,-0.025,1.427470947265625,1.6074584350585936,v2/surfaces.csv,recalibrated
plain,0,-0.25,0.0,1.4301660766601565,1.6122800903320311,v2/surfaces.csv,recalibrated
plain,0,-0.25,0.025,1.4418241577148438,1.622361083984375,v2/surfaces.csv,recalibrated
plain,0,-0.25,0.05,1.4661350708007812,1.642771240234375,v2/surfaces.csv,recalibrated
plain,0,-0.25,0.075,1.502943359375,1.6804513549804687,v2/surfaces.csv,recalibrated
plain,0,-0.25,0.1,1.5503319702148437,1.7283583984375,v2/surfaces.csv,recalibrated
plain,0,-0.25,0.125,1.612975341796875,1.7873770141601562,v2/surfaces.csv,recalibrated
plain,0,-0.25,0.15,1.6854730224609376,1.8512301025390625,v2/surfaces.csv,recalibrated
plain,0,-0.25,0.175,1.7735760498046875,1.923854736328125,v2/surfaces.csv,recalibrated
plain,0,-0.25,0.2,1.87046337890625,2.003985595703125,v2/surfaces.csv,recalibrated
plain,0,-0.25,0.225,1.9827857666015625,2.0854382934570315,v2/surfaces.csv,recalibrated
plain,0,-0.25,0.25,2.105624267578125,2.17954541015625,v2/surfaces.csv,recalibrated
plain,0,-0.25,0.275,2.2372900390625,2.27851171875,maxmonstre/eval/grid__plain__seed0__epoch_030__r-_G-__probes__f32.jsonl,recalibrated
plain,0,-0.25,0.3,2.3605496826171875,2.3794547119140623,maxmonstre/eval/grid__plain__seed0__epoch_030__r-_G-__probes__f32.jsonl,recalibrated
plain,0,-0.25,0.325,2.4827857666015625,2.476920776367188,maxmonstre/eval/grid__plain__seed0__epoch_030__r-_G-__probes__f32.jsonl,recalibrated
plain,0,-0.25,0.35,2.60458837890625,2.574476318359375,maxmonstre/eval/grid__plain__seed0__epoch_030__r-_G-__probes__f32.jsonl,recalibrated
plain,0,-0.25,0.375,2.7187073974609377,2.679563598632813,maxmonstre/eval/grid__plain__seed0__epoch_030__r-_G-__probes__f32.jsonl,recalibrated
plain,0,-0.25,0.4,2.832904296875,2.789864013671875,maxmonstre/eval/grid__plain__seed0__epoch_030__r-_G-__probes__f32.jsonl,recalibrated
plain,0,-0.25,0.425,2.9356103515625,2.899022705078125,maxmonstre/eval/grid__plain__seed0__epoch_030__r-_G-__probes__f32.jsonl,recalibrated
plain,0,-0.25,0.45,3.043341796875,3.008582641601562,maxmonstre/eval/grid__plain__seed0__epoch_030__r-_G-__probes__f32.jsonl,recalibrated
plain,0,-0.25,0.475,3.142311889648437,3.1108482666015624,maxmonstre/eval/grid__plain__seed0__epoch_030__r-_G-__probes__f32.jsonl,recalibrated
plain,0,-0.25,0.5,3.2344351806640623,3.211578979492188,maxmonstre/eval/grid__plain__seed0__epoch_030__r-_G-__probes__f32.jsonl,recalibrated
plain,0,-0.225,-0.5,3.4230751953125,3.4940609130859377,maxmonstre/eval/grid__plain__seed0__epoch_030__r-_G-__probes__f32.jsonl,recalibrated
plain,0,-0.225,-0.475,3.2644998779296874,3.3560296630859376,maxmonstre/eval/grid__plain__seed0__epoch_030__r-_G-__probes__f32.jsonl,recalibrated
plain,0,-0.225,-0.45,3.103721923828125,3.218208251953125,maxmonstre/eval/grid__plain__seed0__epoch_030__r-_G-__probes__f32.jsonl,recalibrated
plain,0,-0.225,-0.425,2.93771435546875,3.072125732421875,maxmonstre/eval/grid__plain__seed0__epoch_030__r-_G-__probes__f32.jsonl,recalibrated
plain,0,-0.225,-0.4,2.769829345703125,2.9167266845703126,maxmonstre/eval/grid__plain__seed0__epoch_030__r-_G-__probes__f32.jsonl,recalibrated
plain,0,-0.225,-0.375,2.59947021484375,2.75825732421875,maxmonstre/eval/grid__plain__seed0__epoch_030__r-_G-__probes__f32.jsonl,recalibrated
plain,0,-0.225,-0.35,2.428791748046875,2.6028603515625,maxmonstre/eval/grid__plain__seed0__epoch_030__r-_G-__probes__f32.jsonl,recalibrated
plain,0,-0.225,-0.325,2.2598428955078127,2.4505947265625,maxmonstre/eval/grid__plain__seed0__epoch_030__r-_G-__probes__f32.jsonl,recalibrated
plain,0,-0.225,-0.3,2.1018353271484376,2.30538330078125,maxmonstre/eval/grid__plain__seed0__epoch_030__r-_G-__probes__f32.jsonl,recalibrated
plain,0,-0.225,-0.275,1.949338134765625,2.1574349365234373,maxmonstre/eval/grid__plain__seed0__epoch_030__r-_G-__probes__f32.jsonl,recalibrated
plain,0,-0.225,-0.25,1.8124190673828124,2.0124362182617186,v2/surfaces.csv,recalibrated
plain,0,-0.225,-0.225,1.6892236328125,1.884632568359375,v2/surfaces.csv,recalibrated
plain,0,-0.225,-0.2,1.5822642822265625,1.770588623046875,v2/surfaces.csv,recalibrated
plain,0,-0.225,-0.175,1.4889055786132812,1.6775202026367189,v2/surfaces.csv,recalibrated
plain,0,-0.225,-0.15,1.4140355224609376,1.605068603515625,v2/surfaces.csv,recalibrated
plain,0,-0.225,-0.125,1.3489697875976563,1.5465066528320313,v2/surfaces.csv,recalibrated
plain,0,-0.225,-0.1,1.292874328613281,1.5005115966796876,v2/surfaces.csv,recalibrated
plain,0,-0.225,-0.075,1.2534774780273437,1.4672998046875,v2/surfaces.csv,recalibrated
plain,0,-0.225,-0.05,1.233352783203125,1.4466681518554687,v2/surfaces.csv,recalibrated
plain,0,-0.225,-0.025,1.2213504638671877,1.43709423828125,v2/surfaces.csv,recalibrated
plain,0,-0.225,0.0,1.22456298828125,1.440298828125,v2/surfaces.csv,recalibrated
plain,0,-0.225,0.025,1.2389443359375,1.4515420532226562,v2/surfaces.csv,recalibrated
plain,0,-0.225,0.05,1.258996337890625,1.4726598510742188,v2/surfaces.csv,recalibrated
plain,0,-0.225,0.075,1.2965422973632812,1.5093721923828125,v2/surfaces.csv,recalibrated
plain,0,-0.225,0.1,1.3460438842773437,1.5587730712890624,v2/surfaces.csv,recalibrated
plain,0,-0.225,0.125,1.4122384033203126,1.6215823974609376,v2/surfaces.csv,recalibrated
plain,0,-0.225,0.15,1.4915079956054689,1.686180908203125,v2/surfaces.csv,recalibrated
plain,0,-0.225,0.175,1.5884063720703123,1.76006396484375,v2/surfaces.csv,recalibrated
plain,0,-0.225,0.2,1.6940419921875,1.8447520141601563,v2/surfaces.csv,recalibrated
plain,0,-0.225,0.225,1.8174561157226563,1.9354615478515624,v2/surfaces.csv,recalibrated
plain,0,-0.225,0.25,1.951521484375,2.034687744140625,v2/surfaces.csv,recalibrated
plain,0,-0.225,0.275,2.084805541992188,2.139392822265625,maxmonstre/eval/grid__plain__seed0__epoch_030__r-_G-__probes__f32.jsonl,recalibrated
plain,0,-0.225,0.3,2.2230039672851563,2.24857470703125,maxmonstre/eval/grid__plain__seed0__epoch_030__r-_G-__probes__f32.jsonl,recalibrated
plain,0,-0.225,0.325,2.357201904296875,2.3533858642578127,maxmonstre/eval/grid__plain__seed0__epoch_030__r-_G-__probes__f32.jsonl,recalibrated
plain,0,-0.225,0.35,2.4891881103515625,2.4644835205078124,maxmonstre/eval/grid__plain__seed0__epoch_030__r-_G-__probes__f32.jsonl,recalibrated
plain,0,-0.225,0.375,2.6162000732421875,2.5814996337890626,maxmonstre/eval/grid__plain__seed0__epoch_030__r-_G-__probes__f32.jsonl,recalibrated
plain,0,-0.225,0.4,2.737563232421875,2.70122265625,maxmonstre/eval/grid__plain__seed0__epoch_030__r-_G-__probes__f32.jsonl,recalibrated
plain,0,-0.225,0.425,2.85440478515625,2.822193603515625,maxmonstre/eval/grid__plain__seed0__epoch_030__r-_G-__probes__f32.jsonl,recalibrated
plain,0,-0.225,0.45,2.972822509765625,2.9360328369140625,maxmonstre/eval/grid__plain__seed0__epoch_030__r-_G-__probes__f32.jsonl,recalibrated
plain,0,-0.225,0.475,3.081566772460937,3.0417314453125,maxmonstre/eval/grid__plain__seed0__epoch_030__r-_G-__probes__f32.jsonl,recalibrated
plain,0,-0.225,0.5,3.182642578125,3.14876220703125,maxmonstre/eval/grid__plain__seed0__epoch_030__r-_G-__probes__f32.jsonl,recalibrated
plain,0,-0.2,-0.5,3.3288702392578124,3.3883897705078123,maxmonstre/eval/grid__plain__seed0__epoch_030__r-_G-__probes__f32.jsonl,recalibrated
plain,0,-0.2,-0.475,3.166948974609375,3.244056518554688,maxmonstre/eval/grid__plain__seed0__epoch_030__r-_G-__probes__f32.jsonl,recalibrated
plain,0,-0.2,-0.45,2.9981494140625,3.100852783203125,maxmonstre/eval/grid__plain__seed0__epoch_030__r-_G-__probes__f32.jsonl,recalibrated
plain,0,-0.2,-0.425,2.8227142333984374,2.954843383789062,maxmonstre/eval/grid__plain__seed0__epoch_030__r-_G-__probes__f32.jsonl,recalibrated
plain,0,-0.2,-0.4,2.648944580078125,2.8027698974609376,maxmonstre/eval/grid__plain__seed0__epoch_030__r-_G-__probes__f32.jsonl,recalibrated
plain,0,-0.2,-0.375,2.477009765625,2.649509033203125,maxmonstre/eval/grid__plain__seed0__epoch_030__r-_G-__probes__f32.jsonl,recalibrated
plain,0,-0.2,-0.35,2.2998963623046875,2.4944664306640627,maxmonstre/eval/grid__plain__seed0__epoch_030__r-_G-__probes__f32.jsonl,recalibrated
plain,0,-0.2,-0.325,2.1222022705078123,2.3413863525390624,maxmonstre/eval/grid__plain__seed0__epoch_030__r-_G-__probes__f32.jsonl,recalibrated
plain,0,-0.2,-0.3,1.9549884033203124,2.1880152587890627,maxmonstre/eval/grid__plain__seed0__epoch_030__r-_G-__probes__f32.jsonl,recalibrated
plain,0,-0.2,-0.275,1.7951682739257813,2.03412451171875,maxmonstre/eval/grid__plain__seed0__epoch_030__r-_G-__probes__f32.jsonl,recalibrated
plain,0,-0.2,-0.25,1.6485905151367188,1.8895277709960936,v2/surfaces.csv,recalibrated
plain,0,-0.2,-0.225,1.5209749755859374,1.7551845703125,v2/surfaces.csv,recalibrated
plain,0,-0.2,-0.2,1.411348876953125,1.63793994140625,v2/surfaces.csv,recalibrated
plain,0,-0.2,-0.175,1.311411376953125,1.5426049194335938,v2/surfaces.csv,recalibrated
plain,0,-0.2,-0.15,1.224435485839844,1.4687996826171874,v2/surfaces.csv,recalibrated
plain,0,-0.2,-0.125,1.15520361328125,1.4081178588867187,v2/surfaces.csv,recalibrated
plain,0,-0.2,-0.1,1.0950990600585937,1.359962646484375,v2/surfaces.csv,recalibrated
plain,0,-0.2,-0.075,1.0559197998046874,1.3226537475585938,v2/surfaces.csv,recalibrated
plain,0,-0.2,-0.05,1.035289306640625,1.2952320556640624,v2/surfaces.csv,recalibrated
plain,0,-0.2,-0.025,1.0247984008789062,1.2806343994140623,v2/surfaces.csv,recalibrated
plain,0,-0.2,0.0,1.0328031311035155,1.2795863647460937,v2/surfaces.csv,recalibrated
plain,0,-0.2,0.025,1.0502274169921877,1.292534912109375,v2/surfaces.csv,recalibrated
plain,0,-0.2,0.05,1.075566223144531,1.3178499145507812,v2/surfaces.csv,recalibrated
plain,0,-0.2,0.075,1.1156026611328125,1.3547928466796877,v2/surfaces.csv,recalibrated
plain,0,-0.2,0.1,1.166229248046875,1.4043677368164065,v2/surfaces.csv,recalibrated
plain,0,-0.2,0.125,1.2304365234375,1.4631162109375,v2/surfaces.csv,recalibrated
plain,0,-0.2,0.15,1.3101956787109377,1.5286461181640625,v2/surfaces.csv,recalibrated
plain,0,-0.2,0.175,1.41179736328125,1.606168701171875,v2/surfaces.csv,recalibrated
plain,0,-0.2,0.2,1.5320695190429687,1.69668505859375,v2/surfaces.csv,recalibrated
plain,0,-0.2,0.225,1.6629288940429687,1.7979004516601562,v2/surfaces.csv,recalibrated
plain,0,-0.2,0.25,1.8042933959960936,1.904664001464844,v2/surfaces.csv,recalibrated
plain,0,-0.2,0.275,1.95030517578125,2.015433349609375,maxmonstre/eval/grid__plain__seed0__epoch_030__r-_G-__probes__f32.jsonl,recalibrated
plain,0,-0.2,0.3,2.096441284179688,2.132233276367188,maxmonstre/eval/grid__plain__seed0__epoch_030__r-_G-__probes__f32.jsonl,recalibrated
plain,0,-0.2,0.325,2.241183349609375,2.243264892578125,maxmonstre/eval/grid__plain__seed0__epoch_030__r-_G-__probes__f32.jsonl,recalibrated
plain,0,-0.2,0.35,2.383114990234375,2.363566650390625,maxmonstre/eval/grid__plain__seed0__epoch_030__r-_G-__probes__f32.jsonl,recalibrated
plain,0,-0.2,0.375,2.51940625,2.491311767578125,maxmonstre/eval/grid__plain__seed0__epoch_030__r-_G-__probes__f32.jsonl,recalibrated
plain,0,-0.2,0.4,2.647805908203125,2.619992919921875,maxmonstre/eval/grid__plain__seed0__epoch_030__r-_G-__probes__f32.jsonl,recalibrated
plain,0,-0.2,0.425,2.7745745849609373,2.741197998046875,maxmonstre/eval/grid__plain__seed0__epoch_030__r-_G-__probes__f32.jsonl,recalibrated
plain,0,-0.2,0.45,2.8956513671875,2.856517822265625,maxmonstre/eval/grid__plain__seed0__epoch_030__r-_G-__probes__f32.jsonl,recalibrated
plain,0,-0.2,0.475,3.010886962890625,2.9671292724609377,maxmonstre/eval/grid__plain__seed0__epoch_030__r-_G-__probes__f32.jsonl,recalibrated
plain,0,-0.2,0.5,3.1248546142578126,3.07309228515625,maxmonstre/eval/grid__plain__seed0__epoch_030__r-_G-__probes__f32.jsonl,recalibrated
plain,0,-0.175,-0.5,3.216510498046875,3.280857421875,maxmonstre/eval/grid__plain__seed0__epoch_030__r-_G-__probes__f32.jsonl,recalibrated
plain,0,-0.175,-0.475,3.0511968994140624,3.1401474609375,maxmonstre/eval/grid__plain__seed0__epoch_030__r-_G-__probes__f32.jsonl,recalibrated
plain,0,-0.175,-0.45,2.8809920654296874,2.993670654296875,maxmonstre/eval/grid__plain__seed0__epoch_030__r-_G-__probes__f32.jsonl,recalibrated
plain,0,-0.175,-0.425,2.7064031982421874,2.8471202392578125,maxmonstre/eval/grid__plain__seed0__epoch_030__r-_G-__probes__f32.jsonl,recalibrated
plain,0,-0.175,-0.4,2.528561279296875,2.695775390625,maxmonstre/eval/grid__plain__seed0__epoch_030__r-_G-__probes__f32.jsonl,recalibrated
plain,0,-0.175,-0.375,2.352762451171875,2.5394058837890623,maxmonstre/eval/grid__plain__seed0__epoch_030__r-_G-__probes__f32.jsonl,recalibrated
plain,0,-0.175,-0.35,2.1748172607421874,2.3869951171875,maxmonstre/eval/grid__plain__seed0__epoch_030__r-_G-__probes__f32.jsonl,recalibrated
plain,0,-0.175,-0.325,1.9907068481445316,2.235357421875,maxmonstre/eval/grid__plain__seed0__epoch_030__r-_G-__probes__f32.jsonl,recalibrated
plain,0,-0.175,-0.3,1.817101318359375,2.0790924072265624,maxmonstre/eval/grid__plain__seed0__epoch_030__r-_G-__probes__f32.jsonl,recalibrated
plain,0,-0.175,-0.275,1.6547078247070313,1.9235439453125,maxmonstre/eval/grid__plain__seed0__epoch_030__r-_G-__probes__f32.jsonl,recalibrated
plain,0,-0.175,-0.25,1.5069181518554688,1.775430419921875,v2/surfaces.csv,recalibrated
plain,0,-0.175,-0.225,1.373870361328125,1.6430223999023437,v2/surfaces.csv,recalibrated
plain,0,-0.175,-0.2,1.2528447265625,1.5249039916992186,v2/surfaces.csv,recalibrated
plain,0,-0.175,-0.175,1.143080810546875,1.42984033203125,v2/surfaces.csv,recalibrated
plain,0,-0.175,-0.15,1.0508896484375,1.3484849853515626,v2/surfaces.csv,recalibrated
plain,0,-0.175,-0.125,0.979300048828125,1.2857713623046876,v2/surfaces.csv,recalibrated
plain,0,-0.175,-0.1,0.9231739807128906,1.2328939208984375,v2/surfaces.csv,recalibrated
plain,0,-0.175,-0.075,0.8839938354492187,1.1930531616210938,v2/surfaces.csv,recalibrated
plain,0,-0.175,-0.05,0.8624094848632813,1.1656229858398437,v2/surfaces.csv,recalibrated
plain,0,-0.175,-0.025,0.8572719116210937,1.1499789428710938,v2/surfaces.csv,recalibrated
plain,0,-0.175,0.0,0.8646520080566407,1.1444880981445311,v2/surfaces.csv,recalibrated
plain,0,-0.175,0.025,0.88187451171875,1.1552432861328126,v2/surfaces.csv,recalibrated
plain,0,-0.175,0.05,0.9087915649414062,1.1834337768554688,v2/surfaces.csv,recalibrated
plain,0,-0.175,0.075,0.9504786987304688,1.2227924194335935,v2/surfaces.csv,recalibrated
plain,0,-0.175,0.1,1.0027600708007811,1.2678782958984376,v2/surfaces.csv,recalibrated
plain,0,-0.175,0.125,1.07086083984375,1.324698974609375,v2/surfaces.csv,recalibrated
plain,0,-0.175,0.15,1.1535599365234377,1.39049462890625,v2/surfaces.csv,recalibrated
plain,0,-0.175,0.175,1.2587245483398437,1.4709695434570311,v2/surfaces.csv,recalibrated
plain,0,-0.175,0.2,1.385269287109375,1.566003173828125,v2/surfaces.csv,recalibrated
plain,0,-0.175,0.225,1.52662060546875,1.675834716796875,v2/surfaces.csv,recalibrated
plain,0,-0.175,0.25,1.6747425537109375,1.789278076171875,v2/surfaces.csv,recalibrated
plain,0,-0.175,0.275,1.82442724609375,1.9100032958984372,maxmonstre/eval/grid__plain__seed0__epoch_030__r-_G-__probes__f32.jsonl,recalibrated
plain,0,-0.175,0.3,1.9789410400390623,2.034884033203125,maxmonstre/eval/grid__plain__seed0__epoch_030__r-_G-__probes__f32.jsonl,recalibrated
plain,0,-0.175,0.325,2.129760681152344,2.1603626708984374,maxmonstre/eval/grid__plain__seed0__epoch_030__r-_G-__probes__f32.jsonl,recalibrated
plain,0,-0.175,0.35,2.2800736083984376,2.285370849609375,maxmonstre/eval/grid__plain__seed0__epoch_030__r-_G-__probes__f32.jsonl,recalibrated
plain,0,-0.175,0.375,2.4238387451171874,2.414837890625,maxmonstre/eval/grid__plain__seed0__epoch_030__r-_G-__probes__f32.jsonl,recalibrated
plain,0,-0.175,0.4,2.558044677734375,2.5398243408203127,maxmonstre/eval/grid__plain__seed0__epoch_030__r-_G-__probes__f32.jsonl,recalibrated
plain,0,-0.175,0.425,2.6888226318359374,2.66263671875,maxmonstre/eval/grid__plain__seed0__epoch_030__r-_G-__probes__f32.jsonl,recalibrated
plain,0,-0.175,0.45,2.816496826171875,2.7799912109375,maxmonstre/eval/grid__plain__seed0__epoch_030__r-_G-__probes__f32.jsonl,recalibrated
plain,0,-0.175,0.475,2.94523876953125,2.8924881591796874,maxmonstre/eval/grid__plain__seed0__epoch_030__r-_G-__probes__f32.jsonl,recalibrated
plain,0,-0.175,0.5,3.064521362304688,3.001134521484375,maxmonstre/eval/grid__plain__seed0__epoch_030__r-_G-__probes__f32.jsonl,recalibrated
plain,0,-0.15,-0.5,3.10659521484375,3.1741202392578125,maxmonstre/eval/grid__plain__seed0__epoch_030__r-_G-__probes__f32.jsonl,recalibrated
plain,0,-0.15,-0.475,2.942126220703125,3.033608764648437,maxmonstre/eval/grid__plain__seed0__epoch_030__r-_G-__probes__f32.jsonl,recalibrated
plain,0,-0.15,-0.45,2.775533447265625,2.888718383789062,maxmonstre/eval/grid__plain__seed0__epoch_030__r-_G-__probes__f32.jsonl,recalibrated
plain,0,-0.15,-0.425,2.5999150390625,2.737327026367188,maxmonstre/eval/grid__plain__seed0__epoch_030__r-_G-__probes__f32.jsonl,recalibrated
plain,0,-0.15,-0.4,2.4207000732421875,2.582078002929688,maxmonstre/eval/grid__plain__seed0__epoch_030__r-_G-__probes__f32.jsonl,recalibrated
plain,0,-0.15,-0.375,2.2420443115234376,2.429472900390625,maxmonstre/eval/grid__plain__seed0__epoch_030__r-_G-__probes__f32.jsonl,recalibrated
plain,0,-0.15,-0.35,2.0582872924804687,2.281228515625,maxmonstre/eval/grid__plain__seed0__epoch_030__r-_G-__probes__f32.jsonl,recalibrated
plain,0,-0.15,-0.325,1.8697376098632807,2.131225280761719,maxmonstre/eval/grid__plain__seed0__epoch_030__r-_G-__probes__f32.jsonl,recalibrated
plain,0,-0.15,-0.3,1.6889202880859375,1.9776760864257807,maxmonstre/eval/grid__plain__seed0__epoch_030__r-_G-__probes__f32.jsonl,recalibrated
plain,0,-0.15,-0.275,1.5232234497070312,1.8245026245117189,maxmonstre/eval/grid__plain__seed0__epoch_030__r-_G-__probes__f32.jsonl,recalibrated
plain,0,-0.15,-0.25,1.3760026245117187,1.676373779296875,v2/surfaces.csv,recalibrated
plain,0,-0.15,-0.225,1.24184765625,1.5441318969726563,v2/surfaces.csv,recalibrated
plain,0,-0.15,-0.2,1.1131719360351562,1.425964599609375,v2/surfaces.csv,recalibrated
plain,0,-0.15,-0.175,0.9944837951660156,1.3281204223632812,v2/surfaces.csv,recalibrated
plain,0,-0.15,-0.15,0.8997412719726563,1.2448937377929687,v2/surfaces.csv,recalibrated
plain,0,-0.15,-0.125,0.8250734252929688,1.1774485473632812,v2/surfaces.csv,recalibrated
plain,0,-0.15,-0.1,0.7662958068847656,1.1243042907714844,v2/surfaces.csv,recalibrated
plain,0,-0.15,-0.075,0.7278236694335938,1.0849498901367187,v2/surfaces.csv,recalibrated
plain,0,-0.15,-0.05,0.7060340270996094,1.0579945983886718,v2/surfaces.csv,recalibrated
plain,0,-0.15,-0.025,0.7002515869140625,1.0431524658203124,v2/surfaces.csv,recalibrated
plain,0,-0.15,0.0,0.7082299499511718,1.0382380676269531,v2/surfaces.csv,recalibrated
plain,0,-0.15,0.025,0.7305010986328125,1.0480640869140625,v2/surfaces.csv,recalibrated
plain,0,-0.15,0.05,0.7658189697265625,1.071612457275391,v2/surfaces.csv,recalibrated
plain,0,-0.15,0.075,0.8121709289550781,1.1076249694824218,v2/surfaces.csv,recalibrated
plain,0,-0.15,0.1,0.8678415832519532,1.15191845703125,v2/surfaces.csv,recalibrated
plain,0,-0.15,0.125,0.9379281005859376,1.206703125,v2/surfaces.csv,recalibrated
plain,0,-0.15,0.15,1.023675323486328,1.27257958984375,v2/surfaces.csv,recalibrated
plain,0,-0.15,0.175,1.130095947265625,1.355288330078125,v2/surfaces.csv,recalibrated
plain,0,-0.15,0.2,1.255280029296875,1.4508555297851562,v2/surfaces.csv,recalibrated
plain,0,-0.15,0.225,1.4018588256835938,1.5601456298828125,v2/surfaces.csv,recalibrated
plain,0,-0.15,0.25,1.5557426147460938,1.680714111328125,v2/surfaces.csv,recalibrated
plain,0,-0.15,0.275,1.70786474609375,1.812878173828125,maxmonstre/eval/grid__plain__seed0__epoch_030__r-_G-__probes__f32.jsonl,recalibrated
plain,0,-0.15,0.3,1.865311279296875,1.943744140625,maxmonstre/eval/grid__plain__seed0__epoch_030__r-_G-__probes__f32.jsonl,recalibrated
plain,0,-0.15,0.325,2.0223682861328127,2.074605346679688,maxmonstre/eval/grid__plain__seed0__epoch_030__r-_G-__probes__f32.jsonl,recalibrated
plain,0,-0.15,0.35,2.181144470214844,2.2055791015625,maxmonstre/eval/grid__plain__seed0__epoch_030__r-_G-__probes__f32.jsonl,recalibrated
plain,0,-0.15,0.375,2.329166259765625,2.33542041015625,maxmonstre/eval/grid__plain__seed0__epoch_030__r-_G-__probes__f32.jsonl,recalibrated
plain,0,-0.15,0.4,2.469110229492188,2.460890869140625,maxmonstre/eval/grid__plain__seed0__epoch_030__r-_G-__probes__f32.jsonl,recalibrated
plain,0,-0.15,0.425,2.6096448974609374,2.586635498046875,maxmonstre/eval/grid__plain__seed0__epoch_030__r-_G-__probes__f32.jsonl,recalibrated
plain,0,-0.15,0.45,2.747655029296875,2.70684130859375,maxmonstre/eval/grid__plain__seed0__epoch_030__r-_G-__probes__f32.jsonl,recalibrated
plain,0,-0.15,0.475,2.8847156982421875,2.825831298828125,maxmonstre/eval/grid__plain__seed0__epoch_030__r-_G-__probes__f32.jsonl,recalibrated
plain,0,-0.15,0.5,3.011443359375,2.941864501953125,maxmonstre/eval/grid__plain__seed0__epoch_030__r-_G-__probes__f32.jsonl,recalibrated
plain,0,-0.125,-0.5,3.019251953125,3.0800352783203127,maxmonstre/eval/grid__plain__seed0__epoch_030__r-_G-__probes__f32.jsonl,recalibrated
plain,0,-0.125,-0.475,2.8512420654296875,2.934196533203125,maxmonstre/eval/grid__plain__seed0__epoch_030__r-_G-__probes__f32.jsonl,recalibrated
plain,0,-0.125,-0.45,2.682154541015625,2.789847900390625,maxmonstre/eval/grid__plain__seed0__epoch_030__r-_G-__probes__f32.jsonl,recalibrated
plain,0,-0.125,-0.425,2.5039029541015627,2.6379459228515625,maxmonstre/eval/grid__plain__seed0__epoch_030__r-_G-__probes__f32.jsonl,recalibrated
plain,0,-0.125,-0.4,2.3235892333984376,2.4830455322265625,maxmonstre/eval/grid__plain__seed0__epoch_030__r-_G-__probes__f32.jsonl,recalibrated
plain,0,-0.125,-0.375,2.146062744140625,2.3284444580078123,maxmonstre/eval/grid__plain__seed0__epoch_030__r-_G-__probes__f32.jsonl,recalibrated
plain,0,-0.125,-0.35,1.9677689208984372,2.1829886474609377,maxmonstre/eval/grid__plain__seed0__epoch_030__r-_G-__probes__f32.jsonl,recalibrated
plain,0,-0.125,-0.325,1.778611633300781,2.0337142333984377,maxmonstre/eval/grid__plain__seed0__epoch_030__r-_G-__probes__f32.jsonl,recalibrated
plain,0,-0.125,-0.3,1.5899844360351565,1.8804149169921875,maxmonstre/eval/grid__plain__seed0__epoch_030__r-_G-__probes__f32.jsonl,recalibrated
plain,0,-0.125,-0.275,1.4172720947265625,1.7318910522460935,maxmonstre/eval/grid__plain__seed0__epoch_030__r-_G-__probes__f32.jsonl,recalibrated
plain,0,-0.125,-0.25,1.2615736083984377,1.5892178344726562,v2/surfaces.csv,recalibrated
plain,0,-0.125,-0.225,1.1211351928710938,1.45849560546875,v2/surfaces.csv,recalibrated
plain,0,-0.125,-0.2,0.9886262512207032,1.3379153442382812,v2/surfaces.csv,recalibrated
plain,0,-0.125,-0.175,0.8715528869628906,1.2381270751953124,v2/surfaces.csv,recalibrated
plain,0,-0.125,-0.15,0.7769268188476562,1.1563703002929688,v2/surfaces.csv,recalibrated
plain,0,-0.125,-0.125,0.7019798889160156,1.0889090881347656,v2/surfaces.csv,recalibrated
plain,0,-0.125,-0.1,0.63852001953125,1.0350586853027344,v2/surfaces.csv,recalibrated
plain,0,-0.125,-0.075,0.5925827941894531,0.9948016662597656,v2/surfaces.csv,recalibrated
plain,0,-0.125,-0.05,0.5677974853515625,0.9669815368652344,v2/surfaces.csv,recalibrated
plain,0,-0.125,-0.025,0.5567405395507813,0.9506749572753906,v2/surfaces.csv,recalibrated
plain,0,-0.125,0.0,0.5636799926757813,0.9467573852539064,v2/surfaces.csv,recalibrated
plain,0,-0.125,0.025,0.59119091796875,0.9555428161621092,v2/surfaces.csv,recalibrated
plain,0,-0.125,0.05,0.63269140625,0.9719455871582032,v2/surfaces.csv,recalibrated
plain,0,-0.125,0.075,0.6854532165527344,1.004159484863281,v2/surfaces.csv,recalibrated
plain,0,-0.125,0.1,0.7477949523925781,1.0456500244140623,v2/surfaces.csv,recalibrated
plain,0,-0.125,0.125,0.8224219360351562,1.0990321044921876,v2/surfaces.csv,recalibrated
plain,0,-0.125,0.15,0.9091908569335938,1.1641354370117187,v2/surfaces.csv,recalibrated
plain,0,-0.125,0.175,1.0149962158203123,1.24408984375,v2/surfaces.csv,recalibrated
plain,0,-0.125,0.2,1.1418187255859376,1.3449140625,v2/surfaces.csv,recalibrated
plain,0,-0.125,0.225,1.28647412109375,1.459458801269531,v2/surfaces.csv,recalibrated
plain,0,-0.125,0.25,1.4424867553710938,1.5840316162109376,v2/surfaces.csv,recalibrated
plain,0,-0.125,0.275,1.6026956787109374,1.7122794189453123,maxmonstre/eval/grid__plain__seed0__epoch_030__r-_G-__probes__f32.jsonl,recalibrated
plain,0,-0.125,0.3,1.7645293579101562,1.8422555541992187,maxmonstre/eval/grid__plain__seed0__epoch_030__r-_G-__probes__f32.jsonl,recalibrated
plain,0,-0.125,0.325,1.927904052734375,1.980286987304688,maxmonstre/eval/grid__plain__seed0__epoch_030__r-_G-__probes__f32.jsonl,recalibrated
plain,0,-0.125,0.35,2.0863096923828124,2.12110107421875,maxmonstre/eval/grid__plain__seed0__epoch_030__r-_G-__probes__f32.jsonl,recalibrated
plain,0,-0.125,0.375,2.240513427734375,2.2534483642578125,maxmonstre/eval/grid__plain__seed0__epoch_030__r-_G-__probes__f32.jsonl,recalibrated
plain,0,-0.125,0.4,2.38693359375,2.38375927734375,maxmonstre/eval/grid__plain__seed0__epoch_030__r-_G-__probes__f32.jsonl,recalibrated
plain,0,-0.125,0.425,2.533950927734375,2.511947509765625,maxmonstre/eval/grid__plain__seed0__epoch_030__r-_G-__probes__f32.jsonl,recalibrated
plain,0,-0.125,0.45,2.6826583251953124,2.6400179443359373,maxmonstre/eval/grid__plain__seed0__epoch_030__r-_G-__probes__f32.jsonl,recalibrated
plain,0,-0.125,0.475,2.828348388671875,2.76515625,maxmonstre/eval/grid__plain__seed0__epoch_030__r-_G-__probes__f32.jsonl,recalibrated
plain,0,-0.125,0.5,2.963079345703125,2.884924072265625,maxmonstre/eval/grid__plain__seed0__epoch_030__r-_G-__probes__f32.jsonl,recalibrated
plain,0,-0.1,-0.5,2.9498572998046875,3.002405029296875,maxmonstre/eval/grid__plain__seed0__epoch_030__r-_G-__probes__f32.jsonl,recalibrated
plain,0,-0.1,-0.475,2.77850537109375,2.8544122314453126,maxmonstre/eval/grid__plain__seed0__epoch_030__r-_G-__probes__f32.jsonl,recalibrated
plain,0,-0.1,-0.45,2.60454736328125,2.7103238525390627,maxmonstre/eval/grid__plain__seed0__epoch_030__r-_G-__probes__f32.jsonl,recalibrated
plain,0,-0.1,-0.425,2.430177490234375,2.5610634765625,maxmonstre/eval/grid__plain__seed0__epoch_030__r-_G-__probes__f32.jsonl,recalibrated
plain,0,-0.1,-0.4,2.251690185546875,2.403701171875,maxmonstre/eval/grid__plain__seed0__epoch_030__r-_G-__probes__f32.jsonl,recalibrated
plain,0,-0.1,-0.375,2.07347607421875,2.24971923828125,maxmonstre/eval/grid__plain__seed0__epoch_030__r-_G-__probes__f32.jsonl,recalibrated
plain,0,-0.1,-0.35,1.893927001953125,2.1001796875,maxmonstre/eval/grid__plain__seed0__epoch_030__r-_G-__probes__f32.jsonl,recalibrated
plain,0,-0.1,-0.325,1.706393310546875,1.94953515625,maxmonstre/eval/grid__plain__seed0__epoch_030__r-_G-__probes__f32.jsonl,recalibrated
plain,0,-0.1,-0.3,1.5177889404296876,1.7924364624023437,maxmonstre/eval/grid__plain__seed0__epoch_030__r-_G-__probes__f32.jsonl,recalibrated
plain,0,-0.1,-0.275,1.3382075805664062,1.6455088500976562,maxmonstre/eval/grid__plain__seed0__epoch_030__r-_G-__probes__f32.jsonl,recalibrated
plain,0,-0.1,-0.25,1.17193896484375,1.50575,v2/surfaces.csv,recalibrated
plain,0,-0.1,-0.225,1.026332000732422,1.3783237915039062,v2/surfaces.csv,recalibrated
plain,0,-0.1,-0.2,0.89575341796875,1.26278564453125,v2/surfaces.csv,recalibrated
plain,0,-0.1,-0.175,0.7729454040527344,1.1617001953125,v2/surfaces.csv,recalibrated
plain,0,-0.1,-0.15,0.6747407836914062,1.07848876953125,v2/surfaces.csv,recalibrated
plain,0,-0.1,-0.125,0.5953522033691406,1.0084457397460938,v2/surfaces.csv,recalibrated
plain,0,-0.1,-0.1,0.5311576843261718,0.9576685180664064,v2/surfaces.csv,recalibrated
plain,0,-0.1,-0.075,0.4828705596923828,0.9209056396484376,v2/surfaces.csv,recalibrated
plain,0,-0.1,-0.05,0.4509209289550781,0.8958648986816407,v2/surfaces.csv,recalibrated
plain,0,-0.1,-0.025,0.4396508178710937,0.8829276733398438,v2/surfaces.csv,recalibrated
plain,0,-0.1,0.0,0.446615249633789,0.8787438049316406,v2/surfaces.csv,recalibrated
plain,0,-0.1,0.025,0.471852294921875,0.8832542114257812,v2/surfaces.csv,recalibrated
plain,0,-0.1,0.05,0.5105124664306641,0.8992006225585938,v2/surfaces.csv,recalibrated
plain,0,-0.1,0.075,0.56461181640625,0.9209774169921876,v2/surfaces.csv,recalibrated
plain,0,-0.1,0.1,0.63176171875,0.955537567138672,v2/surfaces.csv,recalibrated
plain,0,-0.1,0.125,0.714481201171875,1.0095941162109374,v2/surfaces.csv,recalibrated
plain,0,-0.1,0.15,0.8105955810546875,1.0762553100585937,v2/surfaces.csv,recalibrated
plain,0,-0.1,0.175,0.9201259155273438,1.1523743286132813,v2/surfaces.csv,recalibrated
plain,0,-0.1,0.2,1.0528106689453125,1.2524815063476562,v2/surfaces.csv,recalibrated
plain,0,-0.1,0.225,1.1944483642578123,1.3665298461914062,v2/surfaces.csv,recalibrated
plain,0,-0.1,0.25,1.3451748046875,1.4886917114257812,v2/surfaces.csv,recalibrated
plain,0,-0.1,0.275,1.5097947387695312,1.6154251098632812,maxmonstre/eval/grid__plain__seed0__epoch_030__r-_G-__probes__f32.jsonl,recalibrated
plain,0,-0.1,0.3,1.6742850341796875,1.7490262451171874,maxmonstre/eval/grid__plain__seed0__epoch_030__r-_G-__probes__f32.jsonl,recalibrated
plain,0,-0.1,0.325,1.837901428222656,1.8902125854492189,maxmonstre/eval/grid__plain__seed0__epoch_030__r-_G-__probes__f32.jsonl,recalibrated
plain,0,-0.1,0.35,1.9988402709960935,2.0375430297851564,maxmonstre/eval/grid__plain__seed0__epoch_030__r-_G-__probes__f32.jsonl,recalibrated
plain,0,-0.1,0.375,2.157516296386719,2.180210205078125,maxmonstre/eval/grid__plain__seed0__epoch_030__r-_G-__probes__f32.jsonl,recalibrated
plain,0,-0.1,0.4,2.318452880859375,2.3173941650390626,maxmonstre/eval/grid__plain__seed0__epoch_030__r-_G-__probes__f32.jsonl,recalibrated
plain,0,-0.1,0.425,2.4695389404296875,2.4517958984375,maxmonstre/eval/grid__plain__seed0__epoch_030__r-_G-__probes__f32.jsonl,recalibrated
plain,0,-0.1,0.45,2.623400268554688,2.58415234375,maxmonstre/eval/grid__plain__seed0__epoch_030__r-_G-__probes__f32.jsonl,recalibrated
plain,0,-0.1,0.475,2.7748653564453125,2.7141734619140623,maxmonstre/eval/grid__plain__seed0__epoch_030__r-_G-__probes__f32.jsonl,recalibrated
plain,0,-0.1,0.5,2.920262451171875,2.83597802734375,maxmonstre/eval/grid__plain__seed0__epoch_030__r-_G-__probes__f32.jsonl,recalibrated
plain,0,-0.075,-0.5,2.8892025146484377,2.936439208984375,maxmonstre/eval/grid__plain__seed0__epoch_030__r-_G-__probes__f32.jsonl,recalibrated
plain,0,-0.075,-0.475,2.71456201171875,2.7882099609375,maxmonstre/eval/grid__plain__seed0__epoch_030__r-_G-__probes__f32.jsonl,recalibrated
plain,0,-0.075,-0.45,2.539464111328125,2.6386148681640624,maxmonstre/eval/grid__plain__seed0__epoch_030__r-_G-__probes__f32.jsonl,recalibrated
plain,0,-0.075,-0.425,2.3672601318359376,2.4859652099609373,maxmonstre/eval/grid__plain__seed0__epoch_030__r-_G-__probes__f32.jsonl,recalibrated
plain,0,-0.075,-0.4,2.194484619140625,2.3332349853515626,maxmonstre/eval/grid__plain__seed0__epoch_030__r-_G-__probes__f32.jsonl,recalibrated
plain,0,-0.075,-0.375,2.021085266113281,2.1767760009765627,maxmonstre/eval/grid__plain__seed0__epoch_030__r-_G-__probes__f32.jsonl,recalibrated
plain,0,-0.075,-0.35,1.8356505126953124,2.02146630859375,maxmonstre/eval/grid__plain__seed0__epoch_030__r-_G-__probes__f32.jsonl,recalibrated
plain,0,-0.075,-0.325,1.6454395751953126,1.866941345214844,maxmonstre/eval/grid__plain__seed0__epoch_030__r-_G-__probes__f32.jsonl,recalibrated
plain,0,-0.075,-0.3,1.4595831298828126,1.7116387329101563,maxmonstre/eval/grid__plain__seed0__epoch_030__r-_G-__probes__f32.jsonl,recalibrated
plain,0,-0.075,-0.275,1.2797279663085936,1.5694915771484377,maxmonstre/eval/grid__plain__seed0__epoch_030__r-_G-__probes__f32.jsonl,recalibrated
plain,0,-0.075,-0.25,1.1078568115234375,1.4338845825195312,v2/surfaces.csv,recalibrated
plain,0,-0.075,-0.225,0.9584574584960938,1.3077481079101565,v2/surfaces.csv,recalibrated
plain,0,-0.075,-0.2,0.8251339111328125,1.1965625,v2/surfaces.csv,recalibrated
plain,0,-0.075,-0.175,0.7027386779785156,1.0959332275390623,v2/surfaces.csv,recalibrated
plain,0,-0.075,-0.15,0.5999578857421874,1.0109283752441407,v2/surfaces.csv,recalibrated
plain,0,-0.075,-0.125,0.5159022827148437,0.9435392456054688,v2/surfaces.csv,recalibrated
plain,0,-0.075,-0.1,0.4473094024658203,0.8948133239746093,v2/surfaces.csv,recalibrated
plain,0,-0.075,-0.075,0.396060562133789,0.8618216552734375,v2/surfaces.csv,recalibrated
plain,0,-0.075,-0.05,0.3627599487304687,0.8399951477050781,v2/surfaces.csv,recalibrated
plain,0,-0.075,-0.025,0.3457150421142578,0.829362548828125,v2/surfaces.csv,recalibrated
plain,0,-0.075,0.0,0.34788134765625,0.82891162109375,v2/surfaces.csv,recalibrated
plain,0,-0.075,0.025,0.3693009796142578,0.8339167175292969,v2/surfaces.csv,recalibrated
plain,0,-0.075,0.05,0.4070983581542969,0.8445386657714844,v2/surfaces.csv,recalibrated
plain,0,-0.075,0.075,0.4587049255371094,0.8666666259765625,v2/surfaces.csv,recalibrated
plain,0,-0.075,0.1,0.5278991088867188,0.8993759155273438,v2/surfaces.csv,recalibrated
plain,0,-0.075,0.125,0.6172119750976562,0.9474235229492188,v2/surfaces.csv,recalibrated
plain,0,-0.075,0.15,0.7213508911132812,1.0089464111328126,v2/surfaces.csv,recalibrated
plain,0,-0.075,0.175,0.8384656066894531,1.0850286865234375,v2/surfaces.csv,recalibrated
plain,0,-0.075,0.2,0.9716720886230468,1.1732631225585937,v2/surfaces.csv,recalibrated
plain,0,-0.075,0.225,1.1199506225585938,1.2815974731445312,v2/surfaces.csv,recalibrated
plain,0,-0.075,0.25,1.2748523559570313,1.4030055541992188,v2/surfaces.csv,recalibrated
plain,0,-0.075,0.275,1.4360134887695313,1.5330281372070311,maxmonstre/eval/grid__plain__seed0__epoch_030__r-_G-__probes__f32.jsonl,recalibrated
plain,0,-0.075,0.3,1.6017960205078126,1.6723294677734375,maxmonstre/eval/grid__plain__seed0__epoch_030__r-_G-__probes__f32.jsonl,recalibrated
plain,0,-0.075,0.325,1.765755126953125,1.8192911376953125,maxmonstre/eval/grid__plain__seed0__epoch_030__r-_G-__probes__f32.jsonl,recalibrated
plain,0,-0.075,0.35,1.9275372924804688,1.9658705444335935,maxmonstre/eval/grid__plain__seed0__epoch_030__r-_G-__probes__f32.jsonl,recalibrated
plain,0,-0.075,0.375,2.0880482788085937,2.1120196533203126,maxmonstre/eval/grid__plain__seed0__epoch_030__r-_G-__probes__f32.jsonl,recalibrated
plain,0,-0.075,0.4,2.255385498046875,2.2561402587890624,maxmonstre/eval/grid__plain__seed0__epoch_030__r-_G-__probes__f32.jsonl,recalibrated
plain,0,-0.075,0.425,2.415883056640625,2.3960911865234373,maxmonstre/eval/grid__plain__seed0__epoch_030__r-_G-__probes__f32.jsonl,recalibrated
plain,0,-0.075,0.45,2.57496533203125,2.533637451171875,maxmonstre/eval/grid__plain__seed0__epoch_030__r-_G-__probes__f32.jsonl,recalibrated
plain,0,-0.075,0.475,2.7295673828125,2.667886108398437,maxmonstre/eval/grid__plain__seed0__epoch_030__r-_G-__probes__f32.jsonl,recalibrated
plain,0,-0.075,0.5,2.882368408203125,2.7912315673828125,maxmonstre/eval/grid__plain__seed0__epoch_030__r-_G-__probes__f32.jsonl,recalibrated
plain,0,-0.05,-0.5,2.8403282470703126,2.8785,maxmonstre/eval/grid__plain__seed0__epoch_030__r-_G-__probes__f32.jsonl,recalibrated
plain,0,-0.05,-0.475,2.6649019775390625,2.7278583984375,maxmonstre/eval/grid__plain__seed0__epoch_030__r-_G-__probes__f32.jsonl,recalibrated
plain,0,-0.05,-0.45,2.492237548828125,2.579112548828125,maxmonstre/eval/grid__plain__seed0__epoch_030__r-_G-__probes__f32.jsonl,recalibrated
plain,0,-0.05,-0.425,2.3236514892578124,2.4244613037109377,maxmonstre/eval/grid__plain__seed0__epoch_030__r-_G-__probes__f32.jsonl,recalibrated
plain,0,-0.05,-0.4,2.155897705078125,2.26827685546875,maxmonstre/eval/grid__plain__seed0__epoch_030__r-_G-__probes__f32.jsonl,recalibrated
plain,0,-0.05,-0.375,1.9771605834960937,2.1115734252929688,maxmonstre/eval/grid__plain__seed0__epoch_030__r-_G-__probes__f32.jsonl,recalibrated
plain,0,-0.05,-0.35,1.79384130859375,1.9562904663085936,maxmonstre/eval/grid__plain__seed0__epoch_030__r-_G-__probes__f32.jsonl,recalibrated
plain,0,-0.05,-0.325,1.6039041137695311,1.7990572509765623,maxmonstre/eval/grid__plain__seed0__epoch_030__r-_G-__probes__f32.jsonl,recalibrated
plain,0,-0.05,-0.3,1.4148609619140624,1.6512164306640624,maxmonstre/eval/grid__plain__seed0__epoch_030__r-_G-__probes__f32.jsonl,recalibrated
plain,0,-0.05,-0.275,1.2336314086914062,1.51678857421875,maxmonstre/eval/grid__plain__seed0__epoch_030__r-_G-__probes__f32.jsonl,recalibrated
plain,0,-0.05,-0.25,1.0679476928710938,1.383028076171875,v2/surfaces.csv,recalibrated
plain,0,-0.05,-0.225,0.9160272216796876,1.2566275024414062,v2/surfaces.csv,recalibrated
plain,0,-0.05,-0.2,0.78000634765625,1.1416290283203123,v2/surfaces.csv,recalibrated
plain,0,-0.05,-0.175,0.6574992065429688,1.0430352783203125,v2/surfaces.csv,recalibrated
plain,0,-0.05,-0.15,0.5526785888671875,0.9594166259765624,v2/surfaces.csv,recalibrated
plain,0,-0.05,-0.125,0.4673729858398437,0.8936262512207032,v2/surfaces.csv,recalibrated
plain,0,-0.05,-0.1,0.3939611511230468,0.8461263122558593,v2/surfaces.csv,recalibrated
plain,0,-0.05,-0.075,0.3379793090820313,0.8164527587890625,v2/surfaces.csv,recalibrated
plain,0,-0.05,-0.05,0.3004913940429687,0.7999137573242188,v2/surfaces.csv,recalibrated
plain,0,-0.05,-0.025,0.2809163970947265,0.7923808898925782,v2/surfaces.csv,recalibrated
plain,0,-0.05,0.0,0.2788706359863281,0.7917963256835937,v2/surfaces.csv,recalibrated
plain,0,-0.05,0.025,0.2953494110107422,0.7986200866699219,v2/surfaces.csv,recalibrated
plain,0,-0.05,0.05,0.3324474639892578,0.8132713623046876,v2/surfaces.csv,recalibrated
plain,0,-0.05,0.075,0.3851781616210937,0.8360397644042968,v2/surfaces.csv,recalibrated
plain,0,-0.05,0.1,0.4537678527832031,0.8676747436523438,v2/surfaces.csv,recalibrated
plain,0,-0.05,0.125,0.5409910583496094,0.9126618957519532,v2/surfaces.csv,recalibrated
plain,0,-0.05,0.15,0.6479667358398438,0.9682009887695312,v2/surfaces.csv,recalibrated
plain,0,-0.05,0.175,0.7696084899902343,1.0367659301757812,v2/surfaces.csv,recalibrated
plain,0,-0.05,0.2,0.9023493041992188,1.1188785400390624,v2/surfaces.csv,recalibrated
plain,0,-0.05,0.225,1.0516416625976563,1.2215941162109376,v2/surfaces.csv,recalibrated
plain,0,-0.05,0.25,1.20769580078125,1.3380569458007812,v2/surfaces.csv,recalibrated
plain,0,-0.05,0.275,1.3705701904296874,1.4644381713867187,maxmonstre/eval/grid__plain__seed0__epoch_030__r-_G-__probes__f32.jsonl,recalibrated
plain,0,-0.05,0.3,1.5383501586914063,1.6065184326171875,maxmonstre/eval/grid__plain__seed0__epoch_030__r-_G-__probes__f32.jsonl,recalibrated
plain,0,-0.05,0.325,1.7064535522460935,1.7582405395507812,maxmonstre/eval/grid__plain__seed0__epoch_030__r-_G-__probes__f32.jsonl,recalibrated
plain,0,-0.05,0.35,1.8722071533203124,1.9104190673828123,maxmonstre/eval/grid__plain__seed0__epoch_030__r-_G-__probes__f32.jsonl,recalibrated
plain,0,-0.05,0.375,2.035564270019531,2.0562076416015627,maxmonstre/eval/grid__plain__seed0__epoch_030__r-_G-__probes__f32.jsonl,recalibrated
plain,0,-0.05,0.4,2.2016488037109374,2.20141943359375,maxmonstre/eval/grid__plain__seed0__epoch_030__r-_G-__probes__f32.jsonl,recalibrated
plain,0,-0.05,0.425,2.36903955078125,2.344000244140625,maxmonstre/eval/grid__plain__seed0__epoch_030__r-_G-__probes__f32.jsonl,recalibrated
plain,0,-0.05,0.45,2.5324027099609374,2.483228759765625,maxmonstre/eval/grid__plain__seed0__epoch_030__r-_G-__probes__f32.jsonl,recalibrated
plain,0,-0.05,0.475,2.6920123291015625,2.6202789306640626,maxmonstre/eval/grid__plain__seed0__epoch_030__r-_G-__probes__f32.jsonl,recalibrated
plain,0,-0.05,0.5,2.845047729492188,2.748773193359375,maxmonstre/eval/grid__plain__seed0__epoch_030__r-_G-__probes__f32.jsonl,recalibrated
plain,0,-0.025,-0.5,2.7901207275390627,2.82896435546875,maxmonstre/eval/grid__plain__seed0__epoch_030__r-_G-__probes__f32.jsonl,recalibrated
plain,0,-0.025,-0.475,2.62469287109375,2.669551025390625,maxmonstre/eval/grid__plain__seed0__epoch_030__r-_G-__probes__f32.jsonl,recalibrated
plain,0,-0.025,-0.45,2.45803955078125,2.518988525390625,maxmonstre/eval/grid__plain__seed0__epoch_030__r-_G-__probes__f32.jsonl,recalibrated
plain,0,-0.025,-0.425,2.2890096435546874,2.36606103515625,maxmonstre/eval/grid__plain__seed0__epoch_030__r-_G-__probes__f32.jsonl,recalibrated
plain,0,-0.025,-0.4,2.118841064453125,2.21260498046875,maxmonstre/eval/grid__plain__seed0__epoch_030__r-_G-__probes__f32.jsonl,recalibrated
plain,0,-0.025,-0.375,1.9427713012695316,2.0573843994140626,maxmonstre/eval/grid__plain__seed0__epoch_030__r-_G-__probes__f32.jsonl,recalibrated
plain,0,-0.025,-0.35,1.7586015014648435,1.9005589599609376,maxmonstre/eval/grid__plain__seed0__epoch_030__r-_G-__probes__f32.jsonl,recalibrated
plain,0,-0.025,-0.325,1.5709476318359374,1.745145263671875,maxmonstre/eval/grid__plain__seed0__epoch_030__r-_G-__probes__f32.jsonl,recalibrated
plain,0,-0.025,-0.3,1.3872518310546875,1.602066162109375,maxmonstre/eval/grid__plain__seed0__epoch_030__r-_G-__probes__f32.jsonl,recalibrated
plain,0,-0.025,-0.275,1.2144904174804687,1.4720590209960938,maxmonstre/eval/grid__plain__seed0__epoch_030__r-_G-__probes__f32.jsonl,recalibrated
plain,0,-0.025,-0.25,1.0545170288085937,1.3475037841796875,v2/surfaces.csv,recalibrated
plain,0,-0.025,-0.225,0.9035062866210938,1.2272447509765625,v2/surfaces.csv,recalibrated
plain,0,-0.025,-0.2,0.7660863037109376,1.1145095825195312,v2/surfaces.csv,recalibrated
plain,0,-0.025,-0.175,0.6412025756835937,1.0162876586914062,v2/surfaces.csv,recalibrated
plain,0,-0.025,-0.15,0.5355177612304688,0.9334150390625,v2/surfaces.csv,recalibrated
plain,0,-0.025,-0.125,0.4454595642089843,0.8671119689941407,v2/surfaces.csv,recalibrated
plain,0,-0.025,-0.1,0.3700841064453125,0.8182755737304688,v2/surfaces.csv,recalibrated
plain,0,-0.025,-0.075,0.3096234283447265,0.7866719665527344,v2/surfaces.csv,recalibrated
plain,0,-0.025,-0.05,0.2684296417236328,0.7691475830078125,v2/surfaces.csv,recalibrated
plain,0,-0.025,-0.025,0.2437341918945312,0.7650979614257812,v2/surfaces.csv,recalibrated
plain,0,-0.025,0.0,0.2378100357055664,0.7683484802246093,v2/surfaces.csv,recalibrated
plain,0,-0.025,0.025,0.2523276214599609,0.7791784973144531,v2/surfaces.csv,recalibrated
plain,0,-0.025,0.05,0.2859068756103515,0.7965664672851562,v2/surfaces.csv,recalibrated
plain,0,-0.025,0.075,0.33762548828125,0.8187267456054688,v2/surfaces.csv,recalibrated
plain,0,-0.025,0.1,0.4085673370361328,0.8486570129394532,v2/surfaces.csv,recalibrated
plain,0,-0.025,0.125,0.4967339477539062,0.8896614379882812,v2/surfaces.csv,recalibrated
plain,0,-0.025,0.15,0.6014403686523437,0.9435585021972656,v2/surfaces.csv,recalibrated
plain,0,-0.025,0.175,0.7222346496582032,1.011024169921875,v2/surfaces.csv,recalibrated
plain,0,-0.025,0.2,0.8564476623535157,1.0897904052734375,v2/surfaces.csv,recalibrated
plain,0,-0.025,0.225,0.9993761901855468,1.1799373779296876,v2/surfaces.csv,recalibrated
plain,0,-0.025,0.25,1.14940966796875,1.2893511352539062,v2/surfaces.csv,recalibrated
plain,0,-0.025,0.275,1.3129970703125,1.4151974487304688,maxmonstre/eval/grid__plain__seed0__epoch_030__r-_G-__probes__f32.jsonl,recalibrated
plain,0,-0.025,0.3,1.4881299438476563,1.55427783203125,maxmonstre/eval/grid__plain__seed0__epoch_030__r-_G-__probes__f32.jsonl,recalibrated
plain,0,-0.025,0.325,1.6590150756835935,1.7013343505859375,maxmonstre/eval/grid__plain__seed0__epoch_030__r-_G-__probes__f32.jsonl,recalibrated
plain,0,-0.025,0.35,1.831472839355469,1.8513206176757813,maxmonstre/eval/grid__plain__seed0__epoch_030__r-_G-__probes__f32.jsonl,recalibrated
plain,0,-0.025,0.375,1.998333251953125,2.0036867065429687,maxmonstre/eval/grid__plain__seed0__epoch_030__r-_G-__probes__f32.jsonl,recalibrated
plain,0,-0.025,0.4,2.1638782958984377,2.15402587890625,maxmonstre/eval/grid__plain__seed0__epoch_030__r-_G-__probes__f32.jsonl,recalibrated
plain,0,-0.025,0.425,2.331827880859375,2.299477905273437,maxmonstre/eval/grid__plain__seed0__epoch_030__r-_G-__probes__f32.jsonl,recalibrated
plain,0,-0.025,0.45,2.496314697265625,2.4429189453125,maxmonstre/eval/grid__plain__seed0__epoch_030__r-_G-__probes__f32.jsonl,recalibrated
plain,0,-0.025,0.475,2.65907958984375,2.578979248046875,maxmonstre/eval/grid__plain__seed0__epoch_030__r-_G-__probes__f32.jsonl,recalibrated
plain,0,-0.025,0.5,2.815991455078125,2.709948486328125,maxmonstre/eval/grid__plain__seed0__epoch_030__r-_G-__probes__f32.jsonl,recalibrated
plain,0,0.0,-0.5,2.7522021484375,2.7795794677734373,maxmonstre/eval/grid__plain__seed0__epoch_030__r-_G-__probes__f32.jsonl,recalibrated
plain,0,0.0,-0.475,2.588091796875,2.61826953125,maxmonstre/eval/grid__plain__seed0__epoch_030__r-_G-__probes__f32.jsonl,recalibrated
plain,0,0.0,-0.45,2.428127807617188,2.462009765625,maxmonstre/eval/grid__plain__seed0__epoch_030__r-_G-__probes__f32.jsonl,recalibrated
plain,0,0.0,-0.425,2.2560931396484376,2.3079605712890623,maxmonstre/eval/grid__plain__seed0__epoch_030__r-_G-__probes__f32.jsonl,recalibrated
plain,0,0.0,-0.4,2.0841563720703125,2.156376831054688,maxmonstre/eval/grid__plain__seed0__epoch_030__r-_G-__probes__f32.jsonl,recalibrated
plain,0,0.0,-0.375,1.907896484375,2.0095100708007814,maxmonstre/eval/grid__plain__seed0__epoch_030__r-_G-__probes__f32.jsonl,recalibrated
plain,0,0.0,-0.35,1.7304840698242188,1.8576475219726565,maxmonstre/eval/grid__plain__seed0__epoch_030__r-_G-__probes__f32.jsonl,recalibrated
plain,0,0.0,-0.325,1.5516702880859374,1.7149367065429688,maxmonstre/eval/grid__plain__seed0__epoch_030__r-_G-__probes__f32.jsonl,recalibrated
plain,0,0.0,-0.3,1.37765966796875,1.576447265625,maxmonstre/eval/grid__plain__seed0__epoch_030__r-_G-__probes__f32.jsonl,recalibrated
plain,0,0.0,-0.275,1.21112060546875,1.44928515625,maxmonstre/eval/grid__plain__seed0__epoch_030__r-_G-__probes__f32.jsonl,recalibrated
plain,0,0.0,-0.25,1.055270782470703,1.3289052124023435,v2/surfaces.csv,recalibrated
plain,0,0.0,-0.225,0.9105792236328124,1.2122430419921877,v2/surfaces.csv,recalibrated
plain,0,0.0,-0.2,0.7744303894042969,1.1036718139648438,v2/surfaces.csv,recalibrated
plain,0,0.0,-0.175,0.6508346252441406,1.0075835571289062,v2/surfaces.csv,recalibrated
plain,0,0.0,-0.15,0.5410917053222656,0.9285186157226564,v2/surfaces.csv,recalibrated
plain,0,0.0,-0.125,0.4467136840820312,0.8601207885742187,v2/surfaces.csv,recalibrated
plain,0,0.0,-0.1,0.3672423248291016,0.8108690795898438,v2/surfaces.csv,recalibrated
plain,0,0.0,-0.075,0.3041327209472656,0.7790124816894531,v2/surfaces.csv,recalibrated
plain,0,0.0,-0.05,0.2603420867919921,0.7602080688476562,v2/surfaces.csv,recalibrated
plain,0,0.0,-0.025,0.232588394165039,0.7525513000488281,v2/surfaces.csv,recalibrated
plain,0,0.0,0.0,0.2221803131103515,0.7570303955078125,v2/surfaces.csv,recalibrated
plain,0,0.0,0.025,0.2347187118530273,0.769034912109375,v2/surfaces.csv,recalibrated
plain,0,0.0,0.05,0.2679485626220703,0.7860044555664063,v2/surfaces.csv,recalibrated
plain,0,0.0,0.075,0.3198959350585937,0.8067639770507813,v2/surfaces.csv,recalibrated
plain,0,0.0,0.1,0.3854670867919922,0.8392579956054688,v2/surfaces.csv,recalibrated
plain,0,0.0,0.125,0.4722488098144531,0.882777099609375,v2/surfaces.csv,recalibrated
plain,0,0.0,0.15,0.5779326171875,0.9331792907714844,v2/surfaces.csv,recalibrated
plain,0,0.0,0.175,0.6960711059570313,0.9988365173339844,v2/surfaces.csv,recalibrated
plain,0,0.0,0.2,0.8298395385742188,1.0742246704101563,v2/surfaces.csv,recalibrated
plain,0,0.0,0.225,0.968813720703125,1.162990234375,v2/surfaces.csv,recalibrated
plain,0,0.0,0.25,1.1161668701171874,1.2638731079101562,v2/surfaces.csv,recalibrated
plain,0,0.0,0.275,1.2755643920898438,1.384609130859375,maxmonstre/eval/grid__plain__seed0__epoch_030__r-_G-__probes__f32.jsonl,recalibrated
plain,0,0.0,0.3,1.447744812011719,1.5225568237304687,maxmonstre/eval/grid__plain__seed0__epoch_030__r-_G-__probes__f32.jsonl,recalibrated
plain,0,0.0,0.325,1.6228663940429688,1.6659850463867187,maxmonstre/eval/grid__plain__seed0__epoch_030__r-_G-__probes__f32.jsonl,recalibrated
plain,0,0.0,0.35,1.8002138671875,1.8082562866210936,maxmonstre/eval/grid__plain__seed0__epoch_030__r-_G-__probes__f32.jsonl,recalibrated
plain,0,0.0,0.375,1.9718575439453123,1.9600133666992188,maxmonstre/eval/grid__plain__seed0__epoch_030__r-_G-__probes__f32.jsonl,recalibrated
plain,0,0.0,0.4,2.141986083984375,2.114258544921875,maxmonstre/eval/grid__plain__seed0__epoch_030__r-_G-__probes__f32.jsonl,recalibrated
plain,0,0.0,0.425,2.315600341796875,2.26534814453125,maxmonstre/eval/grid__plain__seed0__epoch_030__r-_G-__probes__f32.jsonl,recalibrated
plain,0,0.0,0.45,2.476305908203125,2.4137008056640625,maxmonstre/eval/grid__plain__seed0__epoch_030__r-_G-__probes__f32.jsonl,recalibrated
plain,0,0.0,0.475,2.631068603515625,2.55269140625,maxmonstre/eval/grid__plain__seed0__epoch_030__r-_G-__probes__f32.jsonl,recalibrated
plain,0,0.0,0.5,2.78586181640625,2.684572509765625,maxmonstre/eval/grid__plain__seed0__epoch_030__r-_G-__probes__f32.jsonl,recalibrated
plain,0,0.025,-0.5,2.726962646484375,2.73801025390625,maxmonstre/eval/grid__plain__seed0__epoch_030__r-_G-__probes__f32.jsonl,recalibrated
plain,0,0.025,-0.475,2.563706909179688,2.5815084228515626,maxmonstre/eval/grid__plain__seed0__epoch_030__r-_G-__probes__f32.jsonl,recalibrated
plain,0,0.025,-0.45,2.404244873046875,2.423134033203125,maxmonstre/eval/grid__plain__seed0__epoch_030__r-_G-__probes__f32.jsonl,recalibrated
plain,0,0.025,-0.425,2.237280517578125,2.2633358154296874,maxmonstre/eval/grid__plain__seed0__epoch_030__r-_G-__probes__f32.jsonl,recalibrated
plain,0,0.025,-0.4,2.067273986816406,2.114061279296875,maxmonstre/eval/grid__plain__seed0__epoch_030__r-_G-__probes__f32.jsonl,recalibrated
plain,0,0.025,-0.375,1.8960313720703128,1.9744620971679687,maxmonstre/eval/grid__plain__seed0__epoch_030__r-_G-__probes__f32.jsonl,recalibrated
plain,0,0.025,-0.35,1.7194639892578123,1.8359725341796875,maxmonstre/eval/grid__plain__seed0__epoch_030__r-_G-__probes__f32.jsonl,recalibrated
plain,0,0.025,-0.325,1.5498546142578125,1.699845703125,maxmonstre/eval/grid__plain__seed0__epoch_030__r-_G-__probes__f32.jsonl,recalibrated
plain,0,0.025,-0.3,1.3837445678710938,1.5660096435546875,maxmonstre/eval/grid__plain__seed0__epoch_030__r-_G-__probes__f32.jsonl,recalibrated
plain,0,0.025,-0.275,1.2249747924804688,1.4410752563476563,maxmonstre/eval/grid__plain__seed0__epoch_030__r-_G-__probes__f32.jsonl,recalibrated
plain,0,0.025,-0.25,1.071387878417969,1.3231695556640626,v2/surfaces.csv,recalibrated
plain,0,0.025,-0.225,0.9272608642578124,1.2103165893554688,v2/surfaces.csv,recalibrated
plain,0,0.025,-0.2,0.792513916015625,1.10592236328125,v2/surfaces.csv,recalibrated
plain,0,0.025,-0.175,0.6719753723144531,1.0140833740234374,v2/surfaces.csv,recalibrated
plain,0,0.025,-0.15,0.5637648315429687,0.9313529052734376,v2/surfaces.csv,recalibrated
plain,0,0.025,-0.125,0.4675429382324219,0.8667349853515625,v2/surfaces.csv,recalibrated
plain,0,0.025,-0.1,0.3867454833984375,0.8177351684570312,v2/surfaces.csv,recalibrated
plain,0,0.025,-0.075,0.322239013671875,0.7870235900878906,v2/surfaces.csv,recalibrated
plain,0,0.025,-0.05,0.2759648132324219,0.7650760498046875,v2/surfaces.csv,recalibrated
plain,0,0.025,-0.025,0.2468843002319335,0.75409521484375,v2/surfaces.csv,recalibrated
plain,0,0.025,0.0,0.2349955444335937,0.7564541625976563,v2/surfaces.csv,recalibrated
plain,0,0.025,0.025,0.2450483932495117,0.7638563842773437,v2/surfaces.csv,recalibrated
plain,0,0.025,0.05,0.2762143096923828,0.7796355590820313,v2/surfaces.csv,recalibrated
plain,0,0.025,0.075,0.3280514526367187,0.8025057373046875,v2/surfaces.csv,recalibrated
plain,0,0.025,0.1,0.3942832336425781,0.8358463439941406,v2/surfaces.csv,recalibrated
plain,0,0.025,0.125,0.4775688018798828,0.8807645874023438,v2/surfaces.csv,recalibrated
plain,0,0.025,0.15,0.5809391479492187,0.93763623046875,v2/surfaces.csv,recalibrated
plain,0,0.025,0.175,0.6976878051757812,0.9996607666015624,v2/surfaces.csv,recalibrated
plain,0,0.025,0.2,0.8272843017578125,1.0786345520019531,v2/surfaces.csv,recalibrated
plain,0,0.025,0.225,0.9639975891113282,1.1655750122070312,v2/surfaces.csv,recalibrated
plain,0,0.025,0.25,1.1089654541015626,1.2649314575195312,v2/surfaces.csv,recalibrated
plain,0,0.025,0.275,1.2637955932617186,1.3840909423828125,maxmonstre/eval/grid__plain__seed0__epoch_030__r-_G-__probes__f32.jsonl,recalibrated
plain,0,0.025,0.3,1.42676025390625,1.515542236328125,maxmonstre/eval/grid__plain__seed0__epoch_030__r-_G-__probes__f32.jsonl,recalibrated
plain,0,0.025,0.325,1.598662841796875,1.6516256713867188,maxmonstre/eval/grid__plain__seed0__epoch_030__r-_G-__probes__f32.jsonl,recalibrated
plain,0,0.025,0.35,1.7771487426757813,1.7927081298828125,maxmonstre/eval/grid__plain__seed0__epoch_030__r-_G-__probes__f32.jsonl,recalibrated
plain,0,0.025,0.375,1.95333203125,1.9381600341796876,maxmonstre/eval/grid__plain__seed0__epoch_030__r-_G-__probes__f32.jsonl,recalibrated
plain,0,0.025,0.4,2.1276103515625,2.0908465576171875,maxmonstre/eval/grid__plain__seed0__epoch_030__r-_G-__probes__f32.jsonl,recalibrated
plain,0,0.025,0.425,2.298615112304688,2.244346435546875,maxmonstre/eval/grid__plain__seed0__epoch_030__r-_G-__probes__f32.jsonl,recalibrated
plain,0,0.025,0.45,2.4610191650390627,2.39327783203125,maxmonstre/eval/grid__plain__seed0__epoch_030__r-_G-__probes__f32.jsonl,recalibrated
plain,0,0.025,0.475,2.617404052734375,2.5340504150390624,maxmonstre/eval/grid__plain__seed0__epoch_030__r-_G-__probes__f32.jsonl,recalibrated
plain,0,0.025,0.5,2.767863525390625,2.6666510009765627,maxmonstre/eval/grid__plain__seed0__epoch_030__r-_G-__probes__f32.jsonl,recalibrated
plain,0,0.05,-0.5,2.71787255859375,2.7153358154296874,maxmonstre/eval/grid__plain__seed0__epoch_030__r-_G-__probes__f32.jsonl,recalibrated
plain,0,0.05,-0.475,2.5581051025390624,2.5613094482421874,maxmonstre/eval/grid__plain__seed0__epoch_030__r-_G-__probes__f32.jsonl,recalibrated
plain,0,0.05,-0.45,2.40002587890625,2.402256103515625,maxmonstre/eval/grid__plain__seed0__epoch_030__r-_G-__probes__f32.jsonl,recalibrated
plain,0,0.05,-0.425,2.234296630859375,2.246316162109375,maxmonstre/eval/grid__plain__seed0__epoch_030__r-_G-__probes__f32.jsonl,recalibrated
plain,0,0.05,-0.4,2.066466125488281,2.0963349609375,maxmonstre/eval/grid__plain__seed0__epoch_030__r-_G-__probes__f32.jsonl,recalibrated
plain,0,0.05,-0.375,1.8979559326171875,1.96327587890625,maxmonstre/eval/grid__plain__seed0__epoch_030__r-_G-__probes__f32.jsonl,recalibrated
plain,0,0.05,-0.35,1.7279033203125,1.8306676635742187,maxmonstre/eval/grid__plain__seed0__epoch_030__r-_G-__probes__f32.jsonl,recalibrated
plain,0,0.05,-0.325,1.5613359985351565,1.6959410400390624,maxmonstre/eval/grid__plain__seed0__epoch_030__r-_G-__probes__f32.jsonl,recalibrated
plain,0,0.05,-0.3,1.4010438232421876,1.5648638305664062,maxmonstre/eval/grid__plain__seed0__epoch_030__r-_G-__probes__f32.jsonl,recalibrated
plain,0,0.05,-0.275,1.2452593994140626,1.4389124755859375,maxmonstre/eval/grid__plain__seed0__epoch_030__r-_G-__probes__f32.jsonl,recalibrated
plain,0,0.05,-0.25,1.0968691711425782,1.3229972534179688,v2/surfaces.csv,recalibrated
plain,0,0.05,-0.225,0.954974609375,1.214640625,v2/surfaces.csv,recalibrated
plain,0,0.05,-0.2,0.82323876953125,1.1130469970703123,v2/surfaces.csv,recalibrated
plain,0,0.05,-0.175,0.7039869689941406,1.0232675170898438,v2/surfaces.csv,recalibrated
plain,0,0.05,-0.15,0.5964146423339843,0.945555419921875,v2/surfaces.csv,recalibrated
plain,0,0.05,-0.125,0.5010306701660157,0.8806347351074219,v2/surfaces.csv,recalibrated
plain,0,0.05,-0.1,0.4200927734375,0.8312633666992187,v2/surfaces.csv,recalibrated
plain,0,0.05,-0.075,0.3579888916015625,0.7989790954589844,v2/surfaces.csv,recalibrated
plain,0,0.05,-0.05,0.3130780334472656,0.7764516296386719,v2/surfaces.csv,recalibrated
plain,0,0.05,-0.025,0.2823875732421875,0.7618900756835938,v2/surfaces.csv,recalibrated
plain,0,0.05,0.0,0.2708853912353515,0.759292236328125,v2/surfaces.csv,recalibrated
plain,0,0.05,0.025,0.2801903991699219,0.7662711791992187,v2/surfaces.csv,recalibrated
plain,0,0.05,0.05,0.3098296508789062,0.7811837158203125,v2/surfaces.csv,recalibrated
plain,0,0.05,0.075,0.3596353302001953,0.8049310302734375,v2/surfaces.csv,recalibrated
plain,0,0.05,0.1,0.427325439453125,0.8399480895996094,v2/surfaces.csv,recalibrated
plain,0,0.05,0.125,0.5088065643310546,0.8863670959472656,v2/surfaces.csv,recalibrated
plain,0,0.05,0.15,0.6099131774902343,0.94489599609375,v2/surfaces.csv,recalibrated
plain,0,0.05,0.175,0.7225272827148438,1.013665771484375,v2/surfaces.csv,recalibrated
plain,0,0.05,0.2,0.8463349304199219,1.0944163513183591,v2/surfaces.csv,recalibrated
plain,0,0.05,0.225,0.9788704528808594,1.1827831420898438,v2/surfaces.csv,recalibrated
plain,0,0.05,0.25,1.1211693725585938,1.285609619140625,v2/surfaces.csv,recalibrated
plain,0,0.05,0.275,1.2691373291015624,1.4015745849609376,maxmonstre/eval/grid__plain__seed0__epoch_030__r-_G-__probes__f32.jsonl,recalibrated
plain,0,0.05,0.3,1.4309744873046877,1.528939697265625,maxmonstre/eval/grid__plain__seed0__epoch_030__r-_G-__probes__f32.jsonl,recalibrated
plain,0,0.05,0.325,1.6015610961914062,1.65897802734375,maxmonstre/eval/grid__plain__seed0__epoch_030__r-_G-__probes__f32.jsonl,recalibrated
plain,0,0.05,0.35,1.7760052490234377,1.7969193115234374,maxmonstre/eval/grid__plain__seed0__epoch_030__r-_G-__probes__f32.jsonl,recalibrated
plain,0,0.05,0.375,1.9503461303710936,1.937189697265625,maxmonstre/eval/grid__plain__seed0__epoch_030__r-_G-__probes__f32.jsonl,recalibrated
plain,0,0.05,0.4,2.1216839599609374,2.082778564453125,maxmonstre/eval/grid__plain__seed0__epoch_030__r-_G-__probes__f32.jsonl,recalibrated
plain,0,0.05,0.425,2.29035791015625,2.235463623046875,maxmonstre/eval/grid__plain__seed0__epoch_030__r-_G-__probes__f32.jsonl,recalibrated
plain,0,0.05,0.45,2.4519588623046875,2.3834644775390625,maxmonstre/eval/grid__plain__seed0__epoch_030__r-_G-__probes__f32.jsonl,recalibrated
plain,0,0.05,0.475,2.6036944580078125,2.526824584960937,maxmonstre/eval/grid__plain__seed0__epoch_030__r-_G-__probes__f32.jsonl,recalibrated
plain,0,0.05,0.5,2.754347412109375,2.659406982421875,maxmonstre/eval/grid__plain__seed0__epoch_030__r-_G-__probes__f32.jsonl,recalibrated
plain,0,0.075,-0.5,2.71572900390625,2.698388427734375,maxmonstre/eval/grid__plain__seed0__epoch_030__r-_G-__probes__f32.jsonl,recalibrated
plain,0,0.075,-0.475,2.56174365234375,2.5528883056640623,maxmonstre/eval/grid__plain__seed0__epoch_030__r-_G-__probes__f32.jsonl,recalibrated
plain,0,0.075,-0.45,2.4025855712890625,2.4030018310546875,maxmonstre/eval/grid__plain__seed0__epoch_030__r-_G-__probes__f32.jsonl,recalibrated
plain,0,0.075,-0.425,2.243297119140625,2.24483837890625,maxmonstre/eval/grid__plain__seed0__epoch_030__r-_G-__probes__f32.jsonl,recalibrated
plain,0,0.075,-0.4,2.079509521484375,2.09688671875,maxmonstre/eval/grid__plain__seed0__epoch_030__r-_G-__probes__f32.jsonl,recalibrated
plain,0,0.075,-0.375,1.917558349609375,1.9638773803710936,maxmonstre/eval/grid__plain__seed0__epoch_030__r-_G-__probes__f32.jsonl,recalibrated
plain,0,0.075,-0.35,1.7538646240234377,1.8339789428710935,maxmonstre/eval/grid__plain__seed0__epoch_030__r-_G-__probes__f32.jsonl,recalibrated
plain,0,0.075,-0.325,1.59055078125,1.7040858154296874,maxmonstre/eval/grid__plain__seed0__epoch_030__r-_G-__probes__f32.jsonl,recalibrated
plain,0,0.075,-0.3,1.4314583740234377,1.5750424194335937,maxmonstre/eval/grid__plain__seed0__epoch_030__r-_G-__probes__f32.jsonl,recalibrated
plain,0,0.075,-0.275,1.275020751953125,1.448687255859375,maxmonstre/eval/grid__plain__seed0__epoch_030__r-_G-__probes__f32.jsonl,recalibrated
plain,0,0.075,-0.25,1.1260779724121093,1.331426513671875,v2/surfaces.csv,recalibrated
plain,0,0.075,-0.225,0.985591552734375,1.2235573120117187,v2/surfaces.csv,recalibrated
plain,0,0.075,-0.2,0.8585395202636719,1.1271734619140623,v2/surfaces.csv,recalibrated
plain,0,0.075,-0.175,0.7441473693847657,1.0426436767578124,v2/surfaces.csv,recalibrated
plain,0,0.075,-0.15,0.638802490234375,0.968252410888672,v2/surfaces.csv,recalibrated
plain,0,0.075,-0.125,0.5459257659912109,0.9063217163085936,v2/surfaces.csv,recalibrated
plain,0,0.075,-0.1,0.4670957336425781,0.8566376342773437,v2/surfaces.csv,recalibrated
plain,0,0.075,-0.075,0.4063507385253906,0.8215586853027343,v2/surfaces.csv,recalibrated
plain,0,0.075,-0.05,0.363074478149414,0.7983021240234375,v2/surfaces.csv,recalibrated
plain,0,0.075,-0.025,0.3366632080078125,0.7825827941894531,v2/surfaces.csv,recalibrated
plain,0,0.075,0.0,0.3269988708496094,0.7758777770996094,v2/surfaces.csv,recalibrated
plain,0,0.075,0.025,0.3349017181396484,0.7796566772460938,v2/surfaces.csv,recalibrated
plain,0,0.075,0.05,0.3626817321777343,0.7956485595703126,v2/surfaces.csv,recalibrated
plain,0,0.075,0.075,0.4103227844238281,0.821111328125,v2/surfaces.csv,recalibrated
plain,0,0.075,0.1,0.4755818481445312,0.8585093994140625,v2/surfaces.csv,recalibrated
plain,0,0.075,0.125,0.5574066772460937,0.906733917236328,v2/surfaces.csv,recalibrated
plain,0,0.075,0.15,0.6571459045410156,0.9695065307617188,v2/surfaces.csv,recalibrated
plain,0,0.075,0.175,0.7666114501953125,1.0412448425292968,v2/surfaces.csv,recalibrated
plain,0,0.075,0.2,0.886396240234375,1.1241473999023437,v2/surfaces.csv,recalibrated
plain,0,0.075,0.225,1.0180430603027344,1.2171764526367188,v2/surfaces.csv,recalibrated
plain,0,0.075,0.25,1.1552618408203126,1.3212764892578126,v2/surfaces.csv,recalibrated
plain,0,0.075,0.275,1.2998917846679687,1.4372362060546875,maxmonstre/eval/grid__plain__seed0__epoch_030__r-_G-__probes__f32.jsonl,recalibrated
plain,0,0.075,0.3,1.4570469970703126,1.5597431640625,maxmonstre/eval/grid__plain__seed0__epoch_030__r-_G-__probes__f32.jsonl,recalibrated
plain,0,0.075,0.325,1.6312174682617189,1.689175720214844,maxmonstre/eval/grid__plain__seed0__epoch_030__r-_G-__probes__f32.jsonl,recalibrated
plain,0,0.075,0.35,1.802014404296875,1.823669006347656,maxmonstre/eval/grid__plain__seed0__epoch_030__r-_G-__probes__f32.jsonl,recalibrated
plain,0,0.075,0.375,1.9706143798828124,1.96368310546875,maxmonstre/eval/grid__plain__seed0__epoch_030__r-_G-__probes__f32.jsonl,recalibrated
plain,0,0.075,0.4,2.13859912109375,2.103613586425781,maxmonstre/eval/grid__plain__seed0__epoch_030__r-_G-__probes__f32.jsonl,recalibrated
plain,0,0.075,0.425,2.3013642578125,2.245116455078125,maxmonstre/eval/grid__plain__seed0__epoch_030__r-_G-__probes__f32.jsonl,recalibrated
plain,0,0.075,0.45,2.4569649658203123,2.389322509765625,maxmonstre/eval/grid__plain__seed0__epoch_030__r-_G-__probes__f32.jsonl,recalibrated
plain,0,0.075,0.475,2.6067774658203127,2.5335396728515627,maxmonstre/eval/grid__plain__seed0__epoch_030__r-_G-__probes__f32.jsonl,recalibrated
plain,0,0.075,0.5,2.7488870849609377,2.667560913085937,maxmonstre/eval/grid__plain__seed0__epoch_030__r-_G-__probes__f32.jsonl,recalibrated
plain,0,0.1,-0.5,2.721166259765625,2.695389892578125,maxmonstre/eval/grid__plain__seed0__epoch_030__r-_G-__probes__f32.jsonl,recalibrated
plain,0,0.1,-0.475,2.5736876220703127,2.5565328369140623,maxmonstre/eval/grid__plain__seed0__epoch_030__r-_G-__probes__f32.jsonl,recalibrated
plain,0,0.1,-0.45,2.4176973876953123,2.413762573242188,maxmonstre/eval/grid__plain__seed0__epoch_030__r-_G-__probes__f32.jsonl,recalibrated
plain,0,0.1,-0.425,2.2626949462890624,2.2613955078125,maxmonstre/eval/grid__plain__seed0__epoch_030__r-_G-__probes__f32.jsonl,recalibrated
plain,0,0.1,-0.4,2.10835693359375,2.1122119140625,maxmonstre/eval/grid__plain__seed0__epoch_030__r-_G-__probes__f32.jsonl,recalibrated
plain,0,0.1,-0.375,1.9496380004882807,1.9796980590820312,maxmonstre/eval/grid__plain__seed0__epoch_030__r-_G-__probes__f32.jsonl,recalibrated
plain,0,0.1,-0.35,1.7878336791992189,1.8536666870117189,maxmonstre/eval/grid__plain__seed0__epoch_030__r-_G-__probes__f32.jsonl,recalibrated
plain,0,0.1,-0.325,1.6327293701171874,1.7288663330078125,maxmonstre/eval/grid__plain__seed0__epoch_030__r-_G-__probes__f32.jsonl,recalibrated
plain,0,0.1,-0.3,1.4784593505859376,1.60366552734375,maxmonstre/eval/grid__plain__seed0__epoch_030__r-_G-__probes__f32.jsonl,recalibrated
plain,0,0.1,-0.275,1.323902099609375,1.4790037231445312,maxmonstre/eval/grid__plain__seed0__epoch_030__r-_G-__probes__f32.jsonl,recalibrated
plain,0,0.1,-0.25,1.17471044921875,1.362629089355469,v2/surfaces.csv,recalibrated
plain,0,0.1,-0.225,1.033573486328125,1.2560574340820312,v2/surfaces.csv,recalibrated
plain,0,0.1,-0.2,0.9054085083007812,1.1613468017578126,v2/surfaces.csv,recalibrated
plain,0,0.1,-0.175,0.7922734680175781,1.080450439453125,v2/surfaces.csv,recalibrated
plain,0,0.1,-0.15,0.6912641296386719,1.007837890625,v2/surfaces.csv,recalibrated
plain,0,0.1,-0.125,0.6030876770019531,0.9469119873046876,v2/surfaces.csv,recalibrated
plain,0,0.1,-0.1,0.5265501403808593,0.8990997924804688,v2/surfaces.csv,recalibrated
plain,0,0.1,-0.075,0.466253173828125,0.859827392578125,v2/surfaces.csv,recalibrated
plain,0,0.1,-0.05,0.4257164306640625,0.8314134826660157,v2/surfaces.csv,recalibrated
plain,0,0.1,-0.025,0.4044936218261719,0.8120064697265625,v2/surfaces.csv,recalibrated
plain,0,0.1,0.0,0.3965449523925781,0.8018814697265625,v2/surfaces.csv,recalibrated
plain,0,0.1,0.025,0.4048267974853515,0.8042566528320313,v2/surfaces.csv,recalibrated
plain,0,0.1,0.05,0.4313129425048828,0.8201823425292969,v2/surfaces.csv,recalibrated
plain,0,0.1,0.075,0.478939224243164,0.8485692443847657,v2/surfaces.csv,recalibrated
plain,0,0.1,0.1,0.5423617858886719,0.8898861083984375,v2/surfaces.csv,recalibrated
plain,0,0.1,0.125,0.6224642333984375,0.9421943969726564,v2/surfaces.csv,recalibrated
plain,0,0.1,0.15,0.719482666015625,1.0045155029296875,v2/surfaces.csv,recalibrated
plain,0,0.1,0.175,0.8269627380371094,1.0808065490722656,v2/surfaces.csv,recalibrated
plain,0,0.1,0.2,0.94259521484375,1.1656121215820312,v2/surfaces.csv,recalibrated
plain,0,0.1,0.225,1.0675486450195313,1.2611536254882814,v2/surfaces.csv,recalibrated
plain,0,0.1,0.25,1.20023193359375,1.367003845214844,v2/surfaces.csv,recalibrated
plain,0,0.1,0.275,1.344565673828125,1.4857000732421874,maxmonstre/eval/grid__plain__seed0__epoch_030__r-_G-__probes__f32.jsonl,recalibrated
plain,0,0.1,0.3,1.504484130859375,1.6105422973632812,maxmonstre/eval/grid__plain__seed0__epoch_030__r-_G-__probes__f32.jsonl,recalibrated
plain,0,0.1,0.325,1.6761272583007814,1.7376776733398438,maxmonstre/eval/grid__plain__seed0__epoch_030__r-_G-__probes__f32.jsonl,recalibrated
plain,0,0.1,0.35,1.8480235595703125,1.8698386840820316,maxmonstre/eval/grid__plain__seed0__epoch_030__r-_G-__probes__f32.jsonl,recalibrated
plain,0,0.1,0.375,2.012765686035156,2.009469116210937,maxmonstre/eval/grid__plain__seed0__epoch_030__r-_G-__probes__f32.jsonl,recalibrated
plain,0,0.1,0.4,2.1770703125,2.155201416015625,maxmonstre/eval/grid__plain__seed0__epoch_030__r-_G-__probes__f32.jsonl,recalibrated
plain,0,0.1,0.425,2.3371776123046875,2.2933037109375,maxmonstre/eval/grid__plain__seed0__epoch_030__r-_G-__probes__f32.jsonl,recalibrated
plain,0,0.1,0.45,2.48669873046875,2.42475830078125,maxmonstre/eval/grid__plain__seed0__epoch_030__r-_G-__probes__f32.jsonl,recalibrated
plain,0,0.1,0.475,2.6339971923828127,2.5632489013671877,maxmonstre/eval/grid__plain__seed0__epoch_030__r-_G-__probes__f32.jsonl,recalibrated
plain,0,0.1,0.5,2.7719884033203126,2.6986207275390623,maxmonstre/eval/grid__plain__seed0__epoch_030__r-_G-__probes__f32.jsonl,recalibrated
plain,0,0.125,-0.5,2.73858203125,2.7016243896484373,maxmonstre/eval/grid__plain__seed0__epoch_030__r-_G-__probes__f32.jsonl,recalibrated
plain,0,0.125,-0.475,2.5986712646484373,2.5724248046875,maxmonstre/eval/grid__plain__seed0__epoch_030__r-_G-__probes__f32.jsonl,recalibrated
plain,0,0.125,-0.45,2.453937377929688,2.436912841796875,maxmonstre/eval/grid__plain__seed0__epoch_030__r-_G-__probes__f32.jsonl,recalibrated
plain,0,0.125,-0.425,2.3053038330078124,2.290145751953125,maxmonstre/eval/grid__plain__seed0__epoch_030__r-_G-__probes__f32.jsonl,recalibrated
plain,0,0.125,-0.4,2.1530247802734377,2.1428302001953123,maxmonstre/eval/grid__plain__seed0__epoch_030__r-_G-__probes__f32.jsonl,recalibrated
plain,0,0.125,-0.375,1.9958465576171875,2.013281066894532,maxmonstre/eval/grid__plain__seed0__epoch_030__r-_G-__probes__f32.jsonl,recalibrated
plain,0,0.125,-0.35,1.8425927734375,1.8942760009765625,maxmonstre/eval/grid__plain__seed0__epoch_030__r-_G-__probes__f32.jsonl,recalibrated
plain,0,0.125,-0.325,1.685581298828125,1.773277099609375,maxmonstre/eval/grid__plain__seed0__epoch_030__r-_G-__probes__f32.jsonl,recalibrated
plain,0,0.125,-0.3,1.5340126342773437,1.651359130859375,maxmonstre/eval/grid__plain__seed0__epoch_030__r-_G-__probes__f32.jsonl,recalibrated
plain,0,0.125,-0.275,1.3816636962890625,1.5303754272460937,maxmonstre/eval/grid__plain__seed0__epoch_030__r-_G-__probes__f32.jsonl,recalibrated
plain,0,0.125,-0.25,1.233741027832031,1.416408447265625,v2/surfaces.csv,recalibrated
plain,0,0.125,-0.225,1.0932532348632813,1.3096282958984375,v2/surfaces.csv,recalibrated
plain,0,0.125,-0.2,0.9643019714355467,1.213797607421875,v2/surfaces.csv,recalibrated
plain,0,0.125,-0.175,0.8553741455078125,1.1314488525390625,v2/surfaces.csv,recalibrated
plain,0,0.125,-0.15,0.7579266967773437,1.0580665283203126,v2/surfaces.csv,recalibrated
plain,0,0.125,-0.125,0.6752009887695313,0.997681182861328,v2/surfaces.csv,recalibrated
plain,0,0.125,-0.1,0.6009291381835937,0.9464365234375,v2/surfaces.csv,recalibrated
plain,0,0.125,-0.075,0.5424867858886718,0.9047611083984376,v2/surfaces.csv,recalibrated
plain,0,0.125,-0.05,0.5055280303955079,0.8738414001464844,v2/surfaces.csv,recalibrated
plain,0,0.125,-0.025,0.48593310546875,0.8525358276367188,v2/surfaces.csv,recalibrated
plain,0,0.125,0.0,0.4813569946289062,0.8410067443847656,v2/surfaces.csv,recalibrated
plain,0,0.125,0.025,0.4934832458496094,0.84153466796875,v2/surfaces.csv,recalibrated
plain,0,0.125,0.05,0.5201978759765625,0.8602227478027343,v2/surfaces.csv,recalibrated
plain,0,0.125,0.075,0.5647409057617188,0.889746337890625,v2/surfaces.csv,recalibrated
plain,0,0.125,0.1,0.6252846069335938,0.9336320495605468,v2/surfaces.csv,recalibrated
plain,0,0.125,0.125,0.7003720397949219,0.988858154296875,v2/surfaces.csv,recalibrated
plain,0,0.125,0.15,0.7928289794921874,1.055575408935547,v2/surfaces.csv,recalibrated
plain,0,0.125,0.175,0.899988037109375,1.1312470703125,v2/surfaces.csv,recalibrated
plain,0,0.125,0.2,1.0116346435546877,1.215593017578125,v2/surfaces.csv,recalibrated
plain,0,0.125,0.225,1.1301947021484375,1.311321228027344,v2/surfaces.csv,recalibrated
plain,0,0.125,0.25,1.2633265380859375,1.423706359863281,v2/surfaces.csv,recalibrated
plain,0,0.125,0.275,1.40791162109375,1.5456542358398435,maxmonstre/eval/grid__plain__seed0__epoch_030__r-_G-__probes__f32.jsonl,recalibrated
plain,0,0.125,0.3,1.5666044311523435,1.67712890625,maxmonstre/eval/grid__plain__seed0__epoch_030__r-_G-__probes__f32.jsonl,recalibrated
plain,0,0.125,0.325,1.7340914306640625,1.8059266357421877,maxmonstre/eval/grid__plain__seed0__epoch_030__r-_G-__probes__f32.jsonl,recalibrated
plain,0,0.125,0.35,1.90091845703125,1.9380875244140623,maxmonstre/eval/grid__plain__seed0__epoch_030__r-_G-__probes__f32.jsonl,recalibrated
plain,0,0.125,0.375,2.062507751464844,2.0759501953125,maxmonstre/eval/grid__plain__seed0__epoch_030__r-_G-__probes__f32.jsonl,recalibrated
plain,0,0.125,0.4,2.2227220458984376,2.2181700439453125,maxmonstre/eval/grid__plain__seed0__epoch_030__r-_G-__probes__f32.jsonl,recalibrated
plain,0,0.125,0.425,2.382992919921875,2.360818115234375,maxmonstre/eval/grid__plain__seed0__epoch_030__r-_G-__probes__f32.jsonl,recalibrated
plain,0,0.125,0.45,2.5363956298828123,2.494401123046875,maxmonstre/eval/grid__plain__seed0__epoch_030__r-_G-__probes__f32.jsonl,recalibrated
plain,0,0.125,0.475,2.679337646484375,2.6271573486328124,maxmonstre/eval/grid__plain__seed0__epoch_030__r-_G-__probes__f32.jsonl,recalibrated
plain,0,0.125,0.5,2.816202392578125,2.7563865966796874,maxmonstre/eval/grid__plain__seed0__epoch_030__r-_G-__probes__f32.jsonl,recalibrated
plain,0,0.15,-0.5,2.7661221923828125,2.7260438232421875,maxmonstre/eval/grid__plain__seed0__epoch_030__r-_G-__probes__f32.jsonl,recalibrated
plain,0,0.15,-0.475,2.6401937255859376,2.6025606689453125,maxmonstre/eval/grid__plain__seed0__epoch_030__r-_G-__probes__f32.jsonl,recalibrated
plain,0,0.15,-0.45,2.50192919921875,2.47505712890625,maxmonstre/eval/grid__plain__seed0__epoch_030__r-_G-__probes__f32.jsonl,recalibrated
plain,0,0.15,-0.425,2.3567843017578123,2.337204956054688,maxmonstre/eval/grid__plain__seed0__epoch_030__r-_G-__probes__f32.jsonl,recalibrated
plain,0,0.15,-0.4,2.20802978515625,2.19699951171875,maxmonstre/eval/grid__plain__seed0__epoch_030__r-_G-__probes__f32.jsonl,recalibrated
plain,0,0.15,-0.375,2.058470703125,2.06637255859375,maxmonstre/eval/grid__plain__seed0__epoch_030__r-_G-__probes__f32.jsonl,recalibrated
plain,0,0.15,-0.35,1.9082838134765625,1.949716064453125,maxmonstre/eval/grid__plain__seed0__epoch_030__r-_G-__probes__f32.jsonl,recalibrated
plain,0,0.15,-0.325,1.7532686157226562,1.8347757568359373,maxmonstre/eval/grid__plain__seed0__epoch_030__r-_G-__probes__f32.jsonl,recalibrated
plain,0,0.15,-0.3,1.6005301513671877,1.7153517456054688,maxmonstre/eval/grid__plain__seed0__epoch_030__r-_G-__probes__f32.jsonl,recalibrated
plain,0,0.15,-0.275,1.4479553833007812,1.5975,maxmonstre/eval/grid__plain__seed0__epoch_030__r-_G-__probes__f32.jsonl,recalibrated
plain,0,0.15,-0.25,1.3002055053710937,1.4830059204101562,v2/surfaces.csv,recalibrated
plain,0,0.15,-0.225,1.1623720703125,1.377042175292969,v2/surfaces.csv,recalibrated
plain,0,0.15,-0.2,1.0368368530273435,1.2809759521484374,v2/surfaces.csv,recalibrated
plain,0,0.15,-0.175,0.9279547729492188,1.1976057739257813,v2/surfaces.csv,recalibrated
plain,0,0.15,-0.15,0.8361795654296875,1.1253447265625,v2/surfaces.csv,recalibrated
plain,0,0.15,-0.125,0.7587295532226562,1.0614660034179688,v2/surfaces.csv,recalibrated
plain,0,0.15,-0.1,0.6889525451660157,1.0073315734863282,v2/surfaces.csv,recalibrated
plain,0,0.15,-0.075,0.6335099792480469,0.9631813354492188,v2/surfaces.csv,recalibrated
plain,0,0.15,-0.05,0.5991850891113282,0.9270156860351564,v2/surfaces.csv,recalibrated
plain,0,0.15,-0.025,0.5813488464355469,0.9028755493164062,v2/surfaces.csv,recalibrated
plain,0,0.15,0.0,0.5813409729003907,0.8929402160644532,v2/surfaces.csv,recalibrated
plain,0,0.15,0.025,0.5972160034179688,0.8960797119140625,v2/surfaces.csv,recalibrated
plain,0,0.15,0.05,0.6260541687011719,0.9132935180664062,v2/surfaces.csv,recalibrated
plain,0,0.15,0.075,0.6681896057128907,0.942441375732422,v2/surfaces.csv,recalibrated
plain,0,0.15,0.1,0.7231652221679687,0.9852479553222656,v2/surfaces.csv,recalibrated
plain,0,0.15,0.125,0.792865234375,1.0410123291015625,v2/surfaces.csv,recalibrated
plain,0,0.15,0.15,0.8809364013671875,1.108813232421875,v2/surfaces.csv,recalibrated
plain,0,0.15,0.175,0.9826102905273436,1.1866508178710935,v2/surfaces.csv,recalibrated
plain,0,0.15,0.2,1.0910887451171876,1.274487548828125,v2/surfaces.csv,recalibrated
plain,0,0.15,0.225,1.208708740234375,1.3739846801757811,v2/surfaces.csv,recalibrated
plain,0,0.15,0.25,1.3406034545898438,1.4886102905273435,v2/surfaces.csv,recalibrated
plain,0,0.15,0.275,1.48508251953125,1.6208514404296874,maxmonstre/eval/grid__plain__seed0__epoch_030__r-_G-__probes__f32.jsonl,recalibrated
plain,0,0.15,0.3,1.640559020996094,1.754736572265625,maxmonstre/eval/grid__plain__seed0__epoch_030__r-_G-__probes__f32.jsonl,recalibrated
plain,0,0.15,0.325,1.8024378662109373,1.8917552490234373,maxmonstre/eval/grid__plain__seed0__epoch_030__r-_G-__probes__f32.jsonl,recalibrated
plain,0,0.15,0.35,1.9672906494140625,2.026350341796875,maxmonstre/eval/grid__plain__seed0__epoch_030__r-_G-__probes__f32.jsonl,recalibrated
plain,0,0.15,0.375,2.1288609619140626,2.16237109375,maxmonstre/eval/grid__plain__seed0__epoch_030__r-_G-__probes__f32.jsonl,recalibrated
plain,0,0.15,0.4,2.28816015625,2.302208740234375,maxmonstre/eval/grid__plain__seed0__epoch_030__r-_G-__probes__f32.jsonl,recalibrated
plain,0,0.15,0.425,2.449199951171875,2.4404271240234374,maxmonstre/eval/grid__plain__seed0__epoch_030__r-_G-__probes__f32.jsonl,recalibrated
plain,0,0.15,0.45,2.6002052001953126,2.5777896728515626,maxmonstre/eval/grid__plain__seed0__epoch_030__r-_G-__probes__f32.jsonl,recalibrated
plain,0,0.15,0.475,2.743904296875,2.7091876220703126,maxmonstre/eval/grid__plain__seed0__epoch_030__r-_G-__probes__f32.jsonl,recalibrated
plain,0,0.15,0.5,2.8782353515625,2.830366455078125,maxmonstre/eval/grid__plain__seed0__epoch_030__r-_G-__probes__f32.jsonl,recalibrated
plain,0,0.175,-0.5,2.8045640869140627,2.7630675048828124,maxmonstre/eval/grid__plain__seed0__epoch_030__r-_G-__probes__f32.jsonl,recalibrated
plain,0,0.175,-0.475,2.687086791992188,2.6468521728515624,maxmonstre/eval/grid__plain__seed0__epoch_030__r-_G-__probes__f32.jsonl,recalibrated
plain,0,0.175,-0.45,2.5566322021484376,2.5265263671875,maxmonstre/eval/grid__plain__seed0__epoch_030__r-_G-__probes__f32.jsonl,recalibrated
plain,0,0.175,-0.425,2.418836791992188,2.4014249267578127,maxmonstre/eval/grid__plain__seed0__epoch_030__r-_G-__probes__f32.jsonl,recalibrated
plain,0,0.175,-0.4,2.27569140625,2.266941650390625,maxmonstre/eval/grid__plain__seed0__epoch_030__r-_G-__probes__f32.jsonl,recalibrated
plain,0,0.175,-0.375,2.1343092041015623,2.1357152099609373,maxmonstre/eval/grid__plain__seed0__epoch_030__r-_G-__probes__f32.jsonl,recalibrated
plain,0,0.175,-0.35,1.9836228637695312,2.0185928955078123,maxmonstre/eval/grid__plain__seed0__epoch_030__r-_G-__probes__f32.jsonl,recalibrated
plain,0,0.175,-0.325,1.8327590942382808,1.9017811279296877,maxmonstre/eval/grid__plain__seed0__epoch_030__r-_G-__probes__f32.jsonl,recalibrated
plain,0,0.175,-0.3,1.6807740478515625,1.78518359375,maxmonstre/eval/grid__plain__seed0__epoch_030__r-_G-__probes__f32.jsonl,recalibrated
plain,0,0.175,-0.275,1.523983642578125,1.671556213378906,maxmonstre/eval/grid__plain__seed0__epoch_030__r-_G-__probes__f32.jsonl,recalibrated
plain,0,0.175,-0.25,1.3782274169921875,1.5560160522460935,v2/surfaces.csv,recalibrated
plain,0,0.175,-0.225,1.2448926391601562,1.450416015625,v2/surfaces.csv,recalibrated
plain,0,0.175,-0.2,1.1246150817871094,1.3546279907226562,v2/surfaces.csv,recalibrated
plain,0,0.175,-0.175,1.016855163574219,1.2727533569335938,v2/surfaces.csv,recalibrated
plain,0,0.175,-0.15,0.9277454528808594,1.2030260009765623,v2/surfaces.csv,recalibrated
plain,0,0.175,-0.125,0.8533187255859375,1.1402176513671876,v2/surfaces.csv,recalibrated
plain,0,0.175,-0.1,0.7914159545898437,1.081878662109375,v2/surfaces.csv,recalibrated
plain,0,0.175,-0.075,0.7411399536132812,1.0367162170410156,v2/surfaces.csv,recalibrated
plain,0,0.175,-0.05,0.7071300048828125,0.9958504638671876,v2/surfaces.csv,recalibrated
plain,0,0.175,-0.025,0.6893856506347656,0.9706793212890624,v2/surfaces.csv,recalibrated
plain,0,0.175,0.0,0.691863525390625,0.9602083435058594,v2/surfaces.csv,recalibrated
plain,0,0.175,0.025,0.7103819580078125,0.96440966796875,v2/surfaces.csv,recalibrated
plain,0,0.175,0.05,0.742405517578125,0.9809347229003906,v2/surfaces.csv,recalibrated
plain,0,0.175,0.075,0.7843716735839844,1.0073386840820313,v2/surfaces.csv,recalibrated
plain,0,0.175,0.1,0.8406170654296875,1.0486202392578126,v2/surfaces.csv,recalibrated
plain,0,0.175,0.125,0.906758056640625,1.1050772094726562,v2/surfaces.csv,recalibrated
plain,0,0.175,0.15,0.9895384521484376,1.1740037841796875,v2/surfaces.csv,recalibrated
plain,0,0.175,0.175,1.0815358276367188,1.2539370727539063,v2/surfaces.csv,recalibrated
plain,0,0.175,0.2,1.1836890869140626,1.3424052124023438,v2/surfaces.csv,recalibrated
plain,0,0.175,0.225,1.2986221923828123,1.447217529296875,v2/surfaces.csv,recalibrated
plain,0,0.175,0.25,1.4278181762695312,1.56794580078125,v2/surfaces.csv,recalibrated
plain,0,0.175,0.275,1.5744318237304689,1.6967141723632813,maxmonstre/eval/grid__plain__seed0__epoch_030__r-_G-__probes__f32.jsonl,recalibrated
plain,0,0.175,0.3,1.73090966796875,1.836509521484375,maxmonstre/eval/grid__plain__seed0__epoch_030__r-_G-__probes__f32.jsonl,recalibrated
plain,0,0.175,0.325,1.893384033203125,1.976293029785156,maxmonstre/eval/grid__plain__seed0__epoch_030__r-_G-__probes__f32.jsonl,recalibrated
plain,0,0.175,0.35,2.0534259033203126,2.11738037109375,maxmonstre/eval/grid__plain__seed0__epoch_030__r-_G-__probes__f32.jsonl,recalibrated
plain,0,0.175,0.375,2.2094713134765627,2.2572862548828123,maxmonstre/eval/grid__plain__seed0__epoch_030__r-_G-__probes__f32.jsonl,recalibrated
plain,0,0.175,0.4,2.365179931640625,2.3950565185546875,maxmonstre/eval/grid__plain__seed0__epoch_030__r-_G-__probes__f32.jsonl,recalibrated
plain,0,0.175,0.425,2.5222200927734373,2.529609130859375,maxmonstre/eval/grid__plain__seed0__epoch_030__r-_G-__probes__f32.jsonl,recalibrated
plain,0,0.175,0.45,2.671074951171875,2.66259130859375,maxmonstre/eval/grid__plain__seed0__epoch_030__r-_G-__probes__f32.jsonl,recalibrated
plain,0,0.175,0.475,2.8113316650390625,2.78792041015625,maxmonstre/eval/grid__plain__seed0__epoch_030__r-_G-__probes__f32.jsonl,recalibrated
plain,0,0.175,0.5,2.94258837890625,2.9034365234375,maxmonstre/eval/grid__plain__seed0__epoch_030__r-_G-__probes__f32.jsonl,recalibrated
plain,0,0.2,-0.5,2.8514703369140624,2.8105244140625,maxmonstre/eval/grid__plain__seed0__epoch_030__r-_G-__probes__f32.jsonl,recalibrated
plain,0,0.2,-0.475,2.73873828125,2.6965628662109373,maxmonstre/eval/grid__plain__seed0__epoch_030__r-_G-__probes__f32.jsonl,recalibrated
plain,0,0.2,-0.45,2.6185634765625,2.583970458984375,maxmonstre/eval/grid__plain__seed0__epoch_030__r-_G-__probes__f32.jsonl,recalibrated
plain,0,0.2,-0.425,2.4867105712890627,2.4667119140625,maxmonstre/eval/grid__plain__seed0__epoch_030__r-_G-__probes__f32.jsonl,recalibrated
plain,0,0.2,-0.4,2.353281494140625,2.3440648193359377,maxmonstre/eval/grid__plain__seed0__epoch_030__r-_G-__probes__f32.jsonl,recalibrated
plain,0,0.2,-0.375,2.2156906127929688,2.21779931640625,maxmonstre/eval/grid__plain__seed0__epoch_030__r-_G-__probes__f32.jsonl,recalibrated
plain,0,0.2,-0.35,2.070387573242188,2.097478149414062,maxmonstre/eval/grid__plain__seed0__epoch_030__r-_G-__probes__f32.jsonl,recalibrated
plain,0,0.2,-0.325,1.918129821777344,1.9768180541992189,maxmonstre/eval/grid__plain__seed0__epoch_030__r-_G-__probes__f32.jsonl,recalibrated
plain,0,0.2,-0.3,1.767597412109375,1.8607891845703124,maxmonstre/eval/grid__plain__seed0__epoch_030__r-_G-__probes__f32.jsonl,recalibrated
plain,0,0.2,-0.275,1.6132440185546877,1.748791259765625,maxmonstre/eval/grid__plain__seed0__epoch_030__r-_G-__probes__f32.jsonl,recalibrated
plain,0,0.2,-0.25,1.4722420043945312,1.635971923828125,v2/surfaces.csv,recalibrated
plain,0,0.2,-0.225,1.3435997924804688,1.531704833984375,v2/surfaces.csv,recalibrated
plain,0,0.2,-0.2,1.223982177734375,1.437511474609375,v2/surfaces.csv,recalibrated
plain,0,0.2,-0.175,1.1212670288085935,1.3556959838867189,v2/surfaces.csv,recalibrated
plain,0,0.2,-0.15,1.0363677978515624,1.285165771484375,v2/surfaces.csv,recalibrated
plain,0,0.2,-0.125,0.9692680053710936,1.223447265625,v2/surfaces.csv,recalibrated
plain,0,0.2,-0.1,0.909261688232422,1.170576904296875,v2/surfaces.csv,recalibrated
plain,0,0.2,-0.075,0.8600740356445312,1.1249336547851565,v2/surfaces.csv,recalibrated
plain,0,0.2,-0.05,0.829988037109375,1.084939453125,v2/surfaces.csv,recalibrated
plain,0,0.2,-0.025,0.8126128540039063,1.0593629760742187,v2/surfaces.csv,recalibrated
plain,0,0.2,0.0,0.8155542907714843,1.0474010009765624,v2/surfaces.csv,recalibrated
plain,0,0.2,0.025,0.8359313049316406,1.0503798828125,v2/surfaces.csv,recalibrated
plain,0,0.2,0.05,0.8704869384765626,1.0656397094726562,v2/surfaces.csv,recalibrated
plain,0,0.2,0.075,0.9135113525390623,1.0917151489257813,v2/surfaces.csv,recalibrated
plain,0,0.2,0.1,0.9688444213867188,1.128988525390625,v2/surfaces.csv,recalibrated
plain,0,0.2,0.125,1.0344979553222655,1.1850206298828123,v2/surfaces.csv,recalibrated
plain,0,0.2,0.15,1.1097865600585937,1.2555178833007812,v2/surfaces.csv,recalibrated
plain,0,0.2,0.175,1.1957361450195312,1.3341334228515624,v2/surfaces.csv,recalibrated
plain,0,0.2,0.2,1.2933193359375,1.4271058349609376,v2/surfaces.csv,recalibrated
plain,0,0.2,0.225,1.40706494140625,1.531573486328125,v2/surfaces.csv,recalibrated
plain,0,0.2,0.25,1.535766296386719,1.6517889404296875,v2/surfaces.csv,recalibrated
plain,0,0.2,0.275,1.6789299926757812,1.7853743896484375,maxmonstre/eval/grid__plain__seed0__epoch_030__r-_G-__probes__f32.jsonl,recalibrated
plain,0,0.2,0.3,1.829327087402344,1.9247932739257807,maxmonstre/eval/grid__plain__seed0__epoch_030__r-_G-__probes__f32.jsonl,recalibrated
plain,0,0.2,0.325,1.98373876953125,2.064178466796875,maxmonstre/eval/grid__plain__seed0__epoch_030__r-_G-__probes__f32.jsonl,recalibrated
plain,0,0.2,0.35,2.14116552734375,2.203057067871094,maxmonstre/eval/grid__plain__seed0__epoch_030__r-_G-__probes__f32.jsonl,recalibrated
plain,0,0.2,0.375,2.2958040771484374,2.345875732421875,maxmonstre/eval/grid__plain__seed0__epoch_030__r-_G-__probes__f32.jsonl,recalibrated
plain,0,0.2,0.4,2.446753295898437,2.483625,maxmonstre/eval/grid__plain__seed0__epoch_030__r-_G-__probes__f32.jsonl,recalibrated
plain,0,0.2,0.425,2.594869140625,2.617720703125,maxmonstre/eval/grid__plain__seed0__epoch_030__r-_G-__probes__f32.jsonl,recalibrated
plain,0,0.2,0.45,2.74235986328125,2.74349951171875,maxmonstre/eval/grid__plain__seed0__epoch_030__r-_G-__probes__f32.jsonl,recalibrated
plain,0,0.2,0.475,2.883135986328125,2.867702880859375,maxmonstre/eval/grid__plain__seed0__epoch_030__r-_G-__probes__f32.jsonl,recalibrated
plain,0,0.2,0.5,3.00894677734375,2.981693603515625,maxmonstre/eval/grid__plain__seed0__epoch_030__r-_G-__probes__f32.jsonl,recalibrated
plain,0,0.225,-0.5,2.903539306640625,2.8659141845703124,maxmonstre/eval/grid__plain__seed0__epoch_030__r-_G-__probes__f32.jsonl,recalibrated
plain,0,0.225,-0.475,2.7978648681640625,2.75808642578125,maxmonstre/eval/grid__plain__seed0__epoch_030__r-_G-__probes__f32.jsonl,recalibrated
plain,0,0.225,-0.45,2.6883365478515624,2.6506357421875,maxmonstre/eval/grid__plain__seed0__epoch_030__r-_G-__probes__f32.jsonl,recalibrated
plain,0,0.225,-0.425,2.56493408203125,2.5395269775390625,maxmonstre/eval/grid__plain__seed0__epoch_030__r-_G-__probes__f32.jsonl,recalibrated
plain,0,0.225,-0.4,2.433015991210937,2.4223555908203127,maxmonstre/eval/grid__plain__seed0__epoch_030__r-_G-__probes__f32.jsonl,recalibrated
plain,0,0.225,-0.375,2.29974365234375,2.3053956298828124,maxmonstre/eval/grid__plain__seed0__epoch_030__r-_G-__probes__f32.jsonl,recalibrated
plain,0,0.225,-0.35,2.1562559814453124,2.180689453125,maxmonstre/eval/grid__plain__seed0__epoch_030__r-_G-__probes__f32.jsonl,recalibrated
plain,0,0.225,-0.325,2.007992004394531,2.060955810546875,maxmonstre/eval/grid__plain__seed0__epoch_030__r-_G-__probes__f32.jsonl,recalibrated
plain,0,0.225,-0.3,1.8614064331054687,1.943888610839844,maxmonstre/eval/grid__plain__seed0__epoch_030__r-_G-__probes__f32.jsonl,recalibrated
plain,0,0.225,-0.275,1.717404541015625,1.832770751953125,maxmonstre/eval/grid__plain__seed0__epoch_030__r-_G-__probes__f32.jsonl,recalibrated
plain,0,0.225,-0.25,1.5839949951171874,1.72140185546875,v2/surfaces.csv,recalibrated
plain,0,0.225,-0.225,1.4543889770507812,1.6182786865234375,v2/surfaces.csv,recalibrated
plain,0,0.225,-0.2,1.3380517578125,1.5274854736328125,v2/surfaces.csv,recalibrated
plain,0,0.225,-0.175,1.2410714111328125,1.4518070678710937,v2/surfaces.csv,recalibrated
plain,0,0.225,-0.15,1.1617227172851563,1.3829056396484376,v2/surfaces.csv,recalibrated
plain,0,0.225,-0.125,1.0980521240234375,1.3210110473632812,v2/surfaces.csv,recalibrated
plain,0,0.225,-0.1,1.0415810852050782,1.2687301635742188,v2/surfaces.csv,recalibrated
plain,0,0.225,-0.075,0.9976559753417968,1.22495849609375,v2/surfaces.csv,recalibrated
plain,0,0.225,-0.05,0.970393035888672,1.1895303344726562,v2/surfaces.csv,recalibrated
plain,0,0.225,-0.025,0.9567831420898436,1.16363134765625,v2/surfaces.csv,recalibrated
plain,0,0.225,0.0,0.9584276733398438,1.1478429565429686,v2/surfaces.csv,recalibrated
plain,0,0.225,0.025,0.978474090576172,1.1484349365234374,v2/surfaces.csv,recalibrated
plain,0,0.225,0.05,1.0124638671875,1.1656617431640626,v2/surfaces.csv,recalibrated
plain,0,0.225,0.075,1.0574154663085935,1.1910138549804687,v2/surfaces.csv,recalibrated
plain,0,0.225,0.1,1.1100581665039062,1.2280963745117188,v2/surfaces.csv,recalibrated
plain,0,0.225,0.125,1.1724805908203124,1.2777515869140623,v2/surfaces.csv,recalibrated
plain,0,0.225,0.15,1.2401805419921874,1.3422083129882814,v2/surfaces.csv,recalibrated
plain,0,0.225,0.175,1.3177948608398438,1.420041015625,v2/surfaces.csv,recalibrated
plain,0,0.225,0.2,1.4125873413085936,1.515593017578125,v2/surfaces.csv,recalibrated
plain,0,0.225,0.225,1.5244381713867188,1.6226539306640626,v2/surfaces.csv,recalibrated
plain,0,0.225,0.25,1.657231201171875,1.742032958984375,v2/surfaces.csv,recalibrated
plain,0,0.225,0.275,1.7978349609375,1.875460693359375,maxmonstre/eval/grid__plain__seed0__epoch_030__r-_G-__probes__f32.jsonl,recalibrated
plain,0,0.225,0.3,1.9426461181640624,2.009873046875,maxmonstre/eval/grid__plain__seed0__epoch_030__r-_G-__probes__f32.jsonl,recalibrated
plain,0,0.225,0.325,2.085437255859375,2.14434765625,maxmonstre/eval/grid__plain__seed0__epoch_030__r-_G-__probes__f32.jsonl,recalibrated
plain,0,0.225,0.35,2.2326441650390625,2.2838507080078125,maxmonstre/eval/grid__plain__seed0__epoch_030__r-_G-__probes__f32.jsonl,recalibrated
plain,0,0.225,0.375,2.379703857421875,2.4232799072265623,maxmonstre/eval/grid__plain__seed0__epoch_030__r-_G-__probes__f32.jsonl,recalibrated
plain,0,0.225,0.4,2.52483056640625,2.5592623291015624,maxmonstre/eval/grid__plain__seed0__epoch_030__r-_G-__probes__f32.jsonl,recalibrated
plain,0,0.225,0.425,2.660865112304688,2.691669677734375,maxmonstre/eval/grid__plain__seed0__epoch_030__r-_G-__probes__f32.jsonl,recalibrated
plain,0,0.225,0.45,2.80431201171875,2.817997314453125,maxmonstre/eval/grid__plain__seed0__epoch_030__r-_G-__probes__f32.jsonl,recalibrated
plain,0,0.225,0.475,2.942826171875,2.9364678955078123,maxmonstre/eval/grid__plain__seed0__epoch_030__r-_G-__probes__f32.jsonl,recalibrated
plain,0,0.225,0.5,3.0696748046875,3.051232177734375,maxmonstre/eval/grid__plain__seed0__epoch_030__r-_G-__probes__f32.jsonl,recalibrated
plain,0,0.25,-0.5,2.9672589111328125,2.9231419677734376,maxmonstre/eval/grid__plain__seed0__epoch_030__r-_G-__probes__f32.jsonl,recalibrated
plain,0,0.25,-0.475,2.8626383056640625,2.822156616210937,maxmonstre/eval/grid__plain__seed0__epoch_030__r-_G-__probes__f32.jsonl,recalibrated
plain,0,0.25,-0.45,2.7538128662109376,2.726977294921875,maxmonstre/eval/grid__plain__seed0__epoch_030__r-_G-__probes__f32.jsonl,recalibrated
plain,0,0.25,-0.425,2.637289306640625,2.62001171875,maxmonstre/eval/grid__plain__seed0__epoch_030__r-_G-__probes__f32.jsonl,recalibrated
plain,0,0.25,-0.4,2.512889892578125,2.5057843017578123,maxmonstre/eval/grid__plain__seed0__epoch_030__r-_G-__probes__f32.jsonl,recalibrated
plain,0,0.25,-0.375,2.3821151123046875,2.39175439453125,maxmonstre/eval/grid__plain__seed0__epoch_030__r-_G-__probes__f32.jsonl,recalibrated
plain,0,0.25,-0.35,2.2426019287109376,2.2729046630859373,maxmonstre/eval/grid__plain__seed0__epoch_030__r-_G-__probes__f32.jsonl,recalibrated
plain,0,0.25,-0.325,2.1035990600585937,2.1541849365234373,maxmonstre/eval/grid__plain__seed0__epoch_030__r-_G-__probes__f32.jsonl,recalibrated
plain,0,0.25,-0.3,1.9644114990234376,2.0380938720703123,maxmonstre/eval/grid__plain__seed0__epoch_030__r-_G-__probes__f32.jsonl,recalibrated
plain,0,0.25,-0.275,1.8306292724609372,1.924464111328125,maxmonstre/eval/grid__plain__seed0__epoch_030__r-_G-__probes__f32.jsonl,recalibrated
plain,0,0.25,-0.25,1.7021244506835935,1.8123175048828124,v2/surfaces.csv,recalibrated
plain,0,0.25,-0.225,1.57783154296875,1.7136021728515625,v2/surfaces.csv,recalibrated
plain,0,0.25,-0.2,1.466385009765625,1.62789599609375,v2/surfaces.csv,recalibrated
plain,0,0.25,-0.175,1.375396240234375,1.5549755249023438,v2/surfaces.csv,recalibrated
plain,0,0.25,-0.15,1.2998909912109375,1.4898729248046876,v2/surfaces.csv,recalibrated
plain,0,0.25,-0.125,1.2406190795898435,1.4322673950195313,v2/surfaces.csv,recalibrated
plain,0,0.25,-0.1,1.1888671875,1.3792365112304688,v2/surfaces.csv,recalibrated
plain,0,0.25,-0.075,1.1518077392578123,1.3345872192382813,v2/surfaces.csv,recalibrated
plain,0,0.25,-0.05,1.126532958984375,1.3036045532226563,v2/surfaces.csv,recalibrated
plain,0,0.25,-0.025,1.1146458740234375,1.27889111328125,v2/surfaces.csv,recalibrated
plain,0,0.25,0.0,1.1173067016601563,1.263494140625,v2/surfaces.csv,recalibrated
plain,0,0.25,0.025,1.1365059814453125,1.2628421630859374,v2/surfaces.csv,recalibrated
plain,0,0.25,0.05,1.1672540893554688,1.27576904296875,v2/surfaces.csv,recalibrated
plain,0,0.25,0.075,1.2106253662109374,1.3012966918945312,v2/surfaces.csv,recalibrated
plain,0,0.25,0.1,1.2597313232421874,1.33741064453125,v2/surfaces.csv,recalibrated
plain,0,0.25,0.125,1.3141302490234374,1.3842153930664065,v2/surfaces.csv,recalibrated
plain,0,0.25,0.15,1.3758749389648437,1.4438159790039062,v2/surfaces.csv,recalibrated
plain,0,0.25,0.175,1.450136962890625,1.5220703735351562,v2/surfaces.csv,recalibrated
plain,0,0.25,0.2,1.541428955078125,1.6165222778320312,v2/surfaces.csv,recalibrated
plain,0,0.25,0.225,1.6512059936523438,1.715608154296875,v2/surfaces.csv,recalibrated
plain,0,0.25,0.25,1.7805831298828123,1.8300924072265623,v2/surfaces.csv,recalibrated
plain,0,0.25,0.275,1.9193659057617187,1.9582244873046877,maxmonstre/eval/grid__plain__seed0__epoch_030__r-_G-__probes__f32.jsonl,recalibrated
plain,0,0.25,0.3,2.0576712646484374,2.0899781494140623,maxmonstre/eval/grid__plain__seed0__epoch_030__r-_G-__probes__f32.jsonl,recalibrated
plain,0,0.25,0.325,2.197163940429688,2.2229171142578124,maxmonstre/eval/grid__plain__seed0__epoch_030__r-_G-__probes__f32.jsonl,recalibrated
plain,0,0.25,0.35,2.3382425537109377,2.3598450927734373,maxmonstre/eval/grid__plain__seed0__epoch_030__r-_G-__probes__f32.jsonl,recalibrated
plain,0,0.25,0.375,2.475429565429688,2.49887353515625,maxmonstre/eval/grid__plain__seed0__epoch_030__r-_G-__probes__f32.jsonl,recalibrated
plain,0,0.25,0.4,2.60772509765625,2.63035205078125,maxmonstre/eval/grid__plain__seed0__epoch_030__r-_G-__probes__f32.jsonl,recalibrated
plain,0,0.25,0.425,2.7408409423828126,2.7556146240234374,maxmonstre/eval/grid__plain__seed0__epoch_030__r-_G-__probes__f32.jsonl,recalibrated
plain,0,0.25,0.45,2.8765982666015626,2.8814462890625,maxmonstre/eval/grid__plain__seed0__epoch_030__r-_G-__probes__f32.jsonl,recalibrated
plain,0,0.25,0.475,3.0071470947265624,2.9970849609375,maxmonstre/eval/grid__plain__seed0__epoch_030__r-_G-__probes__f32.jsonl,recalibrated
plain,0,0.25,0.5,3.12936376953125,3.1071055908203125,maxmonstre/eval/grid__plain__seed0__epoch_030__r-_G-__probes__f32.jsonl,recalibrated
plain,0,0.275,-0.5,3.02991552734375,2.9846700439453127,maxmonstre/eval/grid__plain__seed0__epoch_030__r-_G-__probes__f32.jsonl,recalibrated
plain,0,0.275,-0.475,2.928880126953125,2.893931640625,maxmonstre/eval/grid__plain__seed0__epoch_030__r-_G-__probes__f32.jsonl,recalibrated
plain,0,0.275,-0.45,2.819034423828125,2.79931640625,maxmonstre/eval/grid__plain__seed0__epoch_030__r-_G-__probes__f32.jsonl,recalibrated
plain,0,0.275,-0.425,2.705284912109375,2.700718994140625,maxmonstre/eval/grid__plain__seed0__epoch_030__r-_G-__probes__f32.jsonl,recalibrated
plain,0,0.275,-0.4,2.589096557617188,2.5931650390625,maxmonstre/eval/grid__plain__seed0__epoch_030__r-_G-__probes__f32.jsonl,recalibrated
plain,0,0.275,-0.375,2.46524169921875,2.4823653564453125,maxmonstre/eval/grid__plain__seed0__epoch_030__r-_G-__probes__f32.jsonl,recalibrated
plain,0,0.275,-0.35,2.332278076171875,2.366859008789062,maxmonstre/eval/grid__plain__seed0__epoch_030__r-_G-__probes__f32.jsonl,recalibrated
plain,0,0.275,-0.325,2.200031982421875,2.2538489990234374,maxmonstre/eval/grid__plain__seed0__epoch_030__r-_G-__probes__f32.jsonl,recalibrated
plain,0,0.275,-0.3,2.0739603271484377,2.140600952148437,maxmonstre/eval/grid__plain__seed0__epoch_030__r-_G-__probes__f32.jsonl,recalibrated
plain,0,0.275,-0.275,1.951756103515625,2.0275025634765624,maxmonstre/eval/grid__plain__seed0__epoch_030__r-_G-__probes__f32.jsonl,recalibrated
plain,0,0.275,-0.25,1.8291468505859372,1.918689392089844,maxmonstre/eval/grid__plain__seed0__epoch_030__r-_G-__probes__f32.jsonl,recalibrated
plain,0,0.275,-0.225,1.7127542724609377,1.8208277587890624,maxmonstre/eval/grid__plain__seed0__epoch_030__r-_G-__probes__f32.jsonl,recalibrated
plain,0,0.275,-0.2,1.6112636108398437,1.7359644775390626,maxmonstre/eval/grid__plain__seed0__epoch_030__r-_G-__probes__f32.jsonl,recalibrated
plain,0,0.275,-0.175,1.5248684692382812,1.6657993774414062,maxmonstre/eval/grid__plain__seed0__epoch_030__r-_G-__probes__f32.jsonl,recalibrated
plain,0,0.275,-0.15,1.45499853515625,1.6032109375,maxmonstre/eval/grid__plain__seed0__epoch_030__r-_G-__probes__f32.jsonl,recalibrated
plain,0,0.275,-0.125,1.3980352783203125,1.5512528076171874,maxmonstre/eval/grid__plain__seed0__epoch_030__r-_G-__probes__f32.jsonl,recalibrated
plain,0,0.275,-0.1,1.3498997802734376,1.5031513671875,maxmonstre/eval/grid__plain__seed0__epoch_030__r-_G-__probes__f32.jsonl,recalibrated
plain,0,0.275,-0.075,1.3143495483398435,1.4587550659179689,maxmonstre/eval/grid__plain__seed0__epoch_030__r-_G-__probes__f32.jsonl,recalibrated
plain,0,0.275,-0.05,1.2908222045898436,1.4247164306640625,maxmonstre/eval/grid__plain__seed0__epoch_030__r-_G-__probes__f32.jsonl,recalibrated
plain,0,0.275,-0.025,1.2790611572265624,1.40345263671875,maxmonstre/eval/grid__plain__seed0__epoch_030__r-_G-__probes__f32.jsonl,recalibrated
plain,0,0.275,0.0,1.28060546875,1.3868936767578126,maxmonstre/eval/grid__plain__seed0__epoch_030__r-_G-__probes__f32.jsonl,recalibrated
plain,0,0.275,0.025,1.2992424926757813,1.3843721923828125,maxmonstre/eval/grid__plain__seed0__epoch_030__r-_G-__probes__f32.jsonl,recalibrated
plain,0,0.275,0.05,1.3277186279296875,1.395478759765625,maxmonstre/eval/grid__plain__seed0__epoch_030__r-_G-__probes__f32.jsonl,recalibrated
plain,0,0.275,0.075,1.36759375,1.4198148193359377,maxmonstre/eval/grid__plain__seed0__epoch_030__r-_G-__probes__f32.jsonl,recalibrated
plain,0,0.275,0.1,1.41312109375,1.4546795043945313,maxmonstre/eval/grid__plain__seed0__epoch_030__r-_G-__probes__f32.jsonl,recalibrated
plain,0,0.275,0.125,1.4607792358398437,1.500746826171875,maxmonstre/eval/grid__plain__seed0__epoch_030__r-_G-__probes__f32.jsonl,recalibrated
plain,0,0.275,0.15,1.5173595581054689,1.5588079833984374,maxmonstre/eval/grid__plain__seed0__epoch_030__r-_G-__probes__f32.jsonl,recalibrated
plain,0,0.275,0.175,1.588072021484375,1.632140380859375,maxmonstre/eval/grid__plain__seed0__epoch_030__r-_G-__probes__f32.jsonl,recalibrated
plain,0,0.275,0.2,1.6752223510742188,1.7210875244140624,maxmonstre/eval/grid__plain__seed0__epoch_030__r-_G-__probes__f32.jsonl,recalibrated
plain,0,0.275,0.225,1.7810802612304688,1.819394775390625,maxmonstre/eval/grid__plain__seed0__epoch_030__r-_G-__probes__f32.jsonl,recalibrated
plain,0,0.275,0.25,1.9014945068359372,1.9267564086914064,maxmonstre/eval/grid__plain__seed0__epoch_030__r-_G-__probes__f32.jsonl,recalibrated
plain,0,0.275,0.275,2.037281433105469,2.0479512329101563,maxmonstre/eval/grid__plain__seed0__epoch_030__r-_G-__probes__f32.jsonl,recalibrated
plain,0,0.275,0.3,2.17334521484375,2.172840942382813,maxmonstre/eval/grid__plain__seed0__epoch_030__r-_G-__probes__f32.jsonl,recalibrated
plain,0,0.275,0.325,2.311218505859375,2.301423828125,maxmonstre/eval/grid__plain__seed0__epoch_030__r-_G-__probes__f32.jsonl,recalibrated
plain,0,0.275,0.35,2.446975952148437,2.4338128662109373,maxmonstre/eval/grid__plain__seed0__epoch_030__r-_G-__probes__f32.jsonl,recalibrated
plain,0,0.275,0.375,2.580759643554688,2.568179931640625,maxmonstre/eval/grid__plain__seed0__epoch_030__r-_G-__probes__f32.jsonl,recalibrated
plain,0,0.275,0.4,2.7039697265625,2.698096069335937,maxmonstre/eval/grid__plain__seed0__epoch_030__r-_G-__probes__f32.jsonl,recalibrated
plain,0,0.275,0.425,2.8309403076171877,2.824533447265625,maxmonstre/eval/grid__plain__seed0__epoch_030__r-_G-__probes__f32.jsonl,recalibrated
plain,0,0.275,0.45,2.959763916015625,2.9452548828125,maxmonstre/eval/grid__plain__seed0__epoch_030__r-_G-__probes__f32.jsonl,recalibrated
plain,0,0.275,0.475,3.0839384765625,3.06285693359375,maxmonstre/eval/grid__plain__seed0__epoch_030__r-_G-__probes__f32.jsonl,recalibrated
plain,0,0.275,0.5,3.196076171875,3.171456787109375,maxmonstre/eval/grid__plain__seed0__epoch_030__r-_G-__probes__f32.jsonl,recalibrated
plain,0,0.3,-0.5,3.08596875,3.0598751220703124,maxmonstre/eval/grid__plain__seed0__epoch_030__r-_G-__probes__f32.jsonl,recalibrated
plain,0,0.3,-0.475,2.989203369140625,2.975739013671875,maxmonstre/eval/grid__plain__seed0__epoch_030__r-_G-__probes__f32.jsonl,recalibrated
plain,0,0.3,-0.45,2.882255126953125,2.8855963134765625,maxmonstre/eval/grid__plain__seed0__epoch_030__r-_G-__probes__f32.jsonl,recalibrated
plain,0,0.3,-0.425,2.7745364990234376,2.7888516845703126,maxmonstre/eval/grid__plain__seed0__epoch_030__r-_G-__probes__f32.jsonl,recalibrated
plain,0,0.3,-0.4,2.662724365234375,2.68678564453125,maxmonstre/eval/grid__plain__seed0__epoch_030__r-_G-__probes__f32.jsonl,recalibrated
plain,0,0.3,-0.375,2.5491689453125,2.582078857421875,maxmonstre/eval/grid__plain__seed0__epoch_030__r-_G-__probes__f32.jsonl,recalibrated
plain,0,0.3,-0.35,2.43037890625,2.4698826904296878,maxmonstre/eval/grid__plain__seed0__epoch_030__r-_G-__probes__f32.jsonl,recalibrated
plain,0,0.3,-0.325,2.307855346679688,2.3597724609375,maxmonstre/eval/grid__plain__seed0__epoch_030__r-_G-__probes__f32.jsonl,recalibrated
plain,0,0.3,-0.3,2.1904578857421875,2.247063232421875,maxmonstre/eval/grid__plain__seed0__epoch_030__r-_G-__probes__f32.jsonl,recalibrated
plain,0,0.3,-0.275,2.0799471435546875,2.134815185546875,maxmonstre/eval/grid__plain__seed0__epoch_030__r-_G-__probes__f32.jsonl,recalibrated
plain,0,0.3,-0.25,1.9664727783203124,2.033831787109375,maxmonstre/eval/grid__plain__seed0__epoch_030__r-_G-__probes__f32.jsonl,recalibrated
plain,0,0.3,-0.225,1.8603756713867188,1.9393911743164065,maxmonstre/eval/grid__plain__seed0__epoch_030__r-_G-__probes__f32.jsonl,recalibrated
plain,0,0.3,-0.2,1.7646638793945313,1.8581149291992187,maxmonstre/eval/grid__plain__seed0__epoch_030__r-_G-__probes__f32.jsonl,recalibrated
plain,0,0.3,-0.175,1.6827958984375,1.7899603881835937,maxmonstre/eval/grid__plain__seed0__epoch_030__r-_G-__probes__f32.jsonl,recalibrated
plain,0,0.3,-0.15,1.6172613525390624,1.7327560424804689,maxmonstre/eval/grid__plain__seed0__epoch_030__r-_G-__probes__f32.jsonl,recalibrated
plain,0,0.3,-0.125,1.5608716430664062,1.6821928100585937,maxmonstre/eval/grid__plain__seed0__epoch_030__r-_G-__probes__f32.jsonl,recalibrated
plain,0,0.3,-0.1,1.5150674438476563,1.6346821899414063,maxmonstre/eval/grid__plain__seed0__epoch_030__r-_G-__probes__f32.jsonl,recalibrated
plain,0,0.3,-0.075,1.480895263671875,1.590263671875,maxmonstre/eval/grid__plain__seed0__epoch_030__r-_G-__probes__f32.jsonl,recalibrated
plain,0,0.3,-0.05,1.457995849609375,1.559821044921875,maxmonstre/eval/grid__plain__seed0__epoch_030__r-_G-__probes__f32.jsonl,recalibrated
plain,0,0.3,-0.025,1.4451536254882813,1.537015380859375,maxmonstre/eval/grid__plain__seed0__epoch_030__r-_G-__probes__f32.jsonl,recalibrated
plain,0,0.3,0.0,1.4440078735351562,1.518470947265625,maxmonstre/eval/grid__plain__seed0__epoch_030__r-_G-__probes__f32.jsonl,recalibrated
plain,0,0.3,0.025,1.461247314453125,1.514257080078125,maxmonstre/eval/grid__plain__seed0__epoch_030__r-_G-__probes__f32.jsonl,recalibrated
plain,0,0.3,0.05,1.4912665405273438,1.526813232421875,maxmonstre/eval/grid__plain__seed0__epoch_030__r-_G-__probes__f32.jsonl,recalibrated
plain,0,0.3,0.075,1.527268859863281,1.5512615966796874,maxmonstre/eval/grid__plain__seed0__epoch_030__r-_G-__probes__f32.jsonl,recalibrated
plain,0,0.3,0.1,1.5711044921875,1.582148193359375,maxmonstre/eval/grid__plain__seed0__epoch_030__r-_G-__probes__f32.jsonl,recalibrated
plain,0,0.3,0.125,1.617201416015625,1.6245728759765623,maxmonstre/eval/grid__plain__seed0__epoch_030__r-_G-__probes__f32.jsonl,recalibrated
plain,0,0.3,0.15,1.6716661376953126,1.678087890625,maxmonstre/eval/grid__plain__seed0__epoch_030__r-_G-__probes__f32.jsonl,recalibrated
plain,0,0.3,0.175,1.7389439086914062,1.7470922241210938,maxmonstre/eval/grid__plain__seed0__epoch_030__r-_G-__probes__f32.jsonl,recalibrated
plain,0,0.3,0.2,1.8201416015625,1.82848486328125,maxmonstre/eval/grid__plain__seed0__epoch_030__r-_G-__probes__f32.jsonl,recalibrated
plain,0,0.3,0.225,1.91805859375,1.9227455444335937,maxmonstre/eval/grid__plain__seed0__epoch_030__r-_G-__probes__f32.jsonl,recalibrated
plain,0,0.3,0.25,2.031936828613281,2.0259281005859373,maxmonstre/eval/grid__plain__seed0__epoch_030__r-_G-__probes__f32.jsonl,recalibrated
plain,0,0.3,0.275,2.15876025390625,2.14150341796875,maxmonstre/eval/grid__plain__seed0__epoch_030__r-_G-__probes__f32.jsonl,recalibrated
plain,0,0.3,0.3,2.292482666015625,2.2604718017578125,maxmonstre/eval/grid__plain__seed0__epoch_030__r-_G-__probes__f32.jsonl,recalibrated
plain,0,0.3,0.325,2.423502685546875,2.37843798828125,maxmonstre/eval/grid__plain__seed0__epoch_030__r-_G-__probes__f32.jsonl,recalibrated
plain,0,0.3,0.35,2.556408081054688,2.501642822265625,maxmonstre/eval/grid__plain__seed0__epoch_030__r-_G-__probes__f32.jsonl,recalibrated
plain,0,0.3,0.375,2.685698974609375,2.6331845703125,maxmonstre/eval/grid__plain__seed0__epoch_030__r-_G-__probes__f32.jsonl,recalibrated
plain,0,0.3,0.4,2.8078402099609376,2.7592706298828125,maxmonstre/eval/grid__plain__seed0__epoch_030__r-_G-__probes__f32.jsonl,recalibrated
plain,0,0.3,0.425,2.9277803955078125,2.887610595703125,maxmonstre/eval/grid__plain__seed0__epoch_030__r-_G-__probes__f32.jsonl,recalibrated
plain,0,0.3,0.45,3.046670166015625,3.011098388671875,maxmonstre/eval/grid__plain__seed0__epoch_030__r-_G-__probes__f32.jsonl,recalibrated
plain,0,0.3,0.475,3.16307568359375,3.126353515625,maxmonstre/eval/grid__plain__seed0__epoch_030__r-_G-__probes__f32.jsonl,recalibrated
plain,0,0.3,0.5,3.2734373779296875,3.2324658203125,maxmonstre/eval/grid__plain__seed0__epoch_030__r-_G-__probes__f32.jsonl,recalibrated
plain,0,0.325,-0.5,3.1418590087890625,3.135016845703125,maxmonstre/eval/grid__plain__seed0__epoch_030__r-_G-__probes__f32.jsonl,recalibrated
plain,0,0.325,-0.475,3.0485518798828126,3.056355224609375,maxmonstre/eval/grid__plain__seed0__epoch_030__r-_G-__probes__f32.jsonl,recalibrated
plain,0,0.325,-0.45,2.9450045166015624,2.9716217041015627,maxmonstre/eval/grid__plain__seed0__epoch_030__r-_G-__probes__f32.jsonl,recalibrated
plain,0,0.325,-0.425,2.84317529296875,2.88029638671875,maxmonstre/eval/grid__plain__seed0__epoch_030__r-_G-__probes__f32.jsonl,recalibrated
plain,0,0.325,-0.4,2.740374267578125,2.784065673828125,maxmonstre/eval/grid__plain__seed0__epoch_030__r-_G-__probes__f32.jsonl,recalibrated
plain,0,0.325,-0.375,2.634958251953125,2.686317138671875,maxmonstre/eval/grid__plain__seed0__epoch_030__r-_G-__probes__f32.jsonl,recalibrated
plain,0,0.325,-0.35,2.52547216796875,2.582387939453125,maxmonstre/eval/grid__plain__seed0__epoch_030__r-_G-__probes__f32.jsonl,recalibrated
plain,0,0.325,-0.325,2.41378173828125,2.473857177734375,maxmonstre/eval/grid__plain__seed0__epoch_030__r-_G-__probes__f32.jsonl,recalibrated
plain,0,0.325,-0.3,2.3072213134765627,2.359676635742188,maxmonstre/eval/grid__plain__seed0__epoch_030__r-_G-__probes__f32.jsonl,recalibrated
plain,0,0.325,-0.275,2.204631042480469,2.250091552734375,maxmonstre/eval/grid__plain__seed0__epoch_030__r-_G-__probes__f32.jsonl,recalibrated
plain,0,0.325,-0.25,2.107941284179688,2.15761474609375,maxmonstre/eval/grid__plain__seed0__epoch_030__r-_G-__probes__f32.jsonl,recalibrated
plain,0,0.325,-0.225,2.01485546875,2.069682861328125,maxmonstre/eval/grid__plain__seed0__epoch_030__r-_G-__probes__f32.jsonl,recalibrated
plain,0,0.325,-0.2,1.9284210815429688,1.9934583129882808,maxmonstre/eval/grid__plain__seed0__epoch_030__r-_G-__probes__f32.jsonl,recalibrated
plain,0,0.325,-0.175,1.848896240234375,1.928030334472656,maxmonstre/eval/grid__plain__seed0__epoch_030__r-_G-__probes__f32.jsonl,recalibrated
plain,0,0.325,-0.15,1.7829703979492189,1.8739658203125,maxmonstre/eval/grid__plain__seed0__epoch_030__r-_G-__probes__f32.jsonl,recalibrated
plain,0,0.325,-0.125,1.725236083984375,1.8208941040039064,maxmonstre/eval/grid__plain__seed0__epoch_030__r-_G-__probes__f32.jsonl,recalibrated
plain,0,0.325,-0.1,1.6787166748046876,1.7725004272460938,maxmonstre/eval/grid__plain__seed0__epoch_030__r-_G-__probes__f32.jsonl,recalibrated
plain,0,0.325,-0.075,1.646784912109375,1.7307745361328124,maxmonstre/eval/grid__plain__seed0__epoch_030__r-_G-__probes__f32.jsonl,recalibrated
plain,0,0.325,-0.05,1.62665625,1.7010081787109377,maxmonstre/eval/grid__plain__seed0__epoch_030__r-_G-__probes__f32.jsonl,recalibrated
plain,0,0.325,-0.025,1.6121107788085938,1.6799442138671874,maxmonstre/eval/grid__plain__seed0__epoch_030__r-_G-__probes__f32.jsonl,recalibrated
plain,0,0.325,0.0,1.611327575683594,1.6618087768554688,maxmonstre/eval/grid__plain__seed0__epoch_030__r-_G-__probes__f32.jsonl,recalibrated
plain,0,0.325,0.025,1.6290198364257813,1.6550166625976563,maxmonstre/eval/grid__plain__seed0__epoch_030__r-_G-__probes__f32.jsonl,recalibrated
plain,0,0.325,0.05,1.6592200927734375,1.6653259887695313,maxmonstre/eval/grid__plain__seed0__epoch_030__r-_G-__probes__f32.jsonl,recalibrated
plain,0,0.325,0.075,1.693105712890625,1.686710205078125,maxmonstre/eval/grid__plain__seed0__epoch_030__r-_G-__probes__f32.jsonl,recalibrated
plain,0,0.325,0.1,1.7320765991210938,1.714837646484375,maxmonstre/eval/grid__plain__seed0__epoch_030__r-_G-__probes__f32.jsonl,recalibrated
plain,0,0.325,0.125,1.7792499389648435,1.750699462890625,maxmonstre/eval/grid__plain__seed0__epoch_030__r-_G-__probes__f32.jsonl,recalibrated
plain,0,0.325,0.15,1.83297998046875,1.803840087890625,maxmonstre/eval/grid__plain__seed0__epoch_030__r-_G-__probes__f32.jsonl,recalibrated
plain,0,0.325,0.175,1.894004638671875,1.868836669921875,maxmonstre/eval/grid__plain__seed0__epoch_030__r-_G-__probes__f32.jsonl,recalibrated
plain,0,0.325,0.2,1.9708533935546877,1.9447550048828128,maxmonstre/eval/grid__plain__seed0__epoch_030__r-_G-__probes__f32.jsonl,recalibrated
plain,0,0.325,0.225,2.0618616943359376,2.030343078613281,maxmonstre/eval/grid__plain__seed0__epoch_030__r-_G-__probes__f32.jsonl,recalibrated
plain,0,0.325,0.25,2.16607275390625,2.127449645996094,maxmonstre/eval/grid__plain__seed0__epoch_030__r-_G-__probes__f32.jsonl,recalibrated
plain,0,0.325,0.275,2.2833760986328127,2.233713623046875,maxmonstre/eval/grid__plain__seed0__epoch_030__r-_G-__probes__f32.jsonl,recalibrated
plain,0,0.325,0.3,2.407256591796875,2.3424278564453127,maxmonstre/eval/grid__plain__seed0__epoch_030__r-_G-__probes__f32.jsonl,recalibrated
plain,0,0.325,0.325,2.539132568359375,2.456140625,maxmonstre/eval/grid__plain__seed0__epoch_030__r-_G-__probes__f32.jsonl,recalibrated
plain,0,0.325,0.35,2.6636395263671875,2.571905517578125,maxmonstre/eval/grid__plain__seed0__epoch_030__r-_G-__probes__f32.jsonl,recalibrated
plain,0,0.325,0.375,2.78508837890625,2.696817626953125,maxmonstre/eval/grid__plain__seed0__epoch_030__r-_G-__probes__f32.jsonl,recalibrated
plain,0,0.325,0.4,2.9052978515625,2.825153198242188,maxmonstre/eval/grid__plain__seed0__epoch_030__r-_G-__probes__f32.jsonl,recalibrated
plain,0,0.325,0.425,3.024529052734375,2.9529169921875,maxmonstre/eval/grid__plain__seed0__epoch_030__r-_G-__probes__f32.jsonl,recalibrated
plain,0,0.325,0.45,3.14002197265625,3.069536376953125,maxmonstre/eval/grid__plain__seed0__epoch_030__r-_G-__probes__f32.jsonl,recalibrated
plain,0,0.325,0.475,3.249362548828125,3.177276611328125,maxmonstre/eval/grid__plain__seed0__epoch_030__r-_G-__probes__f32.jsonl,recalibrated
plain,0,0.325,0.5,3.352025268554688,3.283391845703125,maxmonstre/eval/grid__plain__seed0__epoch_030__r-_G-__probes__f32.jsonl,recalibrated
plain,0,0.35,-0.5,3.1931251220703123,3.1955908203125,maxmonstre/eval/grid__plain__seed0__epoch_030__r-_G-__probes__f32.jsonl,recalibrated
plain,0,0.35,-0.475,3.105954833984375,3.123640625,maxmonstre/eval/grid__plain__seed0__epoch_030__r-_G-__probes__f32.jsonl,recalibrated
plain,0,0.35,-0.45,3.0111932373046875,3.0460506591796874,maxmonstre/eval/grid__plain__seed0__epoch_030__r-_G-__probes__f32.jsonl,recalibrated
plain,0,0.35,-0.425,2.915547119140625,2.9608785400390625,maxmonstre/eval/grid__plain__seed0__epoch_030__r-_G-__probes__f32.jsonl,recalibrated
plain,0,0.35,-0.4,2.822263671875,2.876293701171875,maxmonstre/eval/grid__plain__seed0__epoch_030__r-_G-__probes__f32.jsonl,recalibrated
plain,0,0.35,-0.375,2.725094970703125,2.792528564453125,maxmonstre/eval/grid__plain__seed0__epoch_030__r-_G-__probes__f32.jsonl,recalibrated
plain,0,0.35,-0.35,2.622559326171875,2.69641455078125,maxmonstre/eval/grid__plain__seed0__epoch_030__r-_G-__probes__f32.jsonl,recalibrated
plain,0,0.35,-0.325,2.5220625,2.58878564453125,maxmonstre/eval/grid__plain__seed0__epoch_030__r-_G-__probes__f32.jsonl,recalibrated
plain,0,0.35,-0.3,2.4223037109375,2.477921630859375,maxmonstre/eval/grid__plain__seed0__epoch_030__r-_G-__probes__f32.jsonl,recalibrated
plain,0,0.35,-0.275,2.326591064453125,2.372635986328125,maxmonstre/eval/grid__plain__seed0__epoch_030__r-_G-__probes__f32.jsonl,recalibrated
plain,0,0.35,-0.25,2.2432122802734376,2.281231689453125,maxmonstre/eval/grid__plain__seed0__epoch_030__r-_G-__probes__f32.jsonl,recalibrated
plain,0,0.35,-0.225,2.1635821533203123,2.202402221679688,maxmonstre/eval/grid__plain__seed0__epoch_030__r-_G-__probes__f32.jsonl,recalibrated
plain,0,0.35,-0.2,2.0888336181640623,2.132496337890625,maxmonstre/eval/grid__plain__seed0__epoch_030__r-_G-__probes__f32.jsonl,recalibrated
plain,0,0.35,-0.175,2.014445007324219,2.066626708984375,maxmonstre/eval/grid__plain__seed0__epoch_030__r-_G-__probes__f32.jsonl,recalibrated
plain,0,0.35,-0.15,1.945520751953125,2.015947021484375,maxmonstre/eval/grid__plain__seed0__epoch_030__r-_G-__probes__f32.jsonl,recalibrated
plain,0,0.35,-0.125,1.883572204589844,1.967111572265625,maxmonstre/eval/grid__plain__seed0__epoch_030__r-_G-__probes__f32.jsonl,recalibrated
plain,0,0.35,-0.1,1.836049743652344,1.9210353393554689,maxmonstre/eval/grid__plain__seed0__epoch_030__r-_G-__probes__f32.jsonl,recalibrated
plain,0,0.35,-0.075,1.803966857910156,1.883481689453125,maxmonstre/eval/grid__plain__seed0__epoch_030__r-_G-__probes__f32.jsonl,recalibrated
plain,0,0.35,-0.05,1.7854718017578124,1.8516455688476563,maxmonstre/eval/grid__plain__seed0__epoch_030__r-_G-__probes__f32.jsonl,recalibrated
plain,0,0.35,-0.025,1.7738626708984375,1.82819189453125,maxmonstre/eval/grid__plain__seed0__epoch_030__r-_G-__probes__f32.jsonl,recalibrated
plain,0,0.35,0.0,1.7764426879882813,1.812162841796875,maxmonstre/eval/grid__plain__seed0__epoch_030__r-_G-__probes__f32.jsonl,recalibrated
plain,0,0.35,0.025,1.7956101684570311,1.808639404296875,maxmonstre/eval/grid__plain__seed0__epoch_030__r-_G-__probes__f32.jsonl,recalibrated
plain,0,0.35,0.05,1.823933349609375,1.812474548339844,maxmonstre/eval/grid__plain__seed0__epoch_030__r-_G-__probes__f32.jsonl,recalibrated
plain,0,0.35,0.075,1.854661865234375,1.8303668212890625,maxmonstre/eval/grid__plain__seed0__epoch_030__r-_G-__probes__f32.jsonl,recalibrated
plain,0,0.35,0.1,1.8938739013671877,1.855438415527344,maxmonstre/eval/grid__plain__seed0__epoch_030__r-_G-__probes__f32.jsonl,recalibrated
plain,0,0.35,0.125,1.9421195678710936,1.8909439086914064,maxmonstre/eval/grid__plain__seed0__epoch_030__r-_G-__probes__f32.jsonl,recalibrated
plain,0,0.35,0.15,1.993612243652344,1.9364398803710936,maxmonstre/eval/grid__plain__seed0__epoch_030__r-_G-__probes__f32.jsonl,recalibrated
plain,0,0.35,0.175,2.050510986328125,1.99789306640625,maxmonstre/eval/grid__plain__seed0__epoch_030__r-_G-__probes__f32.jsonl,recalibrated
plain,0,0.35,0.2,2.120760620117188,2.065934753417969,maxmonstre/eval/grid__plain__seed0__epoch_030__r-_G-__probes__f32.jsonl,recalibrated
plain,0,0.35,0.225,2.203621337890625,2.143095764160156,maxmonstre/eval/grid__plain__seed0__epoch_030__r-_G-__probes__f32.jsonl,recalibrated
plain,0,0.35,0.25,2.3009755859375,2.2343916015625,maxmonstre/eval/grid__plain__seed0__epoch_030__r-_G-__probes__f32.jsonl,recalibrated
plain,0,0.35,0.275,2.4090556640625,2.33279443359375,maxmonstre/eval/grid__plain__seed0__epoch_030__r-_G-__probes__f32.jsonl,recalibrated
plain,0,0.35,0.3,2.5208704833984377,2.43456298828125,maxmonstre/eval/grid__plain__seed0__epoch_030__r-_G-__probes__f32.jsonl,recalibrated
plain,0,0.35,0.325,2.640980712890625,2.539320556640625,maxmonstre/eval/grid__plain__seed0__epoch_030__r-_G-__probes__f32.jsonl,recalibrated
plain,0,0.35,0.35,2.763958251953125,2.648348388671875,maxmonstre/eval/grid__plain__seed0__epoch_030__r-_G-__probes__f32.jsonl,recalibrated
plain,0,0.35,0.375,2.885559326171875,2.766535400390625,maxmonstre/eval/grid__plain__seed0__epoch_030__r-_G-__probes__f32.jsonl,recalibrated
plain,0,0.35,0.4,3.004087890625,2.89303662109375,maxmonstre/eval/grid__plain__seed0__epoch_030__r-_G-__probes__f32.jsonl,recalibrated
plain,0,0.35,0.425,3.1221461181640624,3.0174405517578125,maxmonstre/eval/grid__plain__seed0__epoch_030__r-_G-__probes__f32.jsonl,recalibrated
plain,0,0.35,0.45,3.2318717041015623,3.1302861328125,maxmonstre/eval/grid__plain__seed0__epoch_030__r-_G-__probes__f32.jsonl,recalibrated
plain,0,0.35,0.475,3.335792236328125,3.2340810546875,maxmonstre/eval/grid__plain__seed0__epoch_030__r-_G-__probes__f32.jsonl,recalibrated
plain,0,0.35,0.5,3.43267431640625,3.3330452880859376,maxmonstre/eval/grid__plain__seed0__epoch_030__r-_G-__probes__f32.jsonl,recalibrated
plain,0,0.375,-0.5,3.24017431640625,3.2449345703125,maxmonstre/eval/grid__plain__seed0__epoch_030__r-_G-__probes__f32.jsonl,recalibrated
plain,0,0.375,-0.475,3.161440185546875,3.17679345703125,maxmonstre/eval/grid__plain__seed0__epoch_030__r-_G-__probes__f32.jsonl,recalibrated
plain,0,0.375,-0.45,3.078176025390625,3.105222778320313,maxmonstre/eval/grid__plain__seed0__epoch_030__r-_G-__probes__f32.jsonl,recalibrated
plain,0,0.375,-0.425,2.991446533203125,3.02950537109375,maxmonstre/eval/grid__plain__seed0__epoch_030__r-_G-__probes__f32.jsonl,recalibrated
plain,0,0.375,-0.4,2.9077354736328127,2.960978515625,maxmonstre/eval/grid__plain__seed0__epoch_030__r-_G-__probes__f32.jsonl,recalibrated
plain,0,0.375,-0.375,2.817307861328125,2.88502392578125,maxmonstre/eval/grid__plain__seed0__epoch_030__r-_G-__probes__f32.jsonl,recalibrated
plain,0,0.375,-0.35,2.7180517578125,2.796201904296875,maxmonstre/eval/grid__plain__seed0__epoch_030__r-_G-__probes__f32.jsonl,recalibrated
plain,0,0.375,-0.325,2.6245897216796874,2.6953350830078127,maxmonstre/eval/grid__plain__seed0__epoch_030__r-_G-__probes__f32.jsonl,recalibrated
plain,0,0.375,-0.3,2.53140625,2.591015625,maxmonstre/eval/grid__plain__seed0__epoch_030__r-_G-__probes__f32.jsonl,recalibrated
plain,0,0.375,-0.275,2.4444310302734373,2.4914051513671875,maxmonstre/eval/grid__plain__seed0__epoch_030__r-_G-__probes__f32.jsonl,recalibrated
plain,0,0.375,-0.25,2.369111572265625,2.405038330078125,maxmonstre/eval/grid__plain__seed0__epoch_030__r-_G-__probes__f32.jsonl,recalibrated
plain,0,0.375,-0.225,2.3014776611328127,2.331737548828125,maxmonstre/eval/grid__plain__seed0__epoch_030__r-_G-__probes__f32.jsonl,recalibrated
plain,0,0.375,-0.2,2.2383040771484377,2.2614150390625,maxmonstre/eval/grid__plain__seed0__epoch_030__r-_G-__probes__f32.jsonl,recalibrated
plain,0,0.375,-0.175,2.1731783447265625,2.2011787109375,maxmonstre/eval/grid__plain__seed0__epoch_030__r-_G-__probes__f32.jsonl,recalibrated
plain,0,0.375,-0.15,2.1046160888671874,2.1541448974609376,maxmonstre/eval/grid__plain__seed0__epoch_030__r-_G-__probes__f32.jsonl,recalibrated
plain,0,0.375,-0.125,2.041338623046875,2.1110732421875,maxmonstre/eval/grid__plain__seed0__epoch_030__r-_G-__probes__f32.jsonl,recalibrated
plain,0,0.375,-0.1,1.9928736572265624,2.067716857910156,maxmonstre/eval/grid__plain__seed0__epoch_030__r-_G-__probes__f32.jsonl,recalibrated
plain,0,0.375,-0.075,1.9609095458984376,2.0329299926757813,maxmonstre/eval/grid__plain__seed0__epoch_030__r-_G-__probes__f32.jsonl,recalibrated
plain,0,0.375,-0.05,1.9411381225585935,2.004270263671875,maxmonstre/eval/grid__plain__seed0__epoch_030__r-_G-__probes__f32.jsonl,recalibrated
plain,0,0.375,-0.025,1.93292041015625,1.9826219482421876,maxmonstre/eval/grid__plain__seed0__epoch_030__r-_G-__probes__f32.jsonl,recalibrated
plain,0,0.375,0.0,1.9380093994140624,1.9697696533203124,maxmonstre/eval/grid__plain__seed0__epoch_030__r-_G-__probes__f32.jsonl,recalibrated
plain,0,0.375,0.025,1.9565767822265625,1.9620440063476563,maxmonstre/eval/grid__plain__seed0__epoch_030__r-_G-__probes__f32.jsonl,recalibrated
plain,0,0.375,0.05,1.9802015991210935,1.96188427734375,maxmonstre/eval/grid__plain__seed0__epoch_030__r-_G-__probes__f32.jsonl,recalibrated
plain,0,0.375,0.075,2.009692626953125,1.9765782470703128,maxmonstre/eval/grid__plain__seed0__epoch_030__r-_G-__probes__f32.jsonl,recalibrated
plain,0,0.375,0.1,2.051208862304688,2.002083984375,maxmonstre/eval/grid__plain__seed0__epoch_030__r-_G-__probes__f32.jsonl,recalibrated
plain,0,0.375,0.125,2.101050170898437,2.037522216796875,maxmonstre/eval/grid__plain__seed0__epoch_030__r-_G-__probes__f32.jsonl,recalibrated
plain,0,0.375,0.15,2.151574462890625,2.080516845703125,maxmonstre/eval/grid__plain__seed0__epoch_030__r-_G-__probes__f32.jsonl,recalibrated
plain,0,0.375,0.175,2.2042537841796874,2.134455810546875,maxmonstre/eval/grid__plain__seed0__epoch_030__r-_G-__probes__f32.jsonl,recalibrated
plain,0,0.375,0.2,2.26856884765625,2.197314453125,maxmonstre/eval/grid__plain__seed0__epoch_030__r-_G-__probes__f32.jsonl,recalibrated
plain,0,0.375,0.225,2.342861206054688,2.2643349609375,maxmonstre/eval/grid__plain__seed0__epoch_030__r-_G-__probes__f32.jsonl,recalibrated
plain,0,0.375,0.25,2.43123779296875,2.3470897216796875,maxmonstre/eval/grid__plain__seed0__epoch_030__r-_G-__probes__f32.jsonl,recalibrated
plain,0,0.375,0.275,2.5293349609375,2.438021362304688,maxmonstre/eval/grid__plain__seed0__epoch_030__r-_G-__probes__f32.jsonl,recalibrated
plain,0,0.375,0.3,2.632740234375,2.532143798828125,maxmonstre/eval/grid__plain__seed0__epoch_030__r-_G-__probes__f32.jsonl,recalibrated
plain,0,0.375,0.325,2.7433868408203126,2.628685791015625,maxmonstre/eval/grid__plain__seed0__epoch_030__r-_G-__probes__f32.jsonl,recalibrated
plain,0,0.375,0.35,2.859161376953125,2.733796142578125,maxmonstre/eval/grid__plain__seed0__epoch_030__r-_G-__probes__f32.jsonl,recalibrated
plain,0,0.375,0.375,2.97779736328125,2.8451380615234374,maxmonstre/eval/grid__plain__seed0__epoch_030__r-_G-__probes__f32.jsonl,recalibrated
plain,0,0.375,0.4,3.094874755859375,2.9615098876953123,maxmonstre/eval/grid__plain__seed0__epoch_030__r-_G-__probes__f32.jsonl,recalibrated
plain,0,0.375,0.425,3.212146484375,3.0764638671875,maxmonstre/eval/grid__plain__seed0__epoch_030__r-_G-__probes__f32.jsonl,recalibrated
plain,0,0.375,0.45,3.3212620849609373,3.18638134765625,maxmonstre/eval/grid__plain__seed0__epoch_030__r-_G-__probes__f32.jsonl,recalibrated
plain,0,0.375,0.475,3.41926318359375,3.290382080078125,maxmonstre/eval/grid__plain__seed0__epoch_030__r-_G-__probes__f32.jsonl,recalibrated
plain,0,0.375,0.5,3.5156221923828124,3.387389526367188,maxmonstre/eval/grid__plain__seed0__epoch_030__r-_G-__probes__f32.jsonl,recalibrated
plain,0,0.4,-0.5,3.2885780029296874,3.2857393798828123,maxmonstre/eval/grid__plain__seed0__epoch_030__r-_G-__probes__f32.jsonl,recalibrated
plain,0,0.4,-0.475,3.2166710205078126,3.2218330078125,maxmonstre/eval/grid__plain__seed0__epoch_030__r-_G-__probes__f32.jsonl,recalibrated
plain,0,0.4,-0.45,3.14414892578125,3.159421142578125,maxmonstre/eval/grid__plain__seed0__epoch_030__r-_G-__probes__f32.jsonl,recalibrated
plain,0,0.4,-0.425,3.06394384765625,3.0964564208984373,maxmonstre/eval/grid__plain__seed0__epoch_030__r-_G-__probes__f32.jsonl,recalibrated
plain,0,0.4,-0.4,2.984001708984375,3.033181884765625,maxmonstre/eval/grid__plain__seed0__epoch_030__r-_G-__probes__f32.jsonl,recalibrated
plain,0,0.4,-0.375,2.8959285888671875,2.96275341796875,maxmonstre/eval/grid__plain__seed0__epoch_030__r-_G-__probes__f32.jsonl,recalibrated
plain,0,0.4,-0.35,2.8060994873046874,2.88415625,maxmonstre/eval/grid__plain__seed0__epoch_030__r-_G-__probes__f32.jsonl,recalibrated
plain,0,0.4,-0.325,2.720392822265625,2.79241015625,maxmonstre/eval/grid__plain__seed0__epoch_030__r-_G-__probes__f32.jsonl,recalibrated
plain,0,0.4,-0.3,2.6401007080078127,2.6941087646484374,maxmonstre/eval/grid__plain__seed0__epoch_030__r-_G-__probes__f32.jsonl,recalibrated
plain,0,0.4,-0.275,2.5638330078125,2.604281494140625,maxmonstre/eval/grid__plain__seed0__epoch_030__r-_G-__probes__f32.jsonl,recalibrated
plain,0,0.4,-0.25,2.4986485595703125,2.5197236328125,maxmonstre/eval/grid__plain__seed0__epoch_030__r-_G-__probes__f32.jsonl,recalibrated
plain,0,0.4,-0.225,2.438271728515625,2.4475009765625,maxmonstre/eval/grid__plain__seed0__epoch_030__r-_G-__probes__f32.jsonl,recalibrated
plain,0,0.4,-0.2,2.3780599365234374,2.385985107421875,maxmonstre/eval/grid__plain__seed0__epoch_030__r-_G-__probes__f32.jsonl,recalibrated
plain,0,0.4,-0.175,2.317778076171875,2.3325830078125,maxmonstre/eval/grid__plain__seed0__epoch_030__r-_G-__probes__f32.jsonl,recalibrated
plain,0,0.4,-0.15,2.256494018554688,2.2864315185546875,maxmonstre/eval/grid__plain__seed0__epoch_030__r-_G-__probes__f32.jsonl,recalibrated
plain,0,0.4,-0.125,2.1969151611328126,2.2458468017578124,maxmonstre/eval/grid__plain__seed0__epoch_030__r-_G-__probes__f32.jsonl,recalibrated
plain,0,0.4,-0.1,2.1527021484375,2.20903466796875,maxmonstre/eval/grid__plain__seed0__epoch_030__r-_G-__probes__f32.jsonl,recalibrated
plain,0,0.4,-0.075,2.1192174072265626,2.1775958251953127,maxmonstre/eval/grid__plain__seed0__epoch_030__r-_G-__probes__f32.jsonl,recalibrated
plain,0,0.4,-0.05,2.09551513671875,2.1502083740234377,maxmonstre/eval/grid__plain__seed0__epoch_030__r-_G-__probes__f32.jsonl,recalibrated
plain,0,0.4,-0.025,2.083350830078125,2.13122265625,maxmonstre/eval/grid__plain__seed0__epoch_030__r-_G-__probes__f32.jsonl,recalibrated
plain,0,0.4,0.0,2.088066650390625,2.1201396484375,maxmonstre/eval/grid__plain__seed0__epoch_030__r-_G-__probes__f32.jsonl,recalibrated
plain,0,0.4,0.025,2.104229370117188,2.110663940429688,maxmonstre/eval/grid__plain__seed0__epoch_030__r-_G-__probes__f32.jsonl,recalibrated
plain,0,0.4,0.05,2.129255126953125,2.108564270019531,maxmonstre/eval/grid__plain__seed0__epoch_030__r-_G-__probes__f32.jsonl,recalibrated
plain,0,0.4,0.075,2.161358032226562,2.1202861328125,maxmonstre/eval/grid__plain__seed0__epoch_030__r-_G-__probes__f32.jsonl,recalibrated
plain,0,0.4,0.1,2.201938842773437,2.1456583251953125,maxmonstre/eval/grid__plain__seed0__epoch_030__r-_G-__probes__f32.jsonl,recalibrated
plain,0,0.4,0.125,2.2500328369140625,2.183552001953125,maxmonstre/eval/grid__plain__seed0__epoch_030__r-_G-__probes__f32.jsonl,recalibrated
plain,0,0.4,0.15,2.2993575439453124,2.2262969970703126,maxmonstre/eval/grid__plain__seed0__epoch_030__r-_G-__probes__f32.jsonl,recalibrated
plain,0,0.4,0.175,2.35100732421875,2.275957275390625,maxmonstre/eval/grid__plain__seed0__epoch_030__r-_G-__probes__f32.jsonl,recalibrated
plain,0,0.4,0.2,2.4094046630859376,2.333658081054688,maxmonstre/eval/grid__plain__seed0__epoch_030__r-_G-__probes__f32.jsonl,recalibrated
plain,0,0.4,0.225,2.476848510742188,2.396681884765625,maxmonstre/eval/grid__plain__seed0__epoch_030__r-_G-__probes__f32.jsonl,recalibrated
plain,0,0.4,0.25,2.5552451171875,2.4719869384765625,maxmonstre/eval/grid__plain__seed0__epoch_030__r-_G-__probes__f32.jsonl,recalibrated
plain,0,0.4,0.275,2.6485064697265623,2.5566614990234373,maxmonstre/eval/grid__plain__seed0__epoch_030__r-_G-__probes__f32.jsonl,recalibrated
plain,0,0.4,0.3,2.746057373046875,2.6401129150390625,maxmonstre/eval/grid__plain__seed0__epoch_030__r-_G-__probes__f32.jsonl,recalibrated
plain,0,0.4,0.325,2.85256640625,2.727069091796875,maxmonstre/eval/grid__plain__seed0__epoch_030__r-_G-__probes__f32.jsonl,recalibrated
plain,0,0.4,0.35,2.960024658203125,2.8273262939453123,maxmonstre/eval/grid__plain__seed0__epoch_030__r-_G-__probes__f32.jsonl,recalibrated
plain,0,0.4,0.375,3.0686209716796875,2.934267578125,maxmonstre/eval/grid__plain__seed0__epoch_030__r-_G-__probes__f32.jsonl,recalibrated
plain,0,0.4,0.4,3.1785771484375,3.0413616943359374,maxmonstre/eval/grid__plain__seed0__epoch_030__r-_G-__probes__f32.jsonl,recalibrated
plain,0,0.4,0.425,3.291550415039062,3.14645166015625,maxmonstre/eval/grid__plain__seed0__epoch_030__r-_G-__probes__f32.jsonl,recalibrated
plain,0,0.4,0.45,3.40298388671875,3.24892138671875,maxmonstre/eval/grid__plain__seed0__epoch_030__r-_G-__probes__f32.jsonl,recalibrated
plain,0,0.4,0.475,3.503435546875,3.3487620849609376,maxmonstre/eval/grid__plain__seed0__epoch_030__r-_G-__probes__f32.jsonl,recalibrated
plain,0,0.4,0.5,3.59666455078125,3.4464359130859377,maxmonstre/eval/grid__plain__seed0__epoch_030__r-_G-__probes__f32.jsonl,recalibrated
plain,0,0.425,-0.5,3.337010498046875,3.3305892333984377,maxmonstre/eval/grid__plain__seed0__epoch_030__r-_G-__probes__f32.jsonl,recalibrated
plain,0,0.425,-0.475,3.2711483154296874,3.270661865234375,maxmonstre/eval/grid__plain__seed0__epoch_030__r-_G-__probes__f32.jsonl,recalibrated
plain,0,0.425,-0.45,3.202757568359375,3.213740966796875,maxmonstre/eval/grid__plain__seed0__epoch_030__r-_G-__probes__f32.jsonl,recalibrated
plain,0,0.425,-0.425,3.130442749023437,3.1594029541015627,maxmonstre/eval/grid__plain__seed0__epoch_030__r-_G-__probes__f32.jsonl,recalibrated
plain,0,0.425,-0.4,3.05407421875,3.098924560546875,maxmonstre/eval/grid__plain__seed0__epoch_030__r-_G-__probes__f32.jsonl,recalibrated
plain,0,0.425,-0.375,2.973626342773437,3.032677001953125,maxmonstre/eval/grid__plain__seed0__epoch_030__r-_G-__probes__f32.jsonl,recalibrated
plain,0,0.425,-0.35,2.8907176513671877,2.958962158203125,maxmonstre/eval/grid__plain__seed0__epoch_030__r-_G-__probes__f32.jsonl,recalibrated
plain,0,0.425,-0.325,2.8160101318359376,2.87641552734375,maxmonstre/eval/grid__plain__seed0__epoch_030__r-_G-__probes__f32.jsonl,recalibrated
plain,0,0.425,-0.3,2.747102783203125,2.78582958984375,maxmonstre/eval/grid__plain__seed0__epoch_030__r-_G-__probes__f32.jsonl,recalibrated
plain,0,0.425,-0.275,2.686122802734375,2.7019317626953123,maxmonstre/eval/grid__plain__seed0__epoch_030__r-_G-__probes__f32.jsonl,recalibrated
plain,0,0.425,-0.25,2.62422314453125,2.6232960205078126,maxmonstre/eval/grid__plain__seed0__epoch_030__r-_G-__probes__f32.jsonl,recalibrated
plain,0,0.425,-0.225,2.5648770751953127,2.557607666015625,maxmonstre/eval/grid__plain__seed0__epoch_030__r-_G-__probes__f32.jsonl,recalibrated
plain,0,0.425,-0.2,2.504384033203125,2.5052015380859376,maxmonstre/eval/grid__plain__seed0__epoch_030__r-_G-__probes__f32.jsonl,recalibrated
plain,0,0.425,-0.175,2.450211669921875,2.4567073974609377,maxmonstre/eval/grid__plain__seed0__epoch_030__r-_G-__probes__f32.jsonl,recalibrated
plain,0,0.425,-0.15,2.3980924072265624,2.4123883056640625,maxmonstre/eval/grid__plain__seed0__epoch_030__r-_G-__probes__f32.jsonl,recalibrated
plain,0,0.425,-0.125,2.3459925537109374,2.3750419921875,maxmonstre/eval/grid__plain__seed0__epoch_030__r-_G-__probes__f32.jsonl,recalibrated
plain,0,0.425,-0.1,2.305455078125,2.339659423828125,maxmonstre/eval/grid__plain__seed0__epoch_030__r-_G-__probes__f32.jsonl,recalibrated
plain,0,0.425,-0.075,2.2754180908203123,2.313876708984375,maxmonstre/eval/grid__plain__seed0__epoch_030__r-_G-__probes__f32.jsonl,recalibrated
plain,0,0.425,-0.05,2.252322021484375,2.29146728515625,maxmonstre/eval/grid__plain__seed0__epoch_030__r-_G-__probes__f32.jsonl,recalibrated
plain,0,0.425,-0.025,2.2398428955078127,2.2756630859375,maxmonstre/eval/grid__plain__seed0__epoch_030__r-_G-__probes__f32.jsonl,recalibrated
plain,0,0.425,0.0,2.2361260986328126,2.2648912353515627,maxmonstre/eval/grid__plain__seed0__epoch_030__r-_G-__probes__f32.jsonl,recalibrated
plain,0,0.425,0.025,2.2470645751953127,2.259911865234375,maxmonstre/eval/grid__plain__seed0__epoch_030__r-_G-__probes__f32.jsonl,recalibrated
plain,0,0.425,0.05,2.2698388671875,2.260914306640625,maxmonstre/eval/grid__plain__seed0__epoch_030__r-_G-__probes__f32.jsonl,recalibrated
plain,0,0.425,0.075,2.301150390625,2.27288134765625,maxmonstre/eval/grid__plain__seed0__epoch_030__r-_G-__probes__f32.jsonl,recalibrated
plain,0,0.425,0.1,2.3361767578125,2.29398828125,maxmonstre/eval/grid__plain__seed0__epoch_030__r-_G-__probes__f32.jsonl,recalibrated
plain,0,0.425,0.125,2.3805205078125,2.33055224609375,maxmonstre/eval/grid__plain__seed0__epoch_030__r-_G-__probes__f32.jsonl,recalibrated
plain,0,0.425,0.15,2.431289306640625,2.3724112548828127,maxmonstre/eval/grid__plain__seed0__epoch_030__r-_G-__probes__f32.jsonl,recalibrated
plain,0,0.425,0.175,2.483518676757813,2.419068115234375,maxmonstre/eval/grid__plain__seed0__epoch_030__r-_G-__probes__f32.jsonl,recalibrated
plain,0,0.425,0.2,2.5435185546875,2.47334423828125,maxmonstre/eval/grid__plain__seed0__epoch_030__r-_G-__probes__f32.jsonl,recalibrated
plain,0,0.425,0.225,2.609120849609375,2.5342186279296874,maxmonstre/eval/grid__plain__seed0__epoch_030__r-_G-__probes__f32.jsonl,recalibrated
plain,0,0.425,0.25,2.683130126953125,2.601889770507813,maxmonstre/eval/grid__plain__seed0__epoch_030__r-_G-__probes__f32.jsonl,recalibrated
plain,0,0.425,0.275,2.769147705078125,2.677570678710937,maxmonstre/eval/grid__plain__seed0__epoch_030__r-_G-__probes__f32.jsonl,recalibrated
plain,0,0.425,0.3,2.860541015625,2.7523331298828126,maxmonstre/eval/grid__plain__seed0__epoch_030__r-_G-__probes__f32.jsonl,recalibrated
plain,0,0.425,0.325,2.958443115234375,2.8304461669921874,maxmonstre/eval/grid__plain__seed0__epoch_030__r-_G-__probes__f32.jsonl,recalibrated
plain,0,0.425,0.35,3.061815673828125,2.9228658447265623,maxmonstre/eval/grid__plain__seed0__epoch_030__r-_G-__probes__f32.jsonl,recalibrated
plain,0,0.425,0.375,3.164860961914062,3.0228309326171874,maxmonstre/eval/grid__plain__seed0__epoch_030__r-_G-__probes__f32.jsonl,recalibrated
plain,0,0.425,0.4,3.26467919921875,3.1193160400390627,maxmonstre/eval/grid__plain__seed0__epoch_030__r-_G-__probes__f32.jsonl,recalibrated
plain,0,0.425,0.425,3.36881298828125,3.2192764892578123,maxmonstre/eval/grid__plain__seed0__epoch_030__r-_G-__probes__f32.jsonl,recalibrated
plain,0,0.425,0.45,3.478411376953125,3.314067626953125,maxmonstre/eval/grid__plain__seed0__epoch_030__r-_G-__probes__f32.jsonl,recalibrated
plain,0,0.425,0.475,3.579733154296875,3.409633666992188,maxmonstre/eval/grid__plain__seed0__epoch_030__r-_G-__probes__f32.jsonl,recalibrated
plain,0,0.425,0.5,3.66951904296875,3.504155151367188,maxmonstre/eval/grid__plain__seed0__epoch_030__r-_G-__probes__f32.jsonl,recalibrated
plain,0,0.45,-0.5,3.381116455078125,3.376610595703125,maxmonstre/eval/grid__plain__seed0__epoch_030__r-_G-__probes__f32.jsonl,recalibrated
plain,0,0.45,-0.475,3.3255296630859377,3.321659545898437,maxmonstre/eval/grid__plain__seed0__epoch_030__r-_G-__probes__f32.jsonl,recalibrated
plain,0,0.45,-0.45,3.26455712890625,3.2672559814453126,maxmonstre/eval/grid__plain__seed0__epoch_030__r-_G-__probes__f32.jsonl,recalibrated
plain,0,0.45,-0.425,3.1968681640625,3.214896484375,maxmonstre/eval/grid__plain__seed0__epoch_030__r-_G-__probes__f32.jsonl,recalibrated
plain,0,0.45,-0.4,3.1233482666015626,3.157769653320313,maxmonstre/eval/grid__plain__seed0__epoch_030__r-_G-__probes__f32.jsonl,recalibrated
plain,0,0.45,-0.375,3.049157958984375,3.0985921630859377,maxmonstre/eval/grid__plain__seed0__epoch_030__r-_G-__probes__f32.jsonl,recalibrated
plain,0,0.45,-0.35,2.973118408203125,3.0292806396484373,maxmonstre/eval/grid__plain__seed0__epoch_030__r-_G-__probes__f32.jsonl,recalibrated
plain,0,0.45,-0.325,2.907125,2.952432006835937,maxmonstre/eval/grid__plain__seed0__epoch_030__r-_G-__probes__f32.jsonl,recalibrated
plain,0,0.45,-0.3,2.847365234375,2.8699166259765625,maxmonstre/eval/grid__plain__seed0__epoch_030__r-_G-__probes__f32.jsonl,recalibrated
plain,0,0.45,-0.275,2.792517822265625,2.793200439453125,maxmonstre/eval/grid__plain__seed0__epoch_030__r-_G-__probes__f32.jsonl,recalibrated
plain,0,0.45,-0.25,2.7379600830078124,2.726091064453125,maxmonstre/eval/grid__plain__seed0__epoch_030__r-_G-__probes__f32.jsonl,recalibrated
plain,0,0.45,-0.225,2.6850230712890624,2.665846313476562,maxmonstre/eval/grid__plain__seed0__epoch_030__r-_G-__probes__f32.jsonl,recalibrated
plain,0,0.45,-0.2,2.628588134765625,2.616176513671875,maxmonstre/eval/grid__plain__seed0__epoch_030__r-_G-__probes__f32.jsonl,recalibrated
plain,0,0.45,-0.175,2.574030151367188,2.5690006103515626,maxmonstre/eval/grid__plain__seed0__epoch_030__r-_G-__probes__f32.jsonl,recalibrated
plain,0,0.45,-0.15,2.528676635742188,2.532289306640625,maxmonstre/eval/grid__plain__seed0__epoch_030__r-_G-__probes__f32.jsonl,recalibrated
plain,0,0.45,-0.125,2.4884736328125,2.495877197265625,maxmonstre/eval/grid__plain__seed0__epoch_030__r-_G-__probes__f32.jsonl,recalibrated
plain,0,0.45,-0.1,2.452105712890625,2.4645230712890625,maxmonstre/eval/grid__plain__seed0__epoch_030__r-_G-__probes__f32.jsonl,recalibrated
plain,0,0.45,-0.075,2.4258182373046875,2.441236083984375,maxmonstre/eval/grid__plain__seed0__epoch_030__r-_G-__probes__f32.jsonl,recalibrated
plain,0,0.45,-0.05,2.403305419921875,2.424172607421875,maxmonstre/eval/grid__plain__seed0__epoch_030__r-_G-__probes__f32.jsonl,recalibrated
plain,0,0.45,-0.025,2.391011474609375,2.41024072265625,maxmonstre/eval/grid__plain__seed0__epoch_030__r-_G-__probes__f32.jsonl,recalibrated
plain,0,0.45,0.0,2.38481494140625,2.404157958984375,maxmonstre/eval/grid__plain__seed0__epoch_030__r-_G-__probes__f32.jsonl,recalibrated
plain,0,0.45,0.025,2.391271240234375,2.4041287841796875,maxmonstre/eval/grid__plain__seed0__epoch_030__r-_G-__probes__f32.jsonl,recalibrated
plain,0,0.45,0.05,2.410622802734375,2.4098209228515626,maxmonstre/eval/grid__plain__seed0__epoch_030__r-_G-__probes__f32.jsonl,recalibrated
plain,0,0.45,0.075,2.4392188720703123,2.4235396728515624,maxmonstre/eval/grid__plain__seed0__epoch_030__r-_G-__probes__f32.jsonl,recalibrated
plain,0,0.45,0.1,2.472716552734375,2.447582275390625,maxmonstre/eval/grid__plain__seed0__epoch_030__r-_G-__probes__f32.jsonl,recalibrated
plain,0,0.45,0.125,2.5129420166015626,2.48011328125,maxmonstre/eval/grid__plain__seed0__epoch_030__r-_G-__probes__f32.jsonl,recalibrated
plain,0,0.45,0.15,2.560026123046875,2.516804443359375,maxmonstre/eval/grid__plain__seed0__epoch_030__r-_G-__probes__f32.jsonl,recalibrated
plain,0,0.45,0.175,2.613937255859375,2.5617431640625,maxmonstre/eval/grid__plain__seed0__epoch_030__r-_G-__probes__f32.jsonl,recalibrated
plain,0,0.45,0.2,2.677793212890625,2.6095025634765623,maxmonstre/eval/grid__plain__seed0__epoch_030__r-_G-__probes__f32.jsonl,recalibrated
plain,0,0.45,0.225,2.738893310546875,2.6654102783203126,maxmonstre/eval/grid__plain__seed0__epoch_030__r-_G-__probes__f32.jsonl,recalibrated
plain,0,0.45,0.25,2.809049194335937,2.72644384765625,maxmonstre/eval/grid__plain__seed0__epoch_030__r-_G-__probes__f32.jsonl,recalibrated
plain,0,0.45,0.275,2.88689794921875,2.791779541015625,maxmonstre/eval/grid__plain__seed0__epoch_030__r-_G-__probes__f32.jsonl,recalibrated
plain,0,0.45,0.3,2.974670288085937,2.86497998046875,maxmonstre/eval/grid__plain__seed0__epoch_030__r-_G-__probes__f32.jsonl,recalibrated
plain,0,0.45,0.325,3.062062744140625,2.940822265625,maxmonstre/eval/grid__plain__seed0__epoch_030__r-_G-__probes__f32.jsonl,recalibrated
plain,0,0.45,0.35,3.1564053955078126,3.024764892578125,maxmonstre/eval/grid__plain__seed0__epoch_030__r-_G-__probes__f32.jsonl,recalibrated
plain,0,0.45,0.375,3.2567332763671875,3.115338623046875,maxmonstre/eval/grid__plain__seed0__epoch_030__r-_G-__probes__f32.jsonl,recalibrated
plain,0,0.45,0.4,3.354594482421875,3.209691162109375,maxmonstre/eval/grid__plain__seed0__epoch_030__r-_G-__probes__f32.jsonl,recalibrated
plain,0,0.45,0.425,3.4520987548828126,3.2995921630859373,maxmonstre/eval/grid__plain__seed0__epoch_030__r-_G-__probes__f32.jsonl,recalibrated
plain,0,0.45,0.45,3.553114990234375,3.3854970703125,maxmonstre/eval/grid__plain__seed0__epoch_030__r-_G-__probes__f32.jsonl,recalibrated
plain,0,0.45,0.475,3.646071044921875,3.4730389404296877,maxmonstre/eval/grid__plain__seed0__epoch_030__r-_G-__probes__f32.jsonl,recalibrated
plain,0,0.45,0.5,3.7342587890625,3.56338037109375,maxmonstre/eval/grid__plain__seed0__epoch_030__r-_G-__probes__f32.jsonl,recalibrated
plain,0,0.475,-0.5,3.43481591796875,3.4208330078125,maxmonstre/eval/grid__plain__seed0__epoch_030__r-_G-__probes__f32.jsonl,recalibrated
plain,0,0.475,-0.475,3.381940185546875,3.3688271484375,maxmonstre/eval/grid__plain__seed0__epoch_030__r-_G-__probes__f32.jsonl,recalibrated
plain,0,0.475,-0.45,3.3257481689453123,3.3138824462890626,maxmonstre/eval/grid__plain__seed0__epoch_030__r-_G-__probes__f32.jsonl,recalibrated
plain,0,0.475,-0.425,3.260348510742188,3.2627713623046875,maxmonstre/eval/grid__plain__seed0__epoch_030__r-_G-__probes__f32.jsonl,recalibrated
plain,0,0.475,-0.4,3.19004150390625,3.208707397460937,maxmonstre/eval/grid__plain__seed0__epoch_030__r-_G-__probes__f32.jsonl,recalibrated
plain,0,0.475,-0.375,3.116677124023437,3.153685424804688,maxmonstre/eval/grid__plain__seed0__epoch_030__r-_G-__probes__f32.jsonl,recalibrated
plain,0,0.475,-0.35,3.048438232421875,3.092353271484375,maxmonstre/eval/grid__plain__seed0__epoch_030__r-_G-__probes__f32.jsonl,recalibrated
plain,0,0.475,-0.325,2.985881225585937,3.02322998046875,maxmonstre/eval/grid__plain__seed0__epoch_030__r-_G-__probes__f32.jsonl,recalibrated
plain,0,0.475,-0.3,2.932734130859375,2.9522025146484374,maxmonstre/eval/grid__plain__seed0__epoch_030__r-_G-__probes__f32.jsonl,recalibrated
plain,0,0.475,-0.275,2.8854425048828123,2.8834871826171877,maxmonstre/eval/grid__plain__seed0__epoch_030__r-_G-__probes__f32.jsonl,recalibrated
plain,0,0.475,-0.25,2.84284130859375,2.824350341796875,maxmonstre/eval/grid__plain__seed0__epoch_030__r-_G-__probes__f32.jsonl,recalibrated
plain,0,0.475,-0.225,2.7973076171875,2.766953002929688,maxmonstre/eval/grid__plain__seed0__epoch_030__r-_G-__probes__f32.jsonl,recalibrated
plain,0,0.475,-0.2,2.746518310546875,2.716543212890625,maxmonstre/eval/grid__plain__seed0__epoch_030__r-_G-__probes__f32.jsonl,recalibrated
plain,0,0.475,-0.175,2.6924151611328124,2.673097412109375,maxmonstre/eval/grid__plain__seed0__epoch_030__r-_G-__probes__f32.jsonl,recalibrated
plain,0,0.475,-0.15,2.6520772705078124,2.6396689453125,maxmonstre/eval/grid__plain__seed0__epoch_030__r-_G-__probes__f32.jsonl,recalibrated
plain,0,0.475,-0.125,2.6180615234375,2.6106644287109373,maxmonstre/eval/grid__plain__seed0__epoch_030__r-_G-__probes__f32.jsonl,recalibrated
plain,0,0.475,-0.1,2.588223876953125,2.5858638916015626,maxmonstre/eval/grid__plain__seed0__epoch_030__r-_G-__probes__f32.jsonl,recalibrated
plain,0,0.475,-0.075,2.562127197265625,2.5686759033203126,maxmonstre/eval/grid__plain__seed0__epoch_030__r-_G-__probes__f32.jsonl,recalibrated
plain,0,0.475,-0.05,2.546251708984375,2.5553758544921874,maxmonstre/eval/grid__plain__seed0__epoch_030__r-_G-__probes__f32.jsonl,recalibrated
plain,0,0.475,-0.025,2.53309521484375,2.546002197265625,maxmonstre/eval/grid__plain__seed0__epoch_030__r-_G-__probes__f32.jsonl,recalibrated
plain,0,0.475,0.0,2.5258531494140626,2.540546875,maxmonstre/eval/grid__plain__seed0__epoch_030__r-_G-__probes__f32.jsonl,recalibrated
plain,0,0.475,0.025,2.534369995117188,2.5428787841796874,maxmonstre/eval/grid__plain__seed0__epoch_030__r-_G-__probes__f32.jsonl,recalibrated
plain,0,0.475,0.05,2.554318603515625,2.549333984375,maxmonstre/eval/grid__plain__seed0__epoch_030__r-_G-__probes__f32.jsonl,recalibrated
plain,0,0.475,0.075,2.581865478515625,2.565497436523437,maxmonstre/eval/grid__plain__seed0__epoch_030__r-_G-__probes__f32.jsonl,recalibrated
plain,0,0.475,0.1,2.6142208251953125,2.5928072509765623,maxmonstre/eval/grid__plain__seed0__epoch_030__r-_G-__probes__f32.jsonl,recalibrated
plain,0,0.475,0.125,2.65122900390625,2.6221636962890624,maxmonstre/eval/grid__plain__seed0__epoch_030__r-_G-__probes__f32.jsonl,recalibrated
plain,0,0.475,0.15,2.6967657470703124,2.6548701171875,maxmonstre/eval/grid__plain__seed0__epoch_030__r-_G-__probes__f32.jsonl,recalibrated
plain,0,0.475,0.175,2.7471578369140626,2.6954066162109376,maxmonstre/eval/grid__plain__seed0__epoch_030__r-_G-__probes__f32.jsonl,recalibrated
plain,0,0.475,0.2,2.80435693359375,2.742811767578125,maxmonstre/eval/grid__plain__seed0__epoch_030__r-_G-__probes__f32.jsonl,recalibrated
plain,0,0.475,0.225,2.8672393798828124,2.7917012939453123,maxmonstre/eval/grid__plain__seed0__epoch_030__r-_G-__probes__f32.jsonl,recalibrated
plain,0,0.475,0.25,2.9375181884765627,2.846862060546875,maxmonstre/eval/grid__plain__seed0__epoch_030__r-_G-__probes__f32.jsonl,recalibrated
plain,0,0.475,0.275,3.0052777099609376,2.9055621337890627,maxmonstre/eval/grid__plain__seed0__epoch_030__r-_G-__probes__f32.jsonl,recalibrated
plain,0,0.475,0.3,3.082492919921875,2.9734674072265626,maxmonstre/eval/grid__plain__seed0__epoch_030__r-_G-__probes__f32.jsonl,recalibrated
plain,0,0.475,0.325,3.16884521484375,3.048388671875,maxmonstre/eval/grid__plain__seed0__epoch_030__r-_G-__probes__f32.jsonl,recalibrated
plain,0,0.475,0.35,3.255987060546875,3.1268935546875,maxmonstre/eval/grid__plain__seed0__epoch_030__r-_G-__probes__f32.jsonl,recalibrated
plain,0,0.475,0.375,3.348909912109375,3.2116075439453127,maxmonstre/eval/grid__plain__seed0__epoch_030__r-_G-__probes__f32.jsonl,recalibrated
plain,0,0.475,0.4,3.4444383544921875,3.298025634765625,maxmonstre/eval/grid__plain__seed0__epoch_030__r-_G-__probes__f32.jsonl,recalibrated
plain,0,0.475,0.425,3.536266479492188,3.386211791992188,maxmonstre/eval/grid__plain__seed0__epoch_030__r-_G-__probes__f32.jsonl,recalibrated
plain,0,0.475,0.45,3.6233228759765614,3.46835009765625,maxmonstre/eval/grid__plain__seed0__epoch_030__r-_G-__probes__f32.jsonl,recalibrated
plain,0,0.475,0.475,3.711767333984375,3.548829833984375,maxmonstre/eval/grid__plain__seed0__epoch_030__r-_G-__probes__f32.jsonl,recalibrated
plain,0,0.475,0.5,3.797780029296875,3.633951538085937,maxmonstre/eval/grid__plain__seed0__epoch_030__r-_G-__probes__f32.jsonl,recalibrated
plain,0,0.5,-0.5,3.48808251953125,3.4596072998046874,maxmonstre/eval/grid__plain__seed0__epoch_030__r-_G-__probes__f32.jsonl,recalibrated
plain,0,0.5,-0.475,3.437072265625,3.405862060546875,maxmonstre/eval/grid__plain__seed0__epoch_030__r-_G-__probes__f32.jsonl,recalibrated
plain,0,0.5,-0.45,3.3774259033203125,3.35595703125,maxmonstre/eval/grid__plain__seed0__epoch_030__r-_G-__probes__f32.jsonl,recalibrated
plain,0,0.5,-0.425,3.31448583984375,3.306506591796875,maxmonstre/eval/grid__plain__seed0__epoch_030__r-_G-__probes__f32.jsonl,recalibrated
plain,0,0.5,-0.4,3.2471748046875,3.254841796875,maxmonstre/eval/grid__plain__seed0__epoch_030__r-_G-__probes__f32.jsonl,recalibrated
plain,0,0.5,-0.375,3.178752685546875,3.20133203125,maxmonstre/eval/grid__plain__seed0__epoch_030__r-_G-__probes__f32.jsonl,recalibrated
plain,0,0.5,-0.35,3.1182288818359374,3.1446552734375,maxmonstre/eval/grid__plain__seed0__epoch_030__r-_G-__probes__f32.jsonl,recalibrated
plain,0,0.5,-0.325,3.063476806640625,3.0837647705078126,maxmonstre/eval/grid__plain__seed0__epoch_030__r-_G-__probes__f32.jsonl,recalibrated
plain,0,0.5,-0.3,3.0168582763671874,3.0252080078125,maxmonstre/eval/grid__plain__seed0__epoch_030__r-_G-__probes__f32.jsonl,recalibrated
plain,0,0.5,-0.275,2.97414697265625,2.969815673828125,maxmonstre/eval/grid__plain__seed0__epoch_030__r-_G-__probes__f32.jsonl,recalibrated
plain,0,0.5,-0.25,2.939937255859375,2.915087890625,maxmonstre/eval/grid__plain__seed0__epoch_030__r-_G-__probes__f32.jsonl,recalibrated
plain,0,0.5,-0.225,2.8999703369140626,2.8633260498046877,maxmonstre/eval/grid__plain__seed0__epoch_030__r-_G-__probes__f32.jsonl,recalibrated
plain,0,0.5,-0.2,2.855188354492188,2.817153198242188,maxmonstre/eval/grid__plain__seed0__epoch_030__r-_G-__probes__f32.jsonl,recalibrated
plain,0,0.5,-0.175,2.810281494140625,2.7730103759765625,maxmonstre/eval/grid__plain__seed0__epoch_030__r-_G-__probes__f32.jsonl,recalibrated
plain,0,0.5,-0.15,2.770793334960937,2.74351806640625,maxmonstre/eval/grid__plain__seed0__epoch_030__r-_G-__probes__f32.jsonl,recalibrated
plain,0,0.5,-0.125,2.7386258544921875,2.7194915771484376,maxmonstre/eval/grid__plain__seed0__epoch_030__r-_G-__probes__f32.jsonl,recalibrated
plain,0,0.5,-0.1,2.7129796142578124,2.701494506835937,maxmonstre/eval/grid__plain__seed0__epoch_030__r-_G-__probes__f32.jsonl,recalibrated
plain,0,0.5,-0.075,2.695906982421875,2.6882977294921875,maxmonstre/eval/grid__plain__seed0__epoch_030__r-_G-__probes__f32.jsonl,recalibrated
plain,0,0.5,-0.05,2.683349609375,2.6765927734375,maxmonstre/eval/grid__plain__seed0__epoch_030__r-_G-__probes__f32.jsonl,recalibrated
plain,0,0.5,-0.025,2.674481811523437,2.669314697265625,maxmonstre/eval/grid__plain__seed0__epoch_030__r-_G-__probes__f32.jsonl,recalibrated
plain,0,0.5,0.0,2.66713037109375,2.667637939453125,maxmonstre/eval/grid__plain__seed0__epoch_030__r-_G-__probes__f32.jsonl,recalibrated
plain,0,0.5,0.025,2.676796630859375,2.674251953125,maxmonstre/eval/grid__plain__seed0__epoch_030__r-_G-__probes__f32.jsonl,recalibrated
plain,0,0.5,0.05,2.6963450927734374,2.680407470703125,maxmonstre/eval/grid__plain__seed0__epoch_030__r-_G-__probes__f32.jsonl,recalibrated
plain,0,0.5,0.075,2.72234814453125,2.69627685546875,maxmonstre/eval/grid__plain__seed0__epoch_030__r-_G-__probes__f32.jsonl,recalibrated
plain,0,0.5,0.1,2.758111572265625,2.72602587890625,maxmonstre/eval/grid__plain__seed0__epoch_030__r-_G-__probes__f32.jsonl,recalibrated
plain,0,0.5,0.125,2.7954693603515626,2.757937377929688,maxmonstre/eval/grid__plain__seed0__epoch_030__r-_G-__probes__f32.jsonl,recalibrated
plain,0,0.5,0.15,2.835706787109375,2.78874609375,maxmonstre/eval/grid__plain__seed0__epoch_030__r-_G-__probes__f32.jsonl,recalibrated
plain,0,0.5,0.175,2.883821533203125,2.827106323242188,maxmonstre/eval/grid__plain__seed0__epoch_030__r-_G-__probes__f32.jsonl,recalibrated
plain,0,0.5,0.2,2.935533569335937,2.873309326171875,maxmonstre/eval/grid__plain__seed0__epoch_030__r-_G-__probes__f32.jsonl,recalibrated
plain,0,0.5,0.225,2.9962421875,2.92187109375,maxmonstre/eval/grid__plain__seed0__epoch_030__r-_G-__probes__f32.jsonl,recalibrated
plain,0,0.5,0.25,3.0609534912109373,2.9758785400390626,maxmonstre/eval/grid__plain__seed0__epoch_030__r-_G-__probes__f32.jsonl,recalibrated
plain,0,0.5,0.275,3.1260560302734377,3.0285938720703127,maxmonstre/eval/grid__plain__seed0__epoch_030__r-_G-__probes__f32.jsonl,recalibrated
plain,0,0.5,0.3,3.19396435546875,3.0865889892578124,maxmonstre/eval/grid__plain__seed0__epoch_030__r-_G-__probes__f32.jsonl,recalibrated
plain,0,0.5,0.325,3.271338623046875,3.1536387939453125,maxmonstre/eval/grid__plain__seed0__epoch_030__r-_G-__probes__f32.jsonl,recalibrated
plain,0,0.5,0.35,3.3568013916015627,3.23087841796875,maxmonstre/eval/grid__plain__seed0__epoch_030__r-_G-__probes__f32.jsonl,recalibrated
plain,0,0.5,0.375,3.446960693359375,3.308794921875,maxmonstre/eval/grid__plain__seed0__epoch_030__r-_G-__probes__f32.jsonl,recalibrated
plain,0,0.5,0.4,3.5346416015625,3.386904541015625,maxmonstre/eval/grid__plain__seed0__epoch_030__r-_G-__probes__f32.jsonl,recalibrated
plain,0,0.5,0.425,3.61897509765625,3.4676678466796877,maxmonstre/eval/grid__plain__seed0__epoch_030__r-_G-__probes__f32.jsonl,recalibrated
plain,0,0.5,0.45,3.698325317382813,3.55016357421875,maxmonstre/eval/grid__plain__seed0__epoch_030__r-_G-__probes__f32.jsonl,recalibrated
plain,0,0.5,0.475,3.7765035400390623,3.6323812255859376,maxmonstre/eval/grid__plain__seed0__epoch_030__r-_G-__probes__f32.jsonl,recalibrated
plain,0,0.5,0.5,3.856482299804688,3.71450927734375,maxmonstre/eval/grid__plain__seed0__epoch_030__r-_G-__probes__f32.jsonl,recalibrated
resolution_max_b1,0,-0.5,-0.5,4.055107299804687,3.9381363525390634,maxmonstre/eval/grid__resolution__seed0__epoch_030__r32_G-__probes__f32.jsonl,recalibrated
resolution_max_b1,0,-0.5,-0.475,3.97458935546875,3.864708740234375,maxmonstre/eval/grid__resolution__seed0__epoch_030__r32_G-__probes__f32.jsonl,recalibrated
resolution_max_b1,0,-0.5,-0.45,3.8896959228515615,3.794376098632812,maxmonstre/eval/grid__resolution__seed0__epoch_030__r32_G-__probes__f32.jsonl,recalibrated
resolution_max_b1,0,-0.5,-0.425,3.809135986328125,3.729984375,maxmonstre/eval/grid__resolution__seed0__epoch_030__r32_G-__probes__f32.jsonl,recalibrated
resolution_max_b1,0,-0.5,-0.4,3.72974951171875,3.6666309814453126,maxmonstre/eval/grid__resolution__seed0__epoch_030__r32_G-__probes__f32.jsonl,recalibrated
resolution_max_b1,0,-0.5,-0.375,3.651113525390625,3.609928466796875,maxmonstre/eval/grid__resolution__seed0__epoch_030__r32_G-__probes__f32.jsonl,recalibrated
resolution_max_b1,0,-0.5,-0.35,3.57454931640625,3.554303466796875,maxmonstre/eval/grid__resolution__seed0__epoch_030__r32_G-__probes__f32.jsonl,recalibrated
resolution_max_b1,0,-0.5,-0.325,3.504493041992188,3.50475927734375,maxmonstre/eval/grid__resolution__seed0__epoch_030__r32_G-__probes__f32.jsonl,recalibrated
resolution_max_b1,0,-0.5,-0.3,3.4413419189453127,3.4534908447265624,maxmonstre/eval/grid__resolution__seed0__epoch_030__r32_G-__probes__f32.jsonl,recalibrated
resolution_max_b1,0,-0.5,-0.275,3.3786429443359376,3.40018701171875,maxmonstre/eval/grid__resolution__seed0__epoch_030__r32_G-__probes__f32.jsonl,recalibrated
resolution_max_b1,0,-0.5,-0.25,3.319689208984375,3.342464111328125,maxmonstre/eval/grid__resolution__seed0__epoch_030__r32_G-__probes__f32.jsonl,recalibrated
resolution_max_b1,0,-0.5,-0.225,3.2623768310546875,3.285744506835937,maxmonstre/eval/grid__resolution__seed0__epoch_030__r32_G-__probes__f32.jsonl,recalibrated
resolution_max_b1,0,-0.5,-0.2,3.206863525390625,3.231412353515625,maxmonstre/eval/grid__resolution__seed0__epoch_030__r32_G-__probes__f32.jsonl,recalibrated
resolution_max_b1,0,-0.5,-0.175,3.147468505859375,3.1762108154296875,maxmonstre/eval/grid__resolution__seed0__epoch_030__r32_G-__probes__f32.jsonl,recalibrated
resolution_max_b1,0,-0.5,-0.15,3.085285522460937,3.12218994140625,maxmonstre/eval/grid__resolution__seed0__epoch_030__r32_G-__probes__f32.jsonl,recalibrated
resolution_max_b1,0,-0.5,-0.125,3.0253721923828123,3.062410888671875,maxmonstre/eval/grid__resolution__seed0__epoch_030__r32_G-__probes__f32.jsonl,recalibrated
resolution_max_b1,0,-0.5,-0.1,2.9679959716796875,3.00709765625,maxmonstre/eval/grid__resolution__seed0__epoch_030__r32_G-__probes__f32.jsonl,recalibrated
resolution_max_b1,0,-0.5,-0.075,2.9202135009765624,2.9558360595703124,maxmonstre/eval/grid__resolution__seed0__epoch_030__r32_G-__probes__f32.jsonl,recalibrated
resolution_max_b1,0,-0.5,-0.05,2.874369384765625,2.898768798828125,maxmonstre/eval/grid__resolution__seed0__epoch_030__r32_G-__probes__f32.jsonl,recalibrated
resolution_max_b1,0,-0.5,-0.025,2.827127197265625,2.8421917724609376,maxmonstre/eval/grid__resolution__seed0__epoch_030__r32_G-__probes__f32.jsonl,recalibrated
resolution_max_b1,0,-0.5,0.0,2.787790283203125,2.790188720703125,maxmonstre/eval/grid__resolution__seed0__epoch_030__r32_G-__probes__f32.jsonl,recalibrated
resolution_max_b1,0,-0.5,0.025,2.759873779296875,2.7399921875,maxmonstre/eval/grid__resolution__seed0__epoch_030__r32_G-__probes__f32.jsonl,recalibrated
resolution_max_b1,0,-0.5,0.05,2.7353883056640624,2.700428466796875,maxmonstre/eval/grid__resolution__seed0__epoch_030__r32_G-__probes__f32.jsonl,recalibrated
resolution_max_b1,0,-0.5,0.075,2.708800537109375,2.667726806640625,maxmonstre/eval/grid__resolution__seed0__epoch_030__r32_G-__probes__f32.jsonl,recalibrated
resolution_max_b1,0,-0.5,0.1,2.6864967041015624,2.639839111328125,maxmonstre/eval/grid__resolution__seed0__epoch_030__r32_G-__probes__f32.jsonl,recalibrated
resolution_max_b1,0,-0.5,0.125,2.665306518554688,2.614102294921875,maxmonstre/eval/grid__resolution__seed0__epoch_030__r32_G-__probes__f32.jsonl,recalibrated
resolution_max_b1,0,-0.5,0.15,2.6432159423828123,2.59268115234375,maxmonstre/eval/grid__resolution__seed0__epoch_030__r32_G-__probes__f32.jsonl,recalibrated
resolution_max_b1,0,-0.5,0.175,2.6217838134765623,2.57185498046875,maxmonstre/eval/grid__resolution__seed0__epoch_030__r32_G-__probes__f32.jsonl,recalibrated
resolution_max_b1,0,-0.5,0.2,2.602326904296875,2.5558265380859373,maxmonstre/eval/grid__resolution__seed0__epoch_030__r32_G-__probes__f32.jsonl,recalibrated
resolution_max_b1,0,-0.5,0.225,2.584635498046875,2.547626220703125,maxmonstre/eval/grid__resolution__seed0__epoch_030__r32_G-__probes__f32.jsonl,recalibrated
resolution_max_b1,0,-0.5,0.25,2.56767919921875,2.54466455078125,maxmonstre/eval/grid__resolution__seed0__epoch_030__r32_G-__probes__f32.jsonl,recalibrated
resolution_max_b1,0,-0.5,0.275,2.5525426025390625,2.538290283203125,maxmonstre/eval/grid__resolution__seed0__epoch_030__r32_G-__probes__f32.jsonl,recalibrated
resolution_max_b1,0,-0.5,0.3,2.543947998046875,2.5349583740234376,maxmonstre/eval/grid__resolution__seed0__epoch_030__r32_G-__probes__f32.jsonl,recalibrated
resolution_max_b1,0,-0.5,0.325,2.543173828125,2.5350087890625,maxmonstre/eval/grid__resolution__seed0__epoch_030__r32_G-__probes__f32.jsonl,recalibrated
resolution_max_b1,0,-0.5,0.35,2.5509197998046877,2.539792724609375,maxmonstre/eval/grid__resolution__seed0__epoch_030__r32_G-__probes__f32.jsonl,recalibrated
resolution_max_b1,0,-0.5,0.375,2.561961181640625,2.55059521484375,maxmonstre/eval/grid__resolution__seed0__epoch_030__r32_G-__probes__f32.jsonl,recalibrated
resolution_max_b1,0,-0.5,0.4,2.5821796875,2.566113525390625,maxmonstre/eval/grid__resolution__seed0__epoch_030__r32_G-__probes__f32.jsonl,recalibrated
resolution_max_b1,0,-0.5,0.425,2.6096015625,2.587038818359375,maxmonstre/eval/grid__resolution__seed0__epoch_030__r32_G-__probes__f32.jsonl,recalibrated
resolution_max_b1,0,-0.5,0.45,2.636910888671875,2.608803955078125,maxmonstre/eval/grid__resolution__seed0__epoch_030__r32_G-__probes__f32.jsonl,recalibrated
resolution_max_b1,0,-0.5,0.475,2.6681871337890626,2.632181884765625,maxmonstre/eval/grid__resolution__seed0__epoch_030__r32_G-__probes__f32.jsonl,recalibrated
resolution_max_b1,0,-0.5,0.5,2.7029810791015625,2.6599228515625,maxmonstre/eval/grid__resolution__seed0__epoch_030__r32_G-__probes__f32.jsonl,recalibrated
resolution_max_b1,0,-0.475,-0.5,3.984048706054688,3.864325073242187,maxmonstre/eval/grid__resolution__seed0__epoch_030__r32_G-__probes__f32.jsonl,recalibrated
resolution_max_b1,0,-0.475,-0.475,3.89994482421875,3.790991821289063,maxmonstre/eval/grid__resolution__seed0__epoch_030__r32_G-__probes__f32.jsonl,recalibrated
resolution_max_b1,0,-0.475,-0.45,3.8178323974609376,3.7198253173828126,maxmonstre/eval/grid__resolution__seed0__epoch_030__r32_G-__probes__f32.jsonl,recalibrated
resolution_max_b1,0,-0.475,-0.425,3.734618896484375,3.6558544921875,maxmonstre/eval/grid__resolution__seed0__epoch_030__r32_G-__probes__f32.jsonl,recalibrated
resolution_max_b1,0,-0.475,-0.4,3.654054443359375,3.59175634765625,maxmonstre/eval/grid__resolution__seed0__epoch_030__r32_G-__probes__f32.jsonl,recalibrated
resolution_max_b1,0,-0.475,-0.375,3.5710504150390623,3.53181982421875,maxmonstre/eval/grid__resolution__seed0__epoch_030__r32_G-__probes__f32.jsonl,recalibrated
resolution_max_b1,0,-0.475,-0.35,3.4911011962890623,3.4760189208984373,maxmonstre/eval/grid__resolution__seed0__epoch_030__r32_G-__probes__f32.jsonl,recalibrated
resolution_max_b1,0,-0.475,-0.325,3.4186112060546874,3.421262451171875,maxmonstre/eval/grid__resolution__seed0__epoch_030__r32_G-__probes__f32.jsonl,recalibrated
resolution_max_b1,0,-0.475,-0.3,3.35062646484375,3.367521240234375,maxmonstre/eval/grid__resolution__seed0__epoch_030__r32_G-__probes__f32.jsonl,recalibrated
resolution_max_b1,0,-0.475,-0.275,3.2871617431640625,3.312245239257813,maxmonstre/eval/grid__resolution__seed0__epoch_030__r32_G-__probes__f32.jsonl,recalibrated
resolution_max_b1,0,-0.475,-0.25,3.22530712890625,3.2524505615234376,maxmonstre/eval/grid__resolution__seed0__epoch_030__r32_G-__probes__f32.jsonl,recalibrated
resolution_max_b1,0,-0.475,-0.225,3.16534033203125,3.190235107421875,maxmonstre/eval/grid__resolution__seed0__epoch_030__r32_G-__probes__f32.jsonl,recalibrated
resolution_max_b1,0,-0.475,-0.2,3.111741943359375,3.133904663085937,maxmonstre/eval/grid__resolution__seed0__epoch_030__r32_G-__probes__f32.jsonl,recalibrated
resolution_max_b1,0,-0.475,-0.175,3.051860595703125,3.0766767578125,maxmonstre/eval/grid__resolution__seed0__epoch_030__r32_G-__probes__f32.jsonl,recalibrated
resolution_max_b1,0,-0.475,-0.15,2.9853502197265627,3.0149820556640625,maxmonstre/eval/grid__resolution__seed0__epoch_030__r32_G-__probes__f32.jsonl,recalibrated
resolution_max_b1,0,-0.475,-0.125,2.9214398193359377,2.95122119140625,maxmonstre/eval/grid__resolution__seed0__epoch_030__r32_G-__probes__f32.jsonl,recalibrated
resolution_max_b1,0,-0.475,-0.1,2.860030517578125,2.8920911865234373,maxmonstre/eval/grid__resolution__seed0__epoch_030__r32_G-__probes__f32.jsonl,recalibrated
resolution_max_b1,0,-0.475,-0.075,2.809057983398437,2.837748779296875,maxmonstre/eval/grid__resolution__seed0__epoch_030__r32_G-__probes__f32.jsonl,recalibrated
resolution_max_b1,0,-0.475,-0.05,2.76207568359375,2.7793939208984373,maxmonstre/eval/grid__resolution__seed0__epoch_030__r32_G-__probes__f32.jsonl,recalibrated
resolution_max_b1,0,-0.475,-0.025,2.714766845703125,2.7225439453125,maxmonstre/eval/grid__resolution__seed0__epoch_030__r32_G-__probes__f32.jsonl,recalibrated
resolution_max_b1,0,-0.475,0.0,2.67411572265625,2.669851318359375,maxmonstre/eval/grid__resolution__seed0__epoch_030__r32_G-__probes__f32.jsonl,recalibrated
resolution_max_b1,0,-0.475,0.025,2.645757080078125,2.6195147705078123,maxmonstre/eval/grid__resolution__seed0__epoch_030__r32_G-__probes__f32.jsonl,recalibrated
resolution_max_b1,0,-0.475,0.05,2.622142333984375,2.5800640869140623,maxmonstre/eval/grid__resolution__seed0__epoch_030__r32_G-__probes__f32.jsonl,recalibrated
resolution_max_b1,0,-0.475,0.075,2.597305419921875,2.5486083984375,maxmonstre/eval/grid__resolution__seed0__epoch_030__r32_G-__probes__f32.jsonl,recalibrated
resolution_max_b1,0,-0.475,0.1,2.574898803710937,2.5222060546875,maxmonstre/eval/grid__resolution__seed0__epoch_030__r32_G-__probes__f32.jsonl,recalibrated
resolution_max_b1,0,-0.475,0.125,2.5553055419921877,2.499821044921875,maxmonstre/eval/grid__resolution__seed0__epoch_030__r32_G-__probes__f32.jsonl,recalibrated
resolution_max_b1,0,-0.475,0.15,2.534557495117188,2.483936279296875,maxmonstre/eval/grid__resolution__seed0__epoch_030__r32_G-__probes__f32.jsonl,recalibrated
resolution_max_b1,0,-0.475,0.175,2.514554931640625,2.4696678466796875,maxmonstre/eval/grid__resolution__seed0__epoch_030__r32_G-__probes__f32.jsonl,recalibrated
resolution_max_b1,0,-0.475,0.2,2.496874267578125,2.457038818359375,maxmonstre/eval/grid__resolution__seed0__epoch_030__r32_G-__probes__f32.jsonl,recalibrated
resolution_max_b1,0,-0.475,0.225,2.4840137939453126,2.4528798828125,maxmonstre/eval/grid__resolution__seed0__epoch_030__r32_G-__probes__f32.jsonl,recalibrated
resolution_max_b1,0,-0.475,0.25,2.4703226318359377,2.455208740234375,maxmonstre/eval/grid__resolution__seed0__epoch_030__r32_G-__probes__f32.jsonl,recalibrated
resolution_max_b1,0,-0.475,0.275,2.4599127197265624,2.4540947265625,maxmonstre/eval/grid__resolution__seed0__epoch_030__r32_G-__probes__f32.jsonl,recalibrated
resolution_max_b1,0,-0.475,0.3,2.4566279296875,2.456007080078125,maxmonstre/eval/grid__resolution__seed0__epoch_030__r32_G-__probes__f32.jsonl,recalibrated
resolution_max_b1,0,-0.475,0.325,2.45983251953125,2.460504028320313,maxmonstre/eval/grid__resolution__seed0__epoch_030__r32_G-__probes__f32.jsonl,recalibrated
resolution_max_b1,0,-0.475,0.35,2.469787353515625,2.47151708984375,maxmonstre/eval/grid__resolution__seed0__epoch_030__r32_G-__probes__f32.jsonl,recalibrated
resolution_max_b1,0,-0.475,0.375,2.4880738525390624,2.4882611083984374,maxmonstre/eval/grid__resolution__seed0__epoch_030__r32_G-__probes__f32.jsonl,recalibrated
resolution_max_b1,0,-0.475,0.4,2.5172955322265627,2.5090062255859373,maxmonstre/eval/grid__resolution__seed0__epoch_030__r32_G-__probes__f32.jsonl,recalibrated
resolution_max_b1,0,-0.475,0.425,2.5492152099609373,2.536677978515625,maxmonstre/eval/grid__resolution__seed0__epoch_030__r32_G-__probes__f32.jsonl,recalibrated
resolution_max_b1,0,-0.475,0.45,2.58808349609375,2.5695589599609376,maxmonstre/eval/grid__resolution__seed0__epoch_030__r32_G-__probes__f32.jsonl,recalibrated
resolution_max_b1,0,-0.475,0.475,2.6244632568359374,2.601240478515625,maxmonstre/eval/grid__resolution__seed0__epoch_030__r32_G-__probes__f32.jsonl,recalibrated
resolution_max_b1,0,-0.475,0.5,2.6604979248046874,2.636020874023437,maxmonstre/eval/grid__resolution__seed0__epoch_030__r32_G-__probes__f32.jsonl,recalibrated
resolution_max_b1,0,-0.45,-0.5,3.90959130859375,3.784970581054688,maxmonstre/eval/grid__resolution__seed0__epoch_030__r32_G-__probes__f32.jsonl,recalibrated
resolution_max_b1,0,-0.45,-0.475,3.82162255859375,3.71218603515625,maxmonstre/eval/grid__resolution__seed0__epoch_030__r32_G-__probes__f32.jsonl,recalibrated
resolution_max_b1,0,-0.45,-0.45,3.7392138671875,3.641056640625,maxmonstre/eval/grid__resolution__seed0__epoch_030__r32_G-__probes__f32.jsonl,recalibrated
resolution_max_b1,0,-0.45,-0.425,3.656494995117188,3.57548193359375,maxmonstre/eval/grid__resolution__seed0__epoch_030__r32_G-__probes__f32.jsonl,recalibrated
resolution_max_b1,0,-0.45,-0.4,3.57304052734375,3.510857788085937,maxmonstre/eval/grid__resolution__seed0__epoch_030__r32_G-__probes__f32.jsonl,recalibrated
resolution_max_b1,0,-0.45,-0.375,3.486515869140625,3.450025634765625,maxmonstre/eval/grid__resolution__seed0__epoch_030__r32_G-__probes__f32.jsonl,recalibrated
resolution_max_b1,0,-0.45,-0.35,3.402703125,3.3912640380859376,maxmonstre/eval/grid__resolution__seed0__epoch_030__r32_G-__probes__f32.jsonl,recalibrated
resolution_max_b1,0,-0.45,-0.325,3.325101318359375,3.332455810546875,maxmonstre/eval/grid__resolution__seed0__epoch_030__r32_G-__probes__f32.jsonl,recalibrated
resolution_max_b1,0,-0.45,-0.3,3.25349755859375,3.270595703125,maxmonstre/eval/grid__resolution__seed0__epoch_030__r32_G-__probes__f32.jsonl,recalibrated
resolution_max_b1,0,-0.45,-0.275,3.1866116943359377,3.2116572265625,maxmonstre/eval/grid__resolution__seed0__epoch_030__r32_G-__probes__f32.jsonl,recalibrated
resolution_max_b1,0,-0.45,-0.25,3.123728759765625,3.151659912109375,maxmonstre/eval/grid__resolution__seed0__epoch_030__r32_G-__probes__f32.jsonl,recalibrated
resolution_max_b1,0,-0.45,-0.225,3.0621397705078124,3.0901044921875,maxmonstre/eval/grid__resolution__seed0__epoch_030__r32_G-__probes__f32.jsonl,recalibrated
resolution_max_b1,0,-0.45,-0.2,3.002387084960937,3.0286134033203127,maxmonstre/eval/grid__resolution__seed0__epoch_030__r32_G-__probes__f32.jsonl,recalibrated
resolution_max_b1,0,-0.45,-0.175,2.94257861328125,2.965701049804688,maxmonstre/eval/grid__resolution__seed0__epoch_030__r32_G-__probes__f32.jsonl,recalibrated
resolution_max_b1,0,-0.45,-0.15,2.8755494384765625,2.8992421875,maxmonstre/eval/grid__resolution__seed0__epoch_030__r32_G-__probes__f32.jsonl,recalibrated
resolution_max_b1,0,-0.45,-0.125,2.808228149414062,2.834263061523437,maxmonstre/eval/grid__resolution__seed0__epoch_030__r32_G-__probes__f32.jsonl,recalibrated
resolution_max_b1,0,-0.45,-0.1,2.74276708984375,2.768837646484375,maxmonstre/eval/grid__resolution__seed0__epoch_030__r32_G-__probes__f32.jsonl,recalibrated
resolution_max_b1,0,-0.45,-0.075,2.6860943603515626,2.709569091796875,maxmonstre/eval/grid__resolution__seed0__epoch_030__r32_G-__probes__f32.jsonl,recalibrated
resolution_max_b1,0,-0.45,-0.05,2.6382921142578124,2.653302001953125,maxmonstre/eval/grid__resolution__seed0__epoch_030__r32_G-__probes__f32.jsonl,recalibrated
resolution_max_b1,0,-0.45,-0.025,2.594091064453125,2.597867553710937,maxmonstre/eval/grid__resolution__seed0__epoch_030__r32_G-__probes__f32.jsonl,recalibrated
resolution_max_b1,0,-0.45,0.0,2.5545511474609377,2.5437216796875,maxmonstre/eval/grid__resolution__seed0__epoch_030__r32_G-__probes__f32.jsonl,recalibrated
resolution_max_b1,0,-0.45,0.025,2.5243048095703124,2.4968724365234376,maxmonstre/eval/grid__resolution__seed0__epoch_030__r32_G-__probes__f32.jsonl,recalibrated
resolution_max_b1,0,-0.45,0.05,2.499614013671875,2.4575316162109373,maxmonstre/eval/grid__resolution__seed0__epoch_030__r32_G-__probes__f32.jsonl,recalibrated
resolution_max_b1,0,-0.45,0.075,2.477373779296875,2.426010498046875,maxmonstre/eval/grid__resolution__seed0__epoch_030__r32_G-__probes__f32.jsonl,recalibrated
resolution_max_b1,0,-0.45,0.1,2.4583492431640623,2.400700927734375,maxmonstre/eval/grid__resolution__seed0__epoch_030__r32_G-__probes__f32.jsonl,recalibrated
resolution_max_b1,0,-0.45,0.125,2.43950439453125,2.3836458740234376,maxmonstre/eval/grid__resolution__seed0__epoch_030__r32_G-__probes__f32.jsonl,recalibrated
resolution_max_b1,0,-0.45,0.15,2.418711181640625,2.3717310791015627,maxmonstre/eval/grid__resolution__seed0__epoch_030__r32_G-__probes__f32.jsonl,recalibrated
resolution_max_b1,0,-0.45,0.175,2.400446166992188,2.361744140625,maxmonstre/eval/grid__resolution__seed0__epoch_030__r32_G-__probes__f32.jsonl,recalibrated
resolution_max_b1,0,-0.45,0.2,2.3865079345703126,2.359009033203125,maxmonstre/eval/grid__resolution__seed0__epoch_030__r32_G-__probes__f32.jsonl,recalibrated
resolution_max_b1,0,-0.45,0.225,2.3783367919921874,2.361417724609375,maxmonstre/eval/grid__resolution__seed0__epoch_030__r32_G-__probes__f32.jsonl,recalibrated
resolution_max_b1,0,-0.45,0.25,2.3696644287109376,2.36480712890625,maxmonstre/eval/grid__resolution__seed0__epoch_030__r32_G-__probes__f32.jsonl,recalibrated
resolution_max_b1,0,-0.45,0.275,2.365584716796875,2.369422607421875,maxmonstre/eval/grid__resolution__seed0__epoch_030__r32_G-__probes__f32.jsonl,recalibrated
resolution_max_b1,0,-0.45,0.3,2.3671297607421877,2.37514794921875,maxmonstre/eval/grid__resolution__seed0__epoch_030__r32_G-__probes__f32.jsonl,recalibrated
resolution_max_b1,0,-0.45,0.325,2.374239013671875,2.386417724609375,maxmonstre/eval/grid__resolution__seed0__epoch_030__r32_G-__probes__f32.jsonl,recalibrated
resolution_max_b1,0,-0.45,0.35,2.387676635742188,2.402886474609375,maxmonstre/eval/grid__resolution__seed0__epoch_030__r32_G-__probes__f32.jsonl,recalibrated
resolution_max_b1,0,-0.45,0.375,2.4141922607421877,2.425953369140625,maxmonstre/eval/grid__resolution__seed0__epoch_030__r32_G-__probes__f32.jsonl,recalibrated
resolution_max_b1,0,-0.45,0.4,2.44817138671875,2.456263671875,maxmonstre/eval/grid__resolution__seed0__epoch_030__r32_G-__probes__f32.jsonl,recalibrated
resolution_max_b1,0,-0.45,0.425,2.48838525390625,2.490552734375,maxmonstre/eval/grid__resolution__seed0__epoch_030__r32_G-__probes__f32.jsonl,recalibrated
resolution_max_b1,0,-0.45,0.45,2.52972900390625,2.5287325439453125,maxmonstre/eval/grid__resolution__seed0__epoch_030__r32_G-__probes__f32.jsonl,recalibrated
resolution_max_b1,0,-0.45,0.475,2.570386474609375,2.568956420898437,maxmonstre/eval/grid__resolution__seed0__epoch_030__r32_G-__probes__f32.jsonl,recalibrated
resolution_max_b1,0,-0.45,0.5,2.6133253173828126,2.6104876708984377,maxmonstre/eval/grid__resolution__seed0__epoch_030__r32_G-__probes__f32.jsonl,recalibrated
resolution_max_b1,0,-0.425,-0.5,3.835329223632813,3.7086328125,maxmonstre/eval/grid__resolution__seed0__epoch_030__r32_G-__probes__f32.jsonl,recalibrated
resolution_max_b1,0,-0.425,-0.475,3.74246435546875,3.6327366943359376,maxmonstre/eval/grid__resolution__seed0__epoch_030__r32_G-__probes__f32.jsonl,recalibrated
resolution_max_b1,0,-0.425,-0.45,3.655130126953125,3.558215087890625,maxmonstre/eval/grid__resolution__seed0__epoch_030__r32_G-__probes__f32.jsonl,recalibrated
resolution_max_b1,0,-0.425,-0.425,3.567978759765625,3.4902392578125,maxmonstre/eval/grid__resolution__seed0__epoch_030__r32_G-__probes__f32.jsonl,recalibrated
resolution_max_b1,0,-0.425,-0.4,3.4837310791015623,3.42721044921875,maxmonstre/eval/grid__resolution__seed0__epoch_030__r32_G-__probes__f32.jsonl,recalibrated
resolution_max_b1,0,-0.425,-0.375,3.3947874755859373,3.3631134033203125,maxmonstre/eval/grid__resolution__seed0__epoch_030__r32_G-__probes__f32.jsonl,recalibrated
resolution_max_b1,0,-0.425,-0.35,3.304754638671875,3.29924462890625,maxmonstre/eval/grid__resolution__seed0__epoch_030__r32_G-__probes__f32.jsonl,recalibrated
resolution_max_b1,0,-0.425,-0.325,3.22216162109375,3.2334891357421878,maxmonstre/eval/grid__resolution__seed0__epoch_030__r32_G-__probes__f32.jsonl,recalibrated
resolution_max_b1,0,-0.425,-0.3,3.1448017578125,3.16522314453125,maxmonstre/eval/grid__resolution__seed0__epoch_030__r32_G-__probes__f32.jsonl,recalibrated
resolution_max_b1,0,-0.425,-0.275,3.075422119140625,3.1009959716796875,maxmonstre/eval/grid__resolution__seed0__epoch_030__r32_G-__probes__f32.jsonl,recalibrated
resolution_max_b1,0,-0.425,-0.25,3.014666015625,3.038692626953125,maxmonstre/eval/grid__resolution__seed0__epoch_030__r32_G-__probes__f32.jsonl,recalibrated
resolution_max_b1,0,-0.425,-0.225,2.9506236572265623,2.975620361328125,maxmonstre/eval/grid__resolution__seed0__epoch_030__r32_G-__probes__f32.jsonl,recalibrated
resolution_max_b1,0,-0.425,-0.2,2.885955078125,2.910714111328125,maxmonstre/eval/grid__resolution__seed0__epoch_030__r32_G-__probes__f32.jsonl,recalibrated
resolution_max_b1,0,-0.425,-0.175,2.820224609375,2.8424752197265626,maxmonstre/eval/grid__resolution__seed0__epoch_030__r32_G-__probes__f32.jsonl,recalibrated
resolution_max_b1,0,-0.425,-0.15,2.7503663330078125,2.7728548583984374,maxmonstre/eval/grid__resolution__seed0__epoch_030__r32_G-__probes__f32.jsonl,recalibrated
resolution_max_b1,0,-0.425,-0.125,2.682201171875,2.7040294189453125,maxmonstre/eval/grid__resolution__seed0__epoch_030__r32_G-__probes__f32.jsonl,recalibrated
resolution_max_b1,0,-0.425,-0.1,2.6115323486328124,2.638234375,maxmonstre/eval/grid__resolution__seed0__epoch_030__r32_G-__probes__f32.jsonl,recalibrated
resolution_max_b1,0,-0.425,-0.075,2.551014404296875,2.5752467041015623,maxmonstre/eval/grid__resolution__seed0__epoch_030__r32_G-__probes__f32.jsonl,recalibrated
resolution_max_b1,0,-0.425,-0.05,2.502615478515625,2.516355224609375,maxmonstre/eval/grid__resolution__seed0__epoch_030__r32_G-__probes__f32.jsonl,recalibrated
resolution_max_b1,0,-0.425,-0.025,2.460955078125,2.461314453125,maxmonstre/eval/grid__resolution__seed0__epoch_030__r32_G-__probes__f32.jsonl,recalibrated
resolution_max_b1,0,-0.425,0.0,2.4260975341796875,2.408851440429688,maxmonstre/eval/grid__resolution__seed0__epoch_030__r32_G-__probes__f32.jsonl,recalibrated
resolution_max_b1,0,-0.425,0.025,2.3939691162109376,2.36528515625,maxmonstre/eval/grid__resolution__seed0__epoch_030__r32_G-__probes__f32.jsonl,recalibrated
resolution_max_b1,0,-0.425,0.05,2.368466796875,2.327859130859375,maxmonstre/eval/grid__resolution__seed0__epoch_030__r32_G-__probes__f32.jsonl,recalibrated
resolution_max_b1,0,-0.425,0.075,2.3483779296875,2.297001342773437,maxmonstre/eval/grid__resolution__seed0__epoch_030__r32_G-__probes__f32.jsonl,recalibrated
resolution_max_b1,0,-0.425,0.1,2.330077392578125,2.2757301025390624,maxmonstre/eval/grid__resolution__seed0__epoch_030__r32_G-__probes__f32.jsonl,recalibrated
resolution_max_b1,0,-0.425,0.125,2.3124910888671875,2.262810546875,maxmonstre/eval/grid__resolution__seed0__epoch_030__r32_G-__probes__f32.jsonl,recalibrated
resolution_max_b1,0,-0.425,0.15,2.293456787109375,2.2528424072265625,maxmonstre/eval/grid__resolution__seed0__epoch_030__r32_G-__probes__f32.jsonl,recalibrated
resolution_max_b1,0,-0.425,0.175,2.280247314453125,2.25021728515625,maxmonstre/eval/grid__resolution__seed0__epoch_030__r32_G-__probes__f32.jsonl,recalibrated
resolution_max_b1,0,-0.425,0.2,2.271666259765625,2.251913330078125,maxmonstre/eval/grid__resolution__seed0__epoch_030__r32_G-__probes__f32.jsonl,recalibrated
resolution_max_b1,0,-0.425,0.225,2.267099243164062,2.26137060546875,maxmonstre/eval/grid__resolution__seed0__epoch_030__r32_G-__probes__f32.jsonl,recalibrated
resolution_max_b1,0,-0.425,0.25,2.2654796142578126,2.2707779541015625,maxmonstre/eval/grid__resolution__seed0__epoch_030__r32_G-__probes__f32.jsonl,recalibrated
resolution_max_b1,0,-0.425,0.275,2.2682786865234377,2.2797674560546874,maxmonstre/eval/grid__resolution__seed0__epoch_030__r32_G-__probes__f32.jsonl,recalibrated
resolution_max_b1,0,-0.425,0.3,2.2754072265625,2.290935791015625,maxmonstre/eval/grid__resolution__seed0__epoch_030__r32_G-__probes__f32.jsonl,recalibrated
resolution_max_b1,0,-0.425,0.325,2.287211669921875,2.3053258056640624,maxmonstre/eval/grid__resolution__seed0__epoch_030__r32_G-__probes__f32.jsonl,recalibrated
resolution_max_b1,0,-0.425,0.35,2.3085078125,2.3294039306640624,maxmonstre/eval/grid__resolution__seed0__epoch_030__r32_G-__probes__f32.jsonl,recalibrated
resolution_max_b1,0,-0.425,0.375,2.3403135986328123,2.361191284179688,maxmonstre/eval/grid__resolution__seed0__epoch_030__r32_G-__probes__f32.jsonl,recalibrated
resolution_max_b1,0,-0.425,0.4,2.3788267822265623,2.398951171875,maxmonstre/eval/grid__resolution__seed0__epoch_030__r32_G-__probes__f32.jsonl,recalibrated
resolution_max_b1,0,-0.425,0.425,2.42224658203125,2.4412435302734377,maxmonstre/eval/grid__resolution__seed0__epoch_030__r32_G-__probes__f32.jsonl,recalibrated
resolution_max_b1,0,-0.425,0.45,2.468988159179688,2.486473876953125,maxmonstre/eval/grid__resolution__seed0__epoch_030__r32_G-__probes__f32.jsonl,recalibrated
resolution_max_b1,0,-0.425,0.475,2.5174901123046878,2.532692138671875,maxmonstre/eval/grid__resolution__seed0__epoch_030__r32_G-__probes__f32.jsonl,recalibrated
resolution_max_b1,0,-0.425,0.5,2.5646744384765623,2.5809578857421878,maxmonstre/eval/grid__resolution__seed0__epoch_030__r32_G-__probes__f32.jsonl,recalibrated
resolution_max_b1,0,-0.4,-0.5,3.759185424804688,3.635890625,maxmonstre/eval/grid__resolution__seed0__epoch_030__r32_G-__probes__f32.jsonl,recalibrated
resolution_max_b1,0,-0.4,-0.475,3.65829150390625,3.55623388671875,maxmonstre/eval/grid__resolution__seed0__epoch_030__r32_G-__probes__f32.jsonl,recalibrated
resolution_max_b1,0,-0.4,-0.45,3.5618807373046875,3.47797216796875,maxmonstre/eval/grid__resolution__seed0__epoch_030__r32_G-__probes__f32.jsonl,recalibrated
resolution_max_b1,0,-0.4,-0.425,3.468914794921875,3.403292724609375,maxmonstre/eval/grid__resolution__seed0__epoch_030__r32_G-__probes__f32.jsonl,recalibrated
resolution_max_b1,0,-0.4,-0.4,3.380548706054688,3.33382373046875,maxmonstre/eval/grid__resolution__seed0__epoch_030__r32_G-__probes__f32.jsonl,recalibrated
resolution_max_b1,0,-0.4,-0.375,3.2899912109375,3.265791748046875,maxmonstre/eval/grid__resolution__seed0__epoch_030__r32_G-__probes__f32.jsonl,recalibrated
resolution_max_b1,0,-0.4,-0.35,3.196478759765625,3.195563720703125,maxmonstre/eval/grid__resolution__seed0__epoch_030__r32_G-__probes__f32.jsonl,recalibrated
resolution_max_b1,0,-0.4,-0.325,3.1081641845703123,3.1238394775390623,maxmonstre/eval/grid__resolution__seed0__epoch_030__r32_G-__probes__f32.jsonl,recalibrated
resolution_max_b1,0,-0.4,-0.3,3.023082275390625,3.0508765869140624,maxmonstre/eval/grid__resolution__seed0__epoch_030__r32_G-__probes__f32.jsonl,recalibrated
resolution_max_b1,0,-0.4,-0.275,2.95134033203125,2.9818787841796874,maxmonstre/eval/grid__resolution__seed0__epoch_030__r32_G-__probes__f32.jsonl,recalibrated
resolution_max_b1,0,-0.4,-0.25,2.8886851806640625,2.9171700439453123,maxmonstre/eval/grid__resolution__seed0__epoch_030__r32_G-__probes__f32.jsonl,recalibrated
resolution_max_b1,0,-0.4,-0.225,2.8261978759765625,2.85126513671875,maxmonstre/eval/grid__resolution__seed0__epoch_030__r32_G-__probes__f32.jsonl,recalibrated
resolution_max_b1,0,-0.4,-0.2,2.7588795166015627,2.780950927734375,maxmonstre/eval/grid__resolution__seed0__epoch_030__r32_G-__probes__f32.jsonl,recalibrated
resolution_max_b1,0,-0.4,-0.175,2.687298583984375,2.7091490478515623,maxmonstre/eval/grid__resolution__seed0__epoch_030__r32_G-__probes__f32.jsonl,recalibrated
resolution_max_b1,0,-0.4,-0.15,2.610676513671875,2.63516259765625,maxmonstre/eval/grid__resolution__seed0__epoch_030__r32_G-__probes__f32.jsonl,recalibrated
resolution_max_b1,0,-0.4,-0.125,2.537084716796875,2.560326416015625,maxmonstre/eval/grid__resolution__seed0__epoch_030__r32_G-__probes__f32.jsonl,recalibrated
resolution_max_b1,0,-0.4,-0.1,2.4662891845703125,2.491061767578125,maxmonstre/eval/grid__resolution__seed0__epoch_030__r32_G-__probes__f32.jsonl,recalibrated
resolution_max_b1,0,-0.4,-0.075,2.4044371337890627,2.4286324462890625,maxmonstre/eval/grid__resolution__seed0__epoch_030__r32_G-__probes__f32.jsonl,recalibrated
resolution_max_b1,0,-0.4,-0.05,2.3539732666015625,2.3672296142578126,maxmonstre/eval/grid__resolution__seed0__epoch_030__r32_G-__probes__f32.jsonl,recalibrated
resolution_max_b1,0,-0.4,-0.025,2.315773193359375,2.312447631835937,maxmonstre/eval/grid__resolution__seed0__epoch_030__r32_G-__probes__f32.jsonl,recalibrated
resolution_max_b1,0,-0.4,0.0,2.282999267578125,2.264239990234375,maxmonstre/eval/grid__resolution__seed0__epoch_030__r32_G-__probes__f32.jsonl,recalibrated
resolution_max_b1,0,-0.4,0.025,2.252209228515625,2.2251715087890624,maxmonstre/eval/grid__resolution__seed0__epoch_030__r32_G-__probes__f32.jsonl,recalibrated
resolution_max_b1,0,-0.4,0.05,2.2255361328125,2.190980834960937,maxmonstre/eval/grid__resolution__seed0__epoch_030__r32_G-__probes__f32.jsonl,recalibrated
resolution_max_b1,0,-0.4,0.075,2.2073974609375,2.1641068115234376,maxmonstre/eval/grid__resolution__seed0__epoch_030__r32_G-__probes__f32.jsonl,recalibrated
resolution_max_b1,0,-0.4,0.1,2.1919234619140626,2.14319775390625,maxmonstre/eval/grid__resolution__seed0__epoch_030__r32_G-__probes__f32.jsonl,recalibrated
resolution_max_b1,0,-0.4,0.125,2.1724107666015624,2.13229736328125,maxmonstre/eval/grid__resolution__seed0__epoch_030__r32_G-__probes__f32.jsonl,recalibrated
resolution_max_b1,0,-0.4,0.15,2.1580152587890624,2.1272598876953124,maxmonstre/eval/grid__resolution__seed0__epoch_030__r32_G-__probes__f32.jsonl,recalibrated
resolution_max_b1,0,-0.4,0.175,2.150539367675781,2.129066040039062,maxmonstre/eval/grid__resolution__seed0__epoch_030__r32_G-__probes__f32.jsonl,recalibrated
resolution_max_b1,0,-0.4,0.2,2.148385498046875,2.13511962890625,maxmonstre/eval/grid__resolution__seed0__epoch_030__r32_G-__probes__f32.jsonl,recalibrated
resolution_max_b1,0,-0.4,0.225,2.1494993896484376,2.147968505859375,maxmonstre/eval/grid__resolution__seed0__epoch_030__r32_G-__probes__f32.jsonl,recalibrated
resolution_max_b1,0,-0.4,0.25,2.154484313964844,2.16356103515625,maxmonstre/eval/grid__resolution__seed0__epoch_030__r32_G-__probes__f32.jsonl,recalibrated
resolution_max_b1,0,-0.4,0.275,2.164321228027344,2.1765059814453127,maxmonstre/eval/grid__resolution__seed0__epoch_030__r32_G-__probes__f32.jsonl,recalibrated
resolution_max_b1,0,-0.4,0.3,2.178766174316406,2.1948184814453127,maxmonstre/eval/grid__resolution__seed0__epoch_030__r32_G-__probes__f32.jsonl,recalibrated
resolution_max_b1,0,-0.4,0.325,2.199068603515625,2.219853515625,maxmonstre/eval/grid__resolution__seed0__epoch_030__r32_G-__probes__f32.jsonl,recalibrated
resolution_max_b1,0,-0.4,0.35,2.228049560546875,2.25238232421875,maxmonstre/eval/grid__resolution__seed0__epoch_030__r32_G-__probes__f32.jsonl,recalibrated
resolution_max_b1,0,-0.4,0.375,2.265815185546875,2.293236572265625,maxmonstre/eval/grid__resolution__seed0__epoch_030__r32_G-__probes__f32.jsonl,recalibrated
resolution_max_b1,0,-0.4,0.4,2.30808935546875,2.33880078125,maxmonstre/eval/grid__resolution__seed0__epoch_030__r32_G-__probes__f32.jsonl,recalibrated
resolution_max_b1,0,-0.4,0.425,2.3588671875,2.386272216796875,maxmonstre/eval/grid__resolution__seed0__epoch_030__r32_G-__probes__f32.jsonl,recalibrated
resolution_max_b1,0,-0.4,0.45,2.4131767578125,2.438873779296875,maxmonstre/eval/grid__resolution__seed0__epoch_030__r32_G-__probes__f32.jsonl,recalibrated
resolution_max_b1,0,-0.4,0.475,2.464816162109375,2.4930997314453127,maxmonstre/eval/grid__resolution__seed0__epoch_030__r32_G-__probes__f32.jsonl,recalibrated
resolution_max_b1,0,-0.4,0.5,2.515578857421875,2.549660034179688,maxmonstre/eval/grid__resolution__seed0__epoch_030__r32_G-__probes__f32.jsonl,recalibrated
resolution_max_b1,0,-0.375,-0.5,3.683209838867187,3.563179931640625,maxmonstre/eval/grid__resolution__seed0__epoch_030__r32_G-__probes__f32.jsonl,recalibrated
resolution_max_b1,0,-0.375,-0.475,3.5694644775390625,3.4766142578125,maxmonstre/eval/grid__resolution__seed0__epoch_030__r32_G-__probes__f32.jsonl,recalibrated
resolution_max_b1,0,-0.375,-0.45,3.4599140625,3.3906363525390626,maxmonstre/eval/grid__resolution__seed0__epoch_030__r32_G-__probes__f32.jsonl,recalibrated
resolution_max_b1,0,-0.375,-0.425,3.3592364501953127,3.30933984375,maxmonstre/eval/grid__resolution__seed0__epoch_030__r32_G-__probes__f32.jsonl,recalibrated
resolution_max_b1,0,-0.375,-0.4,3.264383056640625,3.229479370117188,maxmonstre/eval/grid__resolution__seed0__epoch_030__r32_G-__probes__f32.jsonl,recalibrated
resolution_max_b1,0,-0.375,-0.375,3.169280639648437,3.151076171875,maxmonstre/eval/grid__resolution__seed0__epoch_030__r32_G-__probes__f32.jsonl,recalibrated
resolution_max_b1,0,-0.375,-0.35,3.07194091796875,3.0760406494140624,maxmonstre/eval/grid__resolution__seed0__epoch_030__r32_G-__probes__f32.jsonl,recalibrated
resolution_max_b1,0,-0.375,-0.325,2.978719482421875,3.0010823974609373,maxmonstre/eval/grid__resolution__seed0__epoch_030__r32_G-__probes__f32.jsonl,recalibrated
resolution_max_b1,0,-0.375,-0.3,2.890721923828125,2.924220703125,maxmonstre/eval/grid__resolution__seed0__epoch_030__r32_G-__probes__f32.jsonl,recalibrated
resolution_max_b1,0,-0.375,-0.275,2.813128173828125,2.851021484375,maxmonstre/eval/grid__resolution__seed0__epoch_030__r32_G-__probes__f32.jsonl,recalibrated
resolution_max_b1,0,-0.375,-0.25,2.743950927734375,2.781103881835937,maxmonstre/eval/grid__resolution__seed0__epoch_030__r32_G-__probes__f32.jsonl,recalibrated
resolution_max_b1,0,-0.375,-0.225,2.67901806640625,2.711932861328125,maxmonstre/eval/grid__resolution__seed0__epoch_030__r32_G-__probes__f32.jsonl,recalibrated
resolution_max_b1,0,-0.375,-0.2,2.61165576171875,2.6364893798828124,maxmonstre/eval/grid__resolution__seed0__epoch_030__r32_G-__probes__f32.jsonl,recalibrated
resolution_max_b1,0,-0.375,-0.175,2.537037109375,2.55811767578125,maxmonstre/eval/grid__resolution__seed0__epoch_030__r32_G-__probes__f32.jsonl,recalibrated
resolution_max_b1,0,-0.375,-0.15,2.4581973876953125,2.478899536132813,maxmonstre/eval/grid__resolution__seed0__epoch_030__r32_G-__probes__f32.jsonl,recalibrated
resolution_max_b1,0,-0.375,-0.125,2.380255249023437,2.40214306640625,maxmonstre/eval/grid__resolution__seed0__epoch_030__r32_G-__probes__f32.jsonl,recalibrated
resolution_max_b1,0,-0.375,-0.1,2.312190673828125,2.330404296875,maxmonstre/eval/grid__resolution__seed0__epoch_030__r32_G-__probes__f32.jsonl,recalibrated
resolution_max_b1,0,-0.375,-0.075,2.249671142578125,2.268865234375,maxmonstre/eval/grid__resolution__seed0__epoch_030__r32_G-__probes__f32.jsonl,recalibrated
resolution_max_b1,0,-0.375,-0.05,2.195689697265625,2.2083001708984376,maxmonstre/eval/grid__resolution__seed0__epoch_030__r32_G-__probes__f32.jsonl,recalibrated
resolution_max_b1,0,-0.375,-0.025,2.151898315429688,2.1547529296875,maxmonstre/eval/grid__resolution__seed0__epoch_030__r32_G-__probes__f32.jsonl,recalibrated
resolution_max_b1,0,-0.375,0.0,2.1200377197265623,2.109156005859375,maxmonstre/eval/grid__resolution__seed0__epoch_030__r32_G-__probes__f32.jsonl,recalibrated
resolution_max_b1,0,-0.375,0.025,2.09500146484375,2.0729742431640625,maxmonstre/eval/grid__resolution__seed0__epoch_030__r32_G-__probes__f32.jsonl,recalibrated
resolution_max_b1,0,-0.375,0.05,2.073891357421875,2.04138134765625,maxmonstre/eval/grid__resolution__seed0__epoch_030__r32_G-__probes__f32.jsonl,recalibrated
resolution_max_b1,0,-0.375,0.075,2.0573270263671875,2.0164412231445312,maxmonstre/eval/grid__resolution__seed0__epoch_030__r32_G-__probes__f32.jsonl,recalibrated
resolution_max_b1,0,-0.375,0.1,2.0422677612304687,2.0001292724609376,maxmonstre/eval/grid__resolution__seed0__epoch_030__r32_G-__probes__f32.jsonl,recalibrated
resolution_max_b1,0,-0.375,0.125,2.0244601440429686,1.9898023681640624,maxmonstre/eval/grid__resolution__seed0__epoch_030__r32_G-__probes__f32.jsonl,recalibrated
resolution_max_b1,0,-0.375,0.15,2.0153450927734373,1.989140380859375,maxmonstre/eval/grid__resolution__seed0__epoch_030__r32_G-__probes__f32.jsonl,recalibrated
resolution_max_b1,0,-0.375,0.175,2.011475402832031,1.9951509399414065,maxmonstre/eval/grid__resolution__seed0__epoch_030__r32_G-__probes__f32.jsonl,recalibrated
resolution_max_b1,0,-0.375,0.2,2.013392944335937,2.0095293579101563,maxmonstre/eval/grid__resolution__seed0__epoch_030__r32_G-__probes__f32.jsonl,recalibrated
resolution_max_b1,0,-0.375,0.225,2.023712463378906,2.028032958984375,maxmonstre/eval/grid__resolution__seed0__epoch_030__r32_G-__probes__f32.jsonl,recalibrated
resolution_max_b1,0,-0.375,0.25,2.0365532836914064,2.0459054565429686,maxmonstre/eval/grid__resolution__seed0__epoch_030__r32_G-__probes__f32.jsonl,recalibrated
resolution_max_b1,0,-0.375,0.275,2.0541392822265623,2.0669505615234374,maxmonstre/eval/grid__resolution__seed0__epoch_030__r32_G-__probes__f32.jsonl,recalibrated
resolution_max_b1,0,-0.375,0.3,2.076815002441406,2.0943673095703126,maxmonstre/eval/grid__resolution__seed0__epoch_030__r32_G-__probes__f32.jsonl,recalibrated
resolution_max_b1,0,-0.375,0.325,2.108154479980469,2.1296583251953125,maxmonstre/eval/grid__resolution__seed0__epoch_030__r32_G-__probes__f32.jsonl,recalibrated
resolution_max_b1,0,-0.375,0.35,2.145046752929688,2.172330932617188,maxmonstre/eval/grid__resolution__seed0__epoch_030__r32_G-__probes__f32.jsonl,recalibrated
resolution_max_b1,0,-0.375,0.375,2.1896085205078126,2.22107373046875,maxmonstre/eval/grid__resolution__seed0__epoch_030__r32_G-__probes__f32.jsonl,recalibrated
resolution_max_b1,0,-0.375,0.4,2.240038818359375,2.274665771484375,maxmonstre/eval/grid__resolution__seed0__epoch_030__r32_G-__probes__f32.jsonl,recalibrated
resolution_max_b1,0,-0.375,0.425,2.297230712890625,2.3291507568359373,maxmonstre/eval/grid__resolution__seed0__epoch_030__r32_G-__probes__f32.jsonl,recalibrated
resolution_max_b1,0,-0.375,0.45,2.355724853515625,2.39126318359375,maxmonstre/eval/grid__resolution__seed0__epoch_030__r32_G-__probes__f32.jsonl,recalibrated
resolution_max_b1,0,-0.375,0.475,2.412066650390625,2.454054565429688,maxmonstre/eval/grid__resolution__seed0__epoch_030__r32_G-__probes__f32.jsonl,recalibrated
resolution_max_b1,0,-0.375,0.5,2.467013549804688,2.51617041015625,maxmonstre/eval/grid__resolution__seed0__epoch_030__r32_G-__probes__f32.jsonl,recalibrated
resolution_max_b1,0,-0.35,-0.5,3.606102783203125,3.4910615234375,maxmonstre/eval/grid__resolution__seed0__epoch_030__r32_G-__probes__f32.jsonl,recalibrated
resolution_max_b1,0,-0.35,-0.475,3.48158544921875,3.39346728515625,maxmonstre/eval/grid__resolution__seed0__epoch_030__r32_G-__probes__f32.jsonl,recalibrated
resolution_max_b1,0,-0.35,-0.45,3.36042333984375,3.297841064453125,maxmonstre/eval/grid__resolution__seed0__epoch_030__r32_G-__probes__f32.jsonl,recalibrated
resolution_max_b1,0,-0.35,-0.425,3.2481591796875,3.2068873291015625,maxmonstre/eval/grid__resolution__seed0__epoch_030__r32_G-__probes__f32.jsonl,recalibrated
resolution_max_b1,0,-0.35,-0.4,3.1397125244140627,3.1156630859375,maxmonstre/eval/grid__resolution__seed0__epoch_030__r32_G-__probes__f32.jsonl,recalibrated
resolution_max_b1,0,-0.35,-0.375,3.0353546142578125,3.027011962890625,maxmonstre/eval/grid__resolution__seed0__epoch_030__r32_G-__probes__f32.jsonl,recalibrated
resolution_max_b1,0,-0.35,-0.35,2.936227783203125,2.9437130126953126,maxmonstre/eval/grid__resolution__seed0__epoch_030__r32_G-__probes__f32.jsonl,recalibrated
resolution_max_b1,0,-0.35,-0.325,2.837221923828125,2.864658935546875,maxmonstre/eval/grid__resolution__seed0__epoch_030__r32_G-__probes__f32.jsonl,recalibrated
resolution_max_b1,0,-0.35,-0.3,2.74673095703125,2.7872879638671875,maxmonstre/eval/grid__resolution__seed0__epoch_030__r32_G-__probes__f32.jsonl,recalibrated
resolution_max_b1,0,-0.35,-0.275,2.661486328125,2.7086483154296874,maxmonstre/eval/grid__resolution__seed0__epoch_030__r32_G-__probes__f32.jsonl,recalibrated
resolution_max_b1,0,-0.35,-0.25,2.58241943359375,2.631728759765625,maxmonstre/eval/grid__resolution__seed0__epoch_030__r32_G-__probes__f32.jsonl,recalibrated
resolution_max_b1,0,-0.35,-0.225,2.5116943359375,2.55474658203125,maxmonstre/eval/grid__resolution__seed0__epoch_030__r32_G-__probes__f32.jsonl,recalibrated
resolution_max_b1,0,-0.35,-0.2,2.44167724609375,2.474432861328125,maxmonstre/eval/grid__resolution__seed0__epoch_030__r32_G-__probes__f32.jsonl,recalibrated
resolution_max_b1,0,-0.35,-0.175,2.3661568603515626,2.388948974609375,maxmonstre/eval/grid__resolution__seed0__epoch_030__r32_G-__probes__f32.jsonl,recalibrated
resolution_max_b1,0,-0.35,-0.15,2.28841552734375,2.305201904296875,maxmonstre/eval/grid__resolution__seed0__epoch_030__r32_G-__probes__f32.jsonl,recalibrated
resolution_max_b1,0,-0.35,-0.125,2.2099212646484374,2.225923828125,maxmonstre/eval/grid__resolution__seed0__epoch_030__r32_G-__probes__f32.jsonl,recalibrated
resolution_max_b1,0,-0.35,-0.1,2.1386224365234376,2.155958251953125,maxmonstre/eval/grid__resolution__seed0__epoch_030__r32_G-__probes__f32.jsonl,recalibrated
resolution_max_b1,0,-0.35,-0.075,2.076797058105469,2.095966552734375,maxmonstre/eval/grid__resolution__seed0__epoch_030__r32_G-__probes__f32.jsonl,recalibrated
resolution_max_b1,0,-0.35,-0.05,2.0240597534179687,2.039187377929688,maxmonstre/eval/grid__resolution__seed0__epoch_030__r32_G-__probes__f32.jsonl,recalibrated
resolution_max_b1,0,-0.35,-0.025,1.9794228515625,1.9868890380859372,maxmonstre/eval/grid__resolution__seed0__epoch_030__r32_G-__probes__f32.jsonl,recalibrated
resolution_max_b1,0,-0.35,0.0,1.94745751953125,1.9433528442382813,maxmonstre/eval/grid__resolution__seed0__epoch_030__r32_G-__probes__f32.jsonl,recalibrated
resolution_max_b1,0,-0.35,0.025,1.9247177734375,1.908860107421875,maxmonstre/eval/grid__resolution__seed0__epoch_030__r32_G-__probes__f32.jsonl,recalibrated
resolution_max_b1,0,-0.35,0.05,1.907781188964844,1.878357299804688,maxmonstre/eval/grid__resolution__seed0__epoch_030__r32_G-__probes__f32.jsonl,recalibrated
resolution_max_b1,0,-0.35,0.075,1.8975366821289064,1.8561868896484373,maxmonstre/eval/grid__resolution__seed0__epoch_030__r32_G-__probes__f32.jsonl,recalibrated
resolution_max_b1,0,-0.35,0.1,1.8839989013671876,1.843449951171875,maxmonstre/eval/grid__resolution__seed0__epoch_030__r32_G-__probes__f32.jsonl,recalibrated
resolution_max_b1,0,-0.35,0.125,1.8705794067382813,1.8388848266601563,maxmonstre/eval/grid__resolution__seed0__epoch_030__r32_G-__probes__f32.jsonl,recalibrated
resolution_max_b1,0,-0.35,0.15,1.863933471679688,1.842218505859375,maxmonstre/eval/grid__resolution__seed0__epoch_030__r32_G-__probes__f32.jsonl,recalibrated
resolution_max_b1,0,-0.35,0.175,1.8633457641601563,1.8548643188476563,maxmonstre/eval/grid__resolution__seed0__epoch_030__r32_G-__probes__f32.jsonl,recalibrated
resolution_max_b1,0,-0.35,0.2,1.873284240722656,1.8737216796875,maxmonstre/eval/grid__resolution__seed0__epoch_030__r32_G-__probes__f32.jsonl,recalibrated
resolution_max_b1,0,-0.35,0.225,1.8921213989257808,1.8949383544921876,maxmonstre/eval/grid__resolution__seed0__epoch_030__r32_G-__probes__f32.jsonl,recalibrated
resolution_max_b1,0,-0.35,0.25,1.9118623046875,1.919259765625,maxmonstre/eval/grid__resolution__seed0__epoch_030__r32_G-__probes__f32.jsonl,recalibrated
resolution_max_b1,0,-0.35,0.275,1.9367164916992188,1.9493451538085935,maxmonstre/eval/grid__resolution__seed0__epoch_030__r32_G-__probes__f32.jsonl,recalibrated
resolution_max_b1,0,-0.35,0.3,1.9717489013671876,1.9880043334960935,maxmonstre/eval/grid__resolution__seed0__epoch_030__r32_G-__probes__f32.jsonl,recalibrated
resolution_max_b1,0,-0.35,0.325,2.01435400390625,2.0340594482421874,maxmonstre/eval/grid__resolution__seed0__epoch_030__r32_G-__probes__f32.jsonl,recalibrated
resolution_max_b1,0,-0.35,0.35,2.061600402832031,2.086477905273437,maxmonstre/eval/grid__resolution__seed0__epoch_030__r32_G-__probes__f32.jsonl,recalibrated
resolution_max_b1,0,-0.35,0.375,2.114322998046875,2.145550537109375,maxmonstre/eval/grid__resolution__seed0__epoch_030__r32_G-__probes__f32.jsonl,recalibrated
resolution_max_b1,0,-0.35,0.4,2.174411376953125,2.21020947265625,maxmonstre/eval/grid__resolution__seed0__epoch_030__r32_G-__probes__f32.jsonl,recalibrated
resolution_max_b1,0,-0.35,0.425,2.234586791992188,2.27657080078125,maxmonstre/eval/grid__resolution__seed0__epoch_030__r32_G-__probes__f32.jsonl,recalibrated
resolution_max_b1,0,-0.35,0.45,2.296728759765625,2.3434556884765625,maxmonstre/eval/grid__resolution__seed0__epoch_030__r32_G-__probes__f32.jsonl,recalibrated
resolution_max_b1,0,-0.35,0.475,2.3618553466796874,2.4123424072265625,maxmonstre/eval/grid__resolution__seed0__epoch_030__r32_G-__probes__f32.jsonl,recalibrated
resolution_max_b1,0,-0.35,0.5,2.424585693359375,2.4774061279296875,maxmonstre/eval/grid__resolution__seed0__epoch_030__r32_G-__probes__f32.jsonl,recalibrated
resolution_max_b1,0,-0.325,-0.5,3.5202281494140624,3.421136474609375,maxmonstre/eval/grid__resolution__seed0__epoch_030__r32_G-__probes__f32.jsonl,recalibrated
resolution_max_b1,0,-0.325,-0.475,3.391033081054688,3.3128380126953125,maxmonstre/eval/grid__resolution__seed0__epoch_030__r32_G-__probes__f32.jsonl,recalibrated
resolution_max_b1,0,-0.325,-0.45,3.261192260742188,3.2057841796875,maxmonstre/eval/grid__resolution__seed0__epoch_030__r32_G-__probes__f32.jsonl,recalibrated
resolution_max_b1,0,-0.325,-0.425,3.13422998046875,3.099137451171875,maxmonstre/eval/grid__resolution__seed0__epoch_030__r32_G-__probes__f32.jsonl,recalibrated
resolution_max_b1,0,-0.325,-0.4,3.012326904296875,2.99906396484375,maxmonstre/eval/grid__resolution__seed0__epoch_030__r32_G-__probes__f32.jsonl,recalibrated
resolution_max_b1,0,-0.325,-0.375,2.8967210693359373,2.8980616455078123,maxmonstre/eval/grid__resolution__seed0__epoch_030__r32_G-__probes__f32.jsonl,recalibrated
resolution_max_b1,0,-0.325,-0.35,2.78981689453125,2.8036187744140624,maxmonstre/eval/grid__resolution__seed0__epoch_030__r32_G-__probes__f32.jsonl,recalibrated
resolution_max_b1,0,-0.325,-0.325,2.6870609130859373,2.7172093505859376,maxmonstre/eval/grid__resolution__seed0__epoch_030__r32_G-__probes__f32.jsonl,recalibrated
resolution_max_b1,0,-0.325,-0.3,2.587500732421875,2.634531494140625,maxmonstre/eval/grid__resolution__seed0__epoch_030__r32_G-__probes__f32.jsonl,recalibrated
resolution_max_b1,0,-0.325,-0.275,2.493908935546875,2.55334228515625,maxmonstre/eval/grid__resolution__seed0__epoch_030__r32_G-__probes__f32.jsonl,recalibrated
resolution_max_b1,0,-0.325,-0.25,2.4058380126953125,2.4678702392578127,maxmonstre/eval/grid__resolution__seed0__epoch_030__r32_G-__probes__f32.jsonl,recalibrated
resolution_max_b1,0,-0.325,-0.225,2.327997314453125,2.3828494873046875,maxmonstre/eval/grid__resolution__seed0__epoch_030__r32_G-__probes__f32.jsonl,recalibrated
resolution_max_b1,0,-0.325,-0.2,2.2547657470703126,2.296068603515625,maxmonstre/eval/grid__resolution__seed0__epoch_030__r32_G-__probes__f32.jsonl,recalibrated
resolution_max_b1,0,-0.325,-0.175,2.175705322265625,2.208917236328125,maxmonstre/eval/grid__resolution__seed0__epoch_030__r32_G-__probes__f32.jsonl,recalibrated
resolution_max_b1,0,-0.325,-0.15,2.098343505859375,2.11941162109375,maxmonstre/eval/grid__resolution__seed0__epoch_030__r32_G-__probes__f32.jsonl,recalibrated
resolution_max_b1,0,-0.325,-0.125,2.023148254394531,2.039775146484375,maxmonstre/eval/grid__resolution__seed0__epoch_030__r32_G-__probes__f32.jsonl,recalibrated
resolution_max_b1,0,-0.325,-0.1,1.9529755859375,1.9725841674804687,maxmonstre/eval/grid__resolution__seed0__epoch_030__r32_G-__probes__f32.jsonl,recalibrated
resolution_max_b1,0,-0.325,-0.075,1.8935803833007807,1.9126318359375,maxmonstre/eval/grid__resolution__seed0__epoch_030__r32_G-__probes__f32.jsonl,recalibrated
resolution_max_b1,0,-0.325,-0.05,1.8393577880859373,1.8571529541015623,maxmonstre/eval/grid__resolution__seed0__epoch_030__r32_G-__probes__f32.jsonl,recalibrated
resolution_max_b1,0,-0.325,-0.025,1.798143798828125,1.8067233276367187,maxmonstre/eval/grid__resolution__seed0__epoch_030__r32_G-__probes__f32.jsonl,recalibrated
resolution_max_b1,0,-0.325,0.0,1.767211669921875,1.7663936157226563,maxmonstre/eval/grid__resolution__seed0__epoch_030__r32_G-__probes__f32.jsonl,recalibrated
resolution_max_b1,0,-0.325,0.025,1.746835205078125,1.7361377563476563,maxmonstre/eval/grid__resolution__seed0__epoch_030__r32_G-__probes__f32.jsonl,recalibrated
resolution_max_b1,0,-0.325,0.05,1.7332105712890624,1.7120197143554687,maxmonstre/eval/grid__resolution__seed0__epoch_030__r32_G-__probes__f32.jsonl,recalibrated
resolution_max_b1,0,-0.325,0.075,1.7249664306640624,1.6935946044921877,maxmonstre/eval/grid__resolution__seed0__epoch_030__r32_G-__probes__f32.jsonl,recalibrated
resolution_max_b1,0,-0.325,0.1,1.716397644042969,1.6872386474609375,maxmonstre/eval/grid__resolution__seed0__epoch_030__r32_G-__probes__f32.jsonl,recalibrated
resolution_max_b1,0,-0.325,0.125,1.70773046875,1.687637939453125,maxmonstre/eval/grid__resolution__seed0__epoch_030__r32_G-__probes__f32.jsonl,recalibrated
resolution_max_b1,0,-0.325,0.15,1.7058297119140624,1.6950023193359376,maxmonstre/eval/grid__resolution__seed0__epoch_030__r32_G-__probes__f32.jsonl,recalibrated
resolution_max_b1,0,-0.325,0.175,1.7140980224609377,1.7102587890625,maxmonstre/eval/grid__resolution__seed0__epoch_030__r32_G-__probes__f32.jsonl,recalibrated
resolution_max_b1,0,-0.325,0.2,1.7306646118164062,1.7326475830078123,maxmonstre/eval/grid__resolution__seed0__epoch_030__r32_G-__probes__f32.jsonl,recalibrated
resolution_max_b1,0,-0.325,0.225,1.7556411743164062,1.7608934936523437,maxmonstre/eval/grid__resolution__seed0__epoch_030__r32_G-__probes__f32.jsonl,recalibrated
resolution_max_b1,0,-0.325,0.25,1.7846880493164063,1.7945684814453124,maxmonstre/eval/grid__resolution__seed0__epoch_030__r32_G-__probes__f32.jsonl,recalibrated
resolution_max_b1,0,-0.325,0.275,1.8174678955078123,1.8357102661132807,maxmonstre/eval/grid__resolution__seed0__epoch_030__r32_G-__probes__f32.jsonl,recalibrated
resolution_max_b1,0,-0.325,0.3,1.8636895751953124,1.8853849487304688,maxmonstre/eval/grid__resolution__seed0__epoch_030__r32_G-__probes__f32.jsonl,recalibrated
resolution_max_b1,0,-0.325,0.325,1.9205563354492188,1.9416632080078124,maxmonstre/eval/grid__resolution__seed0__epoch_030__r32_G-__probes__f32.jsonl,recalibrated
resolution_max_b1,0,-0.325,0.35,1.979573486328125,2.003128723144531,maxmonstre/eval/grid__resolution__seed0__epoch_030__r32_G-__probes__f32.jsonl,recalibrated
resolution_max_b1,0,-0.325,0.375,2.043373107910156,2.0716890869140623,maxmonstre/eval/grid__resolution__seed0__epoch_030__r32_G-__probes__f32.jsonl,recalibrated
resolution_max_b1,0,-0.325,0.4,2.1096290283203123,2.148515869140625,maxmonstre/eval/grid__resolution__seed0__epoch_030__r32_G-__probes__f32.jsonl,recalibrated
resolution_max_b1,0,-0.325,0.425,2.1752666625976564,2.2238521728515623,maxmonstre/eval/grid__resolution__seed0__epoch_030__r32_G-__probes__f32.jsonl,recalibrated
resolution_max_b1,0,-0.325,0.45,2.24643505859375,2.296523681640625,maxmonstre/eval/grid__resolution__seed0__epoch_030__r32_G-__probes__f32.jsonl,recalibrated
resolution_max_b1,0,-0.325,0.475,2.3192884521484376,2.368364013671875,maxmonstre/eval/grid__resolution__seed0__epoch_030__r32_G-__probes__f32.jsonl,recalibrated
resolution_max_b1,0,-0.325,0.5,2.3905784912109374,2.4363114013671874,maxmonstre/eval/grid__resolution__seed0__epoch_030__r32_G-__probes__f32.jsonl,recalibrated
resolution_max_b1,0,-0.3,-0.5,3.4336226806640626,3.356822631835937,maxmonstre/eval/grid__resolution__seed0__epoch_030__r32_G-__probes__f32.jsonl,recalibrated
resolution_max_b1,0,-0.3,-0.475,3.29434521484375,3.2353446044921874,maxmonstre/eval/grid__resolution__seed0__epoch_030__r32_G-__probes__f32.jsonl,recalibrated
resolution_max_b1,0,-0.3,-0.45,3.157488403320313,3.1148204345703125,maxmonstre/eval/grid__resolution__seed0__epoch_030__r32_G-__probes__f32.jsonl,recalibrated
resolution_max_b1,0,-0.3,-0.425,3.019568115234375,2.9943883056640623,maxmonstre/eval/grid__resolution__seed0__epoch_030__r32_G-__probes__f32.jsonl,recalibrated
resolution_max_b1,0,-0.3,-0.4,2.88408447265625,2.8775703125,maxmonstre/eval/grid__resolution__seed0__epoch_030__r32_G-__probes__f32.jsonl,recalibrated
resolution_max_b1,0,-0.3,-0.375,2.75293798828125,2.7611373291015626,maxmonstre/eval/grid__resolution__seed0__epoch_030__r32_G-__probes__f32.jsonl,recalibrated
resolution_max_b1,0,-0.3,-0.35,2.630245361328125,2.6528233642578125,maxmonstre/eval/grid__resolution__seed0__epoch_030__r32_G-__probes__f32.jsonl,recalibrated
resolution_max_b1,0,-0.3,-0.325,2.5214287109375,2.554660888671875,maxmonstre/eval/grid__resolution__seed0__epoch_030__r32_G-__probes__f32.jsonl,recalibrated
resolution_max_b1,0,-0.3,-0.3,2.416905029296875,2.46608984375,maxmonstre/eval/grid__resolution__seed0__epoch_030__r32_G-__probes__f32.jsonl,recalibrated
resolution_max_b1,0,-0.3,-0.275,2.318489990234375,2.385256591796875,maxmonstre/eval/grid__resolution__seed0__epoch_030__r32_G-__probes__f32.jsonl,recalibrated
resolution_max_b1,0,-0.3,-0.25,2.224822265625,2.300236938476562,maxmonstre/eval/grid__resolution__seed0__epoch_030__r32_G-__probes__f32.jsonl,recalibrated
resolution_max_b1,0,-0.3,-0.225,2.1381710205078126,2.2068997802734374,maxmonstre/eval/grid__resolution__seed0__epoch_030__r32_G-__probes__f32.jsonl,recalibrated
resolution_max_b1,0,-0.3,-0.2,2.0596226806640625,2.1180269775390625,maxmonstre/eval/grid__resolution__seed0__epoch_030__r32_G-__probes__f32.jsonl,recalibrated
resolution_max_b1,0,-0.3,-0.175,1.982906127929688,2.0299453125,maxmonstre/eval/grid__resolution__seed0__epoch_030__r32_G-__probes__f32.jsonl,recalibrated
resolution_max_b1,0,-0.3,-0.15,1.9053658447265625,1.9389954833984373,maxmonstre/eval/grid__resolution__seed0__epoch_030__r32_G-__probes__f32.jsonl,recalibrated
resolution_max_b1,0,-0.3,-0.125,1.8310872192382808,1.8599017333984376,maxmonstre/eval/grid__resolution__seed0__epoch_030__r32_G-__probes__f32.jsonl,recalibrated
resolution_max_b1,0,-0.3,-0.1,1.7626766967773435,1.792660888671875,maxmonstre/eval/grid__resolution__seed0__epoch_030__r32_G-__probes__f32.jsonl,recalibrated
resolution_max_b1,0,-0.3,-0.075,1.7029185180664062,1.73450341796875,maxmonstre/eval/grid__resolution__seed0__epoch_030__r32_G-__probes__f32.jsonl,recalibrated
resolution_max_b1,0,-0.3,-0.05,1.65144775390625,1.6831605834960937,maxmonstre/eval/grid__resolution__seed0__epoch_030__r32_G-__probes__f32.jsonl,recalibrated
resolution_max_b1,0,-0.3,-0.025,1.610271484375,1.6369422607421875,maxmonstre/eval/grid__resolution__seed0__epoch_030__r32_G-__probes__f32.jsonl,recalibrated
resolution_max_b1,0,-0.3,0.0,1.5791658325195312,1.6011258544921876,maxmonstre/eval/grid__resolution__seed0__epoch_030__r32_G-__probes__f32.jsonl,recalibrated
resolution_max_b1,0,-0.3,0.025,1.5618237915039062,1.5747161865234376,maxmonstre/eval/grid__resolution__seed0__epoch_030__r32_G-__probes__f32.jsonl,recalibrated
resolution_max_b1,0,-0.3,0.05,1.5505765380859375,1.5553489990234377,maxmonstre/eval/grid__resolution__seed0__epoch_030__r32_G-__probes__f32.jsonl,recalibrated
resolution_max_b1,0,-0.3,0.075,1.5444554443359375,1.544668273925781,maxmonstre/eval/grid__resolution__seed0__epoch_030__r32_G-__probes__f32.jsonl,recalibrated
resolution_max_b1,0,-0.3,0.1,1.5409918823242188,1.5405994262695313,maxmonstre/eval/grid__resolution__seed0__epoch_030__r32_G-__probes__f32.jsonl,recalibrated
resolution_max_b1,0,-0.3,0.125,1.543455810546875,1.5434899291992188,maxmonstre/eval/grid__resolution__seed0__epoch_030__r32_G-__probes__f32.jsonl,recalibrated
resolution_max_b1,0,-0.3,0.15,1.5525072021484374,1.555354248046875,maxmonstre/eval/grid__resolution__seed0__epoch_030__r32_G-__probes__f32.jsonl,recalibrated
resolution_max_b1,0,-0.3,0.175,1.568486572265625,1.5765963134765626,maxmonstre/eval/grid__resolution__seed0__epoch_030__r32_G-__probes__f32.jsonl,recalibrated
resolution_max_b1,0,-0.3,0.2,1.5931123657226562,1.6041213989257812,maxmonstre/eval/grid__resolution__seed0__epoch_030__r32_G-__probes__f32.jsonl,recalibrated
resolution_max_b1,0,-0.3,0.225,1.6242880859375,1.6370950927734376,maxmonstre/eval/grid__resolution__seed0__epoch_030__r32_G-__probes__f32.jsonl,recalibrated
resolution_max_b1,0,-0.3,0.25,1.6619562377929689,1.6799026489257811,maxmonstre/eval/grid__resolution__seed0__epoch_030__r32_G-__probes__f32.jsonl,recalibrated
resolution_max_b1,0,-0.3,0.275,1.7083561401367189,1.7316494750976563,maxmonstre/eval/grid__resolution__seed0__epoch_030__r32_G-__probes__f32.jsonl,recalibrated
resolution_max_b1,0,-0.3,0.3,1.766301086425781,1.7902373046875,maxmonstre/eval/grid__resolution__seed0__epoch_030__r32_G-__probes__f32.jsonl,recalibrated
resolution_max_b1,0,-0.3,0.325,1.8327120361328124,1.855755798339844,maxmonstre/eval/grid__resolution__seed0__epoch_030__r32_G-__probes__f32.jsonl,recalibrated
resolution_max_b1,0,-0.3,0.35,1.9016954345703123,1.9293848876953128,maxmonstre/eval/grid__resolution__seed0__epoch_030__r32_G-__probes__f32.jsonl,recalibrated
resolution_max_b1,0,-0.3,0.375,1.974155212402344,2.00742236328125,maxmonstre/eval/grid__resolution__seed0__epoch_030__r32_G-__probes__f32.jsonl,recalibrated
resolution_max_b1,0,-0.3,0.4,2.0486826171875,2.0891162109375,maxmonstre/eval/grid__resolution__seed0__epoch_030__r32_G-__probes__f32.jsonl,recalibrated
resolution_max_b1,0,-0.3,0.425,2.1255101928710936,2.16793701171875,maxmonstre/eval/grid__resolution__seed0__epoch_030__r32_G-__probes__f32.jsonl,recalibrated
resolution_max_b1,0,-0.3,0.45,2.2047894287109373,2.2455947265625,maxmonstre/eval/grid__resolution__seed0__epoch_030__r32_G-__probes__f32.jsonl,recalibrated
resolution_max_b1,0,-0.3,0.475,2.284169677734375,2.3212325439453125,maxmonstre/eval/grid__resolution__seed0__epoch_030__r32_G-__probes__f32.jsonl,recalibrated
resolution_max_b1,0,-0.3,0.5,2.364179931640625,2.3949810791015627,maxmonstre/eval/grid__resolution__seed0__epoch_030__r32_G-__probes__f32.jsonl,recalibrated
resolution_max_b1,0,-0.275,-0.5,3.3496077880859376,3.29413525390625,maxmonstre/eval/grid__resolution__seed0__epoch_030__r32_G-__probes__f32.jsonl,recalibrated
resolution_max_b1,0,-0.275,-0.475,3.2045648193359373,3.1629390869140623,maxmonstre/eval/grid__resolution__seed0__epoch_030__r32_G-__probes__f32.jsonl,recalibrated
resolution_max_b1,0,-0.275,-0.45,3.056677001953125,3.030452392578125,maxmonstre/eval/grid__resolution__seed0__epoch_030__r32_G-__probes__f32.jsonl,recalibrated
resolution_max_b1,0,-0.275,-0.425,2.908321166992188,2.899925537109375,maxmonstre/eval/grid__resolution__seed0__epoch_030__r32_G-__probes__f32.jsonl,recalibrated
resolution_max_b1,0,-0.275,-0.4,2.7628394775390626,2.769107421875,maxmonstre/eval/grid__resolution__seed0__epoch_030__r32_G-__probes__f32.jsonl,recalibrated
resolution_max_b1,0,-0.275,-0.375,2.6191859130859374,2.6354234619140624,maxmonstre/eval/grid__resolution__seed0__epoch_030__r32_G-__probes__f32.jsonl,recalibrated
resolution_max_b1,0,-0.275,-0.35,2.4805462646484373,2.512791870117188,maxmonstre/eval/grid__resolution__seed0__epoch_030__r32_G-__probes__f32.jsonl,recalibrated
resolution_max_b1,0,-0.275,-0.325,2.355926513671875,2.3976402587890626,maxmonstre/eval/grid__resolution__seed0__epoch_030__r32_G-__probes__f32.jsonl,recalibrated
resolution_max_b1,0,-0.275,-0.3,2.2428717041015624,2.3004423828125,maxmonstre/eval/grid__resolution__seed0__epoch_030__r32_G-__probes__f32.jsonl,recalibrated
resolution_max_b1,0,-0.275,-0.275,2.142239501953125,2.2128756103515625,maxmonstre/eval/grid__resolution__seed0__epoch_030__r32_G-__probes__f32.jsonl,recalibrated
resolution_max_b1,0,-0.275,-0.25,2.0497540283203124,2.13343505859375,maxmonstre/eval/grid__resolution__seed0__epoch_030__r32_G-__probes__f32.jsonl,recalibrated
resolution_max_b1,0,-0.275,-0.225,1.9591098022460935,2.0495496826171875,maxmonstre/eval/grid__resolution__seed0__epoch_030__r32_G-__probes__f32.jsonl,recalibrated
resolution_max_b1,0,-0.275,-0.2,1.876587646484375,1.958195068359375,maxmonstre/eval/grid__resolution__seed0__epoch_030__r32_G-__probes__f32.jsonl,recalibrated
resolution_max_b1,0,-0.275,-0.175,1.8000964965820312,1.8699503173828125,maxmonstre/eval/grid__resolution__seed0__epoch_030__r32_G-__probes__f32.jsonl,recalibrated
resolution_max_b1,0,-0.275,-0.15,1.7261209106445312,1.784831848144531,maxmonstre/eval/grid__resolution__seed0__epoch_030__r32_G-__probes__f32.jsonl,recalibrated
resolution_max_b1,0,-0.275,-0.125,1.651540832519531,1.70349853515625,maxmonstre/eval/grid__resolution__seed0__epoch_030__r32_G-__probes__f32.jsonl,recalibrated
resolution_max_b1,0,-0.275,-0.1,1.58034326171875,1.63447216796875,maxmonstre/eval/grid__resolution__seed0__epoch_030__r32_G-__probes__f32.jsonl,recalibrated
resolution_max_b1,0,-0.275,-0.075,1.521926025390625,1.57767626953125,maxmonstre/eval/grid__resolution__seed0__epoch_030__r32_G-__probes__f32.jsonl,recalibrated
resolution_max_b1,0,-0.275,-0.05,1.4712622680664065,1.5285816650390625,maxmonstre/eval/grid__resolution__seed0__epoch_030__r32_G-__probes__f32.jsonl,recalibrated
resolution_max_b1,0,-0.275,-0.025,1.4293566284179688,1.4861837158203124,maxmonstre/eval/grid__resolution__seed0__epoch_030__r32_G-__probes__f32.jsonl,recalibrated
resolution_max_b1,0,-0.275,0.0,1.3997960205078126,1.4525491333007812,maxmonstre/eval/grid__resolution__seed0__epoch_030__r32_G-__probes__f32.jsonl,recalibrated
resolution_max_b1,0,-0.275,0.025,1.3830088500976565,1.4325540161132813,maxmonstre/eval/grid__resolution__seed0__epoch_030__r32_G-__probes__f32.jsonl,recalibrated
resolution_max_b1,0,-0.275,0.05,1.37306640625,1.4193950805664062,maxmonstre/eval/grid__resolution__seed0__epoch_030__r32_G-__probes__f32.jsonl,recalibrated
resolution_max_b1,0,-0.275,0.075,1.372068603515625,1.4097371215820311,maxmonstre/eval/grid__resolution__seed0__epoch_030__r32_G-__probes__f32.jsonl,recalibrated
resolution_max_b1,0,-0.275,0.1,1.375654541015625,1.4082625122070314,maxmonstre/eval/grid__resolution__seed0__epoch_030__r32_G-__probes__f32.jsonl,recalibrated
resolution_max_b1,0,-0.275,0.125,1.3871951904296875,1.417556884765625,maxmonstre/eval/grid__resolution__seed0__epoch_030__r32_G-__probes__f32.jsonl,recalibrated
resolution_max_b1,0,-0.275,0.15,1.405039794921875,1.4345096435546876,maxmonstre/eval/grid__resolution__seed0__epoch_030__r32_G-__probes__f32.jsonl,recalibrated
resolution_max_b1,0,-0.275,0.175,1.430523193359375,1.4593970947265624,maxmonstre/eval/grid__resolution__seed0__epoch_030__r32_G-__probes__f32.jsonl,recalibrated
resolution_max_b1,0,-0.275,0.2,1.462955322265625,1.4900363159179688,maxmonstre/eval/grid__resolution__seed0__epoch_030__r32_G-__probes__f32.jsonl,recalibrated
resolution_max_b1,0,-0.275,0.225,1.50160498046875,1.530749755859375,maxmonstre/eval/grid__resolution__seed0__epoch_030__r32_G-__probes__f32.jsonl,recalibrated
resolution_max_b1,0,-0.275,0.25,1.5519022216796876,1.579224182128906,maxmonstre/eval/grid__resolution__seed0__epoch_030__r32_G-__probes__f32.jsonl,recalibrated
resolution_max_b1,0,-0.275,0.275,1.6080307006835937,1.63716357421875,maxmonstre/eval/grid__resolution__seed0__epoch_030__r32_G-__probes__f32.jsonl,recalibrated
resolution_max_b1,0,-0.275,0.3,1.6763403930664065,1.7038864135742189,maxmonstre/eval/grid__resolution__seed0__epoch_030__r32_G-__probes__f32.jsonl,recalibrated
resolution_max_b1,0,-0.275,0.325,1.7519188842773437,1.7798426513671874,maxmonstre/eval/grid__resolution__seed0__epoch_030__r32_G-__probes__f32.jsonl,recalibrated
resolution_max_b1,0,-0.275,0.35,1.82923681640625,1.8615985107421875,maxmonstre/eval/grid__resolution__seed0__epoch_030__r32_G-__probes__f32.jsonl,recalibrated
resolution_max_b1,0,-0.275,0.375,1.9109754638671876,1.9453532104492188,maxmonstre/eval/grid__resolution__seed0__epoch_030__r32_G-__probes__f32.jsonl,recalibrated
resolution_max_b1,0,-0.275,0.4,1.996792724609375,2.028668395996094,maxmonstre/eval/grid__resolution__seed0__epoch_030__r32_G-__probes__f32.jsonl,recalibrated
resolution_max_b1,0,-0.275,0.425,2.080992492675781,2.1128182373046878,maxmonstre/eval/grid__resolution__seed0__epoch_030__r32_G-__probes__f32.jsonl,recalibrated
resolution_max_b1,0,-0.275,0.45,2.164832641601562,2.197408203125,maxmonstre/eval/grid__resolution__seed0__epoch_030__r32_G-__probes__f32.jsonl,recalibrated
resolution_max_b1,0,-0.275,0.475,2.2500076904296877,2.278044677734375,maxmonstre/eval/grid__resolution__seed0__epoch_030__r32_G-__probes__f32.jsonl,recalibrated
resolution_max_b1,0,-0.275,0.5,2.3352716064453123,2.3565313720703127,maxmonstre/eval/grid__resolution__seed0__epoch_030__r32_G-__probes__f32.jsonl,recalibrated
resolution_max_b1,0,-0.25,-0.5,3.2823994140625,3.229577392578125,maxmonstre/eval/grid__resolution__seed0__epoch_030__r32_G-__probes__f32.jsonl,recalibrated
resolution_max_b1,0,-0.25,-0.475,3.1262933349609376,3.0904296875,maxmonstre/eval/grid__resolution__seed0__epoch_030__r32_G-__probes__f32.jsonl,recalibrated
resolution_max_b1,0,-0.25,-0.45,2.9671156005859376,2.9490316162109376,maxmonstre/eval/grid__resolution__seed0__epoch_030__r32_G-__probes__f32.jsonl,recalibrated
resolution_max_b1,0,-0.25,-0.425,2.807539794921875,2.8099522705078126,maxmonstre/eval/grid__resolution__seed0__epoch_030__r32_G-__probes__f32.jsonl,recalibrated
resolution_max_b1,0,-0.25,-0.4,2.64993017578125,2.6698009033203123,maxmonstre/eval/grid__resolution__seed0__epoch_030__r32_G-__probes__f32.jsonl,recalibrated
resolution_max_b1,0,-0.25,-0.375,2.4943798828125,2.526682373046875,maxmonstre/eval/grid__resolution__seed0__epoch_030__r32_G-__probes__f32.jsonl,recalibrated
resolution_max_b1,0,-0.25,-0.35,2.346737060546875,2.387126953125,maxmonstre/eval/grid__resolution__seed0__epoch_030__r32_G-__probes__f32.jsonl,recalibrated
resolution_max_b1,0,-0.25,-0.325,2.20999755859375,2.2632843017578126,maxmonstre/eval/grid__resolution__seed0__epoch_030__r32_G-__probes__f32.jsonl,recalibrated
resolution_max_b1,0,-0.25,-0.3,2.0859801025390623,2.149605834960937,maxmonstre/eval/grid__resolution__seed0__epoch_030__r32_G-__probes__f32.jsonl,recalibrated
resolution_max_b1,0,-0.25,-0.275,1.977736083984375,2.0519267578125,maxmonstre/eval/grid__resolution__seed0__epoch_030__r32_G-__probes__f32.jsonl,recalibrated
resolution_max_b1,0,-0.25,-0.25,1.88200927734375,1.96909619140625,v2/surfaces.csv,recalibrated
resolution_max_b1,0,-0.25,-0.225,1.79234326171875,1.891183837890625,v2/surfaces.csv,recalibrated
resolution_max_b1,0,-0.25,-0.2,1.7085473022460935,1.812748046875,v2/surfaces.csv,recalibrated
resolution_max_b1,0,-0.25,-0.175,1.6268111572265624,1.7305845947265626,v2/surfaces.csv,recalibrated
resolution_max_b1,0,-0.25,-0.15,1.5523292846679688,1.6505487060546875,v2/surfaces.csv,recalibrated
resolution_max_b1,0,-0.25,-0.125,1.4820482177734375,1.57317138671875,v2/surfaces.csv,recalibrated
resolution_max_b1,0,-0.25,-0.1,1.4131546630859375,1.5041476440429689,v2/surfaces.csv,recalibrated
resolution_max_b1,0,-0.25,-0.075,1.3528956909179688,1.4438171997070313,v2/surfaces.csv,recalibrated
resolution_max_b1,0,-0.25,-0.05,1.3005468139648435,1.3931861572265625,v2/surfaces.csv,recalibrated
resolution_max_b1,0,-0.25,-0.025,1.259601806640625,1.351271179199219,v2/surfaces.csv,recalibrated
resolution_max_b1,0,-0.25,0.0,1.231765625,1.32055419921875,v2/surfaces.csv,recalibrated
resolution_max_b1,0,-0.25,0.025,1.2161790771484375,1.30037353515625,v2/surfaces.csv,recalibrated
resolution_max_b1,0,-0.25,0.05,1.2111224975585937,1.288941162109375,v2/surfaces.csv,recalibrated
resolution_max_b1,0,-0.25,0.075,1.2147733764648438,1.2838912353515626,v2/surfaces.csv,recalibrated
resolution_max_b1,0,-0.25,0.1,1.224482360839844,1.28739208984375,v2/surfaces.csv,recalibrated
resolution_max_b1,0,-0.25,0.125,1.2399156494140624,1.3008853759765624,v2/surfaces.csv,recalibrated
resolution_max_b1,0,-0.25,0.15,1.2671100463867186,1.3236031494140623,v2/surfaces.csv,recalibrated
resolution_max_b1,0,-0.25,0.175,1.3013567504882813,1.352354736328125,v2/surfaces.csv,recalibrated
resolution_max_b1,0,-0.25,0.2,1.3396199951171874,1.3887154541015625,v2/surfaces.csv,recalibrated
resolution_max_b1,0,-0.25,0.225,1.38977490234375,1.4336054077148437,v2/surfaces.csv,recalibrated
resolution_max_b1,0,-0.25,0.25,1.4493862915039062,1.4877144165039062,v2/surfaces.csv,recalibrated
resolution_max_b1,0,-0.25,0.275,1.5158609619140626,1.5516561279296874,maxmonstre/eval/grid__resolution__seed0__epoch_030__r32_G-__probes__f32.jsonl,recalibrated
resolution_max_b1,0,-0.25,0.3,1.5934296264648438,1.6243651123046876,maxmonstre/eval/grid__resolution__seed0__epoch_030__r32_G-__probes__f32.jsonl,recalibrated
resolution_max_b1,0,-0.25,0.325,1.6779749145507812,1.70714990234375,maxmonstre/eval/grid__resolution__seed0__epoch_030__r32_G-__probes__f32.jsonl,recalibrated
resolution_max_b1,0,-0.25,0.35,1.7650194702148438,1.792230712890625,maxmonstre/eval/grid__resolution__seed0__epoch_030__r32_G-__probes__f32.jsonl,recalibrated
resolution_max_b1,0,-0.25,0.375,1.8556018676757813,1.8805811767578124,maxmonstre/eval/grid__resolution__seed0__epoch_030__r32_G-__probes__f32.jsonl,recalibrated
resolution_max_b1,0,-0.25,0.4,1.946953063964844,1.9694490356445316,maxmonstre/eval/grid__resolution__seed0__epoch_030__r32_G-__probes__f32.jsonl,recalibrated
resolution_max_b1,0,-0.25,0.425,2.038103515625,2.0600953369140624,maxmonstre/eval/grid__resolution__seed0__epoch_030__r32_G-__probes__f32.jsonl,recalibrated
resolution_max_b1,0,-0.25,0.45,2.13106884765625,2.1528602294921875,maxmonstre/eval/grid__resolution__seed0__epoch_030__r32_G-__probes__f32.jsonl,recalibrated
resolution_max_b1,0,-0.25,0.475,2.221497314453125,2.241915283203125,maxmonstre/eval/grid__resolution__seed0__epoch_030__r32_G-__probes__f32.jsonl,recalibrated
resolution_max_b1,0,-0.25,0.5,2.31390966796875,2.33194677734375,maxmonstre/eval/grid__resolution__seed0__epoch_030__r32_G-__probes__f32.jsonl,recalibrated
resolution_max_b1,0,-0.225,-0.5,3.215798095703125,3.1655638427734374,maxmonstre/eval/grid__resolution__seed0__epoch_030__r32_G-__probes__f32.jsonl,recalibrated
resolution_max_b1,0,-0.225,-0.475,3.05378662109375,3.01949560546875,maxmonstre/eval/grid__resolution__seed0__epoch_030__r32_G-__probes__f32.jsonl,recalibrated
resolution_max_b1,0,-0.225,-0.45,2.8839271240234376,2.864938720703125,maxmonstre/eval/grid__resolution__seed0__epoch_030__r32_G-__probes__f32.jsonl,recalibrated
resolution_max_b1,0,-0.225,-0.425,2.714759521484375,2.713146484375,maxmonstre/eval/grid__resolution__seed0__epoch_030__r32_G-__probes__f32.jsonl,recalibrated
resolution_max_b1,0,-0.225,-0.4,2.550017578125,2.5637420654296874,maxmonstre/eval/grid__resolution__seed0__epoch_030__r32_G-__probes__f32.jsonl,recalibrated
resolution_max_b1,0,-0.225,-0.375,2.3862808837890626,2.4179102783203126,maxmonstre/eval/grid__resolution__seed0__epoch_030__r32_G-__probes__f32.jsonl,recalibrated
resolution_max_b1,0,-0.225,-0.35,2.2284326171875,2.270531494140625,maxmonstre/eval/grid__resolution__seed0__epoch_030__r32_G-__probes__f32.jsonl,recalibrated
resolution_max_b1,0,-0.225,-0.325,2.0808477783203125,2.1341634521484374,maxmonstre/eval/grid__resolution__seed0__epoch_030__r32_G-__probes__f32.jsonl,recalibrated
resolution_max_b1,0,-0.225,-0.3,1.948369995117188,2.0124459228515623,maxmonstre/eval/grid__resolution__seed0__epoch_030__r32_G-__probes__f32.jsonl,recalibrated
resolution_max_b1,0,-0.225,-0.275,1.8291142578125,1.905667236328125,maxmonstre/eval/grid__resolution__seed0__epoch_030__r32_G-__probes__f32.jsonl,recalibrated
resolution_max_b1,0,-0.225,-0.25,1.72417578125,1.815185424804688,v2/surfaces.csv,recalibrated
resolution_max_b1,0,-0.225,-0.225,1.6342308349609376,1.7350162963867188,v2/surfaces.csv,recalibrated
resolution_max_b1,0,-0.225,-0.2,1.5469769287109374,1.6588213500976563,v2/surfaces.csv,recalibrated
resolution_max_b1,0,-0.225,-0.175,1.4620018310546874,1.580963623046875,v2/surfaces.csv,recalibrated
resolution_max_b1,0,-0.225,-0.15,1.385187255859375,1.5067842407226562,v2/surfaces.csv,recalibrated
resolution_max_b1,0,-0.225,-0.125,1.3106990966796874,1.436606201171875,v2/surfaces.csv,recalibrated
resolution_max_b1,0,-0.225,-0.1,1.2457817993164062,1.3689509887695313,v2/surfaces.csv,recalibrated
resolution_max_b1,0,-0.225,-0.075,1.1854688720703126,1.3084376831054687,v2/surfaces.csv,recalibrated
resolution_max_b1,0,-0.225,-0.05,1.1338724975585937,1.25432568359375,v2/surfaces.csv,recalibrated
resolution_max_b1,0,-0.225,-0.025,1.095083740234375,1.2139947509765625,v2/surfaces.csv,recalibrated
resolution_max_b1,0,-0.225,0.0,1.0709027709960937,1.1882389526367187,v2/surfaces.csv,recalibrated
resolution_max_b1,0,-0.225,0.025,1.0613939514160156,1.171015869140625,v2/surfaces.csv,recalibrated
resolution_max_b1,0,-0.225,0.05,1.060598876953125,1.1636759033203126,v2/surfaces.csv,recalibrated
resolution_max_b1,0,-0.225,0.075,1.0691273498535157,1.1646583251953124,v2/surfaces.csv,recalibrated
resolution_max_b1,0,-0.225,0.1,1.0850765991210938,1.176138427734375,v2/surfaces.csv,recalibrated
resolution_max_b1,0,-0.225,0.125,1.1086433715820312,1.1945402221679688,v2/surfaces.csv,recalibrated
resolution_max_b1,0,-0.225,0.15,1.142284423828125,1.2212142333984377,v2/surfaces.csv,recalibrated
resolution_max_b1,0,-0.225,0.175,1.1830047607421874,1.2532097778320312,v2/surfaces.csv,recalibrated
resolution_max_b1,0,-0.225,0.2,1.2326453857421875,1.2946848754882812,v2/surfaces.csv,recalibrated
resolution_max_b1,0,-0.225,0.225,1.2915524291992186,1.3453427124023438,v2/surfaces.csv,recalibrated
resolution_max_b1,0,-0.225,0.25,1.359572509765625,1.40353271484375,v2/surfaces.csv,recalibrated
resolution_max_b1,0,-0.225,0.275,1.4365283203125,1.4714141235351563,maxmonstre/eval/grid__resolution__seed0__epoch_030__r32_G-__probes__f32.jsonl,recalibrated
resolution_max_b1,0,-0.225,0.3,1.5229927368164062,1.5490972900390625,maxmonstre/eval/grid__resolution__seed0__epoch_030__r32_G-__probes__f32.jsonl,recalibrated
resolution_max_b1,0,-0.225,0.325,1.6156333618164065,1.6343173217773437,maxmonstre/eval/grid__resolution__seed0__epoch_030__r32_G-__probes__f32.jsonl,recalibrated
resolution_max_b1,0,-0.225,0.35,1.70948046875,1.723826416015625,maxmonstre/eval/grid__resolution__seed0__epoch_030__r32_G-__probes__f32.jsonl,recalibrated
resolution_max_b1,0,-0.225,0.375,1.80775732421875,1.8195347900390624,maxmonstre/eval/grid__resolution__seed0__epoch_030__r32_G-__probes__f32.jsonl,recalibrated
resolution_max_b1,0,-0.225,0.4,1.905978759765625,1.9176187133789064,maxmonstre/eval/grid__resolution__seed0__epoch_030__r32_G-__probes__f32.jsonl,recalibrated
resolution_max_b1,0,-0.225,0.425,2.0036964111328124,2.018274475097656,maxmonstre/eval/grid__resolution__seed0__epoch_030__r32_G-__probes__f32.jsonl,recalibrated
resolution_max_b1,0,-0.225,0.45,2.1005451049804686,2.118599853515625,maxmonstre/eval/grid__resolution__seed0__epoch_030__r32_G-__probes__f32.jsonl,recalibrated
resolution_max_b1,0,-0.225,0.475,2.1988804931640624,2.218327880859375,maxmonstre/eval/grid__resolution__seed0__epoch_030__r32_G-__probes__f32.jsonl,recalibrated
resolution_max_b1,0,-0.225,0.5,2.29826708984375,2.3191566162109374,maxmonstre/eval/grid__resolution__seed0__epoch_030__r32_G-__probes__f32.jsonl,recalibrated
resolution_max_b1,0,-0.2,-0.5,3.14222216796875,3.091935302734375,maxmonstre/eval/grid__resolution__seed0__epoch_030__r32_G-__probes__f32.jsonl,recalibrated
resolution_max_b1,0,-0.2,-0.475,2.979877685546875,2.9412784423828127,maxmonstre/eval/grid__resolution__seed0__epoch_030__r32_G-__probes__f32.jsonl,recalibrated
resolution_max_b1,0,-0.2,-0.45,2.8114876708984373,2.788141479492188,maxmonstre/eval/grid__resolution__seed0__epoch_030__r32_G-__probes__f32.jsonl,recalibrated
resolution_max_b1,0,-0.2,-0.425,2.6355833740234376,2.6293465576171875,maxmonstre/eval/grid__resolution__seed0__epoch_030__r32_G-__probes__f32.jsonl,recalibrated
resolution_max_b1,0,-0.2,-0.4,2.45623681640625,2.46875390625,maxmonstre/eval/grid__resolution__seed0__epoch_030__r32_G-__probes__f32.jsonl,recalibrated
resolution_max_b1,0,-0.2,-0.375,2.283596435546875,2.312852294921875,maxmonstre/eval/grid__resolution__seed0__epoch_030__r32_G-__probes__f32.jsonl,recalibrated
resolution_max_b1,0,-0.2,-0.35,2.119312744140625,2.1606044921875,maxmonstre/eval/grid__resolution__seed0__epoch_030__r32_G-__probes__f32.jsonl,recalibrated
resolution_max_b1,0,-0.2,-0.325,1.960716674804688,2.0199400024414063,maxmonstre/eval/grid__resolution__seed0__epoch_030__r32_G-__probes__f32.jsonl,recalibrated
resolution_max_b1,0,-0.2,-0.3,1.8155526123046877,1.8904814453125,maxmonstre/eval/grid__resolution__seed0__epoch_030__r32_G-__probes__f32.jsonl,recalibrated
resolution_max_b1,0,-0.2,-0.275,1.690225341796875,1.7742916259765624,maxmonstre/eval/grid__resolution__seed0__epoch_030__r32_G-__probes__f32.jsonl,recalibrated
resolution_max_b1,0,-0.2,-0.25,1.5770782470703124,1.6711346435546874,v2/surfaces.csv,recalibrated
resolution_max_b1,0,-0.2,-0.225,1.4762420043945312,1.5852219848632811,v2/surfaces.csv,recalibrated
resolution_max_b1,0,-0.2,-0.2,1.3867427368164065,1.51038916015625,v2/surfaces.csv,recalibrated
resolution_max_b1,0,-0.2,-0.175,1.301905517578125,1.4344039916992188,v2/surfaces.csv,recalibrated
resolution_max_b1,0,-0.2,-0.15,1.220381103515625,1.362948974609375,v2/surfaces.csv,recalibrated
resolution_max_b1,0,-0.2,-0.125,1.145458984375,1.2944829711914063,v2/surfaces.csv,recalibrated
resolution_max_b1,0,-0.2,-0.1,1.0779378662109376,1.2295679321289064,v2/surfaces.csv,recalibrated
resolution_max_b1,0,-0.2,-0.075,1.0185489501953124,1.1703189697265626,v2/surfaces.csv,recalibrated
resolution_max_b1,0,-0.2,-0.05,0.9701966857910156,1.1192899169921875,v2/surfaces.csv,recalibrated
resolution_max_b1,0,-0.2,-0.025,0.9359488525390623,1.0822299194335938,v2/surfaces.csv,recalibrated
resolution_max_b1,0,-0.2,0.0,0.9165548400878908,1.0592889404296877,v2/surfaces.csv,recalibrated
resolution_max_b1,0,-0.2,0.025,0.9113637084960936,1.04850537109375,v2/surfaces.csv,recalibrated
resolution_max_b1,0,-0.2,0.05,0.9162424011230468,1.047521209716797,v2/surfaces.csv,recalibrated
resolution_max_b1,0,-0.2,0.075,0.9305116271972655,1.0527892456054688,v2/surfaces.csv,recalibrated
resolution_max_b1,0,-0.2,0.1,0.9550653381347656,1.06943359375,v2/surfaces.csv,recalibrated
resolution_max_b1,0,-0.2,0.125,0.9880235595703124,1.093012878417969,v2/surfaces.csv,recalibrated
resolution_max_b1,0,-0.2,0.15,1.0271253051757812,1.1232660522460938,v2/surfaces.csv,recalibrated
resolution_max_b1,0,-0.2,0.175,1.0770711059570313,1.15828759765625,v2/surfaces.csv,recalibrated
resolution_max_b1,0,-0.2,0.2,1.1366123046875,1.2050863647460937,v2/surfaces.csv,recalibrated
resolution_max_b1,0,-0.2,0.225,1.204244140625,1.2621416625976565,v2/surfaces.csv,recalibrated
resolution_max_b1,0,-0.2,0.25,1.2817445068359374,1.32715185546875,v2/surfaces.csv,recalibrated
resolution_max_b1,0,-0.2,0.275,1.3680230102539062,1.4017465209960938,maxmonstre/eval/grid__resolution__seed0__epoch_030__r32_G-__probes__f32.jsonl,recalibrated
resolution_max_b1,0,-0.2,0.3,1.4633325805664064,1.4857581787109375,maxmonstre/eval/grid__resolution__seed0__epoch_030__r32_G-__probes__f32.jsonl,recalibrated
resolution_max_b1,0,-0.2,0.325,1.5629763793945313,1.5742012329101562,maxmonstre/eval/grid__resolution__seed0__epoch_030__r32_G-__probes__f32.jsonl,recalibrated
resolution_max_b1,0,-0.2,0.35,1.6647471313476565,1.6689183349609376,maxmonstre/eval/grid__resolution__seed0__epoch_030__r32_G-__probes__f32.jsonl,recalibrated
resolution_max_b1,0,-0.2,0.375,1.7695840454101563,1.77014892578125,maxmonstre/eval/grid__resolution__seed0__epoch_030__r32_G-__probes__f32.jsonl,recalibrated
resolution_max_b1,0,-0.2,0.4,1.872494873046875,1.875502685546875,maxmonstre/eval/grid__resolution__seed0__epoch_030__r32_G-__probes__f32.jsonl,recalibrated
resolution_max_b1,0,-0.2,0.425,1.976185546875,1.9854326782226563,maxmonstre/eval/grid__resolution__seed0__epoch_030__r32_G-__probes__f32.jsonl,recalibrated
resolution_max_b1,0,-0.2,0.45,2.0795247802734376,2.0951180419921878,maxmonstre/eval/grid__resolution__seed0__epoch_030__r32_G-__probes__f32.jsonl,recalibrated
resolution_max_b1,0,-0.2,0.475,2.183757202148437,2.203264404296875,maxmonstre/eval/grid__resolution__seed0__epoch_030__r32_G-__probes__f32.jsonl,recalibrated
resolution_max_b1,0,-0.2,0.5,2.2901185302734377,2.309034423828125,maxmonstre/eval/grid__resolution__seed0__epoch_030__r32_G-__probes__f32.jsonl,recalibrated
resolution_max_b1,0,-0.175,-0.5,3.058367309570313,3.033961669921875,maxmonstre/eval/grid__resolution__seed0__epoch_030__r32_G-__probes__f32.jsonl,recalibrated
resolution_max_b1,0,-0.175,-0.475,2.89602197265625,2.877495361328125,maxmonstre/eval/grid__resolution__seed0__epoch_030__r32_G-__probes__f32.jsonl,recalibrated
resolution_max_b1,0,-0.175,-0.45,2.7268790283203126,2.7170491943359374,maxmonstre/eval/grid__resolution__seed0__epoch_030__r32_G-__probes__f32.jsonl,recalibrated
resolution_max_b1,0,-0.175,-0.425,2.5489478759765625,2.5523316650390626,maxmonstre/eval/grid__resolution__seed0__epoch_030__r32_G-__probes__f32.jsonl,recalibrated
resolution_max_b1,0,-0.175,-0.4,2.36966552734375,2.388182861328125,maxmonstre/eval/grid__resolution__seed0__epoch_030__r32_G-__probes__f32.jsonl,recalibrated
resolution_max_b1,0,-0.175,-0.375,2.1905030517578123,2.2226971435546874,maxmonstre/eval/grid__resolution__seed0__epoch_030__r32_G-__probes__f32.jsonl,recalibrated
resolution_max_b1,0,-0.175,-0.35,2.016986328125,2.0607393798828126,maxmonstre/eval/grid__resolution__seed0__epoch_030__r32_G-__probes__f32.jsonl,recalibrated
resolution_max_b1,0,-0.175,-0.325,1.8522612915039065,1.9118546142578128,maxmonstre/eval/grid__resolution__seed0__epoch_030__r32_G-__probes__f32.jsonl,recalibrated
resolution_max_b1,0,-0.175,-0.3,1.6984779663085938,1.7775857543945313,maxmonstre/eval/grid__resolution__seed0__epoch_030__r32_G-__probes__f32.jsonl,recalibrated
resolution_max_b1,0,-0.175,-0.275,1.5597283935546875,1.6569567260742188,maxmonstre/eval/grid__resolution__seed0__epoch_030__r32_G-__probes__f32.jsonl,recalibrated
resolution_max_b1,0,-0.175,-0.25,1.438255615234375,1.5531966552734375,v2/surfaces.csv,recalibrated
resolution_max_b1,0,-0.175,-0.225,1.325266357421875,1.46008642578125,v2/surfaces.csv,recalibrated
resolution_max_b1,0,-0.175,-0.2,1.223633056640625,1.3786298828125,v2/surfaces.csv,recalibrated
resolution_max_b1,0,-0.175,-0.175,1.136678955078125,1.30772412109375,v2/surfaces.csv,recalibrated
resolution_max_b1,0,-0.175,-0.15,1.057006103515625,1.2329863891601562,v2/surfaces.csv,recalibrated
resolution_max_b1,0,-0.175,-0.125,0.981790985107422,1.15767626953125,v2/surfaces.csv,recalibrated
resolution_max_b1,0,-0.175,-0.1,0.9147948608398436,1.0928345336914065,v2/surfaces.csv,recalibrated
resolution_max_b1,0,-0.175,-0.075,0.8592378234863282,1.0390548400878907,v2/surfaces.csv,recalibrated
resolution_max_b1,0,-0.175,-0.05,0.8170556640625,0.9941804809570312,v2/surfaces.csv,recalibrated
resolution_max_b1,0,-0.175,-0.025,0.78948046875,0.960861785888672,v2/surfaces.csv,recalibrated
resolution_max_b1,0,-0.175,0.0,0.776094482421875,0.9409373474121092,v2/surfaces.csv,recalibrated
resolution_max_b1,0,-0.175,0.025,0.773932373046875,0.9333273620605468,v2/surfaces.csv,recalibrated
resolution_max_b1,0,-0.175,0.05,0.782172119140625,0.93628466796875,v2/surfaces.csv,recalibrated
resolution_max_b1,0,-0.175,0.075,0.80496923828125,0.9465410461425782,v2/surfaces.csv,recalibrated
resolution_max_b1,0,-0.175,0.1,0.8398654174804687,0.9642485046386718,v2/surfaces.csv,recalibrated
resolution_max_b1,0,-0.175,0.125,0.8818150329589843,0.9905180053710938,v2/surfaces.csv,recalibrated
resolution_max_b1,0,-0.175,0.15,0.929958984375,1.0273851623535155,v2/surfaces.csv,recalibrated
resolution_max_b1,0,-0.175,0.175,0.988810302734375,1.07242724609375,v2/surfaces.csv,recalibrated
resolution_max_b1,0,-0.175,0.2,1.0555404052734374,1.1246864624023438,v2/surfaces.csv,recalibrated
resolution_max_b1,0,-0.175,0.225,1.1316739501953126,1.187833740234375,v2/surfaces.csv,recalibrated
resolution_max_b1,0,-0.175,0.25,1.21682958984375,1.26155712890625,v2/surfaces.csv,recalibrated
resolution_max_b1,0,-0.175,0.275,1.3124739379882813,1.343056640625,maxmonstre/eval/grid__resolution__seed0__epoch_030__r32_G-__probes__f32.jsonl,recalibrated
resolution_max_b1,0,-0.175,0.3,1.415597595214844,1.4313882446289063,maxmonstre/eval/grid__resolution__seed0__epoch_030__r32_G-__probes__f32.jsonl,recalibrated
resolution_max_b1,0,-0.175,0.325,1.5214881591796876,1.5222422485351563,maxmonstre/eval/grid__resolution__seed0__epoch_030__r32_G-__probes__f32.jsonl,recalibrated
resolution_max_b1,0,-0.175,0.35,1.62902099609375,1.621940673828125,maxmonstre/eval/grid__resolution__seed0__epoch_030__r32_G-__probes__f32.jsonl,recalibrated
resolution_max_b1,0,-0.175,0.375,1.73733837890625,1.72929638671875,maxmonstre/eval/grid__resolution__seed0__epoch_030__r32_G-__probes__f32.jsonl,recalibrated
resolution_max_b1,0,-0.175,0.4,1.8475415649414064,1.8396224975585935,maxmonstre/eval/grid__resolution__seed0__epoch_030__r32_G-__probes__f32.jsonl,recalibrated
resolution_max_b1,0,-0.175,0.425,1.9574520263671875,1.9589248657226563,maxmonstre/eval/grid__resolution__seed0__epoch_030__r32_G-__probes__f32.jsonl,recalibrated
resolution_max_b1,0,-0.175,0.45,2.0698543701171874,2.0752901611328123,maxmonstre/eval/grid__resolution__seed0__epoch_030__r32_G-__probes__f32.jsonl,recalibrated
resolution_max_b1,0,-0.175,0.475,2.179133544921875,2.190349365234375,maxmonstre/eval/grid__resolution__seed0__epoch_030__r32_G-__probes__f32.jsonl,recalibrated
resolution_max_b1,0,-0.175,0.5,2.288658447265625,2.2997880859375,maxmonstre/eval/grid__resolution__seed0__epoch_030__r32_G-__probes__f32.jsonl,recalibrated
resolution_max_b1,0,-0.15,-0.5,2.9818668212890627,2.978747314453125,maxmonstre/eval/grid__resolution__seed0__epoch_030__r32_G-__probes__f32.jsonl,recalibrated
resolution_max_b1,0,-0.15,-0.475,2.819397338867188,2.8182630615234374,maxmonstre/eval/grid__resolution__seed0__epoch_030__r32_G-__probes__f32.jsonl,recalibrated
resolution_max_b1,0,-0.15,-0.45,2.6476253662109377,2.6500224609375,maxmonstre/eval/grid__resolution__seed0__epoch_030__r32_G-__probes__f32.jsonl,recalibrated
resolution_max_b1,0,-0.15,-0.425,2.468704345703125,2.4830977783203125,maxmonstre/eval/grid__resolution__seed0__epoch_030__r32_G-__probes__f32.jsonl,recalibrated
resolution_max_b1,0,-0.15,-0.4,2.286123779296875,2.312633178710937,maxmonstre/eval/grid__resolution__seed0__epoch_030__r32_G-__probes__f32.jsonl,recalibrated
resolution_max_b1,0,-0.15,-0.375,2.103003784179688,2.144988525390625,maxmonstre/eval/grid__resolution__seed0__epoch_030__r32_G-__probes__f32.jsonl,recalibrated
resolution_max_b1,0,-0.15,-0.35,1.9265574951171875,1.9804418334960936,maxmonstre/eval/grid__resolution__seed0__epoch_030__r32_G-__probes__f32.jsonl,recalibrated
resolution_max_b1,0,-0.15,-0.325,1.756134033203125,1.8262146606445315,maxmonstre/eval/grid__resolution__seed0__epoch_030__r32_G-__probes__f32.jsonl,recalibrated
resolution_max_b1,0,-0.15,-0.3,1.597260009765625,1.6894668579101562,maxmonstre/eval/grid__resolution__seed0__epoch_030__r32_G-__probes__f32.jsonl,recalibrated
resolution_max_b1,0,-0.15,-0.275,1.45005615234375,1.5659520263671876,maxmonstre/eval/grid__resolution__seed0__epoch_030__r32_G-__probes__f32.jsonl,recalibrated
resolution_max_b1,0,-0.15,-0.25,1.3156072998046875,1.4569564819335938,v2/surfaces.csv,recalibrated
resolution_max_b1,0,-0.15,-0.225,1.1955592651367188,1.3592223510742187,v2/surfaces.csv,recalibrated
resolution_max_b1,0,-0.15,-0.2,1.09005029296875,1.2763303833007813,v2/surfaces.csv,recalibrated
resolution_max_b1,0,-0.15,-0.175,0.9998743896484374,1.2020823974609376,v2/surfaces.csv,recalibrated
resolution_max_b1,0,-0.15,-0.15,0.9152459716796876,1.120470703125,v2/surfaces.csv,recalibrated
resolution_max_b1,0,-0.15,-0.125,0.8370957946777344,1.0327359008789063,v2/surfaces.csv,recalibrated
resolution_max_b1,0,-0.15,-0.1,0.767638671875,0.9602549743652344,v2/surfaces.csv,recalibrated
resolution_max_b1,0,-0.15,-0.075,0.7154680786132812,0.9071520690917968,v2/surfaces.csv,recalibrated
resolution_max_b1,0,-0.15,-0.05,0.6796702575683594,0.8721698608398437,v2/surfaces.csv,recalibrated
resolution_max_b1,0,-0.15,-0.025,0.6600632019042969,0.8481312255859375,v2/surfaces.csv,recalibrated
resolution_max_b1,0,-0.15,0.0,0.6524813232421875,0.8324912414550781,v2/surfaces.csv,recalibrated
resolution_max_b1,0,-0.15,0.025,0.6558019104003906,0.8275697326660156,v2/surfaces.csv,recalibrated
resolution_max_b1,0,-0.15,0.05,0.6688063354492187,0.8363956298828125,v2/surfaces.csv,recalibrated
resolution_max_b1,0,-0.15,0.075,0.6949533386230469,0.8515925903320313,v2/surfaces.csv,recalibrated
resolution_max_b1,0,-0.15,0.1,0.7354279174804688,0.8726097412109375,v2/surfaces.csv,recalibrated
resolution_max_b1,0,-0.15,0.125,0.7859842224121094,0.9028120727539064,v2/surfaces.csv,recalibrated
resolution_max_b1,0,-0.15,0.15,0.8446825561523438,0.9438116455078124,v2/surfaces.csv,recalibrated
resolution_max_b1,0,-0.15,0.175,0.9115632934570312,0.9954701538085936,v2/surfaces.csv,recalibrated
resolution_max_b1,0,-0.15,0.2,0.9842595825195312,1.0562315673828124,v2/surfaces.csv,recalibrated
resolution_max_b1,0,-0.15,0.225,1.0688154296875,1.1269916381835938,v2/surfaces.csv,recalibrated
resolution_max_b1,0,-0.15,0.25,1.165826416015625,1.2073035888671877,v2/surfaces.csv,recalibrated
resolution_max_b1,0,-0.15,0.275,1.2694530639648438,1.2948984985351562,maxmonstre/eval/grid__resolution__seed0__epoch_030__r32_G-__probes__f32.jsonl,recalibrated
resolution_max_b1,0,-0.15,0.3,1.3786336669921877,1.3882470092773438,maxmonstre/eval/grid__resolution__seed0__epoch_030__r32_G-__probes__f32.jsonl,recalibrated
resolution_max_b1,0,-0.15,0.325,1.4895732421875,1.4858829956054689,maxmonstre/eval/grid__resolution__seed0__epoch_030__r32_G-__probes__f32.jsonl,recalibrated
resolution_max_b1,0,-0.15,0.35,1.6028421020507813,1.589452392578125,maxmonstre/eval/grid__resolution__seed0__epoch_030__r32_G-__probes__f32.jsonl,recalibrated
resolution_max_b1,0,-0.15,0.375,1.7185441284179688,1.6974794311523438,maxmonstre/eval/grid__resolution__seed0__epoch_030__r32_G-__probes__f32.jsonl,recalibrated
resolution_max_b1,0,-0.15,0.4,1.8333511962890623,1.8135231323242187,maxmonstre/eval/grid__resolution__seed0__epoch_030__r32_G-__probes__f32.jsonl,recalibrated
resolution_max_b1,0,-0.15,0.425,1.9480880737304689,1.9368043212890624,maxmonstre/eval/grid__resolution__seed0__epoch_030__r32_G-__probes__f32.jsonl,recalibrated
resolution_max_b1,0,-0.15,0.45,2.065668273925781,2.058803588867188,maxmonstre/eval/grid__resolution__seed0__epoch_030__r32_G-__probes__f32.jsonl,recalibrated
resolution_max_b1,0,-0.15,0.475,2.179468017578125,2.175811767578125,maxmonstre/eval/grid__resolution__seed0__epoch_030__r32_G-__probes__f32.jsonl,recalibrated
resolution_max_b1,0,-0.15,0.5,2.2930513916015625,2.288569091796875,maxmonstre/eval/grid__resolution__seed0__epoch_030__r32_G-__probes__f32.jsonl,recalibrated
resolution_max_b1,0,-0.125,-0.5,2.9307099609375,2.9468096923828124,maxmonstre/eval/grid__resolution__seed0__epoch_030__r32_G-__probes__f32.jsonl,recalibrated
resolution_max_b1,0,-0.125,-0.475,2.759475830078125,2.776933349609375,maxmonstre/eval/grid__resolution__seed0__epoch_030__r32_G-__probes__f32.jsonl,recalibrated
resolution_max_b1,0,-0.125,-0.45,2.58268310546875,2.604291259765625,maxmonstre/eval/grid__resolution__seed0__epoch_030__r32_G-__probes__f32.jsonl,recalibrated
resolution_max_b1,0,-0.125,-0.425,2.3993203125,2.432222900390625,maxmonstre/eval/grid__resolution__seed0__epoch_030__r32_G-__probes__f32.jsonl,recalibrated
resolution_max_b1,0,-0.125,-0.4,2.2179185791015623,2.258980712890625,maxmonstre/eval/grid__resolution__seed0__epoch_030__r32_G-__probes__f32.jsonl,recalibrated
resolution_max_b1,0,-0.125,-0.375,2.0332305908203123,2.0855986328125,maxmonstre/eval/grid__resolution__seed0__epoch_030__r32_G-__probes__f32.jsonl,recalibrated
resolution_max_b1,0,-0.125,-0.35,1.8537288818359372,1.9182994384765624,maxmonstre/eval/grid__resolution__seed0__epoch_030__r32_G-__probes__f32.jsonl,recalibrated
resolution_max_b1,0,-0.125,-0.325,1.6779970703125,1.7650089721679687,maxmonstre/eval/grid__resolution__seed0__epoch_030__r32_G-__probes__f32.jsonl,recalibrated
resolution_max_b1,0,-0.125,-0.3,1.5157981567382812,1.6226544189453125,maxmonstre/eval/grid__resolution__seed0__epoch_030__r32_G-__probes__f32.jsonl,recalibrated
resolution_max_b1,0,-0.125,-0.275,1.361990295410156,1.4983702392578124,maxmonstre/eval/grid__resolution__seed0__epoch_030__r32_G-__probes__f32.jsonl,recalibrated
resolution_max_b1,0,-0.125,-0.25,1.2193544921875,1.3902886962890626,v2/surfaces.csv,recalibrated
resolution_max_b1,0,-0.125,-0.225,1.0954298706054688,1.2958163452148437,v2/surfaces.csv,recalibrated
resolution_max_b1,0,-0.125,-0.2,0.9878839721679687,1.212669189453125,v2/surfaces.csv,recalibrated
resolution_max_b1,0,-0.125,-0.175,0.89602685546875,1.13759423828125,v2/surfaces.csv,recalibrated
resolution_max_b1,0,-0.125,-0.15,0.8141589965820313,1.0537498168945312,v2/surfaces.csv,recalibrated
resolution_max_b1,0,-0.125,-0.125,0.7339495849609375,0.9574883422851562,v2/surfaces.csv,recalibrated
resolution_max_b1,0,-0.125,-0.1,0.6598602905273437,0.8683692626953124,v2/surfaces.csv,recalibrated
resolution_max_b1,0,-0.125,-0.075,0.6024858703613282,0.8069425659179688,v2/surfaces.csv,recalibrated
resolution_max_b1,0,-0.125,-0.05,0.5674563598632812,0.7728609924316406,v2/surfaces.csv,recalibrated
resolution_max_b1,0,-0.125,-0.025,0.5490095825195312,0.7539647521972657,v2/surfaces.csv,recalibrated
resolution_max_b1,0,-0.125,0.0,0.5447113952636718,0.7457640686035156,v2/surfaces.csv,recalibrated
resolution_max_b1,0,-0.125,0.025,0.5530884704589843,0.745771484375,v2/surfaces.csv,recalibrated
resolution_max_b1,0,-0.125,0.05,0.5717594604492188,0.7550423583984375,v2/surfaces.csv,recalibrated
resolution_max_b1,0,-0.125,0.075,0.6019686889648438,0.77432275390625,v2/surfaces.csv,recalibrated
resolution_max_b1,0,-0.125,0.1,0.6452796630859375,0.800833251953125,v2/surfaces.csv,recalibrated
resolution_max_b1,0,-0.125,0.125,0.7020693664550781,0.8337207336425781,v2/surfaces.csv,recalibrated
resolution_max_b1,0,-0.125,0.15,0.770057373046875,0.8761852722167969,v2/surfaces.csv,recalibrated
resolution_max_b1,0,-0.125,0.175,0.8446968994140625,0.933303192138672,v2/surfaces.csv,recalibrated
resolution_max_b1,0,-0.125,0.2,0.92715869140625,1.0030871887207031,v2/surfaces.csv,recalibrated
resolution_max_b1,0,-0.125,0.225,1.0204042053222655,1.0801207275390623,v2/surfaces.csv,recalibrated
resolution_max_b1,0,-0.125,0.25,1.1265446166992188,1.1644051513671876,v2/surfaces.csv,recalibrated
resolution_max_b1,0,-0.125,0.275,1.238139953613281,1.2554227905273438,maxmonstre/eval/grid__resolution__seed0__epoch_030__r32_G-__probes__f32.jsonl,recalibrated
resolution_max_b1,0,-0.125,0.3,1.3523699340820312,1.3529439086914063,maxmonstre/eval/grid__resolution__seed0__epoch_030__r32_G-__probes__f32.jsonl,recalibrated
resolution_max_b1,0,-0.125,0.325,1.4673908081054687,1.4564740600585937,maxmonstre/eval/grid__resolution__seed0__epoch_030__r32_G-__probes__f32.jsonl,recalibrated
resolution_max_b1,0,-0.125,0.35,1.5850790405273438,1.5625717163085937,maxmonstre/eval/grid__resolution__seed0__epoch_030__r32_G-__probes__f32.jsonl,recalibrated
resolution_max_b1,0,-0.125,0.375,1.7055152587890623,1.6747845458984374,maxmonstre/eval/grid__resolution__seed0__epoch_030__r32_G-__probes__f32.jsonl,recalibrated
resolution_max_b1,0,-0.125,0.4,1.8288167114257807,1.796832275390625,maxmonstre/eval/grid__resolution__seed0__epoch_030__r32_G-__probes__f32.jsonl,recalibrated
resolution_max_b1,0,-0.125,0.425,1.951455322265625,1.9215450439453128,maxmonstre/eval/grid__resolution__seed0__epoch_030__r32_G-__probes__f32.jsonl,recalibrated
resolution_max_b1,0,-0.125,0.45,2.07065771484375,2.043907165527344,maxmonstre/eval/grid__resolution__seed0__epoch_030__r32_G-__probes__f32.jsonl,recalibrated
resolution_max_b1,0,-0.125,0.475,2.186646118164062,2.1622952880859376,maxmonstre/eval/grid__resolution__seed0__epoch_030__r32_G-__probes__f32.jsonl,recalibrated
resolution_max_b1,0,-0.125,0.5,2.3035455322265626,2.2781297607421878,maxmonstre/eval/grid__resolution__seed0__epoch_030__r32_G-__probes__f32.jsonl,recalibrated
resolution_max_b1,0,-0.1,-0.5,2.8805513916015624,2.9303687744140623,maxmonstre/eval/grid__resolution__seed0__epoch_030__r32_G-__probes__f32.jsonl,recalibrated
resolution_max_b1,0,-0.1,-0.475,2.712100341796875,2.7603206787109373,maxmonstre/eval/grid__resolution__seed0__epoch_030__r32_G-__probes__f32.jsonl,recalibrated
resolution_max_b1,0,-0.1,-0.45,2.53784814453125,2.5827960205078124,maxmonstre/eval/grid__resolution__seed0__epoch_030__r32_G-__probes__f32.jsonl,recalibrated
resolution_max_b1,0,-0.1,-0.425,2.359371337890625,2.405022705078125,maxmonstre/eval/grid__resolution__seed0__epoch_030__r32_G-__probes__f32.jsonl,recalibrated
resolution_max_b1,0,-0.1,-0.4,2.177274169921875,2.2323077392578123,maxmonstre/eval/grid__resolution__seed0__epoch_030__r32_G-__probes__f32.jsonl,recalibrated
resolution_max_b1,0,-0.1,-0.375,1.992897216796875,2.06567919921875,maxmonstre/eval/grid__resolution__seed0__epoch_030__r32_G-__probes__f32.jsonl,recalibrated
resolution_max_b1,0,-0.1,-0.35,1.8116907958984372,1.899394836425781,maxmonstre/eval/grid__resolution__seed0__epoch_030__r32_G-__probes__f32.jsonl,recalibrated
resolution_max_b1,0,-0.1,-0.325,1.6361585693359375,1.7425479125976562,maxmonstre/eval/grid__resolution__seed0__epoch_030__r32_G-__probes__f32.jsonl,recalibrated
resolution_max_b1,0,-0.1,-0.3,1.4661619873046876,1.5962814331054689,maxmonstre/eval/grid__resolution__seed0__epoch_030__r32_G-__probes__f32.jsonl,recalibrated
resolution_max_b1,0,-0.1,-0.275,1.3095206298828126,1.4653051147460938,maxmonstre/eval/grid__resolution__seed0__epoch_030__r32_G-__probes__f32.jsonl,recalibrated
resolution_max_b1,0,-0.1,-0.25,1.1622813720703125,1.3523795166015624,v2/surfaces.csv,recalibrated
resolution_max_b1,0,-0.1,-0.225,1.0304393310546875,1.2517718505859374,v2/surfaces.csv,recalibrated
resolution_max_b1,0,-0.1,-0.2,0.9139872131347656,1.1560005493164065,v2/surfaces.csv,recalibrated
resolution_max_b1,0,-0.1,-0.175,0.8171390991210937,1.065738006591797,v2/surfaces.csv,recalibrated
resolution_max_b1,0,-0.1,-0.15,0.7279681396484375,0.9757879638671876,v2/surfaces.csv,recalibrated
resolution_max_b1,0,-0.1,-0.125,0.6462450866699219,0.8796092224121094,v2/surfaces.csv,recalibrated
resolution_max_b1,0,-0.1,-0.1,0.5741188049316406,0.7978656616210937,v2/surfaces.csv,recalibrated
resolution_max_b1,0,-0.1,-0.075,0.5186776733398437,0.7369759521484375,v2/surfaces.csv,recalibrated
resolution_max_b1,0,-0.1,-0.05,0.4814697113037109,0.6990648498535156,v2/surfaces.csv,recalibrated
resolution_max_b1,0,-0.1,-0.025,0.463964599609375,0.6793119812011719,v2/surfaces.csv,recalibrated
resolution_max_b1,0,-0.1,0.0,0.4609870910644531,0.6743514709472657,v2/surfaces.csv,recalibrated
resolution_max_b1,0,-0.1,0.025,0.4699078826904297,0.6791516418457031,v2/surfaces.csv,recalibrated
resolution_max_b1,0,-0.1,0.05,0.4910290832519531,0.6927875671386718,v2/surfaces.csv,recalibrated
resolution_max_b1,0,-0.1,0.075,0.5267931518554687,0.7148274536132813,v2/surfaces.csv,recalibrated
resolution_max_b1,0,-0.1,0.1,0.5757699279785157,0.7429862670898437,v2/surfaces.csv,recalibrated
resolution_max_b1,0,-0.1,0.125,0.6357749633789063,0.7786857299804687,v2/surfaces.csv,recalibrated
resolution_max_b1,0,-0.1,0.15,0.70933154296875,0.8240197143554687,v2/surfaces.csv,recalibrated
resolution_max_b1,0,-0.1,0.175,0.7931201782226562,0.8822861022949219,v2/surfaces.csv,recalibrated
resolution_max_b1,0,-0.1,0.2,0.8841701049804688,0.957064483642578,v2/surfaces.csv,recalibrated
resolution_max_b1,0,-0.1,0.225,0.9865186767578124,1.040476409912109,v2/surfaces.csv,recalibrated
resolution_max_b1,0,-0.1,0.25,1.0971943969726563,1.1328487548828126,v2/surfaces.csv,recalibrated
resolution_max_b1,0,-0.1,0.275,1.2144449462890623,1.228439697265625,maxmonstre/eval/grid__resolution__seed0__epoch_030__r32_G-__probes__f32.jsonl,recalibrated
resolution_max_b1,0,-0.1,0.3,1.3344622192382811,1.3290025024414065,maxmonstre/eval/grid__resolution__seed0__epoch_030__r32_G-__probes__f32.jsonl,recalibrated
resolution_max_b1,0,-0.1,0.325,1.4555556640625,1.435027587890625,maxmonstre/eval/grid__resolution__seed0__epoch_030__r32_G-__probes__f32.jsonl,recalibrated
resolution_max_b1,0,-0.1,0.35,1.579702880859375,1.5451217041015626,maxmonstre/eval/grid__resolution__seed0__epoch_030__r32_G-__probes__f32.jsonl,recalibrated
resolution_max_b1,0,-0.1,0.375,1.705149658203125,1.66197265625,maxmonstre/eval/grid__resolution__seed0__epoch_030__r32_G-__probes__f32.jsonl,recalibrated
resolution_max_b1,0,-0.1,0.4,1.8295408935546875,1.7869623413085938,maxmonstre/eval/grid__resolution__seed0__epoch_030__r32_G-__probes__f32.jsonl,recalibrated
resolution_max_b1,0,-0.1,0.425,1.9536261596679687,1.9133363037109372,maxmonstre/eval/grid__resolution__seed0__epoch_030__r32_G-__probes__f32.jsonl,recalibrated
resolution_max_b1,0,-0.1,0.45,2.075429931640625,2.0365699462890623,maxmonstre/eval/grid__resolution__seed0__epoch_030__r32_G-__probes__f32.jsonl,recalibrated
resolution_max_b1,0,-0.1,0.475,2.19498828125,2.156321655273437,maxmonstre/eval/grid__resolution__seed0__epoch_030__r32_G-__probes__f32.jsonl,recalibrated
resolution_max_b1,0,-0.1,0.5,2.31413232421875,2.2727418212890624,maxmonstre/eval/grid__resolution__seed0__epoch_030__r32_G-__probes__f32.jsonl,recalibrated
resolution_max_b1,0,-0.075,-0.5,2.8402587890625,2.91152978515625,maxmonstre/eval/grid__resolution__seed0__epoch_030__r32_G-__probes__f32.jsonl,recalibrated
resolution_max_b1,0,-0.075,-0.475,2.673013549804688,2.745945068359375,maxmonstre/eval/grid__resolution__seed0__epoch_030__r32_G-__probes__f32.jsonl,recalibrated
resolution_max_b1,0,-0.075,-0.45,2.5001500244140624,2.5713775634765623,maxmonstre/eval/grid__resolution__seed0__epoch_030__r32_G-__probes__f32.jsonl,recalibrated
resolution_max_b1,0,-0.075,-0.425,2.325143310546875,2.393704833984375,maxmonstre/eval/grid__resolution__seed0__epoch_030__r32_G-__probes__f32.jsonl,recalibrated
resolution_max_b1,0,-0.075,-0.4,2.14576806640625,2.22133935546875,maxmonstre/eval/grid__resolution__seed0__epoch_030__r32_G-__probes__f32.jsonl,recalibrated
resolution_max_b1,0,-0.075,-0.375,1.962330078125,2.0582901000976563,maxmonstre/eval/grid__resolution__seed0__epoch_030__r32_G-__probes__f32.jsonl,recalibrated
resolution_max_b1,0,-0.075,-0.35,1.7817568969726565,1.900052490234375,maxmonstre/eval/grid__resolution__seed0__epoch_030__r32_G-__probes__f32.jsonl,recalibrated
resolution_max_b1,0,-0.075,-0.325,1.6093751220703123,1.7479833984375,maxmonstre/eval/grid__resolution__seed0__epoch_030__r32_G-__probes__f32.jsonl,recalibrated
resolution_max_b1,0,-0.075,-0.3,1.438856201171875,1.596475341796875,maxmonstre/eval/grid__resolution__seed0__epoch_030__r32_G-__probes__f32.jsonl,recalibrated
resolution_max_b1,0,-0.075,-0.275,1.2763175048828126,1.4566893310546876,maxmonstre/eval/grid__resolution__seed0__epoch_030__r32_G-__probes__f32.jsonl,recalibrated
resolution_max_b1,0,-0.075,-0.25,1.1265262451171876,1.3364114990234377,v2/surfaces.csv,recalibrated
resolution_max_b1,0,-0.075,-0.225,0.9888171691894532,1.2276971435546875,v2/surfaces.csv,recalibrated
resolution_max_b1,0,-0.075,-0.2,0.8676566772460937,1.1178341064453126,v2/surfaces.csv,recalibrated
resolution_max_b1,0,-0.075,-0.175,0.7608555297851562,1.0142308349609377,v2/surfaces.csv,recalibrated
resolution_max_b1,0,-0.075,-0.15,0.6644809265136719,0.9113482971191408,v2/surfaces.csv,recalibrated
resolution_max_b1,0,-0.075,-0.125,0.5759694213867188,0.807718505859375,v2/surfaces.csv,recalibrated
resolution_max_b1,0,-0.075,-0.1,0.5042034301757813,0.7325181579589843,v2/surfaces.csv,recalibrated
resolution_max_b1,0,-0.075,-0.075,0.4532104034423828,0.6787879638671875,v2/surfaces.csv,recalibrated
resolution_max_b1,0,-0.075,-0.05,0.4197523345947265,0.644185791015625,v2/surfaces.csv,recalibrated
resolution_max_b1,0,-0.075,-0.025,0.402177734375,0.6264429931640625,v2/surfaces.csv,recalibrated
resolution_max_b1,0,-0.075,0.0,0.3986495361328125,0.6235084838867188,v2/surfaces.csv,recalibrated
resolution_max_b1,0,-0.075,0.025,0.4071465301513672,0.6322938842773438,v2/surfaces.csv,recalibrated
resolution_max_b1,0,-0.075,0.05,0.4306077575683594,0.6470002136230468,v2/surfaces.csv,recalibrated
resolution_max_b1,0,-0.075,0.075,0.4688278198242187,0.6683089599609375,v2/surfaces.csv,recalibrated
resolution_max_b1,0,-0.075,0.1,0.5232255554199219,0.6960841674804688,v2/surfaces.csv,recalibrated
resolution_max_b1,0,-0.075,0.125,0.5895174865722657,0.7348934936523438,v2/surfaces.csv,recalibrated
resolution_max_b1,0,-0.075,0.15,0.6661334228515625,0.7843468322753906,v2/surfaces.csv,recalibrated
resolution_max_b1,0,-0.075,0.175,0.7541556091308593,0.8438503723144531,v2/surfaces.csv,recalibrated
resolution_max_b1,0,-0.075,0.2,0.8527616577148438,0.9217331237792968,v2/surfaces.csv,recalibrated
resolution_max_b1,0,-0.075,0.225,0.9603524780273438,1.0117368774414062,v2/surfaces.csv,recalibrated
resolution_max_b1,0,-0.075,0.25,1.0762005004882813,1.1092239379882811,v2/surfaces.csv,recalibrated
resolution_max_b1,0,-0.075,0.275,1.2004442138671876,1.2093946533203126,maxmonstre/eval/grid__resolution__seed0__epoch_030__r32_G-__probes__f32.jsonl,recalibrated
resolution_max_b1,0,-0.075,0.3,1.3269295654296875,1.3116826782226565,maxmonstre/eval/grid__resolution__seed0__epoch_030__r32_G-__probes__f32.jsonl,recalibrated
resolution_max_b1,0,-0.075,0.325,1.4511803588867187,1.422271240234375,maxmonstre/eval/grid__resolution__seed0__epoch_030__r32_G-__probes__f32.jsonl,recalibrated
resolution_max_b1,0,-0.075,0.35,1.5782182006835936,1.53661474609375,maxmonstre/eval/grid__resolution__seed0__epoch_030__r32_G-__probes__f32.jsonl,recalibrated
resolution_max_b1,0,-0.075,0.375,1.7050339965820311,1.6568148193359375,maxmonstre/eval/grid__resolution__seed0__epoch_030__r32_G-__probes__f32.jsonl,recalibrated
resolution_max_b1,0,-0.075,0.4,1.8321343994140624,1.7830316162109374,maxmonstre/eval/grid__resolution__seed0__epoch_030__r32_G-__probes__f32.jsonl,recalibrated
resolution_max_b1,0,-0.075,0.425,1.9577122802734372,1.9121103515625,maxmonstre/eval/grid__resolution__seed0__epoch_030__r32_G-__probes__f32.jsonl,recalibrated
resolution_max_b1,0,-0.075,0.45,2.0830453491210936,2.038812072753906,maxmonstre/eval/grid__resolution__seed0__epoch_030__r32_G-__probes__f32.jsonl,recalibrated
resolution_max_b1,0,-0.075,0.475,2.205587158203125,2.157744384765625,maxmonstre/eval/grid__resolution__seed0__epoch_030__r32_G-__probes__f32.jsonl,recalibrated
resolution_max_b1,0,-0.075,0.5,2.32855908203125,2.270726806640625,maxmonstre/eval/grid__resolution__seed0__epoch_030__r32_G-__probes__f32.jsonl,recalibrated
resolution_max_b1,0,-0.05,-0.5,2.820791748046875,2.896382080078125,maxmonstre/eval/grid__resolution__seed0__epoch_030__r32_G-__probes__f32.jsonl,recalibrated
resolution_max_b1,0,-0.05,-0.475,2.645872802734375,2.728668823242188,maxmonstre/eval/grid__resolution__seed0__epoch_030__r32_G-__probes__f32.jsonl,recalibrated
resolution_max_b1,0,-0.05,-0.45,2.469244018554688,2.557740478515625,maxmonstre/eval/grid__resolution__seed0__epoch_030__r32_G-__probes__f32.jsonl,recalibrated
resolution_max_b1,0,-0.05,-0.425,2.291271484375,2.384743408203125,maxmonstre/eval/grid__resolution__seed0__epoch_030__r32_G-__probes__f32.jsonl,recalibrated
resolution_max_b1,0,-0.05,-0.4,2.1137861328125,2.21229150390625,maxmonstre/eval/grid__resolution__seed0__epoch_030__r32_G-__probes__f32.jsonl,recalibrated
resolution_max_b1,0,-0.05,-0.375,1.933211975097656,2.0454669189453125,maxmonstre/eval/grid__resolution__seed0__epoch_030__r32_G-__probes__f32.jsonl,recalibrated
resolution_max_b1,0,-0.05,-0.35,1.7520390625,1.8881617431640625,maxmonstre/eval/grid__resolution__seed0__epoch_030__r32_G-__probes__f32.jsonl,recalibrated
resolution_max_b1,0,-0.05,-0.325,1.581242919921875,1.7407871704101563,maxmonstre/eval/grid__resolution__seed0__epoch_030__r32_G-__probes__f32.jsonl,recalibrated
resolution_max_b1,0,-0.05,-0.3,1.4177360229492189,1.6001513671875,maxmonstre/eval/grid__resolution__seed0__epoch_030__r32_G-__probes__f32.jsonl,recalibrated
resolution_max_b1,0,-0.05,-0.275,1.2600069580078126,1.46717041015625,maxmonstre/eval/grid__resolution__seed0__epoch_030__r32_G-__probes__f32.jsonl,recalibrated
resolution_max_b1,0,-0.05,-0.25,1.1089862670898438,1.34652490234375,v2/surfaces.csv,recalibrated
resolution_max_b1,0,-0.05,-0.225,0.9716466064453124,1.2305394287109377,v2/surfaces.csv,recalibrated
resolution_max_b1,0,-0.05,-0.2,0.8474807739257812,1.1150819091796875,v2/surfaces.csv,recalibrated
resolution_max_b1,0,-0.05,-0.175,0.7306862182617188,0.9938568115234376,v2/surfaces.csv,recalibrated
resolution_max_b1,0,-0.05,-0.15,0.6251078186035156,0.872920166015625,v2/surfaces.csv,recalibrated
resolution_max_b1,0,-0.05,-0.125,0.5347816314697266,0.7679590148925781,v2/surfaces.csv,recalibrated
resolution_max_b1,0,-0.05,-0.1,0.4634439086914062,0.6918031616210938,v2/surfaces.csv,recalibrated
resolution_max_b1,0,-0.05,-0.075,0.4127887573242187,0.6393940124511719,v2/surfaces.csv,recalibrated
resolution_max_b1,0,-0.05,-0.05,0.3788659973144531,0.6076257019042969,v2/surfaces.csv,recalibrated
resolution_max_b1,0,-0.05,-0.025,0.3579420928955078,0.5906480407714844,v2/surfaces.csv,recalibrated
resolution_max_b1,0,-0.05,0.0,0.3516246948242187,0.5871512451171875,v2/surfaces.csv,recalibrated
resolution_max_b1,0,-0.05,0.025,0.3612855224609375,0.5969479064941406,v2/surfaces.csv,recalibrated
resolution_max_b1,0,-0.05,0.05,0.3869131622314453,0.6142940673828124,v2/surfaces.csv,recalibrated
resolution_max_b1,0,-0.05,0.075,0.4287174072265625,0.6360341186523437,v2/surfaces.csv,recalibrated
resolution_max_b1,0,-0.05,0.1,0.4850771026611328,0.6654143371582031,v2/surfaces.csv,recalibrated
resolution_max_b1,0,-0.05,0.125,0.5537705688476563,0.7070194702148438,v2/surfaces.csv,recalibrated
resolution_max_b1,0,-0.05,0.15,0.6338621215820313,0.7598431091308594,v2/surfaces.csv,recalibrated
resolution_max_b1,0,-0.05,0.175,0.7248524780273438,0.8226849975585937,v2/surfaces.csv,recalibrated
resolution_max_b1,0,-0.05,0.2,0.8259984436035156,0.9015124206542968,v2/surfaces.csv,recalibrated
resolution_max_b1,0,-0.05,0.225,0.9382897644042968,0.9930005493164062,v2/surfaces.csv,recalibrated
resolution_max_b1,0,-0.05,0.25,1.061183837890625,1.0928877563476562,v2/surfaces.csv,recalibrated
resolution_max_b1,0,-0.05,0.275,1.1899906005859375,1.1955466918945312,maxmonstre/eval/grid__resolution__seed0__epoch_030__r32_G-__probes__f32.jsonl,recalibrated
resolution_max_b1,0,-0.05,0.3,1.3218172607421874,1.3025283813476562,maxmonstre/eval/grid__resolution__seed0__epoch_030__r32_G-__probes__f32.jsonl,recalibrated
resolution_max_b1,0,-0.05,0.325,1.4511708984375,1.4160673828125,maxmonstre/eval/grid__resolution__seed0__epoch_030__r32_G-__probes__f32.jsonl,recalibrated
resolution_max_b1,0,-0.05,0.35,1.580862487792969,1.534008056640625,maxmonstre/eval/grid__resolution__seed0__epoch_030__r32_G-__probes__f32.jsonl,recalibrated
resolution_max_b1,0,-0.05,0.375,1.710453125,1.656719970703125,maxmonstre/eval/grid__resolution__seed0__epoch_030__r32_G-__probes__f32.jsonl,recalibrated
resolution_max_b1,0,-0.05,0.4,1.839093688964844,1.7860469360351563,maxmonstre/eval/grid__resolution__seed0__epoch_030__r32_G-__probes__f32.jsonl,recalibrated
resolution_max_b1,0,-0.05,0.425,1.966774658203125,1.9189080810546877,maxmonstre/eval/grid__resolution__seed0__epoch_030__r32_G-__probes__f32.jsonl,recalibrated
resolution_max_b1,0,-0.05,0.45,2.094042724609375,2.044723693847656,maxmonstre/eval/grid__resolution__seed0__epoch_030__r32_G-__probes__f32.jsonl,recalibrated
resolution_max_b1,0,-0.05,0.475,2.2182750244140625,2.1633275146484374,maxmonstre/eval/grid__resolution__seed0__epoch_030__r32_G-__probes__f32.jsonl,recalibrated
resolution_max_b1,0,-0.05,0.5,2.34255859375,2.277952880859375,maxmonstre/eval/grid__resolution__seed0__epoch_030__r32_G-__probes__f32.jsonl,recalibrated
resolution_max_b1,0,-0.025,-0.5,2.802723876953125,2.886297607421875,maxmonstre/eval/grid__resolution__seed0__epoch_030__r32_G-__probes__f32.jsonl,recalibrated
resolution_max_b1,0,-0.025,-0.475,2.62630224609375,2.714752685546875,maxmonstre/eval/grid__resolution__seed0__epoch_030__r32_G-__probes__f32.jsonl,recalibrated
resolution_max_b1,0,-0.025,-0.45,2.4484449462890625,2.540826904296875,maxmonstre/eval/grid__resolution__seed0__epoch_030__r32_G-__probes__f32.jsonl,recalibrated
resolution_max_b1,0,-0.025,-0.425,2.2711495361328127,2.36774853515625,maxmonstre/eval/grid__resolution__seed0__epoch_030__r32_G-__probes__f32.jsonl,recalibrated
resolution_max_b1,0,-0.025,-0.4,2.089891357421875,2.1967115478515624,maxmonstre/eval/grid__resolution__seed0__epoch_030__r32_G-__probes__f32.jsonl,recalibrated
resolution_max_b1,0,-0.025,-0.375,1.9101024169921876,2.0304498291015625,maxmonstre/eval/grid__resolution__seed0__epoch_030__r32_G-__probes__f32.jsonl,recalibrated
resolution_max_b1,0,-0.025,-0.35,1.7295648803710937,1.8714630737304687,maxmonstre/eval/grid__resolution__seed0__epoch_030__r32_G-__probes__f32.jsonl,recalibrated
resolution_max_b1,0,-0.025,-0.325,1.556100769042969,1.7243345336914062,maxmonstre/eval/grid__resolution__seed0__epoch_030__r32_G-__probes__f32.jsonl,recalibrated
resolution_max_b1,0,-0.025,-0.3,1.3926311645507812,1.585660095214844,maxmonstre/eval/grid__resolution__seed0__epoch_030__r32_G-__probes__f32.jsonl,recalibrated
resolution_max_b1,0,-0.025,-0.275,1.238822998046875,1.45627294921875,maxmonstre/eval/grid__resolution__seed0__epoch_030__r32_G-__probes__f32.jsonl,recalibrated
resolution_max_b1,0,-0.025,-0.25,1.0938285522460938,1.3377275390625,v2/surfaces.csv,recalibrated
resolution_max_b1,0,-0.025,-0.225,0.9606365661621094,1.2257081298828123,v2/surfaces.csv,recalibrated
resolution_max_b1,0,-0.025,-0.2,0.8368588256835937,1.1112398071289062,v2/surfaces.csv,recalibrated
resolution_max_b1,0,-0.025,-0.175,0.7222109985351562,0.9890648193359376,v2/surfaces.csv,recalibrated
resolution_max_b1,0,-0.025,-0.15,0.6114759216308594,0.8602262573242188,v2/surfaces.csv,recalibrated
resolution_max_b1,0,-0.025,-0.125,0.51618505859375,0.748557373046875,v2/surfaces.csv,recalibrated
resolution_max_b1,0,-0.025,-0.1,0.4448060302734375,0.6723963928222656,v2/surfaces.csv,recalibrated
resolution_max_b1,0,-0.025,-0.075,0.3936583862304687,0.6212496032714844,v2/surfaces.csv,recalibrated
resolution_max_b1,0,-0.025,-0.05,0.3563314819335937,0.5887882080078125,v2/surfaces.csv,recalibrated
resolution_max_b1,0,-0.025,-0.025,0.3335405883789062,0.5713255004882812,v2/surfaces.csv,recalibrated
resolution_max_b1,0,-0.025,0.0,0.3261096801757812,0.5674811096191407,v2/surfaces.csv,recalibrated
resolution_max_b1,0,-0.025,0.025,0.3356976623535156,0.5749617309570313,v2/surfaces.csv,recalibrated
resolution_max_b1,0,-0.025,0.05,0.3634629211425781,0.5907677917480468,v2/surfaces.csv,recalibrated
resolution_max_b1,0,-0.025,0.075,0.4062728271484375,0.6154472045898437,v2/surfaces.csv,recalibrated
resolution_max_b1,0,-0.025,0.1,0.4625858764648437,0.64751513671875,v2/surfaces.csv,recalibrated
resolution_max_b1,0,-0.025,0.125,0.5305978393554688,0.69090673828125,v2/surfaces.csv,recalibrated
resolution_max_b1,0,-0.025,0.15,0.6117844543457032,0.7473695068359375,v2/surfaces.csv,recalibrated
resolution_max_b1,0,-0.025,0.175,0.7021886596679687,0.8168138122558594,v2/surfaces.csv,recalibrated
resolution_max_b1,0,-0.025,0.2,0.8054759826660156,0.8974623413085937,v2/surfaces.csv,recalibrated
resolution_max_b1,0,-0.025,0.225,0.9209371948242188,0.9871881713867188,v2/surfaces.csv,recalibrated
resolution_max_b1,0,-0.025,0.25,1.046353302001953,1.08924462890625,v2/surfaces.csv,recalibrated
resolution_max_b1,0,-0.025,0.275,1.1817520751953126,1.1966121826171876,maxmonstre/eval/grid__resolution__seed0__epoch_030__r32_G-__probes__f32.jsonl,recalibrated
resolution_max_b1,0,-0.025,0.3,1.3209391479492187,1.3095324096679688,maxmonstre/eval/grid__resolution__seed0__epoch_030__r32_G-__probes__f32.jsonl,recalibrated
resolution_max_b1,0,-0.025,0.325,1.4556193237304689,1.4238099975585938,maxmonstre/eval/grid__resolution__seed0__epoch_030__r32_G-__probes__f32.jsonl,recalibrated
resolution_max_b1,0,-0.025,0.35,1.5883156127929687,1.5395386352539062,maxmonstre/eval/grid__resolution__seed0__epoch_030__r32_G-__probes__f32.jsonl,recalibrated
resolution_max_b1,0,-0.025,0.375,1.7200494384765626,1.6631969604492187,maxmonstre/eval/grid__resolution__seed0__epoch_030__r32_G-__probes__f32.jsonl,recalibrated
resolution_max_b1,0,-0.025,0.4,1.8498761596679687,1.7927925415039063,maxmonstre/eval/grid__resolution__seed0__epoch_030__r32_G-__probes__f32.jsonl,recalibrated
resolution_max_b1,0,-0.025,0.425,1.9792716064453124,1.925783264160156,maxmonstre/eval/grid__resolution__seed0__epoch_030__r32_G-__probes__f32.jsonl,recalibrated
resolution_max_b1,0,-0.025,0.45,2.106005737304688,2.0531282958984374,maxmonstre/eval/grid__resolution__seed0__epoch_030__r32_G-__probes__f32.jsonl,recalibrated
resolution_max_b1,0,-0.025,0.475,2.2302137451171875,2.1738311767578127,maxmonstre/eval/grid__resolution__seed0__epoch_030__r32_G-__probes__f32.jsonl,recalibrated
resolution_max_b1,0,-0.025,0.5,2.3537486572265625,2.2903017578125,maxmonstre/eval/grid__resolution__seed0__epoch_030__r32_G-__probes__f32.jsonl,recalibrated
resolution_max_b1,0,0.0,-0.5,2.787143310546875,2.8808056640625,maxmonstre/eval/grid__resolution__seed0__epoch_030__r32_G-__probes__f32.jsonl,recalibrated
resolution_max_b1,0,0.0,-0.475,2.6143414306640627,2.7109879150390626,maxmonstre/eval/grid__resolution__seed0__epoch_030__r32_G-__probes__f32.jsonl,recalibrated
resolution_max_b1,0,0.0,-0.45,2.4389381103515624,2.5363638916015625,maxmonstre/eval/grid__resolution__seed0__epoch_030__r32_G-__probes__f32.jsonl,recalibrated
resolution_max_b1,0,0.0,-0.425,2.260812744140625,2.3603441162109373,maxmonstre/eval/grid__resolution__seed0__epoch_030__r32_G-__probes__f32.jsonl,recalibrated
resolution_max_b1,0,0.0,-0.4,2.0821873779296878,2.1858204345703127,maxmonstre/eval/grid__resolution__seed0__epoch_030__r32_G-__probes__f32.jsonl,recalibrated
resolution_max_b1,0,0.0,-0.375,1.9027337036132808,2.01721875,maxmonstre/eval/grid__resolution__seed0__epoch_030__r32_G-__probes__f32.jsonl,recalibrated
resolution_max_b1,0,0.0,-0.35,1.7239451904296874,1.8554056396484373,maxmonstre/eval/grid__resolution__seed0__epoch_030__r32_G-__probes__f32.jsonl,recalibrated
resolution_max_b1,0,0.0,-0.325,1.5457550048828126,1.7010729370117188,maxmonstre/eval/grid__resolution__seed0__epoch_030__r32_G-__probes__f32.jsonl,recalibrated
resolution_max_b1,0,0.0,-0.3,1.3744315185546876,1.5599436645507812,maxmonstre/eval/grid__resolution__seed0__epoch_030__r32_G-__probes__f32.jsonl,recalibrated
resolution_max_b1,0,0.0,-0.275,1.2161060791015623,1.4291357421875,maxmonstre/eval/grid__resolution__seed0__epoch_030__r32_G-__probes__f32.jsonl,recalibrated
resolution_max_b1,0,0.0,-0.25,1.07261767578125,1.3065665283203125,v2/surfaces.csv,recalibrated
resolution_max_b1,0,0.0,-0.225,0.9381077270507812,1.1886248779296875,v2/surfaces.csv,recalibrated
resolution_max_b1,0,0.0,-0.2,0.8158979797363282,1.0763939819335937,v2/surfaces.csv,recalibrated
resolution_max_b1,0,0.0,-0.175,0.7057431640625,0.9602897338867188,v2/surfaces.csv,recalibrated
resolution_max_b1,0,0.0,-0.15,0.6007938842773437,0.8443190307617188,v2/surfaces.csv,recalibrated
resolution_max_b1,0,0.0,-0.125,0.5098436126708984,0.7439857788085937,v2/surfaces.csv,recalibrated
resolution_max_b1,0,0.0,-0.1,0.4372477111816406,0.6667434692382812,v2/surfaces.csv,recalibrated
resolution_max_b1,0,0.0,-0.075,0.384089859008789,0.6155742797851562,v2/surfaces.csv,recalibrated
resolution_max_b1,0,0.0,-0.05,0.3471743927001953,0.58391357421875,v2/surfaces.csv,recalibrated
resolution_max_b1,0,0.0,-0.025,0.3246712951660156,0.5654218139648437,v2/surfaces.csv,recalibrated
resolution_max_b1,0,0.0,0.0,0.3181024017333984,0.5604129028320313,v2/surfaces.csv,recalibrated
resolution_max_b1,0,0.0,0.025,0.3279510192871094,0.5649432067871094,v2/surfaces.csv,recalibrated
resolution_max_b1,0,0.0,0.05,0.3544782409667968,0.5797963256835937,v2/surfaces.csv,recalibrated
resolution_max_b1,0,0.0,0.075,0.3963253173828125,0.6054979858398437,v2/surfaces.csv,recalibrated
resolution_max_b1,0,0.0,0.1,0.4521077575683593,0.64057177734375,v2/surfaces.csv,recalibrated
resolution_max_b1,0,0.0,0.125,0.5204851989746093,0.6854417724609375,v2/surfaces.csv,recalibrated
resolution_max_b1,0,0.0,0.15,0.6021468505859375,0.7431609497070313,v2/surfaces.csv,recalibrated
resolution_max_b1,0,0.0,0.175,0.6951081237792969,0.8172343444824218,v2/surfaces.csv,recalibrated
resolution_max_b1,0,0.0,0.2,0.8006539611816407,0.9006340942382812,v2/surfaces.csv,recalibrated
resolution_max_b1,0,0.0,0.225,0.9196360473632812,0.993688232421875,v2/surfaces.csv,recalibrated
resolution_max_b1,0,0.0,0.25,1.0467179260253907,1.09722900390625,v2/surfaces.csv,recalibrated
resolution_max_b1,0,0.0,0.275,1.1829801025390625,1.205705810546875,maxmonstre/eval/grid__resolution__seed0__epoch_030__r32_G-__probes__f32.jsonl,recalibrated
resolution_max_b1,0,0.0,0.3,1.323422119140625,1.3183652954101563,maxmonstre/eval/grid__resolution__seed0__epoch_030__r32_G-__probes__f32.jsonl,recalibrated
resolution_max_b1,0,0.0,0.325,1.4645885009765625,1.433961669921875,maxmonstre/eval/grid__resolution__seed0__epoch_030__r32_G-__probes__f32.jsonl,recalibrated
resolution_max_b1,0,0.0,0.35,1.6041998291015624,1.5510184936523437,maxmonstre/eval/grid__resolution__seed0__epoch_030__r32_G-__probes__f32.jsonl,recalibrated
resolution_max_b1,0,0.0,0.375,1.7372481689453123,1.6759691162109376,maxmonstre/eval/grid__resolution__seed0__epoch_030__r32_G-__probes__f32.jsonl,recalibrated
resolution_max_b1,0,0.0,0.4,1.8652103271484373,1.8055748291015623,maxmonstre/eval/grid__resolution__seed0__epoch_030__r32_G-__probes__f32.jsonl,recalibrated
resolution_max_b1,0,0.0,0.425,1.995710327148437,1.938911193847656,maxmonstre/eval/grid__resolution__seed0__epoch_030__r32_G-__probes__f32.jsonl,recalibrated
resolution_max_b1,0,0.0,0.45,2.1218317260742188,2.0673170166015624,maxmonstre/eval/grid__resolution__seed0__epoch_030__r32_G-__probes__f32.jsonl,recalibrated
resolution_max_b1,0,0.0,0.475,2.24494921875,2.18967138671875,maxmonstre/eval/grid__resolution__seed0__epoch_030__r32_G-__probes__f32.jsonl,recalibrated
resolution_max_b1,0,0.0,0.5,2.365621826171875,2.3058544921875,maxmonstre/eval/grid__resolution__seed0__epoch_030__r32_G-__probes__f32.jsonl,recalibrated
resolution_max_b1,0,0.025,-0.5,2.7833961181640623,2.881500366210937,maxmonstre/eval/grid__resolution__seed0__epoch_030__r32_G-__probes__f32.jsonl,recalibrated
resolution_max_b1,0,0.025,-0.475,2.6166441650390624,2.7175008544921875,maxmonstre/eval/grid__resolution__seed0__epoch_030__r32_G-__probes__f32.jsonl,recalibrated
resolution_max_b1,0,0.025,-0.45,2.4450904541015626,2.5456568603515626,maxmonstre/eval/grid__resolution__seed0__epoch_030__r32_G-__probes__f32.jsonl,recalibrated
resolution_max_b1,0,0.025,-0.425,2.267364013671875,2.3691575927734374,maxmonstre/eval/grid__resolution__seed0__epoch_030__r32_G-__probes__f32.jsonl,recalibrated
resolution_max_b1,0,0.025,-0.4,2.0891090087890625,2.194136474609375,maxmonstre/eval/grid__resolution__seed0__epoch_030__r32_G-__probes__f32.jsonl,recalibrated
resolution_max_b1,0,0.025,-0.375,1.908249938964844,2.0235301513671877,maxmonstre/eval/grid__resolution__seed0__epoch_030__r32_G-__probes__f32.jsonl,recalibrated
resolution_max_b1,0,0.025,-0.35,1.7290901489257813,1.8567188720703125,maxmonstre/eval/grid__resolution__seed0__epoch_030__r32_G-__probes__f32.jsonl,recalibrated
resolution_max_b1,0,0.025,-0.325,1.5489356689453124,1.6980186157226562,maxmonstre/eval/grid__resolution__seed0__epoch_030__r32_G-__probes__f32.jsonl,recalibrated
resolution_max_b1,0,0.025,-0.3,1.3721636962890624,1.5507716064453123,maxmonstre/eval/grid__resolution__seed0__epoch_030__r32_G-__probes__f32.jsonl,recalibrated
resolution_max_b1,0,0.025,-0.275,1.2090057373046874,1.41256884765625,maxmonstre/eval/grid__resolution__seed0__epoch_030__r32_G-__probes__f32.jsonl,recalibrated
resolution_max_b1,0,0.025,-0.25,1.05878271484375,1.2804262084960938,v2/surfaces.csv,recalibrated
resolution_max_b1,0,0.025,-0.225,0.9232056579589843,1.1575167236328123,v2/surfaces.csv,recalibrated
resolution_max_b1,0,0.025,-0.2,0.8006878662109375,1.0424947204589845,v2/surfaces.csv,recalibrated
resolution_max_b1,0,0.025,-0.175,0.6909557189941407,0.930336181640625,v2/surfaces.csv,recalibrated
resolution_max_b1,0,0.025,-0.15,0.5946142578125,0.8268760375976563,v2/surfaces.csv,recalibrated
resolution_max_b1,0,0.025,-0.125,0.5112413330078125,0.736994873046875,v2/surfaces.csv,recalibrated
resolution_max_b1,0,0.025,-0.1,0.4430596466064453,0.6661407470703125,v2/surfaces.csv,recalibrated
resolution_max_b1,0,0.025,-0.075,0.3911284637451171,0.6182176513671875,v2/surfaces.csv,recalibrated
resolution_max_b1,0,0.025,-0.05,0.3543417205810547,0.5869781799316406,v2/surfaces.csv,recalibrated
resolution_max_b1,0,0.025,-0.025,0.3333303833007812,0.5691122436523437,v2/surfaces.csv,recalibrated
resolution_max_b1,0,0.025,0.0,0.3267725372314453,0.5632279663085937,v2/surfaces.csv,recalibrated
resolution_max_b1,0,0.025,0.025,0.3371893463134766,0.5681667785644531,v2/surfaces.csv,recalibrated
resolution_max_b1,0,0.025,0.05,0.3632715301513672,0.582099609375,v2/surfaces.csv,recalibrated
resolution_max_b1,0,0.025,0.075,0.4044607086181641,0.6076397094726562,v2/surfaces.csv,recalibrated
resolution_max_b1,0,0.025,0.1,0.461679946899414,0.6449329223632813,v2/surfaces.csv,recalibrated
resolution_max_b1,0,0.025,0.125,0.5304589538574219,0.6926650085449219,v2/surfaces.csv,recalibrated
resolution_max_b1,0,0.025,0.15,0.6108253479003907,0.7521671752929687,v2/surfaces.csv,recalibrated
resolution_max_b1,0,0.025,0.175,0.7040224914550781,0.8238942260742188,v2/surfaces.csv,recalibrated
resolution_max_b1,0,0.025,0.2,0.8105110473632813,0.90756884765625,v2/surfaces.csv,recalibrated
resolution_max_b1,0,0.025,0.225,0.9312789306640624,1.0029130859375,v2/surfaces.csv,recalibrated
resolution_max_b1,0,0.025,0.25,1.0617096557617187,1.1051500244140624,v2/surfaces.csv,recalibrated
resolution_max_b1,0,0.025,0.275,1.1954922485351562,1.2134254760742187,maxmonstre/eval/grid__resolution__seed0__epoch_030__r32_G-__probes__f32.jsonl,recalibrated
resolution_max_b1,0,0.025,0.3,1.3324139404296875,1.3284410400390625,maxmonstre/eval/grid__resolution__seed0__epoch_030__r32_G-__probes__f32.jsonl,recalibrated
resolution_max_b1,0,0.025,0.325,1.47308642578125,1.4467215576171877,maxmonstre/eval/grid__resolution__seed0__epoch_030__r32_G-__probes__f32.jsonl,recalibrated
resolution_max_b1,0,0.025,0.35,1.6150592651367188,1.5656347045898438,maxmonstre/eval/grid__resolution__seed0__epoch_030__r32_G-__probes__f32.jsonl,recalibrated
resolution_max_b1,0,0.025,0.375,1.7517325439453124,1.689378662109375,maxmonstre/eval/grid__resolution__seed0__epoch_030__r32_G-__probes__f32.jsonl,recalibrated
resolution_max_b1,0,0.025,0.4,1.884882690429688,1.8179952392578125,maxmonstre/eval/grid__resolution__seed0__epoch_030__r32_G-__probes__f32.jsonl,recalibrated
resolution_max_b1,0,0.025,0.425,2.016998046875,1.9494929809570312,maxmonstre/eval/grid__resolution__seed0__epoch_030__r32_G-__probes__f32.jsonl,recalibrated
resolution_max_b1,0,0.025,0.45,2.1447823486328126,2.081952575683594,maxmonstre/eval/grid__resolution__seed0__epoch_030__r32_G-__probes__f32.jsonl,recalibrated
resolution_max_b1,0,0.025,0.475,2.2662100830078127,2.2097392578125,maxmonstre/eval/grid__resolution__seed0__epoch_030__r32_G-__probes__f32.jsonl,recalibrated
resolution_max_b1,0,0.025,0.5,2.383643310546875,2.324431640625,maxmonstre/eval/grid__resolution__seed0__epoch_030__r32_G-__probes__f32.jsonl,recalibrated
resolution_max_b1,0,0.05,-0.5,2.786416381835937,2.8883897705078123,maxmonstre/eval/grid__resolution__seed0__epoch_030__r32_G-__probes__f32.jsonl,recalibrated
resolution_max_b1,0,0.05,-0.475,2.623154052734375,2.727182495117188,maxmonstre/eval/grid__resolution__seed0__epoch_030__r32_G-__probes__f32.jsonl,recalibrated
resolution_max_b1,0,0.05,-0.45,2.4558123779296874,2.559187255859375,maxmonstre/eval/grid__resolution__seed0__epoch_030__r32_G-__probes__f32.jsonl,recalibrated
resolution_max_b1,0,0.05,-0.425,2.28117578125,2.38360302734375,maxmonstre/eval/grid__resolution__seed0__epoch_030__r32_G-__probes__f32.jsonl,recalibrated
resolution_max_b1,0,0.05,-0.4,2.10236962890625,2.207695068359375,maxmonstre/eval/grid__resolution__seed0__epoch_030__r32_G-__probes__f32.jsonl,recalibrated
resolution_max_b1,0,0.05,-0.375,1.9220620727539064,2.03529638671875,maxmonstre/eval/grid__resolution__seed0__epoch_030__r32_G-__probes__f32.jsonl,recalibrated
resolution_max_b1,0,0.05,-0.35,1.7453064575195312,1.8699390869140624,maxmonstre/eval/grid__resolution__seed0__epoch_030__r32_G-__probes__f32.jsonl,recalibrated
resolution_max_b1,0,0.05,-0.325,1.5659879760742188,1.712964599609375,maxmonstre/eval/grid__resolution__seed0__epoch_030__r32_G-__probes__f32.jsonl,recalibrated
resolution_max_b1,0,0.05,-0.3,1.38878857421875,1.5615428466796877,maxmonstre/eval/grid__resolution__seed0__epoch_030__r32_G-__probes__f32.jsonl,recalibrated
resolution_max_b1,0,0.05,-0.275,1.2231337280273438,1.4168009033203126,maxmonstre/eval/grid__resolution__seed0__epoch_030__r32_G-__probes__f32.jsonl,recalibrated
resolution_max_b1,0,0.05,-0.25,1.0692575073242188,1.2797152709960935,v2/surfaces.csv,recalibrated
resolution_max_b1,0,0.05,-0.225,0.9307948608398438,1.1538006591796874,v2/surfaces.csv,recalibrated
resolution_max_b1,0,0.05,-0.2,0.8059816284179687,1.0354568786621094,v2/surfaces.csv,recalibrated
resolution_max_b1,0,0.05,-0.175,0.6980591430664063,0.9255001220703124,v2/surfaces.csv,recalibrated
resolution_max_b1,0,0.05,-0.15,0.6074920654296875,0.8265707397460937,v2/surfaces.csv,recalibrated
resolution_max_b1,0,0.05,-0.125,0.5306719665527344,0.7421082763671875,v2/surfaces.csv,recalibrated
resolution_max_b1,0,0.05,-0.1,0.4667855377197266,0.6755461120605468,v2/surfaces.csv,recalibrated
resolution_max_b1,0,0.05,-0.075,0.4161400299072265,0.6289638977050781,v2/surfaces.csv,recalibrated
resolution_max_b1,0,0.05,-0.05,0.3795664978027344,0.5994711303710938,v2/surfaces.csv,recalibrated
resolution_max_b1,0,0.05,-0.025,0.3582345123291016,0.5817311706542969,v2/surfaces.csv,recalibrated
resolution_max_b1,0,0.05,0.0,0.3532897338867187,0.576170654296875,v2/surfaces.csv,recalibrated
resolution_max_b1,0,0.05,0.025,0.3644962158203125,0.580396240234375,v2/surfaces.csv,recalibrated
resolution_max_b1,0,0.05,0.05,0.3903477325439453,0.5963907165527343,v2/surfaces.csv,recalibrated
resolution_max_b1,0,0.05,0.075,0.4314687347412109,0.623797607421875,v2/surfaces.csv,recalibrated
resolution_max_b1,0,0.05,0.1,0.4865282135009766,0.6619674682617187,v2/surfaces.csv,recalibrated
resolution_max_b1,0,0.05,0.125,0.5557074890136718,0.7117135925292969,v2/surfaces.csv,recalibrated
resolution_max_b1,0,0.05,0.15,0.6370934143066406,0.7695820922851563,v2/surfaces.csv,recalibrated
resolution_max_b1,0,0.05,0.175,0.7298229675292969,0.8373255310058594,v2/surfaces.csv,recalibrated
resolution_max_b1,0,0.05,0.2,0.8352843322753907,0.9174935607910156,v2/surfaces.csv,recalibrated
resolution_max_b1,0,0.05,0.225,0.9536360778808594,1.0074311218261718,v2/surfaces.csv,recalibrated
resolution_max_b1,0,0.05,0.25,1.0821929321289063,1.1085966186523435,v2/surfaces.csv,recalibrated
resolution_max_b1,0,0.05,0.275,1.2161329345703125,1.2196819458007813,maxmonstre/eval/grid__resolution__seed0__epoch_030__r32_G-__probes__f32.jsonl,recalibrated
resolution_max_b1,0,0.05,0.3,1.3522496337890626,1.338513671875,maxmonstre/eval/grid__resolution__seed0__epoch_030__r32_G-__probes__f32.jsonl,recalibrated
resolution_max_b1,0,0.05,0.325,1.4906903076171876,1.458427978515625,maxmonstre/eval/grid__resolution__seed0__epoch_030__r32_G-__probes__f32.jsonl,recalibrated
resolution_max_b1,0,0.05,0.35,1.6283898315429688,1.5799234008789065,maxmonstre/eval/grid__resolution__seed0__epoch_030__r32_G-__probes__f32.jsonl,recalibrated
resolution_max_b1,0,0.05,0.375,1.7655928955078124,1.7040831298828123,maxmonstre/eval/grid__resolution__seed0__epoch_030__r32_G-__probes__f32.jsonl,recalibrated
resolution_max_b1,0,0.05,0.4,1.9034407958984372,1.8305255126953128,maxmonstre/eval/grid__resolution__seed0__epoch_030__r32_G-__probes__f32.jsonl,recalibrated
resolution_max_b1,0,0.05,0.425,2.040731384277344,1.9625318603515625,maxmonstre/eval/grid__resolution__seed0__epoch_030__r32_G-__probes__f32.jsonl,recalibrated
resolution_max_b1,0,0.05,0.45,2.172029052734375,2.0955753173828127,maxmonstre/eval/grid__resolution__seed0__epoch_030__r32_G-__probes__f32.jsonl,recalibrated
resolution_max_b1,0,0.05,0.475,2.296018310546875,2.2258782958984376,maxmonstre/eval/grid__resolution__seed0__epoch_030__r32_G-__probes__f32.jsonl,recalibrated
resolution_max_b1,0,0.05,0.5,2.412452880859375,2.345754760742188,maxmonstre/eval/grid__resolution__seed0__epoch_030__r32_G-__probes__f32.jsonl,recalibrated
resolution_max_b1,0,0.075,-0.5,2.7964345703125,2.89883935546875,maxmonstre/eval/grid__resolution__seed0__epoch_030__r32_G-__probes__f32.jsonl,recalibrated
resolution_max_b1,0,0.075,-0.475,2.632830322265625,2.74107373046875,maxmonstre/eval/grid__resolution__seed0__epoch_030__r32_G-__probes__f32.jsonl,recalibrated
resolution_max_b1,0,0.075,-0.45,2.466532958984375,2.576970458984375,maxmonstre/eval/grid__resolution__seed0__epoch_030__r32_G-__probes__f32.jsonl,recalibrated
resolution_max_b1,0,0.075,-0.425,2.2959564208984373,2.4068193359375,maxmonstre/eval/grid__resolution__seed0__epoch_030__r32_G-__probes__f32.jsonl,recalibrated
resolution_max_b1,0,0.075,-0.4,2.124507568359375,2.234043701171875,maxmonstre/eval/grid__resolution__seed0__epoch_030__r32_G-__probes__f32.jsonl,recalibrated
resolution_max_b1,0,0.075,-0.375,1.9494815673828123,2.061619140625,maxmonstre/eval/grid__resolution__seed0__epoch_030__r32_G-__probes__f32.jsonl,recalibrated
resolution_max_b1,0,0.075,-0.35,1.7736136474609374,1.8996758422851563,maxmonstre/eval/grid__resolution__seed0__epoch_030__r32_G-__probes__f32.jsonl,recalibrated
resolution_max_b1,0,0.075,-0.325,1.5949680786132812,1.742900695800781,maxmonstre/eval/grid__resolution__seed0__epoch_030__r32_G-__probes__f32.jsonl,recalibrated
resolution_max_b1,0,0.075,-0.3,1.4204263305664062,1.5888078002929686,maxmonstre/eval/grid__resolution__seed0__epoch_030__r32_G-__probes__f32.jsonl,recalibrated
resolution_max_b1,0,0.075,-0.275,1.255124267578125,1.4410017700195312,maxmonstre/eval/grid__resolution__seed0__epoch_030__r32_G-__probes__f32.jsonl,recalibrated
resolution_max_b1,0,0.075,-0.25,1.100931396484375,1.3050621948242187,v2/surfaces.csv,recalibrated
resolution_max_b1,0,0.075,-0.225,0.9604337768554688,1.1768350219726562,v2/surfaces.csv,recalibrated
resolution_max_b1,0,0.075,-0.2,0.8359598999023438,1.05840234375,v2/surfaces.csv,recalibrated
resolution_max_b1,0,0.075,-0.175,0.7311121215820312,0.9470466918945312,v2/surfaces.csv,recalibrated
resolution_max_b1,0,0.075,-0.15,0.6426620178222656,0.8478007507324219,v2/surfaces.csv,recalibrated
resolution_max_b1,0,0.075,-0.125,0.5678934631347656,0.7644920043945312,v2/surfaces.csv,recalibrated
resolution_max_b1,0,0.075,-0.1,0.5060755310058593,0.7025314025878906,v2/surfaces.csv,recalibrated
resolution_max_b1,0,0.075,-0.075,0.4578489227294922,0.6557390441894532,v2/surfaces.csv,recalibrated
resolution_max_b1,0,0.075,-0.05,0.4210041046142578,0.6227587280273438,v2/surfaces.csv,recalibrated
resolution_max_b1,0,0.075,-0.025,0.3984564971923828,0.6044059143066406,v2/surfaces.csv,recalibrated
resolution_max_b1,0,0.075,0.0,0.3930377197265625,0.59893896484375,v2/surfaces.csv,recalibrated
resolution_max_b1,0,0.075,0.025,0.4044960479736328,0.6046208190917969,v2/surfaces.csv,recalibrated
resolution_max_b1,0,0.075,0.05,0.4299120788574219,0.623023681640625,v2/surfaces.csv,recalibrated
resolution_max_b1,0,0.075,0.075,0.4705744323730468,0.6520926513671875,v2/surfaces.csv,recalibrated
resolution_max_b1,0,0.075,0.1,0.5276819152832031,0.6917131042480469,v2/surfaces.csv,recalibrated
resolution_max_b1,0,0.075,0.125,0.5950438232421875,0.7417335510253906,v2/surfaces.csv,recalibrated
resolution_max_b1,0,0.075,0.15,0.6754888916015624,0.8001495971679687,v2/surfaces.csv,recalibrated
resolution_max_b1,0,0.075,0.175,0.7669443359375,0.8683468017578125,v2/surfaces.csv,recalibrated
resolution_max_b1,0,0.075,0.2,0.86955126953125,0.9439742126464844,v2/surfaces.csv,recalibrated
resolution_max_b1,0,0.075,0.225,0.9844774780273438,1.0288199768066406,v2/surfaces.csv,recalibrated
resolution_max_b1,0,0.075,0.25,1.1093873291015626,1.1243013916015625,v2/surfaces.csv,recalibrated
resolution_max_b1,0,0.075,0.275,1.241876220703125,1.2297025756835938,maxmonstre/eval/grid__resolution__seed0__epoch_030__r32_G-__probes__f32.jsonl,recalibrated
resolution_max_b1,0,0.075,0.3,1.3748889770507813,1.34553369140625,maxmonstre/eval/grid__resolution__seed0__epoch_030__r32_G-__probes__f32.jsonl,recalibrated
resolution_max_b1,0,0.075,0.325,1.5106298217773435,1.4678980102539063,maxmonstre/eval/grid__resolution__seed0__epoch_030__r32_G-__probes__f32.jsonl,recalibrated
resolution_max_b1,0,0.075,0.35,1.6472285766601562,1.5928695068359375,maxmonstre/eval/grid__resolution__seed0__epoch_030__r32_G-__probes__f32.jsonl,recalibrated
resolution_max_b1,0,0.075,0.375,1.7810494384765625,1.719790283203125,maxmonstre/eval/grid__resolution__seed0__epoch_030__r32_G-__probes__f32.jsonl,recalibrated
resolution_max_b1,0,0.075,0.4,1.9185220947265624,1.8472112426757807,maxmonstre/eval/grid__resolution__seed0__epoch_030__r32_G-__probes__f32.jsonl,recalibrated
resolution_max_b1,0,0.075,0.425,2.056065734863281,1.9778140869140624,maxmonstre/eval/grid__resolution__seed0__epoch_030__r32_G-__probes__f32.jsonl,recalibrated
resolution_max_b1,0,0.075,0.45,2.1906575927734373,2.11003369140625,maxmonstre/eval/grid__resolution__seed0__epoch_030__r32_G-__probes__f32.jsonl,recalibrated
resolution_max_b1,0,0.075,0.475,2.318561889648437,2.2397177734375,maxmonstre/eval/grid__resolution__seed0__epoch_030__r32_G-__probes__f32.jsonl,recalibrated
resolution_max_b1,0,0.075,0.5,2.4377476806640623,2.3632083740234373,maxmonstre/eval/grid__resolution__seed0__epoch_030__r32_G-__probes__f32.jsonl,recalibrated
resolution_max_b1,0,0.1,-0.5,2.814139526367188,2.9199644775390623,maxmonstre/eval/grid__resolution__seed0__epoch_030__r32_G-__probes__f32.jsonl,recalibrated
resolution_max_b1,0,0.1,-0.475,2.653120849609375,2.76785791015625,maxmonstre/eval/grid__resolution__seed0__epoch_030__r32_G-__probes__f32.jsonl,recalibrated
resolution_max_b1,0,0.1,-0.45,2.488688842773437,2.60693701171875,maxmonstre/eval/grid__resolution__seed0__epoch_030__r32_G-__probes__f32.jsonl,recalibrated
resolution_max_b1,0,0.1,-0.425,2.3269600830078123,2.44216162109375,maxmonstre/eval/grid__resolution__seed0__epoch_030__r32_G-__probes__f32.jsonl,recalibrated
resolution_max_b1,0,0.1,-0.4,2.1602681884765627,2.274951416015625,maxmonstre/eval/grid__resolution__seed0__epoch_030__r32_G-__probes__f32.jsonl,recalibrated
resolution_max_b1,0,0.1,-0.375,1.9885568237304687,2.1052140502929686,maxmonstre/eval/grid__resolution__seed0__epoch_030__r32_G-__probes__f32.jsonl,recalibrated
resolution_max_b1,0,0.1,-0.35,1.8129813232421876,1.9430991821289063,maxmonstre/eval/grid__resolution__seed0__epoch_030__r32_G-__probes__f32.jsonl,recalibrated
resolution_max_b1,0,0.1,-0.325,1.6368072509765623,1.7866532592773436,maxmonstre/eval/grid__resolution__seed0__epoch_030__r32_G-__probes__f32.jsonl,recalibrated
resolution_max_b1,0,0.1,-0.3,1.4641807250976562,1.6360279541015623,maxmonstre/eval/grid__resolution__seed0__epoch_030__r32_G-__probes__f32.jsonl,recalibrated
resolution_max_b1,0,0.1,-0.275,1.2995172119140626,1.4860897216796876,maxmonstre/eval/grid__resolution__seed0__epoch_030__r32_G-__probes__f32.jsonl,recalibrated
resolution_max_b1,0,0.1,-0.25,1.1461143188476564,1.3444581298828124,v2/surfaces.csv,recalibrated
resolution_max_b1,0,0.1,-0.225,1.0069656066894532,1.2124745483398438,v2/surfaces.csv,recalibrated
resolution_max_b1,0,0.1,-0.2,0.8834436645507813,1.0915152587890624,v2/surfaces.csv,recalibrated
resolution_max_b1,0,0.1,-0.175,0.7778480224609375,0.9818033752441406,v2/surfaces.csv,recalibrated
resolution_max_b1,0,0.1,-0.15,0.6875928955078126,0.8823660888671875,v2/surfaces.csv,recalibrated
resolution_max_b1,0,0.1,-0.125,0.6130966491699219,0.7990465393066406,v2/surfaces.csv,recalibrated
resolution_max_b1,0,0.1,-0.1,0.5542333679199218,0.73663037109375,v2/surfaces.csv,recalibrated
resolution_max_b1,0,0.1,-0.075,0.5061734771728515,0.68968994140625,v2/surfaces.csv,recalibrated
resolution_max_b1,0,0.1,-0.05,0.4718112030029296,0.6557344055175781,v2/surfaces.csv,recalibrated
resolution_max_b1,0,0.1,-0.025,0.4519977111816406,0.6373653869628906,v2/surfaces.csv,recalibrated
resolution_max_b1,0,0.1,0.0,0.4458773193359375,0.631571044921875,v2/surfaces.csv,recalibrated
resolution_max_b1,0,0.1,0.025,0.4553043365478516,0.6386692199707031,v2/surfaces.csv,recalibrated
resolution_max_b1,0,0.1,0.05,0.4794880676269531,0.6582064819335938,v2/surfaces.csv,recalibrated
resolution_max_b1,0,0.1,0.075,0.520874755859375,0.6890793151855469,v2/surfaces.csv,recalibrated
resolution_max_b1,0,0.1,0.1,0.5765115356445313,0.7308958740234375,v2/surfaces.csv,recalibrated
resolution_max_b1,0,0.1,0.125,0.64473681640625,0.7806712036132812,v2/surfaces.csv,recalibrated
resolution_max_b1,0,0.1,0.15,0.7259227600097656,0.838033935546875,v2/surfaces.csv,recalibrated
resolution_max_b1,0,0.1,0.175,0.8175467529296875,0.90418896484375,v2/surfaces.csv,recalibrated
resolution_max_b1,0,0.1,0.2,0.916794677734375,0.9802056884765624,v2/surfaces.csv,recalibrated
resolution_max_b1,0,0.1,0.225,1.0277797241210938,1.0627805786132811,v2/surfaces.csv,recalibrated
resolution_max_b1,0,0.1,0.25,1.146908203125,1.1541055908203126,v2/surfaces.csv,recalibrated
resolution_max_b1,0,0.1,0.275,1.2734241943359377,1.2543323974609375,maxmonstre/eval/grid__resolution__seed0__epoch_030__r32_G-__probes__f32.jsonl,recalibrated
resolution_max_b1,0,0.1,0.3,1.4027769775390626,1.3643683471679688,maxmonstre/eval/grid__resolution__seed0__epoch_030__r32_G-__probes__f32.jsonl,recalibrated
resolution_max_b1,0,0.1,0.325,1.5356415405273438,1.4824785766601565,maxmonstre/eval/grid__resolution__seed0__epoch_030__r32_G-__probes__f32.jsonl,recalibrated
resolution_max_b1,0,0.1,0.35,1.6679279174804686,1.6053182983398435,maxmonstre/eval/grid__resolution__seed0__epoch_030__r32_G-__probes__f32.jsonl,recalibrated
resolution_max_b1,0,0.1,0.375,1.7990684814453124,1.7336029052734374,maxmonstre/eval/grid__resolution__seed0__epoch_030__r32_G-__probes__f32.jsonl,recalibrated
resolution_max_b1,0,0.1,0.4,1.9340140380859372,1.864313720703125,maxmonstre/eval/grid__resolution__seed0__epoch_030__r32_G-__probes__f32.jsonl,recalibrated
resolution_max_b1,0,0.1,0.425,2.0684901123046875,1.9958467407226563,maxmonstre/eval/grid__resolution__seed0__epoch_030__r32_G-__probes__f32.jsonl,recalibrated
resolution_max_b1,0,0.1,0.45,2.2032366943359376,2.1268267822265625,maxmonstre/eval/grid__resolution__seed0__epoch_030__r32_G-__probes__f32.jsonl,recalibrated
resolution_max_b1,0,0.1,0.475,2.330744140625,2.2563582763671874,maxmonstre/eval/grid__resolution__seed0__epoch_030__r32_G-__probes__f32.jsonl,recalibrated
resolution_max_b1,0,0.1,0.5,2.4508985595703123,2.379292724609375,maxmonstre/eval/grid__resolution__seed0__epoch_030__r32_G-__probes__f32.jsonl,recalibrated
resolution_max_b1,0,0.125,-0.5,2.84306591796875,2.9518907470703124,maxmonstre/eval/grid__resolution__seed0__epoch_030__r32_G-__probes__f32.jsonl,recalibrated
resolution_max_b1,0,0.125,-0.475,2.685717041015625,2.802923828125,maxmonstre/eval/grid__resolution__seed0__epoch_030__r32_G-__probes__f32.jsonl,recalibrated
resolution_max_b1,0,0.125,-0.45,2.5261177978515623,2.648646728515625,maxmonstre/eval/grid__resolution__seed0__epoch_030__r32_G-__probes__f32.jsonl,recalibrated
resolution_max_b1,0,0.125,-0.425,2.36892919921875,2.4915338134765626,maxmonstre/eval/grid__resolution__seed0__epoch_030__r32_G-__probes__f32.jsonl,recalibrated
resolution_max_b1,0,0.125,-0.4,2.206755859375,2.328137451171875,maxmonstre/eval/grid__resolution__seed0__epoch_030__r32_G-__probes__f32.jsonl,recalibrated
resolution_max_b1,0,0.125,-0.375,2.0365126953125,2.1655482177734373,maxmonstre/eval/grid__resolution__seed0__epoch_030__r32_G-__probes__f32.jsonl,recalibrated
resolution_max_b1,0,0.125,-0.35,1.863593139648437,2.006321533203125,maxmonstre/eval/grid__resolution__seed0__epoch_030__r32_G-__probes__f32.jsonl,recalibrated
resolution_max_b1,0,0.125,-0.325,1.6902669677734374,1.852296875,maxmonstre/eval/grid__resolution__seed0__epoch_030__r32_G-__probes__f32.jsonl,recalibrated
resolution_max_b1,0,0.125,-0.3,1.5225206298828124,1.7019335327148437,maxmonstre/eval/grid__resolution__seed0__epoch_030__r32_G-__probes__f32.jsonl,recalibrated
resolution_max_b1,0,0.125,-0.275,1.3585765380859376,1.5490529174804688,maxmonstre/eval/grid__resolution__seed0__epoch_030__r32_G-__probes__f32.jsonl,recalibrated
resolution_max_b1,0,0.125,-0.25,1.2045858154296876,1.3999093627929688,v2/surfaces.csv,recalibrated
resolution_max_b1,0,0.125,-0.225,1.0655601806640624,1.2628115234375,v2/surfaces.csv,recalibrated
resolution_max_b1,0,0.125,-0.2,0.9422071533203124,1.1370955810546874,v2/surfaces.csv,recalibrated
resolution_max_b1,0,0.125,-0.175,0.8359710998535156,1.0258718872070312,v2/surfaces.csv,recalibrated
resolution_max_b1,0,0.125,-0.15,0.7460224304199219,0.9283969116210936,v2/surfaces.csv,recalibrated
resolution_max_b1,0,0.125,-0.125,0.6692313232421875,0.8480299072265625,v2/surfaces.csv,recalibrated
resolution_max_b1,0,0.125,-0.1,0.6079395751953125,0.7824306945800781,v2/surfaces.csv,recalibrated
resolution_max_b1,0,0.125,-0.075,0.5593179016113281,0.7332082214355469,v2/surfaces.csv,recalibrated
resolution_max_b1,0,0.125,-0.05,0.5247762145996093,0.69929248046875,v2/surfaces.csv,recalibrated
resolution_max_b1,0,0.125,-0.025,0.5059261627197266,0.6803494262695312,v2/surfaces.csv,recalibrated
resolution_max_b1,0,0.125,0.0,0.5031463012695313,0.6750910949707031,v2/surfaces.csv,recalibrated
resolution_max_b1,0,0.125,0.025,0.514079833984375,0.682879150390625,v2/surfaces.csv,recalibrated
resolution_max_b1,0,0.125,0.05,0.539367919921875,0.7028475036621094,v2/surfaces.csv,recalibrated
resolution_max_b1,0,0.125,0.075,0.58036669921875,0.7345442810058593,v2/surfaces.csv,recalibrated
resolution_max_b1,0,0.125,0.1,0.6347476806640625,0.774896240234375,v2/surfaces.csv,recalibrated
resolution_max_b1,0,0.125,0.125,0.7025289001464844,0.8247120361328125,v2/surfaces.csv,recalibrated
resolution_max_b1,0,0.125,0.15,0.7835823059082031,0.8828084411621093,v2/surfaces.csv,recalibrated
resolution_max_b1,0,0.125,0.175,0.8753625183105469,0.9476448974609376,v2/surfaces.csv,recalibrated
resolution_max_b1,0,0.125,0.2,0.9735841369628906,1.0206214599609376,v2/surfaces.csv,recalibrated
resolution_max_b1,0,0.125,0.225,1.0777337646484375,1.1003626098632813,v2/surfaces.csv,recalibrated
resolution_max_b1,0,0.125,0.25,1.189823974609375,1.18976220703125,v2/surfaces.csv,recalibrated
resolution_max_b1,0,0.125,0.275,1.3094296264648435,1.2856558837890626,maxmonstre/eval/grid__resolution__seed0__epoch_030__r32_G-__probes__f32.jsonl,recalibrated
resolution_max_b1,0,0.125,0.3,1.4331294555664065,1.3927860717773437,maxmonstre/eval/grid__resolution__seed0__epoch_030__r32_G-__probes__f32.jsonl,recalibrated
resolution_max_b1,0,0.125,0.325,1.5590929565429688,1.5087255249023437,maxmonstre/eval/grid__resolution__seed0__epoch_030__r32_G-__probes__f32.jsonl,recalibrated
resolution_max_b1,0,0.125,0.35,1.687397216796875,1.6271654663085937,maxmonstre/eval/grid__resolution__seed0__epoch_030__r32_G-__probes__f32.jsonl,recalibrated
resolution_max_b1,0,0.125,0.375,1.815152526855469,1.7515140380859375,maxmonstre/eval/grid__resolution__seed0__epoch_030__r32_G-__probes__f32.jsonl,recalibrated
resolution_max_b1,0,0.125,0.4,1.944892822265625,1.8830164184570315,maxmonstre/eval/grid__resolution__seed0__epoch_030__r32_G-__probes__f32.jsonl,recalibrated
resolution_max_b1,0,0.125,0.425,2.078291748046875,2.0139019165039063,maxmonstre/eval/grid__resolution__seed0__epoch_030__r32_G-__probes__f32.jsonl,recalibrated
resolution_max_b1,0,0.125,0.45,2.2106654052734376,2.143488037109375,maxmonstre/eval/grid__resolution__seed0__epoch_030__r32_G-__probes__f32.jsonl,recalibrated
resolution_max_b1,0,0.125,0.475,2.33740673828125,2.273365478515625,maxmonstre/eval/grid__resolution__seed0__epoch_030__r32_G-__probes__f32.jsonl,recalibrated
resolution_max_b1,0,0.125,0.5,2.45610107421875,2.398972900390625,maxmonstre/eval/grid__resolution__seed0__epoch_030__r32_G-__probes__f32.jsonl,recalibrated
resolution_max_b1,0,0.15,-0.5,2.880697998046875,2.995754028320313,maxmonstre/eval/grid__resolution__seed0__epoch_030__r32_G-__probes__f32.jsonl,recalibrated
resolution_max_b1,0,0.15,-0.475,2.7291309814453126,2.8554482421875,maxmonstre/eval/grid__resolution__seed0__epoch_030__r32_G-__probes__f32.jsonl,recalibrated
resolution_max_b1,0,0.15,-0.45,2.575816162109375,2.708333984375,maxmonstre/eval/grid__resolution__seed0__epoch_030__r32_G-__probes__f32.jsonl,recalibrated
resolution_max_b1,0,0.15,-0.425,2.42001318359375,2.554517333984375,maxmonstre/eval/grid__resolution__seed0__epoch_030__r32_G-__probes__f32.jsonl,recalibrated
resolution_max_b1,0,0.15,-0.4,2.2596798095703123,2.396122924804688,maxmonstre/eval/grid__resolution__seed0__epoch_030__r32_G-__probes__f32.jsonl,recalibrated
resolution_max_b1,0,0.15,-0.375,2.09349267578125,2.236477783203125,maxmonstre/eval/grid__resolution__seed0__epoch_030__r32_G-__probes__f32.jsonl,recalibrated
resolution_max_b1,0,0.15,-0.35,1.923727294921875,2.08379052734375,maxmonstre/eval/grid__resolution__seed0__epoch_030__r32_G-__probes__f32.jsonl,recalibrated
resolution_max_b1,0,0.15,-0.325,1.753515869140625,1.9344398193359376,maxmonstre/eval/grid__resolution__seed0__epoch_030__r32_G-__probes__f32.jsonl,recalibrated
resolution_max_b1,0,0.15,-0.3,1.5870069580078126,1.7839112548828124,maxmonstre/eval/grid__resolution__seed0__epoch_030__r32_G-__probes__f32.jsonl,recalibrated
resolution_max_b1,0,0.15,-0.275,1.4233538818359377,1.628447509765625,maxmonstre/eval/grid__resolution__seed0__epoch_030__r32_G-__probes__f32.jsonl,recalibrated
resolution_max_b1,0,0.15,-0.25,1.2697335205078124,1.4702841796875,v2/surfaces.csv,recalibrated
resolution_max_b1,0,0.15,-0.225,1.13004931640625,1.3252486572265625,v2/surfaces.csv,recalibrated
resolution_max_b1,0,0.15,-0.2,1.0070029296875,1.195615966796875,v2/surfaces.csv,recalibrated
resolution_max_b1,0,0.15,-0.175,0.89943994140625,1.0823775634765624,v2/surfaces.csv,recalibrated
resolution_max_b1,0,0.15,-0.15,0.8088948364257813,0.9862843017578125,v2/surfaces.csv,recalibrated
resolution_max_b1,0,0.15,-0.125,0.7323612060546875,0.9044177856445312,v2/surfaces.csv,recalibrated
resolution_max_b1,0,0.15,-0.1,0.6694141845703125,0.838074951171875,v2/surfaces.csv,recalibrated
resolution_max_b1,0,0.15,-0.075,0.6202499084472656,0.7886278991699218,v2/surfaces.csv,recalibrated
resolution_max_b1,0,0.15,-0.05,0.5855498352050781,0.7535068359375,v2/surfaces.csv,recalibrated
resolution_max_b1,0,0.15,-0.025,0.56808447265625,0.7355431518554687,v2/surfaces.csv,recalibrated
resolution_max_b1,0,0.15,0.0,0.5651181945800782,0.7312077941894531,v2/surfaces.csv,recalibrated
resolution_max_b1,0,0.15,0.025,0.5780145263671875,0.7385777282714844,v2/surfaces.csv,recalibrated
resolution_max_b1,0,0.15,0.05,0.6053067626953125,0.75664794921875,v2/surfaces.csv,recalibrated
resolution_max_b1,0,0.15,0.075,0.648469482421875,0.7870404357910157,v2/surfaces.csv,recalibrated
resolution_max_b1,0,0.15,0.1,0.7043397827148438,0.8236934204101563,v2/surfaces.csv,recalibrated
resolution_max_b1,0,0.15,0.125,0.7698792114257812,0.8710755310058593,v2/surfaces.csv,recalibrated
resolution_max_b1,0,0.15,0.15,0.8483310241699219,0.9294092712402344,v2/surfaces.csv,recalibrated
resolution_max_b1,0,0.15,0.175,0.9381941528320312,0.9944435729980468,v2/surfaces.csv,recalibrated
resolution_max_b1,0,0.15,0.2,1.0344412231445312,1.0658486328125,v2/surfaces.csv,recalibrated
resolution_max_b1,0,0.15,0.225,1.135741943359375,1.1436826782226563,v2/surfaces.csv,recalibrated
resolution_max_b1,0,0.15,0.25,1.2414244995117187,1.2282776489257812,v2/surfaces.csv,recalibrated
resolution_max_b1,0,0.15,0.275,1.3520067138671874,1.3253282470703125,maxmonstre/eval/grid__resolution__seed0__epoch_030__r32_G-__probes__f32.jsonl,recalibrated
resolution_max_b1,0,0.15,0.3,1.468818115234375,1.43070458984375,maxmonstre/eval/grid__resolution__seed0__epoch_030__r32_G-__probes__f32.jsonl,recalibrated
resolution_max_b1,0,0.15,0.325,1.5888128051757813,1.5417882080078125,maxmonstre/eval/grid__resolution__seed0__epoch_030__r32_G-__probes__f32.jsonl,recalibrated
resolution_max_b1,0,0.15,0.35,1.7108334350585936,1.6544357299804688,maxmonstre/eval/grid__resolution__seed0__epoch_030__r32_G-__probes__f32.jsonl,recalibrated
resolution_max_b1,0,0.15,0.375,1.8343591918945312,1.7740894165039065,maxmonstre/eval/grid__resolution__seed0__epoch_030__r32_G-__probes__f32.jsonl,recalibrated
resolution_max_b1,0,0.15,0.4,1.960732666015625,1.900067321777344,maxmonstre/eval/grid__resolution__seed0__epoch_030__r32_G-__probes__f32.jsonl,recalibrated
resolution_max_b1,0,0.15,0.425,2.0907685546875,2.0318408203125,maxmonstre/eval/grid__resolution__seed0__epoch_030__r32_G-__probes__f32.jsonl,recalibrated
resolution_max_b1,0,0.15,0.45,2.218028686523437,2.1610194091796875,maxmonstre/eval/grid__resolution__seed0__epoch_030__r32_G-__probes__f32.jsonl,recalibrated
resolution_max_b1,0,0.15,0.475,2.34221435546875,2.293159912109375,maxmonstre/eval/grid__resolution__seed0__epoch_030__r32_G-__probes__f32.jsonl,recalibrated
resolution_max_b1,0,0.15,0.5,2.45932666015625,2.420137939453125,maxmonstre/eval/grid__resolution__seed0__epoch_030__r32_G-__probes__f32.jsonl,recalibrated
resolution_max_b1,0,0.175,-0.5,2.9296558837890627,3.053758056640625,maxmonstre/eval/grid__resolution__seed0__epoch_030__r32_G-__probes__f32.jsonl,recalibrated
resolution_max_b1,0,0.175,-0.475,2.7852369384765625,2.919158203125,maxmonstre/eval/grid__resolution__seed0__epoch_030__r32_G-__probes__f32.jsonl,recalibrated
resolution_max_b1,0,0.175,-0.45,2.636677978515625,2.7780516357421874,maxmonstre/eval/grid__resolution__seed0__epoch_030__r32_G-__probes__f32.jsonl,recalibrated
resolution_max_b1,0,0.175,-0.425,2.48209326171875,2.630071044921875,maxmonstre/eval/grid__resolution__seed0__epoch_030__r32_G-__probes__f32.jsonl,recalibrated
resolution_max_b1,0,0.175,-0.4,2.3250257568359376,2.4762423095703125,maxmonstre/eval/grid__resolution__seed0__epoch_030__r32_G-__probes__f32.jsonl,recalibrated
resolution_max_b1,0,0.175,-0.375,2.1603526611328125,2.323089965820313,maxmonstre/eval/grid__resolution__seed0__epoch_030__r32_G-__probes__f32.jsonl,recalibrated
resolution_max_b1,0,0.175,-0.35,1.991807861328125,2.1743182373046874,maxmonstre/eval/grid__resolution__seed0__epoch_030__r32_G-__probes__f32.jsonl,recalibrated
resolution_max_b1,0,0.175,-0.325,1.8241025390625,2.027962646484375,maxmonstre/eval/grid__resolution__seed0__epoch_030__r32_G-__probes__f32.jsonl,recalibrated
resolution_max_b1,0,0.175,-0.3,1.6577603759765625,1.87424658203125,maxmonstre/eval/grid__resolution__seed0__epoch_030__r32_G-__probes__f32.jsonl,recalibrated
resolution_max_b1,0,0.175,-0.275,1.4948681640625,1.7082608642578123,maxmonstre/eval/grid__resolution__seed0__epoch_030__r32_G-__probes__f32.jsonl,recalibrated
resolution_max_b1,0,0.175,-0.25,1.3405409545898437,1.5448367309570312,v2/surfaces.csv,recalibrated
resolution_max_b1,0,0.175,-0.225,1.2008946533203124,1.3955052490234374,v2/surfaces.csv,recalibrated
resolution_max_b1,0,0.175,-0.2,1.076988525390625,1.2617854614257813,v2/surfaces.csv,recalibrated
resolution_max_b1,0,0.175,-0.175,0.9693841247558592,1.1452777099609377,v2/surfaces.csv,recalibrated
resolution_max_b1,0,0.175,-0.15,0.87768359375,1.0500001220703126,v2/surfaces.csv,recalibrated
resolution_max_b1,0,0.175,-0.125,0.8005544738769531,0.9676983032226564,v2/surfaces.csv,recalibrated
resolution_max_b1,0,0.175,-0.1,0.7389194641113281,0.9003092346191406,v2/surfaces.csv,recalibrated
resolution_max_b1,0,0.175,-0.075,0.6905811767578125,0.8520638122558594,v2/surfaces.csv,recalibrated
resolution_max_b1,0,0.175,-0.05,0.6567164001464844,0.8184827575683594,v2/surfaces.csv,recalibrated
resolution_max_b1,0,0.175,-0.025,0.6402186584472657,0.7998059692382813,v2/surfaces.csv,recalibrated
resolution_max_b1,0,0.175,0.0,0.6391387939453125,0.794280029296875,v2/surfaces.csv,recalibrated
resolution_max_b1,0,0.175,0.025,0.652427490234375,0.8002825622558594,v2/surfaces.csv,recalibrated
resolution_max_b1,0,0.175,0.05,0.6797123718261718,0.8159018859863282,v2/surfaces.csv,recalibrated
resolution_max_b1,0,0.175,0.075,0.7225223999023438,0.8437608947753906,v2/surfaces.csv,recalibrated
resolution_max_b1,0,0.175,0.1,0.7802213439941407,0.8787688903808594,v2/surfaces.csv,recalibrated
resolution_max_b1,0,0.175,0.125,0.8489071044921875,0.9227166137695312,v2/surfaces.csv,recalibrated
resolution_max_b1,0,0.175,0.15,0.9250215759277344,0.9791475830078123,v2/surfaces.csv,recalibrated
resolution_max_b1,0,0.175,0.175,1.008836456298828,1.0440393981933591,v2/surfaces.csv,recalibrated
resolution_max_b1,0,0.175,0.2,1.102646728515625,1.1153406982421874,v2/surfaces.csv,recalibrated
resolution_max_b1,0,0.175,0.225,1.200631103515625,1.1908013305664062,v2/surfaces.csv,recalibrated
resolution_max_b1,0,0.175,0.25,1.301194091796875,1.2723599853515626,v2/surfaces.csv,recalibrated
resolution_max_b1,0,0.175,0.275,1.403183837890625,1.3679871215820312,maxmonstre/eval/grid__resolution__seed0__epoch_030__r32_G-__probes__f32.jsonl,recalibrated
resolution_max_b1,0,0.175,0.3,1.511536865234375,1.4719877319335937,maxmonstre/eval/grid__resolution__seed0__epoch_030__r32_G-__probes__f32.jsonl,recalibrated
resolution_max_b1,0,0.175,0.325,1.6246148681640624,1.5794693603515626,maxmonstre/eval/grid__resolution__seed0__epoch_030__r32_G-__probes__f32.jsonl,recalibrated
resolution_max_b1,0,0.175,0.35,1.7417498779296876,1.6885596923828126,maxmonstre/eval/grid__resolution__seed0__epoch_030__r32_G-__probes__f32.jsonl,recalibrated
resolution_max_b1,0,0.175,0.375,1.8607130126953124,1.805517822265625,maxmonstre/eval/grid__resolution__seed0__epoch_030__r32_G-__probes__f32.jsonl,recalibrated
resolution_max_b1,0,0.175,0.4,1.979778198242188,1.928761779785156,maxmonstre/eval/grid__resolution__seed0__epoch_030__r32_G-__probes__f32.jsonl,recalibrated
resolution_max_b1,0,0.175,0.425,2.103088073730469,2.055773193359375,maxmonstre/eval/grid__resolution__seed0__epoch_030__r32_G-__probes__f32.jsonl,recalibrated
resolution_max_b1,0,0.175,0.45,2.2272940673828123,2.184009521484375,maxmonstre/eval/grid__resolution__seed0__epoch_030__r32_G-__probes__f32.jsonl,recalibrated
resolution_max_b1,0,0.175,0.475,2.348732788085937,2.313979248046875,maxmonstre/eval/grid__resolution__seed0__epoch_030__r32_G-__probes__f32.jsonl,recalibrated
resolution_max_b1,0,0.175,0.5,2.4630906982421874,2.440590087890625,maxmonstre/eval/grid__resolution__seed0__epoch_030__r32_G-__probes__f32.jsonl,recalibrated
resolution_max_b1,0,0.2,-0.5,2.9857266845703125,3.11755419921875,maxmonstre/eval/grid__resolution__seed0__epoch_030__r32_G-__probes__f32.jsonl,recalibrated
resolution_max_b1,0,0.2,-0.475,2.848702392578125,2.988153076171875,maxmonstre/eval/grid__resolution__seed0__epoch_030__r32_G-__probes__f32.jsonl,recalibrated
resolution_max_b1,0,0.2,-0.45,2.7035072021484376,2.8532652587890626,maxmonstre/eval/grid__resolution__seed0__epoch_030__r32_G-__probes__f32.jsonl,recalibrated
resolution_max_b1,0,0.2,-0.425,2.555645385742188,2.712353515625,maxmonstre/eval/grid__resolution__seed0__epoch_030__r32_G-__probes__f32.jsonl,recalibrated
resolution_max_b1,0,0.2,-0.4,2.400356689453125,2.5669580078125,maxmonstre/eval/grid__resolution__seed0__epoch_030__r32_G-__probes__f32.jsonl,recalibrated
resolution_max_b1,0,0.2,-0.375,2.236987548828125,2.41775927734375,maxmonstre/eval/grid__resolution__seed0__epoch_030__r32_G-__probes__f32.jsonl,recalibrated
resolution_max_b1,0,0.2,-0.35,2.0686671142578126,2.267510864257813,maxmonstre/eval/grid__resolution__seed0__epoch_030__r32_G-__probes__f32.jsonl,recalibrated
resolution_max_b1,0,0.2,-0.325,1.8983035888671875,2.116308410644532,maxmonstre/eval/grid__resolution__seed0__epoch_030__r32_G-__probes__f32.jsonl,recalibrated
resolution_max_b1,0,0.2,-0.3,1.72794677734375,1.953629821777344,maxmonstre/eval/grid__resolution__seed0__epoch_030__r32_G-__probes__f32.jsonl,recalibrated
resolution_max_b1,0,0.2,-0.275,1.5635899658203125,1.7831905517578126,maxmonstre/eval/grid__resolution__seed0__epoch_030__r32_G-__probes__f32.jsonl,recalibrated
resolution_max_b1,0,0.2,-0.25,1.4117330932617187,1.6175134887695313,v2/surfaces.csv,recalibrated
resolution_max_b1,0,0.2,-0.225,1.2726334228515626,1.4657888793945313,v2/surfaces.csv,recalibrated
resolution_max_b1,0,0.2,-0.2,1.1483275756835938,1.3316708984375,v2/surfaces.csv,recalibrated
resolution_max_b1,0,0.2,-0.175,1.04131005859375,1.2143052368164062,v2/surfaces.csv,recalibrated
resolution_max_b1,0,0.2,-0.15,0.9517722778320312,1.1183665771484377,v2/surfaces.csv,recalibrated
resolution_max_b1,0,0.2,-0.125,0.8782926635742188,1.0366986389160155,v2/surfaces.csv,recalibrated
resolution_max_b1,0,0.2,-0.1,0.8173306579589844,0.9715571899414064,v2/surfaces.csv,recalibrated
resolution_max_b1,0,0.2,-0.075,0.7700180053710938,0.9251288452148436,v2/surfaces.csv,recalibrated
resolution_max_b1,0,0.2,-0.05,0.7374631652832031,0.89219677734375,v2/surfaces.csv,recalibrated
resolution_max_b1,0,0.2,-0.025,0.7212351989746094,0.8714298706054687,v2/surfaces.csv,recalibrated
resolution_max_b1,0,0.2,0.0,0.7211248168945312,0.8641610107421875,v2/surfaces.csv,recalibrated
resolution_max_b1,0,0.2,0.025,0.7348694763183594,0.8677434387207031,v2/surfaces.csv,recalibrated
resolution_max_b1,0,0.2,0.05,0.7639267578125,0.8817584228515625,v2/surfaces.csv,recalibrated
resolution_max_b1,0,0.2,0.075,0.8065829772949219,0.9068792419433592,v2/surfaces.csv,recalibrated
resolution_max_b1,0,0.2,0.1,0.8613175659179687,0.9404762268066408,v2/surfaces.csv,recalibrated
resolution_max_b1,0,0.2,0.125,0.926749267578125,0.98190234375,v2/surfaces.csv,recalibrated
resolution_max_b1,0,0.2,0.15,1.001942138671875,1.0361671447753906,v2/surfaces.csv,recalibrated
resolution_max_b1,0,0.2,0.175,1.08494384765625,1.10012060546875,v2/surfaces.csv,recalibrated
resolution_max_b1,0,0.2,0.2,1.1747012329101565,1.171080810546875,v2/surfaces.csv,recalibrated
resolution_max_b1,0,0.2,0.225,1.2700826416015625,1.2468236083984374,v2/surfaces.csv,recalibrated
resolution_max_b1,0,0.2,0.25,1.3665875244140624,1.326937683105469,v2/surfaces.csv,recalibrated
resolution_max_b1,0,0.2,0.275,1.4641859130859376,1.4182601318359376,maxmonstre/eval/grid__resolution__seed0__epoch_030__r32_G-__probes__f32.jsonl,recalibrated
resolution_max_b1,0,0.2,0.3,1.5661224365234374,1.5193047485351563,maxmonstre/eval/grid__resolution__seed0__epoch_030__r32_G-__probes__f32.jsonl,recalibrated
resolution_max_b1,0,0.2,0.325,1.6708366088867188,1.6251763916015625,maxmonstre/eval/grid__resolution__seed0__epoch_030__r32_G-__probes__f32.jsonl,recalibrated
resolution_max_b1,0,0.2,0.35,1.7798753662109374,1.7320848999023437,maxmonstre/eval/grid__resolution__seed0__epoch_030__r32_G-__probes__f32.jsonl,recalibrated
resolution_max_b1,0,0.2,0.375,1.892892822265625,1.8477607421875,maxmonstre/eval/grid__resolution__seed0__epoch_030__r32_G-__probes__f32.jsonl,recalibrated
resolution_max_b1,0,0.2,0.4,2.00755322265625,1.9666492309570311,maxmonstre/eval/grid__resolution__seed0__epoch_030__r32_G-__probes__f32.jsonl,recalibrated
resolution_max_b1,0,0.2,0.425,2.12355224609375,2.086732177734375,maxmonstre/eval/grid__resolution__seed0__epoch_030__r32_G-__probes__f32.jsonl,recalibrated
resolution_max_b1,0,0.2,0.45,2.239873291015625,2.2118873291015624,maxmonstre/eval/grid__resolution__seed0__epoch_030__r32_G-__probes__f32.jsonl,recalibrated
resolution_max_b1,0,0.2,0.475,2.35632275390625,2.3361173095703127,maxmonstre/eval/grid__resolution__seed0__epoch_030__r32_G-__probes__f32.jsonl,recalibrated
resolution_max_b1,0,0.2,0.5,2.4684688720703125,2.456654296875,maxmonstre/eval/grid__resolution__seed0__epoch_030__r32_G-__probes__f32.jsonl,recalibrated
resolution_max_b1,0,0.225,-0.5,3.052029296875,3.187752197265625,maxmonstre/eval/grid__resolution__seed0__epoch_030__r32_G-__probes__f32.jsonl,recalibrated
resolution_max_b1,0,0.225,-0.475,2.918321655273437,3.06318212890625,maxmonstre/eval/grid__resolution__seed0__epoch_030__r32_G-__probes__f32.jsonl,recalibrated
resolution_max_b1,0,0.225,-0.45,2.7771593017578127,2.9329237060546878,maxmonstre/eval/grid__resolution__seed0__epoch_030__r32_G-__probes__f32.jsonl,recalibrated
resolution_max_b1,0,0.225,-0.425,2.628895263671875,2.79645654296875,maxmonstre/eval/grid__resolution__seed0__epoch_030__r32_G-__probes__f32.jsonl,recalibrated
resolution_max_b1,0,0.225,-0.4,2.476781982421875,2.65543408203125,maxmonstre/eval/grid__resolution__seed0__epoch_030__r32_G-__probes__f32.jsonl,recalibrated
resolution_max_b1,0,0.225,-0.375,2.31646142578125,2.5069735107421875,maxmonstre/eval/grid__resolution__seed0__epoch_030__r32_G-__probes__f32.jsonl,recalibrated
resolution_max_b1,0,0.225,-0.35,2.1471583251953126,2.3524840087890624,maxmonstre/eval/grid__resolution__seed0__epoch_030__r32_G-__probes__f32.jsonl,recalibrated
resolution_max_b1,0,0.225,-0.325,1.973334228515625,2.190878662109375,maxmonstre/eval/grid__resolution__seed0__epoch_030__r32_G-__probes__f32.jsonl,recalibrated
resolution_max_b1,0,0.225,-0.3,1.7987425537109376,2.0223276977539064,maxmonstre/eval/grid__resolution__seed0__epoch_030__r32_G-__probes__f32.jsonl,recalibrated
resolution_max_b1,0,0.225,-0.275,1.6333345336914062,1.852025329589844,maxmonstre/eval/grid__resolution__seed0__epoch_030__r32_G-__probes__f32.jsonl,recalibrated
resolution_max_b1,0,0.225,-0.25,1.48259521484375,1.6850347900390623,v2/surfaces.csv,recalibrated
resolution_max_b1,0,0.225,-0.225,1.3444849853515626,1.5349887084960938,v2/surfaces.csv,recalibrated
resolution_max_b1,0,0.225,-0.2,1.222591064453125,1.402671875,v2/surfaces.csv,recalibrated
resolution_max_b1,0,0.225,-0.175,1.1174131469726565,1.2879790649414062,v2/surfaces.csv,recalibrated
resolution_max_b1,0,0.225,-0.15,1.0303430786132812,1.1916221923828123,v2/surfaces.csv,recalibrated
resolution_max_b1,0,0.225,-0.125,0.9622210693359377,1.1130487060546874,v2/surfaces.csv,recalibrated
resolution_max_b1,0,0.225,-0.1,0.9043376770019532,1.0502701721191403,v2/surfaces.csv,recalibrated
resolution_max_b1,0,0.225,-0.075,0.8569053955078125,1.004341949462891,v2/surfaces.csv,recalibrated
resolution_max_b1,0,0.225,-0.05,0.8243101196289062,0.9700749816894532,v2/surfaces.csv,recalibrated
resolution_max_b1,0,0.225,-0.025,0.8097955322265625,0.9488953857421876,v2/surfaces.csv,recalibrated
resolution_max_b1,0,0.225,0.0,0.8107439575195312,0.9401126098632812,v2/surfaces.csv,recalibrated
resolution_max_b1,0,0.225,0.025,0.8265413208007812,0.941416748046875,v2/surfaces.csv,recalibrated
resolution_max_b1,0,0.225,0.05,0.8578562622070313,0.953597412109375,v2/surfaces.csv,recalibrated
resolution_max_b1,0,0.225,0.075,0.9003248291015625,0.9752310791015624,v2/surfaces.csv,recalibrated
resolution_max_b1,0,0.225,0.1,0.952776611328125,1.0071571044921874,v2/surfaces.csv,recalibrated
resolution_max_b1,0,0.225,0.125,1.0146448059082032,1.0490703125,v2/surfaces.csv,recalibrated
resolution_max_b1,0,0.225,0.15,1.0863189086914062,1.1002183837890624,v2/surfaces.csv,recalibrated
resolution_max_b1,0,0.225,0.175,1.16534716796875,1.161017578125,v2/surfaces.csv,recalibrated
resolution_max_b1,0,0.225,0.2,1.2528092041015626,1.2307286987304686,v2/surfaces.csv,recalibrated
resolution_max_b1,0,0.225,0.225,1.3455713500976565,1.3064013671875,v2/surfaces.csv,recalibrated
resolution_max_b1,0,0.225,0.25,1.4396282348632812,1.38842333984375,v2/surfaces.csv,recalibrated
resolution_max_b1,0,0.225,0.275,1.533669677734375,1.4760870971679687,maxmonstre/eval/grid__resolution__seed0__epoch_030__r32_G-__probes__f32.jsonl,recalibrated
resolution_max_b1,0,0.225,0.3,1.6301372680664064,1.573434509277344,maxmonstre/eval/grid__resolution__seed0__epoch_030__r32_G-__probes__f32.jsonl,recalibrated
resolution_max_b1,0,0.225,0.325,1.728726806640625,1.6754518432617187,maxmonstre/eval/grid__resolution__seed0__epoch_030__r32_G-__probes__f32.jsonl,recalibrated
resolution_max_b1,0,0.225,0.35,1.8313111572265623,1.7811627807617187,maxmonstre/eval/grid__resolution__seed0__epoch_030__r32_G-__probes__f32.jsonl,recalibrated
resolution_max_b1,0,0.225,0.375,1.938138671875,1.892693359375,maxmonstre/eval/grid__resolution__seed0__epoch_030__r32_G-__probes__f32.jsonl,recalibrated
resolution_max_b1,0,0.225,0.4,2.0459563598632813,2.0057105712890624,maxmonstre/eval/grid__resolution__seed0__epoch_030__r32_G-__probes__f32.jsonl,recalibrated
resolution_max_b1,0,0.225,0.425,2.15180712890625,2.119972900390625,maxmonstre/eval/grid__resolution__seed0__epoch_030__r32_G-__probes__f32.jsonl,recalibrated
resolution_max_b1,0,0.225,0.45,2.261277221679688,2.2380281982421875,maxmonstre/eval/grid__resolution__seed0__epoch_030__r32_G-__probes__f32.jsonl,recalibrated
resolution_max_b1,0,0.225,0.475,2.3733084716796875,2.3567406005859377,maxmonstre/eval/grid__resolution__seed0__epoch_030__r32_G-__probes__f32.jsonl,recalibrated
resolution_max_b1,0,0.225,0.5,2.4817156982421875,2.47414208984375,maxmonstre/eval/grid__resolution__seed0__epoch_030__r32_G-__probes__f32.jsonl,recalibrated
resolution_max_b1,0,0.25,-0.5,3.1199261474609377,3.255053588867188,maxmonstre/eval/grid__resolution__seed0__epoch_030__r32_G-__probes__f32.jsonl,recalibrated
resolution_max_b1,0,0.25,-0.475,2.987004150390625,3.134751220703125,maxmonstre/eval/grid__resolution__seed0__epoch_030__r32_G-__probes__f32.jsonl,recalibrated
resolution_max_b1,0,0.25,-0.45,2.8477972412109374,3.0068729248046875,maxmonstre/eval/grid__resolution__seed0__epoch_030__r32_G-__probes__f32.jsonl,recalibrated
resolution_max_b1,0,0.25,-0.425,2.70093505859375,2.87266259765625,maxmonstre/eval/grid__resolution__seed0__epoch_030__r32_G-__probes__f32.jsonl,recalibrated
resolution_max_b1,0,0.25,-0.4,2.54946435546875,2.730821533203125,maxmonstre/eval/grid__resolution__seed0__epoch_030__r32_G-__probes__f32.jsonl,recalibrated
resolution_max_b1,0,0.25,-0.375,2.389557495117188,2.5812178955078124,maxmonstre/eval/grid__resolution__seed0__epoch_030__r32_G-__probes__f32.jsonl,recalibrated
resolution_max_b1,0,0.25,-0.35,2.2238125,2.42333935546875,maxmonstre/eval/grid__resolution__seed0__epoch_030__r32_G-__probes__f32.jsonl,recalibrated
resolution_max_b1,0,0.25,-0.325,2.050846435546875,2.2577515869140625,maxmonstre/eval/grid__resolution__seed0__epoch_030__r32_G-__probes__f32.jsonl,recalibrated
resolution_max_b1,0,0.25,-0.3,1.87695068359375,2.0878697509765627,maxmonstre/eval/grid__resolution__seed0__epoch_030__r32_G-__probes__f32.jsonl,recalibrated
resolution_max_b1,0,0.25,-0.275,1.7117411499023438,1.91482568359375,maxmonstre/eval/grid__resolution__seed0__epoch_030__r32_G-__probes__f32.jsonl,recalibrated
resolution_max_b1,0,0.25,-0.25,1.5583565673828126,1.749486083984375,v2/surfaces.csv,recalibrated
resolution_max_b1,0,0.25,-0.225,1.420595703125,1.6037687377929688,v2/surfaces.csv,recalibrated
resolution_max_b1,0,0.25,-0.2,1.30112451171875,1.47782763671875,v2/surfaces.csv,recalibrated
resolution_max_b1,0,0.25,-0.175,1.1982066650390626,1.366169677734375,v2/surfaces.csv,recalibrated
resolution_max_b1,0,0.25,-0.15,1.11440185546875,1.2731295776367189,v2/surfaces.csv,recalibrated
resolution_max_b1,0,0.25,-0.125,1.0472261962890623,1.1988421630859376,v2/surfaces.csv,recalibrated
resolution_max_b1,0,0.25,-0.1,0.994103546142578,1.137406982421875,v2/surfaces.csv,recalibrated
resolution_max_b1,0,0.25,-0.075,0.9512926025390624,1.0901889953613282,v2/surfaces.csv,recalibrated
resolution_max_b1,0,0.25,-0.05,0.9207423706054688,1.0557353210449218,v2/surfaces.csv,recalibrated
resolution_max_b1,0,0.25,-0.025,0.907807098388672,1.03341357421875,v2/surfaces.csv,recalibrated
resolution_max_b1,0,0.25,0.0,0.9107279052734376,1.0222532348632811,v2/surfaces.csv,recalibrated
resolution_max_b1,0,0.25,0.025,0.9282342529296876,1.020674072265625,v2/surfaces.csv,recalibrated
resolution_max_b1,0,0.25,0.05,0.9580891418457032,1.0298596801757811,v2/surfaces.csv,recalibrated
resolution_max_b1,0,0.25,0.075,0.99935595703125,1.0494967956542969,v2/surfaces.csv,recalibrated
resolution_max_b1,0,0.25,0.1,1.0513796997070313,1.081962646484375,v2/surfaces.csv,recalibrated
resolution_max_b1,0,0.25,0.125,1.1121700439453126,1.12300341796875,v2/surfaces.csv,recalibrated
resolution_max_b1,0,0.25,0.15,1.1793475341796875,1.1729321899414062,v2/surfaces.csv,recalibrated
resolution_max_b1,0,0.25,0.175,1.2552039794921874,1.2311703491210937,v2/surfaces.csv,recalibrated
resolution_max_b1,0,0.25,0.2,1.3376748046875,1.299358154296875,v2/surfaces.csv,recalibrated
resolution_max_b1,0,0.25,0.225,1.4255573120117186,1.3731910400390626,v2/surfaces.csv,recalibrated
resolution_max_b1,0,0.25,0.25,1.5160863037109376,1.4546915283203126,v2/surfaces.csv,recalibrated
resolution_max_b1,0,0.25,0.275,1.6060277099609377,1.5423403930664064,maxmonstre/eval/grid__resolution__seed0__epoch_030__r32_G-__probes__f32.jsonl,recalibrated
resolution_max_b1,0,0.25,0.3,1.6996773681640625,1.6337750244140623,maxmonstre/eval/grid__resolution__seed0__epoch_030__r32_G-__probes__f32.jsonl,recalibrated
resolution_max_b1,0,0.25,0.325,1.7935958862304688,1.7302803955078123,maxmonstre/eval/grid__resolution__seed0__epoch_030__r32_G-__probes__f32.jsonl,recalibrated
resolution_max_b1,0,0.25,0.35,1.8917828369140623,1.8309789428710936,maxmonstre/eval/grid__resolution__seed0__epoch_030__r32_G-__probes__f32.jsonl,recalibrated
resolution_max_b1,0,0.25,0.375,1.9940435180664065,1.938377014160156,maxmonstre/eval/grid__resolution__seed0__epoch_030__r32_G-__probes__f32.jsonl,recalibrated
resolution_max_b1,0,0.25,0.4,2.0958751220703125,2.047936828613281,maxmonstre/eval/grid__resolution__seed0__epoch_030__r32_G-__probes__f32.jsonl,recalibrated
resolution_max_b1,0,0.25,0.425,2.1976558837890625,2.157257202148437,maxmonstre/eval/grid__resolution__seed0__epoch_030__r32_G-__probes__f32.jsonl,recalibrated
resolution_max_b1,0,0.25,0.45,2.299057495117188,2.2675208740234374,maxmonstre/eval/grid__resolution__seed0__epoch_030__r32_G-__probes__f32.jsonl,recalibrated
resolution_max_b1,0,0.25,0.475,2.403094970703125,2.381920166015625,maxmonstre/eval/grid__resolution__seed0__epoch_030__r32_G-__probes__f32.jsonl,recalibrated
resolution_max_b1,0,0.25,0.5,2.50578564453125,2.496532958984375,maxmonstre/eval/grid__resolution__seed0__epoch_030__r32_G-__probes__f32.jsonl,recalibrated
resolution_max_b1,0,0.275,-0.5,3.178399658203125,3.3154898681640623,maxmonstre/eval/grid__resolution__seed0__epoch_030__r32_G-__probes__f32.jsonl,recalibrated
resolution_max_b1,0,0.275,-0.475,3.049617431640625,3.196927978515625,maxmonstre/eval/grid__resolution__seed0__epoch_030__r32_G-__probes__f32.jsonl,recalibrated
resolution_max_b1,0,0.275,-0.45,2.9131849365234377,3.07247314453125,maxmonstre/eval/grid__resolution__seed0__epoch_030__r32_G-__probes__f32.jsonl,recalibrated
resolution_max_b1,0,0.275,-0.425,2.7680166015625,2.9373441162109377,maxmonstre/eval/grid__resolution__seed0__epoch_030__r32_G-__probes__f32.jsonl,recalibrated
resolution_max_b1,0,0.275,-0.4,2.61504052734375,2.7949691162109374,maxmonstre/eval/grid__resolution__seed0__epoch_030__r32_G-__probes__f32.jsonl,recalibrated
resolution_max_b1,0,0.275,-0.375,2.4568760986328124,2.6443912353515624,maxmonstre/eval/grid__resolution__seed0__epoch_030__r32_G-__probes__f32.jsonl,recalibrated
resolution_max_b1,0,0.275,-0.35,2.2959296875,2.485199340820313,maxmonstre/eval/grid__resolution__seed0__epoch_030__r32_G-__probes__f32.jsonl,recalibrated
resolution_max_b1,0,0.275,-0.325,2.1274029541015627,2.3167689208984377,maxmonstre/eval/grid__resolution__seed0__epoch_030__r32_G-__probes__f32.jsonl,recalibrated
resolution_max_b1,0,0.275,-0.3,1.9558178100585937,2.146775146484375,maxmonstre/eval/grid__resolution__seed0__epoch_030__r32_G-__probes__f32.jsonl,recalibrated
resolution_max_b1,0,0.275,-0.275,1.7898661499023438,1.9763018798828125,maxmonstre/eval/grid__resolution__seed0__epoch_030__r32_G-__probes__f32.jsonl,recalibrated
resolution_max_b1,0,0.275,-0.25,1.6378323974609377,1.818764587402344,maxmonstre/eval/grid__resolution__seed0__epoch_030__r32_G-__probes__f32.jsonl,recalibrated
resolution_max_b1,0,0.275,-0.225,1.5044158325195311,1.6821631469726563,maxmonstre/eval/grid__resolution__seed0__epoch_030__r32_G-__probes__f32.jsonl,recalibrated
resolution_max_b1,0,0.275,-0.2,1.388627197265625,1.559795654296875,maxmonstre/eval/grid__resolution__seed0__epoch_030__r32_G-__probes__f32.jsonl,recalibrated
resolution_max_b1,0,0.275,-0.175,1.2891050415039065,1.4546114501953125,maxmonstre/eval/grid__resolution__seed0__epoch_030__r32_G-__probes__f32.jsonl,recalibrated
resolution_max_b1,0,0.275,-0.15,1.206340637207031,1.3634644775390623,maxmonstre/eval/grid__resolution__seed0__epoch_030__r32_G-__probes__f32.jsonl,recalibrated
resolution_max_b1,0,0.275,-0.125,1.1404534912109374,1.2902861328125,maxmonstre/eval/grid__resolution__seed0__epoch_030__r32_G-__probes__f32.jsonl,recalibrated
resolution_max_b1,0,0.275,-0.1,1.0898673095703124,1.2302836303710938,maxmonstre/eval/grid__resolution__seed0__epoch_030__r32_G-__probes__f32.jsonl,recalibrated
resolution_max_b1,0,0.275,-0.075,1.0501348876953125,1.184508056640625,maxmonstre/eval/grid__resolution__seed0__epoch_030__r32_G-__probes__f32.jsonl,recalibrated
resolution_max_b1,0,0.275,-0.05,1.0251696166992188,1.14844970703125,maxmonstre/eval/grid__resolution__seed0__epoch_030__r32_G-__probes__f32.jsonl,recalibrated
resolution_max_b1,0,0.275,-0.025,1.0139425048828126,1.12403955078125,maxmonstre/eval/grid__resolution__seed0__epoch_030__r32_G-__probes__f32.jsonl,recalibrated
resolution_max_b1,0,0.275,0.0,1.0171558532714844,1.1104254760742187,maxmonstre/eval/grid__resolution__seed0__epoch_030__r32_G-__probes__f32.jsonl,recalibrated
resolution_max_b1,0,0.275,0.025,1.0348062133789062,1.1077123413085936,maxmonstre/eval/grid__resolution__seed0__epoch_030__r32_G-__probes__f32.jsonl,recalibrated
resolution_max_b1,0,0.275,0.05,1.06411328125,1.1149943237304687,maxmonstre/eval/grid__resolution__seed0__epoch_030__r32_G-__probes__f32.jsonl,recalibrated
resolution_max_b1,0,0.275,0.075,1.1037813720703125,1.1348055419921874,maxmonstre/eval/grid__resolution__seed0__epoch_030__r32_G-__probes__f32.jsonl,recalibrated
resolution_max_b1,0,0.275,0.1,1.1528025512695312,1.1652615356445313,maxmonstre/eval/grid__resolution__seed0__epoch_030__r32_G-__probes__f32.jsonl,recalibrated
resolution_max_b1,0,0.275,0.125,1.2105952758789065,1.2059384765625,maxmonstre/eval/grid__resolution__seed0__epoch_030__r32_G-__probes__f32.jsonl,recalibrated
resolution_max_b1,0,0.275,0.15,1.2759736938476562,1.2567667236328126,maxmonstre/eval/grid__resolution__seed0__epoch_030__r32_G-__probes__f32.jsonl,recalibrated
resolution_max_b1,0,0.275,0.175,1.3477490234375,1.3138401489257812,maxmonstre/eval/grid__resolution__seed0__epoch_030__r32_G-__probes__f32.jsonl,recalibrated
resolution_max_b1,0,0.275,0.2,1.42654345703125,1.38027099609375,maxmonstre/eval/grid__resolution__seed0__epoch_030__r32_G-__probes__f32.jsonl,recalibrated
resolution_max_b1,0,0.275,0.225,1.5095672607421875,1.4529932861328123,maxmonstre/eval/grid__resolution__seed0__epoch_030__r32_G-__probes__f32.jsonl,recalibrated
resolution_max_b1,0,0.275,0.25,1.5958519897460937,1.531837646484375,maxmonstre/eval/grid__resolution__seed0__epoch_030__r32_G-__probes__f32.jsonl,recalibrated
resolution_max_b1,0,0.275,0.275,1.6814256591796874,1.614956970214844,maxmonstre/eval/grid__resolution__seed0__epoch_030__r32_G-__probes__f32.jsonl,recalibrated
resolution_max_b1,0,0.275,0.3,1.77024169921875,1.700650207519531,maxmonstre/eval/grid__resolution__seed0__epoch_030__r32_G-__probes__f32.jsonl,recalibrated
resolution_max_b1,0,0.275,0.325,1.863069580078125,1.7926091918945313,maxmonstre/eval/grid__resolution__seed0__epoch_030__r32_G-__probes__f32.jsonl,recalibrated
resolution_max_b1,0,0.275,0.35,1.959173767089844,1.888609375,maxmonstre/eval/grid__resolution__seed0__epoch_030__r32_G-__probes__f32.jsonl,recalibrated
resolution_max_b1,0,0.275,0.375,2.054859375,1.9920081787109376,maxmonstre/eval/grid__resolution__seed0__epoch_030__r32_G-__probes__f32.jsonl,recalibrated
resolution_max_b1,0,0.275,0.4,2.1530301513671875,2.0959503173828127,maxmonstre/eval/grid__resolution__seed0__epoch_030__r32_G-__probes__f32.jsonl,recalibrated
resolution_max_b1,0,0.275,0.425,2.25327880859375,2.1998253173828126,maxmonstre/eval/grid__resolution__seed0__epoch_030__r32_G-__probes__f32.jsonl,recalibrated
resolution_max_b1,0,0.275,0.45,2.3488599853515626,2.3056463623046874,maxmonstre/eval/grid__resolution__seed0__epoch_030__r32_G-__probes__f32.jsonl,recalibrated
resolution_max_b1,0,0.275,0.475,2.4430421142578127,2.414646728515625,maxmonstre/eval/grid__resolution__seed0__epoch_030__r32_G-__probes__f32.jsonl,recalibrated
resolution_max_b1,0,0.275,0.5,2.5387291259765625,2.525615478515625,maxmonstre/eval/grid__resolution__seed0__epoch_030__r32_G-__probes__f32.jsonl,recalibrated
resolution_max_b1,0,0.3,-0.5,3.2278553466796875,3.3640445556640626,maxmonstre/eval/grid__resolution__seed0__epoch_030__r32_G-__probes__f32.jsonl,recalibrated
resolution_max_b1,0,0.3,-0.475,3.1019736328125,3.2443743896484376,maxmonstre/eval/grid__resolution__seed0__epoch_030__r32_G-__probes__f32.jsonl,recalibrated
resolution_max_b1,0,0.3,-0.45,2.969191650390625,3.1206397705078124,maxmonstre/eval/grid__resolution__seed0__epoch_030__r32_G-__probes__f32.jsonl,recalibrated
resolution_max_b1,0,0.3,-0.425,2.823685302734375,2.98844384765625,maxmonstre/eval/grid__resolution__seed0__epoch_030__r32_G-__probes__f32.jsonl,recalibrated
resolution_max_b1,0,0.3,-0.4,2.675212890625,2.84553662109375,maxmonstre/eval/grid__resolution__seed0__epoch_030__r32_G-__probes__f32.jsonl,recalibrated
resolution_max_b1,0,0.3,-0.375,2.5228768310546874,2.6929410400390625,maxmonstre/eval/grid__resolution__seed0__epoch_030__r32_G-__probes__f32.jsonl,recalibrated
resolution_max_b1,0,0.3,-0.35,2.364362060546875,2.5345933837890624,maxmonstre/eval/grid__resolution__seed0__epoch_030__r32_G-__probes__f32.jsonl,recalibrated
resolution_max_b1,0,0.3,-0.325,2.200322021484375,2.373775268554688,maxmonstre/eval/grid__resolution__seed0__epoch_030__r32_G-__probes__f32.jsonl,recalibrated
resolution_max_b1,0,0.3,-0.3,2.0305950927734373,2.20646630859375,maxmonstre/eval/grid__resolution__seed0__epoch_030__r32_G-__probes__f32.jsonl,recalibrated
resolution_max_b1,0,0.3,-0.275,1.8700289306640625,2.04766845703125,maxmonstre/eval/grid__resolution__seed0__epoch_030__r32_G-__probes__f32.jsonl,recalibrated
resolution_max_b1,0,0.3,-0.25,1.7244251708984375,1.9001998901367188,maxmonstre/eval/grid__resolution__seed0__epoch_030__r32_G-__probes__f32.jsonl,recalibrated
resolution_max_b1,0,0.3,-0.225,1.5945901489257812,1.7691025390625,maxmonstre/eval/grid__resolution__seed0__epoch_030__r32_G-__probes__f32.jsonl,recalibrated
resolution_max_b1,0,0.3,-0.2,1.4831480102539063,1.6530157470703124,maxmonstre/eval/grid__resolution__seed0__epoch_030__r32_G-__probes__f32.jsonl,recalibrated
resolution_max_b1,0,0.3,-0.175,1.3854117431640625,1.5498700561523435,maxmonstre/eval/grid__resolution__seed0__epoch_030__r32_G-__probes__f32.jsonl,recalibrated
resolution_max_b1,0,0.3,-0.15,1.3041949462890623,1.4629116821289063,maxmonstre/eval/grid__resolution__seed0__epoch_030__r32_G-__probes__f32.jsonl,recalibrated
resolution_max_b1,0,0.3,-0.125,1.2412200927734376,1.39105419921875,maxmonstre/eval/grid__resolution__seed0__epoch_030__r32_G-__probes__f32.jsonl,recalibrated
resolution_max_b1,0,0.3,-0.1,1.1914367065429687,1.3320433959960938,maxmonstre/eval/grid__resolution__seed0__epoch_030__r32_G-__probes__f32.jsonl,recalibrated
resolution_max_b1,0,0.3,-0.075,1.153115478515625,1.285250549316406,maxmonstre/eval/grid__resolution__seed0__epoch_030__r32_G-__probes__f32.jsonl,recalibrated
resolution_max_b1,0,0.3,-0.05,1.1321171875,1.2479493408203124,maxmonstre/eval/grid__resolution__seed0__epoch_030__r32_G-__probes__f32.jsonl,recalibrated
resolution_max_b1,0,0.3,-0.025,1.1234752197265625,1.2219197998046876,maxmonstre/eval/grid__resolution__seed0__epoch_030__r32_G-__probes__f32.jsonl,recalibrated
resolution_max_b1,0,0.3,0.0,1.1259261474609374,1.2076127319335936,maxmonstre/eval/grid__resolution__seed0__epoch_030__r32_G-__probes__f32.jsonl,recalibrated
resolution_max_b1,0,0.3,0.025,1.1450995483398438,1.2022630004882813,maxmonstre/eval/grid__resolution__seed0__epoch_030__r32_G-__probes__f32.jsonl,recalibrated
resolution_max_b1,0,0.3,0.05,1.174251220703125,1.2084561157226563,maxmonstre/eval/grid__resolution__seed0__epoch_030__r32_G-__probes__f32.jsonl,recalibrated
resolution_max_b1,0,0.3,0.075,1.211153076171875,1.2265821533203125,maxmonstre/eval/grid__resolution__seed0__epoch_030__r32_G-__probes__f32.jsonl,recalibrated
resolution_max_b1,0,0.3,0.1,1.2558238525390626,1.2565262451171877,maxmonstre/eval/grid__resolution__seed0__epoch_030__r32_G-__probes__f32.jsonl,recalibrated
resolution_max_b1,0,0.3,0.125,1.3093161010742187,1.3005828857421875,maxmonstre/eval/grid__resolution__seed0__epoch_030__r32_G-__probes__f32.jsonl,recalibrated
resolution_max_b1,0,0.3,0.15,1.3712953491210935,1.351691162109375,maxmonstre/eval/grid__resolution__seed0__epoch_030__r32_G-__probes__f32.jsonl,recalibrated
resolution_max_b1,0,0.3,0.175,1.4413195190429688,1.4071952514648438,maxmonstre/eval/grid__resolution__seed0__epoch_030__r32_G-__probes__f32.jsonl,recalibrated
resolution_max_b1,0,0.3,0.2,1.518308349609375,1.4688341674804688,maxmonstre/eval/grid__resolution__seed0__epoch_030__r32_G-__probes__f32.jsonl,recalibrated
resolution_max_b1,0,0.3,0.225,1.6003563232421876,1.5397526245117188,maxmonstre/eval/grid__resolution__seed0__epoch_030__r32_G-__probes__f32.jsonl,recalibrated
resolution_max_b1,0,0.3,0.25,1.684755859375,1.615596435546875,maxmonstre/eval/grid__resolution__seed0__epoch_030__r32_G-__probes__f32.jsonl,recalibrated
resolution_max_b1,0,0.3,0.275,1.767866455078125,1.693889831542969,maxmonstre/eval/grid__resolution__seed0__epoch_030__r32_G-__probes__f32.jsonl,recalibrated
resolution_max_b1,0,0.3,0.3,1.85273583984375,1.7740260009765625,maxmonstre/eval/grid__resolution__seed0__epoch_030__r32_G-__probes__f32.jsonl,recalibrated
resolution_max_b1,0,0.3,0.325,1.9412117309570311,1.8609312133789064,maxmonstre/eval/grid__resolution__seed0__epoch_030__r32_G-__probes__f32.jsonl,recalibrated
resolution_max_b1,0,0.3,0.35,2.0319310302734377,1.9519722900390624,maxmonstre/eval/grid__resolution__seed0__epoch_030__r32_G-__probes__f32.jsonl,recalibrated
resolution_max_b1,0,0.3,0.375,2.1224039306640625,2.048388732910156,maxmonstre/eval/grid__resolution__seed0__epoch_030__r32_G-__probes__f32.jsonl,recalibrated
resolution_max_b1,0,0.3,0.4,2.21622607421875,2.147531005859375,maxmonstre/eval/grid__resolution__seed0__epoch_030__r32_G-__probes__f32.jsonl,recalibrated
resolution_max_b1,0,0.3,0.425,2.312159912109375,2.2486123046875,maxmonstre/eval/grid__resolution__seed0__epoch_030__r32_G-__probes__f32.jsonl,recalibrated
resolution_max_b1,0,0.3,0.45,2.405387451171875,2.351508056640625,maxmonstre/eval/grid__resolution__seed0__epoch_030__r32_G-__probes__f32.jsonl,recalibrated
resolution_max_b1,0,0.3,0.475,2.49814111328125,2.4574501953125,maxmonstre/eval/grid__resolution__seed0__epoch_030__r32_G-__probes__f32.jsonl,recalibrated
resolution_max_b1,0,0.3,0.5,2.5887484130859373,2.564144287109375,maxmonstre/eval/grid__resolution__seed0__epoch_030__r32_G-__probes__f32.jsonl,recalibrated
resolution_max_b1,0,0.325,-0.5,3.268931640625,3.397177734375,maxmonstre/eval/grid__resolution__seed0__epoch_030__r32_G-__probes__f32.jsonl,recalibrated
resolution_max_b1,0,0.325,-0.475,3.1474556884765623,3.28010498046875,maxmonstre/eval/grid__resolution__seed0__epoch_030__r32_G-__probes__f32.jsonl,recalibrated
resolution_max_b1,0,0.325,-0.45,3.0159097900390623,3.160412841796875,maxmonstre/eval/grid__resolution__seed0__epoch_030__r32_G-__probes__f32.jsonl,recalibrated
resolution_max_b1,0,0.325,-0.425,2.8753658447265624,3.030216796875,maxmonstre/eval/grid__resolution__seed0__epoch_030__r32_G-__probes__f32.jsonl,recalibrated
resolution_max_b1,0,0.325,-0.4,2.731679931640625,2.889337158203125,maxmonstre/eval/grid__resolution__seed0__epoch_030__r32_G-__probes__f32.jsonl,recalibrated
resolution_max_b1,0,0.325,-0.375,2.586260620117188,2.7376744384765623,maxmonstre/eval/grid__resolution__seed0__epoch_030__r32_G-__probes__f32.jsonl,recalibrated
resolution_max_b1,0,0.325,-0.35,2.434414306640625,2.58512158203125,maxmonstre/eval/grid__resolution__seed0__epoch_030__r32_G-__probes__f32.jsonl,recalibrated
resolution_max_b1,0,0.325,-0.325,2.271773681640625,2.430687744140625,maxmonstre/eval/grid__resolution__seed0__epoch_030__r32_G-__probes__f32.jsonl,recalibrated
resolution_max_b1,0,0.325,-0.3,2.109308471679688,2.27576611328125,maxmonstre/eval/grid__resolution__seed0__epoch_030__r32_G-__probes__f32.jsonl,recalibrated
resolution_max_b1,0,0.325,-0.275,1.953974853515625,2.1298905029296877,maxmonstre/eval/grid__resolution__seed0__epoch_030__r32_G-__probes__f32.jsonl,recalibrated
resolution_max_b1,0,0.325,-0.25,1.815050659179688,1.992959899902344,maxmonstre/eval/grid__resolution__seed0__epoch_030__r32_G-__probes__f32.jsonl,recalibrated
resolution_max_b1,0,0.325,-0.225,1.691298828125,1.8663319091796875,maxmonstre/eval/grid__resolution__seed0__epoch_030__r32_G-__probes__f32.jsonl,recalibrated
resolution_max_b1,0,0.325,-0.2,1.58232421875,1.75214208984375,maxmonstre/eval/grid__resolution__seed0__epoch_030__r32_G-__probes__f32.jsonl,recalibrated
resolution_max_b1,0,0.325,-0.175,1.4873179931640623,1.6525746459960935,maxmonstre/eval/grid__resolution__seed0__epoch_030__r32_G-__probes__f32.jsonl,recalibrated
resolution_max_b1,0,0.325,-0.15,1.406141357421875,1.5701561279296874,maxmonstre/eval/grid__resolution__seed0__epoch_030__r32_G-__probes__f32.jsonl,recalibrated
resolution_max_b1,0,0.325,-0.125,1.3430493774414063,1.5000210571289063,maxmonstre/eval/grid__resolution__seed0__epoch_030__r32_G-__probes__f32.jsonl,recalibrated
resolution_max_b1,0,0.325,-0.1,1.2965767822265626,1.43905517578125,maxmonstre/eval/grid__resolution__seed0__epoch_030__r32_G-__probes__f32.jsonl,recalibrated
resolution_max_b1,0,0.325,-0.075,1.262677978515625,1.3910952758789064,maxmonstre/eval/grid__resolution__seed0__epoch_030__r32_G-__probes__f32.jsonl,recalibrated
resolution_max_b1,0,0.325,-0.05,1.2432098388671875,1.35354248046875,maxmonstre/eval/grid__resolution__seed0__epoch_030__r32_G-__probes__f32.jsonl,recalibrated
resolution_max_b1,0,0.325,-0.025,1.2375278930664062,1.3278207397460935,maxmonstre/eval/grid__resolution__seed0__epoch_030__r32_G-__probes__f32.jsonl,recalibrated
resolution_max_b1,0,0.325,0.0,1.2411149291992187,1.3126556396484377,maxmonstre/eval/grid__resolution__seed0__epoch_030__r32_G-__probes__f32.jsonl,recalibrated
resolution_max_b1,0,0.325,0.025,1.2575615234375,1.306292724609375,maxmonstre/eval/grid__resolution__seed0__epoch_030__r32_G-__probes__f32.jsonl,recalibrated
resolution_max_b1,0,0.325,0.05,1.285056396484375,1.3096992797851563,maxmonstre/eval/grid__resolution__seed0__epoch_030__r32_G-__probes__f32.jsonl,recalibrated
resolution_max_b1,0,0.325,0.075,1.32075390625,1.328876220703125,maxmonstre/eval/grid__resolution__seed0__epoch_030__r32_G-__probes__f32.jsonl,recalibrated
resolution_max_b1,0,0.325,0.1,1.3623465576171876,1.359384765625,maxmonstre/eval/grid__resolution__seed0__epoch_030__r32_G-__probes__f32.jsonl,recalibrated
resolution_max_b1,0,0.325,0.125,1.409575927734375,1.4016658935546875,maxmonstre/eval/grid__resolution__seed0__epoch_030__r32_G-__probes__f32.jsonl,recalibrated
resolution_max_b1,0,0.325,0.15,1.4675750122070312,1.4539856567382812,maxmonstre/eval/grid__resolution__seed0__epoch_030__r32_G-__probes__f32.jsonl,recalibrated
resolution_max_b1,0,0.325,0.175,1.5345513305664062,1.5092182006835937,maxmonstre/eval/grid__resolution__seed0__epoch_030__r32_G-__probes__f32.jsonl,recalibrated
resolution_max_b1,0,0.325,0.2,1.6097633666992188,1.5680274658203126,maxmonstre/eval/grid__resolution__seed0__epoch_030__r32_G-__probes__f32.jsonl,recalibrated
resolution_max_b1,0,0.325,0.225,1.6924203491210938,1.63342919921875,maxmonstre/eval/grid__resolution__seed0__epoch_030__r32_G-__probes__f32.jsonl,recalibrated
resolution_max_b1,0,0.325,0.25,1.7778585205078126,1.7050520629882813,maxmonstre/eval/grid__resolution__seed0__epoch_030__r32_G-__probes__f32.jsonl,recalibrated
resolution_max_b1,0,0.325,0.275,1.862177612304688,1.779413818359375,maxmonstre/eval/grid__resolution__seed0__epoch_030__r32_G-__probes__f32.jsonl,recalibrated
resolution_max_b1,0,0.325,0.3,1.9459007568359372,1.855428649902344,maxmonstre/eval/grid__resolution__seed0__epoch_030__r32_G-__probes__f32.jsonl,recalibrated
resolution_max_b1,0,0.325,0.325,2.0309097900390625,1.9347108154296877,maxmonstre/eval/grid__resolution__seed0__epoch_030__r32_G-__probes__f32.jsonl,recalibrated
resolution_max_b1,0,0.325,0.35,2.1167023315429687,2.0207529296875,maxmonstre/eval/grid__resolution__seed0__epoch_030__r32_G-__probes__f32.jsonl,recalibrated
resolution_max_b1,0,0.325,0.375,2.203013916015625,2.11270703125,maxmonstre/eval/grid__resolution__seed0__epoch_030__r32_G-__probes__f32.jsonl,recalibrated
resolution_max_b1,0,0.325,0.4,2.291643310546875,2.2103870849609377,maxmonstre/eval/grid__resolution__seed0__epoch_030__r32_G-__probes__f32.jsonl,recalibrated
resolution_max_b1,0,0.325,0.425,2.3837808837890626,2.306314697265625,maxmonstre/eval/grid__resolution__seed0__epoch_030__r32_G-__probes__f32.jsonl,recalibrated
resolution_max_b1,0,0.325,0.45,2.473685791015625,2.4058193359375,maxmonstre/eval/grid__resolution__seed0__epoch_030__r32_G-__probes__f32.jsonl,recalibrated
resolution_max_b1,0,0.325,0.475,2.565212036132813,2.5090128173828123,maxmonstre/eval/grid__resolution__seed0__epoch_030__r32_G-__probes__f32.jsonl,recalibrated
resolution_max_b1,0,0.325,0.5,2.655168212890625,2.61281787109375,maxmonstre/eval/grid__resolution__seed0__epoch_030__r32_G-__probes__f32.jsonl,recalibrated
resolution_max_b1,0,0.35,-0.5,3.301831787109375,3.42614111328125,maxmonstre/eval/grid__resolution__seed0__epoch_030__r32_G-__probes__f32.jsonl,recalibrated
resolution_max_b1,0,0.35,-0.475,3.1829404296875,3.3121807861328123,maxmonstre/eval/grid__resolution__seed0__epoch_030__r32_G-__probes__f32.jsonl,recalibrated
resolution_max_b1,0,0.35,-0.45,3.0545478515625,3.193853759765625,maxmonstre/eval/grid__resolution__seed0__epoch_030__r32_G-__probes__f32.jsonl,recalibrated
resolution_max_b1,0,0.35,-0.425,2.9224560546875,3.067575927734375,maxmonstre/eval/grid__resolution__seed0__epoch_030__r32_G-__probes__f32.jsonl,recalibrated
resolution_max_b1,0,0.35,-0.4,2.7861708984375,2.9319732666015623,maxmonstre/eval/grid__resolution__seed0__epoch_030__r32_G-__probes__f32.jsonl,recalibrated
resolution_max_b1,0,0.35,-0.375,2.648671142578125,2.788927001953125,maxmonstre/eval/grid__resolution__seed0__epoch_030__r32_G-__probes__f32.jsonl,recalibrated
resolution_max_b1,0,0.35,-0.35,2.5041239013671874,2.64306201171875,maxmonstre/eval/grid__resolution__seed0__epoch_030__r32_G-__probes__f32.jsonl,recalibrated
resolution_max_b1,0,0.35,-0.325,2.348649169921875,2.4951309814453126,maxmonstre/eval/grid__resolution__seed0__epoch_030__r32_G-__probes__f32.jsonl,recalibrated
resolution_max_b1,0,0.35,-0.3,2.194264892578125,2.352740234375,maxmonstre/eval/grid__resolution__seed0__epoch_030__r32_G-__probes__f32.jsonl,recalibrated
resolution_max_b1,0,0.35,-0.275,2.04689208984375,2.2176143798828125,maxmonstre/eval/grid__resolution__seed0__epoch_030__r32_G-__probes__f32.jsonl,recalibrated
resolution_max_b1,0,0.35,-0.25,1.9146139526367187,2.088967712402344,maxmonstre/eval/grid__resolution__seed0__epoch_030__r32_G-__probes__f32.jsonl,recalibrated
resolution_max_b1,0,0.35,-0.225,1.7952761840820313,1.9688345947265624,maxmonstre/eval/grid__resolution__seed0__epoch_030__r32_G-__probes__f32.jsonl,recalibrated
resolution_max_b1,0,0.35,-0.2,1.691688232421875,1.8592258911132813,maxmonstre/eval/grid__resolution__seed0__epoch_030__r32_G-__probes__f32.jsonl,recalibrated
resolution_max_b1,0,0.35,-0.175,1.5975358276367186,1.7617434692382812,maxmonstre/eval/grid__resolution__seed0__epoch_030__r32_G-__probes__f32.jsonl,recalibrated
resolution_max_b1,0,0.35,-0.15,1.5174715576171875,1.681106689453125,maxmonstre/eval/grid__resolution__seed0__epoch_030__r32_G-__probes__f32.jsonl,recalibrated
resolution_max_b1,0,0.35,-0.125,1.4543541259765624,1.612011962890625,maxmonstre/eval/grid__resolution__seed0__epoch_030__r32_G-__probes__f32.jsonl,recalibrated
resolution_max_b1,0,0.35,-0.1,1.4091845092773438,1.5530402221679689,maxmonstre/eval/grid__resolution__seed0__epoch_030__r32_G-__probes__f32.jsonl,recalibrated
resolution_max_b1,0,0.35,-0.075,1.3791885375976562,1.5039617919921875,maxmonstre/eval/grid__resolution__seed0__epoch_030__r32_G-__probes__f32.jsonl,recalibrated
resolution_max_b1,0,0.35,-0.05,1.360971435546875,1.4682796020507811,maxmonstre/eval/grid__resolution__seed0__epoch_030__r32_G-__probes__f32.jsonl,recalibrated
resolution_max_b1,0,0.35,-0.025,1.355618896484375,1.4425853271484377,maxmonstre/eval/grid__resolution__seed0__epoch_030__r32_G-__probes__f32.jsonl,recalibrated
resolution_max_b1,0,0.35,0.0,1.358745849609375,1.4257324829101563,maxmonstre/eval/grid__resolution__seed0__epoch_030__r32_G-__probes__f32.jsonl,recalibrated
resolution_max_b1,0,0.35,0.025,1.373026123046875,1.4169015502929687,maxmonstre/eval/grid__resolution__seed0__epoch_030__r32_G-__probes__f32.jsonl,recalibrated
resolution_max_b1,0,0.35,0.05,1.3987579345703125,1.4209532470703126,maxmonstre/eval/grid__resolution__seed0__epoch_030__r32_G-__probes__f32.jsonl,recalibrated
resolution_max_b1,0,0.35,0.075,1.4317246704101565,1.4375432739257812,maxmonstre/eval/grid__resolution__seed0__epoch_030__r32_G-__probes__f32.jsonl,recalibrated
resolution_max_b1,0,0.35,0.1,1.4688814086914062,1.468022644042969,maxmonstre/eval/grid__resolution__seed0__epoch_030__r32_G-__probes__f32.jsonl,recalibrated
resolution_max_b1,0,0.35,0.125,1.5126175537109374,1.5094793701171876,maxmonstre/eval/grid__resolution__seed0__epoch_030__r32_G-__probes__f32.jsonl,recalibrated
resolution_max_b1,0,0.35,0.15,1.5683131103515624,1.559566162109375,maxmonstre/eval/grid__resolution__seed0__epoch_030__r32_G-__probes__f32.jsonl,recalibrated
resolution_max_b1,0,0.35,0.175,1.63267138671875,1.6135103759765623,maxmonstre/eval/grid__resolution__seed0__epoch_030__r32_G-__probes__f32.jsonl,recalibrated
resolution_max_b1,0,0.35,0.2,1.706732177734375,1.6729423828125,maxmonstre/eval/grid__resolution__seed0__epoch_030__r32_G-__probes__f32.jsonl,recalibrated
resolution_max_b1,0,0.35,0.225,1.7879544677734376,1.7351231689453126,maxmonstre/eval/grid__resolution__seed0__epoch_030__r32_G-__probes__f32.jsonl,recalibrated
resolution_max_b1,0,0.35,0.25,1.8723391723632807,1.8010810546875,maxmonstre/eval/grid__resolution__seed0__epoch_030__r32_G-__probes__f32.jsonl,recalibrated
resolution_max_b1,0,0.35,0.275,1.9580302734375,1.8718418579101563,maxmonstre/eval/grid__resolution__seed0__epoch_030__r32_G-__probes__f32.jsonl,recalibrated
resolution_max_b1,0,0.35,0.3,2.041948608398437,1.9438284912109376,maxmonstre/eval/grid__resolution__seed0__epoch_030__r32_G-__probes__f32.jsonl,recalibrated
resolution_max_b1,0,0.35,0.325,2.1263607788085936,2.020135986328125,maxmonstre/eval/grid__resolution__seed0__epoch_030__r32_G-__probes__f32.jsonl,recalibrated
resolution_max_b1,0,0.35,0.35,2.207485107421875,2.100680297851562,maxmonstre/eval/grid__resolution__seed0__epoch_030__r32_G-__probes__f32.jsonl,recalibrated
resolution_max_b1,0,0.35,0.375,2.292693359375,2.1882432861328125,maxmonstre/eval/grid__resolution__seed0__epoch_030__r32_G-__probes__f32.jsonl,recalibrated
resolution_max_b1,0,0.35,0.4,2.3788837890625,2.28174267578125,maxmonstre/eval/grid__resolution__seed0__epoch_030__r32_G-__probes__f32.jsonl,recalibrated
resolution_max_b1,0,0.35,0.425,2.468909423828125,2.377115112304688,maxmonstre/eval/grid__resolution__seed0__epoch_030__r32_G-__probes__f32.jsonl,recalibrated
resolution_max_b1,0,0.35,0.45,2.55528955078125,2.471996826171875,maxmonstre/eval/grid__resolution__seed0__epoch_030__r32_G-__probes__f32.jsonl,recalibrated
resolution_max_b1,0,0.35,0.475,2.6415435791015627,2.5708565673828123,maxmonstre/eval/grid__resolution__seed0__epoch_030__r32_G-__probes__f32.jsonl,recalibrated
resolution_max_b1,0,0.35,0.5,2.728659423828125,2.67002734375,maxmonstre/eval/grid__resolution__seed0__epoch_030__r32_G-__probes__f32.jsonl,recalibrated
resolution_max_b1,0,0.375,-0.5,3.331664306640625,3.4552315673828127,maxmonstre/eval/grid__resolution__seed0__epoch_030__r32_G-__probes__f32.jsonl,recalibrated
resolution_max_b1,0,0.375,-0.475,3.21970654296875,3.344852294921875,maxmonstre/eval/grid__resolution__seed0__epoch_030__r32_G-__probes__f32.jsonl,recalibrated
resolution_max_b1,0,0.375,-0.45,3.096528564453125,3.2293798828125,maxmonstre/eval/grid__resolution__seed0__epoch_030__r32_G-__probes__f32.jsonl,recalibrated
resolution_max_b1,0,0.375,-0.425,2.9716956787109376,3.107373779296875,maxmonstre/eval/grid__resolution__seed0__epoch_030__r32_G-__probes__f32.jsonl,recalibrated
resolution_max_b1,0,0.375,-0.4,2.844216064453125,2.980540283203125,maxmonstre/eval/grid__resolution__seed0__epoch_030__r32_G-__probes__f32.jsonl,recalibrated
resolution_max_b1,0,0.375,-0.375,2.7116812744140626,2.844,maxmonstre/eval/grid__resolution__seed0__epoch_030__r32_G-__probes__f32.jsonl,recalibrated
resolution_max_b1,0,0.375,-0.35,2.57286572265625,2.705490234375,maxmonstre/eval/grid__resolution__seed0__epoch_030__r32_G-__probes__f32.jsonl,recalibrated
resolution_max_b1,0,0.375,-0.325,2.4294520263671875,2.5668638916015625,maxmonstre/eval/grid__resolution__seed0__epoch_030__r32_G-__probes__f32.jsonl,recalibrated
resolution_max_b1,0,0.375,-0.3,2.2861109619140625,2.4342548828125,maxmonstre/eval/grid__resolution__seed0__epoch_030__r32_G-__probes__f32.jsonl,recalibrated
resolution_max_b1,0,0.375,-0.275,2.1483699951171875,2.306,maxmonstre/eval/grid__resolution__seed0__epoch_030__r32_G-__probes__f32.jsonl,recalibrated
resolution_max_b1,0,0.375,-0.25,2.021901672363281,2.187246337890625,maxmonstre/eval/grid__resolution__seed0__epoch_030__r32_G-__probes__f32.jsonl,recalibrated
resolution_max_b1,0,0.375,-0.225,1.9072399291992188,2.0739366455078123,maxmonstre/eval/grid__resolution__seed0__epoch_030__r32_G-__probes__f32.jsonl,recalibrated
resolution_max_b1,0,0.375,-0.2,1.8056632690429688,1.968113037109375,maxmonstre/eval/grid__resolution__seed0__epoch_030__r32_G-__probes__f32.jsonl,recalibrated
resolution_max_b1,0,0.375,-0.175,1.7139832763671874,1.8757015991210937,maxmonstre/eval/grid__resolution__seed0__epoch_030__r32_G-__probes__f32.jsonl,recalibrated
resolution_max_b1,0,0.375,-0.15,1.6367072143554688,1.7978844604492188,maxmonstre/eval/grid__resolution__seed0__epoch_030__r32_G-__probes__f32.jsonl,recalibrated
resolution_max_b1,0,0.375,-0.125,1.5751873168945312,1.7297861938476562,maxmonstre/eval/grid__resolution__seed0__epoch_030__r32_G-__probes__f32.jsonl,recalibrated
resolution_max_b1,0,0.375,-0.1,1.5305059814453126,1.672785827636719,maxmonstre/eval/grid__resolution__seed0__epoch_030__r32_G-__probes__f32.jsonl,recalibrated
resolution_max_b1,0,0.375,-0.075,1.501671630859375,1.6242119750976562,maxmonstre/eval/grid__resolution__seed0__epoch_030__r32_G-__probes__f32.jsonl,recalibrated
resolution_max_b1,0,0.375,-0.05,1.4859210205078126,1.5901597900390625,maxmonstre/eval/grid__resolution__seed0__epoch_030__r32_G-__probes__f32.jsonl,recalibrated
resolution_max_b1,0,0.375,-0.025,1.4785798950195312,1.5648973388671874,maxmonstre/eval/grid__resolution__seed0__epoch_030__r32_G-__probes__f32.jsonl,recalibrated
resolution_max_b1,0,0.375,0.0,1.4815532836914065,1.5451461791992187,maxmonstre/eval/grid__resolution__seed0__epoch_030__r32_G-__probes__f32.jsonl,recalibrated
resolution_max_b1,0,0.375,0.025,1.4953282470703124,1.5354268798828126,maxmonstre/eval/grid__resolution__seed0__epoch_030__r32_G-__probes__f32.jsonl,recalibrated
resolution_max_b1,0,0.375,0.05,1.5162586669921876,1.538833740234375,maxmonstre/eval/grid__resolution__seed0__epoch_030__r32_G-__probes__f32.jsonl,recalibrated
resolution_max_b1,0,0.375,0.075,1.545391296386719,1.55344580078125,maxmonstre/eval/grid__resolution__seed0__epoch_030__r32_G-__probes__f32.jsonl,recalibrated
resolution_max_b1,0,0.375,0.1,1.5796801147460937,1.5815262451171874,maxmonstre/eval/grid__resolution__seed0__epoch_030__r32_G-__probes__f32.jsonl,recalibrated
resolution_max_b1,0,0.375,0.125,1.6217637939453124,1.6211467895507812,maxmonstre/eval/grid__resolution__seed0__epoch_030__r32_G-__probes__f32.jsonl,recalibrated
resolution_max_b1,0,0.375,0.15,1.6744393310546877,1.6687821044921876,maxmonstre/eval/grid__resolution__seed0__epoch_030__r32_G-__probes__f32.jsonl,recalibrated
resolution_max_b1,0,0.375,0.175,1.738454833984375,1.719837158203125,maxmonstre/eval/grid__resolution__seed0__epoch_030__r32_G-__probes__f32.jsonl,recalibrated
resolution_max_b1,0,0.375,0.2,1.8107255859375,1.7766123657226562,maxmonstre/eval/grid__resolution__seed0__epoch_030__r32_G-__probes__f32.jsonl,recalibrated
resolution_max_b1,0,0.375,0.225,1.89005078125,1.8377007446289064,maxmonstre/eval/grid__resolution__seed0__epoch_030__r32_G-__probes__f32.jsonl,recalibrated
resolution_max_b1,0,0.375,0.25,1.9713819580078125,1.8997404174804688,maxmonstre/eval/grid__resolution__seed0__epoch_030__r32_G-__probes__f32.jsonl,recalibrated
resolution_max_b1,0,0.375,0.275,2.05555859375,1.9677369384765624,maxmonstre/eval/grid__resolution__seed0__epoch_030__r32_G-__probes__f32.jsonl,recalibrated
resolution_max_b1,0,0.375,0.3,2.1401990966796878,2.0371063232421878,maxmonstre/eval/grid__resolution__seed0__epoch_030__r32_G-__probes__f32.jsonl,recalibrated
resolution_max_b1,0,0.375,0.325,2.224395263671875,2.1112861328125,maxmonstre/eval/grid__resolution__seed0__epoch_030__r32_G-__probes__f32.jsonl,recalibrated
resolution_max_b1,0,0.375,0.35,2.307689453125,2.1889638671875,maxmonstre/eval/grid__resolution__seed0__epoch_030__r32_G-__probes__f32.jsonl,recalibrated
resolution_max_b1,0,0.375,0.375,2.38825244140625,2.2757366943359374,maxmonstre/eval/grid__resolution__seed0__epoch_030__r32_G-__probes__f32.jsonl,recalibrated
resolution_max_b1,0,0.375,0.4,2.4704293212890627,2.364560546875,maxmonstre/eval/grid__resolution__seed0__epoch_030__r32_G-__probes__f32.jsonl,recalibrated
resolution_max_b1,0,0.375,0.425,2.5576103515625,2.4571651611328127,maxmonstre/eval/grid__resolution__seed0__epoch_030__r32_G-__probes__f32.jsonl,recalibrated
resolution_max_b1,0,0.375,0.45,2.643527587890625,2.55027099609375,maxmonstre/eval/grid__resolution__seed0__epoch_030__r32_G-__probes__f32.jsonl,recalibrated
resolution_max_b1,0,0.375,0.475,2.7288349609375,2.645402099609375,maxmonstre/eval/grid__resolution__seed0__epoch_030__r32_G-__probes__f32.jsonl,recalibrated
resolution_max_b1,0,0.375,0.5,2.81093017578125,2.7415203857421875,maxmonstre/eval/grid__resolution__seed0__epoch_030__r32_G-__probes__f32.jsonl,recalibrated
resolution_max_b1,0,0.4,-0.5,3.3624903564453126,3.487197509765625,maxmonstre/eval/grid__resolution__seed0__epoch_030__r32_G-__probes__f32.jsonl,recalibrated
resolution_max_b1,0,0.4,-0.475,3.25856396484375,3.3806256103515624,maxmonstre/eval/grid__resolution__seed0__epoch_030__r32_G-__probes__f32.jsonl,recalibrated
resolution_max_b1,0,0.4,-0.45,3.1456500244140626,3.269182373046875,maxmonstre/eval/grid__resolution__seed0__epoch_030__r32_G-__probes__f32.jsonl,recalibrated
resolution_max_b1,0,0.4,-0.425,3.028700927734375,3.152512451171875,maxmonstre/eval/grid__resolution__seed0__epoch_030__r32_G-__probes__f32.jsonl,recalibrated
resolution_max_b1,0,0.4,-0.4,2.9057581787109377,3.03146337890625,maxmonstre/eval/grid__resolution__seed0__epoch_030__r32_G-__probes__f32.jsonl,recalibrated
resolution_max_b1,0,0.4,-0.375,2.7777720947265623,2.90322021484375,maxmonstre/eval/grid__resolution__seed0__epoch_030__r32_G-__probes__f32.jsonl,recalibrated
resolution_max_b1,0,0.4,-0.35,2.6468302001953123,2.7731612548828126,maxmonstre/eval/grid__resolution__seed0__epoch_030__r32_G-__probes__f32.jsonl,recalibrated
resolution_max_b1,0,0.4,-0.325,2.5133486328125,2.644871337890625,maxmonstre/eval/grid__resolution__seed0__epoch_030__r32_G-__probes__f32.jsonl,recalibrated
resolution_max_b1,0,0.4,-0.3,2.381155639648437,2.518918212890625,maxmonstre/eval/grid__resolution__seed0__epoch_030__r32_G-__probes__f32.jsonl,recalibrated
resolution_max_b1,0,0.4,-0.275,2.25315625,2.397572509765625,maxmonstre/eval/grid__resolution__seed0__epoch_030__r32_G-__probes__f32.jsonl,recalibrated
resolution_max_b1,0,0.4,-0.25,2.134975341796875,2.2862938232421874,maxmonstre/eval/grid__resolution__seed0__epoch_030__r32_G-__probes__f32.jsonl,recalibrated
resolution_max_b1,0,0.4,-0.225,2.025108337402344,2.179415771484375,maxmonstre/eval/grid__resolution__seed0__epoch_030__r32_G-__probes__f32.jsonl,recalibrated
resolution_max_b1,0,0.4,-0.2,1.9233526611328124,2.080043151855469,maxmonstre/eval/grid__resolution__seed0__epoch_030__r32_G-__probes__f32.jsonl,recalibrated
resolution_max_b1,0,0.4,-0.175,1.8369361572265623,1.99344677734375,maxmonstre/eval/grid__resolution__seed0__epoch_030__r32_G-__probes__f32.jsonl,recalibrated
resolution_max_b1,0,0.4,-0.15,1.7634376220703123,1.918376831054688,maxmonstre/eval/grid__resolution__seed0__epoch_030__r32_G-__probes__f32.jsonl,recalibrated
resolution_max_b1,0,0.4,-0.125,1.7051591186523438,1.8553560791015624,maxmonstre/eval/grid__resolution__seed0__epoch_030__r32_G-__probes__f32.jsonl,recalibrated
resolution_max_b1,0,0.4,-0.1,1.6630784912109375,1.7992508544921877,maxmonstre/eval/grid__resolution__seed0__epoch_030__r32_G-__probes__f32.jsonl,recalibrated
resolution_max_b1,0,0.4,-0.075,1.6331670532226563,1.7517960815429687,maxmonstre/eval/grid__resolution__seed0__epoch_030__r32_G-__probes__f32.jsonl,recalibrated
resolution_max_b1,0,0.4,-0.05,1.6162696533203125,1.7169683837890626,maxmonstre/eval/grid__resolution__seed0__epoch_030__r32_G-__probes__f32.jsonl,recalibrated
resolution_max_b1,0,0.4,-0.025,1.607203125,1.6906043090820313,maxmonstre/eval/grid__resolution__seed0__epoch_030__r32_G-__probes__f32.jsonl,recalibrated
resolution_max_b1,0,0.4,0.0,1.6075927734375,1.6699476318359374,maxmonstre/eval/grid__resolution__seed0__epoch_030__r32_G-__probes__f32.jsonl,recalibrated
resolution_max_b1,0,0.4,0.025,1.619273193359375,1.6611004638671876,maxmonstre/eval/grid__resolution__seed0__epoch_030__r32_G-__probes__f32.jsonl,recalibrated
resolution_max_b1,0,0.4,0.05,1.6372816162109376,1.661845947265625,maxmonstre/eval/grid__resolution__seed0__epoch_030__r32_G-__probes__f32.jsonl,recalibrated
resolution_max_b1,0,0.4,0.075,1.6617271118164063,1.6730853271484376,maxmonstre/eval/grid__resolution__seed0__epoch_030__r32_G-__probes__f32.jsonl,recalibrated
resolution_max_b1,0,0.4,0.1,1.6940159301757811,1.698987060546875,maxmonstre/eval/grid__resolution__seed0__epoch_030__r32_G-__probes__f32.jsonl,recalibrated
resolution_max_b1,0,0.4,0.125,1.7347653198242188,1.7357200927734375,maxmonstre/eval/grid__resolution__seed0__epoch_030__r32_G-__probes__f32.jsonl,recalibrated
resolution_max_b1,0,0.4,0.15,1.7853120727539062,1.779576904296875,maxmonstre/eval/grid__resolution__seed0__epoch_030__r32_G-__probes__f32.jsonl,recalibrated
resolution_max_b1,0,0.4,0.175,1.8514580688476563,1.827338623046875,maxmonstre/eval/grid__resolution__seed0__epoch_030__r32_G-__probes__f32.jsonl,recalibrated
resolution_max_b1,0,0.4,0.2,1.923452697753906,1.8799874267578125,maxmonstre/eval/grid__resolution__seed0__epoch_030__r32_G-__probes__f32.jsonl,recalibrated
resolution_max_b1,0,0.4,0.225,1.9998291015625,1.9388897705078123,maxmonstre/eval/grid__resolution__seed0__epoch_030__r32_G-__probes__f32.jsonl,recalibrated
resolution_max_b1,0,0.4,0.25,2.075795166015625,1.99862255859375,maxmonstre/eval/grid__resolution__seed0__epoch_030__r32_G-__probes__f32.jsonl,recalibrated
resolution_max_b1,0,0.4,0.275,2.15726611328125,2.064335266113281,maxmonstre/eval/grid__resolution__seed0__epoch_030__r32_G-__probes__f32.jsonl,recalibrated
resolution_max_b1,0,0.4,0.3,2.2403704833984377,2.13427294921875,maxmonstre/eval/grid__resolution__seed0__epoch_030__r32_G-__probes__f32.jsonl,recalibrated
resolution_max_b1,0,0.4,0.325,2.324467529296875,2.2060079345703123,maxmonstre/eval/grid__resolution__seed0__epoch_030__r32_G-__probes__f32.jsonl,recalibrated
resolution_max_b1,0,0.4,0.35,2.408159912109375,2.28360693359375,maxmonstre/eval/grid__resolution__seed0__epoch_030__r32_G-__probes__f32.jsonl,recalibrated
resolution_max_b1,0,0.4,0.375,2.4868370361328127,2.367292358398437,maxmonstre/eval/grid__resolution__seed0__epoch_030__r32_G-__probes__f32.jsonl,recalibrated
resolution_max_b1,0,0.4,0.4,2.56743505859375,2.4557484130859377,maxmonstre/eval/grid__resolution__seed0__epoch_030__r32_G-__probes__f32.jsonl,recalibrated
resolution_max_b1,0,0.4,0.425,2.650773681640625,2.546660034179688,maxmonstre/eval/grid__resolution__seed0__epoch_030__r32_G-__probes__f32.jsonl,recalibrated
resolution_max_b1,0,0.4,0.45,2.734463623046875,2.6366982421875,maxmonstre/eval/grid__resolution__seed0__epoch_030__r32_G-__probes__f32.jsonl,recalibrated
resolution_max_b1,0,0.4,0.475,2.817215576171875,2.729065673828125,maxmonstre/eval/grid__resolution__seed0__epoch_030__r32_G-__probes__f32.jsonl,recalibrated
resolution_max_b1,0,0.4,0.5,2.896911010742188,2.8213349609375,maxmonstre/eval/grid__resolution__seed0__epoch_030__r32_G-__probes__f32.jsonl,recalibrated
resolution_max_b1,0,0.425,-0.5,3.3963101806640625,3.515335205078125,maxmonstre/eval/grid__resolution__seed0__epoch_030__r32_G-__probes__f32.jsonl,recalibrated
resolution_max_b1,0,0.425,-0.475,3.3020078125,3.4168262939453125,maxmonstre/eval/grid__resolution__seed0__epoch_030__r32_G-__probes__f32.jsonl,recalibrated
resolution_max_b1,0,0.425,-0.45,3.19853515625,3.3122684326171874,maxmonstre/eval/grid__resolution__seed0__epoch_030__r32_G-__probes__f32.jsonl,recalibrated
resolution_max_b1,0,0.425,-0.425,3.088028564453125,3.2005850830078124,maxmonstre/eval/grid__resolution__seed0__epoch_030__r32_G-__probes__f32.jsonl,recalibrated
resolution_max_b1,0,0.425,-0.4,2.9702818603515624,3.08343212890625,maxmonstre/eval/grid__resolution__seed0__epoch_030__r32_G-__probes__f32.jsonl,recalibrated
resolution_max_b1,0,0.425,-0.375,2.848617553710937,2.96525537109375,maxmonstre/eval/grid__resolution__seed0__epoch_030__r32_G-__probes__f32.jsonl,recalibrated
resolution_max_b1,0,0.425,-0.35,2.7245238037109374,2.8440045166015624,maxmonstre/eval/grid__resolution__seed0__epoch_030__r32_G-__probes__f32.jsonl,recalibrated
resolution_max_b1,0,0.425,-0.325,2.601576904296875,2.72468408203125,maxmonstre/eval/grid__resolution__seed0__epoch_030__r32_G-__probes__f32.jsonl,recalibrated
resolution_max_b1,0,0.425,-0.3,2.4771893310546877,2.608503295898437,maxmonstre/eval/grid__resolution__seed0__epoch_030__r32_G-__probes__f32.jsonl,recalibrated
resolution_max_b1,0,0.425,-0.275,2.35817724609375,2.495331298828125,maxmonstre/eval/grid__resolution__seed0__epoch_030__r32_G-__probes__f32.jsonl,recalibrated
resolution_max_b1,0,0.425,-0.25,2.2484488525390627,2.38882666015625,maxmonstre/eval/grid__resolution__seed0__epoch_030__r32_G-__probes__f32.jsonl,recalibrated
resolution_max_b1,0,0.425,-0.225,2.1435560302734373,2.2883651123046875,maxmonstre/eval/grid__resolution__seed0__epoch_030__r32_G-__probes__f32.jsonl,recalibrated
resolution_max_b1,0,0.425,-0.2,2.0468341064453126,2.1930888671875,maxmonstre/eval/grid__resolution__seed0__epoch_030__r32_G-__probes__f32.jsonl,recalibrated
resolution_max_b1,0,0.425,-0.175,1.9640628662109372,2.1116089477539064,maxmonstre/eval/grid__resolution__seed0__epoch_030__r32_G-__probes__f32.jsonl,recalibrated
resolution_max_b1,0,0.425,-0.15,1.8954056396484376,2.040982727050781,maxmonstre/eval/grid__resolution__seed0__epoch_030__r32_G-__probes__f32.jsonl,recalibrated
resolution_max_b1,0,0.425,-0.125,1.841674072265625,1.981765625,maxmonstre/eval/grid__resolution__seed0__epoch_030__r32_G-__probes__f32.jsonl,recalibrated
resolution_max_b1,0,0.425,-0.1,1.7994313354492188,1.92687841796875,maxmonstre/eval/grid__resolution__seed0__epoch_030__r32_G-__probes__f32.jsonl,recalibrated
resolution_max_b1,0,0.425,-0.075,1.7699136352539062,1.8810817260742188,maxmonstre/eval/grid__resolution__seed0__epoch_030__r32_G-__probes__f32.jsonl,recalibrated
resolution_max_b1,0,0.425,-0.05,1.7500755004882813,1.8457516479492184,maxmonstre/eval/grid__resolution__seed0__epoch_030__r32_G-__probes__f32.jsonl,recalibrated
resolution_max_b1,0,0.425,-0.025,1.7398092651367187,1.8194700317382813,maxmonstre/eval/grid__resolution__seed0__epoch_030__r32_G-__probes__f32.jsonl,recalibrated
resolution_max_b1,0,0.425,0.0,1.7367198486328126,1.800894775390625,maxmonstre/eval/grid__resolution__seed0__epoch_030__r32_G-__probes__f32.jsonl,recalibrated
resolution_max_b1,0,0.425,0.025,1.7444819946289063,1.7908095703125,maxmonstre/eval/grid__resolution__seed0__epoch_030__r32_G-__probes__f32.jsonl,recalibrated
resolution_max_b1,0,0.425,0.05,1.7605794677734374,1.790171875,maxmonstre/eval/grid__resolution__seed0__epoch_030__r32_G-__probes__f32.jsonl,recalibrated
resolution_max_b1,0,0.425,0.075,1.7841282348632812,1.7979508666992188,maxmonstre/eval/grid__resolution__seed0__epoch_030__r32_G-__probes__f32.jsonl,recalibrated
resolution_max_b1,0,0.425,0.1,1.813682556152344,1.8206964721679688,maxmonstre/eval/grid__resolution__seed0__epoch_030__r32_G-__probes__f32.jsonl,recalibrated
resolution_max_b1,0,0.425,0.125,1.85486669921875,1.8535772705078124,maxmonstre/eval/grid__resolution__seed0__epoch_030__r32_G-__probes__f32.jsonl,recalibrated
resolution_max_b1,0,0.425,0.15,1.9033468627929688,1.896615905761719,maxmonstre/eval/grid__resolution__seed0__epoch_030__r32_G-__probes__f32.jsonl,recalibrated
resolution_max_b1,0,0.425,0.175,1.9670875244140624,1.940281494140625,maxmonstre/eval/grid__resolution__seed0__epoch_030__r32_G-__probes__f32.jsonl,recalibrated
resolution_max_b1,0,0.425,0.2,2.038241027832031,1.9881051635742188,maxmonstre/eval/grid__resolution__seed0__epoch_030__r32_G-__probes__f32.jsonl,recalibrated
resolution_max_b1,0,0.425,0.225,2.10994873046875,2.04370458984375,maxmonstre/eval/grid__resolution__seed0__epoch_030__r32_G-__probes__f32.jsonl,recalibrated
resolution_max_b1,0,0.425,0.25,2.1827862548828123,2.10270703125,maxmonstre/eval/grid__resolution__seed0__epoch_030__r32_G-__probes__f32.jsonl,recalibrated
resolution_max_b1,0,0.425,0.275,2.26129345703125,2.16433837890625,maxmonstre/eval/grid__resolution__seed0__epoch_030__r32_G-__probes__f32.jsonl,recalibrated
resolution_max_b1,0,0.425,0.3,2.3431566162109374,2.2333082275390623,maxmonstre/eval/grid__resolution__seed0__epoch_030__r32_G-__probes__f32.jsonl,recalibrated
resolution_max_b1,0,0.425,0.325,2.427880126953125,2.305056396484375,maxmonstre/eval/grid__resolution__seed0__epoch_030__r32_G-__probes__f32.jsonl,recalibrated
resolution_max_b1,0,0.425,0.35,2.508476806640625,2.3822491455078123,maxmonstre/eval/grid__resolution__seed0__epoch_030__r32_G-__probes__f32.jsonl,recalibrated
resolution_max_b1,0,0.425,0.375,2.5873402099609377,2.464746826171875,maxmonstre/eval/grid__resolution__seed0__epoch_030__r32_G-__probes__f32.jsonl,recalibrated
resolution_max_b1,0,0.425,0.4,2.667620239257813,2.5508726806640625,maxmonstre/eval/grid__resolution__seed0__epoch_030__r32_G-__probes__f32.jsonl,recalibrated
resolution_max_b1,0,0.425,0.425,2.748933349609375,2.640842529296875,maxmonstre/eval/grid__resolution__seed0__epoch_030__r32_G-__probes__f32.jsonl,recalibrated
resolution_max_b1,0,0.425,0.45,2.829367553710937,2.729324462890625,maxmonstre/eval/grid__resolution__seed0__epoch_030__r32_G-__probes__f32.jsonl,recalibrated
resolution_max_b1,0,0.425,0.475,2.908224609375,2.819400146484375,maxmonstre/eval/grid__resolution__seed0__epoch_030__r32_G-__probes__f32.jsonl,recalibrated
resolution_max_b1,0,0.425,0.5,2.9843726806640625,2.91001806640625,maxmonstre/eval/grid__resolution__seed0__epoch_030__r32_G-__probes__f32.jsonl,recalibrated
resolution_max_b1,0,0.45,-0.5,3.4375792236328127,3.5485899658203124,maxmonstre/eval/grid__resolution__seed0__epoch_030__r32_G-__probes__f32.jsonl,recalibrated
resolution_max_b1,0,0.45,-0.475,3.348769287109375,3.455382080078125,maxmonstre/eval/grid__resolution__seed0__epoch_030__r32_G-__probes__f32.jsonl,recalibrated
resolution_max_b1,0,0.45,-0.45,3.2513408203125,3.356951904296875,maxmonstre/eval/grid__resolution__seed0__epoch_030__r32_G-__probes__f32.jsonl,recalibrated
resolution_max_b1,0,0.45,-0.425,3.1494674072265627,3.251576293945313,maxmonstre/eval/grid__resolution__seed0__epoch_030__r32_G-__probes__f32.jsonl,recalibrated
resolution_max_b1,0,0.45,-0.4,3.037818115234375,3.140902587890625,maxmonstre/eval/grid__resolution__seed0__epoch_030__r32_G-__probes__f32.jsonl,recalibrated
resolution_max_b1,0,0.45,-0.375,2.922312866210937,3.0303057861328124,maxmonstre/eval/grid__resolution__seed0__epoch_030__r32_G-__probes__f32.jsonl,recalibrated
resolution_max_b1,0,0.45,-0.35,2.8034930419921875,2.9185654296875,maxmonstre/eval/grid__resolution__seed0__epoch_030__r32_G-__probes__f32.jsonl,recalibrated
resolution_max_b1,0,0.45,-0.325,2.688416748046875,2.806926147460937,maxmonstre/eval/grid__resolution__seed0__epoch_030__r32_G-__probes__f32.jsonl,recalibrated
resolution_max_b1,0,0.45,-0.3,2.5747021484375,2.69968994140625,maxmonstre/eval/grid__resolution__seed0__epoch_030__r32_G-__probes__f32.jsonl,recalibrated
resolution_max_b1,0,0.45,-0.275,2.467162353515625,2.594490478515625,maxmonstre/eval/grid__resolution__seed0__epoch_030__r32_G-__probes__f32.jsonl,recalibrated
resolution_max_b1,0,0.45,-0.25,2.3653948974609373,2.4944703369140626,maxmonstre/eval/grid__resolution__seed0__epoch_030__r32_G-__probes__f32.jsonl,recalibrated
resolution_max_b1,0,0.45,-0.225,2.263569091796875,2.3970673828125,maxmonstre/eval/grid__resolution__seed0__epoch_030__r32_G-__probes__f32.jsonl,recalibrated
resolution_max_b1,0,0.45,-0.2,2.173808349609375,2.30883642578125,maxmonstre/eval/grid__resolution__seed0__epoch_030__r32_G-__probes__f32.jsonl,recalibrated
resolution_max_b1,0,0.45,-0.175,2.0953999633789064,2.231088500976562,maxmonstre/eval/grid__resolution__seed0__epoch_030__r32_G-__probes__f32.jsonl,recalibrated
resolution_max_b1,0,0.45,-0.15,2.0323316650390626,2.16281689453125,maxmonstre/eval/grid__resolution__seed0__epoch_030__r32_G-__probes__f32.jsonl,recalibrated
resolution_max_b1,0,0.45,-0.125,1.9814697265625,2.1040589599609376,maxmonstre/eval/grid__resolution__seed0__epoch_030__r32_G-__probes__f32.jsonl,recalibrated
resolution_max_b1,0,0.45,-0.1,1.9381178588867187,2.05276513671875,maxmonstre/eval/grid__resolution__seed0__epoch_030__r32_G-__probes__f32.jsonl,recalibrated
resolution_max_b1,0,0.45,-0.075,1.90645263671875,2.008478088378906,maxmonstre/eval/grid__resolution__seed0__epoch_030__r32_G-__probes__f32.jsonl,recalibrated
resolution_max_b1,0,0.45,-0.05,1.885034118652344,1.9750297241210937,maxmonstre/eval/grid__resolution__seed0__epoch_030__r32_G-__probes__f32.jsonl,recalibrated
resolution_max_b1,0,0.45,-0.025,1.8740997314453125,1.9508355102539063,maxmonstre/eval/grid__resolution__seed0__epoch_030__r32_G-__probes__f32.jsonl,recalibrated
resolution_max_b1,0,0.45,0.0,1.8696068725585937,1.931392333984375,maxmonstre/eval/grid__resolution__seed0__epoch_030__r32_G-__probes__f32.jsonl,recalibrated
resolution_max_b1,0,0.45,0.025,1.8748089599609372,1.9206205444335935,maxmonstre/eval/grid__resolution__seed0__epoch_030__r32_G-__probes__f32.jsonl,recalibrated
resolution_max_b1,0,0.45,0.05,1.889180603027344,1.92041943359375,maxmonstre/eval/grid__resolution__seed0__epoch_030__r32_G-__probes__f32.jsonl,recalibrated
resolution_max_b1,0,0.45,0.075,1.9111382446289065,1.928810485839844,maxmonstre/eval/grid__resolution__seed0__epoch_030__r32_G-__probes__f32.jsonl,recalibrated
resolution_max_b1,0,0.45,0.1,1.938997985839844,1.9480053100585937,maxmonstre/eval/grid__resolution__seed0__epoch_030__r32_G-__probes__f32.jsonl,recalibrated
resolution_max_b1,0,0.45,0.125,1.9770775146484372,1.978339111328125,maxmonstre/eval/grid__resolution__seed0__epoch_030__r32_G-__probes__f32.jsonl,recalibrated
resolution_max_b1,0,0.45,0.15,2.023260009765625,2.016296142578125,maxmonstre/eval/grid__resolution__seed0__epoch_030__r32_G-__probes__f32.jsonl,recalibrated
resolution_max_b1,0,0.45,0.175,2.083884826660156,2.058244384765625,maxmonstre/eval/grid__resolution__seed0__epoch_030__r32_G-__probes__f32.jsonl,recalibrated
resolution_max_b1,0,0.45,0.2,2.1536317138671874,2.104947509765625,maxmonstre/eval/grid__resolution__seed0__epoch_030__r32_G-__probes__f32.jsonl,recalibrated
resolution_max_b1,0,0.45,0.225,2.2231220703125,2.156567138671875,maxmonstre/eval/grid__resolution__seed0__epoch_030__r32_G-__probes__f32.jsonl,recalibrated
resolution_max_b1,0,0.45,0.25,2.29306591796875,2.21394580078125,maxmonstre/eval/grid__resolution__seed0__epoch_030__r32_G-__probes__f32.jsonl,recalibrated
resolution_max_b1,0,0.45,0.275,2.369253173828125,2.2722611083984376,maxmonstre/eval/grid__resolution__seed0__epoch_030__r32_G-__probes__f32.jsonl,recalibrated
resolution_max_b1,0,0.45,0.3,2.4484600830078125,2.338196044921875,maxmonstre/eval/grid__resolution__seed0__epoch_030__r32_G-__probes__f32.jsonl,recalibrated
resolution_max_b1,0,0.45,0.325,2.529514404296875,2.410556640625,maxmonstre/eval/grid__resolution__seed0__epoch_030__r32_G-__probes__f32.jsonl,recalibrated
resolution_max_b1,0,0.45,0.35,2.6117652587890623,2.48614208984375,maxmonstre/eval/grid__resolution__seed0__epoch_030__r32_G-__probes__f32.jsonl,recalibrated
resolution_max_b1,0,0.45,0.375,2.69061328125,2.56751708984375,maxmonstre/eval/grid__resolution__seed0__epoch_030__r32_G-__probes__f32.jsonl,recalibrated
resolution_max_b1,0,0.45,0.4,2.770204467773437,2.652217651367188,maxmonstre/eval/grid__resolution__seed0__epoch_030__r32_G-__probes__f32.jsonl,recalibrated
resolution_max_b1,0,0.45,0.425,2.8498529052734374,2.7387376708984377,maxmonstre/eval/grid__resolution__seed0__epoch_030__r32_G-__probes__f32.jsonl,recalibrated
resolution_max_b1,0,0.45,0.45,2.927078857421875,2.8280244140625,maxmonstre/eval/grid__resolution__seed0__epoch_030__r32_G-__probes__f32.jsonl,recalibrated
resolution_max_b1,0,0.45,0.475,3.004935546875,2.916281005859375,maxmonstre/eval/grid__resolution__seed0__epoch_030__r32_G-__probes__f32.jsonl,recalibrated
resolution_max_b1,0,0.45,0.5,3.078783935546875,3.00418212890625,maxmonstre/eval/grid__resolution__seed0__epoch_030__r32_G-__probes__f32.jsonl,recalibrated
resolution_max_b1,0,0.475,-0.5,3.48293017578125,3.587616333007813,maxmonstre/eval/grid__resolution__seed0__epoch_030__r32_G-__probes__f32.jsonl,recalibrated
resolution_max_b1,0,0.475,-0.475,3.397869995117188,3.49960009765625,maxmonstre/eval/grid__resolution__seed0__epoch_030__r32_G-__probes__f32.jsonl,recalibrated
resolution_max_b1,0,0.475,-0.45,3.3070118408203126,3.405123291015625,maxmonstre/eval/grid__resolution__seed0__epoch_030__r32_G-__probes__f32.jsonl,recalibrated
resolution_max_b1,0,0.475,-0.425,3.21085400390625,3.3062623291015627,maxmonstre/eval/grid__resolution__seed0__epoch_030__r32_G-__probes__f32.jsonl,recalibrated
resolution_max_b1,0,0.475,-0.4,3.10522021484375,3.20337158203125,maxmonstre/eval/grid__resolution__seed0__epoch_030__r32_G-__probes__f32.jsonl,recalibrated
resolution_max_b1,0,0.475,-0.375,2.995093505859375,3.101556518554688,maxmonstre/eval/grid__resolution__seed0__epoch_030__r32_G-__probes__f32.jsonl,recalibrated
resolution_max_b1,0,0.475,-0.35,2.884956298828125,2.9967681884765627,maxmonstre/eval/grid__resolution__seed0__epoch_030__r32_G-__probes__f32.jsonl,recalibrated
resolution_max_b1,0,0.475,-0.325,2.777058837890625,2.889932861328125,maxmonstre/eval/grid__resolution__seed0__epoch_030__r32_G-__probes__f32.jsonl,recalibrated
resolution_max_b1,0,0.475,-0.3,2.672681884765625,2.786382568359375,maxmonstre/eval/grid__resolution__seed0__epoch_030__r32_G-__probes__f32.jsonl,recalibrated
resolution_max_b1,0,0.475,-0.275,2.57439404296875,2.6894215087890627,maxmonstre/eval/grid__resolution__seed0__epoch_030__r32_G-__probes__f32.jsonl,recalibrated
resolution_max_b1,0,0.475,-0.25,2.4784462890625,2.5971781005859373,maxmonstre/eval/grid__resolution__seed0__epoch_030__r32_G-__probes__f32.jsonl,recalibrated
resolution_max_b1,0,0.475,-0.225,2.3857562255859377,2.5077587890625,maxmonstre/eval/grid__resolution__seed0__epoch_030__r32_G-__probes__f32.jsonl,recalibrated
resolution_max_b1,0,0.475,-0.2,2.302387451171875,2.4249124755859377,maxmonstre/eval/grid__resolution__seed0__epoch_030__r32_G-__probes__f32.jsonl,recalibrated
resolution_max_b1,0,0.475,-0.175,2.2311304931640623,2.3496090087890624,maxmonstre/eval/grid__resolution__seed0__epoch_030__r32_G-__probes__f32.jsonl,recalibrated
resolution_max_b1,0,0.475,-0.15,2.1702135009765624,2.2825313720703124,maxmonstre/eval/grid__resolution__seed0__epoch_030__r32_G-__probes__f32.jsonl,recalibrated
resolution_max_b1,0,0.475,-0.125,2.117848388671875,2.2246700439453124,maxmonstre/eval/grid__resolution__seed0__epoch_030__r32_G-__probes__f32.jsonl,recalibrated
resolution_max_b1,0,0.475,-0.1,2.0774913330078126,2.1777515869140625,maxmonstre/eval/grid__resolution__seed0__epoch_030__r32_G-__probes__f32.jsonl,recalibrated
resolution_max_b1,0,0.475,-0.075,2.044474060058594,2.136173095703125,maxmonstre/eval/grid__resolution__seed0__epoch_030__r32_G-__probes__f32.jsonl,recalibrated
resolution_max_b1,0,0.475,-0.05,2.021673522949219,2.10277099609375,maxmonstre/eval/grid__resolution__seed0__epoch_030__r32_G-__probes__f32.jsonl,recalibrated
resolution_max_b1,0,0.475,-0.025,2.011204895019531,2.078293762207031,maxmonstre/eval/grid__resolution__seed0__epoch_030__r32_G-__probes__f32.jsonl,recalibrated
resolution_max_b1,0,0.475,0.0,2.0058126220703123,2.0600899658203127,maxmonstre/eval/grid__resolution__seed0__epoch_030__r32_G-__probes__f32.jsonl,recalibrated
resolution_max_b1,0,0.475,0.025,2.010269348144531,2.0514935302734374,maxmonstre/eval/grid__resolution__seed0__epoch_030__r32_G-__probes__f32.jsonl,recalibrated
resolution_max_b1,0,0.475,0.05,2.024399658203125,2.052031921386719,maxmonstre/eval/grid__resolution__seed0__epoch_030__r32_G-__probes__f32.jsonl,recalibrated
resolution_max_b1,0,0.475,0.075,2.0437818603515625,2.0621796875,maxmonstre/eval/grid__resolution__seed0__epoch_030__r32_G-__probes__f32.jsonl,recalibrated
resolution_max_b1,0,0.475,0.1,2.067292785644532,2.0779373168945314,maxmonstre/eval/grid__resolution__seed0__epoch_030__r32_G-__probes__f32.jsonl,recalibrated
resolution_max_b1,0,0.475,0.125,2.1004304809570318,2.1040157470703127,maxmonstre/eval/grid__resolution__seed0__epoch_030__r32_G-__probes__f32.jsonl,recalibrated
resolution_max_b1,0,0.475,0.15,2.1425300903320315,2.139213623046875,maxmonstre/eval/grid__resolution__seed0__epoch_030__r32_G-__probes__f32.jsonl,recalibrated
resolution_max_b1,0,0.475,0.175,2.2022205810546875,2.17847021484375,maxmonstre/eval/grid__resolution__seed0__epoch_030__r32_G-__probes__f32.jsonl,recalibrated
resolution_max_b1,0,0.475,0.2,2.268602783203125,2.2244171142578124,maxmonstre/eval/grid__resolution__seed0__epoch_030__r32_G-__probes__f32.jsonl,recalibrated
resolution_max_b1,0,0.475,0.225,2.335418212890625,2.274961669921875,maxmonstre/eval/grid__resolution__seed0__epoch_030__r32_G-__probes__f32.jsonl,recalibrated
resolution_max_b1,0,0.475,0.25,2.4040029296875,2.3285106201171875,maxmonstre/eval/grid__resolution__seed0__epoch_030__r32_G-__probes__f32.jsonl,recalibrated
resolution_max_b1,0,0.475,0.275,2.4759344482421874,2.384386596679688,maxmonstre/eval/grid__resolution__seed0__epoch_030__r32_G-__probes__f32.jsonl,recalibrated
resolution_max_b1,0,0.475,0.3,2.5532183837890625,2.449302490234375,maxmonstre/eval/grid__resolution__seed0__epoch_030__r32_G-__probes__f32.jsonl,recalibrated
resolution_max_b1,0,0.475,0.325,2.633044189453125,2.520947509765625,maxmonstre/eval/grid__resolution__seed0__epoch_030__r32_G-__probes__f32.jsonl,recalibrated
resolution_max_b1,0,0.475,0.35,2.7144678955078123,2.59360546875,maxmonstre/eval/grid__resolution__seed0__epoch_030__r32_G-__probes__f32.jsonl,recalibrated
resolution_max_b1,0,0.475,0.375,2.796964721679688,2.673802124023437,maxmonstre/eval/grid__resolution__seed0__epoch_030__r32_G-__probes__f32.jsonl,recalibrated
resolution_max_b1,0,0.475,0.4,2.873709716796875,2.757022216796875,maxmonstre/eval/grid__resolution__seed0__epoch_030__r32_G-__probes__f32.jsonl,recalibrated
resolution_max_b1,0,0.475,0.425,2.949858642578125,2.844955810546875,maxmonstre/eval/grid__resolution__seed0__epoch_030__r32_G-__probes__f32.jsonl,recalibrated
resolution_max_b1,0,0.475,0.45,3.025505126953125,2.93339794921875,maxmonstre/eval/grid__resolution__seed0__epoch_030__r32_G-__probes__f32.jsonl,recalibrated
resolution_max_b1,0,0.475,0.475,3.099122314453125,3.0207197265625,maxmonstre/eval/grid__resolution__seed0__epoch_030__r32_G-__probes__f32.jsonl,recalibrated
resolution_max_b1,0,0.475,0.5,3.1737840576171874,3.105079833984375,maxmonstre/eval/grid__resolution__seed0__epoch_030__r32_G-__probes__f32.jsonl,recalibrated
resolution_max_b1,0,0.5,-0.5,3.5294429931640625,3.6283480224609375,maxmonstre/eval/grid__resolution__seed0__epoch_030__r32_G-__probes__f32.jsonl,recalibrated
resolution_max_b1,0,0.5,-0.475,3.4504278564453124,3.546021728515625,maxmonstre/eval/grid__resolution__seed0__epoch_030__r32_G-__probes__f32.jsonl,recalibrated
resolution_max_b1,0,0.5,-0.45,3.363857666015625,3.4588760986328126,maxmonstre/eval/grid__resolution__seed0__epoch_030__r32_G-__probes__f32.jsonl,recalibrated
resolution_max_b1,0,0.5,-0.425,3.2704976806640627,3.368498779296875,maxmonstre/eval/grid__resolution__seed0__epoch_030__r32_G-__probes__f32.jsonl,recalibrated
resolution_max_b1,0,0.5,-0.4,3.1723330078125,3.2728331298828124,maxmonstre/eval/grid__resolution__seed0__epoch_030__r32_G-__probes__f32.jsonl,recalibrated
resolution_max_b1,0,0.5,-0.375,3.069849365234375,3.175808471679688,maxmonstre/eval/grid__resolution__seed0__epoch_030__r32_G-__probes__f32.jsonl,recalibrated
resolution_max_b1,0,0.5,-0.35,2.967689208984375,3.0765689697265626,maxmonstre/eval/grid__resolution__seed0__epoch_030__r32_G-__probes__f32.jsonl,recalibrated
resolution_max_b1,0,0.5,-0.325,2.868633544921875,2.977627807617188,maxmonstre/eval/grid__resolution__seed0__epoch_030__r32_G-__probes__f32.jsonl,recalibrated
resolution_max_b1,0,0.5,-0.3,2.773268310546875,2.878939453125,maxmonstre/eval/grid__resolution__seed0__epoch_030__r32_G-__probes__f32.jsonl,recalibrated
resolution_max_b1,0,0.5,-0.275,2.682039794921875,2.7865726318359374,maxmonstre/eval/grid__resolution__seed0__epoch_030__r32_G-__probes__f32.jsonl,recalibrated
resolution_max_b1,0,0.5,-0.25,2.5919647216796875,2.699976318359375,maxmonstre/eval/grid__resolution__seed0__epoch_030__r32_G-__probes__f32.jsonl,recalibrated
resolution_max_b1,0,0.5,-0.225,2.506274291992188,2.616608154296875,maxmonstre/eval/grid__resolution__seed0__epoch_030__r32_G-__probes__f32.jsonl,recalibrated
resolution_max_b1,0,0.5,-0.2,2.43227001953125,2.53717041015625,maxmonstre/eval/grid__resolution__seed0__epoch_030__r32_G-__probes__f32.jsonl,recalibrated
resolution_max_b1,0,0.5,-0.175,2.3641907958984376,2.4651851806640623,maxmonstre/eval/grid__resolution__seed0__epoch_030__r32_G-__probes__f32.jsonl,recalibrated
resolution_max_b1,0,0.5,-0.15,2.303224365234375,2.39964599609375,maxmonstre/eval/grid__resolution__seed0__epoch_030__r32_G-__probes__f32.jsonl,recalibrated
resolution_max_b1,0,0.5,-0.125,2.2519071044921875,2.344380126953125,maxmonstre/eval/grid__resolution__seed0__epoch_030__r32_G-__probes__f32.jsonl,recalibrated
resolution_max_b1,0,0.5,-0.1,2.212320068359375,2.2993154296875,maxmonstre/eval/grid__resolution__seed0__epoch_030__r32_G-__probes__f32.jsonl,recalibrated
resolution_max_b1,0,0.5,-0.075,2.1802110595703126,2.2593526611328123,maxmonstre/eval/grid__resolution__seed0__epoch_030__r32_G-__probes__f32.jsonl,recalibrated
resolution_max_b1,0,0.5,-0.05,2.1583173828125,2.2289610595703127,maxmonstre/eval/grid__resolution__seed0__epoch_030__r32_G-__probes__f32.jsonl,recalibrated
resolution_max_b1,0,0.5,-0.025,2.1479881591796874,2.20398046875,maxmonstre/eval/grid__resolution__seed0__epoch_030__r32_G-__probes__f32.jsonl,recalibrated
resolution_max_b1,0,0.5,0.0,2.1448546142578127,2.1862178955078124,maxmonstre/eval/grid__resolution__seed0__epoch_030__r32_G-__probes__f32.jsonl,recalibrated
resolution_max_b1,0,0.5,0.025,2.14817724609375,2.1803525390625,maxmonstre/eval/grid__resolution__seed0__epoch_030__r32_G-__probes__f32.jsonl,recalibrated
resolution_max_b1,0,0.5,0.05,2.16038818359375,2.1814052734375,maxmonstre/eval/grid__resolution__seed0__epoch_030__r32_G-__probes__f32.jsonl,recalibrated
resolution_max_b1,0,0.5,0.075,2.1776134033203123,2.1919820556640626,maxmonstre/eval/grid__resolution__seed0__epoch_030__r32_G-__probes__f32.jsonl,recalibrated
resolution_max_b1,0,0.5,0.1,2.1983853759765624,2.208587158203125,maxmonstre/eval/grid__resolution__seed0__epoch_030__r32_G-__probes__f32.jsonl,recalibrated
resolution_max_b1,0,0.5,0.125,2.2266480712890626,2.232240234375,maxmonstre/eval/grid__resolution__seed0__epoch_030__r32_G-__probes__f32.jsonl,recalibrated
resolution_max_b1,0,0.5,0.15,2.2654495849609373,2.2671591796875,maxmonstre/eval/grid__resolution__seed0__epoch_030__r32_G-__probes__f32.jsonl,recalibrated
resolution_max_b1,0,0.5,0.175,2.317133056640625,2.306418701171875,maxmonstre/eval/grid__resolution__seed0__epoch_030__r32_G-__probes__f32.jsonl,recalibrated
resolution_max_b1,0,0.5,0.2,2.3807388916015624,2.3497276611328126,maxmonstre/eval/grid__resolution__seed0__epoch_030__r32_G-__probes__f32.jsonl,recalibrated
resolution_max_b1,0,0.5,0.225,2.447942626953125,2.3979571533203123,maxmonstre/eval/grid__resolution__seed0__epoch_030__r32_G-__probes__f32.jsonl,recalibrated
resolution_max_b1,0,0.5,0.25,2.51280517578125,2.44998486328125,maxmonstre/eval/grid__resolution__seed0__epoch_030__r32_G-__probes__f32.jsonl,recalibrated
resolution_max_b1,0,0.5,0.275,2.583178466796875,2.505877685546875,maxmonstre/eval/grid__resolution__seed0__epoch_030__r32_G-__probes__f32.jsonl,recalibrated
resolution_max_b1,0,0.5,0.3,2.6575299072265626,2.5677171630859377,maxmonstre/eval/grid__resolution__seed0__epoch_030__r32_G-__probes__f32.jsonl,recalibrated
resolution_max_b1,0,0.5,0.325,2.7372235107421874,2.6362073974609377,maxmonstre/eval/grid__resolution__seed0__epoch_030__r32_G-__probes__f32.jsonl,recalibrated
resolution_max_b1,0,0.5,0.35,2.8199998779296878,2.7062750244140625,maxmonstre/eval/grid__resolution__seed0__epoch_030__r32_G-__probes__f32.jsonl,recalibrated
resolution_max_b1,0,0.5,0.375,2.9010987548828124,2.7835791015625,maxmonstre/eval/grid__resolution__seed0__epoch_030__r32_G-__probes__f32.jsonl,recalibrated
resolution_max_b1,0,0.5,0.4,2.977835693359375,2.865871215820313,maxmonstre/eval/grid__resolution__seed0__epoch_030__r32_G-__probes__f32.jsonl,recalibrated
resolution_max_b1,0,0.5,0.425,3.05147509765625,2.953641357421875,maxmonstre/eval/grid__resolution__seed0__epoch_030__r32_G-__probes__f32.jsonl,recalibrated
resolution_max_b1,0,0.5,0.45,3.1223978271484376,3.041852783203125,maxmonstre/eval/grid__resolution__seed0__epoch_030__r32_G-__probes__f32.jsonl,recalibrated
resolution_max_b1,0,0.5,0.475,3.19401318359375,3.1273109130859376,maxmonstre/eval/grid__resolution__seed0__epoch_030__r32_G-__probes__f32.jsonl,recalibrated
resolution_max_b1,0,0.5,0.5,3.267511962890625,3.2143590087890623,maxmonstre/eval/grid__resolution__seed0__epoch_030__r32_G-__probes__f32.jsonl,recalibrated
resolution_max_b1_gaussian_conv,0,-0.5,-0.5,3.9363773193359375,4.05005029296875,maxmonstre/eval/grid__combined__seed0__epoch_030__r32_G0__probes__f32.jsonl,recalibrated
resolution_max_b1_gaussian_conv,0,-0.5,-0.475,3.8522069091796873,3.970061645507813,maxmonstre/eval/grid__combined__seed0__epoch_030__r32_G0__probes__f32.jsonl,recalibrated
resolution_max_b1_gaussian_conv,0,-0.5,-0.45,3.7702457275390624,3.888980224609375,maxmonstre/eval/grid__combined__seed0__epoch_030__r32_G0__probes__f32.jsonl,recalibrated
resolution_max_b1_gaussian_conv,0,-0.5,-0.425,3.68828076171875,3.807398193359375,maxmonstre/eval/grid__combined__seed0__epoch_030__r32_G0__probes__f32.jsonl,recalibrated
resolution_max_b1_gaussian_conv,0,-0.5,-0.4,3.60731298828125,3.724638916015625,maxmonstre/eval/grid__combined__seed0__epoch_030__r32_G0__probes__f32.jsonl,recalibrated
resolution_max_b1_gaussian_conv,0,-0.5,-0.375,3.530743041992188,3.6403839111328127,maxmonstre/eval/grid__combined__seed0__epoch_030__r32_G0__probes__f32.jsonl,recalibrated
resolution_max_b1_gaussian_conv,0,-0.5,-0.35,3.456777099609375,3.5558720703125,maxmonstre/eval/grid__combined__seed0__epoch_030__r32_G0__probes__f32.jsonl,recalibrated
resolution_max_b1_gaussian_conv,0,-0.5,-0.325,3.3857252197265626,3.4763013916015626,maxmonstre/eval/grid__combined__seed0__epoch_030__r32_G0__probes__f32.jsonl,recalibrated
resolution_max_b1_gaussian_conv,0,-0.5,-0.3,3.3184814453125,3.4000345458984373,maxmonstre/eval/grid__combined__seed0__epoch_030__r32_G0__probes__f32.jsonl,recalibrated
resolution_max_b1_gaussian_conv,0,-0.5,-0.275,3.252173828125,3.3221824951171874,maxmonstre/eval/grid__combined__seed0__epoch_030__r32_G0__probes__f32.jsonl,recalibrated
resolution_max_b1_gaussian_conv,0,-0.5,-0.25,3.1877325439453124,3.246284423828125,maxmonstre/eval/grid__combined__seed0__epoch_030__r32_G0__probes__f32.jsonl,recalibrated
resolution_max_b1_gaussian_conv,0,-0.5,-0.225,3.12229736328125,3.173390014648437,maxmonstre/eval/grid__combined__seed0__epoch_030__r32_G0__probes__f32.jsonl,recalibrated
resolution_max_b1_gaussian_conv,0,-0.5,-0.2,3.0553245849609376,3.100681396484375,maxmonstre/eval/grid__combined__seed0__epoch_030__r32_G0__probes__f32.jsonl,recalibrated
resolution_max_b1_gaussian_conv,0,-0.5,-0.175,2.985804443359375,3.0307921142578125,maxmonstre/eval/grid__combined__seed0__epoch_030__r32_G0__probes__f32.jsonl,recalibrated
resolution_max_b1_gaussian_conv,0,-0.5,-0.15,2.9186793212890625,2.96378125,maxmonstre/eval/grid__combined__seed0__epoch_030__r32_G0__probes__f32.jsonl,recalibrated
resolution_max_b1_gaussian_conv,0,-0.5,-0.125,2.85676611328125,2.8946591796875,maxmonstre/eval/grid__combined__seed0__epoch_030__r32_G0__probes__f32.jsonl,recalibrated
resolution_max_b1_gaussian_conv,0,-0.5,-0.1,2.80232861328125,2.8287811279296875,maxmonstre/eval/grid__combined__seed0__epoch_030__r32_G0__probes__f32.jsonl,recalibrated
resolution_max_b1_gaussian_conv,0,-0.5,-0.075,2.754172607421875,2.7686473388671877,maxmonstre/eval/grid__combined__seed0__epoch_030__r32_G0__probes__f32.jsonl,recalibrated
resolution_max_b1_gaussian_conv,0,-0.5,-0.05,2.711124755859375,2.70976708984375,maxmonstre/eval/grid__combined__seed0__epoch_030__r32_G0__probes__f32.jsonl,recalibrated
resolution_max_b1_gaussian_conv,0,-0.5,-0.025,2.67141455078125,2.65185888671875,maxmonstre/eval/grid__combined__seed0__epoch_030__r32_G0__probes__f32.jsonl,recalibrated
resolution_max_b1_gaussian_conv,0,-0.5,0.0,2.6371292724609376,2.60145947265625,maxmonstre/eval/grid__combined__seed0__epoch_030__r32_G0__probes__f32.jsonl,recalibrated
resolution_max_b1_gaussian_conv,0,-0.5,0.025,2.6072554931640624,2.56057421875,maxmonstre/eval/grid__combined__seed0__epoch_030__r32_G0__probes__f32.jsonl,recalibrated
resolution_max_b1_gaussian_conv,0,-0.5,0.05,2.582056640625,2.534409423828125,maxmonstre/eval/grid__combined__seed0__epoch_030__r32_G0__probes__f32.jsonl,recalibrated
resolution_max_b1_gaussian_conv,0,-0.5,0.075,2.5631663818359374,2.5116236572265627,maxmonstre/eval/grid__combined__seed0__epoch_030__r32_G0__probes__f32.jsonl,recalibrated
resolution_max_b1_gaussian_conv,0,-0.5,0.1,2.5461142578125,2.491938354492188,maxmonstre/eval/grid__combined__seed0__epoch_030__r32_G0__probes__f32.jsonl,recalibrated
resolution_max_b1_gaussian_conv,0,-0.5,0.125,2.533659912109375,2.475598876953125,maxmonstre/eval/grid__combined__seed0__epoch_030__r32_G0__probes__f32.jsonl,recalibrated
resolution_max_b1_gaussian_conv,0,-0.5,0.15,2.524698486328125,2.4642034912109376,maxmonstre/eval/grid__combined__seed0__epoch_030__r32_G0__probes__f32.jsonl,recalibrated
resolution_max_b1_gaussian_conv,0,-0.5,0.175,2.5199674072265625,2.4614166259765624,maxmonstre/eval/grid__combined__seed0__epoch_030__r32_G0__probes__f32.jsonl,recalibrated
resolution_max_b1_gaussian_conv,0,-0.5,0.2,2.518657958984375,2.4645587158203126,maxmonstre/eval/grid__combined__seed0__epoch_030__r32_G0__probes__f32.jsonl,recalibrated
resolution_max_b1_gaussian_conv,0,-0.5,0.225,2.5192020263671875,2.473743408203125,maxmonstre/eval/grid__combined__seed0__epoch_030__r32_G0__probes__f32.jsonl,recalibrated
resolution_max_b1_gaussian_conv,0,-0.5,0.25,2.522156494140625,2.48805078125,maxmonstre/eval/grid__combined__seed0__epoch_030__r32_G0__probes__f32.jsonl,recalibrated
resolution_max_b1_gaussian_conv,0,-0.5,0.275,2.5273602294921877,2.501575927734375,maxmonstre/eval/grid__combined__seed0__epoch_030__r32_G0__probes__f32.jsonl,recalibrated
resolution_max_b1_gaussian_conv,0,-0.5,0.3,2.53447900390625,2.5184482421875,maxmonstre/eval/grid__combined__seed0__epoch_030__r32_G0__probes__f32.jsonl,recalibrated
resolution_max_b1_gaussian_conv,0,-0.5,0.325,2.5460311279296874,2.53673291015625,maxmonstre/eval/grid__combined__seed0__epoch_030__r32_G0__probes__f32.jsonl,recalibrated
resolution_max_b1_gaussian_conv,0,-0.5,0.35,2.569372802734375,2.5599991455078124,maxmonstre/eval/grid__combined__seed0__epoch_030__r32_G0__probes__f32.jsonl,recalibrated
resolution_max_b1_gaussian_conv,0,-0.5,0.375,2.5974693603515626,2.587638549804688,maxmonstre/eval/grid__combined__seed0__epoch_030__r32_G0__probes__f32.jsonl,recalibrated
resolution_max_b1_gaussian_conv,0,-0.5,0.4,2.6329801025390625,2.6214754638671875,maxmonstre/eval/grid__combined__seed0__epoch_030__r32_G0__probes__f32.jsonl,recalibrated
resolution_max_b1_gaussian_conv,0,-0.5,0.425,2.67393408203125,2.658096923828125,maxmonstre/eval/grid__combined__seed0__epoch_030__r32_G0__probes__f32.jsonl,recalibrated
resolution_max_b1_gaussian_conv,0,-0.5,0.45,2.714634765625,2.692442138671875,maxmonstre/eval/grid__combined__seed0__epoch_030__r32_G0__probes__f32.jsonl,recalibrated
resolution_max_b1_gaussian_conv,0,-0.5,0.475,2.751969482421875,2.7257449951171875,maxmonstre/eval/grid__combined__seed0__epoch_030__r32_G0__probes__f32.jsonl,recalibrated
resolution_max_b1_gaussian_conv,0,-0.5,0.5,2.784419311523437,2.757150634765625,maxmonstre/eval/grid__combined__seed0__epoch_030__r32_G0__probes__f32.jsonl,recalibrated
resolution_max_b1_gaussian_conv,0,-0.475,-0.5,3.865581298828125,3.977437133789063,maxmonstre/eval/grid__combined__seed0__epoch_030__r32_G0__probes__f32.jsonl,recalibrated
resolution_max_b1_gaussian_conv,0,-0.475,-0.475,3.7763492431640624,3.8897647705078127,maxmonstre/eval/grid__combined__seed0__epoch_030__r32_G0__probes__f32.jsonl,recalibrated
resolution_max_b1_gaussian_conv,0,-0.475,-0.45,3.689962646484375,3.801606811523437,maxmonstre/eval/grid__combined__seed0__epoch_030__r32_G0__probes__f32.jsonl,recalibrated
resolution_max_b1_gaussian_conv,0,-0.475,-0.425,3.6009857177734377,3.711782104492188,maxmonstre/eval/grid__combined__seed0__epoch_030__r32_G0__probes__f32.jsonl,recalibrated
resolution_max_b1_gaussian_conv,0,-0.475,-0.4,3.514263549804688,3.6242235107421874,maxmonstre/eval/grid__combined__seed0__epoch_030__r32_G0__probes__f32.jsonl,recalibrated
resolution_max_b1_gaussian_conv,0,-0.475,-0.375,3.4327681884765626,3.5350166015625,maxmonstre/eval/grid__combined__seed0__epoch_030__r32_G0__probes__f32.jsonl,recalibrated
resolution_max_b1_gaussian_conv,0,-0.475,-0.35,3.354560302734375,3.4461905517578124,maxmonstre/eval/grid__combined__seed0__epoch_030__r32_G0__probes__f32.jsonl,recalibrated
resolution_max_b1_gaussian_conv,0,-0.475,-0.325,3.2780684814453127,3.3622559814453123,maxmonstre/eval/grid__combined__seed0__epoch_030__r32_G0__probes__f32.jsonl,recalibrated
resolution_max_b1_gaussian_conv,0,-0.475,-0.3,3.204187744140625,3.2795205078125,maxmonstre/eval/grid__combined__seed0__epoch_030__r32_G0__probes__f32.jsonl,recalibrated
resolution_max_b1_gaussian_conv,0,-0.475,-0.275,3.13267529296875,3.1985120849609374,maxmonstre/eval/grid__combined__seed0__epoch_030__r32_G0__probes__f32.jsonl,recalibrated
resolution_max_b1_gaussian_conv,0,-0.475,-0.25,3.063238159179688,3.1188912353515623,maxmonstre/eval/grid__combined__seed0__epoch_030__r32_G0__probes__f32.jsonl,recalibrated
resolution_max_b1_gaussian_conv,0,-0.475,-0.225,2.9941319580078125,3.04154296875,maxmonstre/eval/grid__combined__seed0__epoch_030__r32_G0__probes__f32.jsonl,recalibrated
resolution_max_b1_gaussian_conv,0,-0.475,-0.2,2.92251025390625,2.965510498046875,maxmonstre/eval/grid__combined__seed0__epoch_030__r32_G0__probes__f32.jsonl,recalibrated
resolution_max_b1_gaussian_conv,0,-0.475,-0.175,2.849262451171875,2.8897542724609373,maxmonstre/eval/grid__combined__seed0__epoch_030__r32_G0__probes__f32.jsonl,recalibrated
resolution_max_b1_gaussian_conv,0,-0.475,-0.15,2.7788292236328127,2.81938134765625,maxmonstre/eval/grid__combined__seed0__epoch_030__r32_G0__probes__f32.jsonl,recalibrated
resolution_max_b1_gaussian_conv,0,-0.475,-0.125,2.7130821533203124,2.7508509521484377,maxmonstre/eval/grid__combined__seed0__epoch_030__r32_G0__probes__f32.jsonl,recalibrated
resolution_max_b1_gaussian_conv,0,-0.475,-0.1,2.653027099609375,2.687107788085937,maxmonstre/eval/grid__combined__seed0__epoch_030__r32_G0__probes__f32.jsonl,recalibrated
resolution_max_b1_gaussian_conv,0,-0.475,-0.075,2.601264038085937,2.6256759033203125,maxmonstre/eval/grid__combined__seed0__epoch_030__r32_G0__probes__f32.jsonl,recalibrated
resolution_max_b1_gaussian_conv,0,-0.475,-0.05,2.5587794189453126,2.5680987548828127,maxmonstre/eval/grid__combined__seed0__epoch_030__r32_G0__probes__f32.jsonl,recalibrated
resolution_max_b1_gaussian_conv,0,-0.475,-0.025,2.521428466796875,2.51156787109375,maxmonstre/eval/grid__combined__seed0__epoch_030__r32_G0__probes__f32.jsonl,recalibrated
resolution_max_b1_gaussian_conv,0,-0.475,0.0,2.4900751953125,2.4626768798828125,maxmonstre/eval/grid__combined__seed0__epoch_030__r32_G0__probes__f32.jsonl,recalibrated
resolution_max_b1_gaussian_conv,0,-0.475,0.025,2.465727783203125,2.425491577148437,maxmonstre/eval/grid__combined__seed0__epoch_030__r32_G0__probes__f32.jsonl,recalibrated
resolution_max_b1_gaussian_conv,0,-0.475,0.05,2.4472020263671874,2.3994659423828124,maxmonstre/eval/grid__combined__seed0__epoch_030__r32_G0__probes__f32.jsonl,recalibrated
resolution_max_b1_gaussian_conv,0,-0.475,0.075,2.43196435546875,2.38031494140625,maxmonstre/eval/grid__combined__seed0__epoch_030__r32_G0__probes__f32.jsonl,recalibrated
resolution_max_b1_gaussian_conv,0,-0.475,0.1,2.419442138671875,2.3666114501953124,maxmonstre/eval/grid__combined__seed0__epoch_030__r32_G0__probes__f32.jsonl,recalibrated
resolution_max_b1_gaussian_conv,0,-0.475,0.125,2.4136995849609373,2.356515869140625,maxmonstre/eval/grid__combined__seed0__epoch_030__r32_G0__probes__f32.jsonl,recalibrated
resolution_max_b1_gaussian_conv,0,-0.475,0.15,2.4124288330078123,2.350861572265625,maxmonstre/eval/grid__combined__seed0__epoch_030__r32_G0__probes__f32.jsonl,recalibrated
resolution_max_b1_gaussian_conv,0,-0.475,0.175,2.41435546875,2.3530474853515626,maxmonstre/eval/grid__combined__seed0__epoch_030__r32_G0__probes__f32.jsonl,recalibrated
resolution_max_b1_gaussian_conv,0,-0.475,0.2,2.416338745117188,2.36349951171875,maxmonstre/eval/grid__combined__seed0__epoch_030__r32_G0__probes__f32.jsonl,recalibrated
resolution_max_b1_gaussian_conv,0,-0.475,0.225,2.421969604492188,2.379259521484375,maxmonstre/eval/grid__combined__seed0__epoch_030__r32_G0__probes__f32.jsonl,recalibrated
resolution_max_b1_gaussian_conv,0,-0.475,0.25,2.4274044189453123,2.4010748291015624,maxmonstre/eval/grid__combined__seed0__epoch_030__r32_G0__probes__f32.jsonl,recalibrated
resolution_max_b1_gaussian_conv,0,-0.475,0.275,2.438784423828125,2.421617431640625,maxmonstre/eval/grid__combined__seed0__epoch_030__r32_G0__probes__f32.jsonl,recalibrated
resolution_max_b1_gaussian_conv,0,-0.475,0.3,2.4555960693359373,2.4442777099609376,maxmonstre/eval/grid__combined__seed0__epoch_030__r32_G0__probes__f32.jsonl,recalibrated
resolution_max_b1_gaussian_conv,0,-0.475,0.325,2.476614013671875,2.4710703125,maxmonstre/eval/grid__combined__seed0__epoch_030__r32_G0__probes__f32.jsonl,recalibrated
resolution_max_b1_gaussian_conv,0,-0.475,0.35,2.509236328125,2.501375244140625,maxmonstre/eval/grid__combined__seed0__epoch_030__r32_G0__probes__f32.jsonl,recalibrated
resolution_max_b1_gaussian_conv,0,-0.475,0.375,2.5472591552734376,2.536509521484375,maxmonstre/eval/grid__combined__seed0__epoch_030__r32_G0__probes__f32.jsonl,recalibrated
resolution_max_b1_gaussian_conv,0,-0.475,0.4,2.589809448242188,2.576165283203125,maxmonstre/eval/grid__combined__seed0__epoch_030__r32_G0__probes__f32.jsonl,recalibrated
resolution_max_b1_gaussian_conv,0,-0.475,0.425,2.6358447265625,2.6192734375,maxmonstre/eval/grid__combined__seed0__epoch_030__r32_G0__probes__f32.jsonl,recalibrated
resolution_max_b1_gaussian_conv,0,-0.475,0.45,2.6790068359375,2.659261474609375,maxmonstre/eval/grid__combined__seed0__epoch_030__r32_G0__probes__f32.jsonl,recalibrated
resolution_max_b1_gaussian_conv,0,-0.475,0.475,2.7180775146484377,2.6965089111328124,maxmonstre/eval/grid__combined__seed0__epoch_030__r32_G0__probes__f32.jsonl,recalibrated
resolution_max_b1_gaussian_conv,0,-0.475,0.5,2.7526163330078126,2.73236181640625,maxmonstre/eval/grid__combined__seed0__epoch_030__r32_G0__probes__f32.jsonl,recalibrated
resolution_max_b1_gaussian_conv,0,-0.45,-0.5,3.797040283203125,3.90131005859375,maxmonstre/eval/grid__combined__seed0__epoch_030__r32_G0__probes__f32.jsonl,recalibrated
resolution_max_b1_gaussian_conv,0,-0.45,-0.475,3.7006429443359377,3.8087734375,maxmonstre/eval/grid__combined__seed0__epoch_030__r32_G0__probes__f32.jsonl,recalibrated
resolution_max_b1_gaussian_conv,0,-0.45,-0.45,3.605309692382813,3.712864379882813,maxmonstre/eval/grid__combined__seed0__epoch_030__r32_G0__probes__f32.jsonl,recalibrated
resolution_max_b1_gaussian_conv,0,-0.45,-0.425,3.509918212890625,3.614140869140625,maxmonstre/eval/grid__combined__seed0__epoch_030__r32_G0__probes__f32.jsonl,recalibrated
resolution_max_b1_gaussian_conv,0,-0.45,-0.4,3.41704833984375,3.5161348876953125,maxmonstre/eval/grid__combined__seed0__epoch_030__r32_G0__probes__f32.jsonl,recalibrated
resolution_max_b1_gaussian_conv,0,-0.45,-0.375,3.3263291015625,3.421531494140625,maxmonstre/eval/grid__combined__seed0__epoch_030__r32_G0__probes__f32.jsonl,recalibrated
resolution_max_b1_gaussian_conv,0,-0.45,-0.35,3.2402969970703124,3.328742431640625,maxmonstre/eval/grid__combined__seed0__epoch_030__r32_G0__probes__f32.jsonl,recalibrated
resolution_max_b1_gaussian_conv,0,-0.45,-0.325,3.15883935546875,3.2367686767578125,maxmonstre/eval/grid__combined__seed0__epoch_030__r32_G0__probes__f32.jsonl,recalibrated
resolution_max_b1_gaussian_conv,0,-0.45,-0.3,3.078674682617188,3.15037890625,maxmonstre/eval/grid__combined__seed0__epoch_030__r32_G0__probes__f32.jsonl,recalibrated
resolution_max_b1_gaussian_conv,0,-0.45,-0.275,3.0036436767578123,3.0663092041015627,maxmonstre/eval/grid__combined__seed0__epoch_030__r32_G0__probes__f32.jsonl,recalibrated
resolution_max_b1_gaussian_conv,0,-0.45,-0.25,2.930009765625,2.98347216796875,maxmonstre/eval/grid__combined__seed0__epoch_030__r32_G0__probes__f32.jsonl,recalibrated
resolution_max_b1_gaussian_conv,0,-0.45,-0.225,2.8550377197265626,2.9001734619140627,maxmonstre/eval/grid__combined__seed0__epoch_030__r32_G0__probes__f32.jsonl,recalibrated
resolution_max_b1_gaussian_conv,0,-0.45,-0.2,2.78052001953125,2.81972314453125,maxmonstre/eval/grid__combined__seed0__epoch_030__r32_G0__probes__f32.jsonl,recalibrated
resolution_max_b1_gaussian_conv,0,-0.45,-0.175,2.7066143798828124,2.74285693359375,maxmonstre/eval/grid__combined__seed0__epoch_030__r32_G0__probes__f32.jsonl,recalibrated
resolution_max_b1_gaussian_conv,0,-0.45,-0.15,2.633233154296875,2.6705654296875,maxmonstre/eval/grid__combined__seed0__epoch_030__r32_G0__probes__f32.jsonl,recalibrated
resolution_max_b1_gaussian_conv,0,-0.45,-0.125,2.563619140625,2.5995142822265627,maxmonstre/eval/grid__combined__seed0__epoch_030__r32_G0__probes__f32.jsonl,recalibrated
resolution_max_b1_gaussian_conv,0,-0.45,-0.1,2.4973890380859376,2.5338701171875,maxmonstre/eval/grid__combined__seed0__epoch_030__r32_G0__probes__f32.jsonl,recalibrated
resolution_max_b1_gaussian_conv,0,-0.45,-0.075,2.4423349609375,2.47612744140625,maxmonstre/eval/grid__combined__seed0__epoch_030__r32_G0__probes__f32.jsonl,recalibrated
resolution_max_b1_gaussian_conv,0,-0.45,-0.05,2.3985257568359377,2.418726806640625,maxmonstre/eval/grid__combined__seed0__epoch_030__r32_G0__probes__f32.jsonl,recalibrated
resolution_max_b1_gaussian_conv,0,-0.45,-0.025,2.364434814453125,2.3629102783203124,maxmonstre/eval/grid__combined__seed0__epoch_030__r32_G0__probes__f32.jsonl,recalibrated
resolution_max_b1_gaussian_conv,0,-0.45,0.0,2.335957275390625,2.3180887451171874,maxmonstre/eval/grid__combined__seed0__epoch_030__r32_G0__probes__f32.jsonl,recalibrated
resolution_max_b1_gaussian_conv,0,-0.45,0.025,2.3162005615234373,2.2825797119140625,maxmonstre/eval/grid__combined__seed0__epoch_030__r32_G0__probes__f32.jsonl,recalibrated
resolution_max_b1_gaussian_conv,0,-0.45,0.05,2.302508544921875,2.258091064453125,maxmonstre/eval/grid__combined__seed0__epoch_030__r32_G0__probes__f32.jsonl,recalibrated
resolution_max_b1_gaussian_conv,0,-0.45,0.075,2.2904251708984376,2.243673095703125,maxmonstre/eval/grid__combined__seed0__epoch_030__r32_G0__probes__f32.jsonl,recalibrated
resolution_max_b1_gaussian_conv,0,-0.45,0.1,2.28158349609375,2.2347613525390626,maxmonstre/eval/grid__combined__seed0__epoch_030__r32_G0__probes__f32.jsonl,recalibrated
resolution_max_b1_gaussian_conv,0,-0.45,0.125,2.283802734375,2.23079931640625,maxmonstre/eval/grid__combined__seed0__epoch_030__r32_G0__probes__f32.jsonl,recalibrated
resolution_max_b1_gaussian_conv,0,-0.45,0.15,2.28906494140625,2.231427978515625,maxmonstre/eval/grid__combined__seed0__epoch_030__r32_G0__probes__f32.jsonl,recalibrated
resolution_max_b1_gaussian_conv,0,-0.45,0.175,2.2953359375,2.23996923828125,maxmonstre/eval/grid__combined__seed0__epoch_030__r32_G0__probes__f32.jsonl,recalibrated
resolution_max_b1_gaussian_conv,0,-0.45,0.2,2.3048695068359377,2.2582230224609376,maxmonstre/eval/grid__combined__seed0__epoch_030__r32_G0__probes__f32.jsonl,recalibrated
resolution_max_b1_gaussian_conv,0,-0.45,0.225,2.31589697265625,2.28000244140625,maxmonstre/eval/grid__combined__seed0__epoch_030__r32_G0__probes__f32.jsonl,recalibrated
resolution_max_b1_gaussian_conv,0,-0.45,0.25,2.325250854492188,2.3075771484375,maxmonstre/eval/grid__combined__seed0__epoch_030__r32_G0__probes__f32.jsonl,recalibrated
resolution_max_b1_gaussian_conv,0,-0.45,0.275,2.343808837890625,2.336545654296875,maxmonstre/eval/grid__combined__seed0__epoch_030__r32_G0__probes__f32.jsonl,recalibrated
resolution_max_b1_gaussian_conv,0,-0.45,0.3,2.369511474609375,2.366669921875,maxmonstre/eval/grid__combined__seed0__epoch_030__r32_G0__probes__f32.jsonl,recalibrated
resolution_max_b1_gaussian_conv,0,-0.45,0.325,2.402815673828125,2.399000732421875,maxmonstre/eval/grid__combined__seed0__epoch_030__r32_G0__probes__f32.jsonl,recalibrated
resolution_max_b1_gaussian_conv,0,-0.45,0.35,2.446938720703125,2.4372947998046874,maxmonstre/eval/grid__combined__seed0__epoch_030__r32_G0__probes__f32.jsonl,recalibrated
resolution_max_b1_gaussian_conv,0,-0.45,0.375,2.493304931640625,2.479108154296875,maxmonstre/eval/grid__combined__seed0__epoch_030__r32_G0__probes__f32.jsonl,recalibrated
resolution_max_b1_gaussian_conv,0,-0.45,0.4,2.541955810546875,2.525546875,maxmonstre/eval/grid__combined__seed0__epoch_030__r32_G0__probes__f32.jsonl,recalibrated
resolution_max_b1_gaussian_conv,0,-0.45,0.425,2.5927662353515624,2.576043212890625,maxmonstre/eval/grid__combined__seed0__epoch_030__r32_G0__probes__f32.jsonl,recalibrated
resolution_max_b1_gaussian_conv,0,-0.45,0.45,2.6380546875,2.62469580078125,maxmonstre/eval/grid__combined__seed0__epoch_030__r32_G0__probes__f32.jsonl,recalibrated
resolution_max_b1_gaussian_conv,0,-0.45,0.475,2.678915283203125,2.66492724609375,maxmonstre/eval/grid__combined__seed0__epoch_030__r32_G0__probes__f32.jsonl,recalibrated
resolution_max_b1_gaussian_conv,0,-0.45,0.5,2.715783203125,2.7023687744140625,maxmonstre/eval/grid__combined__seed0__epoch_030__r32_G0__probes__f32.jsonl,recalibrated
resolution_max_b1_gaussian_conv,0,-0.425,-0.5,3.72286376953125,3.8238681640625,maxmonstre/eval/grid__combined__seed0__epoch_030__r32_G0__probes__f32.jsonl,recalibrated
resolution_max_b1_gaussian_conv,0,-0.425,-0.475,3.6216734619140634,3.722932861328125,maxmonstre/eval/grid__combined__seed0__epoch_030__r32_G0__probes__f32.jsonl,recalibrated
resolution_max_b1_gaussian_conv,0,-0.425,-0.45,3.5176798095703123,3.619001708984375,maxmonstre/eval/grid__combined__seed0__epoch_030__r32_G0__probes__f32.jsonl,recalibrated
resolution_max_b1_gaussian_conv,0,-0.425,-0.425,3.4147783203125,3.513835815429688,maxmonstre/eval/grid__combined__seed0__epoch_030__r32_G0__probes__f32.jsonl,recalibrated
resolution_max_b1_gaussian_conv,0,-0.425,-0.4,3.31246630859375,3.409633666992188,maxmonstre/eval/grid__combined__seed0__epoch_030__r32_G0__probes__f32.jsonl,recalibrated
resolution_max_b1_gaussian_conv,0,-0.425,-0.375,3.2135482177734374,3.307501342773437,maxmonstre/eval/grid__combined__seed0__epoch_030__r32_G0__probes__f32.jsonl,recalibrated
resolution_max_b1_gaussian_conv,0,-0.425,-0.35,3.119793701171875,3.2083599853515623,maxmonstre/eval/grid__combined__seed0__epoch_030__r32_G0__probes__f32.jsonl,recalibrated
resolution_max_b1_gaussian_conv,0,-0.425,-0.325,3.029505126953125,3.1098433837890624,maxmonstre/eval/grid__combined__seed0__epoch_030__r32_G0__probes__f32.jsonl,recalibrated
resolution_max_b1_gaussian_conv,0,-0.425,-0.3,2.9443941650390624,3.016946533203125,maxmonstre/eval/grid__combined__seed0__epoch_030__r32_G0__probes__f32.jsonl,recalibrated
resolution_max_b1_gaussian_conv,0,-0.425,-0.275,2.862872314453125,2.926871826171875,maxmonstre/eval/grid__combined__seed0__epoch_030__r32_G0__probes__f32.jsonl,recalibrated
resolution_max_b1_gaussian_conv,0,-0.425,-0.25,2.7849119873046875,2.84094287109375,maxmonstre/eval/grid__combined__seed0__epoch_030__r32_G0__probes__f32.jsonl,recalibrated
resolution_max_b1_gaussian_conv,0,-0.425,-0.225,2.7067001953125,2.755760986328125,maxmonstre/eval/grid__combined__seed0__epoch_030__r32_G0__probes__f32.jsonl,recalibrated
resolution_max_b1_gaussian_conv,0,-0.425,-0.2,2.62974462890625,2.66963232421875,maxmonstre/eval/grid__combined__seed0__epoch_030__r32_G0__probes__f32.jsonl,recalibrated
resolution_max_b1_gaussian_conv,0,-0.425,-0.175,2.554571166992188,2.58931396484375,maxmonstre/eval/grid__combined__seed0__epoch_030__r32_G0__probes__f32.jsonl,recalibrated
resolution_max_b1_gaussian_conv,0,-0.425,-0.15,2.479956298828125,2.5149945068359374,maxmonstre/eval/grid__combined__seed0__epoch_030__r32_G0__probes__f32.jsonl,recalibrated
resolution_max_b1_gaussian_conv,0,-0.425,-0.125,2.406056030273437,2.441430053710937,maxmonstre/eval/grid__combined__seed0__epoch_030__r32_G0__probes__f32.jsonl,recalibrated
resolution_max_b1_gaussian_conv,0,-0.425,-0.1,2.339149658203125,2.374717041015625,maxmonstre/eval/grid__combined__seed0__epoch_030__r32_G0__probes__f32.jsonl,recalibrated
resolution_max_b1_gaussian_conv,0,-0.425,-0.075,2.2839744873046874,2.3168580322265626,maxmonstre/eval/grid__combined__seed0__epoch_030__r32_G0__probes__f32.jsonl,recalibrated
resolution_max_b1_gaussian_conv,0,-0.425,-0.05,2.239046264648437,2.260833374023437,maxmonstre/eval/grid__combined__seed0__epoch_030__r32_G0__probes__f32.jsonl,recalibrated
resolution_max_b1_gaussian_conv,0,-0.425,-0.025,2.205209716796875,2.209030029296875,maxmonstre/eval/grid__combined__seed0__epoch_030__r32_G0__probes__f32.jsonl,recalibrated
resolution_max_b1_gaussian_conv,0,-0.425,0.0,2.1795975341796874,2.16872998046875,maxmonstre/eval/grid__combined__seed0__epoch_030__r32_G0__probes__f32.jsonl,recalibrated
resolution_max_b1_gaussian_conv,0,-0.425,0.025,2.161728271484375,2.1360606689453125,maxmonstre/eval/grid__combined__seed0__epoch_030__r32_G0__probes__f32.jsonl,recalibrated
resolution_max_b1_gaussian_conv,0,-0.425,0.05,2.1507647705078123,2.1125128784179688,maxmonstre/eval/grid__combined__seed0__epoch_030__r32_G0__probes__f32.jsonl,recalibrated
resolution_max_b1_gaussian_conv,0,-0.425,0.075,2.1442125244140624,2.100789123535156,maxmonstre/eval/grid__combined__seed0__epoch_030__r32_G0__probes__f32.jsonl,recalibrated
resolution_max_b1_gaussian_conv,0,-0.425,0.1,2.141380737304688,2.0967840576171874,maxmonstre/eval/grid__combined__seed0__epoch_030__r32_G0__probes__f32.jsonl,recalibrated
resolution_max_b1_gaussian_conv,0,-0.425,0.125,2.1459346923828124,2.098084289550781,maxmonstre/eval/grid__combined__seed0__epoch_030__r32_G0__probes__f32.jsonl,recalibrated
resolution_max_b1_gaussian_conv,0,-0.425,0.15,2.15735595703125,2.1049930419921874,maxmonstre/eval/grid__combined__seed0__epoch_030__r32_G0__probes__f32.jsonl,recalibrated
resolution_max_b1_gaussian_conv,0,-0.425,0.175,2.168332275390625,2.1205968017578125,maxmonstre/eval/grid__combined__seed0__epoch_030__r32_G0__probes__f32.jsonl,recalibrated
resolution_max_b1_gaussian_conv,0,-0.425,0.2,2.1804517822265623,2.1455623779296875,maxmonstre/eval/grid__combined__seed0__epoch_030__r32_G0__probes__f32.jsonl,recalibrated
resolution_max_b1_gaussian_conv,0,-0.425,0.225,2.19630419921875,2.175623291015625,maxmonstre/eval/grid__combined__seed0__epoch_030__r32_G0__probes__f32.jsonl,recalibrated
resolution_max_b1_gaussian_conv,0,-0.425,0.25,2.217475830078125,2.209074951171875,maxmonstre/eval/grid__combined__seed0__epoch_030__r32_G0__probes__f32.jsonl,recalibrated
resolution_max_b1_gaussian_conv,0,-0.425,0.275,2.2445892333984374,2.24446484375,maxmonstre/eval/grid__combined__seed0__epoch_030__r32_G0__probes__f32.jsonl,recalibrated
resolution_max_b1_gaussian_conv,0,-0.425,0.3,2.28065771484375,2.28444921875,maxmonstre/eval/grid__combined__seed0__epoch_030__r32_G0__probes__f32.jsonl,recalibrated
resolution_max_b1_gaussian_conv,0,-0.425,0.325,2.323748901367188,2.32528466796875,maxmonstre/eval/grid__combined__seed0__epoch_030__r32_G0__probes__f32.jsonl,recalibrated
resolution_max_b1_gaussian_conv,0,-0.425,0.35,2.3771435546875,2.371229736328125,maxmonstre/eval/grid__combined__seed0__epoch_030__r32_G0__probes__f32.jsonl,recalibrated
resolution_max_b1_gaussian_conv,0,-0.425,0.375,2.4321240234375,2.4214686279296878,maxmonstre/eval/grid__combined__seed0__epoch_030__r32_G0__probes__f32.jsonl,recalibrated
resolution_max_b1_gaussian_conv,0,-0.425,0.4,2.488885498046875,2.471745727539062,maxmonstre/eval/grid__combined__seed0__epoch_030__r32_G0__probes__f32.jsonl,recalibrated
resolution_max_b1_gaussian_conv,0,-0.425,0.425,2.543293212890625,2.5282841796875,maxmonstre/eval/grid__combined__seed0__epoch_030__r32_G0__probes__f32.jsonl,recalibrated
resolution_max_b1_gaussian_conv,0,-0.425,0.45,2.593522216796875,2.581783447265625,maxmonstre/eval/grid__combined__seed0__epoch_030__r32_G0__probes__f32.jsonl,recalibrated
resolution_max_b1_gaussian_conv,0,-0.425,0.475,2.6388134765625,2.6283543701171874,maxmonstre/eval/grid__combined__seed0__epoch_030__r32_G0__probes__f32.jsonl,recalibrated
resolution_max_b1_gaussian_conv,0,-0.425,0.5,2.6797987060546875,2.6722958984375,maxmonstre/eval/grid__combined__seed0__epoch_030__r32_G0__probes__f32.jsonl,recalibrated
resolution_max_b1_gaussian_conv,0,-0.4,-0.5,3.64004052734375,3.7418154296875,maxmonstre/eval/grid__combined__seed0__epoch_030__r32_G0__probes__f32.jsonl,recalibrated
resolution_max_b1_gaussian_conv,0,-0.4,-0.475,3.534339599609375,3.63326904296875,maxmonstre/eval/grid__combined__seed0__epoch_030__r32_G0__probes__f32.jsonl,recalibrated
resolution_max_b1_gaussian_conv,0,-0.4,-0.45,3.4241451416015627,3.52409423828125,maxmonstre/eval/grid__combined__seed0__epoch_030__r32_G0__probes__f32.jsonl,recalibrated
resolution_max_b1_gaussian_conv,0,-0.4,-0.425,3.312656005859375,3.4135404052734377,maxmonstre/eval/grid__combined__seed0__epoch_030__r32_G0__probes__f32.jsonl,recalibrated
resolution_max_b1_gaussian_conv,0,-0.4,-0.4,3.202978271484375,3.3015831298828124,maxmonstre/eval/grid__combined__seed0__epoch_030__r32_G0__probes__f32.jsonl,recalibrated
resolution_max_b1_gaussian_conv,0,-0.4,-0.375,3.0954759521484374,3.194410400390625,maxmonstre/eval/grid__combined__seed0__epoch_030__r32_G0__probes__f32.jsonl,recalibrated
resolution_max_b1_gaussian_conv,0,-0.4,-0.35,2.991580810546875,3.087640625,maxmonstre/eval/grid__combined__seed0__epoch_030__r32_G0__probes__f32.jsonl,recalibrated
resolution_max_b1_gaussian_conv,0,-0.4,-0.325,2.892842651367188,2.980694580078125,maxmonstre/eval/grid__combined__seed0__epoch_030__r32_G0__probes__f32.jsonl,recalibrated
resolution_max_b1_gaussian_conv,0,-0.4,-0.3,2.7993441162109374,2.879167236328125,maxmonstre/eval/grid__combined__seed0__epoch_030__r32_G0__probes__f32.jsonl,recalibrated
resolution_max_b1_gaussian_conv,0,-0.4,-0.275,2.71037353515625,2.7838349609375,maxmonstre/eval/grid__combined__seed0__epoch_030__r32_G0__probes__f32.jsonl,recalibrated
resolution_max_b1_gaussian_conv,0,-0.4,-0.25,2.6272186279296874,2.693037109375,maxmonstre/eval/grid__combined__seed0__epoch_030__r32_G0__probes__f32.jsonl,recalibrated
resolution_max_b1_gaussian_conv,0,-0.4,-0.225,2.5486651611328126,2.6040611572265626,maxmonstre/eval/grid__combined__seed0__epoch_030__r32_G0__probes__f32.jsonl,recalibrated
resolution_max_b1_gaussian_conv,0,-0.4,-0.2,2.4700447998046875,2.515085205078125,maxmonstre/eval/grid__combined__seed0__epoch_030__r32_G0__probes__f32.jsonl,recalibrated
resolution_max_b1_gaussian_conv,0,-0.4,-0.175,2.391319213867188,2.4295621337890627,maxmonstre/eval/grid__combined__seed0__epoch_030__r32_G0__probes__f32.jsonl,recalibrated
resolution_max_b1_gaussian_conv,0,-0.4,-0.15,2.31797314453125,2.350817260742188,maxmonstre/eval/grid__combined__seed0__epoch_030__r32_G0__probes__f32.jsonl,recalibrated
resolution_max_b1_gaussian_conv,0,-0.4,-0.125,2.2455977783203127,2.2774849853515624,maxmonstre/eval/grid__combined__seed0__epoch_030__r32_G0__probes__f32.jsonl,recalibrated
resolution_max_b1_gaussian_conv,0,-0.4,-0.1,2.18226318359375,2.2122135009765627,maxmonstre/eval/grid__combined__seed0__epoch_030__r32_G0__probes__f32.jsonl,recalibrated
resolution_max_b1_gaussian_conv,0,-0.4,-0.075,2.1274130859375,2.1515518798828124,maxmonstre/eval/grid__combined__seed0__epoch_030__r32_G0__probes__f32.jsonl,recalibrated
resolution_max_b1_gaussian_conv,0,-0.4,-0.05,2.079701904296875,2.09692138671875,maxmonstre/eval/grid__combined__seed0__epoch_030__r32_G0__probes__f32.jsonl,recalibrated
resolution_max_b1_gaussian_conv,0,-0.4,-0.025,2.0431837158203123,2.051413879394531,maxmonstre/eval/grid__combined__seed0__epoch_030__r32_G0__probes__f32.jsonl,recalibrated
resolution_max_b1_gaussian_conv,0,-0.4,0.0,2.019484252929688,2.016673767089844,maxmonstre/eval/grid__combined__seed0__epoch_030__r32_G0__probes__f32.jsonl,recalibrated
resolution_max_b1_gaussian_conv,0,-0.4,0.025,2.0025916137695314,1.98566796875,maxmonstre/eval/grid__combined__seed0__epoch_030__r32_G0__probes__f32.jsonl,recalibrated
resolution_max_b1_gaussian_conv,0,-0.4,0.05,1.992855834960937,1.965234375,maxmonstre/eval/grid__combined__seed0__epoch_030__r32_G0__probes__f32.jsonl,recalibrated
resolution_max_b1_gaussian_conv,0,-0.4,0.075,1.988803588867188,1.9561307373046877,maxmonstre/eval/grid__combined__seed0__epoch_030__r32_G0__probes__f32.jsonl,recalibrated
resolution_max_b1_gaussian_conv,0,-0.4,0.1,1.9909912719726564,1.953336181640625,maxmonstre/eval/grid__combined__seed0__epoch_030__r32_G0__probes__f32.jsonl,recalibrated
resolution_max_b1_gaussian_conv,0,-0.4,0.125,1.999748413085937,1.959095703125,maxmonstre/eval/grid__combined__seed0__epoch_030__r32_G0__probes__f32.jsonl,recalibrated
resolution_max_b1_gaussian_conv,0,-0.4,0.15,2.015459289550781,1.971314392089844,maxmonstre/eval/grid__combined__seed0__epoch_030__r32_G0__probes__f32.jsonl,recalibrated
resolution_max_b1_gaussian_conv,0,-0.4,0.175,2.0321864013671878,1.9934984130859372,maxmonstre/eval/grid__combined__seed0__epoch_030__r32_G0__probes__f32.jsonl,recalibrated
resolution_max_b1_gaussian_conv,0,-0.4,0.2,2.0497972412109373,2.027602783203125,maxmonstre/eval/grid__combined__seed0__epoch_030__r32_G0__probes__f32.jsonl,recalibrated
resolution_max_b1_gaussian_conv,0,-0.4,0.225,2.071862548828125,2.066274658203125,maxmonstre/eval/grid__combined__seed0__epoch_030__r32_G0__probes__f32.jsonl,recalibrated
resolution_max_b1_gaussian_conv,0,-0.4,0.25,2.1004923095703125,2.106605285644531,maxmonstre/eval/grid__combined__seed0__epoch_030__r32_G0__probes__f32.jsonl,recalibrated
resolution_max_b1_gaussian_conv,0,-0.4,0.275,2.137404541015625,2.150584716796875,maxmonstre/eval/grid__combined__seed0__epoch_030__r32_G0__probes__f32.jsonl,recalibrated
resolution_max_b1_gaussian_conv,0,-0.4,0.3,2.1835631103515625,2.1985146484375,maxmonstre/eval/grid__combined__seed0__epoch_030__r32_G0__probes__f32.jsonl,recalibrated
resolution_max_b1_gaussian_conv,0,-0.4,0.325,2.235362548828125,2.24695947265625,maxmonstre/eval/grid__combined__seed0__epoch_030__r32_G0__probes__f32.jsonl,recalibrated
resolution_max_b1_gaussian_conv,0,-0.4,0.35,2.2958604736328123,2.30251611328125,maxmonstre/eval/grid__combined__seed0__epoch_030__r32_G0__probes__f32.jsonl,recalibrated
resolution_max_b1_gaussian_conv,0,-0.4,0.375,2.3611317138671875,2.3576396484375,maxmonstre/eval/grid__combined__seed0__epoch_030__r32_G0__probes__f32.jsonl,recalibrated
resolution_max_b1_gaussian_conv,0,-0.4,0.4,2.427045288085937,2.414726318359375,maxmonstre/eval/grid__combined__seed0__epoch_030__r32_G0__probes__f32.jsonl,recalibrated
resolution_max_b1_gaussian_conv,0,-0.4,0.425,2.490168212890625,2.4765751953125,maxmonstre/eval/grid__combined__seed0__epoch_030__r32_G0__probes__f32.jsonl,recalibrated
resolution_max_b1_gaussian_conv,0,-0.4,0.45,2.548297729492188,2.5365845947265626,maxmonstre/eval/grid__combined__seed0__epoch_030__r32_G0__probes__f32.jsonl,recalibrated
resolution_max_b1_gaussian_conv,0,-0.4,0.475,2.5995572509765625,2.588859375,maxmonstre/eval/grid__combined__seed0__epoch_030__r32_G0__probes__f32.jsonl,recalibrated
resolution_max_b1_gaussian_conv,0,-0.4,0.5,2.644531494140625,2.6383248291015624,maxmonstre/eval/grid__combined__seed0__epoch_030__r32_G0__probes__f32.jsonl,recalibrated
resolution_max_b1_gaussian_conv,0,-0.375,-0.5,3.548730712890625,3.654515380859375,maxmonstre/eval/grid__combined__seed0__epoch_030__r32_G0__probes__f32.jsonl,recalibrated
resolution_max_b1_gaussian_conv,0,-0.375,-0.475,3.4339918212890623,3.5416622314453123,maxmonstre/eval/grid__combined__seed0__epoch_030__r32_G0__probes__f32.jsonl,recalibrated
resolution_max_b1_gaussian_conv,0,-0.375,-0.45,3.3186370849609377,3.428047119140625,maxmonstre/eval/grid__combined__seed0__epoch_030__r32_G0__probes__f32.jsonl,recalibrated
resolution_max_b1_gaussian_conv,0,-0.375,-0.425,3.202292724609375,3.3089747314453124,maxmonstre/eval/grid__combined__seed0__epoch_030__r32_G0__probes__f32.jsonl,recalibrated
resolution_max_b1_gaussian_conv,0,-0.375,-0.4,3.086192626953125,3.19291455078125,maxmonstre/eval/grid__combined__seed0__epoch_030__r32_G0__probes__f32.jsonl,recalibrated
resolution_max_b1_gaussian_conv,0,-0.375,-0.375,2.9715611572265623,3.078853393554688,maxmonstre/eval/grid__combined__seed0__epoch_030__r32_G0__probes__f32.jsonl,recalibrated
resolution_max_b1_gaussian_conv,0,-0.375,-0.35,2.8584200439453125,2.967201904296875,maxmonstre/eval/grid__combined__seed0__epoch_030__r32_G0__probes__f32.jsonl,recalibrated
resolution_max_b1_gaussian_conv,0,-0.375,-0.325,2.750556884765625,2.853949462890625,maxmonstre/eval/grid__combined__seed0__epoch_030__r32_G0__probes__f32.jsonl,recalibrated
resolution_max_b1_gaussian_conv,0,-0.375,-0.3,2.649027587890625,2.7440826416015627,maxmonstre/eval/grid__combined__seed0__epoch_030__r32_G0__probes__f32.jsonl,recalibrated
resolution_max_b1_gaussian_conv,0,-0.375,-0.275,2.55231640625,2.64235107421875,maxmonstre/eval/grid__combined__seed0__epoch_030__r32_G0__probes__f32.jsonl,recalibrated
resolution_max_b1_gaussian_conv,0,-0.375,-0.25,2.461699096679688,2.54620068359375,maxmonstre/eval/grid__combined__seed0__epoch_030__r32_G0__probes__f32.jsonl,recalibrated
resolution_max_b1_gaussian_conv,0,-0.375,-0.225,2.3772734375,2.4501068115234377,maxmonstre/eval/grid__combined__seed0__epoch_030__r32_G0__probes__f32.jsonl,recalibrated
resolution_max_b1_gaussian_conv,0,-0.375,-0.2,2.29846044921875,2.3550390625,maxmonstre/eval/grid__combined__seed0__epoch_030__r32_G0__probes__f32.jsonl,recalibrated
resolution_max_b1_gaussian_conv,0,-0.375,-0.175,2.22187353515625,2.266874877929688,maxmonstre/eval/grid__combined__seed0__epoch_030__r32_G0__probes__f32.jsonl,recalibrated
resolution_max_b1_gaussian_conv,0,-0.375,-0.15,2.148869384765625,2.18470068359375,maxmonstre/eval/grid__combined__seed0__epoch_030__r32_G0__probes__f32.jsonl,recalibrated
resolution_max_b1_gaussian_conv,0,-0.375,-0.125,2.0817667236328123,2.1098497314453124,maxmonstre/eval/grid__combined__seed0__epoch_030__r32_G0__probes__f32.jsonl,recalibrated
resolution_max_b1_gaussian_conv,0,-0.375,-0.1,2.0200199584960936,2.044825439453125,maxmonstre/eval/grid__combined__seed0__epoch_030__r32_G0__probes__f32.jsonl,recalibrated
resolution_max_b1_gaussian_conv,0,-0.375,-0.075,1.96521484375,1.9838367919921875,maxmonstre/eval/grid__combined__seed0__epoch_030__r32_G0__probes__f32.jsonl,recalibrated
resolution_max_b1_gaussian_conv,0,-0.375,-0.05,1.917400146484375,1.929460693359375,maxmonstre/eval/grid__combined__seed0__epoch_030__r32_G0__probes__f32.jsonl,recalibrated
resolution_max_b1_gaussian_conv,0,-0.375,-0.025,1.881630615234375,1.8885034790039064,maxmonstre/eval/grid__combined__seed0__epoch_030__r32_G0__probes__f32.jsonl,recalibrated
resolution_max_b1_gaussian_conv,0,-0.375,0.0,1.8587317504882808,1.8574873657226565,maxmonstre/eval/grid__combined__seed0__epoch_030__r32_G0__probes__f32.jsonl,recalibrated
resolution_max_b1_gaussian_conv,0,-0.375,0.025,1.840033935546875,1.8329457397460935,maxmonstre/eval/grid__combined__seed0__epoch_030__r32_G0__probes__f32.jsonl,recalibrated
resolution_max_b1_gaussian_conv,0,-0.375,0.05,1.8269699096679688,1.815894592285156,maxmonstre/eval/grid__combined__seed0__epoch_030__r32_G0__probes__f32.jsonl,recalibrated
resolution_max_b1_gaussian_conv,0,-0.375,0.075,1.8243555908203124,1.806412353515625,maxmonstre/eval/grid__combined__seed0__epoch_030__r32_G0__probes__f32.jsonl,recalibrated
resolution_max_b1_gaussian_conv,0,-0.375,0.1,1.8319762573242184,1.80555224609375,maxmonstre/eval/grid__combined__seed0__epoch_030__r32_G0__probes__f32.jsonl,recalibrated
resolution_max_b1_gaussian_conv,0,-0.375,0.125,1.8447015991210935,1.817032958984375,maxmonstre/eval/grid__combined__seed0__epoch_030__r32_G0__probes__f32.jsonl,recalibrated
resolution_max_b1_gaussian_conv,0,-0.375,0.15,1.8630570068359376,1.836180603027344,maxmonstre/eval/grid__combined__seed0__epoch_030__r32_G0__probes__f32.jsonl,recalibrated
resolution_max_b1_gaussian_conv,0,-0.375,0.175,1.887464111328125,1.8683517456054688,maxmonstre/eval/grid__combined__seed0__epoch_030__r32_G0__probes__f32.jsonl,recalibrated
resolution_max_b1_gaussian_conv,0,-0.375,0.2,1.913684326171875,1.9108829345703124,maxmonstre/eval/grid__combined__seed0__epoch_030__r32_G0__probes__f32.jsonl,recalibrated
resolution_max_b1_gaussian_conv,0,-0.375,0.225,1.944195251464844,1.9563828735351565,maxmonstre/eval/grid__combined__seed0__epoch_030__r32_G0__probes__f32.jsonl,recalibrated
resolution_max_b1_gaussian_conv,0,-0.375,0.25,1.9798997192382808,2.000626281738281,maxmonstre/eval/grid__combined__seed0__epoch_030__r32_G0__probes__f32.jsonl,recalibrated
resolution_max_b1_gaussian_conv,0,-0.375,0.275,2.023240478515625,2.048951049804688,maxmonstre/eval/grid__combined__seed0__epoch_030__r32_G0__probes__f32.jsonl,recalibrated
resolution_max_b1_gaussian_conv,0,-0.375,0.3,2.07962841796875,2.102138671875,maxmonstre/eval/grid__combined__seed0__epoch_030__r32_G0__probes__f32.jsonl,recalibrated
resolution_max_b1_gaussian_conv,0,-0.375,0.325,2.140830932617188,2.161705810546875,maxmonstre/eval/grid__combined__seed0__epoch_030__r32_G0__probes__f32.jsonl,recalibrated
resolution_max_b1_gaussian_conv,0,-0.375,0.35,2.208972412109375,2.2244947509765627,maxmonstre/eval/grid__combined__seed0__epoch_030__r32_G0__probes__f32.jsonl,recalibrated
resolution_max_b1_gaussian_conv,0,-0.375,0.375,2.2828626708984374,2.2875650634765625,maxmonstre/eval/grid__combined__seed0__epoch_030__r32_G0__probes__f32.jsonl,recalibrated
resolution_max_b1_gaussian_conv,0,-0.375,0.4,2.358283447265625,2.3561357421875,maxmonstre/eval/grid__combined__seed0__epoch_030__r32_G0__probes__f32.jsonl,recalibrated
resolution_max_b1_gaussian_conv,0,-0.375,0.425,2.43152978515625,2.425724853515625,maxmonstre/eval/grid__combined__seed0__epoch_030__r32_G0__probes__f32.jsonl,recalibrated
resolution_max_b1_gaussian_conv,0,-0.375,0.45,2.4988360595703125,2.492144409179688,maxmonstre/eval/grid__combined__seed0__epoch_030__r32_G0__probes__f32.jsonl,recalibrated
resolution_max_b1_gaussian_conv,0,-0.375,0.475,2.556701904296875,2.5500416259765624,maxmonstre/eval/grid__combined__seed0__epoch_030__r32_G0__probes__f32.jsonl,recalibrated
resolution_max_b1_gaussian_conv,0,-0.375,0.5,2.605351440429688,2.604681884765625,maxmonstre/eval/grid__combined__seed0__epoch_030__r32_G0__probes__f32.jsonl,recalibrated
resolution_max_b1_gaussian_conv,0,-0.35,-0.5,3.45344873046875,3.5779537353515627,maxmonstre/eval/grid__combined__seed0__epoch_030__r32_G0__probes__f32.jsonl,recalibrated
resolution_max_b1_gaussian_conv,0,-0.35,-0.475,3.3318734130859373,3.455185546875,maxmonstre/eval/grid__combined__seed0__epoch_030__r32_G0__probes__f32.jsonl,recalibrated
resolution_max_b1_gaussian_conv,0,-0.35,-0.45,3.2076702880859376,3.332218994140625,maxmonstre/eval/grid__combined__seed0__epoch_030__r32_G0__probes__f32.jsonl,recalibrated
resolution_max_b1_gaussian_conv,0,-0.35,-0.425,3.08717138671875,3.2059710693359373,maxmonstre/eval/grid__combined__seed0__epoch_030__r32_G0__probes__f32.jsonl,recalibrated
resolution_max_b1_gaussian_conv,0,-0.35,-0.4,2.96580712890625,3.0812154541015624,maxmonstre/eval/grid__combined__seed0__epoch_030__r32_G0__probes__f32.jsonl,recalibrated
resolution_max_b1_gaussian_conv,0,-0.35,-0.375,2.843853515625,2.9591788330078126,maxmonstre/eval/grid__combined__seed0__epoch_030__r32_G0__probes__f32.jsonl,recalibrated
resolution_max_b1_gaussian_conv,0,-0.35,-0.35,2.7232091064453123,2.84146484375,maxmonstre/eval/grid__combined__seed0__epoch_030__r32_G0__probes__f32.jsonl,recalibrated
resolution_max_b1_gaussian_conv,0,-0.35,-0.325,2.606899169921875,2.722442626953125,maxmonstre/eval/grid__combined__seed0__epoch_030__r32_G0__probes__f32.jsonl,recalibrated
resolution_max_b1_gaussian_conv,0,-0.35,-0.3,2.495938354492188,2.60672216796875,maxmonstre/eval/grid__combined__seed0__epoch_030__r32_G0__probes__f32.jsonl,recalibrated
resolution_max_b1_gaussian_conv,0,-0.35,-0.275,2.388888427734375,2.4987054443359376,maxmonstre/eval/grid__combined__seed0__epoch_030__r32_G0__probes__f32.jsonl,recalibrated
resolution_max_b1_gaussian_conv,0,-0.35,-0.25,2.291702880859375,2.3941754150390624,maxmonstre/eval/grid__combined__seed0__epoch_030__r32_G0__probes__f32.jsonl,recalibrated
resolution_max_b1_gaussian_conv,0,-0.35,-0.225,2.201744140625,2.29310302734375,maxmonstre/eval/grid__combined__seed0__epoch_030__r32_G0__probes__f32.jsonl,recalibrated
resolution_max_b1_gaussian_conv,0,-0.35,-0.2,2.119935546875,2.195461669921875,maxmonstre/eval/grid__combined__seed0__epoch_030__r32_G0__probes__f32.jsonl,recalibrated
resolution_max_b1_gaussian_conv,0,-0.35,-0.175,2.0458297119140627,2.1030562744140626,maxmonstre/eval/grid__combined__seed0__epoch_030__r32_G0__probes__f32.jsonl,recalibrated
resolution_max_b1_gaussian_conv,0,-0.35,-0.15,1.9755454711914064,2.0164072875976564,maxmonstre/eval/grid__combined__seed0__epoch_030__r32_G0__probes__f32.jsonl,recalibrated
resolution_max_b1_gaussian_conv,0,-0.35,-0.125,1.9093385620117187,1.9399146118164063,maxmonstre/eval/grid__combined__seed0__epoch_030__r32_G0__probes__f32.jsonl,recalibrated
resolution_max_b1_gaussian_conv,0,-0.35,-0.1,1.8500924072265623,1.8740972900390624,maxmonstre/eval/grid__combined__seed0__epoch_030__r32_G0__probes__f32.jsonl,recalibrated
resolution_max_b1_gaussian_conv,0,-0.35,-0.075,1.7961536254882813,1.8171412963867188,maxmonstre/eval/grid__combined__seed0__epoch_030__r32_G0__probes__f32.jsonl,recalibrated
resolution_max_b1_gaussian_conv,0,-0.35,-0.05,1.7510409545898438,1.765415283203125,maxmonstre/eval/grid__combined__seed0__epoch_030__r32_G0__probes__f32.jsonl,recalibrated
resolution_max_b1_gaussian_conv,0,-0.35,-0.025,1.7193164672851562,1.7242329711914062,maxmonstre/eval/grid__combined__seed0__epoch_030__r32_G0__probes__f32.jsonl,recalibrated
resolution_max_b1_gaussian_conv,0,-0.35,0.0,1.6961491088867189,1.696349609375,maxmonstre/eval/grid__combined__seed0__epoch_030__r32_G0__probes__f32.jsonl,recalibrated
resolution_max_b1_gaussian_conv,0,-0.35,0.025,1.676879638671875,1.6795863037109375,maxmonstre/eval/grid__combined__seed0__epoch_030__r32_G0__probes__f32.jsonl,recalibrated
resolution_max_b1_gaussian_conv,0,-0.35,0.05,1.6612987060546875,1.6678904418945313,maxmonstre/eval/grid__combined__seed0__epoch_030__r32_G0__probes__f32.jsonl,recalibrated
resolution_max_b1_gaussian_conv,0,-0.35,0.075,1.6591238403320312,1.6596566162109374,maxmonstre/eval/grid__combined__seed0__epoch_030__r32_G0__probes__f32.jsonl,recalibrated
resolution_max_b1_gaussian_conv,0,-0.35,0.1,1.6676449584960935,1.6621747436523435,maxmonstre/eval/grid__combined__seed0__epoch_030__r32_G0__probes__f32.jsonl,recalibrated
resolution_max_b1_gaussian_conv,0,-0.35,0.125,1.6840641479492189,1.677317626953125,maxmonstre/eval/grid__combined__seed0__epoch_030__r32_G0__probes__f32.jsonl,recalibrated
resolution_max_b1_gaussian_conv,0,-0.35,0.15,1.706129333496094,1.7029873046875,maxmonstre/eval/grid__combined__seed0__epoch_030__r32_G0__probes__f32.jsonl,recalibrated
resolution_max_b1_gaussian_conv,0,-0.35,0.175,1.7348314819335937,1.740995361328125,maxmonstre/eval/grid__combined__seed0__epoch_030__r32_G0__probes__f32.jsonl,recalibrated
resolution_max_b1_gaussian_conv,0,-0.35,0.2,1.7674561767578123,1.7875695190429688,maxmonstre/eval/grid__combined__seed0__epoch_030__r32_G0__probes__f32.jsonl,recalibrated
resolution_max_b1_gaussian_conv,0,-0.35,0.225,1.8088138427734373,1.838106384277344,maxmonstre/eval/grid__combined__seed0__epoch_030__r32_G0__probes__f32.jsonl,recalibrated
resolution_max_b1_gaussian_conv,0,-0.35,0.25,1.8544041137695315,1.8871588745117187,maxmonstre/eval/grid__combined__seed0__epoch_030__r32_G0__probes__f32.jsonl,recalibrated
resolution_max_b1_gaussian_conv,0,-0.35,0.275,1.9084658203125,1.9403377685546876,maxmonstre/eval/grid__combined__seed0__epoch_030__r32_G0__probes__f32.jsonl,recalibrated
resolution_max_b1_gaussian_conv,0,-0.35,0.3,1.972874267578125,2.000881591796875,maxmonstre/eval/grid__combined__seed0__epoch_030__r32_G0__probes__f32.jsonl,recalibrated
resolution_max_b1_gaussian_conv,0,-0.35,0.325,2.0419744262695314,2.0672205810546878,maxmonstre/eval/grid__combined__seed0__epoch_030__r32_G0__probes__f32.jsonl,recalibrated
resolution_max_b1_gaussian_conv,0,-0.35,0.35,2.1174990234375,2.1389644775390626,maxmonstre/eval/grid__combined__seed0__epoch_030__r32_G0__probes__f32.jsonl,recalibrated
resolution_max_b1_gaussian_conv,0,-0.35,0.375,2.2027130126953125,2.2162086181640626,maxmonstre/eval/grid__combined__seed0__epoch_030__r32_G0__probes__f32.jsonl,recalibrated
resolution_max_b1_gaussian_conv,0,-0.35,0.4,2.2854595947265626,2.293787353515625,maxmonstre/eval/grid__combined__seed0__epoch_030__r32_G0__probes__f32.jsonl,recalibrated
resolution_max_b1_gaussian_conv,0,-0.35,0.425,2.36655908203125,2.371604736328125,maxmonstre/eval/grid__combined__seed0__epoch_030__r32_G0__probes__f32.jsonl,recalibrated
resolution_max_b1_gaussian_conv,0,-0.35,0.45,2.442656127929688,2.4457393798828124,maxmonstre/eval/grid__combined__seed0__epoch_030__r32_G0__probes__f32.jsonl,recalibrated
resolution_max_b1_gaussian_conv,0,-0.35,0.475,2.508102783203125,2.51351318359375,maxmonstre/eval/grid__combined__seed0__epoch_030__r32_G0__probes__f32.jsonl,recalibrated
resolution_max_b1_gaussian_conv,0,-0.35,0.5,2.56290625,2.5751226806640624,maxmonstre/eval/grid__combined__seed0__epoch_030__r32_G0__probes__f32.jsonl,recalibrated
resolution_max_b1_gaussian_conv,0,-0.325,-0.5,3.36403369140625,3.50818603515625,maxmonstre/eval/grid__combined__seed0__epoch_030__r32_G0__probes__f32.jsonl,recalibrated
resolution_max_b1_gaussian_conv,0,-0.325,-0.475,3.23197314453125,3.375262451171875,maxmonstre/eval/grid__combined__seed0__epoch_030__r32_G0__probes__f32.jsonl,recalibrated
resolution_max_b1_gaussian_conv,0,-0.325,-0.45,3.0991439208984377,3.2423692626953127,maxmonstre/eval/grid__combined__seed0__epoch_030__r32_G0__probes__f32.jsonl,recalibrated
resolution_max_b1_gaussian_conv,0,-0.325,-0.425,2.97026318359375,3.1072412109375,maxmonstre/eval/grid__combined__seed0__epoch_030__r32_G0__probes__f32.jsonl,recalibrated
resolution_max_b1_gaussian_conv,0,-0.325,-0.4,2.8432607421875,2.9734368896484376,maxmonstre/eval/grid__combined__seed0__epoch_030__r32_G0__probes__f32.jsonl,recalibrated
resolution_max_b1_gaussian_conv,0,-0.325,-0.375,2.714287109375,2.8407774658203127,maxmonstre/eval/grid__combined__seed0__epoch_030__r32_G0__probes__f32.jsonl,recalibrated
resolution_max_b1_gaussian_conv,0,-0.325,-0.35,2.588622314453125,2.714506713867188,maxmonstre/eval/grid__combined__seed0__epoch_030__r32_G0__probes__f32.jsonl,recalibrated
resolution_max_b1_gaussian_conv,0,-0.325,-0.325,2.464837890625,2.5905045166015626,maxmonstre/eval/grid__combined__seed0__epoch_030__r32_G0__probes__f32.jsonl,recalibrated
resolution_max_b1_gaussian_conv,0,-0.325,-0.3,2.3437130126953125,2.469904541015625,maxmonstre/eval/grid__combined__seed0__epoch_030__r32_G0__probes__f32.jsonl,recalibrated
resolution_max_b1_gaussian_conv,0,-0.325,-0.275,2.2299296875,2.3544967041015625,maxmonstre/eval/grid__combined__seed0__epoch_030__r32_G0__probes__f32.jsonl,recalibrated
resolution_max_b1_gaussian_conv,0,-0.325,-0.25,2.1248089599609377,2.2419718017578125,maxmonstre/eval/grid__combined__seed0__epoch_030__r32_G0__probes__f32.jsonl,recalibrated
resolution_max_b1_gaussian_conv,0,-0.325,-0.225,2.0292642822265625,2.1348876953125,maxmonstre/eval/grid__combined__seed0__epoch_030__r32_G0__probes__f32.jsonl,recalibrated
resolution_max_b1_gaussian_conv,0,-0.325,-0.2,1.9449599609375,2.0315325927734373,maxmonstre/eval/grid__combined__seed0__epoch_030__r32_G0__probes__f32.jsonl,recalibrated
resolution_max_b1_gaussian_conv,0,-0.325,-0.175,1.86991455078125,1.93477978515625,maxmonstre/eval/grid__combined__seed0__epoch_030__r32_G0__probes__f32.jsonl,recalibrated
resolution_max_b1_gaussian_conv,0,-0.325,-0.15,1.8001038818359374,1.8449104614257807,maxmonstre/eval/grid__combined__seed0__epoch_030__r32_G0__probes__f32.jsonl,recalibrated
resolution_max_b1_gaussian_conv,0,-0.325,-0.125,1.7356260986328125,1.7691131591796876,maxmonstre/eval/grid__combined__seed0__epoch_030__r32_G0__probes__f32.jsonl,recalibrated
resolution_max_b1_gaussian_conv,0,-0.325,-0.1,1.6788814086914063,1.70446923828125,maxmonstre/eval/grid__combined__seed0__epoch_030__r32_G0__probes__f32.jsonl,recalibrated
resolution_max_b1_gaussian_conv,0,-0.325,-0.075,1.6264385986328125,1.6486375122070311,maxmonstre/eval/grid__combined__seed0__epoch_030__r32_G0__probes__f32.jsonl,recalibrated
resolution_max_b1_gaussian_conv,0,-0.325,-0.05,1.58335888671875,1.5994014282226563,maxmonstre/eval/grid__combined__seed0__epoch_030__r32_G0__probes__f32.jsonl,recalibrated
resolution_max_b1_gaussian_conv,0,-0.325,-0.025,1.5512117919921875,1.56161279296875,maxmonstre/eval/grid__combined__seed0__epoch_030__r32_G0__probes__f32.jsonl,recalibrated
resolution_max_b1_gaussian_conv,0,-0.325,0.0,1.5279244384765625,1.5391322021484375,maxmonstre/eval/grid__combined__seed0__epoch_030__r32_G0__probes__f32.jsonl,recalibrated
resolution_max_b1_gaussian_conv,0,-0.325,0.025,1.5126663208007811,1.5259952392578124,maxmonstre/eval/grid__combined__seed0__epoch_030__r32_G0__probes__f32.jsonl,recalibrated
resolution_max_b1_gaussian_conv,0,-0.325,0.05,1.4988720092773438,1.5198546142578124,maxmonstre/eval/grid__combined__seed0__epoch_030__r32_G0__probes__f32.jsonl,recalibrated
resolution_max_b1_gaussian_conv,0,-0.325,0.075,1.494924621582031,1.5201176147460935,maxmonstre/eval/grid__combined__seed0__epoch_030__r32_G0__probes__f32.jsonl,recalibrated
resolution_max_b1_gaussian_conv,0,-0.325,0.1,1.501455810546875,1.5262974243164062,maxmonstre/eval/grid__combined__seed0__epoch_030__r32_G0__probes__f32.jsonl,recalibrated
resolution_max_b1_gaussian_conv,0,-0.325,0.125,1.5214127807617188,1.5423229370117189,maxmonstre/eval/grid__combined__seed0__epoch_030__r32_G0__probes__f32.jsonl,recalibrated
resolution_max_b1_gaussian_conv,0,-0.325,0.15,1.54927197265625,1.5697501220703125,maxmonstre/eval/grid__combined__seed0__epoch_030__r32_G0__probes__f32.jsonl,recalibrated
resolution_max_b1_gaussian_conv,0,-0.325,0.175,1.5831737670898438,1.6077589111328126,maxmonstre/eval/grid__combined__seed0__epoch_030__r32_G0__probes__f32.jsonl,recalibrated
resolution_max_b1_gaussian_conv,0,-0.325,0.2,1.6208070068359377,1.65591064453125,maxmonstre/eval/grid__combined__seed0__epoch_030__r32_G0__probes__f32.jsonl,recalibrated
resolution_max_b1_gaussian_conv,0,-0.325,0.225,1.670832458496094,1.7114609985351563,maxmonstre/eval/grid__combined__seed0__epoch_030__r32_G0__probes__f32.jsonl,recalibrated
resolution_max_b1_gaussian_conv,0,-0.325,0.25,1.7272293701171877,1.7690594482421875,maxmonstre/eval/grid__combined__seed0__epoch_030__r32_G0__probes__f32.jsonl,recalibrated
resolution_max_b1_gaussian_conv,0,-0.325,0.275,1.7916871337890623,1.8289126586914064,maxmonstre/eval/grid__combined__seed0__epoch_030__r32_G0__probes__f32.jsonl,recalibrated
resolution_max_b1_gaussian_conv,0,-0.325,0.3,1.8652116088867188,1.893939453125,maxmonstre/eval/grid__combined__seed0__epoch_030__r32_G0__probes__f32.jsonl,recalibrated
resolution_max_b1_gaussian_conv,0,-0.325,0.325,1.944424072265625,1.966584838867188,maxmonstre/eval/grid__combined__seed0__epoch_030__r32_G0__probes__f32.jsonl,recalibrated
resolution_max_b1_gaussian_conv,0,-0.325,0.35,2.029861572265625,2.047044616699219,maxmonstre/eval/grid__combined__seed0__epoch_030__r32_G0__probes__f32.jsonl,recalibrated
resolution_max_b1_gaussian_conv,0,-0.325,0.375,2.12089111328125,2.13626708984375,maxmonstre/eval/grid__combined__seed0__epoch_030__r32_G0__probes__f32.jsonl,recalibrated
resolution_max_b1_gaussian_conv,0,-0.325,0.4,2.214018310546875,2.2274947509765624,maxmonstre/eval/grid__combined__seed0__epoch_030__r32_G0__probes__f32.jsonl,recalibrated
resolution_max_b1_gaussian_conv,0,-0.325,0.425,2.30287451171875,2.316811279296875,maxmonstre/eval/grid__combined__seed0__epoch_030__r32_G0__probes__f32.jsonl,recalibrated
resolution_max_b1_gaussian_conv,0,-0.325,0.45,2.3854814453125,2.403452392578125,maxmonstre/eval/grid__combined__seed0__epoch_030__r32_G0__probes__f32.jsonl,recalibrated
resolution_max_b1_gaussian_conv,0,-0.325,0.475,2.4564066162109377,2.481710205078125,maxmonstre/eval/grid__combined__seed0__epoch_030__r32_G0__probes__f32.jsonl,recalibrated
resolution_max_b1_gaussian_conv,0,-0.325,0.5,2.518615234375,2.550507080078125,maxmonstre/eval/grid__combined__seed0__epoch_030__r32_G0__probes__f32.jsonl,recalibrated
resolution_max_b1_gaussian_conv,0,-0.3,-0.5,3.286338745117188,3.437075439453125,maxmonstre/eval/grid__combined__seed0__epoch_030__r32_G0__probes__f32.jsonl,recalibrated
resolution_max_b1_gaussian_conv,0,-0.3,-0.475,3.145588134765625,3.296353515625,maxmonstre/eval/grid__combined__seed0__epoch_030__r32_G0__probes__f32.jsonl,recalibrated
resolution_max_b1_gaussian_conv,0,-0.3,-0.45,3.002613525390625,3.1535986328125,maxmonstre/eval/grid__combined__seed0__epoch_030__r32_G0__probes__f32.jsonl,recalibrated
resolution_max_b1_gaussian_conv,0,-0.3,-0.425,2.8643673095703126,3.0076578369140625,maxmonstre/eval/grid__combined__seed0__epoch_030__r32_G0__probes__f32.jsonl,recalibrated
resolution_max_b1_gaussian_conv,0,-0.3,-0.4,2.7275654296875,2.8633175048828123,maxmonstre/eval/grid__combined__seed0__epoch_030__r32_G0__probes__f32.jsonl,recalibrated
resolution_max_b1_gaussian_conv,0,-0.3,-0.375,2.5901270751953125,2.722436767578125,maxmonstre/eval/grid__combined__seed0__epoch_030__r32_G0__probes__f32.jsonl,recalibrated
resolution_max_b1_gaussian_conv,0,-0.3,-0.35,2.456740234375,2.5872060546875,maxmonstre/eval/grid__combined__seed0__epoch_030__r32_G0__probes__f32.jsonl,recalibrated
resolution_max_b1_gaussian_conv,0,-0.3,-0.325,2.3261416015625,2.455468017578125,maxmonstre/eval/grid__combined__seed0__epoch_030__r32_G0__probes__f32.jsonl,recalibrated
resolution_max_b1_gaussian_conv,0,-0.3,-0.3,2.199131103515625,2.328829833984375,maxmonstre/eval/grid__combined__seed0__epoch_030__r32_G0__probes__f32.jsonl,recalibrated
resolution_max_b1_gaussian_conv,0,-0.3,-0.275,2.0793709716796878,2.2056148681640626,maxmonstre/eval/grid__combined__seed0__epoch_030__r32_G0__probes__f32.jsonl,recalibrated
resolution_max_b1_gaussian_conv,0,-0.3,-0.25,1.9685739135742188,2.0867017211914063,maxmonstre/eval/grid__combined__seed0__epoch_030__r32_G0__probes__f32.jsonl,recalibrated
resolution_max_b1_gaussian_conv,0,-0.3,-0.225,1.8667583618164063,1.972621154785156,maxmonstre/eval/grid__combined__seed0__epoch_030__r32_G0__probes__f32.jsonl,recalibrated
resolution_max_b1_gaussian_conv,0,-0.3,-0.2,1.7792353515625,1.866258056640625,maxmonstre/eval/grid__combined__seed0__epoch_030__r32_G0__probes__f32.jsonl,recalibrated
resolution_max_b1_gaussian_conv,0,-0.3,-0.175,1.69949755859375,1.7666941528320312,maxmonstre/eval/grid__combined__seed0__epoch_030__r32_G0__probes__f32.jsonl,recalibrated
resolution_max_b1_gaussian_conv,0,-0.3,-0.15,1.6271654663085937,1.679300048828125,maxmonstre/eval/grid__combined__seed0__epoch_030__r32_G0__probes__f32.jsonl,recalibrated
resolution_max_b1_gaussian_conv,0,-0.3,-0.125,1.5631841430664062,1.6038770751953124,maxmonstre/eval/grid__combined__seed0__epoch_030__r32_G0__probes__f32.jsonl,recalibrated
resolution_max_b1_gaussian_conv,0,-0.3,-0.1,1.5084537353515626,1.5411753540039062,maxmonstre/eval/grid__combined__seed0__epoch_030__r32_G0__probes__f32.jsonl,recalibrated
resolution_max_b1_gaussian_conv,0,-0.3,-0.075,1.4594595947265625,1.488859619140625,maxmonstre/eval/grid__combined__seed0__epoch_030__r32_G0__probes__f32.jsonl,recalibrated
resolution_max_b1_gaussian_conv,0,-0.3,-0.05,1.417002197265625,1.4444900512695311,maxmonstre/eval/grid__combined__seed0__epoch_030__r32_G0__probes__f32.jsonl,recalibrated
resolution_max_b1_gaussian_conv,0,-0.3,-0.025,1.383316650390625,1.4077587280273438,maxmonstre/eval/grid__combined__seed0__epoch_030__r32_G0__probes__f32.jsonl,recalibrated
resolution_max_b1_gaussian_conv,0,-0.3,0.0,1.3582003173828123,1.387277160644531,maxmonstre/eval/grid__combined__seed0__epoch_030__r32_G0__probes__f32.jsonl,recalibrated
resolution_max_b1_gaussian_conv,0,-0.3,0.025,1.3469586181640625,1.3792051391601563,maxmonstre/eval/grid__combined__seed0__epoch_030__r32_G0__probes__f32.jsonl,recalibrated
resolution_max_b1_gaussian_conv,0,-0.3,0.05,1.3370064086914062,1.383701904296875,maxmonstre/eval/grid__combined__seed0__epoch_030__r32_G0__probes__f32.jsonl,recalibrated
resolution_max_b1_gaussian_conv,0,-0.3,0.075,1.3321166381835938,1.392248779296875,maxmonstre/eval/grid__combined__seed0__epoch_030__r32_G0__probes__f32.jsonl,recalibrated
resolution_max_b1_gaussian_conv,0,-0.3,0.1,1.3395794677734374,1.4010231323242188,maxmonstre/eval/grid__combined__seed0__epoch_030__r32_G0__probes__f32.jsonl,recalibrated
resolution_max_b1_gaussian_conv,0,-0.3,0.125,1.3609801025390624,1.4165867919921875,maxmonstre/eval/grid__combined__seed0__epoch_030__r32_G0__probes__f32.jsonl,recalibrated
resolution_max_b1_gaussian_conv,0,-0.3,0.15,1.392920715332031,1.4427189331054688,maxmonstre/eval/grid__combined__seed0__epoch_030__r32_G0__probes__f32.jsonl,recalibrated
resolution_max_b1_gaussian_conv,0,-0.3,0.175,1.4329790649414065,1.4801768798828123,maxmonstre/eval/grid__combined__seed0__epoch_030__r32_G0__probes__f32.jsonl,recalibrated
resolution_max_b1_gaussian_conv,0,-0.3,0.2,1.4792151489257812,1.5290462646484375,maxmonstre/eval/grid__combined__seed0__epoch_030__r32_G0__probes__f32.jsonl,recalibrated
resolution_max_b1_gaussian_conv,0,-0.3,0.225,1.53455615234375,1.5868772583007813,maxmonstre/eval/grid__combined__seed0__epoch_030__r32_G0__probes__f32.jsonl,recalibrated
resolution_max_b1_gaussian_conv,0,-0.3,0.25,1.601328369140625,1.6499158325195311,maxmonstre/eval/grid__combined__seed0__epoch_030__r32_G0__probes__f32.jsonl,recalibrated
resolution_max_b1_gaussian_conv,0,-0.3,0.275,1.6742754516601563,1.71531689453125,maxmonstre/eval/grid__combined__seed0__epoch_030__r32_G0__probes__f32.jsonl,recalibrated
resolution_max_b1_gaussian_conv,0,-0.3,0.3,1.7569354248046876,1.78677685546875,maxmonstre/eval/grid__combined__seed0__epoch_030__r32_G0__probes__f32.jsonl,recalibrated
resolution_max_b1_gaussian_conv,0,-0.3,0.325,1.8486505126953128,1.8671310424804688,maxmonstre/eval/grid__combined__seed0__epoch_030__r32_G0__probes__f32.jsonl,recalibrated
resolution_max_b1_gaussian_conv,0,-0.3,0.35,1.9457838745117189,1.9593662719726563,maxmonstre/eval/grid__combined__seed0__epoch_030__r32_G0__probes__f32.jsonl,recalibrated
resolution_max_b1_gaussian_conv,0,-0.3,0.375,2.04798876953125,2.0617785034179685,maxmonstre/eval/grid__combined__seed0__epoch_030__r32_G0__probes__f32.jsonl,recalibrated
resolution_max_b1_gaussian_conv,0,-0.3,0.4,2.1489552001953127,2.1633746337890627,maxmonstre/eval/grid__combined__seed0__epoch_030__r32_G0__probes__f32.jsonl,recalibrated
resolution_max_b1_gaussian_conv,0,-0.3,0.425,2.243560791015625,2.262494873046875,maxmonstre/eval/grid__combined__seed0__epoch_030__r32_G0__probes__f32.jsonl,recalibrated
resolution_max_b1_gaussian_conv,0,-0.3,0.45,2.32964697265625,2.35778271484375,maxmonstre/eval/grid__combined__seed0__epoch_030__r32_G0__probes__f32.jsonl,recalibrated
resolution_max_b1_gaussian_conv,0,-0.3,0.475,2.4058829345703123,2.4432110595703125,maxmonstre/eval/grid__combined__seed0__epoch_030__r32_G0__probes__f32.jsonl,recalibrated
resolution_max_b1_gaussian_conv,0,-0.3,0.5,2.4725345458984376,2.51834765625,maxmonstre/eval/grid__combined__seed0__epoch_030__r32_G0__probes__f32.jsonl,recalibrated
resolution_max_b1_gaussian_conv,0,-0.275,-0.5,3.22047119140625,3.364417602539062,maxmonstre/eval/grid__combined__seed0__epoch_030__r32_G0__probes__f32.jsonl,recalibrated
resolution_max_b1_gaussian_conv,0,-0.275,-0.475,3.072144287109375,3.2195264892578126,maxmonstre/eval/grid__combined__seed0__epoch_030__r32_G0__probes__f32.jsonl,recalibrated
resolution_max_b1_gaussian_conv,0,-0.275,-0.45,2.919700927734375,3.068735229492188,maxmonstre/eval/grid__combined__seed0__epoch_030__r32_G0__probes__f32.jsonl,recalibrated
resolution_max_b1_gaussian_conv,0,-0.275,-0.425,2.7692529296875,2.91382421875,maxmonstre/eval/grid__combined__seed0__epoch_030__r32_G0__probes__f32.jsonl,recalibrated
resolution_max_b1_gaussian_conv,0,-0.275,-0.4,2.622741943359375,2.7600855712890624,maxmonstre/eval/grid__combined__seed0__epoch_030__r32_G0__probes__f32.jsonl,recalibrated
resolution_max_b1_gaussian_conv,0,-0.275,-0.375,2.4761080322265623,2.6086539306640626,maxmonstre/eval/grid__combined__seed0__epoch_030__r32_G0__probes__f32.jsonl,recalibrated
resolution_max_b1_gaussian_conv,0,-0.275,-0.35,2.334961791992188,2.4625257568359373,maxmonstre/eval/grid__combined__seed0__epoch_030__r32_G0__probes__f32.jsonl,recalibrated
resolution_max_b1_gaussian_conv,0,-0.275,-0.325,2.1986905517578124,2.319585205078125,maxmonstre/eval/grid__combined__seed0__epoch_030__r32_G0__probes__f32.jsonl,recalibrated
resolution_max_b1_gaussian_conv,0,-0.275,-0.3,2.066079956054688,2.18438427734375,maxmonstre/eval/grid__combined__seed0__epoch_030__r32_G0__probes__f32.jsonl,recalibrated
resolution_max_b1_gaussian_conv,0,-0.275,-0.275,1.937826904296875,2.05541015625,maxmonstre/eval/grid__combined__seed0__epoch_030__r32_G0__probes__f32.jsonl,recalibrated
resolution_max_b1_gaussian_conv,0,-0.275,-0.25,1.8207005004882808,1.9321961669921877,maxmonstre/eval/grid__combined__seed0__epoch_030__r32_G0__probes__f32.jsonl,recalibrated
resolution_max_b1_gaussian_conv,0,-0.275,-0.225,1.7157012329101562,1.8160238037109373,maxmonstre/eval/grid__combined__seed0__epoch_030__r32_G0__probes__f32.jsonl,recalibrated
resolution_max_b1_gaussian_conv,0,-0.275,-0.2,1.62091552734375,1.70558984375,maxmonstre/eval/grid__combined__seed0__epoch_030__r32_G0__probes__f32.jsonl,recalibrated
resolution_max_b1_gaussian_conv,0,-0.275,-0.175,1.53778369140625,1.6058539428710938,maxmonstre/eval/grid__combined__seed0__epoch_030__r32_G0__probes__f32.jsonl,recalibrated
resolution_max_b1_gaussian_conv,0,-0.275,-0.15,1.4631259765625,1.52009814453125,maxmonstre/eval/grid__combined__seed0__epoch_030__r32_G0__probes__f32.jsonl,recalibrated
resolution_max_b1_gaussian_conv,0,-0.275,-0.125,1.3973698120117188,1.4477742919921874,maxmonstre/eval/grid__combined__seed0__epoch_030__r32_G0__probes__f32.jsonl,recalibrated
resolution_max_b1_gaussian_conv,0,-0.275,-0.1,1.341728271484375,1.38674755859375,maxmonstre/eval/grid__combined__seed0__epoch_030__r32_G0__probes__f32.jsonl,recalibrated
resolution_max_b1_gaussian_conv,0,-0.275,-0.075,1.2946542358398438,1.3382138061523436,maxmonstre/eval/grid__combined__seed0__epoch_030__r32_G0__probes__f32.jsonl,recalibrated
resolution_max_b1_gaussian_conv,0,-0.275,-0.05,1.2532061767578124,1.2980634765625,maxmonstre/eval/grid__combined__seed0__epoch_030__r32_G0__probes__f32.jsonl,recalibrated
resolution_max_b1_gaussian_conv,0,-0.275,-0.025,1.2195172729492187,1.2670362548828125,maxmonstre/eval/grid__combined__seed0__epoch_030__r32_G0__probes__f32.jsonl,recalibrated
resolution_max_b1_gaussian_conv,0,-0.275,0.0,1.195583251953125,1.24800537109375,maxmonstre/eval/grid__combined__seed0__epoch_030__r32_G0__probes__f32.jsonl,recalibrated
resolution_max_b1_gaussian_conv,0,-0.275,0.025,1.1844263916015625,1.2442037353515625,maxmonstre/eval/grid__combined__seed0__epoch_030__r32_G0__probes__f32.jsonl,recalibrated
resolution_max_b1_gaussian_conv,0,-0.275,0.05,1.1768541259765626,1.251303955078125,maxmonstre/eval/grid__combined__seed0__epoch_030__r32_G0__probes__f32.jsonl,recalibrated
resolution_max_b1_gaussian_conv,0,-0.275,0.075,1.1773395385742187,1.2632894897460938,maxmonstre/eval/grid__combined__seed0__epoch_030__r32_G0__probes__f32.jsonl,recalibrated
resolution_max_b1_gaussian_conv,0,-0.275,0.1,1.1884047241210938,1.2784413452148438,maxmonstre/eval/grid__combined__seed0__epoch_030__r32_G0__probes__f32.jsonl,recalibrated
resolution_max_b1_gaussian_conv,0,-0.275,0.125,1.21220703125,1.295463623046875,maxmonstre/eval/grid__combined__seed0__epoch_030__r32_G0__probes__f32.jsonl,recalibrated
resolution_max_b1_gaussian_conv,0,-0.275,0.15,1.2463706665039065,1.3222418823242188,maxmonstre/eval/grid__combined__seed0__epoch_030__r32_G0__probes__f32.jsonl,recalibrated
resolution_max_b1_gaussian_conv,0,-0.275,0.175,1.2915223999023435,1.3601328125,maxmonstre/eval/grid__combined__seed0__epoch_030__r32_G0__probes__f32.jsonl,recalibrated
resolution_max_b1_gaussian_conv,0,-0.275,0.2,1.342743408203125,1.4076771850585938,maxmonstre/eval/grid__combined__seed0__epoch_030__r32_G0__probes__f32.jsonl,recalibrated
resolution_max_b1_gaussian_conv,0,-0.275,0.225,1.4057550659179687,1.466590576171875,maxmonstre/eval/grid__combined__seed0__epoch_030__r32_G0__probes__f32.jsonl,recalibrated
resolution_max_b1_gaussian_conv,0,-0.275,0.25,1.4800001220703125,1.53552978515625,maxmonstre/eval/grid__combined__seed0__epoch_030__r32_G0__probes__f32.jsonl,recalibrated
resolution_max_b1_gaussian_conv,0,-0.275,0.275,1.5628500366210938,1.6080416259765624,maxmonstre/eval/grid__combined__seed0__epoch_030__r32_G0__probes__f32.jsonl,recalibrated
resolution_max_b1_gaussian_conv,0,-0.275,0.3,1.6542794799804688,1.6890404663085938,maxmonstre/eval/grid__combined__seed0__epoch_030__r32_G0__probes__f32.jsonl,recalibrated
resolution_max_b1_gaussian_conv,0,-0.275,0.325,1.7555214233398435,1.7806675415039062,maxmonstre/eval/grid__combined__seed0__epoch_030__r32_G0__probes__f32.jsonl,recalibrated
resolution_max_b1_gaussian_conv,0,-0.275,0.35,1.86543212890625,1.8819573974609376,maxmonstre/eval/grid__combined__seed0__epoch_030__r32_G0__probes__f32.jsonl,recalibrated
resolution_max_b1_gaussian_conv,0,-0.275,0.375,1.9760054931640625,1.991208251953125,maxmonstre/eval/grid__combined__seed0__epoch_030__r32_G0__probes__f32.jsonl,recalibrated
resolution_max_b1_gaussian_conv,0,-0.275,0.4,2.082409057617188,2.1012899169921875,maxmonstre/eval/grid__combined__seed0__epoch_030__r32_G0__probes__f32.jsonl,recalibrated
resolution_max_b1_gaussian_conv,0,-0.275,0.425,2.183015380859375,2.206906982421875,maxmonstre/eval/grid__combined__seed0__epoch_030__r32_G0__probes__f32.jsonl,recalibrated
resolution_max_b1_gaussian_conv,0,-0.275,0.45,2.2740189208984374,2.3068623046875,maxmonstre/eval/grid__combined__seed0__epoch_030__r32_G0__probes__f32.jsonl,recalibrated
resolution_max_b1_gaussian_conv,0,-0.275,0.475,2.352235107421875,2.39972265625,maxmonstre/eval/grid__combined__seed0__epoch_030__r32_G0__probes__f32.jsonl,recalibrated
resolution_max_b1_gaussian_conv,0,-0.275,0.5,2.422998291015625,2.479358154296875,maxmonstre/eval/grid__combined__seed0__epoch_030__r32_G0__probes__f32.jsonl,recalibrated
resolution_max_b1_gaussian_conv,0,-0.25,-0.5,3.1607548828125,3.3071390380859373,maxmonstre/eval/grid__combined__seed0__epoch_030__r32_G0__probes__f32.jsonl,recalibrated
resolution_max_b1_gaussian_conv,0,-0.25,-0.475,3.005393798828125,3.14712890625,maxmonstre/eval/grid__combined__seed0__epoch_030__r32_G0__probes__f32.jsonl,recalibrated
resolution_max_b1_gaussian_conv,0,-0.25,-0.45,2.84816748046875,2.9852491455078125,maxmonstre/eval/grid__combined__seed0__epoch_030__r32_G0__probes__f32.jsonl,recalibrated
resolution_max_b1_gaussian_conv,0,-0.25,-0.425,2.6885247802734376,2.8216248779296875,maxmonstre/eval/grid__combined__seed0__epoch_030__r32_G0__probes__f32.jsonl,recalibrated
resolution_max_b1_gaussian_conv,0,-0.25,-0.4,2.5268157958984374,2.6594423828125,maxmonstre/eval/grid__combined__seed0__epoch_030__r32_G0__probes__f32.jsonl,recalibrated
resolution_max_b1_gaussian_conv,0,-0.25,-0.375,2.3701744384765626,2.49885693359375,maxmonstre/eval/grid__combined__seed0__epoch_030__r32_G0__probes__f32.jsonl,recalibrated
resolution_max_b1_gaussian_conv,0,-0.25,-0.35,2.2221561279296878,2.3421661376953127,maxmonstre/eval/grid__combined__seed0__epoch_030__r32_G0__probes__f32.jsonl,recalibrated
resolution_max_b1_gaussian_conv,0,-0.25,-0.325,2.081941162109375,2.1910877685546875,maxmonstre/eval/grid__combined__seed0__epoch_030__r32_G0__probes__f32.jsonl,recalibrated
resolution_max_b1_gaussian_conv,0,-0.25,-0.3,1.9456064453125,2.0483505859375,maxmonstre/eval/grid__combined__seed0__epoch_030__r32_G0__probes__f32.jsonl,recalibrated
resolution_max_b1_gaussian_conv,0,-0.25,-0.275,1.8117610473632813,1.9123763427734373,maxmonstre/eval/grid__combined__seed0__epoch_030__r32_G0__probes__f32.jsonl,recalibrated
resolution_max_b1_gaussian_conv,0,-0.25,-0.25,1.686404296875,1.783804443359375,v2/surfaces.csv,recalibrated
resolution_max_b1_gaussian_conv,0,-0.25,-0.225,1.573447509765625,1.663574523925781,v2/surfaces.csv,recalibrated
resolution_max_b1_gaussian_conv,0,-0.25,-0.2,1.4731192626953125,1.55161083984375,v2/surfaces.csv,recalibrated
resolution_max_b1_gaussian_conv,0,-0.25,-0.175,1.3865975341796877,1.4498857421875,v2/surfaces.csv,recalibrated
resolution_max_b1_gaussian_conv,0,-0.25,-0.15,1.3111260986328126,1.3662448120117188,v2/surfaces.csv,recalibrated
resolution_max_b1_gaussian_conv,0,-0.25,-0.125,1.2461368408203124,1.2972899169921874,v2/surfaces.csv,recalibrated
resolution_max_b1_gaussian_conv,0,-0.25,-0.1,1.18839794921875,1.2412598876953125,v2/surfaces.csv,recalibrated
resolution_max_b1_gaussian_conv,0,-0.25,-0.075,1.1390731201171875,1.1945233154296877,v2/surfaces.csv,recalibrated
resolution_max_b1_gaussian_conv,0,-0.25,-0.05,1.0984757080078125,1.15950830078125,v2/surfaces.csv,recalibrated
resolution_max_b1_gaussian_conv,0,-0.25,-0.025,1.066476745605469,1.1334655151367188,v2/surfaces.csv,recalibrated
resolution_max_b1_gaussian_conv,0,-0.25,0.0,1.0449542846679687,1.1188663330078126,v2/surfaces.csv,recalibrated
resolution_max_b1_gaussian_conv,0,-0.25,0.025,1.0327991943359376,1.1136099853515624,v2/surfaces.csv,recalibrated
resolution_max_b1_gaussian_conv,0,-0.25,0.05,1.0283043212890626,1.119408935546875,v2/surfaces.csv,recalibrated
resolution_max_b1_gaussian_conv,0,-0.25,0.075,1.0322000122070312,1.1340152587890624,v2/surfaces.csv,recalibrated
resolution_max_b1_gaussian_conv,0,-0.25,0.1,1.04827099609375,1.1544029541015626,v2/surfaces.csv,recalibrated
resolution_max_b1_gaussian_conv,0,-0.25,0.125,1.0742070922851563,1.1768406372070312,v2/surfaces.csv,recalibrated
resolution_max_b1_gaussian_conv,0,-0.25,0.15,1.1114683837890624,1.2058297119140624,v2/surfaces.csv,recalibrated
resolution_max_b1_gaussian_conv,0,-0.25,0.175,1.16015283203125,1.2456273193359375,v2/surfaces.csv,recalibrated
resolution_max_b1_gaussian_conv,0,-0.25,0.2,1.2164082641601563,1.2942919311523438,v2/surfaces.csv,recalibrated
resolution_max_b1_gaussian_conv,0,-0.25,0.225,1.287677978515625,1.3561510009765625,v2/surfaces.csv,recalibrated
resolution_max_b1_gaussian_conv,0,-0.25,0.25,1.3680276489257812,1.4300891723632811,v2/surfaces.csv,recalibrated
resolution_max_b1_gaussian_conv,0,-0.25,0.275,1.4578474731445312,1.5120565795898435,maxmonstre/eval/grid__combined__seed0__epoch_030__r32_G0__probes__f32.jsonl,recalibrated
resolution_max_b1_gaussian_conv,0,-0.25,0.3,1.5566239624023437,1.603225341796875,maxmonstre/eval/grid__combined__seed0__epoch_030__r32_G0__probes__f32.jsonl,recalibrated
resolution_max_b1_gaussian_conv,0,-0.25,0.325,1.6656615600585938,1.7035448608398438,maxmonstre/eval/grid__combined__seed0__epoch_030__r32_G0__probes__f32.jsonl,recalibrated
resolution_max_b1_gaussian_conv,0,-0.25,0.35,1.782142578125,1.810493225097656,maxmonstre/eval/grid__combined__seed0__epoch_030__r32_G0__probes__f32.jsonl,recalibrated
resolution_max_b1_gaussian_conv,0,-0.25,0.375,1.8995703125,1.9240633544921877,maxmonstre/eval/grid__combined__seed0__epoch_030__r32_G0__probes__f32.jsonl,recalibrated
resolution_max_b1_gaussian_conv,0,-0.25,0.4,2.012638977050781,2.0377838134765627,maxmonstre/eval/grid__combined__seed0__epoch_030__r32_G0__probes__f32.jsonl,recalibrated
resolution_max_b1_gaussian_conv,0,-0.25,0.425,2.119451171875,2.148732299804688,maxmonstre/eval/grid__combined__seed0__epoch_030__r32_G0__probes__f32.jsonl,recalibrated
resolution_max_b1_gaussian_conv,0,-0.25,0.45,2.213744873046875,2.253695556640625,maxmonstre/eval/grid__combined__seed0__epoch_030__r32_G0__probes__f32.jsonl,recalibrated
resolution_max_b1_gaussian_conv,0,-0.25,0.475,2.294283813476562,2.350510498046875,maxmonstre/eval/grid__combined__seed0__epoch_030__r32_G0__probes__f32.jsonl,recalibrated
resolution_max_b1_gaussian_conv,0,-0.25,0.5,2.3682994384765625,2.434373291015625,maxmonstre/eval/grid__combined__seed0__epoch_030__r32_G0__probes__f32.jsonl,recalibrated
resolution_max_b1_gaussian_conv,0,-0.225,-0.5,3.1182958984375,3.26424609375,maxmonstre/eval/grid__combined__seed0__epoch_030__r32_G0__probes__f32.jsonl,recalibrated
resolution_max_b1_gaussian_conv,0,-0.225,-0.475,2.954494140625,3.0950211181640626,maxmonstre/eval/grid__combined__seed0__epoch_030__r32_G0__probes__f32.jsonl,recalibrated
resolution_max_b1_gaussian_conv,0,-0.225,-0.45,2.7868470458984373,2.9170626220703126,maxmonstre/eval/grid__combined__seed0__epoch_030__r32_G0__probes__f32.jsonl,recalibrated
resolution_max_b1_gaussian_conv,0,-0.225,-0.425,2.617313720703125,2.7383673095703127,maxmonstre/eval/grid__combined__seed0__epoch_030__r32_G0__probes__f32.jsonl,recalibrated
resolution_max_b1_gaussian_conv,0,-0.225,-0.4,2.4458726806640625,2.565061279296875,maxmonstre/eval/grid__combined__seed0__epoch_030__r32_G0__probes__f32.jsonl,recalibrated
resolution_max_b1_gaussian_conv,0,-0.225,-0.375,2.27776904296875,2.397164794921875,maxmonstre/eval/grid__combined__seed0__epoch_030__r32_G0__probes__f32.jsonl,recalibrated
resolution_max_b1_gaussian_conv,0,-0.225,-0.35,2.11906005859375,2.2343446044921875,maxmonstre/eval/grid__combined__seed0__epoch_030__r32_G0__probes__f32.jsonl,recalibrated
resolution_max_b1_gaussian_conv,0,-0.225,-0.325,1.9688519287109372,2.075271240234375,maxmonstre/eval/grid__combined__seed0__epoch_030__r32_G0__probes__f32.jsonl,recalibrated
resolution_max_b1_gaussian_conv,0,-0.225,-0.3,1.824178466796875,1.919842651367188,maxmonstre/eval/grid__combined__seed0__epoch_030__r32_G0__probes__f32.jsonl,recalibrated
resolution_max_b1_gaussian_conv,0,-0.225,-0.275,1.6874482421875,1.7761092529296876,maxmonstre/eval/grid__combined__seed0__epoch_030__r32_G0__probes__f32.jsonl,recalibrated
resolution_max_b1_gaussian_conv,0,-0.225,-0.25,1.5583670654296875,1.643822509765625,v2/surfaces.csv,recalibrated
resolution_max_b1_gaussian_conv,0,-0.225,-0.225,1.44158349609375,1.52219482421875,v2/surfaces.csv,recalibrated
resolution_max_b1_gaussian_conv,0,-0.225,-0.2,1.3370707397460937,1.4078453369140624,v2/surfaces.csv,recalibrated
resolution_max_b1_gaussian_conv,0,-0.225,-0.175,1.2453416137695312,1.304892333984375,v2/surfaces.csv,recalibrated
resolution_max_b1_gaussian_conv,0,-0.225,-0.15,1.1680386962890623,1.21797412109375,v2/surfaces.csv,recalibrated
resolution_max_b1_gaussian_conv,0,-0.225,-0.125,1.10315478515625,1.149963623046875,v2/surfaces.csv,recalibrated
resolution_max_b1_gaussian_conv,0,-0.225,-0.1,1.046658508300781,1.0985626220703124,v2/surfaces.csv,recalibrated
resolution_max_b1_gaussian_conv,0,-0.225,-0.075,0.997861083984375,1.057812255859375,v2/surfaces.csv,recalibrated
resolution_max_b1_gaussian_conv,0,-0.225,-0.05,0.9590465087890624,1.0277587280273437,v2/surfaces.csv,recalibrated
resolution_max_b1_gaussian_conv,0,-0.225,-0.025,0.9272562561035156,1.0076941528320311,v2/surfaces.csv,recalibrated
resolution_max_b1_gaussian_conv,0,-0.225,0.0,0.9047752075195312,0.9964638061523438,v2/surfaces.csv,recalibrated
resolution_max_b1_gaussian_conv,0,-0.225,0.025,0.8930538330078125,0.991099151611328,v2/surfaces.csv,recalibrated
resolution_max_b1_gaussian_conv,0,-0.225,0.05,0.8901912536621094,0.9965979614257812,v2/surfaces.csv,recalibrated
resolution_max_b1_gaussian_conv,0,-0.225,0.075,0.8981041259765625,1.0127530517578125,v2/surfaces.csv,recalibrated
resolution_max_b1_gaussian_conv,0,-0.225,0.1,0.9175247192382812,1.0375011596679689,v2/surfaces.csv,recalibrated
resolution_max_b1_gaussian_conv,0,-0.225,0.125,0.9463463745117188,1.0652265625,v2/surfaces.csv,recalibrated
resolution_max_b1_gaussian_conv,0,-0.225,0.15,0.9863254699707033,1.098243347167969,v2/surfaces.csv,recalibrated
resolution_max_b1_gaussian_conv,0,-0.225,0.175,1.0407681884765625,1.1406832275390626,v2/surfaces.csv,recalibrated
resolution_max_b1_gaussian_conv,0,-0.225,0.2,1.101928405761719,1.1937254638671877,v2/surfaces.csv,recalibrated
resolution_max_b1_gaussian_conv,0,-0.225,0.225,1.1767400512695312,1.2576205444335935,v2/surfaces.csv,recalibrated
resolution_max_b1_gaussian_conv,0,-0.225,0.25,1.263169921875,1.3341074829101562,v2/surfaces.csv,recalibrated
resolution_max_b1_gaussian_conv,0,-0.225,0.275,1.360392578125,1.421809326171875,maxmonstre/eval/grid__combined__seed0__epoch_030__r32_G0__probes__f32.jsonl,recalibrated
resolution_max_b1_gaussian_conv,0,-0.225,0.3,1.464880859375,1.5178148803710938,maxmonstre/eval/grid__combined__seed0__epoch_030__r32_G0__probes__f32.jsonl,recalibrated
resolution_max_b1_gaussian_conv,0,-0.225,0.325,1.5802091064453123,1.6257343139648437,maxmonstre/eval/grid__combined__seed0__epoch_030__r32_G0__probes__f32.jsonl,recalibrated
resolution_max_b1_gaussian_conv,0,-0.225,0.35,1.70104833984375,1.736577880859375,maxmonstre/eval/grid__combined__seed0__epoch_030__r32_G0__probes__f32.jsonl,recalibrated
resolution_max_b1_gaussian_conv,0,-0.225,0.375,1.8199663696289063,1.853806396484375,maxmonstre/eval/grid__combined__seed0__epoch_030__r32_G0__probes__f32.jsonl,recalibrated
resolution_max_b1_gaussian_conv,0,-0.225,0.4,1.93767529296875,1.971644775390625,maxmonstre/eval/grid__combined__seed0__epoch_030__r32_G0__probes__f32.jsonl,recalibrated
resolution_max_b1_gaussian_conv,0,-0.225,0.425,2.049666015625,2.08710205078125,maxmonstre/eval/grid__combined__seed0__epoch_030__r32_G0__probes__f32.jsonl,recalibrated
resolution_max_b1_gaussian_conv,0,-0.225,0.45,2.1489913330078125,2.1958040771484373,maxmonstre/eval/grid__combined__seed0__epoch_030__r32_G0__probes__f32.jsonl,recalibrated
resolution_max_b1_gaussian_conv,0,-0.225,0.475,2.23525537109375,2.2962193603515626,maxmonstre/eval/grid__combined__seed0__epoch_030__r32_G0__probes__f32.jsonl,recalibrated
resolution_max_b1_gaussian_conv,0,-0.225,0.5,2.3130570068359373,2.3853955078125,maxmonstre/eval/grid__combined__seed0__epoch_030__r32_G0__probes__f32.jsonl,recalibrated
resolution_max_b1_gaussian_conv,0,-0.2,-0.5,3.0832852783203126,3.2323521728515625,maxmonstre/eval/grid__combined__seed0__epoch_030__r32_G0__probes__f32.jsonl,recalibrated
resolution_max_b1_gaussian_conv,0,-0.2,-0.475,2.9159573974609376,3.057462158203125,maxmonstre/eval/grid__combined__seed0__epoch_030__r32_G0__probes__f32.jsonl,recalibrated
resolution_max_b1_gaussian_conv,0,-0.2,-0.45,2.74236669921875,2.8776162109375,maxmonstre/eval/grid__combined__seed0__epoch_030__r32_G0__probes__f32.jsonl,recalibrated
resolution_max_b1_gaussian_conv,0,-0.2,-0.425,2.563915283203125,2.6899195556640625,maxmonstre/eval/grid__combined__seed0__epoch_030__r32_G0__probes__f32.jsonl,recalibrated
resolution_max_b1_gaussian_conv,0,-0.2,-0.4,2.381566162109375,2.4986005859375,maxmonstre/eval/grid__combined__seed0__epoch_030__r32_G0__probes__f32.jsonl,recalibrated
resolution_max_b1_gaussian_conv,0,-0.2,-0.375,2.199645874023437,2.315000244140625,maxmonstre/eval/grid__combined__seed0__epoch_030__r32_G0__probes__f32.jsonl,recalibrated
resolution_max_b1_gaussian_conv,0,-0.2,-0.35,2.024793273925781,2.1382681884765624,maxmonstre/eval/grid__combined__seed0__epoch_030__r32_G0__probes__f32.jsonl,recalibrated
resolution_max_b1_gaussian_conv,0,-0.2,-0.325,1.86015185546875,1.9696864013671875,maxmonstre/eval/grid__combined__seed0__epoch_030__r32_G0__probes__f32.jsonl,recalibrated
resolution_max_b1_gaussian_conv,0,-0.2,-0.3,1.7045228271484374,1.807039978027344,maxmonstre/eval/grid__combined__seed0__epoch_030__r32_G0__probes__f32.jsonl,recalibrated
resolution_max_b1_gaussian_conv,0,-0.2,-0.275,1.5622274169921877,1.6547770385742189,maxmonstre/eval/grid__combined__seed0__epoch_030__r32_G0__probes__f32.jsonl,recalibrated
resolution_max_b1_gaussian_conv,0,-0.2,-0.25,1.43007275390625,1.5190167236328125,v2/surfaces.csv,recalibrated
resolution_max_b1_gaussian_conv,0,-0.2,-0.225,1.3116439819335937,1.395595703125,v2/surfaces.csv,recalibrated
resolution_max_b1_gaussian_conv,0,-0.2,-0.2,1.2040768432617188,1.282823974609375,v2/surfaces.csv,recalibrated
resolution_max_b1_gaussian_conv,0,-0.2,-0.175,1.1128643798828124,1.1832809448242188,v2/surfaces.csv,recalibrated
resolution_max_b1_gaussian_conv,0,-0.2,-0.15,1.0365274658203123,1.0987373657226562,v2/surfaces.csv,recalibrated
resolution_max_b1_gaussian_conv,0,-0.2,-0.125,0.9714863586425782,1.0296334838867187,v2/surfaces.csv,recalibrated
resolution_max_b1_gaussian_conv,0,-0.2,-0.1,0.9177344970703124,0.9763581237792968,v2/surfaces.csv,recalibrated
resolution_max_b1_gaussian_conv,0,-0.2,-0.075,0.8714964904785156,0.9392225341796876,v2/surfaces.csv,recalibrated
resolution_max_b1_gaussian_conv,0,-0.2,-0.05,0.8325671081542969,0.9152112731933594,v2/surfaces.csv,recalibrated
resolution_max_b1_gaussian_conv,0,-0.2,-0.025,0.8012469482421875,0.8983549194335938,v2/surfaces.csv,recalibrated
resolution_max_b1_gaussian_conv,0,-0.2,0.0,0.7787918090820313,0.8892216491699219,v2/surfaces.csv,recalibrated
resolution_max_b1_gaussian_conv,0,-0.2,0.025,0.7667148132324219,0.8892401123046875,v2/surfaces.csv,recalibrated
resolution_max_b1_gaussian_conv,0,-0.2,0.05,0.7677336120605469,0.8948812866210938,v2/surfaces.csv,recalibrated
resolution_max_b1_gaussian_conv,0,-0.2,0.075,0.7793864440917969,0.91076904296875,v2/surfaces.csv,recalibrated
resolution_max_b1_gaussian_conv,0,-0.2,0.1,0.8024288940429688,0.93444189453125,v2/surfaces.csv,recalibrated
resolution_max_b1_gaussian_conv,0,-0.2,0.125,0.8343440551757813,0.9636460571289064,v2/surfaces.csv,recalibrated
resolution_max_b1_gaussian_conv,0,-0.2,0.15,0.8781917724609375,0.9999235229492188,v2/surfaces.csv,recalibrated
resolution_max_b1_gaussian_conv,0,-0.2,0.175,0.9337316589355468,1.044284149169922,v2/surfaces.csv,recalibrated
resolution_max_b1_gaussian_conv,0,-0.2,0.2,0.9978151550292969,1.102057861328125,v2/surfaces.csv,recalibrated
resolution_max_b1_gaussian_conv,0,-0.2,0.225,1.0752802734375,1.170349853515625,v2/surfaces.csv,recalibrated
resolution_max_b1_gaussian_conv,0,-0.2,0.25,1.1668192749023438,1.2467674560546875,v2/surfaces.csv,recalibrated
resolution_max_b1_gaussian_conv,0,-0.2,0.275,1.2658929443359377,1.3361435546875,maxmonstre/eval/grid__combined__seed0__epoch_030__r32_G0__probes__f32.jsonl,recalibrated
resolution_max_b1_gaussian_conv,0,-0.2,0.3,1.37497021484375,1.4386754150390626,maxmonstre/eval/grid__combined__seed0__epoch_030__r32_G0__probes__f32.jsonl,recalibrated
resolution_max_b1_gaussian_conv,0,-0.2,0.325,1.4950797119140624,1.549058654785156,maxmonstre/eval/grid__combined__seed0__epoch_030__r32_G0__probes__f32.jsonl,recalibrated
resolution_max_b1_gaussian_conv,0,-0.2,0.35,1.6172076416015626,1.6637489624023438,maxmonstre/eval/grid__combined__seed0__epoch_030__r32_G0__probes__f32.jsonl,recalibrated
resolution_max_b1_gaussian_conv,0,-0.2,0.375,1.7395280151367187,1.7822213134765623,maxmonstre/eval/grid__combined__seed0__epoch_030__r32_G0__probes__f32.jsonl,recalibrated
resolution_max_b1_gaussian_conv,0,-0.2,0.4,1.8590514526367188,1.9032386474609373,maxmonstre/eval/grid__combined__seed0__epoch_030__r32_G0__probes__f32.jsonl,recalibrated
resolution_max_b1_gaussian_conv,0,-0.2,0.425,1.974526428222656,2.022879699707031,maxmonstre/eval/grid__combined__seed0__epoch_030__r32_G0__probes__f32.jsonl,recalibrated
resolution_max_b1_gaussian_conv,0,-0.2,0.45,2.079843505859375,2.136234619140625,maxmonstre/eval/grid__combined__seed0__epoch_030__r32_G0__probes__f32.jsonl,recalibrated
resolution_max_b1_gaussian_conv,0,-0.2,0.475,2.1726673583984377,2.2398267822265625,maxmonstre/eval/grid__combined__seed0__epoch_030__r32_G0__probes__f32.jsonl,recalibrated
resolution_max_b1_gaussian_conv,0,-0.2,0.5,2.259208251953125,2.332590087890625,maxmonstre/eval/grid__combined__seed0__epoch_030__r32_G0__probes__f32.jsonl,recalibrated
resolution_max_b1_gaussian_conv,0,-0.175,-0.5,3.040501708984375,3.233215087890625,maxmonstre/eval/grid__combined__seed0__epoch_030__r32_G0__probes__f32.jsonl,recalibrated
resolution_max_b1_gaussian_conv,0,-0.175,-0.475,2.876068115234375,3.049752197265625,maxmonstre/eval/grid__combined__seed0__epoch_030__r32_G0__probes__f32.jsonl,recalibrated
resolution_max_b1_gaussian_conv,0,-0.175,-0.45,2.702922241210937,2.85913916015625,maxmonstre/eval/grid__combined__seed0__epoch_030__r32_G0__probes__f32.jsonl,recalibrated
resolution_max_b1_gaussian_conv,0,-0.175,-0.425,2.5176798095703123,2.662990966796875,maxmonstre/eval/grid__combined__seed0__epoch_030__r32_G0__probes__f32.jsonl,recalibrated
resolution_max_b1_gaussian_conv,0,-0.175,-0.4,2.3257578125,2.463861572265625,maxmonstre/eval/grid__combined__seed0__epoch_030__r32_G0__probes__f32.jsonl,recalibrated
resolution_max_b1_gaussian_conv,0,-0.175,-0.375,2.1306124267578124,2.26446044921875,maxmonstre/eval/grid__combined__seed0__epoch_030__r32_G0__probes__f32.jsonl,recalibrated
resolution_max_b1_gaussian_conv,0,-0.175,-0.35,1.9415894165039065,2.06781298828125,maxmonstre/eval/grid__combined__seed0__epoch_030__r32_G0__probes__f32.jsonl,recalibrated
resolution_max_b1_gaussian_conv,0,-0.175,-0.325,1.762900390625,1.8823800659179688,maxmonstre/eval/grid__combined__seed0__epoch_030__r32_G0__probes__f32.jsonl,recalibrated
resolution_max_b1_gaussian_conv,0,-0.175,-0.3,1.5935266723632813,1.711498046875,maxmonstre/eval/grid__combined__seed0__epoch_030__r32_G0__probes__f32.jsonl,recalibrated
resolution_max_b1_gaussian_conv,0,-0.175,-0.275,1.4389107666015626,1.552796142578125,maxmonstre/eval/grid__combined__seed0__epoch_030__r32_G0__probes__f32.jsonl,recalibrated
resolution_max_b1_gaussian_conv,0,-0.175,-0.25,1.3016349487304688,1.411851379394531,v2/surfaces.csv,recalibrated
resolution_max_b1_gaussian_conv,0,-0.175,-0.225,1.1821443481445313,1.2869609985351562,v2/surfaces.csv,recalibrated
resolution_max_b1_gaussian_conv,0,-0.175,-0.2,1.0776339721679689,1.1771729736328125,v2/surfaces.csv,recalibrated
resolution_max_b1_gaussian_conv,0,-0.175,-0.175,0.9871522216796876,1.082275390625,v2/surfaces.csv,recalibrated
resolution_max_b1_gaussian_conv,0,-0.175,-0.15,0.9123762512207032,1.0034918212890624,v2/surfaces.csv,recalibrated
resolution_max_b1_gaussian_conv,0,-0.175,-0.125,0.8495069274902344,0.9392330017089844,v2/surfaces.csv,recalibrated
resolution_max_b1_gaussian_conv,0,-0.175,-0.1,0.7979710693359375,0.8879620971679687,v2/surfaces.csv,recalibrated
resolution_max_b1_gaussian_conv,0,-0.175,-0.075,0.7538530578613282,0.8472757873535156,v2/surfaces.csv,recalibrated
resolution_max_b1_gaussian_conv,0,-0.175,-0.05,0.7162145690917969,0.8209418334960937,v2/surfaces.csv,recalibrated
resolution_max_b1_gaussian_conv,0,-0.175,-0.025,0.6868226013183594,0.8048689575195312,v2/surfaces.csv,recalibrated
resolution_max_b1_gaussian_conv,0,-0.175,0.0,0.6686900024414062,0.7977172546386718,v2/surfaces.csv,recalibrated
resolution_max_b1_gaussian_conv,0,-0.175,0.025,0.6600416564941406,0.7995570068359374,v2/surfaces.csv,recalibrated
resolution_max_b1_gaussian_conv,0,-0.175,0.05,0.6638338012695313,0.8073466796875,v2/surfaces.csv,recalibrated
resolution_max_b1_gaussian_conv,0,-0.175,0.075,0.6781641540527343,0.8251223449707031,v2/surfaces.csv,recalibrated
resolution_max_b1_gaussian_conv,0,-0.175,0.1,0.7039396362304687,0.8479900512695312,v2/surfaces.csv,recalibrated
resolution_max_b1_gaussian_conv,0,-0.175,0.125,0.7376139831542968,0.8786456909179687,v2/surfaces.csv,recalibrated
resolution_max_b1_gaussian_conv,0,-0.175,0.15,0.7832190551757813,0.9179612426757812,v2/surfaces.csv,recalibrated
resolution_max_b1_gaussian_conv,0,-0.175,0.175,0.8390636901855468,0.9641613464355469,v2/surfaces.csv,recalibrated
resolution_max_b1_gaussian_conv,0,-0.175,0.2,0.9052320556640624,1.0248326416015625,v2/surfaces.csv,recalibrated
resolution_max_b1_gaussian_conv,0,-0.175,0.225,0.98373095703125,1.094676513671875,v2/surfaces.csv,recalibrated
resolution_max_b1_gaussian_conv,0,-0.175,0.25,1.0759453125,1.1737026977539062,v2/surfaces.csv,recalibrated
resolution_max_b1_gaussian_conv,0,-0.175,0.275,1.1782307739257811,1.26240087890625,maxmonstre/eval/grid__combined__seed0__epoch_030__r32_G0__probes__f32.jsonl,recalibrated
resolution_max_b1_gaussian_conv,0,-0.175,0.3,1.2905374145507813,1.36482080078125,maxmonstre/eval/grid__combined__seed0__epoch_030__r32_G0__probes__f32.jsonl,recalibrated
resolution_max_b1_gaussian_conv,0,-0.175,0.325,1.4114512939453123,1.4757722778320312,maxmonstre/eval/grid__combined__seed0__epoch_030__r32_G0__probes__f32.jsonl,recalibrated
resolution_max_b1_gaussian_conv,0,-0.175,0.35,1.53802734375,1.5923843994140623,maxmonstre/eval/grid__combined__seed0__epoch_030__r32_G0__probes__f32.jsonl,recalibrated
resolution_max_b1_gaussian_conv,0,-0.175,0.375,1.6621842041015624,1.7122721557617189,maxmonstre/eval/grid__combined__seed0__epoch_030__r32_G0__probes__f32.jsonl,recalibrated
resolution_max_b1_gaussian_conv,0,-0.175,0.4,1.78216650390625,1.8335697021484372,maxmonstre/eval/grid__combined__seed0__epoch_030__r32_G0__probes__f32.jsonl,recalibrated
resolution_max_b1_gaussian_conv,0,-0.175,0.425,1.8994105224609372,1.9563872680664065,maxmonstre/eval/grid__combined__seed0__epoch_030__r32_G0__probes__f32.jsonl,recalibrated
resolution_max_b1_gaussian_conv,0,-0.175,0.45,2.010282287597656,2.0732044677734374,maxmonstre/eval/grid__combined__seed0__epoch_030__r32_G0__probes__f32.jsonl,recalibrated
resolution_max_b1_gaussian_conv,0,-0.175,0.475,2.110598388671875,2.179513427734375,maxmonstre/eval/grid__combined__seed0__epoch_030__r32_G0__probes__f32.jsonl,recalibrated
resolution_max_b1_gaussian_conv,0,-0.175,0.5,2.20415673828125,2.27804833984375,maxmonstre/eval/grid__combined__seed0__epoch_030__r32_G0__probes__f32.jsonl,recalibrated
resolution_max_b1_gaussian_conv,0,-0.15,-0.5,3.0001024169921875,3.206225830078125,maxmonstre/eval/grid__combined__seed0__epoch_030__r32_G0__probes__f32.jsonl,recalibrated
resolution_max_b1_gaussian_conv,0,-0.15,-0.475,2.827734619140625,3.0172353515625,maxmonstre/eval/grid__combined__seed0__epoch_030__r32_G0__probes__f32.jsonl,recalibrated
resolution_max_b1_gaussian_conv,0,-0.15,-0.45,2.649566162109375,2.819713745117188,maxmonstre/eval/grid__combined__seed0__epoch_030__r32_G0__probes__f32.jsonl,recalibrated
resolution_max_b1_gaussian_conv,0,-0.15,-0.425,2.4608746337890626,2.6163751220703126,maxmonstre/eval/grid__combined__seed0__epoch_030__r32_G0__probes__f32.jsonl,recalibrated
resolution_max_b1_gaussian_conv,0,-0.15,-0.4,2.2652877197265626,2.41227197265625,maxmonstre/eval/grid__combined__seed0__epoch_030__r32_G0__probes__f32.jsonl,recalibrated
resolution_max_b1_gaussian_conv,0,-0.15,-0.375,2.063971374511719,2.2077169189453123,maxmonstre/eval/grid__combined__seed0__epoch_030__r32_G0__probes__f32.jsonl,recalibrated
resolution_max_b1_gaussian_conv,0,-0.15,-0.35,1.8627598876953124,2.0039891357421875,maxmonstre/eval/grid__combined__seed0__epoch_030__r32_G0__probes__f32.jsonl,recalibrated
resolution_max_b1_gaussian_conv,0,-0.15,-0.325,1.67248974609375,1.808659423828125,maxmonstre/eval/grid__combined__seed0__epoch_030__r32_G0__probes__f32.jsonl,recalibrated
resolution_max_b1_gaussian_conv,0,-0.15,-0.3,1.49517041015625,1.6260629272460938,maxmonstre/eval/grid__combined__seed0__epoch_030__r32_G0__probes__f32.jsonl,recalibrated
resolution_max_b1_gaussian_conv,0,-0.15,-0.275,1.3305223999023437,1.4579342651367186,maxmonstre/eval/grid__combined__seed0__epoch_030__r32_G0__probes__f32.jsonl,recalibrated
resolution_max_b1_gaussian_conv,0,-0.15,-0.25,1.1852674560546874,1.3141365966796874,v2/surfaces.csv,recalibrated
resolution_max_b1_gaussian_conv,0,-0.15,-0.225,1.0621725463867189,1.1889199829101562,v2/surfaces.csv,recalibrated
resolution_max_b1_gaussian_conv,0,-0.15,-0.2,0.957145751953125,1.0834340209960938,v2/surfaces.csv,recalibrated
resolution_max_b1_gaussian_conv,0,-0.15,-0.175,0.869524169921875,0.9959345703125,v2/surfaces.csv,recalibrated
resolution_max_b1_gaussian_conv,0,-0.15,-0.15,0.797625,0.923619873046875,v2/surfaces.csv,recalibrated
resolution_max_b1_gaussian_conv,0,-0.15,-0.125,0.7390381469726562,0.86398583984375,v2/surfaces.csv,recalibrated
resolution_max_b1_gaussian_conv,0,-0.15,-0.1,0.6904646606445313,0.813147216796875,v2/surfaces.csv,recalibrated
resolution_max_b1_gaussian_conv,0,-0.15,-0.075,0.6495757141113281,0.7736221008300781,v2/surfaces.csv,recalibrated
resolution_max_b1_gaussian_conv,0,-0.15,-0.05,0.6155438842773437,0.7475906372070312,v2/surfaces.csv,recalibrated
resolution_max_b1_gaussian_conv,0,-0.15,-0.025,0.5892611389160156,0.7304679565429687,v2/surfaces.csv,recalibrated
resolution_max_b1_gaussian_conv,0,-0.15,0.0,0.573522216796875,0.7225130004882813,v2/surfaces.csv,recalibrated
resolution_max_b1_gaussian_conv,0,-0.15,0.025,0.5683202209472656,0.7245633544921875,v2/surfaces.csv,recalibrated
resolution_max_b1_gaussian_conv,0,-0.15,0.05,0.5740957641601563,0.7361373596191406,v2/surfaces.csv,recalibrated
resolution_max_b1_gaussian_conv,0,-0.15,0.075,0.5909339904785156,0.7536611633300782,v2/surfaces.csv,recalibrated
resolution_max_b1_gaussian_conv,0,-0.15,0.1,0.6188789367675781,0.7763070983886718,v2/surfaces.csv,recalibrated
resolution_max_b1_gaussian_conv,0,-0.15,0.125,0.6550948486328125,0.8070805969238282,v2/surfaces.csv,recalibrated
resolution_max_b1_gaussian_conv,0,-0.15,0.15,0.7025396728515625,0.8480336303710938,v2/surfaces.csv,recalibrated
resolution_max_b1_gaussian_conv,0,-0.15,0.175,0.7610916137695313,0.8997783813476562,v2/surfaces.csv,recalibrated
resolution_max_b1_gaussian_conv,0,-0.15,0.2,0.8289655151367188,0.9625160827636718,v2/surfaces.csv,recalibrated
resolution_max_b1_gaussian_conv,0,-0.15,0.225,0.9083779907226562,1.0323479919433594,v2/surfaces.csv,recalibrated
resolution_max_b1_gaussian_conv,0,-0.15,0.25,1.0007687683105468,1.1129012451171876,v2/surfaces.csv,recalibrated
resolution_max_b1_gaussian_conv,0,-0.15,0.275,1.1045159301757812,1.1991018676757812,maxmonstre/eval/grid__combined__seed0__epoch_030__r32_G0__probes__f32.jsonl,recalibrated
resolution_max_b1_gaussian_conv,0,-0.15,0.3,1.2175989990234375,1.2974619140625,maxmonstre/eval/grid__combined__seed0__epoch_030__r32_G0__probes__f32.jsonl,recalibrated
resolution_max_b1_gaussian_conv,0,-0.15,0.325,1.33711083984375,1.4060975952148438,maxmonstre/eval/grid__combined__seed0__epoch_030__r32_G0__probes__f32.jsonl,recalibrated
resolution_max_b1_gaussian_conv,0,-0.15,0.35,1.462745849609375,1.523939453125,maxmonstre/eval/grid__combined__seed0__epoch_030__r32_G0__probes__f32.jsonl,recalibrated
resolution_max_b1_gaussian_conv,0,-0.15,0.375,1.58777783203125,1.6447281494140624,maxmonstre/eval/grid__combined__seed0__epoch_030__r32_G0__probes__f32.jsonl,recalibrated
resolution_max_b1_gaussian_conv,0,-0.15,0.4,1.71166943359375,1.7671410522460935,maxmonstre/eval/grid__combined__seed0__epoch_030__r32_G0__probes__f32.jsonl,recalibrated
resolution_max_b1_gaussian_conv,0,-0.15,0.425,1.831515869140625,1.889716552734375,maxmonstre/eval/grid__combined__seed0__epoch_030__r32_G0__probes__f32.jsonl,recalibrated
resolution_max_b1_gaussian_conv,0,-0.15,0.45,1.9466917114257811,2.0086693725585936,maxmonstre/eval/grid__combined__seed0__epoch_030__r32_G0__probes__f32.jsonl,recalibrated
resolution_max_b1_gaussian_conv,0,-0.15,0.475,2.0534454956054686,2.11964306640625,maxmonstre/eval/grid__combined__seed0__epoch_030__r32_G0__probes__f32.jsonl,recalibrated
resolution_max_b1_gaussian_conv,0,-0.15,0.5,2.1520322265625,2.22175390625,maxmonstre/eval/grid__combined__seed0__epoch_030__r32_G0__probes__f32.jsonl,recalibrated
resolution_max_b1_gaussian_conv,0,-0.125,-0.5,2.9455675048828125,3.16897509765625,maxmonstre/eval/grid__combined__seed0__epoch_030__r32_G0__probes__f32.jsonl,recalibrated
resolution_max_b1_gaussian_conv,0,-0.125,-0.475,2.766794921875,2.9721793212890626,maxmonstre/eval/grid__combined__seed0__epoch_030__r32_G0__probes__f32.jsonl,recalibrated
resolution_max_b1_gaussian_conv,0,-0.125,-0.45,2.5828046875,2.764936767578125,maxmonstre/eval/grid__combined__seed0__epoch_030__r32_G0__probes__f32.jsonl,recalibrated
resolution_max_b1_gaussian_conv,0,-0.125,-0.425,2.38894384765625,2.55212158203125,maxmonstre/eval/grid__combined__seed0__epoch_030__r32_G0__probes__f32.jsonl,recalibrated
resolution_max_b1_gaussian_conv,0,-0.125,-0.4,2.191124267578125,2.3408355712890625,maxmonstre/eval/grid__combined__seed0__epoch_030__r32_G0__probes__f32.jsonl,recalibrated
resolution_max_b1_gaussian_conv,0,-0.125,-0.375,1.9903275756835936,2.1316441650390625,maxmonstre/eval/grid__combined__seed0__epoch_030__r32_G0__probes__f32.jsonl,recalibrated
resolution_max_b1_gaussian_conv,0,-0.125,-0.35,1.7867015380859377,1.9295750122070312,maxmonstre/eval/grid__combined__seed0__epoch_030__r32_G0__probes__f32.jsonl,recalibrated
resolution_max_b1_gaussian_conv,0,-0.125,-0.325,1.5876395263671874,1.732880859375,maxmonstre/eval/grid__combined__seed0__epoch_030__r32_G0__probes__f32.jsonl,recalibrated
resolution_max_b1_gaussian_conv,0,-0.125,-0.3,1.4046812133789062,1.5473054809570312,maxmonstre/eval/grid__combined__seed0__epoch_030__r32_G0__probes__f32.jsonl,recalibrated
resolution_max_b1_gaussian_conv,0,-0.125,-0.275,1.2375322875976562,1.37977587890625,maxmonstre/eval/grid__combined__seed0__epoch_030__r32_G0__probes__f32.jsonl,recalibrated
resolution_max_b1_gaussian_conv,0,-0.125,-0.25,1.091368896484375,1.230105712890625,v2/surfaces.csv,recalibrated
resolution_max_b1_gaussian_conv,0,-0.125,-0.225,0.9648887939453124,1.1041726684570312,v2/surfaces.csv,recalibrated
resolution_max_b1_gaussian_conv,0,-0.125,-0.2,0.8597724609375,1.0018612670898437,v2/surfaces.csv,recalibrated
resolution_max_b1_gaussian_conv,0,-0.125,-0.175,0.7738174438476563,0.9186632995605468,v2/surfaces.csv,recalibrated
resolution_max_b1_gaussian_conv,0,-0.125,-0.15,0.7041392211914063,0.8505687255859375,v2/surfaces.csv,recalibrated
resolution_max_b1_gaussian_conv,0,-0.125,-0.125,0.6479806518554687,0.7937822265625,v2/surfaces.csv,recalibrated
resolution_max_b1_gaussian_conv,0,-0.125,-0.1,0.6020567321777344,0.7487528381347657,v2/surfaces.csv,recalibrated
resolution_max_b1_gaussian_conv,0,-0.125,-0.075,0.5644580078125,0.7118063354492188,v2/surfaces.csv,recalibrated
resolution_max_b1_gaussian_conv,0,-0.125,-0.05,0.5324755249023437,0.6865995178222656,v2/surfaces.csv,recalibrated
resolution_max_b1_gaussian_conv,0,-0.125,-0.025,0.5094531707763672,0.6709993286132813,v2/surfaces.csv,recalibrated
resolution_max_b1_gaussian_conv,0,-0.125,0.0,0.4969287109375,0.6628367919921875,v2/surfaces.csv,recalibrated
resolution_max_b1_gaussian_conv,0,-0.125,0.025,0.4931106262207031,0.6637954406738281,v2/surfaces.csv,recalibrated
resolution_max_b1_gaussian_conv,0,-0.125,0.05,0.5013625030517578,0.6745624084472657,v2/surfaces.csv,recalibrated
resolution_max_b1_gaussian_conv,0,-0.125,0.075,0.5208596801757812,0.6920015869140625,v2/surfaces.csv,recalibrated
resolution_max_b1_gaussian_conv,0,-0.125,0.1,0.5497288513183594,0.7146089172363281,v2/surfaces.csv,recalibrated
resolution_max_b1_gaussian_conv,0,-0.125,0.125,0.5880745239257813,0.7467155151367187,v2/surfaces.csv,recalibrated
resolution_max_b1_gaussian_conv,0,-0.125,0.15,0.6373699340820312,0.7904643859863282,v2/surfaces.csv,recalibrated
resolution_max_b1_gaussian_conv,0,-0.125,0.175,0.6983518676757813,0.8454639587402344,v2/surfaces.csv,recalibrated
resolution_max_b1_gaussian_conv,0,-0.125,0.2,0.7680195617675781,0.9101004028320312,v2/surfaces.csv,recalibrated
resolution_max_b1_gaussian_conv,0,-0.125,0.225,0.8487457275390625,0.9817944030761718,v2/surfaces.csv,recalibrated
resolution_max_b1_gaussian_conv,0,-0.125,0.25,0.9416959533691406,1.058852783203125,v2/surfaces.csv,recalibrated
resolution_max_b1_gaussian_conv,0,-0.125,0.275,1.0446123046875,1.1430333251953124,maxmonstre/eval/grid__combined__seed0__epoch_030__r32_G0__probes__f32.jsonl,recalibrated
resolution_max_b1_gaussian_conv,0,-0.125,0.3,1.1554447631835938,1.236218505859375,maxmonstre/eval/grid__combined__seed0__epoch_030__r32_G0__probes__f32.jsonl,recalibrated
resolution_max_b1_gaussian_conv,0,-0.125,0.325,1.274177490234375,1.341246826171875,maxmonstre/eval/grid__combined__seed0__epoch_030__r32_G0__probes__f32.jsonl,recalibrated
resolution_max_b1_gaussian_conv,0,-0.125,0.35,1.3970775756835938,1.45792236328125,maxmonstre/eval/grid__combined__seed0__epoch_030__r32_G0__probes__f32.jsonl,recalibrated
resolution_max_b1_gaussian_conv,0,-0.125,0.375,1.5224873657226563,1.5789576416015625,maxmonstre/eval/grid__combined__seed0__epoch_030__r32_G0__probes__f32.jsonl,recalibrated
resolution_max_b1_gaussian_conv,0,-0.125,0.4,1.64782177734375,1.70291943359375,maxmonstre/eval/grid__combined__seed0__epoch_030__r32_G0__probes__f32.jsonl,recalibrated
resolution_max_b1_gaussian_conv,0,-0.125,0.425,1.7710211181640625,1.8263981323242189,maxmonstre/eval/grid__combined__seed0__epoch_030__r32_G0__probes__f32.jsonl,recalibrated
resolution_max_b1_gaussian_conv,0,-0.125,0.45,1.8880071411132813,1.945698181152344,maxmonstre/eval/grid__combined__seed0__epoch_030__r32_G0__probes__f32.jsonl,recalibrated
resolution_max_b1_gaussian_conv,0,-0.125,0.475,1.9988342895507811,2.0598292236328124,maxmonstre/eval/grid__combined__seed0__epoch_030__r32_G0__probes__f32.jsonl,recalibrated
resolution_max_b1_gaussian_conv,0,-0.125,0.5,2.1051690673828123,2.16744482421875,maxmonstre/eval/grid__combined__seed0__epoch_030__r32_G0__probes__f32.jsonl,recalibrated
resolution_max_b1_gaussian_conv,0,-0.1,-0.5,2.9036348876953126,3.1323714599609374,maxmonstre/eval/grid__combined__seed0__epoch_030__r32_G0__probes__f32.jsonl,recalibrated
resolution_max_b1_gaussian_conv,0,-0.1,-0.475,2.71711962890625,2.930120849609375,maxmonstre/eval/grid__combined__seed0__epoch_030__r32_G0__probes__f32.jsonl,recalibrated
resolution_max_b1_gaussian_conv,0,-0.1,-0.45,2.5262559814453125,2.71761181640625,maxmonstre/eval/grid__combined__seed0__epoch_030__r32_G0__probes__f32.jsonl,recalibrated
resolution_max_b1_gaussian_conv,0,-0.1,-0.425,2.3287445068359376,2.499818115234375,maxmonstre/eval/grid__combined__seed0__epoch_030__r32_G0__probes__f32.jsonl,recalibrated
resolution_max_b1_gaussian_conv,0,-0.1,-0.4,2.126352172851562,2.2821162109375,maxmonstre/eval/grid__combined__seed0__epoch_030__r32_G0__probes__f32.jsonl,recalibrated
resolution_max_b1_gaussian_conv,0,-0.1,-0.375,1.9230083618164064,2.0686614990234373,maxmonstre/eval/grid__combined__seed0__epoch_030__r32_G0__probes__f32.jsonl,recalibrated
resolution_max_b1_gaussian_conv,0,-0.1,-0.35,1.7196124877929688,1.8636529541015625,maxmonstre/eval/grid__combined__seed0__epoch_030__r32_G0__probes__f32.jsonl,recalibrated
resolution_max_b1_gaussian_conv,0,-0.1,-0.325,1.5209210815429688,1.6688519287109376,maxmonstre/eval/grid__combined__seed0__epoch_030__r32_G0__probes__f32.jsonl,recalibrated
resolution_max_b1_gaussian_conv,0,-0.1,-0.3,1.33407177734375,1.48813427734375,maxmonstre/eval/grid__combined__seed0__epoch_030__r32_G0__probes__f32.jsonl,recalibrated
resolution_max_b1_gaussian_conv,0,-0.1,-0.275,1.16402880859375,1.3171333618164065,maxmonstre/eval/grid__combined__seed0__epoch_030__r32_G0__probes__f32.jsonl,recalibrated
resolution_max_b1_gaussian_conv,0,-0.1,-0.25,1.0160786743164063,1.1647874145507813,v2/surfaces.csv,recalibrated
resolution_max_b1_gaussian_conv,0,-0.1,-0.225,0.8881728820800782,1.0376989135742187,v2/surfaces.csv,recalibrated
resolution_max_b1_gaussian_conv,0,-0.1,-0.2,0.7831343994140625,0.9355094604492188,v2/surfaces.csv,recalibrated
resolution_max_b1_gaussian_conv,0,-0.1,-0.175,0.6992296752929688,0.8545358276367188,v2/surfaces.csv,recalibrated
resolution_max_b1_gaussian_conv,0,-0.1,-0.15,0.6318267211914063,0.7884439392089844,v2/surfaces.csv,recalibrated
resolution_max_b1_gaussian_conv,0,-0.1,-0.125,0.5763662719726562,0.7354013061523438,v2/surfaces.csv,recalibrated
resolution_max_b1_gaussian_conv,0,-0.1,-0.1,0.5306997375488282,0.6927421264648438,v2/surfaces.csv,recalibrated
resolution_max_b1_gaussian_conv,0,-0.1,-0.075,0.4940400085449218,0.6589237976074219,v2/surfaces.csv,recalibrated
resolution_max_b1_gaussian_conv,0,-0.1,-0.05,0.4654342956542969,0.6361788635253907,v2/surfaces.csv,recalibrated
resolution_max_b1_gaussian_conv,0,-0.1,-0.025,0.4465921630859375,0.6228948059082031,v2/surfaces.csv,recalibrated
resolution_max_b1_gaussian_conv,0,-0.1,0.0,0.4363780822753906,0.6157725219726562,v2/surfaces.csv,recalibrated
resolution_max_b1_gaussian_conv,0,-0.1,0.025,0.4345853424072265,0.6160165405273438,v2/surfaces.csv,recalibrated
resolution_max_b1_gaussian_conv,0,-0.1,0.05,0.4425769195556641,0.6247994384765625,v2/surfaces.csv,recalibrated
resolution_max_b1_gaussian_conv,0,-0.1,0.075,0.462953125,0.641698486328125,v2/surfaces.csv,recalibrated
resolution_max_b1_gaussian_conv,0,-0.1,0.1,0.4933003387451172,0.6661981201171875,v2/surfaces.csv,recalibrated
resolution_max_b1_gaussian_conv,0,-0.1,0.125,0.5333860473632812,0.6982824096679687,v2/surfaces.csv,recalibrated
resolution_max_b1_gaussian_conv,0,-0.1,0.15,0.5835775756835937,0.7420896606445313,v2/surfaces.csv,recalibrated
resolution_max_b1_gaussian_conv,0,-0.1,0.175,0.6443149108886719,0.7967163696289062,v2/surfaces.csv,recalibrated
resolution_max_b1_gaussian_conv,0,-0.1,0.2,0.7155604248046875,0.8615103149414063,v2/surfaces.csv,recalibrated
resolution_max_b1_gaussian_conv,0,-0.1,0.225,0.7976383056640625,0.9351133728027344,v2/surfaces.csv,recalibrated
resolution_max_b1_gaussian_conv,0,-0.1,0.25,0.8914523010253906,1.0139702453613282,v2/surfaces.csv,recalibrated
resolution_max_b1_gaussian_conv,0,-0.1,0.275,0.9945774841308592,1.0971006469726563,maxmonstre/eval/grid__combined__seed0__epoch_030__r32_G0__probes__f32.jsonl,recalibrated
resolution_max_b1_gaussian_conv,0,-0.1,0.3,1.1039898681640623,1.1880222778320313,maxmonstre/eval/grid__combined__seed0__epoch_030__r32_G0__probes__f32.jsonl,recalibrated
resolution_max_b1_gaussian_conv,0,-0.1,0.325,1.21802587890625,1.2884967651367187,maxmonstre/eval/grid__combined__seed0__epoch_030__r32_G0__probes__f32.jsonl,recalibrated
resolution_max_b1_gaussian_conv,0,-0.1,0.35,1.3403599853515624,1.4015894775390625,maxmonstre/eval/grid__combined__seed0__epoch_030__r32_G0__probes__f32.jsonl,recalibrated
resolution_max_b1_gaussian_conv,0,-0.1,0.375,1.4659706420898435,1.520231201171875,maxmonstre/eval/grid__combined__seed0__epoch_030__r32_G0__probes__f32.jsonl,recalibrated
resolution_max_b1_gaussian_conv,0,-0.1,0.4,1.5916536865234374,1.6442060546875,maxmonstre/eval/grid__combined__seed0__epoch_030__r32_G0__probes__f32.jsonl,recalibrated
resolution_max_b1_gaussian_conv,0,-0.1,0.425,1.7169837036132811,1.7714288330078125,maxmonstre/eval/grid__combined__seed0__epoch_030__r32_G0__probes__f32.jsonl,recalibrated
resolution_max_b1_gaussian_conv,0,-0.1,0.45,1.8372392578125,1.8940050659179688,maxmonstre/eval/grid__combined__seed0__epoch_030__r32_G0__probes__f32.jsonl,recalibrated
resolution_max_b1_gaussian_conv,0,-0.1,0.475,1.9546704711914065,2.009671142578125,maxmonstre/eval/grid__combined__seed0__epoch_030__r32_G0__probes__f32.jsonl,recalibrated
resolution_max_b1_gaussian_conv,0,-0.1,0.5,2.065146484375,2.119151611328125,maxmonstre/eval/grid__combined__seed0__epoch_030__r32_G0__probes__f32.jsonl,recalibrated
resolution_max_b1_gaussian_conv,0,-0.075,-0.5,2.871929443359375,3.09501318359375,maxmonstre/eval/grid__combined__seed0__epoch_030__r32_G0__probes__f32.jsonl,recalibrated
resolution_max_b1_gaussian_conv,0,-0.075,-0.475,2.6834991455078123,2.8960684814453126,maxmonstre/eval/grid__combined__seed0__epoch_030__r32_G0__probes__f32.jsonl,recalibrated
resolution_max_b1_gaussian_conv,0,-0.075,-0.45,2.4901829833984377,2.6848331298828123,maxmonstre/eval/grid__combined__seed0__epoch_030__r32_G0__probes__f32.jsonl,recalibrated
resolution_max_b1_gaussian_conv,0,-0.075,-0.425,2.2890123291015625,2.46639794921875,maxmonstre/eval/grid__combined__seed0__epoch_030__r32_G0__probes__f32.jsonl,recalibrated
resolution_max_b1_gaussian_conv,0,-0.075,-0.4,2.080291748046875,2.246787841796875,maxmonstre/eval/grid__combined__seed0__epoch_030__r32_G0__probes__f32.jsonl,recalibrated
resolution_max_b1_gaussian_conv,0,-0.075,-0.375,1.8745029296875,2.031386474609375,maxmonstre/eval/grid__combined__seed0__epoch_030__r32_G0__probes__f32.jsonl,recalibrated
resolution_max_b1_gaussian_conv,0,-0.075,-0.35,1.674156494140625,1.823902404785156,maxmonstre/eval/grid__combined__seed0__epoch_030__r32_G0__probes__f32.jsonl,recalibrated
resolution_max_b1_gaussian_conv,0,-0.075,-0.325,1.4761285400390625,1.6263763427734377,maxmonstre/eval/grid__combined__seed0__epoch_030__r32_G0__probes__f32.jsonl,recalibrated
resolution_max_b1_gaussian_conv,0,-0.075,-0.3,1.2878648681640623,1.4432108764648437,maxmonstre/eval/grid__combined__seed0__epoch_030__r32_G0__probes__f32.jsonl,recalibrated
resolution_max_b1_gaussian_conv,0,-0.075,-0.275,1.1160382080078124,1.2713961181640625,maxmonstre/eval/grid__combined__seed0__epoch_030__r32_G0__probes__f32.jsonl,recalibrated
resolution_max_b1_gaussian_conv,0,-0.075,-0.25,0.9646672973632812,1.11655712890625,v2/surfaces.csv,recalibrated
resolution_max_b1_gaussian_conv,0,-0.075,-0.225,0.83708984375,0.9878317260742188,v2/surfaces.csv,recalibrated
resolution_max_b1_gaussian_conv,0,-0.075,-0.2,0.7301802368164062,0.8834165954589843,v2/surfaces.csv,recalibrated
resolution_max_b1_gaussian_conv,0,-0.075,-0.175,0.6431247863769531,0.8017157592773437,v2/surfaces.csv,recalibrated
resolution_max_b1_gaussian_conv,0,-0.075,-0.15,0.57494189453125,0.737886474609375,v2/surfaces.csv,recalibrated
resolution_max_b1_gaussian_conv,0,-0.075,-0.125,0.5201352844238282,0.6871936645507812,v2/surfaces.csv,recalibrated
resolution_max_b1_gaussian_conv,0,-0.075,-0.1,0.4743418579101562,0.6476739196777344,v2/surfaces.csv,recalibrated
resolution_max_b1_gaussian_conv,0,-0.075,-0.075,0.4387024688720703,0.6180926513671875,v2/surfaces.csv,recalibrated
resolution_max_b1_gaussian_conv,0,-0.075,-0.05,0.4123355712890625,0.5972235717773438,v2/surfaces.csv,recalibrated
resolution_max_b1_gaussian_conv,0,-0.075,-0.025,0.3938513641357422,0.5846452941894531,v2/surfaces.csv,recalibrated
resolution_max_b1_gaussian_conv,0,-0.075,0.0,0.38528271484375,0.5791253051757812,v2/surfaces.csv,recalibrated
resolution_max_b1_gaussian_conv,0,-0.075,0.025,0.385691421508789,0.5793870239257812,v2/surfaces.csv,recalibrated
resolution_max_b1_gaussian_conv,0,-0.075,0.05,0.3957461547851562,0.5882536315917969,v2/surfaces.csv,recalibrated
resolution_max_b1_gaussian_conv,0,-0.075,0.075,0.4164147796630859,0.6049697265625,v2/surfaces.csv,recalibrated
resolution_max_b1_gaussian_conv,0,-0.075,0.1,0.4489535369873046,0.6299496459960937,v2/surfaces.csv,recalibrated
resolution_max_b1_gaussian_conv,0,-0.075,0.125,0.4908352355957031,0.6627102355957031,v2/surfaces.csv,recalibrated
resolution_max_b1_gaussian_conv,0,-0.075,0.15,0.5413033142089844,0.7051206665039063,v2/surfaces.csv,recalibrated
resolution_max_b1_gaussian_conv,0,-0.075,0.175,0.6029648132324219,0.7577390441894531,v2/surfaces.csv,recalibrated
resolution_max_b1_gaussian_conv,0,-0.075,0.2,0.6744508666992187,0.8222422485351563,v2/surfaces.csv,recalibrated
resolution_max_b1_gaussian_conv,0,-0.075,0.225,0.75526171875,0.8951508483886719,v2/surfaces.csv,recalibrated
resolution_max_b1_gaussian_conv,0,-0.075,0.25,0.8476489868164062,0.9768243713378906,v2/surfaces.csv,recalibrated
resolution_max_b1_gaussian_conv,0,-0.075,0.275,0.9508967895507812,1.0623578186035156,maxmonstre/eval/grid__combined__seed0__epoch_030__r32_G0__probes__f32.jsonl,recalibrated
resolution_max_b1_gaussian_conv,0,-0.075,0.3,1.0597296142578123,1.1535960693359375,maxmonstre/eval/grid__combined__seed0__epoch_030__r32_G0__probes__f32.jsonl,recalibrated
resolution_max_b1_gaussian_conv,0,-0.075,0.325,1.1743939208984375,1.253226318359375,maxmonstre/eval/grid__combined__seed0__epoch_030__r32_G0__probes__f32.jsonl,recalibrated
resolution_max_b1_gaussian_conv,0,-0.075,0.35,1.295508972167969,1.3627110595703125,maxmonstre/eval/grid__combined__seed0__epoch_030__r32_G0__probes__f32.jsonl,recalibrated
resolution_max_b1_gaussian_conv,0,-0.075,0.375,1.42114453125,1.479076171875,maxmonstre/eval/grid__combined__seed0__epoch_030__r32_G0__probes__f32.jsonl,recalibrated
resolution_max_b1_gaussian_conv,0,-0.075,0.4,1.5471351318359374,1.6024739379882813,maxmonstre/eval/grid__combined__seed0__epoch_030__r32_G0__probes__f32.jsonl,recalibrated
resolution_max_b1_gaussian_conv,0,-0.075,0.425,1.6758607788085935,1.729092041015625,maxmonstre/eval/grid__combined__seed0__epoch_030__r32_G0__probes__f32.jsonl,recalibrated
resolution_max_b1_gaussian_conv,0,-0.075,0.45,1.80092529296875,1.8516192626953123,maxmonstre/eval/grid__combined__seed0__epoch_030__r32_G0__probes__f32.jsonl,recalibrated
resolution_max_b1_gaussian_conv,0,-0.075,0.475,1.921555969238281,1.971101440429688,maxmonstre/eval/grid__combined__seed0__epoch_030__r32_G0__probes__f32.jsonl,recalibrated
resolution_max_b1_gaussian_conv,0,-0.075,0.5,2.0345369873046875,2.0836717529296878,maxmonstre/eval/grid__combined__seed0__epoch_030__r32_G0__probes__f32.jsonl,recalibrated
resolution_max_b1_gaussian_conv,0,-0.05,-0.5,2.839283447265625,3.062113037109375,maxmonstre/eval/grid__combined__seed0__epoch_030__r32_G0__probes__f32.jsonl,recalibrated
resolution_max_b1_gaussian_conv,0,-0.05,-0.475,2.6514161376953127,2.8633099365234376,maxmonstre/eval/grid__combined__seed0__epoch_030__r32_G0__probes__f32.jsonl,recalibrated
resolution_max_b1_gaussian_conv,0,-0.05,-0.45,2.4582659912109377,2.654480712890625,maxmonstre/eval/grid__combined__seed0__epoch_030__r32_G0__probes__f32.jsonl,recalibrated
resolution_max_b1_gaussian_conv,0,-0.05,-0.425,2.2581279296875,2.4391468505859377,maxmonstre/eval/grid__combined__seed0__epoch_030__r32_G0__probes__f32.jsonl,recalibrated
resolution_max_b1_gaussian_conv,0,-0.05,-0.4,2.0506680908203125,2.2217183837890624,maxmonstre/eval/grid__combined__seed0__epoch_030__r32_G0__probes__f32.jsonl,recalibrated
resolution_max_b1_gaussian_conv,0,-0.05,-0.375,1.8439202270507813,2.008835754394531,maxmonstre/eval/grid__combined__seed0__epoch_030__r32_G0__probes__f32.jsonl,recalibrated
resolution_max_b1_gaussian_conv,0,-0.05,-0.35,1.641039794921875,1.800730712890625,maxmonstre/eval/grid__combined__seed0__epoch_030__r32_G0__probes__f32.jsonl,recalibrated
resolution_max_b1_gaussian_conv,0,-0.05,-0.325,1.4455095825195312,1.6015965576171876,maxmonstre/eval/grid__combined__seed0__epoch_030__r32_G0__probes__f32.jsonl,recalibrated
resolution_max_b1_gaussian_conv,0,-0.05,-0.3,1.2605828857421877,1.4153314208984376,maxmonstre/eval/grid__combined__seed0__epoch_030__r32_G0__probes__f32.jsonl,recalibrated
resolution_max_b1_gaussian_conv,0,-0.05,-0.275,1.0896817016601563,1.2443950805664064,maxmonstre/eval/grid__combined__seed0__epoch_030__r32_G0__probes__f32.jsonl,recalibrated
resolution_max_b1_gaussian_conv,0,-0.05,-0.25,0.937785400390625,1.0891656494140625,v2/surfaces.csv,recalibrated
resolution_max_b1_gaussian_conv,0,-0.05,-0.225,0.8060491943359375,0.9557566528320312,v2/surfaces.csv,recalibrated
resolution_max_b1_gaussian_conv,0,-0.05,-0.2,0.6971954650878907,0.8465450439453125,v2/surfaces.csv,recalibrated
resolution_max_b1_gaussian_conv,0,-0.05,-0.175,0.6072459716796875,0.7628862609863282,v2/surfaces.csv,recalibrated
resolution_max_b1_gaussian_conv,0,-0.05,-0.15,0.5345112915039063,0.6998019409179688,v2/surfaces.csv,recalibrated
resolution_max_b1_gaussian_conv,0,-0.05,-0.125,0.4778027954101562,0.6510087280273438,v2/surfaces.csv,recalibrated
resolution_max_b1_gaussian_conv,0,-0.05,-0.1,0.4320370178222656,0.6136268920898438,v2/surfaces.csv,recalibrated
resolution_max_b1_gaussian_conv,0,-0.05,-0.075,0.3959160766601562,0.5853735961914063,v2/surfaces.csv,recalibrated
resolution_max_b1_gaussian_conv,0,-0.05,-0.05,0.36922998046875,0.5668601989746094,v2/surfaces.csv,recalibrated
resolution_max_b1_gaussian_conv,0,-0.05,-0.025,0.3521279449462891,0.5559270324707031,v2/surfaces.csv,recalibrated
resolution_max_b1_gaussian_conv,0,-0.05,0.0,0.3447734069824218,0.5520995483398438,v2/surfaces.csv,recalibrated
resolution_max_b1_gaussian_conv,0,-0.05,0.025,0.3469031829833984,0.5542212524414063,v2/surfaces.csv,recalibrated
resolution_max_b1_gaussian_conv,0,-0.05,0.05,0.3597413940429687,0.5632939453125,v2/surfaces.csv,recalibrated
resolution_max_b1_gaussian_conv,0,-0.05,0.075,0.3826327514648437,0.5803509521484375,v2/surfaces.csv,recalibrated
resolution_max_b1_gaussian_conv,0,-0.05,0.1,0.4148974151611328,0.6055292053222656,v2/surfaces.csv,recalibrated
resolution_max_b1_gaussian_conv,0,-0.05,0.125,0.4575874633789062,0.6393540954589844,v2/surfaces.csv,recalibrated
resolution_max_b1_gaussian_conv,0,-0.05,0.15,0.5086160583496093,0.6818844604492188,v2/surfaces.csv,recalibrated
resolution_max_b1_gaussian_conv,0,-0.05,0.175,0.5706637878417968,0.7340252685546875,v2/surfaces.csv,recalibrated
resolution_max_b1_gaussian_conv,0,-0.05,0.2,0.6424128112792968,0.7976251525878906,v2/surfaces.csv,recalibrated
resolution_max_b1_gaussian_conv,0,-0.05,0.225,0.7244967041015625,0.87005859375,v2/surfaces.csv,recalibrated
resolution_max_b1_gaussian_conv,0,-0.05,0.25,0.816467529296875,0.9521607360839844,v2/surfaces.csv,recalibrated
resolution_max_b1_gaussian_conv,0,-0.05,0.275,0.9179859619140625,1.03980322265625,maxmonstre/eval/grid__combined__seed0__epoch_030__r32_G0__probes__f32.jsonl,recalibrated
resolution_max_b1_gaussian_conv,0,-0.05,0.3,1.0274658813476565,1.1333534545898438,maxmonstre/eval/grid__combined__seed0__epoch_030__r32_G0__probes__f32.jsonl,recalibrated
resolution_max_b1_gaussian_conv,0,-0.05,0.325,1.1442440185546876,1.2331605224609374,maxmonstre/eval/grid__combined__seed0__epoch_030__r32_G0__probes__f32.jsonl,recalibrated
resolution_max_b1_gaussian_conv,0,-0.05,0.35,1.267901123046875,1.342019287109375,maxmonstre/eval/grid__combined__seed0__epoch_030__r32_G0__probes__f32.jsonl,recalibrated
resolution_max_b1_gaussian_conv,0,-0.05,0.375,1.3947537231445313,1.4562587890625,maxmonstre/eval/grid__combined__seed0__epoch_030__r32_G0__probes__f32.jsonl,recalibrated
resolution_max_b1_gaussian_conv,0,-0.05,0.4,1.5215997314453125,1.5786259155273437,maxmonstre/eval/grid__combined__seed0__epoch_030__r32_G0__probes__f32.jsonl,recalibrated
resolution_max_b1_gaussian_conv,0,-0.05,0.425,1.6506221923828126,1.7051934814453125,maxmonstre/eval/grid__combined__seed0__epoch_030__r32_G0__probes__f32.jsonl,recalibrated
resolution_max_b1_gaussian_conv,0,-0.05,0.45,1.7784375610351562,1.8273128051757808,maxmonstre/eval/grid__combined__seed0__epoch_030__r32_G0__probes__f32.jsonl,recalibrated
resolution_max_b1_gaussian_conv,0,-0.05,0.475,1.900923767089844,1.9469744262695312,maxmonstre/eval/grid__combined__seed0__epoch_030__r32_G0__probes__f32.jsonl,recalibrated
resolution_max_b1_gaussian_conv,0,-0.05,0.5,2.018589599609375,2.062476806640625,maxmonstre/eval/grid__combined__seed0__epoch_030__r32_G0__probes__f32.jsonl,recalibrated
resolution_max_b1_gaussian_conv,0,-0.025,-0.5,2.8086605224609373,3.03462646484375,maxmonstre/eval/grid__combined__seed0__epoch_030__r32_G0__probes__f32.jsonl,recalibrated
resolution_max_b1_gaussian_conv,0,-0.025,-0.475,2.6230625,2.83463525390625,maxmonstre/eval/grid__combined__seed0__epoch_030__r32_G0__probes__f32.jsonl,recalibrated
resolution_max_b1_gaussian_conv,0,-0.025,-0.45,2.42968701171875,2.625352294921875,maxmonstre/eval/grid__combined__seed0__epoch_030__r32_G0__probes__f32.jsonl,recalibrated
resolution_max_b1_gaussian_conv,0,-0.025,-0.425,2.23217138671875,2.4101427001953124,maxmonstre/eval/grid__combined__seed0__epoch_030__r32_G0__probes__f32.jsonl,recalibrated
resolution_max_b1_gaussian_conv,0,-0.025,-0.4,2.0269083251953126,2.19614453125,maxmonstre/eval/grid__combined__seed0__epoch_030__r32_G0__probes__f32.jsonl,recalibrated
resolution_max_b1_gaussian_conv,0,-0.025,-0.375,1.8200427856445311,1.9852864379882813,maxmonstre/eval/grid__combined__seed0__epoch_030__r32_G0__probes__f32.jsonl,recalibrated
resolution_max_b1_gaussian_conv,0,-0.025,-0.35,1.6203447265625,1.7799754638671874,maxmonstre/eval/grid__combined__seed0__epoch_030__r32_G0__probes__f32.jsonl,recalibrated
resolution_max_b1_gaussian_conv,0,-0.025,-0.325,1.42834716796875,1.5823150634765626,maxmonstre/eval/grid__combined__seed0__epoch_030__r32_G0__probes__f32.jsonl,recalibrated
resolution_max_b1_gaussian_conv,0,-0.025,-0.3,1.2457158813476563,1.399056945800781,maxmonstre/eval/grid__combined__seed0__epoch_030__r32_G0__probes__f32.jsonl,recalibrated
resolution_max_b1_gaussian_conv,0,-0.025,-0.275,1.0767903442382811,1.228579345703125,maxmonstre/eval/grid__combined__seed0__epoch_030__r32_G0__probes__f32.jsonl,recalibrated
resolution_max_b1_gaussian_conv,0,-0.025,-0.25,0.9269165649414064,1.0735309448242187,v2/surfaces.csv,recalibrated
resolution_max_b1_gaussian_conv,0,-0.025,-0.225,0.7942062072753906,0.9379774780273438,v2/surfaces.csv,recalibrated
resolution_max_b1_gaussian_conv,0,-0.025,-0.2,0.6812428894042969,0.8266119079589844,v2/surfaces.csv,recalibrated
resolution_max_b1_gaussian_conv,0,-0.025,-0.175,0.5881375122070313,0.7415795593261719,v2/surfaces.csv,recalibrated
resolution_max_b1_gaussian_conv,0,-0.025,-0.15,0.5138502044677734,0.678621826171875,v2/surfaces.csv,recalibrated
resolution_max_b1_gaussian_conv,0,-0.025,-0.125,0.4543963623046875,0.6299115295410156,v2/surfaces.csv,recalibrated
resolution_max_b1_gaussian_conv,0,-0.025,-0.1,0.4066632995605468,0.5922773742675781,v2/surfaces.csv,recalibrated
resolution_max_b1_gaussian_conv,0,-0.025,-0.075,0.3697103576660156,0.5641289978027344,v2/surfaces.csv,recalibrated
resolution_max_b1_gaussian_conv,0,-0.025,-0.05,0.34272216796875,0.5462961120605468,v2/surfaces.csv,recalibrated
resolution_max_b1_gaussian_conv,0,-0.025,-0.025,0.3259356384277344,0.5366685333251953,v2/surfaces.csv,recalibrated
resolution_max_b1_gaussian_conv,0,-0.025,0.0,0.3183652801513671,0.5348130798339844,v2/surfaces.csv,recalibrated
resolution_max_b1_gaussian_conv,0,-0.025,0.025,0.3212782135009766,0.5394951171875,v2/surfaces.csv,recalibrated
resolution_max_b1_gaussian_conv,0,-0.025,0.05,0.3348977966308594,0.5499306945800781,v2/surfaces.csv,recalibrated
resolution_max_b1_gaussian_conv,0,-0.025,0.075,0.3585565643310547,0.5669839172363281,v2/surfaces.csv,recalibrated
resolution_max_b1_gaussian_conv,0,-0.025,0.1,0.3915877380371094,0.5927515563964844,v2/surfaces.csv,recalibrated
resolution_max_b1_gaussian_conv,0,-0.025,0.125,0.433471923828125,0.6269196166992187,v2/surfaces.csv,recalibrated
resolution_max_b1_gaussian_conv,0,-0.025,0.15,0.4853570404052734,0.6694806823730469,v2/surfaces.csv,recalibrated
resolution_max_b1_gaussian_conv,0,-0.025,0.175,0.5479901123046875,0.7222829895019531,v2/surfaces.csv,recalibrated
resolution_max_b1_gaussian_conv,0,-0.025,0.2,0.6217063903808594,0.7864224243164063,v2/surfaces.csv,recalibrated
resolution_max_b1_gaussian_conv,0,-0.025,0.225,0.7048287963867188,0.8620789184570312,v2/surfaces.csv,recalibrated
resolution_max_b1_gaussian_conv,0,-0.025,0.25,0.798548583984375,0.9432197875976562,v2/surfaces.csv,recalibrated
resolution_max_b1_gaussian_conv,0,-0.025,0.275,0.9007801818847656,1.0311921997070312,maxmonstre/eval/grid__combined__seed0__epoch_030__r32_G0__probes__f32.jsonl,recalibrated
resolution_max_b1_gaussian_conv,0,-0.025,0.3,1.010935791015625,1.1253388061523435,maxmonstre/eval/grid__combined__seed0__epoch_030__r32_G0__probes__f32.jsonl,recalibrated
resolution_max_b1_gaussian_conv,0,-0.025,0.325,1.12948486328125,1.2265298461914065,maxmonstre/eval/grid__combined__seed0__epoch_030__r32_G0__probes__f32.jsonl,recalibrated
resolution_max_b1_gaussian_conv,0,-0.025,0.35,1.2542188720703125,1.3332716674804688,maxmonstre/eval/grid__combined__seed0__epoch_030__r32_G0__probes__f32.jsonl,recalibrated
resolution_max_b1_gaussian_conv,0,-0.025,0.375,1.3839298095703123,1.4479244384765626,maxmonstre/eval/grid__combined__seed0__epoch_030__r32_G0__probes__f32.jsonl,recalibrated
resolution_max_b1_gaussian_conv,0,-0.025,0.4,1.5133593139648438,1.5693504638671876,maxmonstre/eval/grid__combined__seed0__epoch_030__r32_G0__probes__f32.jsonl,recalibrated
resolution_max_b1_gaussian_conv,0,-0.025,0.425,1.640728271484375,1.6942648315429687,maxmonstre/eval/grid__combined__seed0__epoch_030__r32_G0__probes__f32.jsonl,recalibrated
resolution_max_b1_gaussian_conv,0,-0.025,0.45,1.769660400390625,1.8172738647460935,maxmonstre/eval/grid__combined__seed0__epoch_030__r32_G0__probes__f32.jsonl,recalibrated
resolution_max_b1_gaussian_conv,0,-0.025,0.475,1.8939083251953128,1.940219970703125,maxmonstre/eval/grid__combined__seed0__epoch_030__r32_G0__probes__f32.jsonl,recalibrated
resolution_max_b1_gaussian_conv,0,-0.025,0.5,2.013011108398437,2.0596539306640627,maxmonstre/eval/grid__combined__seed0__epoch_030__r32_G0__probes__f32.jsonl,recalibrated
resolution_max_b1_gaussian_conv,0,0.0,-0.5,2.7861402587890627,3.0092698974609373,maxmonstre/eval/grid__combined__seed0__epoch_030__r32_G0__probes__f32.jsonl,recalibrated
resolution_max_b1_gaussian_conv,0,0.0,-0.475,2.6011256103515623,2.8101307373046875,maxmonstre/eval/grid__combined__seed0__epoch_030__r32_G0__probes__f32.jsonl,recalibrated
resolution_max_b1_gaussian_conv,0,0.0,-0.45,2.41035791015625,2.6029521484375,maxmonstre/eval/grid__combined__seed0__epoch_030__r32_G0__probes__f32.jsonl,recalibrated
resolution_max_b1_gaussian_conv,0,0.0,-0.425,2.212325927734375,2.39042626953125,maxmonstre/eval/grid__combined__seed0__epoch_030__r32_G0__probes__f32.jsonl,recalibrated
resolution_max_b1_gaussian_conv,0,0.0,-0.4,2.0101011962890625,2.178223266601562,maxmonstre/eval/grid__combined__seed0__epoch_030__r32_G0__probes__f32.jsonl,recalibrated
resolution_max_b1_gaussian_conv,0,0.0,-0.375,1.807657958984375,1.9664535522460935,maxmonstre/eval/grid__combined__seed0__epoch_030__r32_G0__probes__f32.jsonl,recalibrated
resolution_max_b1_gaussian_conv,0,0.0,-0.35,1.61204931640625,1.7627830810546874,maxmonstre/eval/grid__combined__seed0__epoch_030__r32_G0__probes__f32.jsonl,recalibrated
resolution_max_b1_gaussian_conv,0,0.0,-0.325,1.4228236694335938,1.5694583740234376,maxmonstre/eval/grid__combined__seed0__epoch_030__r32_G0__probes__f32.jsonl,recalibrated
resolution_max_b1_gaussian_conv,0,0.0,-0.3,1.2439989013671875,1.38828076171875,maxmonstre/eval/grid__combined__seed0__epoch_030__r32_G0__probes__f32.jsonl,recalibrated
resolution_max_b1_gaussian_conv,0,0.0,-0.275,1.0779541015625,1.2192283935546877,maxmonstre/eval/grid__combined__seed0__epoch_030__r32_G0__probes__f32.jsonl,recalibrated
resolution_max_b1_gaussian_conv,0,0.0,-0.25,0.9287500915527344,1.0662731323242187,v2/surfaces.csv,recalibrated
resolution_max_b1_gaussian_conv,0,0.0,-0.225,0.7955287475585937,0.9330116577148436,v2/surfaces.csv,recalibrated
resolution_max_b1_gaussian_conv,0,0.0,-0.2,0.68064013671875,0.8216118774414063,v2/surfaces.csv,recalibrated
resolution_max_b1_gaussian_conv,0,0.0,-0.175,0.5859084167480468,0.7362577514648437,v2/surfaces.csv,recalibrated
resolution_max_b1_gaussian_conv,0,0.0,-0.15,0.5096083068847657,0.6715757751464844,v2/surfaces.csv,recalibrated
resolution_max_b1_gaussian_conv,0,0.0,-0.125,0.4481260528564453,0.6210347900390625,v2/surfaces.csv,recalibrated
resolution_max_b1_gaussian_conv,0,0.0,-0.1,0.3993017883300781,0.582017333984375,v2/surfaces.csv,recalibrated
resolution_max_b1_gaussian_conv,0,0.0,-0.075,0.3610331573486328,0.5540199584960938,v2/surfaces.csv,recalibrated
resolution_max_b1_gaussian_conv,0,0.0,-0.05,0.3330383148193359,0.5364364318847656,v2/surfaces.csv,recalibrated
resolution_max_b1_gaussian_conv,0,0.0,-0.025,0.3150307922363281,0.528549560546875,v2/surfaces.csv,recalibrated
resolution_max_b1_gaussian_conv,0,0.0,0.0,0.3066259155273437,0.5280258178710937,v2/surfaces.csv,recalibrated
resolution_max_b1_gaussian_conv,0,0.0,0.025,0.3088374328613281,0.534649658203125,v2/surfaces.csv,recalibrated
resolution_max_b1_gaussian_conv,0,0.0,0.05,0.3211055450439453,0.5457118225097656,v2/surfaces.csv,recalibrated
resolution_max_b1_gaussian_conv,0,0.0,0.075,0.3459679412841797,0.5638857421875,v2/surfaces.csv,recalibrated
resolution_max_b1_gaussian_conv,0,0.0,0.1,0.3794160766601562,0.5900167236328125,v2/surfaces.csv,recalibrated
resolution_max_b1_gaussian_conv,0,0.0,0.125,0.4215029602050781,0.6254766540527343,v2/surfaces.csv,recalibrated
resolution_max_b1_gaussian_conv,0,0.0,0.15,0.473625991821289,0.668718017578125,v2/surfaces.csv,recalibrated
resolution_max_b1_gaussian_conv,0,0.0,0.175,0.5377962951660156,0.7211692504882813,v2/surfaces.csv,recalibrated
resolution_max_b1_gaussian_conv,0,0.0,0.2,0.6126446533203125,0.7861441955566406,v2/surfaces.csv,recalibrated
resolution_max_b1_gaussian_conv,0,0.0,0.225,0.6963468322753906,0.8614804382324219,v2/surfaces.csv,recalibrated
resolution_max_b1_gaussian_conv,0,0.0,0.25,0.7908409423828126,0.9447354125976564,v2/surfaces.csv,recalibrated
resolution_max_b1_gaussian_conv,0,0.0,0.275,0.8952746276855469,1.0340042724609375,maxmonstre/eval/grid__combined__seed0__epoch_030__r32_G0__probes__f32.jsonl,recalibrated
resolution_max_b1_gaussian_conv,0,0.0,0.3,1.0098306884765624,1.129375,maxmonstre/eval/grid__combined__seed0__epoch_030__r32_G0__probes__f32.jsonl,recalibrated
resolution_max_b1_gaussian_conv,0,0.0,0.325,1.1291482543945313,1.2312398071289063,maxmonstre/eval/grid__combined__seed0__epoch_030__r32_G0__probes__f32.jsonl,recalibrated
resolution_max_b1_gaussian_conv,0,0.0,0.35,1.2558676147460937,1.3382025756835938,maxmonstre/eval/grid__combined__seed0__epoch_030__r32_G0__probes__f32.jsonl,recalibrated
resolution_max_b1_gaussian_conv,0,0.0,0.375,1.3864299926757813,1.4515433349609377,maxmonstre/eval/grid__combined__seed0__epoch_030__r32_G0__probes__f32.jsonl,recalibrated
resolution_max_b1_gaussian_conv,0,0.0,0.4,1.51791845703125,1.5714802856445311,maxmonstre/eval/grid__combined__seed0__epoch_030__r32_G0__probes__f32.jsonl,recalibrated
resolution_max_b1_gaussian_conv,0,0.0,0.425,1.6488740234375,1.6963859252929687,maxmonstre/eval/grid__combined__seed0__epoch_030__r32_G0__probes__f32.jsonl,recalibrated
resolution_max_b1_gaussian_conv,0,0.0,0.45,1.776381591796875,1.8214343872070315,maxmonstre/eval/grid__combined__seed0__epoch_030__r32_G0__probes__f32.jsonl,recalibrated
resolution_max_b1_gaussian_conv,0,0.0,0.475,1.8992978515625,1.9448626708984376,maxmonstre/eval/grid__combined__seed0__epoch_030__r32_G0__probes__f32.jsonl,recalibrated
resolution_max_b1_gaussian_conv,0,0.0,0.5,2.0197587890625,2.065729064941406,maxmonstre/eval/grid__combined__seed0__epoch_030__r32_G0__probes__f32.jsonl,recalibrated
resolution_max_b1_gaussian_conv,0,0.025,-0.5,2.766917236328125,2.9807392578125,maxmonstre/eval/grid__combined__seed0__epoch_030__r32_G0__probes__f32.jsonl,recalibrated
resolution_max_b1_gaussian_conv,0,0.025,-0.475,2.584239013671875,2.7851181640625,maxmonstre/eval/grid__combined__seed0__epoch_030__r32_G0__probes__f32.jsonl,recalibrated
resolution_max_b1_gaussian_conv,0,0.025,-0.45,2.396578125,2.5832720947265626,maxmonstre/eval/grid__combined__seed0__epoch_030__r32_G0__probes__f32.jsonl,recalibrated
resolution_max_b1_gaussian_conv,0,0.025,-0.425,2.2017490234375,2.37507666015625,maxmonstre/eval/grid__combined__seed0__epoch_030__r32_G0__probes__f32.jsonl,recalibrated
resolution_max_b1_gaussian_conv,0,0.025,-0.4,2.001142578125,2.1651796875,maxmonstre/eval/grid__combined__seed0__epoch_030__r32_G0__probes__f32.jsonl,recalibrated
resolution_max_b1_gaussian_conv,0,0.025,-0.375,1.8021973266601563,1.9572540893554689,maxmonstre/eval/grid__combined__seed0__epoch_030__r32_G0__probes__f32.jsonl,recalibrated
resolution_max_b1_gaussian_conv,0,0.025,-0.35,1.6114069213867188,1.7622373657226562,maxmonstre/eval/grid__combined__seed0__epoch_030__r32_G0__probes__f32.jsonl,recalibrated
resolution_max_b1_gaussian_conv,0,0.025,-0.325,1.4266178588867189,1.5742275390625,maxmonstre/eval/grid__combined__seed0__epoch_030__r32_G0__probes__f32.jsonl,recalibrated
resolution_max_b1_gaussian_conv,0,0.025,-0.3,1.2505146484375,1.3921224365234377,maxmonstre/eval/grid__combined__seed0__epoch_030__r32_G0__probes__f32.jsonl,recalibrated
resolution_max_b1_gaussian_conv,0,0.025,-0.275,1.0880517578125,1.22031201171875,maxmonstre/eval/grid__combined__seed0__epoch_030__r32_G0__probes__f32.jsonl,recalibrated
resolution_max_b1_gaussian_conv,0,0.025,-0.25,0.9385731201171876,1.0662566528320312,v2/surfaces.csv,recalibrated
resolution_max_b1_gaussian_conv,0,0.025,-0.225,0.8076116943359375,0.9356404724121092,v2/surfaces.csv,recalibrated
resolution_max_b1_gaussian_conv,0,0.025,-0.2,0.6941750183105468,0.8285269165039062,v2/surfaces.csv,recalibrated
resolution_max_b1_gaussian_conv,0,0.025,-0.175,0.5983170166015624,0.7432623291015625,v2/surfaces.csv,recalibrated
resolution_max_b1_gaussian_conv,0,0.025,-0.15,0.5201984558105469,0.6760898742675782,v2/surfaces.csv,recalibrated
resolution_max_b1_gaussian_conv,0,0.025,-0.125,0.4568368225097656,0.6241050415039062,v2/surfaces.csv,recalibrated
resolution_max_b1_gaussian_conv,0,0.025,-0.1,0.4058851318359375,0.5847007751464843,v2/surfaces.csv,recalibrated
resolution_max_b1_gaussian_conv,0,0.025,-0.075,0.3666610565185547,0.5560816040039063,v2/surfaces.csv,recalibrated
resolution_max_b1_gaussian_conv,0,0.025,-0.05,0.3377207183837891,0.5376388092041016,v2/surfaces.csv,recalibrated
resolution_max_b1_gaussian_conv,0,0.025,-0.025,0.3190958557128906,0.5309061584472656,v2/surfaces.csv,recalibrated
resolution_max_b1_gaussian_conv,0,0.025,0.0,0.3107492980957031,0.532838363647461,v2/surfaces.csv,recalibrated
resolution_max_b1_gaussian_conv,0,0.025,0.025,0.3119571838378906,0.5402640533447266,v2/surfaces.csv,recalibrated
resolution_max_b1_gaussian_conv,0,0.025,0.05,0.3237073974609375,0.5534707946777344,v2/surfaces.csv,recalibrated
resolution_max_b1_gaussian_conv,0,0.025,0.075,0.3466361694335937,0.5726227111816407,v2/surfaces.csv,recalibrated
resolution_max_b1_gaussian_conv,0,0.025,0.1,0.3802616577148437,0.5988119812011719,v2/surfaces.csv,recalibrated
resolution_max_b1_gaussian_conv,0,0.025,0.125,0.4224112701416015,0.6337740173339844,v2/surfaces.csv,recalibrated
resolution_max_b1_gaussian_conv,0,0.025,0.15,0.4755648193359375,0.6786558227539062,v2/surfaces.csv,recalibrated
resolution_max_b1_gaussian_conv,0,0.025,0.175,0.5403652038574219,0.7325902709960938,v2/surfaces.csv,recalibrated
resolution_max_b1_gaussian_conv,0,0.025,0.2,0.6152263488769532,0.7958423461914063,v2/surfaces.csv,recalibrated
resolution_max_b1_gaussian_conv,0,0.025,0.225,0.6995158081054688,0.8690667419433594,v2/surfaces.csv,recalibrated
resolution_max_b1_gaussian_conv,0,0.025,0.25,0.7938326721191407,0.951511962890625,v2/surfaces.csv,recalibrated
resolution_max_b1_gaussian_conv,0,0.025,0.275,0.9001213684082031,1.0436593017578124,maxmonstre/eval/grid__combined__seed0__epoch_030__r32_G0__probes__f32.jsonl,recalibrated
resolution_max_b1_gaussian_conv,0,0.025,0.3,1.0168306274414065,1.1424396362304687,maxmonstre/eval/grid__combined__seed0__epoch_030__r32_G0__probes__f32.jsonl,recalibrated
resolution_max_b1_gaussian_conv,0,0.025,0.325,1.1410835571289062,1.244623779296875,maxmonstre/eval/grid__combined__seed0__epoch_030__r32_G0__probes__f32.jsonl,recalibrated
resolution_max_b1_gaussian_conv,0,0.025,0.35,1.2687228393554688,1.3534458618164062,maxmonstre/eval/grid__combined__seed0__epoch_030__r32_G0__probes__f32.jsonl,recalibrated
resolution_max_b1_gaussian_conv,0,0.025,0.375,1.400480224609375,1.4686500854492188,maxmonstre/eval/grid__combined__seed0__epoch_030__r32_G0__probes__f32.jsonl,recalibrated
resolution_max_b1_gaussian_conv,0,0.025,0.4,1.534916748046875,1.5886654663085935,maxmonstre/eval/grid__combined__seed0__epoch_030__r32_G0__probes__f32.jsonl,recalibrated
resolution_max_b1_gaussian_conv,0,0.025,0.425,1.6687428588867188,1.713416687011719,maxmonstre/eval/grid__combined__seed0__epoch_030__r32_G0__probes__f32.jsonl,recalibrated
resolution_max_b1_gaussian_conv,0,0.025,0.45,1.7984555053710938,1.839654296875,maxmonstre/eval/grid__combined__seed0__epoch_030__r32_G0__probes__f32.jsonl,recalibrated
resolution_max_b1_gaussian_conv,0,0.025,0.475,1.9233372192382807,1.9647693481445312,maxmonstre/eval/grid__combined__seed0__epoch_030__r32_G0__probes__f32.jsonl,recalibrated
resolution_max_b1_gaussian_conv,0,0.025,0.5,2.0426868896484374,2.084751708984375,maxmonstre/eval/grid__combined__seed0__epoch_030__r32_G0__probes__f32.jsonl,recalibrated
resolution_max_b1_gaussian_conv,0,0.05,-0.5,2.7518048095703125,2.9566435546875,maxmonstre/eval/grid__combined__seed0__epoch_030__r32_G0__probes__f32.jsonl,recalibrated
resolution_max_b1_gaussian_conv,0,0.05,-0.475,2.57105078125,2.762488037109375,maxmonstre/eval/grid__combined__seed0__epoch_030__r32_G0__probes__f32.jsonl,recalibrated
resolution_max_b1_gaussian_conv,0,0.05,-0.45,2.386085693359375,2.56342041015625,maxmonstre/eval/grid__combined__seed0__epoch_030__r32_G0__probes__f32.jsonl,recalibrated
resolution_max_b1_gaussian_conv,0,0.05,-0.425,2.194410400390625,2.3630333251953126,maxmonstre/eval/grid__combined__seed0__epoch_030__r32_G0__probes__f32.jsonl,recalibrated
resolution_max_b1_gaussian_conv,0,0.05,-0.4,2.0009164428710937,2.1641363525390624,maxmonstre/eval/grid__combined__seed0__epoch_030__r32_G0__probes__f32.jsonl,recalibrated
resolution_max_b1_gaussian_conv,0,0.05,-0.375,1.8081776123046875,1.9651734619140624,maxmonstre/eval/grid__combined__seed0__epoch_030__r32_G0__probes__f32.jsonl,recalibrated
resolution_max_b1_gaussian_conv,0,0.05,-0.35,1.618850341796875,1.7757637329101563,maxmonstre/eval/grid__combined__seed0__epoch_030__r32_G0__probes__f32.jsonl,recalibrated
resolution_max_b1_gaussian_conv,0,0.05,-0.325,1.4367222290039063,1.5894110717773438,maxmonstre/eval/grid__combined__seed0__epoch_030__r32_G0__probes__f32.jsonl,recalibrated
resolution_max_b1_gaussian_conv,0,0.05,-0.3,1.2650535888671874,1.4080684204101563,maxmonstre/eval/grid__combined__seed0__epoch_030__r32_G0__probes__f32.jsonl,recalibrated
resolution_max_b1_gaussian_conv,0,0.05,-0.275,1.1070202026367189,1.239345703125,maxmonstre/eval/grid__combined__seed0__epoch_030__r32_G0__probes__f32.jsonl,recalibrated
resolution_max_b1_gaussian_conv,0,0.05,-0.25,0.9643662109375,1.0883045654296877,v2/surfaces.csv,recalibrated
resolution_max_b1_gaussian_conv,0,0.05,-0.225,0.8366788330078125,0.9583233032226562,v2/surfaces.csv,recalibrated
resolution_max_b1_gaussian_conv,0,0.05,-0.2,0.7226511840820312,0.8499880981445312,v2/surfaces.csv,recalibrated
resolution_max_b1_gaussian_conv,0,0.05,-0.175,0.6248488464355468,0.76274462890625,v2/surfaces.csv,recalibrated
resolution_max_b1_gaussian_conv,0,0.05,-0.15,0.5438857879638672,0.693314208984375,v2/surfaces.csv,recalibrated
resolution_max_b1_gaussian_conv,0,0.05,-0.125,0.478513427734375,0.6398023681640626,v2/surfaces.csv,recalibrated
resolution_max_b1_gaussian_conv,0,0.05,-0.1,0.4261604766845703,0.59855859375,v2/surfaces.csv,recalibrated
resolution_max_b1_gaussian_conv,0,0.05,-0.075,0.3856452484130859,0.5705036926269531,v2/surfaces.csv,recalibrated
resolution_max_b1_gaussian_conv,0,0.05,-0.05,0.3558181762695312,0.5521119995117187,v2/surfaces.csv,recalibrated
resolution_max_b1_gaussian_conv,0,0.05,-0.025,0.3374773864746094,0.5446671447753906,v2/surfaces.csv,recalibrated
resolution_max_b1_gaussian_conv,0,0.05,0.0,0.3290703277587891,0.5467122192382813,v2/surfaces.csv,recalibrated
resolution_max_b1_gaussian_conv,0,0.05,0.025,0.3307634887695312,0.55514697265625,v2/surfaces.csv,recalibrated
resolution_max_b1_gaussian_conv,0,0.05,0.05,0.3422620239257812,0.5687384643554687,v2/surfaces.csv,recalibrated
resolution_max_b1_gaussian_conv,0,0.05,0.075,0.364995376586914,0.5885263061523438,v2/surfaces.csv,recalibrated
resolution_max_b1_gaussian_conv,0,0.05,0.1,0.3973712310791015,0.6160115966796875,v2/surfaces.csv,recalibrated
resolution_max_b1_gaussian_conv,0,0.05,0.125,0.4385709838867187,0.6520947570800781,v2/surfaces.csv,recalibrated
resolution_max_b1_gaussian_conv,0,0.05,0.15,0.490967300415039,0.6973739318847656,v2/surfaces.csv,recalibrated
resolution_max_b1_gaussian_conv,0,0.05,0.175,0.5554251708984375,0.751971923828125,v2/surfaces.csv,recalibrated
resolution_max_b1_gaussian_conv,0,0.05,0.2,0.6306651306152343,0.8163919372558593,v2/surfaces.csv,recalibrated
resolution_max_b1_gaussian_conv,0,0.05,0.225,0.7152503356933594,0.890088623046875,v2/surfaces.csv,recalibrated
resolution_max_b1_gaussian_conv,0,0.05,0.25,0.8102193908691406,0.9718680419921876,v2/surfaces.csv,recalibrated
resolution_max_b1_gaussian_conv,0,0.05,0.275,0.916861297607422,1.0634092712402343,maxmonstre/eval/grid__combined__seed0__epoch_030__r32_G0__probes__f32.jsonl,recalibrated
resolution_max_b1_gaussian_conv,0,0.05,0.3,1.0330008850097656,1.16028857421875,maxmonstre/eval/grid__combined__seed0__epoch_030__r32_G0__probes__f32.jsonl,recalibrated
resolution_max_b1_gaussian_conv,0,0.05,0.325,1.158645751953125,1.2636204833984377,maxmonstre/eval/grid__combined__seed0__epoch_030__r32_G0__probes__f32.jsonl,recalibrated
resolution_max_b1_gaussian_conv,0,0.05,0.35,1.2904080200195311,1.3773403930664063,maxmonstre/eval/grid__combined__seed0__epoch_030__r32_G0__probes__f32.jsonl,recalibrated
resolution_max_b1_gaussian_conv,0,0.05,0.375,1.4261268920898438,1.49642529296875,maxmonstre/eval/grid__combined__seed0__epoch_030__r32_G0__probes__f32.jsonl,recalibrated
resolution_max_b1_gaussian_conv,0,0.05,0.4,1.5630828857421877,1.61850927734375,maxmonstre/eval/grid__combined__seed0__epoch_030__r32_G0__probes__f32.jsonl,recalibrated
resolution_max_b1_gaussian_conv,0,0.05,0.425,1.6990337524414063,1.74362939453125,maxmonstre/eval/grid__combined__seed0__epoch_030__r32_G0__probes__f32.jsonl,recalibrated
resolution_max_b1_gaussian_conv,0,0.05,0.45,1.831590087890625,1.8717023315429688,maxmonstre/eval/grid__combined__seed0__epoch_030__r32_G0__probes__f32.jsonl,recalibrated
resolution_max_b1_gaussian_conv,0,0.05,0.475,1.9575789794921876,1.9977350463867187,maxmonstre/eval/grid__combined__seed0__epoch_030__r32_G0__probes__f32.jsonl,recalibrated
resolution_max_b1_gaussian_conv,0,0.05,0.5,2.078098388671875,2.1191971435546875,maxmonstre/eval/grid__combined__seed0__epoch_030__r32_G0__probes__f32.jsonl,recalibrated
resolution_max_b1_gaussian_conv,0,0.075,-0.5,2.7446148681640623,2.93542431640625,maxmonstre/eval/grid__combined__seed0__epoch_030__r32_G0__probes__f32.jsonl,recalibrated
resolution_max_b1_gaussian_conv,0,0.075,-0.475,2.564863525390625,2.7453084716796874,maxmonstre/eval/grid__combined__seed0__epoch_030__r32_G0__probes__f32.jsonl,recalibrated
resolution_max_b1_gaussian_conv,0,0.075,-0.45,2.38380712890625,2.552692260742188,maxmonstre/eval/grid__combined__seed0__epoch_030__r32_G0__probes__f32.jsonl,recalibrated
resolution_max_b1_gaussian_conv,0,0.075,-0.425,2.19985693359375,2.3589937744140625,maxmonstre/eval/grid__combined__seed0__epoch_030__r32_G0__probes__f32.jsonl,recalibrated
resolution_max_b1_gaussian_conv,0,0.075,-0.4,2.0119423828125,2.1663441162109374,maxmonstre/eval/grid__combined__seed0__epoch_030__r32_G0__probes__f32.jsonl,recalibrated
resolution_max_b1_gaussian_conv,0,0.075,-0.375,1.824635803222656,1.9814238891601563,maxmonstre/eval/grid__combined__seed0__epoch_030__r32_G0__probes__f32.jsonl,recalibrated
resolution_max_b1_gaussian_conv,0,0.075,-0.35,1.639364501953125,1.79615234375,maxmonstre/eval/grid__combined__seed0__epoch_030__r32_G0__probes__f32.jsonl,recalibrated
resolution_max_b1_gaussian_conv,0,0.075,-0.325,1.4643722534179688,1.6146573486328124,maxmonstre/eval/grid__combined__seed0__epoch_030__r32_G0__probes__f32.jsonl,recalibrated
resolution_max_b1_gaussian_conv,0,0.075,-0.3,1.2986319580078125,1.4391368408203125,maxmonstre/eval/grid__combined__seed0__epoch_030__r32_G0__probes__f32.jsonl,recalibrated
resolution_max_b1_gaussian_conv,0,0.075,-0.275,1.1450867919921874,1.2733670654296876,maxmonstre/eval/grid__combined__seed0__epoch_030__r32_G0__probes__f32.jsonl,recalibrated
resolution_max_b1_gaussian_conv,0,0.075,-0.25,1.0061797485351562,1.1268690185546877,v2/surfaces.csv,recalibrated
resolution_max_b1_gaussian_conv,0,0.075,-0.225,0.882550537109375,0.9980601501464844,v2/surfaces.csv,recalibrated
resolution_max_b1_gaussian_conv,0,0.075,-0.2,0.7704814147949218,0.8894679565429687,v2/surfaces.csv,recalibrated
resolution_max_b1_gaussian_conv,0,0.075,-0.175,0.6722944641113281,0.7993037414550781,v2/surfaces.csv,recalibrated
resolution_max_b1_gaussian_conv,0,0.075,-0.15,0.5870836181640625,0.7268682250976563,v2/surfaces.csv,recalibrated
resolution_max_b1_gaussian_conv,0,0.075,-0.125,0.5169379577636719,0.6697900390625,v2/surfaces.csv,recalibrated
resolution_max_b1_gaussian_conv,0,0.075,-0.1,0.4607026977539062,0.6263627319335937,v2/surfaces.csv,recalibrated
resolution_max_b1_gaussian_conv,0,0.075,-0.075,0.4185657043457031,0.59740771484375,v2/surfaces.csv,recalibrated
resolution_max_b1_gaussian_conv,0,0.075,-0.05,0.3879801940917968,0.5783207702636719,v2/surfaces.csv,recalibrated
resolution_max_b1_gaussian_conv,0,0.075,-0.025,0.3688888854980469,0.5690780029296875,v2/surfaces.csv,recalibrated
resolution_max_b1_gaussian_conv,0,0.075,0.0,0.3610829467773437,0.5693607177734376,v2/surfaces.csv,recalibrated
resolution_max_b1_gaussian_conv,0,0.075,0.025,0.3630390167236328,0.5774239807128906,v2/surfaces.csv,recalibrated
resolution_max_b1_gaussian_conv,0,0.075,0.05,0.3750921630859375,0.5927501831054688,v2/surfaces.csv,recalibrated
resolution_max_b1_gaussian_conv,0,0.075,0.075,0.3983468017578125,0.612858154296875,v2/surfaces.csv,recalibrated
resolution_max_b1_gaussian_conv,0,0.075,0.1,0.4309195861816406,0.6412104797363282,v2/surfaces.csv,recalibrated
resolution_max_b1_gaussian_conv,0,0.075,0.125,0.4705669708251953,0.6788507080078126,v2/surfaces.csv,recalibrated
resolution_max_b1_gaussian_conv,0,0.075,0.15,0.5222572631835938,0.7247365112304688,v2/surfaces.csv,recalibrated
resolution_max_b1_gaussian_conv,0,0.075,0.175,0.5851289672851563,0.7795125732421875,v2/surfaces.csv,recalibrated
resolution_max_b1_gaussian_conv,0,0.075,0.2,0.6589265441894532,0.8431316223144532,v2/surfaces.csv,recalibrated
resolution_max_b1_gaussian_conv,0,0.075,0.225,0.7426369323730468,0.9173669738769532,v2/surfaces.csv,recalibrated
resolution_max_b1_gaussian_conv,0,0.075,0.25,0.8385811157226563,1.001628662109375,v2/surfaces.csv,recalibrated
resolution_max_b1_gaussian_conv,0,0.075,0.275,0.9471148681640624,1.0952115478515625,maxmonstre/eval/grid__combined__seed0__epoch_030__r32_G0__probes__f32.jsonl,recalibrated
resolution_max_b1_gaussian_conv,0,0.075,0.3,1.0632198486328126,1.1941022338867189,maxmonstre/eval/grid__combined__seed0__epoch_030__r32_G0__probes__f32.jsonl,recalibrated
resolution_max_b1_gaussian_conv,0,0.075,0.325,1.188416259765625,1.299004638671875,maxmonstre/eval/grid__combined__seed0__epoch_030__r32_G0__probes__f32.jsonl,recalibrated
resolution_max_b1_gaussian_conv,0,0.075,0.35,1.3206411743164062,1.412175537109375,maxmonstre/eval/grid__combined__seed0__epoch_030__r32_G0__probes__f32.jsonl,recalibrated
resolution_max_b1_gaussian_conv,0,0.075,0.375,1.4584292602539062,1.53303662109375,maxmonstre/eval/grid__combined__seed0__epoch_030__r32_G0__probes__f32.jsonl,recalibrated
resolution_max_b1_gaussian_conv,0,0.075,0.4,1.5993848266601562,1.6569637451171877,maxmonstre/eval/grid__combined__seed0__epoch_030__r32_G0__probes__f32.jsonl,recalibrated
resolution_max_b1_gaussian_conv,0,0.075,0.425,1.7380448608398438,1.783254943847656,maxmonstre/eval/grid__combined__seed0__epoch_030__r32_G0__probes__f32.jsonl,recalibrated
resolution_max_b1_gaussian_conv,0,0.075,0.45,1.871482421875,1.9121800537109372,maxmonstre/eval/grid__combined__seed0__epoch_030__r32_G0__probes__f32.jsonl,recalibrated
resolution_max_b1_gaussian_conv,0,0.075,0.475,1.9996515502929688,2.0397994995117186,maxmonstre/eval/grid__combined__seed0__epoch_030__r32_G0__probes__f32.jsonl,recalibrated
resolution_max_b1_gaussian_conv,0,0.075,0.5,2.1191661376953124,2.161401123046875,maxmonstre/eval/grid__combined__seed0__epoch_030__r32_G0__probes__f32.jsonl,recalibrated
resolution_max_b1_gaussian_conv,0,0.1,-0.5,2.7475001220703126,2.9227822265625,maxmonstre/eval/grid__combined__seed0__epoch_030__r32_G0__probes__f32.jsonl,recalibrated
resolution_max_b1_gaussian_conv,0,0.1,-0.475,2.5739150390625,2.74030322265625,maxmonstre/eval/grid__combined__seed0__epoch_030__r32_G0__probes__f32.jsonl,recalibrated
resolution_max_b1_gaussian_conv,0,0.1,-0.45,2.3971884765625,2.5547177734375,maxmonstre/eval/grid__combined__seed0__epoch_030__r32_G0__probes__f32.jsonl,recalibrated
resolution_max_b1_gaussian_conv,0,0.1,-0.425,2.2193082275390625,2.36923779296875,maxmonstre/eval/grid__combined__seed0__epoch_030__r32_G0__probes__f32.jsonl,recalibrated
resolution_max_b1_gaussian_conv,0,0.1,-0.4,2.0390731201171874,2.182765747070313,maxmonstre/eval/grid__combined__seed0__epoch_030__r32_G0__probes__f32.jsonl,recalibrated
resolution_max_b1_gaussian_conv,0,0.1,-0.375,1.8580015869140625,2.0009036865234373,maxmonstre/eval/grid__combined__seed0__epoch_030__r32_G0__probes__f32.jsonl,recalibrated
resolution_max_b1_gaussian_conv,0,0.1,-0.35,1.6778387451171874,1.822875671386719,maxmonstre/eval/grid__combined__seed0__epoch_030__r32_G0__probes__f32.jsonl,recalibrated
resolution_max_b1_gaussian_conv,0,0.1,-0.325,1.5069549560546875,1.6479962768554688,maxmonstre/eval/grid__combined__seed0__epoch_030__r32_G0__probes__f32.jsonl,recalibrated
resolution_max_b1_gaussian_conv,0,0.1,-0.3,1.348459228515625,1.4797822265625,maxmonstre/eval/grid__combined__seed0__epoch_030__r32_G0__probes__f32.jsonl,recalibrated
resolution_max_b1_gaussian_conv,0,0.1,-0.275,1.2002158813476562,1.3199122314453124,maxmonstre/eval/grid__combined__seed0__epoch_030__r32_G0__probes__f32.jsonl,recalibrated
resolution_max_b1_gaussian_conv,0,0.1,-0.25,1.0654826049804689,1.1786932373046874,v2/surfaces.csv,recalibrated
resolution_max_b1_gaussian_conv,0,0.1,-0.225,0.9436956787109376,1.053468994140625,v2/surfaces.csv,recalibrated
resolution_max_b1_gaussian_conv,0,0.1,-0.2,0.8343013610839843,0.944674072265625,v2/surfaces.csv,recalibrated
resolution_max_b1_gaussian_conv,0,0.1,-0.175,0.7349545593261719,0.8542493896484376,v2/surfaces.csv,recalibrated
resolution_max_b1_gaussian_conv,0,0.1,-0.15,0.6477277221679687,0.7773472595214844,v2/surfaces.csv,recalibrated
resolution_max_b1_gaussian_conv,0,0.1,-0.125,0.5738394470214844,0.7151670532226563,v2/surfaces.csv,recalibrated
resolution_max_b1_gaussian_conv,0,0.1,-0.1,0.514009521484375,0.668428466796875,v2/surfaces.csv,recalibrated
resolution_max_b1_gaussian_conv,0,0.1,-0.075,0.4693526763916015,0.63800244140625,v2/surfaces.csv,recalibrated
resolution_max_b1_gaussian_conv,0,0.1,-0.05,0.4377951354980469,0.6165280151367187,v2/surfaces.csv,recalibrated
resolution_max_b1_gaussian_conv,0,0.1,-0.025,0.4174087524414062,0.6053726501464843,v2/surfaces.csv,recalibrated
resolution_max_b1_gaussian_conv,0,0.1,0.0,0.4084538269042969,0.6040673828125,v2/surfaces.csv,recalibrated
resolution_max_b1_gaussian_conv,0,0.1,0.025,0.4100377349853515,0.6109421081542968,v2/surfaces.csv,recalibrated
resolution_max_b1_gaussian_conv,0,0.1,0.05,0.4223661499023437,0.6256249084472656,v2/surfaces.csv,recalibrated
resolution_max_b1_gaussian_conv,0,0.1,0.075,0.4449411315917969,0.6467573547363281,v2/surfaces.csv,recalibrated
resolution_max_b1_gaussian_conv,0,0.1,0.1,0.4770745086669922,0.6759418640136718,v2/surfaces.csv,recalibrated
resolution_max_b1_gaussian_conv,0,0.1,0.125,0.5180366821289063,0.7133614807128906,v2/surfaces.csv,recalibrated
resolution_max_b1_gaussian_conv,0,0.1,0.15,0.5685250854492188,0.760634765625,v2/surfaces.csv,recalibrated
resolution_max_b1_gaussian_conv,0,0.1,0.175,0.6306671447753907,0.8169786376953125,v2/surfaces.csv,recalibrated
resolution_max_b1_gaussian_conv,0,0.1,0.2,0.7020238342285157,0.8809441833496093,v2/surfaces.csv,recalibrated
resolution_max_b1_gaussian_conv,0,0.1,0.225,0.7848090515136719,0.9557646484375,v2/surfaces.csv,recalibrated
resolution_max_b1_gaussian_conv,0,0.1,0.25,0.8796283874511719,1.0404473876953124,v2/surfaces.csv,recalibrated
resolution_max_b1_gaussian_conv,0,0.1,0.275,0.9859831237792968,1.1369073486328125,maxmonstre/eval/grid__combined__seed0__epoch_030__r32_G0__probes__f32.jsonl,recalibrated
resolution_max_b1_gaussian_conv,0,0.1,0.3,1.1030894165039062,1.23993701171875,maxmonstre/eval/grid__combined__seed0__epoch_030__r32_G0__probes__f32.jsonl,recalibrated
resolution_max_b1_gaussian_conv,0,0.1,0.325,1.2293912963867188,1.3484756469726562,maxmonstre/eval/grid__combined__seed0__epoch_030__r32_G0__probes__f32.jsonl,recalibrated
resolution_max_b1_gaussian_conv,0,0.1,0.35,1.36173193359375,1.4631207275390623,maxmonstre/eval/grid__combined__seed0__epoch_030__r32_G0__probes__f32.jsonl,recalibrated
resolution_max_b1_gaussian_conv,0,0.1,0.375,1.5013051147460938,1.5842089233398438,maxmonstre/eval/grid__combined__seed0__epoch_030__r32_G0__probes__f32.jsonl,recalibrated
resolution_max_b1_gaussian_conv,0,0.1,0.4,1.642121826171875,1.7093240966796874,maxmonstre/eval/grid__combined__seed0__epoch_030__r32_G0__probes__f32.jsonl,recalibrated
resolution_max_b1_gaussian_conv,0,0.1,0.425,1.7838740844726562,1.835125244140625,maxmonstre/eval/grid__combined__seed0__epoch_030__r32_G0__probes__f32.jsonl,recalibrated
resolution_max_b1_gaussian_conv,0,0.1,0.45,1.9220596313476563,1.9611319580078128,maxmonstre/eval/grid__combined__seed0__epoch_030__r32_G0__probes__f32.jsonl,recalibrated
resolution_max_b1_gaussian_conv,0,0.1,0.475,2.0538409423828123,2.08705126953125,maxmonstre/eval/grid__combined__seed0__epoch_030__r32_G0__probes__f32.jsonl,recalibrated
resolution_max_b1_gaussian_conv,0,0.1,0.5,2.177831787109375,2.2099149169921875,maxmonstre/eval/grid__combined__seed0__epoch_030__r32_G0__probes__f32.jsonl,recalibrated
resolution_max_b1_gaussian_conv,0,0.125,-0.5,2.761141845703125,2.926236083984375,maxmonstre/eval/grid__combined__seed0__epoch_030__r32_G0__probes__f32.jsonl,recalibrated
resolution_max_b1_gaussian_conv,0,0.125,-0.475,2.594431518554688,2.755543334960937,maxmonstre/eval/grid__combined__seed0__epoch_030__r32_G0__probes__f32.jsonl,recalibrated
resolution_max_b1_gaussian_conv,0,0.125,-0.45,2.4258712158203126,2.577958251953125,maxmonstre/eval/grid__combined__seed0__epoch_030__r32_G0__probes__f32.jsonl,recalibrated
resolution_max_b1_gaussian_conv,0,0.125,-0.425,2.254694580078125,2.3976744384765625,maxmonstre/eval/grid__combined__seed0__epoch_030__r32_G0__probes__f32.jsonl,recalibrated
resolution_max_b1_gaussian_conv,0,0.125,-0.4,2.0790925903320314,2.213968017578125,maxmonstre/eval/grid__combined__seed0__epoch_030__r32_G0__probes__f32.jsonl,recalibrated
resolution_max_b1_gaussian_conv,0,0.125,-0.375,1.9036160278320315,2.035265686035156,maxmonstre/eval/grid__combined__seed0__epoch_030__r32_G0__probes__f32.jsonl,recalibrated
resolution_max_b1_gaussian_conv,0,0.125,-0.35,1.7291865844726562,1.8623817138671876,maxmonstre/eval/grid__combined__seed0__epoch_030__r32_G0__probes__f32.jsonl,recalibrated
resolution_max_b1_gaussian_conv,0,0.125,-0.325,1.5660882568359376,1.6931448364257813,maxmonstre/eval/grid__combined__seed0__epoch_030__r32_G0__probes__f32.jsonl,recalibrated
resolution_max_b1_gaussian_conv,0,0.125,-0.3,1.41337353515625,1.5310648193359375,maxmonstre/eval/grid__combined__seed0__epoch_030__r32_G0__probes__f32.jsonl,recalibrated
resolution_max_b1_gaussian_conv,0,0.125,-0.275,1.2693182983398437,1.380748779296875,maxmonstre/eval/grid__combined__seed0__epoch_030__r32_G0__probes__f32.jsonl,recalibrated
resolution_max_b1_gaussian_conv,0,0.125,-0.25,1.1380309448242187,1.243860595703125,v2/surfaces.csv,recalibrated
resolution_max_b1_gaussian_conv,0,0.125,-0.225,1.017934234619141,1.12033544921875,v2/surfaces.csv,recalibrated
resolution_max_b1_gaussian_conv,0,0.125,-0.2,0.909628662109375,1.0130906372070312,v2/surfaces.csv,recalibrated
resolution_max_b1_gaussian_conv,0,0.125,-0.175,0.8123372192382813,0.9211442260742188,v2/surfaces.csv,recalibrated
resolution_max_b1_gaussian_conv,0,0.125,-0.15,0.7247440185546875,0.8427395935058594,v2/surfaces.csv,recalibrated
resolution_max_b1_gaussian_conv,0,0.125,-0.125,0.6485662231445313,0.7791481323242188,v2/surfaces.csv,recalibrated
resolution_max_b1_gaussian_conv,0,0.125,-0.1,0.585811279296875,0.7288743286132813,v2/surfaces.csv,recalibrated
resolution_max_b1_gaussian_conv,0,0.125,-0.075,0.5377414093017578,0.692193359375,v2/surfaces.csv,recalibrated
resolution_max_b1_gaussian_conv,0,0.125,-0.05,0.5047870178222656,0.6687245483398437,v2/surfaces.csv,recalibrated
resolution_max_b1_gaussian_conv,0,0.125,-0.025,0.4824495086669922,0.654513427734375,v2/surfaces.csv,recalibrated
resolution_max_b1_gaussian_conv,0,0.125,0.0,0.4724484710693359,0.6507774353027344,v2/surfaces.csv,recalibrated
resolution_max_b1_gaussian_conv,0,0.125,0.025,0.4728858032226563,0.6561585693359375,v2/surfaces.csv,recalibrated
resolution_max_b1_gaussian_conv,0,0.125,0.05,0.4850736846923828,0.6695750427246093,v2/surfaces.csv,recalibrated
resolution_max_b1_gaussian_conv,0,0.125,0.075,0.5075968627929688,0.6911221923828125,v2/surfaces.csv,recalibrated
resolution_max_b1_gaussian_conv,0,0.125,0.1,0.5401006774902344,0.720341064453125,v2/surfaces.csv,recalibrated
resolution_max_b1_gaussian_conv,0,0.125,0.125,0.5814967956542969,0.75936083984375,v2/surfaces.csv,recalibrated
resolution_max_b1_gaussian_conv,0,0.125,0.15,0.6328732604980469,0.8063512573242188,v2/surfaces.csv,recalibrated
resolution_max_b1_gaussian_conv,0,0.125,0.175,0.694546630859375,0.8627442321777343,v2/surfaces.csv,recalibrated
resolution_max_b1_gaussian_conv,0,0.125,0.2,0.7650895385742188,0.9309175720214844,v2/surfaces.csv,recalibrated
resolution_max_b1_gaussian_conv,0,0.125,0.225,0.8455587768554688,1.0113611450195312,v2/surfaces.csv,recalibrated
resolution_max_b1_gaussian_conv,0,0.125,0.25,0.9356920471191408,1.0991593627929688,v2/surfaces.csv,recalibrated
resolution_max_b1_gaussian_conv,0,0.125,0.275,1.03930908203125,1.1952684326171874,maxmonstre/eval/grid__combined__seed0__epoch_030__r32_G0__probes__f32.jsonl,recalibrated
resolution_max_b1_gaussian_conv,0,0.125,0.3,1.1545263671875,1.2982030639648436,maxmonstre/eval/grid__combined__seed0__epoch_030__r32_G0__probes__f32.jsonl,recalibrated
resolution_max_b1_gaussian_conv,0,0.125,0.325,1.27969677734375,1.4079635009765623,maxmonstre/eval/grid__combined__seed0__epoch_030__r32_G0__probes__f32.jsonl,recalibrated
resolution_max_b1_gaussian_conv,0,0.125,0.35,1.4116854858398438,1.5213423461914062,maxmonstre/eval/grid__combined__seed0__epoch_030__r32_G0__probes__f32.jsonl,recalibrated
resolution_max_b1_gaussian_conv,0,0.125,0.375,1.5503228759765626,1.6434159545898437,maxmonstre/eval/grid__combined__seed0__epoch_030__r32_G0__probes__f32.jsonl,recalibrated
resolution_max_b1_gaussian_conv,0,0.125,0.4,1.692905517578125,1.7693665771484377,maxmonstre/eval/grid__combined__seed0__epoch_030__r32_G0__probes__f32.jsonl,recalibrated
resolution_max_b1_gaussian_conv,0,0.125,0.425,1.834204956054688,1.8937342529296877,maxmonstre/eval/grid__combined__seed0__epoch_030__r32_G0__probes__f32.jsonl,recalibrated
resolution_max_b1_gaussian_conv,0,0.125,0.45,1.976041931152344,2.0161818237304687,maxmonstre/eval/grid__combined__seed0__epoch_030__r32_G0__probes__f32.jsonl,recalibrated
resolution_max_b1_gaussian_conv,0,0.125,0.475,2.1121361083984374,2.1389632568359374,maxmonstre/eval/grid__combined__seed0__epoch_030__r32_G0__probes__f32.jsonl,recalibrated
resolution_max_b1_gaussian_conv,0,0.125,0.5,2.2412227783203127,2.2592037353515626,maxmonstre/eval/grid__combined__seed0__epoch_030__r32_G0__probes__f32.jsonl,recalibrated
resolution_max_b1_gaussian_conv,0,0.15,-0.5,2.784851318359375,2.945090087890625,maxmonstre/eval/grid__combined__seed0__epoch_030__r32_G0__probes__f32.jsonl,recalibrated
resolution_max_b1_gaussian_conv,0,0.15,-0.475,2.625042724609375,2.7812874755859376,maxmonstre/eval/grid__combined__seed0__epoch_030__r32_G0__probes__f32.jsonl,recalibrated
resolution_max_b1_gaussian_conv,0,0.15,-0.45,2.462770874023437,2.608595703125,maxmonstre/eval/grid__combined__seed0__epoch_030__r32_G0__probes__f32.jsonl,recalibrated
resolution_max_b1_gaussian_conv,0,0.15,-0.425,2.296596557617188,2.43324853515625,maxmonstre/eval/grid__combined__seed0__epoch_030__r32_G0__probes__f32.jsonl,recalibrated
resolution_max_b1_gaussian_conv,0,0.15,-0.4,2.1290361328125,2.2588720703125,maxmonstre/eval/grid__combined__seed0__epoch_030__r32_G0__probes__f32.jsonl,recalibrated
resolution_max_b1_gaussian_conv,0,0.15,-0.375,1.9614869995117188,2.086240478515625,maxmonstre/eval/grid__combined__seed0__epoch_030__r32_G0__probes__f32.jsonl,recalibrated
resolution_max_b1_gaussian_conv,0,0.15,-0.35,1.7957958374023435,1.918823181152344,maxmonstre/eval/grid__combined__seed0__epoch_030__r32_G0__probes__f32.jsonl,recalibrated
resolution_max_b1_gaussian_conv,0,0.15,-0.325,1.6390338134765623,1.7555069580078124,maxmonstre/eval/grid__combined__seed0__epoch_030__r32_G0__probes__f32.jsonl,recalibrated
resolution_max_b1_gaussian_conv,0,0.15,-0.3,1.4920664672851562,1.6012584228515625,maxmonstre/eval/grid__combined__seed0__epoch_030__r32_G0__probes__f32.jsonl,recalibrated
resolution_max_b1_gaussian_conv,0,0.15,-0.275,1.3539682006835938,1.4562702026367187,maxmonstre/eval/grid__combined__seed0__epoch_030__r32_G0__probes__f32.jsonl,recalibrated
resolution_max_b1_gaussian_conv,0,0.15,-0.25,1.226856689453125,1.3215480346679689,v2/surfaces.csv,recalibrated
resolution_max_b1_gaussian_conv,0,0.15,-0.225,1.1083314208984374,1.1986557006835938,v2/surfaces.csv,recalibrated
resolution_max_b1_gaussian_conv,0,0.15,-0.2,1.00061328125,1.0917172241210935,v2/surfaces.csv,recalibrated
resolution_max_b1_gaussian_conv,0,0.15,-0.175,0.9033790893554688,1.0006781005859375,v2/surfaces.csv,recalibrated
resolution_max_b1_gaussian_conv,0,0.15,-0.15,0.8166390075683594,0.922931671142578,v2/surfaces.csv,recalibrated
resolution_max_b1_gaussian_conv,0,0.15,-0.125,0.7402951354980469,0.8571914978027344,v2/surfaces.csv,recalibrated
resolution_max_b1_gaussian_conv,0,0.15,-0.1,0.6762920227050782,0.8026260070800781,v2/surfaces.csv,recalibrated
resolution_max_b1_gaussian_conv,0,0.15,-0.075,0.6259384765625,0.7616846008300782,v2/surfaces.csv,recalibrated
resolution_max_b1_gaussian_conv,0,0.15,-0.05,0.5900340270996094,0.7345370483398438,v2/surfaces.csv,recalibrated
resolution_max_b1_gaussian_conv,0,0.15,-0.025,0.5651644592285157,0.7182073059082031,v2/surfaces.csv,recalibrated
resolution_max_b1_gaussian_conv,0,0.15,0.0,0.5527808227539063,0.7111128845214844,v2/surfaces.csv,recalibrated
resolution_max_b1_gaussian_conv,0,0.15,0.025,0.5523377685546875,0.7154478149414063,v2/surfaces.csv,recalibrated
resolution_max_b1_gaussian_conv,0,0.15,0.05,0.5644695739746094,0.7292362365722657,v2/surfaces.csv,recalibrated
resolution_max_b1_gaussian_conv,0,0.15,0.075,0.5867694091796875,0.7510090942382812,v2/surfaces.csv,recalibrated
resolution_max_b1_gaussian_conv,0,0.15,0.1,0.6198056640625,0.7803221435546875,v2/surfaces.csv,recalibrated
resolution_max_b1_gaussian_conv,0,0.15,0.125,0.6619744873046876,0.8192039184570312,v2/surfaces.csv,recalibrated
resolution_max_b1_gaussian_conv,0,0.15,0.15,0.7124976806640625,0.8676701965332031,v2/surfaces.csv,recalibrated
resolution_max_b1_gaussian_conv,0,0.15,0.175,0.7737945556640625,0.9253750610351562,v2/surfaces.csv,recalibrated
resolution_max_b1_gaussian_conv,0,0.15,0.2,0.8447778930664063,0.9939151306152344,v2/surfaces.csv,recalibrated
resolution_max_b1_gaussian_conv,0,0.15,0.225,0.924248077392578,1.075155975341797,v2/surfaces.csv,recalibrated
resolution_max_b1_gaussian_conv,0,0.15,0.25,1.01261669921875,1.1683038330078126,v2/surfaces.csv,recalibrated
resolution_max_b1_gaussian_conv,0,0.15,0.275,1.1120543823242188,1.2698543701171876,maxmonstre/eval/grid__combined__seed0__epoch_030__r32_G0__probes__f32.jsonl,recalibrated
resolution_max_b1_gaussian_conv,0,0.15,0.3,1.2222378540039065,1.3764417114257812,maxmonstre/eval/grid__combined__seed0__epoch_030__r32_G0__probes__f32.jsonl,recalibrated
resolution_max_b1_gaussian_conv,0,0.15,0.325,1.3444862670898436,1.4857770385742188,maxmonstre/eval/grid__combined__seed0__epoch_030__r32_G0__probes__f32.jsonl,recalibrated
resolution_max_b1_gaussian_conv,0,0.15,0.35,1.4742299194335935,1.5988143310546874,maxmonstre/eval/grid__combined__seed0__epoch_030__r32_G0__probes__f32.jsonl,recalibrated
resolution_max_b1_gaussian_conv,0,0.15,0.375,1.6121488037109375,1.7138956909179688,maxmonstre/eval/grid__combined__seed0__epoch_030__r32_G0__probes__f32.jsonl,recalibrated
resolution_max_b1_gaussian_conv,0,0.15,0.4,1.7518162231445311,1.834359313964844,maxmonstre/eval/grid__combined__seed0__epoch_030__r32_G0__probes__f32.jsonl,recalibrated
resolution_max_b1_gaussian_conv,0,0.15,0.425,1.8911453247070316,1.95547119140625,maxmonstre/eval/grid__combined__seed0__epoch_030__r32_G0__probes__f32.jsonl,recalibrated
resolution_max_b1_gaussian_conv,0,0.15,0.45,2.032446594238281,2.078147521972656,maxmonstre/eval/grid__combined__seed0__epoch_030__r32_G0__probes__f32.jsonl,recalibrated
resolution_max_b1_gaussian_conv,0,0.15,0.475,2.16866552734375,2.1984755859375,maxmonstre/eval/grid__combined__seed0__epoch_030__r32_G0__probes__f32.jsonl,recalibrated
resolution_max_b1_gaussian_conv,0,0.15,0.5,2.29785107421875,2.3160897216796874,maxmonstre/eval/grid__combined__seed0__epoch_030__r32_G0__probes__f32.jsonl,recalibrated
resolution_max_b1_gaussian_conv,0,0.175,-0.5,2.814953125,2.967180419921875,maxmonstre/eval/grid__combined__seed0__epoch_030__r32_G0__probes__f32.jsonl,recalibrated
resolution_max_b1_gaussian_conv,0,0.175,-0.475,2.66257861328125,2.809724365234375,maxmonstre/eval/grid__combined__seed0__epoch_030__r32_G0__probes__f32.jsonl,recalibrated
resolution_max_b1_gaussian_conv,0,0.175,-0.45,2.50605859375,2.64586962890625,maxmonstre/eval/grid__combined__seed0__epoch_030__r32_G0__probes__f32.jsonl,recalibrated
resolution_max_b1_gaussian_conv,0,0.175,-0.425,2.3479796142578127,2.4811817626953125,maxmonstre/eval/grid__combined__seed0__epoch_030__r32_G0__probes__f32.jsonl,recalibrated
resolution_max_b1_gaussian_conv,0,0.175,-0.4,2.19108251953125,2.317080078125,maxmonstre/eval/grid__combined__seed0__epoch_030__r32_G0__probes__f32.jsonl,recalibrated
resolution_max_b1_gaussian_conv,0,0.175,-0.375,2.031100463867188,2.1530689697265624,maxmonstre/eval/grid__combined__seed0__epoch_030__r32_G0__probes__f32.jsonl,recalibrated
resolution_max_b1_gaussian_conv,0,0.175,-0.35,1.876476806640625,1.9882650146484373,maxmonstre/eval/grid__combined__seed0__epoch_030__r32_G0__probes__f32.jsonl,recalibrated
resolution_max_b1_gaussian_conv,0,0.175,-0.325,1.7268535766601565,1.8358226928710937,maxmonstre/eval/grid__combined__seed0__epoch_030__r32_G0__probes__f32.jsonl,recalibrated
resolution_max_b1_gaussian_conv,0,0.175,-0.3,1.5839315185546874,1.6888814086914063,maxmonstre/eval/grid__combined__seed0__epoch_030__r32_G0__probes__f32.jsonl,recalibrated
resolution_max_b1_gaussian_conv,0,0.175,-0.275,1.451154052734375,1.5465804443359374,maxmonstre/eval/grid__combined__seed0__epoch_030__r32_G0__probes__f32.jsonl,recalibrated
resolution_max_b1_gaussian_conv,0,0.175,-0.25,1.32608349609375,1.412052001953125,v2/surfaces.csv,recalibrated
resolution_max_b1_gaussian_conv,0,0.175,-0.225,1.2089200439453125,1.292212158203125,v2/surfaces.csv,recalibrated
resolution_max_b1_gaussian_conv,0,0.175,-0.2,1.104032501220703,1.1868455810546874,v2/surfaces.csv,recalibrated
resolution_max_b1_gaussian_conv,0,0.175,-0.175,1.0078941040039062,1.0947939453125,v2/surfaces.csv,recalibrated
resolution_max_b1_gaussian_conv,0,0.175,-0.15,0.9220430297851564,1.0163216552734375,v2/surfaces.csv,recalibrated
resolution_max_b1_gaussian_conv,0,0.175,-0.125,0.8461625061035156,0.9476878967285156,v2/surfaces.csv,recalibrated
resolution_max_b1_gaussian_conv,0,0.175,-0.1,0.7827084655761719,0.8898162231445312,v2/surfaces.csv,recalibrated
resolution_max_b1_gaussian_conv,0,0.175,-0.075,0.731891357421875,0.8448368225097657,v2/surfaces.csv,recalibrated
resolution_max_b1_gaussian_conv,0,0.175,-0.05,0.6934310913085937,0.815302001953125,v2/surfaces.csv,recalibrated
resolution_max_b1_gaussian_conv,0,0.175,-0.025,0.6670824584960937,0.7978016357421875,v2/surfaces.csv,recalibrated
resolution_max_b1_gaussian_conv,0,0.175,0.0,0.6520397644042969,0.7899970703125,v2/surfaces.csv,recalibrated
resolution_max_b1_gaussian_conv,0,0.175,0.025,0.6494400329589843,0.7924827270507813,v2/surfaces.csv,recalibrated
resolution_max_b1_gaussian_conv,0,0.175,0.05,0.66027685546875,0.8051275024414063,v2/surfaces.csv,recalibrated
resolution_max_b1_gaussian_conv,0,0.175,0.075,0.682074462890625,0.8259349670410157,v2/surfaces.csv,recalibrated
resolution_max_b1_gaussian_conv,0,0.175,0.1,0.7160818481445312,0.8571854858398438,v2/surfaces.csv,recalibrated
resolution_max_b1_gaussian_conv,0,0.175,0.125,0.7591004333496094,0.8961033630371094,v2/surfaces.csv,recalibrated
resolution_max_b1_gaussian_conv,0,0.175,0.15,0.8105039672851563,0.9464589233398436,v2/surfaces.csv,recalibrated
resolution_max_b1_gaussian_conv,0,0.175,0.175,0.8716328125,1.0061185302734377,v2/surfaces.csv,recalibrated
resolution_max_b1_gaussian_conv,0,0.175,0.2,0.9406816711425782,1.0760099182128906,v2/surfaces.csv,recalibrated
resolution_max_b1_gaussian_conv,0,0.175,0.225,1.0184968872070312,1.1573554077148438,v2/surfaces.csv,recalibrated
resolution_max_b1_gaussian_conv,0,0.175,0.25,1.108021728515625,1.2505037231445313,v2/surfaces.csv,recalibrated
resolution_max_b1_gaussian_conv,0,0.175,0.275,1.20458837890625,1.3491796875,maxmonstre/eval/grid__combined__seed0__epoch_030__r32_G0__probes__f32.jsonl,recalibrated
resolution_max_b1_gaussian_conv,0,0.175,0.3,1.3116923217773435,1.45435595703125,maxmonstre/eval/grid__combined__seed0__epoch_030__r32_G0__probes__f32.jsonl,recalibrated
resolution_max_b1_gaussian_conv,0,0.175,0.325,1.4291163940429688,1.565479248046875,maxmonstre/eval/grid__combined__seed0__epoch_030__r32_G0__probes__f32.jsonl,recalibrated
resolution_max_b1_gaussian_conv,0,0.175,0.35,1.5555001220703124,1.678448974609375,maxmonstre/eval/grid__combined__seed0__epoch_030__r32_G0__probes__f32.jsonl,recalibrated
resolution_max_b1_gaussian_conv,0,0.175,0.375,1.685802978515625,1.7927989501953123,maxmonstre/eval/grid__combined__seed0__epoch_030__r32_G0__probes__f32.jsonl,recalibrated
resolution_max_b1_gaussian_conv,0,0.175,0.4,1.82238671875,1.9072091674804688,maxmonstre/eval/grid__combined__seed0__epoch_030__r32_G0__probes__f32.jsonl,recalibrated
resolution_max_b1_gaussian_conv,0,0.175,0.425,1.9604962158203123,2.02381396484375,maxmonstre/eval/grid__combined__seed0__epoch_030__r32_G0__probes__f32.jsonl,recalibrated
resolution_max_b1_gaussian_conv,0,0.175,0.45,2.0953203125,2.1388145751953127,maxmonstre/eval/grid__combined__seed0__epoch_030__r32_G0__probes__f32.jsonl,recalibrated
resolution_max_b1_gaussian_conv,0,0.175,0.475,2.226689697265625,2.2551300048828127,maxmonstre/eval/grid__combined__seed0__epoch_030__r32_G0__probes__f32.jsonl,recalibrated
resolution_max_b1_gaussian_conv,0,0.175,0.5,2.350304931640625,2.36772900390625,maxmonstre/eval/grid__combined__seed0__epoch_030__r32_G0__probes__f32.jsonl,recalibrated
resolution_max_b1_gaussian_conv,0,0.2,-0.5,2.852421630859375,2.994659423828125,maxmonstre/eval/grid__combined__seed0__epoch_030__r32_G0__probes__f32.jsonl,recalibrated
resolution_max_b1_gaussian_conv,0,0.2,-0.475,2.708645263671875,2.84582861328125,maxmonstre/eval/grid__combined__seed0__epoch_030__r32_G0__probes__f32.jsonl,recalibrated
resolution_max_b1_gaussian_conv,0,0.2,-0.45,2.5622373046875,2.69397021484375,maxmonstre/eval/grid__combined__seed0__epoch_030__r32_G0__probes__f32.jsonl,recalibrated
resolution_max_b1_gaussian_conv,0,0.2,-0.425,2.4128580322265627,2.540416870117188,maxmonstre/eval/grid__combined__seed0__epoch_030__r32_G0__probes__f32.jsonl,recalibrated
resolution_max_b1_gaussian_conv,0,0.2,-0.4,2.26301513671875,2.385238647460937,maxmonstre/eval/grid__combined__seed0__epoch_030__r32_G0__probes__f32.jsonl,recalibrated
resolution_max_b1_gaussian_conv,0,0.2,-0.375,2.114700927734375,2.22973193359375,maxmonstre/eval/grid__combined__seed0__epoch_030__r32_G0__probes__f32.jsonl,recalibrated
resolution_max_b1_gaussian_conv,0,0.2,-0.35,1.9689924926757811,2.0746070556640626,maxmonstre/eval/grid__combined__seed0__epoch_030__r32_G0__probes__f32.jsonl,recalibrated
resolution_max_b1_gaussian_conv,0,0.2,-0.325,1.8265828857421875,1.9272240600585937,maxmonstre/eval/grid__combined__seed0__epoch_030__r32_G0__probes__f32.jsonl,recalibrated
resolution_max_b1_gaussian_conv,0,0.2,-0.3,1.6872635498046875,1.7863943481445312,maxmonstre/eval/grid__combined__seed0__epoch_030__r32_G0__probes__f32.jsonl,recalibrated
resolution_max_b1_gaussian_conv,0,0.2,-0.275,1.558425537109375,1.6480801391601565,maxmonstre/eval/grid__combined__seed0__epoch_030__r32_G0__probes__f32.jsonl,recalibrated
resolution_max_b1_gaussian_conv,0,0.2,-0.25,1.43567529296875,1.5163511352539063,v2/surfaces.csv,recalibrated
resolution_max_b1_gaussian_conv,0,0.2,-0.225,1.322020263671875,1.4002440185546876,v2/surfaces.csv,recalibrated
resolution_max_b1_gaussian_conv,0,0.2,-0.2,1.218233642578125,1.294427490234375,v2/surfaces.csv,recalibrated
resolution_max_b1_gaussian_conv,0,0.2,-0.175,1.124410400390625,1.2014697875976563,v2/surfaces.csv,recalibrated
resolution_max_b1_gaussian_conv,0,0.2,-0.15,1.0389500732421877,1.1214483642578126,v2/surfaces.csv,recalibrated
resolution_max_b1_gaussian_conv,0,0.2,-0.125,0.96537060546875,1.0505055541992188,v2/surfaces.csv,recalibrated
resolution_max_b1_gaussian_conv,0,0.2,-0.1,0.903452392578125,0.9914766540527344,v2/surfaces.csv,recalibrated
resolution_max_b1_gaussian_conv,0,0.2,-0.075,0.8541264038085937,0.9451862487792968,v2/surfaces.csv,recalibrated
resolution_max_b1_gaussian_conv,0,0.2,-0.05,0.8159356689453126,0.9137689208984376,v2/surfaces.csv,recalibrated
resolution_max_b1_gaussian_conv,0,0.2,-0.025,0.7865429382324218,0.892813232421875,v2/surfaces.csv,recalibrated
resolution_max_b1_gaussian_conv,0,0.2,0.0,0.7710443725585937,0.8833812255859375,v2/surfaces.csv,recalibrated
resolution_max_b1_gaussian_conv,0,0.2,0.025,0.7674234008789063,0.8857666320800781,v2/surfaces.csv,recalibrated
resolution_max_b1_gaussian_conv,0,0.2,0.05,0.77506689453125,0.8973461303710938,v2/surfaces.csv,recalibrated
resolution_max_b1_gaussian_conv,0,0.2,0.075,0.7952227783203125,0.9181322326660156,v2/surfaces.csv,recalibrated
resolution_max_b1_gaussian_conv,0,0.2,0.1,0.8270457153320312,0.9496668701171876,v2/surfaces.csv,recalibrated
resolution_max_b1_gaussian_conv,0,0.2,0.125,0.8708518371582031,0.9908806457519532,v2/surfaces.csv,recalibrated
resolution_max_b1_gaussian_conv,0,0.2,0.15,0.9229364013671876,1.0435658569335935,v2/surfaces.csv,recalibrated
resolution_max_b1_gaussian_conv,0,0.2,0.175,0.9827394409179688,1.1074990234375,v2/surfaces.csv,recalibrated
resolution_max_b1_gaussian_conv,0,0.2,0.2,1.0493688354492188,1.1798043212890623,v2/surfaces.csv,recalibrated
resolution_max_b1_gaussian_conv,0,0.2,0.225,1.1266312255859374,1.262354736328125,v2/surfaces.csv,recalibrated
resolution_max_b1_gaussian_conv,0,0.2,0.25,1.211294616699219,1.351998840332031,v2/surfaces.csv,recalibrated
resolution_max_b1_gaussian_conv,0,0.2,0.275,1.3084570922851562,1.4482731323242188,maxmonstre/eval/grid__combined__seed0__epoch_030__r32_G0__probes__f32.jsonl,recalibrated
resolution_max_b1_gaussian_conv,0,0.2,0.3,1.41550048828125,1.545530517578125,maxmonstre/eval/grid__combined__seed0__epoch_030__r32_G0__probes__f32.jsonl,recalibrated
resolution_max_b1_gaussian_conv,0,0.2,0.325,1.532536865234375,1.6483295288085935,maxmonstre/eval/grid__combined__seed0__epoch_030__r32_G0__probes__f32.jsonl,recalibrated
resolution_max_b1_gaussian_conv,0,0.2,0.35,1.6563654174804687,1.7581099853515625,maxmonstre/eval/grid__combined__seed0__epoch_030__r32_G0__probes__f32.jsonl,recalibrated
resolution_max_b1_gaussian_conv,0,0.2,0.375,1.7793729858398435,1.8716390991210936,maxmonstre/eval/grid__combined__seed0__epoch_030__r32_G0__probes__f32.jsonl,recalibrated
resolution_max_b1_gaussian_conv,0,0.2,0.4,1.9037677001953128,1.981612548828125,maxmonstre/eval/grid__combined__seed0__epoch_030__r32_G0__probes__f32.jsonl,recalibrated
resolution_max_b1_gaussian_conv,0,0.2,0.425,2.0329741821289065,2.093549743652344,maxmonstre/eval/grid__combined__seed0__epoch_030__r32_G0__probes__f32.jsonl,recalibrated
resolution_max_b1_gaussian_conv,0,0.2,0.45,2.16402685546875,2.20703759765625,maxmonstre/eval/grid__combined__seed0__epoch_030__r32_G0__probes__f32.jsonl,recalibrated
resolution_max_b1_gaussian_conv,0,0.2,0.475,2.2895499267578123,2.314283935546875,maxmonstre/eval/grid__combined__seed0__epoch_030__r32_G0__probes__f32.jsonl,recalibrated
resolution_max_b1_gaussian_conv,0,0.2,0.5,2.412228515625,2.418547607421875,maxmonstre/eval/grid__combined__seed0__epoch_030__r32_G0__probes__f32.jsonl,recalibrated
resolution_max_b1_gaussian_conv,0,0.225,-0.5,2.900291748046875,3.0333568115234373,maxmonstre/eval/grid__combined__seed0__epoch_030__r32_G0__probes__f32.jsonl,recalibrated
resolution_max_b1_gaussian_conv,0,0.225,-0.475,2.768283447265625,2.8929638671875,maxmonstre/eval/grid__combined__seed0__epoch_030__r32_G0__probes__f32.jsonl,recalibrated
resolution_max_b1_gaussian_conv,0,0.225,-0.45,2.6300953369140627,2.7501402587890627,maxmonstre/eval/grid__combined__seed0__epoch_030__r32_G0__probes__f32.jsonl,recalibrated
resolution_max_b1_gaussian_conv,0,0.225,-0.425,2.4890274658203126,2.60593603515625,maxmonstre/eval/grid__combined__seed0__epoch_030__r32_G0__probes__f32.jsonl,recalibrated
resolution_max_b1_gaussian_conv,0,0.225,-0.4,2.347904296875,2.461726806640625,maxmonstre/eval/grid__combined__seed0__epoch_030__r32_G0__probes__f32.jsonl,recalibrated
resolution_max_b1_gaussian_conv,0,0.225,-0.375,2.2074803466796875,2.3143895263671874,maxmonstre/eval/grid__combined__seed0__epoch_030__r32_G0__probes__f32.jsonl,recalibrated
resolution_max_b1_gaussian_conv,0,0.225,-0.35,2.070139404296875,2.168873413085937,maxmonstre/eval/grid__combined__seed0__epoch_030__r32_G0__probes__f32.jsonl,recalibrated
resolution_max_b1_gaussian_conv,0,0.225,-0.325,1.9346763305664063,2.0283580932617187,maxmonstre/eval/grid__combined__seed0__epoch_030__r32_G0__probes__f32.jsonl,recalibrated
resolution_max_b1_gaussian_conv,0,0.225,-0.3,1.80240771484375,1.8920548706054687,maxmonstre/eval/grid__combined__seed0__epoch_030__r32_G0__probes__f32.jsonl,recalibrated
resolution_max_b1_gaussian_conv,0,0.225,-0.275,1.6756640625,1.758452392578125,maxmonstre/eval/grid__combined__seed0__epoch_030__r32_G0__probes__f32.jsonl,recalibrated
resolution_max_b1_gaussian_conv,0,0.225,-0.25,1.555478271484375,1.6317256469726562,v2/surfaces.csv,recalibrated
resolution_max_b1_gaussian_conv,0,0.225,-0.225,1.445721923828125,1.5160531616210935,v2/surfaces.csv,recalibrated
resolution_max_b1_gaussian_conv,0,0.225,-0.2,1.3434498291015624,1.4127627563476564,v2/surfaces.csv,recalibrated
resolution_max_b1_gaussian_conv,0,0.225,-0.175,1.2485109252929687,1.3199210205078125,v2/surfaces.csv,recalibrated
resolution_max_b1_gaussian_conv,0,0.225,-0.15,1.1635447998046875,1.2377787475585935,v2/surfaces.csv,recalibrated
resolution_max_b1_gaussian_conv,0,0.225,-0.125,1.0918368530273437,1.1664268798828126,v2/surfaces.csv,recalibrated
resolution_max_b1_gaussian_conv,0,0.225,-0.1,1.0323117065429688,1.1070918579101563,v2/surfaces.csv,recalibrated
resolution_max_b1_gaussian_conv,0,0.225,-0.075,0.9841461791992188,1.06026611328125,v2/surfaces.csv,recalibrated
resolution_max_b1_gaussian_conv,0,0.225,-0.05,0.9473322448730468,1.026770782470703,v2/surfaces.csv,recalibrated
resolution_max_b1_gaussian_conv,0,0.225,-0.025,0.918809539794922,1.0037962646484375,v2/surfaces.csv,recalibrated
resolution_max_b1_gaussian_conv,0,0.225,0.0,0.9029365844726562,0.9917471923828124,v2/surfaces.csv,recalibrated
resolution_max_b1_gaussian_conv,0,0.225,0.025,0.8997892761230468,0.993187530517578,v2/surfaces.csv,recalibrated
resolution_max_b1_gaussian_conv,0,0.225,0.05,0.9071401977539062,1.0049700012207032,v2/surfaces.csv,recalibrated
resolution_max_b1_gaussian_conv,0,0.225,0.075,0.9247720642089844,1.027080078125,v2/surfaces.csv,recalibrated
resolution_max_b1_gaussian_conv,0,0.225,0.1,0.9554642944335936,1.0600047607421874,v2/surfaces.csv,recalibrated
resolution_max_b1_gaussian_conv,0,0.225,0.125,0.9976417846679688,1.1044739379882813,v2/surfaces.csv,recalibrated
resolution_max_b1_gaussian_conv,0,0.225,0.15,1.0497109375,1.1597088012695314,v2/surfaces.csv,recalibrated
resolution_max_b1_gaussian_conv,0,0.225,0.175,1.10698583984375,1.2257353515625,v2/surfaces.csv,recalibrated
resolution_max_b1_gaussian_conv,0,0.225,0.2,1.1710445556640623,1.299696044921875,v2/surfaces.csv,recalibrated
resolution_max_b1_gaussian_conv,0,0.225,0.225,1.245310302734375,1.3828639526367188,v2/surfaces.csv,recalibrated
resolution_max_b1_gaussian_conv,0,0.225,0.25,1.3310510864257812,1.4714775390625,v2/surfaces.csv,recalibrated
resolution_max_b1_gaussian_conv,0,0.225,0.275,1.4267860717773435,1.5625264892578126,maxmonstre/eval/grid__combined__seed0__epoch_030__r32_G0__probes__f32.jsonl,recalibrated
resolution_max_b1_gaussian_conv,0,0.225,0.3,1.5321658935546876,1.6579237670898437,maxmonstre/eval/grid__combined__seed0__epoch_030__r32_G0__probes__f32.jsonl,recalibrated
resolution_max_b1_gaussian_conv,0,0.225,0.325,1.6463480834960935,1.75434912109375,maxmonstre/eval/grid__combined__seed0__epoch_030__r32_G0__probes__f32.jsonl,recalibrated
resolution_max_b1_gaussian_conv,0,0.225,0.35,1.7665318603515625,1.85455517578125,maxmonstre/eval/grid__combined__seed0__epoch_030__r32_G0__probes__f32.jsonl,recalibrated
resolution_max_b1_gaussian_conv,0,0.225,0.375,1.8855385131835936,1.961089782714844,maxmonstre/eval/grid__combined__seed0__epoch_030__r32_G0__probes__f32.jsonl,recalibrated
resolution_max_b1_gaussian_conv,0,0.225,0.4,1.9998701171875,2.066898864746094,maxmonstre/eval/grid__combined__seed0__epoch_030__r32_G0__probes__f32.jsonl,recalibrated
resolution_max_b1_gaussian_conv,0,0.225,0.425,2.115111328125,2.1676888427734373,maxmonstre/eval/grid__combined__seed0__epoch_030__r32_G0__probes__f32.jsonl,recalibrated
resolution_max_b1_gaussian_conv,0,0.225,0.45,2.23577587890625,2.268627197265625,maxmonstre/eval/grid__combined__seed0__epoch_030__r32_G0__probes__f32.jsonl,recalibrated
resolution_max_b1_gaussian_conv,0,0.225,0.475,2.357309326171875,2.3707474365234376,maxmonstre/eval/grid__combined__seed0__epoch_030__r32_G0__probes__f32.jsonl,recalibrated
resolution_max_b1_gaussian_conv,0,0.225,0.5,2.4748887939453126,2.4733289794921878,maxmonstre/eval/grid__combined__seed0__epoch_030__r32_G0__probes__f32.jsonl,recalibrated
resolution_max_b1_gaussian_conv,0,0.25,-0.5,2.95926513671875,3.0801124267578124,maxmonstre/eval/grid__combined__seed0__epoch_030__r32_G0__probes__f32.jsonl,recalibrated
resolution_max_b1_gaussian_conv,0,0.25,-0.475,2.83373974609375,2.949469970703125,maxmonstre/eval/grid__combined__seed0__epoch_030__r32_G0__probes__f32.jsonl,recalibrated
resolution_max_b1_gaussian_conv,0,0.25,-0.45,2.7050728759765623,2.815079345703125,maxmonstre/eval/grid__combined__seed0__epoch_030__r32_G0__probes__f32.jsonl,recalibrated
resolution_max_b1_gaussian_conv,0,0.25,-0.425,2.5750020751953127,2.6778292236328123,maxmonstre/eval/grid__combined__seed0__epoch_030__r32_G0__probes__f32.jsonl,recalibrated
resolution_max_b1_gaussian_conv,0,0.25,-0.4,2.4419569091796878,2.5395279541015623,maxmonstre/eval/grid__combined__seed0__epoch_030__r32_G0__probes__f32.jsonl,recalibrated
resolution_max_b1_gaussian_conv,0,0.25,-0.375,2.30929833984375,2.4003798828125,maxmonstre/eval/grid__combined__seed0__epoch_030__r32_G0__probes__f32.jsonl,recalibrated
resolution_max_b1_gaussian_conv,0,0.25,-0.35,2.1783115234375,2.2623785400390624,maxmonstre/eval/grid__combined__seed0__epoch_030__r32_G0__probes__f32.jsonl,recalibrated
resolution_max_b1_gaussian_conv,0,0.25,-0.325,2.0476263427734374,2.130138427734375,maxmonstre/eval/grid__combined__seed0__epoch_030__r32_G0__probes__f32.jsonl,recalibrated
resolution_max_b1_gaussian_conv,0,0.25,-0.3,1.9214388427734372,2.0012618408203124,maxmonstre/eval/grid__combined__seed0__epoch_030__r32_G0__probes__f32.jsonl,recalibrated
resolution_max_b1_gaussian_conv,0,0.25,-0.275,1.7975032348632811,1.876205139160156,maxmonstre/eval/grid__combined__seed0__epoch_030__r32_G0__probes__f32.jsonl,recalibrated
resolution_max_b1_gaussian_conv,0,0.25,-0.25,1.6824680786132813,1.7556295166015623,v2/surfaces.csv,recalibrated
resolution_max_b1_gaussian_conv,0,0.25,-0.225,1.5758351440429688,1.6448004760742188,v2/surfaces.csv,recalibrated
resolution_max_b1_gaussian_conv,0,0.25,-0.2,1.4745048217773438,1.5434840087890624,v2/surfaces.csv,recalibrated
resolution_max_b1_gaussian_conv,0,0.25,-0.175,1.381162353515625,1.4505428466796877,v2/surfaces.csv,recalibrated
resolution_max_b1_gaussian_conv,0,0.25,-0.15,1.2973639526367189,1.3682987060546874,v2/surfaces.csv,recalibrated
resolution_max_b1_gaussian_conv,0,0.25,-0.125,1.2257227783203124,1.2954217529296874,v2/surfaces.csv,recalibrated
resolution_max_b1_gaussian_conv,0,0.25,-0.1,1.1670821533203124,1.2362006225585938,v2/surfaces.csv,recalibrated
resolution_max_b1_gaussian_conv,0,0.25,-0.075,1.1212281494140626,1.189385986328125,v2/surfaces.csv,recalibrated
resolution_max_b1_gaussian_conv,0,0.25,-0.05,1.0853215942382812,1.1553050537109375,v2/surfaces.csv,recalibrated
resolution_max_b1_gaussian_conv,0,0.25,-0.025,1.0597807006835938,1.1307088012695312,v2/surfaces.csv,recalibrated
resolution_max_b1_gaussian_conv,0,0.25,0.0,1.044947509765625,1.1178087158203125,v2/surfaces.csv,recalibrated
resolution_max_b1_gaussian_conv,0,0.25,0.025,1.0423788452148437,1.11793896484375,v2/surfaces.csv,recalibrated
resolution_max_b1_gaussian_conv,0,0.25,0.05,1.0514615783691406,1.1291536254882812,v2/surfaces.csv,recalibrated
resolution_max_b1_gaussian_conv,0,0.25,0.075,1.069013671875,1.1511741943359377,v2/surfaces.csv,recalibrated
resolution_max_b1_gaussian_conv,0,0.25,0.1,1.0984090576171874,1.1850432739257812,v2/surfaces.csv,recalibrated
resolution_max_b1_gaussian_conv,0,0.25,0.125,1.140277893066406,1.231269287109375,v2/surfaces.csv,recalibrated
resolution_max_b1_gaussian_conv,0,0.25,0.15,1.1896233520507813,1.2892955932617187,v2/surfaces.csv,recalibrated
resolution_max_b1_gaussian_conv,0,0.25,0.175,1.246370910644531,1.3563455810546876,v2/surfaces.csv,recalibrated
resolution_max_b1_gaussian_conv,0,0.25,0.2,1.3105891723632812,1.4305242919921874,v2/surfaces.csv,recalibrated
resolution_max_b1_gaussian_conv,0,0.25,0.225,1.3834771728515625,1.5133012084960935,v2/surfaces.csv,recalibrated
resolution_max_b1_gaussian_conv,0,0.25,0.25,1.467505615234375,1.6007428588867187,v2/surfaces.csv,recalibrated
resolution_max_b1_gaussian_conv,0,0.25,0.275,1.5612957763671875,1.6908426513671877,maxmonstre/eval/grid__combined__seed0__epoch_030__r32_G0__probes__f32.jsonl,recalibrated
resolution_max_b1_gaussian_conv,0,0.25,0.3,1.6619472045898438,1.7828683471679687,maxmonstre/eval/grid__combined__seed0__epoch_030__r32_G0__probes__f32.jsonl,recalibrated
resolution_max_b1_gaussian_conv,0,0.25,0.325,1.7693590698242188,1.8739608154296876,maxmonstre/eval/grid__combined__seed0__epoch_030__r32_G0__probes__f32.jsonl,recalibrated
resolution_max_b1_gaussian_conv,0,0.25,0.35,1.880804748535156,1.9658671875,maxmonstre/eval/grid__combined__seed0__epoch_030__r32_G0__probes__f32.jsonl,recalibrated
resolution_max_b1_gaussian_conv,0,0.25,0.375,1.991603759765625,2.061177307128906,maxmonstre/eval/grid__combined__seed0__epoch_030__r32_G0__probes__f32.jsonl,recalibrated
resolution_max_b1_gaussian_conv,0,0.25,0.4,2.102160888671875,2.1561204833984373,maxmonstre/eval/grid__combined__seed0__epoch_030__r32_G0__probes__f32.jsonl,recalibrated
resolution_max_b1_gaussian_conv,0,0.25,0.425,2.210616943359375,2.248606201171875,maxmonstre/eval/grid__combined__seed0__epoch_030__r32_G0__probes__f32.jsonl,recalibrated
resolution_max_b1_gaussian_conv,0,0.25,0.45,2.321723876953125,2.342361328125,maxmonstre/eval/grid__combined__seed0__epoch_030__r32_G0__probes__f32.jsonl,recalibrated
resolution_max_b1_gaussian_conv,0,0.25,0.475,2.432604370117188,2.4339342041015626,maxmonstre/eval/grid__combined__seed0__epoch_030__r32_G0__probes__f32.jsonl,recalibrated
resolution_max_b1_gaussian_conv,0,0.25,0.5,2.542557861328125,2.528010498046875,maxmonstre/eval/grid__combined__seed0__epoch_030__r32_G0__probes__f32.jsonl,recalibrated
resolution_max_b1_gaussian_conv,0,0.275,-0.5,3.02092919921875,3.130974365234375,maxmonstre/eval/grid__combined__seed0__epoch_030__r32_G0__probes__f32.jsonl,recalibrated
resolution_max_b1_gaussian_conv,0,0.275,-0.475,2.9032216796875,3.009548095703125,maxmonstre/eval/grid__combined__seed0__epoch_030__r32_G0__probes__f32.jsonl,recalibrated
resolution_max_b1_gaussian_conv,0,0.275,-0.45,2.7809981689453127,2.8835390625,maxmonstre/eval/grid__combined__seed0__epoch_030__r32_G0__probes__f32.jsonl,recalibrated
resolution_max_b1_gaussian_conv,0,0.275,-0.425,2.661024291992188,2.752472045898437,maxmonstre/eval/grid__combined__seed0__epoch_030__r32_G0__probes__f32.jsonl,recalibrated
resolution_max_b1_gaussian_conv,0,0.275,-0.4,2.5374012451171875,2.61964599609375,maxmonstre/eval/grid__combined__seed0__epoch_030__r32_G0__probes__f32.jsonl,recalibrated
resolution_max_b1_gaussian_conv,0,0.275,-0.375,2.411655029296875,2.48839013671875,maxmonstre/eval/grid__combined__seed0__epoch_030__r32_G0__probes__f32.jsonl,recalibrated
resolution_max_b1_gaussian_conv,0,0.275,-0.35,2.2868302001953125,2.3577001953125,maxmonstre/eval/grid__combined__seed0__epoch_030__r32_G0__probes__f32.jsonl,recalibrated
resolution_max_b1_gaussian_conv,0,0.275,-0.325,2.162714599609375,2.23459619140625,maxmonstre/eval/grid__combined__seed0__epoch_030__r32_G0__probes__f32.jsonl,recalibrated
resolution_max_b1_gaussian_conv,0,0.275,-0.3,2.042631652832031,2.11424609375,maxmonstre/eval/grid__combined__seed0__epoch_030__r32_G0__probes__f32.jsonl,recalibrated
resolution_max_b1_gaussian_conv,0,0.275,-0.275,1.9233259887695315,1.9972813720703124,maxmonstre/eval/grid__combined__seed0__epoch_030__r32_G0__probes__f32.jsonl,recalibrated
resolution_max_b1_gaussian_conv,0,0.275,-0.25,1.811900756835937,1.8851256713867188,maxmonstre/eval/grid__combined__seed0__epoch_030__r32_G0__probes__f32.jsonl,recalibrated
resolution_max_b1_gaussian_conv,0,0.275,-0.225,1.7084219970703125,1.7790474243164065,maxmonstre/eval/grid__combined__seed0__epoch_030__r32_G0__probes__f32.jsonl,recalibrated
resolution_max_b1_gaussian_conv,0,0.275,-0.2,1.6100734252929687,1.6831657104492188,maxmonstre/eval/grid__combined__seed0__epoch_030__r32_G0__probes__f32.jsonl,recalibrated
resolution_max_b1_gaussian_conv,0,0.275,-0.175,1.51909130859375,1.592109619140625,maxmonstre/eval/grid__combined__seed0__epoch_030__r32_G0__probes__f32.jsonl,recalibrated
resolution_max_b1_gaussian_conv,0,0.275,-0.15,1.4374780883789062,1.50972998046875,maxmonstre/eval/grid__combined__seed0__epoch_030__r32_G0__probes__f32.jsonl,recalibrated
resolution_max_b1_gaussian_conv,0,0.275,-0.125,1.3671376342773438,1.4371487426757812,maxmonstre/eval/grid__combined__seed0__epoch_030__r32_G0__probes__f32.jsonl,recalibrated
resolution_max_b1_gaussian_conv,0,0.275,-0.1,1.308425048828125,1.3776832275390625,maxmonstre/eval/grid__combined__seed0__epoch_030__r32_G0__probes__f32.jsonl,recalibrated
resolution_max_b1_gaussian_conv,0,0.275,-0.075,1.2639183349609375,1.3323402099609376,maxmonstre/eval/grid__combined__seed0__epoch_030__r32_G0__probes__f32.jsonl,recalibrated
resolution_max_b1_gaussian_conv,0,0.275,-0.05,1.2303861083984375,1.29660107421875,maxmonstre/eval/grid__combined__seed0__epoch_030__r32_G0__probes__f32.jsonl,recalibrated
resolution_max_b1_gaussian_conv,0,0.275,-0.025,1.2068021850585935,1.2716124877929686,maxmonstre/eval/grid__combined__seed0__epoch_030__r32_G0__probes__f32.jsonl,recalibrated
resolution_max_b1_gaussian_conv,0,0.275,0.0,1.1937571411132812,1.2569147338867188,maxmonstre/eval/grid__combined__seed0__epoch_030__r32_G0__probes__f32.jsonl,recalibrated
resolution_max_b1_gaussian_conv,0,0.275,0.025,1.19307275390625,1.2569774780273435,maxmonstre/eval/grid__combined__seed0__epoch_030__r32_G0__probes__f32.jsonl,recalibrated
resolution_max_b1_gaussian_conv,0,0.275,0.05,1.2036537475585938,1.26761572265625,maxmonstre/eval/grid__combined__seed0__epoch_030__r32_G0__probes__f32.jsonl,recalibrated
resolution_max_b1_gaussian_conv,0,0.275,0.075,1.2230045776367189,1.2889743041992188,maxmonstre/eval/grid__combined__seed0__epoch_030__r32_G0__probes__f32.jsonl,recalibrated
resolution_max_b1_gaussian_conv,0,0.275,0.1,1.25321923828125,1.32423583984375,maxmonstre/eval/grid__combined__seed0__epoch_030__r32_G0__probes__f32.jsonl,recalibrated
resolution_max_b1_gaussian_conv,0,0.275,0.125,1.293319580078125,1.3697587890625,maxmonstre/eval/grid__combined__seed0__epoch_030__r32_G0__probes__f32.jsonl,recalibrated
resolution_max_b1_gaussian_conv,0,0.275,0.15,1.3416357421875,1.4257632446289064,maxmonstre/eval/grid__combined__seed0__epoch_030__r32_G0__probes__f32.jsonl,recalibrated
resolution_max_b1_gaussian_conv,0,0.275,0.175,1.397920166015625,1.494235595703125,maxmonstre/eval/grid__combined__seed0__epoch_030__r32_G0__probes__f32.jsonl,recalibrated
resolution_max_b1_gaussian_conv,0,0.275,0.2,1.4626053466796876,1.5688114013671874,maxmonstre/eval/grid__combined__seed0__epoch_030__r32_G0__probes__f32.jsonl,recalibrated
resolution_max_b1_gaussian_conv,0,0.275,0.225,1.5339669799804687,1.649776123046875,maxmonstre/eval/grid__combined__seed0__epoch_030__r32_G0__probes__f32.jsonl,recalibrated
resolution_max_b1_gaussian_conv,0,0.275,0.25,1.6132703857421875,1.7343646850585936,maxmonstre/eval/grid__combined__seed0__epoch_030__r32_G0__probes__f32.jsonl,recalibrated
resolution_max_b1_gaussian_conv,0,0.275,0.275,1.70343896484375,1.8225923461914064,maxmonstre/eval/grid__combined__seed0__epoch_030__r32_G0__probes__f32.jsonl,recalibrated
resolution_max_b1_gaussian_conv,0,0.275,0.3,1.7990730590820312,1.91164404296875,maxmonstre/eval/grid__combined__seed0__epoch_030__r32_G0__probes__f32.jsonl,recalibrated
resolution_max_b1_gaussian_conv,0,0.275,0.325,1.897568298339844,1.999717041015625,maxmonstre/eval/grid__combined__seed0__epoch_030__r32_G0__probes__f32.jsonl,recalibrated
resolution_max_b1_gaussian_conv,0,0.275,0.35,2.002466796875,2.085214477539062,maxmonstre/eval/grid__combined__seed0__epoch_030__r32_G0__probes__f32.jsonl,recalibrated
resolution_max_b1_gaussian_conv,0,0.275,0.375,2.1060328369140624,2.1691256103515624,maxmonstre/eval/grid__combined__seed0__epoch_030__r32_G0__probes__f32.jsonl,recalibrated
resolution_max_b1_gaussian_conv,0,0.275,0.4,2.209575927734375,2.25476513671875,maxmonstre/eval/grid__combined__seed0__epoch_030__r32_G0__probes__f32.jsonl,recalibrated
resolution_max_b1_gaussian_conv,0,0.275,0.425,2.311269287109375,2.339058959960937,maxmonstre/eval/grid__combined__seed0__epoch_030__r32_G0__probes__f32.jsonl,recalibrated
resolution_max_b1_gaussian_conv,0,0.275,0.45,2.414633056640625,2.422590087890625,maxmonstre/eval/grid__combined__seed0__epoch_030__r32_G0__probes__f32.jsonl,recalibrated
resolution_max_b1_gaussian_conv,0,0.275,0.475,2.5172286376953124,2.5065732421875,maxmonstre/eval/grid__combined__seed0__epoch_030__r32_G0__probes__f32.jsonl,recalibrated
resolution_max_b1_gaussian_conv,0,0.275,0.5,2.621257080078125,2.5940015869140627,maxmonstre/eval/grid__combined__seed0__epoch_030__r32_G0__probes__f32.jsonl,recalibrated
resolution_max_b1_gaussian_conv,0,0.3,-0.5,3.0827562255859373,3.1826011962890624,maxmonstre/eval/grid__combined__seed0__epoch_030__r32_G0__probes__f32.jsonl,recalibrated
resolution_max_b1_gaussian_conv,0,0.3,-0.475,2.9707523193359373,3.0704337158203123,maxmonstre/eval/grid__combined__seed0__epoch_030__r32_G0__probes__f32.jsonl,recalibrated
resolution_max_b1_gaussian_conv,0,0.3,-0.45,2.858423095703125,2.952743896484375,maxmonstre/eval/grid__combined__seed0__epoch_030__r32_G0__probes__f32.jsonl,recalibrated
resolution_max_b1_gaussian_conv,0,0.3,-0.425,2.7454150390625,2.825642578125,maxmonstre/eval/grid__combined__seed0__epoch_030__r32_G0__probes__f32.jsonl,recalibrated
resolution_max_b1_gaussian_conv,0,0.3,-0.4,2.62973486328125,2.6992093505859374,maxmonstre/eval/grid__combined__seed0__epoch_030__r32_G0__probes__f32.jsonl,recalibrated
resolution_max_b1_gaussian_conv,0,0.3,-0.375,2.5106126708984373,2.5751387939453125,maxmonstre/eval/grid__combined__seed0__epoch_030__r32_G0__probes__f32.jsonl,recalibrated
resolution_max_b1_gaussian_conv,0,0.3,-0.35,2.38965869140625,2.4547071533203124,maxmonstre/eval/grid__combined__seed0__epoch_030__r32_G0__probes__f32.jsonl,recalibrated
resolution_max_b1_gaussian_conv,0,0.3,-0.325,2.2730557861328125,2.3388233642578125,maxmonstre/eval/grid__combined__seed0__epoch_030__r32_G0__probes__f32.jsonl,recalibrated
resolution_max_b1_gaussian_conv,0,0.3,-0.3,2.160641845703125,2.229188720703125,maxmonstre/eval/grid__combined__seed0__epoch_030__r32_G0__probes__f32.jsonl,recalibrated
resolution_max_b1_gaussian_conv,0,0.3,-0.275,2.050008056640625,2.120897705078125,maxmonstre/eval/grid__combined__seed0__epoch_030__r32_G0__probes__f32.jsonl,recalibrated
resolution_max_b1_gaussian_conv,0,0.3,-0.25,1.943606689453125,2.017693908691406,maxmonstre/eval/grid__combined__seed0__epoch_030__r32_G0__probes__f32.jsonl,recalibrated
resolution_max_b1_gaussian_conv,0,0.3,-0.225,1.8433235473632807,1.9197166748046877,maxmonstre/eval/grid__combined__seed0__epoch_030__r32_G0__probes__f32.jsonl,recalibrated
resolution_max_b1_gaussian_conv,0,0.3,-0.2,1.7498734130859377,1.827990478515625,maxmonstre/eval/grid__combined__seed0__epoch_030__r32_G0__probes__f32.jsonl,recalibrated
resolution_max_b1_gaussian_conv,0,0.3,-0.175,1.66064453125,1.7392337646484377,maxmonstre/eval/grid__combined__seed0__epoch_030__r32_G0__probes__f32.jsonl,recalibrated
resolution_max_b1_gaussian_conv,0,0.3,-0.15,1.5813257446289062,1.6595263061523438,maxmonstre/eval/grid__combined__seed0__epoch_030__r32_G0__probes__f32.jsonl,recalibrated
resolution_max_b1_gaussian_conv,0,0.3,-0.125,1.5143040161132812,1.5875003662109377,maxmonstre/eval/grid__combined__seed0__epoch_030__r32_G0__probes__f32.jsonl,recalibrated
resolution_max_b1_gaussian_conv,0,0.3,-0.1,1.457610595703125,1.5273153686523435,maxmonstre/eval/grid__combined__seed0__epoch_030__r32_G0__probes__f32.jsonl,recalibrated
resolution_max_b1_gaussian_conv,0,0.3,-0.075,1.4137160034179688,1.4828056640625,maxmonstre/eval/grid__combined__seed0__epoch_030__r32_G0__probes__f32.jsonl,recalibrated
resolution_max_b1_gaussian_conv,0,0.3,-0.05,1.3800535278320312,1.445663818359375,maxmonstre/eval/grid__combined__seed0__epoch_030__r32_G0__probes__f32.jsonl,recalibrated
resolution_max_b1_gaussian_conv,0,0.3,-0.025,1.3580950317382812,1.4191292724609377,maxmonstre/eval/grid__combined__seed0__epoch_030__r32_G0__probes__f32.jsonl,recalibrated
resolution_max_b1_gaussian_conv,0,0.3,0.0,1.3499264526367187,1.4042852783203126,maxmonstre/eval/grid__combined__seed0__epoch_030__r32_G0__probes__f32.jsonl,recalibrated
resolution_max_b1_gaussian_conv,0,0.3,0.025,1.35143603515625,1.402653625488281,maxmonstre/eval/grid__combined__seed0__epoch_030__r32_G0__probes__f32.jsonl,recalibrated
resolution_max_b1_gaussian_conv,0,0.3,0.05,1.3624010620117188,1.4137911376953125,maxmonstre/eval/grid__combined__seed0__epoch_030__r32_G0__probes__f32.jsonl,recalibrated
resolution_max_b1_gaussian_conv,0,0.3,0.075,1.383619140625,1.4348347778320312,maxmonstre/eval/grid__combined__seed0__epoch_030__r32_G0__probes__f32.jsonl,recalibrated
resolution_max_b1_gaussian_conv,0,0.3,0.1,1.4127515258789063,1.4699417114257811,maxmonstre/eval/grid__combined__seed0__epoch_030__r32_G0__probes__f32.jsonl,recalibrated
resolution_max_b1_gaussian_conv,0,0.3,0.125,1.4525458374023437,1.5146888427734375,maxmonstre/eval/grid__combined__seed0__epoch_030__r32_G0__probes__f32.jsonl,recalibrated
resolution_max_b1_gaussian_conv,0,0.3,0.15,1.4991510009765625,1.5697269897460937,maxmonstre/eval/grid__combined__seed0__epoch_030__r32_G0__probes__f32.jsonl,recalibrated
resolution_max_b1_gaussian_conv,0,0.3,0.175,1.5537264404296875,1.6357001953125,maxmonstre/eval/grid__combined__seed0__epoch_030__r32_G0__probes__f32.jsonl,recalibrated
resolution_max_b1_gaussian_conv,0,0.3,0.2,1.6188174438476564,1.7087481689453126,maxmonstre/eval/grid__combined__seed0__epoch_030__r32_G0__probes__f32.jsonl,recalibrated
resolution_max_b1_gaussian_conv,0,0.3,0.225,1.68710986328125,1.7856184692382813,maxmonstre/eval/grid__combined__seed0__epoch_030__r32_G0__probes__f32.jsonl,recalibrated
resolution_max_b1_gaussian_conv,0,0.3,0.25,1.7623426513671876,1.8682566528320312,maxmonstre/eval/grid__combined__seed0__epoch_030__r32_G0__probes__f32.jsonl,recalibrated
resolution_max_b1_gaussian_conv,0,0.3,0.275,1.8452288818359373,1.952486083984375,maxmonstre/eval/grid__combined__seed0__epoch_030__r32_G0__probes__f32.jsonl,recalibrated
resolution_max_b1_gaussian_conv,0,0.3,0.3,1.9334183349609373,2.0363823852539062,maxmonstre/eval/grid__combined__seed0__epoch_030__r32_G0__probes__f32.jsonl,recalibrated
resolution_max_b1_gaussian_conv,0,0.3,0.325,2.0269847412109376,2.1227796630859377,maxmonstre/eval/grid__combined__seed0__epoch_030__r32_G0__probes__f32.jsonl,recalibrated
resolution_max_b1_gaussian_conv,0,0.3,0.35,2.1277545166015623,2.206546630859375,maxmonstre/eval/grid__combined__seed0__epoch_030__r32_G0__probes__f32.jsonl,recalibrated
resolution_max_b1_gaussian_conv,0,0.3,0.375,2.2246466064453125,2.2848583984375,maxmonstre/eval/grid__combined__seed0__epoch_030__r32_G0__probes__f32.jsonl,recalibrated
resolution_max_b1_gaussian_conv,0,0.3,0.4,2.3210089111328127,2.3598175048828125,maxmonstre/eval/grid__combined__seed0__epoch_030__r32_G0__probes__f32.jsonl,recalibrated
resolution_max_b1_gaussian_conv,0,0.3,0.425,2.416478515625,2.4351717529296875,maxmonstre/eval/grid__combined__seed0__epoch_030__r32_G0__probes__f32.jsonl,recalibrated
resolution_max_b1_gaussian_conv,0,0.3,0.45,2.5135919189453126,2.5137066650390625,maxmonstre/eval/grid__combined__seed0__epoch_030__r32_G0__probes__f32.jsonl,recalibrated
resolution_max_b1_gaussian_conv,0,0.3,0.475,2.6100863037109376,2.592190185546875,maxmonstre/eval/grid__combined__seed0__epoch_030__r32_G0__probes__f32.jsonl,recalibrated
resolution_max_b1_gaussian_conv,0,0.3,0.5,2.704491943359375,2.67025146484375,maxmonstre/eval/grid__combined__seed0__epoch_030__r32_G0__probes__f32.jsonl,recalibrated
resolution_max_b1_gaussian_conv,0,0.325,-0.5,3.1425133056640626,3.233925048828125,maxmonstre/eval/grid__combined__seed0__epoch_030__r32_G0__probes__f32.jsonl,recalibrated
resolution_max_b1_gaussian_conv,0,0.325,-0.475,3.0381141357421875,3.128174682617188,maxmonstre/eval/grid__combined__seed0__epoch_030__r32_G0__probes__f32.jsonl,recalibrated
resolution_max_b1_gaussian_conv,0,0.325,-0.45,2.93167041015625,3.0147265625,maxmonstre/eval/grid__combined__seed0__epoch_030__r32_G0__probes__f32.jsonl,recalibrated
resolution_max_b1_gaussian_conv,0,0.325,-0.425,2.8249814453125,2.895101806640625,maxmonstre/eval/grid__combined__seed0__epoch_030__r32_G0__probes__f32.jsonl,recalibrated
resolution_max_b1_gaussian_conv,0,0.325,-0.4,2.715599365234375,2.775261962890625,maxmonstre/eval/grid__combined__seed0__epoch_030__r32_G0__probes__f32.jsonl,recalibrated
resolution_max_b1_gaussian_conv,0,0.325,-0.375,2.603639404296875,2.659711669921875,maxmonstre/eval/grid__combined__seed0__epoch_030__r32_G0__probes__f32.jsonl,recalibrated
resolution_max_b1_gaussian_conv,0,0.325,-0.35,2.488926025390625,2.5499886474609377,maxmonstre/eval/grid__combined__seed0__epoch_030__r32_G0__probes__f32.jsonl,recalibrated
resolution_max_b1_gaussian_conv,0,0.325,-0.325,2.379164306640625,2.442404663085937,maxmonstre/eval/grid__combined__seed0__epoch_030__r32_G0__probes__f32.jsonl,recalibrated
resolution_max_b1_gaussian_conv,0,0.325,-0.3,2.2761123046875,2.3409976806640627,maxmonstre/eval/grid__combined__seed0__epoch_030__r32_G0__probes__f32.jsonl,recalibrated
resolution_max_b1_gaussian_conv,0,0.325,-0.275,2.17425341796875,2.24441552734375,maxmonstre/eval/grid__combined__seed0__epoch_030__r32_G0__probes__f32.jsonl,recalibrated
resolution_max_b1_gaussian_conv,0,0.325,-0.25,2.0765016479492187,2.1528486328125,maxmonstre/eval/grid__combined__seed0__epoch_030__r32_G0__probes__f32.jsonl,recalibrated
resolution_max_b1_gaussian_conv,0,0.325,-0.225,1.984094970703125,2.0638111572265627,maxmonstre/eval/grid__combined__seed0__epoch_030__r32_G0__probes__f32.jsonl,recalibrated
resolution_max_b1_gaussian_conv,0,0.325,-0.2,1.892866943359375,1.9762127685546875,maxmonstre/eval/grid__combined__seed0__epoch_030__r32_G0__probes__f32.jsonl,recalibrated
resolution_max_b1_gaussian_conv,0,0.325,-0.175,1.80666748046875,1.8911976928710936,maxmonstre/eval/grid__combined__seed0__epoch_030__r32_G0__probes__f32.jsonl,recalibrated
resolution_max_b1_gaussian_conv,0,0.325,-0.15,1.728889404296875,1.8114547119140625,maxmonstre/eval/grid__combined__seed0__epoch_030__r32_G0__probes__f32.jsonl,recalibrated
resolution_max_b1_gaussian_conv,0,0.325,-0.125,1.6650093994140625,1.7391861572265626,maxmonstre/eval/grid__combined__seed0__epoch_030__r32_G0__probes__f32.jsonl,recalibrated
resolution_max_b1_gaussian_conv,0,0.325,-0.1,1.6105260009765625,1.6807450561523438,maxmonstre/eval/grid__combined__seed0__epoch_030__r32_G0__probes__f32.jsonl,recalibrated
resolution_max_b1_gaussian_conv,0,0.325,-0.075,1.567886962890625,1.633531005859375,maxmonstre/eval/grid__combined__seed0__epoch_030__r32_G0__probes__f32.jsonl,recalibrated
resolution_max_b1_gaussian_conv,0,0.325,-0.05,1.5356189575195311,1.595688232421875,maxmonstre/eval/grid__combined__seed0__epoch_030__r32_G0__probes__f32.jsonl,recalibrated
resolution_max_b1_gaussian_conv,0,0.325,-0.025,1.5153374633789063,1.56863818359375,maxmonstre/eval/grid__combined__seed0__epoch_030__r32_G0__probes__f32.jsonl,recalibrated
resolution_max_b1_gaussian_conv,0,0.325,0.0,1.510223388671875,1.554575927734375,maxmonstre/eval/grid__combined__seed0__epoch_030__r32_G0__probes__f32.jsonl,recalibrated
resolution_max_b1_gaussian_conv,0,0.325,0.025,1.5150394897460937,1.5515430908203125,maxmonstre/eval/grid__combined__seed0__epoch_030__r32_G0__probes__f32.jsonl,recalibrated
resolution_max_b1_gaussian_conv,0,0.325,0.05,1.526784973144531,1.5618604125976563,maxmonstre/eval/grid__combined__seed0__epoch_030__r32_G0__probes__f32.jsonl,recalibrated
resolution_max_b1_gaussian_conv,0,0.325,0.075,1.547839599609375,1.584539794921875,maxmonstre/eval/grid__combined__seed0__epoch_030__r32_G0__probes__f32.jsonl,recalibrated
resolution_max_b1_gaussian_conv,0,0.325,0.1,1.5753563232421874,1.6195210571289065,maxmonstre/eval/grid__combined__seed0__epoch_030__r32_G0__probes__f32.jsonl,recalibrated
resolution_max_b1_gaussian_conv,0,0.325,0.125,1.611455810546875,1.6629141845703126,maxmonstre/eval/grid__combined__seed0__epoch_030__r32_G0__probes__f32.jsonl,recalibrated
resolution_max_b1_gaussian_conv,0,0.325,0.15,1.6558592529296876,1.7151755981445314,maxmonstre/eval/grid__combined__seed0__epoch_030__r32_G0__probes__f32.jsonl,recalibrated
resolution_max_b1_gaussian_conv,0,0.325,0.175,1.7077289428710938,1.7789969482421877,maxmonstre/eval/grid__combined__seed0__epoch_030__r32_G0__probes__f32.jsonl,recalibrated
resolution_max_b1_gaussian_conv,0,0.325,0.2,1.769329040527344,1.8481051025390625,maxmonstre/eval/grid__combined__seed0__epoch_030__r32_G0__probes__f32.jsonl,recalibrated
resolution_max_b1_gaussian_conv,0,0.325,0.225,1.8383756713867188,1.921229736328125,maxmonstre/eval/grid__combined__seed0__epoch_030__r32_G0__probes__f32.jsonl,recalibrated
resolution_max_b1_gaussian_conv,0,0.325,0.25,1.912267578125,1.9990985107421877,maxmonstre/eval/grid__combined__seed0__epoch_030__r32_G0__probes__f32.jsonl,recalibrated
resolution_max_b1_gaussian_conv,0,0.325,0.275,1.9896654052734373,2.077376892089844,maxmonstre/eval/grid__combined__seed0__epoch_030__r32_G0__probes__f32.jsonl,recalibrated
resolution_max_b1_gaussian_conv,0,0.325,0.3,2.0706693115234374,2.1572425537109376,maxmonstre/eval/grid__combined__seed0__epoch_030__r32_G0__probes__f32.jsonl,recalibrated
resolution_max_b1_gaussian_conv,0,0.325,0.325,2.1579586181640624,2.239460693359375,maxmonstre/eval/grid__combined__seed0__epoch_030__r32_G0__probes__f32.jsonl,recalibrated
resolution_max_b1_gaussian_conv,0,0.325,0.35,2.2504989013671874,2.31718212890625,maxmonstre/eval/grid__combined__seed0__epoch_030__r32_G0__probes__f32.jsonl,recalibrated
resolution_max_b1_gaussian_conv,0,0.325,0.375,2.341249755859375,2.3943685302734377,maxmonstre/eval/grid__combined__seed0__epoch_030__r32_G0__probes__f32.jsonl,recalibrated
resolution_max_b1_gaussian_conv,0,0.325,0.4,2.4322945556640625,2.4680067138671875,maxmonstre/eval/grid__combined__seed0__epoch_030__r32_G0__probes__f32.jsonl,recalibrated
resolution_max_b1_gaussian_conv,0,0.325,0.425,2.522624389648437,2.536551513671875,maxmonstre/eval/grid__combined__seed0__epoch_030__r32_G0__probes__f32.jsonl,recalibrated
resolution_max_b1_gaussian_conv,0,0.325,0.45,2.613837890625,2.6056015625,maxmonstre/eval/grid__combined__seed0__epoch_030__r32_G0__probes__f32.jsonl,recalibrated
resolution_max_b1_gaussian_conv,0,0.325,0.475,2.7018446044921878,2.679353881835937,maxmonstre/eval/grid__combined__seed0__epoch_030__r32_G0__probes__f32.jsonl,recalibrated
resolution_max_b1_gaussian_conv,0,0.325,0.5,2.79025634765625,2.752665771484375,maxmonstre/eval/grid__combined__seed0__epoch_030__r32_G0__probes__f32.jsonl,recalibrated
resolution_max_b1_gaussian_conv,0,0.35,-0.5,3.1953759765625,3.284919677734375,maxmonstre/eval/grid__combined__seed0__epoch_030__r32_G0__probes__f32.jsonl,recalibrated
resolution_max_b1_gaussian_conv,0,0.35,-0.475,3.0992681884765627,3.1819022216796875,maxmonstre/eval/grid__combined__seed0__epoch_030__r32_G0__probes__f32.jsonl,recalibrated
resolution_max_b1_gaussian_conv,0,0.35,-0.45,2.9996458740234373,3.072607177734375,maxmonstre/eval/grid__combined__seed0__epoch_030__r32_G0__probes__f32.jsonl,recalibrated
resolution_max_b1_gaussian_conv,0,0.35,-0.425,2.898281005859375,2.9611219482421878,maxmonstre/eval/grid__combined__seed0__epoch_030__r32_G0__probes__f32.jsonl,recalibrated
resolution_max_b1_gaussian_conv,0,0.35,-0.4,2.7955533447265624,2.8482376708984374,maxmonstre/eval/grid__combined__seed0__epoch_030__r32_G0__probes__f32.jsonl,recalibrated
resolution_max_b1_gaussian_conv,0,0.35,-0.375,2.690857177734375,2.741330322265625,maxmonstre/eval/grid__combined__seed0__epoch_030__r32_G0__probes__f32.jsonl,recalibrated
resolution_max_b1_gaussian_conv,0,0.35,-0.35,2.585911499023437,2.6415615234375,maxmonstre/eval/grid__combined__seed0__epoch_030__r32_G0__probes__f32.jsonl,recalibrated
resolution_max_b1_gaussian_conv,0,0.35,-0.325,2.48487060546875,2.544789306640625,maxmonstre/eval/grid__combined__seed0__epoch_030__r32_G0__probes__f32.jsonl,recalibrated
resolution_max_b1_gaussian_conv,0,0.35,-0.3,2.3895380859375,2.4524716796875,maxmonstre/eval/grid__combined__seed0__epoch_030__r32_G0__probes__f32.jsonl,recalibrated
resolution_max_b1_gaussian_conv,0,0.35,-0.275,2.297001708984375,2.363004150390625,maxmonstre/eval/grid__combined__seed0__epoch_030__r32_G0__probes__f32.jsonl,recalibrated
resolution_max_b1_gaussian_conv,0,0.35,-0.25,2.207206298828125,2.2810469970703124,maxmonstre/eval/grid__combined__seed0__epoch_030__r32_G0__probes__f32.jsonl,recalibrated
resolution_max_b1_gaussian_conv,0,0.35,-0.225,2.120710205078125,2.201662109375,maxmonstre/eval/grid__combined__seed0__epoch_030__r32_G0__probes__f32.jsonl,recalibrated
resolution_max_b1_gaussian_conv,0,0.35,-0.2,2.034617431640625,2.1198126220703126,maxmonstre/eval/grid__combined__seed0__epoch_030__r32_G0__probes__f32.jsonl,recalibrated
resolution_max_b1_gaussian_conv,0,0.35,-0.175,1.953610595703125,2.0378419189453125,maxmonstre/eval/grid__combined__seed0__epoch_030__r32_G0__probes__f32.jsonl,recalibrated
resolution_max_b1_gaussian_conv,0,0.35,-0.15,1.880243103027344,1.959710693359375,maxmonstre/eval/grid__combined__seed0__epoch_030__r32_G0__probes__f32.jsonl,recalibrated
resolution_max_b1_gaussian_conv,0,0.35,-0.125,1.8187175903320312,1.890446044921875,maxmonstre/eval/grid__combined__seed0__epoch_030__r32_G0__probes__f32.jsonl,recalibrated
resolution_max_b1_gaussian_conv,0,0.35,-0.1,1.7657697143554687,1.8333997802734372,maxmonstre/eval/grid__combined__seed0__epoch_030__r32_G0__probes__f32.jsonl,recalibrated
resolution_max_b1_gaussian_conv,0,0.35,-0.075,1.723945068359375,1.7849547119140623,maxmonstre/eval/grid__combined__seed0__epoch_030__r32_G0__probes__f32.jsonl,recalibrated
resolution_max_b1_gaussian_conv,0,0.35,-0.05,1.692969482421875,1.7448753662109375,maxmonstre/eval/grid__combined__seed0__epoch_030__r32_G0__probes__f32.jsonl,recalibrated
resolution_max_b1_gaussian_conv,0,0.35,-0.025,1.6746845703125,1.718198486328125,maxmonstre/eval/grid__combined__seed0__epoch_030__r32_G0__probes__f32.jsonl,recalibrated
resolution_max_b1_gaussian_conv,0,0.35,0.0,1.6697740478515626,1.7047566528320313,maxmonstre/eval/grid__combined__seed0__epoch_030__r32_G0__probes__f32.jsonl,recalibrated
resolution_max_b1_gaussian_conv,0,0.35,0.025,1.6751898193359376,1.7036513671875,maxmonstre/eval/grid__combined__seed0__epoch_030__r32_G0__probes__f32.jsonl,recalibrated
resolution_max_b1_gaussian_conv,0,0.35,0.05,1.685706726074219,1.7129963989257813,maxmonstre/eval/grid__combined__seed0__epoch_030__r32_G0__probes__f32.jsonl,recalibrated
resolution_max_b1_gaussian_conv,0,0.35,0.075,1.704820068359375,1.7351620483398438,maxmonstre/eval/grid__combined__seed0__epoch_030__r32_G0__probes__f32.jsonl,recalibrated
resolution_max_b1_gaussian_conv,0,0.35,0.1,1.7325792236328126,1.7672384033203126,maxmonstre/eval/grid__combined__seed0__epoch_030__r32_G0__probes__f32.jsonl,recalibrated
resolution_max_b1_gaussian_conv,0,0.35,0.125,1.766785400390625,1.807543884277344,maxmonstre/eval/grid__combined__seed0__epoch_030__r32_G0__probes__f32.jsonl,recalibrated
resolution_max_b1_gaussian_conv,0,0.35,0.15,1.8083760986328128,1.8572532348632813,maxmonstre/eval/grid__combined__seed0__epoch_030__r32_G0__probes__f32.jsonl,recalibrated
resolution_max_b1_gaussian_conv,0,0.35,0.175,1.8580155029296876,1.917494018554688,maxmonstre/eval/grid__combined__seed0__epoch_030__r32_G0__probes__f32.jsonl,recalibrated
resolution_max_b1_gaussian_conv,0,0.35,0.2,1.9158299560546876,1.9825006713867188,maxmonstre/eval/grid__combined__seed0__epoch_030__r32_G0__probes__f32.jsonl,recalibrated
resolution_max_b1_gaussian_conv,0,0.35,0.225,1.98123974609375,2.050811828613281,maxmonstre/eval/grid__combined__seed0__epoch_030__r32_G0__probes__f32.jsonl,recalibrated
resolution_max_b1_gaussian_conv,0,0.35,0.25,2.05108544921875,2.1228603515625,maxmonstre/eval/grid__combined__seed0__epoch_030__r32_G0__probes__f32.jsonl,recalibrated
resolution_max_b1_gaussian_conv,0,0.35,0.275,2.127971435546875,2.196429443359375,maxmonstre/eval/grid__combined__seed0__epoch_030__r32_G0__probes__f32.jsonl,recalibrated
resolution_max_b1_gaussian_conv,0,0.35,0.3,2.2056484375,2.272286499023437,maxmonstre/eval/grid__combined__seed0__epoch_030__r32_G0__probes__f32.jsonl,recalibrated
resolution_max_b1_gaussian_conv,0,0.35,0.325,2.28773193359375,2.3478841552734373,maxmonstre/eval/grid__combined__seed0__epoch_030__r32_G0__probes__f32.jsonl,recalibrated
resolution_max_b1_gaussian_conv,0,0.35,0.35,2.3735079345703123,2.421527099609375,maxmonstre/eval/grid__combined__seed0__epoch_030__r32_G0__probes__f32.jsonl,recalibrated
resolution_max_b1_gaussian_conv,0,0.35,0.375,2.4579580078125,2.497150634765625,maxmonstre/eval/grid__combined__seed0__epoch_030__r32_G0__probes__f32.jsonl,recalibrated
resolution_max_b1_gaussian_conv,0,0.35,0.4,2.540318603515625,2.568824462890625,maxmonstre/eval/grid__combined__seed0__epoch_030__r32_G0__probes__f32.jsonl,recalibrated
resolution_max_b1_gaussian_conv,0,0.35,0.425,2.6233277587890624,2.635860107421875,maxmonstre/eval/grid__combined__seed0__epoch_030__r32_G0__probes__f32.jsonl,recalibrated
resolution_max_b1_gaussian_conv,0,0.35,0.45,2.7060025634765625,2.6994376220703127,maxmonstre/eval/grid__combined__seed0__epoch_030__r32_G0__probes__f32.jsonl,recalibrated
resolution_max_b1_gaussian_conv,0,0.35,0.475,2.7905439453125,2.764037841796875,maxmonstre/eval/grid__combined__seed0__epoch_030__r32_G0__probes__f32.jsonl,recalibrated
resolution_max_b1_gaussian_conv,0,0.35,0.5,2.872958984375,2.830064819335937,maxmonstre/eval/grid__combined__seed0__epoch_030__r32_G0__probes__f32.jsonl,recalibrated
resolution_max_b1_gaussian_conv,0,0.375,-0.5,3.2418115234375,3.33050439453125,maxmonstre/eval/grid__combined__seed0__epoch_030__r32_G0__probes__f32.jsonl,recalibrated
resolution_max_b1_gaussian_conv,0,0.375,-0.475,3.15055908203125,3.230572143554688,maxmonstre/eval/grid__combined__seed0__epoch_030__r32_G0__probes__f32.jsonl,recalibrated
resolution_max_b1_gaussian_conv,0,0.375,-0.45,3.058671875,3.1263070068359373,maxmonstre/eval/grid__combined__seed0__epoch_030__r32_G0__probes__f32.jsonl,recalibrated
resolution_max_b1_gaussian_conv,0,0.375,-0.425,2.965056884765625,3.021967529296875,maxmonstre/eval/grid__combined__seed0__epoch_030__r32_G0__probes__f32.jsonl,recalibrated
resolution_max_b1_gaussian_conv,0,0.375,-0.4,2.8714866943359376,2.919275634765625,maxmonstre/eval/grid__combined__seed0__epoch_030__r32_G0__probes__f32.jsonl,recalibrated
resolution_max_b1_gaussian_conv,0,0.375,-0.375,2.7775194091796878,2.822250244140625,maxmonstre/eval/grid__combined__seed0__epoch_030__r32_G0__probes__f32.jsonl,recalibrated
resolution_max_b1_gaussian_conv,0,0.375,-0.35,2.6802431640625,2.730711181640625,maxmonstre/eval/grid__combined__seed0__epoch_030__r32_G0__probes__f32.jsonl,recalibrated
resolution_max_b1_gaussian_conv,0,0.375,-0.325,2.5875985107421875,2.644953002929688,maxmonstre/eval/grid__combined__seed0__epoch_030__r32_G0__probes__f32.jsonl,recalibrated
resolution_max_b1_gaussian_conv,0,0.375,-0.3,2.501244140625,2.562450927734375,maxmonstre/eval/grid__combined__seed0__epoch_030__r32_G0__probes__f32.jsonl,recalibrated
resolution_max_b1_gaussian_conv,0,0.375,-0.275,2.4175113525390626,2.482912353515625,maxmonstre/eval/grid__combined__seed0__epoch_030__r32_G0__probes__f32.jsonl,recalibrated
resolution_max_b1_gaussian_conv,0,0.375,-0.25,2.335086181640625,2.4072003173828125,maxmonstre/eval/grid__combined__seed0__epoch_030__r32_G0__probes__f32.jsonl,recalibrated
resolution_max_b1_gaussian_conv,0,0.375,-0.225,2.254281005859375,2.33218017578125,maxmonstre/eval/grid__combined__seed0__epoch_030__r32_G0__probes__f32.jsonl,recalibrated
resolution_max_b1_gaussian_conv,0,0.375,-0.2,2.17594580078125,2.2555689697265624,maxmonstre/eval/grid__combined__seed0__epoch_030__r32_G0__probes__f32.jsonl,recalibrated
resolution_max_b1_gaussian_conv,0,0.375,-0.175,2.101462219238281,2.17906884765625,maxmonstre/eval/grid__combined__seed0__epoch_030__r32_G0__probes__f32.jsonl,recalibrated
resolution_max_b1_gaussian_conv,0,0.375,-0.15,2.030806884765625,2.104000732421875,maxmonstre/eval/grid__combined__seed0__epoch_030__r32_G0__probes__f32.jsonl,recalibrated
resolution_max_b1_gaussian_conv,0,0.375,-0.125,1.9714942626953125,2.036931396484375,maxmonstre/eval/grid__combined__seed0__epoch_030__r32_G0__probes__f32.jsonl,recalibrated
resolution_max_b1_gaussian_conv,0,0.375,-0.1,1.92068701171875,1.981501708984375,maxmonstre/eval/grid__combined__seed0__epoch_030__r32_G0__probes__f32.jsonl,recalibrated
resolution_max_b1_gaussian_conv,0,0.375,-0.075,1.88001171875,1.9349268798828123,maxmonstre/eval/grid__combined__seed0__epoch_030__r32_G0__probes__f32.jsonl,recalibrated
resolution_max_b1_gaussian_conv,0,0.375,-0.05,1.849718505859375,1.8972864990234373,maxmonstre/eval/grid__combined__seed0__epoch_030__r32_G0__probes__f32.jsonl,recalibrated
resolution_max_b1_gaussian_conv,0,0.375,-0.025,1.83245654296875,1.8690562744140624,maxmonstre/eval/grid__combined__seed0__epoch_030__r32_G0__probes__f32.jsonl,recalibrated
resolution_max_b1_gaussian_conv,0,0.375,0.0,1.8274055786132808,1.8530808715820315,maxmonstre/eval/grid__combined__seed0__epoch_030__r32_G0__probes__f32.jsonl,recalibrated
resolution_max_b1_gaussian_conv,0,0.375,0.025,1.8296336059570315,1.852603759765625,maxmonstre/eval/grid__combined__seed0__epoch_030__r32_G0__probes__f32.jsonl,recalibrated
resolution_max_b1_gaussian_conv,0,0.375,0.05,1.8384293823242188,1.862482727050781,maxmonstre/eval/grid__combined__seed0__epoch_030__r32_G0__probes__f32.jsonl,recalibrated
resolution_max_b1_gaussian_conv,0,0.375,0.075,1.8564300537109373,1.8812599487304689,maxmonstre/eval/grid__combined__seed0__epoch_030__r32_G0__probes__f32.jsonl,recalibrated
resolution_max_b1_gaussian_conv,0,0.375,0.1,1.8814739990234373,1.9103643798828125,maxmonstre/eval/grid__combined__seed0__epoch_030__r32_G0__probes__f32.jsonl,recalibrated
resolution_max_b1_gaussian_conv,0,0.375,0.125,1.9147142944335935,1.9480675659179687,maxmonstre/eval/grid__combined__seed0__epoch_030__r32_G0__probes__f32.jsonl,recalibrated
resolution_max_b1_gaussian_conv,0,0.375,0.15,1.955466552734375,1.996140563964844,maxmonstre/eval/grid__combined__seed0__epoch_030__r32_G0__probes__f32.jsonl,recalibrated
resolution_max_b1_gaussian_conv,0,0.375,0.175,2.002512573242188,2.050204345703125,maxmonstre/eval/grid__combined__seed0__epoch_030__r32_G0__probes__f32.jsonl,recalibrated
resolution_max_b1_gaussian_conv,0,0.375,0.2,2.05697998046875,2.10765869140625,maxmonstre/eval/grid__combined__seed0__epoch_030__r32_G0__probes__f32.jsonl,recalibrated
resolution_max_b1_gaussian_conv,0,0.375,0.225,2.1178521728515625,2.171096923828125,maxmonstre/eval/grid__combined__seed0__epoch_030__r32_G0__probes__f32.jsonl,recalibrated
resolution_max_b1_gaussian_conv,0,0.375,0.25,2.1844775390625,2.238091918945313,maxmonstre/eval/grid__combined__seed0__epoch_030__r32_G0__probes__f32.jsonl,recalibrated
resolution_max_b1_gaussian_conv,0,0.375,0.275,2.2583660888671875,2.306983276367188,maxmonstre/eval/grid__combined__seed0__epoch_030__r32_G0__probes__f32.jsonl,recalibrated
resolution_max_b1_gaussian_conv,0,0.375,0.3,2.33293115234375,2.3781473388671874,maxmonstre/eval/grid__combined__seed0__epoch_030__r32_G0__probes__f32.jsonl,recalibrated
resolution_max_b1_gaussian_conv,0,0.375,0.325,2.411510131835937,2.449780517578125,maxmonstre/eval/grid__combined__seed0__epoch_030__r32_G0__probes__f32.jsonl,recalibrated
resolution_max_b1_gaussian_conv,0,0.375,0.35,2.4942098388671874,2.5216419677734376,maxmonstre/eval/grid__combined__seed0__epoch_030__r32_G0__probes__f32.jsonl,recalibrated
resolution_max_b1_gaussian_conv,0,0.375,0.375,2.573081176757813,2.5936705322265623,maxmonstre/eval/grid__combined__seed0__epoch_030__r32_G0__probes__f32.jsonl,recalibrated
resolution_max_b1_gaussian_conv,0,0.375,0.4,2.6485030517578125,2.664088134765625,maxmonstre/eval/grid__combined__seed0__epoch_030__r32_G0__probes__f32.jsonl,recalibrated
resolution_max_b1_gaussian_conv,0,0.375,0.425,2.722877685546875,2.7300208740234373,maxmonstre/eval/grid__combined__seed0__epoch_030__r32_G0__probes__f32.jsonl,recalibrated
resolution_max_b1_gaussian_conv,0,0.375,0.45,2.79918896484375,2.7895211181640627,maxmonstre/eval/grid__combined__seed0__epoch_030__r32_G0__probes__f32.jsonl,recalibrated
resolution_max_b1_gaussian_conv,0,0.375,0.475,2.8765574951171877,2.8477406005859374,maxmonstre/eval/grid__combined__seed0__epoch_030__r32_G0__probes__f32.jsonl,recalibrated
resolution_max_b1_gaussian_conv,0,0.375,0.5,2.9550072021484377,2.90791552734375,maxmonstre/eval/grid__combined__seed0__epoch_030__r32_G0__probes__f32.jsonl,recalibrated
resolution_max_b1_gaussian_conv,0,0.4,-0.5,3.2786204833984374,3.3680330810546875,maxmonstre/eval/grid__combined__seed0__epoch_030__r32_G0__probes__f32.jsonl,recalibrated
resolution_max_b1_gaussian_conv,0,0.4,-0.475,3.1924049072265626,3.273616943359375,maxmonstre/eval/grid__combined__seed0__epoch_030__r32_G0__probes__f32.jsonl,recalibrated
resolution_max_b1_gaussian_conv,0,0.4,-0.45,3.106134033203125,3.1775146484375,maxmonstre/eval/grid__combined__seed0__epoch_030__r32_G0__probes__f32.jsonl,recalibrated
resolution_max_b1_gaussian_conv,0,0.4,-0.425,3.022,3.0818153076171875,maxmonstre/eval/grid__combined__seed0__epoch_030__r32_G0__probes__f32.jsonl,recalibrated
resolution_max_b1_gaussian_conv,0,0.4,-0.4,2.940785888671875,2.9891695556640623,maxmonstre/eval/grid__combined__seed0__epoch_030__r32_G0__probes__f32.jsonl,recalibrated
resolution_max_b1_gaussian_conv,0,0.4,-0.375,2.856791015625,2.9013372802734376,maxmonstre/eval/grid__combined__seed0__epoch_030__r32_G0__probes__f32.jsonl,recalibrated
resolution_max_b1_gaussian_conv,0,0.4,-0.35,2.7701455078125,2.8206595458984376,maxmonstre/eval/grid__combined__seed0__epoch_030__r32_G0__probes__f32.jsonl,recalibrated
resolution_max_b1_gaussian_conv,0,0.4,-0.325,2.6871497802734376,2.7424676513671877,maxmonstre/eval/grid__combined__seed0__epoch_030__r32_G0__probes__f32.jsonl,recalibrated
resolution_max_b1_gaussian_conv,0,0.4,-0.3,2.6082685546875,2.66962939453125,maxmonstre/eval/grid__combined__seed0__epoch_030__r32_G0__probes__f32.jsonl,recalibrated
resolution_max_b1_gaussian_conv,0,0.4,-0.275,2.533388671875,2.597417236328125,maxmonstre/eval/grid__combined__seed0__epoch_030__r32_G0__probes__f32.jsonl,recalibrated
resolution_max_b1_gaussian_conv,0,0.4,-0.25,2.4565982666015627,2.5267574462890625,maxmonstre/eval/grid__combined__seed0__epoch_030__r32_G0__probes__f32.jsonl,recalibrated
resolution_max_b1_gaussian_conv,0,0.4,-0.225,2.3818291015625,2.45485205078125,maxmonstre/eval/grid__combined__seed0__epoch_030__r32_G0__probes__f32.jsonl,recalibrated
resolution_max_b1_gaussian_conv,0,0.4,-0.2,2.3107353515625,2.38337255859375,maxmonstre/eval/grid__combined__seed0__epoch_030__r32_G0__probes__f32.jsonl,recalibrated
resolution_max_b1_gaussian_conv,0,0.4,-0.175,2.243438232421875,2.3127864990234377,maxmonstre/eval/grid__combined__seed0__epoch_030__r32_G0__probes__f32.jsonl,recalibrated
resolution_max_b1_gaussian_conv,0,0.4,-0.15,2.1783916015625,2.2438388671875,maxmonstre/eval/grid__combined__seed0__epoch_030__r32_G0__probes__f32.jsonl,recalibrated
resolution_max_b1_gaussian_conv,0,0.4,-0.125,2.121182983398437,2.18087451171875,maxmonstre/eval/grid__combined__seed0__epoch_030__r32_G0__probes__f32.jsonl,recalibrated
resolution_max_b1_gaussian_conv,0,0.4,-0.1,2.0713460693359376,2.1264786376953126,maxmonstre/eval/grid__combined__seed0__epoch_030__r32_G0__probes__f32.jsonl,recalibrated
resolution_max_b1_gaussian_conv,0,0.4,-0.075,2.0314320678710938,2.081859375,maxmonstre/eval/grid__combined__seed0__epoch_030__r32_G0__probes__f32.jsonl,recalibrated
resolution_max_b1_gaussian_conv,0,0.4,-0.05,2.004018310546875,2.047613525390625,maxmonstre/eval/grid__combined__seed0__epoch_030__r32_G0__probes__f32.jsonl,recalibrated
resolution_max_b1_gaussian_conv,0,0.4,-0.025,1.9882542724609376,2.019523498535156,maxmonstre/eval/grid__combined__seed0__epoch_030__r32_G0__probes__f32.jsonl,recalibrated
resolution_max_b1_gaussian_conv,0,0.4,0.0,1.9810286865234372,2.0020826416015627,maxmonstre/eval/grid__combined__seed0__epoch_030__r32_G0__probes__f32.jsonl,recalibrated
resolution_max_b1_gaussian_conv,0,0.4,0.025,1.9811638793945312,1.9970931396484373,maxmonstre/eval/grid__combined__seed0__epoch_030__r32_G0__probes__f32.jsonl,recalibrated
resolution_max_b1_gaussian_conv,0,0.4,0.05,1.9871287841796876,2.00440234375,maxmonstre/eval/grid__combined__seed0__epoch_030__r32_G0__probes__f32.jsonl,recalibrated
resolution_max_b1_gaussian_conv,0,0.4,0.075,2.003234741210937,2.021102294921875,maxmonstre/eval/grid__combined__seed0__epoch_030__r32_G0__probes__f32.jsonl,recalibrated
resolution_max_b1_gaussian_conv,0,0.4,0.1,2.0255511474609373,2.048173583984375,maxmonstre/eval/grid__combined__seed0__epoch_030__r32_G0__probes__f32.jsonl,recalibrated
resolution_max_b1_gaussian_conv,0,0.4,0.125,2.0551703491210938,2.0842196044921875,maxmonstre/eval/grid__combined__seed0__epoch_030__r32_G0__probes__f32.jsonl,recalibrated
resolution_max_b1_gaussian_conv,0,0.4,0.15,2.0941622314453125,2.1284239501953124,maxmonstre/eval/grid__combined__seed0__epoch_030__r32_G0__probes__f32.jsonl,recalibrated
resolution_max_b1_gaussian_conv,0,0.4,0.175,2.1390467529296875,2.17825732421875,maxmonstre/eval/grid__combined__seed0__epoch_030__r32_G0__probes__f32.jsonl,recalibrated
resolution_max_b1_gaussian_conv,0,0.4,0.2,2.189768432617188,2.2304234619140626,maxmonstre/eval/grid__combined__seed0__epoch_030__r32_G0__probes__f32.jsonl,recalibrated
resolution_max_b1_gaussian_conv,0,0.4,0.225,2.247712158203125,2.287607177734375,maxmonstre/eval/grid__combined__seed0__epoch_030__r32_G0__probes__f32.jsonl,recalibrated
resolution_max_b1_gaussian_conv,0,0.4,0.25,2.31098046875,2.347925048828125,maxmonstre/eval/grid__combined__seed0__epoch_030__r32_G0__probes__f32.jsonl,recalibrated
resolution_max_b1_gaussian_conv,0,0.4,0.275,2.381519897460937,2.411558837890625,maxmonstre/eval/grid__combined__seed0__epoch_030__r32_G0__probes__f32.jsonl,recalibrated
resolution_max_b1_gaussian_conv,0,0.4,0.3,2.454253173828125,2.47879931640625,maxmonstre/eval/grid__combined__seed0__epoch_030__r32_G0__probes__f32.jsonl,recalibrated
resolution_max_b1_gaussian_conv,0,0.4,0.325,2.5307916259765624,2.547519897460937,maxmonstre/eval/grid__combined__seed0__epoch_030__r32_G0__probes__f32.jsonl,recalibrated
resolution_max_b1_gaussian_conv,0,0.4,0.35,2.6079501953125,2.6155269775390626,maxmonstre/eval/grid__combined__seed0__epoch_030__r32_G0__probes__f32.jsonl,recalibrated
resolution_max_b1_gaussian_conv,0,0.4,0.375,2.682339111328125,2.6819295654296877,maxmonstre/eval/grid__combined__seed0__epoch_030__r32_G0__probes__f32.jsonl,recalibrated
resolution_max_b1_gaussian_conv,0,0.4,0.4,2.7538492431640624,2.748977783203125,maxmonstre/eval/grid__combined__seed0__epoch_030__r32_G0__probes__f32.jsonl,recalibrated
resolution_max_b1_gaussian_conv,0,0.4,0.425,2.821723388671875,2.813823852539062,maxmonstre/eval/grid__combined__seed0__epoch_030__r32_G0__probes__f32.jsonl,recalibrated
resolution_max_b1_gaussian_conv,0,0.4,0.45,2.890148193359375,2.872646484375,maxmonstre/eval/grid__combined__seed0__epoch_030__r32_G0__probes__f32.jsonl,recalibrated
resolution_max_b1_gaussian_conv,0,0.4,0.475,2.9617615966796875,2.9288040771484374,maxmonstre/eval/grid__combined__seed0__epoch_030__r32_G0__probes__f32.jsonl,recalibrated
resolution_max_b1_gaussian_conv,0,0.4,0.5,3.0331065673828124,2.9864219970703125,maxmonstre/eval/grid__combined__seed0__epoch_030__r32_G0__probes__f32.jsonl,recalibrated
resolution_max_b1_gaussian_conv,0,0.425,-0.5,3.311531494140625,3.3987786865234373,maxmonstre/eval/grid__combined__seed0__epoch_030__r32_G0__probes__f32.jsonl,recalibrated
resolution_max_b1_gaussian_conv,0,0.425,-0.475,3.22884130859375,3.3100213623046875,maxmonstre/eval/grid__combined__seed0__epoch_030__r32_G0__probes__f32.jsonl,recalibrated
resolution_max_b1_gaussian_conv,0,0.425,-0.45,3.1465379638671878,3.22262744140625,maxmonstre/eval/grid__combined__seed0__epoch_030__r32_G0__probes__f32.jsonl,recalibrated
resolution_max_b1_gaussian_conv,0,0.425,-0.425,3.0718751220703124,3.138073120117188,maxmonstre/eval/grid__combined__seed0__epoch_030__r32_G0__probes__f32.jsonl,recalibrated
resolution_max_b1_gaussian_conv,0,0.425,-0.4,2.99968359375,3.0531065673828124,maxmonstre/eval/grid__combined__seed0__epoch_030__r32_G0__probes__f32.jsonl,recalibrated
resolution_max_b1_gaussian_conv,0,0.425,-0.375,2.925860107421875,2.97392578125,maxmonstre/eval/grid__combined__seed0__epoch_030__r32_G0__probes__f32.jsonl,recalibrated
resolution_max_b1_gaussian_conv,0,0.425,-0.35,2.8502864990234373,2.8994967041015625,maxmonstre/eval/grid__combined__seed0__epoch_030__r32_G0__probes__f32.jsonl,recalibrated
resolution_max_b1_gaussian_conv,0,0.425,-0.325,2.7758214111328123,2.829694702148437,maxmonstre/eval/grid__combined__seed0__epoch_030__r32_G0__probes__f32.jsonl,recalibrated
resolution_max_b1_gaussian_conv,0,0.425,-0.3,2.7066690673828124,2.764753784179688,maxmonstre/eval/grid__combined__seed0__epoch_030__r32_G0__probes__f32.jsonl,recalibrated
resolution_max_b1_gaussian_conv,0,0.425,-0.275,2.638192626953125,2.700152099609375,maxmonstre/eval/grid__combined__seed0__epoch_030__r32_G0__probes__f32.jsonl,recalibrated
resolution_max_b1_gaussian_conv,0,0.425,-0.25,2.568412109375,2.63493359375,maxmonstre/eval/grid__combined__seed0__epoch_030__r32_G0__probes__f32.jsonl,recalibrated
resolution_max_b1_gaussian_conv,0,0.425,-0.225,2.500823974609375,2.56774072265625,maxmonstre/eval/grid__combined__seed0__epoch_030__r32_G0__probes__f32.jsonl,recalibrated
resolution_max_b1_gaussian_conv,0,0.425,-0.2,2.4392998046875,2.50261767578125,maxmonstre/eval/grid__combined__seed0__epoch_030__r32_G0__probes__f32.jsonl,recalibrated
resolution_max_b1_gaussian_conv,0,0.425,-0.175,2.3780318603515624,2.44010546875,maxmonstre/eval/grid__combined__seed0__epoch_030__r32_G0__probes__f32.jsonl,recalibrated
resolution_max_b1_gaussian_conv,0,0.425,-0.15,2.316368408203125,2.3798934326171874,maxmonstre/eval/grid__combined__seed0__epoch_030__r32_G0__probes__f32.jsonl,recalibrated
resolution_max_b1_gaussian_conv,0,0.425,-0.125,2.261748046875,2.322614990234375,maxmonstre/eval/grid__combined__seed0__epoch_030__r32_G0__probes__f32.jsonl,recalibrated
resolution_max_b1_gaussian_conv,0,0.425,-0.1,2.214873046875,2.271218994140625,maxmonstre/eval/grid__combined__seed0__epoch_030__r32_G0__probes__f32.jsonl,recalibrated
resolution_max_b1_gaussian_conv,0,0.425,-0.075,2.1777086181640626,2.22824462890625,maxmonstre/eval/grid__combined__seed0__epoch_030__r32_G0__probes__f32.jsonl,recalibrated
resolution_max_b1_gaussian_conv,0,0.425,-0.05,2.15252783203125,2.1959443359375,maxmonstre/eval/grid__combined__seed0__epoch_030__r32_G0__probes__f32.jsonl,recalibrated
resolution_max_b1_gaussian_conv,0,0.425,-0.025,2.1355181884765626,2.1678914794921877,maxmonstre/eval/grid__combined__seed0__epoch_030__r32_G0__probes__f32.jsonl,recalibrated
resolution_max_b1_gaussian_conv,0,0.425,0.0,2.1254967041015624,2.14874609375,maxmonstre/eval/grid__combined__seed0__epoch_030__r32_G0__probes__f32.jsonl,recalibrated
resolution_max_b1_gaussian_conv,0,0.425,0.025,2.1247646484375,2.1387935791015624,maxmonstre/eval/grid__combined__seed0__epoch_030__r32_G0__probes__f32.jsonl,recalibrated
resolution_max_b1_gaussian_conv,0,0.425,0.05,2.13264111328125,2.1415150146484376,maxmonstre/eval/grid__combined__seed0__epoch_030__r32_G0__probes__f32.jsonl,recalibrated
resolution_max_b1_gaussian_conv,0,0.425,0.075,2.146687255859375,2.15741259765625,maxmonstre/eval/grid__combined__seed0__epoch_030__r32_G0__probes__f32.jsonl,recalibrated
resolution_max_b1_gaussian_conv,0,0.425,0.1,2.16713525390625,2.18198193359375,maxmonstre/eval/grid__combined__seed0__epoch_030__r32_G0__probes__f32.jsonl,recalibrated
resolution_max_b1_gaussian_conv,0,0.425,0.125,2.1938477783203125,2.214303955078125,maxmonstre/eval/grid__combined__seed0__epoch_030__r32_G0__probes__f32.jsonl,recalibrated
resolution_max_b1_gaussian_conv,0,0.425,0.15,2.2296827392578127,2.252603393554688,maxmonstre/eval/grid__combined__seed0__epoch_030__r32_G0__probes__f32.jsonl,recalibrated
resolution_max_b1_gaussian_conv,0,0.425,0.175,2.2718896484375,2.29778173828125,maxmonstre/eval/grid__combined__seed0__epoch_030__r32_G0__probes__f32.jsonl,recalibrated
resolution_max_b1_gaussian_conv,0,0.425,0.2,2.319498291015625,2.3486583251953124,maxmonstre/eval/grid__combined__seed0__epoch_030__r32_G0__probes__f32.jsonl,recalibrated
resolution_max_b1_gaussian_conv,0,0.425,0.225,2.375412109375,2.400189453125,maxmonstre/eval/grid__combined__seed0__epoch_030__r32_G0__probes__f32.jsonl,recalibrated
resolution_max_b1_gaussian_conv,0,0.425,0.25,2.437430419921875,2.455385498046875,maxmonstre/eval/grid__combined__seed0__epoch_030__r32_G0__probes__f32.jsonl,recalibrated
resolution_max_b1_gaussian_conv,0,0.425,0.275,2.5032081298828124,2.514857177734375,maxmonstre/eval/grid__combined__seed0__epoch_030__r32_G0__probes__f32.jsonl,recalibrated
resolution_max_b1_gaussian_conv,0,0.425,0.3,2.572259765625,2.57748583984375,maxmonstre/eval/grid__combined__seed0__epoch_030__r32_G0__probes__f32.jsonl,recalibrated
resolution_max_b1_gaussian_conv,0,0.425,0.325,2.64401318359375,2.640772705078125,maxmonstre/eval/grid__combined__seed0__epoch_030__r32_G0__probes__f32.jsonl,recalibrated
resolution_max_b1_gaussian_conv,0,0.425,0.35,2.71497900390625,2.703322021484375,maxmonstre/eval/grid__combined__seed0__epoch_030__r32_G0__probes__f32.jsonl,recalibrated
resolution_max_b1_gaussian_conv,0,0.425,0.375,2.7848892822265623,2.7654765625,maxmonstre/eval/grid__combined__seed0__epoch_030__r32_G0__probes__f32.jsonl,recalibrated
resolution_max_b1_gaussian_conv,0,0.425,0.4,2.854214721679688,2.8284647216796874,maxmonstre/eval/grid__combined__seed0__epoch_030__r32_G0__probes__f32.jsonl,recalibrated
resolution_max_b1_gaussian_conv,0,0.425,0.425,2.91852783203125,2.890109375,maxmonstre/eval/grid__combined__seed0__epoch_030__r32_G0__probes__f32.jsonl,recalibrated
resolution_max_b1_gaussian_conv,0,0.425,0.45,2.97899365234375,2.9498585205078127,maxmonstre/eval/grid__combined__seed0__epoch_030__r32_G0__probes__f32.jsonl,recalibrated
resolution_max_b1_gaussian_conv,0,0.425,0.475,3.044071044921875,3.0067431640625,maxmonstre/eval/grid__combined__seed0__epoch_030__r32_G0__probes__f32.jsonl,recalibrated
resolution_max_b1_gaussian_conv,0,0.425,0.5,3.111537841796875,3.0638812255859373,maxmonstre/eval/grid__combined__seed0__epoch_030__r32_G0__probes__f32.jsonl,recalibrated
resolution_max_b1_gaussian_conv,0,0.45,-0.5,3.342795776367188,3.426143798828125,maxmonstre/eval/grid__combined__seed0__epoch_030__r32_G0__probes__f32.jsonl,recalibrated
resolution_max_b1_gaussian_conv,0,0.45,-0.475,3.26455126953125,3.344636474609375,maxmonstre/eval/grid__combined__seed0__epoch_030__r32_G0__probes__f32.jsonl,recalibrated
resolution_max_b1_gaussian_conv,0,0.45,-0.45,3.18874072265625,3.267136474609375,maxmonstre/eval/grid__combined__seed0__epoch_030__r32_G0__probes__f32.jsonl,recalibrated
resolution_max_b1_gaussian_conv,0,0.45,-0.425,3.1190439453125,3.189289306640625,maxmonstre/eval/grid__combined__seed0__epoch_030__r32_G0__probes__f32.jsonl,recalibrated
resolution_max_b1_gaussian_conv,0,0.45,-0.4,3.0529217529296875,3.1126156005859373,maxmonstre/eval/grid__combined__seed0__epoch_030__r32_G0__probes__f32.jsonl,recalibrated
resolution_max_b1_gaussian_conv,0,0.45,-0.375,2.9856636962890626,3.041249267578125,maxmonstre/eval/grid__combined__seed0__epoch_030__r32_G0__probes__f32.jsonl,recalibrated
resolution_max_b1_gaussian_conv,0,0.45,-0.35,2.91802099609375,2.974008422851562,maxmonstre/eval/grid__combined__seed0__epoch_030__r32_G0__probes__f32.jsonl,recalibrated
resolution_max_b1_gaussian_conv,0,0.45,-0.325,2.85322412109375,2.911520874023437,maxmonstre/eval/grid__combined__seed0__epoch_030__r32_G0__probes__f32.jsonl,recalibrated
resolution_max_b1_gaussian_conv,0,0.45,-0.3,2.791292846679688,2.8536947021484376,maxmonstre/eval/grid__combined__seed0__epoch_030__r32_G0__probes__f32.jsonl,recalibrated
resolution_max_b1_gaussian_conv,0,0.45,-0.275,2.7297958984375,2.793947509765625,maxmonstre/eval/grid__combined__seed0__epoch_030__r32_G0__probes__f32.jsonl,recalibrated
resolution_max_b1_gaussian_conv,0,0.45,-0.25,2.66746875,2.7359515380859376,maxmonstre/eval/grid__combined__seed0__epoch_030__r32_G0__probes__f32.jsonl,recalibrated
resolution_max_b1_gaussian_conv,0,0.45,-0.225,2.6089346923828125,2.67442333984375,maxmonstre/eval/grid__combined__seed0__epoch_030__r32_G0__probes__f32.jsonl,recalibrated
resolution_max_b1_gaussian_conv,0,0.45,-0.2,2.556183349609375,2.616758056640625,maxmonstre/eval/grid__combined__seed0__epoch_030__r32_G0__probes__f32.jsonl,recalibrated
resolution_max_b1_gaussian_conv,0,0.45,-0.175,2.501873046875,2.56074658203125,maxmonstre/eval/grid__combined__seed0__epoch_030__r32_G0__probes__f32.jsonl,recalibrated
resolution_max_b1_gaussian_conv,0,0.45,-0.15,2.445897338867188,2.508801513671875,maxmonstre/eval/grid__combined__seed0__epoch_030__r32_G0__probes__f32.jsonl,recalibrated
resolution_max_b1_gaussian_conv,0,0.45,-0.125,2.396027099609375,2.460026611328125,maxmonstre/eval/grid__combined__seed0__epoch_030__r32_G0__probes__f32.jsonl,recalibrated
resolution_max_b1_gaussian_conv,0,0.45,-0.1,2.354622802734375,2.4130771484375,maxmonstre/eval/grid__combined__seed0__epoch_030__r32_G0__probes__f32.jsonl,recalibrated
resolution_max_b1_gaussian_conv,0,0.45,-0.075,2.318184814453125,2.372502685546875,maxmonstre/eval/grid__combined__seed0__epoch_030__r32_G0__probes__f32.jsonl,recalibrated
resolution_max_b1_gaussian_conv,0,0.45,-0.05,2.292120849609375,2.3404478759765626,maxmonstre/eval/grid__combined__seed0__epoch_030__r32_G0__probes__f32.jsonl,recalibrated
resolution_max_b1_gaussian_conv,0,0.45,-0.025,2.2734713134765623,2.312918823242188,maxmonstre/eval/grid__combined__seed0__epoch_030__r32_G0__probes__f32.jsonl,recalibrated
resolution_max_b1_gaussian_conv,0,0.45,0.0,2.2638350830078124,2.2927498779296878,maxmonstre/eval/grid__combined__seed0__epoch_030__r32_G0__probes__f32.jsonl,recalibrated
resolution_max_b1_gaussian_conv,0,0.45,0.025,2.2636002197265626,2.2805185546875,maxmonstre/eval/grid__combined__seed0__epoch_030__r32_G0__probes__f32.jsonl,recalibrated
resolution_max_b1_gaussian_conv,0,0.45,0.05,2.270604736328125,2.28026416015625,maxmonstre/eval/grid__combined__seed0__epoch_030__r32_G0__probes__f32.jsonl,recalibrated
resolution_max_b1_gaussian_conv,0,0.45,0.075,2.282290771484375,2.292856201171875,maxmonstre/eval/grid__combined__seed0__epoch_030__r32_G0__probes__f32.jsonl,recalibrated
resolution_max_b1_gaussian_conv,0,0.45,0.1,2.301050537109375,2.3139068603515627,maxmonstre/eval/grid__combined__seed0__epoch_030__r32_G0__probes__f32.jsonl,recalibrated
resolution_max_b1_gaussian_conv,0,0.45,0.125,2.326723022460937,2.340352294921875,maxmonstre/eval/grid__combined__seed0__epoch_030__r32_G0__probes__f32.jsonl,recalibrated
resolution_max_b1_gaussian_conv,0,0.45,0.15,2.358580932617188,2.3734818115234373,maxmonstre/eval/grid__combined__seed0__epoch_030__r32_G0__probes__f32.jsonl,recalibrated
resolution_max_b1_gaussian_conv,0,0.45,0.175,2.3973262939453126,2.414958862304688,maxmonstre/eval/grid__combined__seed0__epoch_030__r32_G0__probes__f32.jsonl,recalibrated
resolution_max_b1_gaussian_conv,0,0.45,0.2,2.444141357421875,2.464536865234375,maxmonstre/eval/grid__combined__seed0__epoch_030__r32_G0__probes__f32.jsonl,recalibrated
resolution_max_b1_gaussian_conv,0,0.45,0.225,2.498281982421875,2.513583251953125,maxmonstre/eval/grid__combined__seed0__epoch_030__r32_G0__probes__f32.jsonl,recalibrated
resolution_max_b1_gaussian_conv,0,0.45,0.25,2.559218017578125,2.5654625244140625,maxmonstre/eval/grid__combined__seed0__epoch_030__r32_G0__probes__f32.jsonl,recalibrated
resolution_max_b1_gaussian_conv,0,0.45,0.275,2.62120458984375,2.619246337890625,maxmonstre/eval/grid__combined__seed0__epoch_030__r32_G0__probes__f32.jsonl,recalibrated
resolution_max_b1_gaussian_conv,0,0.45,0.3,2.687192749023437,2.675122314453125,maxmonstre/eval/grid__combined__seed0__epoch_030__r32_G0__probes__f32.jsonl,recalibrated
resolution_max_b1_gaussian_conv,0,0.45,0.325,2.7524599609375,2.7311610107421878,maxmonstre/eval/grid__combined__seed0__epoch_030__r32_G0__probes__f32.jsonl,recalibrated
resolution_max_b1_gaussian_conv,0,0.45,0.35,2.81745458984375,2.78998583984375,maxmonstre/eval/grid__combined__seed0__epoch_030__r32_G0__probes__f32.jsonl,recalibrated
resolution_max_b1_gaussian_conv,0,0.45,0.375,2.881424072265625,2.8474659423828124,maxmonstre/eval/grid__combined__seed0__epoch_030__r32_G0__probes__f32.jsonl,recalibrated
resolution_max_b1_gaussian_conv,0,0.45,0.4,2.9453831787109377,2.905227294921875,maxmonstre/eval/grid__combined__seed0__epoch_030__r32_G0__probes__f32.jsonl,recalibrated
resolution_max_b1_gaussian_conv,0,0.45,0.425,3.006768676757813,2.9637589111328126,maxmonstre/eval/grid__combined__seed0__epoch_030__r32_G0__probes__f32.jsonl,recalibrated
resolution_max_b1_gaussian_conv,0,0.45,0.45,3.06432666015625,3.022410522460937,maxmonstre/eval/grid__combined__seed0__epoch_030__r32_G0__probes__f32.jsonl,recalibrated
resolution_max_b1_gaussian_conv,0,0.45,0.475,3.12552783203125,3.0795189208984377,maxmonstre/eval/grid__combined__seed0__epoch_030__r32_G0__probes__f32.jsonl,recalibrated
resolution_max_b1_gaussian_conv,0,0.45,0.5,3.18906884765625,3.1372852783203125,maxmonstre/eval/grid__combined__seed0__epoch_030__r32_G0__probes__f32.jsonl,recalibrated
resolution_max_b1_gaussian_conv,0,0.475,-0.5,3.3716627197265625,3.4506539306640627,maxmonstre/eval/grid__combined__seed0__epoch_030__r32_G0__probes__f32.jsonl,recalibrated
resolution_max_b1_gaussian_conv,0,0.475,-0.475,3.299142822265625,3.3752197265625,maxmonstre/eval/grid__combined__seed0__epoch_030__r32_G0__probes__f32.jsonl,recalibrated
resolution_max_b1_gaussian_conv,0,0.475,-0.45,3.228458984375,3.302996948242188,maxmonstre/eval/grid__combined__seed0__epoch_030__r32_G0__probes__f32.jsonl,recalibrated
resolution_max_b1_gaussian_conv,0,0.475,-0.425,3.1622442626953124,3.233493408203125,maxmonstre/eval/grid__combined__seed0__epoch_030__r32_G0__probes__f32.jsonl,recalibrated
resolution_max_b1_gaussian_conv,0,0.475,-0.4,3.1001292724609373,3.16763720703125,maxmonstre/eval/grid__combined__seed0__epoch_030__r32_G0__probes__f32.jsonl,recalibrated
resolution_max_b1_gaussian_conv,0,0.475,-0.375,3.037528076171875,3.10498974609375,maxmonstre/eval/grid__combined__seed0__epoch_030__r32_G0__probes__f32.jsonl,recalibrated
resolution_max_b1_gaussian_conv,0,0.475,-0.35,2.97624658203125,3.046729370117188,maxmonstre/eval/grid__combined__seed0__epoch_030__r32_G0__probes__f32.jsonl,recalibrated
resolution_max_b1_gaussian_conv,0,0.475,-0.325,2.9195782470703127,2.990912109375,maxmonstre/eval/grid__combined__seed0__epoch_030__r32_G0__probes__f32.jsonl,recalibrated
resolution_max_b1_gaussian_conv,0,0.475,-0.3,2.8657109375,2.9375382080078123,maxmonstre/eval/grid__combined__seed0__epoch_030__r32_G0__probes__f32.jsonl,recalibrated
resolution_max_b1_gaussian_conv,0,0.475,-0.275,2.809762084960937,2.8820048828125,maxmonstre/eval/grid__combined__seed0__epoch_030__r32_G0__probes__f32.jsonl,recalibrated
resolution_max_b1_gaussian_conv,0,0.475,-0.25,2.7567154541015624,2.83035791015625,maxmonstre/eval/grid__combined__seed0__epoch_030__r32_G0__probes__f32.jsonl,recalibrated
resolution_max_b1_gaussian_conv,0,0.475,-0.225,2.70719873046875,2.7797484130859376,maxmonstre/eval/grid__combined__seed0__epoch_030__r32_G0__probes__f32.jsonl,recalibrated
resolution_max_b1_gaussian_conv,0,0.475,-0.2,2.662338745117188,2.7271826171875,maxmonstre/eval/grid__combined__seed0__epoch_030__r32_G0__probes__f32.jsonl,recalibrated
resolution_max_b1_gaussian_conv,0,0.475,-0.175,2.6150682373046874,2.679103637695313,maxmonstre/eval/grid__combined__seed0__epoch_030__r32_G0__probes__f32.jsonl,recalibrated
resolution_max_b1_gaussian_conv,0,0.475,-0.15,2.56701806640625,2.633025634765625,maxmonstre/eval/grid__combined__seed0__epoch_030__r32_G0__probes__f32.jsonl,recalibrated
resolution_max_b1_gaussian_conv,0,0.475,-0.125,2.523514404296875,2.59002197265625,maxmonstre/eval/grid__combined__seed0__epoch_030__r32_G0__probes__f32.jsonl,recalibrated
resolution_max_b1_gaussian_conv,0,0.475,-0.1,2.48722216796875,2.549515380859375,maxmonstre/eval/grid__combined__seed0__epoch_030__r32_G0__probes__f32.jsonl,recalibrated
resolution_max_b1_gaussian_conv,0,0.475,-0.075,2.452498291015625,2.512069580078125,maxmonstre/eval/grid__combined__seed0__epoch_030__r32_G0__probes__f32.jsonl,recalibrated
resolution_max_b1_gaussian_conv,0,0.475,-0.05,2.4247974853515624,2.481115478515625,maxmonstre/eval/grid__combined__seed0__epoch_030__r32_G0__probes__f32.jsonl,recalibrated
resolution_max_b1_gaussian_conv,0,0.475,-0.025,2.4067916259765627,2.4544527587890625,maxmonstre/eval/grid__combined__seed0__epoch_030__r32_G0__probes__f32.jsonl,recalibrated
resolution_max_b1_gaussian_conv,0,0.475,0.0,2.398541748046875,2.433879760742188,maxmonstre/eval/grid__combined__seed0__epoch_030__r32_G0__probes__f32.jsonl,recalibrated
resolution_max_b1_gaussian_conv,0,0.475,0.025,2.398966064453125,2.4200045166015625,maxmonstre/eval/grid__combined__seed0__epoch_030__r32_G0__probes__f32.jsonl,recalibrated
resolution_max_b1_gaussian_conv,0,0.475,0.05,2.40169482421875,2.416656982421875,maxmonstre/eval/grid__combined__seed0__epoch_030__r32_G0__probes__f32.jsonl,recalibrated
resolution_max_b1_gaussian_conv,0,0.475,0.075,2.41277392578125,2.42553271484375,maxmonstre/eval/grid__combined__seed0__epoch_030__r32_G0__probes__f32.jsonl,recalibrated
resolution_max_b1_gaussian_conv,0,0.475,0.1,2.432536987304688,2.441859375,maxmonstre/eval/grid__combined__seed0__epoch_030__r32_G0__probes__f32.jsonl,recalibrated
resolution_max_b1_gaussian_conv,0,0.475,0.125,2.45685205078125,2.463161376953125,maxmonstre/eval/grid__combined__seed0__epoch_030__r32_G0__probes__f32.jsonl,recalibrated
resolution_max_b1_gaussian_conv,0,0.475,0.15,2.4862884521484374,2.496425048828125,maxmonstre/eval/grid__combined__seed0__epoch_030__r32_G0__probes__f32.jsonl,recalibrated
resolution_max_b1_gaussian_conv,0,0.475,0.175,2.5206292724609374,2.535472045898437,maxmonstre/eval/grid__combined__seed0__epoch_030__r32_G0__probes__f32.jsonl,recalibrated
resolution_max_b1_gaussian_conv,0,0.475,0.2,2.564984619140625,2.579190307617188,maxmonstre/eval/grid__combined__seed0__epoch_030__r32_G0__probes__f32.jsonl,recalibrated
resolution_max_b1_gaussian_conv,0,0.475,0.225,2.617156616210937,2.62489404296875,maxmonstre/eval/grid__combined__seed0__epoch_030__r32_G0__probes__f32.jsonl,recalibrated
resolution_max_b1_gaussian_conv,0,0.475,0.25,2.672896240234375,2.673906616210937,maxmonstre/eval/grid__combined__seed0__epoch_030__r32_G0__probes__f32.jsonl,recalibrated
resolution_max_b1_gaussian_conv,0,0.475,0.275,2.732179443359375,2.72224072265625,maxmonstre/eval/grid__combined__seed0__epoch_030__r32_G0__probes__f32.jsonl,recalibrated
resolution_max_b1_gaussian_conv,0,0.475,0.3,2.793934326171875,2.77181298828125,maxmonstre/eval/grid__combined__seed0__epoch_030__r32_G0__probes__f32.jsonl,recalibrated
resolution_max_b1_gaussian_conv,0,0.475,0.325,2.8543798828125,2.8233507080078124,maxmonstre/eval/grid__combined__seed0__epoch_030__r32_G0__probes__f32.jsonl,recalibrated
resolution_max_b1_gaussian_conv,0,0.475,0.35,2.9141629638671875,2.87717236328125,maxmonstre/eval/grid__combined__seed0__epoch_030__r32_G0__probes__f32.jsonl,recalibrated
resolution_max_b1_gaussian_conv,0,0.475,0.375,2.973262573242188,2.9289395751953125,maxmonstre/eval/grid__combined__seed0__epoch_030__r32_G0__probes__f32.jsonl,recalibrated
resolution_max_b1_gaussian_conv,0,0.475,0.4,3.032743408203125,2.982486328125,maxmonstre/eval/grid__combined__seed0__epoch_030__r32_G0__probes__f32.jsonl,recalibrated
resolution_max_b1_gaussian_conv,0,0.475,0.425,3.0910107421875,3.036704223632813,maxmonstre/eval/grid__combined__seed0__epoch_030__r32_G0__probes__f32.jsonl,recalibrated
resolution_max_b1_gaussian_conv,0,0.475,0.45,3.1473009033203123,3.0927159423828123,maxmonstre/eval/grid__combined__seed0__epoch_030__r32_G0__probes__f32.jsonl,recalibrated
resolution_max_b1_gaussian_conv,0,0.475,0.475,3.205556640625,3.14964892578125,maxmonstre/eval/grid__combined__seed0__epoch_030__r32_G0__probes__f32.jsonl,recalibrated
resolution_max_b1_gaussian_conv,0,0.475,0.5,3.2651580810546874,3.2085247802734376,maxmonstre/eval/grid__combined__seed0__epoch_030__r32_G0__probes__f32.jsonl,recalibrated
resolution_max_b1_gaussian_conv,0,0.5,-0.5,3.400251220703125,3.472923095703125,maxmonstre/eval/grid__combined__seed0__epoch_030__r32_G0__probes__f32.jsonl,recalibrated
resolution_max_b1_gaussian_conv,0,0.5,-0.475,3.331665649414062,3.4036685791015624,maxmonstre/eval/grid__combined__seed0__epoch_030__r32_G0__probes__f32.jsonl,recalibrated
resolution_max_b1_gaussian_conv,0,0.5,-0.45,3.2652755126953124,3.338294799804688,maxmonstre/eval/grid__combined__seed0__epoch_030__r32_G0__probes__f32.jsonl,recalibrated
resolution_max_b1_gaussian_conv,0,0.5,-0.425,3.201512084960937,3.2775328369140624,maxmonstre/eval/grid__combined__seed0__epoch_030__r32_G0__probes__f32.jsonl,recalibrated
resolution_max_b1_gaussian_conv,0,0.5,-0.4,3.142205322265625,3.220661010742188,maxmonstre/eval/grid__combined__seed0__epoch_030__r32_G0__probes__f32.jsonl,recalibrated
resolution_max_b1_gaussian_conv,0,0.5,-0.375,3.086440673828125,3.165553955078125,maxmonstre/eval/grid__combined__seed0__epoch_030__r32_G0__probes__f32.jsonl,recalibrated
resolution_max_b1_gaussian_conv,0,0.5,-0.35,3.0324912109375,3.112638549804688,maxmonstre/eval/grid__combined__seed0__epoch_030__r32_G0__probes__f32.jsonl,recalibrated
resolution_max_b1_gaussian_conv,0,0.5,-0.325,2.98295263671875,3.0636944580078125,maxmonstre/eval/grid__combined__seed0__epoch_030__r32_G0__probes__f32.jsonl,recalibrated
resolution_max_b1_gaussian_conv,0,0.5,-0.3,2.93478759765625,3.0161767578125,maxmonstre/eval/grid__combined__seed0__epoch_030__r32_G0__probes__f32.jsonl,recalibrated
resolution_max_b1_gaussian_conv,0,0.5,-0.275,2.8861839599609374,2.967657104492188,maxmonstre/eval/grid__combined__seed0__epoch_030__r32_G0__probes__f32.jsonl,recalibrated
resolution_max_b1_gaussian_conv,0,0.5,-0.25,2.840272216796875,2.921808471679688,maxmonstre/eval/grid__combined__seed0__epoch_030__r32_G0__probes__f32.jsonl,recalibrated
resolution_max_b1_gaussian_conv,0,0.5,-0.225,2.79822265625,2.879579833984375,maxmonstre/eval/grid__combined__seed0__epoch_030__r32_G0__probes__f32.jsonl,recalibrated
resolution_max_b1_gaussian_conv,0,0.5,-0.2,2.75995361328125,2.8368612060546874,maxmonstre/eval/grid__combined__seed0__epoch_030__r32_G0__probes__f32.jsonl,recalibrated
resolution_max_b1_gaussian_conv,0,0.5,-0.175,2.71942333984375,2.7958201904296875,maxmonstre/eval/grid__combined__seed0__epoch_030__r32_G0__probes__f32.jsonl,recalibrated
resolution_max_b1_gaussian_conv,0,0.5,-0.15,2.678704956054688,2.753736083984375,maxmonstre/eval/grid__combined__seed0__epoch_030__r32_G0__probes__f32.jsonl,recalibrated
resolution_max_b1_gaussian_conv,0,0.5,-0.125,2.640488525390625,2.7136290283203124,maxmonstre/eval/grid__combined__seed0__epoch_030__r32_G0__probes__f32.jsonl,recalibrated
resolution_max_b1_gaussian_conv,0,0.5,-0.1,2.6071279296875,2.6774991455078125,maxmonstre/eval/grid__combined__seed0__epoch_030__r32_G0__probes__f32.jsonl,recalibrated
resolution_max_b1_gaussian_conv,0,0.5,-0.075,2.5750234375,2.64359326171875,maxmonstre/eval/grid__combined__seed0__epoch_030__r32_G0__probes__f32.jsonl,recalibrated
resolution_max_b1_gaussian_conv,0,0.5,-0.05,2.5520406494140624,2.61581689453125,maxmonstre/eval/grid__combined__seed0__epoch_030__r32_G0__probes__f32.jsonl,recalibrated
resolution_max_b1_gaussian_conv,0,0.5,-0.025,2.53607421875,2.5920299072265625,maxmonstre/eval/grid__combined__seed0__epoch_030__r32_G0__probes__f32.jsonl,recalibrated
resolution_max_b1_gaussian_conv,0,0.5,0.0,2.52830029296875,2.57025732421875,maxmonstre/eval/grid__combined__seed0__epoch_030__r32_G0__probes__f32.jsonl,recalibrated
resolution_max_b1_gaussian_conv,0,0.5,0.025,2.525693115234375,2.554109375,maxmonstre/eval/grid__combined__seed0__epoch_030__r32_G0__probes__f32.jsonl,recalibrated
resolution_max_b1_gaussian_conv,0,0.5,0.05,2.527328491210937,2.54993603515625,maxmonstre/eval/grid__combined__seed0__epoch_030__r32_G0__probes__f32.jsonl,recalibrated
resolution_max_b1_gaussian_conv,0,0.5,0.075,2.536862548828125,2.555775634765625,maxmonstre/eval/grid__combined__seed0__epoch_030__r32_G0__probes__f32.jsonl,recalibrated
resolution_max_b1_gaussian_conv,0,0.5,0.1,2.56040771484375,2.56709033203125,maxmonstre/eval/grid__combined__seed0__epoch_030__r32_G0__probes__f32.jsonl,recalibrated
resolution_max_b1_gaussian_conv,0,0.5,0.125,2.5868294677734376,2.58669677734375,maxmonstre/eval/grid__combined__seed0__epoch_030__r32_G0__probes__f32.jsonl,recalibrated
resolution_max_b1_gaussian_conv,0,0.5,0.15,2.613002685546875,2.617114013671875,maxmonstre/eval/grid__combined__seed0__epoch_030__r32_G0__probes__f32.jsonl,recalibrated
resolution_max_b1_gaussian_conv,0,0.5,0.175,2.64593603515625,2.6516065673828124,maxmonstre/eval/grid__combined__seed0__epoch_030__r32_G0__probes__f32.jsonl,recalibrated
resolution_max_b1_gaussian_conv,0,0.5,0.2,2.685388916015625,2.690191650390625,maxmonstre/eval/grid__combined__seed0__epoch_030__r32_G0__probes__f32.jsonl,recalibrated
resolution_max_b1_gaussian_conv,0,0.5,0.225,2.732164916992188,2.73311279296875,maxmonstre/eval/grid__combined__seed0__epoch_030__r32_G0__probes__f32.jsonl,recalibrated
resolution_max_b1_gaussian_conv,0,0.5,0.25,2.7835390625,2.7767294921875,maxmonstre/eval/grid__combined__seed0__epoch_030__r32_G0__probes__f32.jsonl,recalibrated
resolution_max_b1_gaussian_conv,0,0.5,0.275,2.8371781005859376,2.8204256591796875,maxmonstre/eval/grid__combined__seed0__epoch_030__r32_G0__probes__f32.jsonl,recalibrated
resolution_max_b1_gaussian_conv,0,0.5,0.3,2.89480126953125,2.866177001953125,maxmonstre/eval/grid__combined__seed0__epoch_030__r32_G0__probes__f32.jsonl,recalibrated
resolution_max_b1_gaussian_conv,0,0.5,0.325,2.953005615234375,2.9140330810546877,maxmonstre/eval/grid__combined__seed0__epoch_030__r32_G0__probes__f32.jsonl,recalibrated
resolution_max_b1_gaussian_conv,0,0.5,0.35,3.005872802734375,2.9597867431640625,maxmonstre/eval/grid__combined__seed0__epoch_030__r32_G0__probes__f32.jsonl,recalibrated
resolution_max_b1_gaussian_conv,0,0.5,0.375,3.059400634765625,3.0081497802734374,maxmonstre/eval/grid__combined__seed0__epoch_030__r32_G0__probes__f32.jsonl,recalibrated
resolution_max_b1_gaussian_conv,0,0.5,0.4,3.1149638671875,3.057999755859375,maxmonstre/eval/grid__combined__seed0__epoch_030__r32_G0__probes__f32.jsonl,recalibrated
resolution_max_b1_gaussian_conv,0,0.5,0.425,3.1723388671875,3.1085223388671874,maxmonstre/eval/grid__combined__seed0__epoch_030__r32_G0__probes__f32.jsonl,recalibrated
resolution_max_b1_gaussian_conv,0,0.5,0.45,3.2282978515625,3.1633558349609374,maxmonstre/eval/grid__combined__seed0__epoch_030__r32_G0__probes__f32.jsonl,recalibrated
resolution_max_b1_gaussian_conv,0,0.5,0.475,3.284406005859375,3.2193162841796874,maxmonstre/eval/grid__combined__seed0__epoch_030__r32_G0__probes__f32.jsonl,recalibrated
resolution_max_b1_gaussian_conv,0,0.5,0.5,3.34122265625,3.27751171875,maxmonstre/eval/grid__combined__seed0__epoch_030__r32_G0__probes__f32.jsonl,recalibrated
